        117201	2026-04-01 05:21:46	1	0	15	0
        110093	2026-04-01 05:29:28	1	0	15	0
        119571	2026-04-01 06:23:28	1	0	15	0
        118750	2026-04-01 06:26:15	1	0	15	0
        110432	2026-04-01 06:26:55	1	0	15	0
        117742	2026-04-01 06:28:03	1	0	15	0
        117983	2026-04-01 06:29:49	1	0	15	0
        110465	2026-04-01 06:31:48	1	0	15	0
        118992	2026-04-01 06:34:47	1	0	15	0
        116835	2026-04-01 06:35:46	1	0	15	0
        116763	2026-04-01 06:36:44	1	0	15	0
        116834	2026-04-01 06:39:57	1	0	15	0
        116902	2026-04-01 06:41:16	1	0	15	0
        116741	2026-04-01 06:41:27	1	0	15	0
        116479	2026-04-01 06:46:18	1	0	15	0
        110424	2026-04-01 06:46:23	1	0	15	0
        117841	2026-04-01 06:47:47	1	0	15	0
        117660	2026-04-01 06:48:25	1	0	15	0
        110574	2026-04-01 06:48:39	1	0	15	0
        117790	2026-04-01 06:49:17	1	0	15	0
        110732	2026-04-01 06:49:30	1	0	15	0
        117972	2026-04-01 06:49:55	1	0	15	0
        117528	2026-04-01 06:49:58	1	0	15	0
        116053	2026-04-01 06:51:07	1	0	15	0
        117770	2026-04-01 06:51:42	1	0	15	0
        117088	2026-04-01 06:51:57	1	0	15	0
        116428	2026-04-01 06:52:14	1	0	15	0
        110421	2026-04-01 06:52:17	1	0	15	0
        110632	2026-04-01 06:52:27	1	0	15	0
        117120	2026-04-01 06:52:45	1	0	15	0
        117046	2026-04-01 06:52:52	1	0	15	0
        117088	2026-04-01 06:53:16	1	0	15	0
        110358	2026-04-01 06:54:18	1	0	15	0
        118782	2026-04-01 06:54:23	1	0	15	0
        119070	2026-04-01 06:55:00	1	0	15	0
        110527	2026-04-01 06:55:35	1	0	15	0
        117837	2026-04-01 06:55:57	1	0	15	0
        110183	2026-04-01 06:56:16	1	0	15	0
        117110	2026-04-01 06:56:28	1	0	15	0
        117595	2026-04-01 06:56:42	1	0	15	0
        118458	2026-04-01 06:56:53	1	0	15	0
        116831	2026-04-01 06:57:01	1	0	15	0
        110535	2026-04-01 06:57:42	1	0	15	0
        117930	2026-04-01 06:57:47	1	0	15	0
        116451	2026-04-01 06:58:22	1	0	15	0
        117042	2026-04-01 06:58:25	1	0	15	0
        117769	2026-04-01 06:59:24	1	0	15	0
        110131	2026-04-01 07:00:15	1	0	15	0
        117543	2026-04-01 07:00:35	1	0	15	0
        110580	2026-04-01 07:01:01	1	0	15	0
        117786	2026-04-01 07:01:11	1	0	15	0
        116914	2026-04-01 07:01:34	1	0	15	0
        117043	2026-04-01 07:02:21	1	0	15	0
        116426	2026-04-01 07:02:23	1	0	15	0
        110633	2026-04-01 07:04:22	1	0	15	0
        116493	2026-04-01 07:10:19	1	0	15	0
        110581	2026-04-01 07:10:54	1	0	15	0
        110197	2026-04-01 07:11:01	1	0	15	0
        110025	2026-04-01 07:11:20	1	0	15	0
        110113	2026-04-01 07:12:02	1	0	15	0
        110077	2026-04-01 07:12:16	1	0	15	0
        117635	2026-04-01 07:14:41	1	0	15	0
        117144	2026-04-01 07:14:48	1	0	15	0
        116274	2026-04-01 07:15:37	1	0	15	0
        116337	2026-04-01 07:15:48	1	0	15	0
        117921	2026-04-01 07:17:28	1	0	15	0
        110088	2026-04-01 07:17:30	1	0	15	0
        117807	2026-04-01 07:17:34	1	0	15	0
        117700	2026-04-01 07:17:48	1	0	15	0
        117133	2026-04-01 07:17:51	1	0	15	0
        110512	2026-04-01 07:18:10	1	0	15	0
        117121	2026-04-01 07:19:04	1	0	15	0
        117162	2026-04-01 07:20:41	1	0	15	0
        117840	2026-04-01 07:20:43	1	0	15	0
        117936	2026-04-01 07:23:38	1	0	15	0
        110144	2026-04-01 07:24:11	1	0	15	0
        117850	2026-04-01 07:24:37	1	0	15	0
        117966	2026-04-01 07:24:41	1	0	15	0
        118702	2026-04-01 07:24:47	1	0	15	0
        117230	2026-04-01 07:26:03	1	0	15	0
        117114	2026-04-01 07:26:38	1	0	15	0
        117716	2026-04-01 07:26:46	1	0	15	0
        117998	2026-04-01 07:26:48	1	0	15	0
        119449	2026-04-01 07:27:00	1	0	15	0
        110090	2026-04-01 07:27:35	1	0	15	0
        118369	2026-04-01 07:28:59	1	0	15	0
        116824	2026-04-01 07:31:07	1	0	15	0
        117111	2026-04-01 07:31:11	1	0	15	0
        117639	2026-04-01 07:31:16	1	0	15	0
        119365	2026-04-01 07:31:30	1	0	15	0
        110357	2026-04-01 07:31:51	1	0	15	0
        118455	2026-04-01 07:31:58	1	0	15	0
        117219	2026-04-01 07:32:52	1	0	15	0
        110457	2026-04-01 07:34:32	1	0	15	0
        110355	2026-04-01 07:35:27	1	0	15	0
        110356	2026-04-01 07:35:36	1	0	15	0
        110492	2026-04-01 07:35:39	1	0	15	0
        117061	2026-04-01 07:35:41	1	0	15	0
        118829	2026-04-01 07:36:06	1	0	15	0
        119263	2026-04-01 07:36:41	1	0	15	0
        117487	2026-04-01 07:36:52	1	0	15	0
        110507	2026-04-01 07:37:12	1	0	15	0
        110128	2026-04-01 07:37:37	1	0	15	0
        116828	2026-04-01 07:37:39	1	0	1	0
        110431	2026-04-01 07:37:46	1	0	15	0
        119104	2026-04-01 07:37:51	1	0	15	0
        117497	2026-04-01 07:38:08	1	0	15	0
        119535	2026-04-01 07:38:12	1	0	15	0
        110527	2026-04-01 07:38:19	1	0	15	0
        116073	2026-04-01 07:39:11	1	0	15	0
        119364	2026-04-01 07:39:26	1	0	15	0
        110083	2026-04-01 07:39:36	1	0	15	0
        116252	2026-04-01 07:39:40	1	0	15	0
        110053	2026-04-01 07:39:52	1	0	15	0
        118970	2026-04-01 07:41:32	1	0	15	0
        110070	2026-04-01 07:41:55	1	0	15	0
        119453	2026-04-01 07:42:11	1	0	15	0
        119272	2026-04-01 07:42:40	1	0	15	0
        110116	2026-04-01 07:43:27	1	0	15	0
        118971	2026-04-01 07:43:35	1	0	15	0
        110514	2026-04-01 07:43:49	1	0	15	0
        117723	2026-04-01 07:44:25	1	0	15	0
        117915	2026-04-01 07:44:27	1	0	15	0
        116504	2026-04-01 07:45:14	1	0	15	0
        117733	2026-04-01 07:45:21	1	0	15	0
        116142	2026-04-01 07:45:29	1	0	15	0
        117680	2026-04-01 07:46:41	1	0	15	0
        118732	2026-04-01 07:46:55	1	0	15	0
        118862	2026-04-01 07:47:00	1	0	15	0
        116422	2026-04-01 07:47:40	1	0	15	0
        110372	2026-04-01 07:48:28	1	0	15	0
        110354	2026-04-01 07:49:03	1	0	15	0
        116497	2026-04-01 07:49:53	1	0	15	0
        110063	2026-04-01 07:50:43	1	0	15	0
        110057	2026-04-01 07:50:47	1	0	15	0
        110376	2026-04-01 07:51:29	1	0	15	0
        117567	2026-04-01 07:51:38	1	0	15	0
        116512	2026-04-01 07:52:08	1	0	15	0
        116751	2026-04-01 07:52:12	1	0	15	0
        116995	2026-04-01 07:52:23	1	0	15	0
        116477	2026-04-01 07:52:28	1	0	15	0
        110158	2026-04-01 07:52:30	1	0	15	0
        116383	2026-04-01 07:52:43	1	0	15	0
        118157	2026-04-01 07:53:10	1	0	15	0
        116441	2026-04-01 07:53:15	1	0	15	0
        116483	2026-04-01 07:53:30	1	0	15	0
        116296	2026-04-01 07:53:32	1	0	15	0
        117541	2026-04-01 07:53:35	1	0	15	0
        118695	2026-04-01 07:54:05	1	0	15	0
        117156	2026-04-01 07:54:07	1	0	15	0
        110657	2026-04-01 07:54:09	1	0	15	0
        118043	2026-04-01 07:54:11	1	0	15	0
        116104	2026-04-01 07:54:13	1	0	15	0
        117645	2026-04-01 07:54:20	1	0	15	0
        110377	2026-04-01 07:54:50	1	0	15	0
        117634	2026-04-01 07:54:54	1	0	15	0
        117683	2026-04-01 07:54:56	1	0	15	0
        110011	2026-04-01 07:54:58	1	0	15	0
        116069	2026-04-01 07:55:00	1	0	15	0
        117122	2026-04-01 07:55:05	1	0	15	0
        116072	2026-04-01 07:55:09	1	0	15	0
        117616	2026-04-01 07:56:22	1	0	15	0
        110105	2026-04-01 07:56:30	1	0	15	0
        119493	2026-04-01 07:57:22	1	0	15	0
        110032	2026-04-01 07:57:47	1	0	15	0
        118207	2026-04-01 07:58:14	1	0	15	0
        118784	2026-04-01 07:58:16	1	0	15	0
        117707	2026-04-01 07:58:30	1	0	15	0
        118813	2026-04-01 07:59:22	1	0	15	0
        117981	2026-04-01 07:59:39	1	0	15	0
        117341	2026-04-01 07:59:58	1	0	15	0
        118593	2026-04-01 08:01:30	1	0	15	0
        117591	2026-04-01 08:01:56	1	0	15	0
        110430	2026-04-01 08:02:15	1	0	15	0
        118953	2026-04-01 08:02:21	1	0	15	0
        116805	2026-04-01 08:04:00	1	0	15	0
        110485	2026-04-01 08:05:19	1	0	15	0
        117039	2026-04-01 08:05:35	1	0	15	0
        110452	2026-04-01 08:05:47	1	0	15	0
        110436	2026-04-01 08:07:04	1	0	15	0
        110172	2026-04-01 08:07:28	1	0	15	0
        117196	2026-04-01 08:09:28	1	0	15	0
        119232	2026-04-01 08:12:07	1	0	15	0
        117711	2026-04-01 08:12:13	1	0	15	0
        118271	2026-04-01 08:15:36	1	0	15	0
        117817	2026-04-01 08:16:00	1	0	15	0
        110193	2026-04-01 08:18:16	1	0	15	0
        110198	2026-04-01 08:20:12	1	0	15	0
        117222	2026-04-01 08:24:02	1	0	15	0
        117147	2026-04-01 08:26:25	1	0	15	0
        110513	2026-04-01 08:26:27	1	0	15	0
        110050	2026-04-01 08:33:39	1	0	15	0
        118550	2026-04-01 08:35:10	1	0	15	0
        117529	2026-04-01 08:37:52	1	0	15	0
        117814	2026-04-01 08:57:28	1	0	15	0
        117337	2026-04-01 09:37:49	1	0	15	0
        117085	2026-04-01 11:50:40	1	2	15	0
        118917	2026-04-01 11:50:58	1	2	15	0
        117091	2026-04-01 11:55:21	1	2	15	0
        110006	2026-04-01 12:00:12	1	2	15	0
        119453	2026-04-01 12:00:16	1	2	15	0
        118971	2026-04-01 12:00:19	1	2	15	0
        110172	2026-04-01 12:01:14	1	2	15	0
        118928	2026-04-01 12:01:19	1	2	15	0
        117219	2026-04-01 12:01:22	1	2	15	0
        116422	2026-04-01 12:01:24	1	2	15	0
        117833	2026-04-01 12:01:26	1	2	15	0
        118992	2026-04-01 12:01:27	1	2	15	0
        117930	2026-04-01 12:01:36	1	2	15	0
        110113	2026-04-01 12:01:49	1	2	15	0
        110354	2026-04-01 12:01:54	1	2	15	0
        118732	2026-04-01 12:01:57	1	2	15	0
        116279	2026-04-01 12:01:59	1	2	15	0
        117683	2026-04-01 12:02:01	1	2	15	0
        118157	2026-04-01 12:02:02	1	2	15	0
        110436	2026-04-01 12:02:05	1	2	15	0
        119449	2026-04-01 12:02:25	1	2	15	0
        119535	2026-04-01 12:02:44	1	2	15	0
        110128	2026-04-01 12:02:51	1	2	15	0
        117733	2026-04-01 12:02:54	1	2	15	0
        117111	2026-04-01 12:03:05	1	2	15	0
        117337	2026-04-01 12:03:07	1	2	15	0
        116422	2026-04-01 12:03:10	1	2	15	0
        117219	2026-04-01 12:03:12	1	2	15	0
        118928	2026-04-01 12:03:21	1	2	15	0
        116751	2026-04-01 12:03:25	1	2	15	0
        116512	2026-04-01 12:03:27	1	2	15	0
        119571	2026-04-01 12:03:42	1	2	15	0
        117840	2026-04-01 12:03:46	1	2	15	0
        117201	2026-04-01 12:03:54	1	2	15	0
        110358	2026-04-01 12:04:07	1	2	15	0
        116834	2026-04-01 12:04:16	1	2	15	0
        118207	2026-04-01 12:04:25	1	2	15	0
        117769	2026-04-01 12:04:59	1	2	15	0
        117966	2026-04-01 12:05:02	1	2	15	0
        117634	2026-04-01 12:05:07	1	2	15	0
        117770	2026-04-01 12:05:09	1	2	15	0
        117915	2026-04-01 12:05:11	1	2	15	0
        116479	2026-04-01 12:05:14	1	2	15	0
        118695	2026-04-01 12:05:24	1	2	15	0
        118369	2026-04-01 12:05:26	1	2	15	0
        116497	2026-04-01 12:05:28	1	2	15	0
        117541	2026-04-01 12:05:30	1	2	15	0
        116747	2026-04-01 12:05:32	1	2	15	0
        117981	2026-04-01 12:05:34	1	2	15	0
        110457	2026-04-01 12:05:36	1	2	15	0
        110657	2026-04-01 12:05:38	1	2	15	0
        110376	2026-04-01 12:05:41	1	2	15	0
        110377	2026-04-01 12:05:43	1	2	15	0
        110172	2026-04-01 12:05:45	1	2	15	0
        118917	2026-04-01 12:05:50	1	2	15	0
        118784	2026-04-01 12:05:53	1	2	15	0
        110507	2026-04-01 12:05:57	1	2	15	0
        110432	2026-04-01 12:06:07	1	2	15	0
        110116	2026-04-01 12:06:11	1	2	15	0
        110492	2026-04-01 12:06:39	1	2	15	0
        116824	2026-04-01 12:06:43	1	2	15	0
        117222	2026-04-01 12:06:58	1	2	15	0
        118829	2026-04-01 12:07:16	1	2	15	0
        119070	2026-04-01 12:07:19	1	2	15	0
        116504	2026-04-01 12:07:29	1	2	15	0
        117091	2026-04-01 12:07:31	1	2	15	0
        117201	2026-04-01 12:07:43	1	2	15	0
        117920	2026-04-01 12:07:49	1	2	15	0
        119493	2026-04-01 12:07:58	1	2	15	0
        117707	2026-04-01 12:08:01	1	2	15	0
        117088	2026-04-01 12:08:07	1	2	15	0
        116763	2026-04-01 12:08:50	1	2	15	0
        117528	2026-04-01 12:08:54	1	2	15	0
        117786	2026-04-01 12:08:56	1	2	15	0
        110430	2026-04-01 12:09:37	1	2	15	0
        117046	2026-04-01 12:09:46	1	2	15	0
        117616	2026-04-01 12:09:51	1	2	15	0
        117120	2026-04-01 12:10:22	1	2	15	0
        117817	2026-04-01 12:10:37	1	2	15	0
        116426	2026-04-01 12:11:27	1	2	15	0
        117700	2026-04-01 12:11:42	1	2	15	0
        117043	2026-04-01 12:11:49	1	2	15	0
        119272	2026-04-01 12:11:57	1	2	15	0
        117196	2026-04-01 12:12:04	1	2	15	0
        110197	2026-04-01 12:12:14	1	2	15	0
        116252	2026-04-01 12:12:41	1	2	15	0
        117222	2026-04-01 12:13:53	1	2	15	0
        117841	2026-04-01 12:13:58	1	2	15	0
        117645	2026-04-01 12:14:04	1	2	15	0
        117114	2026-04-01 12:14:26	1	2	15	0
        117224	2026-04-01 12:14:45	1	2	15	0
        110025	2026-04-01 12:14:56	1	2	15	0
        116274	2026-04-01 12:15:04	1	2	15	0
        110357	2026-04-01 12:15:11	1	2	15	0
        110514	2026-04-01 12:15:54	1	2	15	0
        110512	2026-04-01 12:16:00	1	2	15	0
        117692	2026-04-01 12:16:03	1	2	15	0
        110632	2026-04-01 12:16:09	1	2	15	0
        116053	2026-04-01 12:16:33	1	2	15	0
        117635	2026-04-01 12:16:37	1	2	15	0
        118970	2026-04-01 12:18:13	1	2	15	0
        116337	2026-04-01 12:18:34	1	2	15	0
        117088	2026-04-01 12:18:44	1	2	15	0
        118750	2026-04-01 12:19:28	1	2	15	0
        110077	2026-04-01 12:19:37	1	2	15	0
        119263	2026-04-01 12:19:43	1	2	15	0
        110580	2026-04-01 12:20:00	1	2	15	0
        110732	2026-04-01 12:20:05	1	2	15	0
        110581	2026-04-01 12:20:10	1	2	15	0
        110527	2026-04-01 12:20:22	1	2	15	0
        117114	2026-04-01 12:20:25	1	2	15	0
        110436	2026-04-01 12:20:34	1	2	15	0
        110632	2026-04-01 12:20:35	1	2	15	0
        117680	2026-04-01 12:20:37	1	2	15	0
        110063	2026-04-01 12:20:51	1	2	15	0
        117567	2026-04-01 12:21:04	1	2	15	0
        110355	2026-04-01 12:21:06	1	2	15	0
        110421	2026-04-01 12:21:09	1	2	15	0
        117110	2026-04-01 12:21:13	1	2	15	0
        110465	2026-04-01 12:21:16	1	2	15	0
        110105	2026-04-01 12:21:21	1	2	15	0
        117529	2026-04-01 12:21:24	1	2	15	0
        118550	2026-04-01 12:21:30	1	2	15	0
        117921	2026-04-01 12:21:33	1	2	15	0
        116142	2026-04-01 12:21:34	1	2	15	0
        117817	2026-04-01 12:21:42	1	2	15	0
        117591	2026-04-01 12:21:49	1	2	15	0
        117543	2026-04-01 12:22:00	1	2	15	0
        118593	2026-04-01 12:22:03	1	2	15	0
        117144	2026-04-01 12:22:09	1	2	15	0
        117828	2026-04-01 12:22:39	1	2	15	0
        110093	2026-04-01 12:22:49	1	2	15	0
        117814	2026-04-01 12:22:53	1	2	15	0
        110088	2026-04-01 12:23:02	1	2	15	0
        117122	2026-04-01 12:23:09	1	2	15	0
        116451	2026-04-01 12:23:18	1	2	15	0
        117042	2026-04-01 12:23:23	1	2	15	0
        117790	2026-04-01 12:23:50	1	2	15	0
        110574	2026-04-01 12:23:55	1	2	15	0
        117111	2026-04-01 12:25:15	1	2	15	0
        117337	2026-04-01 12:25:18	1	2	15	0
        117639	2026-04-01 12:25:38	1	2	15	0
        117230	2026-04-01 12:26:19	1	2	15	0
        118458	2026-04-01 12:26:26	1	2	15	0
        118101	2026-04-01 12:26:30	1	2	15	0
        110507	2026-04-01 12:26:34	1	2	15	0
        118992	2026-04-01 12:26:37	1	2	15	0
        118953	2026-04-01 12:27:26	1	2	15	0
        117156	2026-04-01 12:27:32	1	2	15	0
        110424	2026-04-01 12:27:33	1	2	15	0
        110431	2026-04-01 12:27:37	1	2	15	0
        117921	2026-04-01 12:28:01	1	2	15	0
        116902	2026-04-01 12:28:04	1	2	15	0
        116477	2026-04-01 12:28:14	1	2	15	0
        110131	2026-04-01 12:28:19	1	2	15	0
        116142	2026-04-01 12:28:27	1	2	15	0
        117716	2026-04-01 12:29:00	1	2	15	0
        117926	2026-04-01 12:29:13	1	2	15	0
        110452	2026-04-01 12:29:19	1	2	15	0
        110198	2026-04-01 12:30:24	1	3	15	0
        117591	2026-04-01 12:30:51	1	3	15	0
        118813	2026-04-01 12:32:08	1	3	15	0
        116741	2026-04-01 12:32:28	1	3	15	0
        117660	2026-04-01 12:32:31	1	3	15	0
        117039	2026-04-01 12:32:33	1	3	15	0
        110513	2026-04-01 12:32:45	1	3	15	0
        117487	2026-04-01 12:32:50	1	3	15	0
        117723	2026-04-01 12:32:54	1	3	15	0
        116441	2026-04-01 12:32:56	1	3	15	0
        117711	2026-04-01 12:33:20	1	3	15	0
        110535	2026-04-01 12:33:55	1	3	15	0
        118593	2026-04-01 12:34:02	1	3	15	0
        117998	2026-04-01 12:34:30	1	3	15	0
        118271	2026-04-01 12:34:54	1	3	15	0
        116069	2026-04-01 12:35:09	1	3	15	0
        117837	2026-04-01 12:35:12	1	3	15	0
        117742	2026-04-01 12:35:15	1	3	15	0
        116995	2026-04-01 12:35:17	1	3	15	0
        117807	2026-04-01 12:35:19	1	3	15	0
        110581	2026-04-01 12:35:32	1	3	15	0
        110580	2026-04-01 12:35:37	1	3	15	0
        110732	2026-04-01 12:35:42	1	3	15	0
        116828	2026-04-01 12:35:46	1	3	1	0
        117595	2026-04-01 12:36:31	1	3	15	0
        117497	2026-04-01 12:37:49	1	3	15	0
        110356	2026-04-01 12:38:46	1	3	15	0
        116129	2026-04-01 12:40:39	1	3	15	0
        117147	2026-04-01 12:41:26	1	3	15	0
        118695	2026-04-01 12:41:32	1	3	15	0
        116472	2026-04-01 12:41:38	1	3	15	0
        116483	2026-04-01 12:42:00	1	3	15	0
        118455	2026-04-01 12:42:02	1	3	15	0
        116805	2026-04-01 12:42:05	1	3	15	0
        116104	2026-04-01 12:43:22	1	3	15	0
        110070	2026-04-01 12:43:59	1	3	15	0
        116483	2026-04-01 12:44:55	1	3	15	0
        118455	2026-04-01 12:44:57	1	3	15	0
        116805	2026-04-01 12:44:59	1	3	15	0
        117698	2026-04-01 12:45:02	1	3	15	0
        116072	2026-04-01 12:45:14	1	3	15	0
        110372	2026-04-01 12:46:03	1	3	15	0
        117926	2026-04-01 12:46:59	1	3	15	0
        116472	2026-04-01 12:47:10	1	3	15	0
        116747	2026-04-01 12:47:12	1	3	15	0
        118761	2026-04-01 12:47:14	1	3	15	0
        116428	2026-04-01 12:47:26	1	3	15	0
        116914	2026-04-01 12:47:29	1	3	15	0
        116297	2026-04-01 12:49:30	1	3	15	0
        110053	2026-04-01 12:50:13	1	3	15	0
        116383	2026-04-01 12:50:22	1	3	15	0
        117162	2026-04-01 12:50:45	1	3	15	0
        110158	2026-04-01 12:51:05	1	3	15	0
        110057	2026-04-01 12:51:12	1	3	15	0
        119364	2026-04-01 12:51:15	1	3	15	0
        110076	2026-04-01 12:53:55	1	3	15	0
        117814	2026-04-01 12:54:28	1	3	15	0
        117133	2026-04-01 12:54:36	1	3	15	0
        110011	2026-04-01 12:55:24	1	3	15	0
        117100	2026-04-01 12:56:21	1	3	15	0
        116073	2026-04-01 12:56:54	1	3	15	0
        119494	2026-04-01 12:57:49	1	3	15	0
        117972	2026-04-01 12:57:51	1	3	15	0
        116493	2026-04-01 12:58:08	1	3	15	0
        117061	2026-04-01 12:59:09	1	3	15	0
        110128	2026-04-01 13:00:32	1	3	15	0
        119449	2026-04-01 13:00:46	1	3	15	0
        119104	2026-04-01 13:01:10	1	3	15	0
        118180	2026-04-01 13:03:14	1	3	15	0
        118862	2026-04-01 13:04:35	1	3	15	0
        119104	2026-04-01 13:05:25	1	3	15	0
        110485	2026-04-01 13:05:58	1	3	15	0
        118043	2026-04-01 13:09:44	1	3	15	0
        110083	2026-04-01 13:17:47	1	3	15	0
        110050	2026-04-01 13:24:07	1	3	15	0
        119365	2026-04-01 13:24:55	1	3	15	0
        110090	2026-04-01 13:35:46	1	3	15	0
        119493	2026-04-01 13:46:32	1	3	15	0
        117121	2026-04-01 13:53:50	1	3	15	0
        118782	2026-04-01 13:55:33	1	3	15	0
        117341	2026-04-01 14:08:39	1	3	15	0
        118455	2026-04-01 14:10:33	1	3	15	0
        116497	2026-04-01 14:15:52	1	3	15	0
        116805	2026-04-01 14:15:54	1	3	15	0
        110032	2026-04-01 14:19:27	1	3	15	0
        117114	2026-04-01 14:21:25	1	3	15	0
        116483	2026-04-01 14:54:43	1	3	15	0
        110144	2026-04-01 16:04:25	1	1	15	0
        116297	2026-04-01 17:01:15	1	1	15	0
        110076	2026-04-01 17:01:25	1	1	15	0
        117224	2026-04-01 17:04:20	1	1	15	0
        118180	2026-04-01 17:05:02	1	1	15	0
        118928	2026-04-01 17:05:04	1	1	15	0
        116129	2026-04-01 17:05:08	1	1	15	0
        117201	2026-04-01 17:05:28	1	1	15	0
        117833	2026-04-01 17:06:12	1	1	15	0
        118761	2026-04-01 17:08:57	1	1	15	0
        117201	2026-04-01 17:10:25	1	1	15	0
        118917	2026-04-01 17:10:39	1	1	15	0
        118101	2026-04-01 17:10:43	1	1	15	0
        117828	2026-04-01 17:14:16	1	1	15	0
        117591	2026-04-01 17:14:23	1	1	15	0
        110172	2026-04-01 17:15:03	1	1	15	0
        110436	2026-04-01 17:15:09	1	1	15	0
        119232	2026-04-01 17:17:53	1	1	15	0
        117692	2026-04-01 17:18:00	1	1	15	0
        117100	2026-04-01 17:19:15	1	1	15	0
        117814	2026-04-01 17:22:05	1	1	15	0
        117926	2026-04-01 17:24:31	1	1	15	0
        118593	2026-04-01 17:24:36	1	1	15	0
        117111	2026-04-01 17:25:27	1	1	15	0
        116472	2026-04-01 17:29:51	1	1	15	0
        116747	2026-04-01 17:29:55	1	1	15	0
        117222	2026-04-01 17:32:35	1	1	15	0
        117085	2026-04-01 17:45:24	1	1	15	0
        116279	2026-04-01 17:45:48	1	1	15	0
        118695	2026-04-01 17:45:58	1	1	15	0
        117337	2026-04-01 17:47:12	1	1	15	0
        117698	2026-04-01 17:58:52	1	1	15	0
        117920	2026-04-01 17:58:55	1	1	15	0
        117091	2026-04-01 18:12:56	1	1	15	0
        110580	2026-04-01 18:16:58	1	1	15	0
        110581	2026-04-01 18:17:02	1	1	15	0
        110732	2026-04-01 18:17:05	1	1	15	0
        117817	2026-04-01 19:00:20	1	1	15	0
        117983	2026-04-06 04:54:23	1	0	15	0
        117201	2026-04-06 04:54:28	1	0	15	0
        110535	2026-04-06 04:54:32	1	0	15	0
        116831	2026-04-06 06:04:11	1	0	15	0
        110144	2026-04-06 06:08:50	1	0	15	0
        119571	2026-04-06 06:10:05	1	0	15	0
        110512	2026-04-06 06:10:43	1	0	15	0
        110093	2026-04-06 06:11:25	1	0	15	0
        116479	2026-04-06 06:25:18	1	0	15	0
        110430	2026-04-06 06:25:33	1	0	15	0
        110074	2026-04-06 06:26:33	1	0	15	0
        110549	2026-04-06 06:29:47	1	0	15	0
        117835	2026-04-06 06:32:45	1	0	15	0
        119070	2026-04-06 06:33:05	1	0	15	0
        118992	2026-04-06 06:36:37	1	0	15	0
        110131	2026-04-06 06:38:37	1	0	15	0
        110574	2026-04-06 06:41:32	1	0	15	0
        110088	2026-04-06 06:42:03	1	0	15	0
        119104	2026-04-06 06:42:34	1	0	15	0
        110473	2026-04-06 06:42:50	1	0	15	0
        116835	2026-04-06 06:43:22	1	0	15	0
        118732	2026-04-06 06:45:34	1	0	15	0
        118997	2026-04-06 06:46:15	1	0	15	0
        118750	2026-04-06 06:46:24	1	0	15	0
        110084	2026-04-06 06:46:33	1	0	15	0
        117528	2026-04-06 06:47:04	1	0	15	0
        116799	2026-04-06 06:48:50	1	0	15	0
        110466	2026-04-06 06:48:58	1	0	15	0
        110060	2026-04-06 06:49:29	1	0	15	0
        117707	2026-04-06 06:50:18	1	0	15	0
        110732	2026-04-06 06:50:58	1	0	15	0
        110193	2026-04-06 06:52:23	1	0	15	0
        116960	2026-04-06 06:52:35	1	0	15	0
        116551	2026-04-06 06:52:42	1	0	15	0
        117770	2026-04-06 06:53:19	1	0	15	0
        116834	2026-04-06 06:54:40	1	0	15	0
        110198	2026-04-06 06:54:51	1	0	15	0
        110485	2026-04-06 06:54:57	1	0	15	0
        110506	2026-04-06 06:55:03	1	0	15	0
        117790	2026-04-06 06:57:00	1	0	15	0
        117147	2026-04-06 06:57:04	1	0	15	0
        117591	2026-04-06 06:57:45	1	0	15	0
        110358	2026-04-06 06:58:05	1	0	15	0
        117982	2026-04-06 07:00:01	1	0	15	0
        110581	2026-04-06 07:00:32	1	0	15	0
        110632	2026-04-06 07:00:55	1	0	15	0
        116537	2026-04-06 07:01:01	1	0	15	0
        117635	2026-04-06 07:01:52	1	0	15	0
        119143	2026-04-06 07:01:53	1	0	15	0
        110513	2026-04-06 07:02:14	1	0	15	0
        117969	2026-04-06 07:02:42	1	0	15	0
        117769	2026-04-06 07:02:53	1	0	15	0
        117833	2026-04-06 07:03:35	1	0	15	0
        116142	2026-04-06 07:03:59	1	0	15	0
        119365	2026-04-06 07:04:09	1	0	15	0
        116902	2026-04-06 07:04:14	1	0	15	0
        119232	2026-04-06 07:04:19	1	0	15	0
        118455	2026-04-06 07:05:00	1	0	15	0
        116337	2026-04-06 07:05:45	1	0	15	0
        117840	2026-04-06 07:05:51	1	0	15	0
        110113	2026-04-06 07:06:19	1	0	15	0
        117838	2026-04-06 07:06:35	1	0	1	0
        110514	2026-04-06 07:07:07	1	0	15	0
        117814	2026-04-06 07:07:28	1	0	15	0
        117133	2026-04-06 07:08:13	1	0	15	0
        110032	2026-04-06 07:09:05	1	0	15	0
        110372	2026-04-06 07:09:19	1	0	15	0
        110354	2026-04-06 07:09:39	1	0	15	0
        118782	2026-04-06 07:10:47	1	0	15	0
        117091	2026-04-06 07:11:32	1	0	15	0
        117709	2026-04-06 07:12:09	1	0	15	0
        118568	2026-04-06 07:12:12	1	0	15	0
        118640	2026-04-06 07:13:07	1	0	15	0
        118970	2026-04-06 07:13:58	1	0	15	0
        117711	2026-04-06 07:14:16	1	0	15	0
        110580	2026-04-06 07:14:19	1	0	15	0
        110465	2026-04-06 07:14:58	1	0	15	0
        118221	2026-04-06 07:15:23	1	0	15	0
        117543	2026-04-06 07:16:58	1	0	15	0
        117742	2026-04-06 07:17:11	1	0	15	0
        117212	2026-04-06 07:17:31	1	0	15	0
        117077	2026-04-06 07:17:52	1	0	15	0
        116741	2026-04-06 07:18:08	1	0	15	0
        110116	2026-04-06 07:18:28	1	0	15	0
        110475	2026-04-06 07:18:34	1	0	15	0
        110538	2026-04-06 07:18:41	1	0	15	0
        117088	2026-04-06 07:18:44	1	0	15	0
        116483	2026-04-06 07:18:58	1	0	15	0
        117699	2026-04-06 07:19:36	1	0	15	0
        117921	2026-04-06 07:20:11	1	0	15	0
        110128	2026-04-06 07:20:19	1	0	15	0
        118580	2026-04-06 07:20:24	1	0	15	0
        119272	2026-04-06 07:20:31	1	0	15	0
        116453	2026-04-06 07:20:41	1	0	15	0
        116053	2026-04-06 07:21:05	1	0	15	0
        117705	2026-04-06 07:22:54	1	0	15	0
        110063	2026-04-06 07:23:03	1	0	15	0
        118101	2026-04-06 07:23:07	1	0	15	0
        110057	2026-04-06 07:23:10	1	0	15	0
        110493	2026-04-06 07:23:12	1	0	15	0
        110128	2026-04-06 07:23:15	1	0	15	0
        110116	2026-04-06 07:23:32	1	0	15	0
        117716	2026-04-06 07:23:39	1	0	15	0
        110424	2026-04-06 07:23:42	1	0	15	0
        117259	2026-04-06 07:23:46	1	0	15	0
        117998	2026-04-06 07:23:49	1	0	15	0
        116493	2026-04-06 07:24:47	1	0	15	0
        119475	2026-04-06 07:24:49	1	0	15	0
        117915	2026-04-06 07:24:51	1	0	15	0
        117634	2026-04-06 07:24:54	1	0	15	0
        110355	2026-04-06 07:25:19	1	0	15	0
        110356	2026-04-06 07:25:22	1	0	15	0
        118702	2026-04-06 07:25:29	1	0	15	0
        110051	2026-04-06 07:25:48	1	0	15	0
        119493	2026-04-06 07:25:52	1	0	15	0
        116428	2026-04-06 07:25:59	1	0	15	0
        118369	2026-04-06 07:26:01	1	0	15	0
        117114	2026-04-06 07:26:30	1	0	15	0
        119157	2026-04-06 07:26:34	1	0	15	0
        117680	2026-04-06 07:26:36	1	0	15	0
        117224	2026-04-06 07:27:38	1	0	15	0
        118302	2026-04-06 07:28:39	1	0	15	0
        117039	2026-04-06 07:28:44	1	0	15	0
        117850	2026-04-06 07:28:51	1	0	15	0
        110083	2026-04-06 07:29:08	1	0	15	0
        116995	2026-04-06 07:29:52	1	0	15	0
        110418	2026-04-06 07:30:22	1	0	15	0
        117061	2026-04-06 07:30:35	1	0	15	0
        118043	2026-04-06 07:30:50	1	0	15	0
        119364	2026-04-06 07:31:16	1	0	15	0
        117162	2026-04-06 07:31:22	1	0	15	0
        118503	2026-04-06 07:31:41	1	0	15	0
        117497	2026-04-06 07:31:44	1	0	15	0
        117487	2026-04-06 07:31:47	1	0	15	0
        117817	2026-04-06 07:31:49	1	0	15	0
        117639	2026-04-06 07:32:03	1	0	15	0
        110070	2026-04-06 07:32:54	1	0	15	0
        117529	2026-04-06 07:32:58	1	0	15	0
        116497	2026-04-06 07:33:20	1	0	15	0
        117337	2026-04-06 07:34:07	1	0	15	0
        110090	2026-04-06 07:34:25	1	0	15	0
        110006	2026-04-06 07:34:33	1	0	15	0
        116104	2026-04-06 07:34:38	1	0	15	0
        117541	2026-04-06 07:34:44	1	0	15	0
        117660	2026-04-06 07:34:58	1	0	15	0
        117121	2026-04-06 07:35:31	1	0	15	0
        117920	2026-04-06 07:35:38	1	0	15	0
        110357	2026-04-06 07:35:58	1	0	15	0
        119453	2026-04-06 07:36:05	1	0	15	0
        116805	2026-04-06 07:36:12	1	0	15	0
        116346	2026-04-06 07:36:39	1	0	15	0
        117812	2026-04-06 07:36:48	1	0	15	0
        116933	2026-04-06 07:37:10	1	0	15	0
        110492	2026-04-06 07:37:20	1	0	15	0
        116422	2026-04-06 07:37:23	1	0	15	0
        117981	2026-04-06 07:37:29	1	0	15	0
        116504	2026-04-06 07:37:33	1	0	15	0
        117054	2026-04-06 07:37:55	1	0	15	0
        118157	2026-04-06 07:38:16	1	0	15	0
        117122	2026-04-06 07:38:39	1	0	15	0
        110065	2026-04-06 07:39:19	1	0	15	0
        119449	2026-04-06 07:40:12	1	0	15	0
        116274	2026-04-06 07:40:18	1	0	15	0
        110413	2026-04-06 07:40:27	1	0	15	0
        117270	2026-04-06 07:40:38	1	0	15	0
        110172	2026-04-06 07:41:01	1	0	15	0
        110085	2026-04-06 07:41:27	1	0	15	0
        118862	2026-04-06 07:41:43	1	0	15	0
        116356	2026-04-06 07:41:50	1	0	15	0
        110633	2026-04-06 07:41:55	1	0	15	0
        118744	2026-04-06 07:42:08	1	0	15	0
        110431	2026-04-06 07:42:40	1	0	15	0
        117616	2026-04-06 07:42:50	1	0	15	0
        110527	2026-04-06 07:43:09	1	0	15	0
        119594	2026-04-06 07:43:17	1	0	15	0
        119340	2026-04-06 07:43:21	1	0	15	0
        117723	2026-04-06 07:43:28	1	0	15	0
        110378	2026-04-06 07:43:38	1	0	15	0
        110062	2026-04-06 07:43:40	1	0	15	0
        117595	2026-04-06 07:43:51	1	0	15	0
        117542	2026-04-06 07:44:42	1	0	15	0
        116828	2026-04-06 07:45:04	1	0	1	0
        117144	2026-04-06 07:45:23	1	0	15	0
        117692	2026-04-06 07:45:37	1	0	15	0
        110457	2026-04-06 07:45:45	1	0	15	0
        117103	2026-04-06 07:46:40	1	0	15	0
        117837	2026-04-06 07:46:42	1	0	15	0
        117972	2026-04-06 07:47:03	1	0	15	0
        118867	2026-04-06 07:47:25	1	0	15	0
        118753	2026-04-06 07:47:30	1	0	15	0
        117219	2026-04-06 07:47:39	1	0	15	0
        118813	2026-04-06 07:48:02	1	0	15	0
        117113	2026-04-06 07:48:12	1	0	15	0
        117196	2026-04-06 07:48:41	1	0	15	0
        118550	2026-04-06 07:48:48	1	0	15	0
        117341	2026-04-06 07:48:55	1	0	15	0
        110377	2026-04-06 07:48:59	1	0	15	0
        117828	2026-04-06 07:49:08	1	0	15	0
        116129	2026-04-06 07:50:25	1	0	15	0
        117645	2026-04-06 07:50:30	1	0	15	0
        117839	2026-04-06 07:50:31	1	0	15	0
        110195	2026-04-06 07:50:44	1	0	15	0
        119107	2026-04-06 07:50:51	1	0	15	0
        117683	2026-04-06 07:50:55	1	0	15	0
        116990	2026-04-06 07:50:57	1	0	15	0
        117110	2026-04-06 07:51:01	1	0	15	0
        118971	2026-04-06 07:51:20	1	0	15	0
        110507	2026-04-06 07:51:37	1	0	15	0
        116166	2026-04-06 07:51:57	1	0	15	0
        118829	2026-04-06 07:52:11	1	0	15	0
        110025	2026-04-06 07:52:28	1	0	15	0
        119263	2026-04-06 07:52:33	1	0	15	0
        117733	2026-04-06 07:52:40	1	0	15	0
        116069	2026-04-06 07:53:16	1	0	15	0
        110197	2026-04-06 07:53:18	1	0	15	0
        116763	2026-04-06 07:53:21	1	0	15	0
        116073	2026-04-06 07:53:24	1	0	15	0
        110376	2026-04-06 07:53:30	1	0	15	0
        119282	2026-04-06 07:53:55	1	0	15	0
        116072	2026-04-06 07:54:00	1	0	15	0
        117120	2026-04-06 07:54:16	1	0	15	0
        117046	2026-04-06 07:54:20	1	0	15	0
        117567	2026-04-06 07:54:22	1	0	15	0
        110200	2026-04-06 07:54:40	1	0	15	0
        116260	2026-04-06 07:54:41	1	0	15	0
        118271	2026-04-06 07:54:52	1	0	15	0
        117966	2026-04-06 07:54:55	1	0	15	0
        110105	2026-04-06 07:54:57	1	0	15	0
        116383	2026-04-06 07:55:08	1	0	15	0
        110053	2026-04-06 07:55:30	1	0	15	0
        117807	2026-04-06 07:55:39	1	0	15	0
        116279	2026-04-06 07:55:49	1	0	15	0
        119227	2026-04-06 07:56:05	1	0	15	0
        117269	2026-04-06 07:56:10	1	0	15	0
        116747	2026-04-06 07:56:12	1	0	15	0
        117924	2026-04-06 07:56:25	1	0	15	0
        118593	2026-04-06 07:57:32	1	0	15	0
        118928	2026-04-06 07:57:40	1	0	15	0
        117936	2026-04-06 07:57:54	1	0	15	0
        116441	2026-04-06 07:57:58	1	0	15	0
        116451	2026-04-06 07:58:53	1	0	15	0
        117222	2026-04-06 07:58:57	1	0	15	0
        117926	2026-04-06 07:59:12	1	0	15	0
        118584	2026-04-06 07:59:26	1	0	15	0
        118563	2026-04-06 07:59:37	1	0	15	0
        116748	2026-04-06 07:59:51	1	0	15	0
        117811	2026-04-06 08:00:41	1	0	15	0
        110158	2026-04-06 08:01:57	1	0	15	0
        119602	2026-04-06 08:02:04	1	0	15	0
        117698	2026-04-06 08:02:27	1	0	15	0
        119263	2026-04-06 08:02:39	1	0	15	0
        117930	2026-04-06 08:03:21	1	0	15	0
        110436	2026-04-06 08:03:25	1	0	15	0
        117700	2026-04-06 08:04:05	1	0	15	0
        117993	2026-04-06 08:06:12	1	0	15	0
        116849	2026-04-06 08:06:19	1	0	15	0
        119494	2026-04-06 08:06:21	1	0	15	0
        117042	2026-04-06 08:06:27	1	0	15	0
        117156	2026-04-06 08:06:32	1	0	15	0
        117630	2026-04-06 08:06:56	1	0	15	0
        110055	2026-04-06 08:07:27	1	0	15	0
        119386	2026-04-06 08:07:58	1	0	15	0
        118917	2026-04-06 08:08:28	1	0	15	0
        118207	2026-04-06 08:09:15	1	0	15	0
        110452	2026-04-06 08:12:06	1	0	15	0
        118784	2026-04-06 08:12:11	1	0	15	0
        117575	2026-04-06 08:14:54	1	0	15	0
        116297	2026-04-06 08:16:23	1	0	15	0
        116787	2026-04-06 08:16:54	1	0	15	0
        110077	2026-04-06 08:17:25	1	0	15	0
        117642	2026-04-06 08:17:40	1	0	15	0
        118695	2026-04-06 08:17:47	1	0	15	0
        118186	2026-04-06 08:18:07	1	0	15	0
        116824	2026-04-06 08:18:54	1	0	15	0
        117043	2026-04-06 08:19:44	1	0	15	0
        110076	2026-04-06 08:20:07	1	0	15	0
        116070	2026-04-06 08:21:18	1	0	15	0
        119006	2026-04-06 08:22:00	1	0	15	0
        110100	2026-04-06 08:22:50	1	0	15	0
        117999	2026-04-06 08:23:03	1	0	15	0
        117786	2026-04-06 08:24:58	1	0	15	0
        110183	2026-04-06 08:31:26	1	0	15	0
        116496	2026-04-06 08:42:18	1	0	15	0
        119535	2026-04-06 08:50:53	1	0	15	0
        118761	2026-04-06 08:59:42	1	0	15	0
        117111	2026-04-06 09:12:44	1	0	15	0
        117644	2026-04-06 09:13:47	1	0	15	0
        116472	2026-04-06 09:24:47	1	0	15	0
        117100	2026-04-06 09:33:37	1	0	15	0
        119493	2026-04-06 12:02:06	1	2	15	0
        117201	2026-04-06 12:02:08	1	2	15	0
        116933	2026-04-06 12:02:09	1	2	15	0
        110128	2026-04-06 12:02:13	1	2	15	0
        119571	2026-04-06 12:02:16	1	2	15	0
        117542	2026-04-06 12:02:18	1	2	15	0
        116451	2026-04-06 12:02:20	1	2	15	0
        117639	2026-04-06 12:02:22	1	2	15	0
        116053	2026-04-06 12:02:25	1	2	15	0
        116441	2026-04-06 12:02:27	1	2	15	0
        110063	2026-04-06 12:02:29	1	2	15	0
        116834	2026-04-06 12:02:32	1	2	15	0
        110465	2026-04-06 12:02:33	1	2	15	0
        117212	2026-04-06 12:02:35	1	2	15	0
        116383	2026-04-06 12:02:37	1	2	15	0
        118043	2026-04-06 12:02:39	1	2	15	0
        116297	2026-04-06 12:02:41	1	2	15	0
        117930	2026-04-06 12:02:43	1	2	15	0
        116453	2026-04-06 12:02:44	1	2	15	0
        116069	2026-04-06 12:02:46	1	2	15	0
        117269	2026-04-06 12:02:48	1	2	15	0
        119107	2026-04-06 12:02:51	1	2	15	0
        118829	2026-04-06 12:02:59	1	2	15	0
        117742	2026-04-06 12:03:01	1	2	15	0
        117807	2026-04-06 12:03:02	1	2	15	0
        118640	2026-04-06 12:03:04	1	2	15	0
        110093	2026-04-06 12:03:06	1	2	15	0
        117196	2026-04-06 12:03:08	1	2	15	0
        119493	2026-04-06 12:03:10	1	2	15	0
        117716	2026-04-06 12:03:12	1	2	15	0
        119449	2026-04-06 12:03:13	1	2	15	0
        117983	2026-04-06 12:03:15	1	2	15	0
        110424	2026-04-06 12:03:17	1	2	15	0
        110418	2026-04-06 12:03:19	1	2	15	0
        117147	2026-04-06 12:03:21	1	2	15	0
        118568	2026-04-06 12:03:23	1	2	15	0
        116166	2026-04-06 12:03:25	1	2	15	0
        110051	2026-04-06 12:03:29	1	2	15	0
        119157	2026-04-06 12:03:31	1	2	15	0
        110580	2026-04-06 12:03:34	1	2	15	0
        110581	2026-04-06 12:03:36	1	2	15	0
        110732	2026-04-06 12:03:38	1	2	15	0
        116933	2026-04-06 12:03:40	1	2	15	0
        117543	2026-04-06 12:03:42	1	2	15	0
        110105	2026-04-06 12:03:44	1	2	15	0
        110354	2026-04-06 12:03:46	1	2	15	0
        116279	2026-04-06 12:03:48	1	2	15	0
        118971	2026-04-06 12:03:49	1	2	15	0
        117144	2026-04-06 12:03:52	1	2	15	0
        117839	2026-04-06 12:03:53	1	2	15	0
        117840	2026-04-06 12:03:55	1	2	15	0
        117790	2026-04-06 12:03:57	1	2	15	0
        110088	2026-04-06 12:03:58	1	2	15	0
        117541	2026-04-06 12:04:00	1	2	15	0
        117259	2026-04-06 12:04:04	1	2	15	0
        119453	2026-04-06 12:04:06	1	2	15	0
        110378	2026-04-06 12:04:07	1	2	15	0
        110198	2026-04-06 12:04:09	1	2	15	0
        118928	2026-04-06 12:04:11	1	2	15	0
        116129	2026-04-06 12:04:14	1	2	15	0
        119263	2026-04-06 12:04:16	1	2	15	0
        117680	2026-04-06 12:04:19	1	2	15	0
        110158	2026-04-06 12:04:21	1	2	15	0
        116748	2026-04-06 12:04:23	1	2	15	0
        117497	2026-04-06 12:04:25	1	2	15	0
        117122	2026-04-06 12:04:27	1	2	15	0
        117567	2026-04-06 12:04:29	1	2	15	0
        116069	2026-04-06 12:04:31	1	2	15	0
        110492	2026-04-06 12:04:34	1	2	15	0
        110436	2026-04-06 12:04:36	1	2	15	0
        110431	2026-04-06 12:04:38	1	2	15	0
        116453	2026-04-06 12:04:46	1	2	15	0
        110376	2026-04-06 12:04:48	1	2	15	0
        110377	2026-04-06 12:04:51	1	2	15	0
        117817	2026-04-06 12:04:53	1	2	15	0
        118997	2026-04-06 12:05:01	1	2	15	0
        117212	2026-04-06 12:05:09	1	2	15	0
        117839	2026-04-06 12:05:12	1	2	15	0
        116073	2026-04-06 12:05:21	1	2	15	0
        110053	2026-04-06 12:05:27	1	2	15	0
        117639	2026-04-06 12:05:43	1	2	15	0
        110507	2026-04-06 12:05:46	1	2	15	0
        118563	2026-04-06 12:05:48	1	2	15	0
        117046	2026-04-06 12:05:51	1	2	15	0
        117120	2026-04-06 12:05:55	1	2	15	0
        117042	2026-04-06 12:05:58	1	2	15	0
        110128	2026-04-06 12:06:00	1	2	15	0
        117039	2026-04-06 12:06:01	1	2	15	0
        110527	2026-04-06 12:06:04	1	2	15	0
        110090	2026-04-06 12:06:08	1	2	15	0
        110116	2026-04-06 12:06:10	1	2	15	0
        119535	2026-04-06 12:06:13	1	2	15	0
        119006	2026-04-06 12:06:15	1	2	15	0
        119157	2026-04-06 12:06:17	1	2	15	0
        110493	2026-04-06 12:06:19	1	2	15	0
        110070	2026-04-06 12:06:28	1	2	15	0
        117616	2026-04-06 12:06:39	1	2	15	0
        117269	2026-04-06 12:06:47	1	2	15	0
        118640	2026-04-06 12:06:52	1	2	15	0
        117196	2026-04-06 12:06:54	1	2	15	0
        110172	2026-04-06 12:06:57	1	2	15	0
        116748	2026-04-06 12:07:02	1	2	15	0
        117100	2026-04-06 12:07:05	1	2	15	0
        110158	2026-04-06 12:07:10	1	2	15	0
        117201	2026-04-06 12:07:11	1	2	15	0
        116849	2026-04-06 12:07:17	1	2	15	0
        118271	2026-04-06 12:07:19	1	2	15	0
        116551	2026-04-06 12:07:21	1	2	15	0
        116496	2026-04-06 12:07:23	1	2	15	0
        118369	2026-04-06 12:07:24	1	2	15	0
        110418	2026-04-06 12:07:27	1	2	15	0
        110424	2026-04-06 12:07:29	1	2	15	0
        110077	2026-04-06 12:07:30	1	2	15	0
        110100	2026-04-06 12:07:33	1	2	15	0
        119364	2026-04-06 12:07:35	1	2	15	0
        110025	2026-04-06 12:07:38	1	2	15	0
        110632	2026-04-06 12:07:40	1	2	15	0
        110354	2026-04-06 12:07:42	1	2	15	0
        116497	2026-04-06 12:07:44	1	2	15	0
        110457	2026-04-06 12:07:46	1	2	15	0
        117924	2026-04-06 12:07:48	1	2	15	0
        116072	2026-04-06 12:07:49	1	2	15	0
        116260	2026-04-06 12:07:51	1	2	15	0
        119104	2026-04-06 12:07:53	1	2	15	0
        118157	2026-04-06 12:07:56	1	2	15	0
        117683	2026-04-06 12:07:58	1	2	15	0
        117634	2026-04-06 12:08:00	1	2	15	0
        116274	2026-04-06 12:08:02	1	2	15	0
        116422	2026-04-06 12:08:04	1	2	15	0
        117219	2026-04-06 12:08:06	1	2	15	0
        116383	2026-04-06 12:08:07	1	2	15	0
        118503	2026-04-06 12:08:08	1	2	15	0
        117915	2026-04-06 12:08:11	1	2	15	0
        118829	2026-04-06 12:08:14	1	2	15	0
        110076	2026-04-06 12:08:17	1	2	15	0
        117837	2026-04-06 12:08:19	1	2	15	0
        116441	2026-04-06 12:08:23	1	2	15	0
        116995	2026-04-06 12:08:25	1	2	15	0
        119571	2026-04-06 12:08:28	1	2	15	0
        116053	2026-04-06 12:08:32	1	2	15	0
        117529	2026-04-06 12:08:36	1	2	15	0
        116902	2026-04-06 12:08:39	1	2	15	0
        118928	2026-04-06 12:08:42	1	2	15	0
        119107	2026-04-06 12:08:46	1	2	15	0
        116129	2026-04-06 12:08:49	1	2	15	0
        110197	2026-04-06 12:08:52	1	2	15	0
        110538	2026-04-06 12:08:54	1	2	15	0
        117541	2026-04-06 12:08:56	1	2	15	0
        117259	2026-04-06 12:08:59	1	2	15	0
        117046	2026-04-06 12:09:00	1	2	15	0
        117120	2026-04-06 12:09:03	1	2	15	0
        116297	2026-04-06 12:09:05	1	2	15	0
        116834	2026-04-06 12:09:07	1	2	15	0
        118563	2026-04-06 12:09:09	1	2	15	0
        110549	2026-04-06 12:09:10	1	2	15	0
        118369	2026-04-06 12:09:13	1	2	15	0
        118568	2026-04-06 12:09:16	1	2	15	0
        110473	2026-04-06 12:09:17	1	2	15	0
        117817	2026-04-06 12:09:19	1	2	15	0
        110093	2026-04-06 12:09:21	1	2	15	0
        117147	2026-04-06 12:09:23	1	2	15	0
        118043	2026-04-06 12:09:25	1	2	15	0
        117642	2026-04-06 12:09:27	1	2	15	0
        110413	2026-04-06 12:09:29	1	2	15	0
        117270	2026-04-06 12:09:37	1	2	15	0
        117711	2026-04-06 12:09:41	1	2	15	0
        119535	2026-04-06 12:09:48	1	2	15	0
        110105	2026-04-06 12:09:50	1	2	15	0
        117088	2026-04-06 12:09:56	1	2	15	0
        110376	2026-04-06 12:09:59	1	2	15	0
        118503	2026-04-06 12:10:03	1	2	15	0
        110377	2026-04-06 12:10:06	1	2	15	0
        117709	2026-04-06 12:10:08	1	2	15	0
        116824	2026-04-06 12:10:11	1	2	15	0
        117716	2026-04-06 12:10:14	1	2	15	0
        117814	2026-04-06 12:10:16	1	2	15	0
        117828	2026-04-06 12:10:18	1	2	15	0
        116849	2026-04-06 12:10:30	1	2	15	0
        116551	2026-04-06 12:10:33	1	2	15	0
        116995	2026-04-06 12:10:38	1	2	15	0
        110355	2026-04-06 12:10:43	1	2	15	0
        116741	2026-04-06 12:10:45	1	2	15	0
        110356	2026-04-06 12:10:47	1	2	15	0
        118186	2026-04-06 12:10:54	1	2	15	0
        118157	2026-04-06 12:10:55	1	2	15	0
        117683	2026-04-06 12:10:57	1	2	15	0
        117634	2026-04-06 12:10:59	1	2	15	0
        117915	2026-04-06 12:11:01	1	2	15	0
        117219	2026-04-06 12:11:03	1	2	15	0
        116422	2026-04-06 12:11:04	1	2	15	0
        117121	2026-04-06 12:11:06	1	2	15	0
        110492	2026-04-06 12:11:08	1	2	15	0
        110493	2026-04-06 12:11:10	1	2	15	0
        119006	2026-04-06 12:11:12	1	2	15	0
        117998	2026-04-06 12:11:14	1	2	15	0
        116960	2026-04-06 12:11:17	1	2	15	0
        118782	2026-04-06 12:11:21	1	2	15	0
        110060	2026-04-06 12:11:24	1	2	15	0
        117156	2026-04-06 12:11:29	1	2	15	0
        116763	2026-04-06 12:11:30	1	2	15	0
        118971	2026-04-06 12:11:32	1	2	15	0
        117705	2026-04-06 12:11:35	1	2	15	0
        117698	2026-04-06 12:11:37	1	2	15	0
        117039	2026-04-06 12:11:39	1	2	15	0
        117707	2026-04-06 12:11:41	1	2	15	0
        117920	2026-04-06 12:11:43	1	2	15	0
        117850	2026-04-06 12:11:44	1	2	15	0
        117487	2026-04-06 12:11:46	1	2	15	0
        117162	2026-04-06 12:11:48	1	2	15	0
        117723	2026-04-06 12:11:54	1	2	15	0
        117222	2026-04-06 12:11:57	1	2	15	0
        119104	2026-04-06 12:11:59	1	2	15	0
        117835	2026-04-06 12:12:01	1	2	15	0
        119449	2026-04-06 12:12:03	1	2	15	0
        117786	2026-04-06 12:12:05	1	2	15	0
        110172	2026-04-06 12:12:08	1	2	15	0
        110452	2026-04-06 12:12:15	1	2	15	0
        118186	2026-04-06 12:12:18	1	2	15	0
        117133	2026-04-06 12:12:20	1	2	15	0
        117833	2026-04-06 12:12:23	1	2	15	0
        118271	2026-04-06 12:12:29	1	2	15	0
        118992	2026-04-06 12:12:32	1	2	15	0
        116496	2026-04-06 12:12:33	1	2	15	0
        110090	2026-04-06 12:12:35	1	2	15	0
        117113	2026-04-06 12:12:39	1	2	15	0
        116274	2026-04-06 12:12:41	1	2	15	0
        117983	2026-04-06 12:12:43	1	2	15	0
        110025	2026-04-06 12:12:44	1	2	15	0
        110085	2026-04-06 12:12:49	1	2	15	0
        119364	2026-04-06 12:12:51	1	2	15	0
        110100	2026-04-06 12:12:52	1	2	15	0
        116483	2026-04-06 12:12:56	1	2	15	0
        116504	2026-04-06 12:13:03	1	2	15	0
        116260	2026-04-06 12:13:05	1	2	15	0
        116787	2026-04-06 12:13:07	1	2	15	0
        117924	2026-04-06 12:13:10	1	2	15	0
        110457	2026-04-06 12:13:11	1	2	15	0
        116497	2026-04-06 12:13:13	1	2	15	0
        116072	2026-04-06 12:13:15	1	2	15	0
        110507	2026-04-06 12:13:17	1	2	15	0
        110051	2026-04-06 12:13:21	1	2	15	0
        116902	2026-04-06 12:13:23	1	2	15	0
        117790	2026-04-06 12:13:25	1	2	15	0
        116763	2026-04-06 12:13:32	1	2	15	0
        117595	2026-04-06 12:13:41	1	2	15	0
        117770	2026-04-06 12:13:44	1	2	15	0
        117837	2026-04-06 12:13:46	1	2	15	0
        117110	2026-04-06 12:13:49	1	2	15	0
        116990	2026-04-06 12:13:51	1	2	15	0
        110083	2026-04-06 12:13:55	1	2	15	0
        117982	2026-04-06 12:14:00	1	2	15	0
        117921	2026-04-06 12:14:03	1	2	15	0
        117225	2026-04-06 12:14:05	1	2	15	0
        117692	2026-04-06 12:14:09	1	2	15	0
        110065	2026-04-06 12:14:11	1	2	15	0
        119475	2026-04-06 12:14:12	1	2	15	0
        116279	2026-04-06 12:14:17	1	2	15	0
        117705	2026-04-06 12:14:19	1	2	15	0
        117543	2026-04-06 12:14:21	1	2	15	0
        117920	2026-04-06 12:14:24	1	2	15	0
        117707	2026-04-06 12:14:26	1	2	15	0
        117850	2026-04-06 12:14:28	1	2	15	0
        117698	2026-04-06 12:14:30	1	2	15	0
        119272	2026-04-06 12:14:32	1	2	15	0
        110527	2026-04-06 12:14:35	1	2	15	0
        119263	2026-04-06 12:14:37	1	2	15	0
        117077	2026-04-06 12:14:41	1	2	15	0
        116537	2026-04-06 12:14:43	1	2	15	0
        116337	2026-04-06 12:14:46	1	2	15	0
        117341	2026-04-06 12:14:47	1	2	15	0
        110032	2026-04-06 12:14:49	1	2	15	0
        117591	2026-04-06 12:14:55	1	2	15	0
        117711	2026-04-06 12:15:01	1	2	15	0
        117270	2026-04-06 12:15:07	1	2	15	0
        110465	2026-04-06 12:15:14	1	2	15	0
        118702	2026-04-06 12:15:15	1	2	15	0
        117709	2026-04-06 12:15:22	1	2	15	0
        117487	2026-04-06 12:15:31	1	2	15	0
        117162	2026-04-06 12:15:33	1	2	15	0
        117723	2026-04-06 12:15:37	1	2	15	0
        118750	2026-04-06 12:15:44	1	2	15	0
        118744	2026-04-06 12:15:46	1	2	15	0
        118550	2026-04-06 12:15:51	1	2	15	0
        117595	2026-04-06 12:15:54	1	2	15	0
        110131	2026-04-06 12:15:56	1	2	15	0
        117337	2026-04-06 12:15:59	1	2	15	0
        117111	2026-04-06 12:16:01	1	2	15	0
        118695	2026-04-06 12:16:03	1	2	15	0
        117133	2026-04-06 12:16:06	1	2	15	0
        117635	2026-04-06 12:16:11	1	2	15	0
        117660	2026-04-06 12:16:18	1	2	15	0
        117770	2026-04-06 12:16:29	1	2	15	0
        116787	2026-04-06 12:16:30	1	2	15	0
        117144	2026-04-06 12:16:32	1	2	15	0
        110632	2026-04-06 12:16:34	1	2	15	0
        117680	2026-04-06 12:16:36	1	2	15	0
        116990	2026-04-06 12:16:40	1	2	15	0
        116799	2026-04-06 12:16:44	1	2	15	0
        117814	2026-04-06 12:16:57	1	2	15	0
        110372	2026-04-06 12:17:03	1	2	15	0
        110512	2026-04-06 12:17:06	1	2	15	0
        110513	2026-04-06 12:17:14	1	2	15	0
        117542	2026-04-06 12:17:15	1	2	15	0
        110430	2026-04-06 12:17:16	1	2	15	0
        110514	2026-04-06 12:17:23	1	2	15	0
        117966	2026-04-06 12:17:30	1	2	15	0
        110436	2026-04-06 12:17:35	1	2	15	0
        110065	2026-04-06 12:17:38	1	2	15	0
        119475	2026-04-06 12:17:43	1	2	15	0
        119272	2026-04-06 12:17:46	1	2	15	0
        118302	2026-04-06 12:17:52	1	2	15	0
        110060	2026-04-06 12:17:57	1	2	15	0
        116960	2026-04-06 12:18:03	1	2	15	0
        110083	2026-04-06 12:18:07	1	2	15	0
        110473	2026-04-06 12:18:10	1	2	15	0
        118584	2026-04-06 12:18:14	1	2	15	0
        119340	2026-04-06 12:18:16	1	2	15	0
        118917	2026-04-06 12:18:21	1	2	15	0
        110466	2026-04-06 12:18:27	1	2	15	0
        116824	2026-04-06 12:18:30	1	2	15	0
        119453	2026-04-06 12:18:36	1	2	15	0
        110088	2026-04-06 12:18:38	1	2	15	0
        117497	2026-04-06 12:18:42	1	2	15	0
        117733	2026-04-06 12:18:44	1	2	15	0
        110077	2026-04-06 12:18:50	1	2	15	0
        110580	2026-04-06 12:18:54	1	2	15	0
        110581	2026-04-06 12:18:58	1	2	15	0
        116537	2026-04-06 12:19:01	1	2	15	0
        116337	2026-04-06 12:19:04	1	2	15	0
        110732	2026-04-06 12:19:05	1	2	15	0
        117077	2026-04-06 12:19:07	1	2	15	0
        110198	2026-04-06 12:19:10	1	2	15	0
        117341	2026-04-06 12:19:12	1	2	15	0
        119602	2026-04-06 12:19:14	1	2	15	0
        110378	2026-04-06 12:19:17	1	2	15	0
        117616	2026-04-06 12:19:19	1	2	15	0
        116472	2026-04-06 12:19:21	1	2	15	0
        116747	2026-04-06 12:19:23	1	2	15	0
        117692	2026-04-06 12:19:25	1	2	15	0
        117982	2026-04-06 12:19:27	1	2	15	0
        116428	2026-04-06 12:19:28	1	2	15	0
        117833	2026-04-06 12:19:30	1	2	15	0
        118761	2026-04-06 12:19:33	1	2	15	0
        117113	2026-04-06 12:20:14	1	2	15	0
        117742	2026-04-06 12:20:21	1	2	15	0
        110063	2026-04-06 12:20:28	1	2	15	0
        117807	2026-04-06 12:20:36	1	2	15	0
        110076	2026-04-06 12:20:39	1	2	15	0
        118702	2026-04-06 12:20:42	1	2	15	0
        110183	2026-04-06 12:20:44	1	2	15	0
        117921	2026-04-06 12:20:46	1	2	15	0
        110430	2026-04-06 12:20:53	1	2	15	0
        118992	2026-04-06 12:20:54	1	2	15	0
        117529	2026-04-06 12:20:57	1	2	15	0
        117635	2026-04-06 12:21:02	1	2	15	0
        117660	2026-04-06 12:21:05	1	2	15	0
        117110	2026-04-06 12:21:07	1	2	15	0
        110512	2026-04-06 12:21:10	1	2	15	0
        118550	2026-04-06 12:21:12	1	2	15	0
        110513	2026-04-06 12:21:13	1	2	15	0
        110514	2026-04-06 12:21:15	1	2	15	0
        110372	2026-04-06 12:21:20	1	2	15	0
        119282	2026-04-06 12:21:22	1	2	15	0
        118750	2026-04-06 12:21:23	1	2	15	0
        117054	2026-04-06 12:21:25	1	2	15	0
        117849	2026-04-06 12:21:30	1	2	15	0
        116472	2026-04-06 12:21:33	1	2	15	0
        116747	2026-04-06 12:21:35	1	2	15	0
        118744	2026-04-06 12:21:38	1	2	15	0
        116142	2026-04-06 12:21:39	1	2	15	0
        117642	2026-04-06 12:21:43	1	2	15	0
        117088	2026-04-06 12:21:44	1	2	15	0
        116741	2026-04-06 12:21:46	1	2	15	0
        110413	2026-04-06 12:21:49	1	2	15	0
        110053	2026-04-06 12:21:56	1	2	15	0
        117828	2026-04-06 12:22:01	1	2	15	0
        117100	2026-04-06 12:22:05	1	2	15	0
        118753	2026-04-06 12:22:09	1	2	15	0
        117567	2026-04-06 12:22:13	1	2	15	0
        117591	2026-04-06 12:22:16	1	2	15	0
        116835	2026-04-06 12:22:23	1	2	15	0
        110070	2026-04-06 12:22:26	1	2	15	0
        110131	2026-04-06 12:22:45	1	2	15	0
        119365	2026-04-06 12:22:59	1	2	15	0
        116346	2026-04-06 12:23:11	1	2	15	0
        117337	2026-04-06 12:23:19	1	2	15	0
        117111	2026-04-06 12:23:21	1	2	15	0
        118695	2026-04-06 12:23:23	1	2	15	0
        117054	2026-04-06 12:23:36	1	2	15	0
        110183	2026-04-06 12:23:42	1	2	15	0
        118862	2026-04-06 12:23:45	1	2	15	0
        117835	2026-04-06 12:23:59	1	2	15	0
        116835	2026-04-06 12:24:32	1	2	15	0
        117966	2026-04-06 12:24:48	1	2	15	0
        118997	2026-04-06 12:24:58	1	2	15	0
        117224	2026-04-06 12:25:13	1	2	15	0
        119340	2026-04-06 12:25:18	1	2	15	0
        119282	2026-04-06 12:25:27	1	2	15	0
        116142	2026-04-06 12:25:32	1	2	15	0
        118753	2026-04-06 12:25:34	1	2	15	0
        110113	2026-04-06 12:25:40	1	2	15	0
        118862	2026-04-06 12:25:44	1	2	15	0
        117699	2026-04-06 12:26:25	1	2	15	0
        117841	2026-04-06 12:26:29	1	2	15	0
        117528	2026-04-06 12:26:54	1	2	15	0
        118584	2026-04-06 12:27:11	1	2	15	0
        119602	2026-04-06 12:27:15	1	2	15	0
        110475	2026-04-06 12:27:21	1	2	15	0
        116346	2026-04-06 12:27:24	1	2	15	0
        118917	2026-04-06 12:27:27	1	2	15	0
        116799	2026-04-06 12:27:34	1	2	15	0
        118101	2026-04-06 12:27:57	1	2	15	0
        110032	2026-04-06 12:28:57	1	2	15	0
        117981	2026-04-06 12:29:07	1	2	15	0
        110116	2026-04-06 12:29:09	1	2	15	0
        117091	2026-04-06 12:29:16	1	2	15	0
        116356	2026-04-06 12:29:18	1	2	15	0
        116805	2026-04-06 12:29:20	1	2	15	0
        117061	2026-04-06 12:29:23	1	2	15	0
        116428	2026-04-06 12:29:53	1	2	15	0
        118761	2026-04-06 12:29:55	1	2	15	0
        110006	2026-04-06 12:30:05	1	2	15	0
        110549	2026-04-06 12:30:10	1	2	15	0
        117224	2026-04-06 12:30:43	1	3	15	0
        118580	2026-04-06 12:31:08	1	3	15	0
        110084	2026-04-06 12:31:13	1	3	15	0
        110538	2026-04-06 12:31:17	1	3	15	0
        110006	2026-04-06 12:31:47	1	3	15	0
        110055	2026-04-06 12:31:52	1	3	15	0
        117733	2026-04-06 12:31:55	1	3	15	0
        118732	2026-04-06 12:32:02	1	3	15	0
        110113	2026-04-06 12:32:05	1	3	15	0
        118593	2026-04-06 12:32:05	1	3	15	0
        117122	2026-04-06 12:32:25	1	3	15	0
        117699	2026-04-06 12:32:31	1	3	15	0
        117936	2026-04-06 12:32:52	1	3	15	0
        117061	2026-04-06 12:32:56	1	3	15	0
        116356	2026-04-06 12:32:58	1	3	15	0
        116805	2026-04-06 12:33:00	1	3	15	0
        117981	2026-04-06 12:33:02	1	3	15	0
        117091	2026-04-06 12:33:15	1	3	15	0
        117225	2026-04-06 12:33:18	1	3	15	0
        118101	2026-04-06 12:33:20	1	3	15	0
        110084	2026-04-06 12:33:34	1	3	15	0
        118580	2026-04-06 12:33:36	1	3	15	0
        110055	2026-04-06 12:33:50	1	3	15	0
        117840	2026-04-06 12:33:56	1	3	15	0
        110357	2026-04-06 12:34:35	1	3	15	0
        117700	2026-04-06 12:35:13	1	3	15	0
        116493	2026-04-06 12:35:24	1	3	15	0
        119070	2026-04-06 12:35:37	1	3	15	0
        118455	2026-04-06 12:35:38	1	3	15	0
        119227	2026-04-06 12:35:41	1	3	15	0
        110074	2026-04-06 12:35:43	1	3	15	0
        117222	2026-04-06 12:35:48	1	3	15	0
        117786	2026-04-06 12:35:54	1	3	15	0
        117936	2026-04-06 12:36:45	1	3	15	0
        118732	2026-04-06 12:36:58	1	3	15	0
        117103	2026-04-06 12:37:16	1	3	15	0
        110574	2026-04-06 12:37:53	1	3	15	0
        119494	2026-04-06 12:38:18	1	3	15	0
        118813	2026-04-06 12:38:22	1	3	15	0
        117700	2026-04-06 12:38:27	1	3	15	0
        118207	2026-04-06 12:38:42	1	3	15	0
        117630	2026-04-06 12:38:45	1	3	15	0
        117042	2026-04-06 12:39:20	1	3	15	0
        116451	2026-04-06 12:39:23	1	3	15	0
        117114	2026-04-06 12:39:43	1	3	15	0
        116493	2026-04-06 12:39:52	1	3	15	0
        119227	2026-04-06 12:39:54	1	3	15	0
        117103	2026-04-06 12:39:58	1	3	15	0
        110074	2026-04-06 12:40:02	1	3	15	0
        119070	2026-04-06 12:40:10	1	3	15	0
        118455	2026-04-06 12:40:12	1	3	15	0
        110197	2026-04-06 12:40:27	1	3	15	0
        116828	2026-04-06 12:40:31	1	3	1	0
        110355	2026-04-06 12:40:51	1	3	15	0
        110485	2026-04-06 12:40:57	1	3	15	0
        117528	2026-04-06 12:41:02	1	3	15	0
        110357	2026-04-06 12:41:09	1	3	15	0
        118207	2026-04-06 12:41:34	1	3	15	0
        116483	2026-04-06 12:41:51	1	3	15	0
        116504	2026-04-06 12:41:58	1	3	15	0
        110431	2026-04-06 12:42:05	1	3	15	0
        117043	2026-04-06 12:42:48	1	3	15	0
        110466	2026-04-06 12:42:53	1	3	15	0
        118813	2026-04-06 12:43:25	1	3	15	0
        118221	2026-04-06 12:43:49	1	3	15	0
        117085	2026-04-06 12:44:39	1	3	15	0
        117121	2026-04-06 12:45:22	1	3	15	0
        117156	2026-04-06 12:45:24	1	3	15	0
        118782	2026-04-06 12:45:26	1	3	15	0
        110574	2026-04-06 12:45:39	1	3	15	0
        118302	2026-04-06 12:45:46	1	3	15	0
        110452	2026-04-06 12:46:01	1	3	15	0
        110485	2026-04-06 12:47:00	1	3	15	0
        118221	2026-04-06 12:47:18	1	3	15	0
        117114	2026-04-06 12:48:05	1	3	15	0
        119594	2026-04-06 12:48:19	1	3	15	0
        110062	2026-04-06 12:48:23	1	3	15	0
        117998	2026-04-06 12:49:11	1	3	15	0
        117043	2026-04-06 12:49:32	1	3	15	0
        116073	2026-04-06 12:49:38	1	3	15	0
        117575	2026-04-06 12:49:47	1	3	15	0
        119594	2026-04-06 12:49:52	1	3	15	0
        116166	2026-04-06 12:50:21	1	3	15	0
        117630	2026-04-06 12:50:39	1	3	15	0
        119386	2026-04-06 12:50:51	1	3	15	0
        110057	2026-04-06 12:50:59	1	3	15	0
        117644	2026-04-06 12:51:23	1	3	15	0
        110360	2026-04-06 12:51:26	1	3	15	0
        110062	2026-04-06 12:51:40	1	3	15	0
        119386	2026-04-06 12:51:58	1	3	15	0
        117575	2026-04-06 12:52:06	1	3	15	0
        117972	2026-04-06 12:52:30	1	3	15	0
        119143	2026-04-06 12:52:33	1	3	15	0
        117993	2026-04-06 12:53:09	1	3	15	0
        118593	2026-04-06 12:53:56	1	3	15	0
        117644	2026-04-06 12:54:16	1	3	15	0
        118867	2026-04-06 12:54:25	1	3	15	0
        119494	2026-04-06 12:54:32	1	3	15	0
        110475	2026-04-06 12:55:06	1	3	15	0
        117930	2026-04-06 12:55:12	1	3	15	0
        110200	2026-04-06 12:55:17	1	3	15	0
        110356	2026-04-06 12:55:21	1	3	15	0
        110057	2026-04-06 12:55:27	1	3	15	0
        117993	2026-04-06 12:55:35	1	3	15	0
        117926	2026-04-06 12:55:37	1	3	15	0
        116828	2026-04-06 12:56:31	1	3	1	0
        119143	2026-04-06 12:57:37	1	3	15	0
        117972	2026-04-06 12:57:40	1	3	15	0
        110200	2026-04-06 12:58:01	1	3	15	0
        118867	2026-04-06 12:58:13	1	3	15	0
        117926	2026-04-06 12:58:35	1	3	15	0
        110195	2026-04-06 12:59:02	1	3	15	0
        110193	2026-04-06 12:59:09	1	3	15	0
        117114	2026-04-06 13:01:05	1	3	15	0
        110495	2026-04-06 13:09:48	1	3	15	0
        117790	2026-04-06 16:11:46	1	1	15	0
        116346	2026-04-06 16:31:46	1	1	15	0
        117219	2026-04-06 17:01:10	1	1	15	0
        118186	2026-04-06 17:01:12	1	1	15	0
        116422	2026-04-06 17:01:15	1	1	15	0
        116297	2026-04-06 17:01:17	1	1	15	0
        118157	2026-04-06 17:01:35	1	1	15	0
        117683	2026-04-06 17:01:38	1	1	15	0
        118928	2026-04-06 17:01:39	1	1	15	0
        117634	2026-04-06 17:01:41	1	1	15	0
        117915	2026-04-06 17:01:43	1	1	15	0
        117088	2026-04-06 17:01:46	1	1	15	0
        117635	2026-04-06 17:01:52	1	1	15	0
        110355	2026-04-06 17:01:53	1	1	15	0
        116104	2026-04-06 17:02:46	1	1	15	0
        116799	2026-04-06 17:02:51	1	1	15	0
        110356	2026-04-06 17:02:53	1	1	15	0
        119535	2026-04-06 17:03:20	1	1	15	0
        117926	2026-04-06 17:03:23	1	1	15	0
        117733	2026-04-06 17:03:28	1	1	15	0
        118207	2026-04-06 17:03:44	1	1	15	0
        119453	2026-04-06 17:03:54	1	1	15	0
        117269	2026-04-06 17:04:15	1	1	15	0
        119272	2026-04-06 17:04:20	1	1	15	0
        116441	2026-04-06 17:04:24	1	1	15	0
        118750	2026-04-06 17:04:27	1	1	15	0
        118813	2026-04-06 17:04:32	1	1	15	0
        116129	2026-04-06 17:04:35	1	1	15	0
        117660	2026-04-06 17:04:37	1	1	15	0
        117930	2026-04-06 17:04:38	1	1	15	0
        110492	2026-04-06 17:04:42	1	1	15	0
        117110	2026-04-06 17:04:43	1	1	15	0
        117121	2026-04-06 17:04:47	1	1	15	0
        118782	2026-04-06 17:04:49	1	1	15	0
        116053	2026-04-06 17:04:53	1	1	15	0
        116741	2026-04-06 17:04:59	1	1	15	0
        117567	2026-04-06 17:05:25	1	1	15	0
        117224	2026-04-06 17:05:34	1	1	15	0
        117103	2026-04-06 17:05:37	1	1	15	0
        117920	2026-04-06 17:05:40	1	1	15	0
        117850	2026-04-06 17:05:44	1	1	15	0
        117054	2026-04-06 17:05:47	1	1	15	0
        117698	2026-04-06 17:05:50	1	1	15	0
        118640	2026-04-06 17:05:52	1	1	15	0
        118829	2026-04-06 17:05:54	1	1	15	0
        117983	2026-04-06 17:06:02	1	1	15	0
        110632	2026-04-06 17:06:06	1	1	15	0
        116279	2026-04-06 17:06:22	1	1	15	0
        110354	2026-04-06 17:06:34	1	1	15	0
        117680	2026-04-06 17:06:37	1	1	15	0
        118550	2026-04-06 17:06:43	1	1	15	0
        117196	2026-04-06 17:06:44	1	1	15	0
        119475	2026-04-06 17:06:59	1	1	15	0
        117144	2026-04-06 17:07:55	1	1	15	0
        110465	2026-04-06 17:08:02	1	1	15	0
        117595	2026-04-06 17:08:06	1	1	15	0
        117705	2026-04-06 17:08:16	1	1	15	0
        117543	2026-04-06 17:08:20	1	1	15	0
        117936	2026-04-06 17:08:27	1	1	15	0
        110088	2026-04-06 17:08:56	1	1	15	0
        117497	2026-04-06 17:08:58	1	1	15	0
        119571	2026-04-06 17:09:08	1	1	15	0
        110377	2026-04-06 17:09:17	1	1	15	0
        110413	2026-04-06 17:09:20	1	1	15	0
        110376	2026-04-06 17:09:29	1	1	15	0
        110418	2026-04-06 17:09:37	1	1	15	0
        116472	2026-04-06 17:09:41	1	1	15	0
        110051	2026-04-06 17:10:04	1	1	15	0
        110436	2026-04-06 17:10:34	1	1	15	0
        116748	2026-04-06 17:11:07	1	1	15	0
        110158	2026-04-06 17:11:26	1	1	15	0
        116902	2026-04-06 17:11:31	1	1	15	0
        117043	2026-04-06 17:11:34	1	1	15	0
        118568	2026-04-06 17:12:00	1	1	15	0
        110475	2026-04-06 17:12:21	1	1	15	0
        117812	2026-04-06 17:12:39	1	1	15	0
        117122	2026-04-06 17:12:41	1	1	15	0
        117111	2026-04-06 17:12:42	1	1	15	0
        116990	2026-04-06 17:12:46	1	1	15	0
        110452	2026-04-06 17:12:50	1	1	15	0
        117921	2026-04-06 17:12:52	1	1	15	0
        110473	2026-04-06 17:12:59	1	1	15	0
        116960	2026-04-06 17:13:03	1	1	15	0
        116828	2026-04-06 17:13:05	1	1	1	0
        110060	2026-04-06 17:13:11	1	1	15	0
        110100	2026-04-06 17:13:13	1	1	15	0
        116763	2026-04-06 17:13:16	1	1	15	0
        110172	2026-04-06 17:13:19	1	1	15	0
        117528	2026-04-06 17:13:21	1	1	15	0
        117835	2026-04-06 17:13:40	1	1	15	0
        116142	2026-04-06 17:13:42	1	1	15	0
        117770	2026-04-06 17:13:44	1	1	15	0
        117828	2026-04-06 17:13:47	1	1	15	0
        118101	2026-04-06 17:13:49	1	1	15	0
        117969	2026-04-06 17:13:53	1	1	15	0
        110527	2026-04-06 17:13:59	1	1	15	0
        110128	2026-04-06 17:14:48	1	1	15	0
        118917	2026-04-06 17:14:55	1	1	15	0
        110105	2026-04-06 17:16:05	1	1	15	0
        110424	2026-04-06 17:16:11	1	1	15	0
        110197	2026-04-06 17:16:23	1	1	15	0
        118971	2026-04-06 17:16:27	1	1	15	0
        117529	2026-04-06 17:16:31	1	1	15	0
        119449	2026-04-06 17:16:34	1	1	15	0
        110076	2026-04-06 17:16:42	1	1	15	0
        110195	2026-04-06 17:16:51	1	1	15	0
        116787	2026-04-06 17:16:56	1	1	15	0
        116493	2026-04-06 17:16:57	1	1	15	0
        110070	2026-04-06 17:16:58	1	1	15	0
        110085	2026-04-06 17:17:08	1	1	15	0
        110574	2026-04-06 17:17:16	1	1	15	0
        110360	2026-04-06 17:17:22	1	1	15	0
        117692	2026-04-06 17:18:26	1	1	15	0
        118271	2026-04-06 17:18:40	1	1	15	0
        117998	2026-04-06 17:18:44	1	1	15	0
        117575	2026-04-06 17:18:54	1	1	15	0
        117849	2026-04-06 17:18:59	1	1	15	0
        117993	2026-04-06 17:19:04	1	1	15	0
        117839	2026-04-06 17:19:06	1	1	15	0
        117982	2026-04-06 17:19:09	1	1	15	0
        118732	2026-04-06 17:19:10	1	1	15	0
        117840	2026-04-06 17:19:15	1	1	15	0
        119494	2026-04-06 17:19:19	1	1	15	0
        119143	2026-04-06 17:19:29	1	1	15	0
        117841	2026-04-06 17:19:32	1	1	15	0
        117529	2026-04-06 17:19:57	1	1	15	0
        118997	2026-04-06 17:20:13	1	1	15	0
        117541	2026-04-06 17:20:16	1	1	15	0
        117259	2026-04-06 17:20:18	1	1	15	0
        116504	2026-04-06 17:20:23	1	1	15	0
        118702	2026-04-06 17:20:25	1	1	15	0
        110507	2026-04-06 17:20:26	1	1	15	0
        117837	2026-04-06 17:20:41	1	1	15	0
        119157	2026-04-06 17:20:42	1	1	15	0
        110077	2026-04-06 17:20:43	1	1	15	0
        116070	2026-04-06 17:20:51	1	1	15	0
        119006	2026-04-06 17:20:53	1	1	15	0
        116069	2026-04-06 17:20:54	1	1	15	0
        116451	2026-04-06 17:21:02	1	1	15	0
        117042	2026-04-06 17:21:05	1	1	15	0
        117039	2026-04-06 17:21:08	1	1	15	0
        117817	2026-04-06 17:21:11	1	1	15	0
        118992	2026-04-06 17:21:14	1	1	15	0
        117100	2026-04-06 17:21:19	1	1	15	0
        118221	2026-04-06 17:21:32	1	1	15	0
        110466	2026-04-06 17:21:35	1	1	15	0
        116274	2026-04-06 17:21:37	1	1	15	0
        117487	2026-04-06 17:21:45	1	1	15	0
        117723	2026-04-06 17:21:47	1	1	15	0
        110084	2026-04-06 17:21:51	1	1	15	0
        110538	2026-04-06 17:21:53	1	1	15	0
        116260	2026-04-06 17:21:56	1	1	15	0
        116073	2026-04-06 17:21:58	1	1	15	0
        117162	2026-04-06 17:22:01	1	1	15	0
        110131	2026-04-06 17:23:43	1	1	15	0
        119070	2026-04-06 17:24:08	1	1	15	0
        117786	2026-04-06 17:24:20	1	1	15	0
        118580	2026-04-06 17:24:56	1	1	15	0
        116383	2026-04-06 17:25:04	1	1	15	0
        110357	2026-04-06 17:25:11	1	1	15	0
        119263	2026-04-06 17:25:33	1	1	15	0
        116483	2026-04-06 17:25:48	1	1	15	0
        117061	2026-04-06 17:25:50	1	1	15	0
        117924	2026-04-06 17:25:51	1	1	15	0
        119493	2026-04-06 17:25:59	1	1	15	0
        116072	2026-04-06 17:26:03	1	1	15	0
        118744	2026-04-06 17:26:06	1	1	15	0
        110457	2026-04-06 17:26:08	1	1	15	0
        117270	2026-04-06 17:26:23	1	1	15	0
        117156	2026-04-06 17:26:44	1	1	15	0
        110431	2026-04-06 17:26:46	1	1	15	0
        117742	2026-04-06 17:26:55	1	1	15	0
        117699	2026-04-06 17:26:58	1	1	15	0
        119282	2026-04-06 17:27:40	1	1	15	0
        110116	2026-04-06 17:27:49	1	1	15	0
        118593	2026-04-06 17:27:57	1	1	15	0
        117966	2026-04-06 17:28:02	1	1	15	0
        117113	2026-04-06 17:28:23	1	1	15	0
        110535	2026-04-06 17:30:21	1	1	15	0
        116834	2026-04-06 17:30:26	1	1	15	0
        117133	2026-04-06 17:31:31	1	1	15	0
        116337	2026-04-06 17:31:33	1	1	15	0
        116933	2026-04-06 17:32:16	1	1	15	0
        117542	2026-04-06 17:32:35	1	1	15	0
        117711	2026-04-06 17:32:40	1	1	15	0
        117709	2026-04-06 17:32:46	1	1	15	0
        117716	2026-04-06 17:32:53	1	1	15	0
        116824	2026-04-06 17:32:58	1	1	15	0
        118455	2026-04-06 17:33:16	1	1	15	0
        118584	2026-04-06 17:34:21	1	1	15	0
        116551	2026-04-06 17:34:25	1	1	15	0
        118503	2026-04-06 17:34:27	1	1	15	0
        110485	2026-04-06 17:34:55	1	1	15	0
        117700	2026-04-06 17:35:48	1	1	15	0
        117707	2026-04-06 17:35:52	1	1	15	0
        116496	2026-04-06 17:35:58	1	1	15	0
        110378	2026-04-06 17:36:20	1	1	15	0
        110493	2026-04-06 17:36:37	1	1	15	0
        110495	2026-04-06 17:36:42	1	1	15	0
        117630	2026-04-06 17:37:03	1	1	15	0
        116537	2026-04-06 17:37:10	1	1	15	0
        117341	2026-04-06 17:37:15	1	1	15	0
        110053	2026-04-06 17:37:59	1	1	15	0
        110062	2026-04-06 17:38:01	1	1	15	0
        119386	2026-04-06 17:38:02	1	1	15	0
        110549	2026-04-06 17:38:22	1	1	15	0
        117644	2026-04-06 17:39:10	1	1	15	0
        117212	2026-04-06 17:39:12	1	1	15	0
        118862	2026-04-06 17:39:14	1	1	15	0
        117972	2026-04-06 17:39:15	1	1	15	0
        110050	2026-04-06 17:39:18	1	1	15	0
        117642	2026-04-06 17:39:57	1	1	15	0
        119340	2026-04-06 17:40:11	1	1	15	0
        118753	2026-04-06 17:40:27	1	1	15	0
        116849	2026-04-06 17:41:03	1	1	15	0
        117077	2026-04-06 17:41:05	1	1	15	0
        116428	2026-04-06 17:41:40	1	1	15	0
        110065	2026-04-06 17:41:52	1	1	15	0
        116995	2026-04-06 17:42:24	1	1	15	0
        118867	2026-04-06 17:43:02	1	1	15	0
        110032	2026-04-06 17:43:55	1	1	15	0
        117807	2026-04-06 17:44:22	1	1	15	0
        116497	2026-04-06 17:44:44	1	1	15	0
        116805	2026-04-06 17:44:54	1	1	15	0
        118369	2026-04-06 17:45:01	1	1	15	0
        117981	2026-04-06 17:45:02	1	1	15	0
        116831	2026-04-06 17:45:43	1	1	15	0
        117114	2026-04-06 17:45:46	1	1	15	0
        117616	2026-04-06 17:46:51	1	1	15	0
        110083	2026-04-06 17:47:23	1	1	15	0
        110090	2026-04-06 17:48:52	1	1	15	0
        116356	2026-04-06 17:49:21	1	1	15	0
        118043	2026-04-06 17:49:29	1	1	15	0
        119227	2026-04-06 17:51:27	1	1	15	0
        110057	2026-04-06 17:51:55	1	1	15	0
        119364	2026-04-06 17:52:02	1	1	15	0
        110074	2026-04-06 17:53:09	1	1	15	0
        110093	2026-04-06 17:53:58	1	1	15	0
        110055	2026-04-06 17:54:03	1	1	15	0
        118761	2026-04-06 17:55:44	1	1	15	0
        110025	2026-04-06 17:56:40	1	1	15	0
        110198	2026-04-06 17:57:37	1	1	1	0
        110506	2026-04-06 17:58:35	1	1	15	0
        110063	2026-04-06 17:59:06	1	1	15	0
        117091	2026-04-06 17:59:10	1	1	15	0
        117201	2026-04-06 17:59:50	1	1	15	0
        119104	2026-04-06 18:00:00	1	1	15	0
        110430	2026-04-06 18:00:32	1	1	15	0
        110514	2026-04-06 18:01:55	1	1	15	0
        110512	2026-04-06 18:01:59	1	1	15	0
        117085	2026-04-06 18:04:21	1	1	15	0
        110200	2026-04-06 18:05:45	1	1	15	0
        110183	2026-04-06 18:05:50	1	1	15	0
        117147	2026-04-06 18:06:19	1	1	15	0
        117999	2026-04-06 18:08:29	1	1	15	0
        110513	2026-04-06 18:09:27	1	1	15	0
        117591	2026-04-06 18:11:24	1	1	15	0
        117222	2026-04-06 18:13:25	1	1	15	0
        116747	2026-04-06 18:17:24	1	1	15	0
        110581	2026-04-06 18:21:32	1	1	15	0
        110580	2026-04-06 18:21:37	1	1	15	0
        110732	2026-04-06 18:21:41	1	1	15	0
        119107	2026-04-06 18:21:47	1	1	15	0
        117833	2026-04-06 18:25:35	1	1	15	0
        116166	2026-04-06 19:02:46	1	1	15	0
        119232	2026-04-06 19:03:16	1	1	15	0
        110006	2026-04-06 19:20:31	1	1	15	0
        117814	2026-04-06 19:21:23	1	1	15	0
        110372	2026-04-06 19:21:28	1	1	15	0
        116835	2026-04-06 19:21:57	1	1	15	0
        117046	2026-04-06 19:29:29	1	1	15	0
        118695	2026-04-06 19:30:00	1	1	15	0
        118563	2026-04-06 19:30:01	1	1	15	0
        117120	2026-04-06 19:30:07	1	1	15	0
        117337	2026-04-06 19:30:23	1	1	15	0
        118302	2026-04-06 19:38:42	1	1	15	0
        117201	2026-04-07 04:56:26	1	0	15	0
        116831	2026-04-07 05:20:56	1	0	15	0
        118369	2026-04-07 05:38:14	1	0	15	0
        110144	2026-04-07 06:05:37	1	0	15	0
        110535	2026-04-07 06:12:10	1	0	15	0
        118046	2026-04-07 06:22:37	1	0	15	0
        116426	2026-04-07 06:24:57	1	0	15	0
        110432	2026-04-07 06:25:14	1	0	15	0
        116834	2026-04-07 06:26:43	1	0	15	0
        119107	2026-04-07 06:39:31	1	0	15	0
        119070	2026-04-07 06:39:36	1	0	15	0
        118992	2026-04-07 06:44:40	1	0	15	0
        110060	2026-04-07 06:45:30	1	0	15	0
        116799	2026-04-07 06:45:46	1	0	15	0
        117224	2026-04-07 06:49:13	1	0	15	0
        117930	2026-04-07 06:49:41	1	0	15	0
        110131	2026-04-07 06:50:05	1	0	15	0
        110093	2026-04-07 06:50:23	1	0	15	0
        116763	2026-04-07 06:50:28	1	0	15	0
        110465	2026-04-07 06:50:46	1	0	15	0
        110732	2026-04-07 06:51:04	1	0	15	0
        110549	2026-04-07 06:51:29	1	0	15	0
        117983	2026-04-07 06:51:33	1	0	15	0
        117790	2026-04-07 06:54:02	1	0	15	0
        117999	2026-04-07 06:54:43	1	0	15	0
        117972	2026-04-07 06:57:01	1	0	15	0
        117969	2026-04-07 06:57:59	1	0	15	0
        110632	2026-04-07 06:58:06	1	0	15	0
        118750	2026-04-07 06:59:21	1	0	15	0
        118580	2026-04-07 07:00:00	1	0	15	0
        117835	2026-04-07 07:00:07	1	0	15	0
        117591	2026-04-07 07:01:34	1	0	15	0
        110580	2026-04-07 07:01:45	1	0	15	0
        110574	2026-04-07 07:01:51	1	0	15	0
        117711	2026-04-07 07:02:38	1	0	15	0
        110421	2026-04-07 07:03:06	1	0	15	0
        110113	2026-04-07 07:04:01	1	0	15	0
        118782	2026-04-07 07:05:02	1	0	15	0
        118997	2026-04-07 07:05:09	1	0	15	0
        110466	2026-04-07 07:05:59	1	0	15	0
        117129	2026-04-07 07:06:05	1	0	15	0
        117133	2026-04-07 07:06:11	1	0	15	0
        118640	2026-04-07 07:06:17	1	0	15	0
        117982	2026-04-07 07:06:39	1	0	15	0
        117092	2026-04-07 07:06:53	1	0	15	0
        110183	2026-04-07 07:07:13	1	0	15	0
        119143	2026-04-07 07:07:46	1	0	15	0
        116346	2026-04-07 07:08:24	1	0	15	0
        119494	2026-04-07 07:10:28	1	0	15	0
        117110	2026-04-07 07:12:41	1	0	15	0
        116497	2026-04-07 07:14:04	1	0	15	0
        117742	2026-04-07 07:15:14	1	0	15	0
        110538	2026-04-07 07:15:39	1	0	15	0
        110581	2026-04-07 07:16:35	1	0	15	0
        119571	2026-04-07 07:17:44	1	0	15	0
        118302	2026-04-07 07:20:20	1	0	15	0
        118101	2026-04-07 07:20:42	1	0	15	0
        117707	2026-04-07 07:21:05	1	0	15	0
        117699	2026-04-07 07:21:09	1	0	15	0
        117635	2026-04-07 07:21:14	1	0	15	0
        116741	2026-04-07 07:21:26	1	0	15	0
        117259	2026-04-07 07:21:56	1	0	15	0
        119365	2026-04-07 07:23:00	1	0	15	0
        110424	2026-04-07 07:23:04	1	0	15	0
        117705	2026-04-07 07:24:09	1	0	15	0
        110495	2026-04-07 07:24:14	1	0	15	0
        116142	2026-04-07 07:24:20	1	0	15	0
        110512	2026-04-07 07:24:55	1	0	15	0
        116995	2026-04-07 07:25:05	1	0	15	0
        117840	2026-04-07 07:25:27	1	0	15	0
        117543	2026-04-07 07:25:37	1	0	15	0
        118455	2026-04-07 07:26:15	1	0	15	0
        119493	2026-04-07 07:27:24	1	0	15	0
        110485	2026-04-07 07:28:02	1	0	15	0
        117700	2026-04-07 07:28:24	1	0	15	0
        119157	2026-04-07 07:28:57	1	0	15	0
        117270	2026-04-07 07:29:44	1	0	15	0
        110032	2026-04-07 07:29:49	1	0	15	0
        117088	2026-04-07 07:30:08	1	0	15	0
        118043	2026-04-07 07:30:16	1	0	15	0
        116493	2026-04-07 07:30:25	1	0	15	0
        116551	2026-04-07 07:30:30	1	0	15	0
        116496	2026-04-07 07:30:32	1	0	15	0
        117817	2026-04-07 07:30:36	1	0	15	0
        110633	2026-04-07 07:31:22	1	0	15	0
        118732	2026-04-07 07:32:02	1	0	15	0
        119104	2026-04-07 07:32:19	1	0	15	0
        117162	2026-04-07 07:32:28	1	0	15	0
        110493	2026-04-07 07:32:50	1	0	15	0
        110128	2026-04-07 07:32:56	1	0	15	0
        110393	2026-04-07 07:33:01	1	0	15	0
        117121	2026-04-07 07:33:09	1	0	15	0
        117683	2026-04-07 07:33:15	1	0	15	0
        119364	2026-04-07 07:33:55	1	0	15	0
        110475	2026-04-07 07:34:01	1	0	15	0
        110355	2026-04-07 07:35:00	1	0	15	0
        110158	2026-04-07 07:35:05	1	0	15	0
        110356	2026-04-07 07:35:11	1	0	15	0
        110431	2026-04-07 07:35:17	1	0	15	0
        116428	2026-04-07 07:35:41	1	0	15	0
        117541	2026-04-07 07:35:47	1	0	15	0
        116477	2026-04-07 07:35:52	1	0	15	0
        117497	2026-04-07 07:36:10	1	0	15	0
        118186	2026-04-07 07:36:38	1	0	15	0
        110116	2026-04-07 07:36:54	1	0	15	0
        117114	2026-04-07 07:36:59	1	0	15	0
        117716	2026-04-07 07:37:11	1	0	15	0
        117998	2026-04-07 07:37:14	1	0	15	0
        118829	2026-04-07 07:37:37	1	0	15	0
        117039	2026-04-07 07:38:20	1	0	15	0
        110063	2026-04-07 07:38:45	1	0	15	0
        119272	2026-04-07 07:38:50	1	0	15	0
        116537	2026-04-07 07:38:52	1	0	15	0
        119263	2026-04-07 07:38:53	1	0	15	0
        119594	2026-04-07 07:39:04	1	0	15	0
        118221	2026-04-07 07:39:05	1	0	15	0
        118744	2026-04-07 07:39:47	1	0	15	0
        110457	2026-04-07 07:40:16	1	0	15	0
        118695	2026-04-07 07:40:40	1	0	15	0
        117812	2026-04-07 07:40:46	1	0	15	0
        117815	2026-04-07 07:41:09	1	0	15	0
        116504	2026-04-07 07:41:13	1	0	15	0
        117680	2026-04-07 07:41:35	1	0	15	0
        110378	2026-04-07 07:42:10	1	0	15	0
        117042	2026-04-07 07:42:23	1	0	15	0
        116451	2026-04-07 07:42:27	1	0	15	0
        117061	2026-04-07 07:42:28	1	0	15	0
        116483	2026-04-07 07:42:32	1	0	15	0
        118157	2026-04-07 07:42:34	1	0	15	0
        119282	2026-04-07 07:43:27	1	0	15	0
        117487	2026-04-07 07:43:40	1	0	15	0
        118503	2026-04-07 07:43:42	1	0	15	0
        117915	2026-04-07 07:43:52	1	0	15	0
        117634	2026-04-07 07:43:54	1	0	15	0
        116274	2026-04-07 07:43:58	1	0	15	0
        117841	2026-04-07 07:44:48	1	0	15	0
        119449	2026-04-07 07:44:51	1	0	15	0
        110785	2026-04-07 07:44:56	1	0	15	0
        116828	2026-04-07 07:45:02	1	0	1	0
        110507	2026-04-07 07:45:16	1	0	15	0
        117839	2026-04-07 07:45:40	1	0	15	0
        110083	2026-04-07 07:46:03	1	0	15	0
        116104	2026-04-07 07:46:31	1	0	15	0
        117920	2026-04-07 07:46:36	1	0	15	0
        116960	2026-04-07 07:47:03	1	0	15	0
        117085	2026-04-07 07:47:07	1	0	15	0
        117230	2026-04-07 07:47:23	1	0	15	0
        116356	2026-04-07 07:47:28	1	0	15	0
        116073	2026-04-07 07:47:30	1	0	15	0
        110492	2026-04-07 07:47:33	1	0	15	0
        110354	2026-04-07 07:47:36	1	0	15	0
        110473	2026-04-07 07:47:37	1	0	15	0
        110025	2026-04-07 07:47:39	1	0	15	0
        117660	2026-04-07 07:47:41	1	0	15	0
        118862	2026-04-07 07:47:53	1	0	15	0
        118568	2026-04-07 07:47:59	1	0	15	0
        116805	2026-04-07 07:48:03	1	0	15	0
        116129	2026-04-07 07:48:09	1	0	15	0
        119453	2026-04-07 07:48:12	1	0	15	0
        117542	2026-04-07 07:48:20	1	0	15	0
        110197	2026-04-07 07:48:31	1	0	15	0
        110053	2026-04-07 07:48:39	1	0	15	0
        117103	2026-04-07 07:49:03	1	0	15	0
        110657	2026-04-07 07:49:08	1	0	15	0
        117850	2026-04-07 07:49:13	1	0	15	0
        110062	2026-04-07 07:49:22	1	0	15	0
        118271	2026-04-07 07:49:25	1	0	15	0
        117144	2026-04-07 07:49:33	1	0	15	0
        119340	2026-04-07 07:49:41	1	0	15	0
        117595	2026-04-07 07:49:44	1	0	15	0
        117837	2026-04-07 07:49:47	1	0	15	0
        118813	2026-04-07 07:50:01	1	0	15	0
        118953	2026-04-07 07:50:18	1	0	15	0
        117212	2026-04-07 07:50:25	1	0	15	0
        117645	2026-04-07 07:50:36	1	0	15	0
        110085	2026-04-07 07:51:00	1	0	15	0
        110377	2026-04-07 07:51:19	1	0	15	0
        110376	2026-04-07 07:51:23	1	0	15	0
        110077	2026-04-07 07:52:06	1	0	15	0
        117786	2026-04-07 07:52:13	1	0	15	0
        116260	2026-04-07 07:52:19	1	0	15	0
        117077	2026-04-07 07:52:31	1	0	15	0
        117639	2026-04-07 07:52:34	1	0	15	0
        110088	2026-04-07 07:52:50	1	0	15	0
        117103	2026-04-07 07:52:54	1	0	15	0
        117770	2026-04-07 07:53:14	1	0	1	0
        110514	2026-04-07 07:53:20	1	0	15	0
        110527	2026-04-07 07:53:25	1	0	15	0
        116072	2026-04-07 07:53:33	1	0	15	0
        117567	2026-04-07 07:53:40	1	0	15	0
        116933	2026-04-07 07:53:49	1	0	15	0
        118180	2026-04-07 07:53:54	1	0	15	0
        118867	2026-04-07 07:54:15	1	0	15	0
        118753	2026-04-07 07:54:17	1	0	15	0
        116453	2026-04-07 07:54:18	1	0	15	0
        116069	2026-04-07 07:54:20	1	0	15	0
        116282	2026-04-07 07:54:23	1	0	15	0
        117616	2026-04-07 07:54:54	1	0	15	0
        117113	2026-04-07 07:55:05	1	0	15	0
        118971	2026-04-07 07:55:25	1	0	15	0
        110090	2026-04-07 07:55:45	1	0	15	0
        117219	2026-04-07 07:55:47	1	0	15	0
        117644	2026-04-07 07:56:01	1	0	15	0
        117529	2026-04-07 07:56:24	1	0	15	0
        117936	2026-04-07 07:56:56	1	0	15	0
        117111	2026-04-07 07:57:05	1	0	15	0
        116990	2026-04-07 07:57:10	1	0	15	0
        110413	2026-04-07 07:57:13	1	0	15	0
        117698	2026-04-07 07:58:07	1	0	15	0
        116166	2026-04-07 07:58:14	1	0	15	0
        117723	2026-04-07 07:58:16	1	0	15	0
        116297	2026-04-07 07:58:41	1	0	15	0
        110436	2026-04-07 07:59:16	1	0	15	0
        110070	2026-04-07 07:59:31	1	0	15	0
        117733	2026-04-07 07:59:41	1	0	15	0
        110105	2026-04-07 07:59:48	1	0	15	0
        116849	2026-04-07 08:00:00	1	0	15	0
        118928	2026-04-07 08:00:21	1	0	15	0
        117966	2026-04-07 08:00:23	1	0	15	0
        117807	2026-04-07 08:00:31	1	0	15	0
        110100	2026-04-07 08:00:43	1	0	15	0
        119535	2026-04-07 08:01:01	1	0	15	0
        117828	2026-04-07 08:01:24	1	0	15	0
        117981	2026-04-07 08:01:28	1	0	15	0
        117630	2026-04-07 08:01:45	1	0	15	0
        117924	2026-04-07 08:02:20	1	0	15	0
        117849	2026-04-07 08:02:26	1	0	15	0
        117054	2026-04-07 08:02:35	1	0	15	0
        117341	2026-04-07 08:02:44	1	0	15	0
        117833	2026-04-07 08:03:16	1	0	15	0
        118702	2026-04-07 08:03:37	1	0	15	0
        116337	2026-04-07 08:04:22	1	0	15	0
        110200	2026-04-07 08:04:25	1	0	15	0
        110057	2026-04-07 08:05:24	1	0	15	0
        117222	2026-04-07 08:05:32	1	0	15	0
        117921	2026-04-07 08:06:22	1	0	15	0
        110076	2026-04-07 08:08:22	1	0	15	0
        110452	2026-04-07 08:09:12	1	0	15	0
        117692	2026-04-07 08:09:21	1	0	15	0
        116441	2026-04-07 08:11:13	1	0	15	0
        118550	2026-04-07 08:11:56	1	0	15	0
        110055	2026-04-07 08:12:09	1	0	15	0
        117196	2026-04-07 08:12:17	1	0	15	0
        117043	2026-04-07 08:14:13	1	0	15	0
        116787	2026-04-07 08:16:56	1	0	15	0
        117575	2026-04-07 08:17:13	1	0	15	0
        118458	2026-04-07 08:17:22	1	0	15	0
        117642	2026-04-07 08:17:29	1	0	15	0
        118207	2026-04-07 08:17:33	1	0	15	0
        116824	2026-04-07 08:17:40	1	0	15	0
        117100	2026-04-07 08:18:49	1	0	15	0
        118584	2026-04-07 08:20:07	1	0	15	0
        110050	2026-04-07 08:20:56	1	0	15	0
        119006	2026-04-07 08:21:01	1	0	15	0
        119386	2026-04-07 08:21:09	1	0	15	0
        117122	2026-04-07 08:21:32	1	0	15	0
        118563	2026-04-07 08:22:06	1	0	15	0
        118593	2026-04-07 08:22:17	1	0	15	0
        116902	2026-04-07 08:23:20	1	0	15	0
        110360	2026-04-07 08:26:27	1	0	15	0
        119232	2026-04-07 08:27:35	1	0	15	0
        117120	2026-04-07 08:30:27	1	0	15	0
        117046	2026-04-07 08:30:49	1	0	15	0
        117269	2026-04-07 08:31:11	1	0	15	0
        110418	2026-04-07 08:34:07	1	0	15	0
        117337	2026-04-07 08:35:22	1	0	15	0
        116053	2026-04-07 08:36:56	1	0	15	0
        110128	2026-04-07 08:38:32	1	0	15	0
        110172	2026-04-07 08:39:20	1	0	15	0
        116748	2026-04-07 08:47:38	1	0	15	0
        110195	2026-04-07 08:49:47	1	0	15	0
        117814	2026-04-07 08:50:21	1	0	15	0
        117528	2026-04-07 08:51:01	1	0	15	0
        117993	2026-04-07 08:51:37	1	0	15	0
        117926	2026-04-07 08:52:02	1	0	15	0
        117156	2026-04-07 08:58:21	1	0	15	0
        116747	2026-04-07 09:14:51	1	0	15	0
        118761	2026-04-07 09:18:45	1	0	15	0
        116070	2026-04-07 09:19:18	1	0	15	0
        117061	2026-04-07 12:00:03	1	2	15	0
        116356	2026-04-07 12:00:05	1	2	15	0
        117129	2026-04-07 12:00:08	1	2	15	0
        110088	2026-04-07 12:00:10	1	2	15	0
        117981	2026-04-07 12:00:13	1	2	15	0
        117487	2026-04-07 12:00:16	1	2	15	0
        110465	2026-04-07 12:00:16	1	2	15	0
        110090	2026-04-07 12:00:18	1	2	15	0
        118702	2026-04-07 12:00:24	1	2	15	0
        117723	2026-04-07 12:00:26	1	2	15	0
        117162	2026-04-07 12:00:28	1	2	15	0
        117201	2026-04-07 12:00:36	1	2	15	0
        119453	2026-04-07 12:00:38	1	2	15	0
        110354	2026-04-07 12:00:42	1	2	15	0
        116282	2026-04-07 12:00:44	1	2	15	0
        118157	2026-04-07 12:00:46	1	2	15	0
        117683	2026-04-07 12:00:50	1	2	15	0
        117219	2026-04-07 12:00:52	1	2	15	0
        116104	2026-04-07 12:00:54	1	2	15	0
        117742	2026-04-07 12:00:56	1	2	15	0
        117850	2026-04-07 12:00:58	1	2	15	0
        117920	2026-04-07 12:01:00	1	2	15	0
        118186	2026-04-07 12:01:02	1	2	15	0
        117698	2026-04-07 12:01:04	1	2	15	0
        117707	2026-04-07 12:01:06	1	2	15	0
        110378	2026-04-07 12:01:07	1	2	15	0
        117122	2026-04-07 12:01:09	1	2	15	0
        117114	2026-04-07 12:01:11	1	2	15	0
        116990	2026-04-07 12:01:17	1	2	15	0
        116297	2026-04-07 12:01:20	1	2	15	0
        117983	2026-04-07 12:01:22	1	2	15	0
        117543	2026-04-07 12:01:24	1	2	15	0
        117642	2026-04-07 12:01:26	1	2	15	0
        117915	2026-04-07 12:01:28	1	2	15	0
        116805	2026-04-07 12:01:29	1	2	15	0
        118917	2026-04-07 12:01:33	1	2	15	0
        117981	2026-04-07 12:01:37	1	2	15	0
        118369	2026-04-07 12:01:43	1	2	15	0
        117634	2026-04-07 12:01:49	1	2	15	0
        110452	2026-04-07 12:01:51	1	2	15	0
        116166	2026-04-07 12:01:58	1	2	15	0
        117705	2026-04-07 12:02:03	1	2	15	0
        119263	2026-04-07 12:02:06	1	2	15	0
        116902	2026-04-07 12:02:11	1	2	15	0
        117100	2026-04-07 12:02:13	1	2	15	0
        117833	2026-04-07 12:02:15	1	2	15	0
        117042	2026-04-07 12:02:17	1	2	15	0
        116356	2026-04-07 12:02:20	1	2	15	0
        117061	2026-04-07 12:02:21	1	2	15	0
        116069	2026-04-07 12:02:26	1	2	15	0
        119449	2026-04-07 12:02:27	1	2	15	0
        117807	2026-04-07 12:02:29	1	2	15	0
        116070	2026-04-07 12:02:32	1	2	15	0
        116451	2026-04-07 12:02:35	1	2	15	0
        118761	2026-04-07 12:02:36	1	2	15	0
        117930	2026-04-07 12:02:40	1	2	15	0
        119571	2026-04-07 12:02:45	1	2	15	0
        119107	2026-04-07 12:02:50	1	2	15	0
        110424	2026-04-07 12:02:53	1	2	15	0
        110418	2026-04-07 12:02:55	1	2	15	0
        110354	2026-04-07 12:03:00	1	2	15	0
        118369	2026-04-07 12:03:05	1	2	15	0
        110507	2026-04-07 12:03:07	1	2	15	0
        116741	2026-04-07 12:03:15	1	2	15	0
        116441	2026-04-07 12:03:18	1	2	15	0
        116805	2026-04-07 12:03:19	1	2	15	0
        117129	2026-04-07 12:03:23	1	2	15	0
        117567	2026-04-07 12:03:27	1	2	15	0
        110436	2026-04-07 12:03:34	1	2	15	0
        110360	2026-04-07 12:03:36	1	2	15	0
        110657	2026-04-07 12:03:38	1	2	15	0
        110495	2026-04-07 12:03:40	1	2	15	0
        110493	2026-04-07 12:03:42	1	2	15	0
        110105	2026-04-07 12:03:44	1	2	15	0
        116104	2026-04-07 12:03:46	1	2	15	0
        117497	2026-04-07 12:03:48	1	2	15	0
        116282	2026-04-07 12:03:50	1	2	15	0
        118157	2026-04-07 12:03:52	1	2	15	0
        117219	2026-04-07 12:03:53	1	2	15	0
        117915	2026-04-07 12:03:55	1	2	15	0
        117683	2026-04-07 12:03:56	1	2	15	0
        117634	2026-04-07 12:03:59	1	2	15	0
        117850	2026-04-07 12:04:00	1	2	15	0
        117920	2026-04-07 12:04:02	1	2	15	0
        118186	2026-04-07 12:04:05	1	2	15	0
        117707	2026-04-07 12:04:06	1	2	15	0
        116426	2026-04-07 12:04:08	1	2	15	0
        117698	2026-04-07 12:04:10	1	2	15	0
        117705	2026-04-07 12:04:11	1	2	15	0
        117144	2026-04-07 12:04:16	1	2	15	0
        117541	2026-04-07 12:04:18	1	2	15	0
        119263	2026-04-07 12:04:21	1	2	15	0
        117259	2026-04-07 12:04:23	1	2	15	0
        117926	2026-04-07 12:04:25	1	2	15	0
        117222	2026-04-07 12:04:28	1	2	15	0
        116297	2026-04-07 12:04:31	1	2	15	0
        117716	2026-04-07 12:04:33	1	2	15	0
        110431	2026-04-07 12:04:35	1	2	15	0
        116763	2026-04-07 12:04:38	1	2	15	0
        117828	2026-04-07 12:04:40	1	2	15	0
        117224	2026-04-07 12:04:42	1	2	15	0
        110172	2026-04-07 12:04:44	1	2	15	0
        118695	2026-04-07 12:04:46	1	2	15	0
        116477	2026-04-07 12:04:48	1	2	15	0
        117790	2026-04-07 12:04:49	1	2	15	0
        118862	2026-04-07 12:04:51	1	2	15	0
        110549	2026-04-07 12:04:52	1	2	15	0
        110088	2026-04-07 12:04:54	1	2	15	0
        119535	2026-04-07 12:04:56	1	2	15	0
        110116	2026-04-07 12:04:58	1	2	15	0
        117998	2026-04-07 12:05:00	1	2	15	0
        110128	2026-04-07 12:05:02	1	2	15	0
        117742	2026-04-07 12:05:04	1	2	15	0
        116990	2026-04-07 12:05:12	1	2	15	0
        110200	2026-04-07 12:05:16	1	2	15	0
        116070	2026-04-07 12:05:17	1	2	15	0
        116069	2026-04-07 12:05:19	1	2	15	0
        117807	2026-04-07 12:05:22	1	2	15	0
        110131	2026-04-07 12:05:31	1	2	15	0
        110413	2026-04-07 12:05:50	1	2	15	0
        117814	2026-04-07 12:06:05	1	2	15	0
        110421	2026-04-07 12:06:11	1	2	15	0
        116428	2026-04-07 12:06:16	1	2	15	0
        117930	2026-04-07 12:06:20	1	2	15	0
        117201	2026-04-07 12:06:32	1	2	15	0
        117543	2026-04-07 12:06:34	1	2	15	0
        117733	2026-04-07 12:06:37	1	2	15	0
        118971	2026-04-07 12:06:49	1	2	15	0
        117212	2026-04-07 12:06:51	1	2	15	0
        110077	2026-04-07 12:06:53	1	2	15	0
        117993	2026-04-07 12:06:56	1	2	15	0
        110632	2026-04-07 12:06:59	1	2	15	0
        116477	2026-04-07 12:07:03	1	2	15	0
        110465	2026-04-07 12:07:05	1	2	15	0
        117591	2026-04-07 12:07:08	1	2	15	0
        116748	2026-04-07 12:07:11	1	2	15	0
        110158	2026-04-07 12:07:13	1	2	15	0
        110377	2026-04-07 12:07:23	1	2	15	0
        110376	2026-04-07 12:07:26	1	2	15	0
        117616	2026-04-07 12:07:29	1	2	15	0
        110378	2026-04-07 12:07:33	1	2	15	0
        117259	2026-04-07 12:07:36	1	2	15	0
        117541	2026-04-07 12:07:39	1	2	15	0
        117054	2026-04-07 12:07:58	1	2	15	0
        117817	2026-04-07 12:08:01	1	2	15	0
        117790	2026-04-07 12:08:03	1	2	15	0
        117786	2026-04-07 12:08:06	1	2	15	0
        116763	2026-04-07 12:08:09	1	2	15	0
        118695	2026-04-07 12:08:13	1	2	15	0
        117999	2026-04-07 12:08:15	1	2	15	0
        110113	2026-04-07 12:08:18	1	2	15	0
        117642	2026-04-07 12:08:20	1	2	15	0
        116902	2026-04-07 12:08:22	1	2	15	0
        117828	2026-04-07 12:08:25	1	2	15	0
        117567	2026-04-07 12:08:27	1	2	15	0
        110200	2026-04-07 12:08:30	1	2	15	0
        110172	2026-04-07 12:08:32	1	2	15	0
        117926	2026-04-07 12:08:34	1	2	15	0
        110418	2026-04-07 12:08:36	1	2	15	0
        110131	2026-04-07 12:08:38	1	2	15	0
        110424	2026-04-07 12:08:40	1	2	15	0
        116451	2026-04-07 12:08:42	1	2	15	0
        117222	2026-04-07 12:08:44	1	2	15	0
        116426	2026-04-07 12:08:46	1	2	15	0
        116747	2026-04-07 12:08:48	1	2	15	0
        119107	2026-04-07 12:08:53	1	2	15	0
        110063	2026-04-07 12:08:56	1	2	15	0
        116496	2026-04-07 12:09:02	1	2	15	0
        110090	2026-04-07 12:09:04	1	2	15	0
        110507	2026-04-07 12:09:07	1	2	15	0
        116551	2026-04-07 12:09:11	1	2	15	0
        116849	2026-04-07 12:09:13	1	2	15	0
        110527	2026-04-07 12:09:26	1	2	15	0
        110657	2026-04-07 12:09:41	1	2	15	0
        110493	2026-04-07 12:09:45	1	2	15	0
        117113	2026-04-07 12:09:52	1	2	15	0
        110085	2026-04-07 12:09:55	1	2	15	0
        117528	2026-04-07 12:09:59	1	2	15	0
        110128	2026-04-07 12:10:07	1	2	15	0
        118992	2026-04-07 12:10:21	1	2	15	0
        117088	2026-04-07 12:10:26	1	2	15	0
        117054	2026-04-07 12:10:31	1	2	15	0
        110580	2026-04-07 12:10:35	1	2	15	0
        119493	2026-04-07 12:10:36	1	2	15	0
        116441	2026-04-07 12:10:40	1	2	15	0
        110581	2026-04-07 12:10:43	1	2	15	0
        116741	2026-04-07 12:10:46	1	2	15	0
        110055	2026-04-07 12:10:47	1	2	15	0
        110100	2026-04-07 12:10:50	1	2	15	0
        116960	2026-04-07 12:10:52	1	2	15	0
        110732	2026-04-07 12:10:53	1	2	15	0
        117497	2026-04-07 12:10:56	1	2	15	0
        119006	2026-04-07 12:10:58	1	2	15	0
        116799	2026-04-07 12:11:02	1	2	15	0
        118744	2026-04-07 12:11:04	1	2	15	0
        116933	2026-04-07 12:11:07	1	2	15	0
        116453	2026-04-07 12:11:08	1	2	15	0
        117529	2026-04-07 12:11:21	1	2	15	0
        110195	2026-04-07 12:11:24	1	2	15	0
        119535	2026-04-07 12:11:32	1	2	15	0
        117039	2026-04-07 12:11:41	1	2	15	0
        116824	2026-04-07 12:11:47	1	2	15	0
        117042	2026-04-07 12:11:51	1	2	15	0
        118271	2026-04-07 12:12:00	1	2	15	0
        116274	2026-04-07 12:12:02	1	2	15	0
        110432	2026-04-07 12:12:04	1	2	15	0
        118992	2026-04-07 12:12:19	1	2	15	0
        116072	2026-04-07 12:12:23	1	2	15	0
        116497	2026-04-07 12:12:25	1	2	15	0
        117924	2026-04-07 12:12:26	1	2	15	0
        117711	2026-04-07 12:12:28	1	2	15	0
        116260	2026-04-07 12:12:29	1	2	15	0
        117660	2026-04-07 12:12:31	1	2	15	0
        117043	2026-04-07 12:12:33	1	2	15	0
        117230	2026-04-07 12:12:56	1	2	15	0
        118550	2026-04-07 12:13:00	1	2	15	0
        118568	2026-04-07 12:13:06	1	2	15	0
        118862	2026-04-07 12:13:18	1	2	15	0
        110377	2026-04-07 12:13:21	1	2	15	0
        110376	2026-04-07 12:13:27	1	2	15	0
        119453	2026-04-07 12:13:33	1	2	15	0
        119104	2026-04-07 12:13:39	1	2	15	0
        119493	2026-04-07 12:13:57	1	2	15	0
        117144	2026-04-07 12:14:00	1	2	15	0
        117529	2026-04-07 12:14:05	1	2	15	0
        110633	2026-04-07 12:14:11	1	2	15	0
        116787	2026-04-07 12:14:21	1	2	15	0
        117122	2026-04-07 12:14:26	1	2	15	0
        118046	2026-04-07 12:14:32	1	2	15	0
        117133	2026-04-07 12:14:38	1	2	15	0
        118971	2026-04-07 12:14:44	1	2	15	0
        119157	2026-04-07 12:14:48	1	2	15	0
        117999	2026-04-07 12:14:51	1	2	15	0
        117113	2026-04-07 12:14:55	1	2	15	0
        110105	2026-04-07 12:14:57	1	2	15	0
        117591	2026-04-07 12:15:00	1	2	15	0
        119282	2026-04-07 12:15:08	1	2	15	0
        110053	2026-04-07 12:15:20	1	2	15	0
        118043	2026-04-07 12:15:23	1	2	15	0
        117998	2026-04-07 12:15:27	1	2	15	0
        117046	2026-04-07 12:15:33	1	2	15	0
        117085	2026-04-07 12:15:36	1	2	15	0
        117120	2026-04-07 12:15:39	1	2	15	0
        118563	2026-04-07 12:15:42	1	2	15	0
        117716	2026-04-07 12:15:44	1	2	15	0
        116849	2026-04-07 12:15:46	1	2	15	0
        110113	2026-04-07 12:15:48	1	2	15	0
        116496	2026-04-07 12:15:51	1	2	15	0
        118744	2026-04-07 12:16:01	1	2	15	0
        119157	2026-04-07 12:16:05	1	2	15	0
        116428	2026-04-07 12:16:18	1	2	15	0
        118271	2026-04-07 12:16:23	1	2	15	0
        116274	2026-04-07 12:16:25	1	2	15	0
        116551	2026-04-07 12:16:28	1	2	15	0
        119232	2026-04-07 12:16:31	1	2	15	0
        110432	2026-04-07 12:16:34	1	2	15	0
        117983	2026-04-07 12:16:37	1	2	15	0
        110492	2026-04-07 12:16:40	1	2	15	0
        110063	2026-04-07 12:16:41	1	2	15	0
        118813	2026-04-07 12:16:43	1	2	15	0
        117833	2026-04-07 12:16:46	1	2	15	0
        119272	2026-04-07 12:16:46	1	2	15	0
        117635	2026-04-07 12:16:49	1	2	15	0
        117110	2026-04-07 12:16:53	1	2	15	0
        118761	2026-04-07 12:16:55	1	2	15	0
        118750	2026-04-07 12:16:57	1	2	15	0
        118928	2026-04-07 12:17:01	1	2	15	0
        116129	2026-04-07 12:17:03	1	2	15	0
        116053	2026-04-07 12:17:05	1	2	15	0
        117230	2026-04-07 12:17:07	1	2	15	0
        110538	2026-04-07 12:17:09	1	2	15	0
        110158	2026-04-07 12:17:10	1	2	15	0
        116748	2026-04-07 12:17:13	1	2	15	0
        118550	2026-04-07 12:17:16	1	2	15	0
        116337	2026-04-07 12:17:18	1	2	15	0
        110032	2026-04-07 12:17:20	1	2	15	0
        117077	2026-04-07 12:17:23	1	2	15	0
        116537	2026-04-07 12:17:25	1	2	15	0
        117341	2026-04-07 12:17:27	1	2	15	0
        117088	2026-04-07 12:17:29	1	2	15	0
        117212	2026-04-07 12:17:32	1	2	15	0
        117993	2026-04-07 12:17:34	1	2	15	0
        117817	2026-04-07 12:17:37	1	2	15	0
        117043	2026-04-07 12:17:39	1	2	15	0
        118732	2026-04-07 12:17:43	1	2	15	0
        116497	2026-04-07 12:17:48	1	2	15	0
        117924	2026-04-07 12:17:50	1	2	15	0
        116072	2026-04-07 12:17:53	1	2	15	0
        116260	2026-04-07 12:17:54	1	2	15	0
        117039	2026-04-07 12:17:58	1	2	15	0
        117133	2026-04-07 12:18:04	1	2	15	0
        116453	2026-04-07 12:18:07	1	2	15	0
        116824	2026-04-07 12:18:22	1	2	15	0
        119282	2026-04-07 12:18:24	1	2	15	0
        110430	2026-04-07 12:18:28	1	2	15	0
        110527	2026-04-07 12:18:36	1	2	15	0
        117111	2026-04-07 12:18:39	1	2	15	0
        117337	2026-04-07 12:18:42	1	2	15	0
        117100	2026-04-07 12:19:13	1	2	15	0
        117921	2026-04-07 12:19:25	1	2	15	0
        117982	2026-04-07 12:19:27	1	2	15	0
        117692	2026-04-07 12:19:28	1	2	15	0
        117680	2026-04-07 12:19:34	1	2	15	0
        110436	2026-04-07 12:19:38	1	2	15	0
        117700	2026-04-07 12:19:56	1	2	15	0
        117733	2026-04-07 12:20:01	1	2	15	0
        118953	2026-04-07 12:20:04	1	2	15	0
        110100	2026-04-07 12:20:06	1	2	15	0
        116960	2026-04-07 12:20:09	1	2	15	0
        119006	2026-04-07 12:20:11	1	2	15	0
        116337	2026-04-07 12:20:15	1	2	15	0
        116537	2026-04-07 12:20:18	1	2	15	0
        117077	2026-04-07 12:20:21	1	2	15	0
        116799	2026-04-07 12:20:26	1	2	15	0
        116142	2026-04-07 12:20:30	1	2	15	0
        118813	2026-04-07 12:20:33	1	2	15	0
        118928	2026-04-07 12:20:35	1	2	15	0
        116129	2026-04-07 12:20:37	1	2	15	0
        119272	2026-04-07 12:20:40	1	2	15	0
        110355	2026-04-07 12:20:44	1	2	15	0
        117341	2026-04-07 12:20:46	1	2	15	0
        110356	2026-04-07 12:20:46	1	2	15	0
        110475	2026-04-07 12:20:50	1	2	15	0
        118750	2026-04-07 12:21:15	1	2	15	0
        117110	2026-04-07 12:21:16	1	2	15	0
        117635	2026-04-07 12:21:19	1	2	15	0
        116053	2026-04-07 12:21:21	1	2	15	0
        110492	2026-04-07 12:21:36	1	2	15	0
        110197	2026-04-07 12:21:51	1	2	15	0
        117841	2026-04-07 12:22:00	1	2	15	0
        117616	2026-04-07 12:22:04	1	2	15	0
        119104	2026-04-07 12:22:26	1	2	15	0
        110053	2026-04-07 12:22:33	1	2	15	0
        118043	2026-04-07 12:22:34	1	2	15	0
        118640	2026-04-07 12:22:36	1	2	15	0
        118180	2026-04-07 12:22:38	1	2	15	0
        118503	2026-04-07 12:22:41	1	2	15	0
        119340	2026-04-07 12:22:44	1	2	15	0
        117046	2026-04-07 12:22:46	1	2	15	0
        117120	2026-04-07 12:22:48	1	2	15	0
        117700	2026-04-07 12:23:02	1	2	15	0
        110475	2026-04-07 12:23:14	1	2	15	0
        110549	2026-04-07 12:23:20	1	2	15	0
        110356	2026-04-07 12:23:23	1	2	15	0
        110355	2026-04-07 12:23:25	1	2	15	0
        117840	2026-04-07 12:23:31	1	2	15	0
        119494	2026-04-07 12:23:33	1	2	15	0
        117849	2026-04-07 12:23:37	1	2	15	0
        117085	2026-04-07 12:23:39	1	2	15	0
        118782	2026-04-07 12:23:40	1	2	15	0
        117121	2026-04-07 12:23:43	1	2	15	0
        117156	2026-04-07 12:23:46	1	2	15	0
        118584	2026-04-07 12:23:49	1	2	15	0
        110070	2026-04-07 12:23:50	1	2	15	0
        117921	2026-04-07 12:23:53	1	2	15	0
        117692	2026-04-07 12:23:55	1	2	15	0
        117982	2026-04-07 12:23:58	1	2	15	0
        117542	2026-04-07 12:24:01	1	2	15	0
        116933	2026-04-07 12:24:06	1	2	15	0
        110538	2026-04-07 12:24:10	1	2	15	0
        118563	2026-04-07 12:24:19	1	2	15	0
        117639	2026-04-07 12:24:21	1	2	15	0
        119449	2026-04-07 12:25:06	1	2	15	0
        110116	2026-04-07 12:25:16	1	2	15	0
        118503	2026-04-07 12:25:22	1	2	15	0
        116142	2026-04-07 12:25:41	1	2	15	0
        116828	2026-04-07 12:25:48	1	2	1	0
        117270	2026-04-07 12:25:57	1	2	15	0
        119340	2026-04-07 12:26:07	1	2	15	0
        117969	2026-04-07 12:26:12	1	2	15	0
        117723	2026-04-07 12:26:21	1	2	15	0
        116787	2026-04-07 12:26:23	1	2	15	0
        117487	2026-04-07 12:26:25	1	2	15	0
        110032	2026-04-07 12:26:27	1	2	15	0
        110581	2026-04-07 12:26:30	1	2	15	0
        110580	2026-04-07 12:26:33	1	2	15	0
        110060	2026-04-07 12:26:35	1	2	15	0
        110732	2026-04-07 12:26:38	1	2	15	0
        119232	2026-04-07 12:26:41	1	2	15	0
        117542	2026-04-07 12:26:59	1	2	15	0
        118584	2026-04-07 12:27:23	1	2	15	0
        118732	2026-04-07 12:27:27	1	2	15	0
        118953	2026-04-07 12:27:30	1	2	15	0
        117680	2026-04-07 12:27:32	1	2	15	0
        117639	2026-04-07 12:27:36	1	2	15	0
        117699	2026-04-07 12:27:50	1	2	15	0
        118702	2026-04-07 12:28:06	1	2	15	0
        118867	2026-04-07 12:28:29	1	2	15	0
        117969	2026-04-07 12:28:54	1	2	15	0
        118101	2026-04-07 12:29:00	1	2	15	0
        117162	2026-04-07 12:29:32	1	2	15	0
        117814	2026-04-07 12:29:42	1	2	15	0
        116346	2026-04-07 12:29:59	1	2	15	0
        110077	2026-04-07 12:30:06	1	2	15	0
        117786	2026-04-07 12:30:11	1	2	15	0
        119449	2026-04-07 12:30:22	1	2	15	0
        110060	2026-04-07 12:30:31	1	2	15	0
        119494	2026-04-07 12:31:00	1	2	15	0
        117849	2026-04-07 12:31:04	1	2	15	0
        117156	2026-04-07 12:31:08	1	2	15	0
        118782	2026-04-07 12:31:14	1	2	15	0
        117711	2026-04-07 12:31:17	1	2	15	0
        117121	2026-04-07 12:31:20	1	2	15	0
        110632	2026-04-07 12:31:25	1	2	15	0
        110413	2026-04-07 12:31:30	1	2	15	0
        110473	2026-04-07 12:31:52	1	2	15	0
        118753	2026-04-07 12:32:00	1	2	15	0
        110060	2026-04-07 12:32:10	1	2	15	0
        118867	2026-04-07 12:32:15	1	2	15	0
        118207	2026-04-07 12:32:36	1	2	15	0
        110485	2026-04-07 12:32:48	1	2	15	0
        110574	2026-04-07 12:32:53	1	2	15	0
        117841	2026-04-07 12:33:23	1	2	15	0
        116493	2026-04-07 12:33:34	1	2	15	0
        119365	2026-04-07 12:33:39	1	2	15	0
        116346	2026-04-07 12:34:08	1	2	15	0
        117224	2026-04-07 12:34:20	1	2	15	0
        110421	2026-04-07 12:34:24	1	2	15	0
        110062	2026-04-07 12:34:40	1	2	15	0
        119386	2026-04-07 12:34:45	1	2	15	0
        117840	2026-04-07 12:34:56	1	2	15	0
        116279	2026-04-07 12:35:26	1	2	15	0
        117630	2026-04-07 12:35:36	1	3	15	0
        118207	2026-04-07 12:35:41	1	3	15	0
        119386	2026-04-07 12:35:48	1	3	15	0
        118640	2026-04-07 12:36:06	1	3	15	0
        118180	2026-04-07 12:36:08	1	3	15	0
        118593	2026-04-07 12:36:10	1	3	15	0
        117528	2026-04-07 12:36:20	1	3	15	0
        110514	2026-04-07 12:36:26	1	3	15	0
        117270	2026-04-07 12:36:32	1	3	15	0
        117092	2026-04-07 12:36:38	1	3	15	0
        110512	2026-04-07 12:36:42	1	3	15	0
        110195	2026-04-07 12:36:49	1	3	15	0
        110006	2026-04-07 12:36:58	1	3	15	0
        116747	2026-04-07 12:37:04	1	3	15	0
        110430	2026-04-07 12:37:07	1	3	15	0
        118753	2026-04-07 12:37:09	1	3	15	0
        110473	2026-04-07 12:37:17	1	3	15	0
        117595	2026-04-07 12:37:37	1	3	15	0
        117103	2026-04-07 12:38:11	1	3	15	0
        116483	2026-04-07 12:38:13	1	3	15	0
        116504	2026-04-07 12:38:17	1	3	15	0
        118568	2026-04-07 12:38:31	1	3	15	0
        110485	2026-04-07 12:38:39	1	3	15	0
        110574	2026-04-07 12:38:42	1	3	15	0
        117644	2026-04-07 12:38:47	1	3	15	0
        117092	2026-04-07 12:39:28	1	3	15	0
        110512	2026-04-07 12:40:24	1	3	15	0
        110514	2026-04-07 12:40:29	1	3	15	0
        110062	2026-04-07 12:40:58	1	3	15	0
        110452	2026-04-07 12:41:10	1	3	15	0
        116828	2026-04-07 12:41:37	1	3	1	0
        117103	2026-04-07 12:41:48	1	3	15	0
        118046	2026-04-07 12:41:59	1	3	15	0
        116504	2026-04-07 12:42:24	1	3	15	0
        116483	2026-04-07 12:42:26	1	3	15	0
        110197	2026-04-07 12:42:40	1	3	15	0
        117111	2026-04-07 12:42:42	1	3	15	0
        119365	2026-04-07 12:42:58	1	3	15	0
        117644	2026-04-07 12:43:01	1	3	15	0
        116493	2026-04-07 12:43:03	1	3	15	0
        118101	2026-04-07 12:43:08	1	3	15	0
        117630	2026-04-07 12:43:19	1	3	15	0
        110070	2026-04-07 12:43:22	1	3	15	0
        118458	2026-04-07 12:43:29	1	3	15	0
        117269	2026-04-07 12:43:35	1	3	15	0
        110457	2026-04-07 12:43:41	1	3	15	0
        118455	2026-04-07 12:43:44	1	3	15	0
        117337	2026-04-07 12:43:44	1	3	15	0
        119070	2026-04-07 12:43:48	1	3	15	0
        110076	2026-04-07 12:43:51	1	3	15	0
        117595	2026-04-07 12:44:12	1	3	15	0
        117269	2026-04-07 12:45:50	1	3	15	0
        117966	2026-04-07 12:46:01	1	3	15	0
        110431	2026-04-07 12:46:09	1	3	15	0
        118593	2026-04-07 12:46:25	1	3	15	0
        110083	2026-04-07 12:46:36	1	3	15	0
        110076	2026-04-07 12:47:10	1	3	15	0
        119571	2026-04-07 12:47:40	1	3	15	0
        116073	2026-04-07 12:47:50	1	3	15	0
        110183	2026-04-07 12:47:58	1	3	15	0
        117966	2026-04-07 12:48:03	1	3	15	0
        119070	2026-04-07 12:48:25	1	3	15	0
        118455	2026-04-07 12:48:28	1	3	15	0
        110457	2026-04-07 12:48:33	1	3	15	0
        117972	2026-04-07 12:48:54	1	3	15	0
        118458	2026-04-07 12:49:21	1	3	15	0
        117575	2026-04-07 12:49:26	1	3	15	0
        110466	2026-04-07 12:49:48	1	3	15	0
        110083	2026-04-07 12:50:05	1	3	15	0
        117699	2026-04-07 12:51:02	1	3	15	0
        117972	2026-04-07 12:51:13	1	3	15	0
        119143	2026-04-07 12:51:20	1	3	15	0
        119364	2026-04-07 12:51:25	1	3	15	0
        110057	2026-04-07 12:51:27	1	3	15	0
        118580	2026-04-07 12:52:34	1	3	15	0
        110785	2026-04-07 12:53:12	1	3	15	0
        117575	2026-04-07 12:54:16	1	3	15	0
        119143	2026-04-07 12:54:19	1	3	15	0
        116166	2026-04-07 12:55:04	1	3	15	0
        110360	2026-04-07 12:55:12	1	3	15	0
        117993	2026-04-07 12:55:37	1	3	15	0
        117212	2026-04-07 12:55:42	1	3	15	0
        117114	2026-04-07 12:55:44	1	3	15	0
        110025	2026-04-07 12:56:17	1	3	15	0
        118580	2026-04-07 12:56:40	1	3	15	0
        110057	2026-04-07 12:56:56	1	3	15	0
        119364	2026-04-07 12:57:08	1	3	15	0
        110183	2026-04-07 12:57:14	1	3	15	0
        110466	2026-04-07 12:57:28	1	3	15	0
        110025	2026-04-07 12:58:29	1	3	15	0
        116073	2026-04-07 12:59:51	1	3	15	0
        110113	2026-04-07 16:10:33	1	1	15	0
        116297	2026-04-07 17:01:22	1	1	15	0
        118180	2026-04-07 17:01:27	1	1	15	0
        118928	2026-04-07 17:01:30	1	1	15	0
        116166	2026-04-07 17:01:32	1	1	15	0
        110507	2026-04-07 17:01:34	1	1	15	0
        117815	2026-04-07 17:01:38	1	1	15	0
        118207	2026-04-07 17:02:30	1	1	15	0
        116282	2026-04-07 17:02:33	1	1	15	0
        110360	2026-04-07 17:02:36	1	1	15	0
        110355	2026-04-07 17:02:39	1	1	15	0
        118813	2026-04-07 17:02:44	1	1	15	0
        116129	2026-04-07 17:02:48	1	1	15	0
        118503	2026-04-07 17:02:51	1	1	15	0
        118640	2026-04-07 17:02:53	1	1	15	0
        117542	2026-04-07 17:02:55	1	1	15	0
        117092	2026-04-07 17:02:58	1	1	15	0
        118744	2026-04-07 17:03:01	1	1	15	0
        118971	2026-04-07 17:03:26	1	1	15	0
        117926	2026-04-07 17:03:30	1	1	15	0
        110574	2026-04-07 17:03:35	1	1	15	0
        116441	2026-04-07 17:03:41	1	1	15	0
        117635	2026-04-07 17:03:44	1	1	15	0
        118750	2026-04-07 17:03:47	1	1	15	0
        110493	2026-04-07 17:03:49	1	1	15	0
        117133	2026-04-07 17:03:51	1	1	15	0
        119365	2026-04-07 17:03:53	1	1	15	0
        117103	2026-04-07 17:03:55	1	1	15	0
        117711	2026-04-07 17:03:58	1	1	15	0
        117222	2026-04-07 17:04:03	1	1	15	0
        117110	2026-04-07 17:04:05	1	1	15	0
        117966	2026-04-07 17:04:16	1	1	15	0
        117770	2026-04-07 17:04:18	1	1	15	0
        117841	2026-04-07 17:04:20	1	1	15	0
        117936	2026-04-07 17:04:21	1	1	15	0
        117838	2026-04-07 17:04:24	1	1	15	0
        117982	2026-04-07 17:04:25	1	1	15	0
        119272	2026-04-07 17:04:39	1	1	15	0
        116053	2026-04-07 17:04:49	1	1	15	0
        110527	2026-04-07 17:05:03	1	1	15	0
        117042	2026-04-07 17:05:15	1	1	15	0
        116451	2026-04-07 17:05:19	1	1	15	0
        117595	2026-04-07 17:05:32	1	1	15	0
        110510	2026-04-07 17:05:37	1	1	15	0
        117705	2026-04-07 17:05:44	1	1	15	0
        118584	2026-04-07 17:05:49	1	1	15	0
        117230	2026-04-07 17:05:59	1	1	15	0
        117043	2026-04-07 17:06:04	1	1	15	0
        110418	2026-04-07 17:06:07	1	1	15	0
        116902	2026-04-07 17:06:09	1	1	15	0
        117219	2026-04-07 17:06:11	1	1	15	0
        116493	2026-04-07 17:06:13	1	1	15	0
        116828	2026-04-07 17:06:15	1	1	1	0
        110511	2026-04-07 17:06:22	1	1	15	0
        117683	2026-04-07 17:06:25	1	1	15	0
        117817	2026-04-07 17:06:27	1	1	15	0
        110462	2026-04-07 17:06:31	1	1	15	0
        119571	2026-04-07 17:06:33	1	1	15	0
        118550	2026-04-07 17:06:37	1	1	15	0
        110060	2026-04-07 17:06:38	1	1	15	0
        117634	2026-04-07 17:06:47	1	1	15	0
        117196	2026-04-07 17:06:49	1	1	15	0
        110356	2026-04-07 17:06:51	1	1	15	0
        118157	2026-04-07 17:06:52	1	1	15	0
        117915	2026-04-07 17:06:54	1	1	15	0
        118186	2026-04-07 17:06:56	1	1	15	0
        119535	2026-04-07 17:06:59	1	1	15	0
        117835	2026-04-07 17:07:04	1	1	15	0
        118101	2026-04-07 17:07:09	1	1	15	0
        117828	2026-04-07 17:07:11	1	1	15	0
        117733	2026-04-07 17:07:13	1	1	15	0
        110377	2026-04-07 17:07:19	1	1	15	0
        110376	2026-04-07 17:07:25	1	1	15	0
        116551	2026-04-07 17:07:31	1	1	15	0
        110785	2026-04-07 17:07:45	1	1	15	0
        117054	2026-04-07 17:07:51	1	1	15	0
        117144	2026-04-07 17:07:55	1	1	15	0
        117543	2026-04-07 17:07:58	1	1	15	0
        119340	2026-04-07 17:08:00	1	1	15	0
        119282	2026-04-07 17:08:14	1	1	15	0
        110463	2026-04-07 17:08:23	1	1	15	0
        117567	2026-04-07 17:08:31	1	1	15	0
        116537	2026-04-07 17:08:38	1	1	15	0
        117341	2026-04-07 17:08:40	1	1	15	0
        116073	2026-04-07 17:08:46	1	1	15	0
        117039	2026-04-07 17:08:54	1	1	15	0
        117129	2026-04-07 17:08:56	1	1	15	0
        116741	2026-04-07 17:08:59	1	1	15	0
        119453	2026-04-07 17:09:02	1	1	15	0
        110076	2026-04-07 17:09:05	1	1	15	0
        110466	2026-04-07 17:09:10	1	1	15	0
        116477	2026-04-07 17:09:14	1	1	15	0
        110183	2026-04-07 17:09:19	1	1	15	0
        116279	2026-04-07 17:09:35	1	1	15	0
        110632	2026-04-07 17:09:46	1	1	15	0
        117840	2026-04-07 17:09:54	1	1	15	0
        117716	2026-04-07 17:10:16	1	1	15	0
        110436	2026-04-07 17:10:18	1	1	15	0
        117969	2026-04-07 17:10:22	1	1	15	0
        119006	2026-04-07 17:10:27	1	1	15	0
        110475	2026-04-07 17:10:29	1	1	15	0
        116104	2026-04-07 17:10:33	1	1	15	0
        119157	2026-04-07 17:10:35	1	1	15	0
        110473	2026-04-07 17:10:37	1	1	15	0
        110485	2026-04-07 17:10:39	1	1	15	0
        117088	2026-04-07 17:10:42	1	1	15	0
        110549	2026-04-07 17:10:52	1	1	15	0
        117698	2026-04-07 17:11:18	1	1	15	0
        110131	2026-04-07 17:11:28	1	1	15	0
        110514	2026-04-07 17:11:33	1	1	15	0
        110512	2026-04-07 17:11:36	1	1	15	0
        116346	2026-04-07 17:11:45	1	1	15	0
        110430	2026-04-07 17:11:53	1	1	15	0
        110077	2026-04-07 17:11:57	1	1	15	0
        116274	2026-04-07 17:12:14	1	1	15	0
        116496	2026-04-07 17:12:21	1	1	15	0
        116990	2026-04-07 17:12:44	1	1	15	0
        116426	2026-04-07 17:13:02	1	1	15	0
        110128	2026-04-07 17:13:05	1	1	15	0
        110538	2026-04-07 17:13:11	1	1	15	0
        119493	2026-04-07 17:13:21	1	1	15	0
        117575	2026-04-07 17:13:57	1	1	15	0
        119143	2026-04-07 17:14:06	1	1	15	0
        117972	2026-04-07 17:14:09	1	1	15	0
        117528	2026-04-07 17:14:21	1	1	15	0
        116799	2026-04-07 17:14:29	1	1	15	0
        117680	2026-04-07 17:15:02	1	1	15	0
        117786	2026-04-07 17:15:34	1	1	15	0
        110492	2026-04-07 17:16:01	1	1	15	0
        116070	2026-04-07 17:16:07	1	1	1	0
        117812	2026-04-07 17:16:14	1	1	15	0
        117837	2026-04-07 17:16:18	1	1	15	0
        117920	2026-04-07 17:16:20	1	1	15	0
        117850	2026-04-07 17:16:22	1	1	15	0
        110105	2026-04-07 17:16:40	1	1	15	0
        110354	2026-04-07 17:16:57	1	1	15	0
        117998	2026-04-07 17:16:59	1	1	15	0
        118917	2026-04-07 17:17:01	1	1	15	0
        110657	2026-04-07 17:17:03	1	1	15	0
        119494	2026-04-07 17:17:10	1	1	15	0
        118271	2026-04-07 17:17:13	1	1	15	0
        117497	2026-04-07 17:17:44	1	1	15	0
        110088	2026-04-07 17:17:46	1	1	15	0
        110085	2026-04-07 17:17:50	1	1	15	0
        110465	2026-04-07 17:18:05	1	1	15	0
        118732	2026-04-07 17:19:28	1	1	15	0
        117707	2026-04-07 17:19:43	1	1	15	0
        116337	2026-04-07 17:19:45	1	1	15	0
        117269	2026-04-07 17:19:47	1	1	15	0
        119107	2026-04-07 17:19:52	1	1	15	0
        117639	2026-04-07 17:19:55	1	1	15	0
        118992	2026-04-07 17:19:58	1	1	15	0
        118568	2026-04-07 17:20:14	1	1	15	0
        118455	2026-04-07 17:20:51	1	1	15	0
        119070	2026-04-07 17:20:52	1	1	15	0
        110116	2026-04-07 17:20:55	1	1	15	0
        116497	2026-04-07 17:20:56	1	1	15	0
        119104	2026-04-07 17:21:03	1	1	15	0
        118761	2026-04-07 17:21:06	1	1	15	0
        118953	2026-04-07 17:21:44	1	1	15	0
        116142	2026-04-07 17:22:30	1	1	15	0
        117121	2026-04-07 17:22:48	1	1	15	0
        116824	2026-04-07 17:23:00	1	1	15	0
        119263	2026-04-07 17:23:05	1	1	15	0
        110053	2026-04-07 17:23:22	1	1	15	0
        117122	2026-04-07 17:23:51	1	1	15	0
        117644	2026-04-07 17:23:56	1	1	15	0
        117993	2026-04-07 17:23:59	1	1	15	0
        118862	2026-04-07 17:24:01	1	1	15	0
        117541	2026-04-07 17:24:09	1	1	15	0
        117259	2026-04-07 17:24:13	1	1	15	0
        117700	2026-04-07 17:24:41	1	1	15	0
        117642	2026-04-07 17:24:46	1	1	15	0
        117723	2026-04-07 17:25:07	1	1	15	0
        110172	2026-04-07 17:25:23	1	1	15	0
        117699	2026-04-07 17:25:51	1	1	15	0
        117616	2026-04-07 17:25:57	1	1	15	0
        118867	2026-04-07 17:26:45	1	1	15	0
        118458	2026-04-07 17:26:53	1	1	15	0
        110070	2026-04-07 17:27:40	1	1	15	0
        110452	2026-04-07 17:27:46	1	1	15	0
        116995	2026-04-07 17:28:09	1	1	15	0
        118702	2026-04-07 17:28:15	1	1	15	0
        117921	2026-04-07 17:28:18	1	1	15	0
        119449	2026-04-07 17:28:25	1	1	15	0
        116453	2026-04-07 17:28:58	1	1	15	0
        117529	2026-04-07 17:29:09	1	1	15	0
        118753	2026-04-07 17:29:31	1	1	15	0
        117113	2026-04-07 17:29:50	1	1	15	0
        117162	2026-04-07 17:29:53	1	1	15	0
        117077	2026-04-07 17:29:55	1	1	15	0
        116960	2026-04-07 17:30:10	1	1	15	0
        110083	2026-04-07 17:31:17	1	1	15	0
        117630	2026-04-07 17:31:32	1	1	15	0
        110062	2026-04-07 17:31:39	1	1	15	0
        119386	2026-04-07 17:31:53	1	1	15	0
        117061	2026-04-07 17:31:56	1	1	15	0
        117924	2026-04-07 17:31:58	1	1	15	0
        116072	2026-04-07 17:32:00	1	1	15	0
        116849	2026-04-07 17:32:02	1	1	15	0
        116787	2026-04-07 17:32:14	1	1	15	0
        117833	2026-04-07 17:33:22	1	1	15	0
        117692	2026-04-07 17:33:25	1	1	15	0
        116428	2026-04-07 17:33:28	1	1	15	0
        117983	2026-04-07 17:33:51	1	1	15	0
        117100	2026-04-07 17:34:01	1	1	15	0
        110424	2026-04-07 17:34:33	1	1	15	0
        116483	2026-04-07 17:35:02	1	1	15	0
        116260	2026-04-07 17:35:57	1	1	15	0
        117270	2026-04-07 17:36:19	1	1	15	0
        117487	2026-04-07 17:36:38	1	1	15	0
        117212	2026-04-07 17:38:38	1	1	15	0
        118782	2026-04-07 17:39:10	1	1	15	0
        110063	2026-04-07 17:39:57	1	1	15	0
        116504	2026-04-07 17:42:24	1	1	15	0
        118043	2026-04-07 17:43:11	1	1	15	0
        116356	2026-04-07 17:43:17	1	1	15	0
        110378	2026-04-07 17:43:57	1	1	15	0
        110432	2026-04-07 17:45:18	1	1	15	0
        117224	2026-04-07 17:45:42	1	1	15	0
        116805	2026-04-07 17:46:35	1	1	15	0
        117114	2026-04-07 17:46:45	1	1	15	0
        110200	2026-04-07 17:48:09	1	1	15	0
        117111	2026-04-07 17:48:19	1	1	15	0
        116069	2026-04-07 17:48:52	1	1	15	0
        110197	2026-04-07 17:49:32	1	1	15	0
        119364	2026-04-07 17:49:46	1	1	15	0
        110057	2026-04-07 17:49:51	1	1	15	0
        110025	2026-04-07 17:50:37	1	1	15	0
        110090	2026-04-07 17:51:48	1	1	15	0
        116748	2026-04-07 17:54:05	1	1	15	0
        110158	2026-04-07 17:54:08	1	1	15	0
        110195	2026-04-07 17:54:18	1	1	15	0
        110032	2026-04-07 17:55:53	1	1	15	0
        110457	2026-04-07 17:56:05	1	1	15	0
        117201	2026-04-07 17:57:25	1	1	15	0
        117981	2026-04-07 17:57:30	1	1	15	0
        118369	2026-04-07 17:57:50	1	1	15	0
        118580	2026-04-07 17:58:45	1	1	15	0
        110055	2026-04-07 18:00:43	1	1	15	0
        116747	2026-04-07 18:03:03	1	1	15	0
        118046	2026-04-07 18:03:06	1	1	15	0
        119232	2026-04-07 18:04:28	1	1	15	0
        117591	2026-04-07 18:06:57	1	1	15	0
        110100	2026-04-07 18:07:44	1	1	15	0
        117156	2026-04-07 18:08:05	1	1	15	0
        116933	2026-04-07 18:08:42	1	1	15	0
        110431	2026-04-07 18:10:08	1	1	15	0
        119594	2026-04-07 18:12:22	1	1	15	0
        110093	2026-04-07 18:18:35	1	1	15	0
        118997	2026-04-07 18:20:46	1	1	15	0
        118593	2026-04-07 18:22:24	1	1	15	0
        110413	2026-04-07 18:26:06	1	1	15	0
        117999	2026-04-07 18:26:10	1	1	15	0
        110535	2026-04-07 18:28:38	1	1	15	0
        117814	2026-04-07 18:35:13	1	1	15	0
        116834	2026-04-07 18:36:00	1	1	15	0
        117742	2026-04-07 18:43:27	1	1	15	0
        117807	2026-04-07 18:43:36	1	1	15	0
        117337	2026-04-07 18:59:32	1	1	15	0
        117085	2026-04-07 19:02:57	1	1	15	0
        118695	2026-04-07 19:09:23	1	1	15	0
        118563	2026-04-07 19:09:25	1	1	15	0
        110732	2026-04-07 19:15:44	1	1	15	0
        110581	2026-04-07 19:16:00	1	1	15	0
        110580	2026-04-07 19:16:03	1	1	15	0
        117120	2026-04-07 19:17:16	1	1	15	0
        117046	2026-04-07 19:17:20	1	1	15	0
        110006	2026-04-07 19:19:29	1	1	15	0
        117201	2026-04-08 04:50:58	1	0	15	0
        110535	2026-04-08 05:10:50	1	0	15	0
        116834	2026-04-08 05:24:44	1	0	15	0
        117835	2026-04-08 05:36:03	1	0	15	0
        118568	2026-04-08 05:48:07	1	0	15	0
        118369	2026-04-08 05:48:49	1	0	15	0
        116831	2026-04-08 05:52:57	1	0	15	0
        118992	2026-04-08 05:57:38	1	0	15	0
        110074	2026-04-08 06:23:49	1	0	15	0
        110051	2026-04-08 06:30:23	1	0	15	0
        110432	2026-04-08 06:32:49	1	0	15	0
        110580	2026-04-08 06:34:54	1	0	15	0
        119232	2026-04-08 06:40:03	1	0	15	0
        119070	2026-04-08 06:41:30	1	0	15	0
        110393	2026-04-08 06:42:35	1	0	15	0
        117129	2026-04-08 06:49:53	1	0	15	0
        117999	2026-04-08 06:51:26	1	0	15	0
        110492	2026-04-08 06:52:03	1	0	15	0
        110574	2026-04-08 06:52:41	1	0	15	0
        110495	2026-04-08 06:54:55	1	0	15	0
        110093	2026-04-08 06:56:04	1	0	15	0
        110732	2026-04-08 06:57:12	1	0	15	0
        119571	2026-04-08 06:58:44	1	0	15	0
        117147	2026-04-08 06:59:11	1	0	15	0
        110632	2026-04-08 06:59:38	1	0	15	0
        117092	2026-04-08 07:00:00	1	0	15	0
        118750	2026-04-08 07:00:43	1	0	15	0
        117707	2026-04-08 07:01:50	1	0	15	0
        118101	2026-04-08 07:02:17	1	0	15	0
        117591	2026-04-08 07:02:46	1	0	15	0
        110506	2026-04-08 07:03:15	1	0	15	0
        110193	2026-04-08 07:03:22	1	0	15	0
        119475	2026-04-08 07:04:29	1	0	15	0
        117969	2026-04-08 07:05:43	1	0	15	0
        117982	2026-04-08 07:05:48	1	0	15	0
        110549	2026-04-08 07:09:55	1	0	15	0
        117711	2026-04-08 07:10:57	1	0	15	0
        119494	2026-04-08 07:11:49	1	0	15	0
        118640	2026-04-08 07:13:33	1	0	15	0
        116902	2026-04-08 07:14:20	1	0	15	0
        117828	2026-04-08 07:14:23	1	0	15	0
        116472	2026-04-08 07:14:28	1	0	15	0
        116824	2026-04-08 07:14:33	1	0	15	0
        110113	2026-04-08 07:15:11	1	0	15	0
        110538	2026-04-08 07:15:34	1	0	15	0
        110511	2026-04-08 07:16:42	1	0	15	0
        116747	2026-04-08 07:16:55	1	0	15	0
        118455	2026-04-08 07:17:45	1	0	15	0
        110463	2026-04-08 07:17:52	1	0	15	0
        119340	2026-04-08 07:18:24	1	0	15	0
        116279	2026-04-08 07:18:28	1	0	15	0
        117966	2026-04-08 07:19:18	1	0	15	0
        116346	2026-04-08 07:19:29	1	0	15	0
        117635	2026-04-08 07:19:47	1	0	15	0
        110183	2026-04-08 07:20:09	1	0	15	0
        116799	2026-04-08 07:20:17	1	0	15	0
        117110	2026-04-08 07:20:19	1	0	15	0
        110581	2026-04-08 07:20:22	1	0	15	0
        116069	2026-04-08 07:20:28	1	0	15	0
        117088	2026-04-08 07:21:47	1	0	15	0
        110424	2026-04-08 07:22:00	1	0	15	0
        110025	2026-04-08 07:22:54	1	0	15	0
        110465	2026-04-08 07:23:02	1	0	15	0
        119365	2026-04-08 07:23:08	1	0	15	0
        110512	2026-04-08 07:23:39	1	0	15	0
        117921	2026-04-08 07:23:42	1	0	15	0
        116493	2026-04-08 07:23:57	1	0	15	0
        116741	2026-04-08 07:24:17	1	0	15	0
        110785	2026-04-08 07:24:21	1	0	15	0
        116537	2026-04-08 07:24:35	1	0	15	0
        110172	2026-04-08 07:24:58	1	0	15	0
        118997	2026-04-08 07:26:54	1	0	15	0
        110060	2026-04-08 07:27:12	1	0	15	0
        116104	2026-04-08 07:27:45	1	0	15	0
        110070	2026-04-08 07:28:05	1	0	15	0
        118302	2026-04-08 07:28:32	1	0	15	0
        118695	2026-04-08 07:28:42	1	0	15	0
        117833	2026-04-08 07:28:48	1	0	15	0
        117709	2026-04-08 07:28:58	1	0	15	0
        117786	2026-04-08 07:29:01	1	0	15	0
        116763	2026-04-08 07:29:42	1	0	15	0
        110430	2026-04-08 07:29:49	1	0	15	0
        110485	2026-04-08 07:30:43	1	0	15	0
        117680	2026-04-08 07:30:55	1	0	15	0
        117091	2026-04-08 07:32:10	1	0	15	0
        116337	2026-04-08 07:32:33	1	0	15	0
        118046	2026-04-08 07:32:41	1	0	15	0
        110418	2026-04-08 07:32:47	1	0	15	0
        116483	2026-04-08 07:33:18	1	0	15	0
        117528	2026-04-08 07:33:24	1	0	15	0
        119272	2026-04-08 07:33:36	1	0	15	0
        119263	2026-04-08 07:34:12	1	0	15	0
        117270	2026-04-08 07:34:21	1	0	15	0
        119143	2026-04-08 07:34:40	1	0	15	0
        116142	2026-04-08 07:34:49	1	0	15	0
        110510	2026-04-08 07:35:44	1	0	15	0
        110355	2026-04-08 07:36:26	1	0	15	0
        110356	2026-04-08 07:36:29	1	0	15	0
        118157	2026-04-08 07:36:52	1	0	15	0
        110493	2026-04-08 07:37:23	1	0	15	0
        118744	2026-04-08 07:37:28	1	0	15	0
        117497	2026-04-08 07:38:05	1	0	15	0
        117224	2026-04-08 07:38:16	1	0	15	0
        117133	2026-04-08 07:38:22	1	0	15	0
        110431	2026-04-08 07:38:29	1	0	15	0
        119157	2026-04-08 07:38:36	1	0	15	0
        116551	2026-04-08 07:38:41	1	0	15	0
        118732	2026-04-08 07:39:48	1	0	15	0
        110116	2026-04-08 07:39:54	1	0	15	0
        110357	2026-04-08 07:39:59	1	0	15	0
        117259	2026-04-08 07:40:03	1	0	15	0
        116504	2026-04-08 07:40:04	1	0	15	0
        117683	2026-04-08 07:40:12	1	0	15	0
        118043	2026-04-08 07:40:24	1	0	15	0
        110076	2026-04-08 07:40:34	1	0	15	0
        110475	2026-04-08 07:40:40	1	0	15	0
        119594	2026-04-08 07:40:44	1	0	15	0
        117983	2026-04-08 07:40:48	1	0	15	0
        110466	2026-04-08 07:40:54	1	0	15	0
        117840	2026-04-08 07:41:20	1	0	15	0
        117039	2026-04-08 07:41:48	1	0	15	0
        117042	2026-04-08 07:41:53	1	0	15	0
        116451	2026-04-08 07:41:55	1	0	15	0
        117111	2026-04-08 07:41:57	1	0	15	0
        117162	2026-04-08 07:41:59	1	0	15	0
        117542	2026-04-08 07:42:22	1	0	15	0
        110063	2026-04-08 07:42:37	1	0	15	0
        110057	2026-04-08 07:42:39	1	0	15	0
        116496	2026-04-08 07:42:41	1	0	15	0
        119602	2026-04-08 07:42:49	1	0	15	0
        116053	2026-04-08 07:42:55	1	0	15	0
        110128	2026-04-08 07:42:58	1	0	15	0
        117230	2026-04-08 07:43:01	1	0	15	0
        116383	2026-04-08 07:43:08	1	0	15	0
        117639	2026-04-08 07:43:33	1	0	15	0
        117841	2026-04-08 07:43:57	1	0	15	0
        117122	2026-04-08 07:44:05	1	0	15	0
        118917	2026-04-08 07:44:09	1	0	15	0
        117541	2026-04-08 07:44:39	1	0	15	0
        119449	2026-04-08 07:45:00	1	0	15	0
        117700	2026-04-08 07:45:45	1	0	15	0
        118593	2026-04-08 07:46:04	1	0	15	0
        110083	2026-04-08 07:46:10	1	0	15	0
        117660	2026-04-08 07:46:15	1	0	15	0
        117812	2026-04-08 07:46:21	1	0	15	0
        117630	2026-04-08 07:46:27	1	0	15	0
        110062	2026-04-08 07:46:35	1	0	15	0
        119364	2026-04-08 07:46:40	1	0	15	0
        118953	2026-04-08 07:46:49	1	0	15	0
        110378	2026-04-08 07:46:59	1	0	15	0
        117212	2026-04-08 07:47:20	1	0	15	0
        110085	2026-04-08 07:47:22	1	0	15	0
        116960	2026-04-08 07:47:24	1	0	15	0
        117723	2026-04-08 07:47:28	1	0	15	0
        116422	2026-04-08 07:47:30	1	0	15	0
        117487	2026-04-08 07:47:38	1	0	15	0
        117103	2026-04-08 07:48:08	1	0	15	0
        110527	2026-04-08 07:48:36	1	0	15	0
        110032	2026-04-08 07:48:45	1	0	15	0
        119453	2026-04-08 07:48:49	1	0	15	0
        117972	2026-04-08 07:49:02	1	0	15	0
        116274	2026-04-08 07:49:13	1	0	15	0
        116356	2026-04-08 07:49:39	1	0	15	0
        117850	2026-04-08 07:49:48	1	0	15	0
        110354	2026-04-08 07:49:54	1	0	15	0
        117113	2026-04-08 07:50:10	1	0	15	0
        110457	2026-04-08 07:50:13	1	0	15	0
        117837	2026-04-08 07:50:22	1	0	15	0
        117920	2026-04-08 07:50:45	1	0	15	0
        118867	2026-04-08 07:50:52	1	0	15	0
        110462	2026-04-08 07:51:01	1	0	15	0
        110200	2026-04-08 07:51:06	1	0	15	0
        110413	2026-04-08 07:51:36	1	0	15	0
        110377	2026-04-08 07:51:40	1	0	15	0
        110507	2026-04-08 07:52:13	1	0	15	0
        117716	2026-04-08 07:52:34	1	0	15	0
        117998	2026-04-08 07:52:37	1	0	15	0
        117114	2026-04-08 07:52:42	1	0	15	0
        117219	2026-04-08 07:52:44	1	0	15	0
        118271	2026-04-08 07:53:11	1	0	15	0
        110158	2026-04-08 07:53:31	1	0	15	0
        117567	2026-04-08 07:53:43	1	0	15	0
        118186	2026-04-08 07:53:55	1	0	15	0
        110131	2026-04-08 07:54:10	1	0	15	0
        118813	2026-04-08 07:54:28	1	0	15	0
        117114	2026-04-08 07:54:30	1	0	15	0
        117733	2026-04-08 07:54:47	1	0	15	0
        116805	2026-04-08 07:54:56	1	0	15	0
        117144	2026-04-08 07:55:23	1	0	15	0
        116297	2026-04-08 07:55:30	1	0	15	0
        117337	2026-04-08 07:55:52	1	0	15	0
        110657	2026-04-08 07:55:56	1	0	15	0
        117698	2026-04-08 07:56:10	1	0	15	0
        117790	2026-04-08 07:56:19	1	0	15	0
        117543	2026-04-08 07:56:22	1	0	15	0
        110077	2026-04-08 07:56:24	1	0	15	0
        110065	2026-04-08 07:56:32	1	0	15	0
        116073	2026-04-08 07:56:34	1	0	15	0
        110088	2026-04-08 07:56:51	1	0	15	0
        118702	2026-04-08 07:57:05	1	0	15	0
        118458	2026-04-08 07:57:09	1	0	15	0
        110421	2026-04-08 07:57:15	1	0	15	0
        116748	2026-04-08 07:57:25	1	0	15	0
        110436	2026-04-08 07:57:30	1	0	15	0
        117815	2026-04-08 07:57:41	1	0	15	0
        116260	2026-04-08 07:57:46	1	0	15	0
        117595	2026-04-08 07:57:50	1	0	15	0
        116072	2026-04-08 07:58:10	1	0	15	0
        117814	2026-04-08 07:58:16	1	0	15	0
        110452	2026-04-08 07:58:20	1	0	15	0
        110513	2026-04-08 07:58:35	1	0	15	0
        110105	2026-04-08 07:58:39	1	0	15	0
        117930	2026-04-08 07:58:43	1	0	15	0
        110657	2026-04-08 07:58:53	1	0	15	0
        117616	2026-04-08 07:58:59	1	0	15	0
        117915	2026-04-08 07:59:16	1	0	15	0
        117634	2026-04-08 07:59:18	1	0	15	0
        117981	2026-04-08 07:59:44	1	0	15	0
        116990	2026-04-08 08:00:20	1	0	15	0
        116828	2026-04-08 08:00:41	1	0	1	0
        119006	2026-04-08 08:00:47	1	0	15	0
        110473	2026-04-08 08:01:06	1	0	15	0
        110053	2026-04-08 08:01:17	1	0	15	0
        116426	2026-04-08 08:01:27	1	0	15	0
        119104	2026-04-08 08:01:32	1	0	15	0
        117222	2026-04-08 08:01:54	1	0	15	0
        119493	2026-04-08 08:02:03	1	0	15	0
        116933	2026-04-08 08:02:11	1	0	15	0
        117341	2026-04-08 08:02:15	1	0	15	0
        116282	2026-04-08 08:03:18	1	0	15	0
        116129	2026-04-08 08:03:35	1	0	15	0
        117645	2026-04-08 08:03:44	1	0	15	0
        119227	2026-04-08 08:03:55	1	0	15	0
        118180	2026-04-08 08:03:59	1	0	15	0
        110084	2026-04-08 08:04:03	1	0	15	0
        118862	2026-04-08 08:05:32	1	0	15	0
        117043	2026-04-08 08:06:17	1	0	15	0
        110055	2026-04-08 08:06:20	1	0	15	0
        118207	2026-04-08 08:06:22	1	0	15	0
        116166	2026-04-08 08:06:41	1	0	15	0
        118829	2026-04-08 08:07:11	1	0	15	0
        117924	2026-04-08 08:07:16	1	0	15	0
        118928	2026-04-08 08:07:52	1	0	15	0
        117817	2026-04-08 08:08:29	1	0	15	0
        117849	2026-04-08 08:09:02	1	0	15	0
        116477	2026-04-08 08:09:31	1	0	15	0
        116070	2026-04-08 08:10:51	1	0	1	0
        119282	2026-04-08 08:12:20	1	0	15	0
        117926	2026-04-08 08:13:33	1	0	15	0
        117575	2026-04-08 08:13:39	1	0	15	0
        110360	2026-04-08 08:14:19	1	0	15	0
        118550	2026-04-08 08:14:28	1	0	15	0
        110006	2026-04-08 08:15:02	1	0	15	0
        116849	2026-04-08 08:15:24	1	0	15	0
        117196	2026-04-08 08:16:45	1	0	15	0
        117993	2026-04-08 08:17:22	1	0	15	0
        116787	2026-04-08 08:17:30	1	0	15	0
        117529	2026-04-08 08:20:55	1	0	15	0
        116453	2026-04-08 08:22:29	1	0	15	0
        117077	2026-04-08 08:22:34	1	0	15	0
        117807	2026-04-08 08:23:35	1	0	15	0
        118753	2026-04-08 08:25:52	1	0	15	0
        118584	2026-04-08 08:26:31	1	0	15	0
        117269	2026-04-08 08:28:35	1	0	15	0
        116441	2026-04-08 08:30:27	1	0	15	0
        119535	2026-04-08 08:34:02	1	0	15	0
        117699	2026-04-08 08:37:40	1	0	15	0
        118503	2026-04-08 08:38:43	1	0	15	0
        117100	2026-04-08 09:00:41	1	0	15	0
        110507	2026-04-08 12:00:22	1	2	15	0
        110527	2026-04-08 12:00:29	1	2	15	0
        110360	2026-04-08 12:00:32	1	2	15	0
        110452	2026-04-08 12:00:35	1	2	15	0
        117100	2026-04-08 12:00:37	1	2	15	0
        116483	2026-04-08 12:00:40	1	2	15	0
        110510	2026-04-08 12:00:43	1	2	15	0
        116504	2026-04-08 12:00:47	1	2	15	0
        117790	2026-04-08 12:00:49	1	2	15	0
        116902	2026-04-08 12:00:51	1	2	15	0
        118829	2026-04-08 12:00:53	1	2	15	0
        116383	2026-04-08 12:00:55	1	2	15	0
        110549	2026-04-08 12:00:56	1	2	15	0
        110511	2026-04-08 12:00:58	1	2	15	0
        117201	2026-04-08 12:01:01	1	2	15	0
        110432	2026-04-08 12:01:03	1	2	15	0
        119571	2026-04-08 12:01:05	1	2	15	0
        110465	2026-04-08 12:01:06	1	2	15	0
        110463	2026-04-08 12:01:15	1	2	15	0
        116763	2026-04-08 12:01:18	1	2	15	0
        118455	2026-04-08 12:01:20	1	2	15	0
        110418	2026-04-08 12:01:21	1	2	15	0
        116497	2026-04-08 12:01:23	1	2	15	0
        117840	2026-04-08 12:01:25	1	2	15	0
        110424	2026-04-08 12:01:27	1	2	15	0
        118458	2026-04-08 12:01:29	1	2	15	0
        118584	2026-04-08 12:01:32	1	2	15	0
        116477	2026-04-08 12:01:34	1	2	15	0
        110413	2026-04-08 12:01:37	1	2	15	0
        118593	2026-04-08 12:01:38	1	2	15	0
        118702	2026-04-08 12:01:40	1	2	15	0
        110462	2026-04-08 12:01:42	1	2	15	0
        119453	2026-04-08 12:01:47	1	2	15	0
        117497	2026-04-08 12:01:52	1	2	15	0
        116441	2026-04-08 12:01:54	1	2	15	0
        116741	2026-04-08 12:01:56	1	2	15	0
        118043	2026-04-08 12:01:58	1	2	15	0
        117926	2026-04-08 12:01:59	1	2	15	0
        116053	2026-04-08 12:02:02	1	2	15	0
        116069	2026-04-08 12:02:06	1	2	15	0
        117807	2026-04-08 12:02:10	1	2	15	0
        119104	2026-04-08 12:02:13	1	2	15	0
        110785	2026-04-08 12:02:16	1	2	15	0
        117129	2026-04-08 12:02:19	1	2	15	0
        116282	2026-04-08 12:02:21	1	2	15	0
        117700	2026-04-08 12:02:23	1	2	15	0
        117817	2026-04-08 12:02:26	1	2	15	0
        119006	2026-04-08 12:02:32	1	2	15	0
        119493	2026-04-08 12:02:34	1	2	15	0
        117224	2026-04-08 12:02:37	1	2	15	0
        118744	2026-04-08 12:02:41	1	2	15	0
        117259	2026-04-08 12:02:45	1	2	15	0
        117528	2026-04-08 12:02:47	1	2	15	0
        117222	2026-04-08 12:02:49	1	2	15	0
        119535	2026-04-08 12:02:51	1	2	15	0
        110421	2026-04-08 12:02:54	1	2	15	0
        119157	2026-04-08 12:02:56	1	2	15	0
        110436	2026-04-08 12:02:58	1	2	15	0
        118862	2026-04-08 12:03:04	1	2	15	0
        110062	2026-04-08 12:03:22	1	2	15	0
        117122	2026-04-08 12:03:49	1	2	15	0
        110632	2026-04-08 12:03:51	1	2	15	0
        117699	2026-04-08 12:03:53	1	2	15	0
        116274	2026-04-08 12:03:55	1	2	15	0
        117966	2026-04-08 12:03:58	1	2	15	0
        116477	2026-04-08 12:04:04	1	2	15	0
        116260	2026-04-08 12:04:06	1	2	15	0
        117541	2026-04-08 12:04:08	1	2	15	0
        116426	2026-04-08 12:04:12	1	2	15	0
        116072	2026-04-08 12:04:24	1	2	15	0
        110457	2026-04-08 12:04:26	1	2	15	0
        110063	2026-04-08 12:04:29	1	2	15	0
        116504	2026-04-08 12:04:35	1	2	15	0
        110128	2026-04-08 12:04:37	1	2	15	0
        118829	2026-04-08 12:04:39	1	2	15	0
        116383	2026-04-08 12:04:43	1	2	15	0
        116282	2026-04-08 12:04:45	1	2	15	0
        119449	2026-04-08 12:04:47	1	2	15	0
        116483	2026-04-08 12:04:50	1	2	15	0
        119157	2026-04-08 12:04:53	1	2	15	0
        110088	2026-04-08 12:04:59	1	2	15	0
        117616	2026-04-08 12:05:01	1	2	15	0
        119006	2026-04-08 12:05:04	1	2	15	0
        117144	2026-04-08 12:05:06	1	2	15	0
        116069	2026-04-08 12:05:13	1	2	15	0
        117807	2026-04-08 12:05:15	1	2	15	0
        117966	2026-04-08 12:05:15	1	2	15	0
        118584	2026-04-08 12:05:20	1	2	15	0
        118862	2026-04-08 12:05:23	1	2	15	0
        116763	2026-04-08 12:05:25	1	2	15	0
        110418	2026-04-08 12:05:28	1	2	15	0
        110424	2026-04-08 12:05:31	1	2	15	0
        116902	2026-04-08 12:05:33	1	2	15	0
        117100	2026-04-08 12:05:35	1	2	15	0
        117595	2026-04-08 12:05:37	1	2	15	0
        117259	2026-04-08 12:05:40	1	2	15	0
        117541	2026-04-08 12:05:40	1	2	15	0
        118271	2026-04-08 12:05:44	1	2	15	0
        117630	2026-04-08 12:05:47	1	2	15	0
        110378	2026-04-08 12:05:51	1	2	15	0
        110466	2026-04-08 12:05:55	1	2	15	0
        118732	2026-04-08 12:05:58	1	2	15	0
        117269	2026-04-08 12:06:01	1	2	15	0
        118702	2026-04-08 12:06:05	1	2	15	0
        110077	2026-04-08 12:06:07	1	2	15	0
        119263	2026-04-08 12:06:10	1	2	15	0
        110105	2026-04-08 12:06:12	1	2	15	0
        117926	2026-04-08 12:06:14	1	2	15	0
        117814	2026-04-08 12:06:16	1	2	15	0
        117542	2026-04-08 12:06:22	1	2	15	0
        116799	2026-04-08 12:06:25	1	2	15	0
        110060	2026-04-08 12:06:28	1	2	15	0
        117716	2026-04-08 12:06:36	1	2	15	0
        117700	2026-04-08 12:06:38	1	2	15	0
        117497	2026-04-08 12:06:40	1	2	15	0
        117567	2026-04-08 12:06:42	1	2	15	0
        116260	2026-04-08 12:06:54	1	2	15	0
        117541	2026-04-08 12:06:57	1	2	15	0
        117129	2026-04-08 12:07:01	1	2	15	0
        110377	2026-04-08 12:07:05	1	2	15	0
        117222	2026-04-08 12:07:09	1	2	15	0
        117528	2026-04-08 12:07:11	1	2	15	0
        118953	2026-04-08 12:07:14	1	2	15	0
        117088	2026-04-08 12:07:15	1	2	15	0
        110657	2026-04-08 12:07:19	1	2	15	0
        117270	2026-04-08 12:07:23	1	2	15	0
        110465	2026-04-08 12:07:26	1	2	15	0
        110511	2026-04-08 12:07:28	1	2	15	0
        110510	2026-04-08 12:07:31	1	2	15	0
        110457	2026-04-08 12:07:34	1	2	15	0
        116072	2026-04-08 12:07:38	1	2	15	0
        119453	2026-04-08 12:07:40	1	2	15	0
        110463	2026-04-08 12:07:43	1	2	15	0
        118043	2026-04-08 12:07:46	1	2	15	0
        117111	2026-04-08 12:07:48	1	2	15	0
        119571	2026-04-08 12:07:49	1	2	15	0
        110431	2026-04-08 12:07:51	1	2	15	0
        118550	2026-04-08 12:07:55	1	2	15	0
        116741	2026-04-08 12:07:56	1	2	15	0
        116053	2026-04-08 12:07:59	1	2	15	0
        116441	2026-04-08 12:08:00	1	2	15	0
        118917	2026-04-08 12:08:05	1	2	15	0
        117043	2026-04-08 12:08:10	1	2	15	0
        118101	2026-04-08 12:08:13	1	2	15	0
        110113	2026-04-08 12:08:19	1	2	15	0
        117110	2026-04-08 12:08:21	1	2	15	0
        117133	2026-04-08 12:08:34	1	2	15	0
        117114	2026-04-08 12:08:39	1	2	15	0
        118157	2026-04-08 12:08:41	1	2	15	0
        117683	2026-04-08 12:08:44	1	2	15	0
        116104	2026-04-08 12:08:45	1	2	15	0
        116422	2026-04-08 12:08:49	1	2	15	0
        117219	2026-04-08 12:08:51	1	2	15	0
        118750	2026-04-08 12:08:54	1	2	15	0
        118302	2026-04-08 12:08:57	1	2	15	0
        117915	2026-04-08 12:08:59	1	2	15	0
        117634	2026-04-08 12:09:01	1	2	15	0
        116748	2026-04-08 12:09:03	1	2	15	0
        110158	2026-04-08 12:09:05	1	2	15	0
        117998	2026-04-08 12:09:07	1	2	15	0
        117680	2026-04-08 12:09:08	1	2	15	0
        110492	2026-04-08 12:09:10	1	2	15	0
        117635	2026-04-08 12:09:15	1	2	15	0
        117039	2026-04-08 12:09:17	1	2	15	0
        117201	2026-04-08 12:09:19	1	2	15	0
        116073	2026-04-08 12:09:23	1	2	15	0
        117660	2026-04-08 12:09:28	1	2	15	0
        110065	2026-04-08 12:09:35	1	2	15	0
        110354	2026-04-08 12:09:37	1	2	15	0
        110088	2026-04-08 12:09:41	1	2	15	0
        119263	2026-04-08 12:09:42	1	2	15	0
        117616	2026-04-08 12:09:45	1	2	15	0
        116426	2026-04-08 12:09:52	1	2	15	0
        110355	2026-04-08 12:09:59	1	2	15	0
        110356	2026-04-08 12:10:02	1	2	15	0
        110060	2026-04-08 12:10:03	1	2	15	0
        110413	2026-04-08 12:10:06	1	2	15	0
        117723	2026-04-08 12:10:13	1	2	15	0
        117487	2026-04-08 12:10:18	1	2	15	0
        118813	2026-04-08 12:10:20	1	2	15	0
        119272	2026-04-08 12:10:21	1	2	15	0
        117162	2026-04-08 12:10:27	1	2	15	0
        118928	2026-04-08 12:10:29	1	2	15	0
        116129	2026-04-08 12:10:31	1	2	15	0
        117930	2026-04-08 12:10:39	1	2	15	0
        117814	2026-04-08 12:10:41	1	2	15	0
        117113	2026-04-08 12:10:47	1	2	15	0
        110085	2026-04-08 12:10:55	1	2	15	0
        110113	2026-04-08 12:10:59	1	2	15	0
        110354	2026-04-08 12:11:05	1	2	15	0
        119535	2026-04-08 12:11:10	1	2	15	0
        116799	2026-04-08 12:11:13	1	2	15	0
        118271	2026-04-08 12:11:15	1	2	15	0
        116274	2026-04-08 12:11:21	1	2	15	0
        116933	2026-04-08 12:11:24	1	2	15	0
        118744	2026-04-08 12:11:33	1	2	15	0
        116142	2026-04-08 12:11:52	1	2	15	0
        117133	2026-04-08 12:11:57	1	2	15	0
        117639	2026-04-08 12:12:04	1	2	15	0
        118732	2026-04-08 12:12:08	1	2	15	0
        117529	2026-04-08 12:12:11	1	2	15	0
        117269	2026-04-08 12:12:13	1	2	15	0
        110507	2026-04-08 12:12:19	1	2	15	0
        119475	2026-04-08 12:12:21	1	2	15	0
        118101	2026-04-08 12:12:26	1	2	15	0
        117043	2026-04-08 12:12:29	1	2	15	0
        117113	2026-04-08 12:12:31	1	2	15	0
        116933	2026-04-08 12:12:33	1	2	15	0
        117915	2026-04-08 12:12:43	1	2	15	0
        117634	2026-04-08 12:12:45	1	2	15	0
        118157	2026-04-08 12:12:47	1	2	15	0
        110378	2026-04-08 12:12:48	1	2	15	0
        116104	2026-04-08 12:12:50	1	2	15	0
        117630	2026-04-08 12:12:52	1	2	15	0
        110462	2026-04-08 12:12:55	1	2	15	0
        117219	2026-04-08 12:12:57	1	2	15	0
        117683	2026-04-08 12:13:03	1	2	15	0
        117147	2026-04-08 12:13:05	1	2	15	0
        116748	2026-04-08 12:13:07	1	2	15	0
        110158	2026-04-08 12:13:09	1	2	15	0
        110355	2026-04-08 12:13:11	1	2	15	0
        110356	2026-04-08 12:13:13	1	2	15	0
        118928	2026-04-08 12:13:18	1	2	15	0
        116537	2026-04-08 12:13:21	1	2	15	0
        110377	2026-04-08 12:13:24	1	2	15	0
        117341	2026-04-08 12:13:26	1	2	15	0
        118953	2026-04-08 12:13:29	1	2	15	0
        118813	2026-04-08 12:13:31	1	2	15	0
        116129	2026-04-08 12:13:33	1	2	15	0
        116551	2026-04-08 12:13:35	1	2	15	0
        116496	2026-04-08 12:13:36	1	2	15	0
        116849	2026-04-08 12:13:38	1	2	15	0
        110473	2026-04-08 12:13:40	1	2	15	0
        117993	2026-04-08 12:13:41	1	2	15	0
        117930	2026-04-08 12:13:43	1	2	15	0
        119272	2026-04-08 12:13:45	1	2	15	0
        116422	2026-04-08 12:13:47	1	2	15	0
        117144	2026-04-08 12:13:49	1	2	15	0
        117122	2026-04-08 12:13:51	1	2	15	0
        117567	2026-04-08 12:13:53	1	2	15	0
        110053	2026-04-08 12:13:57	1	2	15	0
        118550	2026-04-08 12:14:00	1	2	15	0
        117543	2026-04-08 12:14:02	1	2	15	0
        116453	2026-04-08 12:14:04	1	2	15	0
        118992	2026-04-08 12:14:05	1	2	15	0
        110083	2026-04-08 12:14:10	1	2	15	0
        110492	2026-04-08 12:14:20	1	2	15	0
        110032	2026-04-08 12:14:25	1	2	15	0
        110430	2026-04-08 12:14:26	1	2	15	0
        117077	2026-04-08 12:14:32	1	2	15	0
        116787	2026-04-08 12:14:34	1	2	15	0
        116337	2026-04-08 12:14:36	1	2	15	0
        117920	2026-04-08 12:14:46	1	2	15	0
        117575	2026-04-08 12:14:50	1	2	15	0
        119143	2026-04-08 12:14:54	1	2	15	0
        117972	2026-04-08 12:14:56	1	2	15	0
        117707	2026-04-08 12:14:58	1	2	15	0
        117850	2026-04-08 12:15:00	1	2	15	0
        117698	2026-04-08 12:15:03	1	2	15	0
        117487	2026-04-08 12:15:04	1	2	15	0
        117723	2026-04-08 12:15:06	1	2	15	0
        117270	2026-04-08 12:15:09	1	2	15	0
        117162	2026-04-08 12:15:11	1	2	15	0
        119340	2026-04-08 12:15:42	1	2	15	0
        110055	2026-04-08 12:15:46	1	2	15	0
        110105	2026-04-08 12:16:00	1	2	15	0
        117088	2026-04-08 12:16:03	1	2	15	0
        110357	2026-04-08 12:16:25	1	2	15	0
        117982	2026-04-08 12:16:34	1	2	15	0
        117921	2026-04-08 12:16:36	1	2	15	0
        110512	2026-04-08 12:16:38	1	2	15	0
        118695	2026-04-08 12:16:40	1	2	15	0
        117337	2026-04-08 12:16:42	1	2	15	0
        116070	2026-04-08 12:16:45	1	2	15	0
        110070	2026-04-08 12:16:47	1	2	15	0
        116849	2026-04-08 12:16:50	1	2	15	0
        116551	2026-04-08 12:16:54	1	2	15	0
        110513	2026-04-08 12:16:57	1	2	15	0
        110083	2026-04-08 12:16:58	1	2	15	0
        110085	2026-04-08 12:17:06	1	2	15	0
        110580	2026-04-08 12:17:09	1	2	15	0
        110581	2026-04-08 12:17:12	1	2	15	0
        110732	2026-04-08 12:17:15	1	2	15	0
        110430	2026-04-08 12:17:18	1	2	15	0
        110055	2026-04-08 12:17:19	1	2	15	0
        117039	2026-04-08 12:17:26	1	2	15	0
        117635	2026-04-08 12:17:27	1	2	15	0
        117660	2026-04-08 12:17:31	1	2	15	0
        117042	2026-04-08 12:17:33	1	2	15	0
        116451	2026-04-08 12:17:36	1	2	15	0
        117230	2026-04-08 12:17:38	1	2	15	0
        117716	2026-04-08 12:17:40	1	2	15	0
        116496	2026-04-08 12:17:42	1	2	15	0
        110432	2026-04-08 12:17:47	1	2	15	0
        117998	2026-04-08 12:17:56	1	2	15	0
        119475	2026-04-08 12:18:09	1	2	15	0
        110065	2026-04-08 12:18:12	1	2	15	0
        117543	2026-04-08 12:18:19	1	2	15	0
        110053	2026-04-08 12:18:27	1	2	15	0
        118917	2026-04-08 12:18:35	1	2	15	0
        116960	2026-04-08 12:18:42	1	2	15	0
        118180	2026-04-08 12:18:44	1	2	15	0
        116537	2026-04-08 12:18:46	1	2	15	0
        117341	2026-04-08 12:18:48	1	2	15	0
        117850	2026-04-08 12:18:49	1	2	15	0
        117920	2026-04-08 12:18:51	1	2	15	0
        117707	2026-04-08 12:18:54	1	2	15	0
        117639	2026-04-08 12:18:56	1	2	15	0
        119143	2026-04-08 12:18:57	1	2	15	0
        117972	2026-04-08 12:18:59	1	2	15	0
        117575	2026-04-08 12:19:03	1	2	15	0
        116337	2026-04-08 12:19:08	1	2	15	0
        116453	2026-04-08 12:19:10	1	2	15	0
        117529	2026-04-08 12:19:12	1	2	15	0
        117698	2026-04-08 12:19:15	1	2	15	0
        119449	2026-04-08 12:19:17	1	2	15	0
        119340	2026-04-08 12:19:22	1	2	15	0
        116787	2026-04-08 12:19:29	1	2	15	0
        118640	2026-04-08 12:19:35	1	2	15	0
        110077	2026-04-08 12:19:37	1	2	15	0
        117077	2026-04-08 12:19:40	1	2	15	0
        110070	2026-04-08 12:19:46	1	2	15	0
        117733	2026-04-08 12:19:54	1	2	15	0
        119104	2026-04-08 12:20:07	1	2	15	0
        110512	2026-04-08 12:20:28	1	2	15	0
        117709	2026-04-08 12:20:35	1	2	15	0
        117711	2026-04-08 12:20:38	1	2	15	0
        117849	2026-04-08 12:20:43	1	2	15	0
        117921	2026-04-08 12:20:49	1	2	15	0
        117982	2026-04-08 12:20:51	1	2	15	0
        117088	2026-04-08 12:21:19	1	2	15	0
        119494	2026-04-08 12:21:48	1	2	15	0
        118750	2026-04-08 12:21:49	1	2	15	0
        110063	2026-04-08 12:22:03	1	2	15	0
        110032	2026-04-08 12:22:08	1	2	15	0
        118640	2026-04-08 12:22:15	1	2	15	0
        117733	2026-04-08 12:22:19	1	2	15	0
        118180	2026-04-08 12:22:26	1	2	15	0
        117230	2026-04-08 12:22:39	1	2	15	0
        110128	2026-04-08 12:22:43	1	2	15	0
        116451	2026-04-08 12:22:44	1	2	15	0
        118503	2026-04-08 12:23:00	1	2	15	0
        116073	2026-04-08 12:23:04	1	2	15	0
        118992	2026-04-08 12:23:21	1	2	15	0
        116142	2026-04-08 12:23:41	1	2	15	0
        110084	2026-04-08 12:24:19	1	2	15	0
        110538	2026-04-08 12:24:24	1	2	15	0
        110057	2026-04-08 12:24:36	1	2	15	0
        119070	2026-04-08 12:24:40	1	2	15	0
        118753	2026-04-08 12:24:43	1	2	15	0
        119364	2026-04-08 12:24:45	1	2	15	0
        110657	2026-04-08 12:24:49	1	2	15	0
        117042	2026-04-08 12:24:51	1	2	15	0
        110183	2026-04-08 12:25:02	1	2	15	0
        110025	2026-04-08 12:25:06	1	2	15	0
        117924	2026-04-08 12:25:09	1	2	15	0
        110495	2026-04-08 12:25:11	1	2	15	0
        110493	2026-04-08 12:25:14	1	2	15	0
        110466	2026-04-08 12:25:18	1	2	15	0
        110084	2026-04-08 12:25:24	1	2	15	0
        110538	2026-04-08 12:25:29	1	2	15	0
        117680	2026-04-08 12:25:40	1	2	15	0
        118503	2026-04-08 12:25:44	1	2	15	0
        117699	2026-04-08 12:25:47	1	2	15	0
        110632	2026-04-08 12:25:58	1	2	15	0
        110527	2026-04-08 12:26:05	1	2	15	0
        110360	2026-04-08 12:26:10	1	2	15	0
        110051	2026-04-08 12:26:39	1	2	15	0
        119282	2026-04-08 12:26:52	1	2	15	0
        116960	2026-04-08 12:26:57	1	2	15	0
        119494	2026-04-08 12:27:21	1	2	15	0
        117711	2026-04-08 12:27:29	1	2	15	0
        117709	2026-04-08 12:27:33	1	2	15	0
        117849	2026-04-08 12:27:34	1	2	15	0
        117224	2026-04-08 12:27:41	1	2	15	0
        110421	2026-04-08 12:27:43	1	2	15	0
        110025	2026-04-08 12:28:28	1	2	15	0
        117924	2026-04-08 12:28:32	1	2	15	0
        110495	2026-04-08 12:28:34	1	2	15	0
        110493	2026-04-08 12:28:36	1	2	15	0
        117840	2026-04-08 12:29:05	1	2	15	0
        118302	2026-04-08 12:29:27	1	2	15	0
        118753	2026-04-08 12:29:38	1	2	15	0
        119070	2026-04-08 12:29:41	1	2	15	0
        110057	2026-04-08 12:29:46	1	2	15	0
        110131	2026-04-08 12:29:49	1	2	15	0
        119364	2026-04-08 12:29:53	1	2	15	0
        110076	2026-04-08 12:30:28	1	2	15	0
        117147	2026-04-08 12:31:02	1	2	15	0
        119365	2026-04-08 12:31:26	1	3	15	0
        116493	2026-04-08 12:31:31	1	3	15	0
        117212	2026-04-08 12:32:07	1	3	15	0
        110200	2026-04-08 12:32:11	1	3	15	0
        110357	2026-04-08 12:32:17	1	3	15	0
        119282	2026-04-08 12:32:21	1	3	15	0
        110131	2026-04-08 12:32:24	1	3	15	0
        118593	2026-04-08 12:32:27	1	3	15	0
        117103	2026-04-08 12:32:39	1	3	15	0
        117092	2026-04-08 12:33:08	1	3	15	0
        116070	2026-04-08 12:33:24	1	3	1	0
        118695	2026-04-08 12:34:36	1	3	15	0
        117111	2026-04-08 12:34:38	1	3	15	0
        117337	2026-04-08 12:34:58	1	3	15	0
        117110	2026-04-08 12:35:11	1	3	15	0
        117103	2026-04-08 12:35:54	1	3	15	0
        110549	2026-04-08 12:36:00	1	3	15	0
        110485	2026-04-08 12:36:14	1	3	15	0
        110076	2026-04-08 12:36:17	1	3	15	0
        110574	2026-04-08 12:36:22	1	3	15	0
        110513	2026-04-08 12:37:06	1	3	15	0
        117092	2026-04-08 12:37:21	1	3	15	0
        117212	2026-04-08 12:37:24	1	3	15	0
        110200	2026-04-08 12:37:27	1	3	15	0
        116493	2026-04-08 12:37:30	1	3	15	0
        119365	2026-04-08 12:37:32	1	3	15	0
        110116	2026-04-08 12:38:47	1	3	15	0
        110074	2026-04-08 12:39:03	1	3	15	0
        119227	2026-04-08 12:39:08	1	3	15	0
        117591	2026-04-08 12:39:33	1	3	15	0
        110006	2026-04-08 12:40:01	1	3	15	0
        117999	2026-04-08 12:40:14	1	3	15	0
        119602	2026-04-08 12:40:24	1	3	15	0
        117969	2026-04-08 12:41:05	1	3	15	0
        110393	2026-04-08 12:41:10	1	3	15	0
        110485	2026-04-08 12:41:33	1	3	15	0
        110574	2026-04-08 12:41:38	1	3	15	0
        110785	2026-04-08 12:42:11	1	3	15	0
        118458	2026-04-08 12:42:36	1	3	15	0
        117591	2026-04-08 12:43:54	1	3	15	0
        110452	2026-04-08 12:44:02	1	3	15	0
        117969	2026-04-08 12:44:07	1	3	15	0
        110393	2026-04-08 12:44:10	1	3	15	0
        110006	2026-04-08 12:44:12	1	3	15	0
        119227	2026-04-08 12:44:20	1	3	15	0
        110074	2026-04-08 12:44:23	1	3	15	0
        119602	2026-04-08 12:44:44	1	3	15	0
        117999	2026-04-08 12:44:49	1	3	15	0
        118186	2026-04-08 12:45:01	1	3	15	0
        110580	2026-04-08 12:45:29	1	3	15	0
        110581	2026-04-08 12:45:32	1	3	15	0
        110732	2026-04-08 12:45:37	1	3	15	0
        117817	2026-04-08 12:47:51	1	3	15	0
        116805	2026-04-08 12:47:58	1	3	15	0
        118369	2026-04-08 12:48:00	1	3	15	0
        116356	2026-04-08 12:48:01	1	3	15	0
        117981	2026-04-08 12:48:06	1	3	15	0
        117091	2026-04-08 12:48:08	1	3	15	0
        116297	2026-04-08 12:48:54	1	3	15	0
        110116	2026-04-08 12:49:53	1	3	15	0
        110436	2026-04-08 12:49:58	1	3	15	0
        118369	2026-04-08 12:50:12	1	3	15	0
        117981	2026-04-08 12:50:14	1	3	15	0
        116356	2026-04-08 12:50:16	1	3	15	0
        116805	2026-04-08 12:50:18	1	3	15	0
        117091	2026-04-08 12:50:25	1	3	15	0
        118186	2026-04-08 12:50:29	1	3	15	0
        110431	2026-04-08 12:50:59	1	3	15	0
        117114	2026-04-08 12:51:19	1	3	15	0
        110183	2026-04-08 12:51:36	1	3	15	0
        117595	2026-04-08 12:52:28	1	3	15	0
        116166	2026-04-08 12:53:06	1	3	15	0
        110376	2026-04-08 12:53:25	1	3	15	0
        118867	2026-04-08 12:53:29	1	3	15	0
        110062	2026-04-08 12:53:32	1	3	15	0
        116297	2026-04-08 12:53:47	1	3	15	0
        119493	2026-04-08 12:54:39	1	3	15	0
        117642	2026-04-08 12:55:15	1	3	15	0
        118207	2026-04-08 12:55:19	1	3	15	0
        116346	2026-04-08 12:55:20	1	3	15	0
        118867	2026-04-08 12:56:12	1	3	15	0
        116166	2026-04-08 12:58:25	1	3	15	0
        118207	2026-04-08 12:58:29	1	3	15	0
        116346	2026-04-08 12:58:36	1	3	15	0
        110051	2026-04-08 13:23:22	1	3	15	0
        110113	2026-04-08 17:00:22	1	1	15	0
        116297	2026-04-08 17:00:45	1	1	15	0
        116383	2026-04-08 17:01:05	1	1	15	0
        118640	2026-04-08 17:01:09	1	1	15	0
        119365	2026-04-08 17:01:12	1	1	15	0
        119493	2026-04-08 17:01:15	1	1	15	0
        116166	2026-04-08 17:01:22	1	1	15	0
        117630	2026-04-08 17:01:27	1	1	15	0
        118503	2026-04-08 17:01:40	1	1	15	0
        110527	2026-04-08 17:01:46	1	1	15	0
        117224	2026-04-08 17:02:00	1	1	15	0
        117733	2026-04-08 17:02:04	1	1	15	0
        116282	2026-04-08 17:02:17	1	1	15	0
        118207	2026-04-08 17:02:22	1	1	15	0
        117930	2026-04-08 17:02:24	1	1	15	0
        118157	2026-04-08 17:02:29	1	1	15	0
        117926	2026-04-08 17:02:31	1	1	15	0
        110475	2026-04-08 17:02:33	1	1	15	0
        110473	2026-04-08 17:02:38	1	1	15	0
        110466	2026-04-08 17:02:39	1	1	15	0
        116274	2026-04-08 17:02:42	1	1	15	0
        110785	2026-04-08 17:03:00	1	1	15	0
        117635	2026-04-08 17:03:18	1	1	15	0
        110421	2026-04-08 17:03:22	1	1	15	0
        117113	2026-04-08 17:03:27	1	1	15	0
        118750	2026-04-08 17:03:32	1	1	15	0
        117110	2026-04-08 17:03:36	1	1	15	0
        117786	2026-04-08 17:03:41	1	1	15	0
        110493	2026-04-08 17:03:43	1	1	15	0
        110495	2026-04-08 17:03:45	1	1	15	0
        110657	2026-04-08 17:03:47	1	1	15	0
        118180	2026-04-08 17:03:56	1	1	15	0
        117103	2026-04-08 17:04:01	1	1	15	0
        116741	2026-04-08 17:04:05	1	1	15	0
        117133	2026-04-08 17:04:13	1	1	15	0
        116337	2026-04-08 17:04:15	1	1	15	0
        117039	2026-04-08 17:04:21	1	1	15	0
        117683	2026-04-08 17:04:28	1	1	15	0
        117634	2026-04-08 17:04:31	1	1	15	0
        117660	2026-04-08 17:04:33	1	1	15	0
        117849	2026-04-08 17:04:35	1	1	15	0
        116053	2026-04-08 17:04:36	1	1	15	0
        116073	2026-04-08 17:04:40	1	1	15	0
        116129	2026-04-08 17:04:47	1	1	15	0
        116441	2026-04-08 17:04:49	1	1	15	0
        118813	2026-04-08 17:04:51	1	1	15	0
        118928	2026-04-08 17:04:52	1	1	15	0
        118550	2026-04-08 17:04:54	1	1	15	0
        117915	2026-04-08 17:04:56	1	1	15	0
        116493	2026-04-08 17:04:58	1	1	15	0
        110084	2026-04-08 17:05:02	1	1	15	0
        110538	2026-04-08 17:05:04	1	1	15	0
        119494	2026-04-08 17:05:05	1	1	15	0
        117196	2026-04-08 17:05:07	1	1	15	0
        110511	2026-04-08 17:05:10	1	1	15	0
        119453	2026-04-08 17:05:14	1	1	15	0
        117341	2026-04-08 17:05:16	1	1	15	0
        116799	2026-04-08 17:05:19	1	1	15	0
        117680	2026-04-08 17:05:39	1	1	15	0
        110356	2026-04-08 17:05:43	1	1	15	0
        110355	2026-04-08 17:05:45	1	1	15	0
        110507	2026-04-08 17:06:03	1	1	15	0
        117230	2026-04-08 17:06:13	1	1	15	0
        116451	2026-04-08 17:06:18	1	1	15	0
        117144	2026-04-08 17:06:19	1	1	15	0
        117042	2026-04-08 17:06:22	1	1	15	0
        117528	2026-04-08 17:06:39	1	1	15	0
        110432	2026-04-08 17:06:51	1	1	15	0
        110574	2026-04-08 17:06:56	1	1	15	0
        118271	2026-04-08 17:07:01	1	1	15	0
        119340	2026-04-08 17:07:12	1	1	15	0
        119475	2026-04-08 17:07:16	1	1	15	0
        110549	2026-04-08 17:07:18	1	1	15	0
        110452	2026-04-08 17:07:20	1	1	15	0
        116477	2026-04-08 17:07:22	1	1	15	0
        110360	2026-04-08 17:07:23	1	1	15	0
        110462	2026-04-08 17:07:27	1	1	15	0
        117966	2026-04-08 17:07:54	1	1	15	0
        110510	2026-04-08 17:07:56	1	1	15	0
        110463	2026-04-08 17:08:05	1	1	15	0
        117100	2026-04-08 17:08:13	1	1	15	0
        118917	2026-04-08 17:08:15	1	1	15	0
        110065	2026-04-08 17:08:17	1	1	15	0
        119571	2026-04-08 17:08:38	1	1	15	0
        117993	2026-04-08 17:08:39	1	1	15	0
        117269	2026-04-08 17:08:51	1	1	15	0
        118829	2026-04-08 17:08:53	1	1	15	0
        110354	2026-04-08 17:09:10	1	1	15	0
        118732	2026-04-08 17:09:14	1	1	15	0
        117567	2026-04-08 17:09:20	1	1	15	0
        116070	2026-04-08 17:09:24	1	1	1	0
        118458	2026-04-08 17:09:30	1	1	15	0
        117812	2026-04-08 17:09:32	1	1	15	0
        117698	2026-04-08 17:09:34	1	1	15	0
        116933	2026-04-08 17:09:37	1	1	15	0
        118744	2026-04-08 17:09:38	1	1	15	0
        110376	2026-04-08 17:09:59	1	1	15	0
        110377	2026-04-08 17:10:02	1	1	15	0
        110131	2026-04-08 17:10:10	1	1	15	0
        119535	2026-04-08 17:10:20	1	1	15	0
        116828	2026-04-08 17:10:42	1	1	1	0
        117969	2026-04-08 17:10:53	1	1	15	0
        117642	2026-04-08 17:10:55	1	1	15	0
        117567	2026-04-08 17:10:59	1	1	15	0
        117129	2026-04-08 17:11:01	1	1	15	0
        110083	2026-04-08 17:11:58	1	1	15	0
        119282	2026-04-08 17:12:06	1	1	15	0
        110431	2026-04-08 17:12:12	1	1	15	0
        110116	2026-04-08 17:12:16	1	1	15	0
        117222	2026-04-08 17:12:24	1	1	15	0
        117709	2026-04-08 17:12:33	1	1	15	0
        118584	2026-04-08 17:13:06	1	1	15	0
        116537	2026-04-08 17:13:07	1	1	15	0
        118043	2026-04-08 17:13:13	1	1	15	0
        117122	2026-04-08 17:13:46	1	1	15	0
        110088	2026-04-08 17:13:48	1	1	15	0
        110436	2026-04-08 17:14:02	1	1	15	0
        117711	2026-04-08 17:14:10	1	1	15	0
        119006	2026-04-08 17:14:16	1	1	15	0
        119157	2026-04-08 17:14:18	1	1	15	0
        116551	2026-04-08 17:14:20	1	1	15	0
        117543	2026-04-08 17:14:23	1	1	15	0
        116426	2026-04-08 17:14:23	1	1	15	0
        110074	2026-04-08 17:14:31	1	1	15	0
        110393	2026-04-08 17:14:36	1	1	15	0
        116960	2026-04-08 17:14:51	1	1	15	0
        116496	2026-04-08 17:15:46	1	1	15	0
        117497	2026-04-08 17:15:50	1	1	15	0
        110077	2026-04-08 17:15:52	1	1	15	0
        117616	2026-04-08 17:15:58	1	1	15	0
        117219	2026-04-08 17:16:37	1	1	15	0
        118186	2026-04-08 17:16:39	1	1	15	0
        110051	2026-04-08 17:16:59	1	1	15	0
        116763	2026-04-08 17:17:14	1	1	15	0
        110465	2026-04-08 17:17:21	1	1	15	0
        119070	2026-04-08 17:17:27	1	1	15	0
        119449	2026-04-08 17:17:37	1	1	15	0
        110053	2026-04-08 17:18:52	1	1	15	0
        110424	2026-04-08 17:19:29	1	1	15	0
        117088	2026-04-08 17:19:53	1	1	15	0
        110060	2026-04-08 17:20:23	1	1	15	0
        118101	2026-04-08 17:20:30	1	1	15	0
        110200	2026-04-08 17:20:41	1	1	15	0
        117043	2026-04-08 17:20:46	1	1	15	0
        116902	2026-04-08 17:20:50	1	1	15	0
        117716	2026-04-08 17:21:42	1	1	15	0
        116504	2026-04-08 17:22:05	1	1	15	0
        110128	2026-04-08 17:22:19	1	1	15	0
        119232	2026-04-08 17:22:25	1	1	15	0
        118702	2026-04-08 17:22:36	1	1	15	0
        117487	2026-04-08 17:22:41	1	1	15	0
        117723	2026-04-08 17:22:44	1	1	15	0
        110105	2026-04-08 17:22:58	1	1	15	0
        110632	2026-04-08 17:23:03	1	1	15	0
        117162	2026-04-08 17:23:23	1	1	15	0
        118992	2026-04-08 17:24:13	1	1	15	0
        116453	2026-04-08 17:24:18	1	1	15	0
        117077	2026-04-08 17:24:26	1	1	15	0
        117770	2026-04-08 17:24:37	1	1	15	0
        117850	2026-04-08 17:24:45	1	1	15	0
        117707	2026-04-08 17:24:46	1	1	15	0
        117920	2026-04-08 17:24:48	1	1	15	0
        117817	2026-04-08 17:25:25	1	1	15	0
        117972	2026-04-08 17:27:00	1	1	15	0
        117639	2026-04-08 17:27:08	1	1	15	0
        118862	2026-04-08 17:27:10	1	1	15	0
        110025	2026-04-08 17:27:29	1	1	15	0
        116069	2026-04-08 17:27:33	1	1	15	0
        110357	2026-04-08 17:28:17	1	1	15	0
        117840	2026-04-08 17:28:22	1	1	15	0
        117337	2026-04-08 17:28:25	1	1	15	0
        117841	2026-04-08 17:28:25	1	1	15	0
        117982	2026-04-08 17:28:30	1	1	15	0
        117814	2026-04-08 17:28:31	1	1	15	0
        117259	2026-04-08 17:30:16	1	1	15	0
        117541	2026-04-08 17:30:18	1	1	15	0
        110076	2026-04-08 17:30:22	1	1	15	0
        116422	2026-04-08 17:30:29	1	1	15	0
        110063	2026-04-08 17:30:32	1	1	15	0
        117924	2026-04-08 17:30:55	1	1	15	0
        116072	2026-04-08 17:30:59	1	1	15	0
        119143	2026-04-08 17:31:06	1	1	15	0
        119272	2026-04-08 17:31:13	1	1	15	0
        110062	2026-04-08 17:31:48	1	1	15	0
        118593	2026-04-08 17:32:20	1	1	15	0
        119263	2026-04-08 17:32:47	1	1	15	0
        110457	2026-04-08 17:32:54	1	1	15	0
        118997	2026-04-08 17:33:09	1	1	15	0
        116104	2026-04-08 17:33:44	1	1	15	0
        117837	2026-04-08 17:36:22	1	1	15	0
        119364	2026-04-08 17:38:20	1	1	15	0
        118867	2026-04-08 17:38:35	1	1	15	0
        117114	2026-04-08 17:38:46	1	1	15	0
        117998	2026-04-08 17:39:21	1	1	15	0
        116787	2026-04-08 17:39:36	1	1	15	0
        116260	2026-04-08 17:40:41	1	1	15	0
        118753	2026-04-08 17:41:11	1	1	15	0
        110418	2026-04-08 17:41:17	1	1	15	0
        110183	2026-04-08 17:41:38	1	1	15	0
        117700	2026-04-08 17:41:45	1	1	15	0
        117270	2026-04-08 17:42:05	1	1	15	0
        117212	2026-04-08 17:42:19	1	1	15	0
        116849	2026-04-08 17:43:17	1	1	15	0
        110535	2026-04-08 17:44:06	1	1	15	0
        110485	2026-04-08 17:44:38	1	1	15	0
        110158	2026-04-08 17:46:49	1	1	15	0
        118953	2026-04-08 17:47:07	1	1	15	0
        119227	2026-04-08 17:47:46	1	1	15	0
        110093	2026-04-08 17:48:44	1	1	15	0
        116356	2026-04-08 17:50:18	1	1	15	0
        117981	2026-04-08 17:50:19	1	1	15	0
        116805	2026-04-08 17:50:43	1	1	15	0
        118369	2026-04-08 17:50:45	1	1	15	0
        118302	2026-04-08 17:50:49	1	1	15	0
        117201	2026-04-08 17:51:46	1	1	15	0
        117807	2026-04-08 17:53:05	1	1	15	0
        116346	2026-04-08 18:00:02	1	1	15	0
        110492	2026-04-08 18:00:03	1	1	15	0
        117092	2026-04-08 18:00:40	1	1	15	0
        110070	2026-04-08 18:02:02	1	1	15	0
        110378	2026-04-08 18:02:31	1	1	15	0
        116748	2026-04-08 18:08:24	1	1	15	0
        117595	2026-04-08 18:12:40	1	1	15	0
        110032	2026-04-08 18:13:39	1	1	15	0
        117111	2026-04-08 18:16:00	1	1	15	0
        117529	2026-04-08 18:16:06	1	1	15	0
        110513	2026-04-08 18:17:36	1	1	15	0
        110055	2026-04-08 18:19:46	1	1	15	0
        119104	2026-04-08 18:23:19	1	1	15	0
        116142	2026-04-08 18:23:31	1	1	15	0
        118695	2026-04-08 18:23:44	1	1	15	0
        110006	2026-04-08 18:27:05	1	1	15	0
        117147	2026-04-08 18:27:16	1	1	15	0
        116142	2026-04-08 18:28:33	1	1	15	0
        117091	2026-04-08 18:28:41	1	1	15	0
        117999	2026-04-08 18:28:52	1	1	15	0
        117699	2026-04-08 18:29:17	1	1	15	0
        117575	2026-04-08 18:29:39	1	1	15	0
        117921	2026-04-08 18:30:28	1	1	15	0
        110057	2026-04-08 18:36:20	1	1	15	0
        117591	2026-04-08 18:43:45	1	1	15	0
        119602	2026-04-08 18:44:16	1	1	15	0
        110413	2026-04-08 18:44:21	1	1	15	0
        116483	2026-04-08 18:47:14	1	1	15	0
        110732	2026-04-08 19:02:10	1	1	15	0
        110580	2026-04-08 19:02:14	1	1	15	0
        110581	2026-04-08 19:02:24	1	1	15	0
        110085	2026-04-08 19:11:19	1	1	15	0
        110512	2026-04-08 19:16:11	1	1	15	0
        110430	2026-04-08 19:16:44	1	1	15	0
        116831	2026-04-10 06:12:35	1	0	15	0
        116763	2026-04-10 07:07:05	1	0	15	0
        110424	2026-04-10 07:11:13	1	0	15	0
        116902	2026-04-10 07:12:05	1	0	15	0
        110093	2026-04-10 07:17:08	1	0	15	0
        118101	2026-04-10 07:23:32	1	0	15	0
        110785	2026-04-10 07:31:21	1	0	15	0
        117121	2026-04-10 07:32:35	1	0	15	0
        118046	2026-04-10 07:35:23	1	0	15	0
        116428	2026-04-10 07:38:01	1	0	15	0
        117930	2026-04-10 07:38:28	1	0	15	0
        110431	2026-04-10 07:38:39	1	0	15	0
        118761	2026-04-10 07:40:23	1	0	15	0
        117835	2026-04-10 07:41:21	1	0	15	0
        117528	2026-04-10 07:41:41	1	0	15	0
        118782	2026-04-10 07:43:18	1	0	15	0
        117983	2026-04-10 07:43:51	1	0	15	0
        116824	2026-04-10 07:46:27	1	0	15	0
        110195	2026-04-10 07:46:49	1	0	15	0
        117634	2026-04-10 07:47:12	1	0	15	0
        117915	2026-04-10 07:47:14	1	0	15	0
        110421	2026-04-10 07:49:27	1	0	15	0
        117828	2026-04-10 07:50:04	1	0	15	0
        117337	2026-04-10 07:50:31	1	0	15	0
        110447	2026-04-10 07:51:56	1	0	15	0
        118568	2026-04-10 07:53:22	1	0	15	0
        119232	2026-04-10 07:53:26	1	0	15	0
        117100	2026-04-10 07:54:01	1	0	15	0
        117046	2026-04-10 07:54:44	1	0	15	0
        117120	2026-04-10 07:54:48	1	0	15	0
        118563	2026-04-10 07:54:50	1	0	15	0
        118593	2026-04-10 07:55:21	1	0	15	0
        117790	2026-04-10 07:57:14	1	0	15	0
        118917	2026-04-10 07:57:41	1	0	15	0
        110436	2026-04-10 07:57:53	1	0	15	0
        110172	2026-04-10 07:57:57	1	0	15	0
        117786	2026-04-10 07:58:29	1	0	15	0
        117926	2026-04-10 07:58:34	1	0	15	0
        117833	2026-04-10 07:59:30	1	0	15	0
        110452	2026-04-10 07:59:55	1	0	15	0
        117814	2026-04-10 08:00:04	1	0	15	0
        117222	2026-04-10 08:03:59	1	0	15	0
        117043	2026-04-10 08:05:10	1	0	15	0
        116747	2026-04-10 08:07:41	1	0	15	0
        118695	2026-04-10 08:07:57	1	0	15	0
        110418	2026-04-10 08:08:31	1	0	15	0
        117111	2026-04-10 08:08:57	1	0	15	0
        116472	2026-04-10 08:41:46	1	0	15	0
        118997	2026-04-10 09:08:47	1	0	15	0
        117833	2026-04-10 12:00:05	1	2	15	0
        116902	2026-04-10 12:01:42	1	2	15	0
        117790	2026-04-10 12:01:46	1	2	15	0
        117926	2026-04-10 12:01:49	1	2	15	0
        110452	2026-04-10 12:01:51	1	2	15	0
        118568	2026-04-10 12:02:24	1	2	15	0
        117835	2026-04-10 12:02:34	1	2	15	0
        110093	2026-04-10 12:02:48	1	2	15	0
        116747	2026-04-10 12:03:00	1	2	15	0
        116472	2026-04-10 12:03:02	1	2	15	0
        119232	2026-04-10 12:03:16	1	2	15	0
        117833	2026-04-10 12:04:37	1	2	15	0
        117926	2026-04-10 12:05:08	1	2	15	0
        117983	2026-04-10 12:05:11	1	2	15	0
        117790	2026-04-10 12:05:33	1	2	15	0
        116472	2026-04-10 12:05:38	1	2	15	0
        116747	2026-04-10 12:05:39	1	2	15	0
        116902	2026-04-10 12:05:44	1	2	15	0
        117337	2026-04-10 12:06:22	1	2	15	0
        118695	2026-04-10 12:06:25	1	2	15	0
        110195	2026-04-10 12:06:28	1	2	15	0
        117111	2026-04-10 12:06:31	1	2	15	0
        117814	2026-04-10 12:06:38	1	2	15	0
        110447	2026-04-10 12:07:08	1	2	15	0
        110431	2026-04-10 12:07:29	1	2	15	0
        118917	2026-04-10 12:07:39	1	2	15	0
        110785	2026-04-10 12:08:47	1	2	15	0
        117528	2026-04-10 12:09:09	1	2	15	0
        110418	2026-04-10 12:09:12	1	2	15	0
        117828	2026-04-10 12:09:13	1	2	15	0
        117120	2026-04-10 12:09:16	1	2	15	0
        117100	2026-04-10 12:09:19	1	2	15	0
        117930	2026-04-10 12:09:28	1	2	15	0
        117983	2026-04-10 12:09:40	1	2	15	0
        116824	2026-04-10 12:10:00	1	2	15	0
        118563	2026-04-10 12:10:44	1	2	15	0
        110172	2026-04-10 12:11:33	1	2	15	0
        110436	2026-04-10 12:11:37	1	2	15	0
        118101	2026-04-10 12:13:06	1	2	15	0
        117043	2026-04-10 12:13:11	1	2	15	0
        117930	2026-04-10 12:13:16	1	2	15	0
        110195	2026-04-10 12:13:22	1	2	15	0
        116763	2026-04-10 12:13:34	1	2	15	0
        117046	2026-04-10 12:13:35	1	2	15	0
        110418	2026-04-10 12:13:48	1	2	15	0
        110421	2026-04-10 12:13:52	1	2	15	0
        110424	2026-04-10 12:14:02	1	2	15	0
        116763	2026-04-10 12:15:37	1	2	15	0
        117046	2026-04-10 12:15:47	1	2	15	0
        110431	2026-04-10 12:16:06	1	2	15	0
        110424	2026-04-10 12:16:25	1	2	15	0
        110436	2026-04-10 12:17:07	1	2	15	0
        119232	2026-04-10 12:19:38	1	2	15	0
        117222	2026-04-10 12:19:45	1	2	15	0
        110452	2026-04-10 12:19:49	1	2	15	0
        118593	2026-04-10 12:20:09	1	2	15	0
        117835	2026-04-10 12:20:16	1	2	15	0
        118563	2026-04-10 12:20:19	1	2	15	0
        117528	2026-04-10 12:20:23	1	2	15	0
        110172	2026-04-10 12:20:26	1	2	15	0
        110785	2026-04-10 12:21:46	1	2	15	0
        118046	2026-04-10 12:22:10	1	2	15	0
        118917	2026-04-10 12:23:35	1	2	15	0
        110093	2026-04-10 12:24:37	1	2	15	0
        118568	2026-04-10 12:24:42	1	2	15	0
        116824	2026-04-10 12:24:56	1	2	15	0
        118593	2026-04-10 12:27:45	1	2	15	0
        118593	2026-04-10 12:29:27	1	2	15	0
        117786	2026-04-10 12:30:34	1	3	15	0
        118593	2026-04-10 12:30:53	1	3	15	0
        117814	2026-04-10 12:30:58	1	3	15	0
        118782	2026-04-10 12:31:59	1	3	15	0
        117121	2026-04-10 12:32:01	1	3	15	0
        118695	2026-04-10 12:33:12	1	3	15	0
        117111	2026-04-10 12:33:15	1	3	15	0
        117337	2026-04-10 12:33:17	1	3	15	0
        117120	2026-04-10 12:33:21	1	3	15	0
        117043	2026-04-10 12:33:48	1	3	15	0
        117828	2026-04-10 12:33:50	1	3	15	0
        118101	2026-04-10 12:33:53	1	3	15	0
        117121	2026-04-10 12:37:42	1	3	15	0
        118782	2026-04-10 12:37:53	1	3	15	0
        118046	2026-04-10 12:38:17	1	3	15	0
        117222	2026-04-10 12:38:37	1	3	15	0
        110447	2026-04-10 12:38:42	1	3	15	0
        116428	2026-04-10 12:40:20	1	3	15	0
        118761	2026-04-10 12:40:24	1	3	15	0
        116428	2026-04-10 12:44:55	1	3	15	0
        118761	2026-04-10 12:44:59	1	3	15	0
        118997	2026-04-10 12:54:42	1	3	15	0
        110421	2026-04-10 12:59:31	1	3	15	0
        118997	2026-04-10 13:02:08	1	3	15	0
        117043	2026-04-10 15:09:44	1	3	15	0
        117926	2026-04-10 17:00:09	1	1	15	0
        117222	2026-04-10 17:05:04	1	1	15	0
        110785	2026-04-10 17:05:40	1	1	15	0
        110447	2026-04-10 17:05:47	1	1	15	0
        110421	2026-04-10 17:06:30	1	1	15	0
        110431	2026-04-10 17:06:47	1	1	15	0
        117983	2026-04-10 17:06:49	1	1	15	0
        110452	2026-04-10 17:07:13	1	1	15	0
        117930	2026-04-10 17:07:21	1	1	15	0
        118761	2026-04-10 17:07:46	1	1	15	0
        117833	2026-04-10 17:07:52	1	1	15	0
        116747	2026-04-10 17:08:54	1	1	15	0
        116763	2026-04-10 17:08:56	1	1	15	0
        116902	2026-04-10 17:09:01	1	1	15	0
        117790	2026-04-10 17:09:09	1	1	15	0
        110195	2026-04-10 17:09:11	1	1	15	0
        110436	2026-04-10 17:09:15	1	1	15	0
        116824	2026-04-10 17:10:23	1	1	15	0
        117828	2026-04-10 17:10:25	1	1	15	0
        118101	2026-04-10 17:10:28	1	1	15	0
        116472	2026-04-10 17:10:32	1	1	15	0
        110172	2026-04-10 17:11:11	1	1	15	0
        117111	2026-04-10 17:11:54	1	1	15	0
        117835	2026-04-10 17:12:33	1	1	15	0
        117814	2026-04-10 17:14:44	1	1	15	0
        117121	2026-04-10 17:16:32	1	1	15	0
        118782	2026-04-10 17:16:34	1	1	15	0
        118568	2026-04-10 17:19:42	1	1	15	0
        118917	2026-04-10 17:20:16	1	1	15	0
        118997	2026-04-10 17:20:33	1	1	15	0
        118563	2026-04-10 17:23:37	1	1	15	0
        117120	2026-04-10 17:23:53	1	1	15	0
        117046	2026-04-10 17:24:02	1	1	15	0
        116428	2026-04-10 17:24:06	1	1	15	0
        117528	2026-04-10 17:24:10	1	1	15	0
        118593	2026-04-10 17:25:02	1	1	15	0
        110424	2026-04-10 17:25:17	1	1	15	0
        118046	2026-04-10 17:31:36	1	1	15	0
        110093	2026-04-10 17:34:57	1	1	15	0
        118695	2026-04-10 17:52:39	1	1	15	0
        117337	2026-04-10 17:52:42	1	1	15	0
        119232	2026-04-10 17:58:40	1	1	15	0
        119571	2026-04-11 13:03:49	1	3	15	0
        119571	2026-04-11 17:02:25	1	1	15	0
        117201	2026-04-13 04:41:59	1	0	15	0
        116479	2026-04-13 06:06:53	1	0	15	0
        110093	2026-04-13 06:09:27	1	0	15	0
        110580	2026-04-13 06:25:12	1	0	15	0
        117835	2026-04-13 06:25:17	1	0	15	0
        119571	2026-04-13 06:27:21	1	0	15	0
        117983	2026-04-13 06:27:54	1	0	15	0
        117699	2026-04-13 06:28:13	1	0	15	0
        116831	2026-04-13 06:36:37	1	0	15	0
        110785	2026-04-13 06:40:51	1	0	15	0
        119070	2026-04-13 06:42:50	1	0	15	0
        110074	2026-04-13 06:43:40	1	0	15	0
        116483	2026-04-13 06:44:28	1	0	15	0
        116835	2026-04-13 06:44:50	1	0	15	0
        117999	2026-04-13 06:47:45	1	0	15	0
        110128	2026-04-13 06:48:06	1	0	15	0
        118992	2026-04-13 06:48:31	1	0	15	0
        110732	2026-04-13 06:52:14	1	0	15	0
        110088	2026-04-13 06:53:12	1	0	15	0
        110094	2026-04-13 06:53:40	1	0	15	0
        118829	2026-04-13 06:55:59	1	0	15	0
        116799	2026-04-13 06:56:19	1	0	15	0
        118563	2026-04-13 06:57:07	1	0	15	0
        110574	2026-04-13 06:57:43	1	0	15	0
        110632	2026-04-13 06:57:51	1	0	15	0
        117591	2026-04-13 06:58:19	1	0	15	0
        117969	2026-04-13 06:58:27	1	0	15	0
        117921	2026-04-13 07:00:54	1	0	15	0
        116834	2026-04-13 07:02:37	1	0	15	0
        117092	2026-04-13 07:02:53	1	0	15	0
        110535	2026-04-13 07:03:35	1	0	15	0
        116142	2026-04-13 07:05:53	1	0	15	0
        116537	2026-04-13 07:06:09	1	0	15	0
        110473	2026-04-13 07:07:48	1	0	15	0
        118997	2026-04-13 07:07:53	1	0	15	0
        118750	2026-04-13 07:10:45	1	0	15	0
        116902	2026-04-13 07:11:02	1	0	15	0
        110144	2026-04-13 07:11:23	1	0	15	0
        116763	2026-04-13 07:11:33	1	0	15	0
        110581	2026-04-13 07:11:42	1	0	15	0
        117129	2026-04-13 07:13:04	1	0	15	0
        110183	2026-04-13 07:13:23	1	0	15	0
        116252	2026-04-13 07:13:44	1	0	15	0
        118046	2026-04-13 07:13:59	1	0	15	0
        117039	2026-04-13 07:14:07	1	0	15	0
        117709	2026-04-13 07:14:20	1	0	15	0
        110090	2026-04-13 07:14:58	1	0	15	0
        110510	2026-04-13 07:15:09	1	0	15	0
        119143	2026-04-13 07:16:05	1	0	15	0
        118101	2026-04-13 07:16:13	1	0	15	0
        117259	2026-04-13 07:17:30	1	0	15	0
        119475	2026-04-13 07:18:06	1	0	15	0
        117635	2026-04-13 07:18:55	1	0	15	0
        110463	2026-04-13 07:19:54	1	0	15	0
        116428	2026-04-13 07:20:19	1	0	15	0
        118580	2026-04-13 07:21:21	1	0	15	0
        110113	2026-04-13 07:21:26	1	0	15	0
        110511	2026-04-13 07:21:28	1	0	15	0
        117707	2026-04-13 07:21:33	1	0	15	0
        110538	2026-04-13 07:23:33	1	0	15	0
        110083	2026-04-13 07:23:44	1	0	15	0
        117114	2026-04-13 07:24:15	1	0	15	0
        116741	2026-04-13 07:24:20	1	0	15	0
        117110	2026-04-13 07:24:22	1	0	15	0
        117147	2026-04-13 07:24:24	1	0	15	0
        118917	2026-04-13 07:24:26	1	0	15	0
        116551	2026-04-13 07:24:32	1	0	15	0
        116104	2026-04-13 07:25:09	1	0	15	0
        110506	2026-04-13 07:25:45	1	0	15	0
        117085	2026-04-13 07:25:53	1	0	15	0
        119157	2026-04-13 07:26:00	1	0	15	0
        118568	2026-04-13 07:26:28	1	0	15	0
        110116	2026-04-13 07:26:51	1	0	15	0
        117114	2026-04-13 07:26:56	1	0	15	0
        118302	2026-04-13 07:27:11	1	0	15	0
        110424	2026-04-13 07:27:25	1	0	15	0
        117683	2026-04-13 07:27:48	1	0	15	0
        110070	2026-04-13 07:29:02	1	0	15	0
        117088	2026-04-13 07:29:03	1	0	15	0
        117162	2026-04-13 07:29:05	1	0	15	0
        117543	2026-04-13 07:30:18	1	0	15	0
        110457	2026-04-13 07:30:22	1	0	15	0
        110357	2026-04-13 07:30:24	1	0	15	0
        117121	2026-04-13 07:30:29	1	0	15	0
        117972	2026-04-13 07:30:52	1	0	15	0
        110495	2026-04-13 07:31:23	1	0	15	0
        117660	2026-04-13 07:31:27	1	0	15	0
        119340	2026-04-13 07:31:38	1	0	15	0
        118043	2026-04-13 07:31:48	1	0	15	0
        110193	2026-04-13 07:32:02	1	0	15	0
        116828	2026-04-13 07:32:09	1	0	1	0
        110198	2026-04-13 07:32:21	1	0	15	0
        110053	2026-04-13 07:33:05	1	0	15	0
        117982	2026-04-13 07:33:17	1	0	15	0
        117850	2026-04-13 07:33:34	1	0	15	0
        117634	2026-04-13 07:33:36	1	0	15	0
        118867	2026-04-13 07:34:18	1	0	15	0
        118753	2026-04-13 07:34:19	1	0	15	0
        117113	2026-04-13 07:34:24	1	0	15	0
        117838	2026-04-13 07:34:28	1	0	1	0
        117144	2026-04-13 07:34:34	1	0	15	0
        118744	2026-04-13 07:34:36	1	0	15	0
        117849	2026-04-13 07:34:37	1	0	15	0
        119104	2026-04-13 07:34:39	1	0	15	0
        116346	2026-04-13 07:34:43	1	0	15	0
        117700	2026-04-13 07:35:10	1	0	15	0
        116451	2026-04-13 07:35:38	1	0	15	0
        117042	2026-04-13 07:35:44	1	0	15	0
        117487	2026-04-13 07:35:49	1	0	15	0
        119364	2026-04-13 07:36:00	1	0	15	0
        117212	2026-04-13 07:36:02	1	0	15	0
        117270	2026-04-13 07:36:36	1	0	15	0
        117133	2026-04-13 07:36:42	1	0	15	0
        117680	2026-04-13 07:36:44	1	0	15	0
        116778	2026-04-13 07:36:46	1	0	15	0
        117840	2026-04-13 07:37:08	1	0	15	0
        117815	2026-04-13 07:37:29	1	0	15	0
        110431	2026-04-13 07:37:36	1	0	15	0
        116504	2026-04-13 07:37:43	1	0	15	0
        117915	2026-04-13 07:38:03	1	0	15	0
        110493	2026-04-13 07:38:08	1	0	15	0
        110131	2026-04-13 07:38:15	1	0	15	0
        117054	2026-04-13 07:38:23	1	0	15	0
        110085	2026-04-13 07:38:33	1	0	15	0
        110355	2026-04-13 07:38:36	1	0	15	0
        110356	2026-04-13 07:38:39	1	0	15	0
        119272	2026-04-13 07:39:27	1	0	15	0
        118157	2026-04-13 07:39:59	1	0	15	0
        117841	2026-04-13 07:40:12	1	0	15	0
        116824	2026-04-13 07:40:18	1	0	15	0
        110378	2026-04-13 07:40:25	1	0	15	0
        117837	2026-04-13 07:40:33	1	0	15	0
        110465	2026-04-13 07:40:42	1	0	15	0
        119535	2026-04-13 07:40:45	1	0	15	0
        119594	2026-04-13 07:40:48	1	0	15	0
        117644	2026-04-13 07:40:49	1	0	15	0
        118761	2026-04-13 07:40:52	1	0	15	0
        116356	2026-04-13 07:40:56	1	0	15	0
        119453	2026-04-13 07:41:01	1	0	15	0
        117224	2026-04-13 07:41:03	1	0	15	0
        116422	2026-04-13 07:41:05	1	0	15	0
        110372	2026-04-13 07:41:27	1	0	15	0
        110527	2026-04-13 07:41:47	1	0	15	0
        118584	2026-04-13 07:41:56	1	0	15	0
        117723	2026-04-13 07:42:00	1	0	15	0
        110060	2026-04-13 07:42:03	1	0	15	0
        116069	2026-04-13 07:42:20	1	0	15	0
        117528	2026-04-13 07:42:36	1	0	15	0
        110195	2026-04-13 07:42:47	1	0	15	0
        118782	2026-04-13 07:43:12	1	0	15	0
        110032	2026-04-13 07:43:14	1	0	15	0
        116493	2026-04-13 07:43:16	1	0	15	0
        110512	2026-04-13 07:43:24	1	0	15	0
        116260	2026-04-13 07:43:31	1	0	15	0
        119232	2026-04-13 07:43:33	1	0	15	0
        118503	2026-04-13 07:43:58	1	0	15	0
        117103	2026-04-13 07:44:24	1	0	15	0
        117122	2026-04-13 07:44:31	1	0	15	0
        110063	2026-04-13 07:44:37	1	0	15	0
        110057	2026-04-13 07:44:41	1	0	15	0
        116383	2026-04-13 07:44:51	1	0	15	0
        116933	2026-04-13 07:44:55	1	0	15	0
        118369	2026-04-13 07:45:11	1	0	15	0
        110158	2026-04-13 07:45:25	1	0	15	0
        118271	2026-04-13 07:45:41	1	0	15	0
        110393	2026-04-13 07:45:46	1	0	15	0
        119494	2026-04-13 07:45:53	1	0	15	0
        117716	2026-04-13 07:46:00	1	0	15	0
        110430	2026-04-13 07:46:02	1	0	15	0
        117998	2026-04-13 07:46:03	1	0	15	0
        117219	2026-04-13 07:46:28	1	0	15	0
        116805	2026-04-13 07:47:35	1	0	15	0
        117541	2026-04-13 07:47:42	1	0	15	0
        110475	2026-04-13 07:47:56	1	0	15	0
        110421	2026-04-13 07:48:00	1	0	15	0
        118593	2026-04-13 07:48:06	1	0	15	0
        110055	2026-04-13 07:48:11	1	0	15	0
        117616	2026-04-13 07:48:30	1	0	15	0
        117529	2026-04-13 07:48:37	1	0	15	0
        110507	2026-04-13 07:49:33	1	0	15	0
        110377	2026-04-13 07:49:37	1	0	15	0
        110514	2026-04-13 07:49:41	1	0	15	0
        118702	2026-04-13 07:49:58	1	0	15	0
        116496	2026-04-13 07:50:15	1	0	15	0
        116053	2026-04-13 07:50:21	1	0	15	0
        119449	2026-04-13 07:50:23	1	0	15	0
        116282	2026-04-13 07:50:26	1	0	15	0
        117966	2026-04-13 07:50:45	1	0	15	0
        117814	2026-04-13 07:50:48	1	0	15	0
        117790	2026-04-13 07:50:52	1	0	15	0
        110413	2026-04-13 07:50:55	1	0	15	0
        110492	2026-04-13 07:50:58	1	0	15	0
        118928	2026-04-13 07:51:19	1	0	15	0
        110513	2026-04-13 07:51:25	1	0	15	0
        110006	2026-04-13 07:51:32	1	0	15	0
        117061	2026-04-13 07:51:37	1	0	15	0
        116748	2026-04-13 07:51:40	1	0	15	0
        118732	2026-04-13 07:52:03	1	0	15	0
        110025	2026-04-13 07:52:15	1	0	15	0
        110376	2026-04-13 07:52:20	1	0	15	0
        117705	2026-04-13 07:52:24	1	0	15	0
        110197	2026-04-13 07:52:32	1	0	15	0
        119494	2026-04-13 07:52:40	1	0	15	0
        117077	2026-04-13 07:52:46	1	0	15	0
        110466	2026-04-13 07:52:59	1	0	15	0
        117930	2026-04-13 07:53:02	1	0	15	0
        117692	2026-04-13 07:53:05	1	0	15	0
        116073	2026-04-13 07:53:08	1	0	15	0
        117144	2026-04-13 07:53:23	1	0	15	0
        117981	2026-04-13 07:53:32	1	0	15	0
        117828	2026-04-13 07:53:35	1	0	15	0
        117630	2026-04-13 07:53:53	1	0	15	0
        110065	2026-04-13 07:54:07	1	0	15	0
        110354	2026-04-13 07:54:10	1	0	15	0
        110105	2026-04-13 07:54:13	1	0	15	0
        118971	2026-04-13 07:54:15	1	0	15	0
        116453	2026-04-13 07:54:17	1	0	15	0
        117120	2026-04-13 07:54:26	1	0	15	0
        117046	2026-04-13 07:54:28	1	0	15	0
        117833	2026-04-13 07:54:30	1	0	15	0
        117595	2026-04-13 07:54:31	1	0	15	0
        110077	2026-04-13 07:54:35	1	0	15	0
        116129	2026-04-13 07:54:37	1	0	15	0
        117567	2026-04-13 07:54:40	1	0	15	0
        118458	2026-04-13 07:54:57	1	0	15	0
        110452	2026-04-13 07:56:11	1	0	15	0
        110657	2026-04-13 07:56:18	1	0	15	0
        117337	2026-04-13 07:56:21	1	0	15	0
        117920	2026-04-13 07:56:25	1	0	15	0
        110633	2026-04-13 07:56:28	1	0	15	0
        117711	2026-04-13 07:57:43	1	0	15	0
        116297	2026-04-13 07:57:55	1	0	15	0
        110447	2026-04-13 07:57:59	1	0	15	0
        117924	2026-04-13 07:58:37	1	0	15	0
        119493	2026-04-13 07:58:52	1	0	15	0
        110418	2026-04-13 07:58:54	1	0	15	0
        118813	2026-04-13 07:58:57	1	0	15	0
        118207	2026-04-13 07:59:17	1	0	15	0
        110100	2026-04-13 08:01:08	1	0	15	0
        117993	2026-04-13 08:07:32	1	0	15	0
        119227	2026-04-13 08:07:49	1	0	15	0
        118695	2026-04-13 08:07:59	1	0	15	0
        117156	2026-04-13 08:08:02	1	0	15	0
        117222	2026-04-13 08:08:31	1	0	15	0
        117733	2026-04-13 08:08:35	1	0	15	0
        117043	2026-04-13 08:08:38	1	0	15	0
        117807	2026-04-13 08:08:41	1	0	15	0
        119107	2026-04-13 08:09:28	1	0	15	0
        116477	2026-04-13 08:11:44	1	0	15	0
        116166	2026-04-13 08:11:55	1	0	15	0
        110360	2026-04-13 08:14:43	1	0	15	0
        110062	2026-04-13 08:14:48	1	0	15	0
        116849	2026-04-13 08:14:58	1	0	15	0
        116990	2026-04-13 08:15:57	1	0	15	0
        116512	2026-04-13 08:17:04	1	0	15	0
        116751	2026-04-13 08:17:07	1	0	15	0
        110200	2026-04-13 08:17:22	1	0	15	0
        117111	2026-04-13 08:21:17	1	0	15	0
        117575	2026-04-13 08:23:30	1	0	15	0
        119386	2026-04-13 08:24:47	1	0	15	0
        117196	2026-04-13 08:27:53	1	0	15	0
        110436	2026-04-13 08:32:54	1	0	15	0
        117817	2026-04-13 08:33:41	1	0	15	0
        110076	2026-04-13 08:37:21	1	0	15	0
        110549	2026-04-13 09:02:55	1	0	15	0
        117981	2026-04-13 12:00:03	1	2	15	0
        117061	2026-04-13 12:00:04	1	2	15	0
        110430	2026-04-13 12:00:06	1	2	15	0
        116356	2026-04-13 12:00:08	1	2	15	0
        118369	2026-04-13 12:00:10	1	2	15	0
        110452	2026-04-13 12:00:12	1	2	15	0
        116805	2026-04-13 12:00:15	1	2	15	0
        116383	2026-04-13 12:00:17	1	2	15	0
        118043	2026-04-13 12:00:19	1	2	15	0
        119571	2026-04-13 12:00:21	1	2	15	0
        117201	2026-04-13 12:00:25	1	2	15	0
        110128	2026-04-13 12:00:31	1	2	15	0
        110354	2026-04-13 12:00:37	1	2	15	0
        118458	2026-04-13 12:00:38	1	2	15	0
        110465	2026-04-13 12:00:40	1	2	15	0
        110144	2026-04-13 12:00:41	1	2	15	0
        117144	2026-04-13 12:00:45	1	2	15	0
        110063	2026-04-13 12:00:50	1	2	15	0
        110093	2026-04-13 12:00:51	1	2	15	0
        119232	2026-04-13 12:00:57	1	2	15	0
        116422	2026-04-13 12:00:59	1	2	15	0
        117219	2026-04-13 12:01:01	1	2	15	0
        117147	2026-04-13 12:01:03	1	2	15	0
        110447	2026-04-13 12:01:05	1	2	15	0
        116828	2026-04-13 12:01:07	1	2	1	0
        117930	2026-04-13 12:01:15	1	2	15	0
        117616	2026-04-13 12:01:17	1	2	15	0
        110378	2026-04-13 12:01:19	1	2	15	0
        116252	2026-04-13 12:01:21	1	2	15	0
        110094	2026-04-13 12:01:23	1	2	15	0
        119453	2026-04-13 12:01:29	1	2	15	0
        117567	2026-04-13 12:01:30	1	2	15	0
        117835	2026-04-13 12:01:33	1	2	15	0
        110462	2026-04-13 12:01:36	1	2	15	0
        110038	2026-04-13 12:01:45	1	2	15	0
        110436	2026-04-13 12:01:48	1	2	15	0
        116902	2026-04-13 12:01:53	1	2	15	0
        110025	2026-04-13 12:01:56	1	2	15	0
        116763	2026-04-13 12:01:56	1	2	15	0
        110077	2026-04-13 12:02:01	1	2	15	0
        117543	2026-04-13 12:02:05	1	2	15	0
        117122	2026-04-13 12:02:07	1	2	15	0
        110463	2026-04-13 12:02:10	1	2	15	0
        117790	2026-04-13 12:02:14	1	2	15	0
        110105	2026-04-13 12:02:17	1	2	15	0
        117039	2026-04-13 12:02:19	1	2	15	0
        116422	2026-04-13 12:02:21	1	2	15	0
        117219	2026-04-13 12:02:23	1	2	15	0
        117981	2026-04-13 12:02:24	1	2	15	0
        117061	2026-04-13 12:02:26	1	2	15	0
        116356	2026-04-13 12:02:27	1	2	15	0
        118369	2026-04-13 12:02:31	1	2	15	0
        116805	2026-04-13 12:02:32	1	2	15	0
        118101	2026-04-13 12:02:35	1	2	15	0
        117042	2026-04-13 12:02:37	1	2	15	0
        116451	2026-04-13 12:02:38	1	2	15	0
        117828	2026-04-13 12:02:40	1	2	15	0
        116383	2026-04-13 12:02:49	1	2	15	0
        117046	2026-04-13 12:02:54	1	2	15	0
        110535	2026-04-13 12:02:56	1	2	15	0
        110418	2026-04-13 12:02:57	1	2	15	0
        119535	2026-04-13 12:03:03	1	2	15	0
        117716	2026-04-13 12:03:10	1	2	15	0
        117998	2026-04-13 12:03:11	1	2	15	0
        110424	2026-04-13 12:03:14	1	2	15	0
        116252	2026-04-13 12:03:16	1	2	15	0
        110354	2026-04-13 12:03:18	1	2	15	0
        117120	2026-04-13 12:03:22	1	2	15	0
        116834	2026-04-13 12:03:29	1	2	15	0
        110006	2026-04-13 12:03:32	1	2	15	0
        117833	2026-04-13 12:03:34	1	2	15	0
        117224	2026-04-13 12:03:36	1	2	15	0
        118563	2026-04-13 12:03:39	1	2	15	0
        117711	2026-04-13 12:03:43	1	2	15	0
        117270	2026-04-13 12:03:46	1	2	15	0
        117817	2026-04-13 12:03:49	1	2	15	0
        117133	2026-04-13 12:03:52	1	2	15	0
        110144	2026-04-13 12:03:56	1	2	15	0
        119449	2026-04-13 12:03:59	1	2	15	0
        110431	2026-04-13 12:04:05	1	2	15	0
        117541	2026-04-13 12:04:30	1	2	15	0
        117259	2026-04-13 12:04:32	1	2	15	0
        110116	2026-04-13 12:04:34	1	2	15	0
        118750	2026-04-13 12:04:36	1	2	15	0
        110457	2026-04-13 12:04:37	1	2	15	0
        117110	2026-04-13 12:04:40	1	2	15	0
        110032	2026-04-13 12:04:43	1	2	15	0
        117635	2026-04-13 12:04:46	1	2	15	0
        117924	2026-04-13 12:04:48	1	2	15	0
        110376	2026-04-13 12:04:49	1	2	15	0
        110377	2026-04-13 12:04:52	1	2	15	0
        118917	2026-04-13 12:04:54	1	2	15	0
        116483	2026-04-13 12:04:56	1	2	15	0
        110053	2026-04-13 12:05:03	1	2	15	0
        116824	2026-04-13 12:05:06	1	2	15	0
        117660	2026-04-13 12:05:10	1	2	15	0
        110006	2026-04-13 12:05:11	1	2	15	0
        116504	2026-04-13 12:05:15	1	2	15	0
        110100	2026-04-13 12:05:17	1	2	15	0
        118271	2026-04-13 12:05:22	1	2	15	0
        110466	2026-04-13 12:05:24	1	2	15	0
        118702	2026-04-13 12:05:26	1	2	15	0
        110632	2026-04-13 12:05:27	1	2	15	0
        117930	2026-04-13 12:05:29	1	2	15	0
        118813	2026-04-13 12:05:31	1	2	15	0
        118928	2026-04-13 12:05:34	1	2	15	0
        116129	2026-04-13 12:05:36	1	2	15	0
        117046	2026-04-13 12:05:38	1	2	15	0
        118584	2026-04-13 12:05:40	1	2	15	0
        117120	2026-04-13 12:05:41	1	2	15	0
        110418	2026-04-13 12:05:44	1	2	15	0
        118101	2026-04-13 12:05:46	1	2	15	0
        117828	2026-04-13 12:05:47	1	2	15	0
        117849	2026-04-13 12:05:49	1	2	15	0
        110512	2026-04-13 12:05:50	1	2	15	0
        110514	2026-04-13 12:05:52	1	2	15	0
        110493	2026-04-13 12:05:54	1	2	15	0
        110495	2026-04-13 12:05:57	1	2	15	0
        110424	2026-04-13 12:05:59	1	2	15	0
        110421	2026-04-13 12:06:01	1	2	15	0
        110430	2026-04-13 12:06:02	1	2	15	0
        117528	2026-04-13 12:06:05	1	2	15	0
        110090	2026-04-13 12:06:08	1	2	15	0
        110393	2026-04-13 12:06:10	1	2	15	0
        110413	2026-04-13 12:06:11	1	2	15	0
        110475	2026-04-13 12:06:38	1	2	15	0
        110473	2026-04-13 12:06:41	1	2	15	0
        116763	2026-04-13 12:06:51	1	2	15	0
        117790	2026-04-13 12:06:54	1	2	15	0
        116902	2026-04-13 12:06:57	1	2	15	0
        110580	2026-04-13 12:06:59	1	2	15	0
        110581	2026-04-13 12:07:01	1	2	15	0
        110732	2026-04-13 12:07:03	1	2	15	0
        117091	2026-04-13 12:07:10	1	2	15	0
        117529	2026-04-13 12:07:12	1	2	15	0
        119272	2026-04-13 12:07:17	1	2	15	0
        117129	2026-04-13 12:07:22	1	2	15	0
        110100	2026-04-13 12:07:29	1	2	15	0
        119107	2026-04-13 12:07:34	1	2	15	0
        117162	2026-04-13 12:07:38	1	2	15	0
        117723	2026-04-13 12:07:43	1	2	15	0
        110785	2026-04-13 12:07:47	1	2	15	0
        117133	2026-04-13 12:07:56	1	2	15	0
        119571	2026-04-13 12:08:01	1	2	15	0
        117222	2026-04-13 12:08:04	1	2	15	0
        117711	2026-04-13 12:08:06	1	2	15	0
        110436	2026-04-13 12:08:09	1	2	15	0
        117733	2026-04-13 12:08:09	1	2	15	0
        116483	2026-04-13 12:08:14	1	2	15	0
        116504	2026-04-13 12:08:17	1	2	15	0
        117709	2026-04-13 12:08:19	1	2	15	0
        117259	2026-04-13 12:08:21	1	2	15	0
        117541	2026-04-13 12:08:23	1	2	15	0
        110457	2026-04-13 12:08:33	1	2	15	0
        117924	2026-04-13 12:08:36	1	2	15	0
        119107	2026-04-13 12:08:38	1	2	15	0
        118043	2026-04-13 12:08:50	1	2	15	0
        110512	2026-04-13 12:08:54	1	2	15	0
        110514	2026-04-13 12:08:56	1	2	15	0
        117147	2026-04-13 12:08:59	1	2	15	0
        110431	2026-04-13 12:09:02	1	2	15	0
        110025	2026-04-13 12:09:05	1	2	15	0
        110063	2026-04-13 12:09:08	1	2	15	0
        117091	2026-04-13 12:09:14	1	2	15	0
        116751	2026-04-13 12:09:16	1	2	15	0
        110507	2026-04-13 12:09:19	1	2	15	0
        116512	2026-04-13 12:09:21	1	2	15	0
        119535	2026-04-13 12:09:23	1	2	15	0
        117817	2026-04-13 12:09:25	1	2	15	0
        117270	2026-04-13 12:09:26	1	2	15	0
        110357	2026-04-13 12:09:29	1	2	15	0
        117716	2026-04-13 12:09:31	1	2	15	0
        117487	2026-04-13 12:09:37	1	2	15	0
        119232	2026-04-13 12:09:39	1	2	15	0
        116260	2026-04-13 12:09:41	1	2	15	0
        110360	2026-04-13 12:09:44	1	2	15	0
        110527	2026-04-13 12:09:48	1	2	15	0
        110549	2026-04-13 12:09:53	1	2	15	0
        110495	2026-04-13 12:09:58	1	2	15	0
        110493	2026-04-13 12:10:00	1	2	15	0
        117849	2026-04-13 12:10:03	1	2	15	0
        117660	2026-04-13 12:10:06	1	2	15	0
        117635	2026-04-13 12:10:08	1	2	15	0
        118917	2026-04-13 12:10:09	1	2	15	0
        117983	2026-04-13 12:10:13	1	2	15	0
        110377	2026-04-13 12:10:13	1	2	15	0
        110376	2026-04-13 12:10:16	1	2	15	0
        118732	2026-04-13 12:10:19	1	2	15	0
        118702	2026-04-13 12:10:20	1	2	15	0
        117201	2026-04-13 12:10:23	1	2	15	0
        117835	2026-04-13 12:10:29	1	2	15	0
        110093	2026-04-13 12:10:33	1	2	15	0
        118928	2026-04-13 12:10:36	1	2	15	0
        118813	2026-04-13 12:10:38	1	2	15	0
        116129	2026-04-13 12:10:40	1	2	15	0
        116834	2026-04-13 12:10:42	1	2	15	0
        110475	2026-04-13 12:10:53	1	2	15	0
        118584	2026-04-13 12:10:55	1	2	15	0
        110473	2026-04-13 12:10:56	1	2	15	0
        116496	2026-04-13 12:11:02	1	2	15	0
        110032	2026-04-13 12:11:06	1	2	15	0
        119453	2026-04-13 12:11:09	1	2	15	0
        116849	2026-04-13 12:11:17	1	2	15	0
        116551	2026-04-13 12:11:20	1	2	15	0
        110462	2026-04-13 12:11:23	1	2	15	0
        117998	2026-04-13 12:11:26	1	2	15	0
        116778	2026-04-13 12:11:31	1	2	15	0
        110060	2026-04-13 12:11:33	1	2	15	0
        117833	2026-04-13 12:11:37	1	2	15	0
        116799	2026-04-13 12:11:42	1	2	15	0
        110131	2026-04-13 12:11:47	1	2	15	0
        110094	2026-04-13 12:11:51	1	2	15	0
        110038	2026-04-13 12:11:54	1	2	15	0
        117088	2026-04-13 12:12:01	1	2	15	0
        117129	2026-04-13 12:12:08	1	2	15	0
        116260	2026-04-13 12:12:10	1	2	15	0
        119272	2026-04-13 12:12:13	1	2	15	0
        117196	2026-04-13 12:12:20	1	2	15	0
        117723	2026-04-13 12:12:27	1	2	15	0
        117162	2026-04-13 12:12:31	1	2	15	0
        119449	2026-04-13 12:12:34	1	2	15	0
        117144	2026-04-13 12:12:37	1	2	15	0
        117567	2026-04-13 12:12:41	1	2	15	0
        117042	2026-04-13 12:12:46	1	2	15	0
        117039	2026-04-13 12:12:48	1	2	15	0
        116451	2026-04-13 12:12:53	1	2	15	0
        117680	2026-04-13 12:13:02	1	2	15	0
        110195	2026-04-13 12:13:07	1	2	15	0
        110378	2026-04-13 12:13:13	1	2	15	0
        110463	2026-04-13 12:13:21	1	2	15	0
        117543	2026-04-13 12:13:26	1	2	15	0
        117122	2026-04-13 12:13:30	1	2	15	0
        110510	2026-04-13 12:13:34	1	2	15	0
        110158	2026-04-13 12:13:37	1	2	15	0
        116748	2026-04-13 12:13:40	1	2	15	0
        110511	2026-04-13 12:13:42	1	2	15	0
        117487	2026-04-13 12:13:44	1	2	15	0
        117616	2026-04-13 12:13:47	1	2	15	0
        117043	2026-04-13 12:13:58	1	2	15	0
        116053	2026-04-13 12:14:05	1	2	15	0
        116741	2026-04-13 12:14:09	1	2	15	0
        110452	2026-04-13 12:14:14	1	2	15	0
        110507	2026-04-13 12:14:18	1	2	15	0
        116477	2026-04-13 12:14:29	1	2	15	0
        118563	2026-04-13 12:14:51	1	2	15	0
        116537	2026-04-13 12:14:58	1	2	15	0
        117113	2026-04-13 12:15:05	1	2	15	0
        110085	2026-04-13 12:15:07	1	2	15	0
        110055	2026-04-13 12:15:10	1	2	15	0
        110105	2026-04-13 12:15:13	1	2	15	0
        116824	2026-04-13 12:15:21	1	2	15	0
        117529	2026-04-13 12:15:26	1	2	15	0
        116778	2026-04-13 12:15:28	1	2	15	0
        117196	2026-04-13 12:15:35	1	2	15	0
        110527	2026-04-13 12:15:40	1	2	15	0
        119602	2026-04-13 12:15:45	1	2	15	0
        118992	2026-04-13 12:15:58	1	2	15	0
        110074	2026-04-13 12:16:09	1	2	15	0
        110581	2026-04-13 12:16:25	1	2	15	0
        110580	2026-04-13 12:16:27	1	2	15	0
        110732	2026-04-13 12:16:31	1	2	15	0
        116453	2026-04-13 12:16:34	1	2	15	0
        116496	2026-04-13 12:16:36	1	2	15	0
        119475	2026-04-13 12:16:41	1	2	15	0
        118732	2026-04-13 12:16:46	1	2	15	0
        118157	2026-04-13 12:17:01	1	2	15	0
        116282	2026-04-13 12:17:03	1	2	15	0
        117222	2026-04-13 12:17:05	1	2	15	0
        116551	2026-04-13 12:17:08	1	2	15	0
        116849	2026-04-13 12:17:12	1	2	15	0
        118744	2026-04-13 12:17:14	1	2	15	0
        117683	2026-04-13 12:17:16	1	2	15	0
        117634	2026-04-13 12:17:19	1	2	15	0
        117915	2026-04-13 12:17:20	1	2	15	0
        116104	2026-04-13 12:17:22	1	2	15	0
        117699	2026-04-13 12:17:28	1	2	15	0
        110065	2026-04-13 12:17:39	1	2	15	0
        117088	2026-04-13 12:17:56	1	2	15	0
        117644	2026-04-13 12:18:03	1	2	15	0
        117054	2026-04-13 12:18:07	1	2	15	0
        118750	2026-04-13 12:18:11	1	2	15	0
        117110	2026-04-13 12:18:13	1	2	15	0
        116512	2026-04-13 12:18:14	1	2	15	0
        110074	2026-04-13 12:18:16	1	2	15	0
        117113	2026-04-13 12:18:18	1	2	15	0
        116990	2026-04-13 12:18:25	1	2	15	0
        110060	2026-04-13 12:18:27	1	2	15	0
        117043	2026-04-13 12:18:33	1	2	15	0
        116537	2026-04-13 12:18:35	1	2	15	0
        116741	2026-04-13 12:18:37	1	2	15	0
        116053	2026-04-13 12:18:41	1	2	15	0
        116279	2026-04-13 12:18:42	1	2	15	0
        118997	2026-04-13 12:18:47	1	2	15	0
        110113	2026-04-13 12:18:52	1	2	15	0
        116453	2026-04-13 12:19:03	1	2	15	0
        117077	2026-04-13 12:19:08	1	2	15	0
        117921	2026-04-13 12:19:27	1	2	15	0
        117982	2026-04-13 12:19:28	1	2	15	0
        116751	2026-04-13 12:19:29	1	2	15	0
        117692	2026-04-13 12:19:32	1	2	15	0
        117920	2026-04-13 12:19:35	1	2	15	0
        117707	2026-04-13 12:19:37	1	2	15	0
        117850	2026-04-13 12:19:40	1	2	15	0
        118271	2026-04-13 12:19:42	1	2	15	0
        110466	2026-04-13 12:19:44	1	2	15	0
        118302	2026-04-13 12:19:47	1	2	15	0
        116346	2026-04-13 12:19:55	1	2	15	0
        119493	2026-04-13 12:20:02	1	2	15	0
        110355	2026-04-13 12:20:05	1	2	15	0
        110195	2026-04-13 12:20:07	1	2	15	0
        110356	2026-04-13 12:20:10	1	2	15	0
        110128	2026-04-13 12:20:27	1	2	15	0
        116799	2026-04-13 12:20:32	1	2	15	0
        110785	2026-04-13 12:20:39	1	2	15	0
        110535	2026-04-13 12:20:47	1	2	15	0
        116493	2026-04-13 12:20:50	1	2	15	0
        110113	2026-04-13 12:20:52	1	2	15	0
        117683	2026-04-13 12:20:58	1	2	15	0
        116282	2026-04-13 12:21:00	1	2	15	0
        118157	2026-04-13 12:21:02	1	2	15	0
        117634	2026-04-13 12:21:04	1	2	15	0
        116104	2026-04-13 12:21:06	1	2	15	0
        117915	2026-04-13 12:21:07	1	2	15	0
        119340	2026-04-13 12:21:09	1	2	15	0
        110065	2026-04-13 12:21:13	1	2	15	0
        110055	2026-04-13 12:21:20	1	2	15	0
        118695	2026-04-13 12:21:52	1	2	15	0
        117111	2026-04-13 12:21:57	1	2	15	0
        117337	2026-04-13 12:22:00	1	2	15	0
        110511	2026-04-13 12:22:02	1	2	15	0
        117644	2026-04-13 12:22:14	1	2	15	0
        116142	2026-04-13 12:22:20	1	2	15	0
        117814	2026-04-13 12:22:33	1	2	15	0
        110085	2026-04-13 12:22:42	1	2	15	0
        110131	2026-04-13 12:22:48	1	2	15	0
        110070	2026-04-13 12:23:03	1	2	15	0
        119475	2026-04-13 12:23:41	1	2	15	0
        116346	2026-04-13 12:23:47	1	2	15	0
        117920	2026-04-13 12:23:50	1	2	15	0
        117707	2026-04-13 12:23:54	1	2	15	0
        117850	2026-04-13 12:23:57	1	2	15	0
        117077	2026-04-13 12:24:04	1	2	15	0
        117921	2026-04-13 12:24:10	1	2	15	0
        117692	2026-04-13 12:24:12	1	2	15	0
        117982	2026-04-13 12:24:14	1	2	15	0
        119493	2026-04-13 12:24:16	1	2	15	0
        110116	2026-04-13 12:24:18	1	2	15	0
        110356	2026-04-13 12:24:28	1	2	15	0
        117114	2026-04-13 12:24:39	1	2	15	0
        110355	2026-04-13 12:25:03	1	2	15	0
        110197	2026-04-13 12:25:07	1	2	15	0
        110492	2026-04-13 12:25:22	1	2	15	0
        118971	2026-04-13 12:25:29	1	2	15	0
        117700	2026-04-13 12:25:38	1	2	15	0
        118046	2026-04-13 12:25:40	1	2	15	0
        118753	2026-04-13 12:25:42	1	2	15	0
        110549	2026-04-13 12:25:43	1	2	15	0
        110053	2026-04-13 12:25:49	1	2	15	0
        117528	2026-04-13 12:25:59	1	2	15	0
        116477	2026-04-13 12:26:10	1	2	15	0
        116828	2026-04-13 12:26:18	1	2	1	0
        118761	2026-04-13 12:26:27	1	2	15	0
        116428	2026-04-13 12:26:30	1	2	15	0
        110090	2026-04-13 12:26:35	1	2	15	0
        117085	2026-04-13 12:26:37	1	2	15	0
        110510	2026-04-13 12:26:42	1	2	15	0
        116493	2026-04-13 12:26:47	1	2	15	0
        118744	2026-04-13 12:26:50	1	2	15	0
        119340	2026-04-13 12:26:54	1	2	15	0
        117092	2026-04-13 12:26:57	1	2	15	0
        110538	2026-04-13 12:27:02	1	2	15	0
        118782	2026-04-13 12:27:12	1	2	15	0
        117156	2026-04-13 12:27:15	1	2	15	0
        117121	2026-04-13 12:27:17	1	2	15	0
        117807	2026-04-13 12:27:19	1	2	15	0
        117993	2026-04-13 12:27:22	1	2	15	0
        117212	2026-04-13 12:27:24	1	2	15	0
        118568	2026-04-13 12:27:36	1	2	15	0
        110632	2026-04-13 12:27:41	1	2	15	0
        117630	2026-04-13 12:27:55	1	2	15	0
        118580	2026-04-13 12:28:22	1	2	15	0
        110070	2026-04-13 12:28:27	1	2	15	0
        117814	2026-04-13 12:28:38	1	2	15	0
        119104	2026-04-13 12:28:58	1	2	15	0
        117700	2026-04-13 12:29:07	1	2	15	0
        110085	2026-04-13 12:29:27	1	2	15	0
        117983	2026-04-13 12:29:34	1	2	15	0
        110492	2026-04-13 12:29:38	1	2	15	0
        118593	2026-04-13 12:29:58	1	2	15	0
        117807	2026-04-13 12:30:40	1	2	15	0
        117092	2026-04-13 12:30:50	1	2	15	0
        117212	2026-04-13 12:30:53	1	2	15	0
        117993	2026-04-13 12:30:56	1	2	15	0
        116142	2026-04-13 12:31:01	1	2	15	0
        118458	2026-04-13 12:31:06	1	2	15	0
        117699	2026-04-13 12:31:09	1	2	15	0
        110357	2026-04-13 12:31:15	1	2	15	0
        116073	2026-04-13 12:32:29	1	1	15	0
        117224	2026-04-13 12:32:44	1	1	15	0
        110421	2026-04-13 12:32:47	1	1	15	0
        110574	2026-04-13 12:32:52	1	1	15	0
        117966	2026-04-13 12:33:18	1	1	15	0
        110633	2026-04-13 12:33:20	1	1	15	0
        117838	2026-04-13 12:33:22	1	1	15	0
        118992	2026-04-13 12:33:35	1	3	15	0
        117156	2026-04-13 12:33:40	1	3	15	0
        117121	2026-04-13 12:33:42	1	3	15	0
        118782	2026-04-13 12:33:45	1	3	15	0
        118580	2026-04-13 12:33:49	1	3	15	0
        110538	2026-04-13 12:33:51	1	3	15	0
        116747	2026-04-13 12:34:30	1	3	15	0
        117054	2026-04-13 12:34:35	1	3	15	0
        117680	2026-04-13 12:34:49	1	3	15	0
        119104	2026-04-13 12:35:16	1	3	15	0
        117838	2026-04-13 12:35:22	1	3	1	0
        110513	2026-04-13 12:35:28	1	3	15	0
        117966	2026-04-13 12:35:31	1	3	15	0
        118046	2026-04-13 12:35:36	1	3	15	0
        118997	2026-04-13 12:36:27	1	3	15	0
        110077	2026-04-13 12:36:58	1	3	15	0
        110050	2026-04-13 12:37:07	1	3	15	0
        118302	2026-04-13 12:37:16	1	3	15	0
        117103	2026-04-13 12:37:33	1	3	15	0
        110197	2026-04-13 12:37:59	1	3	15	0
        118829	2026-04-13 12:38:04	1	3	15	0
        110447	2026-04-13 12:38:18	1	3	15	0
        110574	2026-04-13 12:38:28	1	3	15	0
        116166	2026-04-13 12:38:33	1	3	15	0
        118695	2026-04-13 12:38:46	1	3	15	0
        116748	2026-04-13 12:38:49	1	3	15	0
        117111	2026-04-13 12:38:50	1	3	15	0
        117337	2026-04-13 12:38:51	1	3	15	0
        110158	2026-04-13 12:38:54	1	3	15	0
        119494	2026-04-13 12:38:56	1	3	15	0
        117114	2026-04-13 12:39:00	1	3	15	0
        110183	2026-04-13 12:39:06	1	3	15	0
        117630	2026-04-13 12:39:24	1	3	15	0
        116073	2026-04-13 12:39:46	1	3	15	0
        110513	2026-04-13 12:39:50	1	3	15	0
        117103	2026-04-13 12:40:19	1	3	15	0
        118568	2026-04-13 12:40:25	1	3	15	0
        119494	2026-04-13 12:40:30	1	3	15	0
        110393	2026-04-13 12:40:36	1	3	15	0
        110413	2026-04-13 12:40:40	1	3	15	0
        110076	2026-04-13 12:40:59	1	3	15	0
        118829	2026-04-13 12:41:23	1	3	15	0
        117733	2026-04-13 12:41:27	1	3	15	0
        110050	2026-04-13 12:42:00	1	3	15	0
        116166	2026-04-13 12:42:29	1	3	15	0
        117591	2026-04-13 12:42:40	1	3	15	0
        118761	2026-04-13 12:43:13	1	3	15	0
        117575	2026-04-13 12:43:43	1	3	15	0
        119143	2026-04-13 12:43:47	1	3	15	0
        117972	2026-04-13 12:43:49	1	3	15	0
        119365	2026-04-13 12:44:16	1	3	15	0
        118593	2026-04-13 12:44:56	1	3	15	0
        110062	2026-04-13 12:45:55	1	3	15	0
        119594	2026-04-13 12:45:57	1	3	15	0
        119386	2026-04-13 12:46:01	1	3	15	0
        119143	2026-04-13 12:46:07	1	3	15	0
        117575	2026-04-13 12:46:12	1	3	15	0
        117972	2026-04-13 12:46:15	1	3	15	0
        117591	2026-04-13 12:46:26	1	3	15	0
        117698	2026-04-13 12:46:49	1	3	15	0
        119594	2026-04-13 12:47:05	1	3	15	0
        110083	2026-04-13 12:47:35	1	3	15	0
        118503	2026-04-13 12:48:22	1	3	15	0
        116297	2026-04-13 12:48:28	1	3	15	0
        117085	2026-04-13 12:48:55	1	3	15	0
        110076	2026-04-13 12:49:34	1	3	15	0
        110083	2026-04-13 12:50:02	1	3	15	0
        110465	2026-04-13 12:50:08	1	3	15	0
        117595	2026-04-13 12:50:23	1	3	15	0
        116428	2026-04-13 12:50:27	1	3	15	0
        110183	2026-04-13 12:50:34	1	3	15	0
        119386	2026-04-13 12:50:59	1	3	15	0
        110062	2026-04-13 12:51:01	1	3	15	0
        119602	2026-04-13 12:51:14	1	3	15	0
        116297	2026-04-13 12:51:26	1	3	15	0
        110200	2026-04-13 12:51:42	1	3	15	0
        118503	2026-04-13 12:52:25	1	3	15	0
        110057	2026-04-13 12:53:02	1	3	15	0
        119070	2026-04-13 12:53:06	1	3	15	0
        119227	2026-04-13 12:53:13	1	3	15	0
        117595	2026-04-13 12:53:32	1	3	15	0
        118971	2026-04-13 12:55:18	1	3	15	0
        118207	2026-04-13 12:56:06	1	3	15	0
        116933	2026-04-13 12:56:35	1	3	15	0
        110360	2026-04-13 12:57:10	1	3	15	0
        110200	2026-04-13 12:57:42	1	3	15	0
        118753	2026-04-13 12:57:49	1	3	15	0
        119070	2026-04-13 12:58:54	1	3	15	0
        110057	2026-04-13 12:58:59	1	3	15	0
        118207	2026-04-13 12:59:06	1	3	15	0
        119227	2026-04-13 12:59:10	1	3	15	0
        116933	2026-04-13 12:59:51	1	3	15	0
        110193	2026-04-13 13:27:52	1	3	15	0
        110065	2026-04-13 16:27:19	1	1	15	0
        110413	2026-04-13 16:29:53	1	1	15	0
        110113	2026-04-13 17:00:27	1	1	15	0
        116479	2026-04-13 17:00:29	1	1	15	0
        110094	2026-04-13 17:00:34	1	1	15	0
        117061	2026-04-13 17:00:34	1	1	15	0
        116428	2026-04-13 17:00:39	1	1	15	0
        110354	2026-04-13 17:01:14	1	1	15	0
        117972	2026-04-13 17:01:17	1	1	15	0
        119535	2026-04-13 17:01:27	1	1	15	0
        116297	2026-04-13 17:01:47	1	1	15	0
        118503	2026-04-13 17:01:52	1	1	15	0
        118207	2026-04-13 17:02:04	1	1	15	0
        117835	2026-04-13 17:02:28	1	1	15	0
        117054	2026-04-13 17:02:42	1	1	15	0
        110462	2026-04-13 17:02:53	1	1	15	0
        119365	2026-04-13 17:02:59	1	1	15	0
        117133	2026-04-13 17:03:01	1	1	15	0
        119340	2026-04-13 17:03:04	1	1	15	0
        118813	2026-04-13 17:03:07	1	1	15	0
        116129	2026-04-13 17:03:12	1	1	15	0
        117930	2026-04-13 17:03:15	1	1	15	0
        117635	2026-04-13 17:03:24	1	1	15	0
        117630	2026-04-13 17:03:28	1	1	15	0
        116496	2026-04-13 17:03:34	1	1	15	0
        117092	2026-04-13 17:04:14	1	1	15	0
        117644	2026-04-13 17:04:17	1	1	15	0
        110360	2026-04-13 17:04:19	1	1	15	0
        117993	2026-04-13 17:04:20	1	1	15	0
        117595	2026-04-13 17:04:22	1	1	15	0
        116512	2026-04-13 17:04:26	1	1	15	0
        119449	2026-04-13 17:04:29	1	1	15	0
        116751	2026-04-13 17:04:32	1	1	15	0
        117998	2026-04-13 17:04:38	1	1	15	0
        117543	2026-04-13 17:04:40	1	1	15	0
        110421	2026-04-13 17:04:44	1	1	15	0
        117224	2026-04-13 17:04:46	1	1	15	0
        110055	2026-04-13 17:04:47	1	1	15	0
        117039	2026-04-13 17:04:48	1	1	15	0
        118744	2026-04-13 17:04:51	1	1	15	0
        110507	2026-04-13 17:05:00	1	1	15	0
        117921	2026-04-13 17:05:07	1	1	15	0
        110785	2026-04-13 17:05:11	1	1	15	0
        110144	2026-04-13 17:05:13	1	1	15	0
        110447	2026-04-13 17:05:18	1	1	15	0
        117733	2026-04-13 17:05:20	1	1	15	0
        116741	2026-04-13 17:05:23	1	1	15	0
        117815	2026-04-13 17:05:25	1	1	15	0
        117113	2026-04-13 17:05:28	1	1	15	0
        117983	2026-04-13 17:05:33	1	1	15	0
        118928	2026-04-13 17:05:35	1	1	15	0
        117833	2026-04-13 17:05:37	1	1	15	0
        117969	2026-04-13 17:05:40	1	1	15	0
        110393	2026-04-13 17:05:41	1	1	15	0
        118750	2026-04-13 17:05:45	1	1	15	0
        117110	2026-04-13 17:05:47	1	1	15	0
        110535	2026-04-13 17:05:49	1	1	15	0
        117103	2026-04-13 17:05:54	1	1	15	0
        110527	2026-04-13 17:06:00	1	1	15	0
        118971	2026-04-13 17:06:04	1	1	15	0
        116383	2026-04-13 17:06:06	1	1	15	0
        116551	2026-04-13 17:06:45	1	1	15	0
        118829	2026-04-13 17:06:47	1	1	15	0
        110355	2026-04-13 17:06:50	1	1	15	0
        110356	2026-04-13 17:06:51	1	1	15	0
        110510	2026-04-13 17:06:55	1	1	15	0
        117698	2026-04-13 17:07:09	1	1	15	0
        116282	2026-04-13 17:07:24	1	1	15	0
        118157	2026-04-13 17:07:26	1	1	15	0
        117683	2026-04-13 17:07:29	1	1	15	0
        116279	2026-04-13 17:07:38	1	1	15	0
        117837	2026-04-13 17:07:48	1	1	15	0
        117770	2026-04-13 17:07:50	1	1	15	0
        117841	2026-04-13 17:07:55	1	1	15	0
        110377	2026-04-13 17:08:02	1	1	15	0
        110376	2026-04-13 17:08:05	1	1	15	0
        110465	2026-04-13 17:08:41	1	1	15	0
        116799	2026-04-13 17:08:59	1	1	15	0
        117982	2026-04-13 17:09:04	1	1	15	0
        117716	2026-04-13 17:09:07	1	1	15	0
        119475	2026-04-13 17:09:12	1	1	15	0
        116073	2026-04-13 17:09:20	1	1	15	0
        110431	2026-04-13 17:09:38	1	1	15	0
        110633	2026-04-13 17:09:41	1	1	15	0
        118458	2026-04-13 17:09:45	1	1	15	0
        110511	2026-04-13 17:09:47	1	1	15	0
        117838	2026-04-13 17:09:49	1	1	15	0
        118992	2026-04-13 17:09:52	1	1	15	0
        119493	2026-04-13 17:09:54	1	1	15	0
        116990	2026-04-13 17:10:05	1	1	15	0
        117567	2026-04-13 17:10:11	1	1	15	0
        118584	2026-04-13 17:10:14	1	1	15	0
        116778	2026-04-13 17:10:17	1	1	15	0
        116493	2026-04-13 17:10:39	1	1	15	0
        117212	2026-04-13 17:10:42	1	1	15	0
        117680	2026-04-13 17:10:48	1	1	15	0
        117088	2026-04-13 17:10:52	1	1	15	0
        116933	2026-04-13 17:10:56	1	1	15	0
        110463	2026-04-13 17:11:01	1	1	15	0
        117042	2026-04-13 17:11:15	1	1	15	0
        116451	2026-04-13 17:11:21	1	1	15	0
        110574	2026-04-13 17:11:30	1	1	15	0
        110495	2026-04-13 17:11:34	1	1	15	0
        110493	2026-04-13 17:11:35	1	1	15	0
        116252	2026-04-13 17:11:41	1	1	15	0
        110093	2026-04-13 17:11:53	1	1	15	0
        117144	2026-04-13 17:12:07	1	1	15	0
        118101	2026-04-13 17:12:23	1	1	15	0
        117828	2026-04-13 17:12:26	1	1	15	0
        110200	2026-04-13 17:12:29	1	1	15	0
        110538	2026-04-13 17:12:33	1	1	15	0
        110197	2026-04-13 17:12:37	1	1	15	0
        110452	2026-04-13 17:12:39	1	1	15	0
        117129	2026-04-13 17:12:41	1	1	15	0
        116346	2026-04-13 17:12:43	1	1	15	0
        117122	2026-04-13 17:12:44	1	1	15	0
        117850	2026-04-13 17:12:46	1	1	15	0
        117920	2026-04-13 17:12:48	1	1	15	0
        118568	2026-04-13 17:12:58	1	1	15	0
        119571	2026-04-13 17:13:12	1	1	15	0
        110076	2026-04-13 17:13:29	1	1	15	0
        117790	2026-04-13 17:13:44	1	1	15	0
        118271	2026-04-13 17:13:48	1	1	15	0
        117692	2026-04-13 17:13:59	1	1	15	0
        116142	2026-04-13 17:14:13	1	1	15	0
        117817	2026-04-13 17:14:18	1	1	15	0
        110074	2026-04-13 17:14:30	1	1	15	0
        119070	2026-04-13 17:14:38	1	1	15	0
        116504	2026-04-13 17:15:31	1	1	15	0
        118732	2026-04-13 17:15:39	1	1	15	0
        117700	2026-04-13 17:15:46	1	1	15	0
        110077	2026-04-13 17:15:52	1	1	15	0
        110128	2026-04-13 17:15:56	1	1	15	0
        116142	2026-04-13 17:16:00	1	1	15	0
        117529	2026-04-13 17:16:02	1	1	15	0
        116477	2026-04-13 17:16:04	1	1	15	0
        110085	2026-04-13 17:16:15	1	1	15	0
        117043	2026-04-13 17:16:36	1	1	15	0
        116902	2026-04-13 17:16:41	1	1	15	0
        117528	2026-04-13 17:16:44	1	1	15	0
        118997	2026-04-13 17:16:49	1	1	15	0
        116260	2026-04-13 17:16:53	1	1	15	0
        110105	2026-04-13 17:17:06	1	1	15	0
        117924	2026-04-13 17:17:12	1	1	15	0
        116849	2026-04-13 17:17:42	1	1	15	0
        117711	2026-04-13 17:17:45	1	1	15	0
        119494	2026-04-13 17:17:46	1	1	15	0
        117849	2026-04-13 17:17:49	1	1	15	0
        118580	2026-04-13 17:17:55	1	1	15	0
        117839	2026-04-13 17:17:58	1	1	15	0
        117811	2026-04-13 17:18:00	1	1	15	0
        116834	2026-04-13 17:18:06	1	1	15	0
        117156	2026-04-13 17:18:12	1	1	15	0
        110357	2026-04-13 17:18:23	1	1	15	0
        110418	2026-04-13 17:18:27	1	1	15	0
        118753	2026-04-13 17:18:58	1	1	15	0
        117707	2026-04-13 17:19:04	1	1	15	0
        110632	2026-04-13 17:21:44	1	1	15	0
        110116	2026-04-13 17:21:50	1	1	15	0
        117723	2026-04-13 17:21:55	1	1	15	0
        110492	2026-04-13 17:21:58	1	1	15	0
        118043	2026-04-13 17:22:24	1	1	15	0
        116537	2026-04-13 17:22:31	1	1	15	0
        110060	2026-04-13 17:22:42	1	1	15	0
        118917	2026-04-13 17:23:00	1	1	15	0
        116824	2026-04-13 17:23:31	1	1	15	0
        117616	2026-04-13 17:23:42	1	1	15	0
        117111	2026-04-13 17:23:47	1	1	15	0
        110090	2026-04-13 17:23:50	1	1	15	0
        110083	2026-04-13 17:24:01	1	1	15	0
        118702	2026-04-13 17:24:42	1	1	15	0
        119227	2026-04-13 17:24:52	1	1	15	0
        117487	2026-04-13 17:24:59	1	1	15	0
        110466	2026-04-13 17:25:08	1	1	15	0
        117162	2026-04-13 17:25:11	1	1	15	0
        110070	2026-04-13 17:25:30	1	1	15	0
        117529	2026-04-13 17:25:33	1	1	15	0
        116166	2026-04-13 17:25:40	1	1	15	0
        116053	2026-04-13 17:25:47	1	1	15	0
        117660	2026-04-13 17:25:52	1	1	15	0
        118761	2026-04-13 17:26:41	1	1	15	0
        119232	2026-04-13 17:26:53	1	1	15	0
        119453	2026-04-13 17:27:20	1	1	15	0
        117121	2026-04-13 17:28:01	1	1	15	0
        110657	2026-04-13 17:28:48	1	1	15	0
        110131	2026-04-13 17:29:12	1	1	15	0
        116828	2026-04-13 17:31:30	1	1	1	0
        110457	2026-04-13 17:33:35	1	1	15	0
        118593	2026-04-13 17:33:52	1	1	15	0
        110549	2026-04-13 17:35:46	1	1	15	0
        110436	2026-04-13 17:35:50	1	1	15	0
        117114	2026-04-13 17:38:01	1	1	15	0
        118302	2026-04-13 17:38:19	1	1	15	0
        117219	2026-04-13 17:38:24	1	1	15	0
        116422	2026-04-13 17:38:26	1	1	15	0
        110475	2026-04-13 17:40:00	1	1	15	0
        110378	2026-04-13 17:40:11	1	1	15	0
        110473	2026-04-13 17:40:20	1	1	15	0
        110193	2026-04-13 17:41:20	1	1	15	0
        110063	2026-04-13 17:41:31	1	1	15	0
        117259	2026-04-13 17:42:35	1	1	15	0
        110424	2026-04-13 17:42:38	1	1	15	0
        117541	2026-04-13 17:42:44	1	1	15	0
        116483	2026-04-13 17:42:50	1	1	15	0
        117814	2026-04-13 17:43:08	1	1	15	0
        110198	2026-04-13 17:44:13	1	1	15	0
        117201	2026-04-13 17:44:15	1	1	15	0
        110158	2026-04-13 17:44:20	1	1	15	0
        110430	2026-04-13 17:44:46	1	1	15	0
        110514	2026-04-13 17:44:58	1	1	15	0
        110512	2026-04-13 17:45:23	1	1	15	0
        117999	2026-04-13 17:45:53	1	1	15	0
        117981	2026-04-13 17:47:18	1	1	15	0
        118369	2026-04-13 17:47:26	1	1	15	0
        116805	2026-04-13 17:47:28	1	1	15	0
        110513	2026-04-13 17:47:29	1	1	15	0
        119143	2026-04-13 17:47:35	1	1	15	0
        117699	2026-04-13 17:49:19	1	1	15	0
        117270	2026-04-13 17:49:45	1	1	15	0
        116356	2026-04-13 17:50:34	1	1	15	0
        116747	2026-04-13 17:51:21	1	1	15	0
        110183	2026-04-13 17:51:25	1	1	15	0
        110032	2026-04-13 17:51:43	1	1	15	0
        118563	2026-04-13 17:52:42	1	1	15	0
        110195	2026-04-13 17:53:01	1	1	15	0
        119272	2026-04-13 17:55:03	1	1	15	0
        110055	2026-04-13 17:56:17	1	1	15	0
        116104	2026-04-13 17:57:51	1	1	15	0
        117807	2026-04-13 17:58:45	1	1	15	0
        110053	2026-04-13 17:58:48	1	1	15	0
        119594	2026-04-13 17:58:49	1	1	15	0
        110050	2026-04-13 17:59:34	1	1	15	0
        110062	2026-04-13 17:59:50	1	1	15	0
        119386	2026-04-13 17:59:52	1	1	15	0
        119602	2026-04-13 18:01:19	1	1	15	0
        110057	2026-04-13 18:01:42	1	1	15	0
        117077	2026-04-13 18:01:54	1	1	15	0
        110100	2026-04-13 18:04:17	1	1	15	0
        117575	2026-04-13 18:10:09	1	1	15	0
        116748	2026-04-13 18:14:43	1	1	15	0
        117915	2026-04-13 18:14:52	1	1	15	0
        117634	2026-04-13 18:14:53	1	1	15	0
        117222	2026-04-13 18:17:22	1	1	15	0
        117120	2026-04-13 18:17:30	1	1	15	0
        117046	2026-04-13 18:17:42	1	1	15	0
        116763	2026-04-13 18:17:45	1	1	15	0
        117591	2026-04-13 18:17:49	1	1	15	0
        116453	2026-04-13 18:18:56	1	1	15	0
        119104	2026-04-13 18:20:18	1	1	15	0
        110025	2026-04-13 18:21:03	1	1	15	0
        118782	2026-04-13 18:32:28	1	1	15	0
        116835	2026-04-13 18:32:38	1	1	15	0
        110372	2026-04-13 18:32:42	1	1	15	0
        117085	2026-04-13 18:44:26	1	1	15	0
        119107	2026-04-13 18:45:13	1	1	15	0
        118046	2026-04-13 18:45:15	1	1	15	0
        117147	2026-04-13 18:45:42	1	1	15	0
        117091	2026-04-13 18:46:24	1	1	15	0
        110006	2026-04-13 19:16:26	1	1	15	0
        110732	2026-04-13 19:21:00	1	1	15	0
        110580	2026-04-13 19:21:10	1	1	15	0
        110581	2026-04-13 19:21:31	1	1	15	0
        118695	2026-04-13 20:45:50	1	1	15	0
        117337	2026-04-13 20:45:52	1	1	15	0
        117835	2026-04-14 03:48:47	1	0	15	0
        117201	2026-04-14 05:01:07	1	0	15	0
        116831	2026-04-14 05:09:36	1	0	15	0
        110513	2026-04-14 05:41:19	1	0	15	0
        110144	2026-04-14 05:55:42	1	0	15	0
        110193	2026-04-14 06:07:36	1	0	15	0
        118580	2026-04-14 06:16:48	1	0	15	0
        110432	2026-04-14 06:28:32	1	0	15	0
        117699	2026-04-14 06:34:30	1	0	15	0
        119070	2026-04-14 06:35:01	1	0	15	0
        110549	2026-04-14 06:35:58	1	0	15	0
        110074	2026-04-14 06:36:21	1	0	15	0
        117999	2026-04-14 06:41:28	1	0	15	0
        110732	2026-04-14 06:43:14	1	0	15	0
        116479	2026-04-14 06:45:43	1	0	15	0
        118992	2026-04-14 06:47:51	1	0	15	0
        110574	2026-04-14 06:55:29	1	0	15	0
        110632	2026-04-14 06:56:50	1	0	15	0
        117591	2026-04-14 06:57:19	1	0	15	0
        110535	2026-04-14 06:58:55	1	0	15	0
        116960	2026-04-14 06:59:20	1	0	15	0
        118750	2026-04-14 07:00:09	1	0	15	0
        110198	2026-04-14 07:00:13	1	0	15	0
        118101	2026-04-14 07:02:34	1	0	15	0
        110113	2026-04-14 07:04:00	1	0	15	0
        110581	2026-04-14 07:04:39	1	0	15	0
        110466	2026-04-14 07:09:25	1	0	15	0
        117817	2026-04-14 07:11:16	1	0	15	0
        110785	2026-04-14 07:11:26	1	0	15	0
        116799	2026-04-14 07:13:10	1	0	15	0
        116902	2026-04-14 07:13:51	1	0	15	0
        110511	2026-04-14 07:14:22	1	0	15	0
        117129	2026-04-14 07:14:29	1	0	15	0
        119494	2026-04-14 07:15:40	1	0	15	0
        117982	2026-04-14 07:17:58	1	0	15	0
        116142	2026-04-14 07:18:00	1	0	15	0
        110580	2026-04-14 07:18:03	1	0	15	0
        117092	2026-04-14 07:18:10	1	0	15	0
        118455	2026-04-14 07:18:49	1	0	15	0
        116483	2026-04-14 07:18:53	1	0	15	0
        110463	2026-04-14 07:19:42	1	0	15	0
        117110	2026-04-14 07:22:08	1	0	15	0
        117497	2026-04-14 07:22:42	1	0	15	0
        117680	2026-04-14 07:22:44	1	0	15	0
        119157	2026-04-14 07:23:24	1	0	15	0
        116537	2026-04-14 07:23:38	1	0	15	0
        117270	2026-04-14 07:24:17	1	0	15	0
        116497	2026-04-14 07:24:26	1	0	15	0
        110465	2026-04-14 07:25:28	1	0	15	0
        119571	2026-04-14 07:26:59	1	0	15	0
        110492	2026-04-14 07:27:20	1	0	15	0
        117998	2026-04-14 07:27:28	1	0	15	0
        116828	2026-04-14 07:27:32	1	0	1	0
        110357	2026-04-14 07:28:34	1	0	15	0
        119340	2026-04-14 07:28:46	1	0	15	0
        110053	2026-04-14 07:28:52	1	0	15	0
        110424	2026-04-14 07:29:07	1	0	15	0
        119364	2026-04-14 07:29:56	1	0	15	0
        110088	2026-04-14 07:29:58	1	0	15	0
        117595	2026-04-14 07:30:05	1	0	15	0
        110457	2026-04-14 07:30:32	1	0	15	0
        110085	2026-04-14 07:30:37	1	0	15	0
        117716	2026-04-14 07:30:58	1	0	15	0
        118186	2026-04-14 07:31:14	1	0	15	0
        110527	2026-04-14 07:31:34	1	0	15	0
        119143	2026-04-14 07:32:32	1	0	15	0
        110060	2026-04-14 07:32:41	1	0	15	0
        117841	2026-04-14 07:32:48	1	0	15	0
        117091	2026-04-14 07:33:07	1	0	15	0
        117543	2026-04-14 07:33:30	1	0	15	0
        110495	2026-04-14 07:34:05	1	0	15	0
        110355	2026-04-14 07:34:20	1	0	15	0
        110356	2026-04-14 07:34:22	1	0	15	0
        117259	2026-04-14 07:34:24	1	0	15	0
        118782	2026-04-14 07:34:38	1	0	15	0
        117635	2026-04-14 07:34:41	1	0	15	0
        116337	2026-04-14 07:35:01	1	0	15	0
        110510	2026-04-14 07:35:05	1	0	15	0
        110462	2026-04-14 07:35:38	1	0	15	0
        119272	2026-04-14 07:35:43	1	0	15	0
        118744	2026-04-14 07:35:47	1	0	15	0
        118302	2026-04-14 07:35:59	1	0	15	0
        117121	2026-04-14 07:36:30	1	0	15	0
        117114	2026-04-14 07:36:44	1	0	15	0
        119232	2026-04-14 07:36:56	1	0	15	0
        119263	2026-04-14 07:37:17	1	0	15	0
        116551	2026-04-14 07:37:23	1	0	15	0
        117133	2026-04-14 07:37:50	1	0	15	0
        118563	2026-04-14 07:37:52	1	0	15	0
        117162	2026-04-14 07:37:55	1	0	15	0
        117700	2026-04-14 07:38:02	1	0	15	0
        110413	2026-04-14 07:38:25	1	0	15	0
        117147	2026-04-14 07:38:59	1	0	15	0
        117085	2026-04-14 07:39:02	1	0	15	0
        116493	2026-04-14 07:39:05	1	0	15	0
        117224	2026-04-14 07:39:44	1	0	15	0
        116504	2026-04-14 07:40:04	1	0	15	0
        119594	2026-04-14 07:40:06	1	0	15	0
        117122	2026-04-14 07:40:25	1	0	15	0
        119104	2026-04-14 07:40:49	1	0	15	0
        116741	2026-04-14 07:40:54	1	0	15	0
        117969	2026-04-14 07:41:02	1	0	15	0
        110485	2026-04-14 07:41:05	1	0	15	0
        117683	2026-04-14 07:41:20	1	0	15	0
        117230	2026-04-14 07:41:42	1	0	15	0
        110070	2026-04-14 07:41:49	1	0	15	0
        117840	2026-04-14 07:42:02	1	0	15	0
        116383	2026-04-14 07:42:16	1	0	15	0
        117921	2026-04-14 07:42:34	1	0	15	0
        110116	2026-04-14 07:42:40	1	0	15	0
        118997	2026-04-14 07:43:05	1	0	15	0
        110493	2026-04-14 07:43:10	1	0	15	0
        117837	2026-04-14 07:43:15	1	0	15	0
        118568	2026-04-14 07:43:22	1	0	15	0
        116496	2026-04-14 07:43:49	1	0	15	0
        110512	2026-04-14 07:44:44	1	0	15	0
        118369	2026-04-14 07:44:56	1	0	15	0
        117042	2026-04-14 07:44:58	1	0	15	0
        116451	2026-04-14 07:45:05	1	0	15	0
        116763	2026-04-14 07:45:17	1	0	15	0
        116778	2026-04-14 07:45:22	1	0	15	0
        110063	2026-04-14 07:45:23	1	0	15	0
        116104	2026-04-14 07:45:37	1	0	15	0
        116297	2026-04-14 07:45:46	1	0	15	0
        118157	2026-04-14 07:45:50	1	0	15	0
        110430	2026-04-14 07:45:54	1	0	15	0
        117219	2026-04-14 07:46:08	1	0	15	0
        110378	2026-04-14 07:46:31	1	0	15	0
        117156	2026-04-14 07:46:33	1	0	15	0
        110354	2026-04-14 07:46:36	1	0	15	0
        119006	2026-04-14 07:46:47	1	0	15	0
        117487	2026-04-14 07:47:04	1	0	15	0
        116834	2026-04-14 07:47:23	1	0	15	0
        119602	2026-04-14 07:47:29	1	0	15	0
        116428	2026-04-14 07:47:51	1	0	15	0
        117698	2026-04-14 07:47:56	1	0	15	0
        110475	2026-04-14 07:48:02	1	0	15	0
        117983	2026-04-14 07:48:29	1	0	15	0
        118271	2026-04-14 07:48:34	1	0	15	0
        118593	2026-04-14 07:48:48	1	0	15	0
        117616	2026-04-14 07:49:06	1	0	15	0
        116072	2026-04-14 07:49:21	1	0	15	0
        117039	2026-04-14 07:49:26	1	0	15	0
        117111	2026-04-14 07:49:28	1	0	15	0
        110473	2026-04-14 07:49:31	1	0	15	0
        118702	2026-04-14 07:49:43	1	0	15	0
        117705	2026-04-14 07:49:53	1	0	15	0
        117707	2026-04-14 07:49:57	1	0	15	0
        110421	2026-04-14 07:50:20	1	0	15	0
        117660	2026-04-14 07:50:24	1	0	15	0
        117790	2026-04-14 07:50:28	1	0	15	0
        119449	2026-04-14 07:50:30	1	0	15	0
        117113	2026-04-14 07:50:39	1	0	15	0
        110447	2026-04-14 07:50:49	1	0	15	0
        116274	2026-04-14 07:50:53	1	0	15	0
        116356	2026-04-14 07:50:55	1	0	15	0
        117630	2026-04-14 07:51:11	1	0	15	0
        117529	2026-04-14 07:51:14	1	0	15	0
        117046	2026-04-14 07:51:18	1	0	15	0
        117120	2026-04-14 07:51:24	1	0	15	0
        110657	2026-04-14 07:51:27	1	0	15	0
        117337	2026-04-14 07:51:38	1	0	15	0
        118761	2026-04-14 07:52:06	1	0	15	0
        117644	2026-04-14 07:52:11	1	0	15	0
        117807	2026-04-14 07:52:14	1	0	15	0
        118971	2026-04-14 07:52:27	1	0	15	0
        110376	2026-04-14 07:52:44	1	0	15	0
        110057	2026-04-14 07:53:27	1	0	15	0
        117144	2026-04-14 07:53:39	1	0	15	0
        110090	2026-04-14 07:53:42	1	0	15	0
        110418	2026-04-14 07:53:45	1	0	15	0
        110077	2026-04-14 07:53:52	1	0	15	0
        117915	2026-04-14 07:53:55	1	0	15	0
        117634	2026-04-14 07:54:02	1	0	15	0
        110158	2026-04-14 07:54:04	1	0	15	0
        117850	2026-04-14 07:54:36	1	0	15	0
        116747	2026-04-14 07:54:41	1	0	15	0
        117723	2026-04-14 07:54:44	1	0	15	0
        117733	2026-04-14 07:54:47	1	0	15	0
        117103	2026-04-14 07:55:04	1	0	15	0
        110507	2026-04-14 07:55:09	1	0	15	0
        117567	2026-04-14 07:55:17	1	0	15	0
        117828	2026-04-14 07:55:32	1	0	15	0
        118503	2026-04-14 07:55:38	1	0	15	0
        117936	2026-04-14 07:56:13	1	0	15	0
        116260	2026-04-14 07:56:18	1	0	15	0
        117542	2026-04-14 07:56:42	1	0	15	0
        110195	2026-04-14 07:56:59	1	0	15	0
        117926	2026-04-14 07:57:02	1	0	15	0
        117814	2026-04-14 07:57:14	1	0	15	0
        116282	2026-04-14 07:57:18	1	0	15	0
        117981	2026-04-14 07:57:39	1	0	15	0
        118928	2026-04-14 07:57:47	1	0	15	0
        117692	2026-04-14 07:57:54	1	0	15	0
        117528	2026-04-14 07:58:01	1	0	15	0
        110360	2026-04-14 07:58:12	1	0	15	0
        110105	2026-04-14 07:58:23	1	0	15	0
        110025	2026-04-14 07:58:36	1	0	15	0
        117930	2026-04-14 07:58:40	1	0	15	0
        110065	2026-04-14 07:58:45	1	0	15	0
        118458	2026-04-14 07:58:50	1	0	15	0
        110197	2026-04-14 07:59:01	1	0	15	0
        116512	2026-04-14 07:59:16	1	0	15	0
        116751	2026-04-14 07:59:18	1	0	15	0
        116073	2026-04-14 07:59:38	1	0	15	0
        110514	2026-04-14 07:59:48	1	0	15	0
        118813	2026-04-14 07:59:52	1	0	15	0
        117833	2026-04-14 07:59:57	1	0	15	0
        118753	2026-04-14 08:00:00	1	0	15	0
        116346	2026-04-14 08:00:40	1	0	15	0
        117088	2026-04-14 08:00:44	1	0	15	0
        116805	2026-04-14 08:01:11	1	0	15	0
        116129	2026-04-14 08:01:25	1	0	15	0
        116422	2026-04-14 08:01:28	1	0	15	0
        116053	2026-04-14 08:01:29	1	0	15	0
        119535	2026-04-14 08:03:13	1	0	15	0
        117100	2026-04-14 08:03:39	1	0	15	0
        117924	2026-04-14 08:03:44	1	0	15	0
        119282	2026-04-14 08:04:08	1	0	15	0
        110431	2026-04-14 08:04:14	1	0	15	0
        110100	2026-04-14 08:05:06	1	0	15	0
        118550	2026-04-14 08:06:29	1	0	15	0
        117196	2026-04-14 08:06:31	1	0	15	0
        117222	2026-04-14 08:06:41	1	0	15	0
        119365	2026-04-14 08:07:25	1	0	15	0
        117920	2026-04-14 08:07:36	1	0	15	0
        116472	2026-04-14 08:08:06	1	0	15	0
        117541	2026-04-14 08:08:15	1	0	15	0
        117711	2026-04-14 08:08:41	1	0	15	0
        116477	2026-04-14 08:09:02	1	0	15	0
        110452	2026-04-14 08:09:35	1	0	15	0
        110055	2026-04-14 08:10:30	1	0	15	0
        110084	2026-04-14 08:11:17	1	0	15	0
        117043	2026-04-14 08:11:20	1	0	15	0
        118207	2026-04-14 08:11:24	1	0	15	0
        110393	2026-04-14 08:11:35	1	0	15	0
        117575	2026-04-14 08:13:22	1	0	15	0
        119386	2026-04-14 08:13:24	1	0	15	0
        118695	2026-04-14 08:13:57	1	0	15	0
        110076	2026-04-14 08:14:57	1	0	15	0
        117642	2026-04-14 08:16:38	1	0	15	0
        116787	2026-04-14 08:16:42	1	0	15	0
        116990	2026-04-14 08:18:32	1	0	15	0
        116441	2026-04-14 08:18:53	1	0	15	0
        118829	2026-04-14 08:22:13	1	0	15	0
        116849	2026-04-14 08:22:35	1	0	15	0
        117077	2026-04-14 08:23:10	1	0	15	0
        118046	2026-04-14 08:23:21	1	0	15	0
        116453	2026-04-14 08:24:02	1	0	15	0
        110436	2026-04-14 08:29:43	1	0	15	0
        116933	2026-04-14 08:30:11	1	0	15	0
        116252	2026-04-14 08:40:35	1	0	15	0
        116069	2026-04-14 09:10:27	1	0	15	0
        110785	2026-04-14 11:14:44	1	2	15	0
        117642	2026-04-14 12:00:27	1	2	15	0
        110473	2026-04-14 12:00:30	1	2	15	0
        117716	2026-04-14 12:00:32	1	2	15	0
        117930	2026-04-14 12:00:34	1	2	15	0
        116805	2026-04-14 12:00:36	1	2	15	0
        110452	2026-04-14 12:00:36	1	2	15	0
        116356	2026-04-14 12:00:41	1	2	15	0
        118369	2026-04-14 12:00:43	1	2	15	0
        117091	2026-04-14 12:00:50	1	2	15	0
        117981	2026-04-14 12:00:53	1	2	15	0
        116497	2026-04-14 12:00:54	1	2	15	0
        117924	2026-04-14 12:00:56	1	2	15	0
        110457	2026-04-14 12:00:58	1	2	15	0
        110088	2026-04-14 12:01:00	1	2	15	0
        117616	2026-04-14 12:01:02	1	2	15	0
        110063	2026-04-14 12:01:04	1	2	15	0
        116072	2026-04-14 12:01:10	1	2	15	0
        110378	2026-04-14 12:01:12	1	2	15	0
        110511	2026-04-14 12:01:14	1	2	15	0
        110510	2026-04-14 12:01:16	1	2	15	0
        116252	2026-04-14 12:01:18	1	2	15	0
        117144	2026-04-14 12:01:20	1	2	15	0
        117543	2026-04-14 12:01:22	1	2	15	0
        117833	2026-04-14 12:01:24	1	2	15	0
        116260	2026-04-14 12:01:27	1	2	15	0
        110424	2026-04-14 12:01:28	1	2	15	0
        110418	2026-04-14 12:01:30	1	2	15	0
        116477	2026-04-14 12:01:32	1	2	15	0
        116383	2026-04-14 12:01:34	1	2	15	0
        118829	2026-04-14 12:01:36	1	2	15	0
        116741	2026-04-14 12:01:38	1	2	15	0
        110430	2026-04-14 12:01:40	1	2	15	0
        117224	2026-04-14 12:01:42	1	2	15	0
        110463	2026-04-14 12:01:56	1	2	15	0
        117841	2026-04-14 12:01:58	1	2	15	0
        117122	2026-04-14 12:02:05	1	2	15	0
        116902	2026-04-14 12:02:14	1	2	1	0
        117790	2026-04-14 12:02:20	1	2	15	0
        118458	2026-04-14 12:02:22	1	2	15	0
        117700	2026-04-14 12:02:24	1	2	15	0
        116297	2026-04-14 12:02:26	1	2	15	0
        110354	2026-04-14 12:02:31	1	2	15	0
        117046	2026-04-14 12:02:32	1	2	15	0
        116763	2026-04-14 12:02:36	1	2	15	0
        117828	2026-04-14 12:02:38	1	2	15	0
        117100	2026-04-14 12:02:39	1	2	15	0
        116496	2026-04-14 12:02:43	1	2	15	0
        116778	2026-04-14 12:02:45	1	2	15	0
        118563	2026-04-14 12:02:48	1	2	15	0
        117983	2026-04-14 12:02:51	1	2	15	0
        110447	2026-04-14 12:02:54	1	2	15	0
        110465	2026-04-14 12:02:59	1	2	15	0
        110507	2026-04-14 12:03:02	1	2	15	0
        118992	2026-04-14 12:03:04	1	2	15	0
        118369	2026-04-14 12:03:06	1	2	15	0
        117092	2026-04-14 12:03:07	1	2	15	0
        117981	2026-04-14 12:03:11	1	2	15	0
        116356	2026-04-14 12:03:12	1	2	15	0
        116805	2026-04-14 12:03:15	1	2	15	0
        117091	2026-04-14 12:03:19	1	2	15	0
        110055	2026-04-14 12:03:21	1	2	15	0
        117113	2026-04-14 12:03:23	1	2	15	0
        119449	2026-04-14 12:03:25	1	2	15	0
        110085	2026-04-14 12:03:27	1	2	15	0
        116933	2026-04-14 12:03:30	1	2	15	0
        110436	2026-04-14 12:03:32	1	2	15	0
        110549	2026-04-14 12:03:34	1	2	15	0
        110376	2026-04-14 12:03:36	1	2	15	0
        110377	2026-04-14 12:03:38	1	2	15	0
        110421	2026-04-14 12:03:42	1	2	15	0
        116072	2026-04-14 12:03:46	1	2	15	0
        116787	2026-04-14 12:03:47	1	2	15	0
        110116	2026-04-14 12:03:48	1	2	15	0
        117270	2026-04-14 12:03:52	1	2	15	0
        117201	2026-04-14 12:03:56	1	2	15	0
        116849	2026-04-14 12:04:06	1	2	15	0
        116477	2026-04-14 12:04:07	1	2	15	0
        110457	2026-04-14 12:04:09	1	2	15	0
        116551	2026-04-14 12:04:10	1	2	15	0
        116453	2026-04-14 12:04:13	1	2	15	0
        116741	2026-04-14 12:04:15	1	2	15	0
        110354	2026-04-14 12:04:16	1	2	15	0
        116497	2026-04-14 12:04:21	1	2	15	0
        116252	2026-04-14 12:04:23	1	2	15	0
        117497	2026-04-14 12:04:25	1	2	15	0
        117567	2026-04-14 12:04:27	1	2	15	0
        117924	2026-04-14 12:04:29	1	2	15	0
        119535	2026-04-14 12:04:30	1	2	15	0
        116537	2026-04-14 12:04:33	1	2	15	0
        117930	2026-04-14 12:04:35	1	2	15	0
        116337	2026-04-14 12:04:37	1	2	15	0
        118702	2026-04-14 12:04:39	1	2	15	0
        117077	2026-04-14 12:04:41	1	2	15	0
        117133	2026-04-14 12:04:42	1	2	15	0
        110355	2026-04-14 12:04:44	1	2	15	0
        110356	2026-04-14 12:04:47	1	2	15	0
        117926	2026-04-14 12:04:48	1	2	15	0
        110462	2026-04-14 12:04:50	1	2	15	0
        110527	2026-04-14 12:04:55	1	2	15	0
        118744	2026-04-14 12:04:57	1	2	15	0
        119263	2026-04-14 12:04:58	1	2	15	0
        110113	2026-04-14 12:05:02	1	2	15	0
        110090	2026-04-14 12:05:20	1	2	15	0
        118584	2026-04-14 12:05:21	1	2	15	0
        117144	2026-04-14 12:05:24	1	2	15	0
        117616	2026-04-14 12:05:27	1	2	15	0
        110088	2026-04-14 12:05:28	1	2	15	0
        110378	2026-04-14 12:05:50	1	2	15	0
        110514	2026-04-14 12:05:52	1	2	15	0
        110512	2026-04-14 12:05:55	1	2	15	0
        117814	2026-04-14 12:06:07	1	2	15	0
        117129	2026-04-14 12:06:09	1	2	15	0
        116799	2026-04-14 12:06:16	1	2	15	0
        117100	2026-04-14 12:06:19	1	2	15	0
        117828	2026-04-14 12:06:22	1	2	15	0
        110430	2026-04-14 12:06:23	1	2	15	0
        117680	2026-04-14 12:06:26	1	2	15	0
        117046	2026-04-14 12:06:27	1	2	15	0
        116763	2026-04-14 12:06:29	1	2	15	0
        110418	2026-04-14 12:06:31	1	2	15	0
        110424	2026-04-14 12:06:33	1	2	15	0
        116902	2026-04-14 12:06:35	1	2	15	0
        117790	2026-04-14 12:06:38	1	2	15	0
        110535	2026-04-14 12:06:40	1	2	15	0
        117807	2026-04-14 12:06:43	1	2	15	0
        117635	2026-04-14 12:06:46	1	2	15	0
        117660	2026-04-14 12:06:50	1	2	15	0
        117039	2026-04-14 12:06:51	1	2	15	0
        117110	2026-04-14 12:06:53	1	2	15	0
        118695	2026-04-14 12:06:55	1	2	15	0
        116787	2026-04-14 12:06:57	1	2	15	0
        110090	2026-04-14 12:06:58	1	2	15	0
        117644	2026-04-14 12:07:01	1	2	15	0
        110105	2026-04-14 12:07:03	1	2	15	0
        116512	2026-04-14 12:07:07	1	2	15	0
        116751	2026-04-14 12:07:08	1	2	15	0
        118271	2026-04-14 12:07:10	1	2	15	0
        110466	2026-04-14 12:07:13	1	2	15	0
        116274	2026-04-14 12:07:15	1	2	15	0
        116346	2026-04-14 12:07:18	1	2	15	0
        110158	2026-04-14 12:07:18	1	2	15	0
        118750	2026-04-14 12:07:22	1	2	15	0
        118992	2026-04-14 12:07:24	1	2	15	0
        116337	2026-04-14 12:07:25	1	2	15	0
        116537	2026-04-14 12:07:28	1	2	15	0
        117077	2026-04-14 12:07:31	1	2	15	0
        117337	2026-04-14 12:07:36	1	2	15	0
        117111	2026-04-14 12:07:38	1	2	15	0
        117700	2026-04-14 12:07:40	1	2	15	0
        117120	2026-04-14 12:07:42	1	2	15	0
        117133	2026-04-14 12:07:55	1	2	15	0
        110473	2026-04-14 12:07:57	1	2	15	0
        116849	2026-04-14 12:08:00	1	2	15	0
        118550	2026-04-14 12:08:01	1	2	15	0
        116551	2026-04-14 12:08:06	1	2	15	0
        110580	2026-04-14 12:08:10	1	2	15	0
        110581	2026-04-14 12:08:12	1	2	15	0
        117817	2026-04-14 12:08:14	1	2	15	0
        110732	2026-04-14 12:08:16	1	2	15	0
        117716	2026-04-14 12:08:18	1	2	15	0
        117201	2026-04-14 12:08:19	1	2	15	0
        110063	2026-04-14 12:08:22	1	2	15	0
        110195	2026-04-14 12:08:25	1	2	15	0
        110431	2026-04-14 12:08:28	1	2	15	0
        110432	2026-04-14 12:08:30	1	2	15	0
        110197	2026-04-14 12:08:32	1	2	15	0
        110376	2026-04-14 12:08:35	1	2	15	0
        117088	2026-04-14 12:08:43	1	2	15	0
        117711	2026-04-14 12:08:56	1	2	15	0
        119535	2026-04-14 12:09:00	1	2	15	0
        117222	2026-04-14 12:09:02	1	2	15	0
        110512	2026-04-14 12:09:06	1	2	15	0
        110514	2026-04-14 12:09:09	1	2	15	0
        117122	2026-04-14 12:09:16	1	2	15	0
        117497	2026-04-14 12:09:19	1	2	15	0
        117543	2026-04-14 12:09:20	1	2	15	0
        118829	2026-04-14 12:09:24	1	2	15	0
        117644	2026-04-14 12:09:28	1	2	15	0
        117156	2026-04-14 12:09:39	1	2	15	0
        117121	2026-04-14 12:09:42	1	2	15	0
        110057	2026-04-14 12:09:44	1	2	15	0
        119364	2026-04-14 12:09:46	1	2	15	0
        118782	2026-04-14 12:09:48	1	2	15	0
        110465	2026-04-14 12:09:58	1	2	15	0
        110113	2026-04-14 12:10:03	1	2	15	0
        119157	2026-04-14 12:10:19	1	2	15	0
        110657	2026-04-14 12:10:21	1	2	15	0
        110495	2026-04-14 12:10:24	1	2	15	0
        110493	2026-04-14 12:10:26	1	2	15	0
        116383	2026-04-14 12:10:28	1	2	15	0
        110077	2026-04-14 12:10:32	1	2	15	0
        117982	2026-04-14 12:10:34	1	2	15	0
        117921	2026-04-14 12:10:35	1	2	15	0
        117692	2026-04-14 12:10:37	1	2	15	0
        110462	2026-04-14 12:10:48	1	2	15	0
        117528	2026-04-14 12:10:53	1	2	15	0
        110507	2026-04-14 12:10:58	1	2	15	0
        117817	2026-04-14 12:11:04	1	2	15	0
        110436	2026-04-14 12:11:12	1	2	15	0
        110074	2026-04-14 12:11:23	1	2	15	0
        117224	2026-04-14 12:11:36	1	2	15	0
        110421	2026-04-14 12:11:38	1	2	15	0
        110527	2026-04-14 12:11:44	1	2	15	0
        118744	2026-04-14 12:11:58	1	2	15	0
        117129	2026-04-14 12:12:06	1	2	15	0
        118550	2026-04-14 12:12:09	1	2	15	0
        119157	2026-04-14 12:12:14	1	2	15	0
        117833	2026-04-14 12:12:16	1	2	15	0
        116799	2026-04-14 12:12:20	1	2	15	0
        119104	2026-04-14 12:12:31	1	2	15	0
        110431	2026-04-14 12:12:44	1	2	15	0
        110432	2026-04-14 12:12:54	1	2	15	0
        117114	2026-04-14 12:13:03	1	2	15	0
        116778	2026-04-14 12:13:23	1	2	15	0
        110105	2026-04-14 12:13:25	1	2	15	0
        116453	2026-04-14 12:13:28	1	2	15	0
        117567	2026-04-14 12:13:31	1	2	15	0
        117043	2026-04-14 12:13:37	1	2	15	0
        110632	2026-04-14 12:13:40	1	2	15	0
        117999	2026-04-14 12:13:46	1	2	15	0
        117039	2026-04-14 12:13:56	1	2	15	0
        117660	2026-04-14 12:13:58	1	2	15	0
        117110	2026-04-14 12:14:00	1	2	15	0
        119263	2026-04-14 12:14:03	1	2	15	0
        116933	2026-04-14 12:14:05	1	2	15	0
        117635	2026-04-14 12:14:08	1	2	15	0
        110495	2026-04-14 12:14:10	1	2	15	0
        110657	2026-04-14 12:14:12	1	2	15	0
        110493	2026-04-14 12:14:14	1	2	15	0
        119449	2026-04-14 12:14:17	1	2	15	0
        117529	2026-04-14 12:14:20	1	2	15	0
        119364	2026-04-14 12:14:22	1	2	15	0
        110057	2026-04-14 12:14:25	1	2	15	0
        117196	2026-04-14 12:14:27	1	2	15	0
        110195	2026-04-14 12:14:29	1	2	15	0
        110360	2026-04-14 12:14:31	1	2	15	0
        110074	2026-04-14 12:14:37	1	2	15	0
        119006	2026-04-14 12:14:48	1	2	15	0
        110100	2026-04-14 12:14:50	1	2	15	0
        116960	2026-04-14 12:14:52	1	2	15	0
        116496	2026-04-14 12:14:54	1	2	15	0
        118271	2026-04-14 12:14:56	1	2	15	0
        117921	2026-04-14 12:15:00	1	2	15	0
        117692	2026-04-14 12:15:02	1	2	15	0
        117982	2026-04-14 12:15:04	1	2	15	0
        110060	2026-04-14 12:15:06	1	2	15	0
        117222	2026-04-14 12:15:10	1	2	15	0
        110535	2026-04-14 12:15:27	1	2	15	0
        110511	2026-04-14 12:15:35	1	2	15	0
        117969	2026-04-14 12:15:37	1	2	15	0
        118813	2026-04-14 12:15:47	1	2	15	0
        116142	2026-04-14 12:15:49	1	2	15	0
        119272	2026-04-14 12:15:52	1	2	15	0
        118563	2026-04-14 12:15:59	1	2	15	0
        110452	2026-04-14 12:16:06	1	2	15	0
        117733	2026-04-14 12:16:08	1	2	15	0
        110492	2026-04-14 12:16:15	1	2	15	0
        117156	2026-04-14 12:16:26	1	2	15	0
        118782	2026-04-14 12:16:29	1	2	15	0
        117121	2026-04-14 12:16:32	1	2	15	0
        118503	2026-04-14 12:16:48	1	2	15	0
        119386	2026-04-14 12:17:05	1	2	15	0
        110055	2026-04-14 12:17:19	1	2	15	0
        117092	2026-04-14 12:17:26	1	2	15	0
        110158	2026-04-14 12:17:38	1	2	15	0
        117711	2026-04-14 12:17:55	1	2	15	0
        117680	2026-04-14 12:18:21	1	2	15	0
        117230	2026-04-14 12:18:26	1	2	15	0
        116451	2026-04-14 12:18:31	1	2	15	0
        117042	2026-04-14 12:18:32	1	2	15	0
        117983	2026-04-14 12:18:34	1	2	15	0
        116428	2026-04-14 12:18:36	1	2	15	0
        118761	2026-04-14 12:18:38	1	2	15	0
        117088	2026-04-14 12:18:42	1	2	15	0
        117969	2026-04-14 12:18:45	1	2	15	0
        118503	2026-04-14 12:19:11	1	2	15	0
        118753	2026-04-14 12:19:21	1	2	15	0
        118813	2026-04-14 12:19:32	1	2	15	0
        117259	2026-04-14 12:19:35	1	2	15	0
        119006	2026-04-14 12:19:38	1	2	15	0
        116960	2026-04-14 12:19:40	1	2	15	0
        110060	2026-04-14 12:19:42	1	2	15	0
        110100	2026-04-14 12:19:49	1	2	15	0
        117707	2026-04-14 12:19:51	1	2	15	0
        119272	2026-04-14 12:19:52	1	2	15	0
        117920	2026-04-14 12:19:55	1	2	15	0
        117850	2026-04-14 12:19:57	1	2	15	0
        117698	2026-04-14 12:19:59	1	2	15	0
        117733	2026-04-14 12:20:02	1	2	15	0
        117541	2026-04-14 12:20:04	1	2	15	0
        110355	2026-04-14 12:20:05	1	2	15	0
        118302	2026-04-14 12:20:08	1	2	15	0
        110053	2026-04-14 12:20:10	1	2	15	0
        117196	2026-04-14 12:20:12	1	2	15	0
        117542	2026-04-14 12:20:13	1	2	15	0
        118101	2026-04-14 12:20:18	1	2	15	0
        118046	2026-04-14 12:20:45	1	2	15	0
        110510	2026-04-14 12:21:00	1	2	15	0
        110463	2026-04-14 12:21:03	1	2	15	0
        117841	2026-04-14 12:21:21	1	2	15	0
        110492	2026-04-14 12:21:23	1	2	15	0
        110632	2026-04-14 12:21:25	1	2	15	0
        116142	2026-04-14 12:21:28	1	2	15	0
        118750	2026-04-14 12:21:31	1	2	15	0
        117230	2026-04-14 12:22:05	1	2	15	0
        116451	2026-04-14 12:22:08	1	2	15	0
        110065	2026-04-14 12:22:14	1	2	15	0
        116073	2026-04-14 12:22:25	1	1	15	0
        116828	2026-04-14 12:22:33	1	1	1	0
        117113	2026-04-14 12:22:43	1	2	15	0
        117920	2026-04-14 12:22:49	1	2	15	0
        117707	2026-04-14 12:22:53	1	2	15	0
        117850	2026-04-14 12:22:56	1	2	15	0
        117699	2026-04-14 12:22:59	1	2	15	0
        110050	2026-04-14 12:23:02	1	2	15	0
        117698	2026-04-14 12:23:18	1	2	15	0
        110413	2026-04-14 12:23:29	1	2	15	0
        110077	2026-04-14 12:23:32	1	2	15	0
        118702	2026-04-14 12:23:36	1	2	15	0
        117487	2026-04-14 12:23:38	1	2	15	0
        110006	2026-04-14 12:23:50	1	2	15	0
        117162	2026-04-14 12:23:57	1	2	15	0
        110053	2026-04-14 12:24:07	1	2	15	0
        118928	2026-04-14 12:24:12	1	2	15	0
        116129	2026-04-14 12:24:14	1	2	15	0
        110116	2026-04-14 12:24:21	1	2	15	0
        117259	2026-04-14 12:24:51	1	2	15	0
        116493	2026-04-14 12:24:58	1	2	15	0
        119365	2026-04-14 12:25:05	1	2	15	0
        110006	2026-04-14 12:25:09	1	2	15	0
        119340	2026-04-14 12:25:17	1	2	15	0
        117723	2026-04-14 12:25:22	1	2	15	0
        117042	2026-04-14 12:25:25	1	2	15	0
        117270	2026-04-14 12:25:28	1	2	15	0
        110549	2026-04-14 12:25:36	1	2	15	0
        110065	2026-04-14 12:26:26	1	2	15	0
        117528	2026-04-14 12:26:33	1	2	15	0
        118101	2026-04-14 12:27:36	1	2	15	0
        119340	2026-04-14 12:28:34	1	2	15	0
        110197	2026-04-14 12:28:40	1	2	15	0
        116493	2026-04-14 12:28:46	1	2	15	0
        119365	2026-04-14 12:28:50	1	2	15	0
        117043	2026-04-14 12:28:57	1	2	15	0
        119386	2026-04-14 12:29:17	1	2	15	0
        117999	2026-04-14 12:29:22	1	2	15	0
        110413	2026-04-14 12:29:45	1	2	15	0
        119494	2026-04-14 12:29:59	1	2	15	0
        117849	2026-04-14 12:30:02	1	2	15	0
        118761	2026-04-14 12:30:34	1	2	15	0
        110785	2026-04-14 12:30:40	1	2	15	0
        116279	2026-04-14 12:30:54	1	2	15	0
        110475	2026-04-14 12:31:04	1	2	15	0
        118458	2026-04-14 12:31:16	1	2	15	0
        117814	2026-04-14 12:31:18	1	2	15	0
        116483	2026-04-14 12:31:25	1	2	15	0
        116504	2026-04-14 12:31:28	1	2	15	0
        110357	2026-04-14 12:31:30	1	2	15	0
        117807	2026-04-14 12:31:47	1	2	15	0
        117683	2026-04-14 12:32:13	1	2	15	0
        118971	2026-04-14 12:32:15	1	2	15	0
        117219	2026-04-14 12:32:17	1	2	15	0
        116282	2026-04-14 12:32:20	1	2	15	0
        116422	2026-04-14 12:32:21	1	2	15	0
        116104	2026-04-14 12:32:24	1	2	15	0
        118157	2026-04-14 12:32:26	1	2	15	0
        117634	2026-04-14 12:32:28	1	2	15	0
        110574	2026-04-14 12:32:39	1	2	15	0
        117915	2026-04-14 12:32:43	1	2	15	0
        118593	2026-04-14 12:32:45	1	2	15	0
        110785	2026-04-14 12:32:49	1	2	15	0
        117595	2026-04-14 12:33:35	1	3	15	0
        119104	2026-04-14 12:34:04	1	3	15	0
        116483	2026-04-14 12:34:54	1	3	15	0
        116504	2026-04-14 12:34:56	1	3	15	0
        117723	2026-04-14 12:35:01	1	3	15	0
        117487	2026-04-14 12:35:03	1	3	15	0
        117162	2026-04-14 12:35:07	1	3	15	0
        117529	2026-04-14 12:35:30	1	3	15	0
        116129	2026-04-14 12:35:38	1	3	15	0
        118928	2026-04-14 12:35:40	1	3	15	0
        116747	2026-04-14 12:35:47	1	3	15	0
        116472	2026-04-14 12:35:49	1	3	15	0
        118971	2026-04-14 12:35:49	1	3	15	0
        117120	2026-04-14 12:35:54	1	3	15	0
        117103	2026-04-14 12:37:08	1	3	15	0
        117699	2026-04-14 12:37:11	1	3	15	0
        118568	2026-04-14 12:37:24	1	3	15	0
        118157	2026-04-14 12:37:27	1	3	15	0
        116282	2026-04-14 12:37:29	1	3	15	0
        117683	2026-04-14 12:37:30	1	3	15	0
        117219	2026-04-14 12:37:33	1	3	15	0
        116422	2026-04-14 12:37:34	1	3	15	0
        117634	2026-04-14 12:37:36	1	3	15	0
        117915	2026-04-14 12:37:38	1	3	15	0
        119571	2026-04-14 12:37:40	1	3	15	0
        110084	2026-04-14 12:37:43	1	3	15	0
        118580	2026-04-14 12:37:45	1	3	15	0
        110070	2026-04-14 12:37:47	1	3	15	0
        116834	2026-04-14 12:37:51	1	3	15	0
        117114	2026-04-14 12:38:01	1	3	15	0
        117595	2026-04-14 12:38:24	1	3	15	0
        118046	2026-04-14 12:38:48	1	3	15	0
        117849	2026-04-14 12:39:02	1	3	15	0
        119494	2026-04-14 12:39:05	1	3	15	0
        116053	2026-04-14 12:39:09	1	3	15	0
        116346	2026-04-14 12:39:25	1	3	15	0
        116747	2026-04-14 12:39:34	1	3	15	0
        116472	2026-04-14 12:39:35	1	3	15	0
        117085	2026-04-14 12:40:03	1	3	15	0
        117147	2026-04-14 12:40:05	1	3	15	0
        117699	2026-04-14 12:40:09	1	3	15	0
        110574	2026-04-14 12:40:24	1	3	15	0
        110466	2026-04-14 12:40:41	1	3	15	0
        119070	2026-04-14 12:40:59	1	3	15	0
        118455	2026-04-14 12:41:01	1	3	15	0
        110070	2026-04-14 12:41:29	1	3	15	0
        110393	2026-04-14 12:41:38	1	3	15	0
        116260	2026-04-14 12:41:41	1	3	15	0
        119602	2026-04-14 12:41:46	1	3	15	0
        118302	2026-04-14 12:41:50	1	3	15	0
        110447	2026-04-14 12:41:55	1	3	15	0
        116053	2026-04-14 12:42:02	1	3	15	0
        118207	2026-04-14 12:42:26	1	3	15	0
        110357	2026-04-14 12:42:53	1	3	15	0
        110076	2026-04-14 12:43:03	1	3	15	0
        117103	2026-04-14 12:43:07	1	3	15	0
        117114	2026-04-14 12:43:17	1	3	15	0
        110070	2026-04-14 12:43:23	1	3	15	0
        116274	2026-04-14 12:43:59	1	3	15	0
        117575	2026-04-14 12:44:09	1	3	15	0
        119143	2026-04-14 12:44:17	1	3	15	0
        110025	2026-04-14 12:45:07	1	3	15	0
        117642	2026-04-14 12:45:12	1	3	15	0
        117926	2026-04-14 12:45:23	1	3	15	0
        118568	2026-04-14 12:45:28	1	3	15	0
        117575	2026-04-14 12:45:34	1	3	15	0
        110393	2026-04-14 12:45:45	1	3	15	0
        119602	2026-04-14 12:45:49	1	3	15	0
        117591	2026-04-14 12:45:54	1	3	15	0
        116428	2026-04-14 12:46:42	1	3	15	0
        117111	2026-04-14 12:46:44	1	3	15	0
        117337	2026-04-14 12:46:46	1	3	15	0
        110485	2026-04-14 12:46:53	1	3	15	0
        118455	2026-04-14 12:46:55	1	3	15	0
        110076	2026-04-14 12:47:00	1	3	15	0
        119070	2026-04-14 12:47:06	1	3	15	0
        110025	2026-04-14 12:47:15	1	3	15	0
        119571	2026-04-14 12:47:51	1	3	15	0
        116834	2026-04-14 12:48:21	1	3	15	0
        117147	2026-04-14 12:48:23	1	3	15	0
        118580	2026-04-14 12:48:31	1	3	15	0
        116512	2026-04-14 12:48:45	1	3	15	0
        117542	2026-04-14 12:48:48	1	3	15	0
        117591	2026-04-14 12:49:00	1	3	15	0
        116751	2026-04-14 12:49:04	1	3	15	0
        116441	2026-04-14 12:49:09	1	3	15	0
        110581	2026-04-14 12:49:28	1	3	15	0
        110580	2026-04-14 12:49:32	1	3	15	0
        110732	2026-04-14 12:49:34	1	3	15	0
        118207	2026-04-14 12:49:38	1	3	15	0
        116104	2026-04-14 12:49:52	1	3	15	0
        117575	2026-04-14 12:50:30	1	3	15	0
        110360	2026-04-14 12:52:18	1	3	15	0
        110475	2026-04-14 12:52:28	1	3	15	0
        118186	2026-04-14 12:52:34	1	3	15	0
        110485	2026-04-14 12:52:48	1	3	15	0
        116441	2026-04-14 12:53:22	1	3	15	0
        116297	2026-04-14 12:53:26	1	3	15	0
        117085	2026-04-14 12:54:13	1	3	15	0
        118695	2026-04-14 12:54:20	1	3	15	0
        110633	2026-04-14 12:54:23	1	3	15	0
        118186	2026-04-14 12:55:59	1	3	15	0
        110356	2026-04-14 12:57:06	1	3	15	0
        118593	2026-04-14 12:57:16	1	3	15	0
        118753	2026-04-14 12:57:35	1	3	15	0
        116073	2026-04-14 12:58:25	1	3	15	0
        110085	2026-04-14 12:59:08	1	3	15	0
        119143	2026-04-14 12:59:39	1	3	15	0
        110465	2026-04-14 15:50:12	1	3	15	0
        117644	2026-04-14 16:14:52	1	1	15	0
        110113	2026-04-14 17:00:03	1	1	15	0
        117103	2026-04-14 17:01:09	1	1	15	0
        118503	2026-04-14 17:01:12	1	1	15	0
        116297	2026-04-14 17:01:27	1	1	15	0
        117698	2026-04-14 17:01:31	1	1	15	0
        119365	2026-04-14 17:02:04	1	1	15	0
        118750	2026-04-14 17:02:17	1	1	15	0
        116441	2026-04-14 17:02:19	1	1	15	0
        116537	2026-04-14 17:02:21	1	1	15	0
        117110	2026-04-14 17:02:23	1	1	15	0
        116551	2026-04-14 17:02:25	1	1	15	0
        119340	2026-04-14 17:02:28	1	1	15	0
        116778	2026-04-14 17:02:46	1	1	15	0
        116741	2026-04-14 17:03:17	1	1	15	0
        117660	2026-04-14 17:03:19	1	1	15	0
        117635	2026-04-14 17:03:22	1	1	15	0
        110447	2026-04-14 17:03:54	1	1	15	0
        116337	2026-04-14 17:04:05	1	1	15	0
        117133	2026-04-14 17:04:07	1	1	15	0
        116496	2026-04-14 17:04:09	1	1	15	0
        116073	2026-04-14 17:04:29	1	1	15	0
        110377	2026-04-14 17:04:34	1	1	15	0
        110376	2026-04-14 17:04:36	1	1	15	0
        119535	2026-04-14 17:04:38	1	1	15	0
        118744	2026-04-14 17:04:41	1	1	15	0
        116751	2026-04-14 17:04:44	1	1	15	0
        116512	2026-04-14 17:04:46	1	1	15	0
        117837	2026-04-14 17:04:57	1	1	15	0
        110074	2026-04-14 17:05:02	1	1	15	0
        117230	2026-04-14 17:05:09	1	1	15	0
        117039	2026-04-14 17:05:13	1	1	15	0
        118186	2026-04-14 17:05:16	1	1	15	0
        118207	2026-04-14 17:05:18	1	1	15	0
        117683	2026-04-14 17:05:26	1	1	15	0
        116282	2026-04-14 17:05:29	1	1	15	0
        110421	2026-04-14 17:05:30	1	1	15	0
        117196	2026-04-14 17:05:32	1	1	15	0
        116477	2026-04-14 17:05:35	1	1	15	0
        118550	2026-04-14 17:05:42	1	1	15	0
        117839	2026-04-14 17:05:45	1	1	15	0
        118971	2026-04-14 17:05:47	1	1	15	0
        117982	2026-04-14 17:05:50	1	1	15	0
        117840	2026-04-14 17:05:51	1	1	15	0
        110197	2026-04-14 17:05:54	1	1	15	0
        110574	2026-04-14 17:05:57	1	1	15	0
        117936	2026-04-14 17:05:59	1	1	15	0
        110633	2026-04-14 17:06:02	1	1	15	0
        117841	2026-04-14 17:06:04	1	1	15	0
        117567	2026-04-14 17:06:07	1	1	15	0
        116902	2026-04-14 17:06:11	1	1	15	0
        116451	2026-04-14 17:06:14	1	1	15	0
        117042	2026-04-14 17:06:15	1	1	15	0
        110060	2026-04-14 17:06:24	1	1	15	0
        117144	2026-04-14 17:06:30	1	1	15	0
        117113	2026-04-14 17:06:34	1	1	15	0
        110785	2026-04-14 17:06:36	1	1	15	0
        117043	2026-04-14 17:06:42	1	1	15	0
        116053	2026-04-14 17:06:45	1	1	15	0
        117733	2026-04-14 17:06:48	1	1	15	0
        118271	2026-04-14 17:06:50	1	1	15	0
        110657	2026-04-14 17:06:52	1	1	15	0
        116274	2026-04-14 17:06:54	1	1	15	0
        118458	2026-04-14 17:06:55	1	1	15	0
        118101	2026-04-14 17:06:57	1	1	15	0
        110466	2026-04-14 17:06:59	1	1	15	0
        110432	2026-04-14 17:07:01	1	1	15	0
        110549	2026-04-14 17:07:02	1	1	15	0
        110452	2026-04-14 17:07:04	1	1	15	0
        117983	2026-04-14 17:07:16	1	1	15	0
        110354	2026-04-14 17:07:21	1	1	15	0
        117222	2026-04-14 17:07:25	1	1	15	0
        110356	2026-04-14 17:07:36	1	1	15	0
        117833	2026-04-14 17:07:52	1	1	15	0
        117790	2026-04-14 17:07:59	1	1	15	0
        116933	2026-04-14 17:08:01	1	1	15	0
        117926	2026-04-14 17:08:02	1	1	15	0
        116493	2026-04-14 17:08:17	1	1	15	0
        116763	2026-04-14 17:08:21	1	1	15	0
        110418	2026-04-14 17:08:24	1	1	15	0
        116799	2026-04-14 17:08:29	1	1	15	0
        117224	2026-04-14 17:08:32	1	1	15	0
        116472	2026-04-14 17:08:33	1	1	15	0
        110527	2026-04-14 17:08:58	1	1	15	0
        110355	2026-04-14 17:09:04	1	1	15	0
        118992	2026-04-14 17:09:11	1	1	15	0
        110511	2026-04-14 17:09:15	1	1	15	0
        117595	2026-04-14 17:09:18	1	1	15	0
        117920	2026-04-14 17:09:22	1	1	15	0
        117850	2026-04-14 17:09:25	1	1	15	0
        119232	2026-04-14 17:09:29	1	1	15	0
        110360	2026-04-14 17:09:47	1	1	15	0
        110085	2026-04-14 17:09:57	1	1	15	0
        117700	2026-04-14 17:10:08	1	1	15	0
        116849	2026-04-14 17:10:24	1	1	15	0
        117828	2026-04-14 17:10:45	1	1	15	0
        110507	2026-04-14 17:10:54	1	1	15	0
        118593	2026-04-14 17:11:13	1	1	15	0
        117543	2026-04-14 17:11:17	1	1	15	0
        110088	2026-04-14 17:11:18	1	1	15	0
        110462	2026-04-14 17:11:20	1	1	15	0
        118928	2026-04-14 17:11:32	1	1	15	0
        116129	2026-04-14 17:11:34	1	1	15	0
        118813	2026-04-14 17:11:36	1	1	15	0
        117092	2026-04-14 17:11:39	1	1	15	0
        116279	2026-04-14 17:11:49	1	1	15	0
        110065	2026-04-14 17:11:53	1	1	15	0
        110493	2026-04-14 17:12:14	1	1	15	0
        110495	2026-04-14 17:12:17	1	1	15	0
        110510	2026-04-14 17:12:19	1	1	15	0
        117707	2026-04-14 17:12:39	1	1	15	0
        117930	2026-04-14 17:12:44	1	1	15	0
        110463	2026-04-14 17:13:11	1	1	15	0
        117817	2026-04-14 17:13:15	1	1	15	0
        110424	2026-04-14 17:13:21	1	1	15	0
        116142	2026-04-14 17:13:27	1	1	15	0
        117921	2026-04-14 17:13:29	1	1	15	0
        118563	2026-04-14 17:13:39	1	1	15	0
        116747	2026-04-14 17:13:41	1	1	15	0
        117680	2026-04-14 17:13:44	1	1	15	0
        110100	2026-04-14 17:13:56	1	1	15	0
        116960	2026-04-14 17:13:58	1	1	15	0
        119006	2026-04-14 17:14:07	1	1	15	0
        110076	2026-04-14 17:14:12	1	1	15	0
        117129	2026-04-14 17:14:56	1	1	15	0
        116504	2026-04-14 17:15:03	1	1	15	0
        117111	2026-04-14 17:15:16	1	1	15	0
        118584	2026-04-14 17:15:28	1	1	15	0
        119386	2026-04-14 17:15:43	1	1	15	0
        117122	2026-04-14 17:15:47	1	1	15	0
        117998	2026-04-14 17:15:51	1	1	15	0
        110357	2026-04-14 17:16:06	1	1	15	0
        117077	2026-04-14 17:16:39	1	1	15	0
        110077	2026-04-14 17:16:43	1	1	15	0
        116453	2026-04-14 17:16:45	1	1	15	0
        110492	2026-04-14 17:17:21	1	1	15	0
        110431	2026-04-14 17:17:26	1	1	15	0
        110436	2026-04-14 17:17:29	1	1	15	0
        117630	2026-04-14 17:18:36	1	1	15	0
        110158	2026-04-14 17:19:09	1	1	15	0
        110535	2026-04-14 17:19:16	1	1	15	0
        116422	2026-04-14 17:19:33	1	1	15	0
        117219	2026-04-14 17:19:34	1	1	15	0
        117716	2026-04-14 17:19:45	1	1	15	0
        117969	2026-04-14 17:19:59	1	1	15	0
        110475	2026-04-14 17:20:07	1	1	15	0
        110473	2026-04-14 17:20:12	1	1	15	0
        117642	2026-04-14 17:20:14	1	1	15	0
        116346	2026-04-14 17:20:16	1	1	15	0
        110393	2026-04-14 17:20:16	1	1	15	0
        117497	2026-04-14 17:20:21	1	1	15	0
        116483	2026-04-14 17:20:57	1	1	15	0
        118455	2026-04-14 17:20:59	1	1	15	0
        110632	2026-04-14 17:21:32	1	1	15	0
        116260	2026-04-14 17:21:46	1	1	15	0
        119157	2026-04-14 17:21:57	1	1	15	0
        110485	2026-04-14 17:22:05	1	1	15	0
        119494	2026-04-14 17:22:10	1	1	15	0
        117711	2026-04-14 17:22:19	1	1	15	0
        118761	2026-04-14 17:22:25	1	1	15	0
        110105	2026-04-14 17:22:47	1	1	15	0
        117541	2026-04-14 17:22:58	1	1	15	0
        117259	2026-04-14 17:23:00	1	1	15	0
        117692	2026-04-14 17:23:18	1	1	15	0
        119272	2026-04-14 17:23:24	1	1	15	0
        117915	2026-04-14 17:23:34	1	1	15	0
        118157	2026-04-14 17:23:36	1	1	15	0
        116828	2026-04-14 17:23:40	1	1	1	0
        117156	2026-04-14 17:23:46	1	1	15	0
        117121	2026-04-14 17:23:47	1	1	15	0
        110084	2026-04-14 17:26:38	1	1	15	0
        118580	2026-04-14 17:26:53	1	1	15	0
        110055	2026-04-14 17:27:31	1	1	15	0
        117088	2026-04-14 17:27:51	1	1	15	0
        116787	2026-04-14 17:28:16	1	1	15	0
        117529	2026-04-14 17:29:08	1	1	15	0
        119070	2026-04-14 17:30:40	1	1	15	0
        119364	2026-04-14 17:30:43	1	1	15	0
        110025	2026-04-14 17:30:45	1	1	15	0
        117699	2026-04-14 17:30:54	1	1	15	0
        119143	2026-04-14 17:31:13	1	1	15	0
        110195	2026-04-14 17:31:36	1	1	15	0
        110070	2026-04-14 17:31:58	1	1	15	0
        117114	2026-04-14 17:32:34	1	1	15	0
        117100	2026-04-14 17:32:38	1	1	15	0
        119449	2026-04-14 17:33:51	1	1	15	0
        116497	2026-04-14 17:34:04	1	1	15	0
        116428	2026-04-14 17:34:11	1	1	15	0
        110116	2026-04-14 17:34:36	1	1	15	0
        110413	2026-04-14 17:35:10	1	1	15	0
        110193	2026-04-14 17:36:15	1	1	15	0
        117634	2026-04-14 17:36:36	1	1	15	0
        117046	2026-04-14 17:36:45	1	1	15	0
        116104	2026-04-14 17:36:47	1	1	15	0
        117528	2026-04-14 17:36:49	1	1	15	0
        117120	2026-04-14 17:36:53	1	1	15	0
        110430	2026-04-14 17:37:42	1	1	15	0
        110512	2026-04-14 17:37:46	1	1	15	0
        110457	2026-04-14 17:37:52	1	1	15	0
        110514	2026-04-14 17:37:53	1	1	15	0
        117201	2026-04-14 17:39:14	1	1	15	0
        116356	2026-04-14 17:40:57	1	1	15	0
        119571	2026-04-14 17:41:28	1	1	15	0
        118568	2026-04-14 17:41:31	1	1	15	0
        119263	2026-04-14 17:42:42	1	1	15	0
        118046	2026-04-14 17:43:08	1	1	15	0
        117723	2026-04-14 17:46:22	1	1	15	0
        117999	2026-04-14 17:46:33	1	1	15	0
        110378	2026-04-14 17:46:39	1	1	15	0
        117575	2026-04-14 17:46:49	1	1	15	0
        117270	2026-04-14 17:47:46	1	1	15	0
        117814	2026-04-14 17:51:03	1	1	15	0
        118302	2026-04-14 17:51:17	1	1	15	0
        118997	2026-04-14 17:52:09	1	1	15	0
        110057	2026-04-14 17:53:07	1	1	15	0
        116383	2026-04-14 17:53:50	1	1	15	0
        116072	2026-04-14 17:53:57	1	1	15	0
        117981	2026-04-14 17:54:00	1	1	15	0
        117924	2026-04-14 17:54:02	1	1	15	0
        116805	2026-04-14 17:54:07	1	1	15	0
        118369	2026-04-14 17:54:09	1	1	15	0
        110053	2026-04-14 17:54:27	1	1	15	0
        118829	2026-04-14 17:59:20	1	1	15	0
        117122	2026-04-14 18:08:13	1	1	15	0
        119602	2026-04-14 18:13:15	1	1	15	0
        119104	2026-04-14 18:18:25	1	1	15	0
        116834	2026-04-14 18:21:35	1	1	15	0
        117616	2026-04-14 18:23:29	1	1	15	0
        110090	2026-04-14 18:23:34	1	1	15	0
        110050	2026-04-14 18:24:06	1	1	15	0
        118782	2026-04-14 18:25:23	1	1	15	0
        117162	2026-04-14 18:32:50	1	1	15	0
        118702	2026-04-14 18:33:05	1	1	15	0
        117487	2026-04-14 18:33:09	1	1	15	0
        110063	2026-04-14 18:33:35	1	1	15	0
        117591	2026-04-14 18:34:13	1	1	15	0
        117085	2026-04-14 18:34:54	1	1	15	0
        117147	2026-04-14 18:36:27	1	1	15	0
        110732	2026-04-14 18:44:25	1	1	15	0
        110580	2026-04-14 18:44:36	1	1	15	0
        110581	2026-04-14 18:44:39	1	1	15	0
        110006	2026-04-14 18:58:47	1	1	15	0
        117091	2026-04-14 19:10:50	1	1	15	0
        118695	2026-04-14 22:33:39	1	1	15	0
        117337	2026-04-14 22:33:44	1	1	15	0
        117201	2026-04-15 05:00:19	1	0	15	0
        116831	2026-04-15 06:02:41	1	0	15	0
        116835	2026-04-15 06:31:26	1	0	15	0
        119070	2026-04-15 06:35:06	1	0	15	0
        110580	2026-04-15 06:39:48	1	0	15	0
        116834	2026-04-15 06:45:21	1	0	15	0
        110732	2026-04-15 06:45:30	1	0	15	0
        110549	2026-04-15 06:46:11	1	0	15	0
        118992	2026-04-15 06:54:04	1	0	15	0
        110144	2026-04-15 06:54:15	1	0	15	0
        118750	2026-04-15 06:55:17	1	0	15	0
        117999	2026-04-15 06:57:06	1	0	15	0
        110074	2026-04-15 06:58:35	1	0	15	0
        110632	2026-04-15 07:00:15	1	0	15	0
        110432	2026-04-15 07:00:42	1	0	15	0
        117699	2026-04-15 07:02:02	1	0	15	0
        110574	2026-04-15 07:03:33	1	0	15	0
        110113	2026-04-15 07:03:52	1	0	15	0
        117129	2026-04-15 07:04:28	1	0	15	0
        110581	2026-04-15 07:04:44	1	0	15	0
        117591	2026-04-15 07:04:49	1	0	15	0
        110076	2026-04-15 07:05:46	1	0	15	0
        116960	2026-04-15 07:06:47	1	0	15	0
        119494	2026-04-15 07:07:50	1	0	15	0
        119006	2026-04-15 07:09:03	1	0	15	0
        116479	2026-04-15 07:09:54	1	0	15	0
        110535	2026-04-15 07:09:56	1	0	15	0
        118997	2026-04-15 07:10:01	1	0	15	0
        117091	2026-04-15 07:10:17	1	0	15	0
        119340	2026-04-15 07:11:11	1	0	15	0
        110193	2026-04-15 07:11:20	1	0	15	0
        110198	2026-04-15 07:11:23	1	0	15	0
        110506	2026-04-15 07:11:26	1	0	15	0
        116902	2026-04-15 07:12:40	1	0	15	0
        116799	2026-04-15 07:14:00	1	0	15	0
        110060	2026-04-15 07:17:28	1	0	15	0
        118101	2026-04-15 07:18:36	1	0	15	0
        117817	2026-04-15 07:18:48	1	0	15	0
        117259	2026-04-15 07:22:10	1	0	15	0
        117270	2026-04-15 07:22:13	1	0	15	0
        116537	2026-04-15 07:23:58	1	0	15	0
        110424	2026-04-15 07:24:03	1	0	15	0
        110473	2026-04-15 07:24:22	1	0	15	0
        118568	2026-04-15 07:24:52	1	0	15	0
        110538	2026-04-15 07:25:58	1	0	15	0
        116346	2026-04-15 07:26:21	1	0	15	0
        110083	2026-04-15 07:26:31	1	0	15	0
        110393	2026-04-15 07:27:08	1	0	15	0
        116483	2026-04-15 07:27:24	1	0	15	0
        118455	2026-04-15 07:27:26	1	0	15	0
        116741	2026-04-15 07:27:29	1	0	15	0
        117680	2026-04-15 07:27:51	1	0	15	0
        119365	2026-04-15 07:28:30	1	0	15	0
        110492	2026-04-15 07:28:41	1	0	15	0
        116497	2026-04-15 07:29:31	1	0	15	0
        119143	2026-04-15 07:30:32	1	0	15	0
        118970	2026-04-15 07:30:44	1	0	15	0
        117850	2026-04-15 07:31:20	1	0	15	0
        110495	2026-04-15 07:31:37	1	0	15	0
        110463	2026-04-15 07:31:45	1	0	15	0
        110085	2026-04-15 07:32:10	1	0	15	0
        110430	2026-04-15 07:32:17	1	0	15	0
        117635	2026-04-15 07:32:21	1	0	15	0
        110527	2026-04-15 07:32:33	1	0	15	0
        110462	2026-04-15 07:34:25	1	0	15	0
        116828	2026-04-15 07:34:34	1	0	1	0
        110512	2026-04-15 07:34:42	1	0	15	0
        117709	2026-04-15 07:34:46	1	0	15	0
        110378	2026-04-15 07:34:49	1	0	15	0
        118971	2026-04-15 07:34:51	1	0	15	0
        110090	2026-04-15 07:35:32	1	0	15	0
        119157	2026-04-15 07:35:37	1	0	15	0
        110063	2026-04-15 07:35:40	1	0	15	0
        118640	2026-04-15 07:35:43	1	0	15	0
        110057	2026-04-15 07:35:44	1	0	15	0
        117982	2026-04-15 07:36:00	1	0	15	0
        116496	2026-04-15 07:36:05	1	0	15	0
        117543	2026-04-15 07:36:29	1	0	15	0
        116751	2026-04-15 07:36:36	1	0	15	0
        110785	2026-04-15 07:36:59	1	0	15	0
        110128	2026-04-15 07:38:08	1	0	15	0
        117841	2026-04-15 07:38:28	1	0	15	0
        110372	2026-04-15 07:38:44	1	0	15	0
        118744	2026-04-15 07:38:49	1	0	15	0
        117121	2026-04-15 07:38:58	1	0	15	0
        118157	2026-04-15 07:39:12	1	0	15	0
        116512	2026-04-15 07:39:31	1	0	15	0
        110431	2026-04-15 07:39:36	1	0	15	0
        119104	2026-04-15 07:39:55	1	0	15	0
        110355	2026-04-15 07:40:21	1	0	15	0
        110356	2026-04-15 07:40:25	1	0	15	0
        110357	2026-04-15 07:40:28	1	0	15	0
        110084	2026-04-15 07:40:30	1	0	15	0
        118867	2026-04-15 07:41:07	1	0	15	0
        116142	2026-04-15 07:41:20	1	0	15	0
        117114	2026-04-15 07:41:25	1	0	15	0
        110053	2026-04-15 07:41:27	1	0	15	0
        116504	2026-04-15 07:41:30	1	0	15	0
        116763	2026-04-15 07:41:33	1	0	15	0
        117683	2026-04-15 07:41:38	1	0	15	0
        116428	2026-04-15 07:42:04	1	0	15	0
        110088	2026-04-15 07:42:17	1	0	15	0
        117707	2026-04-15 07:42:20	1	0	15	0
        117088	2026-04-15 07:42:25	1	0	15	0
        117541	2026-04-15 07:42:34	1	0	15	0
        117660	2026-04-15 07:42:50	1	0	15	0
        117639	2026-04-15 07:42:54	1	0	15	0
        118046	2026-04-15 07:43:15	1	0	15	0
        117122	2026-04-15 07:43:25	1	0	15	0
        116356	2026-04-15 07:43:29	1	0	15	0
        117497	2026-04-15 07:43:47	1	0	15	0
        117133	2026-04-15 07:43:51	1	0	15	0
        117039	2026-04-15 07:44:08	1	0	15	0
        119594	2026-04-15 07:44:25	1	0	15	0
        119453	2026-04-15 07:44:30	1	0	15	0
        116104	2026-04-15 07:44:45	1	0	15	0
        116422	2026-04-15 07:44:47	1	0	15	0
        118302	2026-04-15 07:45:15	1	0	15	0
        119364	2026-04-15 07:45:49	1	0	15	0
        117212	2026-04-15 07:45:52	1	0	15	0
        118761	2026-04-15 07:46:01	1	0	15	0
        116451	2026-04-15 07:46:08	1	0	15	0
        117042	2026-04-15 07:46:12	1	0	15	0
        116551	2026-04-15 07:46:16	1	0	15	0
        110377	2026-04-15 07:46:36	1	0	15	0
        117487	2026-04-15 07:46:41	1	0	15	0
        110421	2026-04-15 07:46:43	1	0	15	0
        116072	2026-04-15 07:47:12	1	0	15	0
        117144	2026-04-15 07:47:44	1	0	15	0
        118593	2026-04-15 07:47:48	1	0	15	0
        118862	2026-04-15 07:47:55	1	0	15	0
        117219	2026-04-15 07:47:56	1	0	15	0
        116778	2026-04-15 07:48:02	1	0	15	0
        110376	2026-04-15 07:48:15	1	0	15	0
        116933	2026-04-15 07:48:17	1	0	15	0
        119263	2026-04-15 07:48:19	1	0	15	0
        110493	2026-04-15 07:48:24	1	0	15	0
        119272	2026-04-15 07:48:43	1	0	15	0
        117983	2026-04-15 07:48:48	1	0	15	0
        117969	2026-04-15 07:48:50	1	0	15	0
        117230	2026-04-15 07:48:53	1	0	15	0
        118369	2026-04-15 07:49:09	1	0	15	0
        117837	2026-04-15 07:49:11	1	0	15	0
        117269	2026-04-15 07:49:13	1	0	15	0
        110032	2026-04-15 07:49:14	1	0	15	0
        117716	2026-04-15 07:49:17	1	0	15	0
        117998	2026-04-15 07:49:18	1	0	15	0
        117705	2026-04-15 07:49:22	1	0	15	0
        117700	2026-04-15 07:49:24	1	0	15	0
        116073	2026-04-15 07:49:30	1	0	15	0
        117936	2026-04-15 07:49:34	1	0	15	0
        117920	2026-04-15 07:50:00	1	0	15	0
        110510	2026-04-15 07:50:14	1	0	15	0
        117630	2026-04-15 07:50:38	1	0	15	0
        117921	2026-04-15 07:51:09	1	0	15	0
        116805	2026-04-15 07:51:21	1	0	15	0
        118782	2026-04-15 07:51:27	1	0	15	0
        119449	2026-04-15 07:51:30	1	0	15	0
        110090	2026-04-15 07:51:33	1	0	15	0
        110413	2026-04-15 07:51:34	1	0	15	0
        117110	2026-04-15 07:51:41	1	0	15	0
        117723	2026-04-15 07:51:46	1	0	15	0
        110457	2026-04-15 07:51:52	1	0	15	0
        110447	2026-04-15 07:52:02	1	0	15	0
        116274	2026-04-15 07:52:06	1	0	15	0
        118702	2026-04-15 07:52:07	1	0	15	0
        110466	2026-04-15 07:52:10	1	0	15	0
        117113	2026-04-15 07:52:15	1	0	15	0
        110070	2026-04-15 07:52:45	1	0	15	0
        110354	2026-04-15 07:53:06	1	0	15	0
        116282	2026-04-15 07:53:27	1	0	15	0
        117103	2026-04-15 07:53:35	1	0	15	0
        110657	2026-04-15 07:53:42	1	0	15	0
        110055	2026-04-15 07:54:09	1	0	15	0
        110025	2026-04-15 07:54:50	1	0	15	0
        118732	2026-04-15 07:54:53	1	0	15	0
        116260	2026-04-15 07:54:55	1	0	15	0
        117924	2026-04-15 07:54:57	1	0	15	0
        118271	2026-04-15 07:55:06	1	0	15	0
        117733	2026-04-15 07:55:11	1	0	15	0
        117790	2026-04-15 07:55:20	1	0	15	0
        110197	2026-04-15 07:55:22	1	0	15	0
        110100	2026-04-15 07:55:30	1	0	15	0
        117567	2026-04-15 07:56:02	1	0	15	0
        117046	2026-04-15 07:56:07	1	0	15	0
        110507	2026-04-15 07:56:11	1	0	15	0
        117616	2026-04-15 07:56:12	1	0	15	0
        117698	2026-04-15 07:56:15	1	0	15	0
        117120	2026-04-15 07:56:18	1	0	15	0
        118503	2026-04-15 07:56:20	1	0	15	0
        117111	2026-04-15 07:56:35	1	0	15	0
        117849	2026-04-15 07:56:40	1	0	15	0
        110513	2026-04-15 07:56:50	1	0	15	0
        110195	2026-04-15 07:57:10	1	0	15	0
        117930	2026-04-15 07:57:31	1	0	15	0
        110090	2026-04-15 07:57:33	1	0	15	0
        117926	2026-04-15 07:57:38	1	0	15	0
        118584	2026-04-15 07:57:43	1	0	15	0
        116129	2026-04-15 07:57:48	1	0	15	0
        118695	2026-04-15 07:57:52	1	0	15	0
        117692	2026-04-15 07:57:58	1	0	15	0
        119227	2026-04-15 07:58:04	1	0	15	0
        117915	2026-04-15 07:58:10	1	0	15	0
        117634	2026-04-15 07:58:12	1	0	15	0
        118458	2026-04-15 07:58:18	1	0	15	0
        110475	2026-04-15 07:58:28	1	0	15	0
        110418	2026-04-15 07:58:34	1	0	15	0
        110158	2026-04-15 07:58:35	1	0	15	0
        110006	2026-04-15 07:58:42	1	0	15	0
        116477	2026-04-15 07:58:44	1	0	15	0
        110105	2026-04-15 07:58:47	1	0	15	0
        117807	2026-04-15 07:58:57	1	0	15	0
        116053	2026-04-15 07:59:02	1	0	15	0
        116990	2026-04-15 07:59:20	1	0	15	0
        119104	2026-04-15 07:59:38	1	0	15	0
        117814	2026-04-15 07:59:39	1	0	15	0
        110360	2026-04-15 08:00:40	1	0	15	0
        117162	2026-04-15 08:00:46	1	0	15	0
        117828	2026-04-15 08:00:50	1	0	15	0
        117156	2026-04-15 08:00:57	1	0	15	0
        118928	2026-04-15 08:01:00	1	0	15	0
        117833	2026-04-15 08:01:34	1	0	15	0
        117542	2026-04-15 08:01:56	1	0	15	0
        118186	2026-04-15 08:01:58	1	0	15	0
        110514	2026-04-15 08:03:07	1	0	15	0
        117575	2026-04-15 08:03:15	1	0	15	0
        117341	2026-04-15 08:03:22	1	0	15	0
        119535	2026-04-15 08:03:27	1	0	15	0
        110094	2026-04-15 08:03:48	1	0	15	0
        118221	2026-04-15 08:04:21	1	0	15	0
        119232	2026-04-15 08:04:30	1	0	15	0
        110131	2026-04-15 08:04:43	1	0	15	0
        110452	2026-04-15 08:05:08	1	0	15	0
        116849	2026-04-15 08:05:49	1	0	15	0
        116441	2026-04-15 08:05:57	1	0	15	0
        117595	2026-04-15 08:06:29	1	0	15	0
        110183	2026-04-15 08:06:44	1	0	15	0
        117222	2026-04-15 08:07:49	1	0	15	0
        110062	2026-04-15 08:08:25	1	0	15	0
        119386	2026-04-15 08:09:12	1	0	15	0
        110200	2026-04-15 08:09:29	1	0	15	0
        117711	2026-04-15 08:10:12	1	0	15	0
        117528	2026-04-15 08:10:25	1	0	15	0
        118550	2026-04-15 08:10:34	1	0	15	0
        110051	2026-04-15 08:10:39	1	0	15	0
        118207	2026-04-15 08:10:44	1	0	15	0
        117993	2026-04-15 08:10:57	1	0	15	0
        117196	2026-04-15 08:11:30	1	0	15	0
        110077	2026-04-15 08:12:36	1	0	15	0
        116453	2026-04-15 08:12:42	1	0	15	0
        117085	2026-04-15 08:13:05	1	0	15	0
        117147	2026-04-15 08:13:09	1	0	15	0
        116747	2026-04-15 08:14:32	1	0	15	0
        117043	2026-04-15 08:14:52	1	0	15	0
        117642	2026-04-15 08:15:40	1	0	15	0
        110065	2026-04-15 08:17:41	1	0	15	0
        117100	2026-04-15 08:18:05	1	0	15	0
        116787	2026-04-15 08:19:11	1	0	15	0
        118813	2026-04-15 08:23:41	1	0	15	0
        110436	2026-04-15 08:24:47	1	0	15	0
        118784	2026-04-15 08:26:53	1	0	15	0
        117337	2026-04-15 08:29:26	1	0	15	0
        116472	2026-04-15 08:44:55	1	0	15	0
        110116	2026-04-15 09:06:54	1	0	15	0
        117529	2026-04-15 09:18:33	1	0	15	0
        110128	2026-04-15 12:00:16	1	2	15	0
        110495	2026-04-15 12:00:20	1	2	15	0
        110493	2026-04-15 12:00:22	1	2	15	0
        117920	2026-04-15 12:00:24	1	2	15	0
        117850	2026-04-15 12:00:26	1	2	15	0
        117707	2026-04-15 12:00:28	1	2	15	0
        117981	2026-04-15 12:00:29	1	2	15	0
        110657	2026-04-15 12:00:30	1	2	15	0
        110360	2026-04-15 12:00:34	1	2	15	0
        110105	2026-04-15 12:00:38	1	2	15	0
        116451	2026-04-15 12:00:47	1	2	15	0
        110527	2026-04-15 12:00:54	1	2	15	0
        119535	2026-04-15 12:00:57	1	2	15	0
        110070	2026-04-15 12:00:59	1	2	15	0
        117983	2026-04-15 12:01:01	1	2	15	0
        117230	2026-04-15 12:01:03	1	2	15	0
        110418	2026-04-15 12:01:05	1	2	15	0
        117716	2026-04-15 12:01:17	1	2	15	0
        117998	2026-04-15 12:01:18	1	2	15	0
        117828	2026-04-15 12:01:20	1	2	15	0
        118458	2026-04-15 12:01:22	1	2	15	0
        117100	2026-04-15 12:01:24	1	2	15	0
        119340	2026-04-15 12:01:26	1	2	15	0
        110452	2026-04-15 12:01:28	1	2	15	0
        110538	2026-04-15 12:01:30	1	2	15	0
        117224	2026-04-15 12:01:34	1	2	15	0
        110063	2026-04-15 12:01:36	1	2	15	0
        110077	2026-04-15 12:01:41	1	2	15	0
        110447	2026-04-15 12:01:45	1	2	15	0
        117529	2026-04-15 12:01:49	1	2	15	0
        110510	2026-04-15 12:01:51	1	2	15	0
        110463	2026-04-15 12:01:55	1	2	15	0
        116477	2026-04-15 12:01:57	1	2	15	0
        117042	2026-04-15 12:02:01	1	2	15	0
        117085	2026-04-15 12:02:11	1	2	15	0
        110376	2026-04-15 12:02:15	1	2	15	0
        110377	2026-04-15 12:02:18	1	2	15	0
        119453	2026-04-15 12:02:31	1	2	15	0
        117497	2026-04-15 12:02:38	1	2	15	0
        117567	2026-04-15 12:02:42	1	2	15	0
        116537	2026-04-15 12:02:44	1	2	15	0
        117814	2026-04-15 12:02:47	1	2	15	0
        117833	2026-04-15 12:02:49	1	2	15	0
        110462	2026-04-15 12:02:51	1	2	15	0
        110094	2026-04-15 12:03:03	1	2	15	0
        117110	2026-04-15 12:03:07	1	2	15	0
        118750	2026-04-15 12:03:10	1	2	15	0
        117680	2026-04-15 12:03:15	1	2	15	0
        117201	2026-04-15 12:03:19	1	2	15	0
        110032	2026-04-15 12:03:22	1	2	15	0
        117133	2026-04-15 12:03:26	1	2	15	0
        117926	2026-04-15 12:03:28	1	2	15	0
        117920	2026-04-15 12:03:35	1	2	15	0
        116512	2026-04-15 12:03:36	1	2	15	0
        117707	2026-04-15 12:03:38	1	2	15	0
        117850	2026-04-15 12:03:40	1	2	15	0
        116751	2026-04-15 12:03:42	1	2	15	0
        116356	2026-04-15 12:03:51	1	2	15	0
        118369	2026-04-15 12:03:52	1	2	15	0
        110431	2026-04-15 12:04:00	1	2	15	0
        118702	2026-04-15 12:04:04	1	2	15	0
        117487	2026-04-15 12:04:06	1	2	15	0
        117723	2026-04-15 12:04:08	1	2	15	0
        110473	2026-04-15 12:04:10	1	2	15	0
        117085	2026-04-15 12:04:12	1	2	15	0
        110354	2026-04-15 12:04:15	1	2	15	0
        116902	2026-04-15 12:04:27	1	2	15	0
        117790	2026-04-15 12:04:29	1	2	15	0
        117230	2026-04-15 12:04:38	1	2	15	0
        116451	2026-04-15 12:04:42	1	2	15	0
        110116	2026-04-15 12:04:43	1	2	15	0
        119263	2026-04-15 12:04:46	1	2	15	0
        117630	2026-04-15 12:04:51	1	2	15	0
        117162	2026-04-15 12:04:54	1	2	15	0
        110549	2026-04-15 12:05:05	1	2	15	0
        116799	2026-04-15 12:05:10	1	2	15	0
        116834	2026-04-15 12:05:17	1	2	15	0
        118862	2026-04-15 12:05:20	1	2	15	0
        116356	2026-04-15 12:05:24	1	2	15	0
        118369	2026-04-15 12:05:26	1	2	15	0
        110158	2026-04-15 12:05:35	1	2	15	0
        116477	2026-04-15 12:05:38	1	2	15	0
        110070	2026-04-15 12:05:41	1	2	15	0
        119340	2026-04-15 12:05:43	1	2	15	0
        117716	2026-04-15 12:05:45	1	2	15	0
        116537	2026-04-15 12:05:47	1	2	15	0
        110105	2026-04-15 12:05:49	1	2	15	0
        110418	2026-04-15 12:05:52	1	2	15	0
        117828	2026-04-15 12:05:53	1	2	15	0
        110377	2026-04-15 12:05:55	1	2	15	0
        110376	2026-04-15 12:05:57	1	2	15	0
        110495	2026-04-15 12:05:59	1	2	15	0
        110657	2026-04-15 12:06:01	1	2	15	0
        110493	2026-04-15 12:06:03	1	2	15	0
        117147	2026-04-15 12:06:05	1	2	15	0
        119535	2026-04-15 12:06:07	1	2	15	0
        110063	2026-04-15 12:06:10	1	2	15	0
        117269	2026-04-15 12:06:23	1	2	15	0
        117341	2026-04-15 12:06:25	1	2	15	0
        110053	2026-04-15 12:06:29	1	2	15	0
        110513	2026-04-15 12:06:40	1	2	15	0
        117983	2026-04-15 12:06:58	1	2	15	0
        110507	2026-04-15 12:07:02	1	2	15	0
        117999	2026-04-15 12:07:07	1	2	15	0
        117699	2026-04-15 12:07:17	1	2	15	0
        110431	2026-04-15 12:07:22	1	2	15	0
        117497	2026-04-15 12:07:26	1	2	15	0
        119453	2026-04-15 12:07:29	1	2	15	0
        110785	2026-04-15 12:07:36	1	2	15	0
        110360	2026-04-15 12:07:44	1	2	15	0
        110492	2026-04-15 12:07:48	1	2	15	0
        116933	2026-04-15 12:07:54	1	2	15	0
        110085	2026-04-15 12:07:57	1	2	15	0
        117998	2026-04-15 12:08:20	1	2	15	0
        117543	2026-04-15 12:08:33	1	2	15	0
        110354	2026-04-15 12:08:40	1	2	15	0
        110527	2026-04-15 12:08:46	1	2	15	0
        110113	2026-04-15 12:08:55	1	2	15	0
        117833	2026-04-15 12:09:03	1	2	15	0
        117930	2026-04-15 12:09:04	1	2	15	0
        117698	2026-04-15 12:09:06	1	2	15	0
        117046	2026-04-15 12:09:10	1	2	15	0
        116104	2026-04-15 12:09:13	1	2	15	0
        116747	2026-04-15 12:09:14	1	2	15	0
        116472	2026-04-15 12:09:17	1	2	15	0
        116763	2026-04-15 12:09:22	1	2	15	0
        117817	2026-04-15 12:09:23	1	2	15	0
        117120	2026-04-15 12:09:25	1	2	15	0
        110424	2026-04-15 12:09:27	1	2	15	0
        117133	2026-04-15 12:09:31	1	2	15	0
        117926	2026-04-15 12:09:32	1	2	15	0
        118862	2026-04-15 12:09:34	1	2	15	0
        110538	2026-04-15 12:09:37	1	2	15	0
        117915	2026-04-15 12:09:38	1	2	15	0
        116428	2026-04-15 12:09:40	1	2	15	0
        118761	2026-04-15 12:09:42	1	2	15	0
        117634	2026-04-15 12:09:45	1	2	15	0
        110632	2026-04-15 12:09:46	1	2	15	0
        118970	2026-04-15 12:09:48	1	2	15	0
        118928	2026-04-15 12:09:50	1	2	15	0
        110535	2026-04-15 12:09:52	1	2	15	0
        118101	2026-04-15 12:09:55	1	2	15	0
        119272	2026-04-15 12:09:58	1	2	15	0
        116902	2026-04-15 12:10:01	1	2	15	0
        117122	2026-04-15 12:10:04	1	2	15	0
        117790	2026-04-15 12:10:07	1	2	15	0
        116741	2026-04-15 12:10:08	1	2	15	0
        116441	2026-04-15 12:10:10	1	2	15	0
        117042	2026-04-15 12:10:20	1	2	15	0
        117039	2026-04-15 12:10:22	1	2	15	0
        116053	2026-04-15 12:10:24	1	2	15	0
        110006	2026-04-15 12:10:26	1	2	15	0
        117660	2026-04-15 12:10:28	1	2	15	0
        117635	2026-04-15 12:10:30	1	2	15	0
        117616	2026-04-15 12:10:38	1	2	15	0
        110378	2026-04-15 12:10:58	1	2	15	0
        110088	2026-04-15 12:11:00	1	2	15	0
        110060	2026-04-15 12:11:02	1	2	15	0
        116282	2026-04-15 12:11:07	1	2	15	0
        118157	2026-04-15 12:11:10	1	2	15	0
        117683	2026-04-15 12:11:12	1	2	15	0
        118186	2026-04-15 12:11:14	1	2	15	0
        117219	2026-04-15 12:11:16	1	2	15	0
        116422	2026-04-15 12:11:18	1	2	15	0
        117144	2026-04-15 12:11:20	1	2	15	0
        118221	2026-04-15 12:11:22	1	2	15	0
        110090	2026-04-15 12:11:24	1	2	15	0
        110100	2026-04-15 12:11:27	1	2	15	0
        116960	2026-04-15 12:11:29	1	2	15	0
        117341	2026-04-15 12:11:31	1	2	15	0
        110053	2026-04-15 12:11:35	1	2	15	0
        117269	2026-04-15 12:11:37	1	2	15	0
        119449	2026-04-15 12:11:39	1	2	15	0
        110006	2026-04-15 12:11:41	1	2	15	0
        110492	2026-04-15 12:11:44	1	2	15	0
        117528	2026-04-15 12:11:47	1	2	15	0
        117046	2026-04-15 12:11:52	1	2	15	0
        116799	2026-04-15 12:11:56	1	2	15	0
        110116	2026-04-15 12:12:03	1	2	15	0
        116778	2026-04-15 12:12:05	1	2	15	0
        116496	2026-04-15 12:12:07	1	2	15	0
        117921	2026-04-15 12:12:09	1	2	15	0
        117692	2026-04-15 12:12:11	1	2	15	0
        117982	2026-04-15 12:12:13	1	2	15	0
        116551	2026-04-15 12:12:15	1	2	15	0
        116849	2026-04-15 12:12:17	1	2	15	0
        117110	2026-04-15 12:12:21	1	2	15	0
        116763	2026-04-15 12:12:26	1	2	15	0
        118750	2026-04-15 12:12:27	1	2	15	0
        117120	2026-04-15 12:12:32	1	2	15	0
        110507	2026-04-15 12:12:34	1	2	15	0
        117680	2026-04-15 12:12:37	1	2	15	0
        110424	2026-04-15 12:12:39	1	2	15	0
        118640	2026-04-15 12:13:10	1	2	15	0
        117639	2026-04-15 12:13:14	1	2	15	0
        110452	2026-04-15 12:13:17	1	2	15	0
        117270	2026-04-15 12:13:26	1	2	15	0
        117698	2026-04-15 12:13:29	1	2	15	0
        110094	2026-04-15 12:13:43	1	2	15	0
        117814	2026-04-15 12:13:46	1	2	15	0
        117660	2026-04-15 12:13:48	1	2	15	0
        117039	2026-04-15 12:13:51	1	2	15	0
        117635	2026-04-15 12:13:53	1	2	15	0
        110393	2026-04-15 12:13:58	1	2	15	0
        110413	2026-04-15 12:13:59	1	2	15	0
        117630	2026-04-15 12:14:01	1	2	15	0
        117969	2026-04-15 12:14:02	1	2	15	0
        110090	2026-04-15 12:14:04	1	2	15	0
        117642	2026-04-15 12:14:07	1	2	15	0
        119006	2026-04-15 12:14:11	1	2	15	0
        116834	2026-04-15 12:14:14	1	2	15	0
        110051	2026-04-15 12:14:15	1	2	15	0
        116441	2026-04-15 12:14:20	1	2	15	0
        116053	2026-04-15 12:14:22	1	2	15	0
        116741	2026-04-15 12:14:24	1	2	15	0
        110421	2026-04-15 12:14:26	1	2	15	0
        118928	2026-04-15 12:14:28	1	2	15	0
        118970	2026-04-15 12:14:29	1	2	15	0
        116104	2026-04-15 12:14:32	1	2	15	0
        110088	2026-04-15 12:14:33	1	2	15	0
        119272	2026-04-15 12:14:35	1	2	15	0
        117567	2026-04-15 12:14:40	1	2	15	0
        110510	2026-04-15 12:14:42	1	2	15	0
        117915	2026-04-15 12:14:44	1	2	15	0
        118186	2026-04-15 12:14:46	1	2	15	0
        110113	2026-04-15 12:14:48	1	2	15	0
        117634	2026-04-15 12:14:51	1	2	15	0
        110463	2026-04-15 12:14:53	1	2	15	0
        117259	2026-04-15 12:14:55	1	2	15	0
        117541	2026-04-15 12:14:57	1	2	15	0
        116422	2026-04-15 12:14:59	1	2	15	0
        117219	2026-04-15 12:15:00	1	2	15	0
        110158	2026-04-15 12:15:02	1	2	15	0
        116282	2026-04-15 12:15:04	1	2	15	0
        117683	2026-04-15 12:15:06	1	2	15	0
        118157	2026-04-15 12:15:08	1	2	15	0
        110581	2026-04-15 12:15:10	1	2	15	0
        110580	2026-04-15 12:15:12	1	2	15	0
        110732	2026-04-15 12:15:14	1	2	15	0
        110060	2026-04-15 12:15:16	1	2	15	0
        116787	2026-04-15 12:15:29	1	2	15	0
        110077	2026-04-15 12:15:30	1	2	15	0
        116849	2026-04-15 12:15:33	1	2	15	0
        110057	2026-04-15 12:15:35	1	2	15	0
        110032	2026-04-15 12:15:37	1	2	15	0
        119364	2026-04-15 12:15:41	1	2	15	0
        116551	2026-04-15 12:15:43	1	2	15	0
        117807	2026-04-15 12:15:45	1	2	15	0
        110473	2026-04-15 12:15:48	1	2	15	0
        118221	2026-04-15 12:15:50	1	2	15	0
        118550	2026-04-15 12:15:53	1	2	15	0
        117529	2026-04-15 12:15:55	1	2	15	0
        116778	2026-04-15 12:15:56	1	2	15	0
        110378	2026-04-15 12:15:58	1	2	15	0
        117144	2026-04-15 12:16:00	1	2	15	0
        117114	2026-04-15 12:16:02	1	2	15	0
        117616	2026-04-15 12:16:04	1	2	15	0
        117129	2026-04-15 12:16:06	1	2	15	0
        117543	2026-04-15 12:16:09	1	2	15	0
        117100	2026-04-15 12:16:11	1	2	15	0
        117091	2026-04-15 12:16:15	1	2	15	0
        110535	2026-04-15 12:16:17	1	2	15	0
        110197	2026-04-15 12:16:21	1	2	15	0
        110462	2026-04-15 12:16:28	1	2	15	0
        119263	2026-04-15 12:16:37	1	2	15	0
        117639	2026-04-15 12:16:42	1	2	15	0
        117982	2026-04-15 12:16:44	1	2	15	0
        117921	2026-04-15 12:16:45	1	2	15	0
        117692	2026-04-15 12:16:47	1	2	15	0
        117969	2026-04-15 12:16:50	1	2	15	0
        117817	2026-04-15 12:16:50	1	2	15	0
        110393	2026-04-15 12:16:55	1	2	15	0
        117642	2026-04-15 12:16:57	1	2	15	0
        110413	2026-04-15 12:16:59	1	2	15	0
        118271	2026-04-15 12:17:03	1	2	15	0
        118732	2026-04-15 12:17:05	1	2	15	0
        116274	2026-04-15 12:17:07	1	2	15	0
        110051	2026-04-15 12:17:19	1	2	15	0
        119006	2026-04-15 12:17:23	1	2	15	0
        110475	2026-04-15 12:17:27	1	2	15	0
        117201	2026-04-15 12:17:41	1	2	15	0
        118640	2026-04-15 12:17:46	1	2	15	0
        117700	2026-04-15 12:17:57	1	2	15	0
        117259	2026-04-15 12:18:18	1	2	15	0
        117541	2026-04-15 12:18:20	1	2	15	0
        116787	2026-04-15 12:18:22	1	2	15	0
        117043	2026-04-15 12:18:25	1	2	15	0
        110357	2026-04-15 12:18:27	1	2	15	0
        110466	2026-04-15 12:18:31	1	2	15	0
        117807	2026-04-15 12:18:36	1	2	15	0
        110430	2026-04-15 12:18:41	1	2	15	0
        117156	2026-04-15 12:18:54	1	2	15	0
        117121	2026-04-15 12:18:56	1	2	15	0
        118782	2026-04-15 12:19:01	1	2	15	0
        118503	2026-04-15 12:19:17	1	2	15	0
        119157	2026-04-15 12:19:20	1	2	15	0
        119104	2026-04-15 12:19:22	1	2	15	0
        117091	2026-04-15 12:19:28	1	2	15	0
        110512	2026-04-15 12:19:41	1	2	15	0
        110514	2026-04-15 12:19:46	1	2	15	0
        117129	2026-04-15 12:20:09	1	2	15	0
        118302	2026-04-15 12:20:16	1	2	15	0
        119157	2026-04-15 12:20:36	1	2	15	0
        119449	2026-04-15 12:20:39	1	2	15	0
        118550	2026-04-15 12:20:43	1	2	15	0
        110057	2026-04-15 12:20:45	1	2	15	0
        117270	2026-04-15 12:20:52	1	2	15	0
        118207	2026-04-15 12:20:58	1	2	15	0
        118784	2026-04-15 12:21:00	1	2	15	0
        116960	2026-04-15 12:21:05	1	2	15	0
        117700	2026-04-15 12:21:27	1	2	15	0
        110128	2026-04-15 12:21:45	1	2	15	0
        116428	2026-04-15 12:21:50	1	2	15	0
        118761	2026-04-15 12:21:52	1	2	15	0
        119104	2026-04-15 12:21:59	1	2	15	0
        116252	2026-04-15 12:22:37	1	2	15	0
        119364	2026-04-15 12:22:41	1	2	15	0
        110100	2026-04-15 12:22:45	1	2	15	0
        119494	2026-04-15 12:23:09	1	2	15	0
        117337	2026-04-15 12:23:12	1	2	15	0
        117111	2026-04-15 12:23:15	1	2	15	0
        118695	2026-04-15 12:23:17	1	2	15	0
        110430	2026-04-15 12:23:21	1	2	15	0
        116274	2026-04-15 12:23:24	1	2	15	0
        110512	2026-04-15 12:23:28	1	2	15	0
        118732	2026-04-15 12:23:30	1	2	15	0
        118271	2026-04-15 12:23:32	1	2	15	0
        110514	2026-04-15 12:23:37	1	2	15	0
        110513	2026-04-15 12:23:51	1	2	15	0
        117156	2026-04-15 12:23:55	1	2	15	0
        117121	2026-04-15 12:23:57	1	2	15	0
        118782	2026-04-15 12:23:59	1	2	15	0
        117733	2026-04-15 12:24:02	1	2	15	0
        117114	2026-04-15 12:24:05	1	2	15	0
        110574	2026-04-15 12:24:07	1	2	15	0
        118813	2026-04-15 12:24:24	1	2	15	0
        116129	2026-04-15 12:24:25	1	2	15	0
        118503	2026-04-15 12:24:29	1	2	15	0
        110785	2026-04-15 12:25:01	1	2	15	0
        117999	2026-04-15 12:25:16	1	2	15	0
        116496	2026-04-15 12:25:25	1	2	15	0
        117147	2026-04-15 12:25:30	1	2	15	0
        110100	2026-04-15 12:25:44	1	2	15	0
        117222	2026-04-15 12:26:10	1	2	15	0
        110632	2026-04-15 12:26:41	1	2	15	0
        110357	2026-04-15 12:27:21	1	2	15	0
        116346	2026-04-15 12:27:41	1	2	15	0
        118568	2026-04-15 12:27:46	1	2	15	0
        117733	2026-04-15 12:27:49	1	2	15	0
        110195	2026-04-15 12:28:12	1	2	15	0
        117699	2026-04-15 12:28:49	1	2	15	0
        117196	2026-04-15 12:29:03	1	2	15	0
        118458	2026-04-15 12:29:13	1	2	15	0
        118813	2026-04-15 12:29:20	1	2	15	0
        118207	2026-04-15 12:29:21	1	2	15	0
        116129	2026-04-15 12:29:24	1	2	15	0
        118784	2026-04-15 12:29:26	1	2	15	0
        118917	2026-04-15 12:30:02	1	2	15	0
        116142	2026-04-15 12:30:20	1	2	15	0
        118867	2026-04-15 12:30:23	1	2	15	0
        117595	2026-04-15 12:30:40	1	2	15	0
        117222	2026-04-15 12:30:52	1	2	15	0
        118046	2026-04-15 12:31:21	1	2	15	0
        110574	2026-04-15 12:31:41	1	2	15	0
        117709	2026-04-15 12:31:56	1	2	15	0
        117849	2026-04-15 12:32:00	1	2	15	0
        117711	2026-04-15 12:32:02	1	2	15	0
        119494	2026-04-15 12:32:08	1	2	15	0
        116142	2026-04-15 12:32:10	1	2	15	0
        116828	2026-04-15 12:32:30	1	2	1	0
        118971	2026-04-15 12:32:40	1	3	15	0
        116805	2026-04-15 12:32:43	1	3	15	0
        117122	2026-04-15 12:32:46	1	3	15	0
        118867	2026-04-15 12:32:50	1	3	15	0
        118702	2026-04-15 12:32:58	1	3	15	0
        117162	2026-04-15 12:33:05	1	3	15	0
        117723	2026-04-15 12:33:09	1	3	15	0
        117487	2026-04-15 12:33:11	1	3	15	0
        110549	2026-04-15 12:33:38	1	3	15	0
        118593	2026-04-15 12:33:40	1	3	15	0
        117212	2026-04-15 12:33:44	1	3	15	0
        117993	2026-04-15 12:33:46	1	3	15	0
        110084	2026-04-15 12:34:04	1	3	15	0
        110055	2026-04-15 12:34:13	1	3	15	0
        110065	2026-04-15 12:34:34	1	3	15	0
        116346	2026-04-15 12:34:52	1	3	15	0
        110421	2026-04-15 12:35:12	1	3	15	0
        117196	2026-04-15 12:35:18	1	3	15	0
        110055	2026-04-15 12:35:24	1	3	15	0
        110183	2026-04-15 12:35:28	1	3	15	0
        118101	2026-04-15 12:36:09	1	3	15	0
        117043	2026-04-15 12:36:12	1	3	15	0
        118971	2026-04-15 12:36:21	1	3	15	0
        116805	2026-04-15 12:36:25	1	3	15	0
        118584	2026-04-15 12:36:28	1	3	15	0
        117993	2026-04-15 12:36:32	1	3	15	0
        117212	2026-04-15 12:36:43	1	3	15	0
        117222	2026-04-15 12:36:50	1	3	15	0
        116933	2026-04-15 12:36:52	1	3	15	0
        110083	2026-04-15 12:37:29	1	3	15	0
        117680	2026-04-15 12:37:32	1	3	15	0
        110065	2026-04-15 12:37:42	1	3	15	0
        116073	2026-04-15 12:38:12	1	3	15	0
        110197	2026-04-15 12:38:47	1	3	15	0
        118584	2026-04-15 12:38:54	1	3	15	0
        110356	2026-04-15 12:39:03	1	3	15	0
        118302	2026-04-15 12:39:06	1	3	15	0
        110355	2026-04-15 12:39:07	1	3	15	0
        110076	2026-04-15 12:39:55	1	3	15	0
        110083	2026-04-15 12:40:17	1	3	15	0
        117528	2026-04-15 12:40:22	1	3	15	0
        117709	2026-04-15 12:40:26	1	3	15	0
        117103	2026-04-15 12:40:28	1	3	15	0
        117849	2026-04-15 12:40:29	1	3	15	0
        117711	2026-04-15 12:40:32	1	3	15	0
        118695	2026-04-15 12:40:36	1	3	15	0
        117111	2026-04-15 12:40:38	1	3	15	0
        117337	2026-04-15 12:40:40	1	3	15	0
        110580	2026-04-15 12:40:48	1	3	15	0
        110581	2026-04-15 12:40:50	1	3	15	0
        110732	2026-04-15 12:40:51	1	3	15	0
        110447	2026-04-15 12:40:54	1	3	15	0
        110432	2026-04-15 12:41:14	1	3	15	0
        116512	2026-04-15 12:41:17	1	3	15	0
        116751	2026-04-15 12:41:21	1	3	15	0
        110436	2026-04-15 12:43:42	1	3	15	0
        117103	2026-04-15 12:44:21	1	3	15	0
        110432	2026-04-15 12:44:29	1	3	15	0
        110475	2026-04-15 12:44:57	1	3	15	0
        118046	2026-04-15 12:45:47	1	3	15	0
        116472	2026-04-15 12:46:27	1	3	15	0
        116747	2026-04-15 12:46:31	1	3	15	0
        110131	2026-04-15 12:46:33	1	3	15	0
        119365	2026-04-15 12:46:48	1	3	15	0
        110025	2026-04-15 12:47:31	1	3	15	0
        110195	2026-04-15 12:48:20	1	3	15	0
        110457	2026-04-15 12:48:30	1	3	15	0
        116260	2026-04-15 12:48:32	1	3	15	0
        116072	2026-04-15 12:48:34	1	3	15	0
        117924	2026-04-15 12:48:36	1	3	15	0
        116497	2026-04-15 12:48:37	1	3	15	0
        110076	2026-04-15 12:48:45	1	3	15	0
        110436	2026-04-15 12:48:48	1	3	15	0
        116297	2026-04-15 12:49:19	1	3	15	0
        116073	2026-04-15 12:49:32	1	3	15	0
        119386	2026-04-15 12:49:47	1	3	15	0
        110466	2026-04-15 12:49:50	1	3	15	0
        110355	2026-04-15 12:49:52	1	3	15	0
        118563	2026-04-15 12:49:54	1	3	15	0
        116828	2026-04-15 12:50:20	1	3	1	0
        110074	2026-04-15 12:50:51	1	3	15	0
        119227	2026-04-15 12:50:54	1	3	15	0
        117575	2026-04-15 12:51:06	1	3	15	0
        119143	2026-04-15 12:51:08	1	3	15	0
        117591	2026-04-15 12:51:12	1	3	15	0
        110131	2026-04-15 12:51:17	1	3	15	0
        119386	2026-04-15 12:51:27	1	3	15	0
        117595	2026-04-15 12:51:32	1	3	15	0
        116483	2026-04-15 12:51:45	1	3	15	0
        119070	2026-04-15 12:51:48	1	3	15	0
        118455	2026-04-15 12:51:51	1	3	15	0
        119365	2026-04-15 12:51:56	1	3	15	0
        110200	2026-04-15 12:52:01	1	3	15	0
        116497	2026-04-15 12:52:42	1	3	15	0
        116072	2026-04-15 12:52:47	1	3	15	0
        117924	2026-04-15 12:52:50	1	3	15	0
        110183	2026-04-15 12:52:51	1	3	15	0
        110457	2026-04-15 12:52:53	1	3	15	0
        116260	2026-04-15 12:52:55	1	3	15	0
        118593	2026-04-15 12:53:35	1	3	15	0
        118568	2026-04-15 12:54:56	1	3	15	0
        117591	2026-04-15 12:55:30	1	3	15	0
        117575	2026-04-15 12:55:53	1	3	15	0
        119143	2026-04-15 12:55:58	1	3	15	0
        110200	2026-04-15 12:56:00	1	3	15	0
        119227	2026-04-15 12:56:10	1	3	15	0
        110074	2026-04-15 12:56:13	1	3	15	0
        118455	2026-04-15 12:56:16	1	3	15	0
        110356	2026-04-15 12:56:20	1	3	15	0
        119070	2026-04-15 12:56:21	1	3	15	0
        116483	2026-04-15 12:56:31	1	3	15	0
        110025	2026-04-15 12:57:01	1	3	15	0
        118568	2026-04-15 12:58:23	1	3	15	0
        110085	2026-04-15 12:59:16	1	3	15	0
        116297	2026-04-15 17:01:12	1	1	15	0
        117698	2026-04-15 17:01:23	1	1	15	0
        110076	2026-04-15 17:02:10	1	1	15	0
        117224	2026-04-15 17:02:35	1	1	15	0
        117133	2026-04-15 17:02:39	1	1	15	0
        117222	2026-04-15 17:02:47	1	1	15	0
        110084	2026-04-15 17:02:53	1	1	15	0
        118207	2026-04-15 17:02:56	1	1	15	0
        116441	2026-04-15 17:03:32	1	1	15	0
        117567	2026-04-15 17:03:38	1	1	15	0
        117039	2026-04-15 17:03:43	1	1	15	0
        117103	2026-04-15 17:03:50	1	1	15	0
        110462	2026-04-15 17:03:54	1	1	15	0
        110475	2026-04-15 17:04:00	1	1	15	0
        110538	2026-04-15 17:04:11	1	1	15	0
        116902	2026-04-15 17:04:20	1	1	15	0
        118503	2026-04-15 17:04:22	1	1	15	0
        117936	2026-04-15 17:04:25	1	1	15	0
        117660	2026-04-15 17:04:32	1	1	15	0
        117635	2026-04-15 17:04:34	1	1	15	0
        110355	2026-04-15 17:04:38	1	1	15	0
        110421	2026-04-15 17:04:40	1	1	15	0
        116741	2026-04-15 17:04:42	1	1	15	0
        117144	2026-04-15 17:04:44	1	1	15	0
        119453	2026-04-15 17:04:47	1	1	15	0
        110527	2026-04-15 17:04:52	1	1	15	0
        117043	2026-04-15 17:04:56	1	1	15	0
        117100	2026-04-15 17:05:00	1	1	15	0
        118917	2026-04-15 17:05:03	1	1	15	0
        116129	2026-04-15 17:05:07	1	1	15	0
        118928	2026-04-15 17:05:09	1	1	15	0
        118186	2026-04-15 17:05:10	1	1	15	0
        118813	2026-04-15 17:05:12	1	1	15	0
        110360	2026-04-15 17:05:13	1	1	15	0
        117595	2026-04-15 17:05:16	1	1	15	0
        117219	2026-04-15 17:05:19	1	1	15	0
        110510	2026-04-15 17:05:21	1	1	15	0
        116073	2026-04-15 17:05:25	1	1	15	0
        116282	2026-04-15 17:05:26	1	1	15	0
        116422	2026-04-15 17:05:27	1	1	15	0
        116551	2026-04-15 17:05:29	1	1	15	0
        117733	2026-04-15 17:05:31	1	1	15	0
        119365	2026-04-15 17:05:40	1	1	15	0
        119340	2026-04-15 17:05:48	1	1	15	0
        118750	2026-04-15 17:05:51	1	1	15	0
        117110	2026-04-15 17:05:53	1	1	15	0
        118101	2026-04-15 17:05:56	1	1	15	0
        117828	2026-04-15 17:05:58	1	1	15	0
        118157	2026-04-15 17:05:59	1	1	15	0
        117683	2026-04-15 17:06:03	1	1	15	0
        110785	2026-04-15 17:06:05	1	1	15	0
        117634	2026-04-15 17:06:07	1	1	15	0
        117915	2026-04-15 17:06:09	1	1	15	0
        110354	2026-04-15 17:06:11	1	1	15	0
        110088	2026-04-15 17:06:15	1	1	15	0
        118761	2026-04-15 17:06:19	1	1	15	0
        110377	2026-04-15 17:06:21	1	1	15	0
        110376	2026-04-15 17:06:24	1	1	15	0
        110200	2026-04-15 17:06:29	1	1	15	0
        116751	2026-04-15 17:06:31	1	1	15	0
        116763	2026-04-15 17:06:35	1	1	15	0
        116512	2026-04-15 17:06:36	1	1	15	0
        119272	2026-04-15 17:06:47	1	1	15	0
        116496	2026-04-15 17:06:53	1	1	15	0
        116472	2026-04-15 17:06:58	1	1	15	0
        110462	2026-04-15 17:07:11	1	1	15	0
        116274	2026-04-15 17:07:22	1	1	15	0
        110466	2026-04-15 17:07:23	1	1	15	0
        117711	2026-04-15 17:07:28	1	1	15	0
        117042	2026-04-15 17:07:31	1	1	15	0
        116451	2026-04-15 17:07:33	1	1	15	0
        116053	2026-04-15 17:07:35	1	1	15	0
        118732	2026-04-15 17:07:37	1	1	15	0
        117716	2026-04-15 17:07:39	1	1	15	0
        118271	2026-04-15 17:07:44	1	1	15	0
        117837	2026-04-15 17:07:50	1	1	15	0
        117920	2026-04-15 17:08:01	1	1	15	0
        117850	2026-04-15 17:08:03	1	1	15	0
        110452	2026-04-15 17:08:05	1	1	15	0
        110463	2026-04-15 17:08:07	1	1	15	0
        110356	2026-04-15 17:08:10	1	1	15	0
        118593	2026-04-15 17:08:13	1	1	15	0
        118971	2026-04-15 17:08:16	1	1	15	0
        110574	2026-04-15 17:08:28	1	1	15	0
        118550	2026-04-15 17:08:49	1	1	15	0
        117230	2026-04-15 17:08:52	1	1	15	0
        117196	2026-04-15 17:08:53	1	1	15	0
        117982	2026-04-15 17:09:10	1	1	15	0
        117841	2026-04-15 17:09:13	1	1	15	0
        110447	2026-04-15 17:09:31	1	1	15	0
        117926	2026-04-15 17:09:35	1	1	15	0
        117642	2026-04-15 17:09:44	1	1	15	0
        116477	2026-04-15 17:09:54	1	1	15	0
        116849	2026-04-15 17:10:25	1	1	15	0
        116787	2026-04-15 17:10:31	1	1	15	0
        117833	2026-04-15 17:10:46	1	1	15	0
        117497	2026-04-15 17:10:50	1	1	15	0
        117088	2026-04-15 17:11:10	1	1	15	0
        110535	2026-04-15 17:11:48	1	1	15	0
        117709	2026-04-15 17:12:02	1	1	15	0
        119494	2026-04-15 17:12:06	1	1	15	0
        117849	2026-04-15 17:12:10	1	1	15	0
        116479	2026-04-15 17:12:36	1	1	15	0
        110131	2026-04-15 17:12:49	1	1	15	0
        117998	2026-04-15 17:13:06	1	1	15	0
        110431	2026-04-15 17:13:12	1	1	15	0
        116778	2026-04-15 17:13:32	1	1	15	0
        110549	2026-04-15 17:13:41	1	1	15	0
        117790	2026-04-15 17:14:38	1	1	15	0
        110077	2026-04-15 17:14:45	1	1	15	0
        117921	2026-04-15 17:14:50	1	1	15	0
        117121	2026-04-15 17:15:09	1	1	15	0
        117111	2026-04-15 17:15:11	1	1	15	0
        116828	2026-04-15 17:15:15	1	1	1	0
        117983	2026-04-15 17:15:27	1	1	15	0
        118458	2026-04-15 17:15:38	1	1	15	0
        116104	2026-04-15 17:15:40	1	1	15	0
        110195	2026-04-15 17:15:47	1	1	15	0
        117692	2026-04-15 17:15:52	1	1	15	0
        110418	2026-04-15 17:16:06	1	1	15	0
        117122	2026-04-15 17:16:08	1	1	15	0
        110436	2026-04-15 17:16:30	1	1	15	0
        118640	2026-04-15 17:16:34	1	1	15	0
        110083	2026-04-15 17:16:43	1	1	15	0
        117529	2026-04-15 17:16:56	1	1	15	0
        118584	2026-04-15 17:17:26	1	1	15	0
        110507	2026-04-15 17:17:37	1	1	15	0
        117700	2026-04-15 17:17:53	1	1	15	0
        117814	2026-04-15 17:18:16	1	1	15	0
        117156	2026-04-15 17:18:22	1	1	15	0
        110495	2026-04-15 17:18:33	1	1	15	0
        110493	2026-04-15 17:18:36	1	1	15	0
        110657	2026-04-15 17:18:40	1	1	15	0
        117341	2026-04-15 17:18:46	1	1	15	0
        116537	2026-04-15 17:18:48	1	1	15	0
        118997	2026-04-15 17:18:56	1	1	15	0
        116831	2026-04-15 17:20:51	1	1	15	0
        117707	2026-04-15 17:20:56	1	1	15	0
        117528	2026-04-15 17:21:07	1	1	15	0
        110632	2026-04-15 17:21:12	1	1	15	0
        110424	2026-04-15 17:21:16	1	1	15	0
        118744	2026-04-15 17:21:25	1	1	15	0
        116346	2026-04-15 17:21:27	1	1	15	0
        117699	2026-04-15 17:21:35	1	1	15	0
        110432	2026-04-15 17:21:44	1	1	15	0
        117129	2026-04-15 17:21:46	1	1	15	0
        117543	2026-04-15 17:22:26	1	1	15	0
        117269	2026-04-15 17:22:55	1	1	15	0
        117639	2026-04-15 17:22:59	1	1	15	0
        117680	2026-04-15 17:23:13	1	1	15	0
        117114	2026-04-15 17:23:22	1	1	15	0
        110492	2026-04-15 17:23:34	1	1	15	0
        118992	2026-04-15 17:23:56	1	1	15	0
        118046	2026-04-15 17:23:58	1	1	15	0
        116960	2026-04-15 17:24:22	1	1	15	0
        116428	2026-04-15 17:24:31	1	1	15	0
        110100	2026-04-15 17:24:47	1	1	15	0
        118744	2026-04-15 17:24:53	1	1	15	0
        117591	2026-04-15 17:25:03	1	1	15	0
        116260	2026-04-15 17:25:27	1	1	15	0
        119263	2026-04-15 17:26:14	1	1	15	0
        117542	2026-04-15 17:27:25	1	1	15	0
        117723	2026-04-15 17:27:52	1	1	15	0
        116453	2026-04-15 17:28:47	1	1	15	0
        110116	2026-04-15 17:29:51	1	1	15	0
        118302	2026-04-15 17:30:50	1	1	15	0
        117630	2026-04-15 17:31:00	1	1	15	0
        119232	2026-04-15 17:31:21	1	1	15	0
        116799	2026-04-15 17:31:31	1	1	15	0
        110473	2026-04-15 17:31:42	1	1	15	0
        110053	2026-04-15 17:32:01	1	1	15	0
        117259	2026-04-15 17:32:12	1	1	15	0
        117541	2026-04-15 17:32:14	1	1	15	0
        119535	2026-04-15 17:32:45	1	1	15	0
        118455	2026-04-15 17:33:30	1	1	15	0
        110357	2026-04-15 17:33:48	1	1	15	0
        110051	2026-04-15 17:34:43	1	1	15	0
        110074	2026-04-15 17:34:55	1	1	15	0
        116805	2026-04-15 17:34:57	1	1	15	0
        117616	2026-04-15 17:36:02	1	1	15	0
        119070	2026-04-15 17:36:15	1	1	15	0
        110457	2026-04-15 17:36:17	1	1	15	0
        116504	2026-04-15 17:36:45	1	1	15	0
        117575	2026-04-15 17:36:50	1	1	15	0
        119143	2026-04-15 17:36:51	1	1	15	0
        118702	2026-04-15 17:37:12	1	1	15	0
        118695	2026-04-15 17:38:58	1	1	15	0
        117337	2026-04-15 17:39:02	1	1	15	0
        117981	2026-04-15 17:39:09	1	1	15	0
        116497	2026-04-15 17:39:10	1	1	15	0
        117993	2026-04-15 17:42:07	1	1	15	0
        110393	2026-04-15 17:42:12	1	1	15	0
        110413	2026-04-15 17:42:15	1	1	15	0
        117212	2026-04-15 17:42:36	1	1	15	0
        116356	2026-04-15 17:44:06	1	1	15	0
        119104	2026-04-15 17:44:49	1	1	15	0
        117162	2026-04-15 17:44:59	1	1	15	0
        116834	2026-04-15 17:45:24	1	1	15	0
        118563	2026-04-15 17:45:40	1	1	15	0
        117487	2026-04-15 17:46:28	1	1	15	0
        110065	2026-04-15 17:47:57	1	1	15	0
        117969	2026-04-15 17:47:59	1	1	15	0
        119594	2026-04-15 17:48:09	1	1	15	0
        117807	2026-04-15 17:48:15	1	1	15	0
        117201	2026-04-15 17:49:16	1	1	15	0
        110197	2026-04-15 17:49:25	1	1	15	0
        117085	2026-04-15 17:51:05	1	1	15	0
        118369	2026-04-15 17:52:16	1	1	15	0
        118221	2026-04-15 17:52:28	1	1	15	0
        110062	2026-04-15 17:52:30	1	1	15	0
        119386	2026-04-15 17:52:42	1	1	15	0
        119602	2026-04-15 17:53:15	1	1	15	0
        117147	2026-04-15 17:54:14	1	1	15	0
        110378	2026-04-15 17:55:54	1	1	15	0
        117270	2026-04-15 17:55:57	1	1	15	0
        116747	2026-04-15 17:56:56	1	1	15	0
        110063	2026-04-15 17:57:02	1	1	15	0
        117046	2026-04-15 17:57:08	1	1	15	0
        110090	2026-04-15 17:57:25	1	1	15	0
        117120	2026-04-15 17:57:36	1	1	15	0
        119227	2026-04-15 18:03:26	1	1	15	0
        110006	2026-04-15 18:06:18	1	1	15	0
        117091	2026-04-15 18:08:38	1	1	15	0
        110514	2026-04-15 18:10:17	1	1	15	0
        110512	2026-04-15 18:10:22	1	1	15	0
        110430	2026-04-15 18:10:25	1	1	15	0
        110183	2026-04-15 18:10:26	1	1	15	0
        116142	2026-04-15 18:14:03	1	1	15	0
        119449	2026-04-15 18:14:05	1	1	15	0
        116933	2026-04-15 18:14:07	1	1	15	0
        118782	2026-04-15 18:14:11	1	1	15	0
        110094	2026-04-15 18:14:13	1	1	15	0
        110158	2026-04-15 18:14:15	1	1	15	0
        110128	2026-04-15 18:14:18	1	1	15	0
        110732	2026-04-15 18:14:45	1	1	15	0
        110581	2026-04-15 18:14:49	1	1	15	0
        110580	2026-04-15 18:14:51	1	1	15	0
        110513	2026-04-15 18:15:08	1	1	15	0
        116483	2026-04-15 18:16:15	1	1	15	0
        119364	2026-04-15 18:16:22	1	1	15	0
        116142	2026-04-15 18:20:13	1	1	15	0
        110372	2026-04-15 18:21:16	1	1	15	0
        116835	2026-04-15 18:21:18	1	1	15	0
        110025	2026-04-15 18:22:41	1	1	15	0
        118568	2026-04-15 18:23:57	1	1	15	0
        110060	2026-04-15 18:31:29	1	1	15	0
        118862	2026-04-15 18:32:20	1	1	15	0
        117817	2026-04-15 18:34:47	1	1	15	0
        110128	2026-04-15 18:38:19	1	1	15	0
        110057	2026-04-15 18:42:43	1	1	15	0
        119364	2026-04-15 18:46:03	1	1	15	0
        119006	2026-04-15 18:49:28	1	1	15	0
        119157	2026-04-15 18:49:39	1	1	15	0
        110055	2026-04-15 18:51:13	1	1	15	0
        117924	2026-04-15 18:52:39	1	1	15	0
        116072	2026-04-15 18:52:43	1	1	15	0
        118867	2026-04-15 18:56:14	1	1	15	0
        110032	2026-04-15 19:11:37	1	1	15	0
        117999	2026-04-15 19:36:13	1	1	15	0
        117201	2026-04-16 05:14:34	1	0	15	0
        116835	2026-04-16 06:36:49	1	0	15	0
        116831	2026-04-16 06:37:43	1	0	15	0
        119070	2026-04-16 06:39:01	1	0	15	0
        117162	2026-04-16 06:44:46	1	0	15	0
        110732	2026-04-16 06:48:36	1	0	15	0
        117999	2026-04-16 06:48:51	1	0	15	0
        110535	2026-04-16 06:52:09	1	0	15	0
        118992	2026-04-16 06:53:50	1	0	15	0
        117972	2026-04-16 06:56:02	1	0	15	0
        118750	2026-04-16 06:58:12	1	0	15	0
        117129	2026-04-16 07:00:49	1	0	15	0
        116960	2026-04-16 07:03:12	1	0	15	0
        110632	2026-04-16 07:04:12	1	0	15	0
        110495	2026-04-16 07:05:03	1	0	15	0
        110581	2026-04-16 07:06:20	1	0	15	0
        110432	2026-04-16 07:07:09	1	0	15	0
        110051	2026-04-16 07:10:01	1	0	15	0
        110574	2026-04-16 07:10:30	1	0	15	0
        119475	2026-04-16 07:12:11	1	0	15	0
        110113	2026-04-16 07:13:55	1	0	15	0
        110549	2026-04-16 07:14:21	1	0	15	0
        118101	2026-04-16 07:14:34	1	0	15	0
        116479	2026-04-16 07:15:22	1	0	15	0
        110144	2026-04-16 07:15:27	1	0	15	0
        117835	2026-04-16 07:15:55	1	0	15	0
        119365	2026-04-16 07:16:34	1	0	15	0
        117092	2026-04-16 07:16:55	1	0	15	0
        110492	2026-04-16 07:19:47	1	0	15	0
        118455	2026-04-16 07:22:32	1	0	15	0
        118744	2026-04-16 07:23:14	1	0	15	0
        118043	2026-04-16 07:23:53	1	0	15	0
        110473	2026-04-16 07:23:57	1	0	15	0
        117680	2026-04-16 07:24:18	1	0	15	0
        117259	2026-04-16 07:24:28	1	0	15	0
        119232	2026-04-16 07:24:42	1	0	15	0
        110424	2026-04-16 07:25:37	1	0	15	0
        110633	2026-04-16 07:26:07	1	0	15	0
        116422	2026-04-16 07:26:57	1	0	15	0
        117114	2026-04-16 07:27:30	1	0	15	0
        119272	2026-04-16 07:27:36	1	0	15	0
        118568	2026-04-16 07:27:52	1	0	15	0
        110430	2026-04-16 07:28:19	1	0	15	0
        117692	2026-04-16 07:28:23	1	0	15	0
        110195	2026-04-16 07:28:30	1	0	15	0
        110462	2026-04-16 07:29:15	1	0	15	0
        117921	2026-04-16 07:29:51	1	0	15	0
        117635	2026-04-16 07:30:03	1	0	15	0
        110085	2026-04-16 07:30:47	1	0	15	0
        110785	2026-04-16 07:30:55	1	0	15	0
        116902	2026-04-16 07:31:02	1	0	15	0
        110512	2026-04-16 07:31:07	1	0	15	0
        110063	2026-04-16 07:31:46	1	0	15	0
        110057	2026-04-16 07:31:50	1	0	15	0
        117709	2026-04-16 07:32:36	1	0	15	0
        116824	2026-04-16 07:33:48	1	0	15	0
        118829	2026-04-16 07:34:18	1	0	15	0
        119104	2026-04-16 07:34:26	1	0	15	0
        110527	2026-04-16 07:34:33	1	0	15	0
        118563	2026-04-16 07:34:35	1	0	15	0
        116274	2026-04-16 07:34:49	1	0	15	0
        118186	2026-04-16 07:36:12	1	0	15	0
        116741	2026-04-16 07:36:23	1	0	15	0
        110356	2026-04-16 07:36:52	1	0	15	0
        110355	2026-04-16 07:36:55	1	0	15	0
        117270	2026-04-16 07:37:23	1	0	15	0
        117121	2026-04-16 07:37:49	1	0	15	0
        117091	2026-04-16 07:37:57	1	0	15	0
        110070	2026-04-16 07:38:24	1	0	15	0
        117487	2026-04-16 07:38:52	1	0	15	0
        116428	2026-04-16 07:39:35	1	0	15	0
        119340	2026-04-16 07:39:40	1	0	15	0
        117683	2026-04-16 07:39:46	1	0	15	0
        110463	2026-04-16 07:39:51	1	0	15	0
        117982	2026-04-16 07:40:12	1	0	15	0
        117224	2026-04-16 07:41:26	1	0	15	0
        116142	2026-04-16 07:41:41	1	0	15	0
        118369	2026-04-16 07:42:05	1	0	15	0
        117042	2026-04-16 07:43:01	1	0	15	0
        116451	2026-04-16 07:43:07	1	0	15	0
        116834	2026-04-16 07:43:20	1	0	15	0
        110493	2026-04-16 07:43:22	1	0	15	0
        119594	2026-04-16 07:43:31	1	0	15	0
        119364	2026-04-16 07:43:36	1	0	15	0
        117983	2026-04-16 07:43:42	1	0	15	0
        118046	2026-04-16 07:44:12	1	0	15	0
        110083	2026-04-16 07:44:43	1	0	15	0
        116346	2026-04-16 07:44:46	1	0	15	0
        119263	2026-04-16 07:44:57	1	0	15	0
        117850	2026-04-16 07:45:05	1	0	15	0
        110090	2026-04-16 07:45:56	1	0	15	0
        116504	2026-04-16 07:45:59	1	0	15	0
        110457	2026-04-16 07:46:02	1	0	15	0
        110475	2026-04-16 07:46:04	1	0	15	0
        110465	2026-04-16 07:46:12	1	0	15	0
        118157	2026-04-16 07:46:15	1	0	15	0
        119453	2026-04-16 07:46:23	1	0	15	0
        118207	2026-04-16 07:46:28	1	0	15	0
        110193	2026-04-16 07:46:33	1	0	15	0
        117230	2026-04-16 07:46:48	1	0	15	0
        117705	2026-04-16 07:46:50	1	0	15	0
        117998	2026-04-16 07:46:59	1	0	15	0
        116282	2026-04-16 07:47:03	1	0	15	0
        117497	2026-04-16 07:47:29	1	0	15	0
        110198	2026-04-16 07:47:31	1	0	15	0
        110357	2026-04-16 07:47:35	1	0	15	0
        118971	2026-04-16 07:47:37	1	0	15	0
        118302	2026-04-16 07:47:50	1	0	15	0
        117841	2026-04-16 07:48:00	1	0	15	0
        118593	2026-04-16 07:48:12	1	0	15	0
        117122	2026-04-16 07:49:10	1	0	15	0
        117920	2026-04-16 07:49:21	1	0	15	0
        116763	2026-04-16 07:49:44	1	0	15	0
        118862	2026-04-16 07:49:47	1	0	15	0
        117924	2026-04-16 07:49:48	1	0	15	0
        118458	2026-04-16 07:50:09	1	0	15	0
        117814	2026-04-16 07:50:23	1	0	15	0
        116483	2026-04-16 07:50:26	1	0	15	0
        110116	2026-04-16 07:50:34	1	0	15	0
        116073	2026-04-16 07:50:42	1	0	15	0
        117591	2026-04-16 07:50:46	1	0	15	0
        110183	2026-04-16 07:50:49	1	0	15	0
        117110	2026-04-16 07:50:55	1	0	15	0
        118761	2026-04-16 07:51:08	1	0	15	0
        110421	2026-04-16 07:51:10	1	0	15	0
        110506	2026-04-16 07:51:28	1	0	15	0
        117219	2026-04-16 07:51:32	1	0	15	0
        110372	2026-04-16 07:51:37	1	0	15	0
        117817	2026-04-16 07:51:53	1	0	15	0
        117103	2026-04-16 07:51:57	1	0	15	0
        116551	2026-04-16 07:52:09	1	0	15	0
        118917	2026-04-16 07:52:29	1	0	15	0
        117212	2026-04-16 07:53:13	1	0	15	0
        117046	2026-04-16 07:53:15	1	0	15	0
        117120	2026-04-16 07:53:19	1	0	15	0
        117567	2026-04-16 07:53:21	1	0	15	0
        116537	2026-04-16 07:53:23	1	0	15	0
        117341	2026-04-16 07:53:25	1	0	15	0
        110431	2026-04-16 07:53:28	1	0	15	0
        117807	2026-04-16 07:53:47	1	0	15	0
        110131	2026-04-16 07:53:50	1	0	15	0
        118640	2026-04-16 07:54:13	1	0	15	0
        110377	2026-04-16 07:54:17	1	0	15	0
        110393	2026-04-16 07:54:19	1	0	15	0
        110376	2026-04-16 07:54:27	1	0	15	0
        110055	2026-04-16 07:54:34	1	0	15	0
        117269	2026-04-16 07:54:37	1	0	15	0
        117936	2026-04-16 07:54:41	1	0	15	0
        117639	2026-04-16 07:54:55	1	0	15	0
        116297	2026-04-16 07:55:22	1	0	15	0
        110513	2026-04-16 07:55:31	1	0	15	0
        117616	2026-04-16 07:55:35	1	0	15	0
        117930	2026-04-16 07:55:38	1	0	15	0
        117993	2026-04-16 07:55:51	1	0	15	0
        116512	2026-04-16 07:56:09	1	0	15	0
        116751	2026-04-16 07:56:12	1	0	15	0
        110088	2026-04-16 07:56:14	1	0	15	0
        117837	2026-04-16 07:56:30	1	0	15	0
        117543	2026-04-16 07:56:32	1	0	15	0
        116260	2026-04-16 07:56:36	1	0	15	0
        117113	2026-04-16 07:56:37	1	0	15	0
        110025	2026-04-16 07:56:42	1	0	15	0
        117156	2026-04-16 07:56:45	1	0	15	0
        116356	2026-04-16 07:56:48	1	0	15	0
        110485	2026-04-16 07:57:02	1	0	15	0
        116072	2026-04-16 07:57:12	1	0	15	0
        117541	2026-04-16 07:57:14	1	0	15	0
        117707	2026-04-16 07:57:17	1	0	15	0
        110418	2026-04-16 07:57:37	1	0	15	0
        117660	2026-04-16 07:57:45	1	0	15	0
        110197	2026-04-16 07:57:55	1	0	15	0
        117054	2026-04-16 07:58:26	1	0	15	0
        110452	2026-04-16 07:58:33	1	0	15	0
        118782	2026-04-16 07:58:41	1	0	15	0
        117144	2026-04-16 07:58:48	1	0	15	0
        110436	2026-04-16 07:58:59	1	0	15	0
        117833	2026-04-16 07:59:18	1	0	15	0
        117723	2026-04-16 07:59:24	1	0	15	0
        119449	2026-04-16 07:59:39	1	0	15	0
        118928	2026-04-16 07:59:49	1	0	15	0
        117039	2026-04-16 08:00:02	1	0	15	0
        116053	2026-04-16 08:00:07	1	0	15	0
        119227	2026-04-16 08:00:27	1	0	15	0
        110158	2026-04-16 08:01:02	1	0	15	0
        116805	2026-04-16 08:01:40	1	0	15	0
        116441	2026-04-16 08:01:46	1	0	15	0
        117085	2026-04-16 08:03:03	1	0	15	0
        117915	2026-04-16 08:03:58	1	0	15	0
        117634	2026-04-16 08:04:01	1	0	15	0
        117698	2026-04-16 08:04:18	1	0	15	0
        110378	2026-04-16 08:04:23	1	0	15	0
        117528	2026-04-16 08:04:45	1	0	15	0
        117222	2026-04-16 08:05:03	1	0	15	0
        118695	2026-04-16 08:05:41	1	0	15	0
        110100	2026-04-16 08:05:44	1	0	15	0
        118550	2026-04-16 08:06:21	1	0	15	0
        110514	2026-04-16 08:06:26	1	0	15	0
        116104	2026-04-16 08:06:41	1	0	15	0
        117337	2026-04-16 08:07:40	1	0	15	0
        117196	2026-04-16 08:07:42	1	0	15	0
        117699	2026-04-16 08:07:57	1	0	15	0
        116129	2026-04-16 08:08:33	1	0	15	0
        110657	2026-04-16 08:09:22	1	0	15	0
        118970	2026-04-16 08:09:32	1	0	15	0
        116453	2026-04-16 08:09:41	1	0	15	0
        117733	2026-04-16 08:09:48	1	0	15	0
        117575	2026-04-16 08:10:37	1	0	15	0
        117595	2026-04-16 08:10:39	1	0	15	0
        119493	2026-04-16 08:11:30	1	0	15	0
        117043	2026-04-16 08:11:37	1	0	15	0
        117926	2026-04-16 08:11:41	1	0	15	0
        116252	2026-04-16 08:12:02	1	0	15	0
        116787	2026-04-16 08:12:15	1	0	15	0
        117828	2026-04-16 08:12:40	1	0	15	0
        110076	2026-04-16 08:13:04	1	0	15	0
        110447	2026-04-16 08:13:12	1	0	15	0
        117981	2026-04-16 08:14:18	1	0	15	0
        110065	2026-04-16 08:15:33	1	0	15	0
        118784	2026-04-16 08:16:20	1	0	15	0
        117111	2026-04-16 08:16:42	1	0	15	0
        117790	2026-04-16 08:17:43	1	0	15	0
        110094	2026-04-16 08:19:04	1	0	15	0
        116747	2026-04-16 08:20:21	1	0	15	0
        117100	2026-04-16 08:25:39	1	0	15	0
        110006	2026-04-16 08:28:33	1	0	15	0
        116497	2026-04-16 08:29:33	1	0	15	0
        110360	2026-04-16 08:31:43	1	0	15	0
        116279	2026-04-16 08:54:56	1	0	15	0
        116477	2026-04-16 09:01:26	1	0	15	0
        116472	2026-04-16 09:07:18	1	0	15	0
        117236	2026-04-16 11:13:32	1	2	15	0
        117833	2026-04-16 12:00:36	1	2	15	0
        117120	2026-04-16 12:00:39	1	2	15	0
        118744	2026-04-16 12:00:43	1	2	15	0
        117224	2026-04-16 12:00:46	1	2	15	0
        110465	2026-04-16 12:00:48	1	2	15	0
        117046	2026-04-16 12:01:01	1	2	15	0
        116763	2026-04-16 12:01:03	1	2	15	0
        110418	2026-04-16 12:01:05	1	2	15	0
        116747	2026-04-16 12:01:07	1	2	15	0
        110424	2026-04-16 12:01:09	1	2	15	0
        110063	2026-04-16 12:01:10	1	2	15	0
        117639	2026-04-16 12:01:13	1	2	15	0
        110088	2026-04-16 12:01:14	1	2	15	0
        117993	2026-04-16 12:01:19	1	2	15	0
        118186	2026-04-16 12:01:22	1	2	15	0
        117733	2026-04-16 12:01:25	1	2	15	0
        118458	2026-04-16 12:01:27	1	2	15	0
        117983	2026-04-16 12:01:29	1	2	15	0
        116274	2026-04-16 12:01:32	1	2	15	0
        117930	2026-04-16 12:01:34	1	2	15	0
        116297	2026-04-16 12:01:38	1	2	15	0
        118043	2026-04-16 12:01:40	1	2	15	0
        117039	2026-04-16 12:01:51	1	2	15	0
        117497	2026-04-16 12:01:55	1	2	15	0
        117814	2026-04-16 12:02:10	1	2	15	0
        118563	2026-04-16 12:02:10	1	2	15	0
        118750	2026-04-16 12:02:31	1	2	15	0
        116831	2026-04-16 12:02:33	1	2	15	0
        116479	2026-04-16 12:02:35	1	2	15	0
        116451	2026-04-16 12:02:47	1	2	15	0
        117110	2026-04-16 12:02:49	1	2	15	0
        110094	2026-04-16 12:02:51	1	2	15	0
        117926	2026-04-16 12:02:52	1	2	15	0
        119493	2026-04-16 12:02:55	1	2	15	0
        110144	2026-04-16 12:03:02	1	2	15	0
        117835	2026-04-16 12:03:04	1	2	15	0
        118186	2026-04-16 12:03:06	1	2	15	0
        110452	2026-04-16 12:03:07	1	2	15	0
        110158	2026-04-16 12:03:12	1	2	15	0
        110360	2026-04-16 12:03:16	1	2	15	0
        116073	2026-04-16 12:03:19	1	2	15	0
        116441	2026-04-16 12:03:23	1	2	15	0
        117660	2026-04-16 12:03:25	1	2	15	0
        117111	2026-04-16 12:03:26	1	2	15	0
        116053	2026-04-16 12:03:29	1	2	15	0
        118046	2026-04-16 12:03:39	1	2	15	0
        110462	2026-04-16 12:03:45	1	2	15	0
        116279	2026-04-16 12:03:49	1	2	15	0
        117144	2026-04-16 12:03:51	1	2	15	0
        117337	2026-04-16 12:03:54	1	2	15	0
        117046	2026-04-16 12:03:57	1	2	15	0
        110424	2026-04-16 12:03:59	1	2	15	0
        116763	2026-04-16 12:04:01	1	2	15	0
        110418	2026-04-16 12:04:03	1	2	15	0
        110447	2026-04-16 12:04:05	1	2	15	0
        117698	2026-04-16 12:04:07	1	2	15	0
        110113	2026-04-16 12:04:08	1	2	15	0
        110473	2026-04-16 12:04:11	1	2	15	0
        110393	2026-04-16 12:04:21	1	2	15	0
        110377	2026-04-16 12:04:26	1	2	15	0
        119449	2026-04-16 12:04:30	1	2	15	0
        117122	2026-04-16 12:04:34	1	2	15	0
        117543	2026-04-16 12:04:37	1	2	15	0
        110116	2026-04-16 12:04:39	1	2	15	0
        117639	2026-04-16 12:04:42	1	2	15	0
        119453	2026-04-16 12:04:44	1	2	15	0
        118862	2026-04-16 12:04:46	1	2	15	0
        116741	2026-04-16 12:04:48	1	2	15	0
        110549	2026-04-16 12:04:51	1	2	15	0
        110431	2026-04-16 12:04:55	1	2	15	0
        117196	2026-04-16 12:04:57	1	2	15	0
        110527	2026-04-16 12:05:02	1	2	15	0
        116297	2026-04-16 12:05:07	1	2	15	0
        110070	2026-04-16 12:05:10	1	2	15	0
        117833	2026-04-16 12:05:18	1	2	15	0
        117042	2026-04-16 12:05:21	1	2	15	0
        117930	2026-04-16 12:05:23	1	2	15	0
        118640	2026-04-16 12:05:26	1	2	15	0
        110090	2026-04-16 12:05:28	1	2	15	0
        118043	2026-04-16 12:05:32	1	2	15	0
        117567	2026-04-16 12:05:44	1	2	15	0
        117616	2026-04-16 12:05:47	1	2	15	0
        118458	2026-04-16 12:05:56	1	2	15	0
        116274	2026-04-16 12:06:01	1	2	15	0
        117660	2026-04-16 12:06:05	1	2	15	0
        110378	2026-04-16 12:06:11	1	2	15	0
        110144	2026-04-16 12:06:13	1	2	15	0
        116441	2026-04-16 12:06:16	1	2	15	0
        110465	2026-04-16 12:06:19	1	2	15	0
        118992	2026-04-16 12:06:20	1	2	15	0
        117972	2026-04-16 12:06:21	1	2	15	0
        116053	2026-04-16 12:06:23	1	2	15	0
        116451	2026-04-16 12:06:26	1	2	15	0
        117110	2026-04-16 12:06:30	1	2	15	0
        117039	2026-04-16 12:06:33	1	2	15	0
        119340	2026-04-16 12:06:45	1	2	15	0
        117698	2026-04-16 12:06:51	1	2	15	0
        116279	2026-04-16 12:06:57	1	2	15	0
        117337	2026-04-16 12:06:58	1	2	15	0
        117111	2026-04-16 12:07:00	1	2	15	0
        117733	2026-04-16 12:07:03	1	2	15	0
        118750	2026-04-16 12:07:07	1	2	15	0
        110063	2026-04-16 12:07:16	1	2	15	0
        118157	2026-04-16 12:07:18	1	2	15	0
        117920	2026-04-16 12:07:21	1	2	15	0
        117850	2026-04-16 12:07:23	1	2	15	0
        117705	2026-04-16 12:07:25	1	2	15	0
        116741	2026-04-16 12:07:27	1	2	15	0
        110421	2026-04-16 12:07:29	1	2	15	0
        116282	2026-04-16 12:07:31	1	2	15	0
        116512	2026-04-16 12:07:33	1	2	15	0
        116751	2026-04-16 12:07:35	1	2	15	0
        117790	2026-04-16 12:07:40	1	2	15	0
        110006	2026-04-16 12:07:43	1	2	15	0
        110050	2026-04-16 12:07:47	1	2	15	0
        116104	2026-04-16 12:07:50	1	2	15	0
        117634	2026-04-16 12:07:52	1	2	15	0
        117683	2026-04-16 12:07:54	1	2	15	0
        117915	2026-04-16 12:07:57	1	2	15	0
        116422	2026-04-16 12:07:59	1	2	15	0
        116477	2026-04-16 12:08:01	1	2	15	0
        117113	2026-04-16 12:08:03	1	2	15	0
        117219	2026-04-16 12:08:05	1	2	15	0
        110432	2026-04-16 12:08:10	1	2	15	0
        118862	2026-04-16 12:08:18	1	2	15	0
        118640	2026-04-16 12:08:21	1	2	15	0
        117699	2026-04-16 12:08:23	1	2	15	0
        110085	2026-04-16 12:08:25	1	2	15	0
        116453	2026-04-16 12:08:27	1	2	15	0
        110463	2026-04-16 12:08:31	1	2	15	0
        110055	2026-04-16 12:08:42	1	2	15	0
        116252	2026-04-16 12:08:46	1	2	15	0
        110158	2026-04-16 12:09:05	1	2	15	0
        117269	2026-04-16 12:09:45	1	2	15	0
        117926	2026-04-16 12:09:48	1	2	15	0
        110785	2026-04-16 12:09:51	1	2	15	0
        110051	2026-04-16 12:09:56	1	2	15	0
        118101	2026-04-16 12:10:01	1	2	15	0
        117709	2026-04-16 12:10:05	1	2	15	0
        117196	2026-04-16 12:10:06	1	2	15	0
        110088	2026-04-16 12:10:08	1	2	15	0
        110113	2026-04-16 12:10:10	1	2	15	0
        119340	2026-04-16 12:10:13	1	2	15	0
        110057	2026-04-16 12:10:15	1	2	15	0
        110360	2026-04-16 12:10:22	1	2	15	0
        117219	2026-04-16 12:10:24	1	2	15	0
        119364	2026-04-16 12:10:25	1	2	15	0
        116422	2026-04-16 12:10:28	1	2	15	0
        116831	2026-04-16 12:10:30	1	2	15	0
        119227	2026-04-16 12:10:32	1	2	15	0
        117850	2026-04-16 12:10:34	1	2	15	0
        117920	2026-04-16 12:10:37	1	2	15	0
        117705	2026-04-16 12:10:38	1	2	15	0
        117634	2026-04-16 12:10:40	1	2	15	0
        117683	2026-04-16 12:10:42	1	2	15	0
        110632	2026-04-16 12:10:44	1	2	15	0
        116104	2026-04-16 12:10:47	1	2	15	0
        116282	2026-04-16 12:10:48	1	2	15	0
        118157	2026-04-16 12:10:50	1	2	15	0
        117915	2026-04-16 12:10:52	1	2	15	0
        110377	2026-04-16 12:10:53	1	2	15	0
        117999	2026-04-16 12:10:56	1	2	15	0
        110393	2026-04-16 12:10:58	1	2	15	0
        117497	2026-04-16 12:11:00	1	2	15	0
        116479	2026-04-16 12:11:03	1	2	15	0
        117043	2026-04-16 12:11:05	1	2	15	0
        117487	2026-04-16 12:11:07	1	2	15	0
        117723	2026-04-16 12:11:09	1	2	15	0
        117259	2026-04-16 12:11:11	1	2	15	0
        117541	2026-04-16 12:11:13	1	2	15	0
        117092	2026-04-16 12:11:15	1	2	15	0
        118744	2026-04-16 12:11:18	1	2	15	0
        110055	2026-04-16 12:11:19	1	2	15	0
        110198	2026-04-16 12:11:21	1	2	15	0
        117201	2026-04-16 12:11:23	1	2	15	0
        110506	2026-04-16 12:11:27	1	2	15	0
        110357	2026-04-16 12:11:29	1	2	15	0
        117230	2026-04-16 12:11:48	1	2	15	0
        118550	2026-04-16 12:11:52	1	2	15	0
        116477	2026-04-16 12:11:54	1	2	15	0
        110527	2026-04-16 12:12:07	1	2	15	0
        110492	2026-04-16 12:12:40	1	2	15	0
        117269	2026-04-16 12:12:56	1	2	15	0
        116252	2026-04-16 12:13:03	1	2	15	0
        110432	2026-04-16 12:13:09	1	2	15	0
        116073	2026-04-16 12:13:19	1	2	15	0
        110376	2026-04-16 12:13:41	1	2	15	0
        110512	2026-04-16 12:13:46	1	2	15	0
        110514	2026-04-16 12:13:50	1	2	15	0
        110085	2026-04-16 12:13:53	1	2	15	0
        110183	2026-04-16 12:13:57	1	2	15	0
        110549	2026-04-16 12:14:12	1	2	15	0
        117707	2026-04-16 12:14:27	1	2	15	0
        118992	2026-04-16 12:14:32	1	2	15	0
        116747	2026-04-16 12:14:44	1	2	15	0
        119272	2026-04-16 12:14:47	1	2	15	0
        117201	2026-04-16 12:14:54	1	2	15	0
        119263	2026-04-16 12:15:02	1	2	15	0
        116472	2026-04-16 12:15:06	1	2	15	0
        118302	2026-04-16 12:15:10	1	2	15	0
        117259	2026-04-16 12:15:12	1	2	15	0
        110357	2026-04-16 12:15:19	1	2	15	0
        117541	2026-04-16 12:15:21	1	2	15	0
        110492	2026-04-16 12:15:37	1	2	15	0
        117230	2026-04-16 12:15:47	1	2	15	0
        119227	2026-04-16 12:15:55	1	2	15	0
        110057	2026-04-16 12:15:58	1	2	15	0
        119364	2026-04-16 12:16:03	1	2	15	0
        117043	2026-04-16 12:16:05	1	2	15	0
        110131	2026-04-16 12:16:12	1	2	15	0
        117835	2026-04-16 12:16:34	1	2	15	0
        110197	2026-04-16 12:16:37	1	2	15	0
        117091	2026-04-16 12:16:51	1	2	15	0
        110055	2026-04-16 12:16:56	1	2	15	0
        110376	2026-04-16 12:17:01	1	2	15	0
        118550	2026-04-16 12:17:08	1	2	15	0
        118928	2026-04-16 12:17:12	1	2	15	0
        116129	2026-04-16 12:17:14	1	2	15	0
        118563	2026-04-16 12:17:15	1	2	15	0
        119493	2026-04-16 12:17:17	1	2	15	0
        110090	2026-04-16 12:17:26	1	2	15	0
        117591	2026-04-16 12:17:29	1	2	15	0
        110535	2026-04-16 12:17:41	1	2	15	0
        119453	2026-04-16 12:17:49	1	2	15	0
        116142	2026-04-16 12:17:52	1	2	15	0
        116551	2026-04-16 12:17:54	1	2	15	0
        116537	2026-04-16 12:17:56	1	2	15	0
        117680	2026-04-16 12:17:58	1	2	15	0
        117921	2026-04-16 12:18:00	1	2	15	0
        117692	2026-04-16 12:18:02	1	2	15	0
        117982	2026-04-16 12:18:04	1	2	15	0
        117341	2026-04-16 12:18:05	1	2	15	0
        110512	2026-04-16 12:18:07	1	2	15	0
        110514	2026-04-16 12:18:10	1	2	15	0
        116453	2026-04-16 12:18:15	1	2	15	0
        116787	2026-04-16 12:18:18	1	2	15	0
        110355	2026-04-16 12:18:20	1	2	15	0
        117543	2026-04-16 12:18:23	1	2	15	0
        110581	2026-04-16 12:18:25	1	2	15	0
        117122	2026-04-16 12:18:27	1	2	15	0
        110732	2026-04-16 12:18:29	1	2	15	0
        116428	2026-04-16 12:18:31	1	2	15	0
        118761	2026-04-16 12:18:33	1	2	15	0
        117144	2026-04-16 12:18:44	1	2	15	0
        118593	2026-04-16 12:18:50	1	2	15	0
        117828	2026-04-16 12:19:00	1	2	15	0
        117100	2026-04-16 12:19:03	1	2	15	0
        116472	2026-04-16 12:19:05	1	2	15	0
        110378	2026-04-16 12:19:07	1	2	15	0
        118695	2026-04-16 12:19:09	1	2	15	0
        118568	2026-04-16 12:19:13	1	2	15	0
        117085	2026-04-16 12:19:15	1	2	15	0
        110131	2026-04-16 12:19:20	1	2	15	0
        119263	2026-04-16 12:20:00	1	2	15	0
        110025	2026-04-16 12:20:21	1	2	15	0
        117616	2026-04-16 12:20:27	1	2	15	0
        110475	2026-04-16 12:20:33	1	2	15	0
        110473	2026-04-16 12:20:37	1	2	15	0
        117222	2026-04-16 12:20:40	1	2	15	0
        117528	2026-04-16 12:20:42	1	2	15	0
        117591	2026-04-16 12:21:22	1	2	15	0
        110430	2026-04-16 12:21:28	1	2	15	0
        110183	2026-04-16 12:21:32	1	2	15	0
        110083	2026-04-16 12:21:47	1	2	15	0
        117709	2026-04-16 12:21:50	1	2	15	0
        117270	2026-04-16 12:21:53	1	2	15	0
        119449	2026-04-16 12:21:55	1	2	15	0
        119272	2026-04-16 12:21:56	1	2	15	0
        117983	2026-04-16 12:22:13	1	2	15	0
        117091	2026-04-16 12:22:42	1	2	15	0
        117085	2026-04-16 12:22:48	1	2	15	0
        118695	2026-04-16 12:22:53	1	2	15	0
        116551	2026-04-16 12:23:02	1	2	15	0
        116537	2026-04-16 12:23:04	1	2	15	0
        110372	2026-04-16 12:23:06	1	2	15	0
        117341	2026-04-16 12:23:08	1	2	15	0
        117982	2026-04-16 12:23:19	1	2	15	0
        116142	2026-04-16 12:23:21	1	2	15	0
        117921	2026-04-16 12:23:23	1	2	15	0
        117692	2026-04-16 12:23:24	1	2	15	0
        116787	2026-04-16 12:23:26	1	2	15	0
        117699	2026-04-16 12:23:29	1	2	15	0
        117129	2026-04-16 12:23:33	1	2	15	0
        117567	2026-04-16 12:23:35	1	2	15	0
        110083	2026-04-16 12:24:07	1	2	15	0
        118568	2026-04-16 12:24:31	1	2	15	0
        110076	2026-04-16 12:24:48	1	2	15	0
        110025	2026-04-16 12:25:08	1	2	15	0
        110198	2026-04-16 12:25:21	1	2	15	0
        117635	2026-04-16 12:25:28	1	2	15	0
        118928	2026-04-16 12:26:13	1	2	15	0
        116129	2026-04-16 12:26:15	1	2	15	0
        117092	2026-04-16 12:26:26	1	2	15	0
        110513	2026-04-16 12:26:39	1	2	15	0
        117998	2026-04-16 12:26:51	1	2	15	0
        117528	2026-04-16 12:26:54	1	2	15	0
        117222	2026-04-16 12:26:58	1	2	15	0
        110447	2026-04-16 12:27:03	1	2	15	0
        110785	2026-04-16 12:27:10	1	2	15	0
        110355	2026-04-16 12:27:31	1	2	15	0
        110431	2026-04-16 12:27:47	1	2	15	0
        110356	2026-04-16 12:27:54	1	2	15	0
        117224	2026-04-16 12:27:57	1	2	15	0
        110421	2026-04-16 12:28:00	1	2	15	0
        110535	2026-04-16 12:28:14	1	2	15	0
        110076	2026-04-16 12:28:41	1	2	15	0
        117270	2026-04-16 12:29:10	1	2	15	0
        117817	2026-04-16 12:29:13	1	2	15	0
        117156	2026-04-16 12:29:24	1	2	15	0
        116512	2026-04-16 12:29:27	1	2	15	0
        110463	2026-04-16 12:29:33	1	2	15	0
        116751	2026-04-16 12:29:44	1	2	15	0
        110116	2026-04-16 12:29:56	1	2	15	0
        110195	2026-04-16 12:30:01	1	2	15	0
        117100	2026-04-16 12:30:09	1	2	15	0
        117828	2026-04-16 12:30:13	1	2	15	0
        117129	2026-04-16 12:30:24	1	2	15	0
        116428	2026-04-16 12:30:29	1	2	15	0
        118761	2026-04-16 12:30:31	1	2	15	0
        117635	2026-04-16 12:30:32	1	2	15	0
        117790	2026-04-16 12:30:45	1	2	15	0
        117042	2026-04-16 12:30:46	1	2	15	0
        118917	2026-04-16 12:30:49	1	2	15	0
        117236	2026-04-16 12:30:51	1	2	15	0
        117114	2026-04-16 12:30:59	1	2	15	0
        110065	2026-04-16 12:31:14	1	2	15	0
        117817	2026-04-16 12:31:19	1	2	15	0
        110070	2026-04-16 12:31:32	1	2	15	0
        117121	2026-04-16 12:31:41	1	2	15	0
        118782	2026-04-16 12:32:14	1	2	15	0
        110372	2026-04-16 12:32:16	1	2	15	0
        117054	2026-04-16 12:32:23	1	2	15	0
        117270	2026-04-16 12:32:47	1	2	15	0
        119475	2026-04-16 12:32:54	1	2	15	0
        110436	2026-04-16 12:33:21	1	2	15	0
        118101	2026-04-16 12:33:38	1	2	15	0
        117487	2026-04-16 12:34:03	1	2	15	0
        117723	2026-04-16 12:34:08	1	2	15	0
        117054	2026-04-16 12:34:45	1	2	15	0
        110195	2026-04-16 12:34:50	1	2	15	0
        110495	2026-04-16 12:35:05	1	2	15	0
        110493	2026-04-16 12:35:07	1	2	15	0
        110197	2026-04-16 12:35:20	1	2	15	0
        117972	2026-04-16 12:35:47	1	2	15	0
        117121	2026-04-16 12:36:19	1	2	15	0
        117998	2026-04-16 12:36:27	1	2	15	0
        117120	2026-04-16 12:36:30	1	2	15	0
        118782	2026-04-16 12:36:42	1	2	15	0
        117236	2026-04-16 12:36:47	1	2	15	0
        110050	2026-04-16 12:36:53	1	2	15	0
        117103	2026-04-16 12:37:10	1	2	15	0
        118917	2026-04-16 12:37:19	1	2	15	0
        110513	2026-04-16 12:37:58	1	2	15	0
        117575	2026-04-16 12:38:01	1	2	15	0
        110065	2026-04-16 12:38:44	1	2	15	0
        119475	2026-04-16 12:38:46	1	2	15	0
        117999	2026-04-16 12:38:52	1	2	15	0
        117707	2026-04-16 12:39:01	1	2	15	0
        117993	2026-04-16 12:39:05	1	2	15	0
        110495	2026-04-16 12:39:25	1	2	15	0
        110493	2026-04-16 12:39:30	1	2	15	0
        118046	2026-04-16 12:40:49	1	3	15	0
        110574	2026-04-16 12:41:06	1	3	15	0
        110632	2026-04-16 12:41:10	1	3	15	0
        110657	2026-04-16 12:41:53	1	3	15	0
        116960	2026-04-16 12:41:59	1	3	15	0
        110100	2026-04-16 12:42:00	1	3	15	0
        117575	2026-04-16 12:42:08	1	3	15	0
        116483	2026-04-16 12:42:45	1	3	15	0
        116504	2026-04-16 12:42:47	1	3	15	0
        110430	2026-04-16 12:42:49	1	3	15	0
        118302	2026-04-16 12:42:54	1	3	15	0
        118593	2026-04-16 12:43:37	1	3	15	0
        116902	2026-04-16 12:43:45	1	3	15	0
        116346	2026-04-16 12:43:50	1	3	15	0
        117103	2026-04-16 12:43:58	1	3	15	0
        110475	2026-04-16 12:44:08	1	3	15	0
        110436	2026-04-16 12:46:21	1	3	15	0
        116504	2026-04-16 12:46:30	1	3	15	0
        116483	2026-04-16 12:46:34	1	3	15	0
        110657	2026-04-16 12:46:45	1	3	15	0
        110574	2026-04-16 12:47:25	1	3	15	0
        110100	2026-04-16 12:47:35	1	3	15	0
        116960	2026-04-16 12:47:36	1	3	15	0
        119104	2026-04-16 12:47:44	1	3	15	0
        116346	2026-04-16 12:47:47	1	3	15	0
        118455	2026-04-16 12:47:50	1	3	15	0
        119070	2026-04-16 12:47:53	1	3	15	0
        119365	2026-04-16 12:48:25	1	3	15	0
        110506	2026-04-16 12:48:30	1	3	15	0
        117680	2026-04-16 12:48:39	1	3	15	0
        117114	2026-04-16 12:48:55	1	3	15	0
        118207	2026-04-16 12:48:59	1	3	15	0
        119104	2026-04-16 12:50:15	1	3	15	0
        110452	2026-04-16 12:50:19	1	3	15	0
        117212	2026-04-16 12:50:37	1	3	15	0
        117814	2026-04-16 12:50:44	1	3	15	0
        110485	2026-04-16 12:51:12	1	3	15	0
        117595	2026-04-16 12:51:24	1	3	15	0
        116902	2026-04-16 12:51:59	1	3	15	0
        118455	2026-04-16 12:52:24	1	3	15	0
        119070	2026-04-16 12:52:27	1	3	15	0
        118207	2026-04-16 12:52:45	1	3	15	0
        117156	2026-04-16 12:52:52	1	3	15	0
        110581	2026-04-16 12:52:54	1	3	15	0
        110732	2026-04-16 12:52:56	1	3	15	0
        110457	2026-04-16 12:53:14	1	3	15	0
        117981	2026-04-16 12:53:16	1	3	15	0
        117924	2026-04-16 12:53:19	1	3	15	0
        116072	2026-04-16 12:53:20	1	3	15	0
        116497	2026-04-16 12:53:22	1	3	15	0
        116356	2026-04-16 12:53:25	1	3	15	0
        118369	2026-04-16 12:53:28	1	3	15	0
        116805	2026-04-16 12:53:30	1	3	15	0
        116835	2026-04-16 12:53:35	1	3	15	0
        116260	2026-04-16 12:54:01	1	3	15	0
        117212	2026-04-16 12:54:06	1	3	15	0
        119365	2026-04-16 12:54:25	1	3	15	0
        119493	2026-04-16 12:56:02	1	3	15	0
        110356	2026-04-16 12:56:08	1	3	15	0
        117595	2026-04-16 12:56:15	1	3	15	0
        110485	2026-04-16 12:56:31	1	3	15	0
        117981	2026-04-16 12:56:55	1	3	15	0
        116356	2026-04-16 12:56:56	1	3	15	0
        116805	2026-04-16 12:56:59	1	3	15	0
        118369	2026-04-16 12:57:05	1	3	15	0
        116072	2026-04-16 12:57:08	1	3	15	0
        110457	2026-04-16 12:57:11	1	3	15	0
        117924	2026-04-16 12:57:14	1	3	15	0
        116497	2026-04-16 12:57:18	1	3	15	0
        116260	2026-04-16 12:57:21	1	3	15	0
        119493	2026-04-16 12:57:21	1	3	15	0
        116835	2026-04-16 12:57:26	1	3	15	0
        110085	2026-04-16 12:57:33	1	3	15	0
        118971	2026-04-16 12:58:49	1	3	15	0
        110051	2026-04-16 14:17:18	1	3	15	0
        117224	2026-04-16 17:00:51	1	1	15	0
        110113	2026-04-16 17:01:15	1	1	15	0
        116297	2026-04-16 17:01:53	1	1	15	0
        117222	2026-04-16 17:01:56	1	1	15	0
        110376	2026-04-16 17:02:26	1	1	15	0
        117635	2026-04-16 17:02:32	1	1	15	0
        118750	2026-04-16 17:02:35	1	1	15	0
        117039	2026-04-16 17:02:38	1	1	15	0
        117110	2026-04-16 17:02:40	1	1	15	0
        119365	2026-04-16 17:03:07	1	1	15	0
        110355	2026-04-16 17:03:10	1	1	15	0
        110065	2026-04-16 17:03:11	1	1	15	0
        119475	2026-04-16 17:03:14	1	1	15	0
        110377	2026-04-16 17:03:19	1	1	15	0
        110574	2026-04-16 17:03:21	1	1	15	0
        116824	2026-04-16 17:03:26	1	1	15	0
        116741	2026-04-16 17:03:28	1	1	15	0
        117660	2026-04-16 17:03:30	1	1	15	0
        116441	2026-04-16 17:03:32	1	1	15	0
        118550	2026-04-16 17:03:48	1	1	15	0
        117196	2026-04-16 17:03:51	1	1	15	0
        116479	2026-04-16 17:03:54	1	1	15	0
        110535	2026-04-16 17:03:54	1	1	15	0
        119340	2026-04-16 17:04:13	1	1	15	0
        116073	2026-04-16 17:04:15	1	1	15	0
        118458	2026-04-16 17:04:49	1	1	15	0
        117930	2026-04-16 17:04:51	1	1	15	0
        110785	2026-04-16 17:04:53	1	1	15	0
        116274	2026-04-16 17:04:56	1	1	15	0
        117833	2026-04-16 17:05:00	1	1	15	0
        110356	2026-04-16 17:05:02	1	1	15	0
        117042	2026-04-16 17:05:08	1	1	15	0
        117103	2026-04-16 17:05:11	1	1	15	0
        116551	2026-04-16 17:05:13	1	1	15	0
        116053	2026-04-16 17:05:15	1	1	15	0
        117705	2026-04-16 17:05:19	1	1	15	0
        116451	2026-04-16 17:05:22	1	1	15	0
        117841	2026-04-16 17:05:40	1	1	15	0
        117982	2026-04-16 17:05:42	1	1	15	0
        117043	2026-04-16 17:05:49	1	1	15	0
        116902	2026-04-16 17:05:53	1	1	15	0
        117595	2026-04-16 17:06:01	1	1	15	0
        117983	2026-04-16 17:06:19	1	1	15	0
        116537	2026-04-16 17:06:38	1	1	15	0
        117341	2026-04-16 17:06:42	1	1	15	0
        118207	2026-04-16 17:06:43	1	1	15	0
        117129	2026-04-16 17:06:58	1	1	15	0
        117121	2026-04-16 17:07:11	1	1	15	0
        110421	2026-04-16 17:07:15	1	1	15	0
        118782	2026-04-16 17:07:21	1	1	15	0
        117936	2026-04-16 17:07:25	1	1	15	0
        118640	2026-04-16 17:07:28	1	1	15	0
        110633	2026-04-16 17:07:30	1	1	15	0
        117269	2026-04-16 17:07:38	1	1	15	0
        117698	2026-04-16 17:07:43	1	1	15	0
        117639	2026-04-16 17:07:47	1	1	15	0
        117692	2026-04-16 17:08:21	1	1	15	0
        110452	2026-04-16 17:08:27	1	1	15	0
        117837	2026-04-16 17:08:48	1	1	15	0
        116763	2026-04-16 17:09:11	1	1	15	0
        118917	2026-04-16 17:09:40	1	1	15	0
        116472	2026-04-16 17:10:04	1	1	15	0
        116279	2026-04-16 17:10:08	1	1	15	0
        118101	2026-04-16 17:10:14	1	1	15	0
        117828	2026-04-16 17:10:19	1	1	15	0
        110431	2026-04-16 17:10:23	1	1	15	0
        117100	2026-04-16 17:10:25	1	1	15	0
        110527	2026-04-16 17:10:31	1	1	15	0
        110475	2026-04-16 17:10:35	1	1	15	0
        110492	2026-04-16 17:10:40	1	1	15	0
        117835	2026-04-16 17:10:52	1	1	15	0
        117230	2026-04-16 17:11:16	1	1	15	0
        110447	2026-04-16 17:11:21	1	1	15	0
        110549	2026-04-16 17:12:01	1	1	15	0
        116512	2026-04-16 17:12:04	1	1	15	0
        117120	2026-04-16 17:12:07	1	1	15	0
        116751	2026-04-16 17:12:10	1	1	15	0
        118593	2026-04-16 17:12:25	1	1	15	0
        117236	2026-04-16 17:12:41	1	1	15	0
        110424	2026-04-16 17:12:47	1	1	15	0
        110418	2026-04-16 17:12:49	1	1	15	0
        110463	2026-04-16 17:12:57	1	1	15	0
        118043	2026-04-16 17:14:17	1	1	15	0
        110070	2026-04-16 17:14:45	1	1	15	0
        116787	2026-04-16 17:14:54	1	1	15	0
        117567	2026-04-16 17:14:58	1	1	15	0
        117972	2026-04-16 17:15:03	1	1	15	0
        116428	2026-04-16 17:15:06	1	1	15	0
        118761	2026-04-16 17:15:08	1	1	15	0
        110485	2026-04-16 17:15:45	1	1	15	0
        110197	2026-04-16 17:16:25	1	1	15	0
        118563	2026-04-16 17:17:10	1	1	15	0
        117111	2026-04-16 17:17:13	1	1	15	0
        110473	2026-04-16 17:17:17	1	1	15	0
        110436	2026-04-16 17:18:13	1	1	15	0
        117733	2026-04-16 17:18:28	1	1	15	0
        110025	2026-04-16 17:19:10	1	1	15	0
        110076	2026-04-16 17:19:27	1	1	15	0
        117259	2026-04-16 17:19:33	1	1	15	0
        117541	2026-04-16 17:19:34	1	1	15	0
        117814	2026-04-16 17:20:00	1	1	15	0
        110144	2026-04-16 17:20:19	1	1	15	0
        117993	2026-04-16 17:20:26	1	1	15	0
        116282	2026-04-16 17:20:41	1	1	15	0
        117683	2026-04-16 17:20:44	1	1	15	0
        118157	2026-04-16 17:20:46	1	1	15	0
        119453	2026-04-16 17:20:54	1	1	15	0
        117085	2026-04-16 17:20:57	1	1	15	0
        117680	2026-04-16 17:21:00	1	1	15	0
        110100	2026-04-16 17:21:15	1	1	15	0
        116960	2026-04-16 17:21:16	1	1	15	0
        116504	2026-04-16 17:21:21	1	1	15	0
        118455	2026-04-16 17:21:23	1	1	15	0
        110083	2026-04-16 17:21:50	1	1	15	0
        117709	2026-04-16 17:21:55	1	1	15	0
        110432	2026-04-16 17:21:58	1	1	15	0
        110465	2026-04-16 17:22:10	1	1	15	0
        118928	2026-04-16 17:22:23	1	1	15	0
        116129	2026-04-16 17:22:25	1	1	15	0
        110085	2026-04-16 17:24:01	1	1	15	0
        110055	2026-04-16 17:25:08	1	1	15	0
        110051	2026-04-16 17:25:13	1	1	15	0
        117092	2026-04-16 17:26:20	1	1	15	0
        118744	2026-04-16 17:26:43	1	1	15	0
        118046	2026-04-16 17:26:47	1	1	15	0
        117497	2026-04-16 17:26:52	1	1	15	0
        118862	2026-04-16 17:26:54	1	1	15	0
        117219	2026-04-16 17:27:22	1	1	15	0
        116422	2026-04-16 17:27:24	1	1	15	0
        119263	2026-04-16 17:27:27	1	1	15	0
        117144	2026-04-16 17:27:33	1	1	15	0
        110493	2026-04-16 17:27:52	1	1	15	0
        110495	2026-04-16 17:27:57	1	1	15	0
        110360	2026-04-16 17:28:33	1	1	15	0
        118186	2026-04-16 17:28:45	1	1	15	0
        110657	2026-04-16 17:28:49	1	1	15	0
        117915	2026-04-16 17:28:54	1	1	15	0
        117634	2026-04-16 17:29:03	1	1	15	0
        117528	2026-04-16 17:29:55	1	1	15	0
        117046	2026-04-16 17:30:11	1	1	15	0
        116497	2026-04-16 17:30:18	1	1	15	0
        110198	2026-04-16 17:30:20	1	1	15	0
        110193	2026-04-16 17:30:28	1	1	15	0
        110632	2026-04-16 17:30:31	1	1	15	0
        119070	2026-04-16 17:31:08	1	1	15	0
        110183	2026-04-16 17:33:05	1	1	15	0
        110512	2026-04-16 17:34:31	1	1	15	0
        110430	2026-04-16 17:34:38	1	1	15	0
        116747	2026-04-16 17:34:58	1	1	15	0
        117920	2026-04-16 17:35:22	1	1	15	0
        117850	2026-04-16 17:35:26	1	1	15	0
        117707	2026-04-16 17:35:29	1	1	15	0
        110514	2026-04-16 17:35:52	1	1	15	0
        117926	2026-04-16 17:35:57	1	1	15	0
        116483	2026-04-16 17:36:05	1	1	15	0
        117998	2026-04-16 17:37:00	1	1	15	0
        118992	2026-04-16 17:37:17	1	1	15	0
        110195	2026-04-16 17:37:53	1	1	15	0
        116477	2026-04-16 17:41:10	1	1	15	0
        119493	2026-04-16 17:41:37	1	1	15	0
        119449	2026-04-16 17:42:02	1	1	15	0
        118744	2026-04-16 17:43:17	1	1	15	0
        110131	2026-04-16 17:43:34	1	1	15	0
        110513	2026-04-16 17:43:37	1	1	15	0
        117201	2026-04-16 17:44:02	1	1	15	0
        116831	2026-04-16 17:44:18	1	1	15	0
        110732	2026-04-16 17:44:43	1	1	15	0
        110581	2026-04-16 17:44:44	1	1	15	0
        117807	2026-04-16 17:44:54	1	1	15	0
        116356	2026-04-16 17:45:08	1	1	15	0
        117122	2026-04-16 17:46:14	1	1	15	0
        117212	2026-04-16 17:46:37	1	1	15	0
        110088	2026-04-16 17:47:19	1	1	15	0
        117616	2026-04-16 17:47:32	1	1	15	0
        118568	2026-04-16 17:48:19	1	1	15	0
        110457	2026-04-16 17:49:51	1	1	15	0
        110357	2026-04-16 17:49:56	1	1	15	0
        118702	2026-04-16 17:50:06	1	1	15	0
        117723	2026-04-16 17:50:10	1	1	15	0
        110378	2026-04-16 17:50:30	1	1	15	0
        116834	2026-04-16 17:52:28	1	1	15	0
        117162	2026-04-16 17:52:42	1	1	15	0
        117487	2026-04-16 17:52:48	1	1	15	0
        110158	2026-04-16 17:52:58	1	1	15	0
        117591	2026-04-16 17:53:37	1	1	15	0
        110393	2026-04-16 17:53:54	1	1	15	0
        110116	2026-04-16 17:54:11	1	1	15	0
        117575	2026-04-16 17:54:46	1	1	15	0
        117981	2026-04-16 17:55:05	1	1	15	0
        110372	2026-04-16 17:55:13	1	1	15	0
        117924	2026-04-16 18:03:02	1	1	15	0
        117054	2026-04-16 18:03:43	1	1	15	0
        117114	2026-04-16 18:03:54	1	1	15	0
        116835	2026-04-16 18:04:21	1	1	15	0
        119104	2026-04-16 18:04:27	1	1	15	0
        119227	2026-04-16 18:12:25	1	1	15	0
        118369	2026-04-16 18:14:39	1	1	15	0
        116805	2026-04-16 18:14:42	1	1	15	0
        116260	2026-04-16 18:14:43	1	1	15	0
        117921	2026-04-16 18:15:30	1	1	15	0
        116142	2026-04-16 18:15:33	1	1	15	0
        119594	2026-04-16 18:16:50	1	1	15	0
        118302	2026-04-16 18:18:30	1	1	15	0
        110090	2026-04-16 18:21:54	1	1	15	0
        116346	2026-04-16 18:24:53	1	1	15	0
        117543	2026-04-16 18:25:54	1	1	15	0
        117270	2026-04-16 18:36:39	1	1	15	0
        116252	2026-04-16 18:37:26	1	1	15	0
        117817	2026-04-16 18:41:30	1	1	15	0
        119364	2026-04-16 18:41:34	1	1	15	0
        110057	2026-04-16 18:41:59	1	1	15	0
        117091	2026-04-16 18:42:58	1	1	15	0
        110063	2026-04-16 19:01:46	1	1	15	0
        117699	2026-04-16 19:06:43	1	1	15	0
        117999	2026-04-16 19:23:23	1	1	15	0
        117337	2026-04-16 20:20:51	1	1	15	0
        118695	2026-04-16 20:20:55	1	1	15	0
        110580	2026-04-17 06:53:18	1	0	15	0
        110732	2026-04-17 06:57:22	1	0	15	0
        110432	2026-04-17 07:01:39	1	0	15	0
        110424	2026-04-17 07:13:54	1	0	15	0
        117835	2026-04-17 07:22:34	1	0	15	0
        116902	2026-04-17 07:24:59	1	0	15	0
        117219	2026-04-17 07:31:39	1	0	15	0
        110431	2026-04-17 07:32:16	1	0	15	0
        116763	2026-04-17 07:32:35	1	0	15	0
        117850	2026-04-17 07:33:26	1	0	15	0
        116422	2026-04-17 07:33:35	1	0	15	0
        116824	2026-04-17 07:35:16	1	0	15	0
        117224	2026-04-17 07:37:34	1	0	15	0
        118563	2026-04-17 07:38:37	1	0	15	0
        117236	2026-04-17 07:38:57	1	0	15	0
        118593	2026-04-17 07:40:41	1	0	15	0
        110785	2026-04-17 07:42:47	1	0	15	0
        117983	2026-04-17 07:42:52	1	0	15	0
        117692	2026-04-17 07:42:58	1	0	15	0
        116428	2026-04-17 07:45:55	1	0	15	0
        118046	2026-04-17 07:46:16	1	0	15	0
        117591	2026-04-17 07:48:59	1	0	15	0
        117091	2026-04-17 07:49:54	1	0	15	0
        118101	2026-04-17 07:49:57	1	0	15	0
        110195	2026-04-17 07:50:12	1	0	15	0
        110197	2026-04-17 07:53:12	1	0	15	0
        110447	2026-04-17 07:53:24	1	0	15	0
        117926	2026-04-17 07:54:58	1	0	15	0
        117043	2026-04-17 07:55:09	1	0	15	0
        117930	2026-04-17 07:56:12	1	0	15	0
        117814	2026-04-17 07:57:06	1	0	15	0
        117833	2026-04-17 07:58:40	1	0	15	0
        110418	2026-04-17 07:58:42	1	0	15	0
        117920	2026-04-17 07:59:18	1	0	15	0
        117698	2026-04-17 07:59:21	1	0	15	0
        118782	2026-04-17 08:00:28	1	0	15	0
        117121	2026-04-17 08:00:30	1	0	15	0
        110452	2026-04-17 08:00:43	1	0	15	0
        117046	2026-04-17 08:01:12	1	0	15	0
        117120	2026-04-17 08:01:21	1	0	15	0
        116747	2026-04-17 08:03:10	1	0	15	0
        117156	2026-04-17 08:03:29	1	0	15	0
        119232	2026-04-17 08:05:08	1	0	15	0
        118695	2026-04-17 08:06:25	1	0	15	0
        117222	2026-04-17 08:08:32	1	0	15	0
        118761	2026-04-17 08:09:56	1	0	15	0
        110549	2026-04-17 08:21:49	1	0	15	0
        117111	2026-04-17 08:31:49	1	0	15	0
        117337	2026-04-17 08:38:08	1	0	15	0
        118917	2026-04-17 08:48:11	1	0	15	0
        116472	2026-04-17 08:54:07	1	0	15	0
        117085	2026-04-17 08:54:26	1	0	15	0
        118563	2026-04-17 12:00:25	1	2	15	0
        110452	2026-04-17 12:00:39	1	2	15	0
        116824	2026-04-17 12:01:11	1	2	15	0
        116763	2026-04-17 12:01:38	1	2	15	0
        118101	2026-04-17 12:01:56	1	2	15	0
        110424	2026-04-17 12:02:01	1	2	15	0
        117930	2026-04-17 12:02:14	1	2	15	0
        110447	2026-04-17 12:02:21	1	2	15	0
        110418	2026-04-17 12:02:48	1	2	15	0
        117224	2026-04-17 12:03:36	1	2	15	0
        117222	2026-04-17 12:03:50	1	2	15	0
        117833	2026-04-17 12:04:07	1	2	15	0
        110549	2026-04-17 12:04:12	1	2	15	0
        110431	2026-04-17 12:04:23	1	2	15	0
        110424	2026-04-17 12:04:27	1	2	15	0
        116763	2026-04-17 12:04:32	1	2	15	0
        117814	2026-04-17 12:04:59	1	2	15	0
        116902	2026-04-17 12:05:08	1	2	15	0
        118046	2026-04-17 12:05:26	1	2	15	0
        119232	2026-04-17 12:05:43	1	2	15	0
        117120	2026-04-17 12:05:57	1	2	15	0
        118695	2026-04-17 12:06:00	1	2	15	0
        117111	2026-04-17 12:06:11	1	2	15	0
        117337	2026-04-17 12:06:13	1	2	15	0
        110418	2026-04-17 12:06:31	1	2	15	0
        117926	2026-04-17 12:06:36	1	2	15	0
        117930	2026-04-17 12:06:44	1	2	15	0
        117833	2026-04-17 12:07:03	1	2	15	0
        110785	2026-04-17 12:08:14	1	2	15	0
        110195	2026-04-17 12:08:30	1	2	15	0
        117043	2026-04-17 12:08:45	1	2	15	0
        117835	2026-04-17 12:09:21	1	2	15	0
        117926	2026-04-17 12:10:08	1	2	15	0
        117222	2026-04-17 12:10:30	1	2	15	0
        117983	2026-04-17 12:10:52	1	2	15	0
        110431	2026-04-17 12:11:07	1	2	15	0
        117046	2026-04-17 12:11:13	1	2	15	0
        110432	2026-04-17 12:11:16	1	2	15	0
        116479	2026-04-17 12:12:04	1	2	15	0
        116428	2026-04-17 12:12:46	1	2	15	0
        118761	2026-04-17 12:12:48	1	2	15	0
        118695	2026-04-17 12:12:50	1	2	15	0
        117337	2026-04-17 12:12:52	1	2	15	0
        117111	2026-04-17 12:12:54	1	2	15	0
        118917	2026-04-17 12:13:19	1	2	15	0
        117120	2026-04-17 12:13:38	1	2	15	0
        117046	2026-04-17 12:14:05	1	2	15	0
        116902	2026-04-17 12:14:28	1	2	15	0
        110432	2026-04-17 12:15:01	1	2	15	0
        117835	2026-04-17 12:18:26	1	2	15	0
        118917	2026-04-17 12:18:54	1	2	15	0
        117591	2026-04-17 12:20:29	1	2	15	0
        110197	2026-04-17 12:21:18	1	2	15	0
        110580	2026-04-17 12:21:41	1	2	15	0
        110581	2026-04-17 12:21:44	1	2	15	0
        117983	2026-04-17 12:21:48	1	2	15	0
        110732	2026-04-17 12:21:50	1	2	15	0
        116428	2026-04-17 12:21:53	1	2	15	0
        118761	2026-04-17 12:21:55	1	2	15	0
        110785	2026-04-17 12:23:16	1	2	15	0
        116747	2026-04-17 12:23:49	1	2	15	0
        116472	2026-04-17 12:23:51	1	2	15	0
        119232	2026-04-17 12:24:28	1	2	15	0
        117591	2026-04-17 12:25:22	1	2	15	0
        116279	2026-04-17 12:26:14	1	2	15	0
        117224	2026-04-17 12:27:28	1	2	15	0
        118593	2026-04-17 12:29:15	1	2	15	0
        117236	2026-04-17 12:29:35	1	2	15	0
        117085	2026-04-17 12:29:38	1	2	15	0
        117091	2026-04-17 12:29:48	1	2	15	0
        110195	2026-04-17 12:31:50	1	3	15	0
        116479	2026-04-17 12:32:26	1	3	15	0
        110447	2026-04-17 12:32:32	1	3	15	0
        117091	2026-04-17 12:33:50	1	3	15	0
        117236	2026-04-17 12:35:05	1	3	15	0
        117085	2026-04-17 12:35:09	1	3	15	0
        117043	2026-04-17 12:36:07	1	3	15	0
        118101	2026-04-17 12:36:10	1	3	15	0
        118046	2026-04-17 12:36:18	1	3	15	0
        117121	2026-04-17 12:36:31	1	3	15	0
        118782	2026-04-17 12:36:33	1	3	15	0
        117156	2026-04-17 12:36:35	1	3	15	0
        116747	2026-04-17 12:37:09	1	3	15	0
        117692	2026-04-17 12:39:18	1	3	15	0
        110580	2026-04-17 12:41:19	1	3	15	0
        110581	2026-04-17 12:41:22	1	3	15	0
        110732	2026-04-17 12:41:25	1	3	15	0
        118593	2026-04-17 12:43:04	1	3	15	0
        110549	2026-04-17 12:43:21	1	3	15	0
        116472	2026-04-17 12:44:50	1	3	15	0
        117692	2026-04-17 12:46:14	1	3	15	0
        110197	2026-04-17 12:46:17	1	3	15	0
        117121	2026-04-17 12:47:01	1	3	15	0
        117156	2026-04-17 12:47:03	1	3	15	0
        110452	2026-04-17 12:51:03	1	3	15	0
        117528	2026-04-17 12:57:40	1	3	15	0
        118782	2026-04-17 13:01:14	1	3	15	0
        117814	2026-04-17 13:02:44	1	3	15	0
        110549	2026-04-17 17:04:28	1	1	15	0
        110452	2026-04-17 17:04:32	1	1	15	0
        117219	2026-04-17 17:04:36	1	1	15	0
        116422	2026-04-17 17:04:37	1	1	15	0
        110431	2026-04-17 17:04:43	1	1	15	0
        117835	2026-04-17 17:05:24	1	1	15	0
        118782	2026-04-17 17:05:41	1	1	15	0
        117121	2026-04-17 17:05:46	1	1	15	0
        117156	2026-04-17 17:05:49	1	1	15	0
        117983	2026-04-17 17:05:51	1	1	15	0
        118917	2026-04-17 17:06:18	1	1	15	0
        110785	2026-04-17 17:06:25	1	1	15	0
        117833	2026-04-17 17:07:30	1	1	15	0
        117692	2026-04-17 17:07:32	1	1	15	0
        117930	2026-04-17 17:07:51	1	1	15	0
        110195	2026-04-17 17:08:02	1	1	15	0
        116279	2026-04-17 17:08:14	1	1	15	0
        117591	2026-04-17 17:09:16	1	1	15	0
        110432	2026-04-17 17:09:32	1	1	15	0
        110447	2026-04-17 17:09:49	1	1	15	0
        110197	2026-04-17 17:09:52	1	1	15	0
        118101	2026-04-17 17:14:39	1	1	15	0
        117043	2026-04-17 17:16:36	1	1	15	0
        116902	2026-04-17 17:16:38	1	1	15	0
        118761	2026-04-17 17:16:43	1	1	15	0
        116763	2026-04-17 17:16:55	1	1	15	0
        117528	2026-04-17 17:17:10	1	1	15	0
        110418	2026-04-17 17:17:13	1	1	15	0
        117224	2026-04-17 17:17:15	1	1	15	0
        110424	2026-04-17 17:17:16	1	1	15	0
        118563	2026-04-17 17:18:05	1	1	15	0
        118593	2026-04-17 17:18:44	1	1	15	0
        117926	2026-04-17 17:19:24	1	1	15	0
        117814	2026-04-17 17:19:34	1	1	15	0
        116472	2026-04-17 17:20:32	1	1	15	0
        117111	2026-04-17 17:22:26	1	1	15	0
        117236	2026-04-17 17:22:45	1	1	15	0
        117085	2026-04-17 17:24:37	1	1	15	0
        117091	2026-04-17 17:24:44	1	1	15	0
        116428	2026-04-17 17:26:55	1	1	15	0
        117046	2026-04-17 17:30:16	1	1	15	0
        117120	2026-04-17 17:30:20	1	1	15	0
        117528	2026-04-17 17:30:48	1	1	15	0
        117222	2026-04-17 17:31:01	1	1	15	0
        110732	2026-04-17 17:38:14	1	1	15	0
        110580	2026-04-17 17:38:18	1	1	15	0
        110581	2026-04-17 17:38:25	1	1	15	0
        118695	2026-04-17 17:49:42	1	1	15	0
        117337	2026-04-17 17:49:47	1	1	15	0
        116747	2026-04-17 17:53:18	1	1	15	0
        118046	2026-04-17 17:53:20	1	1	15	0
        117835	2026-04-20 04:35:17	1	0	15	0
        110535	2026-04-20 04:45:00	1	0	15	0
        116834	2026-04-20 05:05:48	1	0	15	0
        117201	2026-04-20 05:07:22	1	0	15	0
        119449	2026-04-20 05:14:20	1	0	15	0
        110144	2026-04-20 05:21:55	1	0	15	0
        110372	2026-04-20 05:39:41	1	0	15	0
        116479	2026-04-20 05:39:50	1	0	15	0
        118568	2026-04-20 05:45:02	1	0	15	0
        110093	2026-04-20 05:52:47	1	0	15	0
        116831	2026-04-20 06:08:53	1	0	15	0
        117983	2026-04-20 06:10:03	1	0	15	0
        110193	2026-04-20 06:10:16	1	0	15	0
        116069	2026-04-20 06:15:37	1	0	15	0
        110074	2026-04-20 06:28:35	1	0	15	0
        117147	2026-04-20 06:33:08	1	0	15	0
        116483	2026-04-20 06:33:43	1	0	15	0
        117699	2026-04-20 06:39:21	1	0	15	0
        116799	2026-04-20 06:39:49	1	0	15	0
        110580	2026-04-20 06:41:10	1	0	15	0
        119070	2026-04-20 06:46:21	1	0	15	0
        110549	2026-04-20 06:52:45	1	0	15	0
        110088	2026-04-20 06:53:38	1	0	15	0
        110581	2026-04-20 06:53:56	1	0	15	0
        117999	2026-04-20 06:54:00	1	0	15	0
        117716	2026-04-20 06:54:05	1	0	15	0
        117969	2026-04-20 06:56:11	1	0	15	0
        118750	2026-04-20 06:56:49	1	0	15	0
        119571	2026-04-20 07:00:38	1	0	15	0
        110511	2026-04-20 07:02:29	1	0	15	0
        110632	2026-04-20 07:04:07	1	0	15	0
        117982	2026-04-20 07:06:48	1	0	15	0
        110393	2026-04-20 07:07:31	1	0	15	0
        110510	2026-04-20 07:08:11	1	0	15	0
        110462	2026-04-20 07:08:19	1	0	15	0
        117129	2026-04-20 07:08:52	1	0	15	0
        117092	2026-04-20 07:09:19	1	0	15	0
        117921	2026-04-20 07:10:24	1	0	15	0
        110732	2026-04-20 07:10:48	1	0	15	0
        110512	2026-04-20 07:11:35	1	0	15	0
        117212	2026-04-20 07:14:04	1	0	15	0
        110466	2026-04-20 07:15:02	1	0	15	0
        117121	2026-04-20 07:15:12	1	0	15	0
        119104	2026-04-20 07:16:07	1	0	15	0
        119364	2026-04-20 07:16:19	1	0	15	0
        117680	2026-04-20 07:16:22	1	0	15	0
        116537	2026-04-20 07:16:25	1	0	15	0
        110051	2026-04-20 07:16:31	1	0	15	0
        110463	2026-04-20 07:16:57	1	0	15	0
        110418	2026-04-20 07:17:11	1	0	15	0
        117770	2026-04-20 07:19:43	1	0	15	0
        116902	2026-04-20 07:19:52	1	0	15	0
        119475	2026-04-20 07:21:00	1	0	15	0
        110063	2026-04-20 07:21:18	1	0	15	0
        118101	2026-04-20 07:21:23	1	0	15	0
        110116	2026-04-20 07:21:25	1	0	15	0
        116142	2026-04-20 07:23:16	1	0	15	0
        117982	2026-04-20 07:23:18	1	0	15	0
        118970	2026-04-20 07:24:04	1	0	15	0
        119340	2026-04-20 07:24:28	1	0	15	0
        117733	2026-04-20 07:25:43	1	0	15	0
        118302	2026-04-20 07:27:15	1	0	15	0
        110090	2026-04-20 07:27:33	1	0	15	0
        117270	2026-04-20 07:28:11	1	0	15	0
        110053	2026-04-20 07:28:18	1	0	15	0
        117103	2026-04-20 07:28:37	1	0	15	0
        117711	2026-04-20 07:29:35	1	0	15	0
        117709	2026-04-20 07:30:00	1	0	15	0
        119453	2026-04-20 07:30:10	1	0	15	0
        110057	2026-04-20 07:30:16	1	0	15	0
        118221	2026-04-20 07:30:24	1	0	15	0
        118563	2026-04-20 07:30:45	1	0	15	0
        118455	2026-04-20 07:31:15	1	0	15	0
        116252	2026-04-20 07:31:28	1	0	15	0
        110378	2026-04-20 07:31:32	1	0	15	0
        110430	2026-04-20 07:31:44	1	0	15	0
        117162	2026-04-20 07:32:12	1	0	15	0
        110062	2026-04-20 07:32:33	1	0	15	0
        117707	2026-04-20 07:32:35	1	0	15	0
        116337	2026-04-20 07:32:39	1	0	15	0
        117705	2026-04-20 07:33:33	1	0	15	0
        110357	2026-04-20 07:33:36	1	0	15	0
        110100	2026-04-20 07:33:49	1	0	15	0
        110083	2026-04-20 07:33:56	1	0	15	0
        117133	2026-04-20 07:34:56	1	0	15	0
        110060	2026-04-20 07:35:05	1	0	15	0
        118782	2026-04-20 07:35:19	1	0	15	0
        119107	2026-04-20 07:35:31	1	0	15	0
        110785	2026-04-20 07:36:01	1	0	15	0
        117635	2026-04-20 07:36:05	1	0	15	0
        110183	2026-04-20 07:36:54	1	0	15	0
        116828	2026-04-20 07:37:04	1	0	1	0
        110493	2026-04-20 07:37:10	1	0	15	0
        110085	2026-04-20 07:37:13	1	0	15	0
        118744	2026-04-20 07:37:15	1	0	15	0
        117114	2026-04-20 07:38:11	1	0	15	0
        116504	2026-04-20 07:38:17	1	0	15	0
        110025	2026-04-20 07:38:36	1	0	15	0
        117497	2026-04-20 07:38:44	1	0	15	0
        110527	2026-04-20 07:38:50	1	0	15	0
        110197	2026-04-20 07:38:55	1	0	15	0
        116356	2026-04-20 07:39:02	1	0	15	0
        110032	2026-04-20 07:39:07	1	0	15	0
        117042	2026-04-20 07:39:16	1	0	15	0
        116451	2026-04-20 07:39:20	1	0	15	0
        117113	2026-04-20 07:39:24	1	0	15	0
        117487	2026-04-20 07:39:40	1	0	15	0
        110424	2026-04-20 07:39:44	1	0	15	0
        117660	2026-04-20 07:39:48	1	0	15	0
        110354	2026-04-20 07:39:53	1	0	15	0
        110431	2026-04-20 07:40:13	1	0	15	0
        117993	2026-04-20 07:40:17	1	0	15	0
        119263	2026-04-20 07:40:39	1	0	15	0
        117259	2026-04-20 07:41:14	1	0	15	0
        117122	2026-04-20 07:41:51	1	0	15	0
        116990	2026-04-20 07:41:55	1	0	15	0
        117230	2026-04-20 07:42:00	1	0	15	0
        110055	2026-04-20 07:42:03	1	0	15	0
        110465	2026-04-20 07:42:07	1	0	15	0
        110070	2026-04-20 07:42:18	1	0	15	0
        117694	2026-04-20 07:42:22	1	0	15	0
        117924	2026-04-20 07:42:45	1	0	15	0
        118695	2026-04-20 07:42:49	1	0	15	0
        118369	2026-04-20 07:43:17	1	0	15	0
        110367	2026-04-20 07:43:26	1	0	15	0
        118702	2026-04-20 07:44:15	1	0	15	0
        110421	2026-04-20 07:44:22	1	0	15	0
        110356	2026-04-20 07:44:40	1	0	15	0
        110355	2026-04-20 07:44:44	1	0	15	0
        116551	2026-04-20 07:45:18	1	0	15	0
        116496	2026-04-20 07:45:20	1	0	15	0
        118867	2026-04-20 07:45:33	1	0	15	0
        118753	2026-04-20 07:45:37	1	0	15	0
        110507	2026-04-20 07:46:36	1	0	15	0
        117595	2026-04-20 07:46:41	1	0	15	0
        116933	2026-04-20 07:46:55	1	0	15	0
        110128	2026-04-20 07:47:20	1	0	15	0
        118732	2026-04-20 07:47:25	1	0	15	0
        117528	2026-04-20 07:47:52	1	0	15	0
        110514	2026-04-20 07:48:56	1	0	15	0
        117156	2026-04-20 07:49:00	1	0	15	0
        116383	2026-04-20 07:49:07	1	0	15	0
        118271	2026-04-20 07:49:08	1	0	15	0
        116751	2026-04-20 07:49:20	1	0	15	0
        118180	2026-04-20 07:49:23	1	0	15	0
        116512	2026-04-20 07:49:25	1	0	15	0
        117807	2026-04-20 07:49:50	1	0	15	0
        117591	2026-04-20 07:49:57	1	0	15	0
        116072	2026-04-20 07:50:06	1	0	15	0
        117120	2026-04-20 07:50:25	1	0	15	0
        117046	2026-04-20 07:50:35	1	0	15	0
        110195	2026-04-20 07:50:45	1	0	15	0
        117224	2026-04-20 07:50:48	1	0	15	0
        110006	2026-04-20 07:50:54	1	0	15	0
        117091	2026-04-20 07:51:00	1	0	15	0
        118829	2026-04-20 07:51:08	1	0	15	0
        110413	2026-04-20 07:51:11	1	0	15	0
        116260	2026-04-20 07:51:15	1	0	15	0
        110513	2026-04-20 07:52:02	1	0	15	0
        117567	2026-04-20 07:52:07	1	0	15	0
        110084	2026-04-20 07:52:30	1	0	15	0
        116763	2026-04-20 07:52:44	1	0	15	0
        110377	2026-04-20 07:53:05	1	0	15	0
        117849	2026-04-20 07:53:15	1	0	15	0
        116805	2026-04-20 07:53:23	1	0	15	0
        110131	2026-04-20 07:54:05	1	0	15	0
        117814	2026-04-20 07:54:19	1	0	15	0
        117542	2026-04-20 07:54:24	1	0	15	0
        117723	2026-04-20 07:55:02	1	0	15	0
        117110	2026-04-20 07:55:04	1	0	15	0
        110105	2026-04-20 07:55:12	1	0	15	0
        116778	2026-04-20 07:55:14	1	0	15	0
        117833	2026-04-20 07:55:17	1	0	15	0
        117981	2026-04-20 07:55:21	1	0	15	0
        110376	2026-04-20 07:55:27	1	0	15	0
        110475	2026-04-20 07:55:41	1	0	15	0
        116748	2026-04-20 07:55:45	1	0	15	0
        110452	2026-04-20 07:56:23	1	0	15	0
        117828	2026-04-20 07:56:25	1	0	15	0
        116747	2026-04-20 07:56:47	1	0	15	0
        110077	2026-04-20 07:56:58	1	0	15	0
        117936	2026-04-20 07:57:02	1	0	15	0
        116073	2026-04-20 07:57:04	1	0	15	0
        118207	2026-04-20 07:57:15	1	0	15	0
        119282	2026-04-20 07:57:23	1	0	15	0
        110447	2026-04-20 07:57:49	1	0	15	0
        116493	2026-04-20 07:57:55	1	0	15	0
        110657	2026-04-20 07:58:00	1	0	15	0
        110200	2026-04-20 07:58:01	1	0	15	0
        117930	2026-04-20 07:58:03	1	0	15	0
        110457	2026-04-20 07:58:06	1	0	15	0
        110436	2026-04-20 07:59:11	1	0	15	0
        118784	2026-04-20 07:59:20	1	0	15	0
        116824	2026-04-20 07:59:59	1	0	15	0
        118580	2026-04-20 08:00:07	1	0	15	0
        117222	2026-04-20 08:00:13	1	0	15	0
        119157	2026-04-20 08:00:21	1	0	15	0
        117642	2026-04-20 08:00:24	1	0	15	0
        119365	2026-04-20 08:00:47	1	0	15	0
        119602	2026-04-20 08:00:54	1	0	15	0
        116166	2026-04-20 08:01:49	1	0	15	0
        116497	2026-04-20 08:03:29	1	0	15	0
        118761	2026-04-20 08:05:07	1	0	15	0
        119386	2026-04-20 08:05:11	1	0	15	0
        118917	2026-04-20 08:06:05	1	0	15	0
        117692	2026-04-20 08:06:16	1	0	15	0
        117926	2026-04-20 08:06:26	1	0	15	0
        116053	2026-04-20 08:06:58	1	0	15	0
        116282	2026-04-20 08:07:12	1	0	15	0
        118584	2026-04-20 08:08:58	1	0	15	0
        118503	2026-04-20 08:09:16	1	0	15	0
        110065	2026-04-20 08:10:33	1	0	15	0
        117043	2026-04-20 08:10:41	1	0	15	0
        116453	2026-04-20 08:10:52	1	0	15	0
        117077	2026-04-20 08:11:18	1	0	15	0
        117790	2026-04-20 08:11:53	1	0	15	0
        117700	2026-04-20 08:12:13	1	0	15	0
        117812	2026-04-20 08:12:27	1	0	15	0
        117085	2026-04-20 08:15:55	1	0	15	0
        116849	2026-04-20 08:16:13	1	0	15	0
        117630	2026-04-20 08:18:18	1	0	15	0
        117100	2026-04-20 08:18:22	1	0	15	0
        117644	2026-04-20 08:22:57	1	0	15	0
        116472	2026-04-20 08:23:45	1	0	15	0
        118971	2026-04-20 08:24:19	1	0	15	0
        119535	2026-04-20 10:55:02	1	0	15	0
        110512	2026-04-20 12:00:07	1	2	15	0
        117224	2026-04-20 12:00:08	1	2	15	0
        110513	2026-04-20 12:00:13	1	2	15	0
        110183	2026-04-20 12:00:15	1	2	15	0
        117733	2026-04-20 12:00:17	1	2	15	0
        116483	2026-04-20 12:00:19	1	2	15	0
        116504	2026-04-20 12:00:23	1	2	15	0
        117201	2026-04-20 12:00:26	1	2	15	0
        117122	2026-04-20 12:00:29	1	2	15	0
        110116	2026-04-20 12:00:30	1	2	15	0
        110514	2026-04-20 12:00:31	1	2	15	0
        117711	2026-04-20 12:00:34	1	2	15	0
        119571	2026-04-20 12:00:36	1	2	15	0
        119453	2026-04-20 12:00:39	1	2	15	0
        110452	2026-04-20 12:01:00	1	2	15	0
        110447	2026-04-20 12:01:02	1	2	15	0
        110430	2026-04-20 12:01:04	1	2	15	0
        110070	2026-04-20 12:01:06	1	2	15	0
        118917	2026-04-20 12:01:08	1	2	15	0
        110436	2026-04-20 12:01:10	1	2	15	0
        116824	2026-04-20 12:01:26	1	2	15	0
        118101	2026-04-20 12:01:48	1	2	15	0
        117812	2026-04-20 12:01:50	1	2	15	0
        117828	2026-04-20 12:01:52	1	2	15	0
        116902	2026-04-20 12:01:53	1	2	15	0
        117814	2026-04-20 12:01:55	1	2	15	0
        110051	2026-04-20 12:01:59	1	2	15	0
        110032	2026-04-20 12:02:02	1	2	15	0
        110418	2026-04-20 12:02:06	1	2	15	0
        110424	2026-04-20 12:02:09	1	2	15	0
        118563	2026-04-20 12:02:11	1	2	15	0
        117926	2026-04-20 12:02:13	1	2	15	0
        110128	2026-04-20 12:02:15	1	2	15	0
        110063	2026-04-20 12:02:18	1	2	15	0
        117930	2026-04-20 12:02:24	1	2	15	0
        117983	2026-04-20 12:02:26	1	2	15	0
        116933	2026-04-20 12:02:28	1	2	15	0
        119535	2026-04-20 12:02:45	1	2	15	0
        117259	2026-04-20 12:02:47	1	2	15	0
        117270	2026-04-20 12:02:50	1	2	15	0
        117833	2026-04-20 12:03:02	1	2	15	0
        110105	2026-04-20 12:03:05	1	2	15	0
        110463	2026-04-20 12:03:30	1	2	15	0
        117147	2026-04-20 12:03:33	1	2	15	0
        110465	2026-04-20 12:03:34	1	2	15	0
        117790	2026-04-20 12:03:39	1	2	15	0
        116933	2026-04-20 12:03:46	1	2	15	0
        117542	2026-04-20 12:04:05	1	2	15	0
        116497	2026-04-20 12:04:07	1	2	15	0
        116072	2026-04-20 12:04:11	1	2	15	0
        116260	2026-04-20 12:04:13	1	2	15	0
        116763	2026-04-20 12:04:16	1	2	15	0
        116747	2026-04-20 12:04:17	1	2	15	0
        119453	2026-04-20 12:04:24	1	2	15	0
        117497	2026-04-20 12:04:29	1	2	15	0
        110055	2026-04-20 12:04:34	1	2	15	0
        118207	2026-04-20 12:04:38	1	2	15	0
        118784	2026-04-20 12:04:39	1	2	15	0
        117224	2026-04-20 12:04:43	1	2	15	0
        117567	2026-04-20 12:04:47	1	2	15	0
        116252	2026-04-20 12:04:49	1	2	15	0
        118970	2026-04-20 12:04:58	1	2	15	0
        117680	2026-04-20 12:05:01	1	2	15	0
        117969	2026-04-20 12:05:03	1	2	15	0
        116282	2026-04-20 12:05:04	1	2	15	0
        117999	2026-04-20 12:05:06	1	2	15	0
        110462	2026-04-20 12:05:09	1	2	15	0
        117814	2026-04-20 12:05:11	1	2	15	0
        117259	2026-04-20 12:05:16	1	2	15	0
        110493	2026-04-20 12:05:21	1	2	15	0
        110657	2026-04-20 12:05:23	1	2	15	0
        110354	2026-04-20 12:05:31	1	2	15	0
        110549	2026-04-20 12:05:45	1	2	15	0
        110430	2026-04-20 12:05:55	1	2	15	0
        117930	2026-04-20 12:06:03	1	2	15	0
        117926	2026-04-20 12:06:06	1	2	15	0
        110200	2026-04-20 12:06:13	1	2	15	0
        117212	2026-04-20 12:06:15	1	2	15	0
        117709	2026-04-20 12:06:17	1	2	15	0
        117849	2026-04-20 12:06:19	1	2	15	0
        116799	2026-04-20 12:06:22	1	2	15	0
        110732	2026-04-20 12:06:25	1	2	15	0
        110580	2026-04-20 12:06:27	1	2	15	0
        110581	2026-04-20 12:06:30	1	2	15	0
        110785	2026-04-20 12:06:31	1	2	15	0
        110088	2026-04-20 12:06:33	1	2	15	0
        110378	2026-04-20 12:06:36	1	2	15	0
        110418	2026-04-20 12:06:45	1	2	15	0
        110424	2026-04-20 12:06:47	1	2	15	0
        110060	2026-04-20 12:06:55	1	2	15	0
        110511	2026-04-20 12:07:00	1	2	15	0
        110510	2026-04-20 12:07:01	1	2	15	0
        110090	2026-04-20 12:07:04	1	2	15	0
        110436	2026-04-20 12:07:08	1	2	15	0
        117711	2026-04-20 12:07:13	1	2	15	0
        117833	2026-04-20 12:07:15	1	2	15	0
        116252	2026-04-20 12:07:17	1	2	15	0
        119263	2026-04-20 12:07:20	1	2	15	0
        117120	2026-04-20 12:07:29	1	2	15	0
        117790	2026-04-20 12:07:31	1	2	15	0
        117046	2026-04-20 12:07:33	1	2	15	0
        116902	2026-04-20 12:07:36	1	2	15	0
        110077	2026-04-20 12:07:38	1	2	15	0
        116282	2026-04-20 12:07:50	1	2	15	0
        119602	2026-04-20 12:07:54	1	2	15	0
        110393	2026-04-20 12:07:57	1	2	15	0
        110413	2026-04-20 12:07:59	1	2	15	0
        117983	2026-04-20 12:08:00	1	2	15	0
        110513	2026-04-20 12:08:01	1	2	15	0
        110514	2026-04-20 12:08:05	1	2	15	0
        110512	2026-04-20 12:08:06	1	2	15	0
        117642	2026-04-20 12:08:09	1	2	15	0
        116260	2026-04-20 12:08:11	1	2	15	0
        118207	2026-04-20 12:08:12	1	2	15	0
        116072	2026-04-20 12:08:15	1	2	15	0
        116497	2026-04-20 12:08:17	1	2	15	0
        117212	2026-04-20 12:08:20	1	2	15	0
        118784	2026-04-20 12:08:21	1	2	15	0
        110105	2026-04-20 12:08:23	1	2	15	0
        118970	2026-04-20 12:08:24	1	2	15	0
        118917	2026-04-20 12:08:28	1	2	15	0
        110376	2026-04-20 12:08:30	1	2	15	0
        110377	2026-04-20 12:08:33	1	2	15	0
        119535	2026-04-20 12:08:35	1	2	15	0
        110200	2026-04-20 12:08:37	1	2	15	0
        119107	2026-04-20 12:08:39	1	2	15	0
        118829	2026-04-20 12:08:42	1	2	15	0
        116451	2026-04-20 12:08:46	1	2	15	0
        117230	2026-04-20 12:08:49	1	2	15	0
        117042	2026-04-20 12:08:51	1	2	15	0
        110421	2026-04-20 12:08:53	1	2	15	0
        118563	2026-04-20 12:08:55	1	2	15	0
        110093	2026-04-20 12:08:58	1	2	15	0
        110354	2026-04-20 12:08:58	1	2	15	0
        117129	2026-04-20 12:09:01	1	2	15	0
        110032	2026-04-20 12:09:03	1	2	15	0
        110090	2026-04-20 12:09:08	1	2	15	0
        110063	2026-04-20 12:09:10	1	2	15	0
        116824	2026-04-20 12:09:27	1	2	15	0
        110356	2026-04-20 12:09:36	1	2	15	0
        110355	2026-04-20 12:09:37	1	2	15	0
        110100	2026-04-20 12:09:40	1	2	15	0
        110632	2026-04-20 12:09:45	1	2	15	0
        117936	2026-04-20 12:09:55	1	2	15	0
        110633	2026-04-20 12:09:58	1	2	15	0
        110195	2026-04-20 12:10:00	1	2	15	0
        110060	2026-04-20 12:10:07	1	2	15	0
        110431	2026-04-20 12:10:16	1	2	15	0
        110465	2026-04-20 12:10:19	1	2	15	0
        110657	2026-04-20 12:10:23	1	2	15	0
        110493	2026-04-20 12:10:27	1	2	15	0
        117705	2026-04-20 12:10:31	1	2	15	0
        110367	2026-04-20 12:10:33	1	2	15	0
        117707	2026-04-20 12:10:35	1	2	15	0
        117497	2026-04-20 12:10:37	1	2	15	0
        110463	2026-04-20 12:10:42	1	2	15	0
        117120	2026-04-20 12:10:49	1	2	15	0
        117046	2026-04-20 12:10:55	1	2	15	0
        117807	2026-04-20 12:11:05	1	2	15	0
        116069	2026-04-20 12:11:08	1	2	15	0
        116070	2026-04-20 12:11:11	1	2	15	0
        117969	2026-04-20 12:11:16	1	2	15	0
        110197	2026-04-20 12:11:20	1	2	15	0
        117635	2026-04-20 12:11:27	1	2	15	0
        117660	2026-04-20 12:11:30	1	2	15	0
        117110	2026-04-20 12:11:33	1	2	15	0
        116053	2026-04-20 12:11:35	1	2	15	0
        117591	2026-04-20 12:11:48	1	2	15	0
        118829	2026-04-20 12:11:51	1	2	15	0
        118750	2026-04-20 12:11:54	1	2	15	0
        116279	2026-04-20 12:12:01	1	2	15	0
        117709	2026-04-20 12:12:09	1	2	15	0
        117849	2026-04-20 12:12:11	1	2	15	0
        118744	2026-04-20 12:12:19	1	2	15	0
        110355	2026-04-20 12:12:22	1	2	15	0
        110356	2026-04-20 12:12:23	1	2	15	0
        110131	2026-04-20 12:12:40	1	2	15	0
        116748	2026-04-20 12:12:43	1	2	15	0
        117100	2026-04-20 12:12:57	1	2	15	0
        110507	2026-04-20 12:13:00	1	2	15	0
        118580	2026-04-20 12:13:03	1	2	15	0
        110084	2026-04-20 12:13:05	1	2	15	0
        117162	2026-04-20 12:13:08	1	2	15	0
        119602	2026-04-20 12:13:10	1	2	15	0
        116070	2026-04-20 12:13:11	1	2	15	0
        116069	2026-04-20 12:13:16	1	2	15	0
        117812	2026-04-20 12:13:20	1	2	15	0
        110088	2026-04-20 12:13:22	1	2	15	0
        117807	2026-04-20 12:13:24	1	2	15	0
        110376	2026-04-20 12:13:26	1	2	15	0
        110377	2026-04-20 12:13:28	1	2	15	0
        116451	2026-04-20 12:13:35	1	2	15	0
        117129	2026-04-20 12:13:37	1	2	15	0
        117230	2026-04-20 12:13:39	1	2	15	0
        117201	2026-04-20 12:13:41	1	2	15	0
        119107	2026-04-20 12:13:56	1	2	15	0
        116383	2026-04-20 12:14:03	1	2	15	0
        110527	2026-04-20 12:14:08	1	2	15	0
        117999	2026-04-20 12:14:17	1	2	15	0
        110393	2026-04-20 12:14:27	1	2	15	0
        117085	2026-04-20 12:14:31	1	2	15	0
        117705	2026-04-20 12:14:35	1	2	15	0
        110367	2026-04-20 12:14:38	1	2	15	0
        117707	2026-04-20 12:14:40	1	2	15	0
        117642	2026-04-20 12:14:56	1	2	15	0
        110413	2026-04-20 12:14:58	1	2	15	0
        117770	2026-04-20 12:15:04	1	2	15	0
        110378	2026-04-20 12:15:13	1	2	15	0
        117042	2026-04-20 12:15:16	1	2	15	0
        116053	2026-04-20 12:15:38	1	2	15	0
        110431	2026-04-20 12:16:06	1	2	15	0
        117110	2026-04-20 12:16:10	1	2	15	0
        117660	2026-04-20 12:16:11	1	2	15	0
        117635	2026-04-20 12:16:13	1	2	15	0
        117567	2026-04-20 12:16:15	1	2	15	0
        110511	2026-04-20 12:16:18	1	2	15	0
        110510	2026-04-20 12:16:20	1	2	15	0
        119282	2026-04-20 12:16:31	1	2	15	0
        110084	2026-04-20 12:16:41	1	2	15	0
        110195	2026-04-20 12:16:43	1	2	15	0
        118580	2026-04-20 12:16:49	1	2	15	0
        110131	2026-04-20 12:16:51	1	2	15	0
        117694	2026-04-20 12:16:57	1	2	15	0
        110466	2026-04-20 12:17:07	1	2	15	0
        118732	2026-04-20 12:17:09	1	2	15	0
        118271	2026-04-20 12:17:10	1	2	15	0
        117770	2026-04-20 12:17:16	1	2	15	0
        117591	2026-04-20 12:17:22	1	2	15	0
        110065	2026-04-20 12:17:28	1	2	15	0
        119157	2026-04-20 12:17:29	1	2	15	0
        119475	2026-04-20 12:17:31	1	2	15	0
        119263	2026-04-20 12:17:38	1	2	15	0
        110100	2026-04-20 12:17:46	1	2	15	0
        117542	2026-04-20 12:17:49	1	2	15	0
        110452	2026-04-20 12:18:01	1	2	15	0
        110462	2026-04-20 12:18:04	1	2	15	0
        118302	2026-04-20 12:18:08	1	2	15	0
        116551	2026-04-20 12:18:14	1	2	15	0
        110632	2026-04-20 12:18:20	1	2	15	0
        117828	2026-04-20 12:18:26	1	2	15	0
        117630	2026-04-20 12:18:31	1	2	15	0
        119157	2026-04-20 12:19:30	1	2	15	0
        117699	2026-04-20 12:19:37	1	2	15	0
        116799	2026-04-20 12:19:47	1	2	15	0
        118702	2026-04-20 12:20:08	1	2	15	0
        117723	2026-04-20 12:20:13	1	2	15	0
        110116	2026-04-20 12:20:46	1	2	15	0
        110475	2026-04-20 12:20:54	1	2	15	0
        117092	2026-04-20 12:21:01	1	2	15	0
        116383	2026-04-20 12:21:11	1	2	15	0
        119386	2026-04-20 12:21:27	1	2	15	0
        110447	2026-04-20 12:21:33	1	2	15	0
        117680	2026-04-20 12:21:38	1	2	15	0
        118750	2026-04-20 12:21:53	1	2	15	0
        110527	2026-04-20 12:22:01	1	2	15	0
        117487	2026-04-20 12:22:05	1	2	15	0
        110785	2026-04-20 12:22:14	1	2	15	0
        116142	2026-04-20 12:22:20	1	2	15	0
        117122	2026-04-20 12:22:21	1	2	15	0
        119475	2026-04-20 12:22:33	1	2	15	0
        110065	2026-04-20 12:22:36	1	2	15	0
        110053	2026-04-20 12:22:38	1	2	15	0
        118101	2026-04-20 12:22:44	1	2	15	0
        110128	2026-04-20 12:22:51	1	2	15	0
        117716	2026-04-20 12:22:59	1	2	15	0
        117700	2026-04-20 12:23:05	1	2	15	0
        110070	2026-04-20 12:23:26	1	2	15	0
        116428	2026-04-20 12:23:31	1	2	15	0
        118761	2026-04-20 12:23:33	1	2	15	0
        117982	2026-04-20 12:24:05	1	2	15	0
        117921	2026-04-20 12:24:08	1	2	15	0
        117692	2026-04-20 12:24:20	1	2	15	0
        117043	2026-04-20 12:24:26	1	2	15	0
        110006	2026-04-20 12:24:33	1	2	15	0
        110077	2026-04-20 12:24:46	1	2	15	0
        116933	2026-04-20 12:24:56	1	2	15	0
        118221	2026-04-20 12:25:00	1	2	15	0
        110466	2026-04-20 12:25:02	1	2	15	0
        118271	2026-04-20 12:25:03	1	2	15	0
        118732	2026-04-20 12:25:05	1	2	15	0
        117156	2026-04-20 12:25:11	1	2	15	0
        116496	2026-04-20 12:25:13	1	2	15	0
        117092	2026-04-20 12:25:16	1	2	15	0
        117121	2026-04-20 12:25:19	1	2	15	0
        118782	2026-04-20 12:25:20	1	2	15	0
        117692	2026-04-20 12:25:38	1	2	15	0
        118302	2026-04-20 12:25:47	1	2	15	0
        118702	2026-04-20 12:25:50	1	2	15	0
        117723	2026-04-20 12:25:52	1	2	15	0
        119104	2026-04-20 12:26:41	1	2	15	0
        118584	2026-04-20 12:26:58	1	2	15	0
        110549	2026-04-20 12:27:10	1	2	15	0
        117270	2026-04-20 12:27:22	1	2	15	0
        117147	2026-04-20 12:27:27	1	2	15	0
        117487	2026-04-20 12:27:32	1	2	15	0
        117085	2026-04-20 12:27:42	1	2	15	0
        119282	2026-04-20 12:27:47	1	2	15	0
        117700	2026-04-20 12:27:52	1	2	15	0
        118744	2026-04-20 12:27:59	1	2	15	0
        116453	2026-04-20 12:28:03	1	2	15	0
        117924	2026-04-20 12:28:08	1	2	15	0
        110006	2026-04-20 12:28:13	1	2	15	0
        117043	2026-04-20 12:28:19	1	2	15	0
        110053	2026-04-20 12:28:25	1	2	15	0
        110507	2026-04-20 12:28:29	1	2	15	0
        110581	2026-04-20 12:28:35	1	2	15	0
        110580	2026-04-20 12:28:37	1	2	15	0
        110732	2026-04-20 12:28:39	1	2	15	0
        117921	2026-04-20 12:28:53	1	2	15	0
        117982	2026-04-20 12:28:54	1	2	15	0
        116142	2026-04-20 12:28:58	1	2	15	0
        110093	2026-04-20 12:29:03	1	2	15	0
        116537	2026-04-20 12:29:15	1	2	15	0
        119340	2026-04-20 12:29:17	1	2	15	0
        117699	2026-04-20 12:29:20	1	2	15	0
        116337	2026-04-20 12:29:27	1	2	15	0
        117077	2026-04-20 12:29:31	1	2	15	0
        117162	2026-04-20 12:29:49	1	2	15	0
        110357	2026-04-20 12:29:58	1	2	15	0
        110456	2026-04-20 12:30:02	1	2	15	0
        117113	2026-04-20 12:30:37	1	3	15	0
        117133	2026-04-20 12:30:41	1	3	15	0
        110085	2026-04-20 12:30:43	1	3	15	0
        118503	2026-04-20 12:30:47	1	3	15	0
        118753	2026-04-20 12:30:50	1	3	15	0
        118867	2026-04-20 12:30:52	1	3	15	0
        116493	2026-04-20 12:30:55	1	3	15	0
        110055	2026-04-20 12:30:58	1	3	15	0
        119365	2026-04-20 12:31:00	1	3	15	0
        119104	2026-04-20 12:31:03	1	3	15	0
        117692	2026-04-20 12:31:05	1	3	15	0
        118761	2026-04-20 12:31:06	1	3	15	0
        116778	2026-04-20 12:31:08	1	3	15	0
        117100	2026-04-20 12:31:10	1	3	15	0
        117121	2026-04-20 12:31:14	1	3	15	0
        118782	2026-04-20 12:31:16	1	3	15	0
        119386	2026-04-20 12:31:19	1	3	15	0
        117630	2026-04-20 12:31:20	1	3	15	0
        118221	2026-04-20 12:31:22	1	3	15	0
        117077	2026-04-20 12:32:35	1	3	15	0
        116337	2026-04-20 12:32:38	1	3	15	0
        116537	2026-04-20 12:32:41	1	3	15	0
        119340	2026-04-20 12:32:46	1	3	15	0
        118584	2026-04-20 12:32:51	1	3	15	0
        116493	2026-04-20 12:33:28	1	3	15	0
        117156	2026-04-20 12:33:31	1	3	15	0
        118503	2026-04-20 12:33:35	1	3	15	0
        116849	2026-04-20 12:33:42	1	3	15	0
        119365	2026-04-20 12:33:44	1	3	15	0
        116778	2026-04-20 12:33:48	1	3	15	0
        118753	2026-04-20 12:33:50	1	3	15	0
        118867	2026-04-20 12:33:56	1	3	15	0
        117716	2026-04-20 12:34:01	1	3	15	0
        116453	2026-04-20 12:34:05	1	3	15	0
        117528	2026-04-20 12:34:11	1	3	15	0
        117222	2026-04-20 12:34:14	1	3	15	0
        110421	2026-04-20 12:34:16	1	3	15	0
        117133	2026-04-20 12:34:18	1	3	15	0
        117114	2026-04-20 12:34:53	1	3	15	0
        116747	2026-04-20 12:34:55	1	3	15	0
        116763	2026-04-20 12:34:57	1	3	15	0
        116472	2026-04-20 12:34:59	1	3	15	0
        116073	2026-04-20 12:35:02	1	3	15	0
        116166	2026-04-20 12:35:27	1	3	15	0
        116849	2026-04-20 12:36:51	1	3	15	0
        110357	2026-04-20 12:37:15	1	3	15	0
        110456	2026-04-20 12:37:18	1	3	15	0
        118971	2026-04-20 12:37:20	1	3	15	0
        118695	2026-04-20 12:37:26	1	3	15	0
        117103	2026-04-20 12:37:33	1	3	15	0
        116472	2026-04-20 12:37:35	1	3	15	0
        116747	2026-04-20 12:37:37	1	3	15	0
        116496	2026-04-20 12:37:40	1	3	15	0
        116512	2026-04-20 12:37:59	1	3	15	0
        116751	2026-04-20 12:38:01	1	3	15	0
        117936	2026-04-20 12:38:07	1	3	15	0
        117222	2026-04-20 12:39:11	1	3	15	0
        117528	2026-04-20 12:39:15	1	3	15	0
        116748	2026-04-20 12:39:30	1	3	15	0
        118695	2026-04-20 12:39:43	1	3	15	0
        117103	2026-04-20 12:40:03	1	3	15	0
        110197	2026-04-20 12:40:29	1	3	15	0
        117694	2026-04-20 12:40:32	1	3	15	0
        117114	2026-04-20 12:41:35	1	3	15	0
        116483	2026-04-20 12:41:52	1	3	15	0
        116504	2026-04-20 12:41:55	1	3	15	0
        119571	2026-04-20 12:44:12	1	3	15	0
        118180	2026-04-20 12:44:37	1	3	15	0
        110183	2026-04-20 12:45:35	1	3	15	0
        118971	2026-04-20 12:45:56	1	3	15	0
        117337	2026-04-20 12:47:32	1	3	15	0
        117733	2026-04-20 12:47:57	1	3	15	0
        116828	2026-04-20 12:48:34	1	3	1	0
        117644	2026-04-20 12:48:40	1	3	15	0
        117993	2026-04-20 12:48:43	1	3	15	0
        110083	2026-04-20 12:49:49	1	3	15	0
        110025	2026-04-20 12:50:05	1	3	15	0
        117212	2026-04-20 12:50:44	1	3	15	0
        110475	2026-04-20 12:51:09	1	3	15	0
        110062	2026-04-20 12:51:14	1	3	15	0
        116805	2026-04-20 12:51:20	1	3	15	0
        118369	2026-04-20 12:51:24	1	3	15	0
        116356	2026-04-20 12:51:28	1	3	15	0
        117981	2026-04-20 12:51:31	1	3	15	0
        110457	2026-04-20 12:51:33	1	3	15	0
        116166	2026-04-20 12:51:47	1	3	15	0
        116441	2026-04-20 12:52:00	1	3	15	0
        117113	2026-04-20 12:52:05	1	3	15	0
        110083	2026-04-20 12:52:42	1	3	15	0
        110074	2026-04-20 12:54:04	1	3	15	0
        119070	2026-04-20 12:54:09	1	3	15	0
        118455	2026-04-20 12:54:12	1	3	15	0
        117924	2026-04-20 12:54:15	1	3	15	0
        110057	2026-04-20 12:54:21	1	3	15	0
        119364	2026-04-20 12:54:24	1	3	15	0
        117981	2026-04-20 12:54:42	1	3	15	0
        116356	2026-04-20 12:54:44	1	3	15	0
        118369	2026-04-20 12:54:50	1	3	15	0
        116805	2026-04-20 12:54:54	1	3	15	0
        110457	2026-04-20 12:54:57	1	3	15	0
        110062	2026-04-20 12:55:12	1	3	15	0
        110025	2026-04-20 12:55:14	1	3	15	0
        117595	2026-04-20 12:55:42	1	3	15	0
        116828	2026-04-20 12:55:48	1	3	1	0
        117644	2026-04-20 12:55:58	1	3	15	0
        118180	2026-04-20 12:56:02	1	3	15	0
        117993	2026-04-20 12:56:05	1	3	15	0
        110085	2026-04-20 12:58:55	1	3	15	0
        116751	2026-04-20 12:58:59	1	3	15	0
        119070	2026-04-20 12:59:05	1	3	15	0
        116512	2026-04-20 12:59:09	1	3	15	0
        118455	2026-04-20 12:59:11	1	3	15	0
        110057	2026-04-20 12:59:12	1	3	15	0
        119364	2026-04-20 12:59:20	1	3	15	0
        110074	2026-04-20 12:59:23	1	3	15	0
        117595	2026-04-20 12:59:39	1	3	15	0
        110495	2026-04-20 12:59:47	1	3	15	0
        116073	2026-04-20 13:01:13	1	3	15	0
        117529	2026-04-20 13:01:27	1	3	15	0
        117091	2026-04-20 13:03:34	1	3	15	0
        117635	2026-04-20 16:21:53	1	1	15	0
        119602	2026-04-20 16:59:48	1	1	15	0
        119365	2026-04-20 17:01:06	1	1	15	0
        117133	2026-04-20 17:01:08	1	1	15	0
        116337	2026-04-20 17:01:10	1	1	15	0
        118207	2026-04-20 17:01:30	1	1	15	0
        118180	2026-04-20 17:01:44	1	1	15	0
        118503	2026-04-20 17:01:54	1	1	15	0
        119475	2026-04-20 17:02:01	1	1	15	0
        117043	2026-04-20 17:02:20	1	1	15	0
        116902	2026-04-20 17:02:24	1	1	15	0
        117790	2026-04-20 17:02:26	1	1	15	0
        117222	2026-04-20 17:02:29	1	1	15	0
        110421	2026-04-20 17:02:46	1	1	15	0
        110462	2026-04-20 17:03:13	1	1	15	0
        110511	2026-04-20 17:03:58	1	1	15	0
        119340	2026-04-20 17:04:05	1	1	15	0
        116472	2026-04-20 17:04:06	1	1	15	0
        116279	2026-04-20 17:04:09	1	1	15	0
        110785	2026-04-20 17:04:10	1	1	15	0
        116282	2026-04-20 17:04:23	1	1	15	0
        116496	2026-04-20 17:04:24	1	1	15	0
        116747	2026-04-20 17:04:56	1	1	15	0
        116763	2026-04-20 17:04:59	1	1	15	0
        110377	2026-04-20 17:05:01	1	1	15	0
        110376	2026-04-20 17:05:04	1	1	15	0
        117224	2026-04-20 17:05:06	1	1	15	0
        117983	2026-04-20 17:05:08	1	1	15	0
        110418	2026-04-20 17:05:09	1	1	15	0
        119263	2026-04-20 17:05:11	1	1	15	0
        110355	2026-04-20 17:05:14	1	1	15	0
        117770	2026-04-20 17:05:16	1	1	15	0
        118101	2026-04-20 17:05:26	1	1	15	0
        117828	2026-04-20 17:05:28	1	1	15	0
        110510	2026-04-20 17:05:34	1	1	15	0
        110447	2026-04-20 17:05:37	1	1	15	0
        110195	2026-04-20 17:05:56	1	1	15	0
        110465	2026-04-20 17:06:16	1	1	15	0
        116493	2026-04-20 17:06:23	1	1	15	0
        117122	2026-04-20 17:06:25	1	1	15	0
        118750	2026-04-20 17:06:29	1	1	15	0
        117567	2026-04-20 17:06:34	1	1	15	0
        116451	2026-04-20 17:06:40	1	1	15	0
        117833	2026-04-20 17:06:42	1	1	15	0
        117042	2026-04-20 17:06:44	1	1	15	0
        110549	2026-04-20 17:06:55	1	1	15	0
        110070	2026-04-20 17:06:59	1	1	15	0
        110452	2026-04-20 17:07:03	1	1	15	0
        110657	2026-04-20 17:07:33	1	1	15	0
        117812	2026-04-20 17:07:58	1	1	15	0
        110354	2026-04-20 17:08:09	1	1	15	0
        110065	2026-04-20 17:08:15	1	1	15	0
        110466	2026-04-20 17:08:17	1	1	15	0
        117711	2026-04-20 17:08:20	1	1	15	0
        117230	2026-04-20 17:08:24	1	1	15	0
        118732	2026-04-20 17:08:26	1	1	15	0
        117692	2026-04-20 17:08:28	1	1	15	0
        116778	2026-04-20 17:08:31	1	1	15	0
        116252	2026-04-20 17:08:48	1	1	15	0
        116070	2026-04-20 17:08:54	1	1	1	0
        117733	2026-04-20 17:09:08	1	1	15	0
        118971	2026-04-20 17:09:10	1	1	15	0
        117982	2026-04-20 17:09:13	1	1	15	0
        119453	2026-04-20 17:09:14	1	1	15	0
        116512	2026-04-20 17:09:18	1	1	15	0
        116073	2026-04-20 17:09:23	1	1	15	0
        117921	2026-04-20 17:09:32	1	1	15	0
        118761	2026-04-20 17:09:38	1	1	15	0
        116751	2026-04-20 17:09:42	1	1	15	0
        110084	2026-04-20 17:10:11	1	1	15	0
        110356	2026-04-20 17:10:14	1	1	15	0
        110197	2026-04-20 17:10:26	1	1	15	0
        110424	2026-04-20 17:10:28	1	1	15	0
        117201	2026-04-20 17:10:37	1	1	15	0
        116828	2026-04-20 17:10:42	1	1	1	0
        119535	2026-04-20 17:10:48	1	1	15	0
        119070	2026-04-20 17:10:53	1	1	15	0
        116072	2026-04-20 17:10:56	1	1	15	0
        116483	2026-04-20 17:10:58	1	1	15	0
        116504	2026-04-20 17:11:02	1	1	15	0
        118455	2026-04-20 17:11:04	1	1	15	0
        110632	2026-04-20 17:11:06	1	1	15	0
        117680	2026-04-20 17:11:11	1	1	15	0
        117497	2026-04-20 17:11:15	1	1	15	0
        110463	2026-04-20 17:11:20	1	1	15	0
        116799	2026-04-20 17:12:02	1	1	15	0
        110633	2026-04-20 17:12:08	1	1	15	0
        110493	2026-04-20 17:12:17	1	1	15	0
        110457	2026-04-20 17:12:23	1	1	15	0
        110495	2026-04-20 17:12:25	1	1	15	0
        116497	2026-04-20 17:12:26	1	1	15	0
        117103	2026-04-20 17:12:30	1	1	15	0
        110513	2026-04-20 17:12:40	1	1	15	0
        118580	2026-04-20 17:12:47	1	1	15	0
        116824	2026-04-20 17:12:47	1	1	15	0
        117120	2026-04-20 17:13:02	1	1	15	0
        117969	2026-04-20 17:13:06	1	1	15	0
        117849	2026-04-20 17:13:07	1	1	15	0
        110393	2026-04-20 17:13:10	1	1	15	0
        110413	2026-04-20 17:13:12	1	1	15	0
        117642	2026-04-20 17:13:15	1	1	15	0
        117930	2026-04-20 17:13:20	1	1	15	0
        117129	2026-04-20 17:13:29	1	1	15	0
        110527	2026-04-20 17:13:58	1	1	15	0
        110431	2026-04-20 17:14:03	1	1	15	0
        110367	2026-04-20 17:14:11	1	1	15	0
        117705	2026-04-20 17:14:16	1	1	15	0
        118271	2026-04-20 17:14:29	1	1	15	0
        116453	2026-04-20 17:14:32	1	1	15	0
        117121	2026-04-20 17:15:05	1	1	15	0
        119386	2026-04-20 17:15:10	1	1	15	0
        117644	2026-04-20 17:15:20	1	1	15	0
        110131	2026-04-20 17:15:39	1	1	15	0
        119157	2026-04-20 17:16:14	1	1	15	0
        110475	2026-04-20 17:16:54	1	1	15	0
        110100	2026-04-20 17:16:58	1	1	15	0
        119571	2026-04-20 17:17:10	1	1	15	0
        116053	2026-04-20 17:17:28	1	1	15	0
        117110	2026-04-20 17:17:32	1	1	15	0
        117660	2026-04-20 17:17:36	1	1	15	0
        117114	2026-04-20 17:17:43	1	1	15	0
        118584	2026-04-20 17:17:45	1	1	15	0
        117924	2026-04-20 17:18:01	1	1	15	0
        116849	2026-04-20 17:18:16	1	1	15	0
        110116	2026-04-20 17:18:31	1	1	15	0
        110085	2026-04-20 17:18:44	1	1	15	0
        110077	2026-04-20 17:18:50	1	1	15	0
        110128	2026-04-20 17:18:54	1	1	15	0
        117113	2026-04-20 17:18:59	1	1	15	0
        110456	2026-04-20 17:19:01	1	1	15	0
        110357	2026-04-20 17:19:02	1	1	15	0
        110105	2026-04-20 17:19:07	1	1	15	0
        118829	2026-04-20 17:19:16	1	1	15	0
        117926	2026-04-20 17:19:21	1	1	15	0
        110507	2026-04-20 17:19:31	1	1	15	0
        116142	2026-04-20 17:19:39	1	1	15	0
        117630	2026-04-20 17:20:09	1	1	15	0
        118302	2026-04-20 17:20:19	1	1	15	0
        117529	2026-04-20 17:20:26	1	1	15	0
        117591	2026-04-20 17:20:44	1	1	15	0
        110732	2026-04-20 17:20:55	1	1	15	0
        110581	2026-04-20 17:20:59	1	1	15	0
        110580	2026-04-20 17:21:03	1	1	15	0
        110436	2026-04-20 17:21:33	1	1	15	0
        117528	2026-04-20 17:21:56	1	1	15	0
        110357	2026-04-20 17:22:14	1	1	15	0
        117814	2026-04-20 17:22:19	1	1	15	0
        116383	2026-04-20 17:22:21	1	1	15	0
        119494	2026-04-20 17:22:57	1	1	15	0
        117114	2026-04-20 17:23:27	1	1	15	0
        117092	2026-04-20 17:23:32	1	1	15	0
        117921	2026-04-20 17:23:56	1	1	15	0
        110090	2026-04-20 17:24:02	1	1	15	0
        117156	2026-04-20 17:24:04	1	1	15	0
        110083	2026-04-20 17:24:13	1	1	15	0
        110090	2026-04-20 17:25:22	1	1	15	0
        117694	2026-04-20 17:25:32	1	1	15	0
        116537	2026-04-20 17:25:48	1	1	15	0
        117707	2026-04-20 17:25:50	1	1	15	0
        110006	2026-04-20 17:26:12	1	1	15	0
        110050	2026-04-20 17:26:17	1	1	15	0
        110025	2026-04-20 17:26:20	1	1	15	0
        117259	2026-04-20 17:26:44	1	1	15	0
        117716	2026-04-20 17:27:00	1	1	15	0
        117999	2026-04-20 17:27:23	1	1	15	0
        116356	2026-04-20 17:27:27	1	1	15	0
        116990	2026-04-20 17:27:37	1	1	15	0
        117936	2026-04-20 17:27:40	1	1	15	0
        110093	2026-04-20 17:28:16	1	1	15	0
        110088	2026-04-20 17:28:25	1	1	15	0
        110200	2026-04-20 17:28:45	1	1	15	0
        116428	2026-04-20 17:28:52	1	1	15	0
        119364	2026-04-20 17:28:57	1	1	15	0
        116069	2026-04-20 17:29:02	1	1	15	0
        117212	2026-04-20 17:29:40	1	1	15	0
        118221	2026-04-20 17:29:51	1	1	15	0
        117700	2026-04-20 17:30:21	1	1	15	0
        116166	2026-04-20 17:31:42	1	1	15	0
        117723	2026-04-20 17:32:06	1	1	15	0
        116748	2026-04-20 17:33:17	1	1	15	0
        117100	2026-04-20 17:33:23	1	1	15	0
        118744	2026-04-20 17:37:21	1	1	15	0
        117699	2026-04-20 17:37:24	1	1	15	0
        117542	2026-04-20 17:37:26	1	1	15	0
        116933	2026-04-20 17:37:30	1	1	15	0
        117709	2026-04-20 17:38:31	1	1	15	0
        110514	2026-04-20 17:41:43	1	1	15	0
        110512	2026-04-20 17:41:47	1	1	15	0
        110183	2026-04-20 17:41:49	1	1	15	0
        116260	2026-04-20 17:41:52	1	1	15	0
        117981	2026-04-20 17:43:00	1	1	15	0
        116805	2026-04-20 17:43:08	1	1	15	0
        118369	2026-04-20 17:43:18	1	1	15	0
        110074	2026-04-20 17:43:25	1	1	15	0
        110057	2026-04-20 17:44:02	1	1	15	0
        119104	2026-04-20 17:46:42	1	1	15	0
        110063	2026-04-20 17:49:24	1	1	15	0
        117046	2026-04-20 17:51:20	1	1	15	0
        117595	2026-04-20 17:52:07	1	1	15	0
        118753	2026-04-20 17:54:29	1	1	15	0
        117487	2026-04-20 17:54:52	1	1	15	0
        117046	2026-04-20 17:55:05	1	1	15	0
        118702	2026-04-20 17:56:12	1	1	15	0
        110378	2026-04-20 17:56:16	1	1	15	0
        117270	2026-04-20 17:56:18	1	1	15	0
        117162	2026-04-20 17:56:51	1	1	15	0
        117993	2026-04-20 17:58:04	1	1	15	0
        118867	2026-04-20 17:59:12	1	1	15	0
        119282	2026-04-20 17:59:19	1	1	15	0
        117807	2026-04-20 18:00:55	1	1	15	0
        118563	2026-04-20 18:07:05	1	1	15	0
        110053	2026-04-20 18:07:20	1	1	15	0
        110062	2026-04-20 18:09:12	1	1	15	0
        119107	2026-04-20 18:27:11	1	1	15	0
        118782	2026-04-20 18:27:22	1	1	15	0
        117085	2026-04-20 18:46:38	1	1	15	0
        117091	2026-04-20 18:46:44	1	1	15	0
        117147	2026-04-20 18:46:46	1	1	15	0
        110032	2026-04-20 18:59:38	1	1	15	0
        110055	2026-04-20 19:02:07	1	1	15	0
        118695	2026-04-20 20:07:11	1	1	15	0
        117337	2026-04-20 20:07:13	1	1	15	0
        119571	2026-04-21 03:42:51	1	0	15	0
        117201	2026-04-21 05:14:54	1	0	15	0
        116831	2026-04-21 05:49:45	1	0	15	0
        116453	2026-04-21 05:58:40	1	0	15	0
        117077	2026-04-21 06:00:40	1	0	15	0
        116835	2026-04-21 06:25:09	1	0	15	0
        110580	2026-04-21 06:36:52	1	0	15	0
        119070	2026-04-21 06:37:09	1	0	15	0
        110581	2026-04-21 06:43:52	1	0	15	0
        118750	2026-04-21 06:46:51	1	0	15	0
        110549	2026-04-21 06:55:56	1	0	15	0
        110074	2026-04-21 06:56:50	1	0	15	0
        117716	2026-04-21 07:00:31	1	0	15	0
        110432	2026-04-21 07:00:42	1	0	15	0
        117129	2026-04-21 07:04:51	1	0	15	0
        118970	2026-04-21 07:07:04	1	0	15	0
        110632	2026-04-21 07:08:04	1	0	15	0
        119365	2026-04-21 07:11:17	1	0	15	0
        110510	2026-04-21 07:13:42	1	0	15	0
        119475	2026-04-21 07:13:50	1	0	15	0
        118101	2026-04-21 07:14:09	1	0	15	0
        110393	2026-04-21 07:14:28	1	0	15	0
        117982	2026-04-21 07:15:39	1	0	15	0
        110466	2026-04-21 07:18:22	1	0	15	0
        110785	2026-04-21 07:19:49	1	0	15	0
        110424	2026-04-21 07:19:53	1	0	15	0
        117969	2026-04-21 07:20:28	1	0	15	0
        110430	2026-04-21 07:21:40	1	0	15	0
        116142	2026-04-21 07:24:51	1	0	15	0
        110495	2026-04-21 07:25:13	1	0	15	0
        116274	2026-04-21 07:26:01	1	0	15	0
        116741	2026-04-21 07:26:17	1	0	15	0
        118593	2026-04-21 07:26:19	1	0	15	0
        110088	2026-04-21 07:26:24	1	0	15	0
        110357	2026-04-21 07:26:43	1	0	15	0
        119263	2026-04-21 07:26:54	1	0	15	0
        110485	2026-04-21 07:27:00	1	0	15	0
        116537	2026-04-21 07:27:52	1	0	15	0
        110512	2026-04-21 07:27:58	1	0	15	0
        118695	2026-04-21 07:28:32	1	0	15	0
        116902	2026-04-21 07:28:43	1	0	15	0
        110051	2026-04-21 07:28:48	1	0	15	0
        119340	2026-04-21 07:29:00	1	0	15	0
        110511	2026-04-21 07:29:34	1	0	15	0
        116337	2026-04-21 07:29:50	1	0	15	0
        110372	2026-04-21 07:29:58	1	0	15	0
        118043	2026-04-21 07:30:12	1	0	15	0
        110462	2026-04-21 07:30:34	1	0	15	0
        117709	2026-04-21 07:30:42	1	0	15	0
        110732	2026-04-21 07:30:50	1	0	15	0
        110527	2026-04-21 07:31:18	1	0	15	0
        110085	2026-04-21 07:31:21	1	0	15	0
        117133	2026-04-21 07:32:00	1	0	15	0
        117147	2026-04-21 07:33:31	1	0	15	0
        116497	2026-04-21 07:33:49	1	0	15	0
        110473	2026-04-21 07:33:57	1	0	15	0
        117705	2026-04-21 07:34:39	1	0	15	0
        118829	2026-04-21 07:35:29	1	0	15	0
        110463	2026-04-21 07:35:35	1	0	15	0
        116763	2026-04-21 07:35:39	1	0	15	0
        117088	2026-04-21 07:36:03	1	0	15	0
        110465	2026-04-21 07:36:29	1	0	15	0
        116828	2026-04-21 07:36:33	1	0	1	0
        119157	2026-04-21 07:36:58	1	0	15	0
        116483	2026-04-21 07:37:17	1	0	15	0
        118455	2026-04-21 07:37:19	1	0	15	0
        116073	2026-04-21 07:37:22	1	0	15	0
        117680	2026-04-21 07:38:18	1	0	15	0
        110032	2026-04-21 07:38:33	1	0	15	0
        110457	2026-04-21 07:38:41	1	0	15	0
        119494	2026-04-21 07:38:48	1	0	15	0
        110053	2026-04-21 07:39:07	1	0	15	0
        110062	2026-04-21 07:39:08	1	0	15	0
        117113	2026-04-21 07:39:11	1	0	15	0
        119364	2026-04-21 07:39:13	1	0	15	0
        118744	2026-04-21 07:39:17	1	0	15	0
        117694	2026-04-21 07:39:26	1	0	15	0
        110355	2026-04-21 07:39:32	1	0	15	0
        119107	2026-04-21 07:40:01	1	0	15	0
        117103	2026-04-21 07:40:03	1	0	15	0
        117092	2026-04-21 07:40:21	1	0	15	0
        116504	2026-04-21 07:40:25	1	0	15	0
        117230	2026-04-21 07:40:59	1	0	15	0
        110083	2026-04-21 07:41:06	1	0	15	0
        117259	2026-04-21 07:41:15	1	0	15	0
        110063	2026-04-21 07:41:33	1	0	15	0
        110057	2026-04-21 07:41:37	1	0	15	0
        117111	2026-04-21 07:41:50	1	0	15	0
        119535	2026-04-21 07:41:53	1	0	15	0
        110070	2026-04-21 07:41:57	1	0	15	0
        119104	2026-04-21 07:42:07	1	0	15	0
        117270	2026-04-21 07:42:15	1	0	15	0
        118732	2026-04-21 07:43:05	1	0	15	0
        116451	2026-04-21 07:43:25	1	0	15	0
        117042	2026-04-21 07:43:29	1	0	15	0
        110493	2026-04-21 07:43:58	1	0	15	0
        110198	2026-04-21 07:44:10	1	0	15	0
        116383	2026-04-21 07:44:14	1	0	15	0
        117122	2026-04-21 07:44:35	1	0	15	0
        110456	2026-04-21 07:44:38	1	0	15	0
        110447	2026-04-21 07:44:49	1	0	15	0
        110431	2026-04-21 07:44:53	1	0	15	0
        117635	2026-04-21 07:44:58	1	0	15	0
        110065	2026-04-21 07:45:45	1	0	15	0
        110116	2026-04-21 07:45:50	1	0	15	0
        117983	2026-04-21 07:45:53	1	0	15	0
        118369	2026-04-21 07:45:56	1	0	15	0
        118563	2026-04-21 07:46:51	1	0	15	0
        117224	2026-04-21 07:47:17	1	0	15	0
        117487	2026-04-21 07:47:32	1	0	15	0
        110514	2026-04-21 07:47:35	1	0	15	0
        116496	2026-04-21 07:47:48	1	0	15	0
        110090	2026-04-21 07:47:49	1	0	15	0
        110507	2026-04-21 07:47:55	1	0	15	0
        110413	2026-04-21 07:48:25	1	0	15	0
        117497	2026-04-21 07:48:41	1	0	15	0
        119453	2026-04-21 07:48:47	1	0	15	0
        110378	2026-04-21 07:48:52	1	0	15	0
        117700	2026-04-21 07:49:25	1	0	15	0
        117528	2026-04-21 07:49:33	1	0	15	0
        117110	2026-04-21 07:49:44	1	0	15	0
        110475	2026-04-21 07:49:58	1	0	15	0
        116252	2026-04-21 07:50:04	1	0	15	0
        116748	2026-04-21 07:50:16	1	0	15	0
        116279	2026-04-21 07:50:50	1	0	15	0
        117707	2026-04-21 07:50:54	1	0	15	0
        117091	2026-04-21 07:51:34	1	0	15	0
        116260	2026-04-21 07:51:37	1	0	15	0
        116551	2026-04-21 07:51:47	1	0	15	0
        110418	2026-04-21 07:51:52	1	0	15	0
        110006	2026-04-21 07:51:59	1	0	15	0
        118971	2026-04-21 07:52:11	1	0	15	0
        117921	2026-04-21 07:52:15	1	0	15	0
        110421	2026-04-21 07:52:37	1	0	15	0
        116493	2026-04-21 07:52:41	1	0	15	0
        116356	2026-04-21 07:52:50	1	0	15	0
        117591	2026-04-21 07:52:54	1	0	15	0
        110077	2026-04-21 07:52:57	1	0	15	0
        116428	2026-04-21 07:53:01	1	0	15	0
        117114	2026-04-21 07:53:05	1	0	15	0
        110377	2026-04-21 07:53:16	1	0	15	0
        118753	2026-04-21 07:53:24	1	0	15	0
        119386	2026-04-21 07:53:27	1	0	15	0
        117121	2026-04-21 07:53:45	1	0	15	0
        117711	2026-04-21 07:53:48	1	0	15	0
        117660	2026-04-21 07:53:51	1	0	15	0
        110060	2026-04-21 07:54:01	1	0	15	0
        117692	2026-04-21 07:54:13	1	0	15	0
        116747	2026-04-21 07:54:39	1	0	15	0
        110376	2026-04-21 07:54:57	1	0	15	0
        117790	2026-04-21 07:55:00	1	0	15	0
        117828	2026-04-21 07:55:06	1	0	15	0
        117936	2026-04-21 07:55:15	1	0	15	0
        116933	2026-04-21 07:55:19	1	0	15	0
        117542	2026-04-21 07:55:33	1	0	15	0
        110513	2026-04-21 07:55:39	1	0	15	0
        110183	2026-04-21 07:55:58	1	0	15	0
        117833	2026-04-21 07:56:16	1	0	15	0
        110193	2026-04-21 07:56:24	1	0	15	0
        116778	2026-04-21 07:56:30	1	0	15	0
        110506	2026-04-21 07:56:34	1	0	15	0
        118207	2026-04-21 07:56:36	1	0	15	0
        110354	2026-04-21 07:56:43	1	0	15	0
        110025	2026-04-21 07:57:06	1	0	15	0
        110100	2026-04-21 07:57:11	1	0	15	0
        117085	2026-04-21 07:57:19	1	0	15	0
        117630	2026-04-21 07:57:22	1	0	15	0
        116805	2026-04-21 07:57:26	1	0	15	0
        110197	2026-04-21 07:57:29	1	0	15	0
        117930	2026-04-21 07:57:39	1	0	15	0
        117924	2026-04-21 07:57:47	1	0	15	0
        117039	2026-04-21 07:58:09	1	0	15	0
        117567	2026-04-21 07:58:22	1	0	15	0
        116441	2026-04-21 07:58:53	1	0	15	0
        110195	2026-04-21 07:59:01	1	0	15	0
        117337	2026-04-21 07:59:08	1	0	15	0
        110452	2026-04-21 07:59:20	1	0	15	0
        116472	2026-04-21 07:59:38	1	0	15	0
        116282	2026-04-21 07:59:42	1	0	15	0
        116751	2026-04-21 07:59:48	1	0	15	0
        110105	2026-04-21 07:59:50	1	0	15	0
        110128	2026-04-21 07:59:59	1	0	15	0
        118302	2026-04-21 08:00:05	1	0	15	0
        118782	2026-04-21 08:00:08	1	0	15	0
        117926	2026-04-21 08:00:12	1	0	15	0
        116512	2026-04-21 08:00:18	1	0	15	0
        110131	2026-04-21 08:00:19	1	0	15	0
        118458	2026-04-21 08:00:28	1	0	15	0
        119602	2026-04-21 08:01:10	1	0	15	0
        116053	2026-04-21 08:01:50	1	0	15	0
        117699	2026-04-21 08:02:07	1	0	15	0
        117814	2026-04-21 08:03:16	1	0	15	0
        117120	2026-04-21 08:03:21	1	0	15	0
        117046	2026-04-21 08:03:29	1	0	15	0
        116166	2026-04-21 08:03:50	1	0	15	0
        116072	2026-04-21 08:03:54	1	0	15	0
        117849	2026-04-21 08:04:38	1	0	15	0
        118761	2026-04-21 08:04:42	1	0	15	0
        118584	2026-04-21 08:05:05	1	0	15	0
        110657	2026-04-21 08:07:14	1	0	15	0
        117733	2026-04-21 08:08:13	1	0	15	0
        110436	2026-04-21 08:08:40	1	0	15	0
        117812	2026-04-21 08:09:10	1	0	15	0
        116849	2026-04-21 08:10:14	1	0	15	0
        117222	2026-04-21 08:11:01	1	0	15	0
        110055	2026-04-21 08:11:39	1	0	15	0
        117043	2026-04-21 08:12:38	1	0	15	0
        117981	2026-04-21 08:12:45	1	0	15	0
        116787	2026-04-21 08:15:06	1	0	15	0
        119282	2026-04-21 08:18:02	1	0	15	0
        118784	2026-04-21 08:18:09	1	0	15	0
        117196	2026-04-21 08:25:06	1	0	15	0
        118221	2026-04-21 08:26:12	1	0	15	0
        117100	2026-04-21 08:26:55	1	0	15	0
        117595	2026-04-21 08:28:45	1	0	15	0
        117644	2026-04-21 08:34:24	1	0	15	0
        117770	2026-04-21 08:37:29	1	0	1	0
        117232	2026-04-21 08:37:35	1	0	15	0
        117529	2026-04-21 08:42:17	1	0	15	0
        117807	2026-04-21 09:23:12	1	0	15	0
        117642	2026-04-21 10:35:33	1	0	15	0
        110128	2026-04-21 12:00:02	1	2	15	0
        110473	2026-04-21 12:00:04	1	2	15	0
        117833	2026-04-21 12:00:05	1	2	15	0
        116383	2026-04-21 12:00:10	1	2	15	0
        118829	2026-04-21 12:00:12	1	2	15	0
        110436	2026-04-21 12:00:14	1	2	15	0
        117930	2026-04-21 12:00:17	1	2	15	0
        116828	2026-04-21 12:00:24	1	2	1	0
        110053	2026-04-21 12:00:30	1	2	15	0
        119535	2026-04-21 12:00:32	1	2	15	0
        116252	2026-04-21 12:00:34	1	2	15	0
        118043	2026-04-21 12:00:35	1	2	15	0
        116279	2026-04-21 12:00:37	1	2	15	0
        110378	2026-04-21 12:00:39	1	2	15	0
        116512	2026-04-21 12:00:41	1	2	15	0
        116751	2026-04-21 12:00:42	1	2	15	0
        117567	2026-04-21 12:00:44	1	2	15	0
        110088	2026-04-21 12:00:47	1	2	15	0
        117497	2026-04-21 12:00:48	1	2	15	0
        110418	2026-04-21 12:00:51	1	2	15	0
        110424	2026-04-21 12:00:53	1	2	15	0
        119453	2026-04-21 12:00:55	1	2	15	0
        110355	2026-04-21 12:01:01	1	2	15	0
        117122	2026-04-21 12:01:02	1	2	15	0
        117201	2026-04-21 12:01:07	1	2	15	0
        116849	2026-04-21 12:01:09	1	2	15	0
        116551	2026-04-21 12:01:11	1	2	15	0
        117926	2026-04-21 12:01:12	1	2	15	0
        118563	2026-04-21 12:01:14	1	2	15	0
        110452	2026-04-21 12:01:16	1	2	15	0
        119340	2026-04-21 12:01:19	1	2	15	0
        116496	2026-04-21 12:01:21	1	2	15	0
        116778	2026-04-21 12:01:22	1	2	15	0
        116741	2026-04-21 12:01:24	1	2	15	0
        116441	2026-04-21 12:01:26	1	2	15	0
        116053	2026-04-21 12:01:27	1	2	15	0
        117046	2026-04-21 12:01:32	1	2	15	0
        117224	2026-04-21 12:01:34	1	2	15	0
        117705	2026-04-21 12:01:35	1	2	15	0
        110447	2026-04-21 12:01:38	1	2	15	0
        110463	2026-04-21 12:01:41	1	2	15	0
        110430	2026-04-21 12:01:44	1	2	15	0
        110105	2026-04-21 12:01:56	1	2	15	0
        118458	2026-04-21 12:02:00	1	2	15	0
        110432	2026-04-21 12:02:02	1	2	15	0
        110462	2026-04-21 12:02:04	1	2	15	0
        117981	2026-04-21 12:02:14	1	2	15	0
        116356	2026-04-21 12:02:18	1	2	15	0
        110090	2026-04-21 12:02:20	1	2	15	0
        117642	2026-04-21 12:02:22	1	2	15	0
        110354	2026-04-21 12:02:23	1	2	15	0
        117969	2026-04-21 12:02:26	1	2	15	0
        118369	2026-04-21 12:02:28	1	2	15	0
        116805	2026-04-21 12:02:29	1	2	15	0
        110393	2026-04-21 12:02:30	1	2	15	0
        110421	2026-04-21 12:02:32	1	2	15	0
        117983	2026-04-21 12:02:35	1	2	15	0
        110377	2026-04-21 12:02:37	1	2	15	0
        110376	2026-04-21 12:02:40	1	2	15	0
        110510	2026-04-21 12:02:43	1	2	15	0
        110511	2026-04-21 12:02:45	1	2	15	0
        117222	2026-04-21 12:02:48	1	2	15	0
        119107	2026-04-21 12:02:53	1	2	15	0
        117680	2026-04-21 12:02:59	1	2	15	0
        110632	2026-04-21 12:03:03	1	2	15	0
        117833	2026-04-21 12:03:13	1	2	15	0
        117120	2026-04-21 12:03:18	1	2	15	0
        110070	2026-04-21 12:03:33	1	2	15	0
        117529	2026-04-21 12:03:35	1	2	15	0
        110116	2026-04-21 12:03:41	1	2	15	0
        118750	2026-04-21 12:03:47	1	2	15	0
        117110	2026-04-21 12:03:49	1	2	15	0
        110580	2026-04-21 12:04:04	1	2	15	0
        110581	2026-04-21 12:04:07	1	2	15	0
        110732	2026-04-21 12:04:08	1	2	15	0
        110063	2026-04-21 12:04:30	1	2	15	0
        119535	2026-04-21 12:04:34	1	2	15	0
        117103	2026-04-21 12:04:38	1	2	15	0
        116902	2026-04-21 12:04:54	1	2	15	0
        117790	2026-04-21 12:04:56	1	2	15	0
        110197	2026-04-21 12:05:00	1	2	15	0
        117807	2026-04-21 12:05:02	1	2	15	0
        117224	2026-04-21 12:05:05	1	2	15	0
        116763	2026-04-21 12:05:09	1	2	15	0
        117196	2026-04-21 12:05:11	1	2	15	0
        110495	2026-04-21 12:05:15	1	2	15	0
        110493	2026-04-21 12:05:17	1	2	15	0
        110657	2026-04-21 12:05:19	1	2	15	0
        117705	2026-04-21 12:05:21	1	2	15	0
        116070	2026-04-21 12:05:23	1	2	15	0
        118271	2026-04-21 12:05:27	1	2	15	0
        116069	2026-04-21 12:05:28	1	2	15	0
        110466	2026-04-21 12:05:30	1	2	15	0
        117046	2026-04-21 12:05:33	1	2	15	0
        110418	2026-04-21 12:05:37	1	2	15	0
        110424	2026-04-21 12:05:38	1	2	15	0
        117981	2026-04-21 12:05:40	1	2	15	0
        116356	2026-04-21 12:05:42	1	2	15	0
        116805	2026-04-21 12:05:44	1	2	15	0
        110785	2026-04-21 12:05:46	1	2	15	0
        117635	2026-04-21 12:05:49	1	2	15	0
        117660	2026-04-21 12:05:51	1	2	15	0
        117129	2026-04-21 12:05:53	1	2	15	0
        116453	2026-04-21 12:05:57	1	2	15	0
        116551	2026-04-21 12:05:59	1	2	15	0
        118043	2026-04-21 12:06:01	1	2	15	0
        119340	2026-04-21 12:06:05	1	2	15	0
        116496	2026-04-21 12:06:06	1	2	15	0
        117926	2026-04-21 12:06:08	1	2	15	0
        116383	2026-04-21 12:06:09	1	2	15	0
        110053	2026-04-21 12:06:12	1	2	15	0
        116849	2026-04-21 12:06:14	1	2	15	0
        118829	2026-04-21 12:06:16	1	2	15	0
        116748	2026-04-21 12:06:19	1	2	15	0
        117201	2026-04-21 12:06:20	1	2	15	0
        116778	2026-04-21 12:06:22	1	2	15	0
        116990	2026-04-21 12:06:34	1	2	15	0
        116504	2026-04-21 12:06:38	1	2	15	0
        110432	2026-04-21 12:06:40	1	2	15	0
        110436	2026-04-21 12:06:42	1	2	15	0
        118458	2026-04-21 12:06:43	1	2	15	0
        110430	2026-04-21 12:06:45	1	2	15	0
        116279	2026-04-21 12:06:48	1	2	15	0
        110447	2026-04-21 12:06:49	1	2	15	0
        117529	2026-04-21 12:06:51	1	2	15	0
        110060	2026-04-21 12:06:53	1	2	15	0
        110506	2026-04-21 12:07:01	1	2	15	0
        117120	2026-04-21 12:07:07	1	2	15	0
        119157	2026-04-21 12:07:12	1	2	15	0
        117111	2026-04-21 12:07:14	1	2	15	0
        117337	2026-04-21 12:07:16	1	2	15	0
        117133	2026-04-21 12:07:17	1	2	15	0
        117270	2026-04-21 12:07:20	1	2	15	0
        116070	2026-04-21 12:07:24	1	2	15	0
        119263	2026-04-21 12:07:28	1	2	15	0
        117077	2026-04-21 12:07:42	1	2	15	0
        119453	2026-04-21 12:07:44	1	2	15	0
        118369	2026-04-21 12:07:49	1	2	15	0
        110355	2026-04-21 12:07:52	1	2	15	0
        117497	2026-04-21 12:07:55	1	2	15	0
        110510	2026-04-21 12:07:57	1	2	15	0
        110431	2026-04-21 12:08:02	1	2	15	0
        110527	2026-04-21 12:08:07	1	2	15	0
        118744	2026-04-21 12:08:09	1	2	15	0
        117092	2026-04-21 12:08:16	1	2	15	0
        119602	2026-04-21 12:08:20	1	2	15	0
        117542	2026-04-21 12:08:24	1	2	15	0
        116453	2026-04-21 12:08:30	1	2	15	0
        110128	2026-04-21 12:08:36	1	2	15	0
        117595	2026-04-21 12:08:40	1	2	15	0
        110378	2026-04-21 12:08:45	1	2	15	0
        110090	2026-04-21 12:08:47	1	2	15	0
        110051	2026-04-21 12:08:48	1	2	15	0
        110511	2026-04-21 12:08:53	1	2	15	0
        117122	2026-04-21 12:08:55	1	2	15	0
        110632	2026-04-21 12:08:59	1	2	15	0
        110393	2026-04-21 12:09:03	1	2	15	0
        117642	2026-04-21 12:09:11	1	2	15	0
        110088	2026-04-21 12:09:12	1	2	15	0
        110063	2026-04-21 12:09:15	1	2	15	0
        117567	2026-04-21 12:09:20	1	2	15	0
        118695	2026-04-21 12:09:23	1	2	15	0
        110657	2026-04-21 12:09:24	1	2	15	0
        110493	2026-04-21 12:09:29	1	2	15	0
        110495	2026-04-21 12:09:32	1	2	15	0
        117129	2026-04-21 12:09:34	1	2	15	0
        119263	2026-04-21 12:09:37	1	2	15	0
        117969	2026-04-21 12:09:39	1	2	15	0
        117790	2026-04-21 12:09:42	1	2	15	0
        119107	2026-04-21 12:09:43	1	2	15	0
        116763	2026-04-21 12:09:52	1	2	15	0
        116902	2026-04-21 12:09:56	1	2	15	0
        110357	2026-04-21 12:09:58	1	2	15	0
        117103	2026-04-21 12:10:00	1	2	15	0
        110456	2026-04-21 12:10:02	1	2	15	0
        110077	2026-04-21 12:10:04	1	2	15	0
        117814	2026-04-21 12:10:08	1	2	15	0
        110377	2026-04-21 12:10:10	1	2	15	0
        110376	2026-04-21 12:10:12	1	2	15	0
        110463	2026-04-21 12:10:14	1	2	15	0
        117660	2026-04-21 12:10:17	1	2	15	0
        117635	2026-04-21 12:10:19	1	2	15	0
        117707	2026-04-21 12:10:21	1	2	15	0
        110465	2026-04-21 12:10:22	1	2	15	0
        116282	2026-04-21 12:10:24	1	2	15	0
        117042	2026-04-21 12:10:28	1	2	15	0
        117039	2026-04-21 12:10:32	1	2	15	0
        116451	2026-04-21 12:10:39	1	2	15	0
        117230	2026-04-21 12:10:47	1	2	15	0
        118970	2026-04-21 12:10:49	1	2	15	0
        117232	2026-04-21 12:10:53	1	2	15	0
        110462	2026-04-21 12:10:56	1	2	15	0
        116990	2026-04-21 12:10:58	1	2	15	0
        117807	2026-04-21 12:11:01	1	2	15	0
        117088	2026-04-21 12:11:05	1	2	15	0
        110507	2026-04-21 12:11:08	1	2	15	0
        119602	2026-04-21 12:11:11	1	2	15	0
        110105	2026-04-21 12:11:50	1	2	15	0
        118207	2026-04-21 12:12:00	1	2	15	0
        117133	2026-04-21 12:12:03	1	2	15	0
        118271	2026-04-21 12:12:05	1	2	15	0
        117196	2026-04-21 12:12:07	1	2	15	0
        117700	2026-04-21 12:12:15	1	2	15	0
        117716	2026-04-21 12:12:19	1	2	15	0
        116787	2026-04-21 12:12:21	1	2	15	0
        116741	2026-04-21 12:12:25	1	2	15	0
        116441	2026-04-21 12:12:27	1	2	15	0
        116053	2026-04-21 12:12:29	1	2	15	0
        110051	2026-04-21 12:12:35	1	2	15	0
        117113	2026-04-21 12:12:48	1	2	15	0
        110055	2026-04-21 12:12:52	1	2	15	0
        110085	2026-04-21 12:12:54	1	2	15	0
        118784	2026-04-21 12:12:56	1	2	15	0
        110513	2026-04-21 12:12:57	1	2	15	0
        110413	2026-04-21 12:12:59	1	2	15	0
        119157	2026-04-21 12:13:01	1	2	15	0
        116933	2026-04-21 12:13:12	1	2	15	0
        110183	2026-04-21 12:13:17	1	2	15	0
        110060	2026-04-21 12:13:20	1	2	15	0
        110100	2026-04-21 12:13:22	1	2	15	0
        118744	2026-04-21 12:13:26	1	2	15	0
        117092	2026-04-21 12:13:34	1	2	15	0
        117542	2026-04-21 12:13:36	1	2	15	0
        118695	2026-04-21 12:13:39	1	2	15	0
        117982	2026-04-21 12:13:40	1	2	15	0
        117692	2026-04-21 12:13:42	1	2	15	0
        117921	2026-04-21 12:13:44	1	2	15	0
        110357	2026-04-21 12:13:51	1	2	15	0
        118221	2026-04-21 12:13:54	1	2	15	0
        118750	2026-04-21 12:14:12	1	2	15	0
        117110	2026-04-21 12:14:14	1	2	15	0
        118782	2026-04-21 12:14:17	1	2	15	0
        117121	2026-04-21 12:14:19	1	2	15	0
        117680	2026-04-21 12:14:21	1	2	15	0
        116282	2026-04-21 12:14:25	1	2	15	0
        110549	2026-04-21 12:14:28	1	2	15	0
        110456	2026-04-21 12:14:39	1	2	15	0
        119104	2026-04-21 12:14:41	1	2	15	0
        116483	2026-04-21 12:14:43	1	2	15	0
        117259	2026-04-21 12:14:45	1	2	15	0
        118455	2026-04-21 12:14:48	1	2	15	0
        117694	2026-04-21 12:14:55	1	2	15	0
        110354	2026-04-21 12:14:56	1	2	15	0
        117707	2026-04-21 12:14:58	1	2	15	0
        117595	2026-04-21 12:15:00	1	2	15	0
        110452	2026-04-21 12:15:04	1	2	15	0
        110485	2026-04-21 12:15:07	1	2	15	0
        116337	2026-04-21 12:15:24	1	2	15	0
        116537	2026-04-21 12:15:26	1	2	15	0
        110032	2026-04-21 12:15:29	1	2	15	0
        117700	2026-04-21 12:15:39	1	2	15	0
        110055	2026-04-21 12:16:09	1	2	15	0
        117259	2026-04-21 12:16:13	1	2	15	0
        118455	2026-04-21 12:16:15	1	2	15	0
        116483	2026-04-21 12:16:17	1	2	15	0
        117270	2026-04-21 12:16:19	1	2	15	0
        116751	2026-04-21 12:16:34	1	2	15	0
        117814	2026-04-21 12:16:36	1	2	15	0
        110527	2026-04-21 12:16:46	1	2	15	0
        116512	2026-04-21 12:16:48	1	2	15	0
        110195	2026-04-21 12:16:59	1	2	15	0
        110465	2026-04-21 12:17:06	1	2	15	0
        110431	2026-04-21 12:17:12	1	2	15	0
        118970	2026-04-21 12:17:25	1	2	15	0
        118207	2026-04-21 12:17:27	1	2	15	0
        118784	2026-04-21 12:17:29	1	2	15	0
        118782	2026-04-21 12:17:36	1	2	15	0
        117121	2026-04-21 12:17:38	1	2	15	0
        110077	2026-04-21 12:17:51	1	2	15	0
        118302	2026-04-21 12:18:03	1	2	15	0
        117982	2026-04-21 12:18:17	1	2	15	0
        116142	2026-04-21 12:18:22	1	2	15	0
        117692	2026-04-21 12:18:25	1	2	15	0
        117042	2026-04-21 12:18:28	1	2	15	0
        116451	2026-04-21 12:18:33	1	2	15	0
        117230	2026-04-21 12:18:36	1	2	15	0
        117232	2026-04-21 12:18:42	1	2	15	0
        117039	2026-04-21 12:18:44	1	2	15	0
        116337	2026-04-21 12:18:52	1	2	15	0
        118221	2026-04-21 12:18:53	1	2	15	0
        110485	2026-04-21 12:18:56	1	2	15	0
        116537	2026-04-21 12:18:57	1	2	15	0
        110116	2026-04-21 12:19:09	1	2	15	0
        116428	2026-04-21 12:19:33	1	2	15	0
        118761	2026-04-21 12:19:36	1	2	15	0
        118753	2026-04-21 12:20:31	1	2	15	0
        116748	2026-04-21 12:20:46	1	2	15	0
        117921	2026-04-21 12:20:59	1	2	15	0
        110785	2026-04-21 12:21:05	1	2	15	0
        118971	2026-04-21 12:21:26	1	2	15	0
        119104	2026-04-21 12:21:30	1	2	15	0
        110006	2026-04-21 12:21:38	1	2	15	0
        110507	2026-04-21 12:21:54	1	2	15	0
        118753	2026-04-21 12:22:07	1	2	15	0
        117043	2026-04-21 12:22:10	1	2	15	0
        117828	2026-04-21 12:22:12	1	2	15	0
        118101	2026-04-21 12:22:15	1	2	15	0
        110512	2026-04-21 12:22:49	1	2	15	0
        110514	2026-04-21 12:22:52	1	2	15	0
        116073	2026-04-21 12:23:00	1	2	15	0
        110195	2026-04-21 12:23:06	1	2	15	0
        110055	2026-04-21 12:23:11	1	2	15	0
        117222	2026-04-21 12:23:14	1	2	15	0
        117528	2026-04-21 12:23:16	1	2	15	0
        110006	2026-04-21 12:23:21	1	2	15	0
        116274	2026-04-21 12:23:34	1	2	15	0
        117733	2026-04-21 12:23:41	1	2	15	0
        118732	2026-04-21 12:23:45	1	2	15	0
        110466	2026-04-21 12:23:47	1	2	15	0
        110100	2026-04-21 12:23:48	1	2	15	0
        117114	2026-04-21 12:23:54	1	2	15	0
        117699	2026-04-21 12:24:05	1	2	15	0
        117591	2026-04-21 12:24:12	1	2	15	0
        117487	2026-04-21 12:24:20	1	2	15	0
        110070	2026-04-21 12:24:37	1	2	15	0
        110413	2026-04-21 12:24:44	1	2	15	0
        110372	2026-04-21 12:24:58	1	2	15	0
        116142	2026-04-21 12:25:04	1	2	15	0
        110549	2026-04-21 12:25:35	1	2	15	0
        116787	2026-04-21 12:25:51	1	2	15	0
        117716	2026-04-21 12:25:55	1	2	15	0
        116428	2026-04-21 12:26:01	1	2	15	0
        116166	2026-04-21 12:26:23	1	2	15	0
        118732	2026-04-21 12:26:58	1	2	15	0
        116493	2026-04-21 12:27:02	1	2	15	0
        119365	2026-04-21 12:27:04	1	2	15	0
        117043	2026-04-21 12:27:07	1	2	15	0
        117828	2026-04-21 12:27:09	1	2	15	0
        118101	2026-04-21 12:27:12	1	2	15	0
        116274	2026-04-21 12:27:14	1	2	15	0
        118563	2026-04-21 12:27:28	1	2	15	0
        117100	2026-04-21 12:27:31	1	2	15	0
        110197	2026-04-21 12:27:35	1	2	15	0
        117694	2026-04-21 12:27:55	1	2	15	0
        117088	2026-04-21 12:27:57	1	2	15	0
        117936	2026-04-21 12:28:07	1	2	15	0
        110032	2026-04-21 12:28:25	1	2	15	0
        118971	2026-04-21 12:28:56	1	2	15	0
        110131	2026-04-21 12:28:59	1	2	15	0
        118761	2026-04-21 12:29:34	1	2	15	0
        117528	2026-04-21 12:29:44	1	2	15	0
        117711	2026-04-21 12:29:57	1	2	15	0
        117591	2026-04-21 12:30:19	1	3	15	0
        116493	2026-04-21 12:30:23	1	3	15	0
        119365	2026-04-21 12:30:25	1	3	15	0
        117936	2026-04-21 12:30:37	1	3	15	0
        119475	2026-04-21 12:31:18	1	3	15	0
        110065	2026-04-21 12:31:22	1	3	15	0
        110090	2026-04-21 12:31:43	1	3	15	0
        117113	2026-04-21 12:31:58	1	3	15	0
        117091	2026-04-21 12:34:24	1	3	15	0
        116504	2026-04-21 12:34:29	1	3	15	0
        116933	2026-04-21 12:34:32	1	3	15	0
        117114	2026-04-21 12:34:34	1	3	15	0
        110372	2026-04-21 12:34:48	1	3	15	0
        117630	2026-04-21 12:35:45	1	3	15	0
        110732	2026-04-21 12:35:49	1	3	15	0
        110581	2026-04-21 12:35:51	1	3	15	0
        110580	2026-04-21 12:35:53	1	3	15	0
        117088	2026-04-21 12:36:15	1	3	15	0
        117711	2026-04-21 12:37:24	1	3	15	0
        110473	2026-04-21 12:37:40	1	3	15	0
        117091	2026-04-21 12:37:50	1	3	15	0
        110062	2026-04-21 12:37:54	1	3	15	0
        117709	2026-04-21 12:37:55	1	3	15	0
        110513	2026-04-21 12:37:57	1	3	15	0
        110183	2026-04-21 12:38:00	1	3	15	0
        117849	2026-04-21 12:38:03	1	3	15	0
        119494	2026-04-21 12:38:05	1	3	15	0
        110065	2026-04-21 12:38:06	1	3	15	0
        119475	2026-04-21 12:38:08	1	3	15	0
        117114	2026-04-21 12:38:16	1	3	15	0
        110131	2026-04-21 12:38:40	1	3	15	0
        117487	2026-04-21 12:38:41	1	3	15	0
        118593	2026-04-21 12:38:46	1	3	15	0
        110062	2026-04-21 12:40:47	1	3	15	0
        117630	2026-04-21 12:41:20	1	3	15	0
        119282	2026-04-21 12:41:24	1	3	15	0
        110083	2026-04-21 12:41:42	1	3	15	0
        117699	2026-04-21 12:41:50	1	3	15	0
        118302	2026-04-21 12:41:57	1	3	15	0
        117709	2026-04-21 12:42:26	1	3	15	0
        117085	2026-04-21 12:42:28	1	3	15	0
        117849	2026-04-21 12:42:30	1	3	15	0
        119494	2026-04-21 12:42:33	1	3	15	0
        116747	2026-04-21 12:44:21	1	3	15	0
        116472	2026-04-21 12:44:23	1	3	15	0
        110512	2026-04-21 12:45:11	1	3	15	0
        110514	2026-04-21 12:45:13	1	3	15	0
        110083	2026-04-21 12:46:13	1	3	15	0
        117085	2026-04-21 12:46:20	1	3	15	0
        116166	2026-04-21 12:46:25	1	3	15	0
        119282	2026-04-21 12:46:28	1	3	15	0
        116747	2026-04-21 12:46:30	1	3	15	0
        116472	2026-04-21 12:46:31	1	3	15	0
        117100	2026-04-21 12:46:47	1	3	15	0
        116497	2026-04-21 12:47:59	1	3	15	0
        116072	2026-04-21 12:48:01	1	3	15	0
        117924	2026-04-21 12:48:03	1	3	15	0
        116260	2026-04-21 12:48:04	1	3	15	0
        110457	2026-04-21 12:48:06	1	3	15	0
        117926	2026-04-21 12:48:30	1	3	15	0
        110085	2026-04-21 12:49:11	1	3	15	0
        118593	2026-04-21 12:50:11	1	3	15	0
        117983	2026-04-21 12:50:36	1	3	15	0
        110421	2026-04-21 12:50:59	1	3	15	0
        110506	2026-04-21 12:51:32	1	3	15	0
        116073	2026-04-21 12:52:33	1	0	15	0
        117733	2026-04-21 12:52:48	1	0	15	0
        116835	2026-04-21 12:53:26	1	0	15	0
        117337	2026-04-21 12:53:39	1	0	15	0
        117111	2026-04-21 12:53:41	1	0	15	0
        116497	2026-04-21 12:54:06	1	0	15	0
        110457	2026-04-21 12:54:08	1	0	15	0
        119070	2026-04-21 12:54:10	1	0	15	0
        116260	2026-04-21 12:54:11	1	0	15	0
        116072	2026-04-21 12:54:17	1	0	15	0
        110074	2026-04-21 12:54:18	1	0	15	0
        117924	2026-04-21 12:54:21	1	0	15	0
        117644	2026-04-21 12:54:36	1	0	15	0
        119364	2026-04-21 12:55:15	1	0	15	0
        110057	2026-04-21 12:55:19	1	0	15	0
        110025	2026-04-21 12:56:08	1	3	15	0
        119386	2026-04-21 12:56:17	1	3	15	0
        116828	2026-04-21 12:57:06	1	3	1	0
        117644	2026-04-21 12:58:14	1	3	15	0
        119386	2026-04-21 12:58:26	1	3	15	0
        116835	2026-04-21 12:58:59	1	3	15	0
        119070	2026-04-21 12:59:09	1	3	15	0
        110074	2026-04-21 12:59:16	1	3	15	0
        119364	2026-04-21 12:59:23	1	3	15	0
        110025	2026-04-21 12:59:27	1	3	15	0
        110057	2026-04-21 12:59:30	1	3	15	0
        110085	2026-04-21 13:00:28	1	3	15	0
        110356	2026-04-21 13:01:55	1	3	15	0
        119365	2026-04-21 17:00:57	1	1	15	0
        116763	2026-04-21 17:01:13	1	1	15	0
        117790	2026-04-21 17:01:16	1	1	15	0
        116902	2026-04-21 17:01:18	1	1	15	0
        117828	2026-04-21 17:01:25	1	1	15	0
        117043	2026-04-21 17:01:38	1	1	15	0
        117232	2026-04-21 17:01:43	1	1	15	0
        118970	2026-04-21 17:01:59	1	1	15	0
        117196	2026-04-21 17:02:07	1	1	15	0
        116282	2026-04-21 17:02:10	1	1	15	0
        118784	2026-04-21 17:02:12	1	1	15	0
        118207	2026-04-21 17:02:14	1	1	15	0
        118101	2026-04-21 17:02:24	1	1	15	0
        117936	2026-04-21 17:02:33	1	1	15	0
        116441	2026-04-21 17:02:37	1	1	15	0
        119535	2026-04-21 17:02:52	1	1	15	0
        116741	2026-04-21 17:02:55	1	1	15	0
        118750	2026-04-21 17:02:59	1	1	15	0
        117635	2026-04-21 17:03:03	1	1	15	0
        117110	2026-04-21 17:03:04	1	1	15	0
        117039	2026-04-21 17:03:06	1	1	15	0
        110432	2026-04-21 17:03:10	1	1	15	0
        119340	2026-04-21 17:03:14	1	1	15	0
        116496	2026-04-21 17:03:17	1	1	15	0
        110657	2026-04-21 17:03:20	1	1	15	0
        119494	2026-04-21 17:03:22	1	1	15	0
        117849	2026-04-21 17:03:24	1	1	15	0
        117100	2026-04-21 17:03:26	1	1	15	0
        117711	2026-04-21 17:03:30	1	1	15	0
        117660	2026-04-21 17:03:32	1	1	15	0
        116053	2026-04-21 17:03:35	1	1	15	0
        116512	2026-04-21 17:03:41	1	1	15	0
        118971	2026-04-21 17:03:43	1	1	15	0
        110462	2026-04-21 17:03:49	1	1	15	0
        110493	2026-04-21 17:03:53	1	1	15	0
        110495	2026-04-21 17:03:56	1	1	15	0
        117567	2026-04-21 17:04:07	1	1	15	0
        110355	2026-04-21 17:04:22	1	1	15	0
        110452	2026-04-21 17:04:51	1	1	15	0
        119070	2026-04-21 17:04:55	1	1	15	0
        119364	2026-04-21 17:04:57	1	1	15	0
        116483	2026-04-21 17:04:59	1	1	15	0
        118455	2026-04-21 17:05:01	1	1	15	0
        116504	2026-04-21 17:05:05	1	1	15	0
        110511	2026-04-21 17:05:08	1	1	15	0
        110510	2026-04-21 17:05:10	1	1	15	0
        116751	2026-04-21 17:05:12	1	1	15	0
        110785	2026-04-21 17:05:14	1	1	15	0
        117716	2026-04-21 17:05:29	1	1	15	0
        110421	2026-04-21 17:05:36	1	1	15	0
        117733	2026-04-21 17:05:39	1	1	15	0
        110354	2026-04-21 17:05:42	1	1	15	0
        116073	2026-04-21 17:05:47	1	1	15	0
        117692	2026-04-21 17:05:50	1	1	15	0
        110549	2026-04-21 17:05:53	1	1	15	0
        110462	2026-04-21 17:05:56	1	1	15	0
        117705	2026-04-21 17:06:01	1	1	15	0
        110356	2026-04-21 17:06:03	1	1	15	0
        110527	2026-04-21 17:06:10	1	1	15	0
        117122	2026-04-21 17:06:14	1	1	15	0
        116451	2026-04-21 17:06:18	1	1	15	0
        117042	2026-04-21 17:06:20	1	1	15	0
        117224	2026-04-21 17:06:23	1	1	15	0
        116990	2026-04-21 17:06:33	1	1	15	0
        119475	2026-04-21 17:06:47	1	1	15	0
        116279	2026-04-21 17:06:50	1	1	15	0
        110065	2026-04-21 17:06:52	1	1	15	0
        110431	2026-04-21 17:07:23	1	1	15	0
        116828	2026-04-21 17:07:43	1	1	1	0
        117983	2026-04-21 17:07:49	1	1	15	0
        110447	2026-04-21 17:07:51	1	1	15	0
        117680	2026-04-21 17:07:54	1	1	15	0
        117833	2026-04-21 17:07:56	1	1	15	0
        110197	2026-04-21 17:08:01	1	1	15	0
        118458	2026-04-21 17:08:26	1	1	15	0
        118732	2026-04-21 17:08:44	1	1	15	0
        117092	2026-04-21 17:08:47	1	1	15	0
        116274	2026-04-21 17:08:51	1	1	15	0
        116493	2026-04-21 17:08:55	1	1	15	0
        118563	2026-04-21 17:09:07	1	1	15	0
        110507	2026-04-21 17:09:22	1	1	15	0
        117088	2026-04-21 17:09:27	1	1	15	0
        110466	2026-04-21 17:09:29	1	1	15	0
        117222	2026-04-21 17:09:33	1	1	15	0
        116778	2026-04-21 17:09:36	1	1	15	0
        117129	2026-04-21 17:09:46	1	1	15	0
        110195	2026-04-21 17:09:53	1	1	15	0
        116472	2026-04-21 17:10:01	1	1	15	0
        110074	2026-04-21 17:10:03	1	1	15	0
        117103	2026-04-21 17:10:07	1	1	15	0
        119453	2026-04-21 17:10:09	1	1	15	0
        117121	2026-04-21 17:10:26	1	1	15	0
        110057	2026-04-21 17:10:31	1	1	15	0
        110088	2026-04-21 17:10:38	1	1	15	0
        110463	2026-04-21 17:11:05	1	1	15	0
        117924	2026-04-21 17:11:11	1	1	15	0
        117981	2026-04-21 17:11:13	1	1	15	0
        110376	2026-04-21 17:11:16	1	1	15	0
        110377	2026-04-21 17:11:18	1	1	15	0
        119282	2026-04-21 17:11:24	1	1	15	0
        110051	2026-04-21 17:11:37	1	1	15	0
        116849	2026-04-21 17:11:48	1	1	15	0
        116337	2026-04-21 17:11:58	1	1	15	0
        116551	2026-04-21 17:11:59	1	1	15	0
        117707	2026-04-21 17:12:01	1	1	15	0
        117591	2026-04-21 17:12:05	1	1	15	0
        110357	2026-04-21 17:12:09	1	1	15	0
        110456	2026-04-21 17:12:12	1	1	15	0
        117497	2026-04-21 17:13:01	1	1	15	0
        110077	2026-04-21 17:13:31	1	1	15	0
        110085	2026-04-21 17:13:48	1	1	15	0
        110060	2026-04-21 17:14:47	1	1	15	0
        117113	2026-04-21 17:15:19	1	1	15	0
        117921	2026-04-21 17:15:30	1	1	15	0
        118271	2026-04-21 17:15:35	1	1	15	0
        117837	2026-04-21 17:15:41	1	1	15	0
        117630	2026-04-21 17:15:47	1	1	15	0
        118761	2026-04-21 17:15:55	1	1	15	0
        110424	2026-04-21 17:15:59	1	1	15	0
        117700	2026-04-21 17:16:02	1	1	15	0
        117230	2026-04-21 17:16:08	1	1	15	0
        117111	2026-04-21 17:16:21	1	1	15	0
        116252	2026-04-21 17:16:26	1	1	15	0
        118782	2026-04-21 17:16:41	1	1	15	0
        117259	2026-04-21 17:16:46	1	1	15	0
        117270	2026-04-21 17:16:49	1	1	15	0
        118744	2026-04-21 17:16:57	1	1	15	0
        116933	2026-04-21 17:17:00	1	1	15	0
        116497	2026-04-21 17:17:03	1	1	15	0
        110457	2026-04-21 17:17:12	1	1	15	0
        117528	2026-04-21 17:17:18	1	1	15	0
        110418	2026-04-21 17:17:20	1	1	15	0
        117642	2026-04-21 17:17:22	1	1	15	0
        110131	2026-04-21 17:17:23	1	1	15	0
        118369	2026-04-21 17:17:31	1	1	15	0
        116805	2026-04-21 17:17:37	1	1	15	0
        110465	2026-04-21 17:17:40	1	1	15	0
        119453	2026-04-21 17:18:04	1	1	15	0
        117114	2026-04-21 17:18:26	1	1	15	0
        116537	2026-04-21 17:18:28	1	1	15	0
        117926	2026-04-21 17:18:32	1	1	15	0
        116787	2026-04-21 17:18:43	1	1	15	0
        117644	2026-04-21 17:18:59	1	1	15	0
        117982	2026-04-21 17:19:02	1	1	15	0
        117709	2026-04-21 17:19:20	1	1	15	0
        110100	2026-04-21 17:19:26	1	1	15	0
        119157	2026-04-21 17:19:33	1	1	15	0
        116428	2026-04-21 17:21:54	1	1	15	0
        110062	2026-04-21 17:22:50	1	1	15	0
        119386	2026-04-21 17:23:24	1	1	15	0
        118593	2026-04-21 17:23:46	1	1	15	0
        110025	2026-04-21 17:24:02	1	1	15	0
        110070	2026-04-21 17:24:22	1	1	15	0
        117969	2026-04-21 17:24:31	1	1	15	0
        110393	2026-04-21 17:24:36	1	1	15	0
        110632	2026-04-21 17:24:41	1	1	15	0
        117699	2026-04-21 17:25:06	1	1	15	0
        116260	2026-04-21 17:25:22	1	1	15	0
        116072	2026-04-21 17:25:26	1	1	15	0
        110378	2026-04-21 17:27:57	1	1	15	0
        110473	2026-04-21 17:28:17	1	1	15	0
        110128	2026-04-21 17:28:45	1	1	15	0
        110506	2026-04-21 17:29:03	1	1	15	0
        110105	2026-04-21 17:29:34	1	1	15	0
        110083	2026-04-21 17:30:38	1	1	15	0
        110116	2026-04-21 17:31:16	1	1	15	0
        118702	2026-04-21 17:32:19	1	1	15	0
        117487	2026-04-21 17:32:21	1	1	15	0
        117077	2026-04-21 17:32:28	1	1	15	0
        119263	2026-04-21 17:33:20	1	1	15	0
        116142	2026-04-21 17:35:18	1	1	15	0
        110413	2026-04-21 17:36:57	1	1	15	0
        116383	2026-04-21 17:37:18	1	1	15	0
        116453	2026-04-21 17:37:42	1	1	15	0
        110732	2026-04-21 17:37:58	1	1	15	0
        110580	2026-04-21 17:38:04	1	1	15	0
        110581	2026-04-21 17:38:09	1	1	15	0
        116356	2026-04-21 17:38:31	1	1	15	0
        110485	2026-04-21 17:38:41	1	1	15	0
        110006	2026-04-21 17:38:57	1	1	15	0
        118584	2026-04-21 17:39:34	1	1	15	0
        118221	2026-04-21 17:40:08	1	1	15	0
        110430	2026-04-21 17:40:21	1	1	15	0
        118043	2026-04-21 17:40:27	1	1	15	0
        117529	2026-04-21 17:40:47	1	1	15	0
        118753	2026-04-21 17:41:07	1	1	15	0
        110090	2026-04-21 17:41:30	1	1	15	0
        116747	2026-04-21 17:41:51	1	1	15	0
        117201	2026-04-21 17:42:09	1	1	15	0
        110513	2026-04-21 17:42:56	1	1	15	0
        110512	2026-04-21 17:43:30	1	1	15	0
        110514	2026-04-21 17:43:33	1	1	15	0
        117120	2026-04-21 17:43:46	1	1	15	0
        117542	2026-04-21 17:43:58	1	1	15	0
        119107	2026-04-21 17:45:47	1	1	15	0
        119104	2026-04-21 17:48:42	1	1	15	0
        116748	2026-04-21 17:48:44	1	1	15	0
        117595	2026-04-21 17:48:46	1	1	15	0
        119602	2026-04-21 17:49:16	1	1	15	0
        116166	2026-04-21 17:51:03	1	1	15	0
        118302	2026-04-21 17:51:08	1	1	15	0
        118829	2026-04-21 17:51:12	1	1	15	0
        116831	2026-04-21 17:57:10	1	1	15	0
        110090	2026-04-21 17:58:03	1	1	15	0
        110053	2026-04-21 17:59:02	1	1	15	0
        110372	2026-04-21 17:59:40	1	1	15	0
        117812	2026-04-21 18:00:31	1	1	15	0
        117807	2026-04-21 18:00:39	1	1	15	0
        110032	2026-04-21 18:02:05	1	1	15	0
        110183	2026-04-21 18:05:46	1	1	15	0
        110032	2026-04-21 18:06:14	1	1	15	0
        110063	2026-04-21 18:06:42	1	1	15	0
        117694	2026-04-21 18:06:50	1	1	15	0
        117814	2026-04-21 18:08:06	1	1	15	0
        110055	2026-04-21 18:09:14	1	1	15	0
        117085	2026-04-21 18:16:04	1	1	15	0
        117147	2026-04-21 18:16:56	1	1	15	0
        117046	2026-04-21 18:18:54	1	1	15	0
        117091	2026-04-21 20:30:15	1	1	15	0
        118695	2026-04-21 20:31:14	1	1	15	0
        117337	2026-04-21 20:31:16	1	1	15	0
        117201	2026-04-22 05:11:55	1	0	15	0
        116831	2026-04-22 06:07:36	1	0	15	0
        110074	2026-04-22 06:24:53	1	0	15	0
        110093	2026-04-22 06:29:57	1	0	15	0
        116835	2026-04-22 06:34:26	1	0	15	0
        119070	2026-04-22 06:37:24	1	0	15	0
        116799	2026-04-22 06:44:57	1	0	15	0
        110432	2026-04-22 06:48:35	1	0	15	0
        118750	2026-04-22 06:51:33	1	0	15	0
        117129	2026-04-22 06:52:42	1	0	15	0
        110580	2026-04-22 06:54:29	1	0	15	0
        110581	2026-04-22 07:01:49	1	0	15	0
        117085	2026-04-22 07:03:33	1	0	15	0
        118563	2026-04-22 07:08:16	1	0	15	0
        110549	2026-04-22 07:15:25	1	0	15	0
        117969	2026-04-22 07:17:18	1	0	15	0
        110632	2026-04-22 07:18:24	1	0	15	0
        110085	2026-04-22 07:21:00	1	0	15	0
        117270	2026-04-22 07:21:05	1	0	15	0
        110527	2026-04-22 07:21:35	1	0	15	0
        110051	2026-04-22 07:21:46	1	0	15	0
        118101	2026-04-22 07:21:52	1	0	15	0
        119340	2026-04-22 07:22:10	1	0	15	0
        119365	2026-04-22 07:23:16	1	0	15	0
        110463	2026-04-22 07:23:32	1	0	15	0
        110457	2026-04-22 07:23:43	1	0	15	0
        110060	2026-04-22 07:23:46	1	0	15	0
        118640	2026-04-22 07:23:50	1	0	15	0
        116902	2026-04-22 07:23:56	1	0	15	0
        110511	2026-04-22 07:24:32	1	0	15	0
        117113	2026-04-22 07:24:59	1	0	15	0
        110732	2026-04-22 07:25:10	1	0	15	0
        110785	2026-04-22 07:26:12	1	0	15	0
        117121	2026-04-22 07:26:41	1	0	15	0
        117259	2026-04-22 07:27:04	1	0	15	0
        116274	2026-04-22 07:27:20	1	0	15	0
        110393	2026-04-22 07:28:34	1	0	15	0
        110510	2026-04-22 07:28:43	1	0	15	0
        116828	2026-04-22 07:28:54	1	0	1	0
        116741	2026-04-22 07:31:01	1	0	15	0
        117921	2026-04-22 07:31:04	1	0	15	0
        116537	2026-04-22 07:31:15	1	0	15	0
        110063	2026-04-22 07:31:41	1	0	15	0
        117635	2026-04-22 07:31:46	1	0	15	0
        117111	2026-04-22 07:31:47	1	0	15	0
        110430	2026-04-22 07:31:51	1	0	15	0
        119475	2026-04-22 07:32:09	1	0	15	0
        118744	2026-04-22 07:32:56	1	0	15	0
        117639	2026-04-22 07:33:00	1	0	15	0
        110357	2026-04-22 07:33:09	1	0	15	0
        110466	2026-04-22 07:33:42	1	0	15	0
        110083	2026-04-22 07:33:45	1	0	15	0
        110495	2026-04-22 07:34:13	1	0	15	0
        116496	2026-04-22 07:35:11	1	0	15	0
        117982	2026-04-22 07:35:23	1	0	15	0
        110062	2026-04-22 07:35:35	1	0	15	0
        116142	2026-04-22 07:36:49	1	0	15	0
        117680	2026-04-22 07:37:02	1	0	15	0
        110462	2026-04-22 07:37:06	1	0	15	0
        119364	2026-04-22 07:37:37	1	0	15	0
        110512	2026-04-22 07:37:52	1	0	15	0
        110116	2026-04-22 07:37:56	1	0	15	0
        117061	2026-04-22 07:38:14	1	0	15	0
        116551	2026-04-22 07:38:17	1	0	15	0
        110183	2026-04-22 07:38:20	1	0	15	0
        119104	2026-04-22 07:38:32	1	0	15	0
        117707	2026-04-22 07:38:45	1	0	15	0
        117699	2026-04-22 07:38:53	1	0	15	0
        118302	2026-04-22 07:39:12	1	0	15	0
        117733	2026-04-22 07:39:46	1	0	15	0
        117110	2026-04-22 07:40:26	1	0	15	0
        117039	2026-04-22 07:40:46	1	0	15	0
        117232	2026-04-22 07:40:51	1	0	15	0
        118971	2026-04-22 07:41:03	1	0	15	0
        117983	2026-04-22 07:41:07	1	0	15	0
        118455	2026-04-22 07:41:25	1	0	15	0
        116483	2026-04-22 07:41:28	1	0	15	0
        116504	2026-04-22 07:41:31	1	0	15	0
        110088	2026-04-22 07:41:33	1	0	15	0
        117122	2026-04-22 07:41:36	1	0	15	0
        116428	2026-04-22 07:41:45	1	0	15	0
        116763	2026-04-22 07:42:08	1	0	15	0
        110090	2026-04-22 07:42:23	1	0	15	0
        110493	2026-04-22 07:42:43	1	0	15	0
        110070	2026-04-22 07:42:59	1	0	15	0
        118695	2026-04-22 07:43:34	1	0	15	0
        110355	2026-04-22 07:43:54	1	0	15	0
        110356	2026-04-22 07:43:55	1	0	15	0
        117716	2026-04-22 07:45:00	1	0	15	0
        116451	2026-04-22 07:45:22	1	0	15	0
        117042	2026-04-22 07:45:24	1	0	15	0
        117103	2026-04-22 07:45:55	1	0	15	0
        118369	2026-04-22 07:46:16	1	0	15	0
        110421	2026-04-22 07:46:38	1	0	15	0
        110431	2026-04-22 07:46:55	1	0	15	0
        117092	2026-04-22 07:47:16	1	0	15	0
        110105	2026-04-22 07:47:26	1	0	15	0
        110413	2026-04-22 07:47:29	1	0	15	0
        110084	2026-04-22 07:48:10	1	0	15	0
        117487	2026-04-22 07:48:20	1	0	15	0
        117692	2026-04-22 07:48:33	1	0	15	0
        117497	2026-04-22 07:48:40	1	0	15	0
        117269	2026-04-22 07:48:48	1	0	15	0
        110507	2026-04-22 07:48:52	1	0	15	0
        110377	2026-04-22 07:49:01	1	0	15	0
        117700	2026-04-22 07:49:10	1	0	15	0
        116282	2026-04-22 07:49:29	1	0	15	0
        118970	2026-04-22 07:49:45	1	0	15	0
        116849	2026-04-22 07:49:54	1	0	15	0
        110053	2026-04-22 07:50:27	1	0	15	0
        118580	2026-04-22 07:50:35	1	0	15	0
        110065	2026-04-22 07:50:38	1	0	15	0
        117711	2026-04-22 07:50:41	1	0	15	0
        117660	2026-04-22 07:50:45	1	0	15	0
        110465	2026-04-22 07:50:50	1	0	15	0
        116747	2026-04-22 07:50:54	1	0	15	0
        117705	2026-04-22 07:51:05	1	0	15	0
        110456	2026-04-22 07:51:14	1	0	15	0
        117812	2026-04-22 07:51:27	1	0	15	0
        117981	2026-04-22 07:51:45	1	0	15	0
        117212	2026-04-22 07:52:00	1	0	15	0
        110473	2026-04-22 07:52:30	1	0	15	0
        117230	2026-04-22 07:52:56	1	0	15	0
        116356	2026-04-22 07:52:57	1	0	15	0
        119263	2026-04-22 07:53:00	1	0	15	0
        117133	2026-04-22 07:53:04	1	0	15	0
        118593	2026-04-22 07:53:08	1	0	15	0
        116073	2026-04-22 07:53:17	1	0	15	0
        118862	2026-04-22 07:53:46	1	0	15	0
        110100	2026-04-22 07:53:55	1	0	15	0
        119453	2026-04-22 07:54:01	1	0	15	0
        117837	2026-04-22 07:54:13	1	0	15	0
        117930	2026-04-22 07:54:17	1	0	15	0
        110195	2026-04-22 07:54:25	1	0	15	0
        117567	2026-04-22 07:54:30	1	0	15	0
        110025	2026-04-22 07:55:04	1	0	15	0
        110197	2026-04-22 07:55:09	1	0	15	0
        116778	2026-04-22 07:55:25	1	0	15	0
        117924	2026-04-22 07:55:25	1	0	15	0
        117595	2026-04-22 07:55:38	1	0	15	0
        118867	2026-04-22 07:56:04	1	0	15	0
        118753	2026-04-22 07:56:08	1	0	15	0
        110057	2026-04-22 07:56:09	1	0	15	0
        110475	2026-04-22 07:56:20	1	0	15	0
        116751	2026-04-22 07:56:26	1	0	15	0
        116933	2026-04-22 07:56:31	1	0	15	0
        116512	2026-04-22 07:56:33	1	0	15	0
        118503	2026-04-22 07:56:36	1	0	15	0
        110372	2026-04-22 07:56:46	1	0	15	0
        118207	2026-04-22 07:57:00	1	0	15	0
        117790	2026-04-22 07:57:20	1	0	15	0
        119386	2026-04-22 07:57:25	1	0	15	0
        117591	2026-04-22 07:57:35	1	0	15	0
        117542	2026-04-22 07:57:41	1	0	15	0
        110378	2026-04-22 07:57:53	1	0	15	0
        118458	2026-04-22 07:57:59	1	0	15	0
        117926	2026-04-22 07:58:01	1	0	15	0
        116453	2026-04-22 07:58:04	1	0	15	0
        116260	2026-04-22 07:58:05	1	0	15	0
        116072	2026-04-22 07:58:07	1	0	15	0
        116279	2026-04-22 07:58:13	1	0	15	0
        117833	2026-04-22 07:58:18	1	0	15	0
        117814	2026-04-22 07:58:31	1	0	15	0
        110376	2026-04-22 07:58:43	1	0	15	0
        116990	2026-04-22 07:58:49	1	0	15	0
        110633	2026-04-22 07:59:19	1	0	15	0
        117114	2026-04-22 07:59:21	1	0	15	0
        118732	2026-04-22 07:59:24	1	0	15	0
        117341	2026-04-22 08:00:08	1	0	15	0
        117046	2026-04-22 08:00:14	1	0	15	0
        117120	2026-04-22 08:00:17	1	0	15	0
        110055	2026-04-22 08:00:50	1	0	15	0
        117156	2026-04-22 08:01:41	1	0	15	0
        117528	2026-04-22 08:01:46	1	0	15	0
        116441	2026-04-22 08:02:08	1	0	15	0
        116805	2026-04-22 08:02:23	1	0	15	0
        110452	2026-04-22 08:02:34	1	0	15	0
        110128	2026-04-22 08:03:25	1	0	15	0
        117630	2026-04-22 08:04:10	1	0	15	0
        117043	2026-04-22 08:04:23	1	0	15	0
        116497	2026-04-22 08:04:55	1	0	15	0
        110514	2026-04-22 08:05:32	1	0	15	0
        117337	2026-04-22 08:05:37	1	0	15	0
        110513	2026-04-22 08:06:33	1	0	15	0
        117196	2026-04-22 08:07:10	1	0	15	0
        118782	2026-04-22 08:07:13	1	0	15	0
        110354	2026-04-22 08:08:08	1	0	15	0
        119602	2026-04-22 08:09:18	1	0	15	0
        116252	2026-04-22 08:10:47	1	0	15	0
        116787	2026-04-22 08:13:00	1	0	15	0
        117222	2026-04-22 08:14:57	1	0	15	0
        117694	2026-04-22 08:15:04	1	0	15	0
        110131	2026-04-22 08:15:23	1	0	15	0
        118584	2026-04-22 08:15:25	1	0	15	0
        118784	2026-04-22 08:16:06	1	0	15	0
        117100	2026-04-22 08:16:50	1	0	15	0
        110090	2026-04-22 08:17:02	1	0	15	0
        116070	2026-04-22 08:17:56	1	0	15	0
        119535	2026-04-22 08:19:04	1	0	15	0
        117807	2026-04-22 08:19:07	1	0	15	0
        116472	2026-04-22 08:21:28	1	0	15	0
        118702	2026-04-22 08:22:36	1	0	15	0
        117224	2026-04-22 08:22:54	1	0	15	0
        110418	2026-04-22 08:23:32	1	0	15	0
        117993	2026-04-22 08:24:47	1	0	15	0
        119493	2026-04-22 08:25:48	1	0	15	0
        110077	2026-04-22 08:25:55	1	0	15	0
        110436	2026-04-22 08:26:01	1	0	15	0
        118221	2026-04-22 08:32:43	1	0	15	0
        110193	2026-04-22 08:33:09	1	0	15	0
        118761	2026-04-22 08:42:50	1	0	15	0
        118271	2026-04-22 10:00:50	1	0	15	0
        110475	2026-04-22 12:00:26	1	2	15	0
        110473	2026-04-22 12:00:30	1	2	15	0
        116902	2026-04-22 12:00:35	1	2	15	0
        117790	2026-04-22 12:00:37	1	2	15	0
        117212	2026-04-22 12:00:39	1	2	15	0
        117993	2026-04-22 12:00:41	1	2	15	0
        118702	2026-04-22 12:00:43	1	2	15	0
        117487	2026-04-22 12:00:45	1	2	15	0
        117133	2026-04-22 12:00:47	1	2	15	0
        117639	2026-04-22 12:00:49	1	2	15	0
        117930	2026-04-22 12:00:51	1	2	15	0
        117807	2026-04-22 12:00:53	1	2	15	0
        116070	2026-04-22 12:00:54	1	2	15	0
        118101	2026-04-22 12:00:56	1	2	15	0
        117043	2026-04-22 12:00:58	1	2	15	0
        110452	2026-04-22 12:01:00	1	2	15	0
        117224	2026-04-22 12:01:02	1	2	15	0
        110510	2026-04-22 12:01:04	1	2	15	0
        110463	2026-04-22 12:01:05	1	2	15	0
        117046	2026-04-22 12:01:11	1	2	15	0
        110418	2026-04-22 12:01:15	1	2	15	0
        116763	2026-04-22 12:01:17	1	2	15	0
        117100	2026-04-22 12:01:19	1	2	15	0
        118563	2026-04-22 12:01:22	1	2	15	0
        117120	2026-04-22 12:01:30	1	2	15	0
        110436	2026-04-22 12:01:42	1	2	15	0
        117091	2026-04-22 12:01:55	1	2	15	0
        117085	2026-04-22 12:01:57	1	2	15	0
        117983	2026-04-22 12:01:59	1	2	15	0
        110195	2026-04-22 12:02:01	1	2	15	0
        110354	2026-04-22 12:02:02	1	2	15	0
        117222	2026-04-22 12:02:05	1	2	15	0
        117528	2026-04-22 12:02:07	1	2	15	0
        110090	2026-04-22 12:02:10	1	2	15	0
        110432	2026-04-22 12:02:12	1	2	15	0
        110376	2026-04-22 12:02:14	1	2	15	0
        117833	2026-04-22 12:02:17	1	2	15	0
        110063	2026-04-22 12:02:20	1	2	15	0
        110077	2026-04-22 12:02:22	1	2	15	0
        117114	2026-04-22 12:02:23	1	2	15	0
        110495	2026-04-22 12:02:28	1	2	15	0
        110493	2026-04-22 12:02:30	1	2	15	0
        116849	2026-04-22 12:02:33	1	2	15	0
        118458	2026-04-22 12:02:35	1	2	15	0
        110183	2026-04-22 12:02:41	1	2	15	0
        110514	2026-04-22 12:02:43	1	2	15	0
        110512	2026-04-22 12:02:45	1	2	15	0
        110632	2026-04-22 12:02:53	1	2	15	0
        110785	2026-04-22 12:02:59	1	2	15	0
        117122	2026-04-22 12:03:01	1	2	15	0
        117111	2026-04-22 12:03:04	1	2	15	0
        116537	2026-04-22 12:03:13	1	2	15	0
        117133	2026-04-22 12:03:23	1	2	15	0
        116787	2026-04-22 12:03:25	1	2	15	0
        117716	2026-04-22 12:03:26	1	2	15	0
        110356	2026-04-22 12:03:28	1	2	15	0
        110355	2026-04-22 12:03:30	1	2	15	0
        116070	2026-04-22 12:03:32	1	2	15	0
        117807	2026-04-22 12:03:35	1	2	15	0
        117225	2026-04-22 12:03:36	1	2	15	0
        117930	2026-04-22 12:03:46	1	2	15	0
        117705	2026-04-22 12:03:54	1	2	15	0
        110465	2026-04-22 12:03:57	1	2	15	0
        110462	2026-04-22 12:04:00	1	2	15	0
        110513	2026-04-22 12:04:03	1	2	15	0
        117707	2026-04-22 12:04:04	1	2	15	0
        119535	2026-04-22 12:04:11	1	2	15	0
        110060	2026-04-22 12:04:18	1	2	15	0
        119365	2026-04-22 12:04:22	1	2	15	0
        117046	2026-04-22 12:04:26	1	2	15	0
        117224	2026-04-22 12:04:28	1	2	15	0
        117120	2026-04-22 12:04:30	1	2	15	0
        110197	2026-04-22 12:04:33	1	2	15	0
        116279	2026-04-22 12:04:35	1	2	15	0
        117156	2026-04-22 12:04:37	1	2	15	0
        110377	2026-04-22 12:04:39	1	2	15	0
        119453	2026-04-22 12:04:45	1	2	15	0
        110088	2026-04-22 12:04:50	1	2	15	0
        110378	2026-04-22 12:04:52	1	2	15	0
        117212	2026-04-22 12:04:59	1	2	15	0
        116763	2026-04-22 12:05:02	1	2	15	0
        110418	2026-04-22 12:05:04	1	2	15	0
        117201	2026-04-22 12:05:13	1	2	15	0
        117993	2026-04-22 12:05:20	1	2	15	0
        110581	2026-04-22 12:05:28	1	2	15	0
        116849	2026-04-22 12:05:32	1	2	15	0
        110580	2026-04-22 12:05:35	1	2	15	0
        110732	2026-04-22 12:05:38	1	2	15	0
        117790	2026-04-22 12:05:40	1	2	15	0
        116902	2026-04-22 12:05:41	1	2	15	0
        110549	2026-04-22 12:05:43	1	2	15	0
        110431	2026-04-22 12:05:45	1	2	15	0
        110090	2026-04-22 12:05:56	1	2	15	0
        117497	2026-04-22 12:06:00	1	2	15	0
        117926	2026-04-22 12:06:02	1	2	15	0
        116799	2026-04-22 12:06:06	1	2	15	0
        110495	2026-04-22 12:06:12	1	2	15	0
        110493	2026-04-22 12:06:15	1	2	15	0
        117694	2026-04-22 12:06:29	1	2	15	0
        117567	2026-04-22 12:06:37	1	2	15	0
        116451	2026-04-22 12:06:52	1	2	15	0
        117230	2026-04-22 12:06:54	1	2	15	0
        116778	2026-04-22 12:06:56	1	2	15	0
        117042	2026-04-22 12:06:57	1	2	15	0
        117733	2026-04-22 12:06:58	1	2	15	0
        110432	2026-04-22 12:07:06	1	2	15	0
        118458	2026-04-22 12:07:08	1	2	15	0
        117269	2026-04-22 12:07:14	1	2	15	0
        117705	2026-04-22 12:07:21	1	2	15	0
        117707	2026-04-22 12:07:23	1	2	15	0
        110053	2026-04-22 12:07:25	1	2	15	0
        117341	2026-04-22 12:07:29	1	2	15	0
        116279	2026-04-22 12:07:33	1	2	15	0
        116537	2026-04-22 12:07:39	1	2	15	0
        117635	2026-04-22 12:07:42	1	2	15	0
        117660	2026-04-22 12:07:44	1	2	15	0
        117337	2026-04-22 12:07:46	1	2	15	0
        117595	2026-04-22 12:07:50	1	2	15	0
        110376	2026-04-22 12:07:57	1	2	15	0
        117716	2026-04-22 12:08:00	1	2	15	0
        116787	2026-04-22 12:08:02	1	2	15	0
        117085	2026-04-22 12:08:04	1	2	15	0
        110436	2026-04-22 12:08:05	1	2	15	0
        118702	2026-04-22 12:08:08	1	2	15	0
        117487	2026-04-22 12:08:12	1	2	15	0
        118750	2026-04-22 12:08:14	1	2	15	0
        110355	2026-04-22 12:08:16	1	2	15	0
        110356	2026-04-22 12:08:18	1	2	15	0
        117222	2026-04-22 12:08:19	1	2	15	0
        117528	2026-04-22 12:08:20	1	2	15	0
        110507	2026-04-22 12:08:24	1	2	15	0
        119535	2026-04-22 12:08:26	1	2	15	0
        110057	2026-04-22 12:08:30	1	2	15	0
        119364	2026-04-22 12:08:36	1	2	15	0
        119365	2026-04-22 12:08:41	1	2	15	0
        110093	2026-04-22 12:08:45	1	2	15	0
        117833	2026-04-22 12:08:48	1	2	15	0
        110421	2026-04-22 12:08:52	1	2	15	0
        110063	2026-04-22 12:08:59	1	2	15	0
        110377	2026-04-22 12:09:03	1	2	15	0
        110105	2026-04-22 12:09:13	1	2	15	0
        117129	2026-04-22 12:09:18	1	2	15	0
        116453	2026-04-22 12:09:21	1	2	15	0
        117196	2026-04-22 12:09:23	1	2	15	0
        110354	2026-04-22 12:09:25	1	2	15	0
        110116	2026-04-22 12:09:32	1	2	15	0
        117201	2026-04-22 12:10:13	1	2	15	0
        110511	2026-04-22 12:10:29	1	2	15	0
        119386	2026-04-22 12:10:36	1	2	15	0
        116778	2026-04-22 12:10:40	1	2	15	0
        110463	2026-04-22 12:10:44	1	2	15	0
        110510	2026-04-22 12:10:48	1	2	15	0
        117110	2026-04-22 12:10:52	1	2	15	0
        116828	2026-04-22 12:10:58	1	2	1	0
        117733	2026-04-22 12:11:04	1	2	15	0
        117341	2026-04-22 12:11:06	1	2	15	0
        117269	2026-04-22 12:11:08	1	2	15	0
        110060	2026-04-22 12:11:11	1	2	15	0
        116741	2026-04-22 12:11:15	1	2	15	0
        116441	2026-04-22 12:11:17	1	2	15	0
        110053	2026-04-22 12:11:19	1	2	15	0
        117635	2026-04-22 12:11:39	1	2	15	0
        117660	2026-04-22 12:11:42	1	2	15	0
        117983	2026-04-22 12:11:45	1	2	15	0
        119364	2026-04-22 12:12:02	1	2	15	0
        116282	2026-04-22 12:12:05	1	2	15	0
        118640	2026-04-22 12:12:11	1	2	15	0
        119453	2026-04-22 12:12:14	1	2	15	0
        117497	2026-04-22 12:12:19	1	2	15	0
        119263	2026-04-22 12:12:33	1	2	15	0
        110378	2026-04-22 12:12:52	1	2	15	0
        110088	2026-04-22 12:12:54	1	2	15	0
        117122	2026-04-22 12:12:56	1	2	15	0
        116252	2026-04-22 12:12:58	1	2	15	0
        118503	2026-04-22 12:13:56	1	2	15	0
        110465	2026-04-22 12:14:04	1	2	15	0
        110057	2026-04-22 12:14:14	1	2	15	0
        116512	2026-04-22 12:14:21	1	2	15	0
        116751	2026-04-22 12:14:23	1	2	15	0
        110357	2026-04-22 12:14:46	1	2	15	0
        110456	2026-04-22 12:14:50	1	2	15	0
        110105	2026-04-22 12:14:53	1	2	15	0
        116741	2026-04-22 12:14:56	1	2	15	0
        116441	2026-04-22 12:14:57	1	2	15	0
        117230	2026-04-22 12:15:00	1	2	15	0
        116451	2026-04-22 12:15:02	1	2	15	0
        117039	2026-04-22 12:15:04	1	2	15	0
        118750	2026-04-22 12:15:07	1	2	15	0
        117232	2026-04-22 12:15:11	1	2	15	0
        117129	2026-04-22 12:15:14	1	2	15	0
        117982	2026-04-22 12:15:20	1	2	15	0
        118503	2026-04-22 12:15:22	1	2	15	0
        117921	2026-04-22 12:15:25	1	2	15	0
        117692	2026-04-22 12:15:27	1	2	15	0
        117196	2026-04-22 12:15:28	1	2	15	0
        117156	2026-04-22 12:15:31	1	2	15	0
        117042	2026-04-22 12:15:37	1	2	15	0
        118640	2026-04-22 12:15:53	1	2	15	0
        116496	2026-04-22 12:15:55	1	2	15	0
        119263	2026-04-22 12:15:58	1	2	15	0
        117812	2026-04-22 12:16:01	1	2	15	0
        110431	2026-04-22 12:16:05	1	2	15	0
        119493	2026-04-22 12:16:09	1	2	15	0
        116799	2026-04-22 12:16:13	1	2	15	0
        117542	2026-04-22 12:16:19	1	2	15	0
        116453	2026-04-22 12:16:29	1	2	15	0
        110785	2026-04-22 12:16:43	1	2	15	0
        117110	2026-04-22 12:16:56	1	2	15	0
        119386	2026-04-22 12:17:08	1	2	15	0
        117814	2026-04-22 12:17:15	1	2	15	0
        110462	2026-04-22 12:17:31	1	2	15	0
        117699	2026-04-22 12:17:36	1	2	15	0
        110393	2026-04-22 12:17:50	1	2	15	0
        118753	2026-04-22 12:17:53	1	2	15	0
        110413	2026-04-22 12:17:56	1	2	15	0
        116512	2026-04-22 12:17:58	1	2	15	0
        116751	2026-04-22 12:18:00	1	2	15	0
        117270	2026-04-22 12:18:10	1	2	15	0
        116142	2026-04-22 12:18:17	1	2	15	0
        118867	2026-04-22 12:18:23	1	2	15	0
        110128	2026-04-22 12:18:29	1	2	15	0
        119340	2026-04-22 12:18:38	1	2	15	0
        118221	2026-04-22 12:18:47	1	2	15	0
        116551	2026-04-22 12:19:24	1	2	15	0
        110131	2026-04-22 12:19:26	1	2	15	0
        117812	2026-04-22 12:19:28	1	2	15	0
        117982	2026-04-22 12:19:42	1	2	15	0
        117921	2026-04-22 12:19:50	1	2	15	0
        117692	2026-04-22 12:19:51	1	2	15	0
        110527	2026-04-22 12:20:15	1	2	15	0
        118753	2026-04-22 12:20:43	1	2	15	0
        119493	2026-04-22 12:21:00	1	2	15	0
        116073	2026-04-22 12:21:06	1	2	15	0
        118867	2026-04-22 12:21:09	1	2	15	0
        110077	2026-04-22 12:21:26	1	2	15	0
        110357	2026-04-22 12:21:33	1	2	15	0
        110456	2026-04-22 12:21:38	1	2	15	0
        117700	2026-04-22 12:21:48	1	2	15	0
        110070	2026-04-22 12:22:15	1	2	15	0
        118221	2026-04-22 12:22:29	1	2	15	0
        117542	2026-04-22 12:22:51	1	2	15	0
        117814	2026-04-22 12:22:55	1	2	15	0
        110195	2026-04-22 12:23:20	1	2	15	0
        110511	2026-04-22 12:23:36	1	2	15	0
        116483	2026-04-22 12:23:42	1	2	15	0
        116504	2026-04-22 12:23:44	1	2	15	0
        117639	2026-04-22 12:23:46	1	2	15	0
        110393	2026-04-22 12:23:55	1	2	15	0
        110413	2026-04-22 12:23:58	1	2	15	0
        110632	2026-04-22 12:24:04	1	2	15	0
        118593	2026-04-22 12:24:11	1	2	15	0
        116496	2026-04-22 12:24:19	1	2	15	0
        119340	2026-04-22 12:24:22	1	2	15	0
        117039	2026-04-22 12:24:27	1	2	15	0
        117232	2026-04-22 12:24:32	1	2	15	0
        117630	2026-04-22 12:25:15	1	2	15	0
        118695	2026-04-22 12:25:30	1	2	15	0
        116747	2026-04-22 12:25:32	1	2	15	0
        118862	2026-04-22 12:26:01	1	2	15	0
        118563	2026-04-22 12:26:05	1	2	15	0
        116252	2026-04-22 12:26:10	1	2	15	0
        117567	2026-04-22 12:26:15	1	2	15	0
        118302	2026-04-22 12:26:18	1	2	15	0
        117700	2026-04-22 12:26:27	1	2	15	0
        117092	2026-04-22 12:26:29	1	2	15	0
        110430	2026-04-22 12:26:31	1	2	15	0
        116142	2026-04-22 12:26:44	1	2	15	0
        110070	2026-04-22 12:27:14	1	2	15	0
        110527	2026-04-22 12:27:29	1	2	15	0
        110055	2026-04-22 12:27:42	1	2	15	0
        116933	2026-04-22 12:27:45	1	2	15	0
        118584	2026-04-22 12:27:48	1	2	15	0
        110085	2026-04-22 12:27:52	1	2	15	0
        119602	2026-04-22 12:27:54	1	2	15	0
        110128	2026-04-22 12:27:57	1	2	15	0
        117113	2026-04-22 12:27:59	1	2	15	0
        117711	2026-04-22 12:28:06	1	2	15	0
        117114	2026-04-22 12:28:14	1	2	15	0
        110084	2026-04-22 12:28:16	1	2	15	0
        110093	2026-04-22 12:28:21	1	2	15	0
        110116	2026-04-22 12:28:23	1	2	15	0
        118580	2026-04-22 12:28:24	1	2	15	0
        110197	2026-04-22 12:29:24	1	2	15	0
        117270	2026-04-22 12:29:33	1	2	15	0
        119494	2026-04-22 12:30:30	1	3	15	0
        117043	2026-04-22 12:30:42	1	3	15	0
        118101	2026-04-22 12:30:44	1	3	15	0
        116504	2026-04-22 12:30:50	1	3	15	0
        118584	2026-04-22 12:30:51	1	3	15	0
        116483	2026-04-22 12:30:54	1	3	15	0
        117092	2026-04-22 12:30:59	1	3	15	0
        110512	2026-04-22 12:31:01	1	3	15	0
        110183	2026-04-22 12:31:04	1	3	15	0
        110513	2026-04-22 12:31:06	1	3	15	0
        110430	2026-04-22 12:31:07	1	3	15	0
        118862	2026-04-22 12:31:12	1	3	15	0
        117694	2026-04-22 12:31:17	1	3	15	0
        110549	2026-04-22 12:31:34	1	3	15	0
        110514	2026-04-22 12:31:52	1	3	15	0
        110051	2026-04-22 12:31:58	1	3	15	0
        116282	2026-04-22 12:32:12	1	3	15	0
        110581	2026-04-22 12:32:35	1	3	15	0
        110580	2026-04-22 12:32:38	1	3	15	0
        110732	2026-04-22 12:32:40	1	3	15	0
        118761	2026-04-22 12:32:52	1	3	15	0
        117711	2026-04-22 12:34:14	1	3	15	0
        116828	2026-04-22 12:34:17	1	3	1	0
        118971	2026-04-22 12:34:23	1	3	15	0
        117699	2026-04-22 12:35:06	1	3	15	0
        119602	2026-04-22 12:35:17	1	3	15	0
        116428	2026-04-22 12:36:09	1	3	15	0
        117680	2026-04-22 12:36:31	1	3	15	0
        117591	2026-04-22 12:36:51	1	3	15	0
        119475	2026-04-22 12:38:33	1	3	15	0
        110065	2026-04-22 12:38:36	1	3	15	0
        118732	2026-04-22 12:38:49	1	3	15	0
        110466	2026-04-22 12:38:51	1	3	15	0
        118271	2026-04-22 12:38:54	1	3	15	0
        117595	2026-04-22 12:38:58	1	3	15	0
        110421	2026-04-22 12:39:49	1	3	15	0
        116933	2026-04-22 12:40:02	1	3	15	0
        118971	2026-04-22 12:40:13	1	3	15	0
        110473	2026-04-22 12:40:22	1	3	15	0
        110475	2026-04-22 12:40:24	1	3	15	0
        110447	2026-04-22 12:40:36	1	3	15	0
        116274	2026-04-22 12:40:40	1	3	15	0
        117591	2026-04-22 12:41:23	1	3	15	0
        118271	2026-04-22 12:41:38	1	3	15	0
        118732	2026-04-22 12:41:53	1	3	15	0
        116747	2026-04-22 12:42:08	1	3	15	0
        116472	2026-04-22 12:42:13	1	3	15	0
        117103	2026-04-22 12:42:23	1	3	15	0
        118761	2026-04-22 12:42:33	1	3	15	0
        117630	2026-04-22 12:42:41	1	3	15	0
        110083	2026-04-22 12:42:46	1	3	15	0
        117680	2026-04-22 12:42:48	1	3	15	0
        117100	2026-04-22 12:43:04	1	3	15	0
        118753	2026-04-22 12:43:18	1	3	15	0
        110466	2026-04-22 12:44:06	1	3	15	0
        116274	2026-04-22 12:44:16	1	3	15	0
        116428	2026-04-22 12:44:21	1	3	15	0
        116472	2026-04-22 12:44:32	1	3	15	0
        117103	2026-04-22 12:44:37	1	3	15	0
        118302	2026-04-22 12:44:40	1	3	15	0
        110083	2026-04-22 12:45:29	1	3	15	0
        110065	2026-04-22 12:45:33	1	3	15	0
        119475	2026-04-22 12:45:35	1	3	15	0
        110062	2026-04-22 12:45:38	1	3	15	0
        116053	2026-04-22 12:45:40	1	3	15	0
        117926	2026-04-22 12:46:18	1	3	15	0
        110131	2026-04-22 12:46:41	1	3	15	0
        118207	2026-04-22 12:46:48	1	3	15	0
        116551	2026-04-22 12:47:00	1	3	15	0
        110200	2026-04-22 12:47:36	1	3	15	0
        110062	2026-04-22 12:48:09	1	3	15	0
        110025	2026-04-22 12:48:12	1	3	15	0
        118593	2026-04-22 12:48:36	1	3	15	0
        110084	2026-04-22 12:48:57	1	3	15	0
        118580	2026-04-22 12:49:02	1	3	15	0
        118695	2026-04-22 12:49:31	1	3	15	0
        117111	2026-04-22 12:49:55	1	3	15	0
        117337	2026-04-22 12:49:57	1	3	15	0
        110452	2026-04-22 12:49:59	1	3	15	0
        110074	2026-04-22 12:50:02	1	3	15	0
        119070	2026-04-22 12:50:06	1	3	15	0
        118455	2026-04-22 12:50:08	1	3	15	0
        117259	2026-04-22 12:50:10	1	3	15	0
        110200	2026-04-22 12:50:20	1	3	15	0
        110051	2026-04-22 12:50:47	1	3	15	0
        116805	2026-04-22 12:51:26	1	3	15	0
        110507	2026-04-22 12:51:47	1	3	15	0
        117061	2026-04-22 12:52:49	1	3	15	0
        116356	2026-04-22 12:52:53	1	3	15	0
        118207	2026-04-22 12:52:58	1	3	15	0
        110025	2026-04-22 12:52:59	1	3	15	0
        118369	2026-04-22 12:53:03	1	3	15	0
        117924	2026-04-22 12:53:05	1	3	15	0
        117981	2026-04-22 12:53:07	1	3	15	0
        116260	2026-04-22 12:53:10	1	3	15	0
        110457	2026-04-22 12:53:13	1	3	15	0
        116072	2026-04-22 12:53:15	1	3	15	0
        116497	2026-04-22 12:53:20	1	3	15	0
        110085	2026-04-22 12:53:32	1	3	15	0
        117121	2026-04-22 12:53:40	1	3	15	0
        118782	2026-04-22 12:53:42	1	3	15	0
        110100	2026-04-22 12:53:51	1	3	15	0
        119070	2026-04-22 12:55:17	1	3	15	0
        118455	2026-04-22 12:55:19	1	3	15	0
        110074	2026-04-22 12:55:23	1	3	15	0
        117113	2026-04-22 12:55:30	1	3	15	0
        117259	2026-04-22 12:55:35	1	3	15	0
        117981	2026-04-22 12:56:06	1	3	15	0
        117061	2026-04-22 12:56:12	1	3	15	0
        116356	2026-04-22 12:56:14	1	3	15	0
        118369	2026-04-22 12:56:16	1	3	15	0
        116805	2026-04-22 12:56:19	1	3	15	0
        116497	2026-04-22 12:56:26	1	3	15	0
        117924	2026-04-22 12:56:32	1	3	15	0
        116260	2026-04-22 12:56:35	1	3	15	0
        116073	2026-04-22 12:56:39	1	3	15	0
        110457	2026-04-22 12:56:45	1	3	15	0
        116072	2026-04-22 12:56:47	1	3	15	0
        110051	2026-04-22 12:56:54	1	3	15	0
        110100	2026-04-22 12:57:04	1	3	15	0
        117121	2026-04-22 12:58:39	1	3	15	0
        118782	2026-04-22 12:58:42	1	3	15	0
        117092	2026-04-22 13:00:34	1	3	15	0
        110507	2026-04-22 17:00:49	1	1	15	0
        118580	2026-04-22 17:01:53	1	1	15	0
        116282	2026-04-22 17:02:15	1	1	15	0
        117224	2026-04-22 17:02:22	1	1	15	0
        118207	2026-04-22 17:03:11	1	1	15	0
        110475	2026-04-22 17:03:16	1	1	15	0
        118503	2026-04-22 17:03:20	1	1	15	0
        110527	2026-04-22 17:03:27	1	1	15	0
        117635	2026-04-22 17:03:30	1	1	15	0
        117039	2026-04-22 17:03:32	1	1	15	0
        118750	2026-04-22 17:03:35	1	1	15	0
        116441	2026-04-22 17:03:37	1	1	15	0
        117660	2026-04-22 17:03:38	1	1	15	0
        117110	2026-04-22 17:03:40	1	1	15	0
        116741	2026-04-22 17:03:42	1	1	15	0
        117705	2026-04-22 17:03:45	1	1	15	0
        110355	2026-04-22 17:03:51	1	1	15	0
        117133	2026-04-22 17:04:06	1	1	15	0
        117103	2026-04-22 17:04:08	1	1	15	0
        119365	2026-04-22 17:04:11	1	1	15	0
        118732	2026-04-22 17:04:28	1	1	15	0
        110065	2026-04-22 17:04:31	1	1	15	0
        119475	2026-04-22 17:04:33	1	1	15	0
        116496	2026-04-22 17:04:35	1	1	15	0
        110785	2026-04-22 17:04:39	1	1	15	0
        110495	2026-04-22 17:04:43	1	1	15	0
        110493	2026-04-22 17:04:45	1	1	15	0
        117567	2026-04-22 17:04:47	1	1	15	0
        110084	2026-04-22 17:04:53	1	1	15	0
        110510	2026-04-22 17:04:54	1	1	15	0
        110421	2026-04-22 17:04:56	1	1	15	0
        116073	2026-04-22 17:05:00	1	1	15	0
        117042	2026-04-22 17:05:03	1	1	15	0
        117680	2026-04-22 17:05:19	1	1	15	0
        110085	2026-04-22 17:05:42	1	1	15	0
        119340	2026-04-22 17:05:47	1	1	15	0
        110511	2026-04-22 17:05:53	1	1	15	0
        116933	2026-04-22 17:05:57	1	1	15	0
        117833	2026-04-22 17:06:01	1	1	15	0
        116451	2026-04-22 17:06:03	1	1	15	0
        117232	2026-04-22 17:06:06	1	1	15	0
        116274	2026-04-22 17:06:08	1	1	15	0
        117930	2026-04-22 17:06:12	1	1	15	0
        110093	2026-04-22 17:06:21	1	1	15	0
        110377	2026-04-22 17:06:24	1	1	15	0
        110376	2026-04-22 17:06:29	1	1	15	0
        119263	2026-04-22 17:06:32	1	1	15	0
        110432	2026-04-22 17:06:54	1	1	15	0
        117700	2026-04-22 17:06:57	1	1	15	0
        119453	2026-04-22 17:07:05	1	1	15	0
        117982	2026-04-22 17:07:08	1	1	15	0
        110462	2026-04-22 17:07:11	1	1	15	0
        110452	2026-04-22 17:07:15	1	1	15	0
        118753	2026-04-22 17:07:20	1	1	15	0
        117122	2026-04-22 17:07:23	1	1	15	0
        117269	2026-04-22 17:07:47	1	1	15	0
        116551	2026-04-22 17:07:49	1	1	15	0
        117639	2026-04-22 17:07:52	1	1	15	0
        110354	2026-04-22 17:07:55	1	1	15	0
        116778	2026-04-22 17:07:57	1	1	15	0
        116279	2026-04-22 17:07:59	1	1	15	0
        117711	2026-04-22 17:08:04	1	1	15	0
        117733	2026-04-22 17:08:11	1	1	15	0
        118302	2026-04-22 17:08:13	1	1	15	0
        117113	2026-04-22 17:08:20	1	1	15	0
        110436	2026-04-22 17:08:25	1	1	15	0
        110447	2026-04-22 17:08:34	1	1	15	0
        110549	2026-04-22 17:08:36	1	1	15	0
        110356	2026-04-22 17:08:44	1	1	15	0
        117092	2026-04-22 17:08:45	1	1	15	0
        117100	2026-04-22 17:09:06	1	1	15	0
        116537	2026-04-22 17:09:26	1	1	15	0
        117341	2026-04-22 17:09:28	1	1	15	0
        110473	2026-04-22 17:09:31	1	1	15	0
        117837	2026-04-22 17:09:36	1	1	15	0
        117230	2026-04-22 17:09:41	1	1	15	0
        119494	2026-04-22 17:10:17	1	1	15	0
        119070	2026-04-22 17:10:23	1	1	15	0
        118455	2026-04-22 17:10:25	1	1	15	0
        118563	2026-04-22 17:10:27	1	1	15	0
        117111	2026-04-22 17:10:29	1	1	15	0
        118640	2026-04-22 17:10:31	1	1	15	0
        116504	2026-04-22 17:10:33	1	1	15	0
        110088	2026-04-22 17:10:35	1	1	15	0
        119364	2026-04-22 17:10:36	1	1	15	0
        117259	2026-04-22 17:10:38	1	1	15	0
        117061	2026-04-22 17:10:41	1	1	15	0
        116805	2026-04-22 17:10:43	1	1	15	0
        118971	2026-04-22 17:10:47	1	1	15	0
        117270	2026-04-22 17:10:49	1	1	15	0
        116990	2026-04-22 17:10:55	1	1	15	0
        116799	2026-04-22 17:11:08	1	1	15	0
        116070	2026-04-22 17:11:19	1	1	1	0
        110465	2026-04-22 17:11:25	1	1	15	0
        116849	2026-04-22 17:11:29	1	1	15	0
        116053	2026-04-22 17:11:31	1	1	15	0
        110131	2026-04-22 17:11:45	1	1	15	0
        117692	2026-04-22 17:11:52	1	1	15	0
        117969	2026-04-22 17:11:59	1	1	15	0
        117812	2026-04-22 17:12:03	1	1	15	0
        116428	2026-04-22 17:12:29	1	1	15	0
        117497	2026-04-22 17:12:40	1	1	15	0
        110466	2026-04-22 17:12:45	1	1	15	0
        110197	2026-04-22 17:13:13	1	1	15	0
        110074	2026-04-22 17:13:15	1	1	15	0
        117926	2026-04-22 17:13:33	1	1	15	0
        117790	2026-04-22 17:14:00	1	1	15	0
        116763	2026-04-22 17:14:02	1	1	15	0
        117043	2026-04-22 17:14:05	1	1	15	0
        116902	2026-04-22 17:14:09	1	1	15	0
        118101	2026-04-22 17:14:11	1	1	15	0
        110100	2026-04-22 17:14:14	1	1	15	0
        117993	2026-04-22 17:14:20	1	1	15	0
        110200	2026-04-22 17:14:24	1	1	15	0
        110463	2026-04-22 17:14:28	1	1	15	0
        117983	2026-04-22 17:14:37	1	1	15	0
        116828	2026-04-22 17:14:42	1	1	1	0
        118271	2026-04-22 17:14:56	1	1	15	0
        110025	2026-04-22 17:15:40	1	1	15	0
        117129	2026-04-22 17:16:19	1	1	15	0
        118584	2026-04-22 17:16:50	1	1	15	0
        117201	2026-04-22 17:17:13	1	1	15	0
        117337	2026-04-22 17:17:17	1	1	15	0
        110431	2026-04-22 17:17:22	1	1	15	0
        116252	2026-04-22 17:17:45	1	1	15	0
        117121	2026-04-22 17:18:23	1	1	15	0
        117156	2026-04-22 17:18:25	1	1	15	0
        118782	2026-04-22 17:19:36	1	1	15	0
        117716	2026-04-22 17:19:45	1	1	15	0
        117630	2026-04-22 17:20:20	1	1	15	0
        118695	2026-04-22 17:21:24	1	1	15	0
        110357	2026-04-22 17:22:06	1	1	15	0
        110456	2026-04-22 17:22:10	1	1	15	0
        117487	2026-04-22 17:22:32	1	1	15	0
        118702	2026-04-22 17:22:34	1	1	15	0
        118593	2026-04-22 17:23:10	1	1	15	0
        110632	2026-04-22 17:23:14	1	1	15	0
        110090	2026-04-22 17:23:19	1	1	15	0
        110050	2026-04-22 17:24:53	1	1	15	0
        110077	2026-04-22 17:25:36	1	1	15	0
        110457	2026-04-22 17:25:50	1	1	15	0
        118761	2026-04-22 17:26:04	1	1	15	0
        110060	2026-04-22 17:26:14	1	1	15	0
        110513	2026-04-22 17:29:22	1	1	15	0
        110183	2026-04-22 17:30:18	1	1	15	0
        117114	2026-04-22 17:30:50	1	1	15	0
        110062	2026-04-22 17:31:11	1	1	15	0
        119386	2026-04-22 17:31:13	1	1	15	0
        110063	2026-04-22 17:31:41	1	1	15	0
        110512	2026-04-22 17:31:48	1	1	15	0
        110514	2026-04-22 17:32:51	1	1	15	0
        110506	2026-04-22 17:34:36	1	1	15	0
        110193	2026-04-22 17:35:00	1	1	15	0
        110430	2026-04-22 17:35:58	1	1	15	0
        110195	2026-04-22 17:36:34	1	1	15	0
        117921	2026-04-22 17:36:43	1	1	15	0
        116356	2026-04-22 17:37:17	1	1	15	0
        110105	2026-04-22 17:37:52	1	1	15	0
        117222	2026-04-22 17:37:56	1	1	15	0
        110116	2026-04-22 17:38:39	1	1	15	0
        118369	2026-04-22 17:38:52	1	1	15	0
        117981	2026-04-22 17:38:54	1	1	15	0
        110053	2026-04-22 17:38:57	1	1	15	0
        116453	2026-04-22 17:39:17	1	1	15	0
        117699	2026-04-22 17:39:45	1	1	15	0
        110051	2026-04-22 17:40:01	1	1	15	0
        117694	2026-04-22 17:40:08	1	1	15	0
        110070	2026-04-22 17:41:39	1	1	15	0
        117542	2026-04-22 17:42:11	1	1	15	0
        119493	2026-04-22 17:42:29	1	1	15	0
        117085	2026-04-22 17:42:31	1	1	15	0
        119535	2026-04-22 17:42:35	1	1	15	0
        116142	2026-04-22 17:42:58	1	1	15	0
        117120	2026-04-22 17:43:11	1	1	15	0
        116835	2026-04-22 17:43:15	1	1	15	0
        110372	2026-04-22 17:43:18	1	1	15	0
        117924	2026-04-22 17:43:20	1	1	15	0
        116072	2026-04-22 17:43:22	1	1	15	0
        110413	2026-04-22 17:43:24	1	1	15	0
        118867	2026-04-22 17:43:51	1	1	15	0
        110378	2026-04-22 17:44:13	1	1	15	0
        119104	2026-04-22 17:44:22	1	1	15	0
        110057	2026-04-22 17:44:27	1	1	15	0
        118458	2026-04-22 17:44:46	1	1	15	0
        118753	2026-04-22 17:44:56	1	1	15	0
        117528	2026-04-22 17:45:33	1	1	15	0
        117046	2026-04-22 17:45:37	1	1	15	0
        110418	2026-04-22 17:45:39	1	1	15	0
        110128	2026-04-22 17:46:14	1	1	15	0
        117707	2026-04-22 17:47:23	1	1	15	0
        117595	2026-04-22 17:47:34	1	1	15	0
        118221	2026-04-22 17:47:42	1	1	15	0
        118862	2026-04-22 17:47:43	1	1	15	0
        116787	2026-04-22 17:47:46	1	1	15	0
        110732	2026-04-22 17:49:00	1	1	15	0
        110580	2026-04-22 17:49:08	1	1	15	0
        116260	2026-04-22 17:49:13	1	1	15	0
        110581	2026-04-22 17:49:15	1	1	15	0
        116142	2026-04-22 17:49:24	1	1	15	0
        116483	2026-04-22 17:49:26	1	1	15	0
        116497	2026-04-22 17:49:28	1	1	15	0
        117591	2026-04-22 17:49:34	1	1	15	0
        116831	2026-04-22 17:53:44	1	1	15	0
        110083	2026-04-22 17:57:23	1	1	15	0
        117212	2026-04-22 17:58:27	1	1	15	0
        119602	2026-04-22 18:01:32	1	1	15	0
        117807	2026-04-22 18:12:19	1	1	15	0
        117814	2026-04-22 18:15:26	1	1	15	0
        117091	2026-04-22 18:35:33	1	1	15	0
        110055	2026-04-22 18:42:14	1	1	15	0
        117201	2026-04-23 05:05:21	1	0	15	0
        110093	2026-04-23 06:12:09	1	0	15	0
        116835	2026-04-23 06:27:18	1	0	15	0
        110580	2026-04-23 06:32:43	1	0	15	0
        119070	2026-04-23 06:37:16	1	0	15	0
        110549	2026-04-23 06:44:24	1	0	15	0
        118750	2026-04-23 06:56:03	1	0	15	0
        110581	2026-04-23 06:56:17	1	0	15	0
        110074	2026-04-23 06:58:43	1	0	15	0
        117716	2026-04-23 07:00:16	1	0	15	0
        110785	2026-04-23 07:02:10	1	0	15	0
        110485	2026-04-23 07:06:08	1	0	15	0
        110632	2026-04-23 07:07:43	1	0	15	0
        118640	2026-04-23 07:09:35	1	0	15	0
        118101	2026-04-23 07:13:00	1	0	15	0
        117707	2026-04-23 07:13:48	1	0	15	0
        119494	2026-04-23 07:14:35	1	0	15	0
        110495	2026-04-23 07:16:57	1	0	15	0
        116408	2026-04-23 07:17:06	1	0	15	0
        117129	2026-04-23 07:18:09	1	0	15	0
        117591	2026-04-23 07:18:43	1	0	15	0
        119475	2026-04-23 07:21:35	1	0	15	0
        116274	2026-04-23 07:23:08	1	0	15	0
        110116	2026-04-23 07:23:37	1	0	15	0
        110430	2026-04-23 07:23:53	1	0	15	0
        110051	2026-04-23 07:24:28	1	0	15	0
        117091	2026-04-23 07:25:47	1	0	15	0
        116799	2026-04-23 07:25:54	1	0	15	0
        110732	2026-04-23 07:27:06	1	0	15	0
        110457	2026-04-23 07:27:17	1	0	15	0
        119535	2026-04-23 07:27:32	1	0	15	0
        110085	2026-04-23 07:28:20	1	0	15	0
        110527	2026-04-23 07:28:26	1	0	15	0
        116741	2026-04-23 07:28:31	1	0	15	0
        117270	2026-04-23 07:28:37	1	0	15	0
        110463	2026-04-23 07:28:48	1	0	15	0
        117122	2026-04-23 07:29:59	1	0	15	0
        110357	2026-04-23 07:30:31	1	0	15	0
        118550	2026-04-23 07:31:14	1	0	15	0
        119493	2026-04-23 07:31:22	1	0	15	0
        117635	2026-04-23 07:31:25	1	0	15	0
        110424	2026-04-23 07:31:33	1	0	15	0
        116902	2026-04-23 07:32:33	1	0	15	0
        110462	2026-04-23 07:33:01	1	0	15	0
        117103	2026-04-23 07:33:27	1	0	15	0
        110063	2026-04-23 07:34:07	1	0	15	0
        110057	2026-04-23 07:34:12	1	0	15	0
        110512	2026-04-23 07:34:21	1	0	15	0
        119364	2026-04-23 07:34:36	1	0	15	0
        117337	2026-04-23 07:35:03	1	0	15	0
        110088	2026-04-23 07:35:06	1	0	15	0
        118043	2026-04-23 07:36:50	1	0	15	0
        117705	2026-04-23 07:37:03	1	0	15	0
        110493	2026-04-23 07:37:53	1	0	15	0
        117120	2026-04-23 07:38:30	1	0	15	0
        116142	2026-04-23 07:38:32	1	0	15	0
        116483	2026-04-23 07:39:26	1	0	15	0
        118593	2026-04-23 07:39:35	1	0	15	0
        110083	2026-04-23 07:39:45	1	0	15	0
        116824	2026-04-23 07:39:51	1	0	15	0
        117487	2026-04-23 07:39:56	1	0	15	0
        117224	2026-04-23 07:40:01	1	0	15	0
        118971	2026-04-23 07:40:07	1	0	15	0
        117039	2026-04-23 07:40:24	1	0	15	0
        117232	2026-04-23 07:40:28	1	0	15	0
        117680	2026-04-23 07:40:31	1	0	15	0
        110032	2026-04-23 07:40:55	1	0	15	0
        110355	2026-04-23 07:41:34	1	0	15	0
        110356	2026-04-23 07:41:36	1	0	15	0
        117639	2026-04-23 07:41:41	1	0	15	0
        116504	2026-04-23 07:42:36	1	0	15	0
        110183	2026-04-23 07:42:42	1	0	15	0
        110090	2026-04-23 07:42:47	1	0	15	0
        117983	2026-04-23 07:43:44	1	0	15	0
        118970	2026-04-23 07:43:51	1	0	15	0
        117230	2026-04-23 07:44:06	1	0	15	0
        110025	2026-04-23 07:44:15	1	0	15	0
        110158	2026-04-23 07:44:23	1	0	15	0
        110511	2026-04-23 07:44:25	1	0	15	0
        117660	2026-04-23 07:45:05	1	0	15	0
        110510	2026-04-23 07:45:15	1	0	15	0
        117114	2026-04-23 07:45:59	1	0	15	0
        117212	2026-04-23 07:46:20	1	0	15	0
        117110	2026-04-23 07:46:23	1	0	15	0
        116763	2026-04-23 07:46:28	1	0	15	0
        118455	2026-04-23 07:46:30	1	0	15	0
        110084	2026-04-23 07:46:38	1	0	15	0
        116282	2026-04-23 07:46:57	1	0	15	0
        116451	2026-04-23 07:47:07	1	0	15	0
        117042	2026-04-23 07:47:09	1	0	15	0
        116073	2026-04-23 07:47:18	1	0	15	0
        117711	2026-04-23 07:47:49	1	0	15	0
        117723	2026-04-23 07:48:16	1	0	15	0
        117111	2026-04-23 07:48:43	1	0	15	0
        110431	2026-04-23 07:48:57	1	0	15	0
        110465	2026-04-23 07:49:05	1	0	15	0
        118695	2026-04-23 07:49:12	1	0	15	0
        110413	2026-04-23 07:49:14	1	0	15	0
        117529	2026-04-23 07:49:19	1	0	15	0
        117814	2026-04-23 07:49:25	1	0	15	0
        117497	2026-04-23 07:49:33	1	0	15	0
        117054	2026-04-23 07:49:38	1	0	15	0
        117930	2026-04-23 07:49:53	1	0	15	0
        110456	2026-04-23 07:49:58	1	0	15	0
        110128	2026-04-23 07:50:02	1	0	15	0
        118862	2026-04-23 07:50:08	1	0	15	0
        117733	2026-04-23 07:50:12	1	0	15	0
        118302	2026-04-23 07:50:28	1	0	15	0
        118369	2026-04-23 07:51:07	1	0	15	0
        110436	2026-04-23 07:51:14	1	0	15	0
        117542	2026-04-23 07:51:25	1	0	15	0
        117269	2026-04-23 07:51:29	1	0	15	0
        110421	2026-04-23 07:51:31	1	0	15	0
        116828	2026-04-23 07:51:35	1	0	1	0
        117259	2026-04-23 07:51:41	1	0	15	0
        110657	2026-04-23 07:51:43	1	0	15	0
        110377	2026-04-23 07:51:44	1	0	15	0
        110418	2026-04-23 07:52:32	1	0	15	0
        116356	2026-04-23 07:52:37	1	0	15	0
        110372	2026-04-23 07:52:45	1	0	15	0
        117936	2026-04-23 07:52:52	1	0	15	0
        117837	2026-04-23 07:53:17	1	0	15	0
        117849	2026-04-23 07:53:19	1	0	15	0
        110447	2026-04-23 07:53:40	1	0	15	0
        110076	2026-04-23 07:53:48	1	0	15	0
        117567	2026-04-23 07:53:56	1	0	15	0
        117807	2026-04-23 07:54:00	1	0	15	0
        116260	2026-04-23 07:54:23	1	0	15	0
        116747	2026-04-23 07:54:43	1	0	15	0
        117790	2026-04-23 07:54:57	1	0	15	0
        119263	2026-04-23 07:55:43	1	0	15	0
        117981	2026-04-23 07:55:46	1	0	15	0
        118867	2026-04-23 07:56:14	1	0	15	0
        118503	2026-04-23 07:56:30	1	0	15	0
        110507	2026-04-23 07:56:38	1	0	15	0
        117924	2026-04-23 07:56:46	1	0	15	0
        117113	2026-04-23 07:57:09	1	0	15	0
        118207	2026-04-23 07:57:51	1	0	15	0
        119453	2026-04-23 07:57:57	1	0	15	0
        110378	2026-04-23 07:58:12	1	0	15	0
        117926	2026-04-23 07:58:47	1	0	15	0
        117133	2026-04-23 07:59:19	1	0	15	0
        117833	2026-04-23 07:59:47	1	0	15	0
        110376	2026-04-23 08:00:17	1	0	15	0
        116072	2026-04-23 08:00:19	1	0	15	0
        116933	2026-04-23 08:00:57	1	0	15	0
        117222	2026-04-23 08:01:07	1	0	15	0
        110475	2026-04-23 08:01:18	1	0	15	0
        117694	2026-04-23 08:01:30	1	0	15	0
        110065	2026-04-23 08:02:31	1	0	15	0
        116441	2026-04-23 08:03:03	1	0	15	0
        110077	2026-04-23 08:03:24	1	0	15	0
        117043	2026-04-23 08:03:53	1	0	15	0
        117341	2026-04-23 08:04:28	1	0	15	0
        110473	2026-04-23 08:04:43	1	0	15	0
        117828	2026-04-23 08:05:15	1	0	15	0
        110452	2026-04-23 08:05:26	1	0	15	0
        110514	2026-04-23 08:06:48	1	0	15	0
        116497	2026-04-23 08:08:29	1	0	15	0
        116805	2026-04-23 08:09:55	1	0	15	0
        110131	2026-04-23 08:10:42	1	0	15	0
        110354	2026-04-23 08:12:58	1	0	15	0
        117085	2026-04-23 08:14:03	1	0	15	0
        117061	2026-04-23 08:14:47	1	0	15	0
        116787	2026-04-23 08:15:36	1	0	15	0
        117595	2026-04-23 08:17:35	1	0	15	0
        116849	2026-04-23 08:17:54	1	0	15	0
        110513	2026-04-23 08:19:24	1	0	15	0
        117993	2026-04-23 08:20:48	1	0	15	0
        116252	2026-04-23 08:28:43	1	0	15	0
        118180	2026-04-23 08:29:40	1	0	15	0
        117100	2026-04-23 08:34:57	1	0	15	0
        116053	2026-04-23 08:37:07	1	0	15	0
        117196	2026-04-23 08:38:36	1	0	15	0
        116279	2026-04-23 08:45:36	1	0	15	0
        110193	2026-04-23 08:48:10	1	0	15	0
        118702	2026-04-23 08:50:37	1	0	15	0
        110128	2026-04-23 12:00:06	1	2	15	0
        117983	2026-04-23 12:00:08	1	2	15	0
        110421	2026-04-23 12:00:10	1	2	15	0
        110354	2026-04-23 12:00:12	1	2	15	0
        117270	2026-04-23 12:00:12	1	2	15	0
        117269	2026-04-23 12:00:14	1	2	15	0
        118043	2026-04-23 12:00:16	1	2	15	0
        117341	2026-04-23 12:00:18	1	2	15	0
        117639	2026-04-23 12:00:20	1	2	15	0
        117061	2026-04-23 12:00:22	1	2	15	0
        117981	2026-04-23 12:00:23	1	2	15	0
        116805	2026-04-23 12:00:29	1	2	15	0
        118369	2026-04-23 12:00:32	1	2	15	0
        110527	2026-04-23 12:00:52	1	2	15	0
        110436	2026-04-23 12:00:56	1	2	15	0
        117828	2026-04-23 12:00:58	1	2	15	0
        118101	2026-04-23 12:00:58	1	2	15	0
        117224	2026-04-23 12:01:17	1	2	15	0
        110198	2026-04-23 12:01:27	1	2	15	0
        117707	2026-04-23 12:01:34	1	2	15	0
        117926	2026-04-23 12:01:46	1	2	15	0
        110077	2026-04-23 12:02:08	1	2	15	0
        110418	2026-04-23 12:02:13	1	2	15	0
        116824	2026-04-23 12:02:24	1	2	15	0
        116279	2026-04-23 12:02:36	1	2	15	0
        117201	2026-04-23 12:02:49	1	2	15	0
        117981	2026-04-23 12:02:53	1	2	15	0
        118369	2026-04-23 12:02:54	1	2	15	0
        117061	2026-04-23 12:02:57	1	2	15	0
        116805	2026-04-23 12:03:01	1	2	15	0
        110447	2026-04-23 12:03:03	1	2	15	0
        117341	2026-04-23 12:03:06	1	2	15	0
        117639	2026-04-23 12:03:09	1	2	15	0
        110354	2026-04-23 12:03:11	1	2	15	0
        110495	2026-04-23 12:03:12	1	2	15	0
        110493	2026-04-23 12:03:14	1	2	15	0
        110657	2026-04-23 12:03:25	1	2	15	0
        110051	2026-04-23 12:03:35	1	2	15	0
        117930	2026-04-23 12:03:48	1	2	15	0
        117849	2026-04-23 12:03:50	1	2	15	0
        118750	2026-04-23 12:03:53	1	2	15	0
        116741	2026-04-23 12:03:54	1	2	15	0
        117660	2026-04-23 12:03:56	1	2	15	0
        117224	2026-04-23 12:04:02	1	2	15	0
        117129	2026-04-23 12:04:03	1	2	15	0
        117110	2026-04-23 12:04:07	1	2	15	0
        117790	2026-04-23 12:04:17	1	2	15	0
        116902	2026-04-23 12:04:24	1	2	15	0
        117828	2026-04-23 12:04:26	1	2	15	0
        118101	2026-04-23 12:04:28	1	2	15	0
        117716	2026-04-23 12:04:29	1	2	15	0
        116441	2026-04-23 12:04:32	1	2	15	0
        117833	2026-04-23 12:05:02	1	2	15	0
        117591	2026-04-23 12:05:07	1	2	15	0
        110581	2026-04-23 12:05:14	1	2	15	0
        110580	2026-04-23 12:05:17	1	2	15	0
        110357	2026-04-23 12:05:21	1	2	15	0
        110456	2026-04-23 12:05:24	1	2	15	0
        116279	2026-04-23 12:05:28	1	2	15	0
        117269	2026-04-23 12:05:30	1	2	15	0
        110732	2026-04-23 12:05:31	1	2	15	0
        116451	2026-04-23 12:05:35	1	2	15	0
        116053	2026-04-23 12:05:37	1	2	15	0
        110436	2026-04-23 12:05:40	1	2	15	0
        117814	2026-04-23 12:05:42	1	2	15	0
        117694	2026-04-23 12:05:48	1	2	15	0
        110093	2026-04-23 12:05:51	1	2	15	0
        116073	2026-04-23 12:05:55	1	2	15	0
        116849	2026-04-23 12:06:00	1	2	15	0
        116787	2026-04-23 12:06:02	1	2	15	0
        110418	2026-04-23 12:06:06	1	2	15	0
        117114	2026-04-23 12:06:14	1	2	15	0
        117926	2026-04-23 12:06:20	1	2	15	0
        110495	2026-04-23 12:06:31	1	2	15	0
        110493	2026-04-23 12:06:34	1	2	15	0
        117201	2026-04-23 12:06:41	1	2	15	0
        110785	2026-04-23 12:06:48	1	2	15	0
        117930	2026-04-23 12:06:52	1	2	15	0
        117043	2026-04-23 12:06:56	1	2	15	0
        110657	2026-04-23 12:07:00	1	2	15	0
        110025	2026-04-23 12:07:02	1	2	15	0
        110063	2026-04-23 12:07:06	1	2	15	0
        110090	2026-04-23 12:07:13	1	2	15	0
        118695	2026-04-23 12:07:15	1	2	15	0
        117337	2026-04-23 12:07:17	1	2	15	0
        110549	2026-04-23 12:07:19	1	2	15	0
        116824	2026-04-23 12:07:23	1	2	15	0
        117849	2026-04-23 12:08:02	1	2	15	0
        116451	2026-04-23 12:08:17	1	2	15	0
        116441	2026-04-23 12:08:20	1	2	15	0
        117694	2026-04-23 12:08:22	1	2	15	0
        117660	2026-04-23 12:08:24	1	2	15	0
        118750	2026-04-23 12:08:28	1	2	15	0
        117110	2026-04-23 12:08:32	1	2	15	0
        116053	2026-04-23 12:08:33	1	2	15	0
        117833	2026-04-23 12:08:38	1	2	15	0
        117129	2026-04-23 12:08:48	1	2	15	0
        110808	2026-04-23 12:09:02	1	2	15	0
        116741	2026-04-23 12:09:14	1	2	15	0
        117707	2026-04-23 12:09:24	1	2	15	0
        116933	2026-04-23 12:09:43	1	2	15	0
        119535	2026-04-23 12:09:46	1	2	15	0
        117113	2026-04-23 12:10:16	1	2	15	0
        110085	2026-04-23 12:10:19	1	2	15	0
        118043	2026-04-23 12:10:21	1	2	15	0
        110357	2026-04-23 12:10:59	1	2	15	0
        110456	2026-04-23 12:11:02	1	2	15	0
        110447	2026-04-23 12:11:08	1	2	15	0
        110356	2026-04-23 12:11:13	1	2	15	0
        116849	2026-04-23 12:11:15	1	2	15	0
        116787	2026-04-23 12:11:17	1	2	15	0
        117716	2026-04-23 12:11:19	1	2	15	0
        116828	2026-04-23 12:11:21	1	2	1	0
        110158	2026-04-23 12:11:27	1	2	15	0
        117222	2026-04-23 12:11:34	1	2	15	0
        116799	2026-04-23 12:11:52	1	2	15	0
        117529	2026-04-23 12:12:25	1	2	15	0
        117212	2026-04-23 12:12:49	1	2	15	0
        117054	2026-04-23 12:12:52	1	2	15	0
        117133	2026-04-23 12:13:00	1	2	15	0
        116356	2026-04-23 12:13:13	1	2	15	0
        110032	2026-04-23 12:13:25	1	2	15	0
        110128	2026-04-23 12:13:42	1	2	15	0
        110465	2026-04-23 12:14:25	1	2	15	0
        110463	2026-04-23 12:14:28	1	2	15	0
        110510	2026-04-23 12:14:31	1	2	15	0
        110088	2026-04-23 12:14:37	1	2	15	0
        117635	2026-04-23 12:14:41	1	2	15	0
        110356	2026-04-23 12:14:43	1	2	15	0
        117122	2026-04-23 12:14:46	1	2	15	0
        110511	2026-04-23 12:14:47	1	2	15	0
        117230	2026-04-23 12:14:54	1	2	15	0
        117042	2026-04-23 12:14:56	1	2	15	0
        118302	2026-04-23 12:14:58	1	2	15	0
        116356	2026-04-23 12:15:02	1	2	15	0
        117054	2026-04-23 12:15:12	1	2	15	0
        117733	2026-04-23 12:15:14	1	2	15	0
        117212	2026-04-23 12:15:18	1	2	15	0
        119453	2026-04-23 12:15:20	1	2	15	0
        110527	2026-04-23 12:15:27	1	2	15	0
        110632	2026-04-23 12:15:36	1	2	15	0
        110051	2026-04-23 12:15:45	1	2	15	0
        117497	2026-04-23 12:15:57	1	2	15	0
        110158	2026-04-23 12:16:01	1	2	15	0
        119493	2026-04-23 12:16:06	1	2	15	0
        117542	2026-04-23 12:16:09	1	2	15	0
        110507	2026-04-23 12:16:12	1	2	15	0
        117133	2026-04-23 12:16:14	1	2	15	0
        117591	2026-04-23 12:16:35	1	2	15	0
        110116	2026-04-23 12:16:38	1	2	15	0
        117983	2026-04-23 12:16:50	1	2	15	0
        110421	2026-04-23 12:16:51	1	2	15	0
        117113	2026-04-23 12:17:00	1	2	15	0
        110413	2026-04-23 12:17:10	1	2	15	0
        116252	2026-04-23 12:17:24	1	2	15	0
        110093	2026-04-23 12:17:30	1	2	15	0
        117529	2026-04-23 12:17:46	1	2	15	0
        117814	2026-04-23 12:18:19	1	2	15	0
        117542	2026-04-23 12:18:48	1	2	15	0
        110355	2026-04-23 12:18:50	1	2	15	0
        117567	2026-04-23 12:18:51	1	2	15	0
        119453	2026-04-23 12:19:03	1	2	15	0
        117635	2026-04-23 12:19:13	1	2	15	0
        117230	2026-04-23 12:19:18	1	2	15	0
        110376	2026-04-23 12:19:20	1	2	15	0
        110377	2026-04-23 12:19:24	1	2	15	0
        110581	2026-04-23 12:19:26	1	2	15	0
        110580	2026-04-23 12:19:28	1	2	15	0
        116799	2026-04-23 12:19:33	1	2	15	0
        117222	2026-04-23 12:19:35	1	2	15	0
        117733	2026-04-23 12:19:40	1	2	15	0
        116274	2026-04-23 12:19:51	1	2	15	0
        110732	2026-04-23 12:20:29	1	2	15	0
        119493	2026-04-23 12:20:41	1	2	15	0
        117232	2026-04-23 12:20:46	1	2	15	0
        117039	2026-04-23 12:20:50	1	2	15	0
        110807	2026-04-23 12:20:53	1	2	15	0
        110805	2026-04-23 12:20:59	1	2	15	0
        117042	2026-04-23 12:21:02	1	2	15	0
        118503	2026-04-23 12:21:15	1	2	15	0
        110431	2026-04-23 12:21:49	1	2	15	0
        110372	2026-04-23 12:21:59	1	2	15	0
        110430	2026-04-23 12:22:04	1	2	15	0
        110513	2026-04-23 12:22:07	1	2	15	0
        110511	2026-04-23 12:22:21	1	2	15	0
        110510	2026-04-23 12:22:25	1	2	15	0
        110198	2026-04-23 12:22:30	1	2	15	0
        110507	2026-04-23 12:22:34	1	2	15	0
        110085	2026-04-23 12:22:39	1	2	15	0
        110088	2026-04-23 12:22:44	1	2	15	0
        116252	2026-04-23 12:22:46	1	2	15	0
        110465	2026-04-23 12:23:08	1	2	15	0
        119535	2026-04-23 12:23:13	1	2	15	0
        117111	2026-04-23 12:23:29	1	2	15	0
        117085	2026-04-23 12:23:31	1	2	15	0
        110032	2026-04-23 12:23:36	1	2	15	0
        110376	2026-04-23 12:24:01	1	2	15	0
        110377	2026-04-23 12:24:05	1	2	15	0
        110463	2026-04-23 12:24:13	1	2	15	0
        116835	2026-04-23 12:24:18	1	2	15	0
        110077	2026-04-23 12:24:19	1	2	15	0
        110378	2026-04-23 12:24:44	1	2	15	0
        110431	2026-04-23 12:25:05	1	2	15	0
        110475	2026-04-23 12:25:11	1	2	15	0
        117567	2026-04-23 12:25:19	1	2	15	0
        117196	2026-04-23 12:25:20	1	2	15	0
        110808	2026-04-23 12:25:28	1	2	15	0
        110084	2026-04-23 12:25:40	1	2	15	0
        118580	2026-04-23 12:25:42	1	2	15	0
        116260	2026-04-23 12:25:48	1	2	15	0
        110413	2026-04-23 12:25:55	1	2	15	0
        117497	2026-04-23 12:26:02	1	2	15	0
        110513	2026-04-23 12:26:06	1	2	15	0
        110430	2026-04-23 12:26:09	1	2	15	0
        110632	2026-04-23 12:26:20	1	2	15	0
        117790	2026-04-23 12:26:26	1	2	15	0
        116902	2026-04-23 12:26:29	1	2	15	0
        117085	2026-04-23 12:26:32	1	2	15	0
        117039	2026-04-23 12:26:35	1	2	15	0
        117111	2026-04-23 12:26:36	1	2	15	0
        117993	2026-04-23 12:26:37	1	2	15	0
        117232	2026-04-23 12:26:42	1	2	15	0
        110372	2026-04-23 12:26:43	1	2	15	0
        116835	2026-04-23 12:26:46	1	2	15	0
        117680	2026-04-23 12:26:47	1	2	15	0
        118503	2026-04-23 12:26:53	1	2	15	0
        119594	2026-04-23 12:26:59	1	2	15	0
        116274	2026-04-23 12:27:09	1	2	15	0
        117807	2026-04-23 12:27:24	1	2	15	0
        117837	2026-04-23 12:27:29	1	2	15	0
        116142	2026-04-23 12:28:06	1	2	15	0
        118971	2026-04-23 12:28:07	1	2	15	0
        117196	2026-04-23 12:28:10	1	2	15	0
        110355	2026-04-23 12:28:12	1	2	15	0
        119594	2026-04-23 12:28:19	1	2	15	0
        117723	2026-04-23 12:28:28	1	2	15	0
        110378	2026-04-23 12:28:33	1	2	15	0
        117487	2026-04-23 12:28:39	1	2	15	0
        118702	2026-04-23 12:28:40	1	2	15	0
        117162	2026-04-23 12:28:50	1	2	15	0
        110084	2026-04-23 12:28:58	1	2	15	0
        116260	2026-04-23 12:29:04	1	2	15	0
        118593	2026-04-23 12:29:09	1	2	15	0
        118580	2026-04-23 12:29:19	1	2	15	0
        110512	2026-04-23 12:29:22	1	2	15	0
        110514	2026-04-23 12:29:25	1	2	15	0
        117595	2026-04-23 12:29:27	1	2	15	0
        118917	2026-04-23 12:29:55	1	2	15	0
        117120	2026-04-23 12:30:27	1	2	15	0
        117100	2026-04-23 12:31:05	1	2	15	0
        117114	2026-04-23 12:31:27	1	2	15	0
        118550	2026-04-23 12:31:48	1	2	15	0
        110785	2026-04-23 12:32:05	1	2	15	0
        118207	2026-04-23 12:33:11	1	3	15	0
        116933	2026-04-23 12:33:12	1	3	15	0
        118702	2026-04-23 12:33:15	1	3	15	0
        117487	2026-04-23 12:33:18	1	3	15	0
        117723	2026-04-23 12:33:21	1	3	15	0
        110549	2026-04-23 12:33:25	1	3	15	0
        118971	2026-04-23 12:33:38	1	3	15	0
        117162	2026-04-23 12:33:45	1	3	15	0
        110083	2026-04-23 12:34:33	1	3	15	0
        117043	2026-04-23 12:35:00	1	3	15	0
        117837	2026-04-23 12:35:02	1	3	15	0
        117807	2026-04-23 12:35:03	1	3	15	0
        119263	2026-04-23 12:36:02	1	3	15	0
        117270	2026-04-23 12:36:21	1	3	15	0
        118302	2026-04-23 12:36:41	1	3	15	0
        118207	2026-04-23 12:36:50	1	3	15	0
        110090	2026-04-23 12:37:22	1	3	15	0
        118862	2026-04-23 12:37:39	1	3	15	0
        110462	2026-04-23 12:37:49	1	3	15	0
        118695	2026-04-23 12:38:11	1	3	15	0
        117337	2026-04-23 12:38:13	1	3	15	0
        117120	2026-04-23 12:38:17	1	3	15	0
        110473	2026-04-23 12:38:18	1	3	15	0
        110475	2026-04-23 12:38:20	1	3	15	0
        110083	2026-04-23 12:38:32	1	3	15	0
        110452	2026-04-23 12:38:37	1	3	15	0
        110116	2026-04-23 12:38:38	1	3	15	0
        117122	2026-04-23 12:38:45	1	3	15	0
        110485	2026-04-23 12:38:49	1	3	15	0
        118550	2026-04-23 12:38:53	1	3	15	0
        110025	2026-04-23 12:38:55	1	3	15	0
        110063	2026-04-23 12:38:57	1	3	15	0
        110076	2026-04-23 12:39:04	1	3	15	0
        117103	2026-04-23 12:40:07	1	3	15	0
        110085	2026-04-23 12:41:16	1	3	15	0
        116933	2026-04-23 12:41:19	1	3	15	0
        119494	2026-04-23 12:41:22	1	3	15	0
        117711	2026-04-23 12:41:24	1	3	15	0
        110485	2026-04-23 12:42:27	1	3	15	0
        118867	2026-04-23 12:42:34	1	3	15	0
        110076	2026-04-23 12:42:57	1	3	15	0
        110462	2026-04-23 12:43:32	1	3	15	0
        119263	2026-04-23 12:43:49	1	3	15	0
        118862	2026-04-23 12:43:57	1	3	15	0
        117103	2026-04-23 12:44:24	1	3	15	0
        118593	2026-04-23 12:45:23	1	3	15	0
        117595	2026-04-23 12:46:11	1	3	15	0
        118867	2026-04-23 12:46:17	1	3	15	0
        118640	2026-04-23 12:46:22	1	3	15	0
        118180	2026-04-23 12:46:23	1	3	15	0
        119494	2026-04-23 12:46:25	1	3	15	0
        117711	2026-04-23 12:46:33	1	3	15	0
        110473	2026-04-23 12:46:41	1	3	15	0
        116282	2026-04-23 12:46:51	1	3	15	0
        110452	2026-04-23 12:47:28	1	3	15	0
        116408	2026-04-23 12:48:02	1	3	15	0
        117091	2026-04-23 12:48:08	1	3	15	0
        116282	2026-04-23 12:49:18	1	3	15	0
        117497	2026-04-23 12:49:44	1	3	15	0
        117100	2026-04-23 12:50:09	1	3	15	0
        110512	2026-04-23 12:50:31	1	3	15	0
        110514	2026-04-23 12:50:32	1	3	15	0
        110183	2026-04-23 12:50:35	1	3	15	0
        116483	2026-04-23 12:50:37	1	3	15	0
        119070	2026-04-23 12:50:42	1	3	15	0
        110074	2026-04-23 12:50:44	1	3	15	0
        116504	2026-04-23 12:50:54	1	3	15	0
        117259	2026-04-23 12:50:56	1	3	15	0
        118455	2026-04-23 12:50:59	1	3	15	0
        116408	2026-04-23 12:51:12	1	3	15	0
        118753	2026-04-23 12:51:24	1	3	15	0
        119475	2026-04-23 12:51:39	1	3	15	0
        116072	2026-04-23 12:51:43	1	3	15	0
        110457	2026-04-23 12:51:45	1	3	15	0
        117924	2026-04-23 12:51:48	1	3	15	0
        110065	2026-04-23 12:51:50	1	3	15	0
        116497	2026-04-23 12:51:52	1	3	15	0
        110424	2026-04-23 12:52:20	1	3	15	0
        117091	2026-04-23 12:52:25	1	3	15	0
        118753	2026-04-23 12:52:40	1	3	15	0
        116748	2026-04-23 12:53:30	1	3	15	0
        116073	2026-04-23 12:53:59	1	3	15	0
        110057	2026-04-23 12:54:02	1	3	15	0
        119364	2026-04-23 12:54:11	1	3	15	0
        110807	2026-04-23 12:54:19	1	3	15	0
        116483	2026-04-23 12:55:03	1	3	15	0
        116504	2026-04-23 12:55:04	1	3	15	0
        118455	2026-04-23 12:55:06	1	3	15	0
        119070	2026-04-23 12:55:10	1	3	15	0
        117259	2026-04-23 12:55:12	1	3	15	0
        110074	2026-04-23 12:55:14	1	3	15	0
        110424	2026-04-23 12:55:20	1	3	15	0
        117212	2026-04-23 12:55:27	1	3	15	0
        117993	2026-04-23 12:55:32	1	3	15	0
        117114	2026-04-23 12:55:59	1	3	15	0
        118640	2026-04-23 12:56:16	1	3	15	0
        118180	2026-04-23 12:56:17	1	3	15	0
        110805	2026-04-23 12:56:26	1	3	15	0
        119475	2026-04-23 12:56:31	1	3	15	0
        110065	2026-04-23 12:56:35	1	3	15	0
        116497	2026-04-23 12:56:57	1	3	15	0
        117924	2026-04-23 12:57:27	1	3	15	0
        110457	2026-04-23 12:57:33	1	3	15	0
        116072	2026-04-23 12:57:35	1	3	15	0
        119364	2026-04-23 12:58:11	1	3	15	0
        110057	2026-04-23 12:58:16	1	3	15	0
        110183	2026-04-23 12:59:47	1	3	15	0
        117680	2026-04-23 13:02:42	1	3	15	0
        110809	2026-04-23 14:31:09	1	3	15	0
        110076	2026-04-23 16:24:48	1	1	15	0
        117790	2026-04-23 17:00:16	1	1	15	0
        119535	2026-04-23 17:00:23	1	1	15	0
        118207	2026-04-23 17:01:29	1	1	15	0
        110447	2026-04-23 17:01:43	1	1	15	0
        117196	2026-04-23 17:01:51	1	1	15	0
        117224	2026-04-23 17:02:03	1	1	15	0
        117983	2026-04-23 17:02:06	1	1	15	0
        116824	2026-04-23 17:02:09	1	1	15	0
        116282	2026-04-23 17:02:28	1	1	15	0
        110418	2026-04-23 17:02:30	1	1	15	0
        118180	2026-04-23 17:02:31	1	1	15	0
        110421	2026-04-23 17:02:35	1	1	15	0
        117930	2026-04-23 17:02:37	1	1	15	0
        117833	2026-04-23 17:02:38	1	1	15	0
        110785	2026-04-23 17:02:41	1	1	15	0
        117232	2026-04-23 17:02:50	1	1	15	0
        118750	2026-04-23 17:03:07	1	1	15	0
        117660	2026-04-23 17:03:12	1	1	15	0
        117222	2026-04-23 17:03:14	1	1	15	0
        116741	2026-04-23 17:03:20	1	1	15	0
        117039	2026-04-23 17:03:22	1	1	15	0
        117635	2026-04-23 17:03:22	1	1	15	0
        110549	2026-04-23 17:03:28	1	1	15	0
        116279	2026-04-23 17:03:30	1	1	15	0
        110495	2026-04-23 17:03:40	1	1	15	0
        110493	2026-04-23 17:03:42	1	1	15	0
        118101	2026-04-23 17:03:45	1	1	15	0
        117828	2026-04-23 17:03:47	1	1	15	0
        117837	2026-04-23 17:03:51	1	1	15	0
        116274	2026-04-23 17:03:52	1	1	15	0
        117716	2026-04-23 17:04:16	1	1	15	0
        118503	2026-04-23 17:04:25	1	1	15	0
        118550	2026-04-23 17:04:37	1	1	15	0
        110462	2026-04-23 17:04:43	1	1	15	0
        116073	2026-04-23 17:04:52	1	1	15	0
        117595	2026-04-23 17:05:09	1	1	15	0
        110355	2026-04-23 17:05:38	1	1	15	0
        110452	2026-04-23 17:05:43	1	1	15	0
        110354	2026-04-23 17:05:45	1	1	15	0
        110431	2026-04-23 17:05:50	1	1	15	0
        117680	2026-04-23 17:06:04	1	1	15	0
        110808	2026-04-23 17:06:09	1	1	15	0
        118971	2026-04-23 17:06:21	1	1	15	0
        117110	2026-04-23 17:06:28	1	1	15	0
        117341	2026-04-23 17:06:32	1	1	15	0
        118580	2026-04-23 17:07:28	1	1	15	0
        110084	2026-04-23 17:07:30	1	1	15	0
        118917	2026-04-23 17:07:43	1	1	15	0
        117100	2026-04-23 17:07:45	1	1	15	0
        116053	2026-04-23 17:08:21	1	1	15	0
        117111	2026-04-23 17:08:23	1	1	15	0
        117926	2026-04-23 17:08:27	1	1	15	0
        110377	2026-04-23 17:08:34	1	1	15	0
        110376	2026-04-23 17:08:36	1	1	15	0
        116799	2026-04-23 17:08:43	1	1	15	0
        117103	2026-04-23 17:08:45	1	1	15	0
        110527	2026-04-23 17:08:50	1	1	15	0
        118640	2026-04-23 17:09:13	1	1	15	0
        110116	2026-04-23 17:09:15	1	1	15	0
        117711	2026-04-23 17:09:20	1	1	15	0
        110413	2026-04-23 17:09:41	1	1	15	0
        110436	2026-04-23 17:09:51	1	1	15	0
        117043	2026-04-23 17:09:56	1	1	15	0
        116902	2026-04-23 17:09:58	1	1	15	0
        110475	2026-04-23 17:10:29	1	1	15	0
        117085	2026-04-23 17:10:51	1	1	15	0
        117849	2026-04-23 17:10:52	1	1	15	0
        119494	2026-04-23 17:10:58	1	1	15	0
        118593	2026-04-23 17:11:01	1	1	15	0
        119070	2026-04-23 17:11:37	1	1	15	0
        118455	2026-04-23 17:11:39	1	1	15	0
        119453	2026-04-23 17:12:04	1	1	15	0
        110465	2026-04-23 17:12:08	1	1	15	0
        110463	2026-04-23 17:12:11	1	1	15	0
        110085	2026-04-23 17:12:21	1	1	15	0
        118695	2026-04-23 17:12:40	1	1	15	0
        117337	2026-04-23 17:12:43	1	1	15	0
        110507	2026-04-23 17:12:59	1	1	15	0
        117230	2026-04-23 17:13:44	1	1	15	0
        117042	2026-04-23 17:13:50	1	1	15	0
        117993	2026-04-23 17:13:53	1	1	15	0
        118043	2026-04-23 17:13:55	1	1	15	0
        117054	2026-04-23 17:14:51	1	1	15	0
        110510	2026-04-23 17:15:00	1	1	15	0
        110511	2026-04-23 17:15:07	1	1	15	0
        116504	2026-04-23 17:15:43	1	1	15	0
        110051	2026-04-23 17:15:52	1	1	15	0
        116933	2026-04-23 17:16:26	1	1	15	0
        110807	2026-04-23 17:17:19	1	1	15	0
        110805	2026-04-23 17:17:24	1	1	15	0
        117814	2026-04-23 17:17:35	1	1	15	0
        117113	2026-04-23 17:17:55	1	1	15	0
        110065	2026-04-23 17:17:59	1	1	15	0
        119475	2026-04-23 17:18:19	1	1	15	0
        110356	2026-04-23 17:18:37	1	1	15	0
        110025	2026-04-23 17:18:39	1	1	15	0
        110357	2026-04-23 17:19:55	1	1	15	0
        110456	2026-04-23 17:20:00	1	1	15	0
        117129	2026-04-23 17:20:31	1	1	15	0
        117733	2026-04-23 17:21:24	1	1	15	0
        117259	2026-04-23 17:21:32	1	1	15	0
        110473	2026-04-23 17:21:57	1	1	15	0
        117201	2026-04-23 17:22:07	1	1	15	0
        110457	2026-04-23 17:23:13	1	1	15	0
        117639	2026-04-23 17:24:23	1	1	15	0
        116828	2026-04-23 17:24:41	1	1	1	0
        110131	2026-04-23 17:25:16	1	1	15	0
        110657	2026-04-23 17:26:16	1	1	15	0
        110485	2026-04-23 17:27:23	1	1	15	0
        110809	2026-04-23 17:28:06	1	1	15	0
        117212	2026-04-23 17:29:04	1	1	15	0
        117133	2026-04-23 17:29:35	1	1	15	0
        117497	2026-04-23 17:30:24	1	1	15	0
        110074	2026-04-23 17:31:30	1	1	15	0
        118867	2026-04-23 17:31:58	1	1	15	0
        110083	2026-04-23 17:32:46	1	1	15	0
        110093	2026-04-23 17:33:27	1	1	15	0
        116441	2026-04-23 17:34:20	1	1	15	0
        117707	2026-04-23 17:35:59	1	1	15	0
        116483	2026-04-23 17:36:05	1	1	15	0
        110077	2026-04-23 17:37:03	1	1	15	0
        117924	2026-04-23 17:38:32	1	1	15	0
        117981	2026-04-23 17:38:34	1	1	15	0
        110077	2026-04-23 17:38:36	1	1	15	0
        116805	2026-04-23 17:38:39	1	1	15	0
        118369	2026-04-23 17:39:02	1	1	15	0
        117061	2026-04-23 17:39:16	1	1	15	0
        117091	2026-04-23 17:39:57	1	1	15	0
        118862	2026-04-23 17:39:59	1	1	15	0
        118702	2026-04-23 17:40:04	1	1	15	0
        117723	2026-04-23 17:40:10	1	1	15	0
        117487	2026-04-23 17:40:22	1	1	15	0
        117162	2026-04-23 17:40:28	1	1	15	0
        110424	2026-04-23 17:41:31	1	1	15	0
        117694	2026-04-23 17:42:31	1	1	15	0
        119493	2026-04-23 17:43:17	1	1	15	0
        116748	2026-04-23 17:44:01	1	1	15	0
        116356	2026-04-23 17:44:04	1	1	15	0
        110158	2026-04-23 17:44:07	1	1	15	0
        116849	2026-04-23 17:45:04	1	1	15	0
        116787	2026-04-23 17:45:05	1	1	15	0
        110063	2026-04-23 17:45:20	1	1	15	0
        110088	2026-04-23 17:45:23	1	1	15	0
        110632	2026-04-23 17:45:25	1	1	15	0
        117122	2026-04-23 17:45:32	1	1	15	0
        110128	2026-04-23 17:46:26	1	1	15	0
        117542	2026-04-23 17:47:26	1	1	15	0
        110378	2026-04-23 17:48:21	1	1	15	0
        117270	2026-04-23 17:50:25	1	1	15	0
        117122	2026-04-23 17:52:05	1	1	15	0
        117567	2026-04-23 17:56:21	1	1	15	0
        116497	2026-04-23 17:57:33	1	1	15	0
        116072	2026-04-23 17:57:35	1	1	15	0
        117529	2026-04-23 18:00:59	1	1	15	0
        119263	2026-04-23 18:04:03	1	1	15	0
        116451	2026-04-23 18:06:02	1	1	15	0
        110198	2026-04-23 18:06:23	1	1	15	0
        117120	2026-04-23 18:07:26	1	1	15	0
        116142	2026-04-23 18:07:30	1	1	15	0
        116252	2026-04-23 18:07:47	1	1	15	0
        110732	2026-04-23 18:08:53	1	1	15	0
        110581	2026-04-23 18:08:58	1	1	15	0
        110580	2026-04-23 18:09:01	1	1	15	0
        117591	2026-04-23 18:09:04	1	1	15	0
        116260	2026-04-23 18:09:30	1	1	15	0
        119364	2026-04-23 18:14:28	1	1	15	0
        117114	2026-04-23 18:14:53	1	1	15	0
        110057	2026-04-23 18:17:00	1	1	15	0
        110090	2026-04-23 18:18:50	1	1	15	0
        110090	2026-04-23 18:20:01	1	1	15	0
        110430	2026-04-23 18:20:24	1	1	15	0
        110514	2026-04-23 18:20:34	1	1	15	0
        110512	2026-04-23 18:20:37	1	1	15	0
        117807	2026-04-23 18:22:33	1	1	15	0
        119594	2026-04-23 18:22:35	1	1	15	0
        117742	2026-04-23 18:22:48	1	1	15	0
        110372	2026-04-23 18:25:11	1	1	15	0
        116835	2026-04-23 18:25:15	1	1	15	0
        110183	2026-04-23 18:25:18	1	1	15	0
        118302	2026-04-23 19:03:59	1	1	15	0
        110032	2026-04-23 19:17:56	1	1	15	0
        110032	2026-04-23 19:21:18	1	1	15	0
        116799	2026-04-24 06:35:40	1	0	15	0
        110580	2026-04-24 06:58:31	1	0	15	0
        110549	2026-04-24 06:58:45	1	0	15	0
        110581	2026-04-24 07:06:40	1	0	15	0
        110051	2026-04-24 07:06:46	1	0	15	0
        110060	2026-04-24 07:18:33	1	0	15	0
        110785	2026-04-24 07:20:21	1	0	15	0
        117969	2026-04-24 07:24:28	1	0	15	0
        116902	2026-04-24 07:25:16	1	0	15	0
        110424	2026-04-24 07:26:57	1	0	15	0
        110732	2026-04-24 07:27:06	1	0	15	0
        119272	2026-04-24 07:28:16	1	0	15	0
        119475	2026-04-24 07:29:03	1	0	15	0
        116763	2026-04-24 07:32:11	1	0	15	0
        117850	2026-04-24 07:35:22	1	0	15	0
        110809	2026-04-24 07:35:41	1	0	15	0
        117698	2026-04-24 07:39:22	1	0	15	0
        110633	2026-04-24 07:39:44	1	0	15	0
        110367	2026-04-24 07:41:29	1	0	15	0
        117120	2026-04-24 07:42:45	1	0	15	0
        117920	2026-04-24 07:43:01	1	0	15	0
        117723	2026-04-24 07:44:39	1	0	15	0
        110431	2026-04-24 07:44:44	1	0	15	0
        116129	2026-04-24 07:44:46	1	0	15	0
        119597	2026-04-24 07:44:47	1	0	15	0
        117487	2026-04-24 07:44:50	1	0	15	0
        117837	2026-04-24 07:44:52	1	0	15	0
        117769	2026-04-24 07:46:06	1	0	15	0
        110065	2026-04-24 07:46:08	1	0	15	0
        118101	2026-04-24 07:47:27	1	0	15	0
        117232	2026-04-24 07:47:35	1	0	15	0
        110421	2026-04-24 07:47:47	1	0	15	0
        116282	2026-04-24 07:48:21	1	0	15	0
        118970	2026-04-24 07:49:19	1	0	15	0
        116824	2026-04-24 07:50:48	1	0	15	0
        117642	2026-04-24 07:50:52	1	0	15	0
        116297	2026-04-24 07:51:51	1	0	15	0
        118593	2026-04-24 07:52:18	1	0	15	0
        117930	2026-04-24 07:52:22	1	0	15	0
        117807	2026-04-24 07:53:14	1	0	15	0
        110418	2026-04-24 07:54:51	1	0	15	0
        117591	2026-04-24 07:55:07	1	0	15	0
        110447	2026-04-24 07:55:35	1	0	15	0
        117790	2026-04-24 07:58:21	1	0	15	0
        118695	2026-04-24 07:59:08	1	0	15	0
        117926	2026-04-24 07:59:10	1	0	15	0
        117833	2026-04-24 07:59:57	1	0	15	0
        117111	2026-04-24 08:00:51	1	0	15	0
        117814	2026-04-24 08:00:54	1	0	15	0
        119157	2026-04-24 08:02:40	1	0	15	0
        117983	2026-04-24 08:03:20	1	0	15	0
        118928	2026-04-24 08:05:39	1	0	15	0
        119104	2026-04-24 08:06:33	1	0	15	0
        117828	2026-04-24 08:06:54	1	0	15	0
        118867	2026-04-24 08:08:36	1	0	15	0
        116747	2026-04-24 08:10:06	1	0	15	0
        110076	2026-04-24 08:10:19	1	0	15	0
        118917	2026-04-24 08:12:56	1	0	15	0
        117337	2026-04-24 08:14:39	1	0	15	0
        110413	2026-04-24 08:16:52	1	0	15	0
        119602	2026-04-24 08:17:11	1	0	15	0
        117043	2026-04-24 08:18:52	1	0	15	0
        118813	2026-04-24 08:22:05	1	0	15	0
        110436	2026-04-24 08:23:11	1	0	15	0
        118702	2026-04-24 08:25:14	1	0	15	0
        117085	2026-04-24 08:25:34	1	0	15	0
        118784	2026-04-24 08:26:43	1	0	15	0
        116472	2026-04-24 08:37:23	1	0	15	0
        110100	2026-04-24 08:41:13	1	0	15	0
        116279	2026-04-24 08:49:03	1	0	15	0
        117162	2026-04-24 08:53:12	1	0	15	0
        117091	2026-04-24 10:02:22	1	0	15	0
        117833	2026-04-24 12:00:04	1	2	15	0
        117790	2026-04-24 12:00:09	1	2	15	0
        116902	2026-04-24 12:00:15	1	2	15	0
        117337	2026-04-24 12:00:18	1	2	15	0
        116279	2026-04-24 12:00:20	1	2	15	0
        118101	2026-04-24 12:00:34	1	2	15	0
        117828	2026-04-24 12:00:39	1	2	15	0
        110447	2026-04-24 12:00:43	1	2	15	0
        117926	2026-04-24 12:00:53	1	2	15	0
        110436	2026-04-24 12:01:14	1	2	15	0
        117930	2026-04-24 12:01:55	1	2	15	0
        110809	2026-04-24 12:02:15	1	2	15	0
        116799	2026-04-24 12:02:27	1	2	15	0
        116297	2026-04-24 12:03:11	1	2	15	0
        117232	2026-04-24 12:03:16	1	2	15	0
        118917	2026-04-24 12:03:42	1	2	15	0
        116279	2026-04-24 12:03:50	1	2	15	0
        117833	2026-04-24 12:03:54	1	2	15	0
        110418	2026-04-24 12:03:56	1	2	15	0
        116763	2026-04-24 12:03:59	1	2	15	0
        118101	2026-04-24 12:04:03	1	2	15	0
        117828	2026-04-24 12:04:05	1	2	15	0
        117930	2026-04-24 12:04:12	1	2	15	0
        118970	2026-04-24 12:04:26	1	2	15	0
        116129	2026-04-24 12:04:28	1	2	15	0
        118928	2026-04-24 12:04:30	1	2	15	0
        110549	2026-04-24 12:04:34	1	2	15	0
        110424	2026-04-24 12:04:44	1	2	15	0
        110785	2026-04-24 12:05:05	1	2	15	0
        117926	2026-04-24 12:05:10	1	2	15	0
        110076	2026-04-24 12:05:20	1	2	15	0
        118784	2026-04-24 12:05:47	1	2	15	0
        117487	2026-04-24 12:06:18	1	2	15	0
        117120	2026-04-24 12:06:22	1	2	15	0
        116282	2026-04-24 12:06:36	1	2	15	0
        118813	2026-04-24 12:06:38	1	2	15	0
        117850	2026-04-24 12:06:40	1	2	15	0
        117920	2026-04-24 12:06:43	1	2	15	0
        117698	2026-04-24 12:06:44	1	2	15	0
        110418	2026-04-24 12:06:47	1	2	15	0
        116763	2026-04-24 12:07:09	1	2	15	0
        110447	2026-04-24 12:07:17	1	2	15	0
        118917	2026-04-24 12:07:34	1	2	15	0
        118928	2026-04-24 12:08:11	1	2	15	0
        118970	2026-04-24 12:08:13	1	2	15	0
        116129	2026-04-24 12:08:15	1	2	15	0
        118784	2026-04-24 12:08:18	1	2	15	0
        110424	2026-04-24 12:08:19	1	2	15	0
        117983	2026-04-24 12:08:22	1	2	15	0
        110421	2026-04-24 12:08:24	1	2	15	0
        110367	2026-04-24 12:08:46	1	2	15	0
        117043	2026-04-24 12:08:49	1	2	15	0
        117232	2026-04-24 12:08:55	1	2	15	0
        117162	2026-04-24 12:09:01	1	2	15	0
        117723	2026-04-24 12:09:03	1	2	15	0
        116282	2026-04-24 12:09:05	1	2	15	0
        117698	2026-04-24 12:09:11	1	2	15	0
        116297	2026-04-24 12:09:16	1	2	15	0
        117850	2026-04-24 12:09:41	1	2	15	0
        117920	2026-04-24 12:09:44	1	2	15	0
        118813	2026-04-24 12:09:48	1	2	15	0
        116799	2026-04-24 12:10:05	1	2	15	0
        110431	2026-04-24 12:10:17	1	2	15	0
        117120	2026-04-24 12:10:54	1	2	15	0
        117487	2026-04-24 12:10:56	1	2	15	0
        110076	2026-04-24 12:11:00	1	2	15	0
        119602	2026-04-24 12:11:06	1	2	15	0
        117642	2026-04-24 12:11:12	1	2	15	0
        117162	2026-04-24 12:11:48	1	2	15	0
        110367	2026-04-24 12:12:16	1	2	15	0
        117723	2026-04-24 12:12:34	1	2	15	0
        117043	2026-04-24 12:13:16	1	2	15	0
        119272	2026-04-24 12:13:38	1	2	15	0
        116902	2026-04-24 12:13:57	1	2	1	0
        110436	2026-04-24 12:14:05	1	2	15	0
        117790	2026-04-24 12:15:29	1	2	15	0
        110431	2026-04-24 12:15:47	1	2	15	0
        117983	2026-04-24 12:16:04	1	2	15	0
        119272	2026-04-24 12:16:25	1	2	15	0
        117642	2026-04-24 12:16:43	1	2	15	0
        117769	2026-04-24 12:18:09	1	2	15	0
        117837	2026-04-24 12:18:10	1	2	15	0
        116824	2026-04-24 12:19:06	1	2	15	0
        117769	2026-04-24 12:19:14	1	2	15	0
        117837	2026-04-24 12:19:18	1	2	15	0
        110633	2026-04-24 12:19:27	1	2	15	0
        117814	2026-04-24 12:20:20	1	2	15	0
        119104	2026-04-24 12:21:01	1	2	15	0
        110732	2026-04-24 12:21:39	1	2	15	0
        110580	2026-04-24 12:21:42	1	2	15	0
        110581	2026-04-24 12:21:44	1	2	15	0
        110090	2026-04-24 12:22:19	1	2	15	0
        116824	2026-04-24 12:24:25	1	2	15	0
        119104	2026-04-24 12:24:38	1	2	15	0
        117814	2026-04-24 12:27:24	1	2	15	0
        119602	2026-04-24 12:27:35	1	2	15	0
        118695	2026-04-24 12:27:39	1	2	15	0
        110785	2026-04-24 12:27:45	1	2	15	0
        118593	2026-04-24 12:28:41	1	2	15	0
        117111	2026-04-24 12:29:15	1	2	15	0
        117091	2026-04-24 12:30:10	1	3	15	0
        117085	2026-04-24 12:30:13	1	3	15	0
        110549	2026-04-24 12:30:17	1	3	15	0
        110421	2026-04-24 12:30:54	1	3	15	0
        117807	2026-04-24 12:31:02	1	3	15	0
        110580	2026-04-24 12:31:40	1	3	15	0
        110732	2026-04-24 12:31:43	1	3	15	0
        110581	2026-04-24 12:31:47	1	3	15	0
        117337	2026-04-24 12:32:18	1	3	15	0
        117969	2026-04-24 12:32:33	1	3	15	0
        110413	2026-04-24 12:32:37	1	3	15	0
        117999	2026-04-24 12:32:47	1	3	15	0
        110051	2026-04-24 12:33:21	1	3	15	0
        116747	2026-04-24 12:33:36	1	3	15	0
        116472	2026-04-24 12:33:40	1	3	15	0
        110065	2026-04-24 12:33:46	1	3	15	0
        119475	2026-04-24 12:33:50	1	3	15	0
        110060	2026-04-24 12:33:53	1	3	15	0
        110100	2026-04-24 12:33:56	1	3	15	0
        117807	2026-04-24 12:34:01	1	3	15	0
        117085	2026-04-24 12:34:10	1	3	15	0
        117091	2026-04-24 12:34:14	1	3	15	0
        118695	2026-04-24 12:35:02	1	3	15	0
        117111	2026-04-24 12:35:08	1	3	15	0
        119157	2026-04-24 12:35:27	1	3	15	0
        118867	2026-04-24 12:35:30	1	3	15	0
        117969	2026-04-24 12:35:36	1	3	15	0
        110413	2026-04-24 12:36:08	1	3	15	0
        110100	2026-04-24 12:36:34	1	3	15	0
        116472	2026-04-24 12:37:02	1	3	15	0
        116747	2026-04-24 12:37:05	1	3	15	0
        119157	2026-04-24 12:38:29	1	3	15	0
        119475	2026-04-24 12:38:32	1	3	15	0
        110065	2026-04-24 12:38:35	1	3	15	0
        118867	2026-04-24 12:39:03	1	3	15	0
        118593	2026-04-24 12:40:55	1	3	15	0
        110809	2026-04-24 12:46:52	1	3	15	0
        117591	2026-04-24 12:48:20	1	3	15	0
        110051	2026-04-24 12:48:41	1	3	15	0
        117591	2026-04-24 12:53:43	1	3	15	0
        110633	2026-04-24 12:56:02	1	3	15	0
        110060	2026-04-24 12:57:40	1	3	15	0
        110060	2026-04-24 16:59:20	1	1	15	0
        110633	2026-04-24 17:00:43	1	1	15	0
        117790	2026-04-24 17:01:18	1	1	15	0
        116297	2026-04-24 17:01:45	1	1	15	0
        110060	2026-04-24 17:02:29	1	1	15	0
        116472	2026-04-24 17:03:23	1	1	15	0
        110100	2026-04-24 17:03:30	1	1	15	0
        119157	2026-04-24 17:04:04	1	1	15	0
        118784	2026-04-24 17:04:12	1	1	15	0
        117091	2026-04-24 17:04:24	1	1	15	0
        117983	2026-04-24 17:04:26	1	1	15	0
        110785	2026-04-24 17:04:31	1	1	15	0
        110065	2026-04-24 17:04:35	1	1	15	0
        117807	2026-04-24 17:04:39	1	1	15	0
        119475	2026-04-24 17:04:41	1	1	15	0
        110431	2026-04-24 17:04:45	1	1	15	0
        119272	2026-04-24 17:06:28	1	1	15	0
        116282	2026-04-24 17:06:33	1	1	15	0
        117085	2026-04-24 17:06:35	1	1	15	0
        117833	2026-04-24 17:06:39	1	1	15	0
        116799	2026-04-24 17:06:42	1	1	15	0
        110549	2026-04-24 17:07:05	1	1	15	0
        110421	2026-04-24 17:07:14	1	1	15	0
        117769	2026-04-24 17:07:23	1	1	15	0
        117837	2026-04-24 17:07:25	1	1	15	0
        118867	2026-04-24 17:07:28	1	1	15	0
        118813	2026-04-24 17:09:11	1	1	15	0
        110076	2026-04-24 17:10:03	1	1	15	0
        117850	2026-04-24 17:10:55	1	1	15	0
        110418	2026-04-24 17:13:18	1	1	15	0
        118970	2026-04-24 17:15:16	1	1	15	0
        116129	2026-04-24 17:15:19	1	1	15	0
        118928	2026-04-24 17:15:21	1	1	15	0
        117969	2026-04-24 17:15:24	1	1	15	0
        110413	2026-04-24 17:15:26	1	1	15	0
        118593	2026-04-24 17:16:05	1	1	15	0
        118917	2026-04-24 17:17:08	1	1	15	0
        118101	2026-04-24 17:17:11	1	1	15	0
        116824	2026-04-24 17:17:13	1	1	15	0
        117120	2026-04-24 17:17:25	1	1	15	0
        119602	2026-04-24 17:17:41	1	1	15	0
        117642	2026-04-24 17:18:24	1	1	15	0
        117926	2026-04-24 17:21:43	1	1	15	0
        117698	2026-04-24 17:21:51	1	1	15	0
        117920	2026-04-24 17:21:54	1	1	15	0
        117487	2026-04-24 17:27:23	1	1	15	0
        117591	2026-04-24 17:34:31	1	1	15	0
        117111	2026-04-24 17:35:01	1	1	15	0
        110732	2026-04-24 17:35:06	1	1	15	0
        110581	2026-04-24 17:35:20	1	1	15	0
        110580	2026-04-24 17:35:24	1	1	15	0
        119104	2026-04-24 17:35:37	1	1	15	0
        110809	2026-04-24 17:45:19	1	1	15	0
        110367	2026-04-24 17:49:17	1	1	15	0
        110051	2026-04-24 17:56:05	1	1	15	0
        117162	2026-04-24 17:57:06	1	1	15	0
        117723	2026-04-24 17:57:12	1	1	15	0
        116747	2026-04-24 18:58:34	1	1	15	0
        117337	2026-04-24 19:32:29	1	1	15	0
        118695	2026-04-24 19:32:33	1	1	15	0
        110032	2026-04-25 08:23:09	1	0	15	0
        110032	2026-04-25 12:04:03	1	2	15	0
        110032	2026-04-25 12:08:11	1	2	15	0
        119104	2026-04-25 13:39:13	1	3	15	0
        119104	2026-04-25 16:55:09	1	1	15	0
        119104	2026-04-26 13:20:55	1	3	15	0
        119104	2026-04-26 18:15:39	1	1	15	0
        119571	2026-04-27 04:17:24	1	0	15	0
        117201	2026-04-27 04:42:32	1	0	15	0
        117835	2026-04-27 04:53:22	1	0	15	0
        116834	2026-04-27 05:11:11	1	0	15	0
        110144	2026-04-27 05:29:52	1	0	15	0
        110535	2026-04-27 05:42:36	1	0	15	0
        119104	2026-04-27 05:50:22	1	0	15	0
        117993	2026-04-27 05:50:47	1	0	15	0
        117716	2026-04-27 06:06:01	1	0	15	0
        116831	2026-04-27 06:11:00	1	0	15	0
        117983	2026-04-27 06:11:40	1	0	15	0
        116835	2026-04-27 06:20:37	1	0	15	0
        110393	2026-04-27 06:25:30	1	0	15	0
        119070	2026-04-27 06:28:55	1	0	15	0
        117807	2026-04-27 06:30:16	1	0	15	0
        118992	2026-04-27 06:36:47	1	0	15	0
        119594	2026-04-27 06:37:06	1	0	15	0
        117699	2026-04-27 06:38:10	1	0	15	0
        110492	2026-04-27 06:41:51	1	0	15	0
        117841	2026-04-27 06:43:25	1	0	15	0
        110495	2026-04-27 06:50:25	1	0	15	0
        110580	2026-04-27 06:53:07	1	0	15	0
        118593	2026-04-27 06:53:41	1	0	15	0
        118750	2026-04-27 06:54:20	1	0	15	0
        117707	2026-04-27 06:55:55	1	0	15	0
        110465	2026-04-27 06:56:59	1	0	15	0
        117092	2026-04-27 06:57:48	1	0	15	0
        110581	2026-04-27 06:58:52	1	0	15	0
        110549	2026-04-27 06:59:02	1	0	15	0
        117147	2026-04-27 07:00:24	1	0	15	0
        116799	2026-04-27 07:00:51	1	0	15	0
        110032	2026-04-27 07:04:38	1	0	15	0
        110785	2026-04-27 07:06:04	1	0	15	0
        117129	2026-04-27 07:06:11	1	0	15	0
        110511	2026-04-27 07:08:05	1	0	15	0
        110070	2026-04-27 07:08:32	1	0	15	0
        110512	2026-04-27 07:09:25	1	0	15	0
        110074	2026-04-27 07:10:00	1	0	15	0
        110632	2026-04-27 07:10:30	1	0	15	0
        117969	2026-04-27 07:10:34	1	0	15	0
        117212	2026-04-27 07:12:05	1	0	15	0
        116497	2026-04-27 07:13:02	1	0	15	0
        110574	2026-04-27 07:14:11	1	0	15	0
        110466	2026-04-27 07:14:27	1	0	15	0
        118101	2026-04-27 07:15:21	1	0	15	0
        110510	2026-04-27 07:15:46	1	0	15	0
        116960	2026-04-27 07:15:51	1	0	15	0
        118563	2026-04-27 07:16:03	1	0	15	0
        119449	2026-04-27 07:16:30	1	0	15	0
        110088	2026-04-27 07:16:31	1	0	15	0
        118455	2026-04-27 07:17:27	1	0	15	0
        116483	2026-04-27 07:18:35	1	0	15	0
        119107	2026-04-27 07:18:44	1	0	15	0
        110462	2026-04-27 07:19:14	1	0	15	0
        110116	2026-04-27 07:19:24	1	0	15	0
        117337	2026-04-27 07:20:15	1	0	15	0
        117921	2026-04-27 07:20:24	1	0	15	0
        110538	2026-04-27 07:22:29	1	0	15	0
        117543	2026-04-27 07:23:10	1	0	15	0
        110083	2026-04-27 07:23:16	1	0	15	0
        110424	2026-04-27 07:23:20	1	0	15	0
        110430	2026-04-27 07:24:01	1	0	15	0
        119143	2026-04-27 07:24:33	1	0	15	0
        118695	2026-04-27 07:24:41	1	0	15	0
        116902	2026-04-27 07:25:00	1	0	15	0
        117270	2026-04-27 07:25:48	1	0	15	0
        117230	2026-04-27 07:25:54	1	0	15	0
        117541	2026-04-27 07:26:18	1	0	15	0
        117705	2026-04-27 07:26:29	1	0	15	0
        116428	2026-04-27 07:27:08	1	0	15	0
        117680	2026-04-27 07:27:25	1	0	15	0
        118580	2026-04-27 07:27:31	1	0	15	0
        110131	2026-04-27 07:28:00	1	0	15	0
        117591	2026-04-27 07:28:31	1	0	15	0
        117259	2026-04-27 07:28:55	1	0	15	0
        116479	2026-04-27 07:30:08	1	0	15	0
        110463	2026-04-27 07:30:33	1	0	15	0
        117103	2026-04-27 07:30:54	1	0	15	0
        117487	2026-04-27 07:31:11	1	0	15	0
        117711	2026-04-27 07:31:25	1	0	15	0
        116142	2026-04-27 07:31:30	1	0	15	0
        117144	2026-04-27 07:32:19	1	0	15	0
        117224	2026-04-27 07:33:30	1	0	15	0
        117039	2026-04-27 07:33:35	1	0	15	0
        117133	2026-04-27 07:33:37	1	0	15	0
        117232	2026-04-27 07:33:42	1	0	15	0
        117981	2026-04-27 07:33:44	1	0	15	0
        119263	2026-04-27 07:33:47	1	0	15	0
        110053	2026-04-27 07:34:08	1	0	15	0
        110809	2026-04-27 07:34:36	1	0	15	0
        116763	2026-04-27 07:34:53	1	0	15	0
        117709	2026-04-27 07:34:55	1	0	15	0
        117700	2026-04-27 07:35:00	1	0	15	0
        110456	2026-04-27 07:35:18	1	0	15	0
        119157	2026-04-27 07:36:00	1	0	15	0
        116383	2026-04-27 07:36:06	1	0	15	0
        110418	2026-04-27 07:36:39	1	0	15	0
        110356	2026-04-27 07:37:44	1	0	15	0
        110355	2026-04-27 07:37:49	1	0	15	0
        110808	2026-04-27 07:38:20	1	0	15	0
        110457	2026-04-27 07:38:26	1	0	15	0
        116504	2026-04-27 07:38:33	1	0	15	0
        110060	2026-04-27 07:38:41	1	0	15	0
        110158	2026-04-27 07:38:49	1	0	15	0
        118369	2026-04-27 07:39:06	1	0	15	0
        110063	2026-04-27 07:40:12	1	0	15	0
        110057	2026-04-27 07:40:16	1	0	15	0
        116356	2026-04-27 07:41:38	1	0	15	0
        118829	2026-04-27 07:41:43	1	0	15	0
        118753	2026-04-27 07:41:52	1	0	15	0
        118867	2026-04-27 07:41:55	1	0	15	0
        110732	2026-04-27 07:42:20	1	0	15	0
        118917	2026-04-27 07:43:14	1	0	15	0
        117616	2026-04-27 07:43:22	1	0	15	0
        110354	2026-04-27 07:43:55	1	0	15	0
        110128	2026-04-27 07:44:00	1	0	15	0
        117121	2026-04-27 07:44:20	1	0	15	0
        116496	2026-04-27 07:44:21	1	0	15	0
        117972	2026-04-27 07:44:39	1	0	15	0
        117567	2026-04-27 07:44:47	1	0	15	0
        116741	2026-04-27 07:44:59	1	0	15	0
        110006	2026-04-27 07:45:10	1	0	15	0
        117723	2026-04-27 07:46:20	1	0	15	0
        119386	2026-04-27 07:46:44	1	0	15	0
        117091	2026-04-27 07:47:00	1	0	15	0
        116805	2026-04-27 07:47:03	1	0	15	0
        116778	2026-04-27 07:47:05	1	0	15	0
        117088	2026-04-27 07:47:30	1	0	15	0
        117595	2026-04-27 07:47:33	1	0	15	0
        117085	2026-04-27 07:47:48	1	0	15	0
        110431	2026-04-27 07:47:55	1	0	15	0
        117497	2026-04-27 07:47:59	1	0	15	0
        110050	2026-04-27 07:48:04	1	0	15	0
        118761	2026-04-27 07:48:09	1	0	15	0
        110195	2026-04-27 07:48:11	1	0	15	0
        110105	2026-04-27 07:48:30	1	0	15	0
        110514	2026-04-27 07:48:35	1	0	15	0
        117930	2026-04-27 07:48:39	1	0	15	0
        110372	2026-04-27 07:48:50	1	0	15	0
        110475	2026-04-27 07:49:14	1	0	15	0
        110807	2026-04-27 07:49:20	1	0	15	0
        118221	2026-04-27 07:49:25	1	0	15	0
        117692	2026-04-27 07:49:30	1	0	15	0
        117042	2026-04-27 07:49:31	1	0	15	0
        116069	2026-04-27 07:49:35	1	0	15	0
        117924	2026-04-27 07:49:41	1	0	15	0
        116297	2026-04-27 07:49:44	1	0	15	0
        110507	2026-04-27 07:49:48	1	0	15	0
        110421	2026-04-27 07:49:52	1	0	15	0
        110377	2026-04-27 07:49:57	1	0	15	0
        119227	2026-04-27 07:50:01	1	0	15	0
        117660	2026-04-27 07:50:35	1	0	15	0
        110413	2026-04-27 07:50:41	1	0	15	0
        117817	2026-04-27 07:50:55	1	0	15	0
        116824	2026-04-27 07:51:00	1	0	15	0
        118503	2026-04-27 07:51:03	1	0	15	0
        118046	2026-04-27 07:51:05	1	0	15	0
        117236	2026-04-27 07:51:32	1	0	15	0
        110065	2026-04-27 07:51:40	1	0	15	0
        118732	2026-04-27 07:51:56	1	0	15	0
        116493	2026-04-27 07:52:07	1	0	15	0
        117114	2026-04-27 07:52:17	1	0	15	0
        110025	2026-04-27 07:52:25	1	0	15	0
        110657	2026-04-27 07:52:27	1	0	15	0
        117542	2026-04-27 07:52:35	1	0	15	0
        117528	2026-04-27 07:52:39	1	0	15	0
        110197	2026-04-27 07:52:53	1	0	15	0
        117046	2026-04-27 07:54:18	1	0	15	0
        117120	2026-04-27 07:54:22	1	0	15	0
        116073	2026-04-27 07:54:23	1	0	15	0
        110055	2026-04-27 07:54:44	1	0	15	0
        117635	2026-04-27 07:54:48	1	0	15	0
        110077	2026-04-27 07:56:01	1	0	15	0
        116441	2026-04-27 07:56:03	1	0	15	0
        117054	2026-04-27 07:56:29	1	0	15	0
        117575	2026-04-27 07:56:32	1	0	15	0
        116933	2026-04-27 07:56:39	1	0	15	0
        117814	2026-04-27 07:56:51	1	0	15	0
        118207	2026-04-27 07:56:58	1	0	15	0
        110376	2026-04-27 07:57:28	1	0	15	0
        117926	2026-04-27 07:57:37	1	0	15	0
        117833	2026-04-27 07:57:51	1	0	15	0
        110527	2026-04-27 07:58:09	1	0	15	0
        110085	2026-04-27 07:58:25	1	0	15	0
        110183	2026-04-27 07:58:33	1	0	15	0
        119602	2026-04-27 07:58:54	1	0	15	0
        117659	2026-04-27 07:59:21	1	0	15	0
        117156	2026-04-27 07:59:47	1	0	15	0
        117222	2026-04-27 08:00:01	1	0	15	0
        116166	2026-04-27 08:00:28	1	0	15	0
        119282	2026-04-27 08:00:35	1	0	15	0
        117828	2026-04-27 08:00:57	1	0	15	0
        110100	2026-04-27 08:01:06	1	0	15	0
        110452	2026-04-27 08:01:09	1	0	15	0
        110805	2026-04-27 08:06:10	1	0	15	0
        117043	2026-04-27 08:06:37	1	0	15	0
        116477	2026-04-27 08:06:40	1	0	15	0
        116337	2026-04-27 08:06:43	1	0	15	0
        118427	2026-04-27 08:06:45	1	0	15	0
        116279	2026-04-27 08:06:50	1	0	15	0
        116748	2026-04-27 08:06:59	1	0	15	0
        110432	2026-04-27 08:07:02	1	0	15	0
        117644	2026-04-27 08:07:09	1	0	15	0
        117100	2026-04-27 08:07:15	1	0	15	0
        117110	2026-04-27 08:07:18	1	0	15	0
        117849	2026-04-27 08:07:26	1	0	15	0
        110511	2026-04-27 08:08:53	1	0	15	0
        118302	2026-04-27 08:09:03	1	0	15	0
        110513	2026-04-27 08:09:12	1	0	15	0
        117630	2026-04-27 08:09:25	1	0	15	0
        116828	2026-04-27 08:09:49	1	0	1	0
        116512	2026-04-27 08:11:09	1	0	15	0
        116751	2026-04-27 08:11:11	1	0	15	0
        118458	2026-04-27 08:11:31	1	0	15	0
        110200	2026-04-27 08:13:53	1	0	15	0
        116472	2026-04-27 08:21:37	1	0	15	0
        110447	2026-04-27 08:22:45	1	0	15	0
        118584	2026-04-27 08:29:49	1	0	15	0
        117111	2026-04-27 08:49:38	1	0	15	0
        116747	2026-04-27 08:57:27	1	0	15	0
        118782	2026-04-27 09:08:02	1	0	15	0
        110633	2026-04-27 09:15:10	1	0	15	0
        110810	2026-04-27 09:17:20	1	0	15	0
        118550	2026-04-27 09:22:07	1	0	15	0
        117077	2026-04-27 09:24:25	1	0	15	0
        118180	2026-04-27 10:05:29	1	0	15	0
        117659	2026-04-27 11:53:56	1	2	15	0
        116477	2026-04-27 12:00:02	1	2	15	0
        117644	2026-04-27 12:00:05	1	2	15	0
        110063	2026-04-27 12:00:07	1	2	15	0
        117575	2026-04-27 12:00:08	1	2	15	0
        110100	2026-04-27 12:00:12	1	2	15	0
        116960	2026-04-27 12:00:14	1	2	15	0
        116933	2026-04-27 12:00:16	1	2	15	0
        110055	2026-04-27 12:00:17	1	2	15	0
        117972	2026-04-27 12:00:19	1	2	15	0
        119386	2026-04-27 12:00:21	1	2	15	0
        110060	2026-04-27 12:00:25	1	2	15	0
        117930	2026-04-27 12:00:30	1	2	15	0
        110158	2026-04-27 12:00:33	1	2	15	0
        119157	2026-04-27 12:00:39	1	2	15	0
        110116	2026-04-27 12:00:42	1	2	15	0
        116073	2026-04-27 12:00:47	1	2	15	0
        110465	2026-04-27 12:00:50	1	2	15	0
        110463	2026-04-27 12:00:52	1	2	15	0
        116763	2026-04-27 12:00:56	1	2	15	0
        110418	2026-04-27 12:00:58	1	2	15	0
        117201	2026-04-27 12:01:01	1	2	15	0
        110462	2026-04-27 12:01:03	1	2	15	0
        116902	2026-04-27 12:01:06	1	2	15	0
        117828	2026-04-27 12:01:08	1	2	15	0
        110452	2026-04-27 12:01:10	1	2	15	0
        110070	2026-04-27 12:01:12	1	2	15	0
        117983	2026-04-27 12:01:13	1	2	15	0
        118458	2026-04-27 12:01:15	1	2	15	0
        116279	2026-04-27 12:01:19	1	2	15	0
        110507	2026-04-27 12:01:21	1	2	15	0
        118992	2026-04-27 12:01:26	1	2	15	0
        117224	2026-04-27 12:01:31	1	2	15	0
        117705	2026-04-27 12:01:37	1	2	15	0
        117926	2026-04-27 12:01:54	1	2	15	0
        117077	2026-04-27 12:01:57	1	2	15	0
        116824	2026-04-27 12:01:58	1	2	15	0
        119449	2026-04-27 12:02:02	1	2	15	0
        116496	2026-04-27 12:02:05	1	2	15	0
        116778	2026-04-27 12:02:06	1	2	15	0
        119386	2026-04-27 12:02:12	1	2	15	0
        117497	2026-04-27 12:02:14	1	2	15	0
        117567	2026-04-27 12:02:17	1	2	15	0
        117644	2026-04-27 12:02:23	1	2	15	0
        117833	2026-04-27 12:02:26	1	2	15	0
        110088	2026-04-27 12:02:30	1	2	15	0
        117616	2026-04-27 12:02:35	1	2	15	0
        117088	2026-04-27 12:02:40	1	2	15	0
        118992	2026-04-27 12:02:50	1	2	15	0
        117144	2026-04-27 12:02:54	1	2	15	0
        117814	2026-04-27 12:02:59	1	2	15	0
        110807	2026-04-27 12:03:09	1	2	15	0
        117133	2026-04-27 12:03:15	1	2	15	0
        118829	2026-04-27 12:03:18	1	2	15	0
        110447	2026-04-27 12:03:20	1	2	15	0
        110077	2026-04-27 12:03:23	1	2	15	0
        116763	2026-04-27 12:03:28	1	2	15	0
        110506	2026-04-27 12:03:30	1	2	15	0
        117680	2026-04-27 12:03:33	1	2	15	0
        116477	2026-04-27 12:03:36	1	2	15	0
        110418	2026-04-27 12:03:38	1	2	15	0
        110198	2026-04-27 12:03:40	1	2	15	0
        116479	2026-04-27 12:03:42	1	2	15	0
        117543	2026-04-27 12:03:47	1	2	15	0
        117699	2026-04-27 12:03:49	1	2	15	0
        117930	2026-04-27 12:04:04	1	2	15	0
        110128	2026-04-27 12:04:07	1	2	15	0
        110376	2026-04-27 12:04:10	1	2	15	0
        110377	2026-04-27 12:04:13	1	2	15	0
        110457	2026-04-27 12:04:17	1	2	15	0
        117575	2026-04-27 12:04:29	1	2	15	0
        116741	2026-04-27 12:04:37	1	2	15	0
        110430	2026-04-27 12:04:43	1	2	15	0
        110514	2026-04-27 12:04:45	1	2	15	0
        110105	2026-04-27 12:04:48	1	2	15	0
        110183	2026-04-27 12:04:51	1	2	15	0
        119157	2026-04-27 12:04:54	1	2	15	0
        119107	2026-04-27 12:04:59	1	2	15	0
        110512	2026-04-27 12:05:04	1	2	15	0
        110424	2026-04-27 12:05:08	1	2	15	0
        119263	2026-04-27 12:05:15	1	2	15	0
        116960	2026-04-27 12:05:20	1	2	15	0
        110060	2026-04-27 12:05:22	1	2	15	0
        110507	2026-04-27 12:05:24	1	2	15	0
        110100	2026-04-27 12:05:27	1	2	15	0
        117705	2026-04-27 12:05:30	1	2	15	0
        117709	2026-04-27 12:05:32	1	2	15	0
        117711	2026-04-27 12:05:34	1	2	15	0
        117046	2026-04-27 12:05:39	1	2	15	0
        118563	2026-04-27 12:05:42	1	2	15	0
        116824	2026-04-27 12:05:45	1	2	15	0
        117926	2026-04-27 12:05:47	1	2	15	0
        117129	2026-04-27 12:05:50	1	2	15	0
        116902	2026-04-27 12:05:53	1	2	15	0
        110354	2026-04-27 12:05:55	1	2	15	0
        117849	2026-04-27 12:05:57	1	2	15	0
        117828	2026-04-27 12:05:58	1	2	15	0
        118829	2026-04-27 12:06:00	1	2	15	0
        118695	2026-04-27 12:06:04	1	2	15	0
        117133	2026-04-27 12:06:07	1	2	15	0
        117337	2026-04-27 12:06:11	1	2	15	0
        117111	2026-04-27 12:06:14	1	2	15	0
        116279	2026-04-27 12:06:17	1	2	15	0
        110785	2026-04-27 12:06:19	1	2	15	0
        118458	2026-04-27 12:06:24	1	2	15	0
        117983	2026-04-27 12:06:47	1	2	15	0
        110088	2026-04-27 12:06:50	1	2	15	0
        110549	2026-04-27 12:06:53	1	2	15	0
        110465	2026-04-27 12:07:00	1	2	15	0
        117100	2026-04-27 12:07:02	1	2	15	0
        110421	2026-04-27 12:07:07	1	2	15	0
        110447	2026-04-27 12:07:13	1	2	15	0
        116337	2026-04-27 12:07:27	1	2	15	0
        117077	2026-04-27 12:07:32	1	2	15	0
        110183	2026-04-27 12:07:40	1	2	15	0
        110430	2026-04-27 12:07:44	1	2	15	0
        117043	2026-04-27 12:07:51	1	2	15	0
        110527	2026-04-27 12:07:56	1	2	15	0
        110514	2026-04-27 12:07:58	1	2	15	0
        118584	2026-04-27 12:08:02	1	2	15	0
        110032	2026-04-27 12:08:09	1	2	15	0
        110354	2026-04-27 12:08:13	1	2	15	0
        110512	2026-04-27 12:08:19	1	2	15	0
        117046	2026-04-27 12:08:22	1	2	15	0
        110376	2026-04-27 12:08:34	1	2	15	0
        116496	2026-04-27 12:08:36	1	2	15	0
        110377	2026-04-27 12:08:38	1	2	15	0
        110424	2026-04-27 12:08:43	1	2	15	0
        117709	2026-04-27 12:08:45	1	2	15	0
        117849	2026-04-27 12:08:47	1	2	15	0
        116778	2026-04-27 12:08:51	1	2	15	0
        110462	2026-04-27 12:08:58	1	2	15	0
        110463	2026-04-27 12:09:11	1	2	15	0
        116142	2026-04-27 12:09:14	1	2	15	0
        118563	2026-04-27 12:09:18	1	2	15	0
        117567	2026-04-27 12:09:21	1	2	15	0
        118750	2026-04-27 12:09:26	1	2	15	0
        117110	2026-04-27 12:09:27	1	2	15	0
        110006	2026-04-27 12:09:41	1	2	15	0
        110063	2026-04-27 12:09:47	1	2	15	0
        117541	2026-04-27 12:09:52	1	2	15	0
        117129	2026-04-27 12:09:54	1	2	15	0
        118593	2026-04-27 12:09:57	1	2	15	0
        117711	2026-04-27 12:10:00	1	2	15	0
        117833	2026-04-27 12:10:02	1	2	15	0
        117542	2026-04-27 12:10:04	1	2	15	0
        117236	2026-04-27 12:10:07	1	2	15	0
        117591	2026-04-27 12:10:10	1	2	15	0
        117807	2026-04-27 12:10:12	1	2	15	0
        110116	2026-04-27 12:10:18	1	2	15	0
        117201	2026-04-27 12:10:24	1	2	15	0
        117144	2026-04-27 12:10:28	1	2	15	0
        117616	2026-04-27 12:10:30	1	2	15	0
        117088	2026-04-27 12:10:43	1	2	15	0
        116831	2026-04-27 12:10:48	1	2	15	0
        110506	2026-04-27 12:10:54	1	2	15	0
        110198	2026-04-27 12:10:56	1	2	15	0
        117487	2026-04-27 12:10:59	1	2	15	0
        117156	2026-04-27 12:11:02	1	2	15	0
        118782	2026-04-27 12:11:04	1	2	15	0
        117120	2026-04-27 12:11:09	1	2	15	0
        117121	2026-04-27 12:11:15	1	2	15	0
        110006	2026-04-27 12:11:26	1	2	15	0
        117222	2026-04-27 12:11:30	1	2	15	0
        110105	2026-04-27 12:11:40	1	2	15	0
        110538	2026-04-27 12:11:43	1	2	15	0
        118753	2026-04-27 12:11:45	1	2	15	0
        110580	2026-04-27 12:11:50	1	2	15	0
        110581	2026-04-27 12:11:53	1	2	15	0
        110732	2026-04-27 12:11:56	1	2	15	0
        110574	2026-04-27 12:12:00	1	2	15	0
        110510	2026-04-27 12:12:03	1	2	15	0
        110511	2026-04-27 12:12:05	1	2	15	0
        110810	2026-04-27 12:12:08	1	2	15	0
        118584	2026-04-27 12:12:13	1	2	15	0
        118695	2026-04-27 12:12:17	1	2	15	0
        110197	2026-04-27 12:12:25	1	2	15	0
        117814	2026-04-27 12:12:36	1	2	15	0
        116799	2026-04-27 12:12:40	1	2	15	0
        116493	2026-04-27 12:12:45	1	2	15	0
        117497	2026-04-27 12:12:47	1	2	15	0
        117680	2026-04-27 12:12:50	1	2	15	0
        119107	2026-04-27 12:12:51	1	2	15	0
        110466	2026-04-27 12:13:02	1	2	15	0
        118732	2026-04-27 12:13:03	1	2	15	0
        110492	2026-04-27 12:13:05	1	2	15	0
        117043	2026-04-27 12:13:07	1	2	15	0
        118550	2026-04-27 12:13:11	1	2	15	0
        117723	2026-04-27 12:13:12	1	2	15	0
        117092	2026-04-27 12:13:17	1	2	15	0
        117841	2026-04-27 12:13:20	1	2	15	0
        116166	2026-04-27 12:13:25	1	2	15	0
        117042	2026-04-27 12:13:30	1	2	15	0
        117542	2026-04-27 12:13:35	1	2	15	0
        116337	2026-04-27 12:13:38	1	2	15	0
        117807	2026-04-27 12:13:53	1	2	15	0
        117700	2026-04-27 12:14:30	1	2	15	0
        117716	2026-04-27 12:14:32	1	2	15	0
        119282	2026-04-27 12:14:35	1	2	15	0
        117692	2026-04-27 12:14:36	1	2	15	0
        110527	2026-04-27 12:14:47	1	2	15	0
        116493	2026-04-27 12:15:13	1	2	15	0
        117660	2026-04-27 12:15:17	1	2	15	0
        117635	2026-04-27 12:15:19	1	2	15	0
        116479	2026-04-27 12:15:32	1	2	15	0
        118593	2026-04-27 12:15:37	1	2	15	0
        117921	2026-04-27 12:15:42	1	2	15	0
        117236	2026-04-27 12:15:47	1	2	15	0
        110355	2026-04-27 12:15:54	1	2	15	0
        110356	2026-04-27 12:15:56	1	2	15	0
        118503	2026-04-27 12:16:13	1	2	15	0
        110053	2026-04-27 12:16:16	1	2	15	0
        117156	2026-04-27 12:16:17	1	2	15	0
        118782	2026-04-27 12:16:21	1	2	15	0
        117591	2026-04-27 12:16:43	1	2	15	0
        110032	2026-04-27 12:16:51	1	2	15	0
        110538	2026-04-27 12:17:17	1	2	15	0
        116831	2026-04-27 12:17:25	1	2	15	0
        117707	2026-04-27 12:17:28	1	2	15	0
        117841	2026-04-27 12:17:30	1	2	15	0
        110077	2026-04-27 12:17:38	1	2	15	0
        116512	2026-04-27 12:17:41	1	2	15	0
        116751	2026-04-27 12:17:42	1	2	15	0
        117103	2026-04-27 12:17:45	1	2	15	0
        116166	2026-04-27 12:17:54	1	2	15	0
        117121	2026-04-27 12:17:59	1	2	15	0
        117110	2026-04-27 12:18:11	1	2	15	0
        110632	2026-04-27 12:18:18	1	2	15	0
        117114	2026-04-27 12:18:22	1	2	15	0
        118750	2026-04-27 12:18:25	1	2	15	0
        110372	2026-04-27 12:18:31	1	2	15	0
        116835	2026-04-27 12:18:33	1	2	15	0
        117487	2026-04-27 12:18:58	1	2	15	0
        117723	2026-04-27 12:19:03	1	2	15	0
        118732	2026-04-27 12:19:06	1	2	15	0
        117092	2026-04-27 12:19:09	1	2	15	0
        116741	2026-04-27 12:19:26	1	2	15	0
        110085	2026-04-27 12:19:30	1	2	15	0
        119449	2026-04-27 12:19:33	1	2	15	0
        117660	2026-04-27 12:19:36	1	2	15	0
        117635	2026-04-27 12:19:38	1	2	15	0
        110511	2026-04-27 12:19:57	1	2	15	0
        110355	2026-04-27 12:20:06	1	2	15	0
        110356	2026-04-27 12:20:07	1	2	15	0
        110510	2026-04-27 12:20:11	1	2	15	0
        117212	2026-04-27 12:20:35	1	2	15	0
        117054	2026-04-27 12:20:39	1	2	15	0
        117543	2026-04-27 12:20:40	1	2	15	0
        118180	2026-04-27 12:20:47	1	2	15	0
        117103	2026-04-27 12:20:55	1	2	15	0
        116142	2026-04-27 12:21:01	1	2	15	0
        117692	2026-04-27 12:21:05	1	2	15	0
        118503	2026-04-27 12:21:09	1	2	15	0
        117259	2026-04-27 12:21:12	1	2	15	0
        110574	2026-04-27 12:21:15	1	2	15	0
        117230	2026-04-27 12:21:22	1	2	15	0
        117270	2026-04-27 12:21:26	1	2	15	0
        117630	2026-04-27 12:21:28	1	2	15	0
        110158	2026-04-27 12:21:52	1	2	15	0
        117921	2026-04-27 12:21:55	1	2	15	0
        119263	2026-04-27 12:22:30	1	2	15	0
        110432	2026-04-27 12:22:34	1	2	15	0
        110053	2026-04-27 12:22:46	1	2	15	0
        117707	2026-04-27 12:22:52	1	2	15	0
        117700	2026-04-27 12:22:54	1	2	15	0
        117716	2026-04-27 12:22:56	1	2	15	0
        117817	2026-04-27 12:22:58	1	2	15	0
        116748	2026-04-27 12:23:04	1	2	15	0
        117212	2026-04-27 12:23:34	1	2	15	0
        117054	2026-04-27 12:23:36	1	2	15	0
        118302	2026-04-27 12:23:39	1	2	15	0
        117699	2026-04-27 12:24:04	1	2	15	0
        117120	2026-04-27 12:24:08	1	2	15	0
        118221	2026-04-27 12:24:14	1	2	15	0
        110492	2026-04-27 12:24:27	1	2	15	0
        110372	2026-04-27 12:24:37	1	2	15	0
        116835	2026-04-27 12:24:38	1	2	15	0
        117039	2026-04-27 12:25:42	1	2	15	0
        117232	2026-04-27 12:25:48	1	2	15	0
        117230	2026-04-27 12:26:08	1	2	15	0
        110432	2026-04-27 12:26:12	1	2	15	0
        119282	2026-04-27 12:26:16	1	2	15	0
        118180	2026-04-27 12:26:19	1	2	15	0
        110085	2026-04-27 12:26:24	1	2	15	0
        116799	2026-04-27 12:26:35	1	2	15	0
        118101	2026-04-27 12:26:44	1	2	15	0
        116748	2026-04-27 12:27:10	1	2	15	0
        117100	2026-04-27 12:27:28	1	2	15	0
        110128	2026-04-27 12:27:50	1	2	15	0
        117259	2026-04-27 12:28:01	1	2	15	0
        117270	2026-04-27 12:28:03	1	2	15	0
        118753	2026-04-27 12:28:06	1	2	15	0
        117541	2026-04-27 12:28:08	1	2	15	0
        117528	2026-04-27 12:28:21	1	2	15	0
        117222	2026-04-27 12:28:23	1	2	15	0
        116428	2026-04-27 12:28:55	1	2	15	0
        118761	2026-04-27 12:28:58	1	2	15	0
        110549	2026-04-27 12:28:59	1	2	15	0
        110475	2026-04-27 12:29:15	1	2	15	0
        118101	2026-04-27 12:29:40	1	2	15	0
        118221	2026-04-27 12:30:37	1	3	15	0
        110085	2026-04-27 12:30:53	1	3	15	0
        110431	2026-04-27 12:31:09	1	3	15	0
        117042	2026-04-27 12:31:39	1	3	15	0
        117630	2026-04-27 12:31:51	1	3	15	0
        118867	2026-04-27 12:32:11	1	3	15	0
        110632	2026-04-27 12:32:25	1	3	15	0
        117114	2026-04-27 12:32:28	1	3	15	0
        118580	2026-04-27 12:33:01	1	3	15	0
        110513	2026-04-27 12:33:17	1	3	15	0
        116441	2026-04-27 12:33:44	1	3	15	0
        118427	2026-04-27 12:33:54	1	3	15	0
        110065	2026-04-27 12:33:57	1	3	15	0
        110808	2026-04-27 12:34:07	1	3	15	0
        117993	2026-04-27 12:34:13	1	3	15	0
        110475	2026-04-27 12:34:26	1	3	15	0
        117817	2026-04-27 12:34:38	1	3	15	0
        117528	2026-04-27 12:34:44	1	3	15	0
        110431	2026-04-27 12:35:00	1	3	15	0
        110197	2026-04-27 12:35:19	1	3	15	0
        118867	2026-04-27 12:35:29	1	3	15	0
        110357	2026-04-27 12:35:34	1	3	15	0
        110456	2026-04-27 12:35:37	1	3	15	0
        118427	2026-04-27 12:35:46	1	3	15	0
        116428	2026-04-27 12:35:57	1	3	15	0
        118761	2026-04-27 12:36:00	1	3	15	0
        110065	2026-04-27 12:36:13	1	3	15	0
        110657	2026-04-27 12:36:30	1	3	15	0
        110495	2026-04-27 12:36:32	1	3	15	0
        116828	2026-04-27 12:36:37	1	3	1	0
        117542	2026-04-27 12:36:43	1	3	15	0
        117039	2026-04-27 12:36:48	1	3	15	0
        117232	2026-04-27 12:36:52	1	3	15	0
        110513	2026-04-27 12:37:07	1	3	15	0
        117085	2026-04-27 12:37:33	1	3	15	0
        117147	2026-04-27 12:37:37	1	3	15	0
        116441	2026-04-27 12:38:24	1	3	15	0
        119602	2026-04-27 12:38:35	1	3	15	0
        110070	2026-04-27 12:38:50	1	3	15	0
        116828	2026-04-27 12:39:10	1	3	1	0
        116512	2026-04-27 12:39:16	1	3	15	0
        116933	2026-04-27 12:39:23	1	3	15	0
        116751	2026-04-27 12:39:27	1	3	15	0
        110581	2026-04-27 12:39:44	1	3	15	0
        110580	2026-04-27 12:39:49	1	3	15	0
        110732	2026-04-27 12:39:53	1	3	15	0
        117091	2026-04-27 12:39:58	1	3	15	0
        110495	2026-04-27 12:40:04	1	3	15	0
        110657	2026-04-27 12:40:07	1	3	15	0
        117224	2026-04-27 12:40:13	1	3	15	0
        117111	2026-04-27 12:40:17	1	3	15	0
        117337	2026-04-27 12:40:18	1	3	15	0
        118917	2026-04-27 12:40:20	1	3	15	0
        117595	2026-04-27 12:40:28	1	3	15	0
        119104	2026-04-27 12:41:57	1	3	15	0
        116356	2026-04-27 12:42:14	1	3	15	0
        116805	2026-04-27 12:42:20	1	3	15	0
        117981	2026-04-27 12:42:23	1	3	15	0
        118369	2026-04-27 12:42:35	1	3	15	0
        118302	2026-04-27 12:42:36	1	3	15	0
        119602	2026-04-27 12:42:39	1	3	15	0
        110083	2026-04-27 12:42:51	1	3	15	0
        110050	2026-04-27 12:43:04	1	3	15	0
        110785	2026-04-27 12:43:50	1	3	15	0
        118369	2026-04-27 12:44:21	1	3	15	0
        116356	2026-04-27 12:44:22	1	3	15	0
        117981	2026-04-27 12:44:30	1	3	15	0
        119070	2026-04-27 12:44:32	1	3	15	0
        118455	2026-04-27 12:44:36	1	3	15	0
        116805	2026-04-27 12:44:40	1	3	15	0
        117595	2026-04-27 12:44:43	1	3	15	0
        117091	2026-04-27 12:45:04	1	3	15	0
        116483	2026-04-27 12:45:10	1	3	15	0
        110083	2026-04-27 12:45:14	1	3	15	0
        110195	2026-04-27 12:45:20	1	3	15	0
        116504	2026-04-27 12:45:24	1	3	15	0
        116849	2026-04-27 12:45:36	1	3	15	0
        110131	2026-04-27 12:45:38	1	3	15	0
        110200	2026-04-27 12:45:40	1	3	15	0
        119104	2026-04-27 12:46:05	1	3	15	0
        110421	2026-04-27 12:46:09	1	3	15	0
        110456	2026-04-27 12:46:13	1	3	15	0
        117147	2026-04-27 12:46:18	1	3	15	0
        117085	2026-04-27 12:46:34	1	3	15	0
        118917	2026-04-27 12:46:37	1	3	15	0
        116472	2026-04-27 12:47:34	1	3	15	0
        110452	2026-04-27 12:47:51	1	3	15	0
        116933	2026-04-27 12:48:05	1	3	15	0
        116497	2026-04-27 12:48:29	1	3	15	0
        117924	2026-04-27 12:48:32	1	3	15	0
        110457	2026-04-27 12:48:35	1	3	15	0
        116504	2026-04-27 12:48:39	1	3	15	0
        116483	2026-04-27 12:48:40	1	3	15	0
        116297	2026-04-27 12:49:06	1	3	15	0
        110200	2026-04-27 12:49:12	1	3	15	0
        118455	2026-04-27 12:49:19	1	3	15	0
        119070	2026-04-27 12:49:23	1	3	15	0
        110050	2026-04-27 12:49:32	1	3	15	0
        110131	2026-04-27 12:49:58	1	3	15	0
        110195	2026-04-27 12:50:13	1	3	15	0
        118207	2026-04-27 12:51:23	1	3	15	0
        110807	2026-04-27 12:51:30	1	3	15	0
        110057	2026-04-27 12:51:35	1	3	15	0
        110074	2026-04-27 12:51:37	1	3	15	0
        119227	2026-04-27 12:51:42	1	3	15	0
        110805	2026-04-27 12:51:47	1	3	15	0
        116073	2026-04-27 12:51:57	1	3	15	0
        116497	2026-04-27 12:52:09	1	3	15	0
        116297	2026-04-27 12:52:19	1	3	15	0
        117924	2026-04-27 12:52:45	1	3	15	0
        116472	2026-04-27 12:53:20	1	3	15	0
        110810	2026-04-27 12:53:47	1	3	15	0
        116828	2026-04-27 12:54:50	1	3	1	0
        110466	2026-04-27 12:55:07	1	3	15	0
        118207	2026-04-27 12:55:24	1	3	15	0
        119143	2026-04-27 12:55:31	1	3	15	0
        117972	2026-04-27 12:56:13	1	3	15	0
        110805	2026-04-27 12:57:05	1	3	15	0
        110808	2026-04-27 12:57:31	1	3	15	0
        119227	2026-04-27 12:57:47	1	3	15	0
        110074	2026-04-27 12:57:50	1	3	15	0
        110057	2026-04-27 12:57:54	1	3	15	0
        119143	2026-04-27 12:58:14	1	3	15	0
        118580	2026-04-27 12:59:10	1	3	15	0
        110810	2026-04-27 13:01:09	1	3	15	0
        118180	2026-04-27 16:02:55	1	1	15	0
        117644	2026-04-27 16:14:18	1	1	15	0
        116477	2026-04-27 17:01:16	1	1	15	0
        117224	2026-04-27 17:01:29	1	1	15	0
        110065	2026-04-27 17:01:54	1	1	15	0
        116297	2026-04-27 17:02:04	1	1	15	0
        118503	2026-04-27 17:02:11	1	1	15	0
        110527	2026-04-27 17:02:16	1	1	15	0
        116441	2026-04-27 17:02:20	1	1	15	0
        116741	2026-04-27 17:02:25	1	1	15	0
        117660	2026-04-27 17:02:28	1	1	15	0
        117635	2026-04-27 17:02:29	1	1	15	0
        118750	2026-04-27 17:02:32	1	1	15	0
        117567	2026-04-27 17:02:34	1	1	15	0
        110060	2026-04-27 17:02:40	1	1	15	0
        117133	2026-04-27 17:02:42	1	1	15	0
        117144	2026-04-27 17:02:44	1	1	15	0
        117054	2026-04-27 17:02:47	1	1	15	0
        110462	2026-04-27 17:02:49	1	1	15	0
        117092	2026-04-27 17:03:05	1	1	15	0
        117110	2026-04-27 17:03:21	1	1	15	0
        110510	2026-04-27 17:03:24	1	1	15	0
        116778	2026-04-27 17:03:42	1	1	15	0
        118207	2026-04-27 17:03:58	1	1	15	0
        116073	2026-04-27 17:04:03	1	1	15	0
        117042	2026-04-27 17:04:06	1	1	15	0
        117039	2026-04-27 17:04:10	1	1	15	0
        116902	2026-04-27 17:04:26	1	1	1	0
        117043	2026-04-27 17:04:32	1	1	15	0
        116799	2026-04-27 17:04:36	1	1	15	0
        110465	2026-04-27 17:04:52	1	1	15	0
        110807	2026-04-27 17:04:59	1	1	15	0
        110495	2026-04-27 17:05:13	1	1	15	0
        117849	2026-04-27 17:05:19	1	1	15	0
        117711	2026-04-27 17:05:24	1	1	15	0
        110785	2026-04-27 17:05:28	1	1	15	0
        117700	2026-04-27 17:05:32	1	1	15	0
        110355	2026-04-27 17:05:39	1	1	15	0
        117930	2026-04-27 17:05:46	1	1	15	0
        116492	2026-04-27 17:05:56	1	1	15	0
        110805	2026-04-27 17:06:11	1	1	15	0
        110810	2026-04-27 17:06:29	1	1	15	0
        110808	2026-04-27 17:06:34	1	1	15	0
        119263	2026-04-27 17:06:39	1	1	15	0
        119157	2026-04-27 17:06:45	1	1	15	0
        118101	2026-04-27 17:06:49	1	1	15	0
        117337	2026-04-27 17:06:55	1	1	15	0
        117972	2026-04-27 17:07:04	1	1	15	0
        116831	2026-04-27 17:07:23	1	1	15	0
        110452	2026-04-27 17:07:28	1	1	15	0
        110574	2026-04-27 17:07:34	1	1	15	0
        118829	2026-04-27 17:07:39	1	1	15	0
        117591	2026-04-27 17:07:42	1	1	15	0
        110511	2026-04-27 17:07:45	1	1	15	0
        110463	2026-04-27 17:08:05	1	1	15	0
        110085	2026-04-27 17:08:09	1	1	15	0
        110447	2026-04-27 17:08:18	1	1	15	0
        110088	2026-04-27 17:08:24	1	1	15	0
        110197	2026-04-27 17:08:28	1	1	15	0
        117222	2026-04-27 17:08:30	1	1	15	0
        110432	2026-04-27 17:08:33	1	1	15	0
        116504	2026-04-27 17:08:38	1	1	15	0
        118455	2026-04-27 17:08:40	1	1	15	0
        110466	2026-04-27 17:08:42	1	1	15	0
        110356	2026-04-27 17:08:44	1	1	15	0
        119070	2026-04-27 17:08:46	1	1	15	0
        117993	2026-04-27 17:08:49	1	1	15	0
        116356	2026-04-27 17:08:52	1	1	15	0
        116960	2026-04-27 17:08:54	1	1	15	0
        110549	2026-04-27 17:09:02	1	1	15	0
        119282	2026-04-27 17:09:14	1	1	15	0
        110657	2026-04-27 17:09:22	1	1	15	0
        117103	2026-04-27 17:09:36	1	1	15	0
        110377	2026-04-27 17:09:47	1	1	15	0
        110376	2026-04-27 17:09:53	1	1	15	0
        117497	2026-04-27 17:10:05	1	1	15	0
        117230	2026-04-27 17:10:09	1	1	15	0
        110492	2026-04-27 17:10:11	1	1	15	0
        116337	2026-04-27 17:10:13	1	1	15	0
        117707	2026-04-27 17:10:15	1	1	15	0
        110053	2026-04-27 17:10:16	1	1	15	0
        117705	2026-04-27 17:10:19	1	1	15	0
        117077	2026-04-27 17:10:25	1	1	15	0
        117659	2026-04-27 17:10:51	1	1	15	0
        110507	2026-04-27 17:11:10	1	1	15	0
        118584	2026-04-27 17:11:24	1	1	15	0
        116496	2026-04-27 17:11:26	1	1	15	0
        116279	2026-04-27 17:11:30	1	1	15	0
        110418	2026-04-27 17:12:02	1	1	15	0
        118458	2026-04-27 17:12:18	1	1	15	0
        110070	2026-04-27 17:12:25	1	1	15	0
        117121	2026-04-27 17:12:40	1	1	15	0
        117232	2026-04-27 17:12:43	1	1	15	0
        116849	2026-04-27 17:12:46	1	1	15	0
        116933	2026-04-27 17:12:48	1	1	15	0
        117833	2026-04-27 17:12:57	1	1	15	0
        117983	2026-04-27 17:13:00	1	1	15	0
        110201	2026-04-27 17:13:04	1	1	15	0
        110538	2026-04-27 17:13:13	1	1	15	0
        110421	2026-04-27 17:13:28	1	1	15	0
        116493	2026-04-27 17:13:36	1	1	15	0
        117699	2026-04-27 17:14:04	1	1	15	0
        118917	2026-04-27 17:14:23	1	1	15	0
        117156	2026-04-27 17:14:27	1	1	15	0
        117630	2026-04-27 17:15:10	1	1	15	0
        116748	2026-04-27 17:15:16	1	1	15	0
        110131	2026-04-27 17:15:18	1	1	15	0
        119386	2026-04-27 17:15:20	1	1	15	0
        110158	2026-04-27 17:15:23	1	1	15	0
        117129	2026-04-27 17:15:37	1	1	15	0
        110100	2026-04-27 17:15:53	1	1	15	0
        117212	2026-04-27 17:15:56	1	1	15	0
        117709	2026-04-27 17:15:58	1	1	15	0
        118414	2026-04-27 17:16:00	1	1	15	0
        118427	2026-04-27 17:16:03	1	1	15	0
        110632	2026-04-27 17:16:12	1	1	15	0
        110128	2026-04-27 17:16:16	1	1	15	0
        110057	2026-04-27 17:16:21	1	1	15	0
        118992	2026-04-27 17:16:28	1	1	15	0
        110116	2026-04-27 17:16:31	1	1	15	0
        110431	2026-04-27 17:16:36	1	1	15	0
        110475	2026-04-27 17:16:54	1	1	15	0
        117543	2026-04-27 17:17:20	1	1	15	0
        117814	2026-04-27 17:17:36	1	1	15	0
        117088	2026-04-27 17:17:39	1	1	15	0
        116824	2026-04-27 17:17:56	1	1	15	0
        117926	2026-04-27 17:18:00	1	1	15	0
        110105	2026-04-27 17:18:04	1	1	15	0
        110535	2026-04-27 17:18:15	1	1	15	0
        117100	2026-04-27 17:18:21	1	1	15	0
        110074	2026-04-27 17:18:32	1	1	15	0
        110354	2026-04-27 17:18:35	1	1	15	0
        118867	2026-04-27 17:18:39	1	1	15	0
        117542	2026-04-27 17:18:42	1	1	15	0
        116483	2026-04-27 17:18:44	1	1	15	0
        117541	2026-04-27 17:18:47	1	1	15	0
        117259	2026-04-27 17:18:49	1	1	15	0
        116763	2026-04-27 17:19:07	1	1	15	0
        117680	2026-04-27 17:19:10	1	1	15	0
        119449	2026-04-27 17:19:20	1	1	15	0
        110063	2026-04-27 17:19:26	1	1	15	0
        117924	2026-04-27 17:19:32	1	1	15	0
        110456	2026-04-27 17:19:34	1	1	15	0
        110357	2026-04-27 17:19:39	1	1	15	0
        117111	2026-04-27 17:19:45	1	1	15	0
        117828	2026-04-27 17:20:24	1	1	15	0
        117692	2026-04-27 17:20:26	1	1	15	0
        117528	2026-04-27 17:20:28	1	1	15	0
        117487	2026-04-27 17:20:38	1	1	15	0
        117723	2026-04-27 17:20:42	1	1	15	0
        117616	2026-04-27 17:20:53	1	1	15	0
        118580	2026-04-27 17:21:19	1	1	15	0
        118761	2026-04-27 17:21:33	1	1	15	0
        116472	2026-04-27 17:22:02	1	1	15	0
        117921	2026-04-27 17:22:14	1	1	15	0
        118593	2026-04-27 17:22:39	1	1	15	0
        117236	2026-04-27 17:22:42	1	1	15	0
        117201	2026-04-27 17:22:54	1	1	15	0
        117841	2026-04-27 17:23:19	1	1	15	0
        118753	2026-04-27 17:24:09	1	1	15	0
        116428	2026-04-27 17:24:12	1	1	15	0
        119227	2026-04-27 17:26:11	1	1	15	0
        110200	2026-04-27 17:26:59	1	1	15	0
        110424	2026-04-27 17:27:17	1	1	15	0
        116142	2026-04-27 17:28:37	1	1	15	0
        110413	2026-04-27 17:28:58	1	1	15	0
        117969	2026-04-27 17:29:05	1	1	15	0
        110083	2026-04-27 17:29:44	1	1	15	0
        117120	2026-04-27 17:29:48	1	1	15	0
        116479	2026-04-27 17:31:30	1	1	15	0
        110025	2026-04-27 17:31:35	1	1	15	0
        116497	2026-04-27 17:32:16	1	1	15	0
        117981	2026-04-27 17:32:18	1	1	15	0
        118369	2026-04-27 17:32:21	1	1	15	0
        116805	2026-04-27 17:32:22	1	1	15	0
        110457	2026-04-27 17:34:56	1	1	15	0
        117716	2026-04-27 17:35:26	1	1	15	0
        116828	2026-04-27 17:37:15	1	1	1	0
        117270	2026-04-27 17:38:11	1	1	15	0
        110512	2026-04-27 17:39:44	1	1	15	0
        110514	2026-04-27 17:39:50	1	1	15	0
        110430	2026-04-27 17:39:54	1	1	15	0
        116747	2026-04-27 17:40:42	1	1	15	0
        110195	2026-04-27 17:41:12	1	1	15	0
        110077	2026-04-27 17:42:01	1	1	15	0
        110513	2026-04-27 17:43:49	1	1	15	0
        118046	2026-04-27 17:45:10	1	1	15	0
        110581	2026-04-27 17:45:44	1	1	15	0
        110050	2026-04-27 17:45:50	1	1	15	0
        110732	2026-04-27 17:45:54	1	1	15	0
        110580	2026-04-27 17:45:56	1	1	15	0
        117807	2026-04-27 17:50:19	1	1	15	0
        118221	2026-04-27 17:55:36	1	1	15	0
        119594	2026-04-27 17:57:49	1	1	15	0
        110372	2026-04-27 17:58:20	1	1	15	0
        119143	2026-04-27 18:00:32	1	1	15	0
        110032	2026-04-27 18:00:36	1	1	15	0
        117575	2026-04-27 18:00:55	1	1	15	0
        116166	2026-04-27 18:03:33	1	1	15	0
        117046	2026-04-27 18:04:48	1	1	15	0
        118563	2026-04-27 18:04:50	1	1	15	0
        117085	2026-04-27 18:05:02	1	1	15	0
        110032	2026-04-27 18:05:49	1	1	15	0
        117147	2026-04-27 18:07:34	1	1	15	0
        110055	2026-04-27 18:10:42	1	1	15	0
        118695	2026-04-27 18:13:25	1	1	15	0
        116751	2026-04-27 18:21:34	1	1	15	0
        116512	2026-04-27 18:21:36	1	1	15	0
        119602	2026-04-27 18:22:33	1	1	15	0
        118782	2026-04-27 18:26:38	1	1	15	0
        117091	2026-04-27 18:27:17	1	1	15	0
        116835	2026-04-27 18:28:05	1	1	15	0
        119104	2026-04-27 18:28:11	1	1	15	0
        110183	2026-04-27 18:28:23	1	1	15	0
        117595	2026-04-27 18:34:13	1	1	15	0
        119107	2026-04-27 18:36:11	1	1	15	0
        110006	2026-04-27 18:41:13	1	1	15	0
        118302	2026-04-27 18:41:55	1	1	15	0
        117059	2026-04-27 18:45:47	1	1	15	0
        117114	2026-04-27 18:51:23	1	1	15	0
        117201	2026-04-28 05:04:23	1	0	15	0
        116479	2026-04-28 05:51:08	1	0	15	0
        116831	2026-04-28 06:13:02	1	0	15	0
        110535	2026-04-28 06:28:57	1	0	15	0
        116835	2026-04-28 06:32:47	1	0	15	0
        119070	2026-04-28 06:38:47	1	0	15	0
        118992	2026-04-28 06:43:52	1	0	15	0
        118414	2026-04-28 06:43:55	1	0	15	0
        110432	2026-04-28 06:50:58	1	0	15	0
        117043	2026-04-28 06:54:28	1	0	15	0
        116747	2026-04-28 06:55:13	1	0	15	0
        116824	2026-04-28 06:55:16	1	0	15	0
        110580	2026-04-28 06:56:44	1	0	15	0
        110074	2026-04-28 06:59:50	1	0	15	0
        110549	2026-04-28 07:00:24	1	0	15	0
        110492	2026-04-28 07:03:25	1	0	15	0
        116232	2026-04-28 07:04:01	1	0	15	0
        119365	2026-04-28 07:04:29	1	0	15	0
        118750	2026-04-28 07:04:45	1	0	15	0
        119107	2026-04-28 07:06:42	1	0	15	0
        118695	2026-04-28 07:06:51	1	0	15	0
        119143	2026-04-28 07:07:28	1	0	15	0
        117337	2026-04-28 07:08:27	1	0	15	0
        110511	2026-04-28 07:08:42	1	0	15	0
        117814	2026-04-28 07:11:48	1	0	15	0
        110465	2026-04-28 07:13:01	1	0	15	0
        110447	2026-04-28 07:13:26	1	0	15	0
        110581	2026-04-28 07:15:07	1	0	15	0
        117085	2026-04-28 07:15:35	1	0	15	0
        110510	2026-04-28 07:15:51	1	0	15	0
        110574	2026-04-28 07:16:40	1	0	15	0
        117147	2026-04-28 07:16:46	1	0	15	0
        116142	2026-04-28 07:18:19	1	0	15	0
        110785	2026-04-28 07:18:22	1	0	15	0
        110083	2026-04-28 07:19:57	1	0	15	0
        117129	2026-04-28 07:21:22	1	0	15	0
        119263	2026-04-28 07:21:35	1	0	15	0
        116142	2026-04-28 07:21:44	1	0	15	0
        110512	2026-04-28 07:23:16	1	0	15	0
        110372	2026-04-28 07:23:19	1	0	15	0
        119494	2026-04-28 07:23:46	1	0	15	0
        116799	2026-04-28 07:24:25	1	0	15	0
        110632	2026-04-28 07:24:41	1	0	15	0
        110430	2026-04-28 07:25:07	1	0	15	0
        110809	2026-04-28 07:25:15	1	0	15	0
        110466	2026-04-28 07:25:24	1	0	15	0
        116279	2026-04-28 07:25:32	1	0	15	0
        117983	2026-04-28 07:25:35	1	0	15	0
        116741	2026-04-28 07:26:00	1	0	15	0
        116337	2026-04-28 07:26:14	1	0	15	0
        110485	2026-04-28 07:26:18	1	0	15	0
        118732	2026-04-28 07:26:21	1	0	15	0
        118455	2026-04-28 07:26:25	1	0	15	0
        110424	2026-04-28 07:26:29	1	0	15	0
        117972	2026-04-28 07:26:41	1	0	15	0
        117575	2026-04-28 07:27:19	1	0	15	0
        110357	2026-04-28 07:27:42	1	0	15	0
        117705	2026-04-28 07:28:06	1	0	15	0
        117133	2026-04-28 07:28:10	1	0	15	0
        117162	2026-04-28 07:29:00	1	0	15	0
        110473	2026-04-28 07:29:05	1	0	15	0
        117230	2026-04-28 07:30:04	1	0	15	0
        117700	2026-04-28 07:30:19	1	0	15	0
        118101	2026-04-28 07:30:27	1	0	15	0
        110457	2026-04-28 07:31:35	1	0	15	0
        110378	2026-04-28 07:31:39	1	0	15	0
        119104	2026-04-28 07:31:56	1	0	15	0
        116763	2026-04-28 07:32:02	1	0	15	0
        116483	2026-04-28 07:32:05	1	0	15	0
        116073	2026-04-28 07:32:26	1	0	15	0
        110088	2026-04-28 07:32:52	1	0	15	0
        110463	2026-04-28 07:32:56	1	0	15	0
        110732	2026-04-28 07:34:16	1	0	15	0
        110193	2026-04-28 07:34:37	1	0	15	0
        116346	2026-04-28 07:34:47	1	0	15	0
        110063	2026-04-28 07:34:58	1	0	15	0
        110355	2026-04-28 07:35:03	1	0	15	0
        110356	2026-04-28 07:35:07	1	0	15	0
        117680	2026-04-28 07:35:16	1	0	15	0
        110376	2026-04-28 07:36:07	1	0	15	0
        117709	2026-04-28 07:36:34	1	0	15	0
        118753	2026-04-28 07:37:31	1	0	15	0
        118043	2026-04-28 07:37:46	1	0	15	0
        116960	2026-04-28 07:38:02	1	0	15	0
        117733	2026-04-28 07:38:10	1	0	15	0
        117103	2026-04-28 07:38:17	1	0	15	0
        110060	2026-04-28 07:38:53	1	0	15	0
        118046	2026-04-28 07:38:58	1	0	15	0
        117541	2026-04-28 07:39:02	1	0	15	0
        110053	2026-04-28 07:39:44	1	0	15	0
        117110	2026-04-28 07:39:58	1	0	15	0
        117088	2026-04-28 07:40:47	1	0	15	0
        110506	2026-04-28 07:41:00	1	0	15	0
        110198	2026-04-28 07:41:03	1	0	15	0
        110493	2026-04-28 07:41:17	1	0	15	0
        117716	2026-04-28 07:41:41	1	0	15	0
        116274	2026-04-28 07:41:43	1	0	15	0
        110475	2026-04-28 07:41:58	1	0	15	0
        116496	2026-04-28 07:42:01	1	0	15	0
        117259	2026-04-28 07:42:17	1	0	15	0
        118753	2026-04-28 07:42:34	1	0	15	0
        110050	2026-04-28 07:43:17	1	0	15	0
        110810	2026-04-28 07:43:23	1	0	15	0
        116933	2026-04-28 07:44:10	1	0	15	0
        110183	2026-04-28 07:44:13	1	0	15	0
        117921	2026-04-28 07:44:45	1	0	15	0
        119453	2026-04-28 07:44:51	1	0	15	0
        110808	2026-04-28 07:44:57	1	0	15	0
        118971	2026-04-28 07:45:09	1	0	15	0
        118829	2026-04-28 07:45:32	1	0	15	0
        110116	2026-04-28 07:45:35	1	0	15	0
        119594	2026-04-28 07:45:54	1	0	15	0
        110456	2026-04-28 07:45:59	1	0	15	0
        110201	2026-04-28 07:46:09	1	0	15	0
        117487	2026-04-28 07:46:27	1	0	15	0
        110070	2026-04-28 07:46:42	1	0	15	0
        117224	2026-04-28 07:46:54	1	0	15	0
        110418	2026-04-28 07:47:12	1	0	15	0
        117930	2026-04-28 07:47:18	1	0	15	0
        117591	2026-04-28 07:47:35	1	0	15	0
        117707	2026-04-28 07:47:39	1	0	15	0
        117111	2026-04-28 07:47:57	1	0	15	0
        117692	2026-04-28 07:48:00	1	0	15	0
        117924	2026-04-28 07:48:02	1	0	15	0
        117042	2026-04-28 07:48:03	1	0	15	0
        118271	2026-04-28 07:49:07	1	0	15	0
        110006	2026-04-28 07:49:14	1	0	15	0
        119449	2026-04-28 07:49:18	1	0	15	0
        110413	2026-04-28 07:49:23	1	0	15	0
        118369	2026-04-28 07:49:30	1	0	15	0
        117092	2026-04-28 07:49:49	1	0	15	0
        117635	2026-04-28 07:50:03	1	0	15	0
        110421	2026-04-28 07:50:14	1	0	15	0
        110128	2026-04-28 07:50:20	1	0	15	0
        118580	2026-04-28 07:50:35	1	0	15	0
        110085	2026-04-28 07:50:42	1	0	15	0
        116297	2026-04-28 07:51:04	1	0	15	0
        117981	2026-04-28 07:51:07	1	0	15	0
        117660	2026-04-28 07:51:45	1	0	15	0
        117616	2026-04-28 07:51:48	1	0	15	0
        116383	2026-04-28 07:52:05	1	0	15	0
        117543	2026-04-28 07:52:13	1	0	15	0
        117817	2026-04-28 07:52:27	1	0	15	0
        110197	2026-04-28 07:52:31	1	0	15	0
        117120	2026-04-28 07:52:36	1	0	15	0
        117699	2026-04-28 07:52:41	1	0	15	0
        117723	2026-04-28 07:52:46	1	0	15	0
        117841	2026-04-28 07:52:51	1	0	15	0
        110527	2026-04-28 07:52:58	1	0	15	0
        110055	2026-04-28 07:53:04	1	0	15	0
        110084	2026-04-28 07:53:08	1	0	15	0
        110807	2026-04-28 07:53:13	1	0	15	0
        110360	2026-04-28 07:53:18	1	0	15	0
        110377	2026-04-28 07:53:22	1	0	15	0
        110431	2026-04-28 07:53:33	1	0	15	0
        118180	2026-04-28 07:53:37	1	0	15	0
        117528	2026-04-28 07:53:41	1	0	15	0
        110025	2026-04-28 07:53:54	1	0	15	0
        110495	2026-04-28 07:54:00	1	0	15	0
        116748	2026-04-28 07:54:09	1	0	15	0
        110657	2026-04-28 07:54:23	1	0	15	0
        116497	2026-04-28 07:55:22	1	0	15	0
        118458	2026-04-28 07:56:01	1	0	15	0
        118207	2026-04-28 07:56:12	1	0	15	0
        117236	2026-04-28 07:56:18	1	0	15	0
        110507	2026-04-28 07:56:24	1	0	15	0
        110077	2026-04-28 07:56:28	1	0	15	0
        116751	2026-04-28 07:56:29	1	0	15	0
        116512	2026-04-28 07:56:33	1	0	15	0
        116828	2026-04-28 07:56:42	1	0	1	0
        110354	2026-04-28 07:56:49	1	0	15	0
        118593	2026-04-28 07:57:03	1	0	15	0
        116356	2026-04-28 07:57:09	1	0	15	0
        117144	2026-04-28 07:57:12	1	0	15	0
        119602	2026-04-28 07:57:34	1	0	15	0
        117833	2026-04-28 07:57:38	1	0	15	0
        116441	2026-04-28 07:57:42	1	0	15	0
        117926	2026-04-28 07:58:43	1	0	15	0
        119282	2026-04-28 07:58:50	1	0	15	0
        110105	2026-04-28 07:58:52	1	0	15	0
        117497	2026-04-28 07:59:08	1	0	15	0
        116805	2026-04-28 07:59:30	1	0	15	0
        116778	2026-04-28 08:00:18	1	0	15	0
        116166	2026-04-28 08:00:20	1	0	15	0
        117567	2026-04-28 08:01:00	1	0	15	0
        117542	2026-04-28 08:01:51	1	0	15	0
        117091	2026-04-28 08:02:32	1	0	15	0
        110131	2026-04-28 08:03:08	1	0	15	0
        110514	2026-04-28 08:03:30	1	0	15	0
        117630	2026-04-28 08:05:23	1	0	15	0
        110100	2026-04-28 08:06:55	1	0	15	0
        117222	2026-04-28 08:07:11	1	0	15	0
        118550	2026-04-28 08:07:54	1	0	15	0
        118702	2026-04-28 08:07:58	1	0	15	0
        110057	2026-04-28 08:08:19	1	0	15	0
        116787	2026-04-28 08:08:24	1	0	15	0
        110805	2026-04-28 08:09:03	1	0	15	0
        110452	2026-04-28 08:10:02	1	0	15	0
        110062	2026-04-28 08:10:10	1	0	15	0
        117023	2026-04-28 08:10:17	1	0	15	0
        117849	2026-04-28 08:10:38	1	0	15	0
        118584	2026-04-28 08:10:53	1	0	15	0
        110065	2026-04-28 08:11:10	1	0	15	0
        110158	2026-04-28 08:12:22	1	0	15	0
        117100	2026-04-28 08:13:46	1	0	15	0
        116493	2026-04-28 08:16:36	1	0	15	0
        117659	2026-04-28 08:16:43	1	0	15	0
        117711	2026-04-28 08:21:34	1	0	15	0
        116849	2026-04-28 08:30:32	1	0	15	0
        119227	2026-04-28 08:33:27	1	0	15	0
        117077	2026-04-28 08:38:06	1	0	15	0
        118221	2026-04-28 08:44:33	1	0	15	0
        118503	2026-04-28 08:49:18	1	0	15	0
        117807	2026-04-28 09:06:04	1	0	15	0
        117039	2026-04-28 09:07:52	1	0	15	0
        117232	2026-04-28 09:07:56	1	0	15	0
        117711	2026-04-28 09:09:09	1	0	15	0
        118917	2026-04-28 10:42:41	1	0	15	0
        118221	2026-04-28 12:00:08	1	2	15	0
        110512	2026-04-28 12:00:16	1	2	15	0
        110514	2026-04-28 12:00:19	1	2	15	0
        110183	2026-04-28 12:00:22	1	2	15	0
        117542	2026-04-28 12:00:26	1	2	15	0
        110128	2026-04-28 12:00:28	1	2	15	0
        117833	2026-04-28 12:00:30	1	2	15	0
        110466	2026-04-28 12:00:32	1	2	15	0
        110465	2026-04-28 12:00:33	1	2	15	0
        110360	2026-04-28 12:00:38	1	2	15	0
        110424	2026-04-28 12:00:57	1	2	15	0
        110116	2026-04-28 12:01:00	1	2	15	0
        117733	2026-04-28 12:01:05	1	2	15	0
        117224	2026-04-28 12:01:07	1	2	15	0
        110527	2026-04-28 12:01:12	1	2	15	0
        110463	2026-04-28 12:01:16	1	2	15	0
        117930	2026-04-28 12:01:19	1	2	15	0
        118271	2026-04-28 12:01:41	1	2	15	0
        118732	2026-04-28 12:01:44	1	2	15	0
        117497	2026-04-28 12:01:49	1	2	15	0
        110354	2026-04-28 12:01:51	1	2	15	0
        118043	2026-04-28 12:02:05	1	2	15	0
        118101	2026-04-28 12:02:20	1	2	15	0
        117100	2026-04-28 12:02:23	1	2	15	0
        119449	2026-04-28 12:02:25	1	2	15	0
        110452	2026-04-28 12:02:27	1	2	15	0
        110053	2026-04-28 12:02:29	1	2	15	0
        119107	2026-04-28 12:02:34	1	2	15	0
        110006	2026-04-28 12:02:39	1	2	15	0
        116274	2026-04-28 12:02:51	1	2	15	0
        117711	2026-04-28 12:02:52	1	2	15	0
        118458	2026-04-28 12:02:54	1	2	15	0
        110510	2026-04-28 12:03:02	1	2	15	0
        110810	2026-04-28 12:03:04	1	2	15	0
        110807	2026-04-28 12:03:34	1	2	15	0
        117972	2026-04-28 12:03:49	1	2	15	0
        110006	2026-04-28 12:04:01	1	2	15	0
        117833	2026-04-28 12:04:06	1	2	15	0
        117930	2026-04-28 12:04:08	1	2	15	0
        110424	2026-04-28 12:04:17	1	2	15	0
        119227	2026-04-28 12:04:19	1	2	15	0
        118221	2026-04-28 12:04:21	1	2	15	0
        118271	2026-04-28 12:04:23	1	2	15	0
        118732	2026-04-28 12:04:25	1	2	15	0
        110657	2026-04-28 12:04:27	1	2	15	0
        110495	2026-04-28 12:04:29	1	2	15	0
        110456	2026-04-28 12:04:31	1	2	15	0
        110493	2026-04-28 12:04:33	1	2	15	0
        110357	2026-04-28 12:04:35	1	2	15	0
        119453	2026-04-28 12:04:39	1	2	15	0
        117201	2026-04-28 12:04:45	1	2	15	0
        116073	2026-04-28 12:04:47	1	2	15	0
        110105	2026-04-28 12:04:50	1	2	15	0
        110805	2026-04-28 12:04:55	1	2	15	0
        118750	2026-04-28 12:05:01	1	2	15	0
        117110	2026-04-28 12:05:03	1	2	15	0
        110418	2026-04-28 12:05:05	1	2	15	0
        110421	2026-04-28 12:05:07	1	2	15	0
        116763	2026-04-28 12:05:09	1	2	15	0
        117630	2026-04-28 12:05:16	1	2	15	0
        116778	2026-04-28 12:06:08	1	2	15	0
        117972	2026-04-28 12:06:25	1	2	15	0
        110053	2026-04-28 12:06:31	1	2	15	0
        118043	2026-04-28 12:06:34	1	2	15	0
        117635	2026-04-28 12:06:40	1	2	15	0
        117660	2026-04-28 12:06:42	1	2	15	0
        117103	2026-04-28 12:06:44	1	2	15	0
        117147	2026-04-28 12:07:02	1	2	15	0
        116346	2026-04-28 12:07:02	1	2	15	0
        117091	2026-04-28 12:07:06	1	2	15	0
        110549	2026-04-28 12:07:09	1	2	15	0
        118550	2026-04-28 12:07:12	1	2	15	0
        117230	2026-04-28 12:07:15	1	2	15	0
        117232	2026-04-28 12:07:19	1	2	15	0
        117039	2026-04-28 12:07:21	1	2	15	0
        117926	2026-04-28 12:07:23	1	2	15	0
        118458	2026-04-28 12:07:26	1	2	15	0
        110465	2026-04-28 12:07:29	1	2	15	0
        110507	2026-04-28 12:07:32	1	2	15	0
        110356	2026-04-28 12:07:48	1	2	15	0
        110355	2026-04-28 12:07:49	1	2	15	0
        117042	2026-04-28 12:08:05	1	2	15	0
        110527	2026-04-28 12:08:15	1	2	15	0
        116232	2026-04-28 12:08:27	1	2	15	0
        110377	2026-04-28 12:08:34	1	2	15	0
        110376	2026-04-28 12:08:39	1	2	15	0
        117630	2026-04-28 12:08:42	1	2	15	0
        110463	2026-04-28 12:08:52	1	2	15	0
        110510	2026-04-28 12:08:55	1	2	15	0
        110466	2026-04-28 12:08:59	1	2	15	0
        116274	2026-04-28 12:09:03	1	2	15	0
        119227	2026-04-28 12:09:04	1	2	15	0
        110062	2026-04-28 12:09:07	1	2	15	0
        110805	2026-04-28 12:09:11	1	2	15	0
        110807	2026-04-28 12:09:16	1	2	15	0
        117201	2026-04-28 12:09:22	1	2	15	0
        110105	2026-04-28 12:09:24	1	2	15	0
        116346	2026-04-28 12:09:27	1	2	15	0
        117103	2026-04-28 12:09:28	1	2	15	0
        110077	2026-04-28 12:09:42	1	2	15	0
        118917	2026-04-28 12:09:48	1	2	15	0
        116828	2026-04-28 12:09:56	1	2	1	0
        118741	2026-04-28 12:10:41	1	2	15	0
        117567	2026-04-28 12:10:52	1	2	15	0
        117497	2026-04-28 12:10:55	1	2	15	0
        110418	2026-04-28 12:10:56	1	2	15	0
        116763	2026-04-28 12:10:59	1	2	15	0
        119107	2026-04-28 12:11:00	1	2	15	0
        110493	2026-04-28 12:11:01	1	2	15	0
        110657	2026-04-28 12:11:06	1	2	15	0
        110495	2026-04-28 12:11:08	1	2	15	0
        116166	2026-04-28 12:11:10	1	2	15	0
        116787	2026-04-28 12:11:12	1	2	15	0
        117711	2026-04-28 12:11:13	1	2	15	0
        117660	2026-04-28 12:11:15	1	2	15	0
        117575	2026-04-28 12:11:17	1	2	15	0
        119143	2026-04-28 12:11:19	1	2	15	0
        117543	2026-04-28 12:11:21	1	2	15	0
        117635	2026-04-28 12:11:23	1	2	15	0
        116748	2026-04-28 12:11:24	1	2	15	0
        110158	2026-04-28 12:11:26	1	2	15	0
        117230	2026-04-28 12:11:30	1	2	15	0
        118550	2026-04-28 12:11:36	1	2	15	0
        117111	2026-04-28 12:11:38	1	2	15	0
        118695	2026-04-28 12:11:40	1	2	15	0
        110070	2026-04-28 12:11:44	1	2	15	0
        110128	2026-04-28 12:11:46	1	2	15	0
        110356	2026-04-28 12:11:48	1	2	15	0
        110357	2026-04-28 12:11:49	1	2	15	0
        110456	2026-04-28 12:11:51	1	2	15	0
        118992	2026-04-28 12:11:53	1	2	15	0
        110354	2026-04-28 12:11:55	1	2	15	0
        110808	2026-04-28 12:11:57	1	2	15	0
        110085	2026-04-28 12:12:03	1	2	15	0
        110088	2026-04-28 12:12:05	1	2	15	0
        110355	2026-04-28 12:12:07	1	2	15	0
        118207	2026-04-28 12:12:10	1	2	15	0
        117817	2026-04-28 12:12:11	1	2	15	0
        110055	2026-04-28 12:12:13	1	2	15	0
        119453	2026-04-28 12:12:16	1	2	15	0
        117133	2026-04-28 12:12:19	1	2	15	0
        117129	2026-04-28 12:12:22	1	2	15	0
        117487	2026-04-28 12:12:50	1	2	15	0
        117723	2026-04-28 12:12:52	1	2	15	0
        117162	2026-04-28 12:13:09	1	2	15	0
        116849	2026-04-28 12:13:33	1	2	15	0
        119449	2026-04-28 12:13:36	1	2	15	0
        116493	2026-04-28 12:13:39	1	2	15	0
        116337	2026-04-28 12:13:45	1	2	15	0
        117147	2026-04-28 12:13:48	1	2	15	0
        119365	2026-04-28 12:13:50	1	2	15	0
        117807	2026-04-28 12:13:56	1	2	15	0
        118741	2026-04-28 12:13:58	1	2	15	0
        117921	2026-04-28 12:14:02	1	2	15	0
        110732	2026-04-28 12:14:05	1	2	15	0
        110083	2026-04-28 12:14:08	1	2	15	0
        110581	2026-04-28 12:14:12	1	2	15	0
        117575	2026-04-28 12:14:13	1	2	15	0
        119143	2026-04-28 12:14:15	1	2	15	0
        110580	2026-04-28 12:14:17	1	2	15	0
        117144	2026-04-28 12:14:19	1	2	15	0
        110512	2026-04-28 12:14:21	1	2	15	0
        110514	2026-04-28 12:14:24	1	2	15	0
        116142	2026-04-28 12:14:25	1	2	15	0
        110183	2026-04-28 12:14:27	1	2	15	0
        110376	2026-04-28 12:14:31	1	2	15	0
        110377	2026-04-28 12:14:34	1	2	15	0
        118917	2026-04-28 12:14:36	1	2	15	0
        110507	2026-04-28 12:14:41	1	2	15	0
        117733	2026-04-28 12:14:43	1	2	15	0
        116933	2026-04-28 12:14:59	1	2	15	0
        117120	2026-04-28 12:15:11	1	2	15	0
        110088	2026-04-28 12:15:23	1	2	15	0
        117541	2026-04-28 12:15:26	1	2	15	0
        117042	2026-04-28 12:15:30	1	2	15	0
        117259	2026-04-28 12:15:32	1	2	15	0
        117091	2026-04-28 12:15:41	1	2	15	0
        110785	2026-04-28 12:15:49	1	2	15	0
        116232	2026-04-28 12:15:55	1	2	15	0
        110632	2026-04-28 12:16:13	1	2	15	0
        117716	2026-04-28 12:16:40	1	2	15	0
        117700	2026-04-28 12:16:42	1	2	15	0
        117707	2026-04-28 12:16:44	1	2	15	0
        118971	2026-04-28 12:16:47	1	2	15	0
        117616	2026-04-28 12:16:51	1	2	15	0
        110378	2026-04-28 12:16:53	1	2	15	0
        118750	2026-04-28 12:16:55	1	2	15	0
        117110	2026-04-28 12:16:57	1	2	15	0
        110070	2026-04-28 12:17:00	1	2	15	0
        110809	2026-04-28 12:17:02	1	2	15	0
        117807	2026-04-28 12:17:10	1	2	15	0
        117133	2026-04-28 12:17:12	1	2	15	0
        116778	2026-04-28 12:17:14	1	2	15	0
        110062	2026-04-28 12:17:16	1	2	15	0
        116849	2026-04-28 12:17:25	1	2	15	0
        116493	2026-04-28 12:17:30	1	2	15	0
        116337	2026-04-28 12:17:34	1	2	15	0
        110511	2026-04-28 12:17:37	1	2	15	0
        119365	2026-04-28 12:17:58	1	2	15	0
        117129	2026-04-28 12:18:02	1	2	15	0
        117841	2026-04-28 12:18:14	1	2	15	0
        110083	2026-04-28 12:18:21	1	2	15	0
        110077	2026-04-28 12:18:26	1	2	15	0
        110084	2026-04-28 12:18:34	1	2	15	0
        118580	2026-04-28 12:18:42	1	2	15	0
        110492	2026-04-28 12:18:49	1	2	15	0
        117487	2026-04-28 12:18:54	1	2	15	0
        117120	2026-04-28 12:18:58	1	2	15	0
        110581	2026-04-28 12:19:03	1	2	15	0
        110580	2026-04-28 12:19:05	1	2	15	0
        117723	2026-04-28 12:19:15	1	2	15	0
        117162	2026-04-28 12:19:20	1	2	15	0
        110116	2026-04-28 12:19:37	1	2	15	0
        117259	2026-04-28 12:19:46	1	2	15	0
        117541	2026-04-28 12:19:48	1	2	15	0
        117543	2026-04-28 12:19:54	1	2	15	0
        117088	2026-04-28 12:20:29	1	2	15	0
        119602	2026-04-28 12:20:50	1	2	15	0
        117144	2026-04-28 12:20:55	1	2	15	0
        110413	2026-04-28 12:20:57	1	2	15	0
        116799	2026-04-28 12:21:11	1	2	15	0
        117841	2026-04-28 12:21:13	1	2	15	0
        110065	2026-04-28 12:21:20	1	2	15	0
        116960	2026-04-28 12:21:22	1	2	15	0
        110060	2026-04-28 12:21:24	1	2	15	0
        110732	2026-04-28 12:21:33	1	2	15	0
        110055	2026-04-28 12:21:37	1	2	15	0
        110100	2026-04-28 12:21:45	1	2	15	0
        118580	2026-04-28 12:21:48	1	2	15	0
        117542	2026-04-28 12:22:06	1	2	15	0
        117567	2026-04-28 12:22:42	1	2	15	0
        110084	2026-04-28 12:22:44	1	2	15	0
        118695	2026-04-28 12:22:54	1	2	15	0
        110430	2026-04-28 12:23:05	1	2	15	0
        110378	2026-04-28 12:23:15	1	2	15	0
        117616	2026-04-28 12:23:17	1	2	15	0
        110492	2026-04-28 12:23:28	1	2	15	0
        110431	2026-04-28 12:23:45	1	2	15	0
        116142	2026-04-28 12:23:56	1	2	15	0
        117567	2026-04-28 12:24:14	1	2	15	0
        117699	2026-04-28 12:24:17	1	2	15	0
        110060	2026-04-28 12:24:57	1	2	15	0
        117921	2026-04-28 12:25:04	1	2	15	0
        116960	2026-04-28 12:25:05	1	2	15	0
        110100	2026-04-28 12:25:07	1	2	15	0
        110065	2026-04-28 12:25:09	1	2	15	0
        119602	2026-04-28 12:25:51	1	2	15	0
        110413	2026-04-28 12:25:53	1	2	15	0
        117700	2026-04-28 12:25:58	1	2	15	0
        117707	2026-04-28 12:26:01	1	2	15	0
        117716	2026-04-28 12:26:03	1	2	15	0
        116799	2026-04-28 12:26:14	1	2	15	0
        117224	2026-04-28 12:26:28	1	2	15	0
        110421	2026-04-28 12:26:30	1	2	15	0
        117849	2026-04-28 12:26:33	1	2	15	0
        117709	2026-04-28 12:26:35	1	2	15	0
        110431	2026-04-28 12:26:40	1	2	15	0
        119494	2026-04-28 12:26:42	1	2	15	0
        117591	2026-04-28 12:26:47	1	2	15	0
        117092	2026-04-28 12:27:09	1	2	15	0
        110511	2026-04-28 12:27:14	1	2	15	0
        110810	2026-04-28 12:27:20	1	2	15	0
        117088	2026-04-28 12:27:25	1	2	15	0
        116741	2026-04-28 12:27:39	1	2	15	0
        116441	2026-04-28 12:27:40	1	2	15	0
        110632	2026-04-28 12:27:43	1	2	15	0
        117528	2026-04-28 12:28:56	1	2	15	0
        117222	2026-04-28 12:28:59	1	2	15	0
        117699	2026-04-28 12:29:02	1	2	15	0
        119282	2026-04-28 12:29:25	1	2	15	0
        118593	2026-04-28 12:29:29	1	2	15	0
        117236	2026-04-28 12:29:31	1	2	15	0
        118702	2026-04-28 12:29:35	1	2	15	0
        117232	2026-04-28 12:29:40	1	2	15	0
        117039	2026-04-28 12:29:44	1	2	15	0
        110085	2026-04-28 12:29:48	1	2	15	0
        119263	2026-04-28 12:29:58	1	2	15	0
        118207	2026-04-28 12:30:07	1	2	15	0
        117817	2026-04-28 12:30:08	1	2	15	0
        118101	2026-04-28 12:30:28	1	2	15	0
        110785	2026-04-28 12:30:38	1	2	15	0
        118753	2026-04-28 12:30:56	1	2	15	0
        118503	2026-04-28 12:31:33	1	2	15	0
        110473	2026-04-28 12:31:43	1	2	15	0
        117092	2026-04-28 12:31:51	1	2	15	0
        118992	2026-04-28 12:32:05	1	2	15	0
        110050	2026-04-28 12:32:15	1	2	15	0
        110201	2026-04-28 12:32:21	1	2	15	0
        110475	2026-04-28 12:32:27	1	2	15	0
        117965	2026-04-28 12:32:32	1	2	15	0
        119494	2026-04-28 12:32:37	1	2	15	0
        117849	2026-04-28 12:32:42	1	2	15	0
        117709	2026-04-28 12:32:45	1	2	15	0
        116933	2026-04-28 12:33:01	1	2	15	0
        118503	2026-04-28 12:33:09	1	2	15	0
        118593	2026-04-28 12:33:21	1	2	15	0
        117591	2026-04-28 12:33:33	1	2	15	0
        116741	2026-04-28 12:33:42	1	2	15	0
        116441	2026-04-28 12:33:44	1	2	15	0
        117236	2026-04-28 12:33:48	1	2	15	0
        117023	2026-04-28 12:33:57	1	2	15	0
        119282	2026-04-28 12:34:03	1	2	15	0
        117528	2026-04-28 12:34:09	1	2	15	0
        117222	2026-04-28 12:34:11	1	2	15	0
        117111	2026-04-28 12:34:25	1	2	15	0
        110574	2026-04-28 12:35:06	1	2	15	0
        110485	2026-04-28 12:35:12	1	2	15	0
        110549	2026-04-28 12:35:18	1	2	15	0
        118753	2026-04-28 12:35:59	1	2	15	0
        118702	2026-04-28 12:36:33	1	2	15	0
        117100	2026-04-28 12:36:35	1	2	15	0
        117680	2026-04-28 12:36:41	1	2	15	0
        118584	2026-04-28 12:36:57	1	2	15	0
        110808	2026-04-28 12:37:02	1	2	15	0
        110430	2026-04-28 12:37:06	1	2	15	0
        118584	2026-04-28 12:38:35	1	3	15	0
        117023	2026-04-28 12:39:24	1	3	15	0
        110201	2026-04-28 12:39:28	1	3	15	0
        117965	2026-04-28 12:39:34	1	3	15	0
        110050	2026-04-28 12:39:47	1	3	15	0
        110475	2026-04-28 12:39:55	1	3	15	0
        119263	2026-04-28 12:40:33	1	3	15	0
        110574	2026-04-28 12:40:57	1	3	15	0
        110485	2026-04-28 12:41:00	1	3	15	0
        117595	2026-04-28 12:41:25	1	3	15	0
        110809	2026-04-28 12:41:43	1	3	15	0
        110473	2026-04-28 12:42:06	1	3	15	0
        110131	2026-04-28 12:42:08	1	3	15	0
        117926	2026-04-28 12:43:22	1	3	15	0
        110158	2026-04-28 12:43:55	1	3	15	0
        116748	2026-04-28 12:43:57	1	3	15	0
        116512	2026-04-28 12:43:58	1	3	15	0
        117680	2026-04-28 12:44:10	1	3	15	0
        116297	2026-04-28 12:45:20	1	3	15	0
        116477	2026-04-28 12:47:20	1	3	15	0
        110131	2026-04-28 12:47:44	1	3	15	0
        116297	2026-04-28 12:48:03	1	3	15	0
        110063	2026-04-28 12:49:10	1	3	15	0
        116828	2026-04-28 12:49:13	1	3	1	0
        110025	2026-04-28 12:50:12	1	3	15	0
        118971	2026-04-28 12:52:05	1	3	15	0
        110452	2026-04-28 12:52:10	1	3	15	0
        117924	2026-04-28 12:52:16	1	3	15	0
        117981	2026-04-28 12:52:18	1	3	15	0
        118369	2026-04-28 12:52:29	1	3	15	0
        116805	2026-04-28 12:52:31	1	3	15	0
        116356	2026-04-28 12:52:33	1	3	15	0
        116497	2026-04-28 12:52:35	1	3	15	0
        110457	2026-04-28 12:52:38	1	3	15	0
        110025	2026-04-28 12:52:46	1	3	15	0
        116751	2026-04-28 12:52:50	1	3	15	0
        110074	2026-04-28 12:52:57	1	3	15	0
        119070	2026-04-28 12:53:00	1	3	15	0
        116483	2026-04-28 12:53:12	1	3	15	0
        118455	2026-04-28 12:53:14	1	3	15	0
        119494	2026-04-28 12:53:38	1	3	15	0
        117849	2026-04-28 12:53:40	1	3	15	0
        110057	2026-04-28 12:54:10	1	3	15	0
        116512	2026-04-28 12:54:19	1	3	15	0
        116356	2026-04-28 12:55:57	1	3	15	0
        118369	2026-04-28 12:56:03	1	3	15	0
        110360	2026-04-28 12:56:04	1	3	15	0
        116805	2026-04-28 12:56:09	1	3	15	0
        117981	2026-04-28 12:56:18	1	3	15	0
        117924	2026-04-28 12:56:21	1	3	15	0
        118455	2026-04-28 12:58:03	1	3	15	0
        116483	2026-04-28 12:58:09	1	3	15	0
        116497	2026-04-28 12:58:12	1	3	15	0
        119070	2026-04-28 12:58:15	1	3	15	0
        110074	2026-04-28 12:58:17	1	3	15	0
        110457	2026-04-28 12:58:21	1	3	15	0
        110057	2026-04-28 12:59:19	1	3	15	0
        110063	2026-04-28 12:59:27	1	3	15	0
        116751	2026-04-28 12:59:34	1	3	15	0
        110128	2026-04-28 14:13:26	1	3	15	0
        118207	2026-04-28 17:01:05	1	1	15	0
        110201	2026-04-28 17:01:13	1	1	15	0
        110495	2026-04-28 17:01:42	1	1	15	0
        110493	2026-04-28 17:01:45	1	1	15	0
        117133	2026-04-28 17:01:49	1	1	15	0
        110808	2026-04-28 17:01:50	1	1	15	0
        119365	2026-04-28 17:01:53	1	1	15	0
        119494	2026-04-28 17:01:57	1	1	15	0
        117222	2026-04-28 17:02:00	1	1	15	0
        118750	2026-04-28 17:02:18	1	1	15	0
        116441	2026-04-28 17:02:20	1	1	15	0
        117926	2026-04-28 17:02:23	1	1	15	0
        118180	2026-04-28 17:02:42	1	1	15	0
        116741	2026-04-28 17:02:45	1	1	15	0
        117635	2026-04-28 17:02:48	1	1	15	0
        117103	2026-04-28 17:02:56	1	1	15	0
        118550	2026-04-28 17:03:05	1	1	15	0
        110511	2026-04-28 17:03:10	1	1	15	0
        116337	2026-04-28 17:03:19	1	1	15	0
        110376	2026-04-28 17:03:31	1	1	15	0
        110377	2026-04-28 17:03:36	1	1	15	0
        110355	2026-04-28 17:03:39	1	1	15	0
        110510	2026-04-28 17:03:58	1	1	15	0
        110807	2026-04-28 17:04:01	1	1	15	0
        110810	2026-04-28 17:04:05	1	1	15	0
        110466	2026-04-28 17:04:10	1	1	15	0
        117807	2026-04-28 17:04:24	1	1	15	0
        117711	2026-04-28 17:04:28	1	1	15	0
        117972	2026-04-28 17:04:57	1	1	15	0
        110785	2026-04-28 17:05:18	1	1	15	0
        110421	2026-04-28 17:05:20	1	1	15	0
        117733	2026-04-28 17:05:25	1	1	15	0
        117660	2026-04-28 17:05:28	1	1	15	0
        117709	2026-04-28 17:05:34	1	1	15	0
        117849	2026-04-28 17:05:36	1	1	15	0
        117567	2026-04-28 17:05:45	1	1	15	0
        116512	2026-04-28 17:05:50	1	1	15	0
        116751	2026-04-28 17:05:52	1	1	15	0
        117110	2026-04-28 17:05:54	1	1	15	0
        110657	2026-04-28 17:05:56	1	1	15	0
        117042	2026-04-28 17:05:58	1	1	15	0
        116799	2026-04-28 17:06:54	1	1	15	0
        118503	2026-04-28 17:07:05	1	1	15	0
        117088	2026-04-28 17:07:10	1	1	15	0
        118971	2026-04-28 17:07:11	1	1	15	0
        110060	2026-04-28 17:07:14	1	1	15	0
        117230	2026-04-28 17:07:29	1	1	15	0
        110574	2026-04-28 17:07:37	1	1	15	0
        117680	2026-04-28 17:07:52	1	1	15	0
        117224	2026-04-28 17:07:55	1	1	15	0
        110356	2026-04-28 17:07:58	1	1	15	0
        110360	2026-04-28 17:08:02	1	1	15	0
        110527	2026-04-28 17:08:07	1	1	15	0
        117965	2026-04-28 17:08:26	1	1	15	0
        117092	2026-04-28 17:08:33	1	1	15	0
        117144	2026-04-28 17:08:42	1	1	15	0
        118455	2026-04-28 17:08:48	1	1	15	0
        117129	2026-04-28 17:08:59	1	1	15	0
        119070	2026-04-28 17:09:01	1	1	15	0
        110088	2026-04-28 17:09:05	1	1	15	0
        118580	2026-04-28 17:09:09	1	1	15	0
        110055	2026-04-28 17:09:13	1	1	15	0
        110507	2026-04-28 17:09:22	1	1	15	0
        117700	2026-04-28 17:09:30	1	1	15	0
        110463	2026-04-28 17:09:39	1	1	15	0
        110084	2026-04-28 17:09:44	1	1	15	0
        119453	2026-04-28 17:10:20	1	1	15	0
        118458	2026-04-28 17:10:41	1	1	15	0
        116496	2026-04-28 17:10:43	1	1	15	0
        117833	2026-04-28 17:10:45	1	1	15	0
        110485	2026-04-28 17:10:46	1	1	15	0
        117528	2026-04-28 17:10:51	1	1	15	0
        117930	2026-04-28 17:10:54	1	1	15	0
        117659	2026-04-28 17:10:56	1	1	15	0
        117716	2026-04-28 17:10:57	1	1	15	0
        110492	2026-04-28 17:10:59	1	1	15	0
        110085	2026-04-28 17:11:54	1	1	15	0
        117543	2026-04-28 17:12:01	1	1	15	0
        116933	2026-04-28 17:12:08	1	1	15	0
        110354	2026-04-28 17:12:18	1	1	15	0
        117841	2026-04-28 17:12:23	1	1	15	0
        110100	2026-04-28 17:12:38	1	1	15	0
        116960	2026-04-28 17:12:40	1	1	15	0
        110465	2026-04-28 17:12:59	1	1	15	0
        116297	2026-04-28 17:13:04	1	1	15	0
        116274	2026-04-28 17:13:10	1	1	15	0
        117497	2026-04-28 17:13:16	1	1	15	0
        117091	2026-04-28 17:13:36	1	1	15	0
        110457	2026-04-28 17:13:44	1	1	15	0
        116497	2026-04-28 17:13:47	1	1	15	0
        110452	2026-04-28 17:13:50	1	1	15	0
        118992	2026-04-28 17:13:56	1	1	15	0
        110050	2026-04-28 17:14:24	1	1	15	0
        110549	2026-04-28 17:14:27	1	1	15	0
        116232	2026-04-28 17:15:29	1	1	15	0
        110116	2026-04-28 17:15:34	1	1	15	0
        110105	2026-04-28 17:15:38	1	1	15	0
        118427	2026-04-28 17:15:43	1	1	15	0
        118414	2026-04-28 17:15:49	1	1	15	0
        117817	2026-04-28 17:15:54	1	1	15	0
        119282	2026-04-28 17:16:08	1	1	15	0
        117541	2026-04-28 17:16:12	1	1	15	0
        117921	2026-04-28 17:16:19	1	1	15	0
        116778	2026-04-28 17:16:26	1	1	15	0
        110456	2026-04-28 17:17:51	1	1	15	0
        110357	2026-04-28 17:17:54	1	1	15	0
        117236	2026-04-28 17:18:57	1	1	15	0
        116346	2026-04-28 17:19:14	1	1	15	0
        118917	2026-04-28 17:19:38	1	1	15	0
        110431	2026-04-28 17:19:45	1	1	15	0
        110809	2026-04-28 17:19:50	1	1	15	0
        118271	2026-04-28 17:19:54	1	1	15	0
        110053	2026-04-28 17:19:58	1	1	15	0
        117707	2026-04-28 17:20:12	1	1	15	0
        119263	2026-04-28 17:20:18	1	1	15	0
        116073	2026-04-28 17:20:25	1	1	15	0
        110070	2026-04-28 17:20:30	1	1	15	0
        116279	2026-04-28 17:21:46	1	1	15	0
        110065	2026-04-28 17:22:33	1	1	15	0
        110632	2026-04-28 17:22:36	1	1	15	0
        116493	2026-04-28 17:23:02	1	1	15	0
        117616	2026-04-28 17:23:03	1	1	15	0
        110074	2026-04-28 17:23:06	1	1	15	0
        117100	2026-04-28 17:23:09	1	1	15	0
        116142	2026-04-28 17:25:03	1	1	15	0
        117692	2026-04-28 17:25:29	1	1	15	0
        117039	2026-04-28 17:25:48	1	1	15	0
        116763	2026-04-28 17:26:03	1	1	15	0
        110418	2026-04-28 17:26:06	1	1	15	0
        117162	2026-04-28 17:26:10	1	1	15	0
        117232	2026-04-28 17:26:12	1	1	15	0
        117111	2026-04-28 17:26:14	1	1	15	0
        110025	2026-04-28 17:26:16	1	1	15	0
        117487	2026-04-28 17:27:01	1	1	15	0
        117723	2026-04-28 17:27:04	1	1	15	0
        116787	2026-04-28 17:27:06	1	1	15	0
        110083	2026-04-28 17:27:14	1	1	15	0
        110424	2026-04-28 17:27:23	1	1	15	0
        118101	2026-04-28 17:27:30	1	1	15	0
        110158	2026-04-28 17:27:48	1	1	15	0
        117120	2026-04-28 17:27:56	1	1	15	0
        116748	2026-04-28 17:27:58	1	1	15	0
        116477	2026-04-28 17:28:03	1	1	15	0
        116483	2026-04-28 17:28:54	1	1	15	0
        117259	2026-04-28 17:28:56	1	1	15	0
        110057	2026-04-28 17:29:27	1	1	15	0
        118043	2026-04-28 17:30:38	1	1	15	0
        110378	2026-04-28 17:31:08	1	1	15	0
        117924	2026-04-28 17:32:01	1	1	15	0
        117981	2026-04-28 17:32:23	1	1	15	0
        116356	2026-04-28 17:32:29	1	1	15	0
        117575	2026-04-28 17:32:33	1	1	15	0
        119143	2026-04-28 17:32:35	1	1	15	0
        118369	2026-04-28 17:32:40	1	1	15	0
        116805	2026-04-28 17:32:42	1	1	15	0
        110805	2026-04-28 17:32:45	1	1	15	0
        119227	2026-04-28 17:32:49	1	1	15	0
        110535	2026-04-28 17:33:06	1	1	15	0
        110475	2026-04-28 17:34:14	1	1	15	0
        110077	2026-04-28 17:35:32	1	1	15	0
        110473	2026-04-28 17:36:04	1	1	15	0
        116166	2026-04-28 17:36:18	1	1	15	0
        116142	2026-04-28 17:37:45	1	1	15	0
        116849	2026-04-28 17:39:20	1	1	15	0
        117542	2026-04-28 17:39:40	1	1	15	0
        117699	2026-04-28 17:39:43	1	1	15	0
        110131	2026-04-28 17:40:32	1	1	15	0
        118593	2026-04-28 17:40:39	1	1	15	0
        117630	2026-04-28 17:41:23	1	1	15	0
        110063	2026-04-28 17:41:54	1	1	15	0
        116828	2026-04-28 17:42:01	1	1	1	0
        118221	2026-04-28 17:45:58	1	1	15	0
        117023	2026-04-28 17:46:43	1	1	15	0
        117201	2026-04-28 17:50:36	1	1	15	0
        118702	2026-04-28 17:54:27	1	1	15	0
        110514	2026-04-28 17:55:31	1	1	15	0
        110512	2026-04-28 17:55:34	1	1	15	0
        110183	2026-04-28 17:55:44	1	1	15	0
        110430	2026-04-28 17:58:20	1	1	15	0
        117085	2026-04-28 18:12:39	1	1	15	0
        117147	2026-04-28 18:14:28	1	1	15	0
        118695	2026-04-28 18:15:07	1	1	15	0
        117337	2026-04-28 18:15:15	1	1	15	0
        117595	2026-04-28 18:17:19	1	1	15	0
        110732	2026-04-28 18:21:56	1	1	15	0
        117591	2026-04-28 18:22:04	1	1	15	0
        110580	2026-04-28 18:22:40	1	1	15	0
        110581	2026-04-28 18:23:04	1	1	15	0
        119594	2026-04-28 18:25:47	1	1	15	0
        119104	2026-04-28 18:26:02	1	1	15	0
        119449	2026-04-28 18:26:36	1	1	15	0
        119107	2026-04-28 18:35:53	1	1	15	0
        110062	2026-04-28 18:45:25	1	1	15	0
        119602	2026-04-28 19:10:49	1	1	15	0
        110413	2026-04-28 19:10:54	1	1	15	0
        117814	2026-04-28 19:31:41	1	1	15	0
        110006	2026-04-28 20:25:35	1	1	15	0
        117201	2026-04-29 05:08:59	1	0	15	0
        116831	2026-04-29 06:20:59	1	0	15	0
        116835	2026-04-29 06:36:07	1	0	15	0
        119070	2026-04-29 06:36:30	1	0	15	0
        110549	2026-04-29 06:37:39	1	0	15	0
        118992	2026-04-29 06:38:33	1	0	15	0
        117129	2026-04-29 06:44:07	1	0	15	0
        116747	2026-04-29 06:44:51	1	0	15	0
        110574	2026-04-29 06:48:00	1	0	15	0
        116492	2026-04-29 06:52:30	1	0	15	0
        117983	2026-04-29 06:54:40	1	0	15	0
        118750	2026-04-29 06:54:57	1	0	15	0
        110580	2026-04-29 06:56:16	1	0	15	0
        110492	2026-04-29 07:00:18	1	0	15	0
        110432	2026-04-29 07:00:25	1	0	15	0
        117337	2026-04-29 07:01:04	1	0	15	0
        110465	2026-04-29 07:04:43	1	0	15	0
        110462	2026-04-29 07:06:59	1	0	15	0
        110632	2026-04-29 07:09:29	1	0	15	0
        110511	2026-04-29 07:10:34	1	0	15	0
        118455	2026-04-29 07:10:46	1	0	15	0
        110466	2026-04-29 07:11:42	1	0	15	0
        110430	2026-04-29 07:12:06	1	0	15	0
        110447	2026-04-29 07:12:26	1	0	15	0
        110581	2026-04-29 07:15:07	1	0	15	0
        110084	2026-04-29 07:17:24	1	0	15	0
        110084	2026-04-29 07:18:46	1	0	15	0
        119143	2026-04-29 07:19:40	1	0	15	0
        116828	2026-04-29 07:20:20	1	0	1	0
        110809	2026-04-29 07:20:36	1	0	15	0
        116232	2026-04-29 07:22:23	1	0	15	0
        117839	2026-04-29 07:22:29	1	0	15	0
        118046	2026-04-29 07:22:33	1	0	15	0
        119493	2026-04-29 07:23:02	1	0	15	0
        110785	2026-04-29 07:23:10	1	0	15	0
        110510	2026-04-29 07:24:36	1	0	15	0
        110538	2026-04-29 07:25:26	1	0	15	0
        117680	2026-04-29 07:25:31	1	0	15	0
        119449	2026-04-29 07:25:39	1	0	15	0
        118640	2026-04-29 07:25:58	1	0	15	0
        117709	2026-04-29 07:26:25	1	0	15	0
        110457	2026-04-29 07:26:36	1	0	15	0
        118101	2026-04-29 07:26:49	1	0	15	0
        110378	2026-04-29 07:27:00	1	0	15	0
        119365	2026-04-29 07:28:07	1	0	15	0
        117705	2026-04-29 07:29:03	1	0	15	0
        117817	2026-04-29 07:29:08	1	0	15	0
        118753	2026-04-29 07:29:12	1	0	15	0
        110424	2026-04-29 07:29:18	1	0	15	0
        117270	2026-04-29 07:30:05	1	0	15	0
        117259	2026-04-29 07:30:47	1	0	15	0
        110357	2026-04-29 07:31:12	1	0	15	0
        116763	2026-04-29 07:31:26	1	0	15	0
        110463	2026-04-29 07:31:59	1	0	15	0
        117814	2026-04-29 07:32:11	1	0	15	0
        110085	2026-04-29 07:32:34	1	0	15	0
        117972	2026-04-29 07:33:57	1	0	15	0
        116799	2026-04-29 07:34:27	1	0	15	0
        117541	2026-04-29 07:34:38	1	0	15	0
        110032	2026-04-29 07:35:28	1	0	15	0
        119157	2026-04-29 07:35:30	1	0	15	0
        116274	2026-04-29 07:36:18	1	0	15	0
        110527	2026-04-29 07:36:25	1	0	15	0
        110050	2026-04-29 07:37:34	1	0	15	0
        110512	2026-04-29 07:38:15	1	0	15	0
        110025	2026-04-29 07:38:17	1	0	15	0
        116933	2026-04-29 07:38:55	1	0	15	0
        116960	2026-04-29 07:39:08	1	0	15	0
        110732	2026-04-29 07:39:10	1	0	15	0
        110197	2026-04-29 07:39:15	1	0	15	0
        117921	2026-04-29 07:39:24	1	0	15	0
        110567	2026-04-29 07:39:56	1	0	15	0
        110196	2026-04-29 07:40:26	1	0	15	0
        110473	2026-04-29 07:40:30	1	0	15	0
        110083	2026-04-29 07:40:58	1	0	15	0
        110060	2026-04-29 07:41:03	1	0	15	0
        110070	2026-04-29 07:41:32	1	0	15	0
        117723	2026-04-29 07:41:42	1	0	15	0
        116496	2026-04-29 07:41:46	1	0	15	0
        117212	2026-04-29 07:41:47	1	0	15	0
        110493	2026-04-29 07:42:24	1	0	15	0
        119594	2026-04-29 07:42:32	1	0	15	0
        117092	2026-04-29 07:42:36	1	0	15	0
        110355	2026-04-29 07:42:40	1	0	15	0
        110456	2026-04-29 07:42:42	1	0	15	0
        110356	2026-04-29 07:42:44	1	0	15	0
        116741	2026-04-29 07:42:55	1	0	15	0
        118695	2026-04-29 07:43:26	1	0	15	0
        117487	2026-04-29 07:43:32	1	0	15	0
        118180	2026-04-29 07:43:34	1	0	15	0
        116297	2026-04-29 07:43:46	1	0	15	0
        116073	2026-04-29 07:43:55	1	0	15	0
        117639	2026-04-29 07:43:58	1	0	15	0
        110116	2026-04-29 07:44:15	1	0	15	0
        117716	2026-04-29 07:44:20	1	0	15	0
        116512	2026-04-29 07:44:34	1	0	15	0
        117733	2026-04-29 07:44:45	1	0	15	0
        117841	2026-04-29 07:45:11	1	0	15	0
        117635	2026-04-29 07:45:41	1	0	15	0
        117133	2026-04-29 07:46:20	1	0	15	0
        116483	2026-04-29 07:47:01	1	0	15	0
        117965	2026-04-29 07:47:11	1	0	15	0
        116504	2026-04-29 07:47:16	1	0	15	0
        118221	2026-04-29 07:47:27	1	0	15	0
        110421	2026-04-29 07:47:33	1	0	15	0
        110657	2026-04-29 07:47:42	1	0	15	0
        110807	2026-04-29 07:47:56	1	0	15	0
        110372	2026-04-29 07:48:00	1	0	15	0
        110201	2026-04-29 07:48:15	1	0	15	0
        116441	2026-04-29 07:48:28	1	0	15	0
        110431	2026-04-29 07:48:40	1	0	15	0
        117039	2026-04-29 07:48:49	1	0	15	0
        117232	2026-04-29 07:48:53	1	0	15	0
        117088	2026-04-29 07:48:56	1	0	15	0
        118271	2026-04-29 07:49:42	1	0	15	0
        110418	2026-04-29 07:49:48	1	0	15	0
        117230	2026-04-29 07:49:55	1	0	15	0
        117042	2026-04-29 07:50:14	1	0	15	0
        110053	2026-04-29 07:50:36	1	0	15	0
        110354	2026-04-29 07:51:13	1	0	15	0
        117120	2026-04-29 07:51:23	1	0	15	0
        110810	2026-04-29 07:51:30	1	0	15	0
        117497	2026-04-29 07:51:48	1	0	15	0
        110377	2026-04-29 07:51:51	1	0	15	0
        117103	2026-04-29 07:52:07	1	0	15	0
        110057	2026-04-29 07:52:19	1	0	15	0
        110376	2026-04-29 07:52:23	1	0	15	0
        110063	2026-04-29 07:52:31	1	0	15	0
        117114	2026-04-29 07:52:41	1	0	15	0
        117616	2026-04-29 07:52:45	1	0	15	0
        118862	2026-04-29 07:53:14	1	0	15	0
        117591	2026-04-29 07:53:24	1	0	15	0
        119453	2026-04-29 07:53:46	1	0	15	0
        110475	2026-04-29 07:54:36	1	0	15	0
        119104	2026-04-29 07:54:41	1	0	15	0
        117924	2026-04-29 07:54:45	1	0	15	0
        110507	2026-04-29 07:54:49	1	0	15	0
        118458	2026-04-29 07:54:53	1	0	15	0
        117543	2026-04-29 07:55:00	1	0	15	0
        116260	2026-04-29 07:55:05	1	0	15	0
        117528	2026-04-29 07:55:08	1	0	15	0
        116356	2026-04-29 07:55:22	1	0	15	0
        118753	2026-04-29 07:55:33	1	0	15	0
        116346	2026-04-29 07:55:37	1	0	15	0
        117807	2026-04-29 07:55:41	1	0	15	0
        118580	2026-04-29 07:55:55	1	0	15	0
        118593	2026-04-29 07:56:02	1	0	15	0
        119227	2026-04-29 07:56:03	1	0	15	0
        110514	2026-04-29 07:56:10	1	0	15	0
        116805	2026-04-29 07:56:22	1	0	15	0
        116279	2026-04-29 07:56:24	1	0	15	0
        117567	2026-04-29 07:56:28	1	0	15	0
        110413	2026-04-29 07:56:36	1	0	15	0
        110805	2026-04-29 07:56:41	1	0	15	0
        110065	2026-04-29 07:56:50	1	0	15	0
        116337	2026-04-29 07:56:51	1	0	15	0
        117700	2026-04-29 07:56:55	1	0	15	0
        110808	2026-04-29 07:56:56	1	0	15	0
        110128	2026-04-29 07:56:59	1	0	15	0
        116142	2026-04-29 07:57:01	1	0	15	0
        117162	2026-04-29 07:57:04	1	0	15	0
        118971	2026-04-29 07:57:07	1	0	15	0
        118207	2026-04-29 07:57:09	1	0	15	0
        117236	2026-04-29 07:57:13	1	0	15	0
        110088	2026-04-29 07:57:50	1	0	15	0
        117833	2026-04-29 07:57:56	1	0	15	0
        117930	2026-04-29 07:57:57	1	0	15	0
        117224	2026-04-29 07:58:49	1	0	15	0
        117542	2026-04-29 07:58:52	1	0	15	0
        117707	2026-04-29 07:58:56	1	0	15	0
        116995	2026-04-29 07:59:10	1	0	15	0
        110158	2026-04-29 07:59:16	1	0	15	0
        117341	2026-04-29 07:59:18	1	0	15	0
        119602	2026-04-29 07:59:38	1	0	15	0
        110105	2026-04-29 07:59:42	1	0	15	0
        117699	2026-04-29 07:59:55	1	0	15	0
        117711	2026-04-29 07:59:59	1	0	15	0
        119386	2026-04-29 08:00:07	1	0	15	0
        117111	2026-04-29 08:00:11	1	0	15	0
        118867	2026-04-29 08:00:13	1	0	15	0
        110183	2026-04-29 08:00:27	1	0	15	0
        117926	2026-04-29 08:01:04	1	0	15	0
        118917	2026-04-29 08:01:43	1	0	15	0
        110055	2026-04-29 08:01:49	1	0	15	0
        110452	2026-04-29 08:02:01	1	0	15	0
        117110	2026-04-29 08:02:56	1	0	15	0
        110172	2026-04-29 08:04:09	1	0	15	0
        117849	2026-04-29 08:04:39	1	0	15	0
        116477	2026-04-29 08:04:51	1	0	15	0
        117660	2026-04-29 08:05:08	1	0	15	0
        110131	2026-04-29 08:07:58	1	0	15	0
        117981	2026-04-29 08:09:04	1	0	15	0
        118550	2026-04-29 08:09:59	1	0	15	0
        110360	2026-04-29 08:10:40	1	0	15	0
        117630	2026-04-29 08:11:18	1	0	15	0
        110193	2026-04-29 08:12:37	1	0	15	0
        110198	2026-04-29 08:12:40	1	0	15	0
        110506	2026-04-29 08:12:43	1	0	15	0
        117222	2026-04-29 08:14:46	1	0	15	0
        116493	2026-04-29 08:15:02	1	0	15	0
        119494	2026-04-29 08:16:24	1	0	15	0
        119263	2026-04-29 08:17:24	1	0	15	0
        116497	2026-04-29 08:18:28	1	0	15	0
        117993	2026-04-29 08:20:42	1	0	15	0
        110100	2026-04-29 08:20:43	1	0	15	0
        119282	2026-04-29 08:20:47	1	0	15	0
        116787	2026-04-29 08:23:19	1	0	15	0
        117595	2026-04-29 08:30:47	1	0	15	0
        118369	2026-04-29 08:32:51	1	0	15	0
        117100	2026-04-29 08:33:52	1	0	15	0
        110513	2026-04-29 08:37:29	1	0	15	0
        117269	2026-04-29 08:37:51	1	0	15	0
        118503	2026-04-29 08:40:48	1	0	15	0
        117575	2026-04-29 09:21:06	1	0	15	0
        117091	2026-04-29 09:47:18	1	0	15	0
        117833	2026-04-29 12:00:07	1	2	15	0
        110549	2026-04-29 12:00:11	1	2	15	0
        110452	2026-04-29 12:00:13	1	2	15	0
        110172	2026-04-29 12:00:24	1	2	15	0
        110527	2026-04-29 12:00:29	1	2	15	0
        110063	2026-04-29 12:00:40	1	2	15	0
        110025	2026-04-29 12:00:43	1	2	15	0
        110032	2026-04-29 12:00:44	1	2	15	0
        116763	2026-04-29 12:00:47	1	2	15	0
        117133	2026-04-29 12:00:49	1	2	15	0
        110418	2026-04-29 12:00:53	1	2	15	0
        110360	2026-04-29 12:00:58	1	2	15	0
        110424	2026-04-29 12:01:09	1	2	15	0
        117224	2026-04-29 12:01:11	1	2	15	0
        119453	2026-04-29 12:01:13	1	2	15	0
        117639	2026-04-29 12:01:15	1	2	15	0
        117222	2026-04-29 12:01:17	1	2	15	0
        110465	2026-04-29 12:01:20	1	2	15	0
        110463	2026-04-29 12:01:28	1	2	15	0
        118992	2026-04-29 12:01:29	1	2	15	0
        117497	2026-04-29 12:01:36	1	2	15	0
        118580	2026-04-29 12:01:54	1	2	15	0
        116933	2026-04-29 12:02:04	1	2	15	0
        117201	2026-04-29 12:02:06	1	2	15	0
        117930	2026-04-29 12:02:32	1	2	15	0
        117039	2026-04-29 12:02:37	1	2	15	0
        117232	2026-04-29 12:02:44	1	2	15	0
        110105	2026-04-29 12:02:47	1	2	15	0
        117680	2026-04-29 12:02:56	1	2	15	0
        110116	2026-04-29 12:03:08	1	2	15	0
        110355	2026-04-29 12:03:14	1	2	15	0
        110356	2026-04-29 12:03:17	1	2	15	0
        117833	2026-04-29 12:03:26	1	2	15	0
        117707	2026-04-29 12:03:29	1	2	15	0
        117705	2026-04-29 12:03:36	1	2	15	0
        110421	2026-04-29 12:03:40	1	2	15	0
        116763	2026-04-29 12:03:44	1	2	15	0
        110088	2026-04-29 12:03:45	1	2	15	0
        117926	2026-04-29 12:03:46	1	2	15	0
        110418	2026-04-29 12:03:47	1	2	15	0
        117616	2026-04-29 12:03:57	1	2	15	0
        117222	2026-04-29 12:03:59	1	2	15	0
        110354	2026-04-29 12:04:01	1	2	15	0
        110378	2026-04-29 12:04:03	1	2	15	0
        117270	2026-04-29 12:04:08	1	2	15	0
        118992	2026-04-29 12:04:10	1	2	15	0
        116933	2026-04-29 12:04:13	1	2	15	0
        117162	2026-04-29 12:04:17	1	2	15	0
        110807	2026-04-29 12:04:19	1	2	15	0
        117972	2026-04-29 12:04:21	1	2	15	0
        110507	2026-04-29 12:04:32	1	2	15	0
        117630	2026-04-29 12:04:36	1	2	15	0
        118862	2026-04-29 12:04:38	1	2	15	0
        117543	2026-04-29 12:05:05	1	2	15	0
        116073	2026-04-29 12:05:07	1	2	15	0
        117930	2026-04-29 12:05:12	1	2	15	0
        110810	2026-04-29 12:05:13	1	2	15	0
        117201	2026-04-29 12:05:15	1	2	15	0
        117133	2026-04-29 12:05:19	1	2	15	0
        116069	2026-04-29 12:05:21	1	2	15	0
        116995	2026-04-29 12:05:23	1	2	15	0
        117841	2026-04-29 12:05:44	1	2	15	0
        110172	2026-04-29 12:06:20	1	2	15	0
        110063	2026-04-29 12:06:25	1	2	15	0
        110025	2026-04-29 12:06:26	1	2	15	0
        110032	2026-04-29 12:06:28	1	2	15	0
        119449	2026-04-29 12:06:30	1	2	15	0
        117921	2026-04-29 12:06:32	1	2	15	0
        110510	2026-04-29 12:06:34	1	2	15	0
        110511	2026-04-29 12:06:36	1	2	15	0
        116512	2026-04-29 12:06:37	1	2	15	0
        119493	2026-04-29 12:06:39	1	2	15	0
        117723	2026-04-29 12:06:41	1	2	15	0
        110128	2026-04-29 12:06:45	1	2	15	0
        110466	2026-04-29 12:06:47	1	2	15	0
        116337	2026-04-29 12:06:50	1	2	15	0
        117711	2026-04-29 12:06:53	1	2	15	0
        116493	2026-04-29 12:06:58	1	2	15	0
        116778	2026-04-29 12:07:00	1	2	15	0
        110465	2026-04-29 12:07:03	1	2	15	0
        110808	2026-04-29 12:07:09	1	2	15	0
        110574	2026-04-29 12:07:14	1	2	15	0
        117705	2026-04-29 12:07:17	1	2	15	0
        117114	2026-04-29 12:07:22	1	2	15	0
        117567	2026-04-29 12:07:31	1	2	15	0
        110785	2026-04-29 12:07:35	1	2	15	0
        117707	2026-04-29 12:07:40	1	2	15	0
        118862	2026-04-29 12:07:55	1	2	15	0
        118753	2026-04-29 12:08:02	1	2	15	0
        117541	2026-04-29 12:08:05	1	2	15	0
        118867	2026-04-29 12:08:07	1	2	15	0
        117259	2026-04-29 12:08:12	1	2	15	0
        119143	2026-04-29 12:08:14	1	2	15	0
        117575	2026-04-29 12:08:16	1	2	15	0
        117129	2026-04-29 12:08:18	1	2	15	0
        116805	2026-04-29 12:08:20	1	2	15	0
        118455	2026-04-29 12:08:22	1	2	15	0
        119070	2026-04-29 12:08:24	1	2	15	0
        119227	2026-04-29 12:08:27	1	2	15	0
        117972	2026-04-29 12:08:29	1	2	15	0
        117699	2026-04-29 12:08:31	1	2	15	0
        110413	2026-04-29 12:08:34	1	2	15	0
        118046	2026-04-29 12:08:38	1	2	15	0
        117100	2026-04-29 12:08:42	1	2	15	0
        117716	2026-04-29 12:08:54	1	2	15	0
        117936	2026-04-29 12:08:56	1	2	15	0
        118753	2026-04-29 12:09:02	1	2	15	0
        116296	2026-04-29 12:09:08	1	2	15	0
        116493	2026-04-29 12:09:20	1	2	15	0
        110456	2026-04-29 12:09:26	1	2	15	0
        110357	2026-04-29 12:09:28	1	2	15	0
        116799	2026-04-29 12:09:43	1	2	15	0
        110360	2026-04-29 12:09:49	1	2	15	0
        117269	2026-04-29 12:09:52	1	2	15	0
        110527	2026-04-29 12:09:53	1	2	15	0
        117341	2026-04-29 12:09:59	1	2	15	0
        110053	2026-04-29 12:10:01	1	2	15	0
        118867	2026-04-29 12:10:04	1	2	15	0
        117981	2026-04-29 12:10:06	1	2	15	0
        110807	2026-04-29 12:10:07	1	2	15	0
        117212	2026-04-29 12:10:09	1	2	15	0
        117993	2026-04-29 12:10:12	1	2	15	0
        110088	2026-04-29 12:10:15	1	2	15	0
        119453	2026-04-29 12:10:20	1	2	15	0
        117616	2026-04-29 12:10:21	1	2	15	0
        118271	2026-04-29 12:10:24	1	2	15	0
        116274	2026-04-29 12:10:26	1	2	15	0
        110378	2026-04-29 12:10:28	1	2	15	0
        117497	2026-04-29 12:10:30	1	2	15	0
        110060	2026-04-29 12:10:36	1	2	15	0
        116512	2026-04-29 12:10:41	1	2	15	0
        118369	2026-04-29 12:10:43	1	2	15	0
        116356	2026-04-29 12:10:45	1	2	15	0
        116778	2026-04-29 12:10:47	1	2	15	0
        116741	2026-04-29 12:10:55	1	2	15	0
        118207	2026-04-29 12:10:57	1	2	15	0
        110077	2026-04-29 12:10:58	1	2	15	0
        110633	2026-04-29 12:11:03	1	2	15	0
        117769	2026-04-29 12:11:05	1	2	15	0
        117936	2026-04-29 12:11:07	1	2	15	0
        119449	2026-04-29 12:11:09	1	2	15	0
        110805	2026-04-29 12:11:14	1	2	15	0
        110055	2026-04-29 12:11:18	1	2	15	0
        117088	2026-04-29 12:11:24	1	2	15	0
        117541	2026-04-29 12:11:32	1	2	15	0
        110085	2026-04-29 12:11:35	1	2	15	0
        117259	2026-04-29 12:11:37	1	2	15	0
        118550	2026-04-29 12:11:44	1	2	15	0
        117230	2026-04-29 12:11:48	1	2	15	0
        110377	2026-04-29 12:11:50	1	2	15	0
        110070	2026-04-29 12:11:52	1	2	15	0
        117129	2026-04-29 12:12:04	1	2	15	0
        117575	2026-04-29 12:12:09	1	2	15	0
        119143	2026-04-29 12:12:17	1	2	15	0
        110581	2026-04-29 12:12:19	1	2	15	0
        110580	2026-04-29 12:12:20	1	2	15	0
        116142	2026-04-29 12:12:23	1	2	15	0
        117120	2026-04-29 12:12:23	1	2	15	0
        110657	2026-04-29 12:12:31	1	2	15	0
        110493	2026-04-29 12:12:33	1	2	15	0
        117981	2026-04-29 12:12:35	1	2	15	0
        118369	2026-04-29 12:12:37	1	2	15	0
        117091	2026-04-29 12:12:43	1	2	15	0
        116356	2026-04-29 12:12:45	1	2	15	0
        110732	2026-04-29 12:12:47	1	2	15	0
        116805	2026-04-29 12:12:48	1	2	15	0
        118750	2026-04-29 12:12:50	1	2	15	0
        119227	2026-04-29 12:12:53	1	2	15	0
        119070	2026-04-29 12:12:56	1	2	15	0
        118455	2026-04-29 12:12:58	1	2	15	0
        110105	2026-04-29 12:13:00	1	2	15	0
        110354	2026-04-29 12:13:03	1	2	15	0
        117769	2026-04-29 12:13:04	1	2	15	0
        110633	2026-04-29 12:13:06	1	2	15	0
        116346	2026-04-29 12:13:07	1	2	15	0
        110431	2026-04-29 12:13:19	1	2	15	0
        117212	2026-04-29 12:13:22	1	2	15	0
        117993	2026-04-29 12:13:24	1	2	15	0
        117567	2026-04-29 12:13:28	1	2	15	0
        110158	2026-04-29 12:13:33	1	2	15	0
        118207	2026-04-29 12:13:40	1	2	15	0
        110413	2026-04-29 12:13:43	1	2	15	0
        117269	2026-04-29 12:14:01	1	2	15	0
        110462	2026-04-29 12:14:03	1	2	15	0
        116296	2026-04-29 12:14:05	1	2	15	0
        117341	2026-04-29 12:14:20	1	2	15	0
        117630	2026-04-29 12:14:24	1	2	15	0
        116741	2026-04-29 12:14:27	1	2	15	0
        116496	2026-04-29 12:14:29	1	2	15	0
        118101	2026-04-29 12:14:31	1	2	15	0
        117839	2026-04-29 12:14:38	1	2	15	0
        110053	2026-04-29 12:14:50	1	2	15	0
        118458	2026-04-29 12:14:56	1	2	15	0
        116337	2026-04-29 12:15:02	1	2	15	0
        110632	2026-04-29 12:15:05	1	2	15	0
        118271	2026-04-29 12:15:09	1	2	15	0
        117680	2026-04-29 12:15:14	1	2	15	0
        116274	2026-04-29 12:15:16	1	2	15	0
        110810	2026-04-29 12:15:23	1	2	15	0
        119282	2026-04-29 12:15:28	1	2	15	0
        110357	2026-04-29 12:15:48	1	2	15	0
        110456	2026-04-29 12:15:52	1	2	15	0
        117716	2026-04-29 12:15:56	1	2	15	0
        110060	2026-04-29 12:16:03	1	2	15	0
        116828	2026-04-29 12:16:18	1	2	1	0
        110377	2026-04-29 12:16:27	1	2	15	0
        110493	2026-04-29 12:16:32	1	2	15	0
        110657	2026-04-29 12:16:35	1	2	15	0
        117733	2026-04-29 12:16:37	1	2	15	0
        117091	2026-04-29 12:16:44	1	2	15	0
        117230	2026-04-29 12:16:49	1	2	15	0
        118550	2026-04-29 12:16:58	1	2	15	0
        117591	2026-04-29 12:17:02	1	2	15	0
        110510	2026-04-29 12:17:05	1	2	15	0
        117542	2026-04-29 12:17:11	1	2	15	0
        116346	2026-04-29 12:17:20	1	2	15	0
        119493	2026-04-29 12:17:24	1	2	15	0
        110055	2026-04-29 12:17:31	1	2	15	0
        116849	2026-04-29 12:17:44	1	2	15	0
        110431	2026-04-29 12:18:09	1	2	15	0
        110808	2026-04-29 12:18:52	1	2	15	0
        110507	2026-04-29 12:18:56	1	2	15	0
        117543	2026-04-29 12:18:58	1	2	15	0
        119365	2026-04-29 12:19:06	1	2	15	0
        116799	2026-04-29 12:19:12	1	2	15	0
        110376	2026-04-29 12:19:21	1	2	15	0
        119263	2026-04-29 12:19:27	1	2	15	0
        110462	2026-04-29 12:19:39	1	2	15	0
        116828	2026-04-29 12:19:58	1	2	1	0
        110492	2026-04-29 12:20:07	1	2	15	0
        119282	2026-04-29 12:20:22	1	2	15	0
        110463	2026-04-29 12:20:27	1	2	15	0
        116960	2026-04-29 12:20:30	1	2	15	0
        110065	2026-04-29 12:20:32	1	2	15	0
        110100	2026-04-29 12:20:34	1	2	15	0
        117733	2026-04-29 12:20:49	1	2	15	0
        116069	2026-04-29 12:21:01	1	2	15	0
        116995	2026-04-29 12:21:03	1	2	15	0
        110116	2026-04-29 12:21:09	1	2	15	0
        116849	2026-04-29 12:21:15	1	2	15	0
        118458	2026-04-29 12:21:18	1	2	15	0
        117711	2026-04-29 12:21:25	1	2	15	0
        117817	2026-04-29 12:21:29	1	2	15	0
        110511	2026-04-29 12:21:34	1	2	15	0
        117042	2026-04-29 12:21:36	1	2	15	0
        117039	2026-04-29 12:21:41	1	2	15	0
        117232	2026-04-29 12:21:46	1	2	15	0
        110057	2026-04-29 12:21:54	1	2	15	0
        119157	2026-04-29 12:21:56	1	2	15	0
        117591	2026-04-29 12:22:00	1	2	15	0
        119365	2026-04-29 12:22:03	1	2	15	0
        118640	2026-04-29 12:22:45	1	2	15	0
        118180	2026-04-29 12:22:54	1	2	15	0
        119494	2026-04-29 12:22:58	1	2	15	0
        110513	2026-04-29 12:23:03	1	2	15	0
        117709	2026-04-29 12:23:10	1	2	15	0
        117849	2026-04-29 12:23:12	1	2	15	0
        116483	2026-04-29 12:23:15	1	2	15	0
        116504	2026-04-29 12:23:24	1	2	15	0
        117270	2026-04-29 12:23:26	1	2	15	0
        116497	2026-04-29 12:23:28	1	2	15	0
        117924	2026-04-29 12:23:30	1	2	15	0
        110457	2026-04-29 12:23:32	1	2	15	0
        117088	2026-04-29 12:23:34	1	2	15	0
        110492	2026-04-29 12:23:48	1	2	15	0
        110100	2026-04-29 12:23:59	1	2	15	0
        116960	2026-04-29 12:24:00	1	2	15	0
        110065	2026-04-29 12:24:05	1	2	15	0
        119157	2026-04-29 12:24:11	1	2	15	0
        118593	2026-04-29 12:24:13	1	2	15	0
        117092	2026-04-29 12:24:19	1	2	15	0
        117236	2026-04-29 12:24:28	1	2	15	0
        110128	2026-04-29 12:24:34	1	2	15	0
        110376	2026-04-29 12:24:37	1	2	15	0
        110632	2026-04-29 12:25:14	1	2	15	0
        117639	2026-04-29 12:25:18	1	2	15	0
        117114	2026-04-29 12:25:41	1	2	15	0
        110473	2026-04-29 12:25:53	1	2	15	0
        117841	2026-04-29 12:25:59	1	2	15	0
        118750	2026-04-29 12:26:29	1	2	15	0
        117042	2026-04-29 12:26:51	1	2	15	0
        110057	2026-04-29 12:27:06	1	2	15	0
        118503	2026-04-29 12:27:13	1	2	15	0
        117542	2026-04-29 12:27:16	1	2	15	0
        116787	2026-04-29 12:27:18	1	2	15	0
        117699	2026-04-29 12:27:20	1	2	15	0
        117723	2026-04-29 12:27:23	1	2	15	0
        117487	2026-04-29 12:27:25	1	2	15	0
        118702	2026-04-29 12:27:27	1	2	15	0
        117224	2026-04-29 12:27:40	1	2	15	0
        117921	2026-04-29 12:27:45	1	2	15	0
        119494	2026-04-29 12:27:51	1	2	15	0
        118971	2026-04-29 12:27:54	1	2	15	0
        118180	2026-04-29 12:28:11	1	2	15	0
        116504	2026-04-29 12:28:23	1	2	15	0
        116483	2026-04-29 12:28:27	1	2	15	0
        116497	2026-04-29 12:28:29	1	2	15	0
        117924	2026-04-29 12:28:30	1	2	15	0
        110475	2026-04-29 12:28:33	1	2	15	0
        118640	2026-04-29 12:28:35	1	2	15	0
        117817	2026-04-29 12:28:37	1	2	15	0
        110457	2026-04-29 12:28:39	1	2	15	0
        110538	2026-04-29 12:28:41	1	2	15	0
        118580	2026-04-29 12:28:56	1	2	15	0
        118221	2026-04-29 12:29:09	1	2	15	0
        119263	2026-04-29 12:29:17	1	2	15	0
        117144	2026-04-29 12:29:30	1	2	15	0
        117162	2026-04-29 12:29:34	1	2	15	0
        117700	2026-04-29 12:29:39	1	2	15	0
        117709	2026-04-29 12:29:50	1	2	15	0
        117849	2026-04-29 12:29:52	1	2	15	0
        110514	2026-04-29 12:29:55	1	2	15	0
        110183	2026-04-29 12:29:58	1	2	15	0
        110512	2026-04-29 12:30:00	1	2	15	0
        110430	2026-04-29 12:30:03	1	2	15	0
        116477	2026-04-29 12:30:05	1	2	15	0
        118971	2026-04-29 12:30:44	1	2	15	0
        118593	2026-04-29 12:30:54	1	2	15	0
        117236	2026-04-29 12:30:56	1	2	15	0
        118503	2026-04-29 12:31:04	1	2	15	0
        118917	2026-04-29 12:31:41	1	2	15	0
        110475	2026-04-29 12:31:48	1	2	15	0
        110084	2026-04-29 12:31:53	1	2	15	0
        117528	2026-04-29 12:31:57	1	2	15	0
        119594	2026-04-29 12:32:26	1	2	15	0
        110131	2026-04-29 12:32:33	1	2	15	0
        110084	2026-04-29 12:33:36	1	3	15	0
        110538	2026-04-29 12:33:40	1	3	15	0
        117092	2026-04-29 12:33:47	1	3	15	0
        110581	2026-04-29 12:34:08	1	3	15	0
        110732	2026-04-29 12:34:10	1	3	15	0
        117839	2026-04-29 12:34:11	1	3	15	0
        110580	2026-04-29 12:34:15	1	3	15	0
        110512	2026-04-29 12:34:20	1	3	15	0
        110430	2026-04-29 12:34:23	1	3	15	0
        110514	2026-04-29 12:34:24	1	3	15	0
        110183	2026-04-29 12:34:32	1	3	15	0
        118221	2026-04-29 12:34:43	1	3	15	0
        118702	2026-04-29 12:35:27	1	3	15	0
        117700	2026-04-29 12:36:13	1	3	15	0
        117487	2026-04-29 12:36:24	1	3	15	0
        118917	2026-04-29 12:36:29	1	3	15	0
        117528	2026-04-29 12:36:38	1	3	15	0
        119594	2026-04-29 12:36:46	1	3	15	0
        110131	2026-04-29 12:36:51	1	3	15	0
        117100	2026-04-29 12:37:08	1	3	15	0
        118101	2026-04-29 12:37:11	1	3	15	0
        110355	2026-04-29 12:37:33	1	3	15	0
        117635	2026-04-29 12:37:47	1	3	15	0
        117660	2026-04-29 12:37:49	1	3	15	0
        110805	2026-04-29 12:39:33	1	3	15	0
        116073	2026-04-29 12:40:27	1	3	15	0
        110085	2026-04-29 12:40:30	1	3	15	0
        117660	2026-04-29 12:41:08	1	3	15	0
        117635	2026-04-29 12:41:10	1	3	15	0
        117120	2026-04-29 12:41:18	1	3	15	0
        110050	2026-04-29 12:41:25	1	3	15	0
        116492	2026-04-29 12:41:29	1	3	15	0
        116496	2026-04-29 12:41:35	1	3	15	0
        110196	2026-04-29 12:41:43	1	3	15	0
        110567	2026-04-29 12:41:51	1	3	15	0
        117965	2026-04-29 12:41:56	1	3	15	0
        110201	2026-04-29 12:42:01	1	3	15	0
        117110	2026-04-29 12:42:04	1	3	15	0
        110466	2026-04-29 12:42:07	1	3	15	0
        110574	2026-04-29 12:42:35	1	3	15	0
        116441	2026-04-29 12:42:39	1	3	15	0
        118695	2026-04-29 12:42:46	1	3	15	0
        117111	2026-04-29 12:42:49	1	3	15	0
        116142	2026-04-29 12:43:14	1	3	15	0
        117103	2026-04-29 12:43:17	1	3	15	0
        118046	2026-04-29 12:43:19	1	3	15	0
        110549	2026-04-29 12:43:24	1	3	15	0
        116492	2026-04-29 12:44:19	1	3	15	0
        110050	2026-04-29 12:44:24	1	3	15	0
        116297	2026-04-29 12:44:29	1	3	15	0
        110473	2026-04-29 12:44:33	1	3	15	0
        110567	2026-04-29 12:44:38	1	3	15	0
        117965	2026-04-29 12:44:42	1	3	15	0
        110196	2026-04-29 12:44:47	1	3	15	0
        110201	2026-04-29 12:44:53	1	3	15	0
        110513	2026-04-29 12:45:16	1	3	15	0
        116477	2026-04-29 12:45:34	1	3	15	0
        119602	2026-04-29 12:45:51	1	3	15	0
        118695	2026-04-29 12:46:27	1	3	15	0
        110070	2026-04-29 12:47:15	1	3	15	0
        116441	2026-04-29 12:47:23	1	3	15	0
        117110	2026-04-29 12:47:26	1	3	15	0
        116297	2026-04-29 12:47:43	1	3	15	0
        117103	2026-04-29 12:47:47	1	3	15	0
        117111	2026-04-29 12:48:30	1	3	15	0
        119602	2026-04-29 12:49:07	1	3	15	0
        110785	2026-04-29 12:49:12	1	3	15	0
        110158	2026-04-29 12:49:17	1	3	15	0
        110083	2026-04-29 12:50:03	1	3	15	0
        117595	2026-04-29 12:50:13	1	3	15	0
        117926	2026-04-29 12:52:46	1	3	15	0
        110083	2026-04-29 12:53:05	1	3	15	0
        117595	2026-04-29 12:53:31	1	3	15	0
        116260	2026-04-29 12:53:47	1	3	15	0
        110452	2026-04-29 12:55:15	1	3	15	0
        110356	2026-04-29 12:56:28	1	3	15	0
        116260	2026-04-29 12:56:37	1	3	15	0
        110421	2026-04-29 12:57:05	1	3	15	0
        110424	2026-04-29 12:57:56	1	3	15	0
        117114	2026-04-29 12:58:42	1	3	15	0
        110820	2026-04-29 13:16:56	1	3	15	0
        110816	2026-04-29 13:17:56	1	3	15	0
        117840	2026-04-29 13:19:00	1	3	1	0
        110818	2026-04-29 13:19:07	1	3	15	0
        110819	2026-04-29 13:19:55	1	3	15	0
        110817	2026-04-29 16:17:09	1	1	15	0
        110549	2026-04-29 17:00:12	1	1	15	0
        117269	2026-04-29 17:01:18	1	1	15	0
        117639	2026-04-29 17:01:25	1	1	15	0
        118207	2026-04-29 17:01:32	1	1	15	0
        118750	2026-04-29 17:02:00	1	1	15	0
        116296	2026-04-29 17:02:02	1	1	15	0
        117705	2026-04-29 17:02:05	1	1	15	0
        117660	2026-04-29 17:02:07	1	1	15	0
        117635	2026-04-29 17:02:09	1	1	15	0
        116741	2026-04-29 17:02:35	1	1	15	0
        116492	2026-04-29 17:02:53	1	1	15	0
        110196	2026-04-29 17:02:56	1	1	15	0
        118580	2026-04-29 17:03:16	1	1	15	0
        110084	2026-04-29 17:03:19	1	1	15	0
        110538	2026-04-29 17:03:22	1	1	15	0
        117088	2026-04-29 17:03:27	1	1	15	0
        117110	2026-04-29 17:03:45	1	1	15	0
        118550	2026-04-29 17:03:53	1	1	15	0
        110817	2026-04-29 17:04:11	1	1	15	0
        110819	2026-04-29 17:04:16	1	1	15	0
        117042	2026-04-29 17:04:25	1	1	15	0
        110785	2026-04-29 17:04:32	1	1	15	0
        117103	2026-04-29 17:04:44	1	1	15	0
        118180	2026-04-29 17:04:58	1	1	15	0
        110816	2026-04-29 17:05:08	1	1	15	0
        110820	2026-04-29 17:05:16	1	1	15	0
        110818	2026-04-29 17:05:23	1	1	15	0
        117965	2026-04-29 17:05:30	1	1	15	0
        110567	2026-04-29 17:05:34	1	1	15	0
        118640	2026-04-29 17:05:38	1	1	15	0
        110475	2026-04-29 17:05:48	1	1	15	0
        110452	2026-04-29 17:06:15	1	1	15	0
        110376	2026-04-29 17:06:28	1	1	15	0
        118971	2026-04-29 17:06:33	1	1	15	0
        110377	2026-04-29 17:06:36	1	1	15	0
        117575	2026-04-29 17:06:40	1	1	15	0
        117129	2026-04-29 17:06:42	1	1	15	0
        119494	2026-04-29 17:06:44	1	1	15	0
        119143	2026-04-29 17:06:46	1	1	15	0
        110492	2026-04-29 17:06:49	1	1	15	0
        116799	2026-04-29 17:06:52	1	1	15	0
        117111	2026-04-29 17:06:55	1	1	15	0
        117993	2026-04-29 17:07:00	1	1	15	0
        110473	2026-04-29 17:07:07	1	1	15	0
        110431	2026-04-29 17:07:11	1	1	15	0
        117711	2026-04-29 17:07:19	1	1	15	0
        117224	2026-04-29 17:07:50	1	1	15	0
        117144	2026-04-29 17:08:05	1	1	15	0
        110493	2026-04-29 17:08:09	1	1	15	0
        110808	2026-04-29 17:08:14	1	1	15	0
        116297	2026-04-29 17:08:20	1	1	15	0
        110356	2026-04-29 17:08:29	1	1	15	0
        110807	2026-04-29 17:08:50	1	1	15	0
        117733	2026-04-29 17:08:56	1	1	15	0
        110065	2026-04-29 17:09:09	1	1	15	0
        117921	2026-04-29 17:09:16	1	1	15	0
        117222	2026-04-29 17:09:23	1	1	15	0
        116073	2026-04-29 17:09:36	1	1	15	0
        110510	2026-04-29 17:09:40	1	1	15	0
        110355	2026-04-29 17:09:42	1	1	15	0
        117100	2026-04-29 17:09:48	1	1	15	0
        110809	2026-04-29 17:10:02	1	1	15	0
        110527	2026-04-29 17:10:08	1	1	15	0
        110158	2026-04-29 17:10:19	1	1	15	0
        110050	2026-04-29 17:10:29	1	1	15	0
        117212	2026-04-29 17:10:47	1	1	15	0
        117709	2026-04-29 17:10:48	1	1	15	0
        117849	2026-04-29 17:10:49	1	1	15	0
        116995	2026-04-29 17:10:52	1	1	15	0
        118917	2026-04-29 17:11:05	1	1	15	0
        116279	2026-04-29 17:12:01	1	1	15	0
        117839	2026-04-29 17:12:16	1	1	15	0
        110060	2026-04-29 17:12:47	1	1	15	0
        116493	2026-04-29 17:12:54	1	1	15	0
        117201	2026-04-29 17:12:57	1	1	15	0
        117833	2026-04-29 17:13:05	1	1	15	0
        117930	2026-04-29 17:13:07	1	1	15	0
        110421	2026-04-29 17:13:09	1	1	15	0
        119386	2026-04-29 17:13:13	1	1	15	0
        110657	2026-04-29 17:13:23	1	1	15	0
        116960	2026-04-29 17:13:36	1	1	15	0
        116512	2026-04-29 17:14:23	1	1	15	0
        117595	2026-04-29 17:14:43	1	1	15	0
        110466	2026-04-29 17:15:20	1	1	15	0
        116232	2026-04-29 17:15:21	1	1	15	0
        116477	2026-04-29 17:15:25	1	1	15	0
        117092	2026-04-29 17:15:27	1	1	15	0
        116274	2026-04-29 17:15:29	1	1	15	0
        118458	2026-04-29 17:15:32	1	1	15	0
        118271	2026-04-29 17:15:45	1	1	15	0
        110100	2026-04-29 17:16:02	1	1	15	0
        117232	2026-04-29 17:16:28	1	1	15	0
        110507	2026-04-29 17:16:32	1	1	15	0
        117528	2026-04-29 17:16:44	1	1	15	0
        116346	2026-04-29 17:16:53	1	1	15	0
        110085	2026-04-29 17:17:03	1	1	15	0
        110360	2026-04-29 17:17:15	1	1	15	0
        116763	2026-04-29 17:17:20	1	1	15	0
        110418	2026-04-29 17:17:21	1	1	15	0
        116828	2026-04-29 17:17:24	1	1	1	0
        117341	2026-04-29 17:17:30	1	1	15	0
        110172	2026-04-29 17:17:35	1	1	15	0
        117039	2026-04-29 17:17:37	1	1	15	0
        110513	2026-04-29 17:17:41	1	1	15	0
        118101	2026-04-29 17:18:10	1	1	15	0
        119070	2026-04-29 17:18:14	1	1	15	0
        118455	2026-04-29 17:18:21	1	1	15	0
        116778	2026-04-29 17:18:32	1	1	15	0
        116787	2026-04-29 17:18:44	1	1	15	0
        117817	2026-04-29 17:18:50	1	1	15	0
        118992	2026-04-29 17:18:59	1	1	15	0
        110805	2026-04-29 17:19:04	1	1	15	0
        117926	2026-04-29 17:19:16	1	1	15	0
        110088	2026-04-29 17:20:27	1	1	15	0
        117700	2026-04-29 17:20:42	1	1	15	0
        117723	2026-04-29 17:20:45	1	1	15	0
        118702	2026-04-29 17:20:48	1	1	15	0
        117543	2026-04-29 17:20:50	1	1	15	0
        117680	2026-04-29 17:20:52	1	1	15	0
        117567	2026-04-29 17:20:59	1	1	15	0
        117487	2026-04-29 17:21:12	1	1	15	0
        117162	2026-04-29 17:21:31	1	1	15	0
        110456	2026-04-29 17:21:46	1	1	15	0
        119453	2026-04-29 17:21:50	1	1	15	0
        110424	2026-04-29 17:22:12	1	1	15	0
        119449	2026-04-29 17:22:38	1	1	15	0
        117259	2026-04-29 17:24:08	1	1	15	0
        116483	2026-04-29 17:24:10	1	1	15	0
        117541	2026-04-29 17:24:12	1	1	15	0
        117769	2026-04-29 17:25:09	1	1	15	0
        110574	2026-04-29 17:25:12	1	1	15	0
        119282	2026-04-29 17:25:16	1	1	15	0
        118503	2026-04-29 17:25:56	1	1	15	0
        117230	2026-04-29 17:26:02	1	1	15	0
        110025	2026-04-29 17:26:09	1	1	15	0
        117133	2026-04-29 17:26:27	1	1	15	0
        117707	2026-04-29 17:26:29	1	1	15	0
        116337	2026-04-29 17:26:31	1	1	15	0
        117236	2026-04-29 17:27:26	1	1	15	0
        117630	2026-04-29 17:27:49	1	1	15	0
        118753	2026-04-29 17:28:23	1	1	15	0
        118867	2026-04-29 17:28:31	1	1	15	0
        110053	2026-04-29 17:28:45	1	1	15	0
        116260	2026-04-29 17:30:13	1	1	15	0
        116497	2026-04-29 17:30:16	1	1	15	0
        117924	2026-04-29 17:30:19	1	1	15	0
        117616	2026-04-29 17:30:43	1	1	15	0
        110063	2026-04-29 17:30:46	1	1	15	0
        117114	2026-04-29 17:31:21	1	1	15	0
        119157	2026-04-29 17:32:01	1	1	15	0
        110632	2026-04-29 17:32:17	1	1	15	0
        119365	2026-04-29 17:32:56	1	1	15	0
        110357	2026-04-29 17:33:02	1	1	15	0
        110463	2026-04-29 17:33:05	1	1	15	0
        117841	2026-04-29 17:33:08	1	1	15	0
        110462	2026-04-29 17:33:13	1	1	15	0
        110116	2026-04-29 17:33:42	1	1	15	0
        116496	2026-04-29 17:34:14	1	1	15	0
        110465	2026-04-29 17:35:09	1	1	15	0
        119263	2026-04-29 17:35:24	1	1	15	0
        117497	2026-04-29 17:36:00	1	1	15	0
        110105	2026-04-29 17:37:10	1	1	15	0
        119602	2026-04-29 17:37:18	1	1	15	0
        110354	2026-04-29 17:37:32	1	1	15	0
        110511	2026-04-29 17:37:54	1	1	15	0
        110128	2026-04-29 17:38:20	1	1	15	0
        116356	2026-04-29 17:39:16	1	1	15	0
        110131	2026-04-29 17:41:35	1	1	15	0
        116441	2026-04-29 17:41:37	1	1	15	0
        110070	2026-04-29 17:47:15	1	1	15	0
        116831	2026-04-29 17:47:57	1	1	15	0
        110378	2026-04-29 17:48:06	1	1	15	0
        110413	2026-04-29 17:51:09	1	1	15	0
        119594	2026-04-29 17:52:34	1	1	15	0
        116069	2026-04-29 17:52:38	1	1	15	0
        110810	2026-04-29 17:52:51	1	1	15	0
        110032	2026-04-29 17:54:12	1	1	15	0
        118593	2026-04-29 17:54:18	1	1	15	0
        116849	2026-04-29 17:54:56	1	1	15	0
        117716	2026-04-29 17:55:31	1	1	15	0
        117591	2026-04-29 17:56:04	1	1	15	0
        117091	2026-04-29 17:57:02	1	1	15	0
        118046	2026-04-29 17:58:22	1	1	15	0
        110083	2026-04-29 17:58:36	1	1	15	0
        110077	2026-04-29 17:59:29	1	1	15	0
        118221	2026-04-29 18:00:02	1	1	15	0
        117120	2026-04-29 18:02:48	1	1	15	0
        116933	2026-04-29 18:03:39	1	1	15	0
        117699	2026-04-29 18:06:11	1	1	15	0
        119493	2026-04-29 18:06:14	1	1	15	0
        117542	2026-04-29 18:06:19	1	1	15	0
        117270	2026-04-29 18:06:56	1	1	15	0
        119227	2026-04-29 18:11:31	1	1	15	0
        110055	2026-04-29 18:13:29	1	1	15	0
        110457	2026-04-29 18:16:15	1	1	15	0
        110580	2026-04-29 18:17:11	1	1	15	0
        110732	2026-04-29 18:17:26	1	1	15	0
        110581	2026-04-29 18:17:30	1	1	15	0
        116142	2026-04-29 18:18:36	1	1	15	0
        118862	2026-04-29 18:20:54	1	1	15	0
        110057	2026-04-29 18:22:23	1	1	15	0
        116504	2026-04-29 18:22:26	1	1	15	0
        117807	2026-04-29 18:23:46	1	1	15	0
        110512	2026-04-29 18:24:15	1	1	15	0
        110183	2026-04-29 18:24:20	1	1	15	0
        110514	2026-04-29 18:24:24	1	1	15	0
        110430	2026-04-29 18:27:46	1	1	15	0
        118369	2026-04-29 18:33:06	1	1	15	0
        116805	2026-04-29 18:33:08	1	1	15	0
        117981	2026-04-29 18:33:10	1	1	15	0
        110372	2026-04-29 18:51:42	1	1	15	0
        116835	2026-04-29 18:51:52	1	1	15	0
        119104	2026-04-29 18:51:56	1	1	15	0
        117337	2026-04-29 19:57:58	1	1	15	0
        116747	2026-04-29 19:58:00	1	1	15	0
        118695	2026-04-29 19:58:04	1	1	15	0
        117201	2026-04-30 04:58:39	1	0	15	0
        110093	2026-04-30 05:09:09	1	0	15	0
        116831	2026-04-30 05:40:49	1	0	15	0
        119070	2026-04-30 06:35:27	1	0	15	0
        118992	2026-04-30 06:41:36	1	0	15	0
        118414	2026-04-30 06:41:41	1	0	15	0
        110432	2026-04-30 06:48:06	1	0	15	0
        110580	2026-04-30 06:48:45	1	0	15	0
        110512	2026-04-30 06:56:13	1	0	15	0
        110492	2026-04-30 06:56:23	1	0	15	0
        118750	2026-04-30 06:56:58	1	0	15	0
        110465	2026-04-30 06:57:46	1	0	15	0
        116747	2026-04-30 06:58:15	1	0	15	0
        118580	2026-04-30 06:59:00	1	0	15	0
        116492	2026-04-30 07:01:40	1	0	15	0
        110549	2026-04-30 07:01:51	1	0	15	0
        118862	2026-04-30 07:02:03	1	0	15	0
        110581	2026-04-30 07:02:43	1	0	15	0
        110574	2026-04-30 07:03:31	1	0	15	0
        110809	2026-04-30 07:09:38	1	0	15	0
        117270	2026-04-30 07:10:31	1	0	15	0
        116232	2026-04-30 07:13:42	1	0	15	0
        110817	2026-04-30 07:15:58	1	0	15	0
        118043	2026-04-30 07:16:30	1	0	15	0
        116799	2026-04-30 07:17:07	1	0	15	0
        110511	2026-04-30 07:18:31	1	0	15	0
        110074	2026-04-30 07:19:47	1	0	15	0
        110457	2026-04-30 07:19:51	1	0	15	0
        110424	2026-04-30 07:19:57	1	0	15	0
        110447	2026-04-30 07:20:05	1	0	15	0
        110632	2026-04-30 07:20:31	1	0	15	0
        118101	2026-04-30 07:20:36	1	0	15	0
        116741	2026-04-30 07:21:12	1	0	15	0
        110060	2026-04-30 07:22:31	1	0	15	0
        118640	2026-04-30 07:24:57	1	0	15	0
        110116	2026-04-30 07:25:02	1	0	15	0
        110816	2026-04-30 07:25:29	1	0	15	0
        118180	2026-04-30 07:25:56	1	0	15	0
        119494	2026-04-30 07:26:16	1	0	15	0
        118046	2026-04-30 07:26:46	1	0	15	0
        110510	2026-04-30 07:27:06	1	0	15	0
        117709	2026-04-30 07:27:41	1	0	15	0
        116763	2026-04-30 07:29:10	1	0	15	0
        119475	2026-04-30 07:29:15	1	0	15	0
        117259	2026-04-30 07:29:32	1	0	15	0
        118753	2026-04-30 07:29:38	1	0	15	0
        110538	2026-04-30 07:29:49	1	0	15	0
        110357	2026-04-30 07:30:11	1	0	15	0
        117541	2026-04-30 07:30:33	1	0	15	0
        117742	2026-04-30 07:31:55	1	0	15	0
        110196	2026-04-30 07:32:05	1	0	15	0
        117230	2026-04-30 07:33:05	1	0	15	0
        110463	2026-04-30 07:33:26	1	0	15	0
        116493	2026-04-30 07:34:15	1	0	15	0
        110057	2026-04-30 07:35:28	1	0	15	0
        110063	2026-04-30 07:35:37	1	0	15	0
        110378	2026-04-30 07:35:45	1	0	15	0
        117635	2026-04-30 07:35:49	1	0	15	0
        110732	2026-04-30 07:35:52	1	0	15	0
        110567	2026-04-30 07:36:54	1	0	15	0
        117114	2026-04-30 07:37:38	1	0	15	0
        117110	2026-04-30 07:38:23	1	0	15	0
        110785	2026-04-30 07:38:32	1	0	15	0
        118369	2026-04-30 07:38:38	1	0	15	0
        118455	2026-04-30 07:38:40	1	0	15	0
        117042	2026-04-30 07:39:06	1	0	15	0
        110473	2026-04-30 07:39:17	1	0	15	0
        119453	2026-04-30 07:39:45	1	0	15	0
        117982	2026-04-30 07:40:21	1	0	15	0
        117639	2026-04-30 07:40:23	1	0	15	0
        117680	2026-04-30 07:40:27	1	0	15	0
        110070	2026-04-30 07:41:14	1	0	15	0
        117023	2026-04-30 07:42:22	1	0	15	0
        110083	2026-04-30 07:42:36	1	0	15	0
        118584	2026-04-30 07:42:57	1	0	15	0
        110465	2026-04-30 07:43:17	1	0	15	0
        116805	2026-04-30 07:43:36	1	0	15	0
        116142	2026-04-30 07:43:38	1	0	15	0
        116346	2026-04-30 07:43:43	1	0	15	0
        116297	2026-04-30 07:43:48	1	0	15	0
        110088	2026-04-30 07:44:00	1	0	15	0
        110377	2026-04-30 07:44:07	1	0	15	0
        117487	2026-04-30 07:44:19	1	0	15	0
        116274	2026-04-30 07:44:34	1	0	15	0
        116504	2026-04-30 07:44:40	1	0	15	0
        116496	2026-04-30 07:45:02	1	0	15	0
        117723	2026-04-30 07:45:19	1	0	15	0
        110493	2026-04-30 07:46:06	1	0	15	0
        110431	2026-04-30 07:46:16	1	0	15	0
        110808	2026-04-30 07:46:49	1	0	15	0
        117543	2026-04-30 07:46:59	1	0	15	0
        117039	2026-04-30 07:47:42	1	0	15	0
        117232	2026-04-30 07:47:48	1	0	15	0
        110805	2026-04-30 07:47:53	1	0	15	0
        119227	2026-04-30 07:47:57	1	0	15	0
        116960	2026-04-30 07:48:00	1	0	15	0
        116296	2026-04-30 07:48:03	1	0	15	0
        110421	2026-04-30 07:48:04	1	0	15	0
        116483	2026-04-30 07:48:22	1	0	15	0
        117981	2026-04-30 07:48:24	1	0	15	0
        110633	2026-04-30 07:48:58	1	0	15	0
        117567	2026-04-30 07:49:04	1	0	15	0
        118695	2026-04-30 07:49:27	1	0	15	0
        110810	2026-04-30 07:49:35	1	0	15	0
        110456	2026-04-30 07:49:41	1	0	15	0
        117591	2026-04-30 07:50:08	1	0	15	0
        116356	2026-04-30 07:50:19	1	0	15	0
        117705	2026-04-30 07:50:32	1	0	15	0
        117699	2026-04-30 07:50:37	1	0	15	0
        110085	2026-04-30 07:50:39	1	0	15	0
        117103	2026-04-30 07:50:45	1	0	15	0
        117965	2026-04-30 07:51:27	1	0	15	0
        110025	2026-04-30 07:51:38	1	0	15	0
        119493	2026-04-30 07:51:58	1	0	15	0
        110197	2026-04-30 07:52:03	1	0	15	0
        110376	2026-04-30 07:52:10	1	0	15	0
        117528	2026-04-30 07:52:14	1	0	15	0
        116073	2026-04-30 07:52:16	1	0	15	0
        118550	2026-04-30 07:52:38	1	0	15	0
        117921	2026-04-30 07:52:48	1	0	15	0
        110050	2026-04-30 07:53:03	1	0	15	0
        117111	2026-04-30 07:53:09	1	0	15	0
        117497	2026-04-30 07:53:25	1	0	15	0
        110807	2026-04-30 07:53:42	1	0	15	0
        110418	2026-04-30 07:53:51	1	0	15	0
        110462	2026-04-30 07:54:01	1	0	15	0
        110485	2026-04-30 07:54:12	1	0	15	0
        117930	2026-04-30 07:54:17	1	0	15	0
        117162	2026-04-30 07:55:13	1	0	15	0
        117120	2026-04-30 07:55:15	1	0	15	0
        117807	2026-04-30 07:55:21	1	0	15	0
        116778	2026-04-30 07:55:50	1	0	15	0
        110158	2026-04-30 07:56:16	1	0	15	0
        117222	2026-04-30 07:56:26	1	0	15	0
        117616	2026-04-30 07:56:29	1	0	15	0
        110475	2026-04-30 07:56:55	1	0	15	0
        117660	2026-04-30 07:57:02	1	0	15	0
        110820	2026-04-30 07:57:15	1	0	15	0
        117833	2026-04-30 07:57:28	1	0	15	0
        118593	2026-04-30 07:57:44	1	0	15	0
        118207	2026-04-30 07:57:54	1	0	15	0
        118971	2026-04-30 07:58:03	1	0	15	0
        117924	2026-04-30 07:58:17	1	0	15	0
        116477	2026-04-30 07:58:20	1	0	15	0
        116441	2026-04-30 07:58:55	1	0	15	0
        117926	2026-04-30 07:59:14	1	0	15	0
        117817	2026-04-30 07:59:23	1	0	15	0
        118867	2026-04-30 07:59:36	1	0	15	0
        117684	2026-04-30 07:59:51	1	0	15	0
        117212	2026-04-30 07:59:54	1	0	15	0
        110077	2026-04-30 08:00:01	1	0	15	0
        119449	2026-04-30 08:00:21	1	0	15	0
        117341	2026-04-30 08:01:10	1	0	15	0
        117707	2026-04-30 08:02:23	1	0	15	0
        110131	2026-04-30 08:03:18	1	0	15	0
        110183	2026-04-30 08:03:26	1	0	15	0
        117236	2026-04-30 08:03:35	1	0	15	0
        117100	2026-04-30 08:03:45	1	0	15	0
        110172	2026-04-30 08:03:51	1	0	15	0
        110065	2026-04-30 08:03:58	1	0	15	0
        117054	2026-04-30 08:04:03	1	0	15	0
        118702	2026-04-30 08:04:08	1	0	15	0
        110055	2026-04-30 08:04:32	1	0	15	0
        110354	2026-04-30 08:05:25	1	0	15	0
        119282	2026-04-30 08:05:28	1	0	15	0
        116828	2026-04-30 08:05:38	1	0	1	0
        110514	2026-04-30 08:06:07	1	0	15	0
        116512	2026-04-30 08:06:22	1	0	15	0
        117144	2026-04-30 08:06:29	1	0	15	0
        117733	2026-04-30 08:07:09	1	0	15	0
        116337	2026-04-30 08:07:35	1	0	15	0
        110360	2026-04-30 08:07:39	1	0	15	0
        116497	2026-04-30 08:07:58	1	0	15	0
        117092	2026-04-30 08:08:29	1	0	15	0
        117993	2026-04-30 08:08:40	1	0	15	0
        117711	2026-04-30 08:08:51	1	0	15	0
        119263	2026-04-30 08:10:01	1	0	15	0
        110452	2026-04-30 08:12:46	1	0	15	0
        117269	2026-04-30 08:17:01	1	0	15	0
        110657	2026-04-30 08:17:24	1	0	15	0
        116095	2026-04-30 08:18:41	1	0	15	0
        110084	2026-04-30 08:18:54	1	0	15	0
        116787	2026-04-30 08:20:44	1	0	15	0
        117337	2026-04-30 08:23:24	1	0	15	0
        117575	2026-04-30 08:33:32	1	0	15	0
        117814	2026-04-30 08:35:40	1	0	15	0
        117595	2026-04-30 08:37:46	1	0	15	0
        118917	2026-04-30 08:38:04	1	0	15	0
        117091	2026-04-30 10:19:15	1	0	15	0
        116496	2026-04-30 12:00:14	1	2	15	0
        117639	2026-04-30 12:00:19	1	2	15	0
        116337	2026-04-30 12:00:22	1	2	15	0
        116741	2026-04-30 12:00:24	1	2	15	0
        117541	2026-04-30 12:00:26	1	2	15	0
        118043	2026-04-30 12:00:28	1	2	15	0
        116778	2026-04-30 12:00:29	1	2	15	0
        116477	2026-04-30 12:00:31	1	2	15	0
        117259	2026-04-30 12:00:33	1	2	15	0
        110465	2026-04-30 12:00:46	1	2	15	0
        116296	2026-04-30 12:00:53	1	2	15	0
        117833	2026-04-30 12:01:02	1	2	15	0
        117100	2026-04-30 12:01:11	1	2	15	0
        118101	2026-04-30 12:01:15	1	2	15	0
        110378	2026-04-30 12:01:27	1	2	15	0
        110452	2026-04-30 12:01:33	1	2	15	0
        117930	2026-04-30 12:01:35	1	2	15	0
        110088	2026-04-30 12:01:44	1	2	15	0
        117144	2026-04-30 12:01:47	1	2	15	0
        119453	2026-04-30 12:01:50	1	2	15	0
        117616	2026-04-30 12:01:53	1	2	15	0
        117497	2026-04-30 12:01:55	1	2	15	0
        110463	2026-04-30 12:01:57	1	2	15	0
        110424	2026-04-30 12:02:01	1	2	15	0
        110418	2026-04-30 12:02:03	1	2	15	0
        110084	2026-04-30 12:02:07	1	2	15	0
        110538	2026-04-30 12:02:09	1	2	15	0
        117926	2026-04-30 12:02:12	1	2	15	0
        110116	2026-04-30 12:02:15	1	2	15	0
        117567	2026-04-30 12:02:19	1	2	15	0
        118580	2026-04-30 12:02:27	1	2	15	0
        116763	2026-04-30 12:02:42	1	2	15	0
        117232	2026-04-30 12:02:49	1	2	15	0
        117341	2026-04-30 12:02:52	1	2	15	0
        117639	2026-04-30 12:02:54	1	2	15	0
        110657	2026-04-30 12:02:58	1	2	15	0
        110493	2026-04-30 12:03:00	1	2	15	0
        110462	2026-04-30 12:03:02	1	2	15	0
        110549	2026-04-30 12:03:12	1	2	15	0
        117114	2026-04-30 12:03:16	1	2	15	0
        110060	2026-04-30 12:03:19	1	2	15	0
        117039	2026-04-30 12:03:30	1	2	15	0
        117543	2026-04-30 12:03:32	1	2	15	0
        110632	2026-04-30 12:03:35	1	2	15	0
        116274	2026-04-30 12:03:37	1	2	15	0
        117705	2026-04-30 12:03:45	1	2	15	0
        116337	2026-04-30 12:03:49	1	2	15	0
        110510	2026-04-30 12:03:51	1	2	15	0
        110511	2026-04-30 12:03:53	1	2	15	0
        110810	2026-04-30 12:03:55	1	2	15	0
        117639	2026-04-30 12:03:58	1	2	15	0
        117541	2026-04-30 12:04:00	1	2	15	0
        110172	2026-04-30 12:04:04	1	2	15	0
        117259	2026-04-30 12:04:06	1	2	15	0
        116778	2026-04-30 12:04:09	1	2	15	0
        117814	2026-04-30 12:04:11	1	2	15	0
        117591	2026-04-30 12:04:12	1	2	15	0
        110581	2026-04-30 12:04:16	1	2	15	0
        119263	2026-04-30 12:04:19	1	2	15	0
        117833	2026-04-30 12:04:24	1	2	15	0
        118862	2026-04-30 12:04:26	1	2	15	0
        117930	2026-04-30 12:04:28	1	2	15	0
        117201	2026-04-30 12:05:08	1	2	15	0
        110055	2026-04-30 12:05:12	1	2	15	0
        117092	2026-04-30 12:05:15	1	2	15	0
        110131	2026-04-30 12:05:24	1	2	15	0
        116477	2026-04-30 12:05:28	1	2	15	0
        110357	2026-04-30 12:05:30	1	2	15	0
        110456	2026-04-30 12:05:32	1	2	15	0
        110785	2026-04-30 12:05:34	1	2	15	0
        117817	2026-04-30 12:05:37	1	2	15	0
        110093	2026-04-30 12:05:42	1	2	15	0
        110418	2026-04-30 12:05:44	1	2	15	0
        110424	2026-04-30 12:05:46	1	2	15	0
        110431	2026-04-30 12:05:50	1	2	15	0
        110465	2026-04-30 12:06:11	1	2	15	0
        110158	2026-04-30 12:06:30	1	2	15	0
        117705	2026-04-30 12:06:36	1	2	15	0
        110070	2026-04-30 12:06:46	1	2	15	0
        116763	2026-04-30 12:06:56	1	2	15	0
        110055	2026-04-30 12:07:10	1	2	15	0
        117807	2026-04-30 12:07:15	1	2	15	0
        117742	2026-04-30 12:07:17	1	2	15	0
        118695	2026-04-30 12:07:18	1	2	15	0
        117707	2026-04-30 12:07:20	1	2	15	0
        110025	2026-04-30 12:07:25	1	2	15	0
        117341	2026-04-30 12:07:45	1	2	15	0
        116496	2026-04-30 12:07:46	1	2	15	0
        118043	2026-04-30 12:07:47	1	2	15	0
        118750	2026-04-30 12:07:51	1	2	15	0
        117110	2026-04-30 12:07:53	1	2	15	0
        117733	2026-04-30 12:07:54	1	2	15	0
        117711	2026-04-30 12:07:58	1	2	15	0
        110084	2026-04-30 12:08:01	1	2	15	0
        110538	2026-04-30 12:08:04	1	2	15	0
        118862	2026-04-30 12:08:11	1	2	15	0
        118580	2026-04-30 12:08:15	1	2	15	0
        117926	2026-04-30 12:08:23	1	2	15	0
        117543	2026-04-30 12:08:26	1	2	15	0
        117680	2026-04-30 12:08:36	1	2	15	0
        110493	2026-04-30 12:08:47	1	2	15	0
        110657	2026-04-30 12:08:50	1	2	15	0
        110354	2026-04-30 12:09:09	1	2	15	0
        110172	2026-04-30 12:09:12	1	2	15	0
        117092	2026-04-30 12:09:25	1	2	15	0
        110060	2026-04-30 12:09:32	1	2	15	0
        110809	2026-04-30 12:09:50	1	2	15	0
        117814	2026-04-30 12:09:57	1	2	15	0
        116274	2026-04-30 12:10:02	1	2	15	0
        110158	2026-04-30 12:10:12	1	2	15	0
        117111	2026-04-30 12:10:15	1	2	15	0
        117337	2026-04-30 12:10:17	1	2	15	0
        118101	2026-04-30 12:10:19	1	2	15	0
        117100	2026-04-30 12:10:21	1	2	15	0
        110063	2026-04-30 12:10:23	1	2	15	0
        117144	2026-04-30 12:10:29	1	2	15	0
        117201	2026-04-30 12:10:49	1	2	15	0
        110810	2026-04-30 12:10:58	1	2	15	0
        110093	2026-04-30 12:11:08	1	2	15	0
        117733	2026-04-30 12:11:14	1	2	15	0
        117042	2026-04-30 12:11:17	1	2	15	0
        117230	2026-04-30 12:11:19	1	2	15	0
        117091	2026-04-30 12:11:31	1	2	15	0
        110377	2026-04-30 12:11:33	1	2	15	0
        117711	2026-04-30 12:11:54	1	2	15	0
        117591	2026-04-30 12:12:05	1	2	15	0
        110581	2026-04-30 12:12:07	1	2	15	0
        110025	2026-04-30 12:12:14	1	2	15	0
        110131	2026-04-30 12:12:16	1	2	15	0
        117707	2026-04-30 12:12:18	1	2	15	0
        119453	2026-04-30 12:12:20	1	2	15	0
        110357	2026-04-30 12:12:22	1	2	15	0
        110456	2026-04-30 12:12:24	1	2	15	0
        110462	2026-04-30 12:12:25	1	2	15	0
        119263	2026-04-30 12:12:28	1	2	15	0
        110632	2026-04-30 12:12:31	1	2	15	0
        110088	2026-04-30 12:12:33	1	2	15	0
        110463	2026-04-30 12:12:37	1	2	15	0
        117616	2026-04-30 12:12:47	1	2	15	0
        110376	2026-04-30 12:13:05	1	2	15	0
        110431	2026-04-30 12:13:11	1	2	15	0
        110077	2026-04-30 12:13:15	1	2	15	0
        117270	2026-04-30 12:13:28	1	2	15	0
        110421	2026-04-30 12:13:33	1	2	15	0
        116512	2026-04-30 12:13:38	1	2	15	0
        117497	2026-04-30 12:13:39	1	2	15	0
        110354	2026-04-30 12:13:42	1	2	15	0
        116346	2026-04-30 12:13:48	1	2	15	0
        117103	2026-04-30 12:13:50	1	2	15	0
        117660	2026-04-30 12:13:54	1	2	15	0
        117635	2026-04-30 12:13:56	1	2	15	0
        117269	2026-04-30 12:14:09	1	2	15	0
        118207	2026-04-30 12:14:13	1	2	15	0
        110085	2026-04-30 12:14:22	1	2	15	0
        118550	2026-04-30 12:14:28	1	2	15	0
        118992	2026-04-30 12:14:33	1	2	15	0
        110360	2026-04-30 12:14:36	1	2	15	0
        110510	2026-04-30 12:14:45	1	2	15	0
        110511	2026-04-30 12:15:03	1	2	15	0
        118917	2026-04-30 12:15:07	1	2	15	0
        117222	2026-04-30 12:15:42	1	2	15	0
        117528	2026-04-30 12:15:44	1	2	15	0
        117807	2026-04-30 12:15:47	1	2	15	0
        117742	2026-04-30 12:15:48	1	2	15	0
        117091	2026-04-30 12:16:35	1	2	15	0
        110377	2026-04-30 12:16:43	1	2	15	0
        117567	2026-04-30 12:16:53	1	2	15	0
        117660	2026-04-30 12:16:57	1	2	15	0
        117635	2026-04-30 12:16:59	1	2	15	0
        117230	2026-04-30 12:17:01	1	2	15	0
        117042	2026-04-30 12:17:03	1	2	15	0
        110808	2026-04-30 12:17:05	1	2	15	0
        116296	2026-04-30 12:17:07	1	2	15	0
        118207	2026-04-30 12:17:09	1	2	15	0
        118992	2026-04-30 12:17:13	1	2	15	0
        118180	2026-04-30 12:17:22	1	2	15	0
        118640	2026-04-30 12:17:24	1	2	15	0
        110378	2026-04-30 12:17:26	1	2	15	0
        116346	2026-04-30 12:17:36	1	2	15	0
        117103	2026-04-30 12:17:38	1	2	15	0
        110732	2026-04-30 12:17:42	1	2	15	0
        117270	2026-04-30 12:18:18	1	2	15	0
        110376	2026-04-30 12:18:33	1	2	15	0
        118917	2026-04-30 12:18:50	1	2	15	0
        117236	2026-04-30 12:19:23	1	2	15	0
        119475	2026-04-30 12:19:39	1	2	15	0
        110065	2026-04-30 12:19:43	1	2	15	0
        117269	2026-04-30 12:19:47	1	2	15	0
        116073	2026-04-30 12:20:10	1	2	15	0
        117921	2026-04-30 12:20:30	1	2	15	0
        117982	2026-04-30 12:20:35	1	2	15	0
        118750	2026-04-30 12:20:53	1	2	15	0
        117110	2026-04-30 12:20:56	1	2	15	0
        117680	2026-04-30 12:20:59	1	2	15	0
        110492	2026-04-30 12:21:01	1	2	15	0
        110360	2026-04-30 12:21:04	1	2	15	0
        116142	2026-04-30 12:21:07	1	2	15	0
        117120	2026-04-30 12:21:12	1	2	15	0
        110785	2026-04-30 12:21:18	1	2	15	0
        118414	2026-04-30 12:21:25	1	2	15	0
        118180	2026-04-30 12:21:27	1	2	15	0
        117222	2026-04-30 12:21:31	1	2	15	0
        118640	2026-04-30 12:21:35	1	2	15	0
        117528	2026-04-30 12:21:38	1	2	15	0
        118550	2026-04-30 12:22:01	1	2	15	0
        119475	2026-04-30 12:23:24	1	2	15	0
        117054	2026-04-30 12:23:27	1	2	15	0
        110065	2026-04-30 12:23:31	1	2	15	0
        110116	2026-04-30 12:23:43	1	2	15	0
        117212	2026-04-30 12:23:56	1	2	15	0
        110473	2026-04-30 12:23:59	1	2	15	0
        117993	2026-04-30 12:24:03	1	2	15	0
        110807	2026-04-30 12:24:07	1	2	15	0
        110492	2026-04-30 12:24:26	1	2	15	0
        110063	2026-04-30 12:25:10	1	2	15	0
        118867	2026-04-30 12:25:14	1	2	15	0
        116492	2026-04-30 12:25:15	1	2	15	0
        118753	2026-04-30 12:25:17	1	2	15	0
        117921	2026-04-30 12:25:21	1	2	15	0
        117982	2026-04-30 12:25:25	1	2	15	0
        117684	2026-04-30 12:25:27	1	2	15	0
        110196	2026-04-30 12:25:31	1	2	15	0
        117965	2026-04-30 12:25:33	1	2	15	0
        110183	2026-04-30 12:26:09	1	2	15	0
        117699	2026-04-30 12:26:12	1	2	15	0
        118971	2026-04-30 12:26:22	1	2	15	0
        110512	2026-04-30 12:26:24	1	2	15	0
        118753	2026-04-30 12:26:27	1	2	15	0
        116095	2026-04-30 12:26:29	1	2	15	0
        117023	2026-04-30 12:26:33	1	2	15	0
        110050	2026-04-30 12:26:35	1	2	15	0
        110514	2026-04-30 12:26:45	1	2	15	0
        110567	2026-04-30 12:26:47	1	2	15	0
        117120	2026-04-30 12:26:50	1	2	15	0
        117575	2026-04-30 12:26:52	1	2	15	0
        118695	2026-04-30 12:26:55	1	2	15	0
        110808	2026-04-30 12:27:06	1	2	15	0
        118593	2026-04-30 12:27:12	1	2	15	0
        118702	2026-04-30 12:27:16	1	2	15	0
        117817	2026-04-30 12:27:21	1	2	15	0
        117723	2026-04-30 12:27:26	1	2	15	0
        117054	2026-04-30 12:27:48	1	2	15	0
        116492	2026-04-30 12:27:59	1	2	15	0
        117162	2026-04-30 12:28:03	1	2	15	0
        117993	2026-04-30 12:28:07	1	2	15	0
        117212	2026-04-30 12:28:08	1	2	15	0
        110473	2026-04-30 12:28:10	1	2	15	0
        119282	2026-04-30 12:28:22	1	2	15	0
        117684	2026-04-30 12:28:27	1	2	15	0
        110196	2026-04-30 12:28:30	1	2	15	0
        117965	2026-04-30 12:28:36	1	2	15	0
        117236	2026-04-30 12:28:51	1	2	15	0
        116512	2026-04-30 12:29:08	1	2	15	0
        119104	2026-04-30 12:29:12	1	2	15	0
        119449	2026-04-30 12:29:20	1	2	15	0
        119493	2026-04-30 12:29:51	1	2	15	0
        117699	2026-04-30 12:30:13	1	2	15	0
        116960	2026-04-30 12:30:44	1	2	15	0
        116799	2026-04-30 12:30:49	1	2	15	0
        117114	2026-04-30 12:31:10	1	2	15	0
        116142	2026-04-30 12:31:12	1	2	15	0
        117023	2026-04-30 12:31:35	1	2	15	0
        110567	2026-04-30 12:31:39	1	2	15	0
        119493	2026-04-30 12:31:44	1	2	15	0
        116828	2026-04-30 12:31:51	1	2	1	0
        110050	2026-04-30 12:31:57	1	3	15	0
        116095	2026-04-30 12:32:02	1	3	15	0
        117487	2026-04-30 12:32:07	1	3	15	0
        110574	2026-04-30 12:32:11	1	3	15	0
        110485	2026-04-30 12:32:15	1	3	15	0
        118971	2026-04-30 12:32:59	1	3	15	0
        110633	2026-04-30 12:33:17	1	3	15	0
        117709	2026-04-30 12:34:09	1	3	15	0
        119282	2026-04-30 12:34:16	1	3	15	0
        117162	2026-04-30 12:34:22	1	3	15	0
        110732	2026-04-30 12:34:28	1	3	15	0
        118702	2026-04-30 12:34:43	1	3	15	0
        117723	2026-04-30 12:34:46	1	3	15	0
        110633	2026-04-30 12:35:11	1	3	15	0
        110512	2026-04-30 12:35:15	1	3	15	0
        110514	2026-04-30 12:35:20	1	3	15	0
        116787	2026-04-30 12:35:29	1	3	15	0
        110807	2026-04-30 12:35:39	1	3	15	0
        119104	2026-04-30 12:36:02	1	3	15	0
        110485	2026-04-30 12:36:25	1	3	15	0
        110574	2026-04-30 12:36:30	1	3	15	0
        110549	2026-04-30 12:37:18	1	3	15	0
        117595	2026-04-30 12:38:11	1	3	15	0
        117232	2026-04-30 12:38:30	1	3	15	0
        117039	2026-04-30 12:38:36	1	3	15	0
        117237	2026-04-30 12:38:40	1	3	15	0
        116073	2026-04-30 12:38:59	1	3	15	0
        116483	2026-04-30 12:39:05	1	3	15	0
        116504	2026-04-30 12:39:11	1	3	15	0
        117709	2026-04-30 12:39:13	1	3	15	0
        110077	2026-04-30 12:39:25	1	3	15	0
        110083	2026-04-30 12:39:45	1	3	15	0
        117111	2026-04-30 12:40:33	1	3	15	0
        110070	2026-04-30 12:41:01	1	3	15	0
        117487	2026-04-30 12:41:07	1	3	15	0
        116960	2026-04-30 12:41:49	1	3	15	0
        116799	2026-04-30 12:41:53	1	3	15	0
        110083	2026-04-30 12:42:25	1	3	15	0
        117114	2026-04-30 12:42:32	1	3	15	0
        110809	2026-04-30 12:42:56	1	3	15	0
        117595	2026-04-30 12:43:20	1	3	15	0
        118593	2026-04-30 12:43:51	1	3	15	0
        116787	2026-04-30 12:44:08	1	3	15	0
        116828	2026-04-30 12:44:13	1	3	1	0
        119449	2026-04-30 12:44:30	1	3	15	0
        116483	2026-04-30 12:45:01	1	3	15	0
        116504	2026-04-30 12:45:05	1	3	15	0
        117575	2026-04-30 12:45:13	1	3	15	0
        119494	2026-04-30 12:45:41	1	3	15	0
        118584	2026-04-30 12:46:30	1	3	15	0
        110580	2026-04-30 12:47:55	1	3	15	0
        116493	2026-04-30 12:48:28	1	3	15	0
        116441	2026-04-30 12:48:31	1	3	15	0
        118584	2026-04-30 12:50:48	1	3	15	0
        116805	2026-04-30 12:51:22	1	3	15	0
        118369	2026-04-30 12:51:25	1	3	15	0
        116356	2026-04-30 12:51:26	1	3	15	0
        117981	2026-04-30 12:51:29	1	3	15	0
        117924	2026-04-30 12:51:30	1	3	15	0
        110457	2026-04-30 12:51:32	1	3	15	0
        116497	2026-04-30 12:51:37	1	3	15	0
        116493	2026-04-30 12:53:25	1	3	15	0
        110452	2026-04-30 12:53:28	1	3	15	0
        119494	2026-04-30 12:53:34	1	3	15	0
        116441	2026-04-30 12:53:39	1	3	15	0
        116356	2026-04-30 12:53:45	1	3	15	0
        116805	2026-04-30 12:53:49	1	3	15	0
        118369	2026-04-30 12:53:51	1	3	15	0
        117981	2026-04-30 12:53:53	1	3	15	0
        110057	2026-04-30 12:53:59	1	3	15	0
        110074	2026-04-30 12:54:04	1	3	15	0
        116297	2026-04-30 12:54:14	1	3	15	0
        117924	2026-04-30 12:54:17	1	3	15	0
        116497	2026-04-30 12:54:29	1	3	15	0
        110457	2026-04-30 12:54:33	1	3	15	0
        110805	2026-04-30 12:54:40	1	3	15	0
        118455	2026-04-30 12:54:57	1	3	15	0
        119070	2026-04-30 12:55:01	1	3	15	0
        110421	2026-04-30 12:55:31	1	3	15	0
        116297	2026-04-30 12:56:20	1	3	15	0
        116741	2026-04-30 12:56:45	1	3	15	0
        117337	2026-04-30 12:57:07	1	3	15	0
        119227	2026-04-30 12:57:23	1	3	15	0
        110085	2026-04-30 12:57:45	1	3	15	0
        110183	2026-04-30 12:58:19	1	3	15	0
        118455	2026-04-30 12:59:02	1	3	15	0
        110074	2026-04-30 12:59:04	1	3	15	0
        119070	2026-04-30 12:59:07	1	3	15	0
        119227	2026-04-30 12:59:10	1	3	15	0
        110057	2026-04-30 12:59:13	1	3	15	0
        110805	2026-04-30 12:59:24	1	3	15	0
        116297	2026-04-30 16:19:38	1	1	15	0
        110809	2026-04-30 17:01:10	1	1	15	0
        116492	2026-04-30 17:01:23	1	1	15	0
        110196	2026-04-30 17:01:27	1	1	15	0
        118750	2026-04-30 17:01:37	1	1	15	0
        117733	2026-04-30 17:01:40	1	1	15	0
        118640	2026-04-30 17:01:42	1	1	15	0
        117635	2026-04-30 17:01:51	1	1	15	0
        117660	2026-04-30 17:01:53	1	1	15	0
        117705	2026-04-30 17:01:55	1	1	15	0
        116741	2026-04-30 17:01:57	1	1	15	0
        117110	2026-04-30 17:01:58	1	1	15	0
        117982	2026-04-30 17:02:12	1	1	15	0
        116441	2026-04-30 17:02:17	1	1	15	0
        118550	2026-04-30 17:02:18	1	1	15	0
        116296	2026-04-30 17:02:20	1	1	15	0
        116073	2026-04-30 17:02:34	1	1	15	0
        118043	2026-04-30 17:02:38	1	1	15	0
        116337	2026-04-30 17:03:17	1	1	15	0
        117595	2026-04-30 17:03:22	1	1	15	0
        110549	2026-04-30 17:03:28	1	1	15	0
        110462	2026-04-30 17:03:35	1	1	15	0
        110493	2026-04-30 17:03:42	1	1	15	0
        110657	2026-04-30 17:03:46	1	1	15	0
        118180	2026-04-30 17:03:53	1	1	15	0
        110070	2026-04-30 17:04:07	1	1	15	0
        119494	2026-04-30 17:04:13	1	1	15	0
        116477	2026-04-30 17:04:18	1	1	15	0
        117817	2026-04-30 17:04:25	1	1	15	0
        110158	2026-04-30 17:04:35	1	1	15	0
        117711	2026-04-30 17:04:41	1	1	15	0
        117222	2026-04-30 17:04:48	1	1	15	0
        116512	2026-04-30 17:04:51	1	1	15	0
        110131	2026-04-30 17:04:58	1	1	15	0
        110360	2026-04-30 17:05:02	1	1	15	0
        117103	2026-04-30 17:05:06	1	1	15	0
        110475	2026-04-30 17:05:16	1	1	15	0
        117965	2026-04-30 17:05:51	1	1	15	0
        117684	2026-04-30 17:05:55	1	1	15	0
        110820	2026-04-30 17:07:05	1	1	15	0
        110816	2026-04-30 17:07:11	1	1	15	0
        117042	2026-04-30 17:07:16	1	1	15	0
        110817	2026-04-30 17:07:23	1	1	15	0
        110808	2026-04-30 17:07:28	1	1	15	0
        116799	2026-04-30 17:07:37	1	1	15	0
        117567	2026-04-30 17:07:41	1	1	15	0
        110511	2026-04-30 17:08:01	1	1	15	0
        110807	2026-04-30 17:08:02	1	1	15	0
        110510	2026-04-30 17:08:04	1	1	15	0
        110463	2026-04-30 17:08:05	1	1	15	0
        110088	2026-04-30 17:08:09	1	1	15	0
        110465	2026-04-30 17:08:11	1	1	15	0
        119453	2026-04-30 17:08:13	1	1	15	0
        117543	2026-04-30 17:08:14	1	1	15	0
        110805	2026-04-30 17:08:16	1	1	15	0
        117144	2026-04-30 17:08:20	1	1	15	0
        119263	2026-04-30 17:08:23	1	1	15	0
        117497	2026-04-30 17:08:26	1	1	15	0
        117742	2026-04-30 17:08:27	1	1	15	0
        110492	2026-04-30 17:08:29	1	1	15	0
        117616	2026-04-30 17:08:31	1	1	15	0
        110063	2026-04-30 17:08:33	1	1	15	0
        110485	2026-04-30 17:08:37	1	1	15	0
        110810	2026-04-30 17:08:55	1	1	15	0
        116274	2026-04-30 17:08:57	1	1	15	0
        117709	2026-04-30 17:09:12	1	1	15	0
        118971	2026-04-30 17:09:14	1	1	15	0
        117092	2026-04-30 17:09:39	1	1	15	0
        117699	2026-04-30 17:09:42	1	1	15	0
        110055	2026-04-30 17:09:45	1	1	15	0
        117114	2026-04-30 17:09:48	1	1	15	0
        117680	2026-04-30 17:09:49	1	1	15	0
        117212	2026-04-30 17:09:52	1	1	15	0
        110085	2026-04-30 17:09:55	1	1	15	0
        117807	2026-04-30 17:10:01	1	1	15	0
        117921	2026-04-30 17:10:04	1	1	15	0
        116142	2026-04-30 17:10:06	1	1	15	0
        110354	2026-04-30 17:10:08	1	1	15	0
        117120	2026-04-30 17:10:10	1	1	15	0
        116828	2026-04-30 17:10:13	1	1	1	0
        110632	2026-04-30 17:10:19	1	1	15	0
        119449	2026-04-30 17:10:21	1	1	15	0
        117269	2026-04-30 17:10:23	1	1	15	0
        110077	2026-04-30 17:10:27	1	1	15	0
        117639	2026-04-30 17:10:30	1	1	15	0
        117341	2026-04-30 17:10:35	1	1	15	0
        110060	2026-04-30 17:10:37	1	1	15	0
        110116	2026-04-30 17:10:40	1	1	15	0
        116960	2026-04-30 17:10:44	1	1	15	0
        110633	2026-04-30 17:10:49	1	1	15	0
        110377	2026-04-30 17:11:45	1	1	15	0
        110376	2026-04-30 17:11:56	1	1	15	0
        110452	2026-04-30 17:11:59	1	1	15	0
        116763	2026-04-30 17:12:02	1	1	15	0
        117232	2026-04-30 17:12:05	1	1	15	0
        110418	2026-04-30 17:12:08	1	1	15	0
        110172	2026-04-30 17:12:10	1	1	15	0
        117926	2026-04-30 17:12:12	1	1	15	0
        110424	2026-04-30 17:12:14	1	1	15	0
        118101	2026-04-30 17:12:16	1	1	15	0
        119475	2026-04-30 17:12:22	1	1	15	0
        117236	2026-04-30 17:12:25	1	1	15	0
        110065	2026-04-30 17:12:27	1	1	15	0
        117337	2026-04-30 17:12:31	1	1	15	0
        110093	2026-04-30 17:12:38	1	1	15	0
        110074	2026-04-30 17:12:40	1	1	15	0
        117814	2026-04-30 17:12:45	1	1	15	0
        117100	2026-04-30 17:12:49	1	1	15	0
        110473	2026-04-30 17:13:02	1	1	15	0
        117833	2026-04-30 17:13:16	1	1	15	0
        110421	2026-04-30 17:13:28	1	1	15	0
        110431	2026-04-30 17:13:29	1	1	15	0
        117111	2026-04-30 17:13:33	1	1	15	0
        117528	2026-04-30 17:13:36	1	1	15	0
        117230	2026-04-30 17:13:41	1	1	15	0
        118593	2026-04-30 17:13:48	1	1	15	0
        110567	2026-04-30 17:13:55	1	1	15	0
        116095	2026-04-30 17:13:58	1	1	15	0
        117023	2026-04-30 17:14:04	1	1	15	0
        117930	2026-04-30 17:14:14	1	1	15	0
        116504	2026-04-30 17:14:57	1	1	15	0
        117162	2026-04-30 17:15:04	1	1	15	0
        117039	2026-04-30 17:15:07	1	1	15	0
        118702	2026-04-30 17:15:16	1	1	15	0
        117723	2026-04-30 17:15:56	1	1	15	0
        117487	2026-04-30 17:16:02	1	1	15	0
        118695	2026-04-30 17:16:36	1	1	15	0
        116232	2026-04-30 17:16:42	1	1	15	0
        116787	2026-04-30 17:16:47	1	1	15	0
        110456	2026-04-30 17:17:21	1	1	15	0
        110457	2026-04-30 17:17:25	1	1	15	0
        110357	2026-04-30 17:17:28	1	1	15	0
        117541	2026-04-30 17:17:39	1	1	15	0
        117259	2026-04-30 17:17:41	1	1	15	0
        119227	2026-04-30 17:18:26	1	1	15	0
        117270	2026-04-30 17:18:34	1	1	15	0
        110057	2026-04-30 17:18:43	1	1	15	0
        110512	2026-04-30 17:19:14	1	1	15	0
        117575	2026-04-30 17:19:21	1	1	15	0
        110378	2026-04-30 17:19:47	1	1	15	0
        118369	2026-04-30 17:20:02	1	1	15	0
        116805	2026-04-30 17:20:03	1	1	15	0
        116356	2026-04-30 17:20:06	1	1	15	0
        117981	2026-04-30 17:20:08	1	1	15	0
        117924	2026-04-30 17:20:10	1	1	15	0
        116497	2026-04-30 17:20:17	1	1	15	0
