        116738	2025-12-01 03:51:48	1	0	15	0
        110045	2025-12-01 06:07:45	1	0	15	0
        118548	2025-12-01 06:13:17	1	0	15	0
        116434	2025-12-01 06:27:28	1	0	15	0
           261	2025-12-01 06:30:47	1	0	15	0
        118326	2025-12-01 06:30:52	1	0	15	0
        117727	2025-12-01 06:39:50	1	0	15	0
           259	2025-12-01 07:12:57	1	0	15	0
        118585	2025-12-01 07:14:38	1	0	15	0
        117631	2025-12-01 07:15:39	1	0	15	0
        118160	2025-12-01 07:24:34	1	0	15	0
        116192	2025-12-01 07:25:10	1	0	15	0
           260	2025-12-01 07:25:20	1	0	15	0
        117977	2025-12-01 07:27:48	1	0	15	0
        117185	2025-12-01 07:28:29	1	0	15	0
        118301	2025-12-01 07:31:26	1	0	15	0
           215	2025-12-01 07:31:32	1	0	15	0
        119392	2025-12-01 07:33:10	1	0	15	0
        118251	2025-12-01 07:33:16	1	0	1	0
        119206	2025-12-01 07:34:16	1	0	15	0
        119406	2025-12-01 07:35:56	1	0	15	0
        117596	2025-12-01 07:42:18	1	0	15	0
        110124	2025-12-01 07:44:56	1	0	15	0
        117090	2025-12-01 07:45:54	1	0	15	0
        117656	2025-12-01 07:45:58	1	0	15	0
        118509	2025-12-01 07:47:43	1	0	15	0
        119443	2025-12-01 07:48:03	1	0	15	0
        110064	2025-12-01 07:49:06	1	0	15	0
        110188	2025-12-01 07:49:46	1	0	15	0
        116487	2025-12-01 07:51:45	1	0	15	0
        116825	2025-12-01 07:54:22	1	0	15	0
        119376	2025-12-01 07:54:34	1	0	15	0
        116790	2025-12-01 07:55:43	1	0	15	0
        110477	2025-12-01 07:57:45	1	0	15	0
           257	2025-12-01 07:57:48	1	0	15	0
        119117	2025-12-01 07:57:56	1	0	1	0
        118760	2025-12-01 08:04:51	1	0	15	0
        116548	2025-12-01 08:09:25	1	0	15	0
        117519	2025-12-01 08:10:16	1	0	15	0
        118143	2025-12-01 08:14:11	1	0	15	0
        117518	2025-12-01 08:17:39	1	0	15	0
        116712	2025-12-01 08:18:57	1	0	15	0
        116096	2025-12-01 08:19:04	1	0	15	0
        116844	2025-12-01 08:19:36	1	0	15	0
        119077	2025-12-01 08:31:37	1	0	15	0
        116961	2025-12-01 08:31:59	1	0	15	0
        118566	2025-12-01 08:37:02	1	0	15	0
        117398	2025-12-01 08:47:46	1	0	15	0
        118398	2025-12-01 08:51:41	1	0	15	0
        116476	2025-12-01 08:54:35	1	0	15	0
        118083	2025-12-01 09:05:03	1	0	15	0
        116829	2025-12-01 09:09:37	1	0	15	0
        118801	2025-12-01 09:11:28	1	0	15	0
        117471	2025-12-01 09:16:45	1	0	15	0
        117274	2025-12-01 09:36:43	1	0	15	0
        116192	2025-12-01 12:00:31	1	2	15	0
        117631	2025-12-01 12:00:36	1	2	15	0
        119443	2025-12-01 12:00:40	1	2	15	0
        118251	2025-12-01 12:00:44	1	2	1	0
        110064	2025-12-01 12:00:50	1	2	15	0
        119117	2025-12-01 12:01:12	1	2	1	0
        118083	2025-12-01 12:01:26	1	2	15	0
        116476	2025-12-01 12:01:45	1	2	15	0
        110045	2025-12-01 12:02:18	1	2	15	0
        117090	2025-12-01 12:02:23	1	2	15	0
        117471	2025-12-01 12:02:43	1	2	15	0
        118251	2025-12-01 12:03:53	1	2	1	0
        118548	2025-12-01 12:04:00	1	2	15	0
        116192	2025-12-01 12:04:05	1	2	15	0
        118509	2025-12-01 12:04:09	1	2	15	0
        118326	2025-12-01 12:04:12	1	2	15	0
        119443	2025-12-01 12:04:24	1	2	15	0
        117398	2025-12-01 12:04:29	1	2	15	0
        119406	2025-12-01 12:04:36	1	2	15	0
        119117	2025-12-01 12:04:39	1	2	1	0
        119376	2025-12-01 12:04:45	1	2	15	0
        118083	2025-12-01 12:04:54	1	2	15	0
        117090	2025-12-01 12:05:08	1	2	15	0
        117631	2025-12-01 12:05:15	1	2	15	0
        118301	2025-12-01 12:05:47	1	2	15	0
        116961	2025-12-01 12:05:57	1	2	15	0
        118398	2025-12-01 12:06:07	1	2	15	0
        118548	2025-12-01 12:06:12	1	2	15	0
        117727	2025-12-01 12:06:20	1	2	15	0
        118326	2025-12-01 12:06:48	1	2	15	0
        117977	2025-12-01 12:06:50	1	2	15	0
        116476	2025-12-01 12:06:53	1	2	15	0
           261	2025-12-01 12:07:03	1	2	15	0
           259	2025-12-01 12:07:12	1	2	15	0
        110064	2025-12-01 12:07:20	1	2	15	0
        116487	2025-12-01 12:07:23	1	2	15	0
        118509	2025-12-01 12:07:56	1	2	15	0
        119406	2025-12-01 12:08:00	1	2	15	0
        116844	2025-12-01 12:08:33	1	2	15	0
        119376	2025-12-01 12:08:48	1	2	15	0
           257	2025-12-01 12:09:03	1	2	15	0
        116511	2025-12-01 12:09:14	1	2	15	0
           260	2025-12-01 12:09:31	1	2	15	0
        116953	2025-12-01 12:09:45	1	2	15	0
        110477	2025-12-01 12:09:51	1	2	15	0
        116790	2025-12-01 12:09:56	1	2	15	0
        118160	2025-12-01 12:10:01	1	2	15	0
        116487	2025-12-01 12:10:05	1	2	15	0
        117656	2025-12-01 12:11:01	1	2	15	0
        110188	2025-12-01 12:11:04	1	2	15	0
           261	2025-12-01 12:11:09	1	2	15	0
           259	2025-12-01 12:11:14	1	2	15	0
        118801	2025-12-01 12:11:23	1	2	15	0
        118566	2025-12-01 12:11:46	1	2	15	0
        119077	2025-12-01 12:12:37	1	2	15	0
        119206	2025-12-01 12:13:11	1	2	15	0
        118760	2025-12-01 12:13:27	1	2	15	0
        118585	2025-12-01 12:13:48	1	2	15	0
           257	2025-12-01 12:13:52	1	2	15	0
        117519	2025-12-01 12:14:24	1	2	15	0
        117596	2025-12-01 12:14:28	1	2	15	0
        119077	2025-12-01 12:14:37	1	2	15	0
        118160	2025-12-01 12:14:40	1	2	15	0
        116844	2025-12-01 12:14:43	1	2	15	0
        117656	2025-12-01 12:14:54	1	2	15	0
        110188	2025-12-01 12:14:58	1	2	15	0
           215	2025-12-01 12:15:09	1	2	15	0
        119206	2025-12-01 12:16:21	1	2	15	0
        118398	2025-12-01 12:16:28	1	2	15	0
        118301	2025-12-01 12:17:18	1	2	15	0
        117274	2025-12-01 12:17:29	1	2	15	0
        118760	2025-12-01 12:17:43	1	2	15	0
        117519	2025-12-01 12:17:48	1	2	15	0
        117596	2025-12-01 12:17:54	1	2	15	0
        117518	2025-12-01 12:19:15	1	2	15	0
        117727	2025-12-01 12:19:22	1	2	15	0
        116825	2025-12-01 12:19:34	1	2	15	0
           215	2025-12-01 12:19:43	1	2	15	0
        116961	2025-12-01 12:19:51	1	2	15	0
        116096	2025-12-01 12:20:50	1	2	15	0
        116829	2025-12-01 12:21:12	1	2	15	0
        116548	2025-12-01 12:21:17	1	2	15	0
        116070	2025-12-01 12:21:20	1	2	15	0
        118566	2025-12-01 12:22:01	1	2	15	0
        110477	2025-12-01 12:22:23	1	2	15	0
        116953	2025-12-01 12:22:30	1	2	15	0
        116790	2025-12-01 12:22:33	1	2	15	0
        117518	2025-12-01 12:23:25	1	2	15	0
        110068	2025-12-01 12:23:30	1	2	1	0
        116829	2025-12-01 12:24:30	1	2	15	0
        116070	2025-12-01 12:24:53	1	2	15	0
        116548	2025-12-01 12:24:57	1	2	15	0
           260	2025-12-01 12:25:09	1	2	15	0
        116825	2025-12-01 12:25:15	1	2	15	0
        116096	2025-12-01 12:25:18	1	2	15	0
        117274	2025-12-01 12:25:22	1	2	15	0
        118143	2025-12-01 12:28:49	1	2	15	0
        116712	2025-12-01 12:29:26	1	2	15	0
        117977	2025-12-01 12:29:31	1	2	15	0
           258	2025-12-01 12:32:16	1	3	15	0
        116712	2025-12-01 12:32:27	1	3	15	0
        118143	2025-12-01 12:35:11	1	3	15	0
        118801	2025-12-01 12:38:44	1	3	15	0
        110124	2025-12-01 12:38:54	1	3	15	0
        117398	2025-12-01 12:52:00	1	3	15	0
        119392	2025-12-01 12:53:18	1	3	15	0
        116511	2025-12-01 12:53:46	1	3	15	0
        119392	2025-12-01 12:56:46	1	3	15	0
        118585	2025-12-01 12:56:56	1	3	15	0
        110124	2025-12-01 12:57:18	1	3	15	0
        117185	2025-12-01 13:00:13	1	3	15	0
           259	2025-12-01 17:03:35	1	1	15	0
           258	2025-12-01 17:03:41	1	1	15	0
        119206	2025-12-01 17:04:01	1	1	15	0
        118326	2025-12-01 17:04:43	1	1	15	0
        119077	2025-12-01 17:04:49	1	1	15	0
        116825	2025-12-01 17:04:59	1	1	15	0
           257	2025-12-01 17:05:53	1	1	15	0
           260	2025-12-01 17:07:24	1	1	15	0
        117518	2025-12-01 17:07:30	1	1	15	0
        110477	2025-12-01 17:07:47	1	1	15	0
        118509	2025-12-01 17:09:48	1	1	15	0
        117185	2025-12-01 17:10:00	1	1	15	0
        116953	2025-12-01 17:10:42	1	1	15	0
        118301	2025-12-01 17:10:56	1	1	15	0
        119406	2025-12-01 17:11:02	1	1	15	0
           215	2025-12-01 17:11:28	1	1	15	0
        110068	2025-12-01 17:11:55	1	1	1	0
        116548	2025-12-01 17:12:36	1	1	15	0
        116096	2025-12-01 17:12:39	1	1	15	0
        116070	2025-12-01 17:12:47	1	1	1	0
        119117	2025-12-01 17:13:33	1	1	1	0
        119376	2025-12-01 17:13:41	1	1	15	0
        117977	2025-12-01 17:15:46	1	1	15	0
        116790	2025-12-01 17:15:55	1	1	15	0
        110188	2025-12-01 17:17:45	1	1	15	0
        116476	2025-12-01 17:18:41	1	1	15	0
        118398	2025-12-01 17:18:46	1	1	15	0
        110045	2025-12-01 17:19:02	1	1	15	0
        118760	2025-12-01 17:19:18	1	1	15	0
        118251	2025-12-01 17:22:28	1	1	1	0
        119443	2025-12-01 17:22:36	1	1	15	0
        118083	2025-12-01 17:30:23	1	1	15	0
        117398	2025-12-01 17:30:30	1	1	15	0
        116844	2025-12-01 17:32:10	1	1	15	0
        117631	2025-12-01 17:44:26	1	1	15	0
        118548	2025-12-01 17:44:30	1	1	15	0
        116192	2025-12-01 17:44:34	1	1	15	0
        118160	2025-12-01 17:44:40	1	1	15	0
        117090	2025-12-01 17:44:46	1	1	15	0
        118585	2025-12-01 17:46:28	1	1	15	0
        117656	2025-12-01 17:46:38	1	1	15	0
        116712	2025-12-01 17:47:28	1	1	15	0
        119392	2025-12-01 17:49:07	1	1	15	0
        118566	2025-12-01 17:53:11	1	1	15	0
           261	2025-12-01 17:54:07	1	1	15	0
        110064	2025-12-01 17:54:25	1	1	15	0
        116829	2025-12-01 18:12:32	1	1	15	0
        117274	2025-12-01 18:12:40	1	1	15	0
        116487	2025-12-01 18:20:56	1	1	15	0
        116961	2025-12-01 18:24:32	1	1	15	0
        117596	2025-12-01 18:30:19	1	1	15	0
        110124	2025-12-01 21:24:49	1	1	15	0
        117727	2025-12-01 21:24:55	1	1	15	0
        116511	2025-12-01 21:25:00	1	1	15	0
        118548	2025-12-02 06:09:17	1	0	15	0
        118160	2025-12-02 07:04:45	1	0	15	0
           259	2025-12-02 07:09:23	1	0	15	0
        118585	2025-12-02 07:23:38	1	0	15	0
        116192	2025-12-02 07:28:06	1	0	15	0
        118406	2025-12-02 07:29:01	1	0	15	0
        119206	2025-12-02 07:29:48	1	0	15	0
        116825	2025-12-02 07:32:01	1	0	15	0
           261	2025-12-02 07:32:45	1	0	15	0
        118251	2025-12-02 07:35:50	1	0	1	0
        110064	2025-12-02 07:38:19	1	0	15	0
        118301	2025-12-02 07:38:44	1	0	15	0
           260	2025-12-02 07:38:57	1	0	15	0
        118509	2025-12-02 07:40:07	1	0	15	0
        110068	2025-12-02 07:44:04	1	0	1	0
           215	2025-12-02 07:44:21	1	0	15	0
           257	2025-12-02 07:54:38	1	0	15	0
        117656	2025-12-02 07:54:43	1	0	15	0
        110477	2025-12-02 07:58:40	1	0	15	0
        117631	2025-12-02 07:58:48	1	0	15	0
        119117	2025-12-02 08:03:46	1	0	1	0
        117518	2025-12-02 08:07:21	1	0	15	0
        118143	2025-12-02 08:08:09	1	0	15	0
        116844	2025-12-02 08:08:19	1	0	15	0
        117092	2025-12-02 08:10:42	1	0	15	0
        116548	2025-12-02 08:11:42	1	0	15	0
        118760	2025-12-02 08:12:43	1	0	15	0
        116790	2025-12-02 08:15:17	1	0	15	0
        117242	2025-12-02 08:15:31	1	0	1	0
        118398	2025-12-02 08:16:04	1	0	15	0
        116096	2025-12-02 08:17:23	1	0	15	0
        117090	2025-12-02 08:18:57	1	0	15	0
        110188	2025-12-02 08:22:17	1	0	15	0
        119077	2025-12-02 08:23:14	1	0	15	0
        116487	2025-12-02 08:24:40	1	0	15	0
        117274	2025-12-02 08:31:08	1	0	15	0
        119443	2025-12-02 08:34:30	1	0	15	0
        119406	2025-12-02 08:34:57	1	0	15	0
        116509	2025-12-02 08:37:30	1	0	15	0
        116953	2025-12-02 08:38:22	1	0	15	0
        119376	2025-12-02 08:43:15	1	0	15	0
        116511	2025-12-02 08:43:59	1	0	15	0
        117977	2025-12-02 08:46:54	1	0	15	0
        118083	2025-12-02 08:49:12	1	0	15	0
        116263	2025-12-02 08:55:41	1	0	15	0
        116476	2025-12-02 08:56:35	1	0	15	0
        117596	2025-12-02 08:56:55	1	0	15	0
        117398	2025-12-02 08:58:48	1	0	15	0
        119392	2025-12-02 09:03:08	1	0	15	0
        110045	2025-12-02 09:10:43	1	0	15	0
        118801	2025-12-02 09:17:20	1	0	15	0
        116271	2025-12-02 09:19:36	1	0	15	0
        116829	2025-12-02 09:30:58	1	0	15	0
        116825	2025-12-02 11:54:13	1	0	15	0
        117631	2025-12-02 12:00:02	1	0	15	0
        116192	2025-12-02 12:00:08	1	0	15	0
        116263	2025-12-02 12:00:14	1	0	15	0
        119443	2025-12-02 12:00:19	1	0	15	0
        118251	2025-12-02 12:00:43	1	0	1	0
        117090	2025-12-02 12:00:49	1	2	15	0
        116271	2025-12-02 12:01:28	1	2	15	0
        116844	2025-12-02 12:02:21	1	2	15	0
        119117	2025-12-02 12:03:04	1	2	1	0
        118801	2025-12-02 12:03:20	1	2	15	0
        119376	2025-12-02 12:03:33	1	2	15	0
        118398	2025-12-02 12:04:07	1	2	15	0
        119206	2025-12-02 12:04:27	1	2	15	0
           215	2025-12-02 12:04:40	1	2	15	0
        117398	2025-12-02 12:05:05	1	2	15	0
        116844	2025-12-02 12:05:12	1	2	15	0
        116509	2025-12-02 12:05:17	1	2	15	0
        116192	2025-12-02 12:05:21	1	2	15	0
        119443	2025-12-02 12:05:24	1	2	15	0
        116263	2025-12-02 12:05:27	1	2	15	0
        118251	2025-12-02 12:05:32	1	2	1	0
        117631	2025-12-02 12:05:39	1	2	15	0
        117090	2025-12-02 12:05:43	1	2	15	0
        118160	2025-12-02 12:05:55	1	2	15	0
           261	2025-12-02 12:06:05	1	2	15	0
           259	2025-12-02 12:06:12	1	2	15	0
        116476	2025-12-02 12:07:07	1	2	15	0
        119376	2025-12-02 12:07:13	1	2	15	0
        119206	2025-12-02 12:07:21	1	2	15	0
        118160	2025-12-02 12:07:27	1	2	15	0
        119117	2025-12-02 12:08:43	1	2	1	0
        118398	2025-12-02 12:08:50	1	2	15	0
           215	2025-12-02 12:08:58	1	2	15	0
        117656	2025-12-02 12:10:16	1	2	15	0
        116953	2025-12-02 12:10:35	1	2	15	0
        116790	2025-12-02 12:10:38	1	2	15	0
        110477	2025-12-02 12:10:44	1	2	15	0
           259	2025-12-02 12:10:52	1	2	15	0
           261	2025-12-02 12:10:58	1	2	15	0
           260	2025-12-02 12:11:04	1	2	15	0
        116829	2025-12-02 12:11:37	1	2	15	0
        116548	2025-12-02 12:12:11	1	2	15	0
        118548	2025-12-02 12:12:32	1	2	15	0
        110068	2025-12-02 12:12:41	1	2	1	0
        116070	2025-12-02 12:12:50	1	2	1	0
        117242	2025-12-02 12:12:58	1	2	1	0
        118509	2025-12-02 12:13:15	1	2	15	0
        119406	2025-12-02 12:13:20	1	2	15	0
        116096	2025-12-02 12:13:35	1	2	15	0
        116953	2025-12-02 12:14:20	1	3	15	0
        110477	2025-12-02 12:14:25	1	3	15	0
        116790	2025-12-02 12:14:28	1	3	15	0
        117274	2025-12-02 12:14:42	1	3	15	0
           260	2025-12-02 12:14:52	1	3	15	0
        116511	2025-12-02 12:15:20	1	3	15	0
        116548	2025-12-02 12:15:42	1	3	15	0
        118548	2025-12-02 12:15:47	1	3	15	0
        110068	2025-12-02 12:15:57	1	3	1	0
        118509	2025-12-02 12:16:03	1	2	15	0
        119406	2025-12-02 12:16:07	1	2	15	0
        116829	2025-12-02 12:16:12	1	2	15	0
        116096	2025-12-02 12:16:17	1	2	15	0
        116070	2025-12-02 12:16:24	1	2	1	0
        117518	2025-12-02 12:16:39	1	2	15	0
        117596	2025-12-02 12:16:44	1	2	15	0
        119392	2025-12-02 12:17:01	1	2	15	0
        117092	2025-12-02 12:17:32	1	2	15	0
        117274	2025-12-02 12:18:01	1	2	15	0
        119602	2025-12-02 12:18:09	1	2	15	0
        117242	2025-12-02 12:18:15	1	2	1	0
        117596	2025-12-02 12:19:13	1	2	15	0
        117518	2025-12-02 12:19:19	1	2	15	0
        118083	2025-12-02 12:19:26	1	2	15	0
        117656	2025-12-02 12:19:42	1	2	15	0
        116271	2025-12-02 12:20:07	1	2	15	0
        117092	2025-12-02 12:20:27	1	2	15	0
        119392	2025-12-02 12:21:11	1	2	15	0
        117977	2025-12-02 12:21:24	1	2	15	0
        119077	2025-12-02 12:22:00	1	2	15	0
        116487	2025-12-02 12:22:05	1	2	15	0
        117398	2025-12-02 12:22:16	1	2	15	0
        110045	2025-12-02 12:22:27	1	2	15	0
        118083	2025-12-02 12:24:17	1	2	15	0
        119077	2025-12-02 12:24:39	1	2	15	0
        116487	2025-12-02 12:24:44	1	2	15	0
        117977	2025-12-02 12:25:39	1	2	15	0
        118760	2025-12-02 12:25:56	1	2	15	0
        110045	2025-12-02 12:30:20	1	2	15	0
        110188	2025-12-02 12:30:25	1	2	15	0
        118760	2025-12-02 12:30:34	1	2	15	0
        110188	2025-12-02 12:33:12	1	3	15	0
        116509	2025-12-02 12:36:32	1	3	15	0
        118143	2025-12-02 12:37:29	1	3	15	0
        116476	2025-12-02 12:39:45	1	3	15	0
        118143	2025-12-02 12:40:39	1	3	15	0
           257	2025-12-02 12:42:55	1	3	15	0
           257	2025-12-02 12:47:26	1	3	15	0
        116511	2025-12-02 12:50:18	1	3	15	0
        118801	2025-12-02 12:50:47	1	3	15	0
        118585	2025-12-02 12:58:48	1	3	15	0
        118585	2025-12-02 13:00:10	1	3	15	0
        110477	2025-12-02 17:00:33	1	1	15	0
           259	2025-12-02 17:04:52	1	1	15	0
           257	2025-12-02 17:04:56	1	1	15	0
           260	2025-12-02 17:06:06	1	1	15	0
        117518	2025-12-02 17:06:23	1	1	15	0
        118301	2025-12-02 17:08:33	1	1	15	0
        119206	2025-12-02 17:08:46	1	1	15	0
           215	2025-12-02 17:13:55	1	1	15	0
        117092	2025-12-02 17:14:38	1	1	15	0
        118251	2025-12-02 17:17:08	1	1	1	0
        117631	2025-12-02 17:18:46	1	1	15	0
        116548	2025-12-02 17:21:12	1	1	15	0
        118160	2025-12-02 17:26:49	1	1	15	0
        118760	2025-12-02 17:31:28	1	1	15	0
        116509	2025-12-02 17:33:22	1	1	15	0
        117398	2025-12-02 17:37:06	1	1	15	0
        110045	2025-12-02 17:37:55	1	1	15	0
        116096	2025-12-02 17:38:33	1	1	15	0
        119077	2025-12-02 17:39:26	1	1	15	0
        119117	2025-12-02 17:41:09	1	1	1	0
        119443	2025-12-02 17:43:23	1	1	15	0
        117656	2025-12-02 17:45:34	1	1	15	0
        110188	2025-12-02 17:46:41	1	1	15	0
        116790	2025-12-02 17:47:23	1	1	15	0
        118083	2025-12-02 17:51:44	1	1	15	0
        119376	2025-12-02 17:51:52	1	1	15	0
        110064	2025-12-02 17:52:03	1	1	15	0
        118548	2025-12-02 17:53:29	1	1	15	0
        117977	2025-12-02 17:54:52	1	1	15	0
        116487	2025-12-02 17:55:52	1	1	15	0
        119406	2025-12-02 17:56:57	1	1	15	0
        116844	2025-12-02 17:58:05	1	1	15	0
        116476	2025-12-02 18:01:19	1	1	15	0
           261	2025-12-02 18:05:45	1	1	15	0
        116829	2025-12-02 18:08:25	1	1	15	0
        116070	2025-12-02 18:08:29	1	1	1	0
        117274	2025-12-02 18:08:40	1	1	15	0
        118143	2025-12-02 18:18:26	1	1	15	0
        116192	2025-12-02 18:21:20	1	1	15	0
        117090	2025-12-02 18:21:26	1	1	15	0
        118585	2025-12-02 18:31:43	1	1	15	0
        119392	2025-12-02 18:40:15	1	1	15	0
        118509	2025-12-02 18:50:03	1	1	15	0
        110068	2025-12-02 19:18:25	1	1	1	0
        118398	2025-12-02 20:57:01	1	1	15	0
        116263	2025-12-02 20:57:04	1	1	15	0
        117596	2025-12-02 21:12:38	1	1	15	0
        118548	2025-12-03 06:06:55	1	0	15	0
        117775	2025-12-03 06:29:53	1	0	15	0
           260	2025-12-03 06:50:52	1	0	15	0
        117185	2025-12-03 07:08:39	1	0	15	0
        118406	2025-12-03 07:11:07	1	0	15	0
           259	2025-12-03 07:13:24	1	0	15	0
           261	2025-12-03 07:15:12	1	0	15	0
        118251	2025-12-03 07:28:34	1	0	1	0
           258	2025-12-03 07:29:37	1	0	15	0
        116192	2025-12-03 07:35:24	1	0	15	0
        118301	2025-12-03 07:35:33	1	0	15	0
        116790	2025-12-03 07:36:45	1	0	15	0
        110477	2025-12-03 07:39:25	1	0	15	0
        117242	2025-12-03 07:40:59	1	0	1	0
        117631	2025-12-03 07:41:57	1	0	15	0
        119206	2025-12-03 07:45:03	1	0	15	0
        110064	2025-12-03 07:45:51	1	0	15	0
        117518	2025-12-03 07:49:27	1	0	15	0
        117687	2025-12-03 07:52:52	1	0	15	0
        118509	2025-12-03 07:55:38	1	0	15	0
           257	2025-12-03 07:57:43	1	0	15	0
        119117	2025-12-03 08:00:06	1	0	1	0
        116096	2025-12-03 08:03:50	1	0	15	0
        117092	2025-12-03 08:04:47	1	0	15	0
        118585	2025-12-03 08:07:34	1	0	15	0
        116953	2025-12-03 08:07:52	1	0	15	0
        118143	2025-12-03 08:08:50	1	0	15	0
        110188	2025-12-03 08:10:16	1	0	15	0
        118760	2025-12-03 08:14:05	1	0	15	0
        116548	2025-12-03 08:14:11	1	0	15	0
        117090	2025-12-03 08:16:28	1	0	15	0
        117656	2025-12-03 08:21:23	1	0	15	0
        119077	2025-12-03 08:25:52	1	0	15	0
        116487	2025-12-03 08:26:32	1	0	15	0
        116466	2025-12-03 08:26:37	1	0	1	0
        119406	2025-12-03 08:32:23	1	0	15	0
        116825	2025-12-03 08:36:41	1	0	15	0
        117977	2025-12-03 08:38:00	1	0	15	0
        119443	2025-12-03 08:38:37	1	0	15	0
        110045	2025-12-03 08:41:56	1	0	15	0
        116434	2025-12-03 08:45:54	1	0	1	0
        117727	2025-12-03 08:46:31	1	0	15	0
        118398	2025-12-03 08:49:04	1	0	15	0
        116263	2025-12-03 08:50:02	1	0	15	0
        116509	2025-12-03 08:51:14	1	0	15	0
        110068	2025-12-03 08:52:17	1	0	1	0
        117398	2025-12-03 08:52:32	1	0	15	0
        119376	2025-12-03 08:53:39	1	0	15	0
        118083	2025-12-03 08:58:03	1	0	15	0
        117274	2025-12-03 08:59:35	1	0	15	0
        116712	2025-12-03 09:02:04	1	0	15	0
        119392	2025-12-03 09:04:16	1	0	15	0
        116271	2025-12-03 09:05:45	1	0	15	0
        118801	2025-12-03 09:07:14	1	0	15	0
        118566	2025-12-03 09:11:46	1	0	15	0
        116476	2025-12-03 09:14:26	1	0	15	0
        118500	2025-12-03 09:15:55	1	0	15	0
        116829	2025-12-03 09:26:57	1	0	15	0
        119393	2025-12-03 11:53:17	1	0	15	0
        116825	2025-12-03 12:00:05	1	0	15	0
        116096	2025-12-03 12:00:08	1	0	15	0
        118548	2025-12-03 12:00:12	1	0	15	0
           258	2025-12-03 12:00:17	1	0	15	0
        116548	2025-12-03 12:00:20	1	0	15	0
        116271	2025-12-03 12:00:25	1	0	15	0
        117274	2025-12-03 12:00:32	1	0	15	0
        116070	2025-12-03 12:00:35	1	0	15	0
        117837	2025-12-03 12:00:39	1	0	15	0
        116487	2025-12-03 12:00:59	1	0	15	0
        119376	2025-12-03 12:01:04	1	0	15	0
        117775	2025-12-03 12:02:34	1	2	15	0
        116825	2025-12-03 12:02:53	1	2	15	0
        117274	2025-12-03 12:03:18	1	2	15	0
        116548	2025-12-03 12:03:22	1	2	15	0
        116070	2025-12-03 12:03:27	1	2	1	0
        117631	2025-12-03 12:03:34	1	2	15	0
        116192	2025-12-03 12:03:38	1	2	15	0
        116096	2025-12-03 12:03:41	1	2	15	0
        118548	2025-12-03 12:03:45	1	2	15	0
        117837	2025-12-03 12:03:49	1	2	15	0
        119117	2025-12-03 12:03:54	1	2	1	0
        116476	2025-12-03 12:04:37	1	2	15	0
        116271	2025-12-03 12:06:00	1	2	15	0
        119206	2025-12-03 12:06:49	1	2	15	0
           261	2025-12-03 12:06:56	1	2	15	0
           259	2025-12-03 12:07:03	1	2	15	0
        119117	2025-12-03 12:07:20	1	2	1	0
        117631	2025-12-03 12:07:45	1	2	15	0
        116192	2025-12-03 12:07:52	1	2	15	0
        116487	2025-12-03 12:07:56	1	2	15	0
        117185	2025-12-03 12:08:10	1	2	15	0
        116466	2025-12-03 12:08:17	1	2	1	0
        117398	2025-12-03 12:09:07	1	2	15	0
        110188	2025-12-03 12:09:18	1	2	15	0
        117656	2025-12-03 12:09:22	1	2	15	0
        119206	2025-12-03 12:09:27	1	2	15	0
           261	2025-12-03 12:10:28	1	2	15	0
           259	2025-12-03 12:10:34	1	2	15	0
        118406	2025-12-03 12:10:39	1	2	15	0
        117775	2025-12-03 12:12:01	1	2	15	0
        110045	2025-12-03 12:12:34	1	2	15	0
        118760	2025-12-03 12:13:15	1	2	15	0
        117727	2025-12-03 12:13:47	1	2	15	0
        110188	2025-12-03 12:14:16	1	2	15	0
        117656	2025-12-03 12:14:21	1	2	15	0
        116953	2025-12-03 12:14:53	1	2	15	0
        118801	2025-12-03 12:15:01	1	2	15	0
        110477	2025-12-03 12:15:21	1	2	15	0
        116790	2025-12-03 12:15:30	1	2	15	0
        119376	2025-12-03 12:15:50	1	2	15	0
        118566	2025-12-03 12:16:57	1	2	15	0
        110045	2025-12-03 12:17:07	1	2	15	0
        116712	2025-12-03 12:17:19	1	2	15	0
        118801	2025-12-03 12:17:30	1	2	15	0
        116476	2025-12-03 12:18:12	1	2	15	0
        116790	2025-12-03 12:18:20	1	2	15	0
        116434	2025-12-03 12:18:25	1	2	1	0
        110477	2025-12-03 12:18:37	1	2	15	0
        117092	2025-12-03 12:18:47	1	2	15	0
        116953	2025-12-03 12:19:00	1	2	15	0
        118760	2025-12-03 12:19:27	1	2	15	0
        118500	2025-12-03 12:19:39	1	2	15	0
        116712	2025-12-03 12:20:05	1	2	15	0
        117092	2025-12-03 12:20:35	1	2	15	0
        116509	2025-12-03 12:21:01	1	2	15	0
        117185	2025-12-03 12:21:59	1	2	15	0
        116466	2025-12-03 12:22:32	1	2	1	0
        118500	2025-12-03 12:22:56	1	2	15	0
        118406	2025-12-03 12:23:02	1	2	15	0
        117727	2025-12-03 12:23:06	1	2	15	0
        118585	2025-12-03 12:23:57	1	2	15	0
        110064	2025-12-03 12:25:07	1	2	15	0
        118566	2025-12-03 12:25:13	1	2	15	0
        117398	2025-12-03 12:25:20	1	2	15	0
        118585	2025-12-03 12:26:05	1	2	15	0
        110068	2025-12-03 12:27:11	1	2	1	0
        119406	2025-12-03 12:27:17	1	2	15	0
        118509	2025-12-03 12:27:59	1	2	15	0
        110064	2025-12-03 12:28:34	1	2	15	0
        110068	2025-12-03 12:30:53	1	3	1	0
        118509	2025-12-03 12:31:00	1	3	15	0
        119406	2025-12-03 12:31:04	1	3	15	0
        119077	2025-12-03 12:32:30	1	3	15	0
        119443	2025-12-03 12:32:34	1	3	15	0
        118398	2025-12-03 12:32:40	1	3	15	0
        118083	2025-12-03 12:32:43	1	3	15	0
        116263	2025-12-03 12:32:48	1	3	15	0
        117090	2025-12-03 12:32:52	1	3	15	0
        118251	2025-12-03 12:32:56	1	3	1	0
           258	2025-12-03 12:35:44	1	3	15	0
        117090	2025-12-03 12:35:56	1	3	15	0
        116844	2025-12-03 12:37:01	1	3	15	0
        119077	2025-12-03 12:38:30	1	3	15	0
        119443	2025-12-03 12:38:37	1	3	15	0
        116263	2025-12-03 12:38:41	1	3	15	0
        118398	2025-12-03 12:38:44	1	3	15	0
        117977	2025-12-03 12:38:52	1	3	15	0
        117242	2025-12-03 12:38:56	1	3	1	0
        118251	2025-12-03 12:39:22	1	3	1	0
        118143	2025-12-03 12:39:37	1	3	15	0
        118083	2025-12-03 12:39:43	1	3	15	0
        117687	2025-12-03 12:41:02	1	3	15	0
        116829	2025-12-03 12:41:07	1	3	15	0
        118143	2025-12-03 12:43:37	1	3	15	0
        117977	2025-12-03 12:44:20	1	3	15	0
        116511	2025-12-03 12:45:42	1	3	15	0
           257	2025-12-03 12:47:23	1	3	15	0
        116434	2025-12-03 12:47:51	1	3	1	0
        116509	2025-12-03 12:48:08	1	3	15	0
        117242	2025-12-03 12:48:18	1	3	1	0
        117687	2025-12-03 12:48:25	1	3	15	0
        116829	2025-12-03 12:48:28	1	3	1	0
        119602	2025-12-03 12:48:34	1	3	15	0
           257	2025-12-03 12:52:04	1	3	15	0
        119392	2025-12-03 12:55:16	1	3	15	0
        117518	2025-12-03 12:55:45	1	3	15	0
        116511	2025-12-03 12:57:34	1	3	15	0
        119392	2025-12-03 12:58:12	1	3	15	0
        117518	2025-12-03 12:58:24	1	3	15	0
        117775	2025-12-03 16:06:45	1	1	15	0
        116825	2025-12-03 16:15:47	1	1	15	0
        117185	2025-12-03 16:16:14	1	1	15	0
        118548	2025-12-03 16:41:42	1	1	15	0
        118406	2025-12-03 16:45:58	1	1	15	0
        117518	2025-12-03 17:02:18	1	1	15	0
           258	2025-12-03 17:03:09	1	1	15	0
           257	2025-12-03 17:03:13	1	1	15	0
           259	2025-12-03 17:03:19	1	1	15	0
        116548	2025-12-03 17:07:23	1	1	15	0
        117242	2025-12-03 17:08:29	1	1	1	0
        119206	2025-12-03 17:09:30	1	1	15	0
        118301	2025-12-03 17:11:12	1	1	15	0
        110477	2025-12-03 17:11:51	1	1	15	0
        116511	2025-12-03 17:12:47	1	1	15	0
        119392	2025-12-03 17:15:22	1	1	15	0
        110188	2025-12-03 17:16:15	1	1	15	0
        110045	2025-12-03 17:20:13	1	1	15	0
        119117	2025-12-03 17:20:22	1	1	1	0
        118251	2025-12-03 17:20:50	1	1	1	0
        116953	2025-12-03 17:22:27	1	1	15	0
        118760	2025-12-03 17:25:34	1	1	15	0
        117656	2025-12-03 17:28:53	1	1	15	0
        119077	2025-12-03 17:34:08	1	1	15	0
        116844	2025-12-03 17:40:53	1	1	15	0
        118585	2025-12-03 17:41:42	1	1	15	0
        118398	2025-12-03 17:45:43	1	1	15	0
        117398	2025-12-03 17:53:40	1	1	15	0
        119376	2025-12-03 17:54:04	1	1	15	0
        116263	2025-12-03 17:56:39	1	1	15	0
        116096	2025-12-03 17:58:10	1	1	15	0
        118801	2025-12-03 17:59:47	1	1	15	0
        117631	2025-12-03 18:00:03	1	1	15	0
        116466	2025-12-03 18:00:14	1	1	1	0
        118801	2025-12-03 18:00:48	1	1	15	0
        116712	2025-12-03 18:02:35	1	1	15	0
        116476	2025-12-03 18:03:42	1	1	15	0
        116509	2025-12-03 18:04:02	1	1	15	0
        118509	2025-12-03 18:04:15	1	1	15	0
        116434	2025-12-03 18:06:10	1	1	1	0
        117727	2025-12-03 18:06:14	1	1	15	0
        117092	2025-12-03 18:06:18	1	1	15	0
        119393	2025-12-03 18:11:24	1	1	15	0
        119443	2025-12-03 18:11:29	1	1	15	0
        110064	2025-12-03 18:11:35	1	1	15	0
        116487	2025-12-03 18:12:50	1	1	15	0
        116790	2025-12-03 18:16:17	1	1	15	0
        118083	2025-12-03 18:18:41	1	1	15	0
        117977	2025-12-03 18:19:59	1	1	15	0
        117274	2025-12-03 18:23:32	1	1	15	0
        116829	2025-12-03 18:23:35	1	1	1	0
        118566	2025-12-03 18:31:13	1	1	15	0
        118500	2025-12-03 18:32:53	1	1	15	0
        116192	2025-12-03 18:43:17	1	1	15	0
        118143	2025-12-03 18:45:45	1	1	15	0
           261	2025-12-03 19:05:05	1	1	15	0
        110068	2025-12-03 19:39:54	1	1	1	0
        117090	2025-12-03 19:40:07	1	1	15	0
        119406	2025-12-03 19:40:16	1	1	15	0
        117687	2025-12-03 20:22:58	1	1	15	0
        117775	2025-12-04 06:19:42	1	0	15	0
           260	2025-12-04 06:48:01	1	0	15	0
           261	2025-12-04 07:03:10	1	0	15	0
        118585	2025-12-04 07:14:44	1	0	15	0
           259	2025-12-04 07:26:55	1	0	15	0
           258	2025-12-04 07:28:14	1	0	15	0
        116192	2025-12-04 07:35:17	1	0	15	0
           257	2025-12-04 07:55:50	1	0	15	0
           215	2025-12-04 07:59:09	1	0	15	0
        117092	2025-12-04 08:10:22	1	0	15	0
        117518	2025-12-04 08:10:35	1	0	15	0
        116548	2025-12-04 08:13:36	1	0	15	0
        117727	2025-12-04 08:24:28	1	0	15	0
        118407	2025-12-04 08:30:28	1	0	15	0
        118801	2025-12-04 08:43:40	1	0	15	0
        116509	2025-12-04 08:45:34	1	0	15	0
        117977	2025-12-04 08:48:20	1	0	15	0
        116511	2025-12-04 08:55:04	1	0	15	0
        117687	2025-12-04 08:56:22	1	0	15	0
        116712	2025-12-04 08:57:55	1	0	15	0
        117274	2025-12-04 09:00:19	1	0	15	0
        116476	2025-12-04 09:09:45	1	0	15	0
        118500	2025-12-04 09:12:39	1	0	15	0
        116825	2025-12-04 09:13:06	1	0	15	0
        116829	2025-12-04 10:06:53	1	0	15	0
           258	2025-12-04 12:00:03	1	0	15	0
        117977	2025-12-04 12:00:08	1	0	15	0
           215	2025-12-04 12:00:13	1	0	15	0
        118801	2025-12-04 12:00:24	1	0	15	0
        116476	2025-12-04 12:01:51	1	2	15	0
        116825	2025-12-04 12:02:31	1	2	15	0
        117727	2025-12-04 12:02:54	1	2	15	0
           258	2025-12-04 12:03:44	1	2	15	0
           215	2025-12-04 12:03:53	1	2	15	0
        117977	2025-12-04 12:04:56	1	2	15	0
        110045	2025-12-04 12:06:05	1	2	15	0
        116192	2025-12-04 12:06:11	1	2	15	0
           259	2025-12-04 12:06:17	1	2	15	0
           261	2025-12-04 12:06:22	1	2	15	0
           261	2025-12-04 12:11:08	1	2	15	0
        116192	2025-12-04 12:11:15	1	2	15	0
        116712	2025-12-04 12:11:22	1	2	15	0
           259	2025-12-04 12:11:27	1	2	15	0
        117274	2025-12-04 12:12:33	1	2	15	0
        116548	2025-12-04 12:13:25	1	2	15	0
        116829	2025-12-04 12:13:43	1	2	1	0
        116070	2025-12-04 12:13:51	1	2	15	0
        110045	2025-12-04 12:14:40	1	2	15	0
        116712	2025-12-04 12:14:44	1	2	15	0
        118500	2025-12-04 12:15:25	1	2	15	0
        116509	2025-12-04 12:16:04	1	2	15	0
        116829	2025-12-04 12:16:15	1	2	15	0
        116548	2025-12-04 12:16:21	1	2	15	0
        116070	2025-12-04 12:16:31	1	2	15	0
        117274	2025-12-04 12:16:39	1	2	15	0
        118801	2025-12-04 12:17:16	1	2	15	0
        117727	2025-12-04 12:17:27	1	2	15	0
        117092	2025-12-04 12:19:34	1	2	15	0
        118500	2025-12-04 12:20:36	1	2	15	0
        116509	2025-12-04 12:20:46	1	2	15	0
        116511	2025-12-04 12:20:53	1	2	15	0
        117092	2025-12-04 12:20:58	1	2	15	0
        116511	2025-12-04 12:26:30	1	2	15	0
        118407	2025-12-04 12:34:03	1	3	15	0
        117687	2025-12-04 12:34:38	1	3	15	0
        116476	2025-12-04 12:35:51	1	3	15	0
        116825	2025-12-04 12:37:27	1	3	15	0
        118407	2025-12-04 12:41:56	1	3	15	0
        117687	2025-12-04 12:42:25	1	3	15	0
           257	2025-12-04 12:51:36	1	3	15	0
        117518	2025-12-04 12:55:35	1	3	15	0
           257	2025-12-04 12:56:02	1	3	15	0
        117518	2025-12-04 12:57:21	1	3	15	0
        118585	2025-12-04 12:58:31	1	3	15	0
        117775	2025-12-04 12:59:14	1	3	15	0
        118585	2025-12-04 12:59:47	1	3	15	0
        117775	2025-12-04 16:00:55	1	1	15	0
        116825	2025-12-04 16:34:18	1	1	15	0
           261	2025-12-04 17:01:04	1	1	15	0
           257	2025-12-04 17:03:00	1	1	15	0
        110045	2025-12-04 17:03:39	1	1	15	0
           258	2025-12-04 17:05:53	1	1	15	0
           259	2025-12-04 17:05:58	1	1	15	0
           215	2025-12-04 17:06:51	1	1	15	0
        116511	2025-12-04 17:09:52	1	1	15	0
        116548	2025-12-04 17:26:25	1	1	15	0
        117727	2025-12-04 17:39:19	1	1	15	0
        118407	2025-12-04 17:48:53	1	1	15	0
        116192	2025-12-04 17:50:09	1	1	15	0
        117518	2025-12-04 17:50:15	1	1	15	0
        118801	2025-12-04 17:52:40	1	1	15	0
        116476	2025-12-04 18:01:08	1	1	15	0
        118500	2025-12-04 18:04:40	1	1	15	0
        116509	2025-12-04 18:11:32	1	1	15	0
        118585	2025-12-04 18:17:56	1	1	15	0
        117687	2025-12-04 18:18:03	1	1	15	0
        117274	2025-12-04 18:26:11	1	1	15	0
        117977	2025-12-04 18:54:52	1	1	15	0
        116829	2025-12-04 23:21:41	1	1	1	0
        118406	2025-12-05 07:10:36	1	0	15	0
        110149	2025-12-05 07:11:02	1	0	15	0
           260	2025-12-05 07:11:20	1	0	15	0
           259	2025-12-05 07:27:43	1	0	15	0
        117185	2025-12-05 07:28:24	1	0	15	0
        118585	2025-12-05 07:29:41	1	0	15	0
           261	2025-12-05 07:30:23	1	0	15	0
           258	2025-12-05 07:33:10	1	0	15	0
        117727	2025-12-05 07:48:20	1	0	15	0
        116192	2025-12-05 07:48:39	1	0	15	0
           215	2025-12-05 07:52:55	1	0	15	0
           257	2025-12-05 07:53:07	1	0	15	0
        116829	2025-12-05 08:03:38	1	0	15	0
        116096	2025-12-05 08:04:56	1	0	15	0
        117242	2025-12-05 08:06:39	1	0	1	0
        110064	2025-12-05 08:07:16	1	0	15	0
        116712	2025-12-05 08:13:50	1	0	15	0
        117518	2025-12-05 08:17:11	1	0	15	0
        110045	2025-12-05 08:20:34	1	0	15	0
        116548	2025-12-05 08:21:06	1	0	15	0
        116511	2025-12-05 08:27:15	1	0	15	0
        117274	2025-12-05 08:30:08	1	0	15	0
        116825	2025-12-05 08:34:34	1	0	15	0
        118801	2025-12-05 08:36:45	1	0	15	0
        118298	2025-12-05 08:43:21	1	0	1	0
        117977	2025-12-05 08:47:03	1	0	15	0
        116476	2025-12-05 09:03:19	1	0	15	0
        117687	2025-12-05 09:09:40	1	0	15	0
        118500	2025-12-05 09:34:56	1	0	15	0
        117977	2025-12-05 12:00:11	1	0	15	0
           215	2025-12-05 12:00:16	1	0	15	0
        117687	2025-12-05 12:00:23	1	0	15	0
        117242	2025-12-05 12:00:27	1	0	1	0
        117185	2025-12-05 12:00:41	1	2	15	0
        118406	2025-12-05 12:00:45	1	2	15	0
        116192	2025-12-05 12:01:06	1	2	15	0
        118585	2025-12-05 12:01:55	1	2	15	0
        116825	2025-12-05 12:02:11	1	2	15	0
        116476	2025-12-05 12:02:25	1	2	15	0
        117977	2025-12-05 12:03:13	1	2	15	0
        117687	2025-12-05 12:03:21	1	2	15	0
        117242	2025-12-05 12:03:26	1	2	1	0
        118585	2025-12-05 12:03:33	1	2	15	0
           215	2025-12-05 12:04:27	1	2	15	0
        116192	2025-12-05 12:04:36	1	2	15	0
        118298	2025-12-05 12:05:00	1	2	1	0
        117727	2025-12-05 12:05:18	1	2	15	0
        110045	2025-12-05 12:06:03	1	2	15	0
        116712	2025-12-05 12:07:55	1	2	15	0
        118298	2025-12-05 12:10:29	1	2	1	0
        118801	2025-12-05 12:10:41	1	2	15	0
        116712	2025-12-05 12:11:13	1	2	15	0
           257	2025-12-05 12:13:36	1	2	15	0
           258	2025-12-05 12:13:44	1	2	15	0
        116548	2025-12-05 12:13:52	1	2	15	0
        116511	2025-12-05 12:13:57	1	2	15	0
        116096	2025-12-05 12:13:59	1	2	15	0
        116070	2025-12-05 12:14:05	1	2	15	0
           259	2025-12-05 12:14:34	1	2	15	0
           261	2025-12-05 12:14:39	1	2	15	0
           259	2025-12-05 12:17:14	1	2	15	0
           261	2025-12-05 12:17:21	1	2	15	0
        116548	2025-12-05 12:17:32	1	2	15	0
        116096	2025-12-05 12:17:37	1	2	15	0
        116070	2025-12-05 12:17:44	1	2	1	0
        117185	2025-12-05 12:18:47	1	2	15	0
        118406	2025-12-05 12:18:51	1	2	15	0
        117274	2025-12-05 12:21:34	1	2	15	0
        117518	2025-12-05 12:21:52	1	2	15	0
        117518	2025-12-05 12:25:26	1	2	15	0
        118500	2025-12-05 12:33:10	1	3	15	0
        117274	2025-12-05 12:33:54	1	3	15	0
        110045	2025-12-05 12:35:58	1	3	15	0
        118500	2025-12-05 12:37:42	1	3	15	0
        110064	2025-12-05 12:37:59	1	3	15	0
        116511	2025-12-05 12:39:27	1	3	15	0
        117727	2025-12-05 12:39:30	1	3	15	0
        118801	2025-12-05 12:39:33	1	3	15	0
        110064	2025-12-05 12:41:04	1	3	15	0
        116712	2025-12-05 12:56:13	1	3	15	0
           259	2025-12-05 17:00:07	1	1	15	0
        117727	2025-12-05 17:16:21	1	1	15	0
        116511	2025-12-05 17:16:39	1	1	15	0
        116548	2025-12-05 17:25:47	1	1	15	0
        116096	2025-12-05 17:26:41	1	1	15	0
        118801	2025-12-05 17:26:46	1	1	15	0
        117977	2025-12-05 17:52:55	1	1	15	0
        116476	2025-12-05 18:02:06	1	1	15	0
        118500	2025-12-05 18:05:14	1	1	15	0
        117471	2025-12-05 18:13:40	1	1	15	0
        110045	2025-12-05 18:44:55	1	1	15	0
        118406	2025-12-05 18:48:56	1	1	15	0
        118585	2025-12-05 18:56:50	1	1	15	0
        116712	2025-12-05 19:06:31	1	1	15	0
        117274	2025-12-05 19:22:39	1	1	15	0
        116829	2025-12-05 19:22:49	1	1	15	0
        117242	2025-12-05 19:32:03	1	1	1	0
        117687	2025-12-05 19:56:48	1	1	15	0
        119406	2025-12-07 08:43:41	1	0	15	0
        110068	2025-12-07 09:24:18	1	0	1	0
        110068	2025-12-07 10:40:47	1	0	1	0
        119406	2025-12-07 12:49:05	1	3	15	0
        116844	2025-12-08 08:51:17	1	0	15	0
        117090	2025-12-08 10:47:45	1	0	15	0
        117090	2025-12-08 12:45:25	1	3	15	0
        117090	2025-12-08 12:49:14	1	3	15	0
        116844	2025-12-08 14:12:49	1	3	15	0
        117090	2025-12-08 16:00:24	1	1	15	0
        118548	2025-12-09 06:16:15	1	0	15	0
        118326	2025-12-09 06:23:08	1	0	15	0
        116829	2025-12-09 06:29:20	1	0	1	0
        117775	2025-12-09 06:43:30	1	0	15	0
        116953	2025-12-09 06:43:59	1	0	15	0
        118160	2025-12-09 06:51:25	1	0	15	0
        116152	2025-12-09 07:02:31	1	0	15	0
        110068	2025-12-09 07:20:35	1	0	1	0
           259	2025-12-09 07:20:42	1	0	15	0
        118301	2025-12-09 07:23:33	1	0	15	0
        117185	2025-12-09 07:25:47	1	0	15	0
        119443	2025-12-09 07:25:53	1	0	15	0
        110477	2025-12-09 07:27:01	1	0	15	0
        119406	2025-12-09 07:27:45	1	0	15	0
           261	2025-12-09 07:28:18	1	0	15	0
        116192	2025-12-09 07:30:38	1	0	15	0
        117656	2025-12-09 07:32:12	1	0	15	0
        116434	2025-12-09 07:33:39	1	0	1	0
        118251	2025-12-09 07:37:52	1	0	1	0
        117631	2025-12-09 07:41:20	1	0	15	0
           260	2025-12-09 07:45:57	1	0	15	0
        117977	2025-12-09 07:50:46	1	0	15	0
        117518	2025-12-09 07:50:50	1	0	15	0
        117727	2025-12-09 07:51:07	1	0	15	0
           257	2025-12-09 07:52:02	1	0	15	0
        117242	2025-12-09 07:52:17	1	0	1	0
        117090	2025-12-09 07:52:41	1	0	15	0
        119117	2025-12-09 07:53:51	1	0	1	0
           215	2025-12-09 07:54:11	1	0	15	0
        116738	2025-12-09 07:54:16	1	0	15	0
        119376	2025-12-09 07:55:38	1	0	15	0
        116511	2025-12-09 07:56:35	1	0	15	0
        118509	2025-12-09 07:56:43	1	0	15	0
        116844	2025-12-09 07:57:03	1	0	15	0
        110188	2025-12-09 07:58:23	1	0	15	0
        116096	2025-12-09 07:59:42	1	0	15	0
        116487	2025-12-09 08:05:05	1	0	15	0
        110064	2025-12-09 08:05:27	1	0	15	0
        119206	2025-12-09 08:05:31	1	0	15	0
        116961	2025-12-09 08:07:37	1	0	15	0
        118760	2025-12-09 08:09:28	1	0	15	0
        119393	2025-12-09 08:11:15	1	0	15	0
        116007	2025-12-09 08:18:52	1	0	1	0
        116825	2025-12-09 08:19:44	1	0	15	0
        118407	2025-12-09 08:19:48	1	0	15	0
        118398	2025-12-09 08:19:52	1	0	15	0
        116548	2025-12-09 08:25:08	1	0	15	0
        117687	2025-12-09 08:29:58	1	0	15	0
        116790	2025-12-09 08:30:11	1	0	15	0
        119077	2025-12-09 08:32:54	1	0	15	0
        118801	2025-12-09 08:41:51	1	0	15	0
        116263	2025-12-09 08:46:19	1	0	15	0
        118566	2025-12-09 08:49:10	1	0	15	0
        118083	2025-12-09 08:56:56	1	0	15	0
        118298	2025-12-09 09:13:07	1	0	1	0
        118500	2025-12-09 09:19:20	1	0	15	0
        116476	2025-12-09 09:24:04	1	0	15	0
        117274	2025-12-09 09:53:17	1	0	15	0
           258	2025-12-09 11:58:16	1	0	15	0
        118326	2025-12-09 12:01:02	1	2	15	0
        117274	2025-12-09 12:01:05	1	2	15	0
        117775	2025-12-09 12:01:14	1	2	15	0
        117977	2025-12-09 12:01:18	1	2	15	0
        117631	2025-12-09 12:01:23	1	2	15	0
        116192	2025-12-09 12:01:28	1	2	15	0
        118160	2025-12-09 12:01:32	1	2	15	0
        118301	2025-12-09 12:01:38	1	2	15	0
        116953	2025-12-09 12:01:43	1	2	15	0
        116476	2025-12-09 12:01:53	1	2	15	0
        116790	2025-12-09 12:01:58	1	2	15	0
        110477	2025-12-09 12:02:03	1	2	15	0
        119117	2025-12-09 12:02:29	1	2	1	0
        117727	2025-12-09 12:02:35	1	2	15	0
        116738	2025-12-09 12:02:40	1	2	15	0
        110064	2025-12-09 12:03:16	1	2	15	0
        117090	2025-12-09 12:03:52	1	2	15	0
        119376	2025-12-09 12:04:10	1	2	15	0
        116953	2025-12-09 12:04:14	1	2	15	0
        110477	2025-12-09 12:04:19	1	2	15	0
        116790	2025-12-09 12:04:24	1	2	15	0
        117775	2025-12-09 12:04:28	1	2	15	0
        118298	2025-12-09 12:04:33	1	2	1	0
        117631	2025-12-09 12:04:39	1	2	15	0
        116192	2025-12-09 12:04:44	1	2	15	0
        118160	2025-12-09 12:04:47	1	2	15	0
        117977	2025-12-09 12:04:52	1	2	15	0
        118398	2025-12-09 12:04:56	1	2	15	0
           215	2025-12-09 12:05:00	1	2	15	0
        116476	2025-12-09 12:05:07	1	2	15	0
        118251	2025-12-09 12:05:14	1	2	1	0
        119077	2025-12-09 12:05:29	1	2	15	0
        119393	2025-12-09 12:05:34	1	2	15	0
        116263	2025-12-09 12:05:37	1	2	15	0
        119443	2025-12-09 12:05:41	1	2	15	0
        119117	2025-12-09 12:06:00	1	2	1	0
        110064	2025-12-09 12:06:09	1	2	15	0
        116070	2025-12-09 12:06:46	1	2	1	0
        117242	2025-12-09 12:07:03	1	2	1	0
        118407	2025-12-09 12:07:10	1	2	15	0
        117687	2025-12-09 12:07:15	1	2	15	0
        116096	2025-12-09 12:07:18	1	2	15	0
        116548	2025-12-09 12:07:23	1	2	15	0
        116829	2025-12-09 12:07:29	1	2	15	0
        117090	2025-12-09 12:07:34	1	2	15	0
        116007	2025-12-09 12:07:44	1	2	1	0
        118760	2025-12-09 12:08:02	1	2	15	0
           215	2025-12-09 12:08:13	1	2	15	0
        118801	2025-12-09 12:09:09	1	2	15	0
        119206	2025-12-09 12:09:14	1	2	15	0
        116152	2025-12-09 12:09:20	1	2	15	0
        119393	2025-12-09 12:09:38	1	2	15	0
        118251	2025-12-09 12:09:43	1	2	1	0
        119443	2025-12-09 12:10:21	1	2	15	0
        117242	2025-12-09 12:10:26	1	2	1	0
        118407	2025-12-09 12:10:32	1	2	15	0
        117687	2025-12-09 12:10:38	1	2	15	0
        119376	2025-12-09 12:10:43	1	2	15	0
        116511	2025-12-09 12:10:52	1	2	15	0
        118326	2025-12-09 12:11:04	1	2	15	0
        116738	2025-12-09 12:11:18	1	2	15	0
        117518	2025-12-09 12:11:23	1	2	15	0
        117185	2025-12-09 12:11:27	1	2	15	0
        118566	2025-12-09 12:11:35	1	2	15	0
        116829	2025-12-09 12:11:44	1	2	15	0
        116070	2025-12-09 12:11:48	1	2	1	0
        116548	2025-12-09 12:11:54	1	2	15	0
        116096	2025-12-09 12:11:59	1	2	15	0
        119206	2025-12-09 12:12:05	1	2	15	0
        116152	2025-12-09 12:12:11	1	2	15	0
        116263	2025-12-09 12:12:23	1	2	15	0
        118398	2025-12-09 12:12:56	1	2	15	0
        119077	2025-12-09 12:13:02	1	2	15	0
        118548	2025-12-09 12:13:06	1	2	15	0
        118509	2025-12-09 12:13:43	1	2	15	0
        119406	2025-12-09 12:13:59	1	2	15	0
        118301	2025-12-09 12:14:11	1	2	15	0
        118760	2025-12-09 12:15:02	1	2	15	0
        117518	2025-12-09 12:15:15	1	2	15	0
        118548	2025-12-09 12:15:22	1	2	15	0
        116487	2025-12-09 12:16:16	1	2	15	0
        110068	2025-12-09 12:16:40	1	2	1	0
        116007	2025-12-09 12:17:04	1	2	1	0
        118298	2025-12-09 12:17:09	1	2	1	0
        119406	2025-12-09 12:19:36	1	2	15	0
        110068	2025-12-09 12:19:45	1	2	1	0
           261	2025-12-09 12:20:53	1	2	15	0
           259	2025-12-09 12:20:58	1	2	15	0
        116825	2025-12-09 12:21:46	1	2	15	0
        116825	2025-12-09 12:23:09	1	2	15	0
           259	2025-12-09 12:23:28	1	2	15	0
           261	2025-12-09 12:23:33	1	2	15	0
        110188	2025-12-09 12:26:00	1	2	15	0
        117656	2025-12-09 12:26:04	1	2	15	0
        118083	2025-12-09 12:26:20	1	2	15	0
        117274	2025-12-09 12:26:45	1	2	15	0
        118083	2025-12-09 12:29:12	1	2	15	0
        118509	2025-12-09 12:29:21	1	2	15	0
        118500	2025-12-09 12:31:24	1	3	15	0
        118566	2025-12-09 12:32:25	1	3	15	0
        117656	2025-12-09 12:33:00	1	3	15	0
        110188	2025-12-09 12:33:03	1	3	15	0
        116961	2025-12-09 12:34:01	1	3	15	0
        116487	2025-12-09 12:35:52	1	3	15	0
        118500	2025-12-09 12:37:03	1	3	15	0
        119392	2025-12-09 12:40:45	1	3	15	0
        117185	2025-12-09 12:41:00	1	3	15	0
        116844	2025-12-09 12:43:24	1	3	15	0
        116961	2025-12-09 12:44:57	1	3	15	0
        116844	2025-12-09 12:46:17	1	3	15	0
        117727	2025-12-09 12:53:21	1	3	15	0
        116511	2025-12-09 12:53:33	1	3	15	0
           257	2025-12-09 12:53:50	1	3	15	0
           257	2025-12-09 12:56:24	1	3	15	0
        118801	2025-12-09 12:57:20	1	3	15	0
        110068	2025-12-09 14:26:12	1	3	1	0
           258	2025-12-09 17:00:30	1	1	15	0
        116825	2025-12-09 17:01:49	1	1	15	0
        110477	2025-12-09 17:02:51	1	1	15	0
           259	2025-12-09 17:03:23	1	1	15	0
        118301	2025-12-09 17:03:44	1	1	15	0
           257	2025-12-09 17:04:17	1	1	15	0
        110064	2025-12-09 17:04:29	1	1	15	0
        117518	2025-12-09 17:04:34	1	1	15	0
        117185	2025-12-09 17:04:37	1	1	15	0
        119077	2025-12-09 17:05:05	1	1	15	0
        118160	2025-12-09 17:05:13	1	1	15	0
        118326	2025-12-09 17:06:44	1	1	15	0
        119206	2025-12-09 17:06:53	1	1	15	0
        116511	2025-12-09 17:07:28	1	1	15	0
        116096	2025-12-09 17:08:47	1	1	15	0
        117656	2025-12-09 17:09:52	1	1	15	0
        117775	2025-12-09 17:12:21	1	1	15	0
        118500	2025-12-09 17:12:52	1	1	15	0
        117727	2025-12-09 17:13:14	1	1	15	0
        116152	2025-12-09 17:15:32	1	1	15	0
        116790	2025-12-09 17:17:22	1	1	15	0
        118801	2025-12-09 17:17:39	1	1	15	0
        118083	2025-12-09 17:17:52	1	1	15	0
        116263	2025-12-09 17:17:57	1	1	15	0
           215	2025-12-09 17:18:03	1	1	15	0
        116548	2025-12-09 17:18:13	1	1	15	0
        117631	2025-12-09 17:19:57	1	1	15	0
        110188	2025-12-09 17:25:46	1	1	15	0
        119117	2025-12-09 17:26:44	1	1	1	0
        116953	2025-12-09 17:27:22	1	1	15	0
        119376	2025-12-09 17:27:32	1	1	15	0
        117242	2025-12-09 17:27:44	1	1	1	0
        118509	2025-12-09 17:32:06	1	1	15	0
        116192	2025-12-09 17:33:08	1	1	15	0
        116476	2025-12-09 17:37:26	1	1	15	0
        119443	2025-12-09 17:38:51	1	1	15	0
        119393	2025-12-09 17:38:55	1	1	15	0
        118251	2025-12-09 17:38:59	1	1	15	0
        118407	2025-12-09 17:41:38	1	1	15	0
        117090	2025-12-09 17:41:49	1	1	15	0
        117977	2025-12-09 17:43:47	1	1	15	0
        119392	2025-12-09 17:45:42	1	1	15	0
        118760	2025-12-09 17:50:01	1	1	15	0
        118398	2025-12-09 17:50:35	1	1	15	0
           261	2025-12-09 17:52:00	1	1	15	0
        118298	2025-12-09 18:08:13	1	1	1	0
        118566	2025-12-09 18:10:29	1	1	15	0
        116844	2025-12-09 18:17:02	1	1	15	0
        118548	2025-12-09 18:33:19	1	1	15	0
        116961	2025-12-09 18:45:46	1	1	15	0
        116487	2025-12-09 18:47:44	1	1	15	0
        117687	2025-12-09 18:58:41	1	1	15	0
        116738	2025-12-09 19:05:47	1	1	15	0
        117274	2025-12-09 19:20:42	1	1	15	0
        116829	2025-12-09 19:20:45	1	1	1	0
        119406	2025-12-09 19:57:33	1	1	15	0
        118326	2025-12-10 06:12:43	1	0	15	0
        118548	2025-12-10 06:14:45	1	0	15	0
        118406	2025-12-10 06:58:37	1	0	15	0
        116434	2025-12-10 07:08:27	1	0	1	0
           259	2025-12-10 07:17:57	1	0	15	0
        118301	2025-12-10 07:18:40	1	0	15	0
        118160	2025-12-10 07:27:24	1	0	15	0
        116192	2025-12-10 07:30:18	1	0	15	0
           260	2025-12-10 07:32:37	1	0	15	0
           215	2025-12-10 07:32:43	1	0	15	0
           258	2025-12-10 07:33:01	1	0	15	0
        117185	2025-12-10 07:38:47	1	0	15	0
        110477	2025-12-10 07:39:44	1	0	15	0
        117631	2025-12-10 07:39:59	1	0	15	0
        118251	2025-12-10 07:41:37	1	0	15	0
        118509	2025-12-10 07:41:48	1	0	15	0
           261	2025-12-10 07:48:25	1	0	15	0
        117242	2025-12-10 07:51:12	1	0	1	0
        117656	2025-12-10 07:51:52	1	0	15	0
        119206	2025-12-10 07:52:06	1	0	15	0
           257	2025-12-10 07:54:42	1	0	15	0
        117518	2025-12-10 07:55:02	1	0	15	0
        119117	2025-12-10 07:56:06	1	0	1	0
        119406	2025-12-10 07:57:01	1	0	15	0
        117727	2025-12-10 07:59:02	1	0	15	0
        116096	2025-12-10 08:07:11	1	0	15	0
        116844	2025-12-10 08:08:16	1	0	15	0
        116825	2025-12-10 08:12:10	1	0	15	0
        116548	2025-12-10 08:15:39	1	0	15	0
        119393	2025-12-10 08:15:49	1	0	15	0
        119077	2025-12-10 08:17:34	1	0	15	0
        116738	2025-12-10 08:18:30	1	0	15	0
        116511	2025-12-10 08:18:46	1	0	15	0
        116953	2025-12-10 08:19:54	1	0	15	0
        118760	2025-12-10 08:20:30	1	0	15	0
        110188	2025-12-10 08:21:58	1	0	15	0
        117687	2025-12-10 08:25:04	1	0	15	0
        117775	2025-12-10 08:26:20	1	0	15	0
        118434	2025-12-10 08:30:10	1	0	15	0
        116790	2025-12-10 08:33:23	1	0	15	0
        118398	2025-12-10 08:41:39	1	0	15	0
        117092	2025-12-10 08:44:53	1	0	15	0
        110068	2025-12-10 08:45:08	1	0	1	0
        119392	2025-12-10 08:48:30	1	0	15	0
        117090	2025-12-10 08:50:09	1	0	15	0
        118298	2025-12-10 08:51:51	1	0	1	0
        119443	2025-12-10 08:52:13	1	0	15	0
        118801	2025-12-10 08:54:50	1	0	15	0
        116263	2025-12-10 08:56:38	1	0	15	0
        119376	2025-12-10 08:58:43	1	0	15	0
        116487	2025-12-10 09:02:19	1	0	15	0
        118083	2025-12-10 09:09:18	1	0	15	0
        118566	2025-12-10 09:13:31	1	0	15	0
        116476	2025-12-10 09:19:18	1	0	15	0
        118500	2025-12-10 09:31:29	1	0	15	0
        117242	2025-12-10 11:59:23	1	0	1	0
        118500	2025-12-10 12:00:06	1	2	15	0
        118760	2025-12-10 12:00:11	1	2	15	0
        116192	2025-12-10 12:00:23	1	2	15	0
        117631	2025-12-10 12:00:27	1	2	15	0
        117775	2025-12-10 12:00:32	1	2	15	0
        119376	2025-12-10 12:01:22	1	2	15	0
        117242	2025-12-10 12:01:28	1	2	1	0
        110477	2025-12-10 12:01:56	1	2	15	0
        118301	2025-12-10 12:02:21	1	2	15	0
        110068	2025-12-10 12:02:33	1	2	1	0
        119406	2025-12-10 12:02:39	1	2	15	0
        118509	2025-12-10 12:02:45	1	2	15	0
        119206	2025-12-10 12:02:50	1	2	15	0
        117727	2025-12-10 12:02:59	1	2	15	0
        119393	2025-12-10 12:03:06	1	2	15	0
        118500	2025-12-10 12:03:12	1	2	15	0
        118251	2025-12-10 12:03:17	1	2	15	0
        117775	2025-12-10 12:03:24	1	2	15	0
        119443	2025-12-10 12:03:27	1	2	15	0
        118083	2025-12-10 12:03:30	1	2	15	0
        116192	2025-12-10 12:03:37	1	2	15	0
        116263	2025-12-10 12:03:41	1	2	15	0
        118298	2025-12-10 12:03:47	1	2	1	0
        117631	2025-12-10 12:03:57	1	2	15	0
        117518	2025-12-10 12:04:02	1	2	15	0
        110477	2025-12-10 12:05:15	1	2	15	0
        119376	2025-12-10 12:05:21	1	2	15	0
           215	2025-12-10 12:05:37	1	2	15	0
        119206	2025-12-10 12:05:43	1	2	15	0
        117090	2025-12-10 12:05:56	1	2	15	0
        116434	2025-12-10 12:06:00	1	2	1	0
        118509	2025-12-10 12:06:06	1	2	15	0
        119117	2025-12-10 12:06:31	1	2	1	0
        116790	2025-12-10 12:07:01	1	2	15	0
        118398	2025-12-10 12:07:07	1	2	15	0
        118251	2025-12-10 12:07:51	1	2	1	0
        116263	2025-12-10 12:07:59	1	2	15	0
        119443	2025-12-10 12:08:04	1	2	15	0
        118083	2025-12-10 12:08:07	1	2	15	0
        119393	2025-12-10 12:08:11	1	2	15	0
        117518	2025-12-10 12:08:18	1	2	15	0
        110046	2025-12-10 12:08:22	1	2	15	0
           215	2025-12-10 12:08:28	1	2	15	0
        110068	2025-12-10 12:09:04	1	2	1	0
        119406	2025-12-10 12:09:10	1	2	15	0
        119392	2025-12-10 12:09:23	1	2	15	0
        117398	2025-12-10 12:09:34	1	2	15	0
        118298	2025-12-10 12:09:38	1	2	1	0
        117090	2025-12-10 12:10:07	1	2	15	0
        118398	2025-12-10 12:10:11	1	2	15	0
        118406	2025-12-10 12:10:53	1	2	15	0
        117185	2025-12-10 12:10:58	1	2	15	0
        118566	2025-12-10 12:11:03	1	2	15	0
        118548	2025-12-10 12:11:49	1	2	15	0
        116434	2025-12-10 12:12:07	1	2	1	0
        116738	2025-12-10 12:12:33	1	2	15	0
        119392	2025-12-10 12:13:03	1	2	15	0
        110046	2025-12-10 12:13:09	1	2	15	0
        116487	2025-12-10 12:14:37	1	2	15	0
        118548	2025-12-10 12:14:41	1	2	15	0
        119077	2025-12-10 12:14:46	1	2	15	0
        116548	2025-12-10 12:15:52	1	2	15	0
        116070	2025-12-10 12:16:14	1	2	1	0
        116096	2025-12-10 12:16:22	1	2	15	0
        116487	2025-12-10 12:16:34	1	2	15	0
        119077	2025-12-10 12:16:39	1	2	15	0
        119117	2025-12-10 12:17:07	1	2	1	0
        118326	2025-12-10 12:17:22	1	2	15	0
        117398	2025-12-10 12:18:10	1	2	15	0
        117656	2025-12-10 12:18:15	1	2	15	0
        110188	2025-12-10 12:18:19	1	2	15	0
        116825	2025-12-10 12:18:34	1	2	15	0
        116953	2025-12-10 12:18:42	1	2	15	0
        116096	2025-12-10 12:20:54	1	2	15	0
        116548	2025-12-10 12:21:02	1	2	15	0
        116070	2025-12-10 12:21:06	1	2	1	0
        118301	2025-12-10 12:21:15	1	2	15	0
        116825	2025-12-10 12:21:28	1	2	15	0
        118566	2025-12-10 12:21:35	1	2	15	0
        117242	2025-12-10 12:21:54	1	2	1	0
        116953	2025-12-10 12:22:18	1	3	15	0
        116476	2025-12-10 12:22:34	1	3	15	0
        117656	2025-12-10 12:23:16	1	3	15	0
        110188	2025-12-10 12:23:22	1	3	15	0
        118801	2025-12-10 12:24:10	1	2	15	0
        118326	2025-12-10 12:25:08	1	2	15	0
        116738	2025-12-10 12:25:23	1	2	15	0
        116476	2025-12-10 12:25:31	1	2	15	0
        118801	2025-12-10 12:27:34	1	2	15	0
        117092	2025-12-10 12:30:55	1	3	15	0
        117092	2025-12-10 12:32:26	1	3	15	0
        118760	2025-12-10 12:39:53	1	3	15	0
        110045	2025-12-10 12:41:12	1	3	15	0
        116511	2025-12-10 12:41:44	1	3	15	0
           257	2025-12-10 12:45:03	1	3	15	0
        118406	2025-12-10 12:45:10	1	3	15	0
        117185	2025-12-10 12:45:14	1	3	15	0
        116152	2025-12-10 12:51:42	1	3	15	0
        117727	2025-12-10 12:52:20	1	3	15	0
           257	2025-12-10 12:53:26	1	3	15	0
        118143	2025-12-10 12:53:30	1	3	15	0
        116844	2025-12-10 12:54:33	1	3	15	0
        116790	2025-12-10 12:54:43	1	3	15	0
        116844	2025-12-10 12:57:17	1	3	15	0
        116511	2025-12-10 12:57:25	1	3	15	0
        118160	2025-12-10 12:58:39	1	3	15	0
        118326	2025-12-10 16:05:59	1	1	15	0
        116192	2025-12-10 16:06:31	1	1	15	0
        116825	2025-12-10 16:26:55	1	1	15	0
        118406	2025-12-10 16:52:40	1	1	15	0
        117185	2025-12-10 16:56:02	1	1	15	0
        116844	2025-12-10 17:00:47	1	1	15	0
           257	2025-12-10 17:01:09	1	1	15	0
        110477	2025-12-10 17:02:40	1	1	15	0
        119206	2025-12-10 17:04:02	1	1	15	0
        118301	2025-12-10 17:05:38	1	1	15	0
        116548	2025-12-10 17:06:12	1	1	15	0
        116511	2025-12-10 17:06:47	1	1	15	0
        116096	2025-12-10 17:14:17	1	1	15	0
           215	2025-12-10 17:16:39	1	1	15	0
        117398	2025-12-10 17:18:32	1	1	15	0
        119077	2025-12-10 17:25:24	1	1	15	0
        110188	2025-12-10 17:28:05	1	1	15	0
        119117	2025-12-10 17:30:03	1	1	1	0
        119117	2025-12-10 17:31:21	1	1	1	0
        117656	2025-12-10 17:33:16	1	1	15	0
        117631	2025-12-10 17:34:03	1	1	15	0
        118160	2025-12-10 17:35:58	1	1	15	0
        116953	2025-12-10 17:38:23	1	1	15	0
        118801	2025-12-10 17:38:58	1	1	15	0
        118509	2025-12-10 17:41:56	1	1	15	0
        118760	2025-12-10 17:43:03	1	1	15	0
        118548	2025-12-10 17:44:48	1	1	15	0
        110068	2025-12-10 17:45:38	1	1	1	0
        116434	2025-12-10 17:53:09	1	1	1	0
        117727	2025-12-10 17:53:16	1	1	15	0
        110045	2025-12-10 17:55:14	1	1	15	0
        118298	2025-12-10 17:55:34	1	1	1	0
        118398	2025-12-10 17:59:20	1	1	15	0
        116263	2025-12-10 17:59:33	1	1	15	0
        116476	2025-12-10 18:02:38	1	1	15	0
        110046	2025-12-10 18:04:36	1	1	15	0
        118500	2025-12-10 18:07:47	1	1	15	0
        118083	2025-12-10 18:09:03	1	1	15	0
        119376	2025-12-10 18:10:00	1	1	15	0
        116487	2025-12-10 18:14:13	1	1	15	0
        119393	2025-12-10 18:14:41	1	1	15	0
        118251	2025-12-10 18:14:46	1	1	1	0
        119443	2025-12-10 18:14:53	1	1	15	0
        116790	2025-12-10 18:14:58	1	1	15	0
        119392	2025-12-10 18:30:31	1	1	15	0
        118566	2025-12-10 18:31:43	1	1	15	0
           261	2025-12-10 18:36:00	1	1	15	0
        116152	2025-12-10 18:44:05	1	1	15	0
        117090	2025-12-10 19:02:48	1	1	15	0
        118143	2025-12-10 19:20:15	1	1	15	0
        116738	2025-12-10 19:32:52	1	1	15	0
        117775	2025-12-10 19:33:00	1	1	15	0
        117518	2025-12-10 19:55:42	1	1	15	0
        119406	2025-12-10 19:56:16	1	1	15	0
        117092	2025-12-10 22:19:34	1	1	15	0
        117242	2025-12-10 22:23:29	1	1	1	0
        118326	2025-12-11 06:21:09	1	0	15	0
        118160	2025-12-11 07:01:39	1	0	15	0
        118406	2025-12-11 07:10:43	1	0	15	0
           259	2025-12-11 07:17:17	1	0	15	0
        110477	2025-12-11 07:24:48	1	0	15	0
        116152	2025-12-11 07:25:21	1	0	15	0
        116192	2025-12-11 07:31:23	1	0	15	0
        117185	2025-12-11 07:36:20	1	0	15	0
           215	2025-12-11 07:38:28	1	0	15	0
        118301	2025-12-11 07:44:55	1	0	15	0
        119206	2025-12-11 07:46:08	1	0	15	0
        117631	2025-12-11 07:47:18	1	0	15	0
           261	2025-12-11 07:48:20	1	0	15	0
           257	2025-12-11 07:56:35	1	0	15	0
        116096	2025-12-11 07:57:06	1	0	15	0
        119117	2025-12-11 07:58:24	1	0	1	0
        118509	2025-12-11 08:02:05	1	0	15	0
        116548	2025-12-11 08:06:46	1	0	15	0
        118143	2025-12-11 08:13:05	1	0	15	0
        117518	2025-12-11 08:13:29	1	0	15	0
        110068	2025-12-11 08:16:27	1	0	1	0
        116961	2025-12-11 08:16:47	1	0	15	0
        118760	2025-12-11 08:20:12	1	0	15	0
        117727	2025-12-11 08:22:55	1	0	15	0
        116738	2025-12-11 08:25:25	1	0	15	0
        117092	2025-12-11 08:33:30	1	0	15	0
        119376	2025-12-11 08:35:40	1	0	15	0
        116953	2025-12-11 08:36:48	1	0	15	0
        110124	2025-12-11 08:37:18	1	0	15	0
        117090	2025-12-11 08:38:06	1	0	15	0
        118566	2025-12-11 08:39:37	1	0	15	0
        116825	2025-12-11 08:41:07	1	0	15	0
        116434	2025-12-11 08:42:31	1	0	1	0
        118298	2025-12-11 08:44:45	1	0	1	0
        118801	2025-12-11 08:45:14	1	0	15	0
        118398	2025-12-11 08:48:07	1	0	15	0
        110046	2025-12-11 08:52:13	1	0	15	0
        117398	2025-12-11 09:09:26	1	0	15	0
        116476	2025-12-11 09:11:10	1	0	15	0
        116192	2025-12-11 12:00:09	1	0	15	0
        117631	2025-12-11 12:00:14	1	0	15	0
           215	2025-12-11 12:00:26	1	0	15	0
        118326	2025-12-11 12:01:07	1	0	15	0
        110124	2025-12-11 12:01:14	1	0	15	0
        116953	2025-12-11 12:01:21	1	0	15	0
        119117	2025-12-11 12:01:26	1	0	1	0
        118301	2025-12-11 12:01:54	1	2	15	0
        118760	2025-12-11 12:02:03	1	2	15	0
        118406	2025-12-11 12:02:08	1	2	15	0
        117185	2025-12-11 12:02:12	1	2	15	0
        116434	2025-12-11 12:02:15	1	2	1	0
        116511	2025-12-11 12:02:25	1	2	15	0
        118160	2025-12-11 12:02:57	1	2	15	0
        117727	2025-12-11 12:03:44	1	2	15	0
        110045	2025-12-11 12:03:54	1	2	15	0
        118326	2025-12-11 12:04:01	1	2	15	0
        118801	2025-12-11 12:04:08	1	2	15	0
        116953	2025-12-11 12:04:13	1	2	15	0
        117518	2025-12-11 12:04:23	1	2	15	0
        119206	2025-12-11 12:04:28	1	2	15	0
        117631	2025-12-11 12:04:33	1	2	15	0
        116192	2025-12-11 12:04:40	1	2	15	0
        116738	2025-12-11 12:04:47	1	2	15	0
           215	2025-12-11 12:04:53	1	2	15	0
        116152	2025-12-11 12:04:57	1	2	15	0
        118160	2025-12-11 12:05:03	1	2	15	0
        119117	2025-12-11 12:05:17	1	2	1	0
        116476	2025-12-11 12:06:05	1	2	15	0
        110068	2025-12-11 12:06:10	1	2	1	0
        117090	2025-12-11 12:06:16	1	2	15	0
        118509	2025-12-11 12:06:20	1	2	15	0
        110124	2025-12-11 12:07:14	1	2	15	0
        118301	2025-12-11 12:07:18	1	2	15	0
        117518	2025-12-11 12:07:31	1	2	15	0
        119206	2025-12-11 12:07:37	1	2	15	0
        116152	2025-12-11 12:07:41	1	2	15	0
        117398	2025-12-11 12:07:51	1	2	15	0
        110046	2025-12-11 12:08:02	1	2	15	0
        118760	2025-12-11 12:08:22	1	2	15	0
        118509	2025-12-11 12:09:08	1	2	15	0
        117090	2025-12-11 12:09:11	1	2	15	0
        110068	2025-12-11 12:09:15	1	2	1	0
        118566	2025-12-11 12:09:21	1	2	15	0
        110045	2025-12-11 12:10:08	1	2	15	0
        118398	2025-12-11 12:10:17	1	2	15	0
        119376	2025-12-11 12:11:06	1	2	15	0
        116096	2025-12-11 12:11:22	1	2	15	0
        116548	2025-12-11 12:13:06	1	2	15	0
        116070	2025-12-11 12:13:15	1	2	1	0
        110477	2025-12-11 12:14:04	1	2	15	0
        119376	2025-12-11 12:14:15	1	2	15	0
        118566	2025-12-11 12:14:19	1	2	15	0
        116096	2025-12-11 12:16:53	1	2	15	0
        116548	2025-12-11 12:16:57	1	2	15	0
        116070	2025-12-11 12:17:00	1	2	1	0
        110477	2025-12-11 12:18:51	1	2	15	0
        116961	2025-12-11 12:19:30	1	2	15	0
        110046	2025-12-11 12:19:35	1	2	15	0
        119392	2025-12-11 12:20:41	1	2	15	0
        116476	2025-12-11 12:21:43	1	2	15	0
        116825	2025-12-11 12:23:52	1	2	15	0
        119392	2025-12-11 12:24:46	1	2	15	0
        117398	2025-12-11 12:26:10	1	2	15	0
        118143	2025-12-11 12:27:13	1	2	15	0
        116825	2025-12-11 12:27:27	1	2	15	0
        118143	2025-12-11 12:29:35	1	2	15	0
        118398	2025-12-11 12:35:54	1	3	15	0
        116738	2025-12-11 12:36:07	1	3	15	0
        116434	2025-12-11 12:36:12	1	3	1	0
        117185	2025-12-11 12:36:18	1	3	15	0
        117727	2025-12-11 12:36:22	1	3	15	0
        118406	2025-12-11 12:36:26	1	3	15	0
        118801	2025-12-11 12:36:29	1	3	15	0
        116961	2025-12-11 12:39:11	1	3	15	0
        116511	2025-12-11 12:48:10	1	3	15	0
           257	2025-12-11 12:51:49	1	3	15	0
           257	2025-12-11 12:55:16	1	3	15	0
        116790	2025-12-11 13:01:52	1	3	15	0
        116825	2025-12-11 15:20:23	1	3	15	0
        118326	2025-12-11 16:07:22	1	1	15	0
        110477	2025-12-11 16:53:25	1	1	15	0
        118406	2025-12-11 16:58:47	1	1	15	0
        118760	2025-12-11 17:02:16	1	1	15	0
        119117	2025-12-11 17:02:22	1	1	1	0
           257	2025-12-11 17:02:32	1	1	15	0
        119206	2025-12-11 17:03:10	1	1	15	0
        118301	2025-12-11 17:04:38	1	1	15	0
        110045	2025-12-11 17:05:49	1	1	15	0
        117518	2025-12-11 17:07:14	1	1	15	0
        117631	2025-12-11 17:11:54	1	1	15	0
        116192	2025-12-11 17:12:02	1	1	15	0
        117185	2025-12-11 17:13:26	1	1	15	0
        110068	2025-12-11 17:18:21	1	1	1	0
        116548	2025-12-11 17:18:44	1	1	15	0
        118509	2025-12-11 17:27:33	1	1	15	0
        116096	2025-12-11 17:37:34	1	1	15	0
        118160	2025-12-11 17:40:59	1	1	15	0
        119376	2025-12-11 17:44:50	1	1	15	0
        117398	2025-12-11 18:00:22	1	1	15	0
        116476	2025-12-11 18:02:00	1	1	15	0
        116790	2025-12-11 18:10:05	1	1	15	0
        116953	2025-12-11 18:14:44	1	1	15	0
        117090	2025-12-11 18:26:08	1	1	15	0
        118566	2025-12-11 18:27:44	1	1	15	0
        119392	2025-12-11 18:36:32	1	1	15	0
        116152	2025-12-11 18:37:10	1	1	15	0
        116434	2025-12-11 18:39:50	1	1	1	0
        118298	2025-12-11 18:39:54	1	1	1	0
           215	2025-12-11 19:04:36	1	1	15	0
           261	2025-12-11 19:13:24	1	1	15	0
        117092	2025-12-11 20:10:42	1	1	15	0
        118143	2025-12-11 20:40:12	1	1	15	0
        118801	2025-12-11 21:23:50	1	1	15	0
        116738	2025-12-11 21:29:05	1	1	15	0
        110124	2025-12-11 23:12:56	1	1	15	0
        116511	2025-12-11 23:13:34	1	1	15	0
        117727	2025-12-11 23:13:41	1	1	15	0
        118160	2025-12-12 06:48:54	1	0	15	0
        118406	2025-12-12 06:59:30	1	0	15	0
           259	2025-12-12 07:18:36	1	0	15	0
           258	2025-12-12 07:31:32	1	0	15	0
           215	2025-12-12 07:31:46	1	0	15	0
           261	2025-12-12 07:36:24	1	0	15	0
           257	2025-12-12 07:53:50	1	0	15	0
        117518	2025-12-12 08:03:55	1	0	15	0
        110045	2025-12-12 08:46:50	1	0	15	0
        118398	2025-12-12 08:50:48	1	0	15	0
           215	2025-12-12 12:00:24	1	2	15	0
        110045	2025-12-12 12:02:25	1	2	15	0
        118160	2025-12-12 12:03:00	1	2	15	0
           215	2025-12-12 12:04:23	1	2	15	0
           259	2025-12-12 12:05:47	1	2	15	0
           261	2025-12-12 12:05:54	1	2	15	0
        118406	2025-12-12 12:07:02	1	2	15	0
           259	2025-12-12 12:08:23	1	2	15	0
           261	2025-12-12 12:08:29	1	2	15	0
        110045	2025-12-12 12:11:19	1	2	15	0
        118398	2025-12-12 12:20:46	1	2	15	0
        118406	2025-12-12 12:24:59	1	2	15	0
        118398	2025-12-12 12:26:16	1	2	15	0
        118160	2025-12-12 12:39:49	1	3	15	0
           257	2025-12-12 12:53:15	1	3	15	0
        117518	2025-12-12 12:56:41	1	3	15	0
           257	2025-12-12 12:59:16	1	3	15	0
        117518	2025-12-12 12:59:33	1	3	15	0
        118406	2025-12-12 16:09:43	1	1	15	0
        110045	2025-12-12 17:01:12	1	1	15	0
        118398	2025-12-12 17:55:51	1	1	15	0
        118160	2025-12-12 18:07:19	1	1	15	0
           215	2025-12-12 19:09:02	1	1	15	0
        117518	2025-12-12 20:03:22	1	1	15	0
           261	2025-12-12 20:03:42	1	1	15	0
           259	2025-12-13 07:37:44	1	0	15	0
           215	2025-12-13 07:38:47	1	0	15	0
           261	2025-12-13 08:10:07	1	0	15	0
        117518	2025-12-13 08:50:34	1	0	15	0
        116844	2025-12-13 10:46:52	1	0	15	0
        118548	2025-12-13 11:19:43	1	0	15	0
        118548	2025-12-13 12:02:24	1	2	15	0
           215	2025-12-13 12:05:20	1	2	15	0
        117518	2025-12-13 12:06:38	1	2	15	0
           215	2025-12-13 12:09:07	1	2	15	0
        117518	2025-12-13 12:09:24	1	2	15	0
        117090	2025-12-13 12:24:34	1	2	15	0
           261	2025-12-13 12:39:12	1	3	15	0
           259	2025-12-13 12:39:19	1	3	15	0
           259	2025-12-13 12:42:27	1	3	15	0
           261	2025-12-13 12:42:32	1	3	15	0
        116844	2025-12-13 12:50:49	1	3	15	0
        116844	2025-12-13 12:55:21	1	3	15	0
        116152	2025-12-13 14:22:24	1	3	15	0
        116844	2025-12-13 16:33:01	1	1	15	0
           259	2025-12-13 17:03:37	1	1	15	0
        117518	2025-12-13 17:04:09	1	1	15	0
           215	2025-12-13 17:07:14	1	1	15	0
        117090	2025-12-13 17:32:13	1	1	15	0
           261	2025-12-13 17:38:12	1	1	15	0
        118548	2025-12-13 17:55:31	1	1	15	0
        116152	2025-12-13 17:55:34	1	1	15	0
           259	2025-12-14 07:41:06	1	0	15	0
           215	2025-12-14 07:56:33	1	0	15	0
           261	2025-12-14 08:19:02	1	0	15	0
        118500	2025-12-14 09:10:59	1	0	15	0
        117727	2025-12-14 09:46:08	1	0	15	0
        116263	2025-12-14 11:24:12	1	0	15	0
           259	2025-12-14 12:05:51	1	2	15	0
           261	2025-12-14 12:05:56	1	2	15	0
        118500	2025-12-14 12:24:09	1	2	15	0
           215	2025-12-14 12:27:33	1	2	15	0
        118500	2025-12-14 12:27:38	1	2	15	0
        117727	2025-12-14 12:28:50	1	2	15	0
           261	2025-12-14 12:33:11	1	3	15	0
           259	2025-12-14 12:33:19	1	3	15	0
        117518	2025-12-14 12:40:54	1	3	15	0
        118143	2025-12-14 13:03:37	1	3	15	0
        118500	2025-12-14 13:54:41	1	3	15	0
        117727	2025-12-14 15:50:39	1	3	15	0
        117518	2025-12-14 17:00:11	1	1	15	0
           259	2025-12-14 17:00:21	1	1	15	0
        116263	2025-12-14 17:17:12	1	1	15	0
           261	2025-12-14 17:18:46	1	1	15	0
        118143	2025-12-14 17:18:52	1	1	15	0
        118548	2025-12-15 06:14:41	1	0	15	0
        118326	2025-12-15 06:21:31	1	0	15	0
        117775	2025-12-15 06:35:27	1	0	15	0
        119206	2025-12-15 07:18:02	1	0	15	0
           261	2025-12-15 07:20:07	1	0	15	0
        116192	2025-12-15 07:27:37	1	0	15	0
        118585	2025-12-15 07:27:53	1	0	15	0
        118301	2025-12-15 07:30:22	1	0	15	0
           215	2025-12-15 07:32:29	1	0	15	0
        117092	2025-12-15 07:32:38	1	0	15	0
        117631	2025-12-15 07:33:21	1	0	15	0
        119443	2025-12-15 07:33:45	1	0	15	0
        110124	2025-12-15 07:37:00	1	0	15	0
        118509	2025-12-15 07:37:08	1	0	15	0
        116961	2025-12-15 07:39:15	1	0	15	0
        117656	2025-12-15 07:40:57	1	0	15	0
        119406	2025-12-15 07:43:26	1	0	15	0
        110045	2025-12-15 07:44:58	1	0	15	0
        110477	2025-12-15 07:45:42	1	0	15	0
        116096	2025-12-15 07:46:38	1	0	15	0
           257	2025-12-15 07:48:11	1	0	15	0
        116466	2025-12-15 07:49:42	1	0	1	0
        110068	2025-12-15 07:50:35	1	0	1	0
        119393	2025-12-15 07:52:34	1	0	15	0
        117518	2025-12-15 07:52:40	1	0	15	0
        117090	2025-12-15 07:52:56	1	0	15	0
        110064	2025-12-15 07:56:07	1	0	15	0
        117242	2025-12-15 08:00:04	1	0	1	0
        116509	2025-12-15 08:04:57	1	0	15	0
        119376	2025-12-15 08:05:04	1	0	15	0
        116434	2025-12-15 08:05:08	1	0	1	0
        116844	2025-12-15 08:05:10	1	0	15	0
        119117	2025-12-15 08:05:41	1	0	1	0
        118760	2025-12-15 08:08:13	1	0	15	0
        118801	2025-12-15 08:09:11	1	0	15	0
        118143	2025-12-15 08:15:44	1	0	15	0
        117977	2025-12-15 08:20:11	1	0	15	0
        117687	2025-12-15 08:20:40	1	0	15	0
        116476	2025-12-15 08:24:13	1	0	15	0
        116738	2025-12-15 08:25:25	1	0	15	0
        119077	2025-12-15 08:25:54	1	0	15	0
        110046	2025-12-15 08:32:47	1	0	15	0
        116263	2025-12-15 08:51:31	1	0	15	0
        118083	2025-12-15 08:58:10	1	0	15	0
        118407	2025-12-15 09:03:26	1	0	15	0
        116829	2025-12-15 09:11:04	1	0	15	0
        116070	2025-12-15 09:11:09	1	0	1	0
        119392	2025-12-15 09:17:48	1	0	15	0
        118398	2025-12-15 09:46:38	1	0	15	0
        116825	2025-12-15 10:02:48	1	0	15	0
        117274	2025-12-15 10:38:41	1	0	15	0
        119392	2025-12-15 11:58:25	1	0	15	0
        118548	2025-12-15 12:00:15	1	0	15	0
        110068	2025-12-15 12:00:17	1	0	1	0
        118326	2025-12-15 12:00:59	1	2	15	0
        118801	2025-12-15 12:01:09	1	2	15	0
        110046	2025-12-15 12:02:10	1	2	15	0
        116476	2025-12-15 12:02:25	1	2	15	0
        116466	2025-12-15 12:02:36	1	2	1	0
           215	2025-12-15 12:02:44	1	2	15	0
        118301	2025-12-15 12:03:20	1	2	15	0
        110045	2025-12-15 12:03:34	1	2	15	0
        118548	2025-12-15 12:03:48	1	2	15	0
        110068	2025-12-15 12:03:51	1	2	1	0
        118326	2025-12-15 12:03:57	1	2	15	0
        117775	2025-12-15 12:04:06	1	2	15	0
        117242	2025-12-15 12:04:09	1	2	1	0
        117977	2025-12-15 12:04:20	1	2	15	0
        119443	2025-12-15 12:04:31	1	2	15	0
        119117	2025-12-15 12:05:03	1	2	1	0
        117518	2025-12-15 12:05:10	1	2	15	0
        119206	2025-12-15 12:05:28	1	2	15	0
        119376	2025-12-15 12:05:35	1	2	15	0
        110046	2025-12-15 12:05:54	1	2	15	0
        116434	2025-12-15 12:06:01	1	2	1	0
        117977	2025-12-15 12:06:16	1	2	15	0
        118801	2025-12-15 12:06:21	1	2	15	0
        118509	2025-12-15 12:06:28	1	2	15	0
        119406	2025-12-15 12:06:40	1	2	15	0
        117687	2025-12-15 12:07:40	1	2	15	0
        116271	2025-12-15 12:07:57	1	2	15	0
        118407	2025-12-15 12:08:02	1	2	15	0
        110064	2025-12-15 12:08:42	1	2	15	0
        117090	2025-12-15 12:08:46	1	2	15	0
        117775	2025-12-15 12:09:00	1	2	15	0
        118585	2025-12-15 12:09:22	1	2	15	0
           261	2025-12-15 12:09:54	1	2	15	0
        117687	2025-12-15 12:10:02	1	2	15	0
        119376	2025-12-15 12:10:12	1	2	15	0
        117518	2025-12-15 12:10:17	1	2	15	0
        119117	2025-12-15 12:10:21	1	2	1	0
           215	2025-12-15 12:10:28	1	2	15	0
        119443	2025-12-15 12:10:59	1	2	15	0
        117242	2025-12-15 12:11:04	1	2	1	0
        118509	2025-12-15 12:11:10	1	2	15	0
        118301	2025-12-15 12:11:17	1	2	15	0
        119206	2025-12-15 12:11:22	1	2	15	0
        116509	2025-12-15 12:11:27	1	2	15	0
        116466	2025-12-15 12:11:33	1	2	1	0
        110064	2025-12-15 12:11:39	1	2	15	0
        119406	2025-12-15 12:11:44	1	2	15	0
        116738	2025-12-15 12:11:47	1	2	15	0
        116434	2025-12-15 12:11:50	1	2	1	0
        119393	2025-12-15 12:11:57	1	2	15	0
        116007	2025-12-15 12:12:09	1	2	1	0
        118407	2025-12-15 12:12:42	1	2	15	0
        118760	2025-12-15 12:12:47	1	2	15	0
        116007	2025-12-15 12:13:36	1	2	1	0
        116509	2025-12-15 12:14:16	1	2	15	0
        119077	2025-12-15 12:14:43	1	2	15	0
        116263	2025-12-15 12:14:46	1	2	15	0
           261	2025-12-15 12:14:51	1	2	15	0
        117274	2025-12-15 12:16:02	1	2	15	0
        118760	2025-12-15 12:16:25	1	2	15	0
        119077	2025-12-15 12:16:33	1	2	15	0
        116263	2025-12-15 12:16:36	1	2	15	0
        116829	2025-12-15 12:17:29	1	2	1	0
        116096	2025-12-15 12:17:35	1	2	15	0
        116070	2025-12-15 12:17:52	1	2	15	0
        110477	2025-12-15 12:19:54	1	2	15	0
        117274	2025-12-15 12:21:41	1	2	15	0
        116829	2025-12-15 12:21:48	1	2	1	0
        116070	2025-12-15 12:21:51	1	2	1	0
        116096	2025-12-15 12:21:53	1	2	1	0
        116712	2025-12-15 12:22:29	1	2	15	0
        110188	2025-12-15 12:22:35	1	2	15	0
        118083	2025-12-15 12:24:18	1	2	15	0
        116961	2025-12-15 12:24:24	1	2	15	0
        110477	2025-12-15 12:25:21	1	2	15	0
        118083	2025-12-15 12:27:39	1	2	15	0
        116271	2025-12-15 12:27:57	1	2	15	0
        118143	2025-12-15 12:28:37	1	2	15	0
        116712	2025-12-15 12:29:07	1	2	15	0
        116476	2025-12-15 12:29:37	1	2	15	0
        116844	2025-12-15 12:31:21	1	3	15	0
        118143	2025-12-15 12:31:27	1	3	15	0
        116825	2025-12-15 12:33:27	1	3	15	0
        116738	2025-12-15 12:34:15	1	3	15	0
        116844	2025-12-15 12:34:37	1	3	15	0
        118585	2025-12-15 12:35:05	1	3	15	0
        116825	2025-12-15 12:35:34	1	3	15	0
        116961	2025-12-15 12:38:17	1	3	15	0
        118398	2025-12-15 12:40:03	1	3	15	0
        117092	2025-12-15 12:43:23	1	3	15	0
        118398	2025-12-15 12:43:28	1	3	15	0
        117092	2025-12-15 12:44:37	1	3	15	0
        119392	2025-12-15 12:53:01	1	3	15	0
        116096	2025-12-15 12:53:15	1	3	15	0
        110068	2025-12-15 15:10:31	1	3	1	0
        116007	2025-12-15 16:41:24	1	1	1	0
        116825	2025-12-15 17:01:44	1	1	15	0
        116509	2025-12-15 17:02:06	1	1	15	0
        118301	2025-12-15 17:03:38	1	1	15	0
        118326	2025-12-15 17:04:07	1	1	15	0
        119406	2025-12-15 17:05:24	1	1	15	0
        110045	2025-12-15 17:05:30	1	1	15	0
        117242	2025-12-15 17:08:17	1	1	1	0
        110477	2025-12-15 17:09:17	1	1	15	0
        118398	2025-12-15 17:10:46	1	1	15	0
        116961	2025-12-15 17:13:28	1	1	15	0
        119077	2025-12-15 17:18:52	1	1	15	0
        118760	2025-12-15 17:21:49	1	1	15	0
        118801	2025-12-15 17:22:35	1	1	15	0
        117092	2025-12-15 17:22:43	1	1	15	0
        116263	2025-12-15 17:25:42	1	1	15	0
        110046	2025-12-15 17:29:34	1	1	15	0
        116712	2025-12-15 17:32:36	1	1	15	0
        116844	2025-12-15 17:51:18	1	1	15	0
        118083	2025-12-15 17:55:33	1	1	15	0
        110064	2025-12-15 17:57:32	1	1	15	0
        118585	2025-12-15 17:58:12	1	1	15	0
        119443	2025-12-15 17:58:36	1	1	15	0
        110498	2025-12-15 17:59:12	1	1	15	0
        119376	2025-12-15 18:03:34	1	1	15	0
        119117	2025-12-15 18:04:50	1	1	1	0
        116829	2025-12-15 18:09:59	1	1	1	0
        116096	2025-12-15 18:10:04	1	1	1	0
        110124	2025-12-15 18:16:40	1	1	15	0
        117775	2025-12-15 18:16:45	1	1	15	0
        116738	2025-12-15 18:19:57	1	1	15	0
        118407	2025-12-15 18:31:08	1	1	15	0
        117687	2025-12-15 18:31:55	1	1	15	0
        117274	2025-12-15 18:41:14	1	1	15	0
        116476	2025-12-15 18:52:22	1	1	15	0
        116192	2025-12-15 18:55:53	1	1	15	0
        117631	2025-12-15 18:56:00	1	1	15	0
           215	2025-12-15 19:02:10	1	1	15	0
        118548	2025-12-15 19:28:10	1	1	15	0
        117518	2025-12-15 20:00:06	1	1	15	0
           261	2025-12-15 20:09:30	1	1	15	0
           259	2025-12-15 20:09:33	1	1	15	0
        118509	2025-12-15 20:31:04	1	1	15	0
        118143	2025-12-15 20:56:43	1	1	15	0
        118548	2025-12-16 06:19:47	1	0	15	0
        118326	2025-12-16 06:23:23	1	0	15	0
        117775	2025-12-16 06:59:29	1	0	15	0
        118160	2025-12-16 07:14:15	1	0	15	0
        118251	2025-12-16 07:17:57	1	0	1	0
        116192	2025-12-16 07:22:55	1	0	15	0
        116825	2025-12-16 07:37:54	1	0	15	0
        110477	2025-12-16 07:40:17	1	0	15	0
           260	2025-12-16 07:43:10	1	0	15	0
        118585	2025-12-16 07:47:30	1	0	15	0
        118301	2025-12-16 07:47:40	1	0	15	0
           259	2025-12-16 07:48:25	1	0	15	0
        118509	2025-12-16 07:49:34	1	0	15	0
        110498	2025-12-16 07:51:53	1	0	15	0
           257	2025-12-16 07:54:36	1	0	15	0
           215	2025-12-16 07:56:55	1	0	15	0
        117631	2025-12-16 07:58:40	1	0	15	0
        119406	2025-12-16 07:59:23	1	0	15	0
        116096	2025-12-16 08:00:34	1	0	15	0
        116961	2025-12-16 08:02:23	1	0	15	0
        119206	2025-12-16 08:03:45	1	0	15	0
        116487	2025-12-16 08:03:54	1	0	15	0
           261	2025-12-16 08:05:56	1	0	15	0
        116790	2025-12-16 08:06:14	1	0	15	0
        116509	2025-12-16 08:06:26	1	0	15	0
        119117	2025-12-16 08:08:41	1	0	1	0
        118760	2025-12-16 08:12:38	1	0	15	0
        110064	2025-12-16 08:13:20	1	0	15	0
        110068	2025-12-16 08:13:28	1	0	1	0
        110045	2025-12-16 08:15:16	1	0	15	0
        116738	2025-12-16 08:16:59	1	0	15	0
        117518	2025-12-16 08:17:52	1	0	15	0
        116953	2025-12-16 08:18:11	1	0	15	0
        119077	2025-12-16 08:19:25	1	0	15	0
        116844	2025-12-16 08:20:53	1	0	15	0
        116712	2025-12-16 08:21:57	1	0	15	0
        117242	2025-12-16 08:23:20	1	0	1	0
        116007	2025-12-16 08:24:50	1	0	1	0
        116466	2025-12-16 08:25:59	1	0	1	0
        117090	2025-12-16 08:30:27	1	0	15	0
        118398	2025-12-16 08:30:58	1	0	15	0
        117092	2025-12-16 08:36:03	1	0	15	0
        116434	2025-12-16 08:38:29	1	0	1	0
        119443	2025-12-16 08:38:52	1	0	15	0
        118500	2025-12-16 08:44:38	1	0	15	0
        110046	2025-12-16 08:45:45	1	0	15	0
        118143	2025-12-16 08:48:28	1	0	15	0
        117977	2025-12-16 08:49:00	1	0	15	0
        110124	2025-12-16 08:49:33	1	0	15	0
        116263	2025-12-16 08:50:20	1	0	15	0
        117687	2025-12-16 08:53:12	1	0	15	0
        119376	2025-12-16 08:53:17	1	0	15	0
        118083	2025-12-16 08:56:06	1	0	15	0
        116511	2025-12-16 09:02:01	1	0	15	0
        116476	2025-12-16 09:04:03	1	0	15	0
        119392	2025-12-16 09:07:30	1	0	15	0
        118801	2025-12-16 10:16:31	1	0	15	0
        117631	2025-12-16 12:00:07	1	2	15	0
        116192	2025-12-16 12:00:12	1	2	15	0
           215	2025-12-16 12:00:17	1	2	15	0
        116070	2025-12-16 12:00:22	1	2	15	0
        116096	2025-12-16 12:00:30	1	2	15	0
        116712	2025-12-16 12:00:37	1	2	15	0
        118407	2025-12-16 12:01:46	1	2	15	0
        118326	2025-12-16 12:02:10	1	2	15	0
        117775	2025-12-16 12:02:20	1	2	15	0
        116476	2025-12-16 12:02:39	1	2	15	0
        110064	2025-12-16 12:02:47	1	2	15	0
        116953	2025-12-16 12:03:10	1	2	15	0
        117631	2025-12-16 12:03:26	1	2	15	0
        116192	2025-12-16 12:03:29	1	2	15	0
        119206	2025-12-16 12:03:37	1	2	15	0
        119117	2025-12-16 12:03:43	1	2	1	0
        118251	2025-12-16 12:03:51	1	2	1	0
        119443	2025-12-16 12:03:59	1	2	15	0
        118509	2025-12-16 12:04:04	1	2	15	0
        119406	2025-12-16 12:04:12	1	2	15	0
        117977	2025-12-16 12:04:24	1	2	15	0
           215	2025-12-16 12:04:45	1	2	15	0
        119376	2025-12-16 12:05:05	1	2	15	0
        116271	2025-12-16 12:05:25	1	2	15	0
        117242	2025-12-16 12:06:15	1	2	1	0
        118326	2025-12-16 12:06:22	1	2	15	0
        119406	2025-12-16 12:06:32	1	2	15	0
        116844	2025-12-16 12:06:35	1	2	15	0
        110068	2025-12-16 12:06:46	1	2	1	0
        118548	2025-12-16 12:06:52	1	2	15	0
        116953	2025-12-16 12:07:06	1	2	15	0
        117977	2025-12-16 12:07:21	1	2	15	0
        118509	2025-12-16 12:07:36	1	2	15	0
        110064	2025-12-16 12:07:40	1	2	15	0
        119206	2025-12-16 12:07:48	1	2	15	0
        119117	2025-12-16 12:07:53	1	2	1	0
        116738	2025-12-16 12:08:15	1	2	15	0
        118251	2025-12-16 12:08:35	1	2	1	0
        118801	2025-12-16 12:08:46	1	2	15	0
        119443	2025-12-16 12:08:55	1	2	15	0
        117775	2025-12-16 12:09:13	1	2	15	0
        119376	2025-12-16 12:09:52	1	2	15	0
        116844	2025-12-16 12:09:56	1	2	15	0
        110068	2025-12-16 12:10:19	1	2	1	0
        118548	2025-12-16 12:10:25	1	2	15	0
        116007	2025-12-16 12:13:17	1	2	1	0
        110045	2025-12-16 12:13:37	1	2	15	0
        116511	2025-12-16 12:13:47	1	2	15	0
        116712	2025-12-16 12:14:17	1	2	15	0
        116007	2025-12-16 12:14:50	1	2	1	0
        118398	2025-12-16 12:14:56	1	2	15	0
        116466	2025-12-16 12:15:13	1	2	1	0
        118083	2025-12-16 12:15:19	1	2	15	0
        116096	2025-12-16 12:15:48	1	2	15	0
        110498	2025-12-16 12:15:55	1	2	15	0
        119077	2025-12-16 12:16:04	1	2	15	0
        116263	2025-12-16 12:16:09	1	2	15	0
        116487	2025-12-16 12:16:12	1	2	15	0
        118500	2025-12-16 12:17:33	1	2	15	0
        119077	2025-12-16 12:18:11	1	2	15	0
        116487	2025-12-16 12:18:23	1	2	15	0
        118083	2025-12-16 12:18:28	1	2	15	0
        116263	2025-12-16 12:18:32	1	2	15	0
        118398	2025-12-16 12:18:37	1	2	15	0
        117518	2025-12-16 12:18:44	1	2	15	0
        118760	2025-12-16 12:18:56	1	2	15	0
        116271	2025-12-16 12:19:05	1	2	15	0
        110498	2025-12-16 12:19:10	1	2	15	0
        110045	2025-12-16 12:19:23	1	2	15	0
        110124	2025-12-16 12:19:45	1	2	15	0
        116434	2025-12-16 12:20:40	1	2	1	0
        118500	2025-12-16 12:20:46	1	2	15	0
        116509	2025-12-16 12:20:52	1	2	15	0
        118760	2025-12-16 12:20:55	1	2	15	0
        110046	2025-12-16 12:21:00	1	2	15	0
        117090	2025-12-16 12:21:52	1	2	15	0
        117518	2025-12-16 12:22:54	1	2	15	0
        116476	2025-12-16 12:23:49	1	2	15	0
        117242	2025-12-16 12:23:55	1	2	1	0
        117090	2025-12-16 12:24:32	1	2	15	0
        116790	2025-12-16 12:25:10	1	2	15	0
        110124	2025-12-16 12:29:27	1	2	15	0
        117092	2025-12-16 12:30:17	1	3	15	0
        116738	2025-12-16 12:31:44	1	3	15	0
        117092	2025-12-16 12:32:06	1	3	15	0
        116434	2025-12-16 12:33:28	1	3	1	0
        116509	2025-12-16 12:33:34	1	3	15	0
        116466	2025-12-16 12:33:39	1	3	1	0
        116007	2025-12-16 12:33:42	1	3	1	0
        110046	2025-12-16 12:34:38	1	3	15	0
        116961	2025-12-16 12:35:31	1	3	15	0
        110477	2025-12-16 12:35:55	1	3	15	0
        116961	2025-12-16 12:41:21	1	3	15	0
        110477	2025-12-16 12:41:31	1	3	15	0
        118160	2025-12-16 12:44:41	1	3	15	0
        118160	2025-12-16 12:46:47	1	3	15	0
        119392	2025-12-16 12:47:42	1	3	15	0
        119392	2025-12-16 12:50:07	1	3	15	0
        116790	2025-12-16 12:51:51	1	3	15	0
        118801	2025-12-16 12:55:38	1	3	15	0
        118143	2025-12-16 12:55:47	1	3	15	0
        118143	2025-12-16 12:57:41	1	3	15	0
        118585	2025-12-16 13:00:03	1	3	15	0
        116825	2025-12-16 16:41:00	1	1	15	0
        118326	2025-12-16 16:43:30	1	1	15	0
        118301	2025-12-16 17:05:26	1	1	15	0
        119206	2025-12-16 17:05:56	1	1	15	0
        119406	2025-12-16 17:08:54	1	1	15	0
        116487	2025-12-16 17:16:38	1	1	15	0
        119117	2025-12-16 17:17:28	1	1	1	0
        116953	2025-12-16 17:19:21	1	1	15	0
        116961	2025-12-16 17:19:40	1	1	15	0
        118251	2025-12-16 17:21:14	1	1	1	0
        110477	2025-12-16 17:22:38	1	1	15	0
        119077	2025-12-16 17:24:20	1	1	15	0
        110068	2025-12-16 17:27:39	1	1	1	0
        118585	2025-12-16 17:37:42	1	1	15	0
        117631	2025-12-16 17:39:01	1	1	15	0
        116192	2025-12-16 17:39:09	1	1	15	0
        116509	2025-12-16 17:39:24	1	1	15	0
        110064	2025-12-16 17:40:16	1	1	15	0
        110498	2025-12-16 17:41:38	1	1	15	0
        117242	2025-12-16 17:45:56	1	1	1	0
        117977	2025-12-16 17:50:04	1	1	15	0
        118407	2025-12-16 17:57:35	1	1	15	0
        116511	2025-12-16 18:00:37	1	1	15	0
        118801	2025-12-16 18:00:41	1	1	15	0
        118760	2025-12-16 18:01:48	1	1	15	0
        116712	2025-12-16 18:04:51	1	1	15	0
        118548	2025-12-16 18:05:22	1	1	15	0
        119443	2025-12-16 18:08:48	1	1	15	0
        118083	2025-12-16 18:10:04	1	1	15	0
        118398	2025-12-16 18:11:24	1	1	15	0
        116263	2025-12-16 18:11:27	1	1	15	0
        116007	2025-12-16 18:15:05	1	1	1	0
        110045	2025-12-16 18:22:35	1	1	15	0
        118143	2025-12-16 18:24:55	1	1	15	0
        116096	2025-12-16 18:28:50	1	1	15	0
        116070	2025-12-16 18:29:01	1	1	1	0
        119392	2025-12-16 18:29:16	1	1	15	0
        116844	2025-12-16 18:29:25	1	1	15	0
        110046	2025-12-16 18:36:12	1	1	15	0
        116434	2025-12-16 18:36:56	1	1	15	0
        116790	2025-12-16 18:37:35	1	1	15	0
        116738	2025-12-16 18:54:06	1	1	15	0
        117092	2025-12-16 18:58:25	1	1	15	0
        118500	2025-12-16 19:00:07	1	1	15	0
           215	2025-12-16 19:01:18	1	1	15	0
        118160	2025-12-16 19:05:18	1	1	15	0
           261	2025-12-16 19:05:51	1	1	15	0
        110124	2025-12-16 19:41:03	1	1	15	0
        117775	2025-12-16 19:41:12	1	1	15	0
        116476	2025-12-16 19:41:18	1	1	15	0
        117518	2025-12-16 20:01:06	1	1	15	0
        117090	2025-12-16 20:10:40	1	1	15	0
        118509	2025-12-16 20:10:52	1	1	15	0
        110498	2025-12-17 06:19:21	1	0	15	0
        118548	2025-12-17 06:24:15	1	0	15	0
        118326	2025-12-17 06:41:40	1	0	15	0
           260	2025-12-17 07:06:58	1	0	15	0
        118160	2025-12-17 07:16:06	1	0	15	0
        117775	2025-12-17 07:17:36	1	0	15	0
        116825	2025-12-17 07:25:28	1	0	15	0
        116192	2025-12-17 07:36:37	1	0	15	0
        118301	2025-12-17 07:39:17	1	0	15	0
           259	2025-12-17 07:47:14	1	0	15	0
        110064	2025-12-17 07:49:59	1	0	15	0
        117656	2025-12-17 07:52:31	1	0	15	0
        116790	2025-12-17 07:53:31	1	0	15	0
        118509	2025-12-17 07:53:36	1	0	15	0
           257	2025-12-17 07:56:59	1	0	15	0
        116466	2025-12-17 07:57:14	1	0	1	0
        119206	2025-12-17 07:58:42	1	0	15	0
        119117	2025-12-17 08:02:14	1	0	1	0
        116487	2025-12-17 08:06:36	1	0	15	0
           215	2025-12-17 08:08:02	1	0	15	0
        116738	2025-12-17 08:13:09	1	0	15	0
        116961	2025-12-17 08:14:22	1	0	15	0
        118251	2025-12-17 08:15:05	1	0	1	0
        118585	2025-12-17 08:16:30	1	0	15	0
        119077	2025-12-17 08:17:43	1	0	15	0
        116152	2025-12-17 08:18:59	1	0	15	0
        118760	2025-12-17 08:19:45	1	0	15	0
        116509	2025-12-17 08:22:33	1	0	15	0
        117518	2025-12-17 08:25:12	1	0	15	0
        116953	2025-12-17 08:25:37	1	0	15	0
        119443	2025-12-17 08:25:49	1	0	15	0
        116712	2025-12-17 08:27:23	1	0	15	0
        117092	2025-12-17 08:38:19	1	0	15	0
        116844	2025-12-17 08:39:26	1	0	15	0
        118398	2025-12-17 08:39:53	1	0	15	0
        119376	2025-12-17 08:49:08	1	0	15	0
        119406	2025-12-17 08:50:49	1	0	15	0
        117090	2025-12-17 08:53:14	1	0	15	0
        110124	2025-12-17 08:53:31	1	0	15	0
        116511	2025-12-17 08:57:05	1	0	15	0
        116263	2025-12-17 08:57:32	1	0	15	0
        118083	2025-12-17 08:59:58	1	0	15	0
        117687	2025-12-17 09:03:33	1	0	15	0
        116476	2025-12-17 09:04:16	1	0	15	0
        110068	2025-12-17 09:17:04	1	0	1	0
        118500	2025-12-17 09:20:27	1	0	15	0
        119392	2025-12-17 09:39:16	1	0	15	0
        118298	2025-12-17 10:02:54	1	0	1	0
        117274	2025-12-17 10:41:27	1	0	15	0
        118801	2025-12-17 10:58:18	1	0	15	0
           261	2025-12-17 11:00:37	1	0	15	0
        110068	2025-12-17 11:57:16	1	0	1	0
        118509	2025-12-17 12:00:12	1	2	15	0
        117775	2025-12-17 12:00:33	1	2	15	0
        119406	2025-12-17 12:00:51	1	2	15	0
        119117	2025-12-17 12:00:58	1	2	1	0
        110068	2025-12-17 12:01:05	1	2	1	0
        116476	2025-12-17 12:01:16	1	2	15	0
           261	2025-12-17 12:02:00	1	2	15	0
        118509	2025-12-17 12:02:04	1	2	15	0
        119406	2025-12-17 12:02:09	1	2	15	0
        117092	2025-12-17 12:02:14	1	2	15	0
        117518	2025-12-17 12:02:23	1	2	15	0
        118251	2025-12-17 12:02:28	1	2	1	0
        119443	2025-12-17 12:02:36	1	2	15	0
        116192	2025-12-17 12:02:40	1	2	15	0
        116263	2025-12-17 12:02:44	1	2	15	0
        116509	2025-12-17 12:03:10	1	2	15	0
        118298	2025-12-17 12:03:24	1	2	1	0
        110068	2025-12-17 12:03:31	1	2	1	0
        117775	2025-12-17 12:03:37	1	2	15	0
        116738	2025-12-17 12:03:50	1	2	15	0
        118398	2025-12-17 12:04:26	1	2	15	0
           215	2025-12-17 12:04:30	1	2	15	0
        116511	2025-12-17 12:04:53	1	2	15	0
        110068	2025-12-17 12:04:59	1	2	1	0
        118326	2025-12-17 12:05:12	1	2	15	0
        116192	2025-12-17 12:05:24	1	2	15	0
        118548	2025-12-17 12:05:28	1	2	15	0
           261	2025-12-17 12:05:32	1	2	15	0
        119117	2025-12-17 12:05:40	1	2	1	0
        117518	2025-12-17 12:05:47	1	2	15	0
        116466	2025-12-17 12:06:48	1	2	1	0
        116007	2025-12-17 12:07:06	1	2	1	0
        118298	2025-12-17 12:07:38	1	2	1	0
        116509	2025-12-17 12:07:55	1	2	15	0
        116007	2025-12-17 12:08:30	1	2	1	0
        116152	2025-12-17 12:08:39	1	2	15	0
        116466	2025-12-17 12:09:16	1	2	1	0
        116263	2025-12-17 12:09:23	1	2	15	0
        118251	2025-12-17 12:09:28	1	2	1	0
        118326	2025-12-17 12:09:34	1	2	15	0
        119443	2025-12-17 12:09:37	1	2	15	0
           215	2025-12-17 12:09:39	1	2	15	0
        118398	2025-12-17 12:09:39	1	2	15	0
        117656	2025-12-17 12:10:00	1	2	15	0
        118548	2025-12-17 12:10:04	1	2	15	0
        117092	2025-12-17 12:10:37	1	2	15	0
        118760	2025-12-17 12:10:44	1	2	15	0
        118301	2025-12-17 12:11:35	1	2	15	0
        118500	2025-12-17 12:11:45	1	2	15	0
        116152	2025-12-17 12:11:50	1	2	15	0
        117656	2025-12-17 12:12:01	1	2	15	0
        118500	2025-12-17 12:13:13	1	2	15	0
        119077	2025-12-17 12:14:55	1	2	15	0
        116487	2025-12-17 12:14:59	1	2	15	0
        110124	2025-12-17 12:15:09	1	2	15	0
        118160	2025-12-17 12:16:45	1	2	15	0
        118083	2025-12-17 12:17:11	1	2	15	0
        119077	2025-12-17 12:17:18	1	2	15	0
        116487	2025-12-17 12:17:23	1	2	15	0
        118160	2025-12-17 12:18:06	1	2	15	0
        118301	2025-12-17 12:19:00	1	2	15	0
        118801	2025-12-17 12:19:05	1	2	15	0
        116790	2025-12-17 12:19:42	1	2	15	0
        118760	2025-12-17 12:20:20	1	2	15	0
        117090	2025-12-17 12:20:42	1	2	15	0
        118083	2025-12-17 12:21:10	1	2	15	0
        116961	2025-12-17 12:22:43	1	2	15	0
        116953	2025-12-17 12:23:09	1	2	15	0
        116790	2025-12-17 12:23:22	1	2	15	0
        117090	2025-12-17 12:23:27	1	2	15	0
        116825	2025-12-17 12:27:38	1	2	15	0
        116953	2025-12-17 12:28:22	1	2	15	0
        116712	2025-12-17 12:29:21	1	2	15	0
        116825	2025-12-17 12:30:53	1	3	15	0
        116712	2025-12-17 12:31:03	1	3	15	0
        110124	2025-12-17 12:40:02	1	3	15	0
        116961	2025-12-17 12:40:57	1	3	15	0
        116511	2025-12-17 12:43:00	1	3	15	0
        118801	2025-12-17 12:46:00	1	3	15	0
        116738	2025-12-17 12:46:23	1	3	15	0
        118585	2025-12-17 12:48:08	1	3	15	0
        118585	2025-12-17 12:50:07	1	3	15	0
        119376	2025-12-17 12:51:46	1	3	15	0
        119392	2025-12-17 12:52:57	1	3	15	0
        119376	2025-12-17 12:53:09	1	3	15	0
        119392	2025-12-17 12:57:06	1	3	15	0
        118326	2025-12-17 16:05:15	1	1	15	0
        118548	2025-12-17 16:34:48	1	1	15	0
        116825	2025-12-17 16:52:24	1	1	15	0
        116466	2025-12-17 17:02:32	1	1	1	0
        118301	2025-12-17 17:03:27	1	1	15	0
        119077	2025-12-17 17:18:51	1	1	15	0
        118760	2025-12-17 17:24:51	1	1	15	0
        116953	2025-12-17 17:26:03	1	1	15	0
        118298	2025-12-17 17:27:48	1	1	1	0
        116152	2025-12-17 17:28:02	1	1	15	0
        116192	2025-12-17 17:30:05	1	1	15	0
        116007	2025-12-17 17:37:16	1	1	1	0
        116509	2025-12-17 17:38:29	1	1	15	0
        116487	2025-12-17 17:40:10	1	1	15	0
        110498	2025-12-17 17:40:50	1	1	15	0
        118160	2025-12-17 17:40:56	1	1	15	0
        116961	2025-12-17 17:43:31	1	1	15	0
        118251	2025-12-17 17:46:13	1	1	1	0
        119443	2025-12-17 17:46:20	1	1	15	0
        118398	2025-12-17 17:46:46	1	1	15	0
        116712	2025-12-17 17:49:41	1	1	15	0
        116790	2025-12-17 17:51:56	1	1	15	0
        110064	2025-12-17 18:01:03	1	1	15	0
        117092	2025-12-17 18:02:48	1	1	15	0
        116263	2025-12-17 18:03:35	1	1	15	0
        118083	2025-12-17 18:03:39	1	1	15	0
        118500	2025-12-17 18:07:28	1	1	15	0
        118801	2025-12-17 18:25:11	1	1	15	0
        118585	2025-12-17 18:28:34	1	1	15	0
        116738	2025-12-17 18:46:42	1	1	15	0
        110124	2025-12-17 18:48:48	1	1	15	0
        117775	2025-12-17 18:49:05	1	1	15	0
        116511	2025-12-17 18:49:10	1	1	15	0
        116476	2025-12-17 18:58:25	1	1	15	0
           215	2025-12-17 19:04:09	1	1	15	0
        119117	2025-12-17 19:08:16	1	1	1	0
        119392	2025-12-17 19:09:51	1	1	15	0
        119376	2025-12-17 19:10:08	1	1	15	0
        117656	2025-12-17 19:14:11	1	1	15	0
        119406	2025-12-17 19:18:39	1	1	15	0
        110068	2025-12-17 19:18:47	1	1	1	0
        117518	2025-12-17 20:01:03	1	1	15	0
           261	2025-12-17 20:04:39	1	1	15	0
        118509	2025-12-17 20:19:38	1	1	15	0
        117090	2025-12-17 21:45:05	1	1	15	0
        110498	2025-12-18 05:40:59	1	0	15	0
        118548	2025-12-18 06:25:12	1	0	15	0
        117775	2025-12-18 06:37:09	1	0	15	0
        118301	2025-12-18 06:59:18	1	0	15	0
        118566	2025-12-18 07:09:20	1	0	15	0
        116790	2025-12-18 07:16:08	1	0	15	0
           260	2025-12-18 07:18:29	1	0	15	0
        118160	2025-12-18 07:23:28	1	0	15	0
           261	2025-12-18 07:31:50	1	0	15	0
        117631	2025-12-18 07:36:56	1	0	15	0
        117656	2025-12-18 07:50:20	1	0	15	0
        117727	2025-12-18 07:53:12	1	0	15	0
           257	2025-12-18 07:54:47	1	0	15	0
        118509	2025-12-18 07:57:18	1	0	15	0
           215	2025-12-18 07:58:17	1	0	15	0
        110068	2025-12-18 07:58:26	1	0	1	0
        118251	2025-12-18 08:01:17	1	0	1	0
        119117	2025-12-18 08:01:51	1	0	1	0
        116825	2025-12-18 08:05:16	1	0	15	0
        116263	2025-12-18 08:07:02	1	0	15	0
        118398	2025-12-18 08:08:23	1	0	15	0
        117518	2025-12-18 08:09:00	1	0	15	0
        116844	2025-12-18 08:10:50	1	0	15	0
        116192	2025-12-18 08:11:34	1	0	15	0
        110188	2025-12-18 08:13:20	1	0	15	0
        119077	2025-12-18 08:15:35	1	0	15	0
        118298	2025-12-18 08:17:27	1	0	1	0
        118143	2025-12-18 08:27:33	1	0	15	0
        110064	2025-12-18 08:28:03	1	0	15	0
        116509	2025-12-18 08:31:36	1	0	15	0
        117090	2025-12-18 08:32:28	1	0	15	0
        117242	2025-12-18 08:32:34	1	0	1	0
        116712	2025-12-18 08:42:59	1	0	15	0
        110124	2025-12-18 08:46:11	1	0	15	0
        116738	2025-12-18 08:47:26	1	0	15	0
        116476	2025-12-18 08:49:08	1	0	15	0
        116466	2025-12-18 08:52:55	1	0	1	0
        118801	2025-12-18 08:53:01	1	0	15	0
        119392	2025-12-18 08:54:24	1	0	15	0
        119443	2025-12-18 08:54:28	1	0	15	0
        116487	2025-12-18 08:59:09	1	0	15	0
        116953	2025-12-18 08:59:47	1	0	15	0
        116511	2025-12-18 09:00:18	1	0	15	0
        110045	2025-12-18 09:03:51	1	0	15	0
        116434	2025-12-18 09:09:23	1	0	1	0
        118585	2025-12-18 09:34:11	1	0	15	0
        118500	2025-12-18 09:41:49	1	0	15	0
        116152	2025-12-18 10:05:44	1	0	15	0
        117274	2025-12-18 10:09:31	1	0	15	0
           215	2025-12-18 12:00:05	1	2	15	0
        116825	2025-12-18 12:00:35	1	2	15	0
        117631	2025-12-18 12:00:39	1	2	15	0
        119117	2025-12-18 12:01:00	1	2	1	0
        116466	2025-12-18 12:01:20	1	2	1	0
        116192	2025-12-18 12:01:26	1	2	15	0
        116953	2025-12-18 12:02:07	1	2	15	0
        116152	2025-12-18 12:02:47	1	2	15	0
        117775	2025-12-18 12:03:12	1	2	15	0
        110064	2025-12-18 12:03:37	1	2	15	0
           215	2025-12-18 12:03:43	1	2	15	0
        118566	2025-12-18 12:03:50	1	2	15	0
        110124	2025-12-18 12:04:05	1	2	15	0
        117631	2025-12-18 12:04:29	1	2	15	0
        116192	2025-12-18 12:04:38	1	2	15	0
        119117	2025-12-18 12:04:48	1	2	1	0
        116953	2025-12-18 12:05:32	1	2	15	0
        110045	2025-12-18 12:05:42	1	2	15	0
        116152	2025-12-18 12:05:52	1	2	15	0
        116511	2025-12-18 12:06:24	1	2	15	0
        118301	2025-12-18 12:06:44	1	2	15	0
        110064	2025-12-18 12:07:27	1	2	15	0
        118566	2025-12-18 12:08:07	1	2	15	0
        119443	2025-12-18 12:08:28	1	2	15	0
        118251	2025-12-18 12:08:31	1	2	1	0
        117090	2025-12-18 12:08:37	1	2	15	0
        116263	2025-12-18 12:08:41	1	2	15	0
        118509	2025-12-18 12:09:47	1	2	15	0
        118548	2025-12-18 12:09:51	1	2	15	0
        119525	2025-12-18 12:09:55	1	2	15	0
        110068	2025-12-18 12:10:04	1	2	1	0
        116825	2025-12-18 12:11:06	1	2	15	0
        110188	2025-12-18 12:11:23	1	2	15	0
        117775	2025-12-18 12:11:44	1	2	15	0
        110045	2025-12-18 12:11:51	1	2	15	0
        116712	2025-12-18 12:12:04	1	2	15	0
        117090	2025-12-18 12:12:12	1	2	15	0
        118251	2025-12-18 12:12:24	1	2	1	0
        116263	2025-12-18 12:12:31	1	2	15	0
        119443	2025-12-18 12:12:34	1	2	15	0
        110068	2025-12-18 12:14:10	1	2	1	0
        118509	2025-12-18 12:14:16	1	2	15	0
        118548	2025-12-18 12:14:23	1	2	15	0
        118301	2025-12-18 12:14:29	1	2	15	0
        118398	2025-12-18 12:14:50	1	2	15	0
        118160	2025-12-18 12:15:36	1	2	15	0
        110188	2025-12-18 12:16:09	1	2	15	0
        117977	2025-12-18 12:16:15	1	2	15	0
        118160	2025-12-18 12:17:15	1	2	15	0
        116738	2025-12-18 12:17:58	1	2	15	0
        116790	2025-12-18 12:18:48	1	2	15	0
        117518	2025-12-18 12:19:55	1	2	15	0
        117727	2025-12-18 12:20:25	1	2	15	0
        116476	2025-12-18 12:23:57	1	2	15	0
        117518	2025-12-18 12:24:19	1	2	15	0
        110124	2025-12-18 12:24:50	1	2	15	0
        116712	2025-12-18 12:26:03	1	2	15	0
        116790	2025-12-18 12:27:27	1	2	15	0
        116738	2025-12-18 12:28:04	1	2	15	0
        118398	2025-12-18 12:29:40	1	2	15	0
        118407	2025-12-18 12:32:00	1	3	15	0
        118801	2025-12-18 12:33:21	1	3	15	0
        117185	2025-12-18 12:33:58	1	3	15	0
        116476	2025-12-18 12:34:09	1	3	15	0
        116466	2025-12-18 12:34:15	1	3	1	0
        118298	2025-12-18 12:34:22	1	3	1	0
        116434	2025-12-18 12:34:27	1	3	1	0
        117727	2025-12-18 12:34:33	1	3	15	0
        116509	2025-12-18 12:34:39	1	3	15	0
        110498	2025-12-18 12:35:35	1	3	15	0
        117274	2025-12-18 12:36:24	1	3	15	0
        118143	2025-12-18 12:38:12	1	3	15	0
        117274	2025-12-18 12:40:18	1	3	15	0
        118143	2025-12-18 12:40:26	1	3	15	0
        118500	2025-12-18 12:44:48	1	3	15	0
        118500	2025-12-18 12:49:18	1	3	15	0
        116487	2025-12-18 12:49:43	1	3	15	0
        119077	2025-12-18 12:49:47	1	3	15	0
        116434	2025-12-18 12:50:13	1	3	1	0
        116509	2025-12-18 12:50:20	1	3	15	0
        118298	2025-12-18 12:50:25	1	3	1	0
        116511	2025-12-18 12:50:31	1	3	15	0
        118801	2025-12-18 12:50:48	1	3	15	0
        116487	2025-12-18 12:51:07	1	3	15	0
        119077	2025-12-18 12:51:11	1	3	15	0
        117185	2025-12-18 12:51:53	1	3	15	0
        110498	2025-12-18 12:52:24	1	3	15	0
        119392	2025-12-18 12:53:25	1	3	15	0
        118585	2025-12-18 12:54:06	1	3	15	0
        118585	2025-12-18 12:56:15	1	3	15	0
        119392	2025-12-18 12:56:41	1	3	15	0
        117977	2025-12-18 16:19:46	1	1	15	0
        116825	2025-12-18 16:35:01	1	1	15	0
        118548	2025-12-18 16:46:55	1	1	15	0
        110068	2025-12-18 16:47:00	1	1	1	0
        117631	2025-12-18 17:10:55	1	1	15	0
        118301	2025-12-18 17:12:33	1	1	15	0
        117185	2025-12-18 17:22:15	1	1	15	0
        110498	2025-12-18 17:25:48	1	1	15	0
        119077	2025-12-18 17:26:06	1	1	15	0
        118298	2025-12-18 17:33:13	1	1	1	0
        117242	2025-12-18 17:41:31	1	1	1	0
        116466	2025-12-18 17:51:04	1	1	1	0
        116712	2025-12-18 17:51:46	1	1	15	0
        118251	2025-12-18 17:57:22	1	1	15	0
        116192	2025-12-18 17:58:39	1	1	15	0
        117727	2025-12-18 17:59:01	1	1	15	0
        110045	2025-12-18 17:59:28	1	1	15	0
        118801	2025-12-18 18:00:05	1	1	15	0
        118407	2025-12-18 18:01:30	1	1	15	0
        117687	2025-12-18 18:02:05	1	1	15	0
        110064	2025-12-18 18:02:18	1	1	15	0
        119117	2025-12-18 18:06:52	1	1	1	0
        118398	2025-12-18 18:07:30	1	1	15	0
        116509	2025-12-18 18:07:34	1	1	15	0
        116434	2025-12-18 18:09:03	1	1	1	0
        118585	2025-12-18 18:11:43	1	1	15	0
        116738	2025-12-18 18:27:32	1	1	15	0
        116844	2025-12-18 18:32:19	1	1	15	0
        110188	2025-12-18 18:34:36	1	1	15	0
        116476	2025-12-18 18:43:01	1	1	15	0
        116152	2025-12-18 18:43:38	1	1	15	0
        117656	2025-12-18 18:45:49	1	1	15	0
        118160	2025-12-18 18:48:24	1	1	15	0
        117274	2025-12-18 18:51:49	1	1	15	0
        116790	2025-12-18 18:53:26	1	1	15	0
        116263	2025-12-18 18:54:33	1	1	15	0
        119443	2025-12-18 18:54:37	1	1	15	0
        116007	2025-12-18 18:54:42	1	1	1	0
        118143	2025-12-18 18:55:53	1	1	15	0
        119392	2025-12-18 18:56:01	1	1	15	0
           215	2025-12-18 19:02:52	1	1	15	0
        118509	2025-12-18 19:06:44	1	1	15	0
        116487	2025-12-18 19:08:42	1	1	15	0
           261	2025-12-18 19:13:09	1	1	15	0
        118500	2025-12-18 19:15:00	1	1	15	0
        118566	2025-12-18 19:21:39	1	1	15	0
        116511	2025-12-18 19:28:55	1	1	15	0
        117775	2025-12-18 19:29:04	1	1	15	0
        110124	2025-12-18 19:29:13	1	1	15	0
        117518	2025-12-18 20:03:18	1	1	15	0
        117090	2025-12-18 20:03:21	1	1	15	0
        118326	2025-12-19 06:36:09	1	0	15	0
        116953	2025-12-19 06:49:16	1	0	15	0
        110498	2025-12-19 06:58:10	1	0	15	0
        119206	2025-12-19 07:17:07	1	0	15	0
        116825	2025-12-19 07:27:00	1	0	15	0
        118160	2025-12-19 07:27:35	1	0	15	0
        119393	2025-12-19 07:28:50	1	0	15	0
        118301	2025-12-19 07:29:47	1	0	15	0
        117631	2025-12-19 07:33:43	1	0	15	0
        117185	2025-12-19 07:41:39	1	0	15	0
        117727	2025-12-19 07:43:28	1	0	15	0
        118407	2025-12-19 07:45:58	1	0	15	0
           215	2025-12-19 07:46:32	1	0	15	0
        116487	2025-12-19 07:48:19	1	0	15	0
           261	2025-12-19 07:49:48	1	0	15	0
        118509	2025-12-19 07:53:23	1	0	15	0
           257	2025-12-19 07:53:53	1	0	15	0
        116007	2025-12-19 07:55:07	1	0	1	0
        116192	2025-12-19 07:58:21	1	0	15	0
        117518	2025-12-19 07:59:24	1	0	15	0
        119117	2025-12-19 07:59:30	1	0	1	0
        116509	2025-12-19 08:01:42	1	0	15	0
        116790	2025-12-19 08:03:07	1	0	15	0
        117656	2025-12-19 08:07:54	1	0	15	0
        117775	2025-12-19 08:10:22	1	0	15	0
        116844	2025-12-19 08:10:27	1	0	15	0
        118083	2025-12-19 08:13:30	1	0	15	0
        110046	2025-12-19 08:14:24	1	0	15	0
        119077	2025-12-19 08:17:34	1	0	15	0
        116712	2025-12-19 08:18:27	1	0	15	0
        110064	2025-12-19 08:18:34	1	0	15	0
        116096	2025-12-19 08:20:02	1	0	15	0
        110188	2025-12-19 08:20:14	1	0	15	0
        110124	2025-12-19 08:21:01	1	0	15	0
        110045	2025-12-19 08:26:03	1	0	15	0
        116263	2025-12-19 08:27:54	1	0	15	0
        110498	2025-12-19 08:28:56	1	0	15	0
        118398	2025-12-19 08:32:54	1	0	15	0
        119406	2025-12-19 08:35:00	1	0	15	0
        119443	2025-12-19 08:35:04	1	0	15	0
        116738	2025-12-19 08:37:49	1	0	15	0
        116152	2025-12-19 08:41:58	1	0	15	0
        117242	2025-12-19 08:43:46	1	0	1	0
        117090	2025-12-19 08:45:32	1	0	15	0
        110477	2025-12-19 08:47:37	1	0	15	0
        119392	2025-12-19 08:48:50	1	0	15	0
        118548	2025-12-19 08:49:16	1	0	15	0
        110068	2025-12-19 08:52:18	1	0	1	0
        118801	2025-12-19 08:54:10	1	0	15	0
        118143	2025-12-19 08:58:45	1	0	15	0
        117687	2025-12-19 08:59:57	1	0	15	0
        118585	2025-12-19 09:13:18	1	0	15	0
        116476	2025-12-19 09:25:55	1	0	15	0
        118500	2025-12-19 09:26:01	1	0	15	0
        118566	2025-12-19 09:55:46	1	0	15	0
        117274	2025-12-19 09:56:33	1	0	15	0
        116829	2025-12-19 10:01:11	1	0	1	0
        118500	2025-12-19 12:00:29	1	2	15	0
        117518	2025-12-19 12:00:33	1	2	15	0
           215	2025-12-19 12:00:38	1	2	15	0
        117775	2025-12-19 12:01:03	1	2	15	0
        118301	2025-12-19 12:01:08	1	2	15	0
        116152	2025-12-19 12:01:20	1	2	15	0
        117185	2025-12-19 12:01:24	1	2	15	0
        117090	2025-12-19 12:01:35	1	2	15	0
        118548	2025-12-19 12:01:40	1	2	15	0
        116509	2025-12-19 12:01:45	1	2	15	0
        110068	2025-12-19 12:01:48	1	2	1	0
        119206	2025-12-19 12:01:54	1	2	15	0
        119117	2025-12-19 12:01:57	1	2	1	0
        116271	2025-12-19 12:02:06	1	2	15	0
        116953	2025-12-19 12:02:17	1	2	15	0
        116487	2025-12-19 12:02:40	1	2	15	0
        110045	2025-12-19 12:03:10	1	2	15	0
        118509	2025-12-19 12:03:52	1	2	15	0
        118500	2025-12-19 12:04:02	1	2	15	0
        116825	2025-12-19 12:04:06	1	2	15	0
        117518	2025-12-19 12:04:10	1	2	15	0
        119206	2025-12-19 12:04:15	1	2	15	0
        118301	2025-12-19 12:04:22	1	2	15	0
        117242	2025-12-19 12:04:27	1	2	1	0
        116487	2025-12-19 12:04:59	1	2	15	0
        116953	2025-12-19 12:05:16	1	2	15	0
        118083	2025-12-19 12:05:21	1	2	15	0
        119077	2025-12-19 12:05:26	1	2	15	0
           215	2025-12-19 12:05:32	1	2	15	0
        116825	2025-12-19 12:05:50	1	2	15	0
        110477	2025-12-19 12:05:56	1	2	15	0
        116271	2025-12-19 12:06:14	1	2	15	0
        117090	2025-12-19 12:06:42	1	2	15	0
        116152	2025-12-19 12:06:48	1	2	15	0
        119117	2025-12-19 12:06:54	1	2	1	0
        116192	2025-12-19 12:07:00	1	2	15	0
        117631	2025-12-19 12:07:05	1	2	15	0
        118509	2025-12-19 12:07:09	1	2	15	0
        110068	2025-12-19 12:07:14	1	2	1	0
        119077	2025-12-19 12:07:20	1	2	15	0
        118548	2025-12-19 12:07:31	1	2	15	0
        116263	2025-12-19 12:07:43	1	2	15	0
        119393	2025-12-19 12:07:47	1	2	15	0
        119443	2025-12-19 12:07:52	1	2	15	0
        118398	2025-12-19 12:07:56	1	2	15	0
        116738	2025-12-19 12:08:01	1	2	15	0
        117242	2025-12-19 12:08:48	1	2	1	0
        110124	2025-12-19 12:09:01	1	2	15	0
        118801	2025-12-19 12:09:06	1	2	15	0
        116509	2025-12-19 12:09:11	1	2	15	0
        110046	2025-12-19 12:09:17	1	2	15	0
        118160	2025-12-19 12:09:22	1	2	15	0
        117631	2025-12-19 12:09:29	1	2	15	0
        110045	2025-12-19 12:09:33	1	2	15	0
        116192	2025-12-19 12:09:38	1	2	15	0
        116844	2025-12-19 12:09:41	1	2	15	0
        118083	2025-12-19 12:09:57	1	2	15	0
        116096	2025-12-19 12:10:41	1	2	15	0
        117274	2025-12-19 12:10:59	1	2	15	0
        118160	2025-12-19 12:11:02	1	2	15	0
        116712	2025-12-19 12:11:08	1	2	15	0
        116829	2025-12-19 12:11:15	1	2	15	0
        110477	2025-12-19 12:11:25	1	2	15	0
        119406	2025-12-19 12:12:19	1	2	15	0
        118566	2025-12-19 12:13:07	1	2	15	0
        116829	2025-12-19 12:14:11	1	2	15	0
        117274	2025-12-19 12:14:18	1	2	15	0
        116096	2025-12-19 12:14:21	1	2	15	0
        116712	2025-12-19 12:14:44	1	2	15	0
        116844	2025-12-19 12:15:44	1	2	15	0
        119393	2025-12-19 12:15:51	1	2	15	0
        116263	2025-12-19 12:15:55	1	2	15	0
        119443	2025-12-19 12:16:01	1	2	15	0
        118398	2025-12-19 12:16:07	1	2	15	0
        119406	2025-12-19 12:16:25	1	2	15	0
        110046	2025-12-19 12:17:40	1	2	15	0
        110124	2025-12-19 12:17:51	1	2	15	0
        118585	2025-12-19 12:18:41	1	2	15	0
        117775	2025-12-19 12:19:43	1	2	15	0
        118585	2025-12-19 12:19:49	1	2	15	0
        110064	2025-12-19 12:23:31	1	2	15	0
        118326	2025-12-19 12:23:41	1	2	15	0
        118566	2025-12-19 12:24:20	1	2	15	0
        110064	2025-12-19 12:25:36	1	2	15	0
        118326	2025-12-19 12:25:42	1	2	15	0
        118407	2025-12-19 12:26:19	1	2	15	0
        110188	2025-12-19 12:26:24	1	2	15	0
        117656	2025-12-19 12:26:29	1	2	15	0
        117471	2025-12-19 12:26:32	1	2	15	0
        110188	2025-12-19 12:30:01	1	2	15	0
        117656	2025-12-19 12:30:05	1	2	15	0
        116738	2025-12-19 12:30:13	1	2	15	0
        116476	2025-12-19 12:31:42	1	3	15	0
        118801	2025-12-19 12:32:45	1	3	15	0
        118407	2025-12-19 12:38:47	1	3	15	0
        117185	2025-12-19 12:41:48	1	3	15	0
        116476	2025-12-19 12:44:08	1	3	15	0
        117687	2025-12-19 12:46:56	1	3	15	0
           261	2025-12-19 12:49:19	1	3	15	0
        117687	2025-12-19 12:51:03	1	3	15	0
        119392	2025-12-19 12:52:40	1	3	15	0
        118143	2025-12-19 12:54:25	1	3	15	0
        119392	2025-12-19 12:55:41	1	3	15	0
        118143	2025-12-19 12:57:46	1	3	15	0
        116192	2025-12-19 15:45:18	1	3	15	0
        118326	2025-12-19 16:19:19	1	1	15	0
        117185	2025-12-19 16:33:55	1	1	15	0
        119206	2025-12-19 16:50:25	1	1	15	0
        118407	2025-12-19 17:01:51	1	1	15	0
        118301	2025-12-19 17:08:33	1	1	15	0
        118566	2025-12-19 17:16:22	1	1	15	0
        110064	2025-12-19 17:18:00	1	1	15	0
        116825	2025-12-19 17:21:42	1	1	15	0
        119077	2025-12-19 17:26:20	1	1	15	0
        116096	2025-12-19 17:27:45	1	1	15	0
        117727	2025-12-19 17:37:03	1	1	15	0
        110188	2025-12-19 17:41:57	1	1	15	0
        110046	2025-12-19 17:42:44	1	1	15	0
        110045	2025-12-19 17:44:51	1	1	15	0
        118160	2025-12-19 17:49:33	1	1	15	0
        110477	2025-12-19 17:57:45	1	1	15	0
        116953	2025-12-19 17:58:58	1	1	15	0
        118801	2025-12-19 18:02:55	1	1	15	0
        116844	2025-12-19 18:03:38	1	1	15	0
        117656	2025-12-19 18:04:14	1	1	15	0
        118083	2025-12-19 18:14:07	1	1	15	0
        116829	2025-12-19 18:20:38	1	1	15	0
        116509	2025-12-19 18:21:41	1	1	15	0
        116738	2025-12-19 18:22:56	1	1	15	0
        117687	2025-12-19 18:24:04	1	1	15	0
        118509	2025-12-19 18:25:41	1	1	15	0
        118585	2025-12-19 18:31:24	1	1	15	0
        118500	2025-12-19 18:42:41	1	1	15	0
        117242	2025-12-19 18:44:36	1	1	1	0
           215	2025-12-19 19:00:53	1	1	15	0
        119117	2025-12-19 19:02:59	1	1	15	0
        117775	2025-12-19 19:05:20	1	1	15	0
        119443	2025-12-19 19:07:21	1	1	15	0
        119393	2025-12-19 19:07:24	1	1	15	0
        118398	2025-12-19 19:07:29	1	1	15	0
        116487	2025-12-19 19:11:55	1	1	15	0
        116263	2025-12-19 19:13:37	1	1	15	0
        117460	2025-12-19 19:13:39	1	1	15	0
        117090	2025-12-19 19:13:45	1	1	15	0
        119392	2025-12-19 19:17:30	1	1	15	0
        119406	2025-12-19 19:19:33	1	1	15	0
        110068	2025-12-19 19:38:32	1	1	1	0
        117631	2025-12-19 19:38:50	1	1	15	0
        116152	2025-12-19 19:54:05	1	1	15	0
        117518	2025-12-19 20:01:50	1	1	15	0
           261	2025-12-19 20:02:50	1	1	15	0
        110124	2025-12-19 20:14:27	1	1	15	0
        118548	2025-12-19 20:25:58	1	1	15	0
        117274	2025-12-19 20:41:27	1	1	15	0
        118143	2025-12-19 21:34:11	1	1	15	0
        118548	2025-12-20 07:33:04	1	0	15	0
        110068	2025-12-20 07:43:22	1	0	1	0
           215	2025-12-20 08:03:07	1	0	15	0
           261	2025-12-20 08:16:28	1	0	15	0
        119376	2025-12-20 08:51:14	1	0	15	0
        118160	2025-12-20 08:53:50	1	0	15	0
        119117	2025-12-20 08:55:51	1	0	1	0
        117518	2025-12-20 09:10:17	1	0	15	0
        118509	2025-12-20 09:59:10	1	0	15	0
        116263	2025-12-20 10:18:25	1	0	15	0
        116844	2025-12-20 10:19:11	1	0	15	0
        117090	2025-12-20 11:06:29	1	0	15	0
        119406	2025-12-20 11:29:49	1	0	15	0
        119077	2025-12-20 11:55:29	1	0	15	0
        118398	2025-12-20 12:06:35	1	2	15	0
        119376	2025-12-20 12:06:40	1	2	15	0
        116263	2025-12-20 12:06:43	1	2	15	0
        118160	2025-12-20 12:09:11	1	2	15	0
        119117	2025-12-20 12:09:59	1	2	1	0
           215	2025-12-20 12:11:39	1	2	15	0
        119376	2025-12-20 12:11:57	1	2	15	0
        116263	2025-12-20 12:12:02	1	2	15	0
        118160	2025-12-20 12:12:15	1	2	15	0
        119077	2025-12-20 12:12:40	1	2	15	0
        117090	2025-12-20 12:13:16	1	2	15	0
           215	2025-12-20 12:14:13	1	2	15	0
        119077	2025-12-20 12:14:22	1	2	15	0
        110068	2025-12-20 12:14:33	1	2	1	0
        118548	2025-12-20 12:14:40	1	2	15	0
        117090	2025-12-20 12:16:13	1	2	15	0
        119406	2025-12-20 12:16:55	1	2	15	0
        110068	2025-12-20 12:17:37	1	2	1	0
        118548	2025-12-20 12:17:43	1	2	15	0
        119117	2025-12-20 12:18:20	1	2	1	0
        119406	2025-12-20 12:22:17	1	2	15	0
        116844	2025-12-20 12:29:13	1	2	15	0
        116844	2025-12-20 12:33:23	1	3	15	0
        118509	2025-12-20 12:36:37	1	3	15	0
        117518	2025-12-20 12:39:03	1	3	15	0
        118509	2025-12-20 12:47:20	1	3	15	0
        117518	2025-12-20 12:47:25	1	3	15	0
        118143	2025-12-20 13:29:19	1	3	15	0
        116844	2025-12-20 13:47:43	1	3	15	0
        119077	2025-12-20 15:33:15	1	3	15	0
        117727	2025-12-20 15:38:27	1	3	15	0
        118160	2025-12-20 16:19:27	1	1	15	0
        119393	2025-12-20 16:19:56	1	1	15	0
        116263	2025-12-20 16:20:03	1	1	15	0
        118548	2025-12-20 16:22:13	1	1	15	0
        110068	2025-12-20 16:22:37	1	1	1	0
        118398	2025-12-20 16:38:04	1	1	15	0
        119117	2025-12-20 16:43:44	1	1	1	0
        117518	2025-12-20 17:01:35	1	1	15	0
        119376	2025-12-20 17:01:39	1	1	15	0
        118509	2025-12-20 17:19:23	1	1	15	0
        117090	2025-12-20 17:19:27	1	1	15	0
           215	2025-12-20 17:22:18	1	1	15	0
        117727	2025-12-20 17:56:06	1	1	15	0
           261	2025-12-20 19:36:42	1	1	15	0
        118143	2025-12-20 20:19:32	1	1	15	0
        119406	2025-12-20 20:19:37	1	1	15	0
           215	2025-12-21 07:36:34	1	0	15	0
        117518	2025-12-21 08:26:59	1	0	15	0
        117090	2025-12-21 09:21:08	1	0	15	0
           215	2025-12-21 12:00:03	1	2	15	0
           215	2025-12-21 12:04:10	1	2	15	0
        118143	2025-12-21 12:21:22	1	2	15	0
        117090	2025-12-21 12:34:35	1	3	15	0
        117090	2025-12-21 12:37:38	1	3	15	0
        117518	2025-12-21 12:51:27	1	3	15	0
        117090	2025-12-21 12:53:57	1	3	15	0
        117518	2025-12-21 12:55:08	1	3	15	0
        118509	2025-12-21 14:02:57	1	3	15	0
        117518	2025-12-21 17:01:20	1	1	15	0
           215	2025-12-21 17:04:16	1	1	15	0
        118509	2025-12-21 17:20:05	1	1	15	0
        118143	2025-12-21 18:49:39	1	1	15	0
        118326	2025-12-22 06:38:56	1	0	15	0
        116953	2025-12-22 06:44:02	1	0	15	0
        119406	2025-12-22 06:55:10	1	0	15	0
        118406	2025-12-22 06:57:06	1	0	15	0
        117631	2025-12-22 07:02:00	1	0	15	0
        110498	2025-12-22 07:05:08	1	0	15	0
           261	2025-12-22 07:05:19	1	0	15	0
        116825	2025-12-22 07:19:47	1	0	15	0
        117727	2025-12-22 07:21:20	1	0	15	0
        117398	2025-12-22 07:28:22	1	0	15	0
        116790	2025-12-22 07:28:29	1	0	15	0
        116466	2025-12-22 07:28:43	1	0	1	0
        116829	2025-12-22 07:29:01	1	0	15	0
        118548	2025-12-22 07:29:43	1	0	15	0
        117242	2025-12-22 07:32:42	1	0	1	0
        118301	2025-12-22 07:36:57	1	0	15	0
        116152	2025-12-22 07:39:47	1	0	15	0
        110477	2025-12-22 07:41:13	1	0	15	0
        117656	2025-12-22 07:42:13	1	0	15	0
        118398	2025-12-22 07:42:17	1	0	15	0
        117090	2025-12-22 07:44:49	1	0	15	0
        110124	2025-12-22 07:47:28	1	0	15	0
        119376	2025-12-22 07:47:57	1	0	15	0
        118509	2025-12-22 07:49:18	1	0	15	0
        110068	2025-12-22 07:50:07	1	0	1	0
        119206	2025-12-22 07:50:12	1	0	15	0
        116434	2025-12-22 07:52:14	1	0	1	0
        116476	2025-12-22 07:53:53	1	0	15	0
        117185	2025-12-22 07:53:58	1	0	15	0
           215	2025-12-22 07:54:03	1	0	15	0
        116487	2025-12-22 07:54:07	1	0	15	0
        110188	2025-12-22 07:54:12	1	0	15	0
           257	2025-12-22 07:54:24	1	0	15	0
        119393	2025-12-22 07:55:41	1	0	15	0
        117518	2025-12-22 07:55:47	1	0	15	0
        119117	2025-12-22 07:55:53	1	0	1	0
        116844	2025-12-22 07:56:26	1	0	15	0
        117092	2025-12-22 07:57:10	1	0	15	0
        118251	2025-12-22 07:59:06	1	0	15	0
        118585	2025-12-22 08:05:31	1	0	15	0
        118760	2025-12-22 08:05:35	1	0	15	0
        116738	2025-12-22 08:05:42	1	0	15	0
        119077	2025-12-22 08:06:24	1	0	15	0
        116096	2025-12-22 08:06:35	1	0	15	0
        116192	2025-12-22 08:08:03	1	0	15	0
        116712	2025-12-22 08:10:19	1	0	15	0
        110046	2025-12-22 08:14:05	1	0	15	0
        110064	2025-12-22 08:14:19	1	0	15	0
        110045	2025-12-22 08:26:47	1	0	15	0
        118083	2025-12-22 08:27:10	1	0	15	0
        117977	2025-12-22 08:27:19	1	0	15	0
        118801	2025-12-22 08:28:47	1	0	15	0
        116511	2025-12-22 08:32:44	1	0	15	0
        118143	2025-12-22 08:34:08	1	0	15	0
        116263	2025-12-22 08:40:46	1	0	15	0
        119392	2025-12-22 09:23:22	1	0	15	0
        118083	2025-12-22 12:00:24	1	2	15	0
        117090	2025-12-22 12:00:44	1	2	15	0
        116263	2025-12-22 12:00:48	1	2	15	0
        117775	2025-12-22 12:00:53	1	2	15	0
        116434	2025-12-22 12:01:11	1	2	1	0
        116953	2025-12-22 12:01:22	1	2	15	0
        116790	2025-12-22 12:01:26	1	2	15	0
        119206	2025-12-22 12:01:30	1	2	15	0
        116192	2025-12-22 12:02:18	1	2	15	0
        117631	2025-12-22 12:02:22	1	2	15	0
        118143	2025-12-22 12:02:27	1	2	15	0
        119406	2025-12-22 12:02:33	1	2	15	0
           215	2025-12-22 12:02:40	1	2	15	0
        110064	2025-12-22 12:02:57	1	2	15	0
        110498	2025-12-22 12:03:18	1	2	15	0
        117090	2025-12-22 12:03:23	1	2	15	0
        116466	2025-12-22 12:03:29	1	2	1	0
        116953	2025-12-22 12:04:19	1	2	15	0
        118301	2025-12-22 12:04:24	1	2	15	0
        116790	2025-12-22 12:04:28	1	2	15	0
        117775	2025-12-22 12:04:32	1	2	15	0
        116434	2025-12-22 12:04:40	1	2	1	0
        119376	2025-12-22 12:04:48	1	2	15	0
        119206	2025-12-22 12:04:59	1	2	15	0
        118143	2025-12-22 12:05:10	1	2	15	0
        118326	2025-12-22 12:05:17	1	2	15	0
        119406	2025-12-22 12:05:25	1	2	15	0
        116192	2025-12-22 12:05:29	1	2	15	0
        116466	2025-12-22 12:05:39	1	2	1	0
        117631	2025-12-22 12:05:45	1	2	15	0
        117185	2025-12-22 12:05:50	1	2	15	0
        117727	2025-12-22 12:05:55	1	2	15	0
        118406	2025-12-22 12:06:01	1	2	15	0
           215	2025-12-22 12:06:06	1	2	15	0
        118548	2025-12-22 12:06:27	1	2	15	0
        119393	2025-12-22 12:06:46	1	2	15	0
        118509	2025-12-22 12:06:49	1	2	15	0
        118251	2025-12-22 12:06:53	1	2	15	0
        119376	2025-12-22 12:07:02	1	2	15	0
        118801	2025-12-22 12:07:09	1	2	15	0
        110064	2025-12-22 12:07:25	1	2	15	0
        118760	2025-12-22 12:07:29	1	2	15	0
        118326	2025-12-22 12:08:09	1	2	15	0
        117518	2025-12-22 12:08:54	1	2	15	0
        110068	2025-12-22 12:09:50	1	2	1	0
        118548	2025-12-22 12:09:57	1	2	15	0
        116738	2025-12-22 12:10:11	1	2	15	0
        116844	2025-12-22 12:10:16	1	2	15	0
        116476	2025-12-22 12:10:38	1	2	15	0
        110045	2025-12-22 12:11:34	1	2	15	0
        116152	2025-12-22 12:11:46	1	2	15	0
        118509	2025-12-22 12:12:05	1	2	15	0
        117518	2025-12-22 12:12:12	1	2	15	0
        118301	2025-12-22 12:13:23	1	2	15	0
        116096	2025-12-22 12:13:32	1	2	15	0
        110068	2025-12-22 12:14:19	1	2	1	0
        110045	2025-12-22 12:16:46	1	2	15	0
        116096	2025-12-22 12:16:49	1	2	15	0
        116152	2025-12-22 12:16:56	1	2	15	0
        116487	2025-12-22 12:17:14	1	2	15	0
        118760	2025-12-22 12:18:08	1	2	15	0
        118801	2025-12-22 12:18:52	1	2	15	0
        116712	2025-12-22 12:19:50	1	2	15	0
        118398	2025-12-22 12:20:14	1	2	15	0
        116487	2025-12-22 12:20:35	1	2	15	0
        116511	2025-12-22 12:21:32	1	2	15	0
        118398	2025-12-22 12:23:14	1	2	15	0
        116825	2025-12-22 12:24:29	1	2	15	0
        116844	2025-12-22 12:25:05	1	2	15	0
        119077	2025-12-22 12:25:56	1	2	15	0
        116263	2025-12-22 12:26:00	1	2	15	0
        118083	2025-12-22 12:26:03	1	2	15	0
        118251	2025-12-22 12:26:10	1	2	15	0
        116476	2025-12-22 12:26:44	1	2	15	0
        116511	2025-12-22 12:27:22	1	2	15	0
        119077	2025-12-22 12:27:59	1	2	15	0
        119393	2025-12-22 12:28:24	1	2	15	0
        116825	2025-12-22 12:28:34	1	2	15	0
        116738	2025-12-22 12:31:18	1	3	15	0
        110188	2025-12-22 12:32:48	1	3	15	0
        117656	2025-12-22 12:32:52	1	3	15	0
        110188	2025-12-22 12:38:03	1	3	15	0
        117656	2025-12-22 12:38:07	1	3	15	0
        117092	2025-12-22 12:38:19	1	3	15	0
        117092	2025-12-22 12:40:46	1	3	15	0
        119392	2025-12-22 12:48:25	1	3	15	0
        119392	2025-12-22 12:53:09	1	3	15	0
        118406	2025-12-22 12:55:58	1	3	15	0
        116712	2025-12-22 12:58:41	1	3	15	0
        110498	2025-12-22 14:05:18	1	3	15	0
        118326	2025-12-22 17:02:46	1	1	15	0
        116825	2025-12-22 17:03:53	1	1	15	0
        118301	2025-12-22 17:07:29	1	1	15	0
        118406	2025-12-22 17:09:16	1	1	15	0
        119206	2025-12-22 17:10:20	1	1	15	0
           215	2025-12-22 17:11:55	1	1	15	0
        116096	2025-12-22 17:12:09	1	1	15	0
        116466	2025-12-22 17:14:22	1	1	1	0
        118548	2025-12-22 17:14:44	1	1	15	0
        110498	2025-12-22 17:15:10	1	1	15	0
        117185	2025-12-22 17:20:15	1	1	15	0
        119077	2025-12-22 17:21:31	1	1	15	0
        116953	2025-12-22 17:26:53	1	1	15	0
        118398	2025-12-22 17:29:41	1	1	15	0
        118760	2025-12-22 17:30:36	1	1	15	0
        118251	2025-12-22 17:33:10	1	1	1	0
        118801	2025-12-22 17:37:58	1	1	15	0
        116712	2025-12-22 17:41:03	1	1	15	0
        116844	2025-12-22 17:42:29	1	1	15	0
        117775	2025-12-22 17:56:52	1	1	15	0
        116152	2025-12-22 17:56:56	1	1	15	0
        116738	2025-12-22 17:57:01	1	1	15	0
        117092	2025-12-22 18:07:27	1	1	15	0
        117398	2025-12-22 18:09:15	1	1	15	0
        116476	2025-12-22 18:10:41	1	1	15	0
        110188	2025-12-22 18:11:18	1	1	15	0
        118083	2025-12-22 18:19:04	1	1	15	0
        117631	2025-12-22 18:23:25	1	1	15	0
        116192	2025-12-22 18:23:28	1	1	15	0
        110046	2025-12-22 18:23:35	1	1	15	0
        116790	2025-12-22 18:42:43	1	1	15	0
        119376	2025-12-22 18:46:11	1	1	15	0
        119117	2025-12-22 18:51:15	1	1	1	0
        118585	2025-12-22 18:52:32	1	1	15	0
        119393	2025-12-22 19:01:37	1	1	15	0
        117727	2025-12-22 19:31:05	1	1	15	0
        110064	2025-12-22 19:33:00	1	1	15	0
        119392	2025-12-22 19:43:43	1	1	15	0
        119406	2025-12-22 20:00:21	1	1	15	0
        116487	2025-12-22 20:39:16	1	1	15	0
        117090	2025-12-22 21:00:02	1	1	15	0
        110124	2025-12-22 21:19:03	1	1	15	0
        116511	2025-12-22 21:19:09	1	1	15	0
        118509	2025-12-22 21:20:08	1	1	15	0
        110068	2025-12-22 21:20:14	1	1	1	0
        117656	2025-12-22 21:36:28	1	1	15	0
           261	2025-12-22 21:45:56	1	1	15	0
        117518	2025-12-22 21:47:24	1	1	15	0
        118143	2025-12-22 22:02:40	1	1	15	0
