        116834	2025-12-01 03:32:51	1	0	15	0
        117835	2025-12-01 03:39:38	1	0	15	0
        116831	2025-12-01 05:31:48	1	0	15	0
        119070	2025-12-01 06:20:55	1	0	15	0
        117711	2025-12-01 06:27:24	1	0	15	0
        118146	2025-12-01 06:30:26	1	0	15	0
        110088	2025-12-01 06:33:30	1	0	15	0
        118992	2025-12-01 06:37:13	1	0	15	0
        110158	2025-12-01 06:37:20	1	0	15	0
        116835	2025-12-01 06:42:29	1	0	15	0
        118369	2025-12-01 06:42:50	1	0	15	0
        116479	2025-12-01 06:44:31	1	0	15	0
        110051	2025-12-01 06:45:06	1	0	15	0
        118835	2025-12-01 06:46:39	1	0	15	0
        117704	2025-12-01 06:50:35	1	0	15	0
        118568	2025-12-01 06:55:24	1	0	15	0
        117337	2025-12-01 06:55:44	1	0	15	0
        110074	2025-12-01 06:55:54	1	0	15	0
        117833	2025-12-01 06:58:31	1	0	15	0
        116551	2025-12-01 07:01:34	1	0	15	0
        119107	2025-12-01 07:02:06	1	0	15	0
        117769	2025-12-01 07:08:24	1	0	15	0
        110473	2025-12-01 07:09:11	1	0	15	0
        119143	2025-12-01 07:10:34	1	0	15	0
        117147	2025-12-01 07:10:41	1	0	15	0
        117920	2025-12-01 07:11:19	1	0	15	0
        110418	2025-12-01 07:11:44	1	0	15	0
        117838	2025-12-01 07:12:03	1	0	15	0
        117156	2025-12-01 07:13:23	1	0	15	0
        117059	2025-12-01 07:13:56	1	0	15	0
        110378	2025-12-01 07:14:02	1	0	15	0
        118640	2025-12-01 07:14:49	1	0	15	0
        110173	2025-12-01 07:15:27	1	0	15	0
        118732	2025-12-01 07:15:56	1	0	15	0
        117059	2025-12-01 07:16:08	1	0	15	0
        117972	2025-12-01 07:16:45	1	0	15	0
        116799	2025-12-01 07:17:58	1	0	15	0
        110193	2025-12-01 07:18:21	1	0	15	0
        117121	2025-12-01 07:18:44	1	0	15	0
        110415	2025-12-01 07:21:38	1	0	15	0
        110357	2025-12-01 07:22:01	1	0	15	0
        117742	2025-12-01 07:22:10	1	0	15	0
        110358	2025-12-01 07:23:04	1	0	15	0
        119364	2025-12-01 07:23:45	1	0	15	0
        117966	2025-12-01 07:24:10	1	0	15	0
        110025	2025-12-01 07:25:05	1	0	15	0
        119602	2025-12-01 07:25:54	1	0	15	0
        110006	2025-12-01 07:26:39	1	0	15	0
        117103	2025-12-01 07:27:18	1	0	15	0
        116428	2025-12-01 07:29:04	1	0	15	0
        119272	2025-12-01 07:29:51	1	0	15	0
        117639	2025-12-01 07:30:19	1	0	15	0
        118455	2025-12-01 07:30:53	1	0	15	0
        117483	2025-12-01 07:31:22	1	0	15	0
        118157	2025-12-01 07:31:27	1	0	15	0
        119449	2025-12-01 07:31:39	1	0	15	0
        117733	2025-12-01 07:32:10	1	0	15	0
        118744	2025-12-01 07:32:17	1	0	15	0
        117699	2025-12-01 07:32:47	1	0	15	0
        110475	2025-12-01 07:34:59	1	0	15	0
        110393	2025-12-01 07:35:07	1	0	15	0
        117122	2025-12-01 07:35:12	1	0	15	0
        117219	2025-12-01 07:35:17	1	0	15	0
        110113	2025-12-01 07:35:55	1	0	15	0
        118043	2025-12-01 07:36:19	1	0	15	0
        119365	2025-12-01 07:36:56	1	0	15	0
        119263	2025-12-01 07:37:18	1	0	15	0
        116142	2025-12-01 07:38:16	1	0	15	0
        117770	2025-12-01 07:38:21	1	0	15	0
        117710	2025-12-01 07:38:52	1	0	15	0
        117921	2025-12-01 07:39:10	1	0	15	0
        118695	2025-12-01 07:39:20	1	0	15	0
        116504	2025-12-01 07:39:28	1	0	15	0
        116422	2025-12-01 07:39:30	1	0	15	0
        110466	2025-12-01 07:39:49	1	0	15	0
        117129	2025-12-01 07:39:55	1	0	15	0
        117814	2025-12-01 07:40:36	1	0	15	0
        110172	2025-12-01 07:41:16	1	0	15	0
        117133	2025-12-01 07:41:18	1	0	15	0
        116828	2025-12-01 07:42:16	1	0	1	0
        117713	2025-12-01 07:43:02	1	0	15	0
        117487	2025-12-01 07:44:00	1	0	15	0
        110355	2025-12-01 07:44:34	1	0	15	0
        110356	2025-12-01 07:44:46	1	0	15	0
        117993	2025-12-01 07:44:49	1	0	15	0
        110377	2025-12-01 07:45:03	1	0	15	0
        110011	2025-12-01 07:45:07	1	0	15	0
        117707	2025-12-01 07:45:10	1	0	15	0
        110070	2025-12-01 07:46:11	1	0	15	0
        117840	2025-12-01 07:46:44	1	0	15	0
        117543	2025-12-01 07:46:50	1	0	15	0
        116537	2025-12-01 07:46:56	1	0	15	0
        110367	2025-12-01 07:47:15	1	0	15	0
        119535	2025-12-01 07:47:22	1	0	15	0
        119453	2025-12-01 07:47:25	1	0	15	0
        110063	2025-12-01 07:47:38	1	0	15	0
        117616	2025-12-01 07:47:43	1	0	15	0
        117982	2025-12-01 07:47:46	1	0	15	0
        110083	2025-12-01 07:47:58	1	0	15	0
        110094	2025-12-01 07:48:20	1	0	15	0
        117692	2025-12-01 07:49:04	1	0	15	0
        117837	2025-12-01 07:49:18	1	0	15	0
        110482	2025-12-01 07:49:46	1	0	15	0
        118829	2025-12-01 07:49:50	1	0	15	0
        117497	2025-12-01 07:49:54	1	0	15	0
        116483	2025-12-01 07:50:00	1	0	15	0
        116356	2025-12-01 07:50:02	1	0	15	0
        110053	2025-12-01 07:50:14	1	0	15	0
        110329	2025-12-01 07:51:02	1	0	15	0
        117680	2025-12-01 07:51:08	1	0	15	0
        117991	2025-12-01 07:51:12	1	0	15	0
        110366	2025-12-01 07:51:15	1	0	15	0
        117697	2025-12-01 07:51:17	1	0	15	0
        119227	2025-12-01 07:51:33	1	0	15	0
        110128	2025-12-01 07:51:44	1	0	15	0
        116497	2025-12-01 07:51:46	1	0	15	0
        116072	2025-12-01 07:51:48	1	0	15	0
        117189	2025-12-01 07:51:56	1	0	15	0
        117591	2025-12-01 07:52:01	1	0	15	0
        117144	2025-12-01 07:52:10	1	0	15	0
        118761	2025-12-01 07:52:12	1	0	15	0
        117061	2025-12-01 07:52:14	1	0	15	0
        117981	2025-12-01 07:52:16	1	0	15	0
        117815	2025-12-01 07:52:27	1	0	15	0
        119232	2025-12-01 07:52:32	1	0	15	0
        110376	2025-12-01 07:53:32	1	0	15	0
        110200	2025-12-01 07:53:58	1	0	15	0
        117897	2025-12-01 07:54:02	1	0	15	0
        110354	2025-12-01 07:54:09	1	0	15	0
        117745	2025-12-01 07:54:14	1	0	15	0
        117839	2025-12-01 07:54:16	1	0	15	0
        117743	2025-12-01 07:54:18	1	0	15	0
        116990	2025-12-01 07:54:21	1	0	15	0
        117341	2025-12-01 07:54:28	1	0	15	0
        117542	2025-12-01 07:54:39	1	0	15	0
        117841	2025-12-01 07:55:09	1	0	15	0
        117659	2025-12-01 07:55:12	1	0	15	0
        116995	2025-12-01 07:55:29	1	0	15	0
        117997	2025-12-01 07:56:13	1	0	15	0
        117088	2025-12-01 07:56:18	1	0	15	0
        117634	2025-12-01 07:56:28	1	0	15	0
        117915	2025-12-01 07:56:29	1	0	15	0
        118953	2025-12-01 07:56:48	1	0	15	0
        117567	2025-12-01 07:56:53	1	0	15	0
        117850	2025-12-01 07:57:17	1	0	15	0
        110159	2025-12-01 07:57:28	1	0	15	0
        110368	2025-12-01 07:57:35	1	0	15	0
        119340	2025-12-01 07:57:49	1	0	15	0
        117930	2025-12-01 07:57:55	1	0	15	0
        110057	2025-12-01 07:58:00	1	0	15	0
        117632	2025-12-01 07:58:18	1	0	15	0
        116346	2025-12-01 07:58:29	1	0	15	0
        118782	2025-12-01 07:59:35	1	0	15	0
        119104	2025-12-01 07:59:43	1	0	15	0
        117259	2025-12-01 07:59:46	1	0	15	0
        110483	2025-12-01 08:00:03	1	0	15	0
        119583	2025-12-01 08:01:02	1	0	15	0
        116148	2025-12-01 08:01:05	1	0	15	0
        116496	2025-12-01 08:02:22	1	0	15	0
        117541	2025-12-01 08:02:33	1	0	15	0
        116426	2025-12-01 08:02:38	1	0	15	0
        110100	2025-12-01 08:04:27	1	0	15	0
        116805	2025-12-01 08:04:32	1	0	15	0
        117967	2025-12-01 08:04:40	1	0	15	0
        117120	2025-12-01 08:05:08	1	0	15	0
        118862	2025-12-01 08:05:47	1	0	15	0
        116933	2025-12-01 08:05:52	1	0	15	0
        117222	2025-12-01 08:06:20	1	0	15	0
        116512	2025-12-01 08:08:15	1	0	15	0
        116282	2025-12-01 08:08:15	1	0	15	0
        116493	2025-12-01 08:08:18	1	0	15	0
        116751	2025-12-01 08:08:26	1	0	15	0
        116914	2025-12-01 08:09:03	1	0	15	0
        110065	2025-12-01 08:10:07	1	0	15	0
        116383	2025-12-01 08:10:09	1	0	15	0
        117709	2025-12-01 08:10:51	1	0	15	0
        110055	2025-12-01 08:10:56	1	0	15	0
        110197	2025-12-01 08:11:01	1	0	15	0
        116747	2025-12-01 08:11:27	1	0	15	0
        110195	2025-12-01 08:13:25	1	0	15	0
        117849	2025-12-01 08:14:16	1	0	15	0
        116477	2025-12-01 08:14:21	1	0	15	0
        117725	2025-12-01 08:14:25	1	0	15	0
        117698	2025-12-01 08:14:26	1	0	15	0
        119493	2025-12-01 08:14:36	1	0	15	0
        110032	2025-12-01 08:14:48	1	0	15	0
        118584	2025-12-01 08:15:50	1	0	15	0
        117999	2025-12-01 08:16:07	1	0	15	0
        119386	2025-12-01 08:16:31	1	0	15	0
        110062	2025-12-01 08:16:34	1	0	15	0
        118563	2025-12-01 08:17:09	1	0	15	0
        110372	2025-12-01 08:17:37	1	0	15	0
        110105	2025-12-01 08:18:20	1	0	15	0
        110060	2025-12-01 08:19:24	1	0	15	0
        117172	2025-12-01 08:19:40	1	0	15	0
        117630	2025-12-01 08:20:29	1	0	15	0
        117645	2025-12-01 08:20:46	1	0	15	0
        118971	2025-12-01 08:21:11	1	0	15	0
        110413	2025-12-01 08:21:33	1	0	15	0
        116260	2025-12-01 08:25:30	1	0	15	0
        116252	2025-12-01 08:26:37	1	0	15	0
        118207	2025-12-01 08:26:45	1	0	15	0
        110050	2025-12-01 08:27:36	1	0	15	0
        117043	2025-12-01 08:28:38	1	0	15	0
        119282	2025-12-01 08:28:44	1	0	15	0
        116472	2025-12-01 08:29:00	1	0	15	0
        110084	2025-12-01 08:29:14	1	0	15	0
        117998	2025-12-01 08:29:27	1	0	15	0
        116787	2025-12-01 08:29:50	1	0	15	0
        116337	2025-12-01 08:32:00	1	0	15	0
        110077	2025-12-01 08:32:47	1	0	15	0
        117926	2025-12-01 08:33:25	1	0	15	0
        116849	2025-12-01 08:40:28	1	0	15	0
        116467	2025-12-01 08:41:56	1	0	15	0
        118707	2025-12-01 08:42:20	1	0	15	0
        110075	2025-12-01 08:48:05	1	0	15	0
        118753	2025-12-01 08:48:56	1	0	15	0
        117575	2025-12-01 08:49:47	1	0	15	0
        110076	2025-12-01 08:51:21	1	0	15	0
        117212	2025-12-01 08:55:42	1	0	15	0
        117529	2025-12-01 08:56:20	1	0	15	0
        117807	2025-12-01 08:57:04	1	0	15	0
        117111	2025-12-01 08:57:45	1	0	15	0
        117811	2025-12-01 09:04:22	1	0	15	0
        117091	2025-12-01 09:10:14	1	0	15	0
        117269	2025-12-01 09:11:16	1	0	15	0
        117113	2025-12-01 09:14:21	1	0	15	0
        116453	2025-12-01 09:27:14	1	0	15	0
        118503	2025-12-01 09:27:20	1	0	15	0
        116070	2025-12-01 09:40:10	1	0	15	0
        110085	2025-12-01 09:42:51	1	0	15	0
        118953	2025-12-01 12:00:10	1	2	15	0
        117698	2025-12-01 12:00:12	1	2	15	0
        119107	2025-12-01 12:00:15	1	2	15	0
        119272	2025-12-01 12:00:19	1	2	15	0
        117725	2025-12-01 12:00:21	1	2	15	0
        117710	2025-12-01 12:00:23	1	2	15	0
        117697	2025-12-01 12:00:25	1	2	15	0
        110366	2025-12-01 12:00:27	1	2	15	0
        117713	2025-12-01 12:00:28	1	2	15	0
        117733	2025-12-01 12:00:31	1	2	15	0
        116483	2025-12-01 12:00:33	1	2	15	0
        116504	2025-12-01 12:00:34	1	2	15	0
        118455	2025-12-01 12:00:36	1	2	15	0
        118829	2025-12-01 12:00:38	1	2	15	0
        117833	2025-12-01 12:00:40	1	2	15	0
        110063	2025-12-01 12:00:42	1	2	15	0
        117616	2025-12-01 12:00:45	1	2	15	0
        110378	2025-12-01 12:00:46	1	2	15	0
        110088	2025-12-01 12:00:48	1	2	15	0
        117639	2025-12-01 12:00:50	1	2	15	0
        117930	2025-12-01 12:00:52	1	2	15	0
        117543	2025-12-01 12:00:59	1	2	15	0
        119263	2025-12-01 12:01:00	1	2	15	0
        119340	2025-12-01 12:01:20	1	2	15	0
        116914	2025-12-01 12:01:22	1	2	15	0
        117189	2025-12-01 12:01:28	1	2	15	0
        119535	2025-12-01 12:01:47	1	2	15	0
        116477	2025-12-01 12:02:18	1	2	15	0
        110077	2025-12-01 12:02:21	1	2	15	0
        117997	2025-12-01 12:02:30	1	2	15	0
        116252	2025-12-01 12:02:45	1	2	15	0
        110466	2025-12-01 12:02:48	1	2	15	0
        110076	2025-12-01 12:02:51	1	2	15	0
        110172	2025-12-01 12:03:06	1	2	15	0
        117698	2025-12-01 12:03:09	1	2	15	0
        117725	2025-12-01 12:03:12	1	2	15	0
        117710	2025-12-01 12:03:14	1	2	15	0
        117697	2025-12-01 12:03:16	1	2	15	0
        110366	2025-12-01 12:03:18	1	2	15	0
        117713	2025-12-01 12:03:20	1	2	15	0
        116504	2025-12-01 12:03:24	1	2	15	0
        117733	2025-12-01 12:03:28	1	2	15	0
        117341	2025-12-01 12:03:33	1	2	15	0
        119453	2025-12-01 12:03:36	1	2	15	0
        117833	2025-12-01 12:03:47	1	2	15	0
        110376	2025-12-01 12:03:55	1	2	15	0
        118782	2025-12-01 12:03:59	1	2	15	0
        110377	2025-12-01 12:04:03	1	2	15	0
        110200	2025-12-01 12:04:15	1	2	15	0
        110354	2025-12-01 12:04:28	1	2	15	0
        110482	2025-12-01 12:04:31	1	2	15	0
        117972	2025-12-01 12:04:37	1	2	15	0
        116914	2025-12-01 12:04:40	1	2	15	0
        110075	2025-12-01 12:04:42	1	2	15	0
        119364	2025-12-01 12:04:46	1	2	15	0
        118953	2025-12-01 12:04:49	1	2	15	0
        116383	2025-12-01 12:05:03	1	2	15	0
        118043	2025-12-01 12:05:19	1	2	15	0
        117269	2025-12-01 12:05:20	1	2	15	0
        117059	2025-12-01 12:05:29	1	2	15	0
        110094	2025-12-01 12:05:34	1	2	15	0
        119449	2025-12-01 12:05:47	1	2	15	0
        118640	2025-12-01 12:05:50	1	2	15	0
        117930	2025-12-01 12:06:01	1	2	15	0
        110354	2025-12-01 12:06:10	1	2	15	0
        110051	2025-12-01 12:06:14	1	2	15	0
        116252	2025-12-01 12:06:17	1	2	15	0
        119104	2025-12-01 12:06:18	1	2	15	0
        118584	2025-12-01 12:06:20	1	2	15	0
        110105	2025-12-01 12:06:24	1	2	15	0
        110393	2025-12-01 12:06:44	1	2	15	0
        116346	2025-12-01 12:06:55	1	2	15	0
        119143	2025-12-01 12:07:00	1	2	15	0
        110413	2025-12-01 12:07:05	1	2	15	0
        110158	2025-12-01 12:07:19	1	2	15	0
        110062	2025-12-01 12:07:26	1	2	15	0
        117716	2025-12-01 12:07:33	1	2	15	0
        110159	2025-12-01 12:07:37	1	2	15	0
        117981	2025-12-01 12:08:01	1	2	15	0
        116356	2025-12-01 12:08:03	1	2	15	0
        118369	2025-12-01 12:08:05	1	2	15	0
        117061	2025-12-01 12:08:09	1	2	15	0
        116805	2025-12-01 12:08:11	1	2	15	0
        117091	2025-12-01 12:08:13	1	2	15	0
        117998	2025-12-01 12:08:15	1	2	15	0
        117043	2025-12-01 12:08:16	1	2	15	0
        110172	2025-12-01 12:08:19	1	2	15	0
        119107	2025-12-01 12:08:24	1	2	15	0
        117926	2025-12-01 12:08:27	1	2	15	0
        110075	2025-12-01 12:08:28	1	2	15	0
        119364	2025-12-01 12:08:37	1	2	15	0
        117680	2025-12-01 12:08:56	1	2	15	0
        117529	2025-12-01 12:08:59	1	2	15	0
        117982	2025-12-01 12:09:03	1	2	15	0
        118584	2025-12-01 12:09:07	1	2	15	0
        118744	2025-12-01 12:09:09	1	2	15	0
        110376	2025-12-01 12:09:14	1	2	15	0
        110377	2025-12-01 12:09:16	1	2	15	0
        117967	2025-12-01 12:09:26	1	2	15	0
        118829	2025-12-01 12:09:40	1	2	15	0
        117341	2025-12-01 12:09:43	1	2	15	0
        110076	2025-12-01 12:09:45	1	2	15	0
        119340	2025-12-01 12:09:52	1	2	15	0
        117269	2025-12-01 12:09:53	1	2	15	0
        116383	2025-12-01 12:09:54	1	2	15	0
        118043	2025-12-01 12:10:06	1	2	15	0
        116346	2025-12-01 12:10:14	1	2	15	0
        116551	2025-12-01 12:10:28	1	2	15	0
        119104	2025-12-01 12:10:32	1	2	15	0
        118369	2025-12-01 12:10:42	1	2	15	0
        118640	2025-12-01 12:10:49	1	2	15	0
        117711	2025-12-01 12:11:00	1	2	15	0
        116799	2025-12-01 12:11:15	1	2	15	0
        119535	2025-12-01 12:11:19	1	2	15	0
        110060	2025-12-01 12:11:30	1	2	15	0
        110355	2025-12-01 12:11:34	1	2	15	0
        117770	2025-12-01 12:11:36	1	2	15	0
        110356	2025-12-01 12:11:38	1	2	15	0
        110482	2025-12-01 12:11:40	1	2	15	0
        110063	2025-12-01 12:11:43	1	2	15	0
        117991	2025-12-01 12:11:48	1	2	15	0
        116849	2025-12-01 12:12:01	1	2	15	0
        116787	2025-12-01 12:12:03	1	2	15	0
        116426	2025-12-01 12:12:24	1	2	15	0
        117129	2025-12-01 12:12:27	1	2	15	0
        117967	2025-12-01 12:12:35	1	2	15	0
        116496	2025-12-01 12:12:36	1	2	15	0
        116778	2025-12-01 12:12:38	1	2	15	0
        117043	2025-12-01 12:12:44	1	2	15	0
        110358	2025-12-01 12:12:48	1	2	15	0
        116356	2025-12-01 12:13:01	1	2	15	0
        117981	2025-12-01 12:13:03	1	2	15	0
        110128	2025-12-01 12:13:06	1	2	15	0
        116805	2025-12-01 12:13:17	1	2	15	0
        117061	2025-12-01 12:13:19	1	2	15	0
        117091	2025-12-01 12:13:23	1	2	15	0
        116479	2025-12-01 12:13:28	1	2	15	0
        110062	2025-12-01 12:13:34	1	2	15	0
        118369	2025-12-01 12:13:36	1	2	15	0
        119232	2025-12-01 12:13:40	1	2	15	0
        117704	2025-12-01 12:13:47	1	2	15	0
        116282	2025-12-01 12:13:53	1	2	15	0
        118835	2025-12-01 12:13:56	1	2	15	0
        118744	2025-12-01 12:14:04	1	2	15	0
        119449	2025-12-01 12:14:06	1	2	15	0
        110368	2025-12-01 12:14:09	1	2	15	0
        117567	2025-12-01 12:14:37	1	2	15	0
        119493	2025-12-01 12:14:40	1	2	15	0
        110051	2025-12-01 12:14:50	1	2	15	0
        117129	2025-12-01 12:14:58	1	2	15	0
        116787	2025-12-01 12:15:05	1	2	15	0
        116849	2025-12-01 12:15:06	1	2	15	0
        110415	2025-12-01 12:15:11	1	2	15	0
        110070	2025-12-01 12:15:13	1	2	15	0
        110063	2025-12-01 12:15:15	1	2	15	0
        110084	2025-12-01 12:15:18	1	2	15	0
        118707	2025-12-01 12:15:20	1	2	15	0
        110483	2025-12-01 12:15:22	1	2	15	0
        116995	2025-12-01 12:15:30	1	2	15	0
        116990	2025-12-01 12:15:33	1	2	15	0
        118992	2025-12-01 12:15:45	1	2	15	0
        116453	2025-12-01 12:15:51	1	2	15	0
        117543	2025-12-01 12:15:52	1	2	15	0
        117542	2025-12-01 12:15:58	1	2	15	0
        117113	2025-12-01 12:16:00	1	2	15	0
        117966	2025-12-01 12:16:03	1	2	15	0
        117769	2025-12-01 12:16:05	1	2	15	0
        117838	2025-12-01 12:16:06	1	2	15	0
        116778	2025-12-01 12:16:08	1	2	15	0
        116933	2025-12-01 12:16:26	1	2	15	0
        117088	2025-12-01 12:16:42	1	2	15	0
        117704	2025-12-01 12:17:10	1	2	15	0
        110418	2025-12-01 12:17:12	1	2	15	0
        116282	2025-12-01 12:17:13	1	2	15	0
        118835	2025-12-01 12:17:17	1	2	15	0
        118563	2025-12-01 12:17:25	1	2	15	0
        116260	2025-12-01 12:17:31	1	2	15	0
        116072	2025-12-01 12:17:36	1	2	15	0
        116497	2025-12-01 12:17:38	1	2	15	0
        117541	2025-12-01 12:17:40	1	2	15	0
        118695	2025-12-01 12:17:42	1	2	15	0
        117111	2025-12-01 12:17:44	1	2	15	0
        117120	2025-12-01 12:17:47	1	2	15	0
        117920	2025-12-01 12:17:49	1	2	15	0
        110367	2025-12-01 12:17:50	1	2	15	0
        117707	2025-12-01 12:17:52	1	2	15	0
        117850	2025-12-01 12:17:54	1	2	15	0
        117814	2025-12-01 12:17:56	1	2	15	0
        110055	2025-12-01 12:17:59	1	2	15	0
        110368	2025-12-01 12:18:01	1	2	15	0
        117122	2025-12-01 12:18:03	1	2	15	0
        110358	2025-12-01 12:18:07	1	2	15	0
        117632	2025-12-01 12:18:15	1	2	15	0
        116995	2025-12-01 12:18:45	1	2	15	0
        117815	2025-12-01 12:18:47	1	2	15	0
        117982	2025-12-01 12:18:50	1	2	15	0
        117840	2025-12-01 12:18:52	1	2	15	0
        117769	2025-12-01 12:18:56	1	2	15	0
        117838	2025-12-01 12:18:57	1	2	15	0
        117966	2025-12-01 12:19:00	1	2	15	0
        117926	2025-12-01 12:19:01	1	2	15	0
        117659	2025-12-01 12:19:03	1	2	15	0
        117645	2025-12-01 12:19:05	1	2	15	0
        118753	2025-12-01 12:19:09	1	2	15	0
        117575	2025-12-01 12:19:12	1	2	15	0
        116142	2025-12-01 12:19:16	1	2	15	0
        117616	2025-12-01 12:19:18	1	2	15	0
        117692	2025-12-01 12:19:20	1	2	15	0
        117921	2025-12-01 12:19:23	1	2	15	0
        117144	2025-12-01 12:19:40	1	2	15	0
        110105	2025-12-01 12:19:57	1	2	15	0
        117742	2025-12-01 12:20:32	1	2	15	0
        117639	2025-12-01 12:20:39	1	2	15	0
        110084	2025-12-01 12:20:43	1	2	15	0
        118707	2025-12-01 12:20:46	1	2	15	0
        119493	2025-12-01 12:20:50	1	2	15	0
        118753	2025-12-01 12:20:52	1	2	15	0
        118992	2025-12-01 12:20:53	1	2	15	0
        117529	2025-12-01 12:20:57	1	2	15	0
        117997	2025-12-01 12:21:00	1	2	15	0
        110415	2025-12-01 12:21:02	1	2	15	0
        116072	2025-12-01 12:21:03	1	2	15	0
        110483	2025-12-01 12:21:04	1	2	15	0
        110088	2025-12-01 12:21:08	1	2	15	0
        110378	2025-12-01 12:21:11	1	2	15	0
        117541	2025-12-01 12:21:12	1	2	15	0
        116260	2025-12-01 12:21:14	1	2	15	0
        116497	2025-12-01 12:21:17	1	2	15	0
        117807	2025-12-01 12:21:19	1	2	15	0
        117837	2025-12-01 12:21:21	1	2	15	0
        117812	2025-12-01 12:21:23	1	2	15	0
        110367	2025-12-01 12:21:25	1	2	15	0
        117707	2025-12-01 12:21:27	1	2	15	0
        117920	2025-12-01 12:21:30	1	2	15	0
        117850	2025-12-01 12:21:32	1	2	15	0
        119282	2025-12-01 12:21:34	1	2	15	0
        110055	2025-12-01 12:21:36	1	2	15	0
        117645	2025-12-01 12:21:38	1	2	15	0
        117659	2025-12-01 12:21:40	1	2	15	0
        117840	2025-12-01 12:21:41	1	2	15	0
        117815	2025-12-01 12:21:42	1	2	15	0
        117745	2025-12-01 12:21:44	1	2	15	0
        117743	2025-12-01 12:21:46	1	2	15	0
        117814	2025-12-01 12:21:48	1	2	15	0
        119583	2025-12-01 12:21:51	1	2	15	0
        117567	2025-12-01 12:21:54	1	2	15	0
        119365	2025-12-01 12:22:04	1	2	15	0
        116493	2025-12-01 12:22:06	1	2	15	0
        116428	2025-12-01 12:22:10	1	2	15	0
        117487	2025-12-01 12:22:12	1	2	15	0
        118761	2025-12-01 12:22:14	1	2	15	0
        116828	2025-12-01 12:22:18	1	2	1	0
        116835	2025-12-01 12:22:24	1	2	15	0
        110032	2025-12-01 12:22:26	1	2	15	0
        117841	2025-12-01 12:22:35	1	2	15	0
        116148	2025-12-01 12:22:39	1	2	15	0
        117121	2025-12-01 12:22:50	1	2	15	0
        117897	2025-12-01 12:22:52	1	2	15	0
        117839	2025-12-01 12:22:58	1	2	15	0
        117483	2025-12-01 12:23:01	1	2	15	0
        117811	2025-12-01 12:23:08	1	2	15	0
        116990	2025-12-01 12:23:30	1	2	15	0
        116453	2025-12-01 12:23:40	1	2	15	0
        116496	2025-12-01 12:23:47	1	2	15	0
        110197	2025-12-01 12:23:50	1	2	15	0
        117716	2025-12-01 12:23:52	1	2	15	0
        117745	2025-12-01 12:23:53	1	2	15	0
        116337	2025-12-01 12:23:57	1	2	15	0
        117077	2025-12-01 12:23:59	1	2	15	0
        117743	2025-12-01 12:24:01	1	2	15	0
        116537	2025-12-01 12:24:03	1	2	15	0
        117998	2025-12-01 12:24:06	1	2	15	0
        117742	2025-12-01 12:24:15	1	2	15	0
        117999	2025-12-01 12:24:19	1	2	15	0
        117839	2025-12-01 12:25:02	1	2	15	0
        117483	2025-12-01 12:25:04	1	2	15	0
        116148	2025-12-01 12:25:09	1	2	15	0
        117811	2025-12-01 12:25:11	1	2	15	0
        119583	2025-12-01 12:25:23	1	2	15	0
        116428	2025-12-01 12:25:42	1	2	15	0
        117487	2025-12-01 12:25:51	1	2	15	0
        117897	2025-12-01 12:25:53	1	2	15	0
        118862	2025-12-01 12:25:55	1	2	15	0
        117121	2025-12-01 12:25:57	1	2	15	0
        116835	2025-12-01 12:26:00	1	2	15	0
        116828	2025-12-01 12:26:05	1	2	1	0
        117837	2025-12-01 12:26:11	1	2	15	0
        118761	2025-12-01 12:26:13	1	2	15	0
        117212	2025-12-01 12:26:17	1	2	15	0
        110200	2025-12-01 12:26:20	1	2	15	0
        117972	2025-12-01 12:26:22	1	2	15	0
        116799	2025-12-01 12:26:25	1	2	15	0
        119365	2025-12-01 12:26:31	1	2	15	0
        116493	2025-12-01 12:26:34	1	2	15	0
        119282	2025-12-01 12:26:42	1	2	15	0
        117259	2025-12-01 12:26:52	1	2	15	0
        117113	2025-12-01 12:26:58	1	2	15	0
        117807	2025-12-01 12:27:00	1	2	15	0
        117812	2025-12-01 12:27:08	1	2	15	0
        110060	2025-12-01 12:27:10	1	2	15	0
        117993	2025-12-01 12:27:11	1	2	15	0
        110473	2025-12-01 12:27:14	1	2	15	0
        116426	2025-12-01 12:27:24	1	2	15	0
        117711	2025-12-01 12:27:27	1	2	15	0
        119386	2025-12-01 12:27:30	1	2	15	0
        117630	2025-12-01 12:27:33	1	2	15	0
        118157	2025-12-01 12:27:47	1	2	15	0
        117219	2025-12-01 12:27:49	1	2	15	0
        116422	2025-12-01 12:27:50	1	2	15	0
        117634	2025-12-01 12:27:52	1	2	15	0
        117915	2025-12-01 12:27:54	1	2	15	0
        117632	2025-12-01 12:27:56	1	2	15	0
        117189	2025-12-01 12:28:02	1	2	15	0
        116933	2025-12-01 12:28:15	1	2	15	0
        110060	2025-12-01 12:28:42	1	2	15	0
        119386	2025-12-01 12:28:46	1	2	15	0
        110393	2025-12-01 12:28:52	1	2	15	0
        117212	2025-12-01 12:29:01	1	2	15	0
        116537	2025-12-01 12:29:04	1	2	15	0
        117077	2025-12-01 12:29:07	1	2	15	0
        116337	2025-12-01 12:29:09	1	2	15	0
        118563	2025-12-01 12:29:22	1	2	15	0
        117133	2025-12-01 12:29:57	1	2	15	0
        117630	2025-12-01 12:30:41	1	2	15	0
        116551	2025-12-01 12:30:50	1	2	15	0
        117219	2025-12-01 12:30:54	1	2	15	0
        118157	2025-12-01 12:30:57	1	2	15	0
        116422	2025-12-01 12:30:59	1	2	15	0
        117915	2025-12-01 12:31:01	1	2	15	0
        117634	2025-12-01 12:31:04	1	2	15	0
        117921	2025-12-01 12:31:07	1	2	15	0
        117259	2025-12-01 12:31:13	1	2	15	0
        117841	2025-12-01 12:31:27	1	2	15	0
        110070	2025-12-01 12:31:31	1	2	15	0
        118862	2025-12-01 12:31:37	1	2	15	0
        110065	2025-12-01 12:31:44	1	2	15	0
        117575	2025-12-01 12:31:52	1	2	15	0
        116142	2025-12-01 12:32:08	1	2	15	0
        117222	2025-12-01 12:32:46	1	2	15	0
        110057	2025-12-01 12:32:59	1	2	15	0
        116467	2025-12-01 12:33:18	1	2	15	0
        110032	2025-12-01 12:33:26	1	2	15	0
        119232	2025-12-01 12:33:32	1	2	15	0
        117122	2025-12-01 12:33:37	1	2	15	0
        117144	2025-12-01 12:33:39	1	2	15	0
        110473	2025-12-01 12:33:59	1	2	15	0
        117993	2025-12-01 12:34:02	1	2	15	0
        117133	2025-12-01 12:34:20	1	2	15	0
        110357	2025-12-01 12:34:29	1	2	15	0
        110128	2025-12-01 12:34:34	1	2	15	0
        117059	2025-12-01 12:34:42	1	2	15	0
        110077	2025-12-01 12:34:54	1	2	15	0
        110094	2025-12-01 12:35:27	1	2	15	0
        119494	2025-12-01 12:35:40	1	2	15	0
        117849	2025-12-01 12:35:46	1	2	15	0
        117709	2025-12-01 12:35:49	1	2	15	0
        110085	2025-12-01 12:36:00	1	2	15	0
        110057	2025-12-01 12:36:10	1	2	15	0
        110053	2025-12-01 12:36:18	1	2	15	0
        110355	2025-12-01 12:36:22	1	2	15	0
        110356	2025-12-01 12:36:24	1	2	15	0
        110065	2025-12-01 12:36:42	1	2	15	0
        110025	2025-12-01 12:37:35	1	3	15	0
        110024	2025-12-01 12:37:41	1	3	15	0
        117222	2025-12-01 12:37:51	1	3	15	0
        116747	2025-12-01 12:38:15	1	3	15	0
        118146	2025-12-01 12:38:17	1	3	15	0
        116472	2025-12-01 12:38:19	1	3	15	0
        117103	2025-12-01 12:38:35	1	3	15	0
        110158	2025-12-01 12:38:37	1	3	15	0
        117991	2025-12-01 12:38:40	1	3	15	0
        117591	2025-12-01 12:38:45	1	3	15	0
        110006	2025-12-01 12:39:09	1	3	15	0
        117542	2025-12-01 12:39:29	1	3	15	0
        110011	2025-12-01 12:39:43	1	3	15	0
        110100	2025-12-01 12:40:05	1	3	15	0
        110466	2025-12-01 12:40:12	1	3	15	0
        117088	2025-12-01 12:40:16	1	3	15	0
        117999	2025-12-01 12:40:22	1	3	15	0
        110050	2025-12-01 12:40:28	1	3	15	0
        110413	2025-12-01 12:40:32	1	3	15	0
        110357	2025-12-01 12:40:43	1	3	15	0
        117692	2025-12-01 12:40:48	1	3	15	0
        118782	2025-12-01 12:40:51	1	3	15	0
        110475	2025-12-01 12:41:00	1	3	15	0
        118971	2025-12-01 12:41:29	1	3	15	0
        116479	2025-12-01 12:41:38	1	3	15	0
        116747	2025-12-01 12:41:47	1	3	15	0
        118146	2025-12-01 12:41:51	1	3	15	0
        116472	2025-12-01 12:41:54	1	3	15	0
        117103	2025-12-01 12:42:04	1	3	15	0
        110100	2025-12-01 12:42:06	1	3	15	0
        119494	2025-12-01 12:42:41	1	3	15	0
        117849	2025-12-01 12:42:47	1	3	15	0
        117709	2025-12-01 12:42:51	1	3	15	0
        110197	2025-12-01 12:43:01	1	3	15	0
        118207	2025-12-01 12:43:14	1	3	15	0
        117591	2025-12-01 12:43:24	1	3	15	0
        119263	2025-12-01 12:43:38	1	3	15	0
        110024	2025-12-01 12:44:00	1	3	15	0
        110050	2025-12-01 12:44:48	1	3	15	0
        110418	2025-12-01 12:45:16	1	3	15	0
        118695	2025-12-01 12:46:03	1	3	15	0
        117111	2025-12-01 12:46:07	1	3	15	0
        117120	2025-12-01 12:46:09	1	3	15	0
        117337	2025-12-01 12:46:11	1	3	15	0
        116512	2025-12-01 12:47:46	1	3	15	0
        116751	2025-12-01 12:47:52	1	3	15	0
        118207	2025-12-01 12:48:05	1	3	15	0
        117497	2025-12-01 12:48:10	1	3	15	0
        116467	2025-12-01 12:48:13	1	3	15	0
        119227	2025-12-01 12:48:42	1	3	15	0
        110074	2025-12-01 12:48:45	1	3	15	0
        110085	2025-12-01 12:49:21	1	3	15	0
        117497	2025-12-01 12:50:50	1	3	15	0
        119227	2025-12-01 12:51:08	1	3	15	0
        110074	2025-12-01 12:51:10	1	3	15	0
        117337	2025-12-01 12:51:19	1	3	15	0
        116069	2025-12-01 12:52:33	1	3	15	0
        119070	2025-12-01 12:53:13	1	3	15	0
        116483	2025-12-01 12:53:15	1	3	15	0
        118455	2025-12-01 12:53:17	1	3	15	0
        110006	2025-12-01 12:53:25	1	3	15	0
        110025	2025-12-01 12:53:29	1	3	15	0
        118971	2025-12-01 12:53:34	1	3	15	0
        110159	2025-12-01 12:53:48	1	3	15	0
        110475	2025-12-01 12:54:00	1	3	15	0
        117770	2025-12-01 12:54:54	1	3	15	0
        118503	2025-12-01 12:56:20	1	3	15	0
        110011	2025-12-01 12:56:49	1	3	15	0
        117699	2025-12-01 12:58:16	1	3	15	0
        119070	2025-12-01 12:58:25	1	3	15	0
        110083	2025-12-01 12:58:40	1	3	15	0
        110083	2025-12-01 12:59:47	1	3	15	0
        118503	2025-12-01 13:00:16	1	3	15	0
        110053	2025-12-01 13:02:34	1	3	15	0
        117680	2025-12-01 13:06:39	1	3	15	0
        119602	2025-12-01 15:00:17	1	3	15	0
        110084	2025-12-01 16:02:23	1	1	15	0
        117814	2025-12-01 16:44:07	1	1	15	0
        110094	2025-12-01 16:47:01	1	1	15	0
        119263	2025-12-01 16:57:44	1	1	15	0
        116479	2025-12-01 17:00:37	1	1	15	0
        117812	2025-12-01 17:00:50	1	1	15	0
        116426	2025-12-01 17:02:11	1	1	15	0
        118707	2025-12-01 17:02:19	1	1	15	0
        117483	2025-12-01 17:02:24	1	1	15	0
        117982	2025-12-01 17:02:26	1	1	15	0
        117770	2025-12-01 17:02:28	1	1	15	0
        117997	2025-12-01 17:02:39	1	1	15	0
        116337	2025-12-01 17:03:23	1	1	15	0
        110354	2025-12-01 17:03:37	1	1	15	0
        117815	2025-12-01 17:03:42	1	1	15	0
        117645	2025-12-01 17:03:45	1	1	15	0
        117743	2025-12-01 17:04:09	1	1	15	0
        117745	2025-12-01 17:04:10	1	1	15	0
        117966	2025-12-01 17:04:13	1	1	15	0
        117769	2025-12-01 17:04:14	1	1	15	0
        117838	2025-12-01 17:04:15	1	1	15	0
        116778	2025-12-01 17:04:44	1	1	15	0
        116828	2025-12-01 17:05:00	1	1	1	0
        117269	2025-12-01 17:05:31	1	1	15	0
        117189	2025-12-01 17:05:35	1	1	15	0
        119340	2025-12-01 17:05:45	1	1	15	0
        117711	2025-12-01 17:05:52	1	1	15	0
        116799	2025-12-01 17:06:07	1	1	15	0
        118503	2025-12-01 17:06:16	1	1	15	0
        110377	2025-12-01 17:06:18	1	1	15	0
        110376	2025-12-01 17:06:22	1	1	15	0
        118829	2025-12-01 17:06:45	1	1	15	0
        116551	2025-12-01 17:07:23	1	1	15	0
        110065	2025-12-01 17:07:32	1	1	15	0
        117639	2025-12-01 17:08:01	1	1	15	0
        117043	2025-12-01 17:08:14	1	1	15	0
        116914	2025-12-01 17:08:16	1	1	15	0
        110159	2025-12-01 17:08:46	1	1	15	0
        110418	2025-12-01 17:09:08	1	1	15	0
        119365	2025-12-01 17:09:14	1	1	15	0
        116512	2025-12-01 17:09:29	1	1	15	0
        116751	2025-12-01 17:09:32	1	1	15	0
        116142	2025-12-01 17:09:34	1	1	15	0
        110076	2025-12-01 17:09:49	1	1	15	0
        110193	2025-12-01 17:09:56	1	1	15	0
        110358	2025-12-01 17:10:06	1	1	15	0
        116493	2025-12-01 17:10:32	1	1	15	0
        117811	2025-12-01 17:10:37	1	1	15	0
        117839	2025-12-01 17:10:40	1	1	15	0
        117659	2025-12-01 17:10:41	1	1	15	0
        110024	2025-12-01 17:11:13	1	1	15	0
        118207	2025-12-01 17:11:30	1	1	15	0
        117059	2025-12-01 17:11:34	1	1	15	0
        117833	2025-12-01 17:11:35	1	1	15	0
        116069	2025-12-01 17:11:50	1	1	15	0
        117837	2025-12-01 17:11:52	1	1	15	0
        117742	2025-12-01 17:11:56	1	1	15	0
        118953	2025-12-01 17:12:28	1	1	15	0
        118640	2025-12-01 17:13:04	1	1	15	0
        117841	2025-12-01 17:14:01	1	1	15	0
        117840	2025-12-01 17:14:03	1	1	15	0
        117991	2025-12-01 17:14:12	1	1	15	0
        110158	2025-12-01 17:14:37	1	1	15	0
        117133	2025-12-01 17:14:50	1	1	15	0
        117733	2025-12-01 17:15:05	1	1	15	0
        110070	2025-12-01 17:15:10	1	1	15	0
        117077	2025-12-01 17:15:19	1	1	15	0
        117921	2025-12-01 17:15:26	1	1	15	0
        117930	2025-12-01 17:15:49	1	1	15	0
        117967	2025-12-01 17:16:00	1	1	15	0
        116453	2025-12-01 17:16:11	1	1	15	0
        118043	2025-12-01 17:17:02	1	1	15	0
        118971	2025-12-01 17:18:02	1	1	15	0
        117113	2025-12-01 17:18:08	1	1	15	0
        117129	2025-12-01 17:18:15	1	1	15	0
        110329	2025-12-01 17:18:28	1	1	15	0
        116428	2025-12-01 17:19:21	1	1	15	0
        117998	2025-12-01 17:19:45	1	1	15	0
        117716	2025-12-01 17:20:27	1	1	15	0
        116995	2025-12-01 17:20:31	1	1	15	0
        110357	2025-12-01 17:20:37	1	1	15	0
        116467	2025-12-01 17:21:57	1	1	15	0
        110077	2025-12-01 17:22:01	1	1	15	0
        117897	2025-12-01 17:22:19	1	1	15	0
        116835	2025-12-01 17:22:24	1	1	15	0
        118455	2025-12-01 17:22:32	1	1	15	0
        117259	2025-12-01 17:22:35	1	1	15	0
        119070	2025-12-01 17:22:36	1	1	15	0
        110378	2025-12-01 17:22:39	1	1	15	0
        117541	2025-12-01 17:22:41	1	1	15	0
        117709	2025-12-01 17:22:47	1	1	15	0
        117111	2025-12-01 17:22:48	1	1	15	0
        117993	2025-12-01 17:22:50	1	1	15	0
        110011	2025-12-01 17:22:53	1	1	15	0
        117222	2025-12-01 17:22:57	1	1	15	0
        119386	2025-12-01 17:23:26	1	1	15	0
        117849	2025-12-01 17:24:23	1	1	15	0
        119494	2025-12-01 17:24:24	1	1	15	0
        116472	2025-12-01 17:24:59	1	1	15	0
        117692	2025-12-01 17:25:36	1	1	15	0
        116537	2025-12-01 17:28:27	1	1	15	0
        117341	2025-12-01 17:28:32	1	1	15	0
        110051	2025-12-01 17:28:50	1	1	15	0
        116477	2025-12-01 17:29:02	1	1	15	0
        117103	2025-12-01 17:29:20	1	1	15	0
        119535	2025-12-01 17:30:09	1	1	15	0
        118146	2025-12-01 17:30:20	1	1	15	0
        110372	2025-12-01 17:30:21	1	1	15	0
        117630	2025-12-01 17:30:56	1	1	15	0
        116504	2025-12-01 17:31:11	1	1	15	0
        116483	2025-12-01 17:31:13	1	1	15	0
        117212	2025-12-01 17:31:16	1	1	15	0
        116148	2025-12-01 17:31:37	1	1	15	0
        117091	2025-12-01 17:32:07	1	1	15	0
        116496	2025-12-01 17:32:26	1	1	15	0
        117529	2025-12-01 17:32:45	1	1	15	0
        110356	2025-12-01 17:33:26	1	1	15	0
        117088	2025-12-01 17:35:32	1	1	15	0
        116990	2025-12-01 17:36:43	1	1	15	0
        117926	2025-12-01 17:37:08	1	1	15	0
        110413	2025-12-01 17:38:34	1	1	15	0
        110100	2025-12-01 17:41:49	1	1	15	0
        110085	2025-12-01 17:42:04	1	1	15	0
        110050	2025-12-01 17:42:14	1	1	15	0
        110057	2025-12-01 17:42:19	1	1	15	0
        116933	2025-12-01 17:42:22	1	1	15	0
        119364	2025-12-01 17:42:23	1	1	15	0
        110105	2025-12-01 17:42:31	1	1	15	0
        117144	2025-12-01 17:42:44	1	1	15	0
        119493	2025-12-01 17:43:14	1	1	15	0
        110053	2025-12-01 17:43:41	1	1	15	0
        119232	2025-12-01 17:45:40	1	1	15	0
        118744	2025-12-01 17:45:44	1	1	15	0
        110088	2025-12-01 17:45:56	1	1	15	0
        110355	2025-12-01 17:45:58	1	1	15	0
        117542	2025-12-01 17:46:09	1	1	15	0
        118563	2025-12-01 17:47:43	1	1	15	0
        117543	2025-12-01 17:48:27	1	1	15	0
        118584	2025-12-01 17:49:00	1	1	15	0
        117697	2025-12-01 17:49:31	1	1	15	0
        116383	2025-12-01 17:49:59	1	1	15	0
        110025	2025-12-01 17:50:39	1	1	15	0
        110060	2025-12-01 17:51:26	1	1	15	0
        110083	2025-12-01 17:51:57	1	1	15	0
        110475	2025-12-01 17:52:50	1	1	15	0
        110100	2025-12-01 17:52:54	1	1	15	0
        119386	2025-12-01 17:53:35	1	1	15	0
        116747	2025-12-01 17:55:30	1	1	15	0
        119282	2025-12-01 17:57:11	1	1	15	0
        110062	2025-12-01 17:58:54	1	1	15	0
        110172	2025-12-01 17:59:10	1	1	15	0
        119583	2025-12-01 18:00:29	1	1	15	0
        119602	2025-12-01 18:01:31	1	1	15	0
        110473	2025-12-01 18:02:18	1	1	15	0
        116805	2025-12-01 18:08:32	1	1	15	0
        118369	2025-12-01 18:08:34	1	1	15	0
        117981	2025-12-01 18:08:35	1	1	15	0
        116356	2025-12-01 18:08:36	1	1	15	0
        117061	2025-12-01 18:08:38	1	1	15	0
        116497	2025-12-01 18:09:34	1	1	15	0
        116260	2025-12-01 18:09:36	1	1	15	0
        118862	2025-12-01 18:10:07	1	1	15	0
        117807	2025-12-01 18:11:47	1	1	15	0
        117972	2025-12-01 18:13:19	1	1	15	0
        117704	2025-12-01 18:14:28	1	1	15	0
        117725	2025-12-01 18:14:31	1	1	15	0
        117698	2025-12-01 18:14:33	1	1	15	0
        117710	2025-12-01 18:14:36	1	1	15	0
        110368	2025-12-01 18:14:38	1	1	15	0
        118835	2025-12-01 18:14:39	1	1	15	0
        110482	2025-12-01 18:15:04	1	1	15	0
        110483	2025-12-01 18:15:49	1	1	15	0
        116346	2025-12-01 18:17:35	1	1	15	0
        110032	2025-12-01 18:20:16	1	1	15	0
        110200	2025-12-01 18:21:56	1	1	15	0
        119107	2025-12-01 18:22:26	1	1	15	0
        116282	2025-12-01 18:23:10	1	1	15	0
        117337	2025-12-01 18:24:56	1	1	15	0
        117575	2025-12-01 18:26:39	1	1	15	0
        110366	2025-12-01 18:29:05	1	1	15	0
        117713	2025-12-01 18:29:08	1	1	15	0
        117707	2025-12-01 18:29:11	1	1	15	0
        110367	2025-12-01 18:29:13	1	1	15	0
        117850	2025-12-01 18:29:14	1	1	15	0
        117920	2025-12-01 18:29:17	1	1	15	0
        110055	2025-12-01 18:29:25	1	1	15	0
        117487	2025-12-01 18:29:44	1	1	15	0
        117120	2025-12-01 18:29:47	1	1	15	0
        110074	2025-12-01 18:30:01	1	1	15	0
        117121	2025-12-01 18:30:06	1	1	15	0
        118782	2025-12-01 18:30:08	1	1	15	0
        110055	2025-12-01 18:34:19	1	1	15	0
        119272	2025-12-01 18:36:49	1	1	15	0
        116072	2025-12-01 18:37:16	1	1	15	0
        110415	2025-12-01 18:38:25	1	1	15	0
        117642	2025-12-01 18:38:28	1	1	15	0
        119104	2025-12-01 18:45:05	1	1	15	0
        110393	2025-12-01 18:45:28	1	1	15	0
        119227	2025-12-01 18:45:33	1	1	15	0
        110075	2025-12-01 18:46:32	1	1	15	0
        117591	2025-12-01 18:49:19	1	1	15	0
        110128	2025-12-01 18:54:34	1	1	15	0
        118761	2025-12-01 18:54:58	1	1	15	0
        117567	2025-12-01 18:57:51	1	1	15	0
        116849	2025-12-01 19:10:40	1	1	15	0
        116787	2025-12-01 19:10:42	1	1	15	0
        117219	2025-12-01 19:48:31	1	1	15	0
        118157	2025-12-01 19:48:34	1	1	15	0
        117915	2025-12-01 19:48:36	1	1	15	0
        116422	2025-12-01 19:48:41	1	1	15	0
        117634	2025-12-01 19:48:44	1	1	15	0
        110006	2025-12-01 19:55:11	1	1	15	0
        117699	2025-12-01 19:59:24	1	1	15	0
        119453	2025-12-01 20:02:57	1	1	15	0
        117680	2025-12-01 20:05:13	1	1	15	0
        117122	2025-12-01 20:08:54	1	1	15	0
        110466	2025-12-01 20:09:00	1	1	15	0
        117616	2025-12-01 20:12:28	1	1	15	0
        116252	2025-12-01 20:12:36	1	1	15	0
        117497	2025-12-01 20:12:43	1	1	15	0
        110063	2025-12-01 20:14:13	1	1	15	0
        117632	2025-12-01 20:14:55	1	1	15	0
        117999	2025-12-01 20:42:27	1	1	15	0
        119449	2025-12-01 21:26:38	1	1	15	0
        118992	2025-12-02 04:53:25	1	0	15	0
        118953	2025-12-02 05:24:39	1	0	15	0
        116479	2025-12-02 06:10:24	1	0	15	0
        118146	2025-12-02 06:18:55	1	0	15	0
        116831	2025-12-02 06:20:19	1	0	15	0
        119070	2025-12-02 06:26:45	1	0	15	0
        117769	2025-12-02 06:27:28	1	0	15	0
        116551	2025-12-02 06:43:58	1	0	15	0
        110051	2025-12-02 06:45:43	1	0	15	0
        110074	2025-12-02 06:53:10	1	0	15	0
        117704	2025-12-02 06:54:00	1	0	15	0
        117224	2025-12-02 06:54:34	1	0	15	0
        117838	2025-12-02 06:54:41	1	0	15	0
        119143	2025-12-02 06:57:56	1	0	15	0
        117930	2025-12-02 07:02:01	1	0	15	0
        110466	2025-12-02 07:02:30	1	0	15	0
        118835	2025-12-02 07:03:14	1	0	15	0
        118640	2025-12-02 07:05:21	1	0	15	0
        119602	2025-12-02 07:06:05	1	0	15	0
        117967	2025-12-02 07:07:15	1	0	15	0
        118157	2025-12-02 07:10:17	1	0	15	0
        116835	2025-12-02 07:10:43	1	0	15	0
        116426	2025-12-02 07:10:47	1	0	15	0
        110084	2025-12-02 07:11:08	1	0	15	0
        118043	2025-12-02 07:12:13	1	0	15	0
        110415	2025-12-02 07:12:25	1	0	15	0
        110358	2025-12-02 07:13:11	1	0	15	0
        110193	2025-12-02 07:15:35	1	0	15	0
        117147	2025-12-02 07:18:45	1	0	15	0
        118580	2025-12-02 07:19:57	1	0	15	0
        119365	2025-12-02 07:20:20	1	0	15	0
        117745	2025-12-02 07:20:38	1	0	15	0
        117743	2025-12-02 07:20:41	1	0	15	0
        117966	2025-12-02 07:24:09	1	0	15	0
        110367	2025-12-02 07:25:28	1	0	15	0
        117713	2025-12-02 07:27:15	1	0	15	0
        117840	2025-12-02 07:28:34	1	0	15	0
        117699	2025-12-02 07:29:48	1	0	15	0
        118782	2025-12-02 07:30:03	1	0	15	0
        110475	2025-12-02 07:30:34	1	0	15	0
        117639	2025-12-02 07:30:43	1	0	15	0
        110024	2025-12-02 07:31:14	1	0	15	0
        117133	2025-12-02 07:32:02	1	0	15	0
        117770	2025-12-02 07:32:18	1	0	15	0
        117697	2025-12-02 07:32:56	1	0	15	0
        117059	2025-12-02 07:33:05	1	0	15	0
        117920	2025-12-02 07:33:23	1	0	15	0
        117483	2025-12-02 07:34:05	1	0	15	0
        110053	2025-12-02 07:34:40	1	0	15	0
        119449	2025-12-02 07:34:57	1	0	15	0
        117111	2025-12-02 07:35:44	1	0	15	0
        117733	2025-12-02 07:35:56	1	0	15	0
        117982	2025-12-02 07:37:26	1	0	15	0
        118369	2025-12-02 07:38:27	1	0	15	0
        110357	2025-12-02 07:39:04	1	0	15	0
        119453	2025-12-02 07:39:53	1	0	15	0
        117692	2025-12-02 07:40:16	1	0	15	0
        116072	2025-12-02 07:40:21	1	0	15	0
        117487	2025-12-02 07:42:05	1	0	15	0
        110483	2025-12-02 07:43:14	1	0	15	0
        119272	2025-12-02 07:43:46	1	0	15	0
        110377	2025-12-02 07:44:33	1	0	15	0
        117710	2025-12-02 07:45:10	1	0	15	0
        110393	2025-12-02 07:45:26	1	0	15	0
        110366	2025-12-02 07:46:31	1	0	15	0
        117043	2025-12-02 07:47:37	1	0	15	0
        110378	2025-12-02 07:47:52	1	0	15	0
        118744	2025-12-02 07:48:26	1	0	15	0
        116996	2025-12-02 07:49:04	1	0	15	0
        119535	2025-12-02 07:49:13	1	0	15	0
        117113	2025-12-02 07:49:35	1	0	15	0
        117921	2025-12-02 07:49:41	1	0	15	0
        117680	2025-12-02 07:49:43	1	0	15	0
        117972	2025-12-02 07:49:53	1	0	15	0
        117742	2025-12-02 07:50:50	1	0	15	0
        117707	2025-12-02 07:51:52	1	0	15	0
        118829	2025-12-02 07:52:20	1	0	15	0
        116828	2025-12-02 07:52:37	1	0	1	0
        116296	2025-12-02 07:52:49	1	0	15	0
        116483	2025-12-02 07:52:53	1	0	15	0
        117997	2025-12-02 07:54:40	1	0	15	0
        119340	2025-12-02 07:54:45	1	0	15	0
        117850	2025-12-02 07:55:25	1	0	15	0
        117269	2025-12-02 07:56:04	1	0	15	0
        117698	2025-12-02 07:56:08	1	0	15	0
        117725	2025-12-02 07:56:11	1	0	15	0
        119006	2025-12-02 07:56:17	1	0	15	0
        110372	2025-12-02 07:56:52	1	0	15	0
        117839	2025-12-02 07:56:58	1	0	15	0
        110355	2025-12-02 07:58:01	1	0	15	0
        110356	2025-12-02 07:58:10	1	0	15	0
        110006	2025-12-02 07:58:39	1	0	15	0
        110083	2025-12-02 07:58:44	1	0	15	0
        119227	2025-12-02 07:58:46	1	0	15	0
        117591	2025-12-02 07:58:51	1	0	15	0
        117189	2025-12-02 07:58:55	1	0	15	0
        116504	2025-12-02 07:59:22	1	0	15	0
        110482	2025-12-02 07:59:37	1	0	15	0
        110094	2025-12-02 07:59:50	1	0	15	0
        117991	2025-12-02 08:01:24	1	0	15	0
        116142	2025-12-02 08:02:39	1	0	15	0
        116356	2025-12-02 08:03:50	1	0	15	0
        116493	2025-12-02 08:04:08	1	0	15	0
        117999	2025-12-02 08:04:31	1	0	15	0
        118695	2025-12-02 08:04:50	1	0	15	0
        110025	2025-12-02 08:05:30	1	0	15	0
        116787	2025-12-02 08:05:35	1	0	15	0
        117632	2025-12-02 08:06:43	1	0	15	0
        110376	2025-12-02 08:06:49	1	0	15	0
        119494	2025-12-02 08:07:15	1	0	15	0
        116496	2025-12-02 08:07:17	1	0	15	0
        117542	2025-12-02 08:07:55	1	0	15	0
        116428	2025-12-02 08:08:28	1	0	15	0
        117114	2025-12-02 08:10:00	1	0	15	0
        117259	2025-12-02 08:10:04	1	0	15	0
        110418	2025-12-02 08:10:27	1	0	15	0
        119263	2025-12-02 08:11:28	1	0	15	0
        117497	2025-12-02 08:11:57	1	0	15	0
        118707	2025-12-02 08:12:33	1	0	15	0
        117541	2025-12-02 08:13:22	1	0	15	0
        116995	2025-12-02 08:14:52	1	0	15	0
        117811	2025-12-02 08:17:16	1	0	15	0
        118455	2025-12-02 08:17:22	1	0	15	0
        117709	2025-12-02 08:17:26	1	0	15	0
        110076	2025-12-02 08:17:33	1	0	15	0
        110368	2025-12-02 08:17:48	1	0	15	0
        110070	2025-12-02 08:18:03	1	0	15	0
        117222	2025-12-02 08:18:16	1	0	15	0
        117219	2025-12-02 08:19:43	1	0	15	0
        110105	2025-12-02 08:21:32	1	0	15	0
        119104	2025-12-02 08:21:42	1	0	15	0
        117616	2025-12-02 08:21:53	1	0	15	0
        110354	2025-12-02 08:22:12	1	0	15	0
        118186	2025-12-02 08:23:01	1	0	15	0
        116282	2025-12-02 08:23:07	1	0	15	0
        117120	2025-12-02 08:23:21	1	0	15	0
        117046	2025-12-02 08:23:24	1	0	15	0
        117567	2025-12-02 08:23:36	1	0	15	0
        110183	2025-12-02 08:24:27	1	0	15	0
        110329	2025-12-02 08:24:46	1	0	15	0
        119571	2025-12-02 08:25:56	1	0	15	0
        117833	2025-12-02 08:27:20	1	0	15	0
        117630	2025-12-02 08:27:27	1	0	15	0
        116383	2025-12-02 08:27:31	1	0	15	0
        116467	2025-12-02 08:27:38	1	0	15	0
        119157	2025-12-02 08:28:44	1	0	15	0
        117121	2025-12-02 08:28:50	1	0	15	0
        116346	2025-12-02 08:29:26	1	0	15	0
        117711	2025-12-02 08:29:40	1	0	15	0
        110172	2025-12-02 08:30:04	1	0	15	0
        117897	2025-12-02 08:31:28	1	0	15	0
        110116	2025-12-02 08:32:11	1	0	15	0
        118207	2025-12-02 08:32:15	1	0	15	0
        117716	2025-12-02 08:32:19	1	0	15	0
        117642	2025-12-02 08:32:35	1	0	15	0
        117998	2025-12-02 08:32:58	1	0	15	0
        116337	2025-12-02 08:33:26	1	0	15	0
        117981	2025-12-02 08:33:28	1	0	15	0
        116914	2025-12-02 08:34:38	1	0	15	0
        116537	2025-12-02 08:35:33	1	0	15	0
        116497	2025-12-02 08:36:27	1	0	15	0
        110128	2025-12-02 08:36:30	1	0	15	0
        110032	2025-12-02 08:37:16	1	0	15	0
        110197	2025-12-02 08:37:27	1	0	15	0
        118753	2025-12-02 08:38:31	1	0	15	0
        116422	2025-12-02 08:38:36	1	0	15	0
        117807	2025-12-02 08:38:42	1	0	15	0
        117841	2025-12-02 08:38:45	1	0	15	0
        116472	2025-12-02 08:39:47	1	0	15	0
        117543	2025-12-02 08:40:27	1	0	15	0
        110055	2025-12-02 08:40:54	1	0	15	0
        118761	2025-12-02 08:41:01	1	0	15	0
        117080	2025-12-02 08:41:34	1	0	15	0
        116252	2025-12-02 08:42:07	1	0	15	0
        119583	2025-12-02 08:42:19	1	0	15	0
        118458	2025-12-02 08:42:27	1	0	15	0
        116297	2025-12-02 08:42:38	1	0	15	0
        117849	2025-12-02 08:43:06	1	0	15	0
        119364	2025-12-02 08:43:41	1	0	15	0
        118862	2025-12-02 08:44:21	1	0	15	0
        110158	2025-12-02 08:44:26	1	0	15	0
        110057	2025-12-02 08:46:15	1	0	15	0
        116512	2025-12-02 08:46:17	1	0	15	0
        117122	2025-12-02 08:46:19	1	0	15	0
        116751	2025-12-02 08:46:22	1	0	15	0
        116805	2025-12-02 08:46:42	1	0	15	0
        116778	2025-12-02 08:48:09	1	0	15	0
        118503	2025-12-02 08:48:26	1	0	15	0
        117837	2025-12-02 08:48:35	1	0	15	0
        117926	2025-12-02 08:49:01	1	0	15	0
        117212	2025-12-02 08:50:02	1	0	15	0
        117915	2025-12-02 08:51:41	1	0	15	0
        117634	2025-12-02 08:51:43	1	0	15	0
        117529	2025-12-02 08:52:03	1	0	15	0
        117077	2025-12-02 08:53:13	1	0	15	0
        117091	2025-12-02 08:53:24	1	0	15	0
        117144	2025-12-02 08:53:26	1	0	15	0
        117103	2025-12-02 08:54:01	1	0	15	0
        117054	2025-12-02 08:55:04	1	0	15	0
        116069	2025-12-02 08:55:20	1	0	15	0
        110159	2025-12-02 08:55:30	1	0	15	0
        110075	2025-12-02 08:56:10	1	0	15	0
        116453	2025-12-02 08:56:16	1	0	15	0
        110200	2025-12-02 08:56:20	1	0	15	0
        116747	2025-12-02 08:56:24	1	0	15	0
        110088	2025-12-02 08:56:29	1	0	15	0
        116260	2025-12-02 08:56:54	1	0	15	0
        118971	2025-12-02 08:57:00	1	0	15	0
        117814	2025-12-02 08:57:22	1	0	15	0
        110090	2025-12-02 08:57:28	1	0	15	0
        116477	2025-12-02 08:57:44	1	0	15	0
        116990	2025-12-02 08:58:13	1	0	15	0
        117061	2025-12-02 08:59:15	1	0	15	0
        116849	2025-12-02 09:00:20	1	0	15	0
        117337	2025-12-02 09:01:02	1	0	15	0
        110413	2025-12-02 09:01:21	1	0	15	0
        116933	2025-12-02 09:03:14	1	0	15	0
        117645	2025-12-02 09:04:30	1	0	15	0
        117644	2025-12-02 09:07:09	1	0	15	0
        110077	2025-12-02 09:14:12	1	0	15	0
        118563	2025-12-02 09:14:26	1	0	15	0
        118584	2025-12-02 09:14:31	1	0	15	0
        119493	2025-12-02 09:24:41	1	0	15	0
        117812	2025-12-02 09:27:24	1	0	15	0
        110116	2025-12-02 11:03:06	1	2	15	0
        117733	2025-12-02 12:00:12	1	2	15	0
        117997	2025-12-02 12:00:18	1	2	15	0
        117224	2025-12-02 12:00:23	1	2	15	0
        116296	2025-12-02 12:00:55	1	2	15	0
        110172	2025-12-02 12:00:59	1	2	15	0
        117054	2025-12-02 12:01:03	1	2	15	0
        117212	2025-12-02 12:01:07	1	2	15	0
        116914	2025-12-02 12:01:17	1	2	15	0
        110084	2025-12-02 12:01:22	1	2	15	0
        118580	2025-12-02 12:01:25	1	2	15	0
        117543	2025-12-02 12:01:29	1	2	15	0
        116252	2025-12-02 12:01:35	1	2	15	0
        110076	2025-12-02 12:01:39	1	2	15	0
        118695	2025-12-02 12:01:41	1	2	15	0
        117111	2025-12-02 12:01:42	1	2	15	0
        117337	2025-12-02 12:01:44	1	2	15	0
        117967	2025-12-02 12:01:47	1	2	15	0
        110376	2025-12-02 12:01:50	1	2	15	0
        110377	2025-12-02 12:01:52	1	2	15	0
        110378	2025-12-02 12:01:54	1	2	15	0
        117144	2025-12-02 12:01:56	1	2	15	0
        110088	2025-12-02 12:01:58	1	2	15	0
        110077	2025-12-02 12:02:00	1	2	15	0
        117616	2025-12-02 12:02:02	1	2	15	0
        118971	2025-12-02 12:02:07	1	2	15	0
        117080	2025-12-02 12:02:10	1	2	15	0
        117840	2025-12-02 12:02:28	1	2	15	0
        119571	2025-12-02 12:02:33	1	2	15	0
        117645	2025-12-02 12:02:35	1	2	15	0
        117122	2025-12-02 12:02:36	1	2	15	0
        117497	2025-12-02 12:02:40	1	2	15	0
        117680	2025-12-02 12:02:42	1	2	15	0
        116260	2025-12-02 12:02:58	1	2	15	0
        116426	2025-12-02 12:03:06	1	2	15	0
        117113	2025-12-02 12:03:09	1	2	15	0
        116933	2025-12-02 12:03:11	1	2	15	0
        117632	2025-12-02 12:03:13	1	2	15	0
        117733	2025-12-02 12:03:14	1	2	15	0
        110051	2025-12-02 12:03:21	1	2	15	0
        110415	2025-12-02 12:03:24	1	2	15	0
        117833	2025-12-02 12:03:26	1	2	15	0
        110116	2025-12-02 12:03:29	1	2	15	0
        119453	2025-12-02 12:03:33	1	2	15	0
        116512	2025-12-02 12:03:41	1	2	15	0
        116751	2025-12-02 12:03:50	1	2	15	0
        110418	2025-12-02 12:03:54	1	2	15	0
        110159	2025-12-02 12:03:57	1	2	15	0
        116282	2025-12-02 12:03:58	1	2	15	0
        118157	2025-12-02 12:04:00	1	2	15	0
        117915	2025-12-02 12:04:02	1	2	15	0
        117634	2025-12-02 12:04:04	1	2	15	0
        117769	2025-12-02 12:04:06	1	2	15	0
        117838	2025-12-02 12:04:07	1	2	15	0
        117966	2025-12-02 12:04:09	1	2	15	0
        118186	2025-12-02 12:04:09	1	2	15	0
        110158	2025-12-02 12:04:12	1	2	15	0
        110128	2025-12-02 12:04:15	1	2	15	0
        117991	2025-12-02 12:04:17	1	2	15	0
        117541	2025-12-02 12:04:19	1	2	15	0
        117046	2025-12-02 12:04:22	1	2	15	0
        117259	2025-12-02 12:04:25	1	2	15	0
        118563	2025-12-02 12:04:27	1	2	15	0
        117926	2025-12-02 12:04:28	1	2	15	0
        117487	2025-12-02 12:04:51	1	2	15	0
        117120	2025-12-02 12:04:55	1	2	15	0
        116914	2025-12-02 12:05:18	1	2	15	0
        117080	2025-12-02 12:05:20	1	2	15	0
        117059	2025-12-02 12:05:25	1	2	15	0
        110076	2025-12-02 12:05:34	1	2	15	0
        116252	2025-12-02 12:05:44	1	2	15	0
        116933	2025-12-02 12:05:46	1	2	15	0
        117709	2025-12-02 12:05:55	1	2	15	0
        117849	2025-12-02 12:05:59	1	2	15	0
        118829	2025-12-02 12:06:01	1	2	15	0
        117711	2025-12-02 12:06:01	1	2	15	0
        119535	2025-12-02 12:06:07	1	2	15	0
        117591	2025-12-02 12:06:08	1	2	15	0
        117833	2025-12-02 12:06:11	1	2	15	0
        116297	2025-12-02 12:06:13	1	2	15	0
        117967	2025-12-02 12:06:16	1	2	15	0
        116282	2025-12-02 12:06:32	1	2	15	0
        117915	2025-12-02 12:06:35	1	2	15	0
        118157	2025-12-02 12:06:37	1	2	15	0
        118186	2025-12-02 12:06:39	1	2	15	0
        117634	2025-12-02 12:06:41	1	2	15	0
        116260	2025-12-02 12:06:43	1	2	15	0
        116477	2025-12-02 12:06:46	1	2	15	0
        119272	2025-12-02 12:06:50	1	2	15	0
        110466	2025-12-02 12:07:05	1	2	15	0
        118971	2025-12-02 12:07:21	1	2	15	0
        117114	2025-12-02 12:07:26	1	2	15	0
        119143	2025-12-02 12:07:35	1	2	15	0
        110006	2025-12-02 12:07:39	1	2	15	0
        118640	2025-12-02 12:07:44	1	2	15	0
        110172	2025-12-02 12:07:46	1	2	15	0
        117926	2025-12-02 12:07:58	1	2	15	0
        110354	2025-12-02 12:07:58	1	2	15	0
        117769	2025-12-02 12:08:01	1	2	15	0
        117838	2025-12-02 12:08:03	1	2	15	0
        116747	2025-12-02 12:08:05	1	2	15	0
        117046	2025-12-02 12:08:08	1	2	15	0
        118563	2025-12-02 12:08:11	1	2	15	0
        117966	2025-12-02 12:08:13	1	2	15	0
        117120	2025-12-02 12:08:15	1	2	15	0
        117487	2025-12-02 12:08:22	1	2	15	0
        110483	2025-12-02 12:08:35	1	2	15	0
        110482	2025-12-02 12:08:38	1	2	15	0
        117704	2025-12-02 12:08:43	1	2	15	0
        110051	2025-12-02 12:08:54	1	2	15	0
        117742	2025-12-02 12:09:03	1	2	15	0
        117926	2025-12-02 12:09:10	1	2	15	0
        116428	2025-12-02 12:09:26	1	2	15	0
        118761	2025-12-02 12:09:29	1	2	15	0
        116849	2025-12-02 12:09:30	1	2	15	0
        116787	2025-12-02 12:09:33	1	2	15	0
        116297	2025-12-02 12:09:37	1	2	15	0
        118829	2025-12-02 12:09:39	1	2	15	0
        116778	2025-12-02 12:09:42	1	2	15	0
        119272	2025-12-02 12:09:44	1	2	15	0
        116551	2025-12-02 12:09:48	1	2	15	0
        116995	2025-12-02 12:09:50	1	2	15	0
        110354	2025-12-02 12:09:54	1	2	15	0
        116990	2025-12-02 12:09:56	1	2	15	0
        116477	2025-12-02 12:09:57	1	2	15	0
        118744	2025-12-02 12:10:00	1	2	15	0
        117542	2025-12-02 12:10:02	1	2	15	0
        117997	2025-12-02 12:10:06	1	2	15	0
        117630	2025-12-02 12:10:07	1	2	15	0
        117043	2025-12-02 12:10:13	1	2	15	0
        110006	2025-12-02 12:10:19	1	2	15	0
        117849	2025-12-02 12:10:28	1	2	15	0
        117709	2025-12-02 12:10:29	1	2	15	0
        117567	2025-12-02 12:10:32	1	2	15	0
        119453	2025-12-02 12:10:35	1	2	15	0
        117711	2025-12-02 12:10:36	1	2	15	0
        117632	2025-12-02 12:10:38	1	2	15	0
        110378	2025-12-02 12:10:45	1	2	15	0
        116346	2025-12-02 12:11:15	1	2	15	0
        117144	2025-12-02 12:11:23	1	2	15	0
        110088	2025-12-02 12:11:30	1	2	15	0
        117122	2025-12-02 12:11:35	1	2	15	0
        117770	2025-12-02 12:11:39	1	2	15	0
        110355	2025-12-02 12:11:44	1	2	15	0
        110105	2025-12-02 12:11:48	1	2	15	0
        110356	2025-12-02 12:11:51	1	2	15	0
        117837	2025-12-02 12:11:53	1	2	15	0
        117812	2025-12-02 12:11:56	1	2	15	0
        110197	2025-12-02 12:12:00	1	2	15	0
        117930	2025-12-02 12:12:04	1	2	15	0
        117704	2025-12-02 12:12:06	1	2	15	0
        116787	2025-12-02 12:12:07	1	2	15	0
        116849	2025-12-02 12:12:10	1	2	15	0
        117814	2025-12-02 12:12:12	1	2	15	0
        116551	2025-12-02 12:12:13	1	2	15	0
        116996	2025-12-02 12:12:15	1	2	15	0
        110200	2025-12-02 12:12:18	1	2	15	0
        117642	2025-12-02 12:12:22	1	2	15	0
        110482	2025-12-02 12:12:24	1	2	15	0
        118146	2025-12-02 12:12:36	1	2	15	0
        116069	2025-12-02 12:12:37	1	2	15	0
        117543	2025-12-02 12:12:40	1	2	15	0
        117745	2025-12-02 12:12:42	1	2	15	0
        116990	2025-12-02 12:12:50	1	2	15	0
        117743	2025-12-02 12:12:52	1	2	15	0
        117742	2025-12-02 12:12:53	1	2	15	0
        117680	2025-12-02 12:12:57	1	2	15	0
        119535	2025-12-02 12:13:04	1	2	15	0
        116747	2025-12-02 12:13:09	1	2	15	0
        116472	2025-12-02 12:13:14	1	2	15	0
        110094	2025-12-02 12:13:22	1	2	15	0
        117189	2025-12-02 12:13:27	1	2	15	0
        117807	2025-12-02 12:13:28	1	2	15	0
        118640	2025-12-02 12:13:46	1	2	15	0
        116467	2025-12-02 12:13:48	1	2	15	0
        110475	2025-12-02 12:13:50	1	2	15	0
        116778	2025-12-02 12:13:54	1	2	15	0
        116995	2025-12-02 12:14:02	1	2	15	0
        117043	2025-12-02 12:14:19	1	2	15	0
        110356	2025-12-02 12:14:23	1	2	15	0
        119602	2025-12-02 12:14:27	1	2	15	0
        110355	2025-12-02 12:14:28	1	2	15	0
        116069	2025-12-02 12:14:47	1	2	15	0
        110418	2025-12-02 12:15:25	1	2	15	0
        117529	2025-12-02 12:15:26	1	2	15	0
        110415	2025-12-02 12:15:37	1	2	15	0
        110483	2025-12-02 12:15:41	1	2	15	0
        117616	2025-12-02 12:15:48	1	2	15	0
        110466	2025-12-02 12:16:00	1	2	15	0
        110159	2025-12-02 12:16:06	1	2	15	0
        117814	2025-12-02 12:16:15	1	2	15	0
        110075	2025-12-02 12:16:16	1	2	15	0
        110025	2025-12-02 12:16:19	1	2	15	0
        119364	2025-12-02 12:16:23	1	2	15	0
        117837	2025-12-02 12:16:27	1	2	15	0
        117770	2025-12-02 12:16:29	1	2	15	0
        117812	2025-12-02 12:16:31	1	2	15	0
        117807	2025-12-02 12:16:33	1	2	15	0
        110070	2025-12-02 12:16:36	1	2	15	0
        117189	2025-12-02 12:16:39	1	2	15	0
        117991	2025-12-02 12:16:44	1	2	15	0
        110475	2025-12-02 12:16:52	1	2	15	0
        118761	2025-12-02 12:16:56	1	2	15	0
        116428	2025-12-02 12:16:57	1	2	15	0
        118695	2025-12-02 12:17:01	1	2	15	0
        110358	2025-12-02 12:17:08	1	2	15	0
        117111	2025-12-02 12:17:10	1	2	15	0
        117337	2025-12-02 12:17:18	1	2	15	0
        110366	2025-12-02 12:17:20	1	2	15	0
        117713	2025-12-02 12:17:23	1	2	15	0
        117725	2025-12-02 12:17:25	1	2	15	0
        117697	2025-12-02 12:17:28	1	2	15	0
        117698	2025-12-02 12:17:30	1	2	15	0
        117710	2025-12-02 12:17:32	1	2	15	0
        118146	2025-12-02 12:17:34	1	2	15	0
        110357	2025-12-02 12:17:50	1	2	15	0
        110055	2025-12-02 12:17:56	1	2	15	0
        119493	2025-12-02 12:18:08	1	2	15	0
        110368	2025-12-02 12:18:15	1	2	15	0
        110053	2025-12-02 12:18:21	1	2	15	0
        118043	2025-12-02 12:18:23	1	2	15	0
        116996	2025-12-02 12:18:25	1	2	15	0
        117982	2025-12-02 12:18:27	1	2	15	0
        117921	2025-12-02 12:18:29	1	2	15	0
        117692	2025-12-02 12:18:30	1	2	15	0
        119104	2025-12-02 12:18:32	1	2	15	0
        117591	2025-12-02 12:18:33	1	2	15	0
        117219	2025-12-02 12:18:40	1	2	15	0
        116383	2025-12-02 12:18:42	1	2	15	0
        110094	2025-12-02 12:18:47	1	2	15	0
        116422	2025-12-02 12:18:53	1	2	15	0
        119602	2025-12-02 12:18:56	1	2	15	0
        117642	2025-12-02 12:19:00	1	2	15	0
        110158	2025-12-02 12:19:04	1	2	15	0
        118744	2025-12-02 12:19:07	1	2	15	0
        116296	2025-12-02 12:19:15	1	2	15	0
        110025	2025-12-02 12:19:28	1	2	15	0
        119364	2025-12-02 12:19:30	1	2	15	0
        110075	2025-12-02 12:19:39	1	2	15	0
        117972	2025-12-02 12:19:42	1	2	15	0
        119227	2025-12-02 12:19:47	1	2	15	0
        110055	2025-12-02 12:20:00	1	2	15	0
        119006	2025-12-02 12:20:11	1	2	15	0
        117542	2025-12-02 12:20:14	1	2	15	0
        119493	2025-12-02 12:20:16	1	2	15	0
        110200	2025-12-02 12:20:26	1	2	15	0
        116467	2025-12-02 12:20:29	1	2	15	0
        119449	2025-12-02 12:20:30	1	2	15	0
        110084	2025-12-02 12:20:40	1	2	15	0
        110367	2025-12-02 12:20:51	1	2	15	0
        117920	2025-12-02 12:20:54	1	2	15	0
        116426	2025-12-02 12:20:58	1	2	15	0
        117850	2025-12-02 12:21:01	1	2	15	0
        117707	2025-12-02 12:21:03	1	2	15	0
        117219	2025-12-02 12:21:05	1	2	15	0
        116422	2025-12-02 12:21:07	1	2	15	0
        118835	2025-12-02 12:21:09	1	2	15	0
        110393	2025-12-02 12:21:11	1	2	15	0
        110413	2025-12-02 12:21:14	1	2	15	0
        117713	2025-12-02 12:21:19	1	2	15	0
        117567	2025-12-02 12:21:30	1	2	15	0
        117698	2025-12-02 12:21:42	1	2	15	0
        116142	2025-12-02 12:21:44	1	2	15	0
        117710	2025-12-02 12:21:47	1	2	15	0
        117725	2025-12-02 12:21:48	1	2	15	0
        117697	2025-12-02 12:21:50	1	2	15	0
        110368	2025-12-02 12:21:53	1	2	15	0
        110358	2025-12-02 12:22:03	1	2	15	0
        116453	2025-12-02 12:22:06	1	2	15	0
        118753	2025-12-02 12:22:08	1	2	15	0
        110366	2025-12-02 12:22:11	1	2	15	0
        119006	2025-12-02 12:22:14	1	2	15	0
        118862	2025-12-02 12:22:20	1	2	15	0
        118782	2025-12-02 12:22:24	1	2	15	0
        119104	2025-12-02 12:22:25	1	2	15	0
        117121	2025-12-02 12:22:31	1	2	15	0
        117897	2025-12-02 12:22:32	1	2	15	0
        119365	2025-12-02 12:22:42	1	2	15	0
        116493	2025-12-02 12:22:43	1	2	15	0
        110116	2025-12-02 12:22:48	1	2	15	0
        118584	2025-12-02 12:22:52	1	2	15	0
        117692	2025-12-02 12:23:38	1	2	15	0
        118458	2025-12-02 12:23:40	1	2	15	0
        117921	2025-12-02 12:23:40	1	2	15	0
        117982	2025-12-02 12:23:44	1	2	15	0
        117998	2025-12-02 12:23:45	1	2	15	0
        110032	2025-12-02 12:23:51	1	2	15	0
        117716	2025-12-02 12:23:54	1	2	15	0
        119157	2025-12-02 12:23:56	1	2	15	0
        110077	2025-12-02 12:24:35	1	2	15	0
        117114	2025-12-02 12:25:01	1	2	15	0
        118753	2025-12-02 12:25:09	1	2	15	0
        110053	2025-12-02 12:25:11	1	2	15	0
        118043	2025-12-02 12:25:15	1	2	15	0
        116383	2025-12-02 12:25:18	1	2	15	0
        117133	2025-12-02 12:25:29	1	2	15	0
        117497	2025-12-02 12:25:37	1	2	15	0
        119157	2025-12-02 12:25:43	1	2	15	0
        116337	2025-12-02 12:25:47	1	2	15	0
        117077	2025-12-02 12:25:49	1	2	15	0
        116537	2025-12-02 12:25:51	1	2	15	0
        110090	2025-12-02 12:25:53	1	2	15	0
        117840	2025-12-02 12:25:58	1	2	15	0
        116453	2025-12-02 12:26:01	1	2	15	0
        110372	2025-12-02 12:26:07	1	2	15	0
        110413	2025-12-02 12:26:11	1	2	15	0
        110393	2025-12-02 12:26:14	1	2	15	0
        118580	2025-12-02 12:26:18	1	2	15	0
        118584	2025-12-02 12:26:22	1	2	15	0
        116835	2025-12-02 12:26:31	1	2	15	0
        116472	2025-12-02 12:26:37	1	2	15	0
        110105	2025-12-02 12:27:16	1	2	15	0
        117113	2025-12-02 12:27:26	1	2	15	0
        118782	2025-12-02 12:27:29	1	2	15	0
        117483	2025-12-02 12:27:39	1	2	15	0
        116493	2025-12-02 12:27:43	1	2	15	0
        119365	2025-12-02 12:27:46	1	2	15	0
        117897	2025-12-02 12:28:00	1	2	15	0
        117059	2025-12-02 12:28:02	1	2	15	0
        117121	2025-12-02 12:28:05	1	2	15	0
        110183	2025-12-02 12:28:11	1	2	15	0
        117699	2025-12-02 12:28:14	1	2	15	0
        119340	2025-12-02 12:28:20	1	2	15	0
        117998	2025-12-02 12:28:26	1	2	15	0
        118753	2025-12-02 12:28:32	1	2	15	0
        117716	2025-12-02 12:28:35	1	2	15	0
        118835	2025-12-02 12:28:42	1	2	15	0
        110377	2025-12-02 12:29:00	1	2	15	0
        110376	2025-12-02 12:29:05	1	2	15	0
        110329	2025-12-02 12:29:10	1	2	15	0
        110055	2025-12-02 12:29:21	1	2	15	0
        118458	2025-12-02 12:29:38	1	2	15	0
        117930	2025-12-02 12:29:42	1	2	15	0
        117483	2025-12-02 12:29:44	1	2	15	0
        116337	2025-12-02 12:29:49	1	2	15	0
        117224	2025-12-02 12:29:51	1	2	15	0
        116835	2025-12-02 12:29:53	1	2	15	0
        110357	2025-12-02 12:29:58	1	2	15	0
        110372	2025-12-02 12:29:59	1	2	15	0
        116537	2025-12-02 12:30:01	1	2	15	0
        117133	2025-12-02 12:30:05	1	2	15	0
        118503	2025-12-02 12:31:01	1	3	15	0
        119340	2025-12-02 12:31:13	1	3	15	0
        117222	2025-12-02 12:31:28	1	3	15	0
        119227	2025-12-02 12:31:40	1	3	15	0
        116346	2025-12-02 12:31:53	1	3	15	0
        116497	2025-12-02 12:31:57	1	3	15	0
        116072	2025-12-02 12:32:03	1	3	15	0
        117077	2025-12-02 12:32:05	1	3	15	0
        119571	2025-12-02 12:32:07	1	3	15	0
        119449	2025-12-02 12:32:13	1	3	15	0
        110032	2025-12-02 12:34:20	1	3	15	0
        117743	2025-12-02 12:35:21	1	3	15	0
        117745	2025-12-02 12:35:23	1	3	15	0
        118503	2025-12-02 12:35:31	1	3	15	0
        110197	2025-12-02 12:35:55	1	3	15	0
        116497	2025-12-02 12:36:04	1	3	15	0
        116072	2025-12-02 12:36:08	1	3	15	0
        116142	2025-12-02 12:36:59	1	3	15	0
        117222	2025-12-02 12:37:13	1	3	15	0
        117645	2025-12-02 12:37:20	1	3	15	0
        117972	2025-12-02 12:37:44	1	3	15	0
        117699	2025-12-02 12:37:49	1	3	15	0
        117103	2025-12-02 12:37:58	1	3	15	0
        117054	2025-12-02 12:38:18	1	3	15	0
        117212	2025-12-02 12:38:21	1	3	15	0
        110367	2025-12-02 12:39:32	1	3	15	0
        117850	2025-12-02 12:39:34	1	3	15	0
        117920	2025-12-02 12:39:37	1	3	15	0
        116504	2025-12-02 12:39:40	1	3	15	0
        117707	2025-12-02 12:39:44	1	3	15	0
        117630	2025-12-02 12:40:15	1	3	15	0
        110329	2025-12-02 12:41:03	1	3	15	0
        117103	2025-12-02 12:42:02	1	3	15	0
        116512	2025-12-02 12:42:11	1	3	15	0
        116751	2025-12-02 12:42:13	1	3	15	0
        116504	2025-12-02 12:42:25	1	3	15	0
        118862	2025-12-02 12:42:52	1	3	15	0
        117541	2025-12-02 12:44:20	1	3	15	0
        117259	2025-12-02 12:44:22	1	3	15	0
        116279	2025-12-02 12:44:51	1	3	15	0
        110083	2025-12-02 12:45:04	1	3	15	0
        110070	2025-12-02 12:47:08	1	3	15	0
        110083	2025-12-02 12:47:31	1	3	15	0
        119494	2025-12-02 12:48:07	1	3	15	0
        116805	2025-12-02 12:48:30	1	3	15	0
        117091	2025-12-02 12:48:32	1	3	15	0
        118369	2025-12-02 12:48:35	1	3	15	0
        117061	2025-12-02 12:48:37	1	3	15	0
        117981	2025-12-02 12:48:39	1	3	15	0
        116356	2025-12-02 12:48:41	1	3	15	0
        117542	2025-12-02 12:49:13	1	3	15	0
        110128	2025-12-02 12:49:15	1	3	15	0
        116828	2025-12-02 12:49:50	1	3	1	0
        110183	2025-12-02 12:49:56	1	3	15	0
        110065	2025-12-02 12:49:58	1	3	15	0
        117644	2025-12-02 12:50:00	1	3	15	0
        119494	2025-12-02 12:50:27	1	3	15	0
        117644	2025-12-02 12:51:18	1	3	15	0
        117841	2025-12-02 12:51:32	1	3	15	0
        119143	2025-12-02 12:51:41	1	3	15	0
        117114	2025-12-02 12:52:11	1	3	15	0
        116805	2025-12-02 12:53:16	1	3	15	0
        117981	2025-12-02 12:53:19	1	3	15	0
        117061	2025-12-02 12:53:23	1	3	15	0
        117091	2025-12-02 12:53:27	1	3	15	0
        118369	2025-12-02 12:53:29	1	3	15	0
        116356	2025-12-02 12:53:29	1	3	15	0
        116483	2025-12-02 12:53:41	1	3	15	0
        119070	2025-12-02 12:53:43	1	3	15	0
        118455	2025-12-02 12:53:46	1	3	15	0
        110057	2025-12-02 12:53:47	1	3	15	0
        110074	2025-12-02 12:53:50	1	3	15	0
        110090	2025-12-02 12:53:52	1	3	15	0
        116828	2025-12-02 12:53:55	1	3	1	0
        118207	2025-12-02 12:54:01	1	3	15	0
        117529	2025-12-02 12:54:26	1	3	15	0
        117841	2025-12-02 12:56:15	1	3	15	0
        118207	2025-12-02 12:57:51	1	3	15	0
        118455	2025-12-02 12:58:40	1	3	15	0
        116483	2025-12-02 12:58:42	1	3	15	0
        110074	2025-12-02 12:58:43	1	3	15	0
        119070	2025-12-02 12:58:46	1	3	15	0
        110057	2025-12-02 12:58:50	1	3	15	0
        117815	2025-12-02 13:04:13	1	3	15	0
        110085	2025-12-02 13:07:21	1	3	15	0
        119449	2025-12-02 13:07:24	1	3	15	0
        116137	2025-12-02 13:08:46	1	3	15	0
        117644	2025-12-02 14:55:03	1	3	15	0
        116493	2025-12-02 15:10:41	1	3	15	0
        117224	2025-12-02 16:00:52	1	1	15	0
        117769	2025-12-02 16:02:36	1	1	15	0
        117838	2025-12-02 16:02:38	1	1	15	0
        117930	2025-12-02 16:05:03	1	1	15	0
        118640	2025-12-02 16:05:45	1	1	15	0
        117967	2025-12-02 16:12:04	1	1	15	0
        116551	2025-12-02 16:12:41	1	1	15	0
        119365	2025-12-02 16:23:29	1	1	15	0
        117745	2025-12-02 16:25:48	1	1	15	0
        117743	2025-12-02 16:25:49	1	1	15	0
        119070	2025-12-02 16:38:54	1	1	15	0
        119340	2025-12-02 16:57:57	1	1	15	0
        118829	2025-12-02 16:58:59	1	1	15	0
        116279	2025-12-02 17:00:06	1	1	15	0
        110358	2025-12-02 17:01:34	1	1	15	0
        117043	2025-12-02 17:02:14	1	1	15	0
        117222	2025-12-02 17:02:21	1	1	15	0
        117483	2025-12-02 17:02:43	1	1	15	0
        117982	2025-12-02 17:02:46	1	1	15	0
        117815	2025-12-02 17:02:48	1	1	15	0
        119006	2025-12-02 17:03:32	1	1	15	0
        110415	2025-12-02 17:05:15	1	1	15	0
        110376	2025-12-02 17:05:36	1	1	15	0
        110377	2025-12-02 17:05:40	1	1	15	0
        117920	2025-12-02 17:05:44	1	1	15	0
        117997	2025-12-02 17:07:04	1	1	15	0
        110065	2025-12-02 17:08:20	1	1	15	0
        119143	2025-12-02 17:08:57	1	1	15	0
        117189	2025-12-02 17:10:55	1	1	15	0
        110357	2025-12-02 17:14:34	1	1	15	0
        110051	2025-12-02 17:15:34	1	1	15	0
        117770	2025-12-02 17:15:42	1	1	15	0
        110356	2025-12-02 17:15:59	1	1	15	0
        117840	2025-12-02 17:16:46	1	1	15	0
        118043	2025-12-02 17:17:02	1	1	15	0
        110483	2025-12-02 17:17:16	1	1	15	0
        117692	2025-12-02 17:17:21	1	1	15	0
        119386	2025-12-02 17:17:53	1	1	15	0
        110076	2025-12-02 17:19:19	1	1	15	0
        110378	2025-12-02 17:20:34	1	1	15	0
        117991	2025-12-02 17:20:50	1	1	15	0
        116472	2025-12-02 17:20:57	1	1	15	0
        116996	2025-12-02 17:21:10	1	1	15	0
        116504	2025-12-02 17:22:35	1	1	15	0
        118455	2025-12-02 17:22:37	1	1	15	0
        118146	2025-12-02 17:22:42	1	1	15	0
        117850	2025-12-02 17:24:01	1	1	15	0
        117541	2025-12-02 17:25:06	1	1	15	0
        116356	2025-12-02 17:25:43	1	1	15	0
        110366	2025-12-02 17:26:22	1	1	15	0
        118835	2025-12-02 17:26:28	1	1	15	0
        110053	2025-12-02 17:28:05	1	1	15	0
        118186	2025-12-02 17:30:51	1	1	15	0
        117704	2025-12-02 17:31:02	1	1	15	0
        117725	2025-12-02 17:31:06	1	1	15	0
        117698	2025-12-02 17:31:09	1	1	15	0
        117710	2025-12-02 17:31:10	1	1	15	0
        116297	2025-12-02 17:31:21	1	1	15	0
        116428	2025-12-02 17:31:30	1	1	15	0
        116496	2025-12-02 17:33:57	1	1	15	0
        117833	2025-12-02 17:34:07	1	1	15	0
        117707	2025-12-02 17:34:19	1	1	15	0
        117567	2025-12-02 17:34:45	1	1	15	0
        110025	2025-12-02 17:35:29	1	1	15	0
        116914	2025-12-02 17:36:11	1	1	15	0
        119104	2025-12-02 17:37:45	1	1	15	0
        118369	2025-12-02 17:38:08	1	1	15	0
        117921	2025-12-02 17:38:16	1	1	15	0
        117113	2025-12-02 17:38:29	1	1	15	0
        116337	2025-12-02 17:38:32	1	1	15	0
        110354	2025-12-02 17:38:35	1	1	15	0
        116483	2025-12-02 17:39:49	1	1	15	0
        116537	2025-12-02 17:40:24	1	1	15	0
        116296	2025-12-02 17:40:57	1	1	15	0
        116787	2025-12-02 17:41:46	1	1	15	0
        118707	2025-12-02 17:42:08	1	1	15	0
        110367	2025-12-02 17:42:17	1	1	15	0
        117733	2025-12-02 17:42:21	1	1	15	0
        117697	2025-12-02 17:42:30	1	1	15	0
        110368	2025-12-02 17:42:32	1	1	15	0
        116828	2025-12-02 17:42:49	1	1	1	0
        117713	2025-12-02 17:42:57	1	1	15	0
        110475	2025-12-02 17:43:32	1	1	15	0
        119493	2025-12-02 17:43:43	1	1	15	0
        118744	2025-12-02 17:43:57	1	1	15	0
        117091	2025-12-02 17:44:28	1	1	15	0
        116995	2025-12-02 17:44:30	1	1	15	0
        116996	2025-12-02 17:44:32	1	1	15	0
        117114	2025-12-02 17:44:40	1	1	15	0
        117542	2025-12-02 17:45:14	1	1	15	0
        118580	2025-12-02 17:45:19	1	1	15	0
        116383	2025-12-02 17:45:23	1	1	15	0
        117699	2025-12-02 17:45:50	1	1	15	0
        117630	2025-12-02 17:45:59	1	1	15	0
        117487	2025-12-02 17:46:03	1	1	15	0
        110084	2025-12-02 17:46:50	1	1	15	0
        119571	2025-12-02 17:47:43	1	1	15	0
        117059	2025-12-02 17:47:48	1	1	15	0
        117111	2025-12-02 17:47:52	1	1	15	0
        117711	2025-12-02 17:48:11	1	1	15	0
        110183	2025-12-02 17:48:21	1	1	15	0
        110197	2025-12-02 17:48:45	1	1	15	0
        116142	2025-12-02 17:49:00	1	1	15	0
        118458	2025-12-02 17:49:49	1	1	15	0
        117926	2025-12-02 17:50:13	1	1	15	0
        117716	2025-12-02 17:50:17	1	1	15	0
        116142	2025-12-02 17:50:25	1	1	15	0
        118503	2025-12-02 17:50:29	1	1	15	0
        110128	2025-12-02 17:50:44	1	1	15	0
        117998	2025-12-02 17:51:10	1	1	15	0
        110074	2025-12-02 17:51:53	1	1	15	0
        110329	2025-12-02 17:52:51	1	1	15	0
        110085	2025-12-02 17:53:38	1	1	15	0
        110158	2025-12-02 17:55:19	1	1	15	0
        116751	2025-12-02 17:56:12	1	1	15	0
        116512	2025-12-02 17:56:35	1	1	15	0
        110083	2025-12-02 17:56:47	1	1	15	0
        117212	2025-12-02 17:57:05	1	1	15	0
        116778	2025-12-02 17:59:31	1	1	15	0
        116849	2025-12-02 17:59:44	1	1	15	0
        110159	2025-12-02 18:00:21	1	1	15	0
        116467	2025-12-02 18:00:30	1	1	15	0
        117642	2025-12-02 18:00:34	1	1	15	0
        117849	2025-12-02 18:00:38	1	1	15	0
        117645	2025-12-02 18:00:42	1	1	15	0
        116477	2025-12-02 18:00:45	1	1	15	0
        117841	2025-12-02 18:00:47	1	1	15	0
        117046	2025-12-02 18:00:59	1	1	15	0
        110418	2025-12-02 18:01:01	1	1	15	0
        118563	2025-12-02 18:01:03	1	1	15	0
        110070	2025-12-02 18:01:06	1	1	15	0
        117814	2025-12-02 18:01:40	1	1	15	0
        110077	2025-12-02 18:01:42	1	1	15	0
        116282	2025-12-02 18:02:38	1	1	15	0
        110482	2025-12-02 18:02:48	1	1	15	0
        117077	2025-12-02 18:03:09	1	1	15	0
        110172	2025-12-02 18:03:44	1	1	15	0
        116069	2025-12-02 18:04:33	1	1	15	0
        117837	2025-12-02 18:04:35	1	1	15	0
        117812	2025-12-02 18:04:36	1	1	15	0
        116990	2025-12-02 18:04:41	1	1	15	0
        110393	2025-12-02 18:05:06	1	1	15	0
        117981	2025-12-02 18:06:09	1	1	15	0
        117061	2025-12-02 18:06:10	1	1	15	0
        116497	2025-12-02 18:06:12	1	1	15	0
        116805	2025-12-02 18:06:14	1	1	15	0
        117709	2025-12-02 18:06:16	1	1	15	0
        116747	2025-12-02 18:06:54	1	1	15	0
        117080	2025-12-02 18:07:01	1	1	15	0
        119157	2025-12-02 18:09:08	1	1	15	0
        119535	2025-12-02 18:09:55	1	1	15	0
        110413	2025-12-02 18:10:45	1	1	15	0
        110105	2025-12-02 18:11:46	1	1	15	0
        117543	2025-12-02 18:13:36	1	1	15	0
        110355	2025-12-02 18:14:25	1	1	15	0
        117897	2025-12-02 18:18:13	1	1	15	0
        110075	2025-12-02 18:21:59	1	1	15	0
        119364	2025-12-02 18:22:01	1	1	15	0
        110057	2025-12-02 18:22:05	1	1	15	0
        117144	2025-12-02 18:23:12	1	1	15	0
        110055	2025-12-02 18:24:38	1	1	15	0
        116260	2025-12-02 18:29:49	1	1	15	0
        118157	2025-12-02 18:30:44	1	1	15	0
        118782	2025-12-02 18:32:24	1	1	15	0
        110032	2025-12-02 18:33:03	1	1	15	0
        117121	2025-12-02 18:33:28	1	1	15	0
        118862	2025-12-02 18:35:31	1	1	15	0
        118753	2025-12-02 18:38:07	1	1	15	0
        117634	2025-12-02 18:38:23	1	1	15	0
        117915	2025-12-02 18:38:25	1	1	15	0
        117529	2025-12-02 18:39:55	1	1	15	0
        117103	2025-12-02 18:40:42	1	1	15	0
        118971	2025-12-02 18:40:45	1	1	15	0
        117807	2025-12-02 18:41:32	1	1	15	0
        117122	2025-12-02 18:41:48	1	1	15	0
        110088	2025-12-02 18:43:49	1	1	15	0
        117616	2025-12-02 18:49:15	1	1	15	0
        116252	2025-12-02 18:49:25	1	1	15	0
        119453	2025-12-02 18:49:36	1	1	15	0
        118695	2025-12-02 19:02:11	1	1	15	0
        117120	2025-12-02 19:02:14	1	1	15	0
        117337	2025-12-02 19:02:16	1	1	15	0
        117219	2025-12-02 19:02:48	1	1	15	0
        116422	2025-12-02 19:02:49	1	1	15	0
        117497	2025-12-02 19:03:37	1	1	15	0
        110116	2025-12-02 19:03:48	1	1	15	0
        117632	2025-12-02 19:03:55	1	1	15	0
        110090	2025-12-02 19:06:09	1	1	15	0
        117680	2025-12-02 19:07:24	1	1	15	0
        110466	2025-12-02 19:08:15	1	1	15	0
        117632	2025-12-02 19:08:20	1	1	15	0
        119263	2025-12-02 19:08:53	1	1	15	0
        117259	2025-12-02 19:09:45	1	1	15	0
        116346	2025-12-02 19:18:26	1	1	15	0
        118584	2025-12-02 19:18:30	1	1	15	0
        117742	2025-12-02 19:18:53	1	1	15	0
        118761	2025-12-02 19:18:59	1	1	15	0
        116933	2025-12-02 19:19:46	1	1	15	0
        119602	2025-12-02 19:24:11	1	1	15	0
        117054	2025-12-02 19:26:14	1	1	15	0
        117591	2025-12-02 19:30:32	1	1	15	0
        110200	2025-12-02 19:55:40	1	1	15	0
        119227	2025-12-02 20:08:38	1	1	15	0
        116072	2025-12-02 20:08:40	1	1	15	0
        119449	2025-12-02 20:16:00	1	1	15	0
        119272	2025-12-02 20:39:10	1	1	15	0
        110094	2025-12-02 21:41:25	1	1	15	0
        117999	2025-12-02 21:45:53	1	1	15	0
        110354	2025-12-03 04:01:02	1	0	15	0
        117061	2025-12-03 05:55:11	1	0	15	0
        116148	2025-12-03 06:05:41	1	0	15	0
        117219	2025-12-03 06:11:45	1	0	15	0
        116422	2025-12-03 06:15:33	1	0	15	0
        118146	2025-12-03 06:20:18	1	0	15	0
        119070	2025-12-03 06:31:32	1	0	15	0
        118992	2025-12-03 06:42:08	1	0	15	0
        117147	2025-12-03 06:44:23	1	0	15	0
        116551	2025-12-03 06:46:56	1	0	15	0
        110051	2025-12-03 06:49:58	1	0	15	0
        117704	2025-12-03 06:50:37	1	0	15	0
        117337	2025-12-03 06:51:53	1	0	15	0
        118835	2025-12-03 06:52:57	1	0	15	0
        117838	2025-12-03 06:56:32	1	0	15	0
        117833	2025-12-03 07:00:22	1	0	15	0
        117769	2025-12-03 07:05:32	1	0	15	0
        119602	2025-12-03 07:07:54	1	0	15	0
        110415	2025-12-03 07:09:49	1	0	15	0
        110466	2025-12-03 07:09:53	1	0	15	0
        117059	2025-12-03 07:09:59	1	0	15	0
        118157	2025-12-03 07:10:13	1	0	15	0
        110193	2025-12-03 07:11:02	1	0	15	0
        119365	2025-12-03 07:12:59	1	0	15	0
        117966	2025-12-03 07:13:17	1	0	15	0
        116479	2025-12-03 07:15:12	1	0	15	0
        110358	2025-12-03 07:15:21	1	0	15	0
        117982	2025-12-03 07:16:36	1	0	15	0
        118640	2025-12-03 07:19:45	1	0	15	0
        119143	2025-12-03 07:21:12	1	0	15	0
        117770	2025-12-03 07:22:09	1	0	15	0
        118580	2025-12-03 07:23:16	1	0	15	0
        117972	2025-12-03 07:28:29	1	0	15	0
        110094	2025-12-03 07:29:24	1	0	15	0
        116426	2025-12-03 07:30:28	1	0	15	0
        117840	2025-12-03 07:33:41	1	0	15	0
        119272	2025-12-03 07:34:19	1	0	15	0
        110475	2025-12-03 07:34:58	1	0	15	0
        118043	2025-12-03 07:35:24	1	0	15	0
        117487	2025-12-03 07:35:37	1	0	15	0
        116428	2025-12-03 07:35:40	1	0	15	0
        117745	2025-12-03 07:35:50	1	0	15	0
        117743	2025-12-03 07:35:53	1	0	15	0
        116142	2025-12-03 07:35:57	1	0	15	0
        116995	2025-12-03 07:36:27	1	0	15	0
        110357	2025-12-03 07:36:49	1	0	15	0
        117680	2025-12-03 07:37:20	1	0	15	0
        117733	2025-12-03 07:38:20	1	0	15	0
        117133	2025-12-03 07:38:32	1	0	15	0
        110367	2025-12-03 07:38:45	1	0	15	0
        116504	2025-12-03 07:39:23	1	0	15	0
        117814	2025-12-03 07:39:28	1	0	15	0
        117483	2025-12-03 07:39:40	1	0	15	0
        110356	2025-12-03 07:40:10	1	0	15	0
        110355	2025-12-03 07:40:18	1	0	15	0
        116297	2025-12-03 07:40:27	1	0	15	0
        110483	2025-12-03 07:40:36	1	0	15	0
        110144	2025-12-03 07:41:25	1	0	15	0
        110377	2025-12-03 07:42:09	1	0	15	0
        110329	2025-12-03 07:43:03	1	0	15	0
        118744	2025-12-03 07:44:03	1	0	15	0
        117707	2025-12-03 07:44:30	1	0	15	0
        117710	2025-12-03 07:44:45	1	0	15	0
        117713	2025-12-03 07:46:21	1	0	15	0
        110378	2025-12-03 07:46:26	1	0	15	0
        110053	2025-12-03 07:46:31	1	0	15	0
        116072	2025-12-03 07:47:04	1	0	15	0
        117850	2025-12-03 07:47:42	1	0	15	0
        117921	2025-12-03 07:48:03	1	0	15	0
        110063	2025-12-03 07:48:22	1	0	15	0
        110376	2025-12-03 07:48:35	1	0	15	0
        110418	2025-12-03 07:50:36	1	0	15	0
        116828	2025-12-03 07:52:02	1	0	1	0
        117111	2025-12-03 07:52:08	1	0	15	0
        110200	2025-12-03 07:53:11	1	0	15	0
        117997	2025-12-03 07:54:42	1	0	15	0
        110025	2025-12-03 07:54:45	1	0	15	0
        116960	2025-12-03 07:55:16	1	0	15	0
        119453	2025-12-03 07:55:21	1	0	15	0
        110074	2025-12-03 07:56:09	1	0	15	0
        117189	2025-12-03 07:57:15	1	0	15	0
        110074	2025-12-03 07:57:47	1	0	15	0
        117920	2025-12-03 07:57:54	1	0	15	0
        110183	2025-12-03 07:58:20	1	0	15	0
        110366	2025-12-03 07:58:54	1	0	15	0
        110372	2025-12-03 07:59:01	1	0	15	0
        117632	2025-12-03 07:59:12	1	0	15	0
        117591	2025-12-03 07:59:24	1	0	15	0
        116493	2025-12-03 07:59:28	1	0	15	0
        117839	2025-12-03 07:59:31	1	0	15	0
        117497	2025-12-03 07:59:44	1	0	15	0
        119340	2025-12-03 07:59:55	1	0	15	0
        110006	2025-12-03 08:00:50	1	0	15	0
        117642	2025-12-03 08:01:37	1	0	15	0
        117991	2025-12-03 08:01:44	1	0	15	0
        110197	2025-12-03 08:03:12	1	0	15	0
        117121	2025-12-03 08:03:24	1	0	15	0
        119157	2025-12-03 08:03:41	1	0	15	0
        118455	2025-12-03 08:04:38	1	0	15	0
        117697	2025-12-03 08:04:46	1	0	15	0
        117644	2025-12-03 08:05:33	1	0	15	0
        110482	2025-12-03 08:05:41	1	0	15	0
        110368	2025-12-03 08:06:06	1	0	15	0
        116279	2025-12-03 08:06:19	1	0	15	0
        117114	2025-12-03 08:06:26	1	0	15	0
        110065	2025-12-03 08:06:44	1	0	15	0
        116483	2025-12-03 08:10:55	1	0	15	0
        116296	2025-12-03 08:11:03	1	0	15	0
        117692	2025-12-03 08:12:07	1	0	15	0
        116356	2025-12-03 08:12:35	1	0	15	0
        117742	2025-12-03 08:12:53	1	0	15	0
        117807	2025-12-03 08:13:02	1	0	15	0
        117930	2025-12-03 08:14:37	1	0	15	0
        118046	2025-12-03 08:14:51	1	0	15	0
        110413	2025-12-03 08:15:28	1	0	15	0
        118186	2025-12-03 08:16:40	1	0	15	0
        117542	2025-12-03 08:17:01	1	0	15	0
        116467	2025-12-03 08:18:14	1	0	15	0
        116747	2025-12-03 08:18:39	1	0	15	0
        110062	2025-12-03 08:18:51	1	0	15	0
        119282	2025-12-03 08:19:05	1	0	15	0
        117699	2025-12-03 08:19:53	1	0	15	0
        117222	2025-12-03 08:20:22	1	0	15	0
        119006	2025-12-03 08:20:58	1	0	15	0
        118707	2025-12-03 08:22:10	1	0	15	0
        117981	2025-12-03 08:22:42	1	0	15	0
        117541	2025-12-03 08:22:43	1	0	15	0
        117725	2025-12-03 08:23:37	1	0	15	0
        117698	2025-12-03 08:23:39	1	0	15	0
        117811	2025-12-03 08:24:18	1	0	15	0
        119535	2025-12-03 08:24:49	1	0	15	0
        117630	2025-12-03 08:25:05	1	0	15	0
        110105	2025-12-03 08:26:27	1	0	15	0
        117113	2025-12-03 08:26:38	1	0	15	0
        117543	2025-12-03 08:26:40	1	0	15	0
        117259	2025-12-03 08:26:42	1	0	15	0
        118829	2025-12-03 08:26:46	1	0	15	0
        116778	2025-12-03 08:26:48	1	0	15	0
        110076	2025-12-03 08:27:12	1	0	15	0
        117616	2025-12-03 08:29:05	1	0	15	0
        118369	2025-12-03 08:29:14	1	0	15	0
        116496	2025-12-03 08:29:19	1	0	15	0
        116346	2025-12-03 08:29:36	1	0	15	0
        119449	2025-12-03 08:30:03	1	0	15	0
        116282	2025-12-03 08:30:39	1	0	15	0
        116383	2025-12-03 08:30:45	1	0	15	0
        119104	2025-12-03 08:30:48	1	0	15	0
        117716	2025-12-03 08:31:29	1	0	15	0
        110070	2025-12-03 08:31:36	1	0	15	0
        117224	2025-12-03 08:31:50	1	0	15	0
        116497	2025-12-03 08:32:03	1	0	15	0
        116537	2025-12-03 08:32:05	1	0	15	0
        117998	2025-12-03 08:33:01	1	0	15	0
        118695	2025-12-03 08:34:26	1	0	15	0
        117897	2025-12-03 08:34:38	1	0	15	0
        118207	2025-12-03 08:34:50	1	0	15	0
        119494	2025-12-03 08:34:57	1	0	15	0
        110077	2025-12-03 08:35:54	1	0	15	0
        110075	2025-12-03 08:36:23	1	0	15	0
        119386	2025-12-03 08:36:52	1	0	15	0
        116512	2025-12-03 08:38:15	1	0	15	0
        116751	2025-12-03 08:38:17	1	0	15	0
        119571	2025-12-03 08:38:36	1	0	15	0
        119494	2025-12-03 08:39:55	1	0	15	0
        110128	2025-12-03 08:40:30	1	0	15	0
        119263	2025-12-03 08:40:42	1	0	15	0
        116914	2025-12-03 08:40:57	1	0	15	0
        110158	2025-12-03 08:41:20	1	0	15	0
        117915	2025-12-03 08:41:31	1	0	15	0
        117634	2025-12-03 08:41:33	1	0	15	0
        117080	2025-12-03 08:41:40	1	0	15	0
        117926	2025-12-03 08:41:50	1	0	15	0
        110100	2025-12-03 08:42:07	1	0	15	0
        116787	2025-12-03 08:42:11	1	0	15	0
        110083	2025-12-03 08:42:45	1	0	15	0
        118503	2025-12-03 08:43:15	1	0	15	0
        117144	2025-12-03 08:43:28	1	0	15	0
        110032	2025-12-03 08:43:36	1	0	15	0
        117837	2025-12-03 08:44:38	1	0	15	0
        117046	2025-12-03 08:44:56	1	0	15	0
        117120	2025-12-03 08:44:59	1	0	15	0
        117711	2025-12-03 08:45:52	1	0	15	0
        117967	2025-12-03 08:46:32	1	0	15	0
        110116	2025-12-03 08:47:56	1	0	15	0
        110173	2025-12-03 08:49:34	1	0	15	0
        117841	2025-12-03 08:49:37	1	0	15	0
        110172	2025-12-03 08:50:07	1	0	15	0
        119364	2025-12-03 08:50:37	1	0	15	0
        119227	2025-12-03 08:51:00	1	0	15	0
        117849	2025-12-03 08:52:05	1	0	15	0
        118761	2025-12-03 08:52:09	1	0	15	0
        110195	2025-12-03 08:52:28	1	0	15	0
        117054	2025-12-03 08:52:32	1	0	15	0
        110088	2025-12-03 08:52:34	1	0	15	0
        117212	2025-12-03 08:52:37	1	0	15	0
        118971	2025-12-03 08:53:30	1	0	15	0
        116260	2025-12-03 08:53:58	1	0	15	0
        117815	2025-12-03 08:54:03	1	0	15	0
        117567	2025-12-03 08:54:10	1	0	15	0
        116069	2025-12-03 08:54:53	1	0	15	0
        116805	2025-12-03 08:55:24	1	0	15	0
        118782	2025-12-03 08:55:34	1	0	15	0
        117645	2025-12-03 08:56:31	1	0	15	0
        116849	2025-12-03 08:56:52	1	0	15	0
        117156	2025-12-03 08:58:06	1	0	15	0
        119493	2025-12-03 08:58:10	1	0	15	0
        116933	2025-12-03 08:58:56	1	0	15	0
        117341	2025-12-03 08:59:14	1	0	15	0
        110085	2025-12-03 09:00:14	1	0	15	0
        118458	2025-12-03 09:00:35	1	0	15	0
        110055	2025-12-03 09:00:42	1	0	15	0
        118862	2025-12-03 09:01:17	1	0	15	0
        110090	2025-12-03 09:01:57	1	0	15	0
        110159	2025-12-03 09:02:33	1	0	15	0
        116337	2025-12-03 09:04:40	1	0	15	0
        110057	2025-12-03 09:05:16	1	0	15	0
        116477	2025-12-03 09:05:19	1	0	15	0
        117122	2025-12-03 09:05:21	1	0	15	0
        119107	2025-12-03 09:06:13	1	0	15	0
        119583	2025-12-03 09:07:01	1	0	15	0
        118917	2025-12-03 09:10:06	1	0	15	0
        117103	2025-12-03 09:12:12	1	0	15	0
        116453	2025-12-03 09:15:39	1	0	15	0
        117077	2025-12-03 09:15:45	1	0	15	0
        116472	2025-12-03 09:17:42	1	0	15	0
        118584	2025-12-03 09:19:10	1	0	15	0
        117812	2025-12-03 09:23:33	1	0	15	0
        117529	2025-12-03 09:23:43	1	0	15	0
        118753	2025-12-03 09:30:42	1	0	15	0
        117091	2025-12-03 09:53:22	1	0	15	0
        116512	2025-12-03 12:00:04	1	2	15	0
        117529	2025-12-03 12:00:06	1	2	15	0
        116751	2025-12-03 12:00:06	1	2	15	0
        119535	2025-12-03 12:00:08	1	2	15	0
        116426	2025-12-03 12:00:11	1	2	15	0
        116260	2025-12-03 12:00:16	1	2	15	0
        119494	2025-12-03 12:00:17	1	2	15	0
        118207	2025-12-03 12:00:20	1	2	15	0
        110173	2025-12-03 12:00:22	1	2	15	0
        116422	2025-12-03 12:00:23	1	2	15	0
        117769	2025-12-03 12:00:25	1	2	15	0
        117838	2025-12-03 12:00:26	1	2	15	0
        117966	2025-12-03 12:00:28	1	2	15	0
        116069	2025-12-03 12:00:29	1	2	15	0
        117915	2025-12-03 12:00:31	1	2	15	0
        118186	2025-12-03 12:00:33	1	2	15	0
        117543	2025-12-03 12:00:35	1	2	15	0
        116296	2025-12-03 12:00:37	1	2	15	0
        116467	2025-12-03 12:00:40	1	2	15	0
        117742	2025-12-03 12:00:42	1	2	15	0
        116995	2025-12-03 12:00:44	1	2	15	0
        116282	2025-12-03 12:00:45	1	2	15	0
        117807	2025-12-03 12:00:48	1	2	15	0
        117630	2025-12-03 12:00:49	1	2	15	0
        118157	2025-12-03 12:00:51	1	2	15	0
        117634	2025-12-03 12:00:53	1	2	15	0
        117219	2025-12-03 12:00:55	1	2	15	0
        116914	2025-12-03 12:00:58	1	2	15	0
        117046	2025-12-03 12:00:59	1	2	15	0
        117120	2025-12-03 12:01:02	1	2	15	0
        110418	2025-12-03 12:01:04	1	2	15	0
        110172	2025-12-03 12:01:06	1	2	15	0
        116279	2025-12-03 12:01:07	1	2	15	0
        110128	2025-12-03 12:01:09	1	2	15	0
        118744	2025-12-03 12:01:11	1	2	15	0
        119493	2025-12-03 12:01:12	1	2	15	0
        117542	2025-12-03 12:01:14	1	2	15	0
        117616	2025-12-03 12:01:17	1	2	15	0
        117122	2025-12-03 12:01:19	1	2	15	0
        110378	2025-12-03 12:01:21	1	2	15	0
        117144	2025-12-03 12:01:23	1	2	15	0
        117224	2025-12-03 12:01:24	1	2	15	0
        117997	2025-12-03 12:01:26	1	2	15	0
        110356	2025-12-03 12:01:28	1	2	15	0
        110329	2025-12-03 12:01:31	1	2	15	0
        117812	2025-12-03 12:01:44	1	2	15	0
        119449	2025-12-03 12:02:10	1	2	15	0
        110090	2025-12-03 12:02:19	1	2	15	0
        117769	2025-12-03 12:02:30	1	2	15	0
        117838	2025-12-03 12:02:31	1	2	15	0
        117814	2025-12-03 12:02:33	1	2	15	0
        117219	2025-12-03 12:02:44	1	2	15	0
        116477	2025-12-03 12:02:57	1	2	15	0
        119493	2025-12-03 12:03:03	1	2	15	0
        116282	2025-12-03 12:03:08	1	2	15	0
        118157	2025-12-03 12:03:10	1	2	15	0
        117634	2025-12-03 12:03:12	1	2	15	0
        116422	2025-12-03 12:03:14	1	2	15	0
        117915	2025-12-03 12:03:15	1	2	15	0
        110357	2025-12-03 12:03:17	1	2	15	0
        118707	2025-12-03 12:03:20	1	2	15	0
        118186	2025-12-03 12:03:22	1	2	15	0
        117733	2025-12-03 12:03:24	1	2	15	0
        117982	2025-12-03 12:03:26	1	2	15	0
        117815	2025-12-03 12:03:28	1	2	15	0
        116069	2025-12-03 12:03:30	1	2	15	0
        117742	2025-12-03 12:03:32	1	2	15	0
        116467	2025-12-03 12:03:35	1	2	15	0
        110105	2025-12-03 12:03:37	1	2	15	0
        117926	2025-12-03 12:03:39	1	2	15	0
        116995	2025-12-03 12:03:41	1	2	15	0
        117080	2025-12-03 12:03:43	1	2	15	0
        117966	2025-12-03 12:03:46	1	2	15	0
        110090	2025-12-03 12:03:47	1	2	15	0
        117807	2025-12-03 12:03:54	1	2	15	0
        110195	2025-12-03 12:04:04	1	2	15	0
        118917	2025-12-03 12:04:10	1	2	15	0
        116279	2025-12-03 12:04:16	1	2	15	0
        117812	2025-12-03 12:04:18	1	2	15	0
        119107	2025-12-03 12:04:22	1	2	15	0
        117103	2025-12-03 12:04:25	1	2	15	0
        116346	2025-12-03 12:04:27	1	2	15	0
        110158	2025-12-03 12:04:38	1	2	15	0
        117770	2025-12-03 12:04:40	1	2	15	0
        119535	2025-12-03 12:04:53	1	2	15	0
        117833	2025-12-03 12:04:55	1	2	15	0
        117967	2025-12-03 12:04:57	1	2	15	0
        117046	2025-12-03 12:05:00	1	2	15	0
        110418	2025-12-03 12:05:03	1	2	15	0
        116914	2025-12-03 12:05:06	1	2	15	0
        117120	2025-12-03 12:05:08	1	2	15	0
        117814	2025-12-03 12:05:11	1	2	15	0
        110159	2025-12-03 12:05:25	1	2	15	0
        110377	2025-12-03 12:05:32	1	2	15	0
        116296	2025-12-03 12:05:36	1	2	15	0
        117222	2025-12-03 12:05:37	1	2	15	0
        110376	2025-12-03 12:05:40	1	2	15	0
        110415	2025-12-03 12:05:43	1	2	15	0
        117059	2025-12-03 12:06:08	1	2	15	0
        118992	2025-12-03 12:06:14	1	2	15	0
        110482	2025-12-03 12:06:15	1	2	15	0
        116933	2025-12-03 12:06:16	1	2	15	0
        117113	2025-12-03 12:06:19	1	2	15	0
        110329	2025-12-03 12:06:25	1	2	15	0
        110195	2025-12-03 12:06:32	1	2	15	0
        110085	2025-12-03 12:06:38	1	2	15	0
        116297	2025-12-03 12:06:42	1	2	15	0
        116477	2025-12-03 12:06:46	1	2	15	0
        110172	2025-12-03 12:06:48	1	2	15	0
        110357	2025-12-03 12:06:51	1	2	15	0
        118829	2025-12-03 12:06:56	1	2	15	0
        117733	2025-12-03 12:06:58	1	2	15	0
        118458	2025-12-03 12:06:59	1	2	15	0
        117833	2025-12-03 12:07:03	1	2	15	0
        110483	2025-12-03 12:07:07	1	2	15	0
        117967	2025-12-03 12:07:09	1	2	15	0
        117341	2025-12-03 12:07:11	1	2	15	0
        117080	2025-12-03 12:07:25	1	2	15	0
        110063	2025-12-03 12:07:32	1	2	15	0
        116346	2025-12-03 12:07:34	1	2	15	0
        117103	2025-12-03 12:07:36	1	2	15	0
        119493	2025-12-03 12:07:38	1	2	15	0
        116493	2025-12-03 12:07:47	1	2	15	0
        118744	2025-12-03 12:07:52	1	2	15	0
        118146	2025-12-03 12:07:56	1	2	15	0
        118046	2025-12-03 12:07:59	1	2	15	0
        118369	2025-12-03 12:08:01	1	2	15	0
        117061	2025-12-03 12:08:03	1	2	15	0
        116426	2025-12-03 12:08:05	1	2	15	0
        116805	2025-12-03 12:08:09	1	2	15	0
        117091	2025-12-03 12:08:14	1	2	15	0
        117981	2025-12-03 12:08:16	1	2	15	0
        117680	2025-12-03 12:08:19	1	2	15	0
        118917	2025-12-03 12:08:20	1	2	15	0
        116472	2025-12-03 12:08:23	1	2	15	0
        110366	2025-12-03 12:08:25	1	2	15	0
        117713	2025-12-03 12:08:27	1	2	15	0
        110368	2025-12-03 12:08:29	1	2	15	0
        116383	2025-12-03 12:08:31	1	2	15	0
        118043	2025-12-03 12:08:33	1	2	15	0
        117212	2025-12-03 12:08:35	1	2	15	0
        117156	2025-12-03 12:08:37	1	2	15	0
        117054	2025-12-03 12:08:39	1	2	15	0
        117542	2025-12-03 12:08:42	1	2	15	0
        117991	2025-12-03 12:08:47	1	2	15	0
        110062	2025-12-03 12:08:50	1	2	15	0
        116828	2025-12-03 12:08:56	1	2	1	0
        110051	2025-12-03 12:09:10	1	2	15	0
        117743	2025-12-03 12:09:28	1	2	15	0
        117745	2025-12-03 12:09:30	1	2	15	0
        117849	2025-12-03 12:09:31	1	2	15	0
        110055	2025-12-03 12:09:34	1	2	15	0
        110070	2025-12-03 12:09:36	1	2	15	0
        117997	2025-12-03 12:09:38	1	2	15	0
        110077	2025-12-03 12:09:47	1	2	15	0
        117710	2025-12-03 12:09:50	1	2	15	0
        117697	2025-12-03 12:09:52	1	2	15	0
        116453	2025-12-03 12:09:55	1	2	15	0
        118835	2025-12-03 12:09:59	1	2	15	0
        117704	2025-12-03 12:10:02	1	2	15	0
        117698	2025-12-03 12:10:04	1	2	15	0
        117725	2025-12-03 12:10:06	1	2	15	0
        119449	2025-12-03 12:10:10	1	2	15	0
        117930	2025-12-03 12:10:25	1	2	15	0
        116849	2025-12-03 12:10:38	1	2	15	0
        116787	2025-12-03 12:10:40	1	2	15	0
        116551	2025-12-03 12:10:43	1	2	15	0
        117054	2025-12-03 12:10:47	1	2	15	0
        110144	2025-12-03 12:10:49	1	2	15	0
        117630	2025-12-03 12:10:53	1	2	15	0
        117111	2025-12-03 12:10:55	1	2	15	0
        117716	2025-12-03 12:10:58	1	2	15	0
        117998	2025-12-03 12:11:00	1	2	15	0
        118580	2025-12-03 12:11:03	1	2	15	0
        116828	2025-12-03 12:11:08	1	2	1	0
        117212	2025-12-03 12:11:10	1	2	15	0
        117642	2025-12-03 12:11:11	1	2	15	0
        118992	2025-12-03 12:11:13	1	2	15	0
        117222	2025-12-03 12:11:26	1	2	15	0
        116778	2025-12-03 12:11:32	1	2	15	0
        110062	2025-12-03 12:11:36	1	2	15	0
        117113	2025-12-03 12:11:51	1	2	15	0
        117850	2025-12-03 12:11:56	1	2	15	0
        110367	2025-12-03 12:11:58	1	2	15	0
        117920	2025-12-03 12:12:01	1	2	15	0
        117707	2025-12-03 12:12:03	1	2	15	0
        118707	2025-12-03 12:12:10	1	2	15	0
        116849	2025-12-03 12:12:16	1	2	15	0
        116787	2025-12-03 12:12:19	1	2	15	0
        119107	2025-12-03 12:12:24	1	2	15	0
        110482	2025-12-03 12:12:30	1	2	15	0
        118829	2025-12-03 12:12:32	1	2	15	0
        117341	2025-12-03 12:12:34	1	2	15	0
        116383	2025-12-03 12:12:41	1	2	15	0
        118584	2025-12-03 12:12:44	1	2	15	0
        117189	2025-12-03 12:12:53	1	2	15	0
        116252	2025-12-03 12:12:54	1	2	15	0
        117981	2025-12-03 12:13:09	1	2	15	0
        119453	2025-12-03 12:13:21	1	2	15	0
        117567	2025-12-03 12:13:23	1	2	15	0
        117497	2025-12-03 12:13:26	1	2	15	0
        117061	2025-12-03 12:13:28	1	2	15	0
        118369	2025-12-03 12:13:31	1	2	15	0
        116453	2025-12-03 12:13:34	1	2	15	0
        117091	2025-12-03 12:13:41	1	2	15	0
        116805	2025-12-03 12:13:43	1	2	15	0
        117543	2025-12-03 12:13:45	1	2	15	0
        110116	2025-12-03 12:13:48	1	2	15	0
        117698	2025-12-03 12:14:02	1	2	15	0
        117704	2025-12-03 12:14:03	1	2	15	0
        110053	2025-12-03 12:14:07	1	2	15	0
        117725	2025-12-03 12:14:11	1	2	15	0
        110051	2025-12-03 12:14:19	1	2	15	0
        118835	2025-12-03 12:14:23	1	2	15	0
        116493	2025-12-03 12:14:26	1	2	15	0
        110483	2025-12-03 12:14:31	1	2	15	0
        117713	2025-12-03 12:14:34	1	2	15	0
        117710	2025-12-03 12:14:36	1	2	15	0
        117697	2025-12-03 12:14:38	1	2	15	0
        110366	2025-12-03 12:14:40	1	2	15	0
        110368	2025-12-03 12:14:42	1	2	15	0
        117926	2025-12-03 12:14:43	1	2	15	0
        110466	2025-12-03 12:14:47	1	2	15	0
        117114	2025-12-03 12:14:52	1	2	15	0
        119365	2025-12-03 12:14:57	1	2	15	0
        110159	2025-12-03 12:14:59	1	2	15	0
        117133	2025-12-03 12:15:01	1	2	15	0
        116551	2025-12-03 12:15:13	1	2	15	0
        117680	2025-12-03 12:15:26	1	2	15	0
        117850	2025-12-03 12:15:37	1	2	15	0
        110367	2025-12-03 12:15:39	1	2	15	0
        117259	2025-12-03 12:15:41	1	2	15	0
        117707	2025-12-03 12:15:42	1	2	15	0
        117541	2025-12-03 12:15:46	1	2	15	0
        117920	2025-12-03 12:15:48	1	2	15	0
        117156	2025-12-03 12:15:50	1	2	15	0
        117849	2025-12-03 12:15:52	1	2	15	0
        117189	2025-12-03 12:15:59	1	2	15	0
        118782	2025-12-03 12:16:02	1	2	15	0
        110144	2025-12-03 12:16:04	1	2	15	0
        118584	2025-12-03 12:16:13	1	2	15	0
        116778	2025-12-03 12:16:15	1	2	15	0
        117716	2025-12-03 12:16:18	1	2	15	0
        119006	2025-12-03 12:16:21	1	2	15	0
        110100	2025-12-03 12:16:23	1	2	15	0
        110358	2025-12-03 12:16:27	1	2	15	0
        116960	2025-12-03 12:16:29	1	2	15	0
        118043	2025-12-03 12:16:31	1	2	15	0
        117632	2025-12-03 12:16:33	1	2	15	0
        117121	2025-12-03 12:16:48	1	2	15	0
        117897	2025-12-03 12:16:51	1	2	15	0
        117745	2025-12-03 12:16:52	1	2	15	0
        117743	2025-12-03 12:16:54	1	2	15	0
        119263	2025-12-03 12:16:59	1	2	15	0
        116428	2025-12-03 12:17:13	1	2	15	0
        117487	2025-12-03 12:17:20	1	2	15	0
        118761	2025-12-03 12:17:22	1	2	15	0
        110158	2025-12-03 12:17:34	1	2	15	0
        110200	2025-12-03 12:18:04	1	2	15	0
        110053	2025-12-03 12:18:09	1	2	15	0
        118640	2025-12-03 12:18:11	1	2	15	0
        110475	2025-12-03 12:18:15	1	2	15	0
        117133	2025-12-03 12:18:20	1	2	15	0
        119365	2025-12-03 12:18:24	1	2	15	0
        119104	2025-12-03 12:18:35	1	2	15	0
        116356	2025-12-03 12:19:08	1	2	15	0
        117541	2025-12-03 12:19:11	1	2	15	0
        119494	2025-12-03 12:19:16	1	2	15	0
        117259	2025-12-03 12:19:18	1	2	15	0
        119006	2025-12-03 12:19:35	1	2	15	0
        110088	2025-12-03 12:20:03	1	2	15	0
        117840	2025-12-03 12:20:08	1	2	15	0
        117645	2025-12-03 12:20:10	1	2	15	0
        117811	2025-12-03 12:20:12	1	2	15	0
        117839	2025-12-03 12:20:14	1	2	15	0
        118503	2025-12-03 12:20:17	1	2	15	0
        110358	2025-12-03 12:20:23	1	2	15	0
        116960	2025-12-03 12:20:29	1	2	15	0
        110100	2025-12-03 12:20:32	1	2	15	0
        110355	2025-12-03 12:20:37	1	2	15	0
        117121	2025-12-03 12:20:48	1	2	15	0
        117897	2025-12-03 12:20:50	1	2	15	0
        119104	2025-12-03 12:20:56	1	2	15	0
        116356	2025-12-03 12:21:01	1	2	15	0
        117122	2025-12-03 12:21:16	1	2	15	0
        117616	2025-12-03 12:21:36	1	2	15	0
        119571	2025-12-03 12:21:43	1	2	15	0
        117699	2025-12-03 12:21:47	1	2	15	0
        118695	2025-12-03 12:21:50	1	2	15	0
        118503	2025-12-03 12:22:04	1	2	15	0
        116428	2025-12-03 12:22:10	1	2	15	0
        117487	2025-12-03 12:22:14	1	2	15	0
        116497	2025-12-03 12:22:15	1	2	15	0
        110424	2025-12-03 12:22:16	1	2	15	0
        116072	2025-12-03 12:22:20	1	2	15	0
        117841	2025-12-03 12:22:21	1	2	15	0
        118761	2025-12-03 12:22:23	1	2	15	0
        116496	2025-12-03 12:22:25	1	2	15	0
        119386	2025-12-03 12:22:27	1	2	15	0
        117114	2025-12-03 12:22:49	1	2	15	0
        117815	2025-12-03 12:22:55	1	2	15	0
        117921	2025-12-03 12:23:01	1	2	15	0
        117982	2025-12-03 12:23:03	1	2	15	0
        117692	2025-12-03 12:23:06	1	2	15	0
        110083	2025-12-03 12:23:08	1	2	15	0
        119157	2025-12-03 12:23:21	1	2	15	0
        119340	2025-12-03 12:23:30	1	2	15	0
        118862	2025-12-03 12:23:32	1	2	15	0
        117711	2025-12-03 12:23:34	1	2	15	0
        117529	2025-12-03 12:23:45	1	2	15	0
        110076	2025-12-03 12:23:48	1	2	15	0
        110355	2025-12-03 12:24:28	1	2	15	0
        119272	2025-12-03 12:24:48	1	2	15	0
        117497	2025-12-03 12:24:56	1	2	15	0
        110105	2025-12-03 12:25:01	1	2	15	0
        118640	2025-12-03 12:25:10	1	2	15	0
        110083	2025-12-03 12:25:41	1	2	15	0
        119272	2025-12-03 12:25:58	1	2	15	0
        119453	2025-12-03 12:26:06	1	2	15	0
        116148	2025-12-03 12:26:08	1	2	15	0
        110085	2025-12-03 12:26:14	1	2	15	0
        119583	2025-12-03 12:26:17	1	2	15	0
        116072	2025-12-03 12:26:20	1	2	15	0
        116497	2025-12-03 12:26:24	1	2	15	0
        118862	2025-12-03 12:26:30	1	2	15	0
        110475	2025-12-03 12:26:36	1	2	15	0
        110088	2025-12-03 12:26:43	1	2	15	0
        119571	2025-12-03 12:27:05	1	2	15	0
        117921	2025-12-03 12:27:09	1	2	15	0
        117692	2025-12-03 12:27:12	1	2	15	0
        116512	2025-12-03 12:27:17	1	2	15	0
        110032	2025-12-03 12:27:31	1	2	15	0
        116751	2025-12-03 12:27:36	1	2	15	0
        119340	2025-12-03 12:27:50	1	2	15	0
        117930	2025-12-03 12:28:24	1	2	15	0
        119386	2025-12-03 12:28:45	1	2	15	0
        116496	2025-12-03 12:28:48	1	2	15	0
        110076	2025-12-03 12:28:51	1	2	15	0
        110200	2025-12-03 12:28:58	1	2	15	0
        117077	2025-12-03 12:29:03	1	2	15	0
        116337	2025-12-03 12:29:05	1	2	15	0
        116537	2025-12-03 12:29:06	1	2	15	0
        117144	2025-12-03 12:29:29	1	2	15	0
        110378	2025-12-03 12:29:32	1	2	15	0
        110088	2025-12-03 12:29:34	1	2	15	0
        117632	2025-12-03 12:29:39	1	2	15	0
        110197	2025-12-03 12:30:16	1	2	15	0
        116260	2025-12-03 12:30:47	1	2	15	0
        117998	2025-12-03 12:31:06	1	2	15	0
        116142	2025-12-03 12:31:12	1	2	15	0
        110424	2025-12-03 12:31:15	1	2	15	0
        110063	2025-12-03 12:31:52	1	2	15	0
        110183	2025-12-03 12:32:35	1	2	15	0
        117699	2025-12-03 12:32:37	1	2	15	0
        119157	2025-12-03 12:32:39	1	2	15	0
        117567	2025-12-03 12:32:56	1	2	15	0
        110077	2025-12-03 12:33:07	1	2	15	0
        110065	2025-12-03 12:33:55	1	3	15	0
        118971	2025-12-03 12:34:03	1	3	15	0
        118753	2025-12-03 12:35:13	1	3	15	0
        116337	2025-12-03 12:35:18	1	3	15	0
        116537	2025-12-03 12:35:20	1	3	15	0
        117077	2025-12-03 12:35:22	1	3	15	0
        117059	2025-12-03 12:35:25	1	3	15	0
        117711	2025-12-03 12:35:46	1	3	15	0
        110376	2025-12-03 12:35:58	1	3	15	0
        116483	2025-12-03 12:36:11	1	3	15	0
        116504	2025-12-03 12:36:14	1	3	15	0
        117114	2025-12-03 12:36:21	1	3	15	0
        110116	2025-12-03 12:36:42	1	3	15	0
        110055	2025-12-03 12:36:47	1	3	15	0
        118580	2025-12-03 12:36:51	1	3	15	0
        110070	2025-12-03 12:36:56	1	3	15	0
        110032	2025-12-03 12:36:58	1	3	15	0
        119263	2025-12-03 12:37:04	1	3	15	0
        110377	2025-12-03 12:37:10	1	3	15	0
        116142	2025-12-03 12:37:33	1	3	15	0
        110065	2025-12-03 12:37:44	1	3	15	0
        117567	2025-12-03 12:37:50	1	3	15	0
        117224	2025-12-03 12:38:02	1	3	15	0
        118782	2025-12-03 12:38:08	1	3	15	0
        116504	2025-12-03 12:38:17	1	3	15	0
        116483	2025-12-03 12:38:20	1	3	15	0
        118458	2025-12-03 12:38:25	1	3	15	0
        110183	2025-12-03 12:38:47	1	3	15	0
        118046	2025-12-03 12:38:59	1	3	15	0
        116252	2025-12-03 12:39:04	1	3	15	0
        117337	2025-12-03 12:39:07	1	3	15	0
        118146	2025-12-03 12:39:09	1	3	15	0
        118695	2025-12-03 12:39:13	1	3	15	0
        116472	2025-12-03 12:39:25	1	3	15	0
        116747	2025-12-03 12:39:46	1	3	15	0
        117591	2025-12-03 12:40:11	1	3	15	0
        119602	2025-12-03 12:40:27	1	3	15	0
        110197	2025-12-03 12:40:38	1	3	15	0
        118563	2025-12-03 12:41:08	1	3	15	0
        117642	2025-12-03 12:41:34	1	3	15	0
        118971	2025-12-03 12:41:45	1	3	15	0
        116933	2025-12-03 12:42:59	1	3	15	0
        119282	2025-12-03 12:44:36	1	3	15	0
        117591	2025-12-03 12:45:26	1	3	15	0
        118753	2025-12-03 12:45:42	1	3	15	0
        117483	2025-12-03 12:46:59	1	3	15	0
        117991	2025-12-03 12:49:19	1	3	15	0
        118455	2025-12-03 12:50:54	1	3	15	0
        119070	2025-12-03 12:50:57	1	3	15	0
        119143	2025-12-03 12:51:23	1	3	15	0
        116747	2025-12-03 12:51:30	1	3	15	0
        117483	2025-12-03 12:51:40	1	3	15	0
        110074	2025-12-03 12:52:04	1	3	15	0
        119227	2025-12-03 12:52:07	1	3	15	0
        119282	2025-12-03 12:52:16	1	3	15	0
        117644	2025-12-03 12:52:19	1	3	15	0
        116148	2025-12-03 12:53:46	1	3	15	0
        117840	2025-12-03 12:53:48	1	3	15	0
        117841	2025-12-03 12:53:50	1	3	15	0
        117645	2025-12-03 12:53:51	1	3	15	0
        117839	2025-12-03 12:53:55	1	3	15	0
        117811	2025-12-03 12:53:57	1	3	15	0
        117644	2025-12-03 12:54:14	1	3	15	0
        119583	2025-12-03 12:54:18	1	3	15	0
        117337	2025-12-03 12:54:38	1	3	15	0
        110025	2025-12-03 12:55:07	1	3	15	0
        119364	2025-12-03 12:55:09	1	3	15	0
        110075	2025-12-03 12:55:12	1	3	15	0
        110057	2025-12-03 12:55:16	1	3	15	0
        117770	2025-12-03 12:55:20	1	3	15	0
        110356	2025-12-03 12:55:23	1	3	15	0
        118207	2025-12-03 12:55:45	1	3	15	0
        119070	2025-12-03 12:56:36	1	3	15	0
        116297	2025-12-03 12:56:40	1	3	15	0
        118455	2025-12-03 12:56:49	1	3	15	0
        110173	2025-12-03 12:56:59	1	3	15	0
        119227	2025-12-03 12:57:52	1	3	15	0
        110074	2025-12-03 12:57:55	1	3	15	0
        119143	2025-12-03 12:57:58	1	3	15	0
        110466	2025-12-03 12:58:18	1	3	15	0
        110025	2025-12-03 12:59:00	1	3	15	0
        119364	2025-12-03 12:59:08	1	3	15	0
        110057	2025-12-03 12:59:13	1	3	15	0
        110075	2025-12-03 12:59:19	1	3	15	0
        110485	2025-12-03 13:39:00	1	3	15	0
        117061	2025-12-03 15:30:01	1	3	15	0
        117769	2025-12-03 16:05:12	1	1	15	0
        117838	2025-12-03 16:05:14	1	1	15	0
        117833	2025-12-03 16:14:39	1	1	15	0
        117966	2025-12-03 16:15:17	1	1	15	0
        117337	2025-12-03 16:20:58	1	1	15	0
        117059	2025-12-03 16:23:06	1	1	15	0
        117982	2025-12-03 16:30:03	1	1	15	0
        116426	2025-12-03 16:33:00	1	1	15	0
        116551	2025-12-03 16:33:53	1	1	15	0
        116297	2025-12-03 16:42:26	1	1	15	0
        117770	2025-12-03 16:46:16	1	1	15	0
        119104	2025-12-03 16:47:49	1	1	15	0
        117814	2025-12-03 16:48:12	1	1	15	0
        117743	2025-12-03 16:49:35	1	1	15	0
        117745	2025-12-03 16:49:38	1	1	15	0
        117483	2025-12-03 16:49:40	1	1	15	0
        117815	2025-12-03 16:49:42	1	1	15	0
        110024	2025-12-03 16:52:26	1	1	15	0
        110358	2025-12-03 17:01:26	1	1	15	0
        117997	2025-12-03 17:05:53	1	1	15	0
        117189	2025-12-03 17:06:32	1	1	15	0
        118580	2025-12-03 17:06:53	1	1	15	0
        117644	2025-12-03 17:07:06	1	1	15	0
        119365	2025-12-03 17:07:25	1	1	15	0
        110356	2025-12-03 17:07:36	1	1	15	0
        110483	2025-12-03 17:08:17	1	1	15	0
        117642	2025-12-03 17:09:09	1	1	15	0
        110377	2025-12-03 17:10:10	1	1	15	0
        110376	2025-12-03 17:10:18	1	1	15	0
        117133	2025-12-03 17:10:40	1	1	15	0
        110355	2025-12-03 17:14:46	1	1	15	0
        110065	2025-12-03 17:16:30	1	1	15	0
        110357	2025-12-03 17:17:45	1	1	15	0
        117733	2025-12-03 17:18:21	1	1	15	0
        116428	2025-12-03 17:18:57	1	1	15	0
        116828	2025-12-03 17:19:09	1	1	1	0
        117542	2025-12-03 17:21:05	1	1	15	0
        117930	2025-12-03 17:23:14	1	1	15	0
        110094	2025-12-03 17:23:43	1	1	15	0
        117224	2025-12-03 17:24:05	1	1	15	0
        117541	2025-12-03 17:24:49	1	1	15	0
        118455	2025-12-03 17:24:52	1	1	15	0
        110076	2025-12-03 17:25:15	1	1	15	0
        116279	2025-12-03 17:25:38	1	1	15	0
        110074	2025-12-03 17:26:39	1	1	15	0
        117692	2025-12-03 17:27:03	1	1	15	0
        119070	2025-12-03 17:27:27	1	1	15	0
        110144	2025-12-03 17:27:48	1	1	15	0
        117113	2025-12-03 17:28:18	1	1	15	0
        117711	2025-12-03 17:28:33	1	1	15	0
        118186	2025-12-03 17:28:45	1	1	15	0
        110475	2025-12-03 17:29:17	1	1	15	0
        118829	2025-12-03 17:29:49	1	1	15	0
        119340	2025-12-03 17:29:54	1	1	15	0
        116383	2025-12-03 17:30:25	1	1	15	0
        118146	2025-12-03 17:31:12	1	1	15	0
        117991	2025-12-03 17:31:19	1	1	15	0
        110053	2025-12-03 17:31:24	1	1	15	0
        110183	2025-12-03 17:31:32	1	1	15	0
        119535	2025-12-03 17:32:53	1	1	15	0
        110482	2025-12-03 17:32:57	1	1	15	0
        116496	2025-12-03 17:33:01	1	1	15	0
        116504	2025-12-03 17:34:53	1	1	15	0
        118157	2025-12-03 17:35:20	1	1	15	0
        118207	2025-12-03 17:36:41	1	1	15	0
        116467	2025-12-03 17:38:42	1	1	15	0
        118207	2025-12-03 17:38:58	1	1	15	0
        117630	2025-12-03 17:39:26	1	1	15	0
        116914	2025-12-03 17:40:22	1	1	15	0
        117850	2025-12-03 17:42:39	1	1	15	0
        110418	2025-12-03 17:42:44	1	1	15	0
        117046	2025-12-03 17:42:48	1	1	15	0
        110424	2025-12-03 17:42:51	1	1	15	0
        117120	2025-12-03 17:42:55	1	1	15	0
        110077	2025-12-03 17:43:06	1	1	15	0
        117926	2025-12-03 17:43:30	1	1	15	0
        118563	2025-12-03 17:43:58	1	1	15	0
        117156	2025-12-03 17:45:38	1	1	15	0
        110366	2025-12-03 17:46:06	1	1	15	0
        118835	2025-12-03 17:46:11	1	1	15	0
        117967	2025-12-03 17:48:10	1	1	15	0
        110368	2025-12-03 17:48:40	1	1	15	0
        117697	2025-12-03 17:48:42	1	1	15	0
        117704	2025-12-03 17:48:46	1	1	15	0
        117710	2025-12-03 17:48:48	1	1	15	0
        117920	2025-12-03 17:49:53	1	1	15	0
        117716	2025-12-03 17:50:20	1	1	15	0
        117725	2025-12-03 17:51:16	1	1	15	0
        117698	2025-12-03 17:51:20	1	1	15	0
        117998	2025-12-03 17:51:23	1	1	15	0
        110200	2025-12-03 17:52:18	1	1	15	0
        116960	2025-12-03 17:54:01	1	1	15	0
        110062	2025-12-03 17:54:31	1	1	15	0
        119494	2025-12-03 17:54:56	1	1	15	0
        118744	2025-12-03 17:55:03	1	1	15	0
        118640	2025-12-03 17:55:39	1	1	15	0
        116337	2025-12-03 17:55:57	1	1	15	0
        117259	2025-12-03 17:56:10	1	1	15	0
        117222	2025-12-03 17:56:50	1	1	15	0
        116497	2025-12-03 17:57:01	1	1	15	0
        117921	2025-12-03 17:57:25	1	1	15	0
        116142	2025-12-03 17:57:27	1	1	15	0
        117707	2025-12-03 17:58:07	1	1	15	0
        116493	2025-12-03 17:58:20	1	1	15	0
        119453	2025-12-03 17:58:33	1	1	15	0
        117212	2025-12-03 18:00:53	1	1	15	0
        110367	2025-12-03 18:01:04	1	1	15	0
        117713	2025-12-03 18:01:09	1	1	15	0
        117849	2025-12-03 18:02:09	1	1	15	0
        118046	2025-12-03 18:02:41	1	1	15	0
        117122	2025-12-03 18:02:44	1	1	15	0
        116537	2025-12-03 18:02:49	1	1	15	0
        117341	2025-12-03 18:02:52	1	1	15	0
        118917	2025-12-03 18:03:08	1	1	15	0
        117811	2025-12-03 18:03:27	1	1	15	0
        110159	2025-12-03 18:03:47	1	1	15	0
        110100	2025-12-03 18:04:35	1	1	15	0
        116346	2025-12-03 18:05:38	1	1	15	0
        116356	2025-12-03 18:05:44	1	1	15	0
        116069	2025-12-03 18:05:48	1	1	15	0
        116070	2025-12-03 18:05:49	1	1	15	0
        117972	2025-12-03 18:05:51	1	1	15	0
        119143	2025-12-03 18:05:54	1	1	15	0
        119272	2025-12-03 18:06:01	1	1	15	0
        110158	2025-12-03 18:06:23	1	1	15	0
        117080	2025-12-03 18:07:19	1	1	15	0
        116747	2025-12-03 18:07:24	1	1	15	0
        116472	2025-12-03 18:07:35	1	1	15	0
        116282	2025-12-03 18:07:40	1	1	15	0
        116453	2025-12-03 18:07:41	1	1	15	0
        118971	2025-12-03 18:09:42	1	1	15	0
        118503	2025-12-03 18:09:55	1	1	15	0
        110088	2025-12-03 18:10:19	1	1	15	0
        117144	2025-12-03 18:10:56	1	1	15	0
        117487	2025-12-03 18:11:06	1	1	15	0
        117841	2025-12-03 18:11:33	1	1	15	0
        110172	2025-12-03 18:12:42	1	1	15	0
        117645	2025-12-03 18:14:15	1	1	15	0
        117839	2025-12-03 18:14:17	1	1	15	0
        119583	2025-12-03 18:14:19	1	1	15	0
        117840	2025-12-03 18:14:20	1	1	15	0
        116148	2025-12-03 18:14:22	1	1	15	0
        116933	2025-12-03 18:14:44	1	1	15	0
        116260	2025-12-03 18:15:14	1	1	15	0
        116260	2025-12-03 18:16:32	1	1	15	0
        116477	2025-12-03 18:17:06	1	1	15	0
        118761	2025-12-03 18:17:23	1	1	15	0
        117567	2025-12-03 18:17:38	1	1	15	0
        116072	2025-12-03 18:20:25	1	1	15	0
        116252	2025-12-03 18:21:54	1	1	15	0
        119107	2025-12-03 18:22:07	1	1	15	0
        116296	2025-12-03 18:22:18	1	1	15	0
        117807	2025-12-03 18:22:59	1	1	15	0
        117837	2025-12-03 18:23:02	1	1	15	0
        116995	2025-12-03 18:23:04	1	1	15	0
        117742	2025-12-03 18:23:07	1	1	15	0
        117147	2025-12-03 18:23:17	1	1	15	0
        117529	2025-12-03 18:23:31	1	1	15	0
        116483	2025-12-03 18:24:01	1	1	15	0
        119571	2025-12-03 18:24:38	1	1	15	0
        110197	2025-12-03 18:24:51	1	1	15	0
        110070	2025-12-03 18:24:55	1	1	15	0
        117897	2025-12-03 18:26:00	1	1	15	0
        117543	2025-12-03 18:29:11	1	1	15	0
        110378	2025-12-03 18:31:08	1	1	15	0
        118707	2025-12-03 18:37:00	1	1	15	0
        110025	2025-12-03 18:37:04	1	1	15	0
        110105	2025-12-03 18:37:53	1	1	15	0
        110075	2025-12-03 18:38:24	1	1	15	0
        119006	2025-12-03 18:39:34	1	1	15	0
        119157	2025-12-03 18:39:36	1	1	15	0
        116512	2025-12-03 18:40:02	1	1	15	0
        116751	2025-12-03 18:40:04	1	1	15	0
        116849	2025-12-03 18:40:09	1	1	15	0
        110083	2025-12-03 18:40:52	1	1	15	0
        118458	2025-12-03 18:41:26	1	1	15	0
        117219	2025-12-03 18:41:30	1	1	15	0
        116422	2025-12-03 18:41:33	1	1	15	0
        110057	2025-12-03 18:41:45	1	1	15	0
        119364	2025-12-03 18:41:52	1	1	15	0
        117616	2025-12-03 18:42:23	1	1	15	0
        118043	2025-12-03 18:43:13	1	1	15	0
        117812	2025-12-03 18:43:54	1	1	15	0
        118992	2025-12-03 18:44:20	1	1	15	0
        118695	2025-12-03 18:46:23	1	1	15	0
        119282	2025-12-03 18:47:48	1	1	15	0
        110032	2025-12-03 18:51:29	1	1	15	0
        119493	2025-12-03 18:52:30	1	1	15	0
        110090	2025-12-03 18:59:01	1	1	15	0
        117632	2025-12-03 18:59:04	1	1	15	0
        117497	2025-12-03 19:00:37	1	1	15	0
        117915	2025-12-03 19:00:47	1	1	15	0
        117680	2025-12-03 19:00:52	1	1	15	0
        116805	2025-12-03 19:02:16	1	1	15	0
        118369	2025-12-03 19:02:18	1	1	15	0
        119263	2025-12-03 19:02:36	1	1	15	0
        110128	2025-12-03 19:02:43	1	1	15	0
        110466	2025-12-03 19:02:51	1	1	15	0
        117634	2025-12-03 19:04:15	1	1	15	0
        116787	2025-12-03 19:10:11	1	1	15	0
        119227	2025-12-03 19:10:36	1	1	15	0
        117591	2025-12-03 19:15:08	1	1	15	0
        117981	2025-12-03 19:17:22	1	1	15	0
        117091	2025-12-03 19:17:28	1	1	15	0
        117103	2025-12-03 19:20:18	1	1	15	0
        117054	2025-12-03 19:27:49	1	1	15	0
        110173	2025-12-03 19:39:51	1	1	15	0
        118584	2025-12-03 19:49:15	1	1	15	0
        119602	2025-12-03 20:22:27	1	1	15	0
        110116	2025-12-03 20:29:00	1	1	15	0
        117699	2025-12-03 20:41:13	1	1	15	0
        110063	2025-12-03 20:44:04	1	1	15	0
        110055	2025-12-03 20:50:08	1	1	15	0
        119449	2025-12-03 20:59:18	1	1	15	0
        117121	2025-12-03 21:09:03	1	1	15	0
        118862	2025-12-03 21:15:29	1	1	15	0
        118782	2025-12-03 22:26:16	1	1	15	0
        110144	2025-12-04 03:31:27	1	0	15	0
        118568	2025-12-04 03:38:32	1	0	15	0
        110065	2025-12-04 05:21:20	1	0	15	0
        119449	2025-12-04 05:57:58	1	0	15	0
        110128	2025-12-04 05:58:04	1	0	15	0
        110024	2025-12-04 06:06:18	1	0	15	0
        116831	2025-12-04 06:06:24	1	0	15	0
        116479	2025-12-04 06:11:27	1	0	15	0
        118146	2025-12-04 06:18:50	1	0	15	0
        110094	2025-12-04 06:32:19	1	0	15	0
        116799	2025-12-04 06:39:18	1	0	15	0
        117147	2025-12-04 06:42:14	1	0	15	0
        117838	2025-12-04 06:50:40	1	0	15	0
        117121	2025-12-04 06:54:49	1	0	15	0
        117704	2025-12-04 06:55:50	1	0	15	0
        117224	2025-12-04 06:56:14	1	0	15	0
        117930	2025-12-04 06:56:27	1	0	15	0
        118046	2025-12-04 06:59:47	1	0	15	0
        118835	2025-12-04 07:00:39	1	0	15	0
        110113	2025-12-04 07:00:55	1	0	15	0
        110197	2025-12-04 07:02:10	1	0	15	0
        110424	2025-12-04 07:02:27	1	0	15	0
        110466	2025-12-04 07:02:36	1	0	15	0
        119602	2025-12-04 07:02:42	1	0	15	0
        117966	2025-12-04 07:02:48	1	0	15	0
        110193	2025-12-04 07:04:50	1	0	15	0
        110198	2025-12-04 07:04:54	1	0	15	0
        117769	2025-12-04 07:06:17	1	0	15	0
        117967	2025-12-04 07:08:37	1	0	15	0
        119475	2025-12-04 07:19:24	1	0	15	0
        110415	2025-12-04 07:19:55	1	0	15	0
        117770	2025-12-04 07:20:34	1	0	15	0
        119143	2025-12-04 07:22:36	1	0	15	0
        118157	2025-12-04 07:23:20	1	0	15	0
        116383	2025-12-04 07:24:12	1	0	15	0
        117745	2025-12-04 07:24:17	1	0	15	0
        117743	2025-12-04 07:24:19	1	0	15	0
        110053	2025-12-04 07:27:02	1	0	15	0
        117972	2025-12-04 07:28:05	1	0	15	0
        116297	2025-12-04 07:29:18	1	0	15	0
        117897	2025-12-04 07:29:45	1	0	15	0
        117483	2025-12-04 07:29:48	1	0	15	0
        117982	2025-12-04 07:31:17	1	0	15	0
        110355	2025-12-04 07:33:53	1	0	15	0
        110356	2025-12-04 07:33:56	1	0	15	0
        110485	2025-12-04 07:35:26	1	0	15	0
        117713	2025-12-04 07:37:27	1	0	15	0
        117840	2025-12-04 07:38:16	1	0	15	0
        110366	2025-12-04 07:39:35	1	0	15	0
        117111	2025-12-04 07:39:46	1	0	15	0
        110377	2025-12-04 07:40:58	1	0	15	0
        110372	2025-12-04 07:41:31	1	0	15	0
        117710	2025-12-04 07:42:29	1	0	15	0
        110376	2025-12-04 07:46:39	1	0	15	0
        117850	2025-12-04 07:47:02	1	0	15	0
        117156	2025-12-04 07:47:36	1	0	15	0
        118695	2025-12-04 07:51:51	1	0	15	0
        117043	2025-12-04 07:53:23	1	0	15	0
        117697	2025-12-04 07:53:40	1	0	15	0
        117698	2025-12-04 07:54:18	1	0	15	0
        117725	2025-12-04 07:54:25	1	0	15	0
        117997	2025-12-04 07:54:53	1	0	15	0
        110483	2025-12-04 07:56:29	1	0	15	0
        110367	2025-12-04 07:57:13	1	0	15	0
        110482	2025-12-04 07:57:51	1	0	15	0
        117839	2025-12-04 08:03:10	1	0	15	0
        117591	2025-12-04 08:04:02	1	0	15	0
        117709	2025-12-04 08:05:19	1	0	15	0
        110368	2025-12-04 08:07:41	1	0	15	0
        117833	2025-12-04 08:10:11	1	0	15	0
        110418	2025-12-04 08:11:00	1	0	15	0
        117692	2025-12-04 08:12:35	1	0	15	0
        116914	2025-12-04 08:14:13	1	0	15	0
        117642	2025-12-04 08:15:28	1	0	15	0
        117059	2025-12-04 08:17:25	1	0	15	0
        116996	2025-12-04 08:19:24	1	0	15	0
        117991	2025-12-04 08:20:20	1	0	15	0
        110116	2025-12-04 08:24:08	1	0	15	0
        117811	2025-12-04 08:26:19	1	0	15	0
        110006	2025-12-04 08:26:28	1	0	15	0
        117219	2025-12-04 08:27:39	1	0	15	0
        117920	2025-12-04 08:28:59	1	0	15	0
        116422	2025-12-04 08:29:12	1	0	15	0
        117815	2025-12-04 08:31:51	1	0	15	0
        117222	2025-12-04 08:33:20	1	0	15	0
        118207	2025-12-04 08:33:52	1	0	15	0
        116747	2025-12-04 08:34:00	1	0	15	0
        116472	2025-12-04 08:34:19	1	0	15	0
        110100	2025-12-04 08:34:33	1	0	15	0
        110172	2025-12-04 08:35:49	1	0	15	0
        117645	2025-12-04 08:36:16	1	0	15	0
        118971	2025-12-04 08:37:31	1	0	15	0
        117837	2025-12-04 08:40:18	1	0	15	0
        117120	2025-12-04 08:41:50	1	0	15	0
        117046	2025-12-04 08:41:56	1	0	15	0
        116296	2025-12-04 08:43:00	1	0	15	0
        110159	2025-12-04 08:43:24	1	0	15	0
        117080	2025-12-04 08:43:49	1	0	15	0
        116467	2025-12-04 08:46:43	1	0	15	0
        117144	2025-12-04 08:46:52	1	0	15	0
        116069	2025-12-04 08:49:16	1	0	15	0
        117841	2025-12-04 08:49:29	1	0	15	0
        119107	2025-12-04 08:51:42	1	0	15	0
        110173	2025-12-04 08:53:10	1	0	15	0
        118458	2025-12-04 08:53:12	1	0	15	0
        110200	2025-12-04 08:54:52	1	0	15	0
        117915	2025-12-04 09:00:52	1	0	15	0
        117634	2025-12-04 09:00:54	1	0	15	0
        117849	2025-12-04 09:03:52	1	0	15	0
        116070	2025-12-04 09:08:08	1	0	15	0
        117337	2025-12-04 09:08:37	1	0	15	0
        110158	2025-12-04 09:23:57	1	0	15	0
        116477	2025-12-04 09:24:41	1	0	15	0
        117172	2025-12-04 09:30:37	1	0	15	0
        116279	2025-12-04 09:45:26	1	0	15	0
        117212	2025-12-04 09:49:33	1	0	15	0
        116279	2025-12-04 12:00:08	1	2	15	0
        117483	2025-12-04 12:00:12	1	2	15	0
        117839	2025-12-04 12:00:14	1	2	15	0
        117645	2025-12-04 12:00:15	1	2	15	0
        117840	2025-12-04 12:00:16	1	2	15	0
        117841	2025-12-04 12:00:18	1	2	15	0
        117811	2025-12-04 12:00:20	1	2	15	0
        117659	2025-12-04 12:00:23	1	2	15	0
        117930	2025-12-04 12:00:27	1	2	15	0
        119494	2025-12-04 12:00:30	1	2	15	0
        117967	2025-12-04 12:00:33	1	2	15	0
        117997	2025-12-04 12:00:38	1	2	15	0
        110116	2025-12-04 12:01:03	1	2	15	0
        110377	2025-12-04 12:01:11	1	2	15	0
        110376	2025-12-04 12:01:16	1	2	15	0
        116479	2025-12-04 12:01:44	1	2	15	0
        117046	2025-12-04 12:01:56	1	2	15	0
        117769	2025-12-04 12:01:58	1	2	15	0
        110418	2025-12-04 12:02:00	1	2	15	0
        117838	2025-12-04 12:02:03	1	2	15	0
        117966	2025-12-04 12:02:03	1	2	15	0
        116914	2025-12-04 12:02:06	1	2	15	0
        117120	2025-12-04 12:02:08	1	2	15	0
        117224	2025-12-04 12:02:10	1	2	15	0
        110172	2025-12-04 12:02:11	1	2	15	0
        116296	2025-12-04 12:02:13	1	2	15	0
        110200	2025-12-04 12:02:33	1	2	15	0
        117815	2025-12-04 12:02:49	1	2	15	0
        117080	2025-12-04 12:02:58	1	2	15	0
        119107	2025-12-04 12:03:04	1	2	15	0
        116799	2025-12-04 12:03:09	1	2	15	0
        119494	2025-12-04 12:03:11	1	2	15	0
        116477	2025-12-04 12:03:14	1	2	15	0
        117967	2025-12-04 12:03:18	1	2	15	0
        117930	2025-12-04 12:03:21	1	2	15	0
        116279	2025-12-04 12:04:13	1	2	15	0
        110159	2025-12-04 12:04:31	1	2	15	0
        110200	2025-12-04 12:04:39	1	2	15	0
        118146	2025-12-04 12:05:07	1	2	15	0
        117815	2025-12-04 12:05:40	1	2	15	0
        117833	2025-12-04 12:05:54	1	2	15	0
        117212	2025-12-04 12:06:04	1	2	15	0
        116914	2025-12-04 12:06:16	1	2	15	0
        117046	2025-12-04 12:06:21	1	2	15	0
        110418	2025-12-04 12:06:24	1	2	15	0
        110158	2025-12-04 12:06:26	1	2	15	0
        117080	2025-12-04 12:06:35	1	2	15	0
        117120	2025-12-04 12:06:37	1	2	15	0
        119107	2025-12-04 12:07:06	1	2	15	0
        118458	2025-12-04 12:07:42	1	2	15	0
        110376	2025-12-04 12:08:14	1	2	15	0
        116296	2025-12-04 12:08:22	1	2	15	0
        110377	2025-12-04 12:08:30	1	2	15	0
        117770	2025-12-04 12:08:38	1	2	15	0
        117837	2025-12-04 12:08:41	1	2	15	0
        118146	2025-12-04 12:09:23	1	2	15	0
        117212	2025-12-04 12:09:29	1	2	15	0
        117997	2025-12-04 12:09:32	1	2	15	0
        117059	2025-12-04 12:09:35	1	2	15	0
        110415	2025-12-04 12:09:38	1	2	15	0
        117043	2025-12-04 12:09:49	1	2	15	0
        117710	2025-12-04 12:10:12	1	2	15	0
        117697	2025-12-04 12:10:14	1	2	15	0
        117222	2025-12-04 12:10:17	1	2	15	0
        117709	2025-12-04 12:10:37	1	2	15	0
        117849	2025-12-04 12:10:39	1	2	15	0
        110482	2025-12-04 12:10:44	1	2	15	0
        117147	2025-12-04 12:10:51	1	2	15	0
        117713	2025-12-04 12:11:14	1	2	15	0
        110366	2025-12-04 12:11:16	1	2	15	0
        110485	2025-12-04 12:11:47	1	2	15	0
        117837	2025-12-04 12:12:02	1	2	15	0
        117770	2025-12-04 12:12:04	1	2	15	0
        117704	2025-12-04 12:12:11	1	2	15	0
        110368	2025-12-04 12:12:15	1	2	15	0
        116069	2025-12-04 12:13:13	1	2	15	0
        116996	2025-12-04 12:13:36	1	2	15	0
        117698	2025-12-04 12:13:49	1	2	15	0
        118835	2025-12-04 12:13:51	1	2	15	0
        117725	2025-12-04 12:13:53	1	2	15	0
        110172	2025-12-04 12:13:57	1	2	15	0
        117920	2025-12-04 12:13:59	1	2	15	0
        117850	2025-12-04 12:14:01	1	2	15	0
        110367	2025-12-04 12:14:03	1	2	15	0
        110483	2025-12-04 12:14:10	1	2	15	0
        110116	2025-12-04 12:14:21	1	2	15	0
        110158	2025-12-04 12:14:53	1	2	15	0
        110159	2025-12-04 12:14:55	1	2	15	0
        117043	2025-12-04 12:15:02	1	2	15	0
        117704	2025-12-04 12:15:27	1	2	15	0
        117222	2025-12-04 12:15:33	1	2	15	0
        116297	2025-12-04 12:16:26	1	2	15	0
        117709	2025-12-04 12:16:32	1	2	15	0
        118971	2025-12-04 12:16:37	1	2	15	0
        117849	2025-12-04 12:16:47	1	2	15	0
        117147	2025-12-04 12:16:54	1	2	15	0
        117713	2025-12-04 12:17:11	1	2	15	0
        117725	2025-12-04 12:17:15	1	2	15	0
        110482	2025-12-04 12:17:19	1	2	15	0
        110368	2025-12-04 12:17:23	1	2	15	0
        117697	2025-12-04 12:17:27	1	2	15	0
        110366	2025-12-04 12:17:29	1	2	15	0
        117698	2025-12-04 12:17:31	1	2	15	0
        117710	2025-12-04 12:17:33	1	2	15	0
        116069	2025-12-04 12:17:35	1	2	15	0
        110355	2025-12-04 12:17:39	1	2	15	0
        117850	2025-12-04 12:18:02	1	2	15	0
        116479	2025-12-04 12:18:12	1	2	15	0
        110356	2025-12-04 12:18:15	1	2	15	0
        118835	2025-12-04 12:18:20	1	2	15	0
        117920	2025-12-04 12:18:25	1	2	15	0
        110483	2025-12-04 12:18:29	1	2	15	0
        110367	2025-12-04 12:18:38	1	2	15	0
        116477	2025-12-04 12:18:55	1	2	15	0
        116996	2025-12-04 12:20:00	1	2	15	0
        117591	2025-12-04 12:20:06	1	2	15	0
        116799	2025-12-04 12:20:36	1	2	15	0
        118695	2025-12-04 12:21:28	1	2	15	0
        117111	2025-12-04 12:21:30	1	2	15	0
        117982	2025-12-04 12:21:32	1	2	15	0
        117692	2025-12-04 12:21:33	1	2	15	0
        117224	2025-12-04 12:22:16	1	2	15	0
        116297	2025-12-04 12:23:06	1	2	15	0
        117841	2025-12-04 12:23:31	1	2	15	0
        110466	2025-12-04 12:25:29	1	2	15	0
        117692	2025-12-04 12:26:24	1	2	15	0
        117982	2025-12-04 12:26:26	1	2	15	0
        110424	2025-12-04 12:26:41	1	2	15	0
        118458	2025-12-04 12:28:12	1	2	15	0
        117219	2025-12-04 12:29:19	1	2	15	0
        118157	2025-12-04 12:29:21	1	2	15	0
        116422	2025-12-04 12:29:23	1	2	15	0
        117634	2025-12-04 12:29:25	1	2	15	0
        117915	2025-12-04 12:29:41	1	2	15	0
        117840	2025-12-04 12:29:45	1	2	15	0
        117839	2025-12-04 12:29:47	1	2	15	0
        117645	2025-12-04 12:29:48	1	2	15	0
        117659	2025-12-04 12:29:49	1	2	15	0
        110466	2025-12-04 12:31:34	1	3	15	0
        110100	2025-12-04 12:31:38	1	3	15	0
        116422	2025-12-04 12:32:36	1	3	15	0
        117219	2025-12-04 12:32:37	1	3	15	0
        117745	2025-12-04 12:32:39	1	3	15	0
        118157	2025-12-04 12:32:44	1	3	15	0
        117634	2025-12-04 12:32:46	1	3	15	0
        117915	2025-12-04 12:32:50	1	3	15	0
        117743	2025-12-04 12:32:52	1	3	15	0
        110415	2025-12-04 12:33:39	1	3	15	0
        117811	2025-12-04 12:33:48	1	3	15	0
        117483	2025-12-04 12:33:50	1	3	15	0
        117745	2025-12-04 12:33:53	1	3	15	0
        117743	2025-12-04 12:33:57	1	3	15	0
        117642	2025-12-04 12:34:17	1	3	15	0
        119602	2025-12-04 12:34:21	1	3	15	0
        110100	2025-12-04 12:36:08	1	3	15	0
        117966	2025-12-04 12:37:10	1	3	15	0
        118971	2025-12-04 12:37:14	1	3	15	0
        117838	2025-12-04 12:37:30	1	3	15	0
        117769	2025-12-04 12:37:32	1	3	15	0
        117642	2025-12-04 12:39:34	1	3	15	0
        119602	2025-12-04 12:39:38	1	3	15	0
        116747	2025-12-04 12:39:42	1	3	15	0
        118207	2025-12-04 12:39:47	1	3	15	0
        110356	2025-12-04 12:40:10	1	3	15	0
        110355	2025-12-04 12:40:11	1	3	15	0
        110485	2025-12-04 12:40:44	1	3	15	0
        110173	2025-12-04 12:41:04	1	3	15	0
        117833	2025-12-04 12:43:12	1	3	15	0
        116747	2025-12-04 12:43:32	1	3	15	0
        117144	2025-12-04 12:43:52	1	3	15	0
        117059	2025-12-04 12:44:08	1	3	15	0
        118207	2025-12-04 12:45:55	1	3	15	0
        110173	2025-12-04 12:45:59	1	3	15	0
        116467	2025-12-04 12:46:43	1	3	15	0
        118695	2025-12-04 12:47:02	1	3	15	0
        117111	2025-12-04 12:47:04	1	3	15	0
        117337	2025-12-04 12:47:06	1	3	15	0
        110424	2025-12-04 12:47:35	1	3	15	0
        117591	2025-12-04 12:51:53	1	3	15	0
        116467	2025-12-04 12:52:15	1	3	15	0
        117337	2025-12-04 12:56:18	1	3	15	0
        118207	2025-12-04 14:11:10	1	3	15	0
        117224	2025-12-04 16:02:58	1	1	15	0
        117930	2025-12-04 16:07:58	1	1	15	0
        117966	2025-12-04 16:08:06	1	1	15	0
        117838	2025-12-04 16:08:08	1	1	15	0
        117769	2025-12-04 16:08:10	1	1	15	0
        117967	2025-12-04 16:08:26	1	1	15	0
        116297	2025-12-04 16:30:29	1	1	15	0
        117770	2025-12-04 16:39:22	1	1	15	0
        117483	2025-12-04 16:41:08	1	1	15	0
        117982	2025-12-04 16:43:42	1	1	15	0
        117745	2025-12-04 16:44:45	1	1	15	0
        117743	2025-12-04 16:44:46	1	1	15	0
        110377	2025-12-04 17:03:44	1	1	15	0
        110376	2025-12-04 17:03:54	1	1	15	0
        117997	2025-12-04 17:04:03	1	1	15	0
        110356	2025-12-04 17:04:46	1	1	15	0
        117043	2025-12-04 17:05:40	1	1	15	0
        110355	2025-12-04 17:06:42	1	1	15	0
        110485	2025-12-04 17:07:37	1	1	15	0
        110415	2025-12-04 17:07:55	1	1	15	0
        110483	2025-12-04 17:11:22	1	1	15	0
        110424	2025-12-04 17:11:41	1	1	15	0
        116799	2025-12-04 17:12:49	1	1	15	0
        117591	2025-12-04 17:14:29	1	1	15	0
        117833	2025-12-04 17:16:38	1	1	15	0
        116914	2025-12-04 17:17:14	1	1	15	0
        110418	2025-12-04 17:18:57	1	1	15	0
        117642	2025-12-04 17:22:09	1	1	15	0
        117059	2025-12-04 17:22:35	1	1	15	0
        110475	2025-12-04 17:22:38	1	1	15	0
        110482	2025-12-04 17:27:04	1	1	15	0
        117839	2025-12-04 17:27:55	1	1	15	0
        117692	2025-12-04 17:28:19	1	1	15	0
        118146	2025-12-04 17:28:50	1	1	15	0
        118835	2025-12-04 17:30:04	1	1	15	0
        117840	2025-12-04 17:32:40	1	1	15	0
        116996	2025-12-04 17:34:26	1	1	15	0
        117709	2025-12-04 17:35:27	1	1	15	0
        117222	2025-12-04 17:36:22	1	1	15	0
        117811	2025-12-04 17:36:33	1	1	15	0
        116472	2025-12-04 17:38:19	1	1	15	0
        118971	2025-12-04 17:40:48	1	1	15	0
        117046	2025-12-04 17:46:15	1	1	15	0
        117120	2025-12-04 17:46:18	1	1	15	0
        116467	2025-12-04 17:49:21	1	1	15	0
        117815	2025-12-04 17:49:32	1	1	15	0
        110159	2025-12-04 17:52:44	1	1	15	0
        117144	2025-12-04 17:54:06	1	1	15	0
        110200	2025-12-04 17:56:17	1	1	15	0
        117837	2025-12-04 17:57:01	1	1	15	0
        117111	2025-12-04 17:57:04	1	1	15	0
        116069	2025-12-04 17:57:09	1	1	15	0
        117080	2025-12-04 17:58:16	1	1	15	0
        116279	2025-12-04 18:00:18	1	1	15	0
        116747	2025-12-04 18:00:32	1	1	15	0
        110366	2025-12-04 18:02:26	1	1	15	0
        110100	2025-12-04 18:03:01	1	1	15	0
        116960	2025-12-04 18:03:03	1	1	15	0
        117713	2025-12-04 18:03:05	1	1	15	0
        110173	2025-12-04 18:04:45	1	1	15	0
        117698	2025-12-04 18:05:14	1	1	15	0
        117710	2025-12-04 18:05:18	1	1	15	0
        117725	2025-12-04 18:05:20	1	1	15	0
        117704	2025-12-04 18:05:26	1	1	15	0
        116477	2025-12-04 18:05:29	1	1	15	0
        110368	2025-12-04 18:05:33	1	1	15	0
        110367	2025-12-04 18:05:37	1	1	15	0
        117697	2025-12-04 18:05:39	1	1	15	0
        117920	2025-12-04 18:06:30	1	1	15	0
        117850	2025-12-04 18:06:34	1	1	15	0
        110172	2025-12-04 18:09:26	1	1	15	0
        118458	2025-12-04 18:12:55	1	1	15	0
        118695	2025-12-04 18:13:46	1	1	15	0
        117337	2025-12-04 18:13:48	1	1	15	0
        110466	2025-12-04 18:17:50	1	1	15	0
        117645	2025-12-04 18:22:13	1	1	15	0
        117841	2025-12-04 18:22:14	1	1	15	0
        117659	2025-12-04 18:22:16	1	1	15	0
        119107	2025-12-04 18:33:11	1	1	15	0
        117212	2025-12-04 18:48:40	1	1	15	0
        118157	2025-12-04 18:57:45	1	1	15	0
        117219	2025-12-04 18:57:47	1	1	15	0
        116422	2025-12-04 18:57:51	1	1	15	0
        117915	2025-12-04 18:58:00	1	1	15	0
        117634	2025-12-04 18:58:08	1	1	15	0
        110116	2025-12-04 19:14:10	1	1	15	0
        119602	2025-12-04 19:22:17	1	1	15	0
        117147	2025-12-04 19:23:15	1	1	15	0
        116831	2025-12-05 03:58:50	1	0	15	0
        110144	2025-12-05 04:48:07	1	0	15	0
        118568	2025-12-05 06:09:52	1	0	15	0
        118146	2025-12-05 06:16:56	1	0	15	0
        118157	2025-12-05 06:44:23	1	0	15	0
        116551	2025-12-05 06:49:17	1	0	15	0
        117838	2025-12-05 06:57:32	1	0	15	0
        118835	2025-12-05 06:58:14	1	0	15	0
        117704	2025-12-05 06:59:40	1	0	15	0
        117337	2025-12-05 07:00:32	1	0	15	0
        117059	2025-12-05 07:03:21	1	0	15	0
        110466	2025-12-05 07:04:25	1	0	15	0
        117769	2025-12-05 07:05:21	1	0	15	0
        117967	2025-12-05 07:07:53	1	0	15	0
        117840	2025-12-05 07:08:30	1	0	15	0
        110475	2025-12-05 07:10:39	1	0	15	0
        116428	2025-12-05 07:18:34	1	0	15	0
        116422	2025-12-05 07:18:38	1	0	15	0
        117483	2025-12-05 07:20:34	1	0	15	0
        110367	2025-12-05 07:20:36	1	0	15	0
        119602	2025-12-05 07:21:00	1	0	15	0
        117770	2025-12-05 07:22:40	1	0	15	0
        110424	2025-12-05 07:24:20	1	0	15	0
        110415	2025-12-05 07:28:04	1	0	15	0
        117814	2025-12-05 07:28:42	1	0	15	0
        110483	2025-12-05 07:30:41	1	0	15	0
        116479	2025-12-05 07:32:27	1	0	15	0
        119143	2025-12-05 07:33:51	1	0	15	0
        110485	2025-12-05 07:34:37	1	0	15	0
        117920	2025-12-05 07:34:52	1	0	15	0
        110377	2025-12-05 07:35:53	1	0	15	0
        117111	2025-12-05 07:36:37	1	0	15	0
        116799	2025-12-05 07:37:09	1	0	15	0
        118046	2025-12-05 07:38:12	1	0	15	0
        117713	2025-12-05 07:38:15	1	0	15	0
        117982	2025-12-05 07:40:32	1	0	15	0
        110356	2025-12-05 07:41:02	1	0	15	0
        110355	2025-12-05 07:41:06	1	0	15	0
        110193	2025-12-05 07:41:52	1	0	15	0
        116297	2025-12-05 07:43:18	1	0	15	0
        118782	2025-12-05 07:44:07	1	0	15	0
        117487	2025-12-05 07:46:56	1	0	15	0
        110366	2025-12-05 07:48:22	1	0	15	0
        117710	2025-12-05 07:48:24	1	0	15	0
        117219	2025-12-05 07:48:51	1	0	15	0
        110376	2025-12-05 07:49:54	1	0	15	0
        117121	2025-12-05 07:51:54	1	0	15	0
        117850	2025-12-05 07:52:13	1	0	15	0
        119143	2025-12-05 07:53:32	1	0	15	0
        110372	2025-12-05 07:53:47	1	0	15	0
        117147	2025-12-05 07:53:54	1	0	15	0
        117997	2025-12-05 07:54:22	1	0	15	0
        117993	2025-12-05 07:54:28	1	0	15	0
        110198	2025-12-05 07:55:42	1	0	15	0
        116960	2025-12-05 07:56:45	1	0	15	0
        110482	2025-12-05 07:58:09	1	0	15	0
        117591	2025-12-05 07:58:34	1	0	15	0
        118761	2025-12-05 08:02:36	1	0	15	0
        117224	2025-12-05 08:02:51	1	0	15	0
        117930	2025-12-05 08:03:38	1	0	15	0
        117043	2025-12-05 08:03:55	1	0	15	0
        118971	2025-12-05 08:04:30	1	0	15	0
        110473	2025-12-05 08:06:59	1	0	15	0
        117833	2025-12-05 08:12:02	1	0	15	0
        119282	2025-12-05 08:13:03	1	0	15	0
        117839	2025-12-05 08:14:34	1	0	15	0
        110094	2025-12-05 08:14:49	1	0	15	0
        116467	2025-12-05 08:14:54	1	0	15	0
        110418	2025-12-05 08:15:19	1	0	15	0
        118207	2025-12-05 08:15:25	1	0	15	0
        110368	2025-12-05 08:16:42	1	0	15	0
        116914	2025-12-05 08:17:57	1	0	15	0
        116472	2025-12-05 08:18:25	1	0	15	0
        117991	2025-12-05 08:20:23	1	0	15	0
        110006	2025-12-05 08:23:29	1	0	15	0
        118695	2025-12-05 08:25:23	1	0	15	0
        110100	2025-12-05 08:27:43	1	0	15	0
        117222	2025-12-05 08:28:34	1	0	15	0
        118186	2025-12-05 08:29:48	1	0	15	0
        117692	2025-12-05 08:30:45	1	0	15	0
        117811	2025-12-05 08:30:59	1	0	15	0
        117849	2025-12-05 08:31:20	1	0	15	0
        118563	2025-12-05 08:31:38	1	0	15	0
        110197	2025-12-05 08:31:57	1	0	15	0
        117697	2025-12-05 08:32:48	1	0	15	0
        117926	2025-12-05 08:35:36	1	0	15	0
        116747	2025-12-05 08:37:13	1	0	15	0
        117144	2025-12-05 08:39:18	1	0	15	0
        119494	2025-12-05 08:39:29	1	0	15	0
        117172	2025-12-05 08:41:02	1	0	15	0
        117837	2025-12-05 08:41:52	1	0	15	0
        117815	2025-12-05 08:42:17	1	0	15	0
        117046	2025-12-05 08:43:25	1	0	15	0
        116995	2025-12-05 08:45:18	1	0	15	0
        110116	2025-12-05 08:45:37	1	0	15	0
        117897	2025-12-05 08:45:57	1	0	15	0
        116279	2025-12-05 08:46:20	1	0	15	0
        117080	2025-12-05 08:46:30	1	0	15	0
        118458	2025-12-05 08:46:46	1	0	15	0
        117698	2025-12-05 08:47:02	1	0	15	0
        117725	2025-12-05 08:47:07	1	0	15	0
        110413	2025-12-05 08:47:28	1	0	15	0
        117742	2025-12-05 08:48:08	1	0	15	0
        118503	2025-12-05 08:49:22	1	0	15	0
        117841	2025-12-05 08:51:19	1	0	15	0
        110173	2025-12-05 08:51:51	1	0	15	0
        119107	2025-12-05 08:55:22	1	0	15	0
        117659	2025-12-05 08:56:33	1	0	15	0
        110076	2025-12-05 08:57:06	1	0	15	0
        116069	2025-12-05 08:57:07	1	0	15	0
        110172	2025-12-05 08:59:59	1	0	15	0
        117212	2025-12-05 09:01:04	1	0	15	0
        116296	2025-12-05 09:05:13	1	0	15	0
        117807	2025-12-05 09:06:27	1	0	15	0
        118917	2025-12-05 09:12:06	1	0	15	0
        117634	2025-12-05 09:13:53	1	0	15	0
        117915	2025-12-05 09:13:55	1	0	15	0
        116070	2025-12-05 09:14:43	1	0	15	0
        117156	2025-12-05 09:17:06	1	0	15	0
        117054	2025-12-05 09:28:13	1	0	15	0
        117645	2025-12-05 09:28:30	1	0	15	0
        116148	2025-12-05 09:31:35	1	0	15	0
        119583	2025-12-05 09:31:46	1	0	15	0
        117711	2025-12-05 09:36:16	1	0	15	0
        116996	2025-12-05 09:38:32	1	0	15	0
        116279	2025-12-05 12:00:03	1	2	15	0
        119107	2025-12-05 12:00:15	1	2	15	0
        117850	2025-12-05 12:00:20	1	2	15	0
        117224	2025-12-05 12:00:22	1	2	15	0
        117991	2025-12-05 12:00:24	1	2	15	0
        110076	2025-12-05 12:00:27	1	2	15	0
        110172	2025-12-05 12:00:29	1	2	15	0
        117926	2025-12-05 12:00:32	1	2	15	0
        110116	2025-12-05 12:00:48	1	2	15	0
        117967	2025-12-05 12:00:51	1	2	15	0
        117144	2025-12-05 12:01:00	1	2	15	0
        118917	2025-12-05 12:01:04	1	2	15	0
        118971	2025-12-05 12:01:28	1	2	15	0
        116914	2025-12-05 12:01:33	1	2	15	0
        110418	2025-12-05 12:01:35	1	2	15	0
        117046	2025-12-05 12:01:37	1	2	15	0
        118563	2025-12-05 12:01:40	1	2	15	0
        118761	2025-12-05 12:01:42	1	2	15	0
        117769	2025-12-05 12:01:45	1	2	15	0
        117838	2025-12-05 12:01:48	1	2	15	0
        117997	2025-12-05 12:01:58	1	2	15	0
        110377	2025-12-05 12:02:05	1	2	15	0
        110376	2025-12-05 12:02:11	1	2	15	0
        117080	2025-12-05 12:02:15	1	2	15	0
        117814	2025-12-05 12:02:17	1	2	15	0
        110413	2025-12-05 12:02:18	1	2	15	0
        110355	2025-12-05 12:02:33	1	2	15	0
        110356	2025-12-05 12:02:35	1	2	15	0
        116551	2025-12-05 12:02:51	1	2	15	0
        119282	2025-12-05 12:02:52	1	2	15	0
        117850	2025-12-05 12:03:03	1	2	15	0
        117483	2025-12-05 12:03:11	1	2	15	0
        110424	2025-12-05 12:03:20	1	2	15	0
        116279	2025-12-05 12:03:26	1	2	15	0
        117967	2025-12-05 12:04:02	1	2	15	0
        117833	2025-12-05 12:04:14	1	2	15	0
        110094	2025-12-05 12:04:22	1	2	15	0
        117483	2025-12-05 12:05:12	1	2	15	0
        117222	2025-12-05 12:05:17	1	2	15	0
        118917	2025-12-05 12:05:28	1	2	15	0
        110466	2025-12-05 12:05:33	1	2	15	0
        117046	2025-12-05 12:05:38	1	2	15	0
        116914	2025-12-05 12:05:42	1	2	15	0
        110418	2025-12-05 12:05:44	1	2	15	0
        118761	2025-12-05 12:05:46	1	2	15	0
        117926	2025-12-05 12:05:48	1	2	15	0
        117080	2025-12-05 12:05:50	1	2	15	0
        118563	2025-12-05 12:05:54	1	2	15	0
        110413	2025-12-05 12:06:02	1	2	15	0
        116551	2025-12-05 12:06:10	1	2	15	0
        119282	2025-12-05 12:06:12	1	2	15	0
        110094	2025-12-05 12:06:15	1	2	15	0
        117591	2025-12-05 12:06:18	1	2	15	0
        117997	2025-12-05 12:06:26	1	2	15	0
        117224	2025-12-05 12:06:29	1	2	15	0
        110172	2025-12-05 12:06:32	1	2	15	0
        117991	2025-12-05 12:06:35	1	2	15	0
        110424	2025-12-05 12:07:22	1	2	15	0
        117849	2025-12-05 12:07:25	1	2	15	0
        117725	2025-12-05 12:07:27	1	2	15	0
        117698	2025-12-05 12:07:29	1	2	15	0
        117710	2025-12-05 12:07:30	1	2	15	0
        117697	2025-12-05 12:07:32	1	2	15	0
        110368	2025-12-05 12:07:34	1	2	15	0
        117930	2025-12-05 12:07:37	1	2	15	0
        110376	2025-12-05 12:07:46	1	2	15	0
        110377	2025-12-05 12:07:49	1	2	15	0
        117833	2025-12-05 12:08:06	1	2	15	0
        117059	2025-12-05 12:08:15	1	2	15	0
        119107	2025-12-05 12:08:36	1	2	15	0
        116296	2025-12-05 12:08:45	1	2	15	0
        110482	2025-12-05 12:08:52	1	2	15	0
        117043	2025-12-05 12:08:56	1	2	15	0
        117920	2025-12-05 12:09:15	1	2	15	0
        117704	2025-12-05 12:09:19	1	2	15	0
        119143	2025-12-05 12:09:24	1	2	15	0
        118835	2025-12-05 12:09:29	1	2	15	0
        110366	2025-12-05 12:09:37	1	2	15	0
        117713	2025-12-05 12:09:39	1	2	15	0
        117222	2025-12-05 12:09:44	1	2	15	0
        117692	2025-12-05 12:10:07	1	2	15	0
        117982	2025-12-05 12:10:09	1	2	15	0
        116960	2025-12-05 12:10:21	1	2	15	0
        110100	2025-12-05 12:10:23	1	2	15	0
        117172	2025-12-05 12:10:26	1	2	15	0
        117849	2025-12-05 12:10:50	1	2	15	0
        116296	2025-12-05 12:11:37	1	2	15	0
        118157	2025-12-05 12:11:42	1	2	15	0
        116996	2025-12-05 12:11:45	1	2	15	0
        117915	2025-12-05 12:11:47	1	2	15	0
        117634	2025-12-05 12:11:50	1	2	15	0
        116422	2025-12-05 12:11:52	1	2	15	0
        117219	2025-12-05 12:11:53	1	2	15	0
        117742	2025-12-05 12:11:55	1	2	15	0
        117770	2025-12-05 12:11:57	1	2	15	0
        117837	2025-12-05 12:11:59	1	2	15	0
        117930	2025-12-05 12:12:20	1	2	15	0
        117710	2025-12-05 12:12:30	1	2	15	0
        117698	2025-12-05 12:12:33	1	2	15	0
        110368	2025-12-05 12:12:35	1	2	15	0
        117697	2025-12-05 12:12:37	1	2	15	0
        117725	2025-12-05 12:12:41	1	2	15	0
        117704	2025-12-05 12:12:54	1	2	15	0
        117591	2025-12-05 12:13:16	1	2	15	0
        117043	2025-12-05 12:13:21	1	2	15	0
        118458	2025-12-05 12:13:23	1	2	15	0
        116297	2025-12-05 12:13:28	1	2	15	0
        110485	2025-12-05 12:13:30	1	2	15	0
        116069	2025-12-05 12:13:34	1	2	15	0
        116995	2025-12-05 12:13:36	1	2	15	0
        116960	2025-12-05 12:13:41	1	2	15	0
        110100	2025-12-05 12:13:44	1	2	15	0
        117172	2025-12-05 12:13:47	1	2	15	0
        117807	2025-12-05 12:13:49	1	2	15	0
        117920	2025-12-05 12:13:52	1	2	15	0
        117713	2025-12-05 12:13:55	1	2	15	0
        110482	2025-12-05 12:13:57	1	2	15	0
        118157	2025-12-05 12:14:17	1	2	15	0
        117219	2025-12-05 12:14:19	1	2	15	0
        117915	2025-12-05 12:14:20	1	2	15	0
        117634	2025-12-05 12:14:22	1	2	15	0
        116422	2025-12-05 12:14:24	1	2	15	0
        110483	2025-12-05 12:14:40	1	2	15	0
        116799	2025-12-05 12:14:57	1	2	15	0
        117982	2025-12-05 12:15:05	1	2	15	0
        117692	2025-12-05 12:15:07	1	2	15	0
        117814	2025-12-05 12:15:14	1	2	15	0
        117742	2025-12-05 12:15:22	1	2	15	0
        110076	2025-12-05 12:16:16	1	2	15	0
        116069	2025-12-05 12:16:28	1	2	15	0
        110197	2025-12-05 12:16:30	1	2	15	0
        118782	2025-12-05 12:16:33	1	2	15	0
        117897	2025-12-05 12:16:41	1	2	15	0
        116428	2025-12-05 12:16:43	1	2	15	0
        117121	2025-12-05 12:16:46	1	2	15	0
        117487	2025-12-05 12:16:48	1	2	15	0
        117807	2025-12-05 12:16:55	1	2	15	0
        117770	2025-12-05 12:17:02	1	2	15	0
        117837	2025-12-05 12:17:04	1	2	15	0
        116995	2025-12-05 12:17:08	1	2	15	0
        117144	2025-12-05 12:17:19	1	2	15	0
        117769	2025-12-05 12:17:28	1	2	15	0
        117838	2025-12-05 12:17:30	1	2	15	0
        116996	2025-12-05 12:18:55	1	2	15	0
        110367	2025-12-05 12:19:07	1	2	15	0
        110366	2025-12-05 12:19:10	1	2	15	0
        118458	2025-12-05 12:19:19	1	2	15	0
        118207	2025-12-05 12:20:01	1	2	15	0
        116428	2025-12-05 12:20:34	1	2	15	0
        117897	2025-12-05 12:20:38	1	2	15	0
        117121	2025-12-05 12:20:39	1	2	15	0
        118782	2025-12-05 12:20:42	1	2	15	0
        117487	2025-12-05 12:20:44	1	2	15	0
        117711	2025-12-05 12:21:14	1	2	15	0
        119143	2025-12-05 12:22:16	1	2	15	0
        118207	2025-12-05 12:23:05	1	2	15	0
        117054	2025-12-05 12:24:43	1	2	15	0
        117212	2025-12-05 12:24:44	1	2	15	0
        117993	2025-12-05 12:24:50	1	2	15	0
        118835	2025-12-05 12:25:39	1	2	15	0
        117059	2025-12-05 12:27:00	1	2	15	0
        110356	2025-12-05 12:27:59	1	2	15	0
        110355	2025-12-05 12:28:02	1	2	15	0
        118695	2025-12-05 12:28:10	1	2	15	0
        118971	2025-12-05 12:28:12	1	2	15	0
        117111	2025-12-05 12:28:13	1	2	15	0
        117709	2025-12-05 12:28:19	1	2	15	0
        117337	2025-12-05 12:28:52	1	2	15	0
        117054	2025-12-05 12:30:41	1	3	15	0
        117212	2025-12-05 12:30:44	1	3	15	0
        117993	2025-12-05 12:30:46	1	3	15	0
        117709	2025-12-05 12:32:04	1	3	15	0
        118503	2025-12-05 12:33:30	1	3	15	0
        117743	2025-12-05 12:34:44	1	3	15	0
        117745	2025-12-05 12:34:46	1	3	15	0
        118695	2025-12-05 12:35:01	1	3	15	0
        117111	2025-12-05 12:35:03	1	3	15	0
        110483	2025-12-05 12:35:24	1	3	15	0
        118046	2025-12-05 12:36:58	1	3	15	0
        118146	2025-12-05 12:37:02	1	3	15	0
        116472	2025-12-05 12:37:16	1	3	15	0
        116747	2025-12-05 12:37:20	1	3	15	0
        116799	2025-12-05 12:37:25	1	3	15	0
        110116	2025-12-05 12:37:35	1	3	15	0
        118503	2025-12-05 12:37:41	1	3	15	0
        110113	2025-12-05 12:37:48	1	3	15	0
        110367	2025-12-05 12:39:32	1	3	15	0
        110113	2025-12-05 12:39:50	1	3	15	0
        117156	2025-12-05 12:39:52	1	3	15	0
        117337	2025-12-05 12:40:56	1	3	15	0
        110475	2025-12-05 12:41:02	1	3	15	0
        118046	2025-12-05 12:41:32	1	3	15	0
        118146	2025-12-05 12:41:35	1	3	15	0
        110466	2025-12-05 12:41:38	1	3	15	0
        116472	2025-12-05 12:41:49	1	3	15	0
        116747	2025-12-05 12:41:55	1	3	15	0
        117711	2025-12-05 12:42:47	1	3	15	0
        110197	2025-12-05 12:43:33	1	3	15	0
        110485	2025-12-05 12:45:37	1	3	15	0
        117966	2025-12-05 12:46:24	1	3	15	0
        117156	2025-12-05 12:46:25	1	3	15	0
        110473	2025-12-05 12:46:32	1	3	15	0
        119494	2025-12-05 12:48:35	1	3	15	0
        116467	2025-12-05 12:50:13	1	3	15	0
        119494	2025-12-05 12:50:14	1	3	15	0
        116526	2025-12-05 12:50:16	1	3	15	0
        117839	2025-12-05 12:50:25	1	3	15	0
        117645	2025-12-05 12:50:26	1	3	15	0
        116148	2025-12-05 12:50:28	1	3	15	0
        117840	2025-12-05 12:50:29	1	3	15	0
        117815	2025-12-05 12:50:31	1	3	15	0
        117659	2025-12-05 12:50:33	1	3	15	0
        117841	2025-12-05 12:50:35	1	3	15	0
        119583	2025-12-05 12:50:41	1	3	15	0
        110173	2025-12-05 12:51:08	1	3	15	0
        117811	2025-12-05 12:51:41	1	3	15	0
        116467	2025-12-05 12:52:30	1	3	15	0
        110473	2025-12-05 12:52:48	1	3	15	0
        117659	2025-12-05 12:53:09	1	3	15	0
        117645	2025-12-05 12:53:12	1	3	15	0
        117815	2025-12-05 12:53:14	1	3	15	0
        110173	2025-12-05 12:54:18	1	3	15	0
        117841	2025-12-05 12:55:13	1	3	15	0
        117840	2025-12-05 12:55:18	1	3	15	0
        117811	2025-12-05 12:55:23	1	3	15	0
        116148	2025-12-05 12:55:26	1	3	15	0
        117839	2025-12-05 12:55:28	1	3	15	0
        119583	2025-12-05 12:55:29	1	3	15	0
        117966	2025-12-05 12:57:21	1	3	15	0
        117999	2025-12-05 13:13:38	1	3	15	0
        118157	2025-12-05 16:03:38	1	1	15	0
        110094	2025-12-05 16:12:06	1	1	15	0
        117059	2025-12-05 16:12:41	1	1	15	0
        117967	2025-12-05 16:12:54	1	1	15	0
        117337	2025-12-05 16:15:24	1	1	15	0
        116148	2025-12-05 16:22:39	1	1	15	0
        117769	2025-12-05 16:24:46	1	1	15	0
        117838	2025-12-05 16:24:56	1	1	15	0
        117709	2025-12-05 16:32:38	1	1	15	0
        117770	2025-12-05 16:36:02	1	1	15	0
        117814	2025-12-05 16:40:40	1	1	15	0
        116297	2025-12-05 16:44:01	1	1	15	0
        118458	2025-12-05 16:49:20	1	1	15	0
        117840	2025-12-05 16:53:44	1	1	15	0
        117224	2025-12-05 17:00:32	1	1	15	0
        117483	2025-12-05 17:01:02	1	1	15	0
        117966	2025-12-05 17:01:05	1	1	15	0
        110355	2025-12-05 17:03:10	1	1	15	0
        116479	2025-12-05 17:03:17	1	1	15	0
        110485	2025-12-05 17:03:25	1	1	15	0
        117111	2025-12-05 17:04:49	1	1	15	0
        118568	2025-12-05 17:05:21	1	1	15	0
        117043	2025-12-05 17:07:01	1	1	15	0
        110367	2025-12-05 17:08:57	1	1	15	0
        117713	2025-12-05 17:08:59	1	1	15	0
        117850	2025-12-05 17:09:03	1	1	15	0
        110366	2025-12-05 17:09:05	1	1	15	0
        118835	2025-12-05 17:09:19	1	1	15	0
        117993	2025-12-05 17:09:40	1	1	15	0
        110473	2025-12-05 17:09:44	1	1	15	0
        110377	2025-12-05 17:11:17	1	1	15	0
        110376	2025-12-05 17:11:24	1	1	15	0
        110483	2025-12-05 17:11:31	1	1	15	0
        116526	2025-12-05 17:13:50	1	1	15	0
        119143	2025-12-05 17:13:56	1	1	15	0
        117743	2025-12-05 17:14:02	1	1	15	0
        117745	2025-12-05 17:14:04	1	1	15	0
        117833	2025-12-05 17:15:14	1	1	15	0
        116914	2025-12-05 17:18:38	1	1	15	0
        117930	2025-12-05 17:20:29	1	1	15	0
        110051	2025-12-05 17:20:35	1	1	15	0
        116472	2025-12-05 17:21:47	1	1	15	0
        117710	2025-12-05 17:24:35	1	1	15	0
        110368	2025-12-05 17:24:37	1	1	15	0
        110159	2025-12-05 17:26:56	1	1	15	0
        110424	2025-12-05 17:27:26	1	1	15	0
        117997	2025-12-05 17:27:33	1	1	15	0
        117704	2025-12-05 17:29:29	1	1	15	0
        117219	2025-12-05 17:30:27	1	1	15	0
        117697	2025-12-05 17:32:34	1	1	15	0
        117920	2025-12-05 17:33:39	1	1	15	0
        110197	2025-12-05 17:34:36	1	1	15	0
        116428	2025-12-05 17:35:04	1	1	15	0
        117991	2025-12-05 17:35:58	1	1	15	0
        116467	2025-12-05 17:38:34	1	1	15	0
        116279	2025-12-05 17:39:26	1	1	15	0
        117811	2025-12-05 17:42:07	1	1	15	0
        110418	2025-12-05 17:47:54	1	1	15	0
        118563	2025-12-05 17:48:01	1	1	15	0
        117144	2025-12-05 17:48:49	1	1	15	0
        110116	2025-12-05 17:48:54	1	1	15	0
        116296	2025-12-05 17:49:39	1	1	15	0
        117046	2025-12-05 17:50:12	1	1	15	0
        118046	2025-12-05 17:50:21	1	1	15	0
        117815	2025-12-05 17:50:43	1	1	15	0
        117982	2025-12-05 17:50:48	1	1	15	0
        117046	2025-12-05 17:51:57	1	1	15	0
        117698	2025-12-05 17:52:00	1	1	15	0
        117725	2025-12-05 17:52:06	1	1	15	0
        110482	2025-12-05 17:54:24	1	1	15	0
        116747	2025-12-05 17:56:15	1	1	15	0
        117742	2025-12-05 17:57:58	1	1	15	0
        117837	2025-12-05 17:58:00	1	1	15	0
        117841	2025-12-05 17:59:01	1	1	15	0
        116996	2025-12-05 17:59:04	1	1	15	0
        117645	2025-12-05 18:00:03	1	1	15	0
        116070	2025-12-05 18:00:55	1	1	1	0
        118761	2025-12-05 18:01:07	1	1	15	0
        116069	2025-12-05 18:02:06	1	1	15	0
        117156	2025-12-05 18:02:31	1	1	15	0
        117080	2025-12-05 18:03:23	1	1	15	0
        116960	2025-12-05 18:03:51	1	1	15	0
        117172	2025-12-05 18:03:55	1	1	15	0
        118917	2025-12-05 18:03:58	1	1	15	0
        110466	2025-12-05 18:04:26	1	1	15	0
        117634	2025-12-05 18:04:48	1	1	15	0
        117915	2025-12-05 18:04:50	1	1	15	0
        118503	2025-12-05 18:05:26	1	1	15	0
        118146	2025-12-05 18:08:36	1	1	15	0
        117487	2025-12-05 18:09:02	1	1	15	0
        110173	2025-12-05 18:09:09	1	1	15	0
        116799	2025-12-05 18:12:31	1	1	15	0
        117926	2025-12-05 18:17:07	1	1	15	0
        117121	2025-12-05 18:20:25	1	1	15	0
        117897	2025-12-05 18:20:27	1	1	15	0
        110172	2025-12-05 18:23:35	1	1	15	0
        117807	2025-12-05 18:29:36	1	1	15	0
        117692	2025-12-05 18:32:04	1	1	15	0
        116422	2025-12-05 18:36:12	1	1	15	0
        117222	2025-12-05 18:37:30	1	1	15	0
        119282	2025-12-05 18:39:37	1	1	15	0
        118695	2025-12-05 18:41:50	1	1	15	0
        116551	2025-12-05 18:42:37	1	1	15	0
        119107	2025-12-05 18:46:45	1	1	15	0
        117054	2025-12-05 18:51:47	1	1	15	0
        117711	2025-12-05 18:56:51	1	1	15	0
        117849	2025-12-05 19:06:13	1	1	15	0
        119494	2025-12-05 19:18:36	1	1	15	0
        117849	2025-12-05 19:18:40	1	1	15	0
        110024	2025-12-05 19:29:09	1	1	15	0
        117999	2025-12-05 19:39:03	1	1	15	0
        117212	2025-12-05 19:43:13	1	1	15	0
        117591	2025-12-05 19:52:05	1	1	15	0
        110413	2025-12-05 19:56:15	1	1	15	0
        116834	2025-12-05 20:47:50	1	1	15	0
        117835	2025-12-05 21:07:00	1	1	15	0
        118782	2025-12-05 21:54:41	1	1	15	0
        117497	2025-12-06 10:14:50	1	0	15	0
        117680	2025-12-06 10:15:46	1	0	15	0
        110090	2025-12-06 10:26:47	1	0	15	0
        110128	2025-12-06 10:30:10	1	0	15	0
        116072	2025-12-06 10:44:59	1	0	15	0
        119535	2025-12-06 11:29:04	1	2	15	0
        119453	2025-12-06 11:46:02	1	2	15	0
        117122	2025-12-06 11:46:36	1	2	15	0
        119449	2025-12-06 11:59:15	1	2	15	0
        110128	2025-12-06 12:01:14	1	2	15	0
        119535	2025-12-06 12:01:38	1	2	15	0
        119535	2025-12-06 12:04:12	1	2	15	0
        110128	2025-12-06 12:17:12	1	2	15	0
        119453	2025-12-06 12:35:18	1	3	15	0
        117497	2025-12-06 12:35:20	1	3	15	0
        117122	2025-12-06 12:35:22	1	3	15	0
        117616	2025-12-06 12:35:24	1	3	15	0
        117680	2025-12-06 12:35:33	1	3	15	0
        110090	2025-12-06 12:35:40	1	3	15	0
        119453	2025-12-06 12:39:20	1	3	15	0
        117497	2025-12-06 12:39:25	1	3	15	0
        110090	2025-12-06 12:39:34	1	3	15	0
        117616	2025-12-06 12:39:38	1	3	15	0
        110063	2025-12-06 12:41:42	1	3	15	0
        117680	2025-12-06 12:41:47	1	3	15	0
        119449	2025-12-06 12:55:16	1	3	15	0
        117632	2025-12-06 12:56:54	1	3	15	0
        119449	2025-12-06 12:58:21	1	3	15	0
        117122	2025-12-06 13:00:44	1	3	15	0
        117632	2025-12-06 15:01:49	1	3	15	0
        117497	2025-12-06 15:17:39	1	3	15	0
        119449	2025-12-06 16:11:56	1	1	15	0
        119535	2025-12-06 16:29:03	1	1	15	0
        117680	2025-12-06 17:03:12	1	1	15	0
        119453	2025-12-06 17:15:01	1	1	15	0
        117122	2025-12-06 17:15:13	1	1	15	0
        116072	2025-12-06 17:39:18	1	1	15	0
        117616	2025-12-06 18:04:51	1	1	15	0
        110128	2025-12-06 20:03:13	1	1	15	0
        110063	2025-12-06 20:14:25	1	1	15	0
        116072	2025-12-07 10:50:01	1	0	15	0
        118369	2025-12-07 10:59:30	1	0	15	0
        116072	2025-12-07 14:35:53	1	3	15	0
        118369	2025-12-07 14:52:50	1	3	15	0
        116504	2025-12-08 08:38:27	1	0	15	0
        119493	2025-12-08 09:59:19	1	0	15	0
        119104	2025-12-08 10:02:17	1	0	15	0
        118369	2025-12-08 10:34:18	1	0	15	0
        119157	2025-12-08 11:13:48	1	2	15	0
        110032	2025-12-08 11:32:14	1	2	15	0
        119493	2025-12-08 12:02:26	1	2	15	0
        119104	2025-12-08 12:38:34	1	3	15	0
        119104	2025-12-08 12:40:02	1	3	15	0
        110032	2025-12-08 12:42:28	1	3	15	0
        116504	2025-12-08 12:47:55	1	3	15	0
        110032	2025-12-08 12:48:33	1	3	15	0
        116504	2025-12-08 12:54:08	1	3	15	0
        116504	2025-12-08 13:51:48	1	3	15	0
        119157	2025-12-08 14:37:46	1	3	15	0
        110032	2025-12-08 15:24:20	1	3	15	0
        119104	2025-12-08 16:07:27	1	1	15	0
        119493	2025-12-08 17:14:29	1	1	15	0
        116831	2025-12-09 04:44:48	1	0	15	0
        117835	2025-12-09 04:47:53	1	0	15	0
        116834	2025-12-09 05:42:17	1	0	15	0
        118369	2025-12-09 05:50:11	1	0	15	0
        116479	2025-12-09 05:50:41	1	0	15	0
        118568	2025-12-09 05:55:24	1	0	15	0
        118992	2025-12-09 06:03:05	1	0	15	0
        119070	2025-12-09 06:20:20	1	0	15	0
        118146	2025-12-09 06:20:51	1	0	15	0
        117091	2025-12-09 06:33:44	1	0	15	0
        110088	2025-12-09 06:36:44	1	0	15	0
        117967	2025-12-09 06:51:47	1	0	15	0
        116551	2025-12-09 06:52:30	1	0	15	0
        110024	2025-12-09 06:57:47	1	0	15	0
        118046	2025-12-09 06:58:13	1	0	15	0
        110144	2025-12-09 06:59:31	1	0	15	0
        117983	2025-12-09 07:01:23	1	0	15	0
        110466	2025-12-09 07:02:12	1	0	15	0
        116799	2025-12-09 07:02:40	1	0	15	0
        117704	2025-12-09 07:03:19	1	0	15	0
        119475	2025-12-09 07:05:35	1	0	15	0
        117769	2025-12-09 07:05:54	1	0	15	0
        116129	2025-12-09 07:06:53	1	0	15	0
        117838	2025-12-09 07:07:25	1	0	15	0
        117528	2025-12-09 07:08:45	1	0	15	0
        116996	2025-12-09 07:08:47	1	0	15	0
        110358	2025-12-09 07:09:34	1	0	15	0
        116426	2025-12-09 07:11:26	1	0	15	0
        119365	2025-12-09 07:12:20	1	0	15	0
        110084	2025-12-09 07:12:28	1	0	15	0
        110485	2025-12-09 07:12:44	1	0	15	0
        118584	2025-12-09 07:14:09	1	0	15	0
        117133	2025-12-09 07:15:37	1	0	15	0
        110357	2025-12-09 07:18:23	1	0	15	0
        116148	2025-12-09 07:18:45	1	0	15	0
        110116	2025-12-09 07:20:32	1	0	15	0
        110415	2025-12-09 07:20:46	1	0	15	0
        110424	2025-12-09 07:21:17	1	0	15	0
        117770	2025-12-09 07:24:30	1	0	15	0
        118455	2025-12-09 07:25:17	1	0	15	0
        110193	2025-12-09 07:25:29	1	0	15	0
        117713	2025-12-09 07:26:10	1	0	15	0
        117840	2025-12-09 07:26:14	1	0	15	0
        118157	2025-12-09 07:26:50	1	0	15	0
        110198	2025-12-09 07:26:58	1	0	15	0
        110074	2025-12-09 07:29:35	1	0	15	0
        110378	2025-12-09 07:29:40	1	0	15	0
        117839	2025-12-09 07:29:42	1	0	15	0
        117699	2025-12-09 07:30:39	1	0	15	0
        110354	2025-12-09 07:30:50	1	0	15	0
        119263	2025-12-09 07:31:45	1	0	15	0
        117924	2025-12-09 07:32:32	1	0	15	0
        116428	2025-12-09 07:32:55	1	0	15	0
        116297	2025-12-09 07:34:00	1	0	15	0
        118732	2025-12-09 07:34:14	1	0	15	0
        117697	2025-12-09 07:35:04	1	0	15	0
        117972	2025-12-09 07:35:08	1	0	15	0
        117733	2025-12-09 07:35:20	1	0	15	0
        118043	2025-12-09 07:35:40	1	0	15	0
        116537	2025-12-09 07:36:25	1	0	15	0
        118640	2025-12-09 07:36:29	1	0	15	0
        117103	2025-12-09 07:36:47	1	0	15	0
        110377	2025-12-09 07:36:50	1	0	15	0
        117541	2025-12-09 07:37:18	1	0	15	0
        117111	2025-12-09 07:37:20	1	0	15	0
        117080	2025-12-09 07:38:20	1	0	15	0
        110355	2025-12-09 07:38:39	1	0	15	0
        110356	2025-12-09 07:38:42	1	0	15	0
        117121	2025-12-09 07:38:49	1	0	15	0
        118744	2025-12-09 07:40:12	1	0	15	0
        117991	2025-12-09 07:40:19	1	0	15	0
        116960	2025-12-09 07:40:31	1	0	15	0
        117812	2025-12-09 07:41:02	1	0	15	0
        117707	2025-12-09 07:41:32	1	0	15	0
        110367	2025-12-09 07:41:57	1	0	15	0
        117616	2025-12-09 07:42:41	1	0	15	0
        118180	2025-12-09 07:43:11	1	0	15	0
        116069	2025-12-09 07:43:16	1	0	15	0
        119143	2025-12-09 07:43:32	1	0	15	0
        116763	2025-12-09 07:45:27	1	0	15	0
        110483	2025-12-09 07:45:34	1	0	15	0
        117114	2025-12-09 07:46:07	1	0	15	0
        110372	2025-12-09 07:46:11	1	0	15	0
        117807	2025-12-09 07:46:25	1	0	15	0
        117837	2025-12-09 07:46:28	1	0	15	0
        116483	2025-12-09 07:46:36	1	0	15	0
        117841	2025-12-09 07:46:50	1	0	15	0
        117162	2025-12-09 07:47:43	1	0	15	0
        117487	2025-12-09 07:48:36	1	0	15	0
        117259	2025-12-09 07:49:03	1	0	15	0
        117710	2025-12-09 07:49:14	1	0	15	0
        110473	2025-12-09 07:50:37	1	0	15	0
        116748	2025-12-09 07:50:53	1	0	15	0
        118829	2025-12-09 07:51:04	1	0	15	0
        117850	2025-12-09 07:51:38	1	0	15	0
        116778	2025-12-09 07:52:50	1	0	15	0
        117716	2025-12-09 07:52:59	1	0	15	0
        118928	2025-12-09 07:53:04	1	0	15	0
        116828	2025-12-09 07:53:08	1	0	1	0
        117088	2025-12-09 07:53:16	1	0	15	0
        117998	2025-12-09 07:53:24	1	0	15	0
        117497	2025-12-09 07:53:33	1	0	15	0
        116914	2025-12-09 07:53:37	1	0	15	0
        116142	2025-12-09 07:53:40	1	0	15	0
        117219	2025-12-09 07:53:42	1	0	15	0
        119340	2025-12-09 07:53:44	1	0	15	0
        119364	2025-12-09 07:54:35	1	0	15	0
        118953	2025-12-09 07:54:49	1	0	15	0
        117483	2025-12-09 07:54:53	1	0	15	0
        116356	2025-12-09 07:55:06	1	0	15	0
        116279	2025-12-09 07:55:10	1	0	15	0
        116477	2025-12-09 07:55:29	1	0	15	0
        116383	2025-12-09 07:56:03	1	0	15	0
        117790	2025-12-09 07:56:09	1	0	15	0
        110172	2025-12-09 07:56:17	1	0	15	0
        119104	2025-12-09 07:56:20	1	0	15	0
        117567	2025-12-09 07:56:25	1	0	15	0
        117575	2025-12-09 07:56:28	1	0	15	0
        119453	2025-12-09 07:56:35	1	0	15	0
        116504	2025-12-09 07:56:44	1	0	15	0
        110376	2025-12-09 07:56:49	1	0	15	0
        117341	2025-12-09 07:58:08	1	0	15	0
        117632	2025-12-09 07:58:14	1	0	15	0
        117742	2025-12-09 07:58:19	1	0	15	0
        116346	2025-12-09 07:59:37	1	0	15	0
        117920	2025-12-09 07:59:58	1	0	15	0
        117724	2025-12-09 08:00:02	1	0	15	0
        117222	2025-12-09 08:00:42	1	0	15	0
        117921	2025-12-09 08:00:51	1	0	15	0
        117833	2025-12-09 08:00:54	1	0	15	0
        117144	2025-12-09 08:03:45	1	0	15	0
        117692	2025-12-09 08:03:51	1	0	15	0
        110482	2025-12-09 08:04:36	1	0	15	0
        118835	2025-12-09 08:04:54	1	0	15	0
        110065	2025-12-09 08:05:02	1	0	15	0
        110057	2025-12-09 08:05:04	1	0	15	0
        117337	2025-12-09 08:05:15	1	0	15	0
        117930	2025-12-09 08:05:22	1	0	15	0
        117591	2025-12-09 08:05:37	1	0	15	0
        117543	2025-12-09 08:05:41	1	0	15	0
        117542	2025-12-09 08:05:56	1	0	15	0
        116805	2025-12-09 08:06:33	1	0	15	0
        117786	2025-12-09 08:06:36	1	0	15	0
        116933	2025-12-09 08:06:53	1	0	15	0
        110195	2025-12-09 08:07:15	1	0	15	0
        117926	2025-12-09 08:07:20	1	0	15	0
        117113	2025-12-09 08:09:28	1	0	15	0
        117122	2025-12-09 08:09:53	1	0	15	0
        117817	2025-12-09 08:09:59	1	0	15	0
        116070	2025-12-09 08:10:04	1	0	1	0
        118186	2025-12-09 08:10:14	1	0	15	0
        117043	2025-12-09 08:10:17	1	0	15	0
        118970	2025-12-09 08:10:54	1	0	15	0
        118782	2025-12-09 08:11:05	1	0	15	0
        118563	2025-12-09 08:11:05	1	0	15	0
        116493	2025-12-09 08:11:21	1	0	15	0
        117156	2025-12-09 08:12:15	1	0	15	0
        110128	2025-12-09 08:12:23	1	0	15	0
        117061	2025-12-09 08:12:34	1	0	15	0
        117897	2025-12-09 08:13:11	1	0	15	0
        116990	2025-12-09 08:13:18	1	0	15	0
        117595	2025-12-09 08:14:11	1	0	15	0
        110368	2025-12-09 08:16:20	1	0	15	0
        110366	2025-12-09 08:18:28	1	0	15	0
        117915	2025-12-09 08:18:39	1	0	15	0
        117634	2025-12-09 08:18:42	1	0	15	0
        116496	2025-12-09 08:20:17	1	0	15	0
        117642	2025-12-09 08:21:06	1	0	15	0
        117120	2025-12-09 08:21:09	1	0	15	0
        110200	2025-12-09 08:21:12	1	0	15	0
        117046	2025-12-09 08:21:19	1	0	15	0
        110076	2025-12-09 08:21:27	1	0	15	0
        110173	2025-12-09 08:22:02	1	0	15	0
        116252	2025-12-09 08:22:08	1	0	15	0
        116512	2025-12-09 08:22:36	1	0	15	0
        116751	2025-12-09 08:22:38	1	0	15	0
        117059	2025-12-09 08:22:44	1	0	15	0
        119535	2025-12-09 08:22:52	1	0	15	0
        117811	2025-12-09 08:23:01	1	0	15	0
        118207	2025-12-09 08:23:09	1	0	15	0
        110159	2025-12-09 08:23:39	1	0	15	0
        110077	2025-12-09 08:23:50	1	0	15	0
        110418	2025-12-09 08:28:33	1	0	15	0
        116849	2025-12-09 08:28:38	1	0	15	0
        117982	2025-12-09 08:28:40	1	0	15	0
        117680	2025-12-09 08:28:42	1	0	15	0
        117997	2025-12-09 08:29:28	1	0	15	0
        116995	2025-12-09 08:29:56	1	0	15	0
        117189	2025-12-09 08:31:38	1	0	15	0
        117683	2025-12-09 08:32:00	1	0	15	0
        117224	2025-12-09 08:32:18	1	0	15	0
        110105	2025-12-09 08:32:22	1	0	15	0
        110197	2025-12-09 08:32:24	1	0	15	0
        116104	2025-12-09 08:32:32	1	0	15	0
        110094	2025-12-09 08:33:56	1	0	15	0
        116472	2025-12-09 08:34:00	1	0	15	0
        117711	2025-12-09 08:34:14	1	0	15	0
        117698	2025-12-09 08:36:05	1	0	15	0
        117725	2025-12-09 08:36:10	1	0	15	0
        117981	2025-12-09 08:36:32	1	0	15	0
        110158	2025-12-09 08:38:10	1	0	15	0
        117630	2025-12-09 08:38:24	1	0	15	0
        110090	2025-12-09 08:39:52	1	0	15	0
        117085	2025-12-09 08:41:14	1	0	15	0
        110060	2025-12-09 08:42:31	1	0	15	0
        118862	2025-12-09 08:42:37	1	0	15	0
        116337	2025-12-09 08:44:57	1	0	15	0
        116787	2025-12-09 08:46:31	1	0	15	0
        118753	2025-12-09 08:46:55	1	0	15	0
        118867	2025-12-09 08:47:01	1	0	15	0
        119493	2025-12-09 08:47:47	1	0	15	0
        117966	2025-12-09 08:48:03	1	0	15	0
        116747	2025-12-09 08:48:41	1	0	15	0
        110085	2025-12-09 08:51:12	1	0	15	0
        119282	2025-12-09 08:51:43	1	0	15	0
        118458	2025-12-09 08:52:30	1	0	15	0
        118695	2025-12-09 08:53:39	1	0	15	0
        117529	2025-12-09 08:53:48	1	0	15	0
        119107	2025-12-09 08:59:21	1	0	15	0
        119571	2025-12-09 08:59:43	1	0	15	0
        117815	2025-12-09 09:01:30	1	0	15	0
        117814	2025-12-09 09:04:19	1	0	15	0
        116497	2025-12-09 09:04:35	1	0	15	0
        117172	2025-12-09 09:04:41	1	0	15	0
        110413	2025-12-09 09:06:30	1	0	15	0
        117645	2025-12-09 09:10:36	1	0	15	0
        118761	2025-12-09 09:18:55	1	0	15	0
        118503	2025-12-09 09:30:12	1	0	15	0
        110492	2025-12-09 09:48:08	1	0	15	0
        110493	2025-12-09 09:48:50	1	0	15	0
        118917	2025-12-09 10:01:48	1	0	15	0
        116995	2025-12-09 11:58:45	1	2	15	0
        116751	2025-12-09 12:00:04	1	2	15	0
        118584	2025-12-09 12:00:07	1	2	15	0
        116995	2025-12-09 12:00:09	1	2	15	0
        119340	2025-12-09 12:00:11	1	2	15	0
        110358	2025-12-09 12:00:13	1	2	15	0
        116990	2025-12-09 12:00:17	1	2	15	0
        119107	2025-12-09 12:00:19	1	2	15	0
        117642	2025-12-09 12:00:22	1	2	15	0
        110198	2025-12-09 12:00:24	1	2	15	0
        116483	2025-12-09 12:00:26	1	2	15	0
        116297	2025-12-09 12:00:29	1	2	15	0
        116383	2025-12-09 12:00:30	1	2	15	0
        116279	2025-12-09 12:00:33	1	2	15	0
        118829	2025-12-09 12:00:34	1	2	15	0
        118043	2025-12-09 12:00:36	1	2	15	0
        119571	2025-12-09 12:00:38	1	2	15	0
        110128	2025-12-09 12:00:41	1	2	15	0
        119535	2025-12-09 12:00:45	1	2	15	0
        117259	2025-12-09 12:00:49	1	2	15	0
        116426	2025-12-09 12:00:50	1	2	15	0
        117077	2025-12-09 12:00:57	1	2	15	0
        116537	2025-12-09 12:00:58	1	2	15	0
        116512	2025-12-09 12:01:00	1	2	15	0
        116453	2025-12-09 12:01:02	1	2	15	0
        117733	2025-12-09 12:01:04	1	2	15	0
        110357	2025-12-09 12:01:06	1	2	15	0
        117833	2025-12-09 12:01:09	1	2	15	0
        116828	2025-12-09 12:01:13	1	2	1	0
        110418	2025-12-09 12:01:19	1	2	15	0
        110372	2025-12-09 12:01:21	1	2	15	0
        117926	2025-12-09 12:01:25	1	2	15	0
        117997	2025-12-09 12:01:27	1	2	15	0
        116477	2025-12-09 12:01:29	1	2	15	0
        118146	2025-12-09 12:01:32	1	2	15	0
        117972	2025-12-09 12:01:35	1	2	15	0
        119143	2025-12-09 12:01:37	1	2	15	0
        110354	2025-12-09 12:01:39	1	2	15	0
        117222	2025-12-09 12:01:44	1	2	15	0
        110172	2025-12-09 12:01:45	1	2	15	0
        110193	2025-12-09 12:02:10	1	2	15	0
        116504	2025-12-09 12:02:24	1	2	15	0
        117080	2025-12-09 12:02:34	1	2	15	0
        118928	2025-12-09 12:02:36	1	2	15	0
        118970	2025-12-09 12:02:36	1	2	15	0
        117088	2025-12-09 12:02:38	1	2	15	0
        116914	2025-12-09 12:02:41	1	2	15	0
        116748	2025-12-09 12:02:43	1	2	15	0
        117046	2025-12-09 12:02:48	1	2	15	0
        117983	2025-12-09 12:02:50	1	2	15	0
        117814	2025-12-09 12:02:52	1	2	15	0
        110424	2025-12-09 12:02:55	1	2	15	0
        117897	2025-12-09 12:02:57	1	2	15	0
        116763	2025-12-09 12:03:00	1	2	15	0
        119340	2025-12-09 12:03:02	1	2	15	0
        118563	2025-12-09 12:03:05	1	2	15	0
        117224	2025-12-09 12:03:07	1	2	15	0
        110358	2025-12-09 12:03:09	1	2	15	0
        110195	2025-12-09 12:03:17	1	2	15	0
        117967	2025-12-09 12:03:19	1	2	15	0
        118584	2025-12-09 12:03:23	1	2	15	0
        116995	2025-12-09 12:03:24	1	2	15	0
        110076	2025-12-09 12:03:33	1	2	15	0
        116990	2025-12-09 12:03:36	1	2	15	0
        117839	2025-12-09 12:03:38	1	2	15	0
        117841	2025-12-09 12:03:40	1	2	15	0
        117645	2025-12-09 12:03:42	1	2	15	0
        117840	2025-12-09 12:03:45	1	2	15	0
        117733	2025-12-09 12:03:48	1	2	15	0
        117811	2025-12-09 12:03:50	1	2	15	0
        117113	2025-12-09 12:03:59	1	2	15	0
        116933	2025-12-09 12:04:01	1	2	15	0
        117189	2025-12-09 12:04:05	1	2	15	0
        116426	2025-12-09 12:04:06	1	2	15	0
        110492	2025-12-09 12:04:10	1	2	15	0
        110357	2025-12-09 12:04:13	1	2	15	0
        110077	2025-12-09 12:04:17	1	2	15	0
        118953	2025-12-09 12:04:19	1	2	15	0
        117059	2025-12-09 12:04:20	1	2	15	0
        117833	2025-12-09 12:04:24	1	2	15	0
        117487	2025-12-09 12:04:29	1	2	15	0
        110418	2025-12-09 12:04:30	1	2	15	0
        110094	2025-12-09 12:04:40	1	2	15	0
        110354	2025-12-09 12:04:42	1	2	15	0
        110376	2025-12-09 12:04:45	1	2	15	0
        110377	2025-12-09 12:04:48	1	2	15	0
        117567	2025-12-09 12:04:51	1	2	15	0
        116504	2025-12-09 12:04:56	1	2	15	0
        116799	2025-12-09 12:05:02	1	2	15	0
        117724	2025-12-09 12:05:04	1	2	15	0
        118829	2025-12-09 12:05:06	1	2	15	0
        117528	2025-12-09 12:05:07	1	2	15	0
        116383	2025-12-09 12:05:13	1	2	15	0
        118043	2025-12-09 12:05:15	1	2	15	0
        117133	2025-12-09 12:05:17	1	2	15	0
        116477	2025-12-09 12:05:18	1	2	15	0
        118186	2025-12-09 12:05:20	1	2	15	0
        118157	2025-12-09 12:05:42	1	2	15	0
        117683	2025-12-09 12:05:43	1	2	15	0
        117219	2025-12-09 12:05:47	1	2	15	0
        119535	2025-12-09 12:05:52	1	2	15	0
        116104	2025-12-09 12:05:54	1	2	15	0
        116282	2025-12-09 12:05:57	1	2	15	0
        117930	2025-12-09 12:06:00	1	2	15	0
        117061	2025-12-09 12:06:02	1	2	15	0
        117981	2025-12-09 12:06:04	1	2	15	0
        118369	2025-12-09 12:06:05	1	2	15	0
        116356	2025-12-09 12:06:06	1	2	15	0
        117634	2025-12-09 12:06:08	1	2	15	0
        116805	2025-12-09 12:06:10	1	2	15	0
        117542	2025-12-09 12:06:12	1	2	15	0
        119493	2025-12-09 12:06:15	1	2	15	0
        117699	2025-12-09 12:06:17	1	2	15	0
        117897	2025-12-09 12:06:19	1	2	15	0
        116763	2025-12-09 12:06:21	1	2	15	0
        117814	2025-12-09 12:06:23	1	2	15	0
        117680	2025-12-09 12:06:28	1	2	15	0
        117742	2025-12-09 12:06:30	1	2	15	0
        117967	2025-12-09 12:06:31	1	2	15	0
        117497	2025-12-09 12:06:33	1	2	15	0
        110424	2025-12-09 12:06:36	1	2	15	0
        117046	2025-12-09 12:06:40	1	2	15	0
        116748	2025-12-09 12:06:42	1	2	15	0
        116914	2025-12-09 12:06:43	1	2	15	0
        117080	2025-12-09 12:06:45	1	2	15	0
        117091	2025-12-09 12:06:49	1	2	15	0
        118563	2025-12-09 12:06:51	1	2	15	0
        117983	2025-12-09 12:06:53	1	2	15	0
        119453	2025-12-09 12:07:02	1	2	15	0
        110195	2025-12-09 12:07:08	1	2	15	0
        116069	2025-12-09 12:07:13	1	2	15	0
        116512	2025-12-09 12:07:15	1	2	15	0
        117807	2025-12-09 12:07:17	1	2	15	0
        117077	2025-12-09 12:07:19	1	2	15	0
        116537	2025-12-09 12:07:20	1	2	15	0
        117786	2025-12-09 12:07:22	1	2	15	0
        110116	2025-12-09 12:07:33	1	2	15	0
        118867	2025-12-09 12:07:38	1	2	15	0
        119282	2025-12-09 12:07:42	1	2	15	0
        118928	2025-12-09 12:07:53	1	2	15	0
        118970	2025-12-09 12:07:57	1	2	15	0
        117219	2025-12-09 12:08:08	1	2	15	0
        118157	2025-12-09 12:08:10	1	2	15	0
        116282	2025-12-09 12:08:12	1	2	15	0
        116104	2025-12-09 12:08:14	1	2	15	0
        118186	2025-12-09 12:08:17	1	2	15	0
        117634	2025-12-09 12:08:19	1	2	15	0
        117683	2025-12-09 12:08:20	1	2	15	0
        118744	2025-12-09 12:08:24	1	2	15	0
        116828	2025-12-09 12:08:27	1	2	1	0
        117815	2025-12-09 12:08:33	1	2	15	0
        117991	2025-12-09 12:08:38	1	2	15	0
        117790	2025-12-09 12:08:40	1	2	15	0
        110355	2025-12-09 12:08:42	1	2	15	0
        117224	2025-12-09 12:08:43	1	2	15	0
        110356	2025-12-09 12:08:47	1	2	15	0
        116428	2025-12-09 12:08:51	1	2	15	0
        118761	2025-12-09 12:08:53	1	2	15	0
        117487	2025-12-09 12:09:01	1	2	15	0
        116751	2025-12-09 12:09:03	1	2	15	0
        116996	2025-12-09 12:09:04	1	2	15	0
        117997	2025-12-09 12:09:13	1	2	15	0
        117043	2025-12-09 12:09:15	1	2	15	0
        117742	2025-12-09 12:09:20	1	2	15	0
        117341	2025-12-09 12:09:22	1	2	15	0
        110090	2025-12-09 12:09:26	1	2	15	0
        118369	2025-12-09 12:09:29	1	2	15	0
        117061	2025-12-09 12:09:33	1	2	15	0
        116356	2025-12-09 12:09:34	1	2	15	0
        117091	2025-12-09 12:09:37	1	2	15	0
        116805	2025-12-09 12:09:39	1	2	15	0
        117981	2025-12-09 12:09:41	1	2	15	0
        118046	2025-12-09 12:09:43	1	2	15	0
        117133	2025-12-09 12:09:50	1	2	15	0
        117642	2025-12-09 12:10:02	1	2	15	0
        119107	2025-12-09 12:10:06	1	2	15	0
        110076	2025-12-09 12:10:20	1	2	15	0
        117807	2025-12-09 12:10:32	1	2	15	0
        116069	2025-12-09 12:10:35	1	2	15	0
        117595	2025-12-09 12:10:48	1	2	15	0
        117815	2025-12-09 12:11:00	1	2	15	0
        110060	2025-12-09 12:11:04	1	2	15	0
        116960	2025-12-09 12:11:12	1	2	15	0
        116467	2025-12-09 12:11:14	1	2	15	0
        119282	2025-12-09 12:11:17	1	2	15	0
        118867	2025-12-09 12:11:17	1	2	15	0
        117632	2025-12-09 12:11:24	1	2	15	0
        117172	2025-12-09 12:11:25	1	2	15	0
        110159	2025-12-09 12:11:31	1	2	15	0
        116428	2025-12-09 12:11:40	1	2	15	0
        117930	2025-12-09 12:11:42	1	2	15	0
        110376	2025-12-09 12:11:47	1	2	15	0
        110377	2025-12-09 12:11:50	1	2	15	0
        117189	2025-12-09 12:11:54	1	2	15	0
        110200	2025-12-09 12:12:02	1	2	15	0
        117591	2025-12-09 12:12:06	1	2	15	0
        116337	2025-12-09 12:12:08	1	2	15	0
        119493	2025-12-09 12:12:23	1	2	15	0
        116787	2025-12-09 12:12:28	1	2	15	0
        116849	2025-12-09 12:12:36	1	2	15	0
        116778	2025-12-09 12:12:38	1	2	15	0
        116551	2025-12-09 12:12:39	1	2	15	0
        110158	2025-12-09 12:12:44	1	2	15	0
        116799	2025-12-09 12:12:52	1	2	15	0
        117529	2025-12-09 12:13:15	1	2	15	0
        117575	2025-12-09 12:13:18	1	2	15	0
        110415	2025-12-09 12:13:20	1	2	15	0
        117043	2025-12-09 12:13:24	1	2	15	0
        118953	2025-12-09 12:13:32	1	2	15	0
        117982	2025-12-09 12:13:38	1	2	15	0
        117711	2025-12-09 12:13:49	1	2	15	0
        110172	2025-12-09 12:13:59	1	2	15	0
        116346	2025-12-09 12:14:05	1	2	15	0
        118917	2025-12-09 12:14:14	1	2	15	0
        117156	2025-12-09 12:14:21	1	2	15	0
        117085	2025-12-09 12:14:23	1	2	15	0
        110356	2025-12-09 12:14:31	1	2	15	0
        119263	2025-12-09 12:14:35	1	2	15	0
        110355	2025-12-09 12:14:40	1	2	15	0
        116778	2025-12-09 12:15:02	1	2	15	0
        118835	2025-12-09 12:15:09	1	2	15	0
        116142	2025-12-09 12:15:14	1	2	15	0
        116337	2025-12-09 12:15:30	1	2	15	0
        110378	2025-12-09 12:15:36	1	2	15	0
        117616	2025-12-09 12:15:37	1	2	15	0
        110094	2025-12-09 12:15:41	1	2	15	0
        116252	2025-12-09 12:15:48	1	2	15	0
        117817	2025-12-09 12:15:50	1	2	15	0
        110088	2025-12-09 12:15:54	1	2	15	0
        116787	2025-12-09 12:15:57	1	2	15	0
        116849	2025-12-09 12:15:59	1	2	15	0
        116551	2025-12-09 12:16:05	1	2	15	0
        117341	2025-12-09 12:16:12	1	2	15	0
        110466	2025-12-09 12:16:32	1	2	15	0
        117088	2025-12-09 12:16:48	1	2	15	0
        110413	2025-12-09 12:16:57	1	2	15	0
        117567	2025-12-09 12:17:03	1	2	15	0
        117698	2025-12-09 12:17:05	1	2	15	0
        117725	2025-12-09 12:17:07	1	2	15	0
        117704	2025-12-09 12:17:09	1	2	15	0
        110366	2025-12-09 12:17:12	1	2	15	0
        117713	2025-12-09 12:17:16	1	2	15	0
        117710	2025-12-09 12:17:18	1	2	15	0
        117697	2025-12-09 12:17:20	1	2	15	0
        116129	2025-12-09 12:17:22	1	2	15	0
        118180	2025-12-09 12:17:24	1	2	15	0
        117543	2025-12-09 12:17:27	1	2	15	0
        116252	2025-12-09 12:17:29	1	2	15	0
        117497	2025-12-09 12:17:37	1	2	15	0
        118640	2025-12-09 12:17:45	1	2	15	0
        117172	2025-12-09 12:17:52	1	2	15	0
        117114	2025-12-09 12:17:56	1	2	15	0
        116960	2025-12-09 12:17:59	1	2	15	0
        110060	2025-12-09 12:18:02	1	2	15	0
        117144	2025-12-09 12:18:05	1	2	15	0
        117122	2025-12-09 12:18:07	1	2	15	0
        110482	2025-12-09 12:18:09	1	2	15	0
        116996	2025-12-09 12:18:17	1	2	15	0
        110483	2025-12-09 12:18:22	1	2	15	0
        110415	2025-12-09 12:18:24	1	2	15	0
        110485	2025-12-09 12:18:27	1	2	15	0
        117711	2025-12-09 12:18:34	1	2	15	0
        118458	2025-12-09 12:18:43	1	2	15	0
        116747	2025-12-09 12:18:47	1	2	15	0
        116472	2025-12-09 12:18:54	1	2	15	0
        117982	2025-12-09 12:18:57	1	2	15	0
        117632	2025-12-09 12:18:59	1	2	15	0
        117630	2025-12-09 12:19:14	1	2	15	0
        117921	2025-12-09 12:19:26	1	2	15	0
        117692	2025-12-09 12:19:27	1	2	15	0
        118992	2025-12-09 12:20:16	1	2	15	0
        110197	2025-12-09 12:20:20	1	2	15	0
        110158	2025-12-09 12:20:25	1	2	15	0
        117541	2025-12-09 12:20:27	1	2	15	0
        117259	2025-12-09 12:20:29	1	2	15	0
        117915	2025-12-09 12:20:35	1	2	15	0
        110088	2025-12-09 12:20:41	1	2	15	0
        118835	2025-12-09 12:20:49	1	2	15	0
        117817	2025-12-09 12:20:53	1	2	15	0
        110367	2025-12-09 12:20:59	1	2	15	0
        117850	2025-12-09 12:21:01	1	2	15	0
        117707	2025-12-09 12:21:09	1	2	15	0
        117704	2025-12-09 12:21:16	1	2	15	0
        117698	2025-12-09 12:21:20	1	2	15	0
        117725	2025-12-09 12:21:22	1	2	15	0
        117920	2025-12-09 12:21:25	1	2	15	0
        117966	2025-12-09 12:21:27	1	2	15	0
        117838	2025-12-09 12:21:28	1	2	15	0
        117769	2025-12-09 12:21:30	1	2	15	0
        116747	2025-12-09 12:21:32	1	2	15	0
        117591	2025-12-09 12:21:38	1	2	15	0
        117713	2025-12-09 12:21:50	1	2	15	0
        117710	2025-12-09 12:21:52	1	2	15	0
        110366	2025-12-09 12:21:55	1	2	15	0
        117222	2025-12-09 12:21:56	1	2	15	0
        117697	2025-12-09 12:21:58	1	2	15	0
        118761	2025-12-09 12:22:20	1	2	15	0
        116129	2025-12-09 12:22:39	1	2	15	0
        118180	2025-12-09 12:22:42	1	2	15	0
        117838	2025-12-09 12:23:05	1	2	15	0
        117769	2025-12-09 12:23:07	1	2	15	0
        117966	2025-12-09 12:23:11	1	2	15	0
        110368	2025-12-09 12:23:15	1	2	15	0
        117645	2025-12-09 12:23:17	1	2	15	0
        110413	2025-12-09 12:23:22	1	2	15	0
        117575	2025-12-09 12:23:27	1	2	15	0
        116453	2025-12-09 12:23:30	1	2	15	0
        117541	2025-12-09 12:23:45	1	2	15	0
        110084	2025-12-09 12:23:47	1	2	15	0
        118707	2025-12-09 12:23:49	1	2	15	0
        117529	2025-12-09 12:23:53	1	2	15	0
        110482	2025-12-09 12:23:56	1	2	15	0
        118640	2025-12-09 12:23:59	1	2	15	0
        110105	2025-12-09 12:24:05	1	2	15	0
        118458	2025-12-09 12:24:11	1	2	15	0
        110483	2025-12-09 12:24:16	1	2	15	0
        116297	2025-12-09 12:24:24	1	2	15	0
        117716	2025-12-09 12:24:28	1	2	15	0
        110473	2025-12-09 12:24:32	1	2	15	0
        117543	2025-12-09 12:24:38	1	2	15	0
        110077	2025-12-09 12:24:45	1	2	15	0
        117921	2025-12-09 12:24:57	1	2	15	0
        117692	2025-12-09 12:25:06	1	2	15	0
        118744	2025-12-09 12:25:12	1	2	15	0
        117915	2025-12-09 12:25:22	1	2	15	0
        118862	2025-12-09 12:25:42	1	2	15	0
        117542	2025-12-09 12:25:53	1	2	15	0
        110090	2025-12-09 12:26:01	1	2	15	0
        117111	2025-12-09 12:26:07	1	2	15	0
        117114	2025-12-09 12:26:09	1	2	15	0
        118695	2025-12-09 12:26:10	1	2	15	0
        117998	2025-12-09 12:26:15	1	2	15	0
        110368	2025-12-09 12:26:41	1	2	15	0
        110116	2025-12-09 12:28:15	1	2	15	0
        116142	2025-12-09 12:28:38	1	2	15	0
        117483	2025-12-09 12:29:00	1	2	15	0
        117811	2025-12-09 12:29:02	1	2	15	0
        117841	2025-12-09 12:29:04	1	2	15	0
        117840	2025-12-09 12:29:06	1	2	15	0
        119263	2025-12-09 12:29:14	1	2	15	0
        119475	2025-12-09 12:29:22	1	2	15	0
        110065	2025-12-09 12:29:46	1	2	15	0
        119571	2025-12-09 12:29:49	1	2	15	0
        110466	2025-12-09 12:30:04	1	2	15	0
        117630	2025-12-09 12:30:45	1	2	15	0
        116148	2025-12-09 12:30:46	1	2	15	0
        117839	2025-12-09 12:30:48	1	2	15	0
        117920	2025-12-09 12:30:56	1	2	15	0
        110367	2025-12-09 12:31:02	1	2	15	0
        117707	2025-12-09 12:31:05	1	2	15	0
        117850	2025-12-09 12:31:08	1	2	15	0
        110128	2025-12-09 12:31:11	1	2	15	0
        117616	2025-12-09 12:31:29	1	2	15	0
        117122	2025-12-09 12:31:31	1	2	15	0
        118503	2025-12-09 12:31:49	1	2	15	0
        110473	2025-12-09 12:32:30	1	2	15	0
        117716	2025-12-09 12:32:32	1	2	15	0
        118732	2025-12-09 12:32:44	1	2	15	0
        116933	2025-12-09 12:32:53	1	2	15	0
        117998	2025-12-09 12:33:21	1	2	15	0
        117144	2025-12-09 12:33:28	1	2	15	0
        116148	2025-12-09 12:33:35	1	2	15	0
        110057	2025-12-09 12:33:45	1	2	15	0
        119364	2025-12-09 12:33:47	1	2	15	0
        117113	2025-12-09 12:33:56	1	2	15	0
        119475	2025-12-09 12:34:03	1	2	15	0
        110065	2025-12-09 12:34:06	1	2	15	0
        117483	2025-12-09 12:34:12	1	2	15	0
        110085	2025-12-09 12:34:55	1	2	15	0
        117837	2025-12-09 12:35:01	1	2	15	0
        117770	2025-12-09 12:35:03	1	2	15	0
        118146	2025-12-09 12:35:07	1	2	15	0
        110105	2025-12-09 12:35:10	1	2	15	0
        116346	2025-12-09 12:35:17	1	2	15	0
        117699	2025-12-09 12:35:31	1	2	15	0
        118503	2025-12-09 12:36:22	1	3	15	0
        119104	2025-12-09 12:37:09	1	3	15	0
        118046	2025-12-09 12:37:23	1	3	15	0
        118782	2025-12-09 12:37:45	1	3	15	0
        110200	2025-12-09 12:37:54	1	3	15	0
        117121	2025-12-09 12:38:09	1	3	15	0
        118707	2025-12-09 12:38:18	1	3	15	0
        110057	2025-12-09 12:38:43	1	3	15	0
        119364	2025-12-09 12:38:48	1	3	15	0
        118732	2025-12-09 12:38:53	1	3	15	0
        117786	2025-12-09 12:39:29	1	3	15	0
        119453	2025-12-09 12:39:39	1	3	15	0
        117837	2025-12-09 12:39:44	1	3	15	0
        117770	2025-12-09 12:39:45	1	3	15	0
        117724	2025-12-09 12:40:29	1	3	15	0
        110197	2025-12-09 12:40:47	1	3	15	0
        117059	2025-12-09 12:40:51	1	3	15	0
        116493	2025-12-09 12:41:22	1	3	15	0
        119365	2025-12-09 12:41:26	1	3	15	0
        117991	2025-12-09 12:41:36	1	3	15	0
        117790	2025-12-09 12:41:39	1	3	15	0
        117121	2025-12-09 12:42:00	1	3	15	0
        118782	2025-12-09 12:42:01	1	3	15	0
        119104	2025-12-09 12:42:05	1	3	15	0
        117528	2025-12-09 12:42:16	1	3	15	0
        117103	2025-12-09 12:42:22	1	3	15	0
        117812	2025-12-09 12:42:43	1	3	15	0
        117680	2025-12-09 12:42:48	1	3	15	0
        118992	2025-12-09 12:43:12	1	3	15	0
        110159	2025-12-09 12:43:25	1	3	15	0
        118753	2025-12-09 12:43:37	1	3	15	0
        117972	2025-12-09 12:43:42	1	3	15	0
        117924	2025-12-09 12:43:45	1	3	15	0
        117926	2025-12-09 12:44:03	1	3	15	0
        119143	2025-12-09 12:44:14	1	3	15	0
        116472	2025-12-09 12:44:26	1	3	15	0
        117575	2025-12-09 12:44:41	1	3	15	0
        118753	2025-12-09 12:44:52	1	3	15	0
        116493	2025-12-09 12:45:11	1	3	15	0
        119365	2025-12-09 12:45:15	1	3	15	0
        117103	2025-12-09 12:45:43	1	3	15	0
        110378	2025-12-09 12:50:36	1	3	15	0
        118862	2025-12-09 12:51:23	1	3	15	0
        117812	2025-12-09 12:51:40	1	3	15	0
        117659	2025-12-09 12:52:03	1	3	15	0
        118455	2025-12-09 12:52:05	1	3	15	0
        116483	2025-12-09 12:52:07	1	3	15	0
        116497	2025-12-09 12:52:08	1	3	15	0
        110074	2025-12-09 12:52:12	1	3	15	0
        117924	2025-12-09 12:52:15	1	3	15	0
        119070	2025-12-09 12:52:17	1	3	15	0
        117120	2025-12-09 12:52:20	1	3	15	0
        118695	2025-12-09 12:52:21	1	3	15	0
        117337	2025-12-09 12:52:24	1	3	15	0
        110485	2025-12-09 12:52:59	1	3	15	0
        117595	2025-12-09 12:53:06	1	3	15	0
        117111	2025-12-09 12:53:16	1	3	15	0
        118207	2025-12-09 12:53:19	1	3	15	0
        110173	2025-12-09 12:53:21	1	3	15	0
        118917	2025-12-09 12:53:26	1	3	15	0
        117156	2025-12-09 12:53:28	1	3	15	0
        117085	2025-12-09 12:53:30	1	3	15	0
        117745	2025-12-09 12:56:09	1	3	15	0
        117743	2025-12-09 12:56:12	1	3	15	0
        118207	2025-12-09 12:56:24	1	3	15	0
        110173	2025-12-09 12:56:25	1	3	15	0
        110074	2025-12-09 12:56:56	1	3	15	0
        116497	2025-12-09 12:57:00	1	3	15	0
        118455	2025-12-09 12:57:02	1	3	15	0
        119070	2025-12-09 12:57:05	1	3	15	0
        117337	2025-12-09 12:57:25	1	3	15	0
        110492	2025-12-09 12:57:37	1	3	15	0
        116297	2025-12-09 12:59:45	1	3	15	0
        110183	2025-12-09 13:33:14	1	3	15	0
        110457	2025-12-09 15:34:26	1	3	15	0
        110094	2025-12-09 16:04:31	1	1	15	0
        118917	2025-12-09 16:04:37	1	1	15	0
        117967	2025-12-09 16:10:41	1	1	15	0
        117983	2025-12-09 16:10:58	1	1	15	0
        110495	2025-12-09 16:18:52	1	1	15	0
        110084	2025-12-09 16:41:51	1	1	15	0
        116426	2025-12-09 17:00:09	1	1	15	0
        118732	2025-12-09 17:00:13	1	1	15	0
        117133	2025-12-09 17:00:41	1	1	15	0
        117642	2025-12-09 17:01:21	1	1	15	0
        117966	2025-12-09 17:01:22	1	1	15	0
        117483	2025-12-09 17:01:26	1	1	15	0
        117838	2025-12-09 17:01:28	1	1	15	0
        117769	2025-12-09 17:01:29	1	1	15	0
        110358	2025-12-09 17:01:50	1	1	15	0
        118829	2025-12-09 17:01:58	1	1	15	0
        116551	2025-12-09 17:02:24	1	1	15	0
        117745	2025-12-09 17:02:52	1	1	15	0
        117837	2025-12-09 17:02:54	1	1	15	0
        117743	2025-12-09 17:02:55	1	1	15	0
        117711	2025-12-09 17:03:00	1	1	15	0
        110485	2025-12-09 17:03:27	1	1	15	0
        110473	2025-12-09 17:03:56	1	1	15	0
        117088	2025-12-09 17:04:50	1	1	15	0
        119070	2025-12-09 17:05:09	1	1	15	0
        110355	2025-12-09 17:05:16	1	1	15	0
        119535	2025-12-09 17:05:23	1	1	15	0
        117972	2025-12-09 17:06:31	1	1	15	0
        117770	2025-12-09 17:06:36	1	1	15	0
        117841	2025-12-09 17:06:37	1	1	15	0
        119365	2025-12-09 17:07:11	1	1	15	0
        110065	2025-12-09 17:07:25	1	1	15	0
        119475	2025-12-09 17:07:29	1	1	15	0
        117733	2025-12-09 17:08:17	1	1	15	0
        118207	2025-12-09 17:08:19	1	1	15	0
        116070	2025-12-09 17:08:21	1	1	15	0
        116990	2025-12-09 17:08:23	1	1	15	0
        117595	2025-12-09 17:08:25	1	1	15	0
        116493	2025-12-09 17:08:36	1	1	15	0
        110377	2025-12-09 17:08:40	1	1	15	0
        117528	2025-12-09 17:08:42	1	1	15	0
        117930	2025-12-09 17:08:45	1	1	15	0
        110376	2025-12-09 17:08:49	1	1	15	0
        110354	2025-12-09 17:08:51	1	1	15	0
        117113	2025-12-09 17:09:00	1	1	15	0
        110356	2025-12-09 17:09:16	1	1	15	0
        118744	2025-12-09 17:09:27	1	1	15	0
        117982	2025-12-09 17:09:47	1	1	15	0
        117699	2025-12-09 17:09:51	1	1	15	0
        118640	2025-12-09 17:10:29	1	1	15	0
        116512	2025-12-09 17:10:48	1	1	15	0
        116751	2025-12-09 17:10:51	1	1	15	0
        117043	2025-12-09 17:11:09	1	1	15	0
        117543	2025-12-09 17:11:53	1	1	15	0
        119143	2025-12-09 17:12:34	1	1	15	0
        117833	2025-12-09 17:12:52	1	1	15	0
        118503	2025-12-09 17:12:59	1	1	15	0
        118751	2025-12-09 17:13:05	1	1	15	0
        118953	2025-12-09 17:13:37	1	1	15	0
        117567	2025-12-09 17:14:01	1	1	15	0
        110378	2025-12-09 17:15:08	1	1	15	0
        117144	2025-12-09 17:15:10	1	1	15	0
        117224	2025-12-09 17:15:15	1	1	15	0
        118180	2025-12-09 17:15:34	1	1	15	0
        116748	2025-12-09 17:16:08	1	1	15	0
        117497	2025-12-09 17:16:21	1	1	15	0
        116828	2025-12-09 17:16:24	1	1	1	0
        118043	2025-12-09 17:17:06	1	1	15	0
        110415	2025-12-09 17:17:12	1	1	15	0
        118695	2025-12-09 17:18:14	1	1	15	0
        117337	2025-12-09 17:18:22	1	1	15	0
        116282	2025-12-09 17:18:49	1	1	15	0
        118186	2025-12-09 17:18:52	1	1	15	0
        116995	2025-12-09 17:19:07	1	1	15	0
        116504	2025-12-09 17:19:08	1	1	15	0
        117915	2025-12-09 17:19:38	1	1	15	0
        110483	2025-12-09 17:19:54	1	1	15	0
        116337	2025-12-09 17:20:37	1	1	15	0
        117840	2025-12-09 17:21:29	1	1	15	0
        117815	2025-12-09 17:21:32	1	1	15	0
        116799	2025-12-09 17:22:05	1	1	15	0
        118157	2025-12-09 17:22:14	1	1	15	0
        118369	2025-12-09 17:22:29	1	1	15	0
        110357	2025-12-09 17:22:33	1	1	15	0
        117716	2025-12-09 17:24:05	1	1	15	0
        117692	2025-12-09 17:24:31	1	1	15	0
        116129	2025-12-09 17:25:26	1	1	15	0
        118970	2025-12-09 17:25:29	1	1	15	0
        117998	2025-12-09 17:25:52	1	1	15	0
        119340	2025-12-09 17:26:38	1	1	15	0
        116787	2025-12-09 17:26:50	1	1	15	0
        116428	2025-12-09 17:26:59	1	1	15	0
        117839	2025-12-09 17:28:08	1	1	15	0
        117811	2025-12-09 17:28:09	1	1	15	0
        117077	2025-12-09 17:28:21	1	1	15	0
        117487	2025-12-09 17:28:34	1	1	15	0
        118146	2025-12-09 17:28:59	1	1	15	0
        117897	2025-12-09 17:29:05	1	1	15	0
        117121	2025-12-09 17:29:07	1	1	15	0
        118046	2025-12-09 17:29:17	1	1	15	0
        117997	2025-12-09 17:30:04	1	1	15	0
        110076	2025-12-09 17:30:16	1	1	15	0
        117541	2025-12-09 17:31:08	1	1	15	0
        117156	2025-12-09 17:31:23	1	1	15	0
        116960	2025-12-09 17:31:38	1	1	15	0
        116914	2025-12-09 17:31:43	1	1	15	0
        117724	2025-12-09 17:31:47	1	1	15	0
        118563	2025-12-09 17:32:02	1	1	15	0
        117259	2025-12-09 17:32:11	1	1	15	0
        117924	2025-12-09 17:32:14	1	1	15	0
        117921	2025-12-09 17:32:19	1	1	15	0
        110200	2025-12-09 17:32:45	1	1	15	0
        116477	2025-12-09 17:32:54	1	1	15	0
        119453	2025-12-09 17:33:00	1	1	15	0
        116467	2025-12-09 17:34:10	1	1	15	0
        119493	2025-12-09 17:34:28	1	1	15	0
        116252	2025-12-09 17:34:30	1	1	15	0
        117085	2025-12-09 17:34:36	1	1	15	0
        110085	2025-12-09 17:34:46	1	1	15	0
        110195	2025-12-09 17:35:18	1	1	15	0
        117111	2025-12-09 17:35:30	1	1	15	0
        118835	2025-12-09 17:36:10	1	1	15	0
        117046	2025-12-09 17:36:26	1	1	15	0
        116763	2025-12-09 17:36:28	1	1	15	0
        110424	2025-12-09 17:36:30	1	1	15	0
        117120	2025-12-09 17:36:36	1	1	15	0
        110418	2025-12-09 17:36:38	1	1	15	0
        116496	2025-12-09 17:36:50	1	1	15	0
        117991	2025-12-09 17:38:50	1	1	15	0
        110158	2025-12-09 17:39:50	1	1	15	0
        110060	2025-12-09 17:41:09	1	1	15	0
        116849	2025-12-09 17:41:18	1	1	15	0
        119104	2025-12-09 17:41:46	1	1	15	0
        110492	2025-12-09 17:41:54	1	1	15	0
        116747	2025-12-09 17:42:35	1	1	15	0
        118707	2025-12-09 17:42:38	1	1	15	0
        118992	2025-12-09 17:43:28	1	1	15	0
        117926	2025-12-09 17:43:49	1	1	15	0
        117189	2025-12-09 17:44:13	1	1	15	0
        118584	2025-12-09 17:45:13	1	1	15	0
        116778	2025-12-09 17:45:25	1	1	15	0
        117786	2025-12-09 17:45:28	1	1	15	0
        110088	2025-12-09 17:45:39	1	1	15	0
        117122	2025-12-09 17:46:46	1	1	15	0
        110482	2025-12-09 17:47:53	1	1	15	0
        116346	2025-12-09 17:48:14	1	1	15	0
        110183	2025-12-09 17:48:18	1	1	15	0
        110366	2025-12-09 17:48:22	1	1	15	0
        117713	2025-12-09 17:48:24	1	1	15	0
        110116	2025-12-09 17:48:36	1	1	15	0
        117683	2025-12-09 17:48:43	1	1	15	0
        117219	2025-12-09 17:48:44	1	1	15	0
        117634	2025-12-09 17:48:46	1	1	15	0
        116104	2025-12-09 17:48:48	1	1	15	0
        117680	2025-12-09 17:48:53	1	1	15	0
        110368	2025-12-09 17:49:01	1	1	15	0
        118458	2025-12-09 17:49:15	1	1	15	0
        117710	2025-12-09 17:49:30	1	1	15	0
        117697	2025-12-09 17:49:33	1	1	15	0
        117704	2025-12-09 17:49:35	1	1	15	0
        116356	2025-12-09 17:50:16	1	1	15	0
        116805	2025-12-09 17:50:18	1	1	15	0
        110172	2025-12-09 17:50:42	1	1	15	0
        117114	2025-12-09 17:51:18	1	1	15	0
        117632	2025-12-09 17:51:32	1	1	15	0
        117698	2025-12-09 17:51:41	1	1	15	0
        117725	2025-12-09 17:51:43	1	1	15	0
        116142	2025-12-09 17:51:46	1	1	15	0
        116383	2025-12-09 17:52:42	1	1	15	0
        110159	2025-12-09 17:53:24	1	1	15	0
        110466	2025-12-09 17:54:51	1	1	15	0
        117630	2025-12-09 17:54:57	1	1	15	0
        116497	2025-12-09 17:55:10	1	1	15	0
        118455	2025-12-09 17:55:15	1	1	15	0
        116537	2025-12-09 17:57:33	1	1	15	0
        117341	2025-12-09 17:57:37	1	1	15	0
        119571	2025-12-09 18:03:40	1	1	15	0
        110105	2025-12-09 18:04:00	1	1	15	0
        117061	2025-12-09 18:04:33	1	1	15	0
        117981	2025-12-09 18:04:35	1	1	15	0
        119263	2025-12-09 18:05:11	1	1	15	0
        110074	2025-12-09 18:06:17	1	1	15	0
        117814	2025-12-09 18:06:54	1	1	15	0
        117616	2025-12-09 18:09:47	1	1	15	0
        117172	2025-12-09 18:10:13	1	1	15	0
        119107	2025-12-09 18:10:48	1	1	15	0
        118761	2025-12-09 18:12:09	1	1	15	0
        110090	2025-12-09 18:13:11	1	1	15	0
        117742	2025-12-09 18:14:16	1	1	15	0
        117645	2025-12-09 18:14:29	1	1	15	0
        119227	2025-12-09 18:15:38	1	1	15	0
        110090	2025-12-09 18:15:42	1	1	15	0
        117222	2025-12-09 18:24:10	1	1	15	0
        118782	2025-12-09 18:27:21	1	1	15	0
        118867	2025-12-09 18:28:08	1	1	15	0
        117850	2025-12-09 18:30:54	1	1	15	0
        110367	2025-12-09 18:30:56	1	1	15	0
        117707	2025-12-09 18:30:58	1	1	15	0
        117920	2025-12-09 18:31:00	1	1	15	0
        117807	2025-12-09 18:31:19	1	1	15	0
        116148	2025-12-09 18:32:15	1	1	15	0
        119282	2025-12-09 18:35:57	1	1	15	0
        117103	2025-12-09 18:39:54	1	1	15	0
        117659	2025-12-09 18:45:36	1	1	15	0
        117591	2025-12-09 18:45:49	1	1	15	0
        116378	2025-12-09 18:45:55	1	1	15	0
        110173	2025-12-09 18:47:19	1	1	15	0
        116483	2025-12-09 18:53:13	1	1	15	0
        118753	2025-12-09 18:57:21	1	1	15	0
        117575	2025-12-09 19:18:46	1	1	15	0
        117817	2025-12-09 19:53:54	1	1	15	0
        110057	2025-12-09 20:09:43	1	1	15	0
        119364	2025-12-09 20:09:46	1	1	15	0
        117529	2025-12-09 20:14:41	1	1	15	0
        110128	2025-12-09 20:14:46	1	1	15	0
        118862	2025-12-09 20:59:20	1	1	15	0
        117080	2025-12-09 21:18:25	1	1	15	0
        117790	2025-12-09 21:18:27	1	1	15	0
        117059	2025-12-09 21:19:47	1	1	15	0
        116069	2025-12-09 21:19:50	1	1	15	0
        116453	2025-12-09 21:21:31	1	1	15	0
        116933	2025-12-09 21:21:55	1	1	15	0
        118928	2025-12-09 21:35:32	1	1	15	0
        117542	2025-12-09 21:37:26	1	1	15	0
        110197	2025-12-09 21:40:05	1	1	15	0
        118221	2025-12-09 21:43:20	1	1	15	0
        117835	2025-12-09 22:10:07	1	1	15	0
        110413	2025-12-09 22:46:25	1	1	15	0
        110144	2025-12-10 04:43:24	1	0	15	0
        117835	2025-12-10 06:00:08	1	0	15	0
        119070	2025-12-10 06:21:50	1	0	15	0
        118146	2025-12-10 06:32:12	1	0	15	0
        110074	2025-12-10 06:35:56	1	0	15	0
        116148	2025-12-10 06:47:37	1	0	15	0
        117704	2025-12-10 06:49:34	1	0	15	0
        117337	2025-12-10 06:50:24	1	0	15	0
        118992	2025-12-10 06:50:49	1	0	15	0
        118732	2025-12-10 06:56:15	1	0	15	0
        117059	2025-12-10 06:59:42	1	0	15	0
        118835	2025-12-10 06:59:49	1	0	15	0
        117833	2025-12-10 07:00:11	1	0	15	0
        116551	2025-12-10 07:01:48	1	0	15	0
        116835	2025-12-10 07:02:03	1	0	15	0
        110113	2025-12-10 07:05:01	1	0	15	0
        117838	2025-12-10 07:05:37	1	0	15	0
        118043	2025-12-10 07:06:21	1	0	15	0
        117769	2025-12-10 07:06:31	1	0	15	0
        116426	2025-12-10 07:09:48	1	0	15	0
        116383	2025-12-10 07:09:54	1	0	15	0
        110415	2025-12-10 07:11:32	1	0	15	0
        116799	2025-12-10 07:13:19	1	0	15	0
        110358	2025-12-10 07:14:13	1	0	15	0
        110466	2025-12-10 07:16:45	1	0	15	0
        110357	2025-12-10 07:16:58	1	0	15	0
        117770	2025-12-10 07:17:04	1	0	15	0
        110485	2025-12-10 07:17:17	1	0	15	0
        116422	2025-12-10 07:19:13	1	0	15	0
        119365	2025-12-10 07:19:43	1	0	15	0
        117814	2025-12-10 07:23:26	1	0	15	0
        116483	2025-12-10 07:25:38	1	0	15	0
        118157	2025-12-10 07:25:55	1	0	15	0
        118829	2025-12-10 07:28:11	1	0	15	0
        110492	2025-12-10 07:30:10	1	0	15	0
        119272	2025-12-10 07:31:23	1	0	15	0
        117713	2025-12-10 07:31:27	1	0	15	0
        116129	2025-12-10 07:31:29	1	0	15	0
        110367	2025-12-10 07:32:52	1	0	15	0
        117966	2025-12-10 07:33:15	1	0	15	0
        110424	2025-12-10 07:33:31	1	0	15	0
        119340	2025-12-10 07:33:41	1	0	15	0
        118744	2025-12-10 07:34:23	1	0	15	0
        117699	2025-12-10 07:35:10	1	0	15	0
        110356	2025-12-10 07:35:34	1	0	15	0
        110355	2025-12-10 07:35:37	1	0	15	0
        110354	2025-12-10 07:36:26	1	0	15	0
        117991	2025-12-10 07:37:17	1	0	15	0
        110378	2025-12-10 07:37:30	1	0	15	0
        117840	2025-12-10 07:37:34	1	0	15	0
        117133	2025-12-10 07:38:25	1	0	15	0
        110377	2025-12-10 07:39:15	1	0	15	0
        110493	2025-12-10 07:39:18	1	0	15	0
        116142	2025-12-10 07:39:20	1	0	15	0
        117733	2025-12-10 07:39:38	1	0	15	0
        110457	2025-12-10 07:39:48	1	0	15	0
        117920	2025-12-10 07:39:58	1	0	15	0
        118369	2025-12-10 07:40:36	1	0	15	0
        117972	2025-12-10 07:40:39	1	0	15	0
        119453	2025-12-10 07:41:32	1	0	15	0
        110483	2025-12-10 07:41:59	1	0	15	0
        116297	2025-12-10 07:42:13	1	0	15	0
        110418	2025-12-10 07:42:17	1	0	15	0
        116828	2025-12-10 07:43:41	1	0	1	0
        117850	2025-12-10 07:44:50	1	0	15	0
        118455	2025-12-10 07:47:23	1	0	15	0
        119143	2025-12-10 07:49:35	1	0	15	0
        117710	2025-12-10 07:49:41	1	0	15	0
        117111	2025-12-10 07:49:48	1	0	15	0
        117680	2025-12-10 07:50:30	1	0	15	0
        117483	2025-12-10 07:50:40	1	0	15	0
        110372	2025-12-10 07:50:45	1	0	15	0
        117487	2025-12-10 07:51:21	1	0	15	0
        117724	2025-12-10 07:52:18	1	0	15	0
        117224	2025-12-10 07:53:19	1	0	15	0
        116467	2025-12-10 07:53:32	1	0	15	0
        117921	2025-12-10 07:53:50	1	0	15	0
        116346	2025-12-10 07:54:46	1	0	15	0
        118271	2025-12-10 07:55:06	1	0	15	0
        117997	2025-12-10 07:55:48	1	0	15	0
        110376	2025-12-10 07:56:25	1	0	15	0
        116504	2025-12-10 07:56:48	1	0	15	0
        117632	2025-12-10 07:57:41	1	0	15	0
        117591	2025-12-10 07:58:13	1	0	15	0
        110060	2025-12-10 07:58:32	1	0	15	0
        117839	2025-12-10 07:59:27	1	0	15	0
        119227	2025-12-10 08:00:14	1	0	15	0
        119449	2025-12-10 08:01:57	1	0	15	0
        110366	2025-12-10 08:02:03	1	0	15	0
        117707	2025-12-10 08:02:06	1	0	15	0
        117497	2025-12-10 08:03:18	1	0	15	0
        117930	2025-12-10 08:03:29	1	0	15	0
        118180	2025-12-10 08:03:55	1	0	15	0
        116428	2025-12-10 08:04:17	1	0	15	0
        117982	2025-12-10 08:05:10	1	0	15	0
        110473	2025-12-10 08:06:28	1	0	15	0
        118695	2025-12-10 08:06:30	1	0	15	0
        117683	2025-12-10 08:06:32	1	0	15	0
        110482	2025-12-10 08:06:37	1	0	15	0
        117595	2025-12-10 08:06:51	1	0	15	0
        116914	2025-12-10 08:06:53	1	0	15	0
        116763	2025-12-10 08:08:33	1	0	15	0
        116337	2025-12-10 08:09:00	1	0	15	0
        118186	2025-12-10 08:10:43	1	0	15	0
        116778	2025-12-10 08:12:06	1	0	15	0
        116493	2025-12-10 08:12:16	1	0	15	0
        117043	2025-12-10 08:12:38	1	0	15	0
        110084	2025-12-10 08:13:32	1	0	15	0
        117716	2025-12-10 08:13:37	1	0	15	0
        117998	2025-12-10 08:14:14	1	0	15	0
        117807	2025-12-10 08:14:30	1	0	15	0
        116356	2025-12-10 08:15:10	1	0	15	0
        118953	2025-12-10 08:15:18	1	0	15	0
        117924	2025-12-10 08:15:25	1	0	15	0
        116282	2025-12-10 08:15:31	1	0	15	0
        117219	2025-12-10 08:15:50	1	0	15	0
        117088	2025-12-10 08:16:05	1	0	15	0
        116960	2025-12-10 08:17:11	1	0	15	0
        117259	2025-12-10 08:17:59	1	0	15	0
        117222	2025-12-10 08:18:24	1	0	15	0
        110100	2025-12-10 08:19:12	1	0	15	0
        119104	2025-12-10 08:19:50	1	0	15	0
        118207	2025-12-10 08:19:59	1	0	15	0
        117113	2025-12-10 08:20:13	1	0	15	0
        117811	2025-12-10 08:20:18	1	0	15	0
        117114	2025-12-10 08:22:53	1	0	15	0
        117692	2025-12-10 08:24:08	1	0	15	0
        118928	2025-12-10 08:24:11	1	0	15	0
        110195	2025-12-10 08:24:17	1	0	15	0
        117528	2025-12-10 08:24:31	1	0	15	0
        117817	2025-12-10 08:24:56	1	0	15	0
        117786	2025-12-10 08:25:21	1	0	15	0
        116496	2025-12-10 08:25:28	1	0	15	0
        110065	2025-12-10 08:26:17	1	0	15	0
        117567	2025-12-10 08:26:29	1	0	15	0
        116497	2025-12-10 08:27:59	1	0	15	0
        110105	2025-12-10 08:30:33	1	0	15	0
        116537	2025-12-10 08:30:49	1	0	15	0
        110368	2025-12-10 08:30:58	1	0	15	0
        117630	2025-12-10 08:31:01	1	0	15	0
        110197	2025-12-10 08:31:15	1	0	15	0
        117807	2025-12-10 08:31:55	1	0	15	0
        117541	2025-12-10 08:32:13	1	0	15	0
        116787	2025-12-10 08:32:19	1	0	15	0
        117575	2025-12-10 08:32:54	1	0	15	0
        116995	2025-12-10 08:33:05	1	0	15	0
        116472	2025-12-10 08:34:30	1	0	15	0
        117697	2025-12-10 08:34:35	1	0	15	0
        110159	2025-12-10 08:35:30	1	0	15	0
        117616	2025-12-10 08:35:43	1	0	15	0
        117121	2025-12-10 08:35:48	1	0	15	0
        117189	2025-12-10 08:35:55	1	0	15	0
        117698	2025-12-10 08:36:36	1	0	15	0
        117725	2025-12-10 08:36:41	1	0	15	0
        119263	2025-12-10 08:36:57	1	0	15	0
        117841	2025-12-10 08:37:40	1	0	15	0
        117144	2025-12-10 08:39:36	1	0	15	0
        110085	2025-12-10 08:39:41	1	0	15	0
        117983	2025-12-10 08:39:50	1	0	15	0
        110076	2025-12-10 08:40:11	1	0	15	0
        116805	2025-12-10 08:40:14	1	0	15	0
        117542	2025-12-10 08:40:20	1	0	15	0
        117122	2025-12-10 08:41:11	1	0	15	0
        117967	2025-12-10 08:41:18	1	0	15	0
        116751	2025-12-10 08:42:42	1	0	15	0
        116512	2025-12-10 08:42:47	1	0	15	0
        117815	2025-12-10 08:42:50	1	0	15	0
        110200	2025-12-10 08:42:59	1	0	15	0
        117543	2025-12-10 08:43:04	1	0	15	0
        117711	2025-12-10 08:43:23	1	0	15	0
        118046	2025-12-10 08:43:54	1	0	15	0
        118761	2025-12-10 08:44:05	1	0	15	0
        117915	2025-12-10 08:44:20	1	0	15	0
        117634	2025-12-10 08:44:23	1	0	15	0
        119535	2025-12-10 08:46:37	1	0	15	0
        117046	2025-12-10 08:46:46	1	0	15	0
        117120	2025-12-10 08:46:48	1	0	15	0
        117080	2025-12-10 08:47:07	1	0	15	0
        117981	2025-12-10 08:47:09	1	0	15	0
        117156	2025-12-10 08:47:43	1	0	15	0
        116252	2025-12-10 08:48:23	1	0	15	0
        110057	2025-12-10 08:48:40	1	0	15	0
        118221	2025-12-10 08:49:18	1	0	15	0
        117054	2025-12-10 08:50:07	1	0	15	0
        110077	2025-12-10 08:50:19	1	0	15	0
        116104	2025-12-10 08:50:56	1	0	15	0
        110116	2025-12-10 08:51:05	1	0	15	0
        116990	2025-12-10 08:51:28	1	0	15	0
        118584	2025-12-10 08:51:37	1	0	15	0
        116996	2025-12-10 08:51:39	1	0	15	0
        117926	2025-12-10 08:51:43	1	0	15	0
        110090	2025-12-10 08:51:58	1	0	15	0
        116748	2025-12-10 08:52:12	1	0	15	0
        117837	2025-12-10 08:52:37	1	0	15	0
        117897	2025-12-10 08:52:59	1	0	15	0
        110088	2025-12-10 08:54:12	1	0	15	0
        118563	2025-12-10 08:54:17	1	0	15	0
        110413	2025-12-10 08:54:31	1	0	15	0
        116526	2025-12-10 08:54:50	1	0	15	0
        110158	2025-12-10 08:54:58	1	0	15	0
        117061	2025-12-10 08:55:46	1	0	15	0
        110173	2025-12-10 08:56:04	1	0	15	0
        116477	2025-12-10 08:57:04	1	0	15	0
        116747	2025-12-10 08:57:53	1	0	15	0
        117103	2025-12-10 08:58:43	1	0	15	0
        117341	2025-12-10 09:00:17	1	0	15	0
        118862	2025-12-10 09:01:17	1	0	15	0
        116849	2025-12-10 09:02:06	1	0	15	0
        110128	2025-12-10 09:03:46	1	0	15	0
        110495	2025-12-10 09:04:45	1	0	15	0
        117091	2025-12-10 09:05:44	1	0	15	0
        117172	2025-12-10 09:06:31	1	0	15	0
        117645	2025-12-10 09:06:36	1	0	15	0
        119364	2025-12-10 09:06:45	1	0	15	0
        118867	2025-12-10 09:06:49	1	0	15	0
        118458	2025-12-10 09:07:16	1	0	15	0
        119107	2025-12-10 09:09:49	1	0	15	0
        117659	2025-12-10 09:15:28	1	0	15	0
        118753	2025-12-10 09:15:48	1	0	15	0
        118782	2025-12-10 09:17:28	1	0	15	0
        117743	2025-12-10 09:19:53	1	0	15	0
        110193	2025-12-10 09:21:15	1	0	15	0
        110198	2025-12-10 09:21:19	1	0	15	0
        117709	2025-12-10 09:27:50	1	0	15	0
        117085	2025-12-10 09:30:05	1	0	15	0
        118503	2025-12-10 09:31:08	1	0	15	0
        117812	2025-12-10 09:43:17	1	0	15	0
        117269	2025-12-10 09:59:16	1	0	15	0
        110172	2025-12-10 10:26:43	1	0	15	0
        117529	2025-12-10 10:49:02	1	0	15	0
        119583	2025-12-10 11:10:54	1	2	15	0
        110094	2025-12-10 11:54:14	1	2	15	0
        110413	2025-12-10 11:59:05	1	2	15	0
        116477	2025-12-10 12:00:04	1	2	15	0
        118503	2025-12-10 12:00:09	1	2	15	0
        110198	2025-12-10 12:00:13	1	2	15	0
        118829	2025-12-10 12:00:15	1	2	15	0
        118953	2025-12-10 12:00:26	1	2	15	0
        117967	2025-12-10 12:00:28	1	2	15	0
        117543	2025-12-10 12:00:29	1	2	15	0
        117930	2025-12-10 12:00:31	1	2	15	0
        119449	2025-12-10 12:00:37	1	2	15	0
        116914	2025-12-10 12:00:41	1	2	15	0
        110357	2025-12-10 12:00:48	1	2	15	0
        117983	2025-12-10 12:01:00	1	2	15	0
        116467	2025-12-10 12:01:07	1	2	15	0
        118563	2025-12-10 12:01:09	1	2	15	0
        117046	2025-12-10 12:01:13	1	2	15	0
        110418	2025-12-10 12:01:15	1	2	15	0
        116763	2025-12-10 12:01:17	1	2	15	0
        110354	2025-12-10 12:01:19	1	2	15	0
        117120	2025-12-10 12:01:21	1	2	15	0
        117997	2025-12-10 12:01:24	1	2	15	0
        119535	2025-12-10 12:01:48	1	2	15	0
        110088	2025-12-10 12:01:50	1	2	15	0
        117144	2025-12-10 12:01:52	1	2	15	0
        116252	2025-12-10 12:01:54	1	2	15	0
        119453	2025-12-10 12:01:56	1	2	15	0
        116383	2025-12-10 12:01:58	1	2	15	0
        117269	2025-12-10 12:02:00	1	2	15	0
        116778	2025-12-10 12:02:01	1	2	15	0
        117567	2025-12-10 12:02:03	1	2	15	0
        118043	2025-12-10 12:02:06	1	2	15	0
        117497	2025-12-10 12:02:08	1	2	15	0
        110378	2025-12-10 12:02:17	1	2	15	0
        117833	2025-12-10 12:02:22	1	2	15	0
        117815	2025-12-10 12:02:24	1	2	15	0
        116148	2025-12-10 12:02:25	1	2	15	0
        119583	2025-12-10 12:02:28	1	2	15	0
        110100	2025-12-10 12:02:30	1	2	15	0
        110358	2025-12-10 12:02:41	1	2	15	0
        118503	2025-12-10 12:03:03	1	2	15	0
        110354	2025-12-10 12:03:11	1	2	15	0
        117224	2025-12-10 12:03:14	1	2	15	0
        117616	2025-12-10 12:03:17	1	2	15	0
        117841	2025-12-10 12:03:25	1	2	15	0
        116849	2025-12-10 12:03:32	1	2	15	0
        116787	2025-12-10 12:03:35	1	2	15	0
        117541	2025-12-10 12:03:41	1	2	15	0
        117924	2025-12-10 12:03:44	1	2	15	0
        118584	2025-12-10 12:03:46	1	2	15	0
        116477	2025-12-10 12:03:47	1	2	15	0
        110495	2025-12-10 12:03:50	1	2	15	0
        110493	2025-12-10 12:03:51	1	2	15	0
        117059	2025-12-10 12:03:57	1	2	15	0
        117080	2025-12-10 12:04:00	1	2	15	0
        110113	2025-12-10 12:04:02	1	2	15	0
        116526	2025-12-10 12:04:04	1	2	15	0
        117716	2025-12-10 12:04:08	1	2	15	0
        117528	2025-12-10 12:04:14	1	2	15	0
        117983	2025-12-10 12:04:22	1	2	15	0
        118221	2025-12-10 12:04:23	1	2	15	0
        119107	2025-12-10 12:04:28	1	2	15	0
        116104	2025-12-10 12:04:38	1	2	15	0
        117632	2025-12-10 12:04:41	1	2	15	0
        116426	2025-12-10 12:04:50	1	2	15	0
        116778	2025-12-10 12:04:53	1	2	15	0
        110172	2025-12-10 12:04:55	1	2	15	0
        110077	2025-12-10 12:04:58	1	2	15	0
        119535	2025-12-10 12:05:00	1	2	15	0
        117113	2025-12-10 12:05:02	1	2	15	0
        116849	2025-12-10 12:05:04	1	2	15	0
        116787	2025-12-10 12:05:05	1	2	15	0
        110085	2025-12-10 12:05:21	1	2	15	0
        110158	2025-12-10 12:05:24	1	2	15	0
        110074	2025-12-10 12:05:28	1	2	15	0
        117122	2025-12-10 12:05:30	1	2	15	0
        110357	2025-12-10 12:05:32	1	2	15	0
        110128	2025-12-10 12:05:35	1	2	15	0
        117680	2025-12-10 12:05:47	1	2	15	0
        110376	2025-12-10 12:05:50	1	2	15	0
        110377	2025-12-10 12:05:54	1	2	15	0
        110473	2025-12-10 12:05:58	1	2	15	0
        118271	2025-12-10 12:06:00	1	2	15	0
        116383	2025-12-10 12:06:02	1	2	15	0
        118829	2025-12-10 12:06:05	1	2	15	0
        110492	2025-12-10 12:06:05	1	2	15	0
        117269	2025-12-10 12:06:08	1	2	15	0
        116467	2025-12-10 12:06:13	1	2	15	0
        118043	2025-12-10 12:06:15	1	2	15	0
        110358	2025-12-10 12:06:19	1	2	15	0
        110418	2025-12-10 12:06:21	1	2	15	0
        116914	2025-12-10 12:06:24	1	2	15	0
        117046	2025-12-10 12:06:27	1	2	15	0
        117543	2025-12-10 12:06:29	1	2	15	0
        116763	2025-12-10 12:06:31	1	2	15	0
        110424	2025-12-10 12:06:33	1	2	15	0
        118563	2025-12-10 12:06:38	1	2	15	0
        110355	2025-12-10 12:06:42	1	2	15	0
        110356	2025-12-10 12:06:46	1	2	15	0
        116526	2025-12-10 12:06:46	1	2	15	0
        117120	2025-12-10 12:06:49	1	2	15	0
        110415	2025-12-10 12:06:51	1	2	15	0
        110088	2025-12-10 12:06:55	1	2	15	0
        117080	2025-12-10 12:07:01	1	2	15	0
        117817	2025-12-10 12:07:04	1	2	15	0
        116426	2025-12-10 12:07:12	1	2	15	0
        110113	2025-12-10 12:07:14	1	2	15	0
        110483	2025-12-10 12:07:19	1	2	15	0
        110482	2025-12-10 12:07:22	1	2	15	0
        117926	2025-12-10 12:07:25	1	2	15	0
        110085	2025-12-10 12:07:27	1	2	15	0
        110074	2025-12-10 12:07:29	1	2	15	0
        110466	2025-12-10 12:07:44	1	2	15	0
        110368	2025-12-10 12:07:47	1	2	15	0
        117645	2025-12-10 12:08:00	1	2	15	0
        117840	2025-12-10 12:08:01	1	2	15	0
        117659	2025-12-10 12:08:04	1	2	15	0
        117930	2025-12-10 12:08:07	1	2	15	0
        117997	2025-12-10 12:08:11	1	2	15	0
        118458	2025-12-10 12:08:25	1	2	15	0
        117595	2025-12-10 12:08:52	1	2	15	0
        118744	2025-12-10 12:08:58	1	2	15	0
        119449	2025-12-10 12:09:06	1	2	15	0
        116512	2025-12-10 12:09:09	1	2	15	0
        116751	2025-12-10 12:09:11	1	2	15	0
        117054	2025-12-10 12:09:20	1	2	15	0
        117724	2025-12-10 12:09:22	1	2	15	0
        117043	2025-12-10 12:09:24	1	2	15	0
        117833	2025-12-10 12:09:28	1	2	15	0
        117967	2025-12-10 12:09:30	1	2	15	0
        119263	2025-12-10 12:09:52	1	2	15	0
        119107	2025-12-10 12:10:08	1	2	15	0
        110060	2025-12-10 12:10:22	1	2	15	0
        110355	2025-12-10 12:10:24	1	2	15	0
        110492	2025-12-10 12:10:32	1	2	15	0
        116960	2025-12-10 12:10:34	1	2	15	0
        117172	2025-12-10 12:10:36	1	2	15	0
        117091	2025-12-10 12:10:38	1	2	15	0
        110356	2025-12-10 12:10:40	1	2	15	0
        117632	2025-12-10 12:10:46	1	2	15	0
        116551	2025-12-10 12:10:49	1	2	15	0
        118953	2025-12-10 12:10:51	1	2	15	0
        116799	2025-12-10 12:10:55	1	2	15	0
        117054	2025-12-10 12:11:22	1	2	15	0
        117113	2025-12-10 12:11:25	1	2	15	0
        117542	2025-12-10 12:11:28	1	2	15	0
        117710	2025-12-10 12:11:32	1	2	15	0
        117697	2025-12-10 12:11:34	1	2	15	0
        110482	2025-12-10 12:11:37	1	2	15	0
        117698	2025-12-10 12:11:39	1	2	15	0
        117725	2025-12-10 12:11:41	1	2	15	0
        110105	2025-12-10 12:11:48	1	2	15	0
        117704	2025-12-10 12:11:53	1	2	15	0
        110378	2025-12-10 12:11:57	1	2	15	0
        117144	2025-12-10 12:11:59	1	2	15	0
        117713	2025-12-10 12:12:04	1	2	15	0
        118835	2025-12-10 12:12:07	1	2	15	0
        110366	2025-12-10 12:12:10	1	2	15	0
        117817	2025-12-10 12:12:16	1	2	15	0
        117091	2025-12-10 12:12:37	1	2	15	0
        116512	2025-12-10 12:12:47	1	2	15	0
        116751	2025-12-10 12:12:58	1	2	15	0
        119453	2025-12-10 12:13:06	1	2	15	0
        110466	2025-12-10 12:13:08	1	2	15	0
        117497	2025-12-10 12:13:11	1	2	15	0
        117122	2025-12-10 12:13:16	1	2	15	0
        117770	2025-12-10 12:13:23	1	2	15	0
        117837	2025-12-10 12:13:25	1	2	15	0
        117998	2025-12-10 12:13:27	1	2	15	0
        116537	2025-12-10 12:13:32	1	2	15	0
        117341	2025-12-10 12:13:38	1	2	15	0
        116297	2025-12-10 12:13:44	1	2	15	0
        117926	2025-12-10 12:13:58	1	2	15	0
        117724	2025-12-10 12:14:08	1	2	15	0
        117043	2025-12-10 12:14:09	1	2	15	0
        117733	2025-12-10 12:14:23	1	2	15	0
        110172	2025-12-10 12:14:27	1	2	15	0
        118761	2025-12-10 12:14:31	1	2	15	0
        117114	2025-12-10 12:14:33	1	2	15	0
        117920	2025-12-10 12:14:52	1	2	15	0
        110367	2025-12-10 12:15:00	1	2	15	0
        117707	2025-12-10 12:15:04	1	2	15	0
        117850	2025-12-10 12:15:07	1	2	15	0
        117575	2025-12-10 12:15:29	1	2	15	0
        118753	2025-12-10 12:15:32	1	2	15	0
        116142	2025-12-10 12:15:37	1	2	15	0
        116990	2025-12-10 12:15:43	1	2	15	0
        116995	2025-12-10 12:15:45	1	2	15	0
        118695	2025-12-10 12:15:47	1	2	15	0
        117085	2025-12-10 12:15:49	1	2	15	0
        118458	2025-12-10 12:15:51	1	2	15	0
        117111	2025-12-10 12:15:53	1	2	15	0
        118046	2025-12-10 12:15:55	1	2	15	0
        117704	2025-12-10 12:15:57	1	2	15	0
        117710	2025-12-10 12:15:59	1	2	15	0
        117698	2025-12-10 12:16:01	1	2	15	0
        117807	2025-12-10 12:16:03	1	2	15	0
        117725	2025-12-10 12:16:05	1	2	15	0
        110368	2025-12-10 12:16:07	1	2	15	0
        110100	2025-12-10 12:16:10	1	2	15	0
        117713	2025-12-10 12:16:12	1	2	15	0
        117697	2025-12-10 12:16:14	1	2	15	0
        110366	2025-12-10 12:16:16	1	2	15	0
        118835	2025-12-10 12:16:22	1	2	15	0
        110105	2025-12-10 12:16:30	1	2	15	0
        117529	2025-12-10 12:16:36	1	2	15	0
        118732	2025-12-10 12:16:39	1	2	15	0
        117567	2025-12-10 12:16:42	1	2	15	0
        110084	2025-12-10 12:16:49	1	2	15	0
        117811	2025-12-10 12:16:54	1	2	15	0
        116996	2025-12-10 12:17:19	1	2	15	0
        117542	2025-12-10 12:17:26	1	2	15	0
        119340	2025-12-10 12:17:39	1	2	15	0
        116537	2025-12-10 12:17:49	1	2	15	0
        117341	2025-12-10 12:17:53	1	2	15	0
        117077	2025-12-10 12:17:59	1	2	15	0
        117770	2025-12-10 12:18:03	1	2	15	0
        117769	2025-12-10 12:18:05	1	2	15	0
        117837	2025-12-10 12:18:06	1	2	15	0
        117483	2025-12-10 12:18:08	1	2	15	0
        117838	2025-12-10 12:18:12	1	2	15	0
        117966	2025-12-10 12:18:13	1	2	15	0
        110084	2025-12-10 12:18:16	1	2	15	0
        117591	2025-12-10 12:18:18	1	2	15	0
        116990	2025-12-10 12:18:21	1	2	15	0
        116995	2025-12-10 12:18:23	1	2	15	0
        117733	2025-12-10 12:18:34	1	2	15	0
        117630	2025-12-10 12:18:38	1	2	15	0
        117998	2025-12-10 12:18:42	1	2	15	0
        117529	2025-12-10 12:18:44	1	2	15	0
        110077	2025-12-10 12:18:47	1	2	15	0
        118753	2025-12-10 12:18:50	1	2	15	0
        118867	2025-12-10 12:19:03	1	2	15	0
        117982	2025-12-10 12:19:13	1	2	15	0
        117921	2025-12-10 12:19:16	1	2	15	0
        117692	2025-12-10 12:19:19	1	2	15	0
        118271	2025-12-10 12:19:21	1	2	15	0
        117133	2025-12-10 12:19:26	1	2	15	0
        117811	2025-12-10 12:19:29	1	2	15	0
        116428	2025-12-10 12:19:32	1	2	15	0
        117487	2025-12-10 12:19:35	1	2	15	0
        110372	2025-12-10 12:19:37	1	2	15	0
        116835	2025-12-10 12:19:41	1	2	15	0
        110483	2025-12-10 12:19:48	1	2	15	0
        116142	2025-12-10 12:20:24	1	2	15	0
        117575	2025-12-10 12:20:28	1	2	15	0
        117769	2025-12-10 12:20:32	1	2	15	0
        118695	2025-12-10 12:20:38	1	2	15	0
        117966	2025-12-10 12:20:43	1	2	15	0
        117483	2025-12-10 12:20:44	1	2	15	0
        117838	2025-12-10 12:20:47	1	2	15	0
        117707	2025-12-10 12:20:48	1	2	15	0
        117850	2025-12-10 12:20:50	1	2	15	0
        110367	2025-12-10 12:20:52	1	2	15	0
        118753	2025-12-10 12:21:00	1	2	15	0
        117121	2025-12-10 12:21:03	1	2	15	0
        117897	2025-12-10 12:21:05	1	2	15	0
        117786	2025-12-10 12:21:08	1	2	15	0
        117920	2025-12-10 12:21:12	1	2	15	0
        116346	2025-12-10 12:21:17	1	2	15	0
        118867	2025-12-10 12:21:23	1	2	15	0
        110195	2025-12-10 12:21:31	1	2	15	0
        110158	2025-12-10 12:21:36	1	2	15	0
        117616	2025-12-10 12:21:42	1	2	15	0
        110413	2025-12-10 12:21:49	1	2	15	0
        110100	2025-12-10 12:22:10	1	2	15	0
        116551	2025-12-10 12:22:11	1	2	15	0
        117114	2025-12-10 12:22:16	1	2	15	0
        116960	2025-12-10 12:22:17	1	2	15	0
        117172	2025-12-10 12:22:23	1	2	15	0
        110060	2025-12-10 12:22:25	1	2	15	0
        119340	2025-12-10 12:22:26	1	2	15	0
        110485	2025-12-10 12:22:36	1	2	15	0
        116428	2025-12-10 12:22:48	1	2	15	0
        117699	2025-12-10 12:22:52	1	2	15	0
        117487	2025-12-10 12:22:56	1	2	15	0
        117133	2025-12-10 12:23:03	1	2	15	0
        116748	2025-12-10 12:23:18	1	2	15	0
        116148	2025-12-10 12:23:42	1	2	15	0
        117815	2025-12-10 12:23:43	1	2	15	0
        117630	2025-12-10 12:24:13	1	2	15	0
        116996	2025-12-10 12:24:17	1	2	15	0
        110372	2025-12-10 12:24:21	1	2	15	0
        117897	2025-12-10 12:24:25	1	2	15	0
        117121	2025-12-10 12:24:26	1	2	15	0
        117982	2025-12-10 12:24:35	1	2	15	0
        117692	2025-12-10 12:24:38	1	2	15	0
        117591	2025-12-10 12:24:41	1	2	15	0
        119583	2025-12-10 12:24:51	1	2	15	0
        117189	2025-12-10 12:25:00	1	2	15	0
        110424	2025-12-10 12:25:07	1	2	15	0
        117921	2025-12-10 12:25:16	1	2	15	0
        110195	2025-12-10 12:25:24	1	2	15	0
        110090	2025-12-10 12:25:36	1	2	15	0
        116835	2025-12-10 12:25:42	1	2	15	0
        116346	2025-12-10 12:25:51	1	2	15	0
        118761	2025-12-10 12:26:06	1	2	15	0
        110413	2025-12-10 12:26:08	1	2	15	0
        117972	2025-12-10 12:26:14	1	2	15	0
        110200	2025-12-10 12:26:18	1	2	15	0
        110197	2025-12-10 12:26:21	1	2	15	0
        110128	2025-12-10 12:26:32	1	2	15	0
        118744	2025-12-10 12:26:35	1	2	15	0
        116748	2025-12-10 12:26:41	1	2	15	0
        116799	2025-12-10 12:27:05	1	2	15	0
        110090	2025-12-10 12:27:21	1	2	15	0
        118782	2025-12-10 12:27:37	1	2	15	0
        110065	2025-12-10 12:28:02	1	2	15	0
        116828	2025-12-10 12:28:05	1	2	1	0
        117699	2025-12-10 12:28:20	1	2	15	0
        118928	2025-12-10 12:29:11	1	2	15	0
        116129	2025-12-10 12:29:14	1	2	15	0
        118046	2025-12-10 12:29:18	1	2	15	0
        118146	2025-12-10 12:29:20	1	2	15	0
        116472	2025-12-10 12:29:22	1	2	15	0
        117814	2025-12-10 12:29:45	1	2	15	0
        117924	2025-12-10 12:29:49	1	2	15	0
        116497	2025-12-10 12:29:51	1	2	15	0
        110457	2025-12-10 12:29:53	1	2	15	0
        117541	2025-12-10 12:29:56	1	2	15	0
        117259	2025-12-10 12:29:58	1	2	15	0
        116483	2025-12-10 12:30:00	1	2	15	0
        116504	2025-12-10 12:30:03	1	2	15	0
        117972	2025-12-10 12:30:52	1	3	15	0
        110200	2025-12-10 12:30:55	1	3	15	0
        117680	2025-12-10 12:31:03	1	3	15	0
        118782	2025-12-10 12:31:35	1	3	15	0
        110377	2025-12-10 12:32:19	1	3	15	0
        110376	2025-12-10 12:32:22	1	3	15	0
        117807	2025-12-10 12:32:24	1	3	15	0
        117711	2025-12-10 12:32:36	1	3	15	0
        110065	2025-12-10 12:33:08	1	3	15	0
        117745	2025-12-10 12:33:14	1	3	15	0
        117743	2025-12-10 12:33:16	1	3	15	0
        118186	2025-12-10 12:33:36	1	3	15	0
        117634	2025-12-10 12:33:37	1	3	15	0
        118157	2025-12-10 12:33:39	1	3	15	0
        117915	2025-12-10 12:33:42	1	3	15	0
        116282	2025-12-10 12:33:46	1	3	15	0
        116422	2025-12-10 12:33:48	1	3	15	0
        116104	2025-12-10 12:34:00	1	3	15	0
        116472	2025-12-10 12:34:05	1	3	15	0
        118146	2025-12-10 12:34:07	1	3	15	0
        117683	2025-12-10 12:34:08	1	3	15	0
        117219	2025-12-10 12:34:11	1	3	15	0
        117259	2025-12-10 12:34:18	1	3	15	0
        116483	2025-12-10 12:34:27	1	3	15	0
        116504	2025-12-10 12:34:30	1	3	15	0
        117541	2025-12-10 12:34:37	1	3	15	0
        117189	2025-12-10 12:35:05	1	3	15	0
        119104	2025-12-10 12:35:09	1	3	15	0
        117841	2025-12-10 12:35:35	1	3	15	0
        117709	2025-12-10 12:35:38	1	3	15	0
        117743	2025-12-10 12:35:41	1	3	15	0
        116337	2025-12-10 12:35:57	1	3	15	0
        116497	2025-12-10 12:36:02	1	3	15	0
        110457	2025-12-10 12:36:04	1	3	15	0
        118928	2025-12-10 12:36:07	1	3	15	0
        116129	2025-12-10 12:36:11	1	3	15	0
        117814	2025-12-10 12:36:16	1	3	15	0
        116493	2025-12-10 12:36:17	1	3	15	0
        119365	2025-12-10 12:36:20	1	3	15	0
        118584	2025-12-10 12:37:31	1	3	15	0
        117645	2025-12-10 12:37:32	1	3	15	0
        117659	2025-12-10 12:37:34	1	3	15	0
        117840	2025-12-10 12:37:35	1	3	15	0
        117812	2025-12-10 12:37:42	1	3	15	0
        118157	2025-12-10 12:37:47	1	3	15	0
        117915	2025-12-10 12:37:49	1	3	15	0
        117595	2025-12-10 12:37:52	1	3	15	0
        117634	2025-12-10 12:37:55	1	3	15	0
        116282	2025-12-10 12:38:03	1	3	15	0
        117219	2025-12-10 12:38:05	1	3	15	0
        117683	2025-12-10 12:38:08	1	3	15	0
        116422	2025-12-10 12:38:09	1	3	15	0
        118186	2025-12-10 12:38:11	1	3	15	0
        116104	2025-12-10 12:38:13	1	3	15	0
        119104	2025-12-10 12:38:23	1	3	15	0
        117103	2025-12-10 12:38:45	1	3	15	0
        117790	2025-12-10 12:39:18	1	3	15	0
        119263	2025-12-10 12:39:45	1	3	15	0
        117709	2025-12-10 12:40:04	1	3	15	0
        117224	2025-12-10 12:40:13	1	3	15	0
        110051	2025-12-10 12:40:23	1	3	15	0
        116252	2025-12-10 12:40:33	1	3	15	0
        117812	2025-12-10 12:40:35	1	3	15	0
        117711	2025-12-10 12:41:01	1	3	15	0
        117103	2025-12-10 12:41:10	1	3	15	0
        110198	2025-12-10 12:41:26	1	3	15	0
        116828	2025-12-10 12:41:45	1	3	1	0
        116493	2025-12-10 12:41:51	1	3	15	0
        118732	2025-12-10 12:41:53	1	3	15	0
        119365	2025-12-10 12:42:02	1	3	15	0
        117156	2025-12-10 12:42:08	1	3	15	0
        110485	2025-12-10 12:42:55	1	3	15	0
        110063	2025-12-10 12:43:24	1	3	15	0
        110116	2025-12-10 12:44:01	1	3	15	0
        118455	2025-12-10 12:44:23	1	3	15	0
        110057	2025-12-10 12:44:26	1	3	15	0
        119364	2025-12-10 12:44:33	1	3	15	0
        119227	2025-12-10 12:44:36	1	3	15	0
        119070	2025-12-10 12:44:38	1	3	15	0
        110493	2025-12-10 12:45:21	1	3	15	0
        110495	2025-12-10 12:45:27	1	3	15	0
        110197	2025-12-10 12:46:12	1	3	15	0
        117156	2025-12-10 12:46:16	1	3	15	0
        116805	2025-12-10 12:47:08	1	3	15	0
        116356	2025-12-10 12:47:10	1	3	15	0
        117981	2025-12-10 12:47:11	1	3	15	0
        117061	2025-12-10 12:47:13	1	3	15	0
        118369	2025-12-10 12:47:15	1	3	15	0
        117091	2025-12-10 12:47:17	1	3	15	0
        117059	2025-12-10 12:47:30	1	3	15	0
        118862	2025-12-10 12:48:47	1	3	15	0
        117337	2025-12-10 12:48:53	1	3	15	0
        110116	2025-12-10 12:49:39	1	3	15	0
        119070	2025-12-10 12:49:46	1	3	15	0
        116337	2025-12-10 12:49:50	1	3	15	0
        119364	2025-12-10 12:49:54	1	3	15	0
        119227	2025-12-10 12:49:57	1	3	15	0
        118455	2025-12-10 12:49:59	1	3	15	0
        110057	2025-12-10 12:50:01	1	3	15	0
        118221	2025-12-10 12:50:22	1	3	15	0
        117716	2025-12-10 12:50:25	1	3	15	0
        110473	2025-12-10 12:50:28	1	3	15	0
        117111	2025-12-10 12:50:34	1	3	15	0
        118369	2025-12-10 12:51:22	1	3	15	0
        116805	2025-12-10 12:51:27	1	3	15	0
        116356	2025-12-10 12:51:29	1	3	15	0
        117981	2025-12-10 12:51:32	1	3	15	0
        117061	2025-12-10 12:51:32	1	3	15	0
        117222	2025-12-10 12:51:34	1	3	15	0
        117528	2025-12-10 12:51:37	1	3	15	0
        110415	2025-12-10 12:51:49	1	3	15	0
        118207	2025-12-10 12:51:54	1	3	15	0
        110173	2025-12-10 12:51:59	1	3	15	0
        110193	2025-12-10 12:52:38	1	3	15	0
        118862	2025-12-10 12:52:44	1	3	15	0
        117091	2025-12-10 12:53:11	1	3	15	0
        118207	2025-12-10 12:55:27	1	3	15	0
        116297	2025-12-10 12:55:30	1	3	15	0
        110173	2025-12-10 12:55:34	1	3	15	0
        117222	2025-12-10 12:56:36	1	3	15	0
        117528	2025-12-10 12:56:40	1	3	15	0
        116747	2025-12-10 12:56:49	1	3	15	0
        117085	2025-12-10 12:56:54	1	3	15	0
        117337	2025-12-10 12:58:08	1	3	15	0
        116747	2025-12-10 12:58:15	1	3	15	0
        117786	2025-12-10 13:00:14	1	3	15	0
        119272	2025-12-10 13:08:51	1	3	15	0
        118180	2025-12-10 13:08:52	1	3	15	0
        117839	2025-12-10 15:32:48	1	3	15	0
        110113	2025-12-10 16:05:25	1	1	15	0
        118732	2025-12-10 16:08:03	1	1	15	0
        117770	2025-12-10 16:11:30	1	1	15	0
        116551	2025-12-10 16:18:30	1	1	15	0
        110094	2025-12-10 16:20:48	1	1	15	0
        110084	2025-12-10 16:21:23	1	1	15	0
        117769	2025-12-10 16:21:32	1	1	15	0
        117838	2025-12-10 16:21:34	1	1	15	0
        117966	2025-12-10 16:21:36	1	1	15	0
        118829	2025-12-10 16:31:03	1	1	15	0
        119365	2025-12-10 16:33:08	1	1	15	0
        117133	2025-12-10 16:33:38	1	1	15	0
        117814	2025-12-10 16:40:19	1	1	15	0
        119340	2025-12-10 16:40:53	1	1	15	0
        116297	2025-12-10 16:44:06	1	1	15	0
        118583	2025-12-10 16:55:04	1	1	15	0
        117222	2025-12-10 16:55:18	1	1	15	0
        117483	2025-12-10 16:56:30	1	1	15	0
        117337	2025-12-10 16:59:03	1	1	15	0
        117224	2025-12-10 17:00:22	1	1	15	0
        116426	2025-12-10 17:02:19	1	1	15	0
        118180	2025-12-10 17:02:23	1	1	15	0
        116129	2025-12-10 17:02:25	1	1	15	0
        118583	2025-12-10 17:02:37	1	1	15	0
        110485	2025-12-10 17:04:58	1	1	15	0
        110377	2025-12-10 17:05:16	1	1	15	0
        110376	2025-12-10 17:05:22	1	1	15	0
        110493	2025-12-10 17:06:57	1	1	15	0
        117595	2025-12-10 17:07:45	1	1	15	0
        110358	2025-12-10 17:09:27	1	1	15	0
        116763	2025-12-10 17:09:53	1	1	15	0
        117632	2025-12-10 17:10:32	1	1	15	0
        116346	2025-12-10 17:10:49	1	1	15	0
        116799	2025-12-10 17:10:55	1	1	15	0
        118744	2025-12-10 17:11:07	1	1	15	0
        116914	2025-12-10 17:11:45	1	1	15	0
        110473	2025-12-10 17:12:06	1	1	15	0
        117930	2025-12-10 17:12:15	1	1	15	0
        117043	2025-12-10 17:12:47	1	1	15	0
        110378	2025-12-10 17:12:54	1	1	15	0
        116467	2025-12-10 17:13:49	1	1	15	0
        116828	2025-12-10 17:15:37	1	1	1	0
        110457	2025-12-10 17:17:09	1	1	15	0
        117680	2025-12-10 17:19:23	1	1	15	0
        118207	2025-12-10 17:19:51	1	1	15	0
        117113	2025-12-10 17:21:15	1	1	15	0
        117997	2025-12-10 17:21:21	1	1	15	0
        110492	2025-12-10 17:21:30	1	1	15	0
        116526	2025-12-10 17:21:42	1	1	15	0
        119453	2025-12-10 17:21:49	1	1	15	0
        110198	2025-12-10 17:23:44	1	1	15	0
        110193	2025-12-10 17:23:50	1	1	15	0
        110354	2025-12-10 17:24:14	1	1	15	0
        118146	2025-12-10 17:24:16	1	1	15	0
        110051	2025-12-10 17:24:52	1	1	15	0
        118953	2025-12-10 17:26:50	1	1	15	0
        117991	2025-12-10 17:26:57	1	1	15	0
        110418	2025-12-10 17:28:09	1	1	15	0
        110424	2025-12-10 17:28:11	1	1	15	0
        117972	2025-12-10 17:28:28	1	1	15	0
        119143	2025-12-10 17:28:30	1	1	15	0
        117833	2025-12-10 17:28:37	1	1	15	0
        117733	2025-12-10 17:28:59	1	1	15	0
        119070	2025-12-10 17:29:30	1	1	15	0
        119449	2025-12-10 17:34:35	1	1	15	0
        117156	2025-12-10 17:36:08	1	1	15	0
        110060	2025-12-10 17:38:51	1	1	15	0
        110065	2025-12-10 17:38:57	1	1	15	0
        110159	2025-12-10 17:39:00	1	1	15	0
        110355	2025-12-10 17:39:06	1	1	15	0
        110356	2025-12-10 17:39:12	1	1	15	0
        117189	2025-12-10 17:39:17	1	1	15	0
        119272	2025-12-10 17:39:26	1	1	15	0
        110466	2025-12-10 17:39:56	1	1	15	0
        116472	2025-12-10 17:40:09	1	1	15	0
        117692	2025-12-10 17:40:31	1	1	15	0
        116356	2025-12-10 17:40:36	1	1	15	0
        117921	2025-12-10 17:40:40	1	1	15	0
        116483	2025-12-10 17:41:41	1	1	15	0
        118455	2025-12-10 17:41:45	1	1	15	0
        110074	2025-12-10 17:41:48	1	1	15	0
        116504	2025-12-10 17:41:51	1	1	15	0
        117967	2025-12-10 17:41:55	1	1	15	0
        117983	2025-12-10 17:41:57	1	1	15	0
        117786	2025-12-10 17:42:00	1	1	15	0
        119263	2025-12-10 17:43:05	1	1	15	0
        117567	2025-12-10 17:43:11	1	1	15	0
        117716	2025-12-10 17:43:43	1	1	15	0
        116787	2025-12-10 17:43:45	1	1	15	0
        116748	2025-12-10 17:44:52	1	1	15	0
        117259	2025-12-10 17:46:04	1	1	15	0
        119535	2025-12-10 17:49:49	1	1	15	0
        117707	2025-12-10 17:50:40	1	1	15	0
        117840	2025-12-10 17:52:02	1	1	15	0
        117926	2025-12-10 17:52:51	1	1	15	0
        117046	2025-12-10 17:53:05	1	1	15	0
        117120	2025-12-10 17:53:08	1	1	15	0
        117528	2025-12-10 17:53:11	1	1	15	0
        117998	2025-12-10 17:53:35	1	1	15	0
        116748	2025-12-10 17:54:37	1	1	15	0
        118563	2025-12-10 17:55:10	1	1	15	0
        117815	2025-12-10 17:55:19	1	1	15	0
        118761	2025-12-10 17:55:41	1	1	15	0
        116751	2025-12-10 17:55:55	1	1	15	0
        118271	2025-12-10 17:56:00	1	1	15	0
        116512	2025-12-10 17:56:09	1	1	15	0
        110197	2025-12-10 17:57:12	1	1	15	0
        117711	2025-12-10 17:57:49	1	1	15	0
        118046	2025-12-10 17:57:58	1	1	15	0
        116996	2025-12-10 17:58:02	1	1	15	0
        110076	2025-12-10 17:58:26	1	1	15	0
        117114	2025-12-10 17:58:52	1	1	15	0
        117709	2025-12-10 17:58:57	1	1	15	0
        117085	2025-12-10 17:59:06	1	1	15	0
        110024	2025-12-10 17:59:36	1	1	15	0
        119107	2025-12-10 18:00:50	1	1	15	0
        118043	2025-12-10 18:00:56	1	1	15	0
        119104	2025-12-10 18:01:51	1	1	15	0
        116477	2025-12-10 18:02:07	1	1	15	0
        116282	2025-12-10 18:02:34	1	1	15	0
        117543	2025-12-10 18:02:57	1	1	15	0
        119583	2025-12-10 18:03:02	1	1	15	0
        116990	2025-12-10 18:03:05	1	1	15	0
        116148	2025-12-10 18:03:09	1	1	15	0
        118782	2025-12-10 18:03:25	1	1	15	0
        118695	2025-12-10 18:04:42	1	1	15	0
        110158	2025-12-10 18:04:47	1	1	15	0
        117111	2025-12-10 18:04:51	1	1	15	0
        118458	2025-12-10 18:04:58	1	1	15	0
        117812	2025-12-10 18:05:31	1	1	15	0
        116070	2025-12-10 18:05:33	1	1	15	0
        117743	2025-12-10 18:05:36	1	1	15	0
        117745	2025-12-10 18:05:39	1	1	15	0
        116537	2025-12-10 18:05:43	1	1	15	0
        117341	2025-12-10 18:05:46	1	1	15	0
        116778	2025-12-10 18:05:59	1	1	15	0
        116849	2025-12-10 18:07:30	1	1	15	0
        117616	2025-12-10 18:07:46	1	1	15	0
        110088	2025-12-10 18:07:54	1	1	15	0
        117144	2025-12-10 18:07:55	1	1	15	0
        118503	2025-12-10 18:08:03	1	1	15	0
        117122	2025-12-10 18:08:17	1	1	15	0
        117817	2025-12-10 18:09:34	1	1	15	0
        116252	2025-12-10 18:10:15	1	1	15	0
        116834	2025-12-10 18:10:23	1	1	15	0
        117837	2025-12-10 18:10:46	1	1	15	0
        116995	2025-12-10 18:10:49	1	1	15	0
        116337	2025-12-10 18:11:31	1	1	15	0
        118186	2025-12-10 18:11:37	1	1	15	0
        117497	2025-12-10 18:14:15	1	1	15	0
        110077	2025-12-10 18:15:02	1	1	15	0
        116496	2025-12-10 18:16:37	1	1	15	0
        110172	2025-12-10 18:17:16	1	1	15	0
        116747	2025-12-10 18:17:26	1	1	15	0
        116493	2025-12-10 18:26:12	1	1	15	0
        117077	2025-12-10 18:26:19	1	1	15	0
        117103	2025-12-10 18:26:26	1	1	15	0
        110085	2025-12-10 18:27:17	1	1	15	0
        110100	2025-12-10 18:27:35	1	1	15	0
        117172	2025-12-10 18:27:39	1	1	15	0
        117807	2025-12-10 18:28:19	1	1	15	0
        117724	2025-12-10 18:33:26	1	1	15	0
        110195	2025-12-10 18:33:32	1	1	15	0
        117061	2025-12-10 18:43:35	1	1	15	0
        116805	2025-12-10 18:43:37	1	1	15	0
        110372	2025-12-10 18:49:28	1	1	15	0
        117704	2025-12-10 18:51:52	1	1	15	0
        117710	2025-12-10 18:52:08	1	1	15	0
        118835	2025-12-10 18:52:11	1	1	15	0
        116933	2025-12-10 18:52:13	1	1	15	0
        110368	2025-12-10 18:52:16	1	1	15	0
        110105	2025-12-10 18:52:24	1	1	15	0
        117697	2025-12-10 18:53:17	1	1	15	0
        117698	2025-12-10 18:53:44	1	1	15	0
        117725	2025-12-10 18:53:48	1	1	15	0
        110495	2025-12-10 18:56:15	1	1	15	0
        110366	2025-12-10 18:57:05	1	1	15	0
        117713	2025-12-10 18:57:07	1	1	15	0
        110482	2025-12-10 18:57:23	1	1	15	0
        110415	2025-12-10 18:57:29	1	1	15	0
        117982	2025-12-10 18:57:55	1	1	15	0
        117575	2025-12-10 19:00:03	1	1	15	0
        110483	2025-12-10 19:00:30	1	1	15	0
        116142	2025-12-10 19:00:45	1	1	15	0
        116104	2025-12-10 19:02:36	1	1	15	0
        117920	2025-12-10 19:04:22	1	1	15	0
        110367	2025-12-10 19:04:26	1	1	15	0
        117850	2025-12-10 19:04:31	1	1	15	0
        117088	2025-12-10 19:10:29	1	1	15	0
        118584	2025-12-10 19:12:44	1	1	15	0
        110116	2025-12-10 19:17:29	1	1	15	0
        110090	2025-12-10 19:17:53	1	1	15	0
        117841	2025-12-10 19:32:48	1	1	15	0
        117659	2025-12-10 19:32:49	1	1	15	0
        117645	2025-12-10 19:32:51	1	1	15	0
        117591	2025-12-10 19:34:21	1	1	15	0
        117699	2025-12-10 19:35:13	1	1	15	0
        119364	2025-12-10 19:46:02	1	1	15	0
        118867	2025-12-10 19:48:15	1	1	15	0
        118753	2025-12-10 19:52:05	1	1	15	0
        110173	2025-12-10 19:55:35	1	1	15	0
        117529	2025-12-10 20:14:35	1	1	15	0
        117839	2025-12-10 20:32:59	1	1	15	0
        117541	2025-12-10 20:33:02	1	1	15	0
        119227	2025-12-10 20:43:31	1	1	15	0
        110057	2025-12-10 20:44:15	1	1	15	0
        117054	2025-12-10 20:47:01	1	1	15	0
        116497	2025-12-10 20:54:15	1	1	15	0
        110357	2025-12-10 20:59:52	1	1	15	0
        118862	2025-12-10 21:04:17	1	1	15	0
        110063	2025-12-10 21:22:54	1	1	15	0
        117811	2025-12-10 21:26:20	1	1	15	0
        117683	2025-12-10 22:05:29	1	1	15	0
        117915	2025-12-10 22:05:31	1	1	15	0
        117634	2025-12-10 22:05:33	1	1	15	0
        118157	2025-12-10 22:05:35	1	1	15	0
        117219	2025-12-10 22:05:36	1	1	15	0
        116422	2025-12-10 22:05:38	1	1	15	0
        117542	2025-12-10 22:16:26	1	1	15	0
        110200	2025-12-10 22:16:29	1	1	15	0
        118928	2025-12-10 22:16:31	1	1	15	0
        117080	2025-12-10 22:17:59	1	1	15	0
        116835	2025-12-10 22:18:06	1	1	15	0
        116453	2025-12-10 22:18:43	1	1	15	0
        117790	2025-12-10 22:18:45	1	1	15	0
        117059	2025-12-10 22:18:48	1	1	15	0
        117091	2025-12-10 22:20:06	1	1	15	0
        118221	2025-12-10 22:20:35	1	1	15	0
        117924	2025-12-10 22:46:42	1	1	15	0
        118369	2025-12-10 22:46:51	1	1	15	0
        117981	2025-12-10 22:46:53	1	1	15	0
        117835	2025-12-11 00:19:59	1	0	15	0
        117835	2025-12-11 04:52:48	1	0	15	0
        116834	2025-12-11 05:47:11	1	0	15	0
        117786	2025-12-11 06:01:11	1	0	15	0
        116831	2025-12-11 06:03:22	1	0	15	0
        118568	2025-12-11 06:15:03	1	0	15	0
        119143	2025-12-11 06:30:38	1	0	15	0
        118732	2025-12-11 06:40:34	1	0	15	0
        116479	2025-12-11 06:46:10	1	0	15	0
        117595	2025-12-11 06:50:42	1	0	15	0
        110372	2025-12-11 06:52:01	1	0	15	0
        117528	2025-12-11 06:52:41	1	0	15	0
        117704	2025-12-11 06:53:37	1	0	15	0
        118835	2025-12-11 06:55:03	1	0	15	0
        118992	2025-12-11 06:55:30	1	0	15	0
        118970	2025-12-11 06:57:42	1	0	15	0
        110074	2025-12-11 07:00:38	1	0	15	0
        117983	2025-12-11 07:02:12	1	0	15	0
        110195	2025-12-11 07:06:38	1	0	15	0
        110113	2025-12-11 07:07:10	1	0	15	0
        119571	2025-12-11 07:09:43	1	0	15	0
        110466	2025-12-11 07:09:55	1	0	15	0
        110051	2025-12-11 07:10:17	1	0	15	0
        119475	2025-12-11 07:15:39	1	0	15	0
        116799	2025-12-11 07:15:42	1	0	15	0
        118640	2025-12-11 07:15:45	1	0	15	0
        110424	2025-12-11 07:17:19	1	0	15	0
        118043	2025-12-11 07:20:20	1	0	15	0
        110415	2025-12-11 07:21:51	1	0	15	0
        110358	2025-12-11 07:23:23	1	0	15	0
        117833	2025-12-11 07:23:40	1	0	15	0
        118695	2025-12-11 07:25:20	1	0	15	0
        119272	2025-12-11 07:26:00	1	0	15	0
        117133	2025-12-11 07:28:40	1	0	15	0
        117840	2025-12-11 07:29:13	1	0	15	0
        116297	2025-12-11 07:30:22	1	0	15	0
        110085	2025-12-11 07:30:45	1	0	15	0
        117645	2025-12-11 07:37:19	1	0	15	0
        110493	2025-12-11 07:37:25	1	0	15	0
        118580	2025-12-11 07:37:57	1	0	15	0
        118046	2025-12-11 07:38:11	1	0	15	0
        117483	2025-12-11 07:38:48	1	0	15	0
        110357	2025-12-11 07:38:53	1	0	15	0
        118180	2025-12-11 07:41:17	1	0	15	0
        117710	2025-12-11 07:42:10	1	0	15	0
        116996	2025-12-11 07:42:36	1	0	15	0
        117713	2025-12-11 07:43:00	1	0	15	0
        117644	2025-12-11 07:43:19	1	0	15	0
        116483	2025-12-11 07:43:29	1	0	15	0
        116129	2025-12-11 07:43:31	1	0	15	0
        117770	2025-12-11 07:43:48	1	0	15	0
        110053	2025-12-11 07:43:52	1	0	15	0
        118157	2025-12-11 07:44:52	1	0	15	0
        110377	2025-12-11 07:45:18	1	0	15	0
        117639	2025-12-11 07:45:23	1	0	15	0
        110485	2025-12-11 07:45:28	1	0	15	0
        110094	2025-12-11 07:47:54	1	0	15	0
        110355	2025-12-11 07:47:59	1	0	15	0
        110356	2025-12-11 07:48:02	1	0	15	0
        117707	2025-12-11 07:48:06	1	0	15	0
        117733	2025-12-11 07:48:10	1	0	15	0
        110457	2025-12-11 07:48:15	1	0	15	0
        110378	2025-12-11 07:48:49	1	0	15	0
        110482	2025-12-11 07:49:15	1	0	15	0
        110483	2025-12-11 07:49:20	1	0	15	0
        110367	2025-12-11 07:50:17	1	0	15	0
        116142	2025-12-11 07:51:04	1	0	15	0
        110376	2025-12-11 07:51:07	1	0	15	0
        117111	2025-12-11 07:51:40	1	0	15	0
        119340	2025-12-11 07:53:04	1	0	15	0
        116748	2025-12-11 07:53:13	1	0	15	0
        117591	2025-12-11 07:53:40	1	0	15	0
        117850	2025-12-11 07:53:49	1	0	15	0
        116472	2025-12-11 07:54:01	1	0	15	0
        116428	2025-12-11 07:59:32	1	0	15	0
        119227	2025-12-11 08:00:23	1	0	15	0
        116828	2025-12-11 08:00:27	1	0	1	0
        116914	2025-12-11 08:01:12	1	0	15	0
        116426	2025-12-11 08:01:37	1	0	15	0
        119453	2025-12-11 08:01:49	1	0	15	0
        117920	2025-12-11 08:02:05	1	0	15	0
        117997	2025-12-11 08:04:03	1	0	15	0
        117219	2025-12-11 08:04:11	1	0	15	0
        117745	2025-12-11 08:04:22	1	0	15	0
        117743	2025-12-11 08:04:24	1	0	15	0
        119365	2025-12-11 08:05:24	1	0	15	0
        117487	2025-12-11 08:06:05	1	0	15	0
        116763	2025-12-11 08:06:43	1	0	15	0
        110197	2025-12-11 08:08:03	1	0	15	0
        110366	2025-12-11 08:08:22	1	0	15	0
        117924	2025-12-11 08:08:33	1	0	15	0
        116751	2025-12-11 08:08:39	1	0	15	0
        116512	2025-12-11 08:08:51	1	0	15	0
        117113	2025-12-11 08:08:57	1	0	15	0
        110354	2025-12-11 08:09:31	1	0	15	0
        110060	2025-12-11 08:09:51	1	0	15	0
        117991	2025-12-11 08:10:27	1	0	15	0
        118186	2025-12-11 08:10:56	1	0	15	0
        117716	2025-12-11 08:12:08	1	0	15	0
        110368	2025-12-11 08:12:19	1	0	15	0
        117998	2025-12-11 08:12:24	1	0	15	0
        117085	2025-12-11 08:12:50	1	0	15	0
        116356	2025-12-11 08:13:10	1	0	15	0
        110473	2025-12-11 08:13:14	1	0	15	0
        117259	2025-12-11 08:14:34	1	0	15	0
        117630	2025-12-11 08:14:37	1	0	15	0
        118271	2025-12-11 08:16:13	1	0	15	0
        118207	2025-12-11 08:16:19	1	0	15	0
        117222	2025-12-11 08:19:24	1	0	15	0
        116422	2025-12-11 08:19:57	1	0	15	0
        116346	2025-12-11 08:20:02	1	0	15	0
        117088	2025-12-11 08:20:31	1	0	15	0
        117981	2025-12-11 08:20:51	1	0	15	0
        117698	2025-12-11 08:21:01	1	0	15	0
        117725	2025-12-11 08:21:05	1	0	15	0
        110418	2025-12-11 08:21:10	1	0	15	0
        110062	2025-12-11 08:21:15	1	0	15	0
        116537	2025-12-11 08:21:21	1	0	15	0
        117043	2025-12-11 08:21:37	1	0	15	0
        117697	2025-12-11 08:22:00	1	0	15	0
        117921	2025-12-11 08:22:52	1	0	15	0
        117982	2025-12-11 08:22:54	1	0	15	0
        110084	2025-12-11 08:23:12	1	0	15	0
        118917	2025-12-11 08:23:18	1	0	15	0
        110011	2025-12-11 08:24:49	1	0	15	0
        117683	2025-12-11 08:24:51	1	0	15	0
        117616	2025-12-11 08:25:03	1	0	15	0
        116960	2025-12-11 08:25:19	1	0	15	0
        119263	2025-12-11 08:27:20	1	0	15	0
        118782	2025-12-11 08:28:30	1	0	15	0
        119104	2025-12-11 08:29:52	1	0	15	0
        110077	2025-12-11 08:29:56	1	0	15	0
        117121	2025-12-11 08:30:15	1	0	15	0
        110495	2025-12-11 08:30:21	1	0	15	0
        119107	2025-12-11 08:31:34	1	0	15	0
        117114	2025-12-11 08:31:47	1	0	15	0
        116762	2025-12-11 08:31:58	1	0	15	0
        116383	2025-12-11 08:33:31	1	0	15	0
        117817	2025-12-11 08:34:37	1	0	15	0
        116787	2025-12-11 08:34:46	1	0	15	0
        117642	2025-12-11 08:36:28	1	0	15	0
        117841	2025-12-11 08:36:54	1	0	15	0
        117567	2025-12-11 08:36:58	1	0	15	0
        118369	2025-12-11 08:37:26	1	0	15	0
        110090	2025-12-11 08:37:40	1	0	15	0
        117692	2025-12-11 08:38:08	1	0	15	0
        110075	2025-12-11 08:38:25	1	0	15	0
        117837	2025-12-11 08:38:43	1	0	15	0
        117541	2025-12-11 08:38:55	1	0	15	0
        118458	2025-12-11 08:41:08	1	0	15	0
        110492	2025-12-11 08:41:16	1	0	15	0
        118928	2025-12-11 08:41:51	1	0	15	0
        117807	2025-12-11 08:42:02	1	0	15	0
        116252	2025-12-11 08:42:15	1	0	15	0
        110076	2025-12-11 08:43:17	1	0	15	0
        117897	2025-12-11 08:43:31	1	0	15	0
        110116	2025-12-11 08:43:36	1	0	15	0
        110063	2025-12-11 08:43:41	1	0	15	0
        117711	2025-12-11 08:43:45	1	0	15	0
        119006	2025-12-11 08:43:54	1	0	15	0
        116778	2025-12-11 08:44:11	1	0	15	0
        117144	2025-12-11 08:44:48	1	0	15	0
        110083	2025-12-11 08:45:28	1	0	15	0
        117122	2025-12-11 08:46:08	1	0	15	0
        110131	2025-12-11 08:46:27	1	0	15	0
        117790	2025-12-11 08:46:35	1	0	15	0
        117543	2025-12-11 08:46:53	1	0	15	0
        117120	2025-12-11 08:48:31	1	0	15	0
        117046	2025-12-11 08:48:34	1	0	15	0
        118761	2025-12-11 08:48:45	1	0	15	0
        117059	2025-12-11 08:48:47	1	0	15	0
        117172	2025-12-11 08:48:51	1	0	15	0
        117699	2025-12-11 08:49:07	1	0	15	0
        117926	2025-12-11 08:49:14	1	0	15	0
        110173	2025-12-11 08:50:05	1	0	15	0
        117849	2025-12-11 08:50:35	1	0	15	0
        110413	2025-12-11 08:50:57	1	0	15	0
        116282	2025-12-11 08:51:25	1	0	15	0
        118563	2025-12-11 08:51:58	1	0	15	0
        117061	2025-12-11 08:52:00	1	0	15	0
        116148	2025-12-11 08:52:13	1	0	15	0
        119583	2025-12-11 08:52:15	1	0	15	0
        118862	2025-12-11 08:53:49	1	0	15	0
        110128	2025-12-11 08:54:44	1	0	15	0
        118503	2025-12-11 08:54:51	1	0	15	0
        117091	2025-12-11 08:55:46	1	0	15	0
        117529	2025-12-11 08:55:48	1	0	15	0
        119282	2025-12-11 08:56:11	1	0	15	0
        118221	2025-12-11 08:58:05	1	0	15	0
        117632	2025-12-11 08:58:12	1	0	15	0
        117634	2025-12-11 08:58:21	1	0	15	0
        117915	2025-12-11 08:58:23	1	0	15	0
        110057	2025-12-11 08:58:58	1	0	15	0
        117542	2025-12-11 08:59:24	1	0	15	0
        117814	2025-12-11 09:00:32	1	0	15	0
        116747	2025-12-11 09:00:57	1	0	15	0
        116849	2025-12-11 09:01:02	1	0	15	0
        116279	2025-12-11 09:01:06	1	0	15	0
        110065	2025-12-11 09:01:17	1	0	15	0
        117156	2025-12-11 09:03:30	1	0	15	0
        119493	2025-12-11 09:05:17	1	0	15	0
        110055	2025-12-11 09:06:39	1	0	15	0
        110200	2025-12-11 09:06:54	1	0	15	0
        118971	2025-12-11 09:08:04	1	0	15	0
        117054	2025-12-11 09:08:53	1	0	15	0
        110172	2025-12-11 09:09:02	1	0	15	0
        116933	2025-12-11 09:10:01	1	0	15	0
        117839	2025-12-11 09:12:04	1	0	15	0
        117815	2025-12-11 09:12:25	1	0	15	0
        116526	2025-12-11 09:21:09	1	0	15	0
        117812	2025-12-11 09:22:46	1	0	15	0
        118753	2025-12-11 09:28:56	1	0	15	0
        117659	2025-12-11 09:32:59	1	0	15	0
        110100	2025-12-11 09:33:53	1	0	15	0
        116072	2025-12-11 09:33:55	1	0	15	0
        117709	2025-12-11 09:43:29	1	0	15	0
        117575	2025-12-11 09:52:30	1	0	15	0
        117061	2025-12-11 12:00:06	1	2	15	0
        117849	2025-12-11 12:00:09	1	2	15	0
        117709	2025-12-11 12:00:10	1	2	15	0
        116483	2025-12-11 12:00:11	1	2	15	0
        117259	2025-12-11 12:00:15	1	2	15	0
        116537	2025-12-11 12:00:17	1	2	15	0
        110358	2025-12-11 12:00:18	1	2	15	0
        116337	2025-12-11 12:00:20	1	2	15	0
        110495	2025-12-11 12:00:22	1	2	15	0
        117981	2025-12-11 12:00:24	1	2	15	0
        117733	2025-12-11 12:00:25	1	2	15	0
        117543	2025-12-11 12:00:27	1	2	15	0
        116297	2025-12-11 12:00:29	1	2	15	0
        110493	2025-12-11 12:00:31	1	2	15	0
        116356	2025-12-11 12:00:33	1	2	15	0
        118369	2025-12-11 12:00:34	1	2	15	0
        110113	2025-12-11 12:00:37	1	2	15	0
        117091	2025-12-11 12:00:39	1	2	15	0
        117567	2025-12-11 12:00:41	1	2	15	0
        110418	2025-12-11 12:00:44	1	2	15	0
        116252	2025-12-11 12:00:59	1	2	15	0
        119453	2025-12-11 12:01:05	1	2	15	0
        117833	2025-12-11 12:01:12	1	2	15	0
        118043	2025-12-11 12:01:21	1	2	15	0
        116933	2025-12-11 12:01:32	1	2	15	0
        116914	2025-12-11 12:01:39	1	2	15	0
        116748	2025-12-11 12:01:40	1	2	15	0
        117120	2025-12-11 12:01:44	1	2	15	0
        116763	2025-12-11 12:01:45	1	2	15	0
        117046	2025-12-11 12:01:49	1	2	15	0
        110424	2025-12-11 12:01:51	1	2	15	0
        117632	2025-12-11 12:01:53	1	2	15	0
        118640	2025-12-11 12:01:57	1	2	15	0
        116279	2025-12-11 12:01:58	1	2	15	0
        117926	2025-12-11 12:02:08	1	2	15	0
        117595	2025-12-11 12:02:13	1	2	15	0
        119107	2025-12-11 12:02:26	1	2	15	0
        110376	2025-12-11 12:02:28	1	2	15	0
        119583	2025-12-11 12:02:30	1	2	15	0
        110377	2025-12-11 12:02:31	1	2	15	0
        117841	2025-12-11 12:02:34	1	2	15	0
        117840	2025-12-11 12:02:35	1	2	15	0
        117659	2025-12-11 12:02:37	1	2	15	0
        117839	2025-12-11 12:02:39	1	2	15	0
        110466	2025-12-11 12:02:40	1	2	15	0
        116148	2025-12-11 12:02:42	1	2	15	0
        117645	2025-12-11 12:02:44	1	2	15	0
        117815	2025-12-11 12:02:46	1	2	15	0
        110057	2025-12-11 12:02:49	1	2	15	0
        119227	2025-12-11 12:02:50	1	2	15	0
        119493	2025-12-11 12:02:51	1	2	15	0
        117983	2025-12-11 12:02:57	1	2	15	0
        117113	2025-12-11 12:02:58	1	2	15	0
        116762	2025-12-11 12:03:00	1	2	15	0
        116337	2025-12-11 12:03:03	1	2	15	0
        116537	2025-12-11 12:03:07	1	2	15	0
        118992	2025-12-11 12:03:09	1	2	15	0
        110172	2025-12-11 12:03:11	1	2	15	0
        110358	2025-12-11 12:03:12	1	2	15	0
        117733	2025-12-11 12:03:15	1	2	15	0
        110354	2025-12-11 12:03:32	1	2	15	0
        117981	2025-12-11 12:03:47	1	2	15	0
        116356	2025-12-11 12:03:49	1	2	15	0
        118369	2025-12-11 12:03:51	1	2	15	0
        117061	2025-12-11 12:03:53	1	2	15	0
        110495	2025-12-11 12:03:56	1	2	15	0
        110493	2025-12-11 12:03:59	1	2	15	0
        110418	2025-12-11 12:04:02	1	2	15	0
        117833	2025-12-11 12:04:11	1	2	15	0
        117172	2025-12-11 12:04:14	1	2	15	0
        110060	2025-12-11 12:04:16	1	2	15	0
        116960	2025-12-11 12:04:18	1	2	15	0
        117849	2025-12-11 12:04:20	1	2	15	0
        119006	2025-12-11 12:04:21	1	2	15	0
        118640	2025-12-11 12:04:25	1	2	15	0
        116799	2025-12-11 12:04:29	1	2	15	0
        117222	2025-12-11 12:04:39	1	2	15	0
        116426	2025-12-11 12:05:00	1	2	15	0
        118271	2025-12-11 12:05:02	1	2	15	0
        118732	2025-12-11 12:05:04	1	2	15	0
        116279	2025-12-11 12:05:06	1	2	15	0
        110424	2025-12-11 12:05:07	1	2	15	0
        110113	2025-12-11 12:05:14	1	2	15	0
        117639	2025-12-11 12:05:34	1	2	15	0
        117043	2025-12-11 12:05:49	1	2	15	0
        116762	2025-12-11 12:05:53	1	2	15	0
        117790	2025-12-11 12:05:54	1	2	15	0
        110354	2025-12-11 12:05:58	1	2	15	0
        117091	2025-12-11 12:06:03	1	2	15	0
        117709	2025-12-11 12:06:06	1	2	15	0
        118563	2025-12-11 12:06:09	1	2	15	0
        110051	2025-12-11 12:06:14	1	2	15	0
        116828	2025-12-11 12:06:19	1	2	1	0
        117046	2025-12-11 12:06:25	1	2	15	0
        116748	2025-12-11 12:06:28	1	2	15	0
        117120	2025-12-11 12:06:31	1	2	15	0
        116763	2025-12-11 12:06:33	1	2	15	0
        110378	2025-12-11 12:06:34	1	2	15	0
        116914	2025-12-11 12:06:37	1	2	15	0
        117595	2025-12-11 12:06:39	1	2	15	0
        110492	2025-12-11 12:06:40	1	2	15	0
        119107	2025-12-11 12:06:45	1	2	15	0
        117144	2025-12-11 12:06:49	1	2	15	0
        116960	2025-12-11 12:07:03	1	2	15	0
        117528	2025-12-11 12:07:05	1	2	15	0
        117111	2025-12-11 12:07:10	1	2	15	0
        117122	2025-12-11 12:07:13	1	2	15	0
        118992	2025-12-11 12:07:16	1	2	15	0
        117616	2025-12-11 12:07:18	1	2	15	0
        116933	2025-12-11 12:07:22	1	2	15	0
        117991	2025-12-11 12:07:26	1	2	15	0
        117054	2025-12-11 12:07:39	1	2	15	0
        118732	2025-12-11 12:07:44	1	2	15	0
        118271	2025-12-11 12:07:47	1	2	15	0
        110055	2025-12-11 12:08:24	1	2	15	0
        117059	2025-12-11 12:08:42	1	2	15	0
        117790	2025-12-11 12:08:47	1	2	15	0
        110060	2025-12-11 12:08:52	1	2	15	0
        119006	2025-12-11 12:09:03	1	2	15	0
        110100	2025-12-11 12:09:05	1	2	15	0
        117172	2025-12-11 12:09:12	1	2	15	0
        110377	2025-12-11 12:09:18	1	2	15	0
        110376	2025-12-11 12:09:21	1	2	15	0
        118043	2025-12-11 12:09:24	1	2	15	0
        110076	2025-12-11 12:09:26	1	2	15	0
        118760	2025-12-11 12:09:40	1	2	15	0
        117642	2025-12-11 12:09:43	1	2	15	0
        118971	2025-12-11 12:09:45	1	2	15	0
        117542	2025-12-11 12:09:58	1	2	15	0
        117699	2025-12-11 12:10:01	1	2	15	0
        116426	2025-12-11 12:10:08	1	2	15	0
        117222	2025-12-11 12:10:11	1	2	15	0
        117632	2025-12-11 12:10:29	1	2	15	0
        110057	2025-12-11 12:10:43	1	2	15	0
        119227	2025-12-11 12:10:51	1	2	15	0
        117997	2025-12-11 12:10:54	1	2	15	0
        117926	2025-12-11 12:11:00	1	2	15	0
        118458	2025-12-11 12:11:03	1	2	15	0
        110172	2025-12-11 12:11:05	1	2	15	0
        117054	2025-12-11 12:11:10	1	2	15	0
        117770	2025-12-11 12:11:16	1	2	15	0
        110051	2025-12-11 12:11:17	1	2	15	0
        117837	2025-12-11 12:11:20	1	2	15	0
        117807	2025-12-11 12:11:23	1	2	15	0
        110492	2025-12-11 12:11:32	1	2	15	0
        110060	2025-12-11 12:11:38	1	2	15	0
        110485	2025-12-11 12:11:43	1	2	15	0
        118761	2025-12-11 12:11:49	1	2	15	0
        117114	2025-12-11 12:12:00	1	2	15	0
        110063	2025-12-11 12:12:07	1	2	15	0
        110100	2025-12-11 12:12:33	1	2	15	0
        110413	2025-12-11 12:12:45	1	2	15	0
        117711	2025-12-11 12:12:48	1	2	15	0
        117812	2025-12-11 12:12:53	1	2	15	0
        117745	2025-12-11 12:12:56	1	2	15	0
        117743	2025-12-11 12:12:57	1	2	15	0
        117043	2025-12-11 12:13:00	1	2	15	0
        117528	2025-12-11 12:13:06	1	2	15	0
        117897	2025-12-11 12:13:08	1	2	15	0
        117121	2025-12-11 12:13:10	1	2	15	0
        116428	2025-12-11 12:13:13	1	2	15	0
        110466	2025-12-11 12:13:16	1	2	15	0
        118928	2025-12-11 12:13:32	1	2	15	0
        110473	2025-12-11 12:13:37	1	2	15	0
        116129	2025-12-11 12:14:05	1	2	15	0
        118970	2025-12-11 12:14:07	1	2	15	0
        117642	2025-12-11 12:14:22	1	2	15	0
        118782	2025-12-11 12:14:43	1	2	15	0
        118761	2025-12-11 12:15:03	1	2	15	0
        117616	2025-12-11 12:15:07	1	2	15	0
        117144	2025-12-11 12:15:09	1	2	15	0
        110378	2025-12-11 12:15:11	1	2	15	0
        110355	2025-12-11 12:15:19	1	2	15	0
        110356	2025-12-11 12:15:22	1	2	15	0
        110128	2025-12-11 12:15:28	1	2	15	0
        117644	2025-12-11 12:15:31	1	2	15	0
        117921	2025-12-11 12:15:37	1	2	15	0
        117982	2025-12-11 12:15:39	1	2	15	0
        117692	2025-12-11 12:15:40	1	2	15	0
        117487	2025-12-11 12:15:43	1	2	15	0
        110415	2025-12-11 12:15:45	1	2	15	0
        117088	2025-12-11 12:15:58	1	2	15	0
        117716	2025-12-11 12:16:00	1	2	15	0
        117998	2025-12-11 12:16:02	1	2	15	0
        116996	2025-12-11 12:16:12	1	2	15	0
        116428	2025-12-11 12:16:16	1	2	15	0
        117897	2025-12-11 12:16:18	1	2	15	0
        117121	2025-12-11 12:16:23	1	2	15	0
        117543	2025-12-11 12:16:44	1	2	15	0
        118580	2025-12-11 12:16:51	1	2	15	0
        110084	2025-12-11 12:16:53	1	2	15	0
        117644	2025-12-11 12:17:02	1	2	15	0
        117837	2025-12-11 12:17:26	1	2	15	0
        117770	2025-12-11 12:17:30	1	2	15	0
        117812	2025-12-11 12:17:37	1	2	15	0
        117542	2025-12-11 12:17:39	1	2	15	0
        117745	2025-12-11 12:17:41	1	2	15	0
        117743	2025-12-11 12:17:43	1	2	15	0
        117807	2025-12-11 12:17:45	1	2	15	0
        110482	2025-12-11 12:17:50	1	2	15	0
        116129	2025-12-11 12:18:00	1	2	15	0
        118970	2025-12-11 12:18:02	1	2	15	0
        118928	2025-12-11 12:18:04	1	2	15	0
        118695	2025-12-11 12:18:06	1	2	15	0
        118458	2025-12-11 12:18:09	1	2	15	0
        110413	2025-12-11 12:18:12	1	2	15	0
        117111	2025-12-11 12:18:21	1	2	15	0
        119475	2025-12-11 12:18:33	1	2	15	0
        110065	2025-12-11 12:18:36	1	2	15	0
        119453	2025-12-11 12:18:39	1	2	15	0
        119493	2025-12-11 12:18:41	1	2	15	0
        110356	2025-12-11 12:18:45	1	2	15	0
        110077	2025-12-11 12:18:49	1	2	15	0
        110355	2025-12-11 12:18:56	1	2	15	0
        110483	2025-12-11 12:19:04	1	2	15	0
        117713	2025-12-11 12:19:12	1	2	15	0
        110368	2025-12-11 12:19:14	1	2	15	0
        116787	2025-12-11 12:19:16	1	2	15	0
        116849	2025-12-11 12:19:17	1	2	15	0
        117259	2025-12-11 12:19:28	1	2	15	0
        116778	2025-12-11 12:19:36	1	2	15	0
        117088	2025-12-11 12:19:42	1	2	15	0
        117997	2025-12-11 12:19:49	1	2	15	0
        117487	2025-12-11 12:19:57	1	2	15	0
        116799	2025-12-11 12:20:01	1	2	15	0
        117692	2025-12-11 12:20:17	1	2	15	0
        117982	2025-12-11 12:20:18	1	2	15	0
        117921	2025-12-11 12:20:20	1	2	15	0
        110128	2025-12-11 12:20:24	1	2	15	0
        118580	2025-12-11 12:20:25	1	2	15	0
        110084	2025-12-11 12:20:48	1	2	15	0
        116849	2025-12-11 12:20:54	1	2	15	0
        116787	2025-12-11 12:20:55	1	2	15	0
        117924	2025-12-11 12:21:01	1	2	15	0
        117716	2025-12-11 12:21:28	1	2	15	0
        118782	2025-12-11 12:21:44	1	2	15	0
        110485	2025-12-11 12:21:49	1	2	15	0
        117998	2025-12-11 12:21:55	1	2	15	0
        117817	2025-12-11 12:22:15	1	2	15	0
        110094	2025-12-11 12:22:20	1	2	15	0
        119571	2025-12-11 12:22:25	1	2	15	0
        116778	2025-12-11 12:22:29	1	2	15	0
        116828	2025-12-11 12:22:40	1	2	1	0
        117698	2025-12-11 12:22:45	1	2	15	0
        117725	2025-12-11 12:22:46	1	2	15	0
        117710	2025-12-11 12:22:48	1	2	15	0
        117697	2025-12-11 12:22:50	1	2	15	0
        110473	2025-12-11 12:22:54	1	2	15	0
        117991	2025-12-11 12:22:56	1	2	15	0
        116297	2025-12-11 12:23:15	1	2	15	0
        116996	2025-12-11 12:23:23	1	2	15	0
        119263	2025-12-11 12:23:29	1	2	15	0
        110197	2025-12-11 12:23:44	1	2	15	0
        110076	2025-12-11 12:24:01	1	2	15	0
        118835	2025-12-11 12:24:15	1	2	15	0
        117924	2025-12-11 12:24:27	1	2	15	0
        110094	2025-12-11 12:24:59	1	2	15	0
        119475	2025-12-11 12:25:52	1	2	15	0
        110065	2025-12-11 12:25:54	1	2	15	0
        117567	2025-12-11 12:25:57	1	2	15	0
        110090	2025-12-11 12:26:00	1	2	15	0
        110053	2025-12-11 12:26:19	1	2	15	0
        117591	2025-12-11 12:26:27	1	2	15	0
        110063	2025-12-11 12:26:35	1	2	15	0
        110368	2025-12-11 12:26:43	1	2	15	0
        117713	2025-12-11 12:26:45	1	2	15	0
        117725	2025-12-11 12:27:21	1	2	15	0
        117698	2025-12-11 12:27:23	1	2	15	0
        117710	2025-12-11 12:27:25	1	2	15	0
        117697	2025-12-11 12:27:26	1	2	15	0
        110357	2025-12-11 12:27:28	1	2	15	0
        116483	2025-12-11 12:27:30	1	2	15	0
        117541	2025-12-11 12:27:32	1	2	15	0
        117704	2025-12-11 12:27:35	1	2	15	0
        117920	2025-12-11 12:27:37	1	2	15	0
        110366	2025-12-11 12:27:40	1	2	15	0
        110077	2025-12-11 12:27:43	1	2	15	0
        119263	2025-12-11 12:27:45	1	2	15	0
        110367	2025-12-11 12:27:47	1	2	15	0
        110482	2025-12-11 12:27:51	1	2	15	0
        110415	2025-12-11 12:27:52	1	2	15	0
        117850	2025-12-11 12:27:54	1	2	15	0
        117707	2025-12-11 12:27:56	1	2	15	0
        118180	2025-12-11 12:27:58	1	2	15	0
        117114	2025-12-11 12:28:00	1	2	15	0
        110483	2025-12-11 12:28:04	1	2	15	0
        116990	2025-12-11 12:28:29	1	2	15	0
        119272	2025-12-11 12:28:36	1	2	15	0
        116072	2025-12-11 12:28:41	1	2	15	0
        110457	2025-12-11 12:28:44	1	2	15	0
        119571	2025-12-11 12:28:52	1	2	15	0
        116479	2025-12-11 12:28:57	1	2	15	0
        119340	2025-12-11 12:29:29	1	2	15	0
        118835	2025-12-11 12:29:36	1	2	15	0
        117814	2025-12-11 12:29:53	1	2	15	0
        110053	2025-12-11 12:30:03	1	2	15	0
        118157	2025-12-11 12:30:14	1	2	15	0
        116282	2025-12-11 12:30:16	1	2	15	0
        118186	2025-12-11 12:30:18	1	2	15	0
        117915	2025-12-11 12:30:34	1	2	15	0
        117219	2025-12-11 12:30:36	1	2	15	0
        117634	2025-12-11 12:30:38	1	2	15	0
        116422	2025-12-11 12:30:40	1	2	15	0
        117683	2025-12-11 12:30:42	1	2	15	0
        117575	2025-12-11 12:30:45	1	2	15	0
        116142	2025-12-11 12:30:46	1	2	15	0
        117529	2025-12-11 12:30:48	1	2	15	0
        118753	2025-12-11 12:30:50	1	2	15	0
        118971	2025-12-11 12:30:52	1	2	15	0
        116526	2025-12-11 12:30:53	1	2	15	0
        117156	2025-12-11 12:30:58	1	2	15	0
        117085	2025-12-11 12:30:59	1	2	15	0
        117920	2025-12-11 12:31:01	1	2	15	0
        117704	2025-12-11 12:31:03	1	2	15	0
        117707	2025-12-11 12:31:05	1	2	15	0
        110367	2025-12-11 12:31:06	1	2	15	0
        110366	2025-12-11 12:31:08	1	2	15	0
        117850	2025-12-11 12:31:09	1	2	15	0
        117639	2025-12-11 12:31:11	1	2	15	0
        119272	2025-12-11 12:31:17	1	2	15	0
        118180	2025-12-11 12:31:19	1	2	15	0
        117817	2025-12-11 12:31:26	1	2	15	0
        118917	2025-12-11 12:32:03	1	3	15	0
        116252	2025-12-11 12:32:39	1	3	15	0
        117711	2025-12-11 12:32:51	1	3	15	0
        119340	2025-12-11 12:33:02	1	3	15	0
        117219	2025-12-11 12:33:04	1	3	15	0
        116422	2025-12-11 12:33:06	1	3	15	0
        118186	2025-12-11 12:33:08	1	3	15	0
        117683	2025-12-11 12:33:16	1	3	15	0
        117915	2025-12-11 12:33:19	1	3	15	0
        116282	2025-12-11 12:33:21	1	3	15	0
        118157	2025-12-11 12:33:23	1	3	15	0
        117634	2025-12-11 12:33:26	1	3	15	0
        117699	2025-12-11 12:33:29	1	3	15	0
        117541	2025-12-11 12:33:43	1	3	15	0
        117059	2025-12-11 12:33:56	1	3	15	0
        110357	2025-12-11 12:34:04	1	3	15	0
        116479	2025-12-11 12:34:15	1	3	15	0
        116526	2025-12-11 12:34:45	1	3	15	0
        117645	2025-12-11 12:35:05	1	3	15	0
        117840	2025-12-11 12:35:13	1	3	15	0
        117839	2025-12-11 12:35:33	1	3	15	0
        117815	2025-12-11 12:35:35	1	3	15	0
        117841	2025-12-11 12:35:41	1	3	15	0
        119583	2025-12-11 12:36:00	1	3	15	0
        117591	2025-12-11 12:36:05	1	3	15	0
        118563	2025-12-11 12:36:11	1	3	15	0
        117483	2025-12-11 12:36:34	1	3	15	0
        110116	2025-12-11 12:36:38	1	3	15	0
        110055	2025-12-11 12:36:57	1	3	15	0
        117113	2025-12-11 12:37:02	1	3	15	0
        110085	2025-12-11 12:37:04	1	3	15	0
        117122	2025-12-11 12:37:09	1	3	15	0
        118917	2025-12-11 12:38:18	1	3	15	0
        118503	2025-12-11 12:38:26	1	3	15	0
        118046	2025-12-11 12:38:28	1	3	15	0
        116072	2025-12-11 12:38:31	1	3	15	0
        110457	2025-12-11 12:38:32	1	3	15	0
        117966	2025-12-11 12:38:40	1	3	15	0
        117483	2025-12-11 12:40:21	1	3	15	0
        118503	2025-12-11 12:40:49	1	3	15	0
        119365	2025-12-11 12:41:22	1	3	15	0
        117133	2025-12-11 12:41:25	1	3	15	0
        117077	2025-12-11 12:41:29	1	3	15	0
        117529	2025-12-11 12:41:55	1	3	15	0
        117575	2025-12-11 12:41:59	1	3	15	0
        116346	2025-12-11 12:42:01	1	3	15	0
        116142	2025-12-11 12:42:24	1	3	15	0
        110090	2025-12-11 12:42:27	1	3	15	0
        110131	2025-12-11 12:42:31	1	3	15	0
        119282	2025-12-11 12:43:36	1	3	15	0
        117814	2025-12-11 12:44:14	1	3	15	0
        119104	2025-12-11 12:44:38	1	3	15	0
        117659	2025-12-11 12:44:44	1	3	15	0
        117983	2025-12-11 12:44:46	1	3	15	0
        110197	2025-12-11 12:45:46	1	3	15	0
        118695	2025-12-11 12:45:50	1	3	15	0
        116472	2025-12-11 12:46:16	1	3	15	0
        116747	2025-12-11 12:46:18	1	3	15	0
        119104	2025-12-11 12:46:21	1	3	15	0
        116346	2025-12-11 12:47:11	1	3	15	0
        110074	2025-12-11 12:47:12	1	3	15	0
        110075	2025-12-11 12:47:18	1	3	15	0
        110011	2025-12-11 12:47:34	1	3	15	0
        119365	2025-12-11 12:48:21	1	3	15	0
        117133	2025-12-11 12:48:23	1	3	15	0
        117077	2025-12-11 12:48:27	1	3	15	0
        118753	2025-12-11 12:50:05	1	3	15	0
        110116	2025-12-11 12:50:53	1	3	15	0
        110074	2025-12-11 12:51:23	1	3	15	0
        110075	2025-12-11 12:51:27	1	3	15	0
        119282	2025-12-11 12:51:39	1	3	15	0
        110131	2025-12-11 12:53:13	1	3	15	0
        110011	2025-12-11 12:53:15	1	3	15	0
        118207	2025-12-11 12:53:18	1	3	15	0
        110173	2025-12-11 12:53:19	1	3	15	0
        116747	2025-12-11 12:53:49	1	3	15	0
        116472	2025-12-11 12:53:52	1	3	15	0
        117085	2025-12-11 12:53:58	1	3	15	0
        117156	2025-12-11 12:53:59	1	3	15	0
        117811	2025-12-11 12:54:25	1	3	15	0
        118753	2025-12-11 12:54:27	1	3	15	0
        118207	2025-12-11 12:55:41	1	3	15	0
        110173	2025-12-11 12:55:43	1	3	15	0
        110083	2025-12-11 12:55:47	1	3	15	0
        117790	2025-12-11 12:56:40	1	3	15	0
        118046	2025-12-11 12:57:31	1	3	15	0
        117212	2025-12-11 12:58:49	1	3	15	0
        110083	2025-12-11 12:59:13	1	3	15	0
        110085	2025-12-11 12:59:36	1	3	15	0
        116995	2025-12-11 13:01:36	1	3	15	0
        116346	2025-12-11 13:52:46	1	3	15	0
        119104	2025-12-11 14:55:09	1	3	15	0
        110065	2025-12-11 15:45:48	1	3	15	0
        116512	2025-12-11 15:45:57	1	3	15	0
        118732	2025-12-11 16:02:35	1	1	15	0
        110113	2025-12-11 16:08:10	1	1	15	0
        119475	2025-12-11 16:17:27	1	1	15	0
        116297	2025-12-11 16:31:13	1	1	15	0
        117528	2025-12-11 16:40:34	1	1	15	0
        117483	2025-12-11 16:43:10	1	1	15	0
        117644	2025-12-11 16:47:49	1	1	15	0
        110051	2025-12-11 16:49:08	1	1	15	0
        119340	2025-12-11 16:54:18	1	1	15	0
        118180	2025-12-11 16:57:21	1	1	15	0
        117770	2025-12-11 16:59:11	1	1	15	0
        117966	2025-12-11 16:59:17	1	1	15	0
        117133	2025-12-11 16:59:39	1	1	15	0
        117222	2025-12-11 17:00:05	1	1	15	0
        110466	2025-12-11 17:00:29	1	1	15	0
        117966	2025-12-11 17:00:32	1	1	15	0
        110084	2025-12-11 17:01:37	1	1	15	0
        119571	2025-12-11 17:01:46	1	1	15	0
        110094	2025-12-11 17:01:49	1	1	15	0
        117833	2025-12-11 17:01:54	1	1	15	0
        117835	2025-12-11 17:02:16	1	1	15	0
        118207	2025-12-11 17:04:21	1	1	15	0
        118043	2025-12-11 17:04:35	1	1	15	0
        116799	2025-12-11 17:04:55	1	1	15	0
        117997	2025-12-11 17:05:03	1	1	15	0
        110493	2025-12-11 17:06:56	1	1	15	0
        118695	2025-12-11 17:07:23	1	1	15	0
        110198	2025-12-11 17:08:00	1	1	15	0
        110358	2025-12-11 17:08:06	1	1	15	0
        110074	2025-12-11 17:09:15	1	1	15	0
        117591	2025-12-11 17:10:34	1	1	15	0
        119365	2025-12-11 17:11:02	1	1	15	0
        116763	2025-12-11 17:11:44	1	1	15	0
        116914	2025-12-11 17:12:46	1	1	15	0
        110483	2025-12-11 17:12:51	1	1	15	0
        110354	2025-12-11 17:14:36	1	1	15	0
        110485	2025-12-11 17:14:56	1	1	15	0
        110376	2025-12-11 17:15:12	1	1	15	0
        110377	2025-12-11 17:15:16	1	1	15	0
        118970	2025-12-11 17:15:21	1	1	15	0
        110457	2025-12-11 17:15:28	1	1	15	0
        116526	2025-12-11 17:16:28	1	1	15	0
        110378	2025-12-11 17:16:58	1	1	15	0
        110197	2025-12-11 17:18:13	1	1	15	0
        117733	2025-12-11 17:18:18	1	1	15	0
        116428	2025-12-11 17:18:42	1	1	15	0
        117630	2025-12-11 17:20:55	1	1	15	0
        118186	2025-12-11 17:21:43	1	1	15	0
        116252	2025-12-11 17:22:06	1	1	15	0
        119453	2025-12-11 17:22:16	1	1	15	0
        118046	2025-12-11 17:23:04	1	1	15	0
        118992	2025-12-11 17:24:15	1	1	15	0
        110355	2025-12-11 17:24:32	1	1	15	0
        117659	2025-12-11 17:25:19	1	1	15	0
        116426	2025-12-11 17:26:01	1	1	15	0
        119263	2025-12-11 17:26:29	1	1	15	0
        119263	2025-12-11 17:28:50	1	1	15	0
        116751	2025-12-11 17:31:31	1	1	15	0
        116512	2025-12-11 17:31:41	1	1	15	0
        116129	2025-12-11 17:33:02	1	1	15	0
        117043	2025-12-11 17:33:16	1	1	15	0
        117114	2025-12-11 17:33:34	1	1	15	0
        116472	2025-12-11 17:34:22	1	1	15	0
        117259	2025-12-11 17:34:31	1	1	15	0
        116356	2025-12-11 17:34:33	1	1	15	0
        117897	2025-12-11 17:34:59	1	1	15	0
        110418	2025-12-11 17:35:36	1	1	15	0
        116960	2025-12-11 17:36:46	1	1	15	0
        110473	2025-12-11 17:37:57	1	1	15	0
        110060	2025-12-11 17:38:37	1	1	15	0
        117114	2025-12-11 17:39:09	1	1	15	0
        117707	2025-12-11 17:41:21	1	1	15	0
        110053	2025-12-11 17:41:44	1	1	15	0
        110424	2025-12-11 17:44:13	1	1	15	0
        118782	2025-12-11 17:45:20	1	1	15	0
        117745	2025-12-11 17:45:38	1	1	15	0
        117743	2025-12-11 17:45:39	1	1	15	0
        110372	2025-12-11 17:46:05	1	1	15	0
        118917	2025-12-11 17:46:27	1	1	15	0
        110076	2025-12-11 17:47:02	1	1	15	0
        117144	2025-12-11 17:49:46	1	1	15	0
        119107	2025-12-11 17:50:17	1	1	15	0
        117998	2025-12-11 17:51:06	1	1	15	0
        117840	2025-12-11 17:51:37	1	1	15	0
        110085	2025-12-11 17:52:07	1	1	15	0
        110055	2025-12-11 17:52:21	1	1	15	0
        117699	2025-12-11 17:52:30	1	1	15	0
        117543	2025-12-11 17:53:07	1	1	15	0
        117616	2025-12-11 17:53:47	1	1	15	0
        117219	2025-12-11 17:54:20	1	1	15	0
        118157	2025-12-11 17:54:22	1	1	15	0
        116422	2025-12-11 17:54:26	1	1	15	0
        117046	2025-12-11 17:55:15	1	1	15	0
        118563	2025-12-11 17:55:17	1	1	15	0
        116537	2025-12-11 17:55:18	1	1	15	0
        110090	2025-12-11 17:56:18	1	1	15	0
        117088	2025-12-11 17:57:51	1	1	15	0
        110077	2025-12-11 17:57:55	1	1	15	0
        117921	2025-12-11 17:58:17	1	1	15	0
        116337	2025-12-11 17:58:32	1	1	15	0
        117716	2025-12-11 17:58:39	1	1	15	0
        116787	2025-12-11 17:58:43	1	1	15	0
        116279	2025-12-11 18:00:01	1	1	15	0
        118640	2025-12-11 18:00:08	1	1	15	0
        110495	2025-12-11 18:00:18	1	1	15	0
        116748	2025-12-11 18:00:27	1	1	15	0
        118503	2025-12-11 18:00:31	1	1	15	0
        117921	2025-12-11 18:00:37	1	1	15	0
        116849	2025-12-11 18:02:01	1	1	15	0
        116995	2025-12-11 18:03:35	1	1	15	0
        116070	2025-12-11 18:03:36	1	1	15	0
        116990	2025-12-11 18:03:40	1	1	15	0
        117837	2025-12-11 18:03:42	1	1	15	0
        117812	2025-12-11 18:03:43	1	1	15	0
        119272	2025-12-11 18:03:51	1	1	15	0
        117077	2025-12-11 18:05:01	1	1	15	0
        117815	2025-12-11 18:05:03	1	1	15	0
        117849	2025-12-11 18:05:05	1	1	15	0
        118458	2025-12-11 18:05:14	1	1	15	0
        117122	2025-12-11 18:05:18	1	1	15	0
        116142	2025-12-11 18:05:24	1	1	15	0
        117111	2025-12-11 18:05:38	1	1	15	0
        116282	2025-12-11 18:05:43	1	1	15	0
        117817	2025-12-11 18:05:52	1	1	15	0
        116477	2025-12-11 18:05:53	1	1	15	0
        117814	2025-12-11 18:06:09	1	1	15	0
        117807	2025-12-11 18:06:13	1	1	15	0
        110195	2025-12-11 18:07:24	1	1	15	0
        110193	2025-12-11 18:07:30	1	1	15	0
        118971	2025-12-11 18:07:36	1	1	15	0
        117924	2025-12-11 18:07:50	1	1	15	0
        116072	2025-12-11 18:07:53	1	1	15	0
        117632	2025-12-11 18:09:03	1	1	15	0
        118580	2025-12-11 18:09:19	1	1	15	0
        117926	2025-12-11 18:10:21	1	1	15	0
        117645	2025-12-11 18:10:27	1	1	15	0
        117841	2025-12-11 18:10:29	1	1	15	0
        110172	2025-12-11 18:10:30	1	1	15	0
        116148	2025-12-11 18:10:33	1	1	15	0
        119583	2025-12-11 18:10:34	1	1	15	0
        117054	2025-12-11 18:10:38	1	1	15	0
        117983	2025-12-11 18:10:40	1	1	15	0
        117692	2025-12-11 18:11:35	1	1	15	0
        117639	2025-12-11 18:11:55	1	1	15	0
        118862	2025-12-11 18:12:13	1	1	15	0
        110200	2025-12-11 18:14:55	1	1	15	0
        119493	2025-12-11 18:15:32	1	1	15	0
        110083	2025-12-11 18:15:51	1	1	15	0
        117212	2025-12-11 18:20:19	1	1	15	0
        117575	2025-12-11 18:21:38	1	1	15	0
        117920	2025-12-11 18:22:19	1	1	15	0
        117704	2025-12-11 18:22:23	1	1	15	0
        117850	2025-12-11 18:22:25	1	1	15	0
        118835	2025-12-11 18:22:28	1	1	15	0
        110415	2025-12-11 18:22:30	1	1	15	0
        110366	2025-12-11 18:22:32	1	1	15	0
        117710	2025-12-11 18:22:34	1	1	15	0
        117697	2025-12-11 18:22:37	1	1	15	0
        110368	2025-12-11 18:22:50	1	1	15	0
        110482	2025-12-11 18:23:29	1	1	15	0
        116747	2025-12-11 18:23:45	1	1	15	0
        117698	2025-12-11 18:24:07	1	1	15	0
        117725	2025-12-11 18:24:11	1	1	15	0
        118271	2025-12-11 18:24:20	1	1	15	0
        118761	2025-12-11 18:25:09	1	1	15	0
        117713	2025-12-11 18:25:22	1	1	15	0
        110492	2025-12-11 18:26:10	1	1	15	0
        110413	2025-12-11 18:26:16	1	1	15	0
        110100	2025-12-11 18:26:30	1	1	15	0
        117172	2025-12-11 18:26:32	1	1	15	0
        119006	2025-12-11 18:27:13	1	1	15	0
        117156	2025-12-11 18:28:52	1	1	15	0
        117085	2025-12-11 18:28:55	1	1	15	0
        110159	2025-12-11 18:29:36	1	1	15	0
        117991	2025-12-11 18:29:41	1	1	15	0
        117061	2025-12-11 18:36:25	1	1	15	0
        117981	2025-12-11 18:36:27	1	1	15	0
        110367	2025-12-11 18:37:39	1	1	15	0
        116835	2025-12-11 18:41:27	1	1	15	0
        117982	2025-12-11 18:51:26	1	1	15	0
        116996	2025-12-11 18:53:48	1	1	15	0
        110057	2025-12-11 19:00:15	1	1	15	0
        116483	2025-12-11 19:00:22	1	1	15	0
        117711	2025-12-11 19:02:41	1	1	15	0
        110090	2025-12-11 19:03:46	1	1	15	0
        110116	2025-12-11 19:04:01	1	1	15	0
        110063	2025-12-11 19:04:55	1	1	15	0
        110090	2025-12-11 19:05:03	1	1	15	0
        110356	2025-12-11 19:07:07	1	1	15	0
        110128	2025-12-11 19:07:33	1	1	15	0
        117541	2025-12-11 19:11:18	1	1	15	0
        110011	2025-12-11 19:25:30	1	1	15	0
        117683	2025-12-11 19:25:32	1	1	15	0
        117634	2025-12-11 19:25:35	1	1	15	0
        117915	2025-12-11 19:25:36	1	1	15	0
        119227	2025-12-11 19:38:55	1	1	15	0
        110357	2025-12-11 20:05:38	1	1	15	0
        110131	2025-12-11 20:06:01	1	1	15	0
        117121	2025-12-11 20:06:03	1	1	15	0
        110173	2025-12-11 20:06:36	1	1	15	0
        117839	2025-12-11 20:07:38	1	1	15	0
        117811	2025-12-11 20:07:44	1	1	15	0
        118928	2025-12-11 20:07:47	1	1	15	0
        117541	2025-12-11 20:07:54	1	1	15	0
        117059	2025-12-11 20:10:08	1	1	15	0
        118221	2025-12-11 20:11:31	1	1	15	0
        117091	2025-12-11 20:11:43	1	1	15	0
        117542	2025-12-11 20:12:39	1	1	15	0
        116933	2025-12-11 20:12:42	1	1	15	0
        118369	2025-12-11 20:34:04	1	1	15	0
        110075	2025-12-11 20:48:34	1	1	15	0
        116834	2025-12-11 21:33:28	1	1	15	0
        117487	2025-12-11 23:01:15	1	1	15	0
        116748	2025-12-11 23:01:17	1	1	15	0
        117120	2025-12-11 23:01:21	1	1	15	0
        117595	2025-12-11 23:13:46	1	1	15	0
        110144	2025-12-12 03:45:58	1	0	15	0
        117835	2025-12-12 04:36:52	1	0	15	0
        116834	2025-12-12 06:25:06	1	0	15	0
        116479	2025-12-12 06:26:00	1	0	15	0
        110100	2025-12-12 06:26:31	1	0	15	0
        117704	2025-12-12 06:54:22	1	0	15	0
        110053	2025-12-12 07:04:40	1	0	15	0
        118146	2025-12-12 07:07:41	1	0	15	0
        116763	2025-12-12 07:12:16	1	0	15	0
        118835	2025-12-12 07:13:28	1	0	15	0
        116129	2025-12-12 07:18:05	1	0	15	0
        110415	2025-12-12 07:19:03	1	0	15	0
        116914	2025-12-12 07:20:06	1	0	15	0
        116297	2025-12-12 07:25:30	1	0	15	0
        116996	2025-12-12 07:25:35	1	0	15	0
        119272	2025-12-12 07:27:59	1	0	15	0
        117713	2025-12-12 07:29:45	1	0	15	0
        118157	2025-12-12 07:31:06	1	0	15	0
        110356	2025-12-12 07:31:28	1	0	15	0
        110358	2025-12-12 07:31:34	1	0	15	0
        118695	2025-12-12 07:32:59	1	0	15	0
        110424	2025-12-12 07:33:56	1	0	15	0
        117528	2025-12-12 07:38:00	1	0	15	0
        117814	2025-12-12 07:38:43	1	0	15	0
        116467	2025-12-12 07:39:49	1	0	15	0
        117850	2025-12-12 07:40:56	1	0	15	0
        116747	2025-12-12 07:41:47	1	0	15	0
        119340	2025-12-12 07:44:24	1	0	15	0
        110485	2025-12-12 07:44:41	1	0	15	0
        117710	2025-12-12 07:44:51	1	0	15	0
        110493	2025-12-12 07:45:22	1	0	15	0
        117997	2025-12-12 07:47:05	1	0	15	0
        118971	2025-12-12 07:49:28	1	0	15	0
        117697	2025-12-12 07:50:27	1	0	15	0
        110367	2025-12-12 07:53:07	1	0	15	0
        117683	2025-12-12 07:55:07	1	0	15	0
        110483	2025-12-12 07:56:46	1	0	15	0
        110376	2025-12-12 07:57:29	1	0	15	0
        117046	2025-12-12 07:58:15	1	0	15	0
        110377	2025-12-12 07:59:24	1	0	15	0
        117698	2025-12-12 07:59:44	1	0	15	0
        117725	2025-12-12 07:59:48	1	0	15	0
        117337	2025-12-12 07:59:55	1	0	15	0
        110466	2025-12-12 08:03:14	1	0	15	0
        110368	2025-12-12 08:04:13	1	0	15	0
        110482	2025-12-12 08:07:18	1	0	15	0
        117043	2025-12-12 08:11:14	1	0	15	0
        110495	2025-12-12 08:14:10	1	0	15	0
        117222	2025-12-12 08:15:16	1	0	15	0
        116282	2025-12-12 08:16:03	1	0	15	0
        110492	2025-12-12 08:16:16	1	0	15	0
        118207	2025-12-12 08:18:22	1	0	15	0
        117591	2025-12-12 08:18:43	1	0	15	0
        117920	2025-12-12 08:19:03	1	0	15	0
        118970	2025-12-12 08:22:49	1	0	15	0
        116422	2025-12-12 08:24:28	1	0	15	0
        110366	2025-12-12 08:26:28	1	0	15	0
        117634	2025-12-12 08:35:01	1	0	15	0
        117219	2025-12-12 08:36:12	1	0	15	0
        117817	2025-12-12 08:39:57	1	0	15	0
        110173	2025-12-12 08:46:30	1	0	15	0
        117054	2025-12-12 09:07:06	1	0	15	0
        116763	2025-12-12 12:00:27	1	2	15	0
        117046	2025-12-12 12:00:30	1	2	15	0
        116914	2025-12-12 12:00:35	1	2	15	0
        110424	2025-12-12 12:00:38	1	2	15	0
        110358	2025-12-12 12:00:59	1	2	15	0
        119340	2025-12-12 12:01:02	1	2	15	0
        116467	2025-12-12 12:02:31	1	2	15	0
        116763	2025-12-12 12:03:11	1	2	15	0
        117046	2025-12-12 12:03:21	1	2	15	0
        116914	2025-12-12 12:03:23	1	2	15	0
        110424	2025-12-12 12:03:25	1	2	15	0
        117814	2025-12-12 12:03:28	1	2	15	0
        110358	2025-12-12 12:03:31	1	2	15	0
        119340	2025-12-12 12:03:35	1	2	15	0
        110482	2025-12-12 12:03:45	1	2	15	0
        117528	2025-12-12 12:04:19	1	2	15	0
        117704	2025-12-12 12:05:05	1	2	15	0
        117043	2025-12-12 12:06:02	1	2	15	0
        116467	2025-12-12 12:06:04	1	2	15	0
        118157	2025-12-12 12:06:59	1	2	15	0
        117219	2025-12-12 12:07:01	1	2	15	0
        116282	2025-12-12 12:07:03	1	2	15	0
        117683	2025-12-12 12:07:04	1	2	15	0
        117634	2025-12-12 12:07:08	1	2	15	0
        118207	2025-12-12 12:07:10	1	2	15	0
        116422	2025-12-12 12:07:10	1	2	15	0
        116129	2025-12-12 12:07:12	1	2	15	0
        118970	2025-12-12 12:07:14	1	2	15	0
        110415	2025-12-12 12:07:16	1	2	15	0
        117704	2025-12-12 12:08:43	1	2	15	0
        117219	2025-12-12 12:09:10	1	2	15	0
        116422	2025-12-12 12:09:12	1	2	15	0
        117683	2025-12-12 12:09:14	1	2	15	0
        118157	2025-12-12 12:09:15	1	2	15	0
        116282	2025-12-12 12:09:17	1	2	15	0
        117634	2025-12-12 12:09:19	1	2	15	0
        117043	2025-12-12 12:09:24	1	2	15	0
        117528	2025-12-12 12:09:30	1	2	15	0
        117814	2025-12-12 12:09:43	1	2	15	0
        117698	2025-12-12 12:10:06	1	2	15	0
        117725	2025-12-12 12:10:10	1	2	15	0
        117710	2025-12-12 12:10:12	1	2	15	0
        110368	2025-12-12 12:10:38	1	2	15	0
        117713	2025-12-12 12:10:39	1	2	15	0
        110366	2025-12-12 12:10:41	1	2	15	0
        117697	2025-12-12 12:10:43	1	2	15	0
        118835	2025-12-12 12:10:46	1	2	15	0
        117817	2025-12-12 12:11:51	1	2	15	0
        110466	2025-12-12 12:12:54	1	2	15	0
        116129	2025-12-12 12:12:56	1	2	15	0
        118970	2025-12-12 12:13:01	1	2	15	0
        118207	2025-12-12 12:13:04	1	2	15	0
        117850	2025-12-12 12:13:14	1	2	15	0
        110367	2025-12-12 12:13:18	1	2	15	0
        110482	2025-12-12 12:13:24	1	2	15	0
        110415	2025-12-12 12:13:28	1	2	15	0
        117698	2025-12-12 12:13:34	1	2	15	0
        117725	2025-12-12 12:13:37	1	2	15	0
        117710	2025-12-12 12:13:40	1	2	15	0
        117920	2025-12-12 12:14:27	1	2	15	0
        117817	2025-12-12 12:16:35	1	2	15	0
        118835	2025-12-12 12:16:40	1	2	15	0
        117713	2025-12-12 12:17:06	1	2	15	0
        110366	2025-12-12 12:17:10	1	2	15	0
        117697	2025-12-12 12:17:12	1	2	15	0
        110368	2025-12-12 12:17:16	1	2	15	0
        110483	2025-12-12 12:17:23	1	2	15	0
        118180	2025-12-12 12:17:28	1	2	15	0
        116297	2025-12-12 12:19:34	1	2	15	0
        110485	2025-12-12 12:19:39	1	2	15	0
        117850	2025-12-12 12:21:18	1	2	15	0
        117222	2025-12-12 12:21:20	1	2	15	0
        117920	2025-12-12 12:21:26	1	2	15	0
        110367	2025-12-12 12:21:29	1	2	15	0
        118695	2025-12-12 12:21:55	1	2	15	0
        116297	2025-12-12 12:23:29	1	2	15	0
        116996	2025-12-12 12:23:56	1	2	15	0
        116996	2025-12-12 12:26:25	1	2	15	0
        110466	2025-12-12 12:27:04	1	2	15	0
        117337	2025-12-12 12:27:11	1	2	15	0
        110376	2025-12-12 12:28:18	1	2	15	0
        110377	2025-12-12 12:28:23	1	2	15	0
        117222	2025-12-12 12:30:07	1	3	15	0
        119272	2025-12-12 12:31:19	1	3	15	0
        118971	2025-12-12 12:34:10	1	3	15	0
        110356	2025-12-12 12:36:07	1	3	15	0
        116747	2025-12-12 12:36:15	1	3	15	0
        118146	2025-12-12 12:36:19	1	3	15	0
        110377	2025-12-12 12:36:28	1	3	15	0
        110376	2025-12-12 12:36:33	1	3	15	0
        119272	2025-12-12 12:36:38	1	3	15	0
        110483	2025-12-12 12:36:51	1	3	15	0
        110356	2025-12-12 12:40:20	1	3	15	0
        118146	2025-12-12 12:42:27	1	3	15	0
        116747	2025-12-12 12:42:30	1	3	15	0
        110485	2025-12-12 12:42:52	1	3	15	0
        117337	2025-12-12 12:43:48	1	3	15	0
        110495	2025-12-12 12:47:14	1	3	15	0
        110493	2025-12-12 12:47:18	1	3	15	0
        118695	2025-12-12 12:47:30	1	3	15	0
        118971	2025-12-12 12:48:44	1	3	15	0
        110495	2025-12-12 12:52:17	1	3	15	0
        110493	2025-12-12 12:52:20	1	3	15	0
        110173	2025-12-12 12:54:52	1	3	15	0
        110173	2025-12-12 12:58:58	1	3	15	0
        116129	2025-12-12 16:04:21	1	1	15	0
        116297	2025-12-12 16:29:25	1	1	15	0
        119340	2025-12-12 16:46:45	1	1	15	0
        110358	2025-12-12 17:00:03	1	1	15	0
        110485	2025-12-12 17:01:52	1	1	15	0
        118180	2025-12-12 17:03:20	1	1	15	0
        110376	2025-12-12 17:05:08	1	1	15	0
        110377	2025-12-12 17:05:13	1	1	15	0
        117814	2025-12-12 17:10:51	1	1	15	0
        116996	2025-12-12 17:10:53	1	1	15	0
        110415	2025-12-12 17:16:57	1	1	15	0
        117043	2025-12-12 17:18:03	1	1	15	0
        116914	2025-12-12 17:18:07	1	1	15	0
        116467	2025-12-12 17:18:09	1	1	15	0
        118146	2025-12-12 17:19:26	1	1	15	0
        110493	2025-12-12 17:20:34	1	1	15	0
        110424	2025-12-12 17:21:22	1	1	15	0
        110495	2025-12-12 17:21:27	1	1	15	0
        117222	2025-12-12 17:23:41	1	1	15	0
        117528	2025-12-12 17:24:21	1	1	15	0
        116763	2025-12-12 17:24:23	1	1	15	0
        110466	2025-12-12 17:24:25	1	1	15	0
        118207	2025-12-12 17:28:04	1	1	15	0
        118970	2025-12-12 17:35:01	1	1	15	0
        110492	2025-12-12 17:40:06	1	1	15	0
        116996	2025-12-12 17:40:58	1	1	15	0
        116282	2025-12-12 17:41:39	1	1	15	0
        118695	2025-12-12 17:42:18	1	1	15	0
        119272	2025-12-12 17:49:47	1	1	15	0
        117046	2025-12-12 17:58:53	1	1	15	0
        116747	2025-12-12 17:59:11	1	1	15	0
        110482	2025-12-12 18:02:00	1	1	15	0
        118835	2025-12-12 18:03:03	1	1	15	0
        117337	2025-12-12 18:52:26	1	1	15	0
        117710	2025-12-12 19:04:12	1	1	15	0
        117704	2025-12-12 19:04:14	1	1	15	0
        110366	2025-12-12 19:04:18	1	1	15	0
        117920	2025-12-12 19:04:21	1	1	15	0
        117713	2025-12-12 19:04:23	1	1	15	0
        110367	2025-12-12 19:04:26	1	1	15	0
        110368	2025-12-12 19:04:29	1	1	15	0
        110483	2025-12-12 19:04:33	1	1	15	0
        117697	2025-12-12 19:04:38	1	1	15	0
        117698	2025-12-12 19:04:44	1	1	15	0
        117725	2025-12-12 19:04:46	1	1	15	0
        117850	2025-12-12 19:06:50	1	1	15	0
        116422	2025-12-12 19:23:25	1	1	15	0
        117219	2025-12-12 19:23:27	1	1	15	0
        118157	2025-12-12 19:23:52	1	1	15	0
        117683	2025-12-12 19:23:55	1	1	15	0
        117634	2025-12-12 19:23:58	1	1	15	0
        117817	2025-12-12 19:34:01	1	1	15	0
        110173	2025-12-12 20:03:38	1	1	15	0
        118971	2025-12-12 20:03:42	1	1	15	0
        110356	2025-12-12 20:03:43	1	1	15	0
        116834	2025-12-13 04:50:09	1	0	15	0
        117835	2025-12-13 04:50:12	1	0	15	0
        118157	2025-12-13 06:47:04	1	0	15	0
        117683	2025-12-13 07:00:42	1	0	15	0
        117634	2025-12-13 07:03:29	1	0	15	0
        117915	2025-12-13 07:03:34	1	0	15	0
        117697	2025-12-13 07:20:04	1	0	15	0
        110357	2025-12-13 07:25:09	1	0	15	0
        117713	2025-12-13 07:27:38	1	0	15	0
        117704	2025-12-13 07:43:17	1	0	15	0
        117698	2025-12-13 07:48:55	1	0	15	0
        117725	2025-12-13 07:49:00	1	0	15	0
        117710	2025-12-13 07:54:14	1	0	15	0
        117850	2025-12-13 07:56:41	1	0	15	0
        117920	2025-12-13 07:57:05	1	0	15	0
        110367	2025-12-13 08:14:01	1	0	15	0
        110356	2025-12-13 09:23:35	1	0	15	0
        116072	2025-12-13 09:33:00	1	0	15	0
        119535	2025-12-13 10:59:25	1	0	15	0
        116751	2025-12-13 11:02:09	1	2	15	0
        116512	2025-12-13 11:02:30	1	2	15	0
        117850	2025-12-13 12:09:46	1	2	15	0
        117710	2025-12-13 12:09:50	1	2	15	0
        117704	2025-12-13 12:09:52	1	2	15	0
        110367	2025-12-13 12:10:05	1	2	15	0
        117697	2025-12-13 12:10:08	1	2	15	0
        117713	2025-12-13 12:10:11	1	2	15	0
        117698	2025-12-13 12:10:26	1	2	15	0
        117920	2025-12-13 12:10:29	1	2	15	0
        117725	2025-12-13 12:10:34	1	2	15	0
        118157	2025-12-13 12:11:53	1	2	15	0
        118928	2025-12-13 12:11:55	1	2	15	0
        117683	2025-12-13 12:11:57	1	2	15	0
        117634	2025-12-13 12:12:17	1	2	15	0
        117915	2025-12-13 12:12:18	1	2	15	0
        110356	2025-12-13 12:12:23	1	2	15	0
        116104	2025-12-13 12:13:19	1	2	15	0
        118157	2025-12-13 12:14:31	1	2	15	0
        117850	2025-12-13 12:14:33	1	2	15	0
        117713	2025-12-13 12:14:37	1	2	15	0
        117920	2025-12-13 12:14:39	1	2	15	0
        117698	2025-12-13 12:14:41	1	2	15	0
        117725	2025-12-13 12:14:44	1	2	15	0
        117710	2025-12-13 12:14:46	1	2	15	0
        110367	2025-12-13 12:14:50	1	2	15	0
        117697	2025-12-13 12:14:52	1	2	15	0
        116104	2025-12-13 12:14:58	1	2	15	0
        118928	2025-12-13 12:15:00	1	2	15	0
        117704	2025-12-13 12:15:03	1	2	15	0
        117683	2025-12-13 12:15:06	1	2	15	0
        117915	2025-12-13 12:15:08	1	2	15	0
        117634	2025-12-13 12:15:09	1	2	15	0
        110356	2025-12-13 12:15:12	1	2	15	0
        119535	2025-12-13 12:18:45	1	2	15	0
        119535	2025-12-13 12:25:05	1	2	15	0
        110357	2025-12-13 12:32:39	1	3	15	0
        110357	2025-12-13 12:38:55	1	3	15	0
        116512	2025-12-13 12:41:33	1	3	15	0
        116751	2025-12-13 12:42:22	1	3	15	0
        116512	2025-12-13 12:46:47	1	3	15	0
        116751	2025-12-13 12:50:35	1	3	15	0
        117981	2025-12-13 13:06:27	1	3	15	0
        110128	2025-12-13 13:39:27	1	3	15	0
        116346	2025-12-13 13:39:47	1	3	15	0
        116512	2025-12-13 15:48:30	1	3	15	0
        116751	2025-12-13 15:48:43	1	3	15	0
        118157	2025-12-13 16:06:01	1	1	15	0
        117683	2025-12-13 16:06:05	1	1	15	0
        116346	2025-12-13 17:02:33	1	1	15	0
        116104	2025-12-13 17:05:37	1	1	15	0
        117634	2025-12-13 17:05:40	1	1	15	0
        117915	2025-12-13 17:05:42	1	1	15	0
        119535	2025-12-13 17:14:32	1	1	15	0
        110128	2025-12-13 17:25:40	1	1	15	0
        110357	2025-12-13 17:43:33	1	1	15	0
        110367	2025-12-13 18:40:16	1	1	15	0
        117704	2025-12-13 18:45:57	1	1	15	0
        117698	2025-12-13 18:46:00	1	1	15	0
        117697	2025-12-13 18:46:02	1	1	15	0
        117725	2025-12-13 18:46:04	1	1	15	0
        117710	2025-12-13 18:46:06	1	1	15	0
        117920	2025-12-13 18:46:11	1	1	15	0
        117850	2025-12-13 18:46:13	1	1	15	0
        117713	2025-12-13 18:46:22	1	1	15	0
        116072	2025-12-13 19:18:43	1	1	15	0
        110356	2025-12-14 08:04:24	1	0	15	0
        116346	2025-12-14 09:01:00	1	0	15	0
        116072	2025-12-14 11:47:26	1	2	15	0
        110356	2025-12-14 12:06:39	1	2	15	0
        110356	2025-12-14 12:09:46	1	2	15	0
        116751	2025-12-14 12:25:56	1	2	15	0
        116512	2025-12-14 12:25:58	1	2	15	0
        116346	2025-12-14 12:55:20	1	3	15	0
        116346	2025-12-14 12:56:38	1	3	15	0
        116346	2025-12-14 13:33:26	1	3	15	0
        117541	2025-12-14 13:47:26	1	3	15	0
        116512	2025-12-14 14:51:46	1	3	15	0
        116751	2025-12-14 14:51:51	1	3	15	0
        116072	2025-12-14 15:32:05	1	3	15	0
        117541	2025-12-14 16:49:08	1	1	15	0
        116831	2025-12-15 05:24:25	1	0	15	0
        116479	2025-12-15 05:44:05	1	0	15	0
        118568	2025-12-15 06:13:27	1	0	15	0
        110093	2025-12-15 06:19:31	1	0	15	0
        119070	2025-12-15 06:25:38	1	0	15	0
        117835	2025-12-15 06:32:03	1	0	15	0
        118146	2025-12-15 06:32:51	1	0	15	0
        118992	2025-12-15 06:35:35	1	0	15	0
        116835	2025-12-15 06:38:30	1	0	15	0
        117704	2025-12-15 06:38:34	1	0	15	0
        117224	2025-12-15 06:54:00	1	0	15	0
        117841	2025-12-15 06:55:51	1	0	15	0
        110051	2025-12-15 06:57:28	1	0	15	0
        117969	2025-12-15 07:01:12	1	0	15	0
        117833	2025-12-15 07:01:46	1	0	15	0
        117059	2025-12-15 07:04:28	1	0	15	0
        116799	2025-12-15 07:04:37	1	0	15	0
        118835	2025-12-15 07:04:47	1	0	15	0
        110074	2025-12-15 07:05:18	1	0	15	0
        110070	2025-12-15 07:05:38	1	0	15	0
        110193	2025-12-15 07:07:13	1	0	15	0
        110198	2025-12-15 07:07:21	1	0	15	0
        117967	2025-12-15 07:08:24	1	0	15	0
        116834	2025-12-15 07:09:10	1	0	15	0
        110113	2025-12-15 07:09:31	1	0	15	0
        110466	2025-12-15 07:09:50	1	0	15	0
        110085	2025-12-15 07:09:56	1	0	15	0
        110144	2025-12-15 07:10:51	1	0	15	0
        110128	2025-12-15 07:11:06	1	0	15	0
        110088	2025-12-15 07:11:37	1	0	15	0
        110372	2025-12-15 07:13:04	1	0	15	0
        110495	2025-12-15 07:14:00	1	0	15	0
        118455	2025-12-15 07:14:13	1	0	15	0
        118043	2025-12-15 07:16:10	1	0	15	0
        118640	2025-12-15 07:16:44	1	0	15	0
        110354	2025-12-15 07:17:02	1	0	15	0
        117129	2025-12-15 07:17:27	1	0	15	0
        110063	2025-12-15 07:19:30	1	0	15	0
        117972	2025-12-15 07:19:45	1	0	15	0
        110358	2025-12-15 07:19:55	1	0	15	0
        110357	2025-12-15 07:20:19	1	0	15	0
        118046	2025-12-15 07:20:24	1	0	15	0
        117770	2025-12-15 07:21:17	1	0	15	0
        117769	2025-12-15 07:21:29	1	0	15	0
        118580	2025-12-15 07:22:49	1	0	15	0
        110100	2025-12-15 07:23:51	1	0	15	0
        116426	2025-12-15 07:25:09	1	0	15	0
        118157	2025-12-15 07:25:15	1	0	15	0
        117915	2025-12-15 07:25:53	1	0	15	0
        119475	2025-12-15 07:26:40	1	0	15	0
        116142	2025-12-15 07:27:18	1	0	15	0
        110415	2025-12-15 07:27:26	1	0	15	0
        118829	2025-12-15 07:27:50	1	0	15	0
        119143	2025-12-15 07:28:52	1	0	15	0
        117745	2025-12-15 07:29:21	1	0	15	0
        117743	2025-12-15 07:29:23	1	0	15	0
        110131	2025-12-15 07:29:51	1	0	15	0
        117897	2025-12-15 07:29:54	1	0	15	0
        117991	2025-12-15 07:30:09	1	0	15	0
        117733	2025-12-15 07:31:42	1	0	15	0
        117838	2025-12-15 07:32:05	1	0	15	0
        116960	2025-12-15 07:32:13	1	0	15	0
        110116	2025-12-15 07:32:45	1	0	15	0
        118970	2025-12-15 07:32:59	1	0	15	0
        117147	2025-12-15 07:33:13	1	0	15	0
        116551	2025-12-15 07:34:06	1	0	15	0
        110473	2025-12-15 07:34:27	1	0	15	0
        117088	2025-12-15 07:34:35	1	0	15	0
        110025	2025-12-15 07:34:50	1	0	15	0
        110492	2025-12-15 07:35:00	1	0	15	0
        118695	2025-12-15 07:35:19	1	0	15	0
        110367	2025-12-15 07:35:37	1	0	15	0
        110393	2025-12-15 07:35:50	1	0	15	0
        117497	2025-12-15 07:35:58	1	0	15	0
        116805	2025-12-15 07:36:20	1	0	15	0
        119453	2025-12-15 07:36:47	1	0	15	0
        110355	2025-12-15 07:37:36	1	0	15	0
        110356	2025-12-15 07:37:40	1	0	15	0
        117121	2025-12-15 07:37:50	1	0	15	0
        118369	2025-12-15 07:38:02	1	0	15	0
        110057	2025-12-15 07:38:10	1	0	15	0
        116483	2025-12-15 07:38:34	1	0	15	0
        116296	2025-12-15 07:38:36	1	0	15	0
        116356	2025-12-15 07:38:38	1	0	15	0
        117541	2025-12-15 07:39:08	1	0	15	0
        116383	2025-12-15 07:39:28	1	0	15	0
        117616	2025-12-15 07:39:45	1	0	15	0
        117212	2025-12-15 07:40:13	1	0	15	0
        116995	2025-12-15 07:40:41	1	0	15	0
        117840	2025-12-15 07:41:15	1	0	15	0
        117713	2025-12-15 07:41:19	1	0	15	0
        117921	2025-12-15 07:41:46	1	0	15	0
        110493	2025-12-15 07:42:06	1	0	15	0
        116504	2025-12-15 07:43:04	1	0	15	0
        117811	2025-12-15 07:43:11	1	0	15	0
        117080	2025-12-15 07:43:19	1	0	15	0
        110050	2025-12-15 07:43:21	1	0	15	0
        117061	2025-12-15 07:43:25	1	0	15	0
        116428	2025-12-15 07:43:30	1	0	15	0
        117839	2025-12-15 07:43:33	1	0	15	0
        118744	2025-12-15 07:43:45	1	0	15	0
        119493	2025-12-15 07:43:47	1	0	15	0
        117483	2025-12-15 07:43:52	1	0	15	0
        110377	2025-12-15 07:43:59	1	0	15	0
        118917	2025-12-15 07:44:15	1	0	15	0
        118953	2025-12-15 07:44:41	1	0	15	0
        110457	2025-12-15 07:45:28	1	0	15	0
        117337	2025-12-15 07:45:34	1	0	15	0
        117543	2025-12-15 07:45:38	1	0	15	0
        116104	2025-12-15 07:45:43	1	0	15	0
        117710	2025-12-15 07:45:53	1	0	15	0
        110053	2025-12-15 07:45:59	1	0	15	0
        116763	2025-12-15 07:46:03	1	0	15	0
        117114	2025-12-15 07:46:10	1	0	15	0
        117189	2025-12-15 07:46:18	1	0	15	0
        116260	2025-12-15 07:46:25	1	0	15	0
        117983	2025-12-15 07:46:36	1	0	15	0
        117144	2025-12-15 07:47:05	1	0	15	0
        117924	2025-12-15 07:47:07	1	0	15	0
        110090	2025-12-15 07:47:09	1	0	15	0
        117341	2025-12-15 07:47:17	1	0	15	0
        117716	2025-12-15 07:48:09	1	0	15	0
        116072	2025-12-15 07:48:20	1	0	15	0
        119364	2025-12-15 07:48:44	1	0	15	0
        117699	2025-12-15 07:48:51	1	0	15	0
        116751	2025-12-15 07:48:57	1	0	15	0
        116512	2025-12-15 07:48:59	1	0	15	0
        117998	2025-12-15 07:49:02	1	0	15	0
        117981	2025-12-15 07:49:09	1	0	15	0
        117085	2025-12-15 07:49:15	1	0	15	0
        110083	2025-12-15 07:49:21	1	0	15	0
        117219	2025-12-15 07:49:23	1	0	15	0
        116279	2025-12-15 07:49:31	1	0	15	0
        116069	2025-12-15 07:49:41	1	0	15	0
        110376	2025-12-15 07:49:45	1	0	15	0
        117707	2025-12-15 07:49:54	1	0	15	0
        116828	2025-12-15 07:50:15	1	0	1	0
        116252	2025-12-15 07:50:33	1	0	15	0
        110197	2025-12-15 07:50:39	1	0	15	0
        116933	2025-12-15 07:50:48	1	0	15	0
        118458	2025-12-15 07:50:54	1	0	15	0
        118928	2025-12-15 07:51:01	1	0	15	0
        116747	2025-12-15 07:51:07	1	0	15	0
        110094	2025-12-15 07:51:38	1	0	15	0
        117639	2025-12-15 07:51:42	1	0	15	0
        110329	2025-12-15 07:52:35	1	0	15	0
        117997	2025-12-15 07:53:06	1	0	15	0
        119535	2025-12-15 07:53:12	1	0	15	0
        118271	2025-12-15 07:53:23	1	0	15	0
        117259	2025-12-15 07:53:31	1	0	15	0
        117103	2025-12-15 07:53:54	1	0	15	0
        117487	2025-12-15 07:54:09	1	0	15	0
        118862	2025-12-15 07:54:13	1	0	15	0
        110024	2025-12-15 07:54:18	1	0	15	0
        117591	2025-12-15 07:54:22	1	0	15	0
        118971	2025-12-15 07:54:36	1	0	15	0
        117812	2025-12-15 07:54:42	1	0	15	0
        117807	2025-12-15 07:54:48	1	0	15	0
        116537	2025-12-15 07:55:01	1	0	15	0
        110062	2025-12-15 07:55:04	1	0	15	0
        117837	2025-12-15 07:55:06	1	0	15	0
        117567	2025-12-15 07:55:19	1	0	15	0
        118221	2025-12-15 07:55:49	1	0	15	0
        117920	2025-12-15 07:56:05	1	0	15	0
        117850	2025-12-15 07:56:07	1	0	15	0
        119104	2025-12-15 07:56:17	1	0	15	0
        110011	2025-12-15 07:56:57	1	0	15	0
        117634	2025-12-15 07:56:59	1	0	15	0
        117683	2025-12-15 07:57:00	1	0	15	0
        117790	2025-12-15 07:57:27	1	0	15	0
        117642	2025-12-15 07:57:35	1	0	15	0
        119340	2025-12-15 07:58:18	1	0	15	0
        116778	2025-12-15 07:58:20	1	0	15	0
        117742	2025-12-15 07:58:53	1	0	15	0
        110475	2025-12-15 07:59:26	1	0	15	0
        116297	2025-12-15 07:59:30	1	0	15	0
        110483	2025-12-15 07:59:51	1	0	15	0
        110172	2025-12-15 08:01:25	1	0	15	0
        117528	2025-12-15 08:01:28	1	0	15	0
        117724	2025-12-15 08:01:31	1	0	15	0
        117133	2025-12-15 08:04:47	1	0	15	0
        117698	2025-12-15 08:04:51	1	0	15	0
        117725	2025-12-15 08:04:55	1	0	15	0
        117982	2025-12-15 08:05:01	1	0	15	0
        117122	2025-12-15 08:05:02	1	0	15	0
        117542	2025-12-15 08:05:05	1	0	15	0
        116282	2025-12-15 08:05:07	1	0	15	0
        110158	2025-12-15 08:05:37	1	0	15	0
        117156	2025-12-15 08:05:47	1	0	15	0
        117680	2025-12-15 08:05:57	1	0	15	0
        116472	2025-12-15 08:06:27	1	0	15	0
        117817	2025-12-15 08:06:37	1	0	15	0
        110090	2025-12-15 08:07:01	1	0	15	0
        119227	2025-12-15 08:07:59	1	0	15	0
        116497	2025-12-15 08:08:09	1	0	15	0
        110368	2025-12-15 08:08:40	1	0	15	0
        110366	2025-12-15 08:09:05	1	0	15	0
        116914	2025-12-15 08:09:23	1	0	15	0
        116496	2025-12-15 08:09:28	1	0	15	0
        119365	2025-12-15 08:09:41	1	0	15	0
        116148	2025-12-15 08:09:45	1	0	15	0
        119583	2025-12-15 08:09:47	1	0	15	0
        117085	2025-12-15 08:11:16	1	0	15	0
        117632	2025-12-15 08:11:33	1	0	15	0
        110173	2025-12-15 08:12:02	1	0	15	0
        110482	2025-12-15 08:12:12	1	0	15	0
        118207	2025-12-15 08:13:01	1	0	15	0
        116748	2025-12-15 08:13:08	1	0	15	0
        117630	2025-12-15 08:13:38	1	0	15	0
        117529	2025-12-15 08:14:00	1	0	15	0
        110032	2025-12-15 08:14:14	1	0	15	0
        117926	2025-12-15 08:14:46	1	0	15	0
        116493	2025-12-15 08:15:01	1	0	15	0
        117786	2025-12-15 08:15:38	1	0	15	0
        116422	2025-12-15 08:15:56	1	0	15	0
        117222	2025-12-15 08:16:16	1	0	15	0
        110060	2025-12-15 08:16:34	1	0	15	0
        118784	2025-12-15 08:16:47	1	0	15	0
        116787	2025-12-15 08:17:11	1	0	15	0
        117849	2025-12-15 08:18:03	1	0	15	0
        118584	2025-12-15 08:18:43	1	0	15	0
        119107	2025-12-15 08:20:55	1	0	15	0
        117692	2025-12-15 08:23:39	1	0	15	0
        117091	2025-12-15 08:23:41	1	0	15	0
        118563	2025-12-15 08:23:43	1	0	15	0
        110159	2025-12-15 08:23:47	1	0	15	0
        117815	2025-12-15 08:23:58	1	0	15	0
        116073	2025-12-15 08:24:52	1	0	15	0
        117595	2025-12-15 08:24:53	1	0	15	0
        119494	2025-12-15 08:26:08	1	0	15	0
        117697	2025-12-15 08:27:07	1	0	15	0
        118761	2025-12-15 08:27:50	1	0	15	0
        110076	2025-12-15 08:28:15	1	0	15	0
        117814	2025-12-15 08:28:21	1	0	15	0
        110105	2025-12-15 08:28:26	1	0	15	0
        117999	2025-12-15 08:30:02	1	0	15	0
        110195	2025-12-15 08:32:52	1	0	15	0
        116996	2025-12-15 08:34:02	1	0	15	0
        110077	2025-12-15 08:35:41	1	0	15	0
        118782	2025-12-15 08:35:53	1	0	15	0
        118753	2025-12-15 08:37:18	1	0	15	0
        118813	2025-12-15 08:38:32	1	0	15	0
        117054	2025-12-15 08:38:45	1	0	15	0
        116346	2025-12-15 08:39:57	1	0	15	0
        119571	2025-12-15 08:41:08	1	0	15	0
        116849	2025-12-15 08:41:40	1	0	15	0
        117711	2025-12-15 08:44:33	1	0	15	0
        116337	2025-12-15 08:51:36	1	0	15	0
        110183	2025-12-15 08:59:44	1	0	15	0
        117993	2025-12-15 09:08:35	1	0	15	0
        117644	2025-12-15 09:12:17	1	0	15	0
        117043	2025-12-15 09:13:55	1	0	15	0
        119386	2025-12-15 09:14:44	1	0	15	0
        117111	2025-12-15 09:24:40	1	0	15	0
        117659	2025-12-15 09:28:07	1	0	15	0
        117077	2025-12-15 09:28:15	1	0	15	0
        110084	2025-12-15 09:38:57	1	0	15	0
        117645	2025-12-15 09:48:01	1	0	15	0
        110193	2025-12-15 11:52:48	1	2	15	0
        119494	2025-12-15 11:53:05	1	2	15	0
        117133	2025-12-15 12:00:05	1	2	15	0
        110473	2025-12-15 12:00:08	1	2	15	0
        117833	2025-12-15 12:00:10	1	2	15	0
        117077	2025-12-15 12:00:12	1	2	15	0
        116142	2025-12-15 12:00:15	1	2	15	0
        110358	2025-12-15 12:00:33	1	2	15	0
        119340	2025-12-15 12:00:37	1	2	15	0
        117224	2025-12-15 12:00:39	1	2	15	0
        116834	2025-12-15 12:00:41	1	2	15	0
        117147	2025-12-15 12:00:43	1	2	15	0
        117543	2025-12-15 12:00:45	1	2	15	0
        110116	2025-12-15 12:00:46	1	2	15	0
        117059	2025-12-15 12:00:49	1	2	15	0
        117835	2025-12-15 12:00:51	1	2	15	0
        110113	2025-12-15 12:00:54	1	2	15	0
        117983	2025-12-15 12:00:56	1	2	15	0
        116914	2025-12-15 12:00:58	1	2	15	0
        116748	2025-12-15 12:01:00	1	2	15	0
        116763	2025-12-15 12:01:01	1	2	15	0
        110057	2025-12-15 12:01:03	1	2	15	0
        117080	2025-12-15 12:01:06	1	2	15	0
        110495	2025-12-15 12:01:07	1	2	15	0
        110493	2025-12-15 12:01:09	1	2	15	0
        117259	2025-12-15 12:01:12	1	2	15	0
        118455	2025-12-15 12:01:14	1	2	15	0
        117541	2025-12-15 12:01:17	1	2	15	0
        116483	2025-12-15 12:01:19	1	2	15	0
        110354	2025-12-15 12:01:23	1	2	15	0
        117528	2025-12-15 12:01:25	1	2	15	0
        118992	2025-12-15 12:01:28	1	2	15	0
        110200	2025-12-15 12:01:29	1	2	15	0
        116279	2025-12-15 12:01:31	1	2	15	0
        118971	2025-12-15 12:01:32	1	2	15	0
        110195	2025-12-15 12:01:35	1	2	15	0
        119449	2025-12-15 12:01:37	1	2	15	0
        117043	2025-12-15 12:01:42	1	2	15	0
        116252	2025-12-15 12:01:45	1	2	15	0
        119583	2025-12-15 12:01:45	1	2	15	0
        119453	2025-12-15 12:01:50	1	2	15	0
        116337	2025-12-15 12:01:52	1	2	15	0
        110032	2025-12-15 12:01:55	1	2	15	0
        117567	2025-12-15 12:01:58	1	2	15	0
        117497	2025-12-15 12:02:00	1	2	15	0
        116537	2025-12-15 12:02:02	1	2	15	0
        117341	2025-12-15 12:02:04	1	2	15	0
        110172	2025-12-15 12:02:06	1	2	15	0
        110063	2025-12-15 12:02:09	1	2	15	0
        110159	2025-12-15 12:02:18	1	2	15	0
        117967	2025-12-15 12:02:37	1	2	15	0
        119535	2025-12-15 12:02:45	1	2	15	0
        118043	2025-12-15 12:02:51	1	2	15	0
        110158	2025-12-15 12:03:22	1	2	15	0
        119340	2025-12-15 12:03:29	1	2	15	0
        110358	2025-12-15 12:03:32	1	2	15	0
        117969	2025-12-15 12:03:34	1	2	15	0
        110090	2025-12-15 12:03:36	1	2	15	0
        117833	2025-12-15 12:03:39	1	2	15	0
        119494	2025-12-15 12:03:41	1	2	15	0
        116148	2025-12-15 12:03:43	1	2	15	0
        119602	2025-12-15 12:03:45	1	2	15	0
        117088	2025-12-15 12:03:48	1	2	15	0
        117991	2025-12-15 12:03:51	1	2	15	0
        117632	2025-12-15 12:03:53	1	2	15	0
        110466	2025-12-15 12:03:55	1	2	15	0
        116828	2025-12-15 12:04:02	1	2	1	0
        116748	2025-12-15 12:04:08	1	2	15	0
        116914	2025-12-15 12:04:09	1	2	15	0
        117595	2025-12-15 12:04:16	1	2	15	0
        110113	2025-12-15 12:04:28	1	2	15	0
        116279	2025-12-15 12:04:31	1	2	15	0
        116763	2025-12-15 12:04:33	1	2	15	0
        117080	2025-12-15 12:04:35	1	2	15	0
        117224	2025-12-15 12:04:36	1	2	15	0
        110051	2025-12-15 12:04:41	1	2	15	0
        117133	2025-12-15 12:04:45	1	2	15	0
        117043	2025-12-15 12:04:49	1	2	15	0
        117680	2025-12-15 12:04:52	1	2	15	0
        117926	2025-12-15 12:04:53	1	2	15	0
        117790	2025-12-15 12:04:55	1	2	15	0
        116747	2025-12-15 12:04:57	1	2	15	0
        118761	2025-12-15 12:04:59	1	2	15	0
        110376	2025-12-15 12:05:01	1	2	15	0
        110377	2025-12-15 12:05:03	1	2	15	0
        116337	2025-12-15 12:05:06	1	2	15	0
        110032	2025-12-15 12:05:08	1	2	15	0
        116537	2025-12-15 12:05:10	1	2	15	0
        118695	2025-12-15 12:05:13	1	2	15	0
        117111	2025-12-15 12:05:15	1	2	15	0
        117337	2025-12-15 12:05:17	1	2	15	0
        116148	2025-12-15 12:05:18	1	2	15	0
        117642	2025-12-15 12:05:20	1	2	15	0
        116072	2025-12-15 12:05:25	1	2	15	0
        117924	2025-12-15 12:05:26	1	2	15	0
        118953	2025-12-15 12:05:28	1	2	15	0
        110457	2025-12-15 12:05:29	1	2	15	0
        116497	2025-12-15 12:05:32	1	2	15	0
        117999	2025-12-15 12:05:34	1	2	15	0
        116260	2025-12-15 12:05:36	1	2	15	0
        117841	2025-12-15 12:05:37	1	2	15	0
        110354	2025-12-15 12:05:39	1	2	15	0
        117059	2025-12-15 12:05:41	1	2	15	0
        110090	2025-12-15 12:05:43	1	2	15	0
        117997	2025-12-15 12:05:46	1	2	15	0
        116426	2025-12-15 12:05:47	1	2	15	0
        117639	2025-12-15 12:05:50	1	2	15	0
        117341	2025-12-15 12:05:51	1	2	15	0
        110473	2025-12-15 12:05:54	1	2	15	0
        117967	2025-12-15 12:05:56	1	2	15	0
        117786	2025-12-15 12:06:04	1	2	15	0
        118563	2025-12-15 12:06:09	1	2	15	0
        119583	2025-12-15 12:06:19	1	2	15	0
        117969	2025-12-15 12:06:36	1	2	15	0
        119143	2025-12-15 12:06:44	1	2	15	0
        117972	2025-12-15 12:06:46	1	2	15	0
        110063	2025-12-15 12:07:10	1	2	15	0
        117147	2025-12-15 12:07:13	1	2	15	0
        110051	2025-12-15 12:07:18	1	2	15	0
        110158	2025-12-15 12:07:23	1	2	15	0
        110159	2025-12-15 12:07:24	1	2	15	0
        117897	2025-12-15 12:07:26	1	2	15	0
        116296	2025-12-15 12:07:29	1	2	15	0
        119494	2025-12-15 12:07:37	1	2	15	0
        119602	2025-12-15 12:07:45	1	2	15	0
        116834	2025-12-15 12:07:50	1	2	15	0
        110057	2025-12-15 12:07:56	1	2	15	0
        116799	2025-12-15 12:08:05	1	2	15	0
        117835	2025-12-15 12:08:09	1	2	15	0
        118744	2025-12-15 12:08:14	1	2	15	0
        117269	2025-12-15 12:08:25	1	2	15	0
        117998	2025-12-15 12:08:27	1	2	15	0
        117716	2025-12-15 12:08:31	1	2	15	0
        110492	2025-12-15 12:08:47	1	2	15	0
        117983	2025-12-15 12:08:51	1	2	15	0
        110070	2025-12-15 12:08:54	1	2	15	0
        110116	2025-12-15 12:08:57	1	2	15	0
        110144	2025-12-15 12:08:59	1	2	15	0
        116297	2025-12-15 12:09:03	1	2	15	0
        110172	2025-12-15 12:09:07	1	2	15	0
        117642	2025-12-15 12:09:11	1	2	15	0
        117999	2025-12-15 12:09:13	1	2	15	0
        110355	2025-12-15 12:09:24	1	2	15	0
        118862	2025-12-15 12:09:36	1	2	15	0
        118043	2025-12-15 12:09:38	1	2	15	0
        116996	2025-12-15 12:09:40	1	2	15	0
        110376	2025-12-15 12:10:08	1	2	15	0
        110377	2025-12-15 12:10:11	1	2	15	0
        110088	2025-12-15 12:10:20	1	2	15	0
        116426	2025-12-15 12:10:30	1	2	15	0
        116960	2025-12-15 12:10:35	1	2	15	0
        110060	2025-12-15 12:10:37	1	2	15	0
        119107	2025-12-15 12:10:44	1	2	15	0
        117212	2025-12-15 12:10:46	1	2	15	0
        117680	2025-12-15 12:10:52	1	2	15	0
        110093	2025-12-15 12:10:53	1	2	15	0
        117054	2025-12-15 12:10:57	1	2	15	0
        117993	2025-12-15 12:10:59	1	2	15	0
        117122	2025-12-15 12:11:01	1	2	15	0
        119453	2025-12-15 12:11:07	1	2	15	0
        117616	2025-12-15 12:11:09	1	2	15	0
        117144	2025-12-15 12:11:11	1	2	15	0
        110105	2025-12-15 12:11:14	1	2	15	0
        117997	2025-12-15 12:11:22	1	2	15	0
        118953	2025-12-15 12:11:27	1	2	15	0
        117814	2025-12-15 12:11:40	1	2	15	0
        117269	2025-12-15 12:12:01	1	2	15	0
        119535	2025-12-15 12:12:04	1	2	15	0
        110076	2025-12-15 12:12:08	1	2	15	0
        110085	2025-12-15 12:12:20	1	2	15	0
        110128	2025-12-15 12:12:24	1	2	15	0
        117742	2025-12-15 12:12:27	1	2	15	0
        117770	2025-12-15 12:12:29	1	2	15	0
        116297	2025-12-15 12:12:32	1	2	15	0
        117837	2025-12-15 12:12:42	1	2	15	0
        116747	2025-12-15 12:12:47	1	2	15	0
        110077	2025-12-15 12:12:50	1	2	15	0
        118782	2025-12-15 12:12:55	1	2	15	0
        117121	2025-12-15 12:12:57	1	2	15	0
        117212	2025-12-15 12:13:03	1	2	15	0
        117054	2025-12-15 12:13:04	1	2	15	0
        117993	2025-12-15 12:13:06	1	2	15	0
        118046	2025-12-15 12:13:09	1	2	15	0
        110355	2025-12-15 12:13:12	1	2	15	0
        117926	2025-12-15 12:13:24	1	2	15	0
        117897	2025-12-15 12:13:28	1	2	15	0
        117733	2025-12-15 12:13:47	1	2	15	0
        110415	2025-12-15 12:13:57	1	2	15	0
        117543	2025-12-15 12:14:05	1	2	15	0
        118862	2025-12-15 12:14:17	1	2	15	0
        117716	2025-12-15 12:14:23	1	2	15	0
        117129	2025-12-15 12:14:25	1	2	15	0
        117998	2025-12-15 12:14:26	1	2	15	0
        116996	2025-12-15 12:14:29	1	2	15	0
        110060	2025-12-15 12:14:38	1	2	15	0
        116960	2025-12-15 12:14:41	1	2	15	0
        110492	2025-12-15 12:14:48	1	2	15	0
        116799	2025-12-15 12:15:01	1	2	15	0
        117742	2025-12-15 12:15:19	1	2	15	0
        110144	2025-12-15 12:15:21	1	2	15	0
        117837	2025-12-15 12:15:26	1	2	15	0
        117189	2025-12-15 12:15:26	1	2	15	0
        117770	2025-12-15 12:15:28	1	2	15	0
        117222	2025-12-15 12:15:32	1	2	15	0
        117817	2025-12-15 12:15:58	1	2	15	0
        119449	2025-12-15 12:16:00	1	2	15	0
        118744	2025-12-15 12:16:02	1	2	15	0
        117144	2025-12-15 12:16:09	1	2	15	0
        117497	2025-12-15 12:16:19	1	2	15	0
        118221	2025-12-15 12:16:30	1	2	15	0
        110088	2025-12-15 12:16:33	1	2	15	0
        117616	2025-12-15 12:16:35	1	2	15	0
        116252	2025-12-15 12:16:37	1	2	15	0
        117743	2025-12-15 12:16:38	1	2	15	0
        117745	2025-12-15 12:16:40	1	2	15	0
        117812	2025-12-15 12:16:42	1	2	15	0
        116069	2025-12-15 12:16:49	1	2	15	0
        116995	2025-12-15 12:16:51	1	2	15	0
        117807	2025-12-15 12:16:54	1	2	15	0
        117595	2025-12-15 12:16:59	1	2	15	0
        117529	2025-12-15 12:17:03	1	2	15	0
        110483	2025-12-15 12:17:06	1	2	15	0
        110482	2025-12-15 12:17:10	1	2	15	0
        110415	2025-12-15 12:17:13	1	2	15	0
        117711	2025-12-15 12:17:16	1	2	15	0
        116428	2025-12-15 12:17:23	1	2	15	0
        117487	2025-12-15 12:17:25	1	2	15	0
        117567	2025-12-15 12:17:33	1	2	15	0
        117632	2025-12-15 12:17:36	1	2	15	0
        119386	2025-12-15 12:17:38	1	2	15	0
        117697	2025-12-15 12:17:44	1	2	15	0
        117733	2025-12-15 12:17:46	1	2	15	0
        117122	2025-12-15 12:17:49	1	2	15	0
        110368	2025-12-15 12:17:53	1	2	15	0
        117121	2025-12-15 12:17:54	1	2	15	0
        118782	2025-12-15 12:17:57	1	2	15	0
        117713	2025-12-15 12:18:02	1	2	15	0
        117710	2025-12-15 12:18:04	1	2	15	0
        117129	2025-12-15 12:18:06	1	2	15	0
        117704	2025-12-15 12:18:08	1	2	15	0
        118835	2025-12-15 12:18:09	1	2	15	0
        117698	2025-12-15 12:18:13	1	2	15	0
        117725	2025-12-15 12:18:19	1	2	15	0
        118970	2025-12-15 12:18:21	1	2	15	0
        118928	2025-12-15 12:18:23	1	2	15	0
        118458	2025-12-15 12:18:29	1	2	15	0
        117745	2025-12-15 12:18:32	1	2	15	0
        117743	2025-12-15 12:18:35	1	2	15	0
        119571	2025-12-15 12:18:45	1	2	15	0
        117920	2025-12-15 12:18:48	1	2	15	0
        117222	2025-12-15 12:18:51	1	2	15	0
        110367	2025-12-15 12:18:53	1	2	15	0
        110366	2025-12-15 12:18:55	1	2	15	0
        117707	2025-12-15 12:18:56	1	2	15	0
        117850	2025-12-15 12:19:01	1	2	15	0
        116828	2025-12-15 12:19:07	1	2	1	0
        110090	2025-12-15 12:19:13	1	2	15	0
        110357	2025-12-15 12:19:22	1	2	15	0
        117156	2025-12-15 12:19:42	1	2	15	0
        118917	2025-12-15 12:19:44	1	2	15	0
        119107	2025-12-15 12:20:35	1	2	15	0
        116787	2025-12-15 12:21:00	1	2	15	0
        116849	2025-12-15 12:21:04	1	2	15	0
        117725	2025-12-15 12:21:34	1	2	15	0
        117710	2025-12-15 12:21:36	1	2	15	0
        117698	2025-12-15 12:21:38	1	2	15	0
        117713	2025-12-15 12:21:45	1	2	15	0
        117704	2025-12-15 12:21:54	1	2	15	0
        117817	2025-12-15 12:21:56	1	2	15	0
        118835	2025-12-15 12:21:58	1	2	15	0
        110368	2025-12-15 12:22:01	1	2	15	0
        110366	2025-12-15 12:22:02	1	2	15	0
        117697	2025-12-15 12:22:03	1	2	15	0
        118640	2025-12-15 12:22:05	1	2	15	0
        110482	2025-12-15 12:22:21	1	2	15	0
        118928	2025-12-15 12:22:23	1	2	15	0
        118970	2025-12-15 12:22:24	1	2	15	0
        116551	2025-12-15 12:22:44	1	2	15	0
        116778	2025-12-15 12:22:47	1	2	15	0
        116496	2025-12-15 12:22:53	1	2	15	0
        117692	2025-12-15 12:23:01	1	2	15	0
        117921	2025-12-15 12:23:04	1	2	15	0
        118992	2025-12-15 12:23:06	1	2	15	0
        117982	2025-12-15 12:23:08	1	2	15	0
        117724	2025-12-15 12:23:30	1	2	15	0
        117644	2025-12-15 12:23:39	1	2	15	0
        110357	2025-12-15 12:23:47	1	2	15	0
        116849	2025-12-15 12:23:56	1	2	15	0
        116787	2025-12-15 12:23:58	1	2	15	0
        116069	2025-12-15 12:23:59	1	2	15	0
        117711	2025-12-15 12:24:05	1	2	15	0
        117630	2025-12-15 12:24:10	1	2	15	0
        110483	2025-12-15 12:24:16	1	2	15	0
        117812	2025-12-15 12:24:23	1	2	15	0
        116995	2025-12-15 12:24:29	1	2	15	0
        116551	2025-12-15 12:24:31	1	2	15	0
        117807	2025-12-15 12:24:34	1	2	15	0
        118157	2025-12-15 12:24:41	1	2	15	0
        117219	2025-12-15 12:24:44	1	2	15	0
        117683	2025-12-15 12:24:47	1	2	15	0
        116282	2025-12-15 12:24:49	1	2	15	0
        116422	2025-12-15 12:24:52	1	2	15	0
        117634	2025-12-15 12:24:55	1	2	15	0
        117915	2025-12-15 12:24:58	1	2	15	0
        110062	2025-12-15 12:25:00	1	2	15	0
        110084	2025-12-15 12:25:02	1	2	15	0
        117259	2025-12-15 12:25:05	1	2	15	0
        117541	2025-12-15 12:25:06	1	2	15	0
        118580	2025-12-15 12:25:09	1	2	15	0
        117085	2025-12-15 12:25:21	1	2	15	0
        117189	2025-12-15 12:25:50	1	2	15	0
        110466	2025-12-15 12:26:29	1	2	15	0
        116428	2025-12-15 12:26:33	1	2	15	0
        118917	2025-12-15 12:26:37	1	2	15	0
        117156	2025-12-15 12:26:41	1	2	15	0
        117487	2025-12-15 12:26:47	1	2	15	0
        118761	2025-12-15 12:26:49	1	2	15	0
        119365	2025-12-15 12:27:07	1	2	15	0
        116493	2025-12-15 12:27:09	1	2	15	0
        117920	2025-12-15 12:27:12	1	2	15	0
        110367	2025-12-15 12:27:14	1	2	15	0
        117850	2025-12-15 12:27:16	1	2	15	0
        117707	2025-12-15 12:27:20	1	2	15	0
        117630	2025-12-15 12:27:24	1	2	15	0
        119104	2025-12-15 12:27:26	1	2	15	0
        116296	2025-12-15 12:27:38	1	2	15	0
        117724	2025-12-15 12:28:00	1	2	15	0
        117692	2025-12-15 12:28:04	1	2	15	0
        117921	2025-12-15 12:28:06	1	2	15	0
        117982	2025-12-15 12:28:08	1	2	15	0
        116497	2025-12-15 12:28:11	1	2	15	0
        110457	2025-12-15 12:28:15	1	2	15	0
        117924	2025-12-15 12:28:17	1	2	15	0
        118046	2025-12-15 12:28:18	1	2	15	0
        116778	2025-12-15 12:28:21	1	2	15	0
        117790	2025-12-15 12:28:31	1	2	15	0
        118695	2025-12-15 12:28:51	1	2	15	0
        118458	2025-12-15 12:28:53	1	2	15	0
        117085	2025-12-15 12:28:58	1	2	15	0
        116260	2025-12-15 12:28:59	1	2	15	0
        110084	2025-12-15 12:29:05	1	2	15	0
        117077	2025-12-15 12:29:07	1	2	15	0
        118580	2025-12-15 12:29:17	1	2	15	0
        117683	2025-12-15 12:29:19	1	2	15	0
        117219	2025-12-15 12:29:21	1	2	15	0
        116422	2025-12-15 12:29:23	1	2	15	0
        118157	2025-12-15 12:29:25	1	2	15	0
        116282	2025-12-15 12:29:27	1	2	15	0
        117634	2025-12-15 12:29:29	1	2	15	0
        117915	2025-12-15 12:29:31	1	2	15	0
        116072	2025-12-15 12:29:34	1	2	15	0
        119104	2025-12-15 12:29:36	1	2	15	0
        117575	2025-12-15 12:29:38	1	2	15	0
        110077	2025-12-15 12:29:54	1	2	15	0
        116493	2025-12-15 12:30:10	1	2	15	0
        119365	2025-12-15 12:30:13	1	2	15	0
        117991	2025-12-15 12:30:28	1	2	15	0
        118563	2025-12-15 12:30:30	1	2	15	0
        110085	2025-12-15 12:30:51	1	2	15	0
        118221	2025-12-15 12:30:56	1	2	15	0
        118640	2025-12-15 12:31:01	1	2	15	0
        117529	2025-12-15 12:31:04	1	2	15	0
        110183	2025-12-15 12:31:13	1	2	15	0
        110062	2025-12-15 12:31:21	1	2	15	0
        110105	2025-12-15 12:31:36	1	2	15	0
        117528	2025-12-15 12:31:52	1	2	15	0
        116496	2025-12-15 12:31:54	1	2	15	0
        110076	2025-12-15 12:32:04	1	2	15	0
        117639	2025-12-15 12:32:09	1	2	15	0
        118813	2025-12-15 12:32:20	1	2	15	0
        117114	2025-12-15 12:32:28	1	2	15	0
        117483	2025-12-15 12:33:00	1	2	15	0
        117769	2025-12-15 12:33:05	1	2	15	0
        117838	2025-12-15 12:33:07	1	2	15	0
        110195	2025-12-15 12:33:19	1	2	15	0
        117591	2025-12-15 12:33:23	1	2	15	0
        118271	2025-12-15 12:33:55	1	2	15	0
        118971	2025-12-15 12:34:14	1	2	15	0
        110197	2025-12-15 12:34:26	1	2	15	0
        110183	2025-12-15 12:35:28	1	3	15	0
        117769	2025-12-15 12:35:48	1	3	15	0
        117838	2025-12-15 12:35:51	1	3	15	0
        117575	2025-12-15 12:35:53	1	3	15	0
        110493	2025-12-15 12:35:57	1	3	15	0
        110495	2025-12-15 12:36:01	1	3	15	0
        110093	2025-12-15 12:36:31	1	3	15	0
        117786	2025-12-15 12:36:59	1	3	15	0
        117814	2025-12-15 12:37:03	1	3	15	0
        117483	2025-12-15 12:37:19	1	3	15	0
        119386	2025-12-15 12:37:25	1	3	15	0
        118813	2025-12-15 12:37:41	1	3	15	0
        118146	2025-12-15 12:37:49	1	3	15	0
        116472	2025-12-15 12:37:55	1	3	15	0
        110131	2025-12-15 12:38:00	1	3	15	0
        118271	2025-12-15 12:38:02	1	3	15	0
        116504	2025-12-15 12:38:27	1	3	15	0
        116346	2025-12-15 12:38:35	1	3	15	0
        119475	2025-12-15 12:39:25	1	3	15	0
        110065	2025-12-15 12:39:27	1	3	15	0
        118753	2025-12-15 12:40:11	1	3	15	0
        117470	2025-12-15 12:40:35	1	3	15	0
        116346	2025-12-15 12:40:46	1	3	15	0
        116504	2025-12-15 12:41:58	1	3	15	0
        117470	2025-12-15 12:42:08	1	3	15	0
        117111	2025-12-15 12:42:44	1	3	15	0
        110083	2025-12-15 12:42:53	1	3	15	0
        116751	2025-12-15 12:42:58	1	3	15	0
        116512	2025-12-15 12:43:01	1	3	15	0
        118753	2025-12-15 12:43:02	1	3	15	0
        110065	2025-12-15 12:43:06	1	3	15	0
        119475	2025-12-15 12:43:10	1	3	15	0
        117841	2025-12-15 12:43:23	1	3	15	0
        116104	2025-12-15 12:44:11	1	3	15	0
        117591	2025-12-15 12:44:29	1	3	15	0
        110083	2025-12-15 12:45:20	1	3	15	0
        116472	2025-12-15 12:45:27	1	3	15	0
        118146	2025-12-15 12:45:36	1	3	15	0
        119571	2025-12-15 12:45:42	1	3	15	0
        110356	2025-12-15 12:45:57	1	3	15	0
        117337	2025-12-15 12:46:13	1	3	15	0
        117966	2025-12-15 12:46:54	1	3	15	0
        118503	2025-12-15 12:47:24	1	3	15	0
        110131	2025-12-15 12:47:53	1	3	15	0
        118584	2025-12-15 12:48:19	1	3	15	0
        117061	2025-12-15 12:48:27	1	3	15	0
        117981	2025-12-15 12:48:29	1	3	15	0
        118369	2025-12-15 12:48:30	1	3	15	0
        117091	2025-12-15 12:48:38	1	3	15	0
        116805	2025-12-15 12:48:40	1	3	15	0
        116356	2025-12-15 12:48:43	1	3	15	0
        110393	2025-12-15 12:48:46	1	3	15	0
        117972	2025-12-15 12:48:54	1	3	15	0
        110197	2025-12-15 12:49:08	1	3	15	0
        117114	2025-12-15 12:49:14	1	3	15	0
        119143	2025-12-15 12:49:20	1	3	15	0
        110356	2025-12-15 12:50:17	1	3	15	0
        116142	2025-12-15 12:50:26	1	3	15	0
        116104	2025-12-15 12:50:30	1	3	15	0
        118584	2025-12-15 12:51:26	1	3	15	0
        110128	2025-12-15 12:52:28	1	3	15	0
        110070	2025-12-15 12:52:38	1	3	15	0
        118784	2025-12-15 12:52:46	1	3	15	0
        116356	2025-12-15 12:53:08	1	3	15	0
        117981	2025-12-15 12:53:10	1	3	15	0
        117061	2025-12-15 12:53:11	1	3	15	0
        118369	2025-12-15 12:53:14	1	3	15	0
        116805	2025-12-15 12:53:19	1	3	15	0
        117091	2025-12-15 12:53:25	1	3	15	0
        110393	2025-12-15 12:53:55	1	3	15	0
        119227	2025-12-15 12:54:04	1	3	15	0
        110074	2025-12-15 12:54:06	1	3	15	0
        119364	2025-12-15 12:54:08	1	3	15	0
        119070	2025-12-15 12:54:11	1	3	15	0
        118784	2025-12-15 12:55:34	1	3	15	0
        110200	2025-12-15 12:56:50	1	3	15	0
        116483	2025-12-15 12:57:00	1	3	15	0
        118455	2025-12-15 12:57:02	1	3	15	0
        116751	2025-12-15 12:57:08	1	3	15	0
        116512	2025-12-15 12:57:11	1	3	15	0
        110074	2025-12-15 12:57:22	1	3	15	0
        119070	2025-12-15 12:57:25	1	3	15	0
        119227	2025-12-15 12:57:30	1	3	15	0
        119364	2025-12-15 12:57:34	1	3	15	0
        110193	2025-12-15 13:57:45	1	3	15	0
        116426	2025-12-15 17:00:29	1	1	15	0
        117483	2025-12-15 17:01:14	1	1	15	0
        117966	2025-12-15 17:01:16	1	1	15	0
        117769	2025-12-15 17:01:18	1	1	15	0
        117838	2025-12-15 17:01:19	1	1	15	0
        117269	2025-12-15 17:02:07	1	1	15	0
        118917	2025-12-15 17:02:46	1	1	15	0
        110358	2025-12-15 17:03:09	1	1	15	0
        117997	2025-12-15 17:03:21	1	1	15	0
        117595	2025-12-15 17:03:25	1	1	15	0
        116834	2025-12-15 17:03:31	1	1	15	0
        110377	2025-12-15 17:03:37	1	1	15	0
        110376	2025-12-15 17:03:41	1	1	15	0
        117745	2025-12-15 17:03:45	1	1	15	0
        117743	2025-12-15 17:03:47	1	1	15	0
        117054	2025-12-15 17:03:50	1	1	15	0
        117993	2025-12-15 17:03:52	1	1	15	0
        117639	2025-12-15 17:03:54	1	1	15	0
        110094	2025-12-15 17:03:56	1	1	15	0
        117567	2025-12-15 17:04:23	1	1	15	0
        110051	2025-12-15 17:04:57	1	1	15	0
        116493	2025-12-15 17:05:42	1	1	15	0
        110084	2025-12-15 17:05:56	1	1	15	0
        118580	2025-12-15 17:06:00	1	1	15	0
        119340	2025-12-15 17:06:32	1	1	15	0
        116799	2025-12-15 17:06:40	1	1	15	0
        110065	2025-12-15 17:06:42	1	1	15	0
        119475	2025-12-15 17:06:44	1	1	15	0
        118970	2025-12-15 17:07:45	1	1	15	0
        110144	2025-12-15 17:09:49	1	1	15	0
        117711	2025-12-15 17:10:12	1	1	15	0
        110076	2025-12-15 17:10:59	1	1	15	0
        116337	2025-12-15 17:12:03	1	1	15	0
        117835	2025-12-15 17:12:08	1	1	15	0
        117972	2025-12-15 17:12:18	1	1	15	0
        119143	2025-12-15 17:12:19	1	1	15	0
        110495	2025-12-15 17:13:39	1	1	15	0
        110493	2025-12-15 17:13:43	1	1	15	0
        110198	2025-12-15 17:13:51	1	1	15	0
        118271	2025-12-15 17:14:15	1	1	15	0
        117982	2025-12-15 17:14:18	1	1	15	0
        117129	2025-12-15 17:14:20	1	1	15	0
        110093	2025-12-15 17:15:24	1	1	15	0
        118782	2025-12-15 17:15:39	1	1	15	0
        117189	2025-12-15 17:15:57	1	1	15	0
        110482	2025-12-15 17:16:13	1	1	15	0
        118503	2025-12-15 17:17:19	1	1	15	0
        119365	2025-12-15 17:18:45	1	1	15	0
        119386	2025-12-15 17:18:59	1	1	15	0
        117133	2025-12-15 17:20:04	1	1	15	0
        117812	2025-12-15 17:21:13	1	1	15	0
        110159	2025-12-15 17:22:45	1	1	15	0
        110158	2025-12-15 17:22:53	1	1	15	0
        118207	2025-12-15 17:23:22	1	1	15	0
        118455	2025-12-15 17:24:59	1	1	15	0
        116504	2025-12-15 17:25:01	1	1	15	0
        110051	2025-12-15 17:25:04	1	1	15	0
        118784	2025-12-15 17:25:06	1	1	15	0
        110172	2025-12-15 17:26:28	1	1	15	0
        118146	2025-12-15 17:26:35	1	1	15	0
        116279	2025-12-15 17:27:26	1	1	15	0
        116260	2025-12-15 17:27:55	1	1	15	0
        118046	2025-12-15 17:28:24	1	1	15	0
        117212	2025-12-15 17:28:35	1	1	15	0
        117642	2025-12-15 17:28:38	1	1	15	0
        110329	2025-12-15 17:28:39	1	1	15	0
        119583	2025-12-15 17:28:41	1	1	15	0
        116428	2025-12-15 17:28:49	1	1	15	0
        117926	2025-12-15 17:28:54	1	1	15	0
        110413	2025-12-15 17:29:22	1	1	15	0
        110024	2025-12-15 17:30:03	1	1	15	0
        119070	2025-12-15 17:30:25	1	1	15	0
        117840	2025-12-15 17:30:32	1	1	15	0
        117815	2025-12-15 17:30:35	1	1	15	0
        117645	2025-12-15 17:30:40	1	1	15	0
        110060	2025-12-15 17:30:46	1	1	15	0
        117921	2025-12-15 17:30:55	1	1	15	0
        116142	2025-12-15 17:31:54	1	1	15	0
        110354	2025-12-15 17:31:59	1	1	15	0
        117849	2025-12-15 17:32:11	1	1	15	0
        119494	2025-12-15 17:32:15	1	1	15	0
        110053	2025-12-15 17:32:21	1	1	15	0
        116831	2025-12-15 17:33:24	1	1	15	0
        117341	2025-12-15 17:33:34	1	1	15	0
        116537	2025-12-15 17:33:39	1	1	15	0
        110195	2025-12-15 17:34:20	1	1	15	0
        116297	2025-12-15 17:35:21	1	1	15	0
        119535	2025-12-15 17:38:13	1	1	15	0
        116346	2025-12-15 17:38:21	1	1	15	0
        116496	2025-12-15 17:38:24	1	1	15	0
        116296	2025-12-15 17:39:43	1	1	15	0
        118043	2025-12-15 17:39:55	1	1	15	0
        110100	2025-12-15 17:41:23	1	1	15	0
        116960	2025-12-15 17:41:25	1	1	15	0
        110197	2025-12-15 17:41:33	1	1	15	0
        110372	2025-12-15 17:41:38	1	1	15	0
        119107	2025-12-15 17:42:15	1	1	15	0
        119449	2025-12-15 17:42:23	1	1	15	0
        116835	2025-12-15 17:44:33	1	1	15	0
        119104	2025-12-15 17:45:21	1	1	15	0
        110025	2025-12-15 17:46:02	1	1	15	0
        116849	2025-12-15 17:46:40	1	1	15	0
        110083	2025-12-15 17:46:45	1	1	15	0
        116512	2025-12-15 17:46:49	1	1	15	0
        116751	2025-12-15 17:46:52	1	1	15	0
        116787	2025-12-15 17:46:58	1	1	15	0
        117716	2025-12-15 17:47:01	1	1	15	0
        117543	2025-12-15 17:47:49	1	1	15	0
        117144	2025-12-15 17:48:32	1	1	15	0
        117814	2025-12-15 17:48:48	1	1	15	0
        117839	2025-12-15 17:48:54	1	1	15	0
        117659	2025-12-15 17:48:56	1	1	15	0
        117841	2025-12-15 17:48:59	1	1	15	0
        117811	2025-12-15 17:49:03	1	1	15	0
        117998	2025-12-15 17:49:10	1	1	15	0
        117541	2025-12-15 17:49:45	1	1	15	0
        117259	2025-12-15 17:49:47	1	1	15	0
        117692	2025-12-15 17:50:52	1	1	15	0
        110088	2025-12-15 17:54:52	1	1	15	0
        116778	2025-12-15 17:55:09	1	1	15	0
        110077	2025-12-15 17:55:19	1	1	15	0
        110475	2025-12-15 17:55:25	1	1	15	0
        110473	2025-12-15 17:55:48	1	1	15	0
        117061	2025-12-15 17:57:50	1	1	15	0
        116472	2025-12-15 17:58:13	1	1	15	0
        110200	2025-12-15 17:58:29	1	1	15	0
        119571	2025-12-15 17:59:14	1	1	15	0
        118640	2025-12-15 18:02:04	1	1	15	0
        117487	2025-12-15 18:02:32	1	1	15	0
        118458	2025-12-15 18:02:36	1	1	15	0
        117091	2025-12-15 18:05:54	1	1	15	0
        118640	2025-12-15 18:06:19	1	1	15	0
        110050	2025-12-15 18:06:35	1	1	15	0
        110393	2025-12-15 18:06:41	1	1	15	0
        116995	2025-12-15 18:09:29	1	1	15	0
        110074	2025-12-15 18:10:51	1	1	15	0
        117114	2025-12-15 18:11:09	1	1	15	0
        118753	2025-12-15 18:11:24	1	1	15	0
        117837	2025-12-15 18:11:56	1	1	15	0
        116070	2025-12-15 18:11:58	1	1	15	0
        118813	2025-12-15 18:13:35	1	1	15	0
        117999	2025-12-15 18:16:58	1	1	15	0
        116356	2025-12-15 18:18:21	1	1	15	0
        117707	2025-12-15 18:18:24	1	1	15	0
        118761	2025-12-15 18:23:17	1	1	15	0
        119583	2025-12-15 18:23:46	1	1	15	0
        116148	2025-12-15 18:23:47	1	1	15	0
        117733	2025-12-15 18:26:14	1	1	15	0
        110006	2025-12-15 18:29:24	1	1	15	0
        119602	2025-12-15 18:31:26	1	1	15	0
        117222	2025-12-15 18:32:05	1	1	15	0
        117630	2025-12-15 18:33:39	1	1	15	0
        117742	2025-12-15 18:36:56	1	1	15	0
        117807	2025-12-15 18:36:58	1	1	15	0
        118584	2025-12-15 18:37:01	1	1	15	0
        110105	2025-12-15 18:38:38	1	1	15	0
        117770	2025-12-15 18:40:28	1	1	15	0
        116747	2025-12-15 18:48:15	1	1	15	0
        117043	2025-12-15 18:49:48	1	1	15	0
        117724	2025-12-15 18:50:23	1	1	15	0
        117575	2025-12-15 18:50:53	1	1	15	0
        116914	2025-12-15 18:51:59	1	1	15	0
        118563	2025-12-15 18:52:39	1	1	15	0
        116748	2025-12-15 18:56:02	1	1	15	0
        117786	2025-12-15 18:56:21	1	1	15	0
        116763	2025-12-15 18:58:51	1	1	15	0
        117790	2025-12-15 18:59:05	1	1	15	0
        117991	2025-12-15 18:59:10	1	1	15	0
        118862	2025-12-15 18:59:38	1	1	15	0
        118563	2025-12-15 19:02:21	1	1	15	0
        118971	2025-12-15 19:02:37	1	1	15	0
        110032	2025-12-15 19:02:43	1	1	15	0
        116069	2025-12-15 19:03:00	1	1	15	0
        117080	2025-12-15 19:03:03	1	1	15	0
        110062	2025-12-15 19:05:45	1	1	15	0
        117103	2025-12-15 19:08:22	1	1	15	0
        117817	2025-12-15 19:13:45	1	1	15	0
        117850	2025-12-15 19:14:02	1	1	15	0
        110492	2025-12-15 19:17:37	1	1	15	0
        110131	2025-12-15 19:17:45	1	1	15	0
        110113	2025-12-15 19:17:47	1	1	15	0
        116551	2025-12-15 19:17:51	1	1	15	0
        117497	2025-12-15 19:20:07	1	1	15	0
        117591	2025-12-15 19:20:57	1	1	15	0
        117897	2025-12-15 19:30:33	1	1	15	0
        116996	2025-12-15 19:35:18	1	1	15	0
        117983	2025-12-15 19:36:07	1	1	15	0
        117967	2025-12-15 19:36:18	1	1	15	0
        117528	2025-12-15 19:39:34	1	1	15	0
        117833	2025-12-15 19:39:36	1	1	15	0
        117121	2025-12-15 19:40:11	1	1	15	0
        117111	2025-12-15 19:42:23	1	1	15	0
        118953	2025-12-15 19:45:15	1	1	15	0
        110070	2025-12-15 19:50:15	1	1	15	0
        117529	2025-12-15 19:50:32	1	1	15	0
        118695	2025-12-15 19:50:35	1	1	15	0
        117059	2025-12-15 19:50:37	1	1	15	0
        117337	2025-12-15 19:50:40	1	1	15	0
        118221	2025-12-15 19:53:20	1	1	15	0
        116483	2025-12-15 20:02:24	1	1	15	0
        116805	2025-12-15 20:02:27	1	1	15	0
        110457	2025-12-15 20:03:34	1	1	15	0
        117710	2025-12-15 20:04:23	1	1	15	0
        117697	2025-12-15 20:04:26	1	1	15	0
        118835	2025-12-15 20:04:29	1	1	15	0
        110415	2025-12-15 20:04:32	1	1	15	0
        117704	2025-12-15 20:05:42	1	1	15	0
        110483	2025-12-15 20:06:24	1	1	15	0
        110368	2025-12-15 20:06:26	1	1	15	0
        110367	2025-12-15 20:07:27	1	1	15	0
        110366	2025-12-15 20:07:31	1	1	15	0
        117713	2025-12-15 20:07:35	1	1	15	0
        117698	2025-12-15 20:07:55	1	1	15	0
        117725	2025-12-15 20:07:58	1	1	15	0
        117920	2025-12-15 20:08:02	1	1	15	0
        110356	2025-12-15 20:09:04	1	1	15	0
        110173	2025-12-15 20:09:30	1	1	15	0
        110355	2025-12-15 20:12:16	1	1	15	0
        110011	2025-12-15 20:13:19	1	1	15	0
        116104	2025-12-15 20:13:21	1	1	15	0
        117683	2025-12-15 20:14:15	1	1	15	0
        116282	2025-12-15 20:14:17	1	1	15	0
        118157	2025-12-15 20:14:19	1	1	15	0
        118928	2025-12-15 20:14:21	1	1	15	0
        117219	2025-12-15 20:14:24	1	1	15	0
        116422	2025-12-15 20:14:26	1	1	15	0
        117634	2025-12-15 20:14:28	1	1	15	0
        117915	2025-12-15 20:14:29	1	1	15	0
        117632	2025-12-15 20:17:01	1	1	15	0
        117147	2025-12-15 20:24:21	1	1	15	0
        117085	2025-12-15 20:24:26	1	1	15	0
        116252	2025-12-15 20:24:38	1	1	15	0
        119453	2025-12-15 20:30:15	1	1	15	0
        117680	2025-12-15 20:32:50	1	1	15	0
        110466	2025-12-15 20:34:01	1	1	15	0
        117156	2025-12-15 20:38:55	1	1	15	0
        117122	2025-12-15 20:39:07	1	1	15	0
        117616	2025-12-15 20:39:25	1	1	15	0
        110116	2025-12-15 20:40:33	1	1	15	0
        110090	2025-12-15 20:41:48	1	1	15	0
        116497	2025-12-15 20:51:25	1	1	15	0
        110063	2025-12-15 21:09:37	1	1	15	0
        110357	2025-12-15 21:10:21	1	1	15	0
        110057	2025-12-15 21:11:36	1	1	15	0
        119227	2025-12-15 21:11:38	1	1	15	0
        119364	2025-12-15 21:11:40	1	1	15	0
        110128	2025-12-15 21:14:00	1	1	15	0
        116828	2025-12-15 21:15:59	1	1	1	0
        117924	2025-12-15 22:08:33	1	1	15	0
        118369	2025-12-15 22:08:39	1	1	15	0
        117981	2025-12-15 22:08:41	1	1	15	0
        116072	2025-12-15 22:08:42	1	1	15	0
        116831	2025-12-16 05:48:09	1	0	15	0
        118146	2025-12-16 06:23:14	1	0	15	0
        119070	2025-12-16 06:30:11	1	0	15	0
        116835	2025-12-16 06:41:24	1	0	15	0
        117704	2025-12-16 06:47:25	1	0	15	0
        116551	2025-12-16 06:54:06	1	0	15	0
        117111	2025-12-16 06:56:06	1	0	15	0
        110051	2025-12-16 06:57:47	1	0	15	0
        117983	2025-12-16 06:59:04	1	0	15	0
        116799	2025-12-16 07:00:26	1	0	15	0
        117337	2025-12-16 07:00:46	1	0	15	0
        118835	2025-12-16 07:03:29	1	0	15	0
        110466	2025-12-16 07:05:27	1	0	15	0
        110144	2025-12-16 07:05:38	1	0	15	0
        119365	2025-12-16 07:09:03	1	0	15	0
        117769	2025-12-16 07:11:35	1	0	15	0
        110074	2025-12-16 07:16:00	1	0	15	0
        110358	2025-12-16 07:16:18	1	0	15	0
        119475	2025-12-16 07:16:55	1	0	15	0
        116834	2025-12-16 07:17:21	1	0	15	0
        117835	2025-12-16 07:18:19	1	0	15	0
        118640	2025-12-16 07:18:57	1	0	15	0
        117838	2025-12-16 07:19:01	1	0	15	0
        110113	2025-12-16 07:23:35	1	0	15	0
        110415	2025-12-16 07:25:50	1	0	15	0
        118829	2025-12-16 07:30:09	1	0	15	0
        110367	2025-12-16 07:30:13	1	0	15	0
        118043	2025-12-16 07:30:38	1	0	15	0
        110475	2025-12-16 07:31:02	1	0	15	0
        117483	2025-12-16 07:32:14	1	0	15	0
        117770	2025-12-16 07:32:17	1	0	15	0
        118157	2025-12-16 07:32:27	1	0	15	0
        117713	2025-12-16 07:33:59	1	0	15	0
        117921	2025-12-16 07:35:08	1	0	15	0
        116426	2025-12-16 07:37:55	1	0	15	0
        117817	2025-12-16 07:38:01	1	0	15	0
        110377	2025-12-16 07:38:04	1	0	15	0
        119602	2025-12-16 07:38:16	1	0	15	0
        110356	2025-12-16 07:38:26	1	0	15	0
        110355	2025-12-16 07:38:28	1	0	15	0
        116142	2025-12-16 07:38:37	1	0	15	0
        110357	2025-12-16 07:39:04	1	0	15	0
        110378	2025-12-16 07:40:42	1	0	15	0
        119340	2025-12-16 07:41:01	1	0	15	0
        110376	2025-12-16 07:42:41	1	0	15	0
        117814	2025-12-16 07:43:09	1	0	15	0
        117982	2025-12-16 07:44:03	1	0	15	0
        118369	2025-12-16 07:45:30	1	0	15	0
        110493	2025-12-16 07:45:44	1	0	15	0
        117733	2025-12-16 07:46:04	1	0	15	0
        110063	2025-12-16 07:47:14	1	0	15	0
        116504	2025-12-16 07:49:12	1	0	15	0
        119453	2025-12-16 07:49:22	1	0	15	0
        117133	2025-12-16 07:49:25	1	0	15	0
        117710	2025-12-16 07:49:48	1	0	15	0
        110485	2025-12-16 07:49:54	1	0	15	0
        116337	2025-12-16 07:50:02	1	0	15	0
        117966	2025-12-16 07:50:05	1	0	15	0
        116356	2025-12-16 07:50:26	1	0	15	0
        110076	2025-12-16 07:50:36	1	0	15	0
        117724	2025-12-16 07:52:03	1	0	15	0
        110193	2025-12-16 07:52:08	1	0	15	0
        110198	2025-12-16 07:52:12	1	0	15	0
        118271	2025-12-16 07:54:02	1	0	15	0
        116297	2025-12-16 07:54:30	1	0	15	0
        117966	2025-12-16 07:54:33	1	0	15	0
        117997	2025-12-16 07:54:39	1	0	15	0
        118971	2025-12-16 07:54:49	1	0	15	0
        119449	2025-12-16 07:54:51	1	0	15	0
        110457	2025-12-16 07:54:57	1	0	15	0
        110473	2025-12-16 07:55:01	1	0	15	0
        117680	2025-12-16 07:55:38	1	0	15	0
        117725	2025-12-16 07:56:26	1	0	15	0
        117698	2025-12-16 07:56:29	1	0	15	0
        110159	2025-12-16 07:56:55	1	0	15	0
        110483	2025-12-16 07:57:51	1	0	15	0
        117972	2025-12-16 07:57:56	1	0	15	0
        119143	2025-12-16 07:58:19	1	0	15	0
        117591	2025-12-16 07:58:31	1	0	15	0
        118580	2025-12-16 07:59:03	1	0	15	0
        117642	2025-12-16 07:59:37	1	0	15	0
        117707	2025-12-16 08:00:30	1	0	15	0
        110060	2025-12-16 08:00:50	1	0	15	0
        116493	2025-12-16 08:00:55	1	0	15	0
        117129	2025-12-16 08:00:57	1	0	15	0
        116828	2025-12-16 08:01:01	1	0	1	0
        110090	2025-12-16 08:01:07	1	0	15	0
        117639	2025-12-16 08:01:12	1	0	15	0
        116496	2025-12-16 08:01:22	1	0	15	0
        117711	2025-12-16 08:02:01	1	0	15	0
        116990	2025-12-16 08:02:17	1	0	15	0
        117850	2025-12-16 08:02:23	1	0	15	0
        110366	2025-12-16 08:02:29	1	0	15	0
        117061	2025-12-16 08:02:30	1	0	15	0
        117487	2025-12-16 08:04:25	1	0	15	0
        110495	2025-12-16 08:04:59	1	0	15	0
        117969	2025-12-16 08:05:33	1	0	15	0
        117999	2025-12-16 08:05:36	1	0	15	0
        117269	2025-12-16 08:05:52	1	0	15	0
        116995	2025-12-16 08:05:58	1	0	15	0
        110053	2025-12-16 08:06:23	1	0	15	0
        110062	2025-12-16 08:06:50	1	0	15	0
        118455	2025-12-16 08:07:34	1	0	15	0
        110354	2025-12-16 08:08:33	1	0	15	0
        110070	2025-12-16 08:09:11	1	0	15	0
        110329	2025-12-16 08:09:21	1	0	15	0
        116472	2025-12-16 08:09:23	1	0	15	0
        118695	2025-12-16 08:09:26	1	0	15	0
        116537	2025-12-16 08:10:09	1	0	15	0
        116072	2025-12-16 08:10:30	1	0	15	0
        117219	2025-12-16 08:11:38	1	0	15	0
        110197	2025-12-16 08:11:43	1	0	15	0
        110025	2025-12-16 08:11:57	1	0	15	0
        110372	2025-12-16 08:12:07	1	0	15	0
        118046	2025-12-16 08:12:18	1	0	15	0
        110482	2025-12-16 08:12:26	1	0	15	0
        117998	2025-12-16 08:13:33	1	0	15	0
        117716	2025-12-16 08:15:11	1	0	15	0
        116751	2025-12-16 08:15:48	1	0	15	0
        116960	2025-12-16 08:16:00	1	0	15	0
        116428	2025-12-16 08:16:26	1	0	15	0
        110424	2025-12-16 08:16:31	1	0	15	0
        117630	2025-12-16 08:16:51	1	0	15	0
        116346	2025-12-16 08:17:04	1	0	15	0
        117543	2025-12-16 08:17:23	1	0	15	0
        117497	2025-12-16 08:17:31	1	0	15	0
        116512	2025-12-16 08:17:34	1	0	15	0
        118761	2025-12-16 08:17:42	1	0	15	0
        117059	2025-12-16 08:18:39	1	0	15	0
        117054	2025-12-16 08:18:41	1	0	15	0
        116483	2025-12-16 08:18:45	1	0	15	0
        116383	2025-12-16 08:18:58	1	0	15	0
        116296	2025-12-16 08:19:14	1	0	15	0
        116747	2025-12-16 08:19:45	1	0	15	0
        117924	2025-12-16 08:19:52	1	0	15	0
        118753	2025-12-16 08:20:17	1	0	15	0
        118953	2025-12-16 08:20:35	1	0	15	0
        110172	2025-12-16 08:20:39	1	0	15	0
        117595	2025-12-16 08:20:42	1	0	15	0
        110368	2025-12-16 08:21:00	1	0	15	0
        117697	2025-12-16 08:21:01	1	0	15	0
        110492	2025-12-16 08:21:27	1	0	15	0
        117920	2025-12-16 08:22:26	1	0	15	0
        117742	2025-12-16 08:22:28	1	0	15	0
        117043	2025-12-16 08:23:06	1	0	15	0
        118207	2025-12-16 08:23:45	1	0	15	0
        116422	2025-12-16 08:25:09	1	0	15	0
        119535	2025-12-16 08:25:22	1	0	15	0
        117981	2025-12-16 08:25:50	1	0	15	0
        116849	2025-12-16 08:26:12	1	0	15	0
        118784	2025-12-16 08:27:38	1	0	15	0
        116778	2025-12-16 08:28:08	1	0	15	0
        117259	2025-12-16 08:28:13	1	0	15	0
        117616	2025-12-16 08:28:16	1	0	15	0
        116763	2025-12-16 08:28:42	1	0	15	0
        117644	2025-12-16 08:29:12	1	0	15	0
        117786	2025-12-16 08:29:24	1	0	15	0
        117222	2025-12-16 08:30:01	1	0	15	0
        110158	2025-12-16 08:30:52	1	0	15	0
        117790	2025-12-16 08:31:03	1	0	15	0
        118917	2025-12-16 08:32:48	1	0	15	0
        119282	2025-12-16 08:34:30	1	0	15	0
        117114	2025-12-16 08:35:28	1	0	15	0
        116914	2025-12-16 08:36:43	1	0	15	0
        117567	2025-12-16 08:36:48	1	0	15	0
        117541	2025-12-16 08:37:02	1	0	15	0
        110006	2025-12-16 08:37:46	1	0	15	0
        119364	2025-12-16 08:38:13	1	0	15	0
        110083	2025-12-16 08:38:45	1	0	15	0
        117991	2025-12-16 08:39:35	1	0	15	0
        116260	2025-12-16 08:40:06	1	0	15	0
        110077	2025-12-16 08:41:14	1	0	15	0
        117121	2025-12-16 08:42:14	1	0	15	0
        117837	2025-12-16 08:42:42	1	0	15	0
        116282	2025-12-16 08:43:13	1	0	15	0
        118928	2025-12-16 08:43:21	1	0	15	0
        118867	2025-12-16 08:43:34	1	0	15	0
        110128	2025-12-16 08:43:39	1	0	15	0
        110088	2025-12-16 08:43:42	1	0	15	0
        117224	2025-12-16 08:43:51	1	0	15	0
        110173	2025-12-16 08:44:01	1	0	15	0
        119386	2025-12-16 08:44:26	1	0	15	0
        116748	2025-12-16 08:44:54	1	0	15	0
        110116	2025-12-16 08:45:01	1	0	15	0
        110032	2025-12-16 08:45:12	1	0	15	0
        117692	2025-12-16 08:45:22	1	0	15	0
        116497	2025-12-16 08:45:35	1	0	15	0
        118584	2025-12-16 08:47:14	1	0	15	0
        119571	2025-12-16 08:47:18	1	0	15	0
        117632	2025-12-16 08:48:07	1	0	15	0
        116996	2025-12-16 08:48:33	1	0	15	0
        117849	2025-12-16 08:49:10	1	0	15	0
        117993	2025-12-16 08:49:29	1	0	15	0
        117897	2025-12-16 08:49:49	1	0	15	0
        110413	2025-12-16 08:50:23	1	0	15	0
        116787	2025-12-16 08:50:40	1	0	15	0
        118563	2025-12-16 08:51:45	1	0	15	0
        110057	2025-12-16 08:51:49	1	0	15	0
        117122	2025-12-16 08:51:58	1	0	15	0
        119583	2025-12-16 08:52:22	1	0	15	0
        117926	2025-12-16 08:52:52	1	0	15	0
        117189	2025-12-16 08:54:00	1	0	15	0
        117807	2025-12-16 08:54:22	1	0	15	0
        117103	2025-12-16 08:55:16	1	0	15	0
        119157	2025-12-16 08:55:22	1	0	15	0
        117212	2025-12-16 08:55:23	1	0	15	0
        118782	2025-12-16 08:56:10	1	0	15	0
        117683	2025-12-16 08:56:37	1	0	15	0
        117634	2025-12-16 08:56:41	1	0	15	0
        118862	2025-12-16 08:56:54	1	0	15	0
        117659	2025-12-16 08:57:21	1	0	15	0
        117341	2025-12-16 08:58:00	1	0	15	0
        119494	2025-12-16 08:58:07	1	0	15	0
        118458	2025-12-16 08:58:43	1	0	15	0
        116252	2025-12-16 08:58:48	1	0	15	0
        117156	2025-12-16 08:58:50	1	0	15	0
        110100	2025-12-16 08:58:52	1	0	15	0
        117967	2025-12-16 08:58:54	1	0	15	0
        117091	2025-12-16 08:59:04	1	0	15	0
        117833	2025-12-16 08:59:20	1	0	15	0
        110131	2025-12-16 09:00:35	1	0	15	0
        116104	2025-12-16 09:00:38	1	0	15	0
        117144	2025-12-16 09:00:45	1	0	15	0
        110105	2025-12-16 09:01:10	1	0	15	0
        117528	2025-12-16 09:01:27	1	0	15	0
        117575	2025-12-16 09:03:32	1	0	15	0
        116805	2025-12-16 09:03:56	1	0	15	0
        110050	2025-12-16 09:05:23	1	0	15	0
        119107	2025-12-16 09:06:49	1	0	15	0
        110200	2025-12-16 09:07:03	1	0	15	0
        117915	2025-12-16 09:07:52	1	0	15	0
        118813	2025-12-16 09:08:42	1	0	15	0
        110075	2025-12-16 09:15:00	1	0	15	0
        117529	2025-12-16 09:16:30	1	0	15	0
        118221	2025-12-16 09:22:05	1	0	15	0
        117172	2025-12-16 09:26:50	1	0	15	0
        117080	2025-12-16 09:33:38	1	0	15	0
        119227	2025-12-16 09:57:52	1	0	15	0
        117812	2025-12-16 10:05:59	1	0	15	0
        117077	2025-12-16 10:29:08	1	0	15	0
        118503	2025-12-16 10:32:19	1	0	15	0
        116995	2025-12-16 12:00:06	1	2	15	0
        110354	2025-12-16 12:00:07	1	2	15	0
        117837	2025-12-16 12:00:09	1	2	15	0
        116990	2025-12-16 12:00:12	1	2	15	0
        117812	2025-12-16 12:00:14	1	2	15	0
        117644	2025-12-16 12:00:18	1	2	15	0
        116069	2025-12-16 12:00:21	1	2	15	0
        110076	2025-12-16 12:00:24	1	2	15	0
        117733	2025-12-16 12:00:26	1	2	15	0
        117983	2025-12-16 12:00:28	1	2	15	0
        118971	2025-12-16 12:00:29	1	2	15	0
        118043	2025-12-16 12:00:31	1	2	15	0
        116297	2025-12-16 12:00:33	1	2	15	0
        116383	2025-12-16 12:00:35	1	2	15	0
        118917	2025-12-16 12:00:37	1	2	15	0
        117924	2025-12-16 12:00:39	1	2	15	0
        117541	2025-12-16 12:00:41	1	2	15	0
        117639	2025-12-16 12:00:43	1	2	15	0
        117724	2025-12-16 12:00:48	1	2	15	0
        110063	2025-12-16 12:00:50	1	2	15	0
        119453	2025-12-16 12:00:55	1	2	15	0
        117080	2025-12-16 12:00:57	1	2	15	0
        117043	2025-12-16 12:00:59	1	2	15	0
        116748	2025-12-16 12:01:02	1	2	15	0
        116914	2025-12-16 12:01:04	1	2	15	0
        117487	2025-12-16 12:01:06	1	2	15	0
        117817	2025-12-16 12:01:07	1	2	15	0
        116282	2025-12-16 12:01:09	1	2	15	0
        117219	2025-12-16 12:01:10	1	2	15	0
        116422	2025-12-16 12:01:13	1	2	15	0
        118157	2025-12-16 12:01:15	1	2	15	0
        118928	2025-12-16 12:01:16	1	2	15	0
        117683	2025-12-16 12:01:18	1	2	15	0
        118640	2025-12-16 12:01:20	1	2	15	0
        110172	2025-12-16 12:01:21	1	2	15	0
        116426	2025-12-16 12:01:23	1	2	15	0
        117997	2025-12-16 12:01:26	1	2	15	0
        110357	2025-12-16 12:01:27	1	2	15	0
        110025	2025-12-16 12:01:30	1	2	15	0
        110006	2025-12-16 12:01:31	1	2	15	0
        119364	2025-12-16 12:01:34	1	2	15	0
        117054	2025-12-16 12:01:37	1	2	15	0
        116483	2025-12-16 12:01:39	1	2	15	0
        117259	2025-12-16 12:01:48	1	2	15	0
        116504	2025-12-16 12:01:50	1	2	15	0
        117634	2025-12-16 12:01:52	1	2	15	0
        110116	2025-12-16 12:01:52	1	2	15	0
        119143	2025-12-16 12:01:53	1	2	15	0
        117814	2025-12-16 12:01:58	1	2	15	0
        117915	2025-12-16 12:02:01	1	2	15	0
        110198	2025-12-16 12:02:12	1	2	15	0
        116763	2025-12-16 12:02:16	1	2	15	0
        117543	2025-12-16 12:02:22	1	2	15	0
        119386	2025-12-16 12:02:32	1	2	15	0
        119340	2025-12-16 12:02:54	1	2	15	0
        110358	2025-12-16 12:02:58	1	2	15	0
        110006	2025-12-16 12:03:04	1	2	15	0
        119143	2025-12-16 12:03:06	1	2	15	0
        117595	2025-12-16 12:03:08	1	2	15	0
        117967	2025-12-16 12:03:10	1	2	15	0
        117926	2025-12-16 12:03:13	1	2	15	0
        117644	2025-12-16 12:03:17	1	2	15	0
        117219	2025-12-16 12:03:25	1	2	15	0
        117683	2025-12-16 12:03:30	1	2	15	0
        116282	2025-12-16 12:03:32	1	2	15	0
        118928	2025-12-16 12:03:34	1	2	15	0
        116422	2025-12-16 12:03:36	1	2	15	0
        118157	2025-12-16 12:03:38	1	2	15	0
        117634	2025-12-16 12:03:39	1	2	15	0
        117915	2025-12-16 12:03:41	1	2	15	0
        110355	2025-12-16 12:03:43	1	2	15	0
        117043	2025-12-16 12:03:47	1	2	15	0
        118640	2025-12-16 12:03:50	1	2	15	0
        117616	2025-12-16 12:03:52	1	2	15	0
        117129	2025-12-16 12:03:54	1	2	15	0
        117122	2025-12-16 12:03:57	1	2	15	0
        110378	2025-12-16 12:03:59	1	2	15	0
        117144	2025-12-16 12:04:01	1	2	15	0
        110466	2025-12-16 12:04:03	1	2	15	0
        110357	2025-12-16 12:04:07	1	2	15	0
        110482	2025-12-16 12:04:10	1	2	15	0
        117054	2025-12-16 12:04:11	1	2	15	0
        117528	2025-12-16 12:04:14	1	2	15	0
        116104	2025-12-16 12:04:20	1	2	15	0
        117567	2025-12-16 12:04:22	1	2	15	0
        117224	2025-12-16 12:04:25	1	2	15	0
        118917	2025-12-16 12:04:27	1	2	15	0
        117733	2025-12-16 12:04:30	1	2	15	0
        117497	2025-12-16 12:04:33	1	2	15	0
        117972	2025-12-16 12:04:35	1	2	15	0
        110495	2025-12-16 12:04:39	1	2	15	0
        110493	2025-12-16 12:04:43	1	2	15	0
        116296	2025-12-16 12:04:46	1	2	15	0
        117529	2025-12-16 12:04:48	1	2	15	0
        117983	2025-12-16 12:04:50	1	2	15	0
        110377	2025-12-16 12:04:57	1	2	15	0
        110376	2025-12-16 12:05:00	1	2	15	0
        110393	2025-12-16 12:05:03	1	2	15	0
        110070	2025-12-16 12:05:06	1	2	15	0
        116426	2025-12-16 12:05:10	1	2	15	0
        110063	2025-12-16 12:05:13	1	2	15	0
        117080	2025-12-16 12:05:16	1	2	15	0
        110413	2025-12-16 12:05:17	1	2	15	0
        110354	2025-12-16 12:05:24	1	2	15	0
        117487	2025-12-16 12:05:24	1	2	15	0
        116748	2025-12-16 12:05:25	1	2	15	0
        117680	2025-12-16 12:05:30	1	2	15	0
        117999	2025-12-16 12:05:41	1	2	15	0
        116914	2025-12-16 12:05:45	1	2	15	0
        117591	2025-12-16 12:05:56	1	2	15	0
        119107	2025-12-16 12:06:09	1	2	15	0
        116763	2025-12-16 12:06:14	1	2	15	0
        116835	2025-12-16 12:06:19	1	2	15	0
        117833	2025-12-16 12:06:22	1	2	15	0
        117997	2025-12-16 12:06:24	1	2	15	0
        118043	2025-12-16 12:06:26	1	2	15	0
        119340	2025-12-16 12:06:29	1	2	15	0
        117790	2025-12-16 12:06:31	1	2	15	0
        110358	2025-12-16 12:06:31	1	2	15	0
        117991	2025-12-16 12:06:35	1	2	15	0
        118046	2025-12-16 12:06:37	1	2	15	0
        117129	2025-12-16 12:06:41	1	2	15	0
        110159	2025-12-16 12:06:50	1	2	15	0
        110062	2025-12-16 12:07:30	1	2	15	0
        117967	2025-12-16 12:07:32	1	2	15	0
        110158	2025-12-16 12:07:38	1	2	15	0
        117121	2025-12-16 12:07:41	1	2	15	0
        118782	2025-12-16 12:07:43	1	2	15	0
        117543	2025-12-16 12:08:29	1	2	15	0
        117059	2025-12-16 12:08:35	1	2	15	0
        117212	2025-12-16 12:09:05	1	2	15	0
        117972	2025-12-16 12:09:11	1	2	15	0
        117833	2025-12-16 12:09:14	1	2	15	0
        110329	2025-12-16 12:09:27	1	2	15	0
        110062	2025-12-16 12:09:32	1	2	15	0
        117711	2025-12-16 12:09:36	1	2	15	0
        116383	2025-12-16 12:09:40	1	2	15	0
        119386	2025-12-16 12:09:42	1	2	15	0
        110377	2025-12-16 12:09:44	1	2	15	0
        110376	2025-12-16 12:09:47	1	2	15	0
        117817	2025-12-16 12:10:23	1	2	15	0
        110128	2025-12-16 12:10:57	1	2	15	0
        119535	2025-12-16 12:11:04	1	2	15	0
        116297	2025-12-16 12:11:15	1	2	15	0
        117212	2025-12-16 12:11:18	1	2	15	0
        116799	2025-12-16 12:11:29	1	2	15	0
        118707	2025-12-16 12:11:38	1	2	15	0
        110105	2025-12-16 12:11:50	1	2	15	0
        110100	2025-12-16 12:11:55	1	2	15	0
        117172	2025-12-16 12:11:58	1	2	15	0
        110060	2025-12-16 12:12:01	1	2	15	0
        116960	2025-12-16 12:12:03	1	2	15	0
        117698	2025-12-16 12:12:05	1	2	15	0
        117725	2025-12-16 12:12:07	1	2	15	0
        117697	2025-12-16 12:12:09	1	2	15	0
        110415	2025-12-16 12:12:11	1	2	15	0
        110172	2025-12-16 12:12:13	1	2	15	0
        117710	2025-12-16 12:12:14	1	2	15	0
        118862	2025-12-16 12:12:16	1	2	15	0
        118835	2025-12-16 12:12:18	1	2	15	0
        110482	2025-12-16 12:12:20	1	2	15	0
        110368	2025-12-16 12:12:22	1	2	15	0
        110483	2025-12-16 12:12:25	1	2	15	0
        110495	2025-12-16 12:12:27	1	2	15	0
        110493	2025-12-16 12:12:29	1	2	15	0
        118829	2025-12-16 12:12:32	1	2	15	0
        116996	2025-12-16 12:12:35	1	2	15	0
        117529	2025-12-16 12:12:39	1	2	15	0
        119107	2025-12-16 12:12:45	1	2	15	0
        110366	2025-12-16 12:12:48	1	2	15	0
        117713	2025-12-16 12:12:52	1	2	15	0
        117704	2025-12-16 12:13:09	1	2	15	0
        110075	2025-12-16 12:13:48	1	2	15	0
        116346	2025-12-16 12:13:50	1	2	15	0
        119494	2025-12-16 12:13:53	1	2	15	0
        117849	2025-12-16 12:13:56	1	2	15	0
        117595	2025-12-16 12:13:57	1	2	15	0
        116787	2025-12-16 12:14:00	1	2	15	0
        116849	2025-12-16 12:14:01	1	2	15	0
        117926	2025-12-16 12:14:08	1	2	15	0
        116778	2025-12-16 12:14:19	1	2	15	0
        116551	2025-12-16 12:14:21	1	2	15	0
        117144	2025-12-16 12:14:39	1	2	15	0
        110378	2025-12-16 12:14:41	1	2	15	0
        117497	2025-12-16 12:14:41	1	2	15	0
        117122	2025-12-16 12:14:45	1	2	15	0
        119453	2025-12-16 12:14:59	1	2	15	0
        118971	2025-12-16 12:15:06	1	2	15	0
        117528	2025-12-16 12:15:10	1	2	15	0
        118782	2025-12-16 12:15:12	1	2	15	0
        117121	2025-12-16 12:15:18	1	2	15	0
        110355	2025-12-16 12:15:24	1	2	15	0
        110116	2025-12-16 12:15:34	1	2	15	0
        110088	2025-12-16 12:15:49	1	2	15	0
        116990	2025-12-16 12:15:54	1	2	15	0
        117837	2025-12-16 12:15:56	1	2	15	0
        117616	2025-12-16 12:15:58	1	2	15	0
        110032	2025-12-16 12:16:01	1	2	15	0
        117920	2025-12-16 12:16:05	1	2	15	0
        110367	2025-12-16 12:16:07	1	2	15	0
        117812	2025-12-16 12:16:09	1	2	15	0
        116995	2025-12-16 12:16:10	1	2	15	0
        119494	2025-12-16 12:16:11	1	2	15	0
        117707	2025-12-16 12:16:14	1	2	15	0
        117849	2025-12-16 12:16:16	1	2	15	0
        117850	2025-12-16 12:16:17	1	2	15	0
        117704	2025-12-16 12:16:19	1	2	15	0
        117710	2025-12-16 12:16:21	1	2	15	0
        117698	2025-12-16 12:16:23	1	2	15	0
        117725	2025-12-16 12:16:25	1	2	15	0
        116493	2025-12-16 12:16:27	1	2	15	0
        116778	2025-12-16 12:16:29	1	2	15	0
        116069	2025-12-16 12:16:31	1	2	15	0
        116070	2025-12-16 12:16:33	1	2	15	0
        110090	2025-12-16 12:16:35	1	2	15	0
        117713	2025-12-16 12:16:38	1	2	15	0
        110366	2025-12-16 12:16:40	1	2	15	0
        117697	2025-12-16 12:16:41	1	2	15	0
        118835	2025-12-16 12:16:44	1	2	15	0
        118862	2025-12-16 12:16:47	1	2	15	0
        118829	2025-12-16 12:16:49	1	2	15	0
        117189	2025-12-16 12:16:51	1	2	15	0
        110473	2025-12-16 12:16:54	1	2	15	0
        117993	2025-12-16 12:16:56	1	2	15	0
        116346	2025-12-16 12:16:59	1	2	15	0
        110075	2025-12-16 12:17:02	1	2	15	0
        116996	2025-12-16 12:17:05	1	2	15	0
        117567	2025-12-16 12:17:11	1	2	15	0
        116551	2025-12-16 12:17:40	1	2	15	0
        118503	2025-12-16 12:17:44	1	2	15	0
        117998	2025-12-16 12:17:49	1	2	15	0
        117786	2025-12-16 12:17:55	1	2	15	0
        110415	2025-12-16 12:18:00	1	2	15	0
        118458	2025-12-16 12:18:06	1	2	15	0
        118695	2025-12-16 12:18:08	1	2	15	0
        116296	2025-12-16 12:18:38	1	2	15	0
        116787	2025-12-16 12:18:46	1	2	15	0
        116849	2025-12-16 12:18:49	1	2	15	0
        110011	2025-12-16 12:19:10	1	2	15	0
        116252	2025-12-16 12:19:14	1	2	15	0
        110090	2025-12-16 12:19:15	1	2	15	0
        110050	2025-12-16 12:19:19	1	2	15	0
        110475	2025-12-16 12:19:23	1	2	15	0
        110077	2025-12-16 12:19:35	1	2	15	0
        117850	2025-12-16 12:19:39	1	2	15	0
        110367	2025-12-16 12:19:42	1	2	15	0
        110368	2025-12-16 12:19:48	1	2	15	0
        117707	2025-12-16 12:19:49	1	2	15	0
        119535	2025-12-16 12:19:50	1	2	15	0
        117920	2025-12-16 12:19:53	1	2	15	0
        116747	2025-12-16 12:19:59	1	2	15	0
        116472	2025-12-16 12:20:01	1	2	15	0
        119475	2025-12-16 12:20:06	1	2	15	0
        118503	2025-12-16 12:20:09	1	2	15	0
        110053	2025-12-16 12:20:11	1	2	15	0
        118953	2025-12-16 12:20:16	1	2	15	0
        118563	2025-12-16 12:20:48	1	2	15	0
        117114	2025-12-16 12:21:00	1	2	15	0
        110356	2025-12-16 12:21:05	1	2	15	0
        110492	2025-12-16 12:21:59	1	2	15	0
        110100	2025-12-16 12:22:05	1	2	15	0
        117630	2025-12-16 12:22:09	1	2	15	0
        116428	2025-12-16 12:22:28	1	2	15	0
        117897	2025-12-16 12:22:30	1	2	15	0
        110050	2025-12-16 12:22:37	1	2	15	0
        110011	2025-12-16 12:22:40	1	2	15	0
        119475	2025-12-16 12:22:47	1	2	15	0
        117632	2025-12-16 12:23:14	1	2	15	0
        116493	2025-12-16 12:23:27	1	2	15	0
        117999	2025-12-16 12:23:39	1	2	15	0
        119157	2025-12-16 12:24:18	1	2	15	0
        110070	2025-12-16 12:24:22	1	2	15	0
        119282	2025-12-16 12:24:29	1	2	15	0
        110356	2025-12-16 12:24:40	1	2	15	0
        117814	2025-12-16 12:24:46	1	2	15	0
        116960	2025-12-16 12:24:48	1	2	15	0
        110060	2025-12-16 12:24:53	1	2	15	0
        116799	2025-12-16 12:24:54	1	2	15	0
        117172	2025-12-16 12:24:59	1	2	15	0
        110198	2025-12-16 12:25:01	1	2	15	0
        117998	2025-12-16 12:25:17	1	2	15	0
        118695	2025-12-16 12:25:18	1	2	15	0
        118458	2025-12-16 12:25:20	1	2	15	0
        117591	2025-12-16 12:25:24	1	2	15	0
        110032	2025-12-16 12:25:34	1	2	15	0
        110088	2025-12-16 12:25:43	1	2	15	0
        116483	2025-12-16 12:25:47	1	2	15	0
        119157	2025-12-16 12:25:48	1	2	15	0
        116747	2025-12-16 12:25:51	1	2	15	0
        116504	2025-12-16 12:25:59	1	2	15	0
        116472	2025-12-16 12:26:02	1	2	15	0
        110158	2025-12-16 12:26:04	1	2	15	0
        117711	2025-12-16 12:26:09	1	2	15	0
        118761	2025-12-16 12:26:14	1	2	15	0
        116512	2025-12-16 12:26:19	1	2	15	0
        116751	2025-12-16 12:26:21	1	2	15	0
        116828	2025-12-16 12:26:30	1	2	1	0
        110492	2025-12-16 12:26:38	1	2	15	0
        117114	2025-12-16 12:26:56	1	2	15	0
        118207	2025-12-16 12:27:02	1	2	15	0
        118784	2025-12-16 12:27:05	1	2	15	0
        118563	2025-12-16 12:27:11	1	2	15	0
        118221	2025-12-16 12:27:16	1	2	15	0
        118953	2025-12-16 12:27:21	1	2	15	0
        117716	2025-12-16 12:27:25	1	2	15	0
        116428	2025-12-16 12:27:49	1	2	15	0
        117897	2025-12-16 12:27:51	1	2	15	0
        119282	2025-12-16 12:27:57	1	2	15	0
        110200	2025-12-16 12:28:13	1	2	15	0
        116260	2025-12-16 12:28:18	1	2	15	0
        110457	2025-12-16 12:28:23	1	2	15	0
        117541	2025-12-16 12:28:28	1	2	15	0
        117259	2025-12-16 12:28:29	1	2	15	0
        110473	2025-12-16 12:28:35	1	2	15	0
        117993	2025-12-16 12:28:36	1	2	15	0
        118207	2025-12-16 12:28:41	1	2	15	0
        118784	2025-12-16 12:28:48	1	2	15	0
        117630	2025-12-16 12:28:54	1	2	15	0
        110128	2025-12-16 12:29:00	1	2	15	0
        118046	2025-12-16 12:29:10	1	2	15	0
        110483	2025-12-16 12:29:16	1	2	15	0
        118753	2025-12-16 12:29:29	1	2	15	0
        117189	2025-12-16 12:29:50	1	2	15	0
        117111	2025-12-16 12:30:00	1	2	15	0
        117337	2025-12-16 12:30:04	1	2	15	0
        116072	2025-12-16 12:30:12	1	2	15	0
        116537	2025-12-16 12:30:14	1	2	15	0
        117077	2025-12-16 12:30:19	1	2	15	0
        116497	2025-12-16 12:30:21	1	2	15	0
        116337	2025-12-16 12:30:25	1	2	15	0
        117924	2025-12-16 12:30:27	1	2	15	0
        117341	2025-12-16 12:30:29	1	2	15	0
        116828	2025-12-16 12:30:34	1	2	1	0
        116512	2025-12-16 12:30:59	1	3	15	0
        116751	2025-12-16 12:31:01	1	3	15	0
        110200	2025-12-16 12:31:12	1	3	15	0
        116260	2025-12-16 12:31:30	1	3	15	0
        119104	2025-12-16 12:31:34	1	3	15	0
        110197	2025-12-16 12:31:40	1	3	15	0
        118221	2025-12-16 12:32:47	1	3	15	0
        119449	2025-12-16 12:33:06	1	3	15	0
        116337	2025-12-16 12:33:42	1	3	15	0
        117790	2025-12-16 12:33:44	1	3	15	0
        116537	2025-12-16 12:33:48	1	3	15	0
        117077	2025-12-16 12:33:50	1	3	15	0
        117341	2025-12-16 12:33:52	1	3	15	0
        117991	2025-12-16 12:33:58	1	3	15	0
        118584	2025-12-16 12:34:04	1	3	15	0
        119104	2025-12-16 12:34:10	1	3	15	0
        117716	2025-12-16 12:34:14	1	3	15	0
        116072	2025-12-16 12:34:57	1	3	15	0
        110457	2025-12-16 12:35:01	1	3	15	0
        116497	2025-12-16 12:35:07	1	3	15	0
        118813	2025-12-16 12:35:37	1	3	15	0
        118761	2025-12-16 12:36:03	1	3	15	0
        119364	2025-12-16 12:37:03	1	3	15	0
        110025	2025-12-16 12:37:06	1	3	15	0
        117224	2025-12-16 12:37:10	1	3	15	0
        118584	2025-12-16 12:37:30	1	3	15	0
        110159	2025-12-16 12:37:33	1	3	15	0
        117575	2025-12-16 12:37:45	1	3	15	0
        110053	2025-12-16 12:38:23	1	3	15	0
        116252	2025-12-16 12:38:44	1	3	15	0
        119571	2025-12-16 12:38:56	1	3	15	0
        110475	2025-12-16 12:39:08	1	3	15	0
        117103	2025-12-16 12:39:15	1	3	15	0
        117692	2025-12-16 12:39:17	1	3	15	0
        117786	2025-12-16 12:39:19	1	3	15	0
        117639	2025-12-16 12:39:21	1	3	15	0
        118867	2025-12-16 12:39:24	1	3	15	0
        110076	2025-12-16 12:39:30	1	3	15	0
        110131	2025-12-16 12:39:55	1	3	15	0
        118146	2025-12-16 12:39:56	1	3	15	0
        117222	2025-12-16 12:39:59	1	3	15	0
        118271	2025-12-16 12:40:30	1	3	15	0
        117642	2025-12-16 12:40:35	1	3	15	0
        118813	2025-12-16 12:41:48	1	3	15	0
        117680	2025-12-16 12:42:16	1	3	15	0
        118867	2025-12-16 12:42:24	1	3	15	0
        117103	2025-12-16 12:42:30	1	3	15	0
        119602	2025-12-16 12:42:48	1	3	15	0
        110077	2025-12-16 12:44:26	1	3	15	0
        110413	2025-12-16 12:44:29	1	3	15	0
        110393	2025-12-16 12:44:34	1	3	15	0
        110131	2025-12-16 12:44:43	1	3	15	0
        118146	2025-12-16 12:44:45	1	3	15	0
        117642	2025-12-16 12:44:47	1	3	15	0
        119602	2025-12-16 12:44:49	1	3	15	0
        117222	2025-12-16 12:44:58	1	3	15	0
        118271	2025-12-16 12:45:01	1	3	15	0
        117724	2025-12-16 12:45:37	1	3	15	0
        117059	2025-12-16 12:45:44	1	3	15	0
        117575	2025-12-16 12:46:29	1	3	15	0
        117692	2025-12-16 12:47:01	1	3	15	0
        117061	2025-12-16 12:47:03	1	3	15	0
        119365	2025-12-16 12:47:06	1	3	15	0
        117091	2025-12-16 12:47:10	1	3	15	0
        116805	2025-12-16 12:47:12	1	3	15	0
        118369	2025-12-16 12:47:14	1	3	15	0
        117981	2025-12-16 12:47:16	1	3	15	0
        116356	2025-12-16 12:47:17	1	3	15	0
        117133	2025-12-16 12:47:19	1	3	15	0
        117111	2025-12-16 12:47:48	1	3	15	0
        117337	2025-12-16 12:47:52	1	3	15	0
        117632	2025-12-16 12:48:12	1	3	15	0
        119449	2025-12-16 12:49:33	1	3	15	0
        110466	2025-12-16 12:50:16	1	3	15	0
        110197	2025-12-16 12:51:03	1	3	15	0
        110083	2025-12-16 12:51:11	1	3	15	0
        110372	2025-12-16 12:51:25	1	3	15	0
        117133	2025-12-16 12:51:29	1	3	15	0
        116805	2025-12-16 12:51:33	1	3	15	0
        118369	2025-12-16 12:51:35	1	3	15	0
        117061	2025-12-16 12:51:41	1	3	15	0
        117091	2025-12-16 12:51:49	1	3	15	0
        116356	2025-12-16 12:51:51	1	3	15	0
        117981	2025-12-16 12:51:53	1	3	15	0
        119227	2025-12-16 12:51:55	1	3	15	0
        118455	2025-12-16 12:51:57	1	3	15	0
        110057	2025-12-16 12:51:59	1	3	15	0
        110074	2025-12-16 12:52:02	1	3	15	0
        119070	2025-12-16 12:52:06	1	3	15	0
        119571	2025-12-16 12:53:09	1	3	15	0
        116104	2025-12-16 12:53:15	1	3	15	0
        110173	2025-12-16 12:54:12	1	3	15	0
        110485	2025-12-16 12:54:17	1	3	15	0
        119365	2025-12-16 12:54:39	1	3	15	0
        118753	2025-12-16 12:55:22	1	3	15	0
        117790	2025-12-16 12:55:53	1	3	15	0
        117991	2025-12-16 12:55:56	1	3	15	0
        110372	2025-12-16 12:56:19	1	3	15	0
        119227	2025-12-16 12:56:26	1	3	15	0
        118455	2025-12-16 12:56:41	1	3	15	0
        110083	2025-12-16 12:56:49	1	3	15	0
        119070	2025-12-16 12:57:12	1	3	15	0
        110057	2025-12-16 12:57:16	1	3	15	0
        110173	2025-12-16 12:57:26	1	3	15	0
        110329	2025-12-16 12:57:32	1	3	15	0
        110074	2025-12-16 12:57:40	1	3	15	0
        110485	2025-12-16 12:57:45	1	3	15	0
        117114	2025-12-16 12:58:26	1	3	15	0
        110051	2025-12-16 12:58:47	1	3	15	0
        118580	2025-12-16 12:59:31	1	3	15	0
        117085	2025-12-16 13:04:04	1	3	15	0
        116551	2025-12-16 16:21:55	1	1	15	0
        110070	2025-12-16 16:25:35	1	1	15	0
        110193	2025-12-16 16:29:19	1	1	15	0
        110198	2025-12-16 16:29:21	1	1	15	0
        119475	2025-12-16 16:30:25	1	1	15	0
        117838	2025-12-16 16:36:51	1	1	15	0
        117483	2025-12-16 16:36:52	1	1	15	0
        117769	2025-12-16 16:46:36	1	1	15	0
        117966	2025-12-16 16:46:39	1	1	15	0
        117982	2025-12-16 16:46:41	1	1	15	0
        116297	2025-12-16 16:56:51	1	1	15	0
        117997	2025-12-16 17:01:28	1	1	15	0
        110485	2025-12-16 17:02:15	1	1	15	0
        117972	2025-12-16 17:03:18	1	1	15	0
        119340	2025-12-16 17:03:28	1	1	15	0
        110358	2025-12-16 17:03:33	1	1	15	0
        118640	2025-12-16 17:03:50	1	1	15	0
        110376	2025-12-16 17:04:06	1	1	15	0
        110377	2025-12-16 17:04:10	1	1	15	0
        116960	2025-12-16 17:04:13	1	1	15	0
        117595	2025-12-16 17:04:18	1	1	15	0
        118043	2025-12-16 17:06:07	1	1	15	0
        118580	2025-12-16 17:06:49	1	1	15	0
        117711	2025-12-16 17:07:21	1	1	15	0
        110482	2025-12-16 17:07:26	1	1	15	0
        117133	2025-12-16 17:09:02	1	1	15	0
        117835	2025-12-16 17:09:39	1	1	15	0
        116799	2025-12-16 17:10:04	1	1	15	0
        110053	2025-12-16 17:11:45	1	1	15	0
        117642	2025-12-16 17:13:20	1	1	15	0
        117733	2025-12-16 17:13:22	1	1	15	0
        110378	2025-12-16 17:14:42	1	1	15	0
        110415	2025-12-16 17:16:45	1	1	15	0
        116990	2025-12-16 17:16:50	1	1	15	0
        117054	2025-12-16 17:18:53	1	1	15	0
        116426	2025-12-16 17:20:09	1	1	15	0
        118835	2025-12-16 17:20:48	1	1	15	0
        110483	2025-12-16 17:20:53	1	1	15	0
        116493	2025-12-16 17:21:02	1	1	15	0
        110366	2025-12-16 17:21:09	1	1	15	0
        117129	2025-12-16 17:22:22	1	1	15	0
        117043	2025-12-16 17:23:42	1	1	15	0
        117630	2025-12-16 17:24:00	1	1	15	0
        117814	2025-12-16 17:24:59	1	1	15	0
        110076	2025-12-16 17:25:39	1	1	15	0
        110354	2025-12-16 17:25:50	1	1	15	0
        110368	2025-12-16 17:27:32	1	1	15	0
        119070	2025-12-16 17:27:46	1	1	15	0
        118455	2025-12-16 17:27:48	1	1	15	0
        110495	2025-12-16 17:28:10	1	1	15	0
        110493	2025-12-16 17:28:14	1	1	15	0
        118207	2025-12-16 17:28:19	1	1	15	0
        118784	2025-12-16 17:28:36	1	1	15	0
        118271	2025-12-16 17:29:11	1	1	15	0
        110074	2025-12-16 17:29:49	1	1	15	0
        110357	2025-12-16 17:29:54	1	1	15	0
        117644	2025-12-16 17:31:24	1	1	15	0
        116428	2025-12-16 17:33:15	1	1	15	0
        119104	2025-12-16 17:34:16	1	1	15	0
        110197	2025-12-16 17:34:38	1	1	15	0
        118046	2025-12-16 17:39:27	1	1	15	0
        110473	2025-12-16 17:39:33	1	1	15	0
        110159	2025-12-16 17:40:53	1	1	15	0
        110475	2025-12-16 17:41:18	1	1	15	0
        117707	2025-12-16 17:41:39	1	1	15	0
        117591	2025-12-16 17:41:51	1	1	15	0
        110025	2025-12-16 17:43:01	1	1	15	0
        116072	2025-12-16 17:44:17	1	1	15	0
        116282	2025-12-16 17:46:09	1	1	15	0
        110077	2025-12-16 17:46:22	1	1	15	0
        117998	2025-12-16 17:47:09	1	1	15	0
        117921	2025-12-16 17:47:40	1	1	15	0
        117716	2025-12-16 17:48:11	1	1	15	0
        116356	2025-12-16 17:48:17	1	1	15	0
        119494	2025-12-16 17:48:20	1	1	15	0
        116142	2025-12-16 17:48:41	1	1	15	0
        116497	2025-12-16 17:49:40	1	1	15	0
        110172	2025-12-16 17:50:31	1	1	15	0
        116995	2025-12-16 17:50:36	1	1	15	0
        110329	2025-12-16 17:50:58	1	1	15	0
        119494	2025-12-16 17:52:42	1	1	15	0
        110024	2025-12-16 17:54:51	1	1	15	0
        117926	2025-12-16 17:54:59	1	1	15	0
        118744	2025-12-16 17:55:04	1	1	15	0
        117541	2025-12-16 17:55:42	1	1	15	0
        117259	2025-12-16 17:55:44	1	1	15	0
        116504	2025-12-16 17:55:48	1	1	15	0
        110457	2025-12-16 17:55:58	1	1	15	0
        110060	2025-12-16 17:56:34	1	1	15	0
        117924	2025-12-16 17:58:59	1	1	15	0
        117993	2025-12-16 18:00:49	1	1	15	0
        117189	2025-12-16 18:02:44	1	1	15	0
        116537	2025-12-16 18:03:13	1	1	15	0
        117341	2025-12-16 18:03:20	1	1	15	0
        118782	2025-12-16 18:03:26	1	1	15	0
        110158	2025-12-16 18:04:15	1	1	15	0
        118813	2025-12-16 18:04:46	1	1	15	0
        119386	2025-12-16 18:05:07	1	1	15	0
        118221	2025-12-16 18:05:16	1	1	15	0
        118146	2025-12-16 18:05:20	1	1	15	0
        117849	2025-12-16 18:05:27	1	1	15	0
        117692	2025-12-16 18:05:36	1	1	15	0
        118707	2025-12-16 18:05:40	1	1	15	0
        118753	2025-12-16 18:05:44	1	1	15	0
        116778	2025-12-16 18:07:14	1	1	15	0
        117061	2025-12-16 18:07:24	1	1	15	0
        117981	2025-12-16 18:07:25	1	1	15	0
        118369	2025-12-16 18:07:29	1	1	15	0
        116805	2025-12-16 18:07:31	1	1	15	0
        116483	2025-12-16 18:07:33	1	1	15	0
        117091	2025-12-16 18:07:36	1	1	15	0
        116296	2025-12-16 18:08:04	1	1	15	0
        117212	2025-12-16 18:08:52	1	1	15	0
        119365	2025-12-16 18:09:08	1	1	15	0
        110100	2025-12-16 18:09:31	1	1	15	0
        117172	2025-12-16 18:09:34	1	1	15	0
        117999	2025-12-16 18:13:17	1	1	15	0
        118503	2025-12-16 18:13:55	1	1	15	0
        116346	2025-12-16 18:14:14	1	1	15	0
        119364	2025-12-16 18:14:16	1	1	15	0
        117837	2025-12-16 18:15:30	1	1	15	0
        117807	2025-12-16 18:15:32	1	1	15	0
        117812	2025-12-16 18:15:34	1	1	15	0
        110083	2025-12-16 18:17:33	1	1	15	0
        118458	2025-12-16 18:18:21	1	1	15	0
        116849	2025-12-16 18:18:37	1	1	15	0
        116787	2025-12-16 18:18:39	1	1	15	0
        118867	2025-12-16 18:19:46	1	1	15	0
        119602	2025-12-16 18:20:44	1	1	15	0
        110393	2025-12-16 18:23:51	1	1	15	0
        110413	2025-12-16 18:23:54	1	1	15	0
        118917	2025-12-16 18:25:33	1	1	15	0
        117156	2025-12-16 18:25:48	1	1	15	0
        117817	2025-12-16 18:26:55	1	1	15	0
        119157	2025-12-16 18:27:21	1	1	15	0
        117144	2025-12-16 18:27:52	1	1	15	0
        117077	2025-12-16 18:28:10	1	1	15	0
        118953	2025-12-16 18:32:07	1	1	15	0
        116496	2025-12-16 18:32:12	1	1	15	0
        117770	2025-12-16 18:33:41	1	1	15	0
        110062	2025-12-16 18:34:42	1	1	15	0
        117222	2025-12-16 18:35:31	1	1	15	0
        110032	2025-12-16 18:37:05	1	1	15	0
        118761	2025-12-16 18:41:02	1	1	15	0
        117103	2025-12-16 18:46:16	1	1	15	0
        117529	2025-12-16 18:46:41	1	1	15	0
        119107	2025-12-16 18:53:12	1	1	15	0
        117487	2025-12-16 18:53:47	1	1	15	0
        119571	2025-12-16 19:00:01	1	1	15	0
        118971	2025-12-16 19:00:30	1	1	15	0
        118928	2025-12-16 19:01:50	1	1	15	0
        110200	2025-12-16 19:09:27	1	1	15	0
        117575	2025-12-16 19:11:46	1	1	15	0
        116834	2025-12-16 19:13:41	1	1	15	0
        118584	2025-12-16 19:15:26	1	1	15	0
        119282	2025-12-16 19:18:06	1	1	15	0
        118862	2025-12-16 19:18:46	1	1	15	0
        110006	2025-12-16 19:20:22	1	1	15	0
        117724	2025-12-16 19:37:20	1	1	15	0
        116472	2025-12-16 19:38:08	1	1	15	0
        116747	2025-12-16 19:38:26	1	1	15	0
        117969	2025-12-16 19:40:12	1	1	15	0
        116914	2025-12-16 19:40:44	1	1	15	0
        116748	2025-12-16 19:40:46	1	1	15	0
        118563	2025-12-16 19:40:55	1	1	15	0
        116069	2025-12-16 19:41:48	1	1	15	0
        116763	2025-12-16 19:42:13	1	1	15	0
        110424	2025-12-16 19:42:27	1	1	15	0
        117080	2025-12-16 19:42:37	1	1	15	0
        117786	2025-12-16 19:43:45	1	1	15	0
        117991	2025-12-16 19:44:32	1	1	15	0
        117790	2025-12-16 19:44:35	1	1	15	0
        110131	2025-12-16 19:46:26	1	1	15	0
        117121	2025-12-16 19:46:28	1	1	15	0
        110063	2025-12-16 19:46:52	1	1	15	0
        110173	2025-12-16 20:04:56	1	1	15	0
        119453	2025-12-16 20:05:07	1	1	15	0
        110356	2025-12-16 20:05:14	1	1	15	0
        117567	2025-12-16 20:06:40	1	1	15	0
        110355	2025-12-16 20:08:40	1	1	15	0
        110088	2025-12-16 20:09:11	1	1	15	0
        117122	2025-12-16 20:09:13	1	1	15	0
        110492	2025-12-16 20:10:41	1	1	15	0
        116512	2025-12-16 20:10:49	1	1	15	0
        116751	2025-12-16 20:10:50	1	1	15	0
        116996	2025-12-16 20:16:46	1	1	15	0
        117543	2025-12-16 20:18:54	1	1	15	0
        117967	2025-12-16 20:19:26	1	1	15	0
        117833	2025-12-16 20:19:32	1	1	15	0
        117983	2025-12-16 20:19:34	1	1	15	0
        117616	2025-12-16 20:20:11	1	1	15	0
        117224	2025-12-16 20:21:03	1	1	15	0
        117528	2025-12-16 20:21:06	1	1	15	0
        110116	2025-12-16 20:23:09	1	1	15	0
        117059	2025-12-16 20:24:08	1	1	15	0
        117680	2025-12-16 20:26:48	1	1	15	0
        110090	2025-12-16 20:27:50	1	1	15	0
        117632	2025-12-16 20:27:54	1	1	15	0
        117497	2025-12-16 20:28:03	1	1	15	0
        116252	2025-12-16 20:28:21	1	1	15	0
        110466	2025-12-16 20:28:29	1	1	15	0
        119227	2025-12-16 20:39:21	1	1	15	0
        110050	2025-12-16 20:40:09	1	1	15	0
        117219	2025-12-16 20:40:13	1	1	15	0
        116422	2025-12-16 20:40:15	1	1	15	0
        110075	2025-12-16 20:51:12	1	1	15	0
        117704	2025-12-16 20:51:48	1	1	15	0
        116828	2025-12-16 21:02:27	1	1	1	0
        119449	2025-12-16 21:03:18	1	1	15	0
        117111	2025-12-16 21:03:46	1	1	15	0
        117337	2025-12-16 21:04:09	1	1	15	0
        118695	2025-12-16 21:04:14	1	1	15	0
        117850	2025-12-16 21:05:10	1	1	15	0
        110367	2025-12-16 21:05:12	1	1	15	0
        117920	2025-12-16 21:05:15	1	1	15	0
        117713	2025-12-16 21:05:17	1	1	15	0
        117710	2025-12-16 21:05:19	1	1	15	0
        117698	2025-12-16 21:05:20	1	1	15	0
        117725	2025-12-16 21:05:22	1	1	15	0
        117697	2025-12-16 21:05:24	1	1	15	0
        117085	2025-12-16 21:06:46	1	1	15	0
        117897	2025-12-16 21:06:48	1	1	15	0
        110011	2025-12-16 21:10:37	1	1	15	0
        117683	2025-12-16 21:10:39	1	1	15	0
        118157	2025-12-16 21:10:44	1	1	15	0
        116104	2025-12-16 21:10:46	1	1	15	0
        117634	2025-12-16 21:11:06	1	1	15	0
        117915	2025-12-16 21:11:11	1	1	15	0
        116260	2025-12-16 21:14:21	1	1	15	0
        119535	2025-12-16 21:26:28	1	1	15	0
        110063	2025-12-16 21:42:24	1	1	15	0
        110128	2025-12-16 21:42:38	1	1	15	0
        110057	2025-12-16 21:48:58	1	1	15	0
        118568	2025-12-17 04:42:24	1	0	15	0
        118992	2025-12-17 06:24:09	1	0	15	0
        116835	2025-12-17 06:35:43	1	0	15	0
        119070	2025-12-17 06:37:24	1	0	15	0
        117835	2025-12-17 06:39:01	1	0	15	0
        110074	2025-12-17 06:43:13	1	0	15	0
        116551	2025-12-17 06:44:51	1	0	15	0
        116831	2025-12-17 06:48:59	1	0	15	0
        117704	2025-12-17 06:50:52	1	0	15	0
        117835	2025-12-17 06:57:11	1	0	15	0
        117930	2025-12-17 06:59:16	1	0	15	0
        110070	2025-12-17 07:02:01	1	0	15	0
        110084	2025-12-17 07:03:11	1	0	15	0
        118835	2025-12-17 07:04:24	1	0	15	0
        117528	2025-12-17 07:05:44	1	0	15	0
        116799	2025-12-17 07:07:02	1	0	15	0
        117769	2025-12-17 07:08:13	1	0	15	0
        117967	2025-12-17 07:08:48	1	0	15	0
        116142	2025-12-17 07:09:49	1	0	15	0
        110415	2025-12-17 07:09:56	1	0	15	0
        118640	2025-12-17 07:09:58	1	0	15	0
        117059	2025-12-17 07:11:49	1	0	15	0
        110113	2025-12-17 07:11:51	1	0	15	0
        119263	2025-12-17 07:11:56	1	0	15	0
        118580	2025-12-17 07:12:33	1	0	15	0
        110357	2025-12-17 07:12:58	1	0	15	0
        119602	2025-12-17 07:14:31	1	0	15	0
        110466	2025-12-17 07:15:05	1	0	15	0
        117838	2025-12-17 07:15:27	1	0	15	0
        110358	2025-12-17 07:17:36	1	0	15	0
        118043	2025-12-17 07:24:16	1	0	15	0
        119475	2025-12-17 07:24:34	1	0	15	0
        117483	2025-12-17 07:28:51	1	0	15	0
        119143	2025-12-17 07:31:32	1	0	15	0
        110457	2025-12-17 07:31:58	1	0	15	0
        117993	2025-12-17 07:32:07	1	0	15	0
        117966	2025-12-17 07:32:11	1	0	15	0
        110475	2025-12-17 07:32:57	1	0	15	0
        118157	2025-12-17 07:37:01	1	0	15	0
        110128	2025-12-17 07:38:48	1	0	15	0
        110377	2025-12-17 07:39:28	1	0	15	0
        117713	2025-12-17 07:40:05	1	0	15	0
        117770	2025-12-17 07:40:34	1	0	15	0
        117733	2025-12-17 07:40:48	1	0	15	0
        110376	2025-12-17 07:41:01	1	0	15	0
        110354	2025-12-17 07:42:55	1	0	15	0
        110493	2025-12-17 07:43:58	1	0	15	0
        117982	2025-12-17 07:45:18	1	0	15	0
        110063	2025-12-17 07:46:47	1	0	15	0
        116297	2025-12-17 07:46:53	1	0	15	0
        118829	2025-12-17 07:47:03	1	0	15	0
        110367	2025-12-17 07:48:30	1	0	15	0
        117121	2025-12-17 07:48:52	1	0	15	0
        110355	2025-12-17 07:49:23	1	0	15	0
        110356	2025-12-17 07:49:25	1	0	15	0
        117710	2025-12-17 07:49:29	1	0	15	0
        118695	2025-12-17 07:51:46	1	0	15	0
        116828	2025-12-17 07:51:50	1	0	1	0
        117724	2025-12-17 07:52:30	1	0	15	0
        119453	2025-12-17 07:52:51	1	0	15	0
        117699	2025-12-17 07:53:04	1	0	15	0
        117680	2025-12-17 07:53:52	1	0	15	0
        119227	2025-12-17 07:54:05	1	0	15	0
        117972	2025-12-17 07:55:46	1	0	15	0
        110366	2025-12-17 07:56:31	1	0	15	0
        110025	2025-12-17 07:56:36	1	0	15	0
        116426	2025-12-17 07:56:58	1	0	15	0
        117997	2025-12-17 07:57:03	1	0	15	0
        117817	2025-12-17 07:58:27	1	0	15	0
        117698	2025-12-17 07:58:48	1	0	15	0
        117725	2025-12-17 07:58:56	1	0	15	0
        118970	2025-12-17 07:58:59	1	0	15	0
        110062	2025-12-17 07:59:15	1	0	15	0
        110378	2025-12-17 08:00:29	1	0	15	0
        118584	2025-12-17 08:00:45	1	0	15	0
        117644	2025-12-17 08:01:21	1	0	15	0
        117591	2025-12-17 08:01:49	1	0	15	0
        116142	2025-12-17 08:02:07	1	0	15	0
        119104	2025-12-17 08:02:07	1	0	15	0
        110393	2025-12-17 08:03:04	1	0	15	0
        117487	2025-12-17 08:03:36	1	0	15	0
        110483	2025-12-17 08:03:45	1	0	15	0
        116072	2025-12-17 08:03:55	1	0	15	0
        110197	2025-12-17 08:03:59	1	0	15	0
        110051	2025-12-17 08:04:37	1	0	15	0
        117790	2025-12-17 08:04:52	1	0	15	0
        110197	2025-12-17 08:05:24	1	0	15	0
        119535	2025-12-17 08:05:49	1	0	15	0
        117543	2025-12-17 08:07:12	1	0	15	0
        116493	2025-12-17 08:07:14	1	0	15	0
        116960	2025-12-17 08:07:21	1	0	15	0
        117529	2025-12-17 08:07:35	1	0	15	0
        117707	2025-12-17 08:09:41	1	0	15	0
        118207	2025-12-17 08:09:46	1	0	15	0
        110329	2025-12-17 08:10:16	1	0	15	0
        116346	2025-12-17 08:10:30	1	0	15	0
        116496	2025-12-17 08:10:37	1	0	15	0
        118953	2025-12-17 08:11:50	1	0	15	0
        110485	2025-12-17 08:12:08	1	0	15	0
        110482	2025-12-17 08:12:31	1	0	15	0
        117981	2025-12-17 08:12:44	1	0	15	0
        117850	2025-12-17 08:13:03	1	0	15	0
        117129	2025-12-17 08:13:11	1	0	15	0
        118784	2025-12-17 08:13:17	1	0	15	0
        117807	2025-12-17 08:13:37	1	0	15	0
        110473	2025-12-17 08:13:49	1	0	15	0
        116512	2025-12-17 08:14:49	1	0	15	0
        116751	2025-12-17 08:14:51	1	0	15	0
        117921	2025-12-17 08:14:57	1	0	15	0
        116748	2025-12-17 08:15:02	1	0	15	0
        117697	2025-12-17 08:15:21	1	0	15	0
        117222	2025-12-17 08:16:02	1	0	15	0
        116282	2025-12-17 08:17:00	1	0	15	0
        117634	2025-12-17 08:17:01	1	0	15	0
        117915	2025-12-17 08:17:04	1	0	15	0
        116422	2025-12-17 08:17:55	1	0	15	0
        110495	2025-12-17 08:18:08	1	0	15	0
        117219	2025-12-17 08:18:18	1	0	15	0
        117120	2025-12-17 08:19:31	1	0	15	0
        117046	2025-12-17 08:19:35	1	0	15	0
        117259	2025-12-17 08:20:00	1	0	15	0
        117113	2025-12-17 08:20:06	1	0	15	0
        117616	2025-12-17 08:21:35	1	0	15	0
        110053	2025-12-17 08:21:54	1	0	15	0
        110076	2025-12-17 08:22:03	1	0	15	0
        116467	2025-12-17 08:22:21	1	0	15	0
        117630	2025-12-17 08:23:59	1	0	15	0
        110006	2025-12-17 08:25:21	1	0	15	0
        116356	2025-12-17 08:26:01	1	0	15	0
        116778	2025-12-17 08:26:18	1	0	15	0
        118186	2025-12-17 08:26:37	1	0	15	0
        116805	2025-12-17 08:27:38	1	0	15	0
        110372	2025-12-17 08:27:42	1	0	15	0
        117716	2025-12-17 08:28:07	1	0	15	0
        116537	2025-12-17 08:28:26	1	0	15	0
        117998	2025-12-17 08:28:31	1	0	15	0
        117043	2025-12-17 08:28:55	1	0	15	0
        117567	2025-12-17 08:29:14	1	0	15	0
        117497	2025-12-17 08:29:26	1	0	15	0
        117542	2025-12-17 08:32:03	1	0	15	0
        116497	2025-12-17 08:32:18	1	0	15	0
        117088	2025-12-17 08:32:54	1	0	15	0
        110011	2025-12-17 08:33:51	1	0	15	0
        117683	2025-12-17 08:33:53	1	0	15	0
        118563	2025-12-17 08:34:00	1	0	15	0
        117837	2025-12-17 08:34:14	1	0	15	0
        118046	2025-12-17 08:34:19	1	0	15	0
        117054	2025-12-17 08:34:44	1	0	15	0
        117709	2025-12-17 08:35:06	1	0	15	0
        118455	2025-12-17 08:36:04	1	0	15	0
        117920	2025-12-17 08:36:08	1	0	15	0
        110492	2025-12-17 08:36:13	1	0	15	0
        117595	2025-12-17 08:36:42	1	0	15	0
        117924	2025-12-17 08:37:16	1	0	15	0
        117114	2025-12-17 08:37:28	1	0	15	0
        117711	2025-12-17 08:38:28	1	0	15	0
        117122	2025-12-17 08:38:34	1	0	15	0
        117541	2025-12-17 08:38:40	1	0	15	0
        117991	2025-12-17 08:38:43	1	0	15	0
        117632	2025-12-17 08:39:30	1	0	15	0
        118146	2025-12-17 08:39:35	1	0	15	0
        110083	2025-12-17 08:39:45	1	0	15	0
        117969	2025-12-17 08:40:10	1	0	15	0
        117080	2025-12-17 08:40:39	1	0	15	0
        116996	2025-12-17 08:40:48	1	0	15	0
        116383	2025-12-17 08:41:07	1	0	15	0
        117926	2025-12-17 08:41:09	1	0	15	0
        117897	2025-12-17 08:41:11	1	0	15	0
        119006	2025-12-17 08:41:13	1	0	15	0
        117692	2025-12-17 08:41:19	1	0	15	0
        116279	2025-12-17 08:41:25	1	0	15	0
        119449	2025-12-17 08:42:04	1	0	15	0
        118458	2025-12-17 08:42:14	1	0	15	0
        110116	2025-12-17 08:42:22	1	0	15	0
        110088	2025-12-17 08:42:41	1	0	15	0
        117786	2025-12-17 08:42:53	1	0	15	0
        117833	2025-12-17 08:43:29	1	0	15	0
        110105	2025-12-17 08:44:50	1	0	15	0
        110032	2025-12-17 08:45:41	1	0	15	0
        116787	2025-12-17 08:45:47	1	0	15	0
        110173	2025-12-17 08:46:24	1	0	15	0
        110100	2025-12-17 08:46:36	1	0	15	0
        116472	2025-12-17 08:47:54	1	0	15	0
        110418	2025-12-17 08:48:05	1	0	15	0
        118971	2025-12-17 08:48:10	1	0	15	0
        117224	2025-12-17 08:49:12	1	0	15	0
        117061	2025-12-17 08:49:52	1	0	15	0
        119386	2025-12-17 08:49:53	1	0	15	0
        110368	2025-12-17 08:50:13	1	0	15	0
        117983	2025-12-17 08:50:25	1	0	15	0
        110090	2025-12-17 08:50:37	1	0	15	0
        116069	2025-12-17 08:50:44	1	0	15	0
        117849	2025-12-17 08:51:51	1	0	15	0
        118862	2025-12-17 08:51:55	1	0	15	0
        119493	2025-12-17 08:53:33	1	0	15	0
        116914	2025-12-17 08:53:47	1	0	15	0
        117575	2025-12-17 08:54:13	1	0	15	0
        110413	2025-12-17 08:54:44	1	0	15	0
        116763	2025-12-17 08:54:56	1	0	15	0
        117212	2025-12-17 08:55:35	1	0	15	0
        116252	2025-12-17 08:56:28	1	0	15	0
        118761	2025-12-17 08:56:32	1	0	15	0
        117189	2025-12-17 08:56:52	1	0	15	0
        110075	2025-12-17 08:57:10	1	0	15	0
        118503	2025-12-17 08:57:18	1	0	15	0
        110057	2025-12-17 08:57:43	1	0	15	0
        110158	2025-12-17 08:57:58	1	0	15	0
        116849	2025-12-17 08:58:01	1	0	15	0
        119364	2025-12-17 08:58:18	1	0	15	0
        118813	2025-12-17 08:59:07	1	0	15	0
        116747	2025-12-17 08:59:27	1	0	15	0
        117103	2025-12-17 09:01:50	1	0	15	0
        117341	2025-12-17 09:01:54	1	0	15	0
        119494	2025-12-17 09:02:35	1	0	15	0
        110183	2025-12-17 09:02:40	1	0	15	0
        119107	2025-12-17 09:02:49	1	0	15	0
        118782	2025-12-17 09:02:55	1	0	15	0
        110200	2025-12-17 09:06:54	1	0	15	0
        110055	2025-12-17 09:07:03	1	0	15	0
        116428	2025-12-17 09:07:07	1	0	15	0
        110172	2025-12-17 09:09:02	1	0	15	0
        117111	2025-12-17 09:09:18	1	0	15	0
        110159	2025-12-17 09:09:34	1	0	15	0
        117091	2025-12-17 09:09:58	1	0	15	0
        117156	2025-12-17 09:10:10	1	0	15	0
        116504	2025-12-17 09:10:58	1	0	15	0
        117814	2025-12-17 09:11:49	1	0	15	0
        118867	2025-12-17 09:14:32	1	0	15	0
        117337	2025-12-17 09:15:34	1	0	15	0
        116260	2025-12-17 09:17:02	1	0	15	0
        117085	2025-12-17 09:17:19	1	0	15	0
        116933	2025-12-17 09:17:45	1	0	15	0
        117172	2025-12-17 09:21:08	1	0	15	0
        117077	2025-12-17 09:29:17	1	0	15	0
        110085	2025-12-17 09:34:50	1	0	15	0
        116453	2025-12-17 09:35:08	1	0	15	0
        117815	2025-12-17 09:40:41	1	0	15	0
        110354	2025-12-17 11:59:47	1	2	15	0
        116787	2025-12-17 11:59:51	1	2	15	0
        117850	2025-12-17 12:00:00	1	2	15	0
        116426	2025-12-17 12:00:05	1	2	15	0
        116279	2025-12-17 12:00:09	1	2	15	0
        117930	2025-12-17 12:00:13	1	2	15	0
        117724	2025-12-17 12:00:37	1	2	15	0
        110113	2025-12-17 12:00:50	1	2	15	0
        110076	2025-12-17 12:00:53	1	2	15	0
        117077	2025-12-17 12:00:55	1	2	15	0
        118695	2025-12-17 12:01:00	1	2	15	0
        117111	2025-12-17 12:01:02	1	2	15	0
        117337	2025-12-17 12:01:04	1	2	15	0
        117997	2025-12-17 12:01:05	1	2	15	0
        117129	2025-12-17 12:01:07	1	2	15	0
        110090	2025-12-17 12:01:09	1	2	15	0
        110088	2025-12-17 12:01:10	1	2	15	0
        117616	2025-12-17 12:01:15	1	2	15	0
        117122	2025-12-17 12:01:17	1	2	15	0
        110116	2025-12-17 12:01:20	1	2	15	0
        116748	2025-12-17 12:01:22	1	2	15	0
        116914	2025-12-17 12:01:24	1	2	15	0
        117080	2025-12-17 12:01:26	1	2	15	0
        117993	2025-12-17 12:01:27	1	2	15	0
        118953	2025-12-17 12:01:29	1	2	15	0
        110070	2025-12-17 12:01:32	1	2	15	0
        110473	2025-12-17 12:01:35	1	2	15	0
        117529	2025-12-17 12:01:41	1	2	15	0
        117716	2025-12-17 12:01:46	1	2	15	0
        117630	2025-12-17 12:01:48	1	2	15	0
        116453	2025-12-17 12:01:51	1	2	15	0
        117091	2025-12-17 12:01:56	1	2	15	0
        116497	2025-12-17 12:01:58	1	2	15	0
        116072	2025-12-17 12:02:00	1	2	15	0
        110063	2025-12-17 12:02:02	1	2	15	0
        110457	2025-12-17 12:02:03	1	2	15	0
        117224	2025-12-17 12:02:10	1	2	15	0
        117054	2025-12-17 12:02:13	1	2	15	0
        117998	2025-12-17 12:02:15	1	2	15	0
        116512	2025-12-17 12:02:17	1	2	15	0
        116751	2025-12-17 12:02:18	1	2	15	0
        119107	2025-12-17 12:02:20	1	2	15	0
        110197	2025-12-17 12:02:31	1	2	15	0
        110376	2025-12-17 12:02:33	1	2	15	0
        110377	2025-12-17 12:02:35	1	2	15	0
        110077	2025-12-17 12:02:38	1	2	15	0
        110172	2025-12-17 12:02:41	1	2	15	0
        117924	2025-12-17 12:02:46	1	2	15	0
        117541	2025-12-17 12:02:48	1	2	15	0
        110055	2025-12-17 12:02:55	1	2	15	0
        110354	2025-12-17 12:03:07	1	2	15	0
        119493	2025-12-17 12:03:12	1	2	15	0
        117926	2025-12-17 12:03:17	1	2	15	0
        117967	2025-12-17 12:03:30	1	2	15	0
        116453	2025-12-17 12:03:45	1	2	15	0
        119535	2025-12-17 12:03:48	1	2	15	0
        119227	2025-12-17 12:03:50	1	2	15	0
        110057	2025-12-17 12:03:53	1	2	15	0
        117529	2025-12-17 12:03:56	1	2	15	0
        116279	2025-12-17 12:04:00	1	2	15	0
        117542	2025-12-17 12:04:02	1	2	15	0
        117850	2025-12-17 12:04:07	1	2	15	0
        110482	2025-12-17 12:04:08	1	2	15	0
        117924	2025-12-17 12:04:17	1	2	15	0
        117091	2025-12-17 12:04:21	1	2	15	0
        117046	2025-12-17 12:04:24	1	2	15	0
        110418	2025-12-17 12:04:26	1	2	15	0
        116072	2025-12-17 12:04:29	1	2	15	0
        110457	2025-12-17 12:04:30	1	2	15	0
        117814	2025-12-17 12:04:32	1	2	15	0
        117120	2025-12-17 12:04:39	1	2	15	0
        117630	2025-12-17 12:05:03	1	2	15	0
        117189	2025-12-17 12:05:09	1	2	15	0
        117054	2025-12-17 12:05:12	1	2	15	0
        110354	2025-12-17 12:05:17	1	2	15	0
        110025	2025-12-17 12:05:25	1	2	15	0
        110075	2025-12-17 12:05:32	1	2	15	0
        116497	2025-12-17 12:05:39	1	2	15	0
        117997	2025-12-17 12:05:44	1	2	15	0
        110158	2025-12-17 12:05:49	1	2	15	0
        116512	2025-12-17 12:06:05	1	2	15	0
        116751	2025-12-17 12:06:09	1	2	15	0
        117567	2025-12-17 12:06:19	1	2	15	0
        117833	2025-12-17 12:06:30	1	2	15	0
        119453	2025-12-17 12:06:37	1	2	15	0
        117497	2025-12-17 12:06:39	1	2	15	0
        116914	2025-12-17 12:06:40	1	2	15	0
        117080	2025-12-17 12:06:42	1	2	15	0
        116748	2025-12-17 12:06:44	1	2	15	0
        117680	2025-12-17 12:06:45	1	2	15	0
        117341	2025-12-17 12:06:47	1	2	15	0
        110128	2025-12-17 12:06:50	1	2	15	0
        117711	2025-12-17 12:06:54	1	2	15	0
        110355	2025-12-17 12:06:57	1	2	15	0
        110356	2025-12-17 12:07:01	1	2	15	0
        116297	2025-12-17 12:07:03	1	2	15	0
        117046	2025-12-17 12:07:08	1	2	15	0
        117077	2025-12-17 12:07:12	1	2	15	0
        117541	2025-12-17 12:07:14	1	2	15	0
        117930	2025-12-17 12:07:17	1	2	15	0
        118835	2025-12-17 12:07:18	1	2	15	0
        117120	2025-12-17 12:07:22	1	2	15	0
        110483	2025-12-17 12:07:25	1	2	15	0
        118640	2025-12-17 12:07:29	1	2	15	0
        117967	2025-12-17 12:07:32	1	2	15	0
        118970	2025-12-17 12:07:34	1	2	15	0
        118928	2025-12-17 12:07:36	1	2	15	0
        110418	2025-12-17 12:07:37	1	2	15	0
        117632	2025-12-17 12:07:39	1	2	15	0
        110172	2025-12-17 12:07:41	1	2	15	0
        110076	2025-12-17 12:07:46	1	2	15	0
        118563	2025-12-17 12:08:03	1	2	15	0
        110113	2025-12-17 12:08:19	1	2	15	0
        118829	2025-12-17 12:08:21	1	2	15	0
        117790	2025-12-17 12:08:24	1	2	15	0
        117786	2025-12-17 12:08:26	1	2	15	0
        117698	2025-12-17 12:08:28	1	2	15	0
        117725	2025-12-17 12:08:33	1	2	15	0
        117704	2025-12-17 12:08:35	1	2	15	0
        110368	2025-12-17 12:08:37	1	2	15	0
        117710	2025-12-17 12:08:39	1	2	15	0
        117697	2025-12-17 12:08:41	1	2	15	0
        110482	2025-12-17 12:08:42	1	2	15	0
        119107	2025-12-17 12:08:48	1	2	15	0
        118580	2025-12-17 12:08:56	1	2	15	0
        117814	2025-12-17 12:09:03	1	2	15	0
        117713	2025-12-17 12:09:05	1	2	15	0
        110366	2025-12-17 12:09:08	1	2	15	0
        116799	2025-12-17 12:09:11	1	2	15	0
        117817	2025-12-17 12:09:15	1	2	15	0
        117059	2025-12-17 12:09:19	1	2	15	0
        116383	2025-12-17 12:09:27	1	2	15	0
        117043	2025-12-17 12:09:30	1	2	15	0
        110053	2025-12-17 12:09:33	1	2	15	0
        110063	2025-12-17 12:09:36	1	2	15	0
        119535	2025-12-17 12:09:39	1	2	15	0
        116252	2025-12-17 12:09:41	1	2	15	0
        119263	2025-12-17 12:09:43	1	2	15	0
        116778	2025-12-17 12:10:12	1	2	15	0
        117129	2025-12-17 12:10:18	1	2	15	0
        117833	2025-12-17 12:10:44	1	2	15	0
        118043	2025-12-17 12:10:51	1	2	15	0
        117707	2025-12-17 12:10:54	1	2	15	0
        118928	2025-12-17 12:10:56	1	2	15	0
        118970	2025-12-17 12:10:58	1	2	15	0
        117920	2025-12-17 12:10:59	1	2	15	0
        110051	2025-12-17 12:11:04	1	2	15	0
        110367	2025-12-17 12:11:08	1	2	15	0
        119494	2025-12-17 12:11:12	1	2	15	0
        110355	2025-12-17 12:11:16	1	2	15	0
        117341	2025-12-17 12:11:18	1	2	15	0
        110356	2025-12-17 12:11:21	1	2	15	0
        119104	2025-12-17 12:11:45	1	2	15	0
        118503	2025-12-17 12:11:50	1	2	15	0
        110415	2025-12-17 12:11:54	1	2	15	0
        110376	2025-12-17 12:11:59	1	2	15	0
        110377	2025-12-17 12:12:03	1	2	15	0
        110466	2025-12-17 12:12:07	1	2	15	0
        110116	2025-12-17 12:12:39	1	2	15	0
        110006	2025-12-17 12:12:43	1	2	15	0
        117972	2025-12-17 12:12:46	1	2	15	0
        119143	2025-12-17 12:12:49	1	2	15	0
        119494	2025-12-17 12:12:55	1	2	15	0
        118458	2025-12-17 12:13:00	1	2	15	0
        118503	2025-12-17 12:13:14	1	2	15	0
        119104	2025-12-17 12:13:17	1	2	15	0
        117043	2025-12-17 12:13:19	1	2	15	0
        116453	2025-12-17 12:13:28	1	2	15	0
        117114	2025-12-17 12:13:29	1	2	15	0
        119227	2025-12-17 12:13:38	1	2	15	0
        110057	2025-12-17 12:13:41	1	2	15	0
        117113	2025-12-17 12:13:49	1	2	15	0
        116996	2025-12-17 12:13:51	1	2	15	0
        119006	2025-12-17 12:13:56	1	2	15	0
        110025	2025-12-17 12:14:11	1	2	15	0
        110075	2025-12-17 12:14:16	1	2	15	0
        110128	2025-12-17 12:14:22	1	2	15	0
        117713	2025-12-17 12:14:25	1	2	15	0
        117697	2025-12-17 12:14:27	1	2	15	0
        110366	2025-12-17 12:14:29	1	2	15	0
        117711	2025-12-17 12:14:31	1	2	15	0
        117704	2025-12-17 12:14:33	1	2	15	0
        117710	2025-12-17 12:14:37	1	2	15	0
        117698	2025-12-17 12:14:47	1	2	15	0
        118835	2025-12-17 12:14:52	1	2	15	0
        117725	2025-12-17 12:14:56	1	2	15	0
        110100	2025-12-17 12:14:59	1	2	15	0
        116960	2025-12-17 12:15:01	1	2	15	0
        118640	2025-12-17 12:15:04	1	2	15	0
        117172	2025-12-17 12:15:08	1	2	15	0
        110483	2025-12-17 12:15:13	1	2	15	0
        117733	2025-12-17 12:15:16	1	2	15	0
        110415	2025-12-17 12:15:17	1	2	15	0
        110006	2025-12-17 12:15:24	1	2	15	0
        110070	2025-12-17 12:15:28	1	2	15	0
        119143	2025-12-17 12:15:30	1	2	15	0
        117991	2025-12-17 12:15:33	1	2	15	0
        117972	2025-12-17 12:15:34	1	2	15	0
        110159	2025-12-17 12:15:36	1	2	15	0
        117920	2025-12-17 12:15:38	1	2	15	0
        117595	2025-12-17 12:15:40	1	2	15	0
        110368	2025-12-17 12:15:42	1	2	15	0
        110367	2025-12-17 12:15:44	1	2	15	0
        116383	2025-12-17 12:15:46	1	2	15	0
        110053	2025-12-17 12:15:48	1	2	15	0
        118043	2025-12-17 12:15:51	1	2	15	0
        118829	2025-12-17 12:15:53	1	2	15	0
        110085	2025-12-17 12:15:56	1	2	15	0
        119453	2025-12-17 12:15:58	1	2	15	0
        117497	2025-12-17 12:16:00	1	2	15	0
        110088	2025-12-17 12:16:02	1	2	15	0
        110466	2025-12-17 12:16:04	1	2	15	0
        117680	2025-12-17 12:16:07	1	2	15	0
        116252	2025-12-17 12:16:08	1	2	15	0
        117707	2025-12-17 12:16:09	1	2	15	0
        117616	2025-12-17 12:16:12	1	2	15	0
        117189	2025-12-17 12:16:13	1	2	15	0
        117222	2025-12-17 12:16:21	1	2	15	0
        117817	2025-12-17 12:16:25	1	2	15	0
        110158	2025-12-17 12:16:29	1	2	15	0
        118992	2025-12-17 12:16:34	1	2	15	0
        116799	2025-12-17 12:16:37	1	2	15	0
        117770	2025-12-17 12:16:46	1	2	15	0
        117567	2025-12-17 12:16:55	1	2	15	0
        117088	2025-12-17 12:17:04	1	2	15	0
        117790	2025-12-17 12:17:10	1	2	15	0
        118458	2025-12-17 12:17:24	1	2	15	0
        117644	2025-12-17 12:17:53	1	2	15	0
        118992	2025-12-17 12:18:54	1	2	15	0
        110197	2025-12-17 12:19:00	1	2	15	0
        116849	2025-12-17 12:19:04	1	2	15	0
        116787	2025-12-17 12:19:06	1	2	15	0
        116551	2025-12-17 12:19:07	1	2	15	0
        119006	2025-12-17 12:19:21	1	2	15	0
        110051	2025-12-17 12:19:31	1	2	15	0
        117644	2025-12-17 12:19:36	1	2	15	0
        117733	2025-12-17 12:19:38	1	2	15	0
        110100	2025-12-17 12:19:50	1	2	15	0
        110378	2025-12-17 12:20:00	1	2	15	0
        116805	2025-12-17 12:20:02	1	2	15	0
        116260	2025-12-17 12:20:04	1	2	15	0
        116960	2025-12-17 12:20:20	1	2	15	0
        117172	2025-12-17 12:20:26	1	2	15	0
        117113	2025-12-17 12:20:33	1	2	15	0
        116849	2025-12-17 12:20:46	1	2	15	0
        117770	2025-12-17 12:20:54	1	2	15	0
        117156	2025-12-17 12:21:02	1	2	15	0
        119263	2025-12-17 12:21:14	1	2	15	0
        119475	2025-12-17 12:21:21	1	2	15	0
        117222	2025-12-17 12:21:30	1	2	15	0
        116346	2025-12-17 12:21:36	1	2	15	0
        117212	2025-12-17 12:21:40	1	2	15	0
        110357	2025-12-17 12:21:41	1	2	15	0
        117982	2025-12-17 12:21:46	1	2	15	0
        117921	2025-12-17 12:21:48	1	2	15	0
        116996	2025-12-17 12:21:56	1	2	15	0
        117224	2025-12-17 12:22:20	1	2	15	0
        110105	2025-12-17 12:22:33	1	2	15	0
        110358	2025-12-17 12:23:00	1	2	15	0
        117103	2025-12-17 12:23:14	1	2	15	0
        110032	2025-12-17 12:23:36	1	2	15	0
        116551	2025-12-17 12:23:40	1	2	15	0
        116346	2025-12-17 12:23:45	1	2	15	0
        110492	2025-12-17 12:23:52	1	2	15	0
        116142	2025-12-17 12:24:00	1	2	15	0
        117692	2025-12-17 12:24:02	1	2	15	0
        119475	2025-12-17 12:24:06	1	2	15	0
        110475	2025-12-17 12:24:12	1	2	15	0
        117259	2025-12-17 12:24:32	1	2	15	0
        116537	2025-12-17 12:24:50	1	2	15	0
        116805	2025-12-17 12:24:55	1	2	15	0
        116260	2025-12-17 12:24:57	1	2	15	0
        110378	2025-12-17 12:25:00	1	2	15	0
        110357	2025-12-17 12:25:26	1	2	15	0
        110085	2025-12-17 12:25:48	1	2	15	0
        117111	2025-12-17 12:26:14	1	2	15	0
        118695	2025-12-17 12:26:17	1	2	15	0
        118584	2025-12-17 12:26:23	1	2	15	0
        118563	2025-12-17 12:26:31	1	2	15	0
        117122	2025-12-17 12:26:35	1	2	15	0
        117337	2025-12-17 12:26:43	1	2	15	0
        117632	2025-12-17 12:26:48	1	2	15	0
        117982	2025-12-17 12:27:02	1	2	15	0
        117692	2025-12-17 12:27:05	1	2	15	0
        117483	2025-12-17 12:27:07	1	2	15	0
        117769	2025-12-17 12:27:10	1	2	15	0
        117838	2025-12-17 12:27:12	1	2	15	0
        117591	2025-12-17 12:27:13	1	2	15	0
        117212	2025-12-17 12:27:15	1	2	15	0
        110358	2025-12-17 12:27:18	1	2	15	0
        116142	2025-12-17 12:27:22	1	2	15	0
        117103	2025-12-17 12:27:57	1	2	15	0
        117575	2025-12-17 12:27:59	1	2	15	0
        116537	2025-12-17 12:28:08	1	2	15	0
        118046	2025-12-17 12:28:17	1	2	15	0
        116493	2025-12-17 12:28:35	1	2	15	0
        117709	2025-12-17 12:28:38	1	2	15	0
        117259	2025-12-17 12:28:39	1	2	15	0
        117849	2025-12-17 12:28:45	1	2	15	0
        117915	2025-12-17 12:28:58	1	2	15	0
        117699	2025-12-17 12:29:02	1	2	15	0
        116282	2025-12-17 12:29:04	1	2	15	0
        118157	2025-12-17 12:29:06	1	2	15	0
        117683	2025-12-17 12:29:08	1	2	15	0
        117219	2025-12-17 12:29:09	1	2	15	0
        116422	2025-12-17 12:29:11	1	2	15	0
        117634	2025-12-17 12:29:13	1	2	15	0
        110473	2025-12-17 12:29:50	1	2	15	0
        117716	2025-12-17 12:29:51	1	2	15	0
        117993	2025-12-17 12:29:54	1	2	15	0
        116828	2025-12-17 12:29:59	1	2	1	0
        117998	2025-12-17 12:30:05	1	3	15	0
        117769	2025-12-17 12:30:22	1	3	15	0
        117483	2025-12-17 12:30:24	1	3	15	0
        117838	2025-12-17 12:30:27	1	3	15	0
        117156	2025-12-17 12:30:46	1	3	15	0
        117085	2025-12-17 12:30:52	1	3	15	0
        117575	2025-12-17 12:30:58	1	3	15	0
        117921	2025-12-17 12:31:29	1	3	15	0
        117709	2025-12-17 12:31:40	1	3	15	0
        117849	2025-12-17 12:31:42	1	3	15	0
        118862	2025-12-17 12:31:45	1	3	15	0
        117085	2025-12-17 12:31:55	1	3	15	0
        117114	2025-12-17 12:32:56	1	3	15	0
        117634	2025-12-17 12:33:25	1	3	15	0
        117219	2025-12-17 12:33:27	1	3	15	0
        116282	2025-12-17 12:33:29	1	3	15	0
        117683	2025-12-17 12:33:31	1	3	15	0
        116422	2025-12-17 12:33:33	1	3	15	0
        118157	2025-12-17 12:33:34	1	3	15	0
        117915	2025-12-17 12:33:36	1	3	15	0
        110011	2025-12-17 12:33:41	1	3	15	0
        116104	2025-12-17 12:33:42	1	3	15	0
        117699	2025-12-17 12:33:50	1	3	15	0
        117591	2025-12-17 12:33:55	1	3	15	0
        118584	2025-12-17 12:33:59	1	3	15	0
        116493	2025-12-17 12:34:41	1	3	15	0
        117542	2025-12-17 12:35:30	1	3	15	0
        116426	2025-12-17 12:35:35	1	3	15	0
        116297	2025-12-17 12:36:15	1	3	15	0
        118580	2025-12-17 12:36:23	1	3	15	0
        110084	2025-12-17 12:36:27	1	3	15	0
        110055	2025-12-17 12:36:31	1	3	15	0
        117059	2025-12-17 12:36:36	1	3	15	0
        119493	2025-12-17 12:36:44	1	3	15	0
        110105	2025-12-17 12:36:56	1	3	15	0
        110200	2025-12-17 12:37:20	1	3	15	0
        118862	2025-12-17 12:37:24	1	3	15	0
        110084	2025-12-17 12:37:27	1	3	15	0
        117983	2025-12-17 12:38:36	1	3	15	0
        116467	2025-12-17 12:39:26	1	3	15	0
        118761	2025-12-17 12:39:35	1	3	15	0
        110492	2025-12-17 12:40:01	1	3	15	0
        110011	2025-12-17 12:40:09	1	3	15	0
        116104	2025-12-17 12:40:11	1	3	15	0
        118046	2025-12-17 12:40:25	1	3	15	0
        117926	2025-12-17 12:40:36	1	3	15	0
        116933	2025-12-17 12:40:41	1	3	15	0
        110495	2025-12-17 12:40:44	1	3	15	0
        110493	2025-12-17 12:40:49	1	3	15	0
        117983	2025-12-17 12:41:25	1	3	15	0
        110032	2025-12-17 12:41:37	1	3	15	0
        116778	2025-12-17 12:41:49	1	3	15	0
        117088	2025-12-17 12:42:06	1	3	15	0
        118813	2025-12-17 12:42:30	1	3	15	0
        117991	2025-12-17 12:42:35	1	3	15	0
        110159	2025-12-17 12:42:39	1	3	15	0
        117595	2025-12-17 12:42:43	1	3	15	0
        117724	2025-12-17 12:43:20	1	3	15	0
        118813	2025-12-17 12:45:09	1	3	15	0
        110475	2025-12-17 12:45:55	1	3	15	0
        118207	2025-12-17 12:46:43	1	3	15	0
        110173	2025-12-17 12:46:47	1	3	15	0
        118867	2025-12-17 12:47:09	1	3	15	0
        110495	2025-12-17 12:47:20	1	3	15	0
        110493	2025-12-17 12:47:25	1	3	15	0
        118784	2025-12-17 12:47:31	1	3	15	0
        116467	2025-12-17 12:47:35	1	3	15	0
        119070	2025-12-17 12:48:00	1	3	15	0
        118455	2025-12-17 12:48:02	1	3	15	0
        110074	2025-12-17 12:48:04	1	3	15	0
        119364	2025-12-17 12:48:08	1	3	15	0
        110485	2025-12-17 12:48:26	1	3	15	0
        118207	2025-12-17 12:49:02	1	3	15	0
        110173	2025-12-17 12:49:05	1	3	15	0
        117981	2025-12-17 12:49:08	1	3	15	0
        117061	2025-12-17 12:49:09	1	3	15	0
        116828	2025-12-17 12:49:12	1	3	1	0
        116356	2025-12-17 12:49:18	1	3	15	0
        118186	2025-12-17 12:49:21	1	3	15	0
        118761	2025-12-17 12:49:36	1	3	15	0
        117897	2025-12-17 12:49:50	1	3	15	0
        118782	2025-12-17 12:49:52	1	3	15	0
        119449	2025-12-17 12:50:34	1	3	15	0
        118867	2025-12-17 12:50:52	1	3	15	0
        110183	2025-12-17 12:51:08	1	3	15	0
        117487	2025-12-17 12:51:36	1	3	15	0
        117528	2025-12-17 12:51:39	1	3	15	0
        110077	2025-12-17 12:51:45	1	3	15	0
        117121	2025-12-17 12:51:47	1	3	15	0
        116428	2025-12-17 12:51:49	1	3	15	0
        116763	2025-12-17 12:51:51	1	3	15	0
        117981	2025-12-17 12:52:11	1	3	15	0
        117061	2025-12-17 12:52:15	1	3	15	0
        116356	2025-12-17 12:52:17	1	3	15	0
        110485	2025-12-17 12:52:22	1	3	15	0
        118953	2025-12-17 12:52:25	1	3	15	0
        117897	2025-12-17 12:52:36	1	3	15	0
        118784	2025-12-17 12:52:38	1	3	15	0
        118186	2025-12-17 12:52:42	1	3	15	0
        116453	2025-12-17 12:53:03	1	3	15	0
        118455	2025-12-17 12:53:43	1	3	15	0
        110074	2025-12-17 12:53:47	1	3	15	0
        119070	2025-12-17 12:53:52	1	3	15	0
        119364	2025-12-17 12:54:00	1	3	15	0
        118971	2025-12-17 12:54:06	1	3	15	0
        116428	2025-12-17 12:54:19	1	3	15	0
        117121	2025-12-17 12:54:24	1	3	15	0
        116763	2025-12-17 12:54:27	1	3	15	0
        117487	2025-12-17 12:54:29	1	3	15	0
        117528	2025-12-17 12:54:32	1	3	15	0
        118782	2025-12-17 12:55:15	1	3	15	0
        117543	2025-12-17 12:56:01	1	3	15	0
        119449	2025-12-17 12:56:07	1	3	15	0
        116933	2025-12-17 12:56:11	1	3	15	0
        116504	2025-12-17 12:56:47	1	3	15	0
        110183	2025-12-17 12:57:10	1	3	15	0
        110090	2025-12-17 12:57:18	1	3	15	0
        119493	2025-12-17 12:57:57	1	3	15	0
        119449	2025-12-17 12:58:03	1	3	15	0
        118971	2025-12-17 12:58:14	1	3	15	0
        117786	2025-12-17 12:58:52	1	3	15	0
        116504	2025-12-17 12:59:02	1	3	15	0
        117543	2025-12-17 12:59:04	1	3	15	0
        118455	2025-12-17 15:31:54	1	3	15	0
        110113	2025-12-17 16:22:07	1	1	15	0
        110074	2025-12-17 16:25:22	1	1	15	0
        117930	2025-12-17 16:26:44	1	1	15	0
        116551	2025-12-17 16:30:44	1	1	15	0
        117483	2025-12-17 16:33:08	1	1	15	0
        119475	2025-12-17 16:36:22	1	1	15	0
        116297	2025-12-17 16:47:12	1	1	15	0
        117982	2025-12-17 16:50:09	1	1	15	0
        117770	2025-12-17 16:52:01	1	1	15	0
        117966	2025-12-17 16:52:05	1	1	15	0
        118580	2025-12-17 16:52:07	1	1	15	0
        118640	2025-12-17 16:54:44	1	1	15	0
        116426	2025-12-17 17:01:25	1	1	15	0
        117644	2025-12-17 17:01:38	1	1	15	0
        117993	2025-12-17 17:01:41	1	1	15	0
        110084	2025-12-17 17:02:09	1	1	15	0
        118829	2025-12-17 17:03:47	1	1	15	0
        110358	2025-12-17 17:05:26	1	1	15	0
        117997	2025-12-17 17:05:33	1	1	15	0
        117972	2025-12-17 17:08:45	1	1	15	0
        119143	2025-12-17 17:08:47	1	1	15	0
        110376	2025-12-17 17:10:29	1	1	15	0
        110377	2025-12-17 17:10:34	1	1	15	0
        110483	2025-12-17 17:13:42	1	1	15	0
        118992	2025-12-17 17:14:51	1	1	15	0
        118784	2025-12-17 17:15:46	1	1	15	0
        118207	2025-12-17 17:15:58	1	1	15	0
        110193	2025-12-17 17:17:09	1	1	15	0
        116493	2025-12-17 17:17:51	1	1	15	0
        110183	2025-12-17 17:18:28	1	1	15	0
        110357	2025-12-17 17:20:02	1	1	15	0
        116799	2025-12-17 17:21:18	1	1	15	0
        110485	2025-12-17 17:22:27	1	1	15	0
        110493	2025-12-17 17:23:29	1	1	15	0
        110495	2025-12-17 17:23:33	1	1	15	0
        110053	2025-12-17 17:24:49	1	1	15	0
        118043	2025-12-17 17:24:51	1	1	15	0
        110076	2025-12-17 17:25:14	1	1	15	0
        118753	2025-12-17 17:25:50	1	1	15	0
        110198	2025-12-17 17:26:55	1	1	15	0
        117113	2025-12-17 17:27:29	1	1	15	0
        119070	2025-12-17 17:29:44	1	1	15	0
        116960	2025-12-17 17:34:20	1	1	15	0
        118046	2025-12-17 17:34:50	1	1	15	0
        117054	2025-12-17 17:36:30	1	1	15	0
        110415	2025-12-17 17:36:43	1	1	15	0
        117595	2025-12-17 17:36:54	1	1	15	0
        118970	2025-12-17 17:37:26	1	1	15	0
        117542	2025-12-17 17:38:10	1	1	15	0
        116279	2025-12-17 17:38:49	1	1	15	0
        110197	2025-12-17 17:38:53	1	1	15	0
        119386	2025-12-17 17:41:06	1	1	15	0
        117114	2025-12-17 17:41:23	1	1	15	0
        117088	2025-12-17 17:41:35	1	1	15	0
        116383	2025-12-17 17:41:43	1	1	15	0
        117630	2025-12-17 17:43:17	1	1	15	0
        117835	2025-12-17 17:44:15	1	1	15	0
        119006	2025-12-17 17:46:06	1	1	15	0
        117129	2025-12-17 17:46:41	1	1	15	0
        116995	2025-12-17 17:47:21	1	1	15	0
        119104	2025-12-17 17:51:47	1	1	15	0
        118953	2025-12-17 17:56:18	1	1	15	0
        118186	2025-12-17 17:57:34	1	1	15	0
        116142	2025-12-17 17:57:42	1	1	15	0
        116356	2025-12-17 17:58:22	1	1	15	0
        110475	2025-12-17 17:58:33	1	1	15	0
        110473	2025-12-17 17:59:39	1	1	15	0
        116142	2025-12-17 18:00:10	1	1	15	0
        110378	2025-12-17 18:00:13	1	1	15	0
        116933	2025-12-17 18:00:34	1	1	15	0
        110100	2025-12-17 18:01:31	1	1	15	0
        110354	2025-12-17 18:01:34	1	1	15	0
        117172	2025-12-17 18:01:43	1	1	15	0
        117921	2025-12-17 18:02:39	1	1	15	0
        117707	2025-12-17 18:03:13	1	1	15	0
        116346	2025-12-17 18:04:06	1	1	15	0
        116537	2025-12-17 18:04:10	1	1	15	0
        117341	2025-12-17 18:04:12	1	1	15	0
        116496	2025-12-17 18:04:27	1	1	15	0
        110482	2025-12-17 18:05:52	1	1	15	0
        116787	2025-12-17 18:06:13	1	1	15	0
        110025	2025-12-17 18:06:46	1	1	15	0
        117189	2025-12-17 18:07:06	1	1	15	0
        118503	2025-12-17 18:07:48	1	1	15	0
        117849	2025-12-17 18:08:55	1	1	15	0
        110077	2025-12-17 18:09:11	1	1	15	0
        110105	2025-12-17 18:11:05	1	1	15	0
        117212	2025-12-17 18:12:25	1	1	15	0
        119227	2025-12-17 18:13:55	1	1	15	0
        117709	2025-12-17 18:13:57	1	1	15	0
        117998	2025-12-17 18:14:31	1	1	15	0
        118971	2025-12-17 18:14:37	1	1	15	0
        110158	2025-12-17 18:15:38	1	1	15	0
        117591	2025-12-17 18:17:50	1	1	15	0
        117716	2025-12-17 18:18:05	1	1	15	0
        110083	2025-12-17 18:19:02	1	1	15	0
        119493	2025-12-17 18:20:02	1	1	15	0
        117541	2025-12-17 18:21:18	1	1	15	0
        118455	2025-12-17 18:21:30	1	1	15	0
        118146	2025-12-17 18:22:33	1	1	15	0
        110159	2025-12-17 18:25:16	1	1	15	0
        117077	2025-12-17 18:26:14	1	1	15	0
        116453	2025-12-17 18:26:17	1	1	15	0
        110032	2025-12-17 18:26:39	1	1	15	0
        117807	2025-12-17 18:26:41	1	1	15	0
        118835	2025-12-17 18:27:42	1	1	15	0
        117061	2025-12-17 18:28:00	1	1	15	0
        110368	2025-12-17 18:28:13	1	1	15	0
        116504	2025-12-17 18:31:21	1	1	15	0
        117814	2025-12-17 18:33:06	1	1	15	0
        116252	2025-12-17 18:33:31	1	1	15	0
        117924	2025-12-17 18:36:45	1	1	15	0
        119107	2025-12-17 18:39:50	1	1	15	0
        110172	2025-12-17 18:40:24	1	1	15	0
        117926	2025-12-17 18:40:26	1	1	15	0
        110070	2025-12-17 18:41:08	1	1	15	0
        116472	2025-12-17 18:43:42	1	1	15	0
        117724	2025-12-17 18:44:07	1	1	15	0
        110057	2025-12-17 18:44:21	1	1	15	0
        119364	2025-12-17 18:44:30	1	1	15	0
        116467	2025-12-17 18:46:35	1	1	15	0
        117043	2025-12-17 18:46:48	1	1	15	0
        110418	2025-12-17 18:47:15	1	1	15	0
        116914	2025-12-17 18:48:56	1	1	15	0
        117575	2025-12-17 18:49:08	1	1	15	0
        110062	2025-12-17 18:52:47	1	1	15	0
        116763	2025-12-17 18:54:00	1	1	15	0
        117080	2025-12-17 18:54:02	1	1	15	0
        117692	2025-12-17 18:54:51	1	1	15	0
        116282	2025-12-17 18:56:28	1	1	15	0
        110200	2025-12-17 18:57:23	1	1	15	0
        116831	2025-12-17 18:58:46	1	1	15	0
        110011	2025-12-17 19:01:36	1	1	15	0
        116805	2025-12-17 19:01:50	1	1	15	0
        117991	2025-12-17 19:02:58	1	1	15	0
        117790	2025-12-17 19:03:04	1	1	15	0
        110006	2025-12-17 19:05:36	1	1	15	0
        117786	2025-12-17 19:09:29	1	1	15	0
        116748	2025-12-17 19:13:37	1	1	15	0
        117259	2025-12-17 19:17:57	1	1	15	0
        116072	2025-12-17 19:19:39	1	1	15	0
        116260	2025-12-17 19:19:41	1	1	15	0
        117085	2025-12-17 19:20:00	1	1	15	0
        118867	2025-12-17 19:20:44	1	1	15	0
        118753	2025-12-17 19:20:46	1	1	15	0
        116828	2025-12-17 19:21:58	1	1	1	0
        119535	2025-12-17 19:23:34	1	1	15	0
        110128	2025-12-17 19:24:51	1	1	15	0
        117156	2025-12-17 19:24:54	1	1	15	0
        117529	2025-12-17 19:26:33	1	1	15	0
        116512	2025-12-17 19:28:52	1	1	15	0
        119449	2025-12-17 19:29:54	1	1	15	0
        116751	2025-12-17 19:30:24	1	1	15	0
        117711	2025-12-17 19:31:28	1	1	15	0
        116428	2025-12-17 19:36:42	1	1	15	0
        117487	2025-12-17 19:36:44	1	1	15	0
        118761	2025-12-17 19:36:49	1	1	15	0
        117897	2025-12-17 19:37:19	1	1	15	0
        117833	2025-12-17 19:39:31	1	1	15	0
        117983	2025-12-17 19:40:06	1	1	15	0
        117046	2025-12-17 19:40:54	1	1	15	0
        118563	2025-12-17 19:40:57	1	1	15	0
        117111	2025-12-17 19:40:58	1	1	15	0
        117120	2025-12-17 19:41:02	1	1	15	0
        118782	2025-12-17 19:41:05	1	1	15	0
        117121	2025-12-17 19:41:07	1	1	15	0
        116996	2025-12-17 19:41:10	1	1	15	0
        117733	2025-12-17 19:41:12	1	1	15	0
        110457	2025-12-17 19:41:15	1	1	15	0
        117103	2025-12-17 19:41:23	1	1	15	0
        117059	2025-12-17 19:41:34	1	1	15	0
        117967	2025-12-17 19:41:37	1	1	15	0
        118862	2025-12-17 19:43:24	1	1	15	0
        117528	2025-12-17 19:45:07	1	1	15	0
        118695	2025-12-17 19:47:19	1	1	15	0
        117337	2025-12-17 19:47:35	1	1	15	0
        116747	2025-12-17 19:52:03	1	1	15	0
        118458	2025-12-17 19:59:50	1	1	15	0
        110075	2025-12-17 20:01:14	1	1	15	0
        116497	2025-12-17 20:04:41	1	1	15	0
        119453	2025-12-17 20:07:03	1	1	15	0
        117122	2025-12-17 20:07:06	1	1	15	0
        110088	2025-12-17 20:07:43	1	1	15	0
        110466	2025-12-17 20:09:36	1	1	15	0
        110356	2025-12-17 20:10:40	1	1	15	0
        110173	2025-12-17 20:10:56	1	1	15	0
        117680	2025-12-17 20:11:18	1	1	15	0
        110355	2025-12-17 20:13:17	1	1	15	0
        117616	2025-12-17 20:14:04	1	1	15	0
        119263	2025-12-17 20:15:21	1	1	15	0
        110116	2025-12-17 20:15:36	1	1	15	0
        117632	2025-12-17 20:16:52	1	1	15	0
        117543	2025-12-17 20:18:52	1	1	15	0
        117497	2025-12-17 20:19:25	1	1	15	0
        110090	2025-12-17 20:22:05	1	1	15	0
        110051	2025-12-17 20:25:37	1	1	15	0
        117567	2025-12-17 20:38:03	1	1	15	0
        117850	2025-12-17 20:53:11	1	1	15	0
        110367	2025-12-17 20:53:15	1	1	15	0
        117704	2025-12-17 20:53:20	1	1	15	0
        117710	2025-12-17 20:53:22	1	1	15	0
        117920	2025-12-17 20:53:24	1	1	15	0
        117697	2025-12-17 20:53:52	1	1	15	0
        117713	2025-12-17 20:53:54	1	1	15	0
        117725	2025-12-17 20:54:03	1	1	15	0
        117698	2025-12-17 20:54:05	1	1	15	0
        117817	2025-12-17 20:56:34	1	1	15	0
        110085	2025-12-17 21:04:54	1	1	15	0
        110055	2025-12-17 21:04:58	1	1	15	0
        117699	2025-12-17 21:05:02	1	1	15	0
        116104	2025-12-17 21:29:59	1	1	15	0
        117981	2025-12-17 21:39:53	1	1	15	0
        117091	2025-12-17 21:40:01	1	1	15	0
        110063	2025-12-17 21:41:08	1	1	15	0
        110492	2025-12-17 21:45:10	1	1	15	0
        118157	2025-12-17 22:09:28	1	1	15	0
        117219	2025-12-17 22:09:32	1	1	15	0
        117683	2025-12-17 22:09:34	1	1	15	0
        118928	2025-12-17 22:09:36	1	1	15	0
        116422	2025-12-17 22:09:38	1	1	15	0
        117634	2025-12-17 22:10:08	1	1	15	0
        117915	2025-12-17 22:10:10	1	1	15	0
        119535	2025-12-18 05:41:52	1	0	15	0
        118782	2025-12-18 06:20:34	1	0	15	0
        116831	2025-12-18 06:27:42	1	0	15	0
        110144	2025-12-18 06:37:08	1	0	15	0
        119070	2025-12-18 06:37:42	1	0	15	0
        118992	2025-12-18 06:39:35	1	0	15	0
        116835	2025-12-18 06:43:45	1	0	15	0
        116551	2025-12-18 06:49:07	1	0	15	0
        118835	2025-12-18 06:56:11	1	0	15	0
        110051	2025-12-18 06:56:33	1	0	15	0
        117983	2025-12-18 06:59:28	1	0	15	0
        117833	2025-12-18 07:01:39	1	0	15	0
        110466	2025-12-18 07:04:40	1	0	15	0
        118640	2025-12-18 07:07:05	1	0	15	0
        117769	2025-12-18 07:08:34	1	0	15	0
        119475	2025-12-18 07:10:54	1	0	15	0
        117966	2025-12-18 07:10:57	1	0	15	0
        110415	2025-12-18 07:13:07	1	0	15	0
        118580	2025-12-18 07:15:59	1	0	15	0
        117704	2025-12-18 07:17:10	1	0	15	0
        110074	2025-12-18 07:17:24	1	0	15	0
        116426	2025-12-18 07:17:29	1	0	15	0
        117835	2025-12-18 07:17:41	1	0	15	0
        117838	2025-12-18 07:18:18	1	0	15	0
        116799	2025-12-18 07:19:23	1	0	15	0
        117337	2025-12-18 07:23:39	1	0	15	0
        110358	2025-12-18 07:24:58	1	0	15	0
        116483	2025-12-18 07:25:48	1	0	15	0
        118568	2025-12-18 07:28:13	1	0	15	0
        110357	2025-12-18 07:32:22	1	0	15	0
        116297	2025-12-18 07:33:15	1	0	15	0
        119272	2025-12-18 07:36:43	1	0	15	0
        110457	2025-12-18 07:41:36	1	0	15	0
        118369	2025-12-18 07:41:40	1	0	15	0
        117817	2025-12-18 07:41:51	1	0	15	0
        118829	2025-12-18 07:42:34	1	0	15	0
        117483	2025-12-18 07:42:39	1	0	15	0
        117713	2025-12-18 07:43:00	1	0	15	0
        116142	2025-12-18 07:43:40	1	0	15	0
        117982	2025-12-18 07:45:21	1	0	15	0
        110475	2025-12-18 07:45:44	1	0	15	0
        110493	2025-12-18 07:45:49	1	0	15	0
        110377	2025-12-18 07:45:59	1	0	15	0
        110376	2025-12-18 07:47:33	1	0	15	0
        110355	2025-12-18 07:47:54	1	0	15	0
        110356	2025-12-18 07:47:57	1	0	15	0
        117770	2025-12-18 07:48:01	1	0	15	0
        110483	2025-12-18 07:48:55	1	0	15	0
        118953	2025-12-18 07:49:54	1	0	15	0
        110193	2025-12-18 07:51:55	1	0	15	0
        117733	2025-12-18 07:52:22	1	0	15	0
        117710	2025-12-18 07:53:05	1	0	15	0
        116493	2025-12-18 07:53:39	1	0	15	0
        117997	2025-12-18 07:53:59	1	0	15	0
        116422	2025-12-18 07:54:50	1	0	15	0
        110354	2025-12-18 07:55:39	1	0	15	0
        117591	2025-12-18 07:55:55	1	0	15	0
        117972	2025-12-18 07:56:07	1	0	15	0
        117724	2025-12-18 07:56:54	1	0	15	0
        119453	2025-12-18 07:57:00	1	0	15	0
        116748	2025-12-18 07:57:02	1	0	15	0
        116828	2025-12-18 07:57:16	1	0	1	0
        110367	2025-12-18 07:57:35	1	0	15	0
        119143	2025-12-18 07:57:55	1	0	15	0
        117921	2025-12-18 07:58:06	1	0	15	0
        110378	2025-12-18 07:59:01	1	0	15	0
        117111	2025-12-18 07:59:06	1	0	15	0
        116828	2025-12-18 08:00:11	1	0	1	0
        118146	2025-12-18 08:00:24	1	0	15	0
        118043	2025-12-18 08:01:08	1	0	15	0
        117999	2025-12-18 08:02:18	1	0	15	0
        110070	2025-12-18 08:03:10	1	0	15	0
        110366	2025-12-18 08:03:22	1	0	15	0
        110482	2025-12-18 08:04:09	1	0	15	0
        110424	2025-12-18 08:05:54	1	0	15	0
        117786	2025-12-18 08:06:29	1	0	15	0
        116996	2025-12-18 08:07:07	1	0	15	0
        117129	2025-12-18 08:08:10	1	0	15	0
        117998	2025-12-18 08:08:51	1	0	15	0
        110372	2025-12-18 08:09:38	1	0	15	0
        110485	2025-12-18 08:09:43	1	0	15	0
        116960	2025-12-18 08:10:14	1	0	15	0
        110025	2025-12-18 08:10:29	1	0	15	0
        110053	2025-12-18 08:10:34	1	0	15	0
        110418	2025-12-18 08:10:40	1	0	15	0
        117698	2025-12-18 08:11:06	1	0	15	0
        117725	2025-12-18 08:11:10	1	0	15	0
        117930	2025-12-18 08:11:15	1	0	15	0
        117680	2025-12-18 08:12:15	1	0	15	0
        118455	2025-12-18 08:12:22	1	0	15	0
        118046	2025-12-18 08:12:32	1	0	15	0
        117487	2025-12-18 08:12:38	1	0	15	0
        116383	2025-12-18 08:12:55	1	0	15	0
        117543	2025-12-18 08:13:43	1	0	15	0
        117850	2025-12-18 08:14:16	1	0	15	0
        110473	2025-12-18 08:14:19	1	0	15	0
        118157	2025-12-18 08:15:08	1	0	15	0
        119449	2025-12-18 08:15:35	1	0	15	0
        117639	2025-12-18 08:17:38	1	0	15	0
        117981	2025-12-18 08:17:39	1	0	15	0
        116472	2025-12-18 08:18:13	1	0	15	0
        117634	2025-12-18 08:19:31	1	0	15	0
        117915	2025-12-18 08:19:32	1	0	15	0
        117991	2025-12-18 08:19:36	1	0	15	0
        110063	2025-12-18 08:19:38	1	0	15	0
        116337	2025-12-18 08:19:44	1	0	15	0
        110076	2025-12-18 08:20:55	1	0	15	0
        118186	2025-12-18 08:21:57	1	0	15	0
        117924	2025-12-18 08:22:01	1	0	15	0
        118207	2025-12-18 08:22:07	1	0	15	0
        116356	2025-12-18 08:22:33	1	0	15	0
        117644	2025-12-18 08:22:48	1	0	15	0
        110088	2025-12-18 08:23:43	1	0	15	0
        118784	2025-12-18 08:23:51	1	0	15	0
        117707	2025-12-18 08:24:09	1	0	15	0
        110492	2025-12-18 08:25:09	1	0	15	0
        116467	2025-12-18 08:27:07	1	0	15	0
        118695	2025-12-18 08:27:21	1	0	15	0
        117259	2025-12-18 08:27:56	1	0	15	0
        110100	2025-12-18 08:27:59	1	0	15	0
        117122	2025-12-18 08:28:25	1	0	15	0
        116537	2025-12-18 08:28:28	1	0	15	0
        117683	2025-12-18 08:29:10	1	0	15	0
        116497	2025-12-18 08:29:16	1	0	15	0
        116072	2025-12-18 08:29:53	1	0	15	0
        117497	2025-12-18 08:30:06	1	0	15	0
        117219	2025-12-18 08:30:08	1	0	15	0
        117814	2025-12-18 08:30:09	1	0	15	0
        119493	2025-12-18 08:30:23	1	0	15	0
        118970	2025-12-18 08:30:27	1	0	15	0
        110084	2025-12-18 08:30:29	1	0	15	0
        117616	2025-12-18 08:30:51	1	0	15	0
        119494	2025-12-18 08:31:31	1	0	15	0
        116512	2025-12-18 08:33:43	1	0	15	0
        116751	2025-12-18 08:33:45	1	0	15	0
        110032	2025-12-18 08:33:49	1	0	15	0
        117920	2025-12-18 08:33:57	1	0	15	0
        118563	2025-12-18 08:34:53	1	0	15	0
        117541	2025-12-18 08:35:09	1	0	15	0
        116805	2025-12-18 08:35:48	1	0	15	0
        110128	2025-12-18 08:36:07	1	0	15	0
        119263	2025-12-18 08:36:29	1	0	15	0
        110197	2025-12-18 08:36:38	1	0	15	0
        110105	2025-12-18 08:36:46	1	0	15	0
        116914	2025-12-18 08:37:15	1	0	15	0
        116763	2025-12-18 08:37:17	1	0	15	0
        116282	2025-12-18 08:37:23	1	0	15	0
        117542	2025-12-18 08:38:45	1	0	15	0
        117699	2025-12-18 08:38:49	1	0	15	0
        117528	2025-12-18 08:40:08	1	0	15	0
        117837	2025-12-18 08:41:12	1	0	15	0
        117926	2025-12-18 08:41:28	1	0	15	0
        117114	2025-12-18 08:41:58	1	0	15	0
        117059	2025-12-18 08:42:21	1	0	15	0
        117080	2025-12-18 08:42:23	1	0	15	0
        117129	2025-12-18 08:43:16	1	0	15	0
        110006	2025-12-18 08:43:38	1	0	15	0
        117043	2025-12-18 08:43:43	1	0	15	0
        116252	2025-12-18 08:44:01	1	0	15	0
        117144	2025-12-18 08:44:15	1	0	15	0
        117113	2025-12-18 08:45:19	1	0	15	0
        110083	2025-12-18 08:45:50	1	0	15	0
        116279	2025-12-18 08:45:57	1	0	15	0
        117692	2025-12-18 08:46:05	1	0	15	0
        116069	2025-12-18 08:46:33	1	0	15	0
        119104	2025-12-18 08:46:39	1	0	15	0
        117222	2025-12-18 08:46:58	1	0	15	0
        117121	2025-12-18 08:47:02	1	0	15	0
        117697	2025-12-18 08:47:04	1	0	15	0
        118928	2025-12-18 08:48:26	1	0	15	0
        117120	2025-12-18 08:48:38	1	0	15	0
        117046	2025-12-18 08:48:41	1	0	15	0
        117632	2025-12-18 08:49:11	1	0	15	0
        110200	2025-12-18 08:49:46	1	0	15	0
        110090	2025-12-18 08:50:26	1	0	15	0
        117567	2025-12-18 08:50:29	1	0	15	0
        110173	2025-12-18 08:51:53	1	0	15	0
        118862	2025-12-18 08:51:57	1	0	15	0
        119282	2025-12-18 08:52:28	1	0	15	0
        117711	2025-12-18 08:52:43	1	0	15	0
        117212	2025-12-18 08:52:47	1	0	15	0
        110057	2025-12-18 08:53:29	1	0	15	0
        110063	2025-12-18 08:53:38	1	0	15	0
        110368	2025-12-18 08:54:32	1	0	15	0
        119157	2025-12-18 08:55:11	1	0	15	0
        117969	2025-12-18 08:55:34	1	0	15	0
        118917	2025-12-18 08:56:04	1	0	15	0
        117088	2025-12-18 08:56:08	1	0	15	0
        117091	2025-12-18 08:56:29	1	0	15	0
        117103	2025-12-18 08:57:14	1	0	15	0
        110116	2025-12-18 08:57:19	1	0	15	0
        117341	2025-12-18 08:57:30	1	0	15	0
        117993	2025-12-18 08:57:44	1	0	15	0
        110131	2025-12-18 08:57:45	1	0	15	0
        110077	2025-12-18 08:59:19	1	0	15	0
        118813	2025-12-18 08:59:23	1	0	15	0
        117849	2025-12-18 08:59:32	1	0	15	0
        117054	2025-12-18 08:59:36	1	0	15	0
        116933	2025-12-18 08:59:39	1	0	15	0
        117189	2025-12-18 08:59:41	1	0	15	0
        117790	2025-12-18 08:59:44	1	0	15	0
        110195	2025-12-18 09:00:08	1	0	15	0
        110172	2025-12-18 09:00:31	1	0	15	0
        110158	2025-12-18 09:00:34	1	0	15	0
        110413	2025-12-18 09:00:36	1	0	15	0
        118753	2025-12-18 09:00:41	1	0	15	0
        117224	2025-12-18 09:01:58	1	0	15	0
        117575	2025-12-18 09:02:12	1	0	15	0
        117967	2025-12-18 09:02:20	1	0	15	0
        117172	2025-12-18 09:05:26	1	0	15	0
        118458	2025-12-18 09:10:40	1	0	15	0
        119364	2025-12-18 09:11:12	1	0	15	0
        117156	2025-12-18 09:11:39	1	0	15	0
        110055	2025-12-18 09:12:50	1	0	15	0
        118761	2025-12-18 09:13:01	1	0	15	0
        116526	2025-12-18 09:13:16	1	0	15	0
        116104	2025-12-18 09:13:24	1	0	15	0
        116849	2025-12-18 09:15:55	1	0	15	0
        117897	2025-12-18 09:18:20	1	0	15	0
        118971	2025-12-18 09:19:26	1	0	15	0
        110085	2025-12-18 09:21:22	1	0	15	0
        117085	2025-12-18 09:28:17	1	0	15	0
        117269	2025-12-18 09:35:21	1	0	15	0
        116747	2025-12-18 09:37:34	1	0	15	0
        110075	2025-12-18 09:46:30	1	0	15	0
        118584	2025-12-18 09:46:42	1	0	15	0
        119107	2025-12-18 09:48:54	1	0	15	0
        118503	2025-12-18 11:26:03	1	2	15	0
        116483	2025-12-18 12:00:16	1	2	15	0
        118971	2025-12-18 12:00:17	1	2	15	0
        116748	2025-12-18 12:00:19	1	2	15	0
        116279	2025-12-18 12:00:20	1	2	15	0
        116297	2025-12-18 12:00:22	1	2	15	0
        116914	2025-12-18 12:00:28	1	2	15	0
        117487	2025-12-18 12:00:31	1	2	15	0
        116763	2025-12-18 12:00:33	1	2	15	0
        117692	2025-12-18 12:00:35	1	2	15	0
        117733	2025-12-18 12:00:35	1	2	15	0
        117259	2025-12-18 12:00:39	1	2	15	0
        110418	2025-12-18 12:00:41	1	2	15	0
        110424	2025-12-18 12:00:43	1	2	15	0
        117704	2025-12-18 12:00:45	1	2	15	0
        117483	2025-12-18 12:00:47	1	2	15	0
        117837	2025-12-18 12:00:51	1	2	15	0
        117769	2025-12-18 12:00:52	1	2	15	0
        110088	2025-12-18 12:00:55	1	2	15	0
        110355	2025-12-18 12:00:57	1	2	15	0
        110356	2025-12-18 12:01:00	1	2	15	0
        117790	2025-12-18 12:01:02	1	2	15	0
        110076	2025-12-18 12:01:06	1	2	15	0
        117997	2025-12-18 12:01:10	1	2	15	0
        117639	2025-12-18 12:01:13	1	2	15	0
        110457	2025-12-18 12:01:17	1	2	15	0
        117981	2025-12-18 12:01:20	1	2	15	0
        110354	2025-12-18 12:01:20	1	2	15	0
        117930	2025-12-18 12:01:23	1	2	15	0
        117144	2025-12-18 12:01:25	1	2	15	0
        117543	2025-12-18 12:01:26	1	2	15	0
        110128	2025-12-18 12:01:30	1	2	15	0
        117224	2025-12-18 12:01:37	1	2	15	0
        116805	2025-12-18 12:01:42	1	2	15	0
        117091	2025-12-18 12:01:46	1	2	15	0
        118369	2025-12-18 12:01:49	1	2	15	0
        119107	2025-12-18 12:01:51	1	2	15	0
        116356	2025-12-18 12:01:55	1	2	15	0
        116472	2025-12-18 12:01:57	1	2	15	0
        117080	2025-12-18 12:01:59	1	2	15	0
        117122	2025-12-18 12:02:00	1	2	15	0
        117529	2025-12-18 12:02:02	1	2	15	0
        116828	2025-12-18 12:02:04	1	2	1	0
        117616	2025-12-18 12:02:10	1	2	15	0
        110378	2025-12-18 12:02:11	1	2	15	0
        116142	2025-12-18 12:02:22	1	2	15	0
        117998	2025-12-18 12:02:28	1	2	15	0
        117341	2025-12-18 12:02:29	1	2	15	0
        110493	2025-12-18 12:02:30	1	2	15	0
        110172	2025-12-18 12:02:38	1	2	15	0
        118829	2025-12-18 12:02:41	1	2	15	0
        110354	2025-12-18 12:03:04	1	2	15	0
        116279	2025-12-18 12:03:09	1	2	15	0
        116426	2025-12-18 12:03:13	1	2	15	0
        117724	2025-12-18 12:03:21	1	2	15	0
        117926	2025-12-18 12:03:23	1	2	15	0
        118862	2025-12-18 12:03:25	1	2	15	0
        117575	2025-12-18 12:03:27	1	2	15	0
        110376	2025-12-18 12:03:29	1	2	15	0
        110377	2025-12-18 12:03:31	1	2	15	0
        110105	2025-12-18 12:03:35	1	2	15	0
        117704	2025-12-18 12:03:40	1	2	15	0
        117644	2025-12-18 12:03:42	1	2	15	0
        110483	2025-12-18 12:03:54	1	2	15	0
        110063	2025-12-18 12:03:56	1	2	15	0
        117541	2025-12-18 12:04:02	1	2	15	0
        117924	2025-12-18 12:04:06	1	2	15	0
        117814	2025-12-18 12:04:19	1	2	15	0
        117120	2025-12-18 12:04:27	1	2	15	0
        117091	2025-12-18 12:04:29	1	2	15	0
        116252	2025-12-18 12:04:34	1	2	15	0
        116914	2025-12-18 12:04:38	1	2	15	0
        117111	2025-12-18 12:04:40	1	2	15	0
        117085	2025-12-18 12:04:42	1	2	15	0
        116763	2025-12-18 12:04:46	1	2	15	0
        117080	2025-12-18 12:04:47	1	2	15	0
        117487	2025-12-18 12:04:50	1	2	15	0
        117790	2025-12-18 12:04:51	1	2	15	0
        116748	2025-12-18 12:04:53	1	2	15	0
        110418	2025-12-18 12:04:55	1	2	15	0
        110424	2025-12-18 12:04:57	1	2	15	0
        117567	2025-12-18 12:05:00	1	2	15	0
        117543	2025-12-18 12:05:03	1	2	15	0
        117497	2025-12-18 12:05:04	1	2	15	0
        110482	2025-12-18 12:05:07	1	2	15	0
        110076	2025-12-18 12:05:09	1	2	15	0
        116828	2025-12-18 12:05:11	1	2	1	0
        110356	2025-12-18 12:05:17	1	2	15	0
        110355	2025-12-18 12:05:19	1	2	15	0
        117632	2025-12-18 12:05:20	1	2	15	0
        117983	2025-12-18 12:05:25	1	2	15	0
        117833	2025-12-18 12:05:27	1	2	15	0
        118369	2025-12-18 12:05:28	1	2	15	0
        116356	2025-12-18 12:05:30	1	2	15	0
        116805	2025-12-18 12:05:34	1	2	15	0
        117644	2025-12-18 12:05:37	1	2	15	0
        110077	2025-12-18 12:05:41	1	2	15	0
        117997	2025-12-18 12:05:48	1	2	15	0
        110466	2025-12-18 12:05:50	1	2	15	0
        117967	2025-12-18 12:05:52	1	2	15	0
        119453	2025-12-18 12:05:53	1	2	15	0
        116526	2025-12-18 12:05:57	1	2	15	0
        117144	2025-12-18 12:05:59	1	2	15	0
        118761	2025-12-18 12:06:01	1	2	15	0
        117595	2025-12-18 12:06:03	1	2	15	0
        117341	2025-12-18 12:06:10	1	2	15	0
        118829	2025-12-18 12:06:12	1	2	15	0
        116383	2025-12-18 12:06:23	1	2	15	0
        118043	2025-12-18 12:06:25	1	2	15	0
        117269	2025-12-18 12:06:27	1	2	15	0
        110088	2025-12-18 12:06:29	1	2	15	0
        117991	2025-12-18 12:06:31	1	2	15	0
        110053	2025-12-18 12:06:36	1	2	15	0
        117770	2025-12-18 12:06:47	1	2	15	0
        117113	2025-12-18 12:06:49	1	2	15	0
        118992	2025-12-18 12:06:51	1	2	15	0
        110085	2025-12-18 12:06:55	1	2	15	0
        110172	2025-12-18 12:06:58	1	2	15	0
        116426	2025-12-18 12:07:04	1	2	15	0
        110357	2025-12-18 12:07:12	1	2	15	0
        117769	2025-12-18 12:07:22	1	2	15	0
        110483	2025-12-18 12:08:10	1	2	15	0
        117129	2025-12-18 12:08:15	1	2	15	0
        110492	2025-12-18 12:08:18	1	2	15	0
        110158	2025-12-18 12:08:21	1	2	15	0
        117983	2025-12-18 12:08:25	1	2	15	0
        117088	2025-12-18 12:08:29	1	2	15	0
        116472	2025-12-18 12:08:32	1	2	15	0
        116799	2025-12-18 12:08:40	1	2	15	0
        117692	2025-12-18 12:08:45	1	2	15	0
        117680	2025-12-18 12:08:51	1	2	15	0
        117733	2025-12-18 12:08:58	1	2	15	0
        118753	2025-12-18 12:09:05	1	2	15	0
        119107	2025-12-18 12:09:09	1	2	15	0
        117528	2025-12-18 12:09:12	1	2	15	0
        117967	2025-12-18 12:09:15	1	2	15	0
        118992	2025-12-18 12:09:39	1	2	15	0
        117616	2025-12-18 12:09:46	1	2	15	0
        119453	2025-12-18 12:09:51	1	2	15	0
        118458	2025-12-18 12:09:56	1	2	15	0
        110063	2025-12-18 12:10:00	1	2	15	0
        117632	2025-12-18 12:10:04	1	2	15	0
        116383	2025-12-18 12:10:07	1	2	15	0
        117833	2025-12-18 12:10:11	1	2	15	0
        117497	2025-12-18 12:10:13	1	2	15	0
        110200	2025-12-18 12:10:16	1	2	15	0
        110376	2025-12-18 12:10:20	1	2	15	0
        119493	2025-12-18 12:10:23	1	2	15	0
        116252	2025-12-18 12:10:25	1	2	15	0
        110377	2025-12-18 12:10:27	1	2	15	0
        117114	2025-12-18 12:10:31	1	2	15	0
        117122	2025-12-18 12:10:34	1	2	15	0
        117567	2025-12-18 12:10:43	1	2	15	0
        110378	2025-12-18 12:10:52	1	2	15	0
        117786	2025-12-18 12:10:54	1	2	15	0
        110053	2025-12-18 12:11:01	1	2	15	0
        118043	2025-12-18 12:11:04	1	2	15	0
        117269	2025-12-18 12:11:05	1	2	15	0
        116526	2025-12-18 12:11:09	1	2	15	0
        117849	2025-12-18 12:11:15	1	2	15	0
        119494	2025-12-18 12:11:20	1	2	15	0
        117817	2025-12-18 12:11:25	1	2	15	0
        110492	2025-12-18 12:11:32	1	2	15	0
        117059	2025-12-18 12:12:01	1	2	15	0
        117698	2025-12-18 12:12:14	1	2	15	0
        117697	2025-12-18 12:12:16	1	2	15	0
        110368	2025-12-18 12:12:19	1	2	15	0
        117713	2025-12-18 12:12:22	1	2	15	0
        117725	2025-12-18 12:12:24	1	2	15	0
        117710	2025-12-18 12:12:26	1	2	15	0
        117595	2025-12-18 12:12:28	1	2	15	0
        110366	2025-12-18 12:12:30	1	2	15	0
        110200	2025-12-18 12:12:33	1	2	15	0
        117222	2025-12-18 12:12:38	1	2	15	0
        110090	2025-12-18 12:12:41	1	2	15	0
        117129	2025-12-18 12:12:42	1	2	15	0
        116835	2025-12-18 12:12:54	1	2	15	0
        118761	2025-12-18 12:12:58	1	2	15	0
        117088	2025-12-18 12:13:09	1	2	15	0
        110358	2025-12-18 12:13:16	1	2	15	0
        110051	2025-12-18 12:13:22	1	2	15	0
        118970	2025-12-18 12:13:28	1	2	15	0
        118928	2025-12-18 12:13:30	1	2	15	0
        110055	2025-12-18 12:13:33	1	2	15	0
        117591	2025-12-18 12:13:37	1	2	15	0
        110493	2025-12-18 12:13:40	1	2	15	0
        118640	2025-12-18 12:13:42	1	2	15	0
        116493	2025-12-18 12:13:54	1	2	15	0
        110083	2025-12-18 12:14:15	1	2	15	0
        110195	2025-12-18 12:14:20	1	2	15	0
        110075	2025-12-18 12:14:48	1	2	15	0
        117982	2025-12-18 12:15:30	1	2	15	0
        117921	2025-12-18 12:15:33	1	2	15	0
        118917	2025-12-18 12:15:35	1	2	15	0
        119494	2025-12-18 12:15:50	1	2	15	0
        117849	2025-12-18 12:15:53	1	2	15	0
        118640	2025-12-18 12:16:04	1	2	15	0
        118970	2025-12-18 12:16:06	1	2	15	0
        118928	2025-12-18 12:16:07	1	2	15	0
        110466	2025-12-18 12:16:09	1	2	15	0
        116493	2025-12-18 12:16:19	1	2	15	0
        110006	2025-12-18 12:16:21	1	2	15	0
        110358	2025-12-18 12:16:26	1	2	15	0
        118458	2025-12-18 12:16:36	1	2	15	0
        110090	2025-12-18 12:16:57	1	2	15	0
        110105	2025-12-18 12:17:04	1	2	15	0
        110051	2025-12-18 12:17:08	1	2	15	0
        117725	2025-12-18 12:17:10	1	2	15	0
        117713	2025-12-18 12:17:13	1	2	15	0
        110366	2025-12-18 12:17:15	1	2	15	0
        117710	2025-12-18 12:17:16	1	2	15	0
        117698	2025-12-18 12:17:18	1	2	15	0
        117697	2025-12-18 12:17:20	1	2	15	0
        110368	2025-12-18 12:17:21	1	2	15	0
        110006	2025-12-18 12:17:31	1	2	15	0
        110083	2025-12-18 12:17:43	1	2	15	0
        117699	2025-12-18 12:17:54	1	2	15	0
        110075	2025-12-18 12:18:15	1	2	15	0
        110100	2025-12-18 12:19:16	1	2	15	0
        116960	2025-12-18 12:19:18	1	2	15	0
        117172	2025-12-18 12:19:24	1	2	15	0
        116799	2025-12-18 12:19:48	1	2	15	0
        117212	2025-12-18 12:19:59	1	2	15	0
        117054	2025-12-18 12:20:01	1	2	15	0
        117993	2025-12-18 12:20:15	1	2	15	0
        117680	2025-12-18 12:20:22	1	2	15	0
        110055	2025-12-18 12:20:25	1	2	15	0
        119493	2025-12-18 12:20:27	1	2	15	0
        110128	2025-12-18 12:20:35	1	2	15	0
        117642	2025-12-18 12:20:46	1	2	15	0
        117529	2025-12-18 12:21:24	1	2	15	0
        118862	2025-12-18 12:21:31	1	2	15	0
        117591	2025-12-18 12:21:37	1	2	15	0
        110100	2025-12-18 12:21:41	1	2	15	0
        116960	2025-12-18 12:21:44	1	2	15	0
        117920	2025-12-18 12:21:52	1	2	15	0
        117850	2025-12-18 12:21:55	1	2	15	0
        110367	2025-12-18 12:21:59	1	2	15	0
        117172	2025-12-18 12:22:03	1	2	15	0
        117707	2025-12-18 12:22:07	1	2	15	0
        118835	2025-12-18 12:22:11	1	2	15	0
        117921	2025-12-18 12:22:15	1	2	15	0
        117982	2025-12-18 12:22:17	1	2	15	0
        110195	2025-12-18 12:22:19	1	2	15	0
        117054	2025-12-18 12:22:32	1	2	15	0
        116996	2025-12-18 12:22:43	1	2	15	0
        117212	2025-12-18 12:22:49	1	2	15	0
        117993	2025-12-18 12:22:52	1	2	15	0
        110032	2025-12-18 12:22:54	1	2	15	0
        117077	2025-12-18 12:23:27	1	2	15	0
        116337	2025-12-18 12:23:29	1	2	15	0
        116537	2025-12-18 12:23:32	1	2	15	0
        117966	2025-12-18 12:24:02	1	2	15	0
        117838	2025-12-18 12:24:04	1	2	15	0
        117222	2025-12-18 12:24:05	1	2	15	0
        117711	2025-12-18 12:24:07	1	2	15	0
        110475	2025-12-18 12:24:10	1	2	15	0
        110473	2025-12-18 12:24:14	1	2	15	0
        117991	2025-12-18 12:24:19	1	2	15	0
        117724	2025-12-18 12:24:21	1	2	15	0
        110197	2025-12-18 12:24:24	1	2	15	0
        110158	2025-12-18 12:24:26	1	2	15	0
        119475	2025-12-18 12:24:49	1	2	15	0
        110065	2025-12-18 12:24:52	1	2	15	0
        118813	2025-12-18 12:24:54	1	2	15	0
        117542	2025-12-18 12:25:17	1	2	15	0
        117817	2025-12-18 12:25:22	1	2	15	0
        116282	2025-12-18 12:25:29	1	2	15	0
        118157	2025-12-18 12:25:32	1	2	15	0
        117113	2025-12-18 12:25:34	1	2	15	0
        116422	2025-12-18 12:25:36	1	2	15	0
        117219	2025-12-18 12:25:38	1	2	15	0
        117683	2025-12-18 12:25:41	1	2	15	0
        117634	2025-12-18 12:25:42	1	2	15	0
        116104	2025-12-18 12:25:43	1	2	15	0
        117915	2025-12-18 12:25:46	1	2	15	0
        117837	2025-12-18 12:25:48	1	2	15	0
        117770	2025-12-18 12:25:50	1	2	15	0
        118186	2025-12-18 12:25:52	1	2	15	0
        117077	2025-12-18 12:26:19	1	2	15	0
        116537	2025-12-18 12:26:26	1	2	15	0
        116337	2025-12-18 12:26:29	1	2	15	0
        117046	2025-12-18 12:26:49	1	2	15	0
        116467	2025-12-18 12:26:52	1	2	15	0
        119157	2025-12-18 12:26:53	1	2	15	0
        117111	2025-12-18 12:26:56	1	2	15	0
        117120	2025-12-18 12:26:59	1	2	15	0
        117259	2025-12-18 12:27:04	1	2	15	0
        117541	2025-12-18 12:27:07	1	2	15	0
        116996	2025-12-18 12:27:24	1	2	15	0
        110128	2025-12-18 12:27:30	1	2	15	0
        117121	2025-12-18 12:27:53	1	2	15	0
        118782	2025-12-18 12:27:55	1	2	15	0
        117085	2025-12-18 12:28:00	1	2	15	0
        117639	2025-12-18 12:28:05	1	2	15	0
        117189	2025-12-18 12:28:58	1	2	15	0
        117483	2025-12-18 12:29:01	1	2	15	0
        117838	2025-12-18 12:29:03	1	2	15	0
        117966	2025-12-18 12:29:05	1	2	15	0
        119104	2025-12-18 12:29:07	1	2	15	0
        117219	2025-12-18 12:29:19	1	2	15	0
        117683	2025-12-18 12:29:22	1	2	15	0
        116282	2025-12-18 12:29:24	1	2	15	0
        116104	2025-12-18 12:29:26	1	2	15	0
        117634	2025-12-18 12:29:27	1	2	15	0
        116422	2025-12-18 12:29:29	1	2	15	0
        118157	2025-12-18 12:29:31	1	2	15	0
        117915	2025-12-18 12:29:33	1	2	15	0
        117043	2025-12-18 12:29:36	1	2	15	0
        118186	2025-12-18 12:30:00	1	2	15	0
        118813	2025-12-18 12:30:06	1	2	15	0
        119157	2025-12-18 12:30:08	1	2	15	0
        117189	2025-12-18 12:30:17	1	2	15	0
        119475	2025-12-18 12:30:20	1	2	15	0
        110065	2025-12-18 12:30:25	1	2	15	0
        117711	2025-12-18 12:30:40	1	2	15	0
        117114	2025-12-18 12:31:08	1	2	15	0
        110032	2025-12-18 12:31:10	1	2	15	0
        110077	2025-12-18 12:31:13	1	2	15	0
        117920	2025-12-18 12:31:40	1	2	15	0
        117850	2025-12-18 12:31:42	1	2	15	0
        110367	2025-12-18 12:31:44	1	2	15	0
        117707	2025-12-18 12:31:46	1	2	15	0
        118835	2025-12-18 12:31:49	1	2	15	0
        116142	2025-12-18 12:32:44	1	3	15	0
        118753	2025-12-18 12:32:49	1	3	15	0
        119282	2025-12-18 12:34:24	1	3	15	0
        110070	2025-12-18 12:34:59	1	3	15	0
        118563	2025-12-18 12:35:29	1	3	15	0
        110116	2025-12-18 12:35:56	1	3	15	0
        116551	2025-12-18 12:36:44	1	3	15	0
        110197	2025-12-18 12:37:02	1	3	15	0
        118580	2025-12-18 12:37:06	1	3	15	0
        110084	2025-12-18 12:37:09	1	3	15	0
        117575	2025-12-18 12:37:18	1	3	15	0
        117542	2025-12-18 12:37:26	1	3	15	0
        116831	2025-12-18 12:38:09	1	3	15	0
        110084	2025-12-18 12:38:23	1	3	15	0
        110025	2025-12-18 12:39:28	1	3	15	0
        119364	2025-12-18 12:39:35	1	3	15	0
        116747	2025-12-18 12:39:37	1	3	15	0
        118146	2025-12-18 12:39:41	1	3	15	0
        110131	2025-12-18 12:39:43	1	3	15	0
        118580	2025-12-18 12:40:02	1	3	15	0
        118971	2025-12-18 12:40:11	1	3	15	0
        110413	2025-12-18 12:40:20	1	3	15	0
        117059	2025-12-18 12:40:41	1	3	15	0
        119282	2025-12-18 12:40:45	1	3	15	0
        116551	2025-12-18 12:40:49	1	3	15	0
        117121	2025-12-18 12:40:55	1	3	15	0
        117897	2025-12-18 12:40:56	1	3	15	0
        118782	2025-12-18 12:40:58	1	3	15	0
        117156	2025-12-18 12:41:01	1	3	15	0
        117224	2025-12-18 12:41:03	1	3	15	0
        117528	2025-12-18 12:41:06	1	3	15	0
        110475	2025-12-18 12:41:55	1	3	15	0
        110473	2025-12-18 12:42:01	1	3	15	0
        117114	2025-12-18 12:42:03	1	3	15	0
        117642	2025-12-18 12:42:07	1	3	15	0
        117103	2025-12-18 12:42:29	1	3	15	0
        110025	2025-12-18 12:43:05	1	3	15	0
        119364	2025-12-18 12:43:12	1	3	15	0
        110357	2025-12-18 12:43:32	1	3	15	0
        110457	2025-12-18 12:43:37	1	3	15	0
        119104	2025-12-18 12:43:45	1	3	15	0
        119070	2025-12-18 12:44:33	1	3	15	0
        117103	2025-12-18 12:44:39	1	3	15	0
        117786	2025-12-18 12:44:43	1	3	15	0
        118503	2025-12-18 12:45:05	1	3	15	0
        110085	2025-12-18 12:45:10	1	3	15	0
        117814	2025-12-18 12:45:27	1	3	15	0
        117930	2025-12-18 12:45:39	1	3	15	0
        117926	2025-12-18 12:45:42	1	3	15	0
        117156	2025-12-18 12:45:49	1	3	15	0
        110116	2025-12-18 12:45:58	1	3	15	0
        118563	2025-12-18 12:46:07	1	3	15	0
        110413	2025-12-18 12:47:10	1	3	15	0
        118146	2025-12-18 12:47:57	1	3	15	0
        118503	2025-12-18 12:48:38	1	3	15	0
        116483	2025-12-18 12:48:43	1	3	15	0
        119227	2025-12-18 12:48:44	1	3	15	0
        118455	2025-12-18 12:48:48	1	3	15	0
        110074	2025-12-18 12:48:50	1	3	15	0
        110057	2025-12-18 12:48:53	1	3	15	0
        119070	2025-12-18 12:49:01	1	3	15	0
        110131	2025-12-18 12:49:07	1	3	15	0
        118784	2025-12-18 12:49:22	1	3	15	0
        118695	2025-12-18 12:49:26	1	3	15	0
        117337	2025-12-18 12:49:28	1	3	15	0
        118207	2025-12-18 12:49:32	1	3	15	0
        110173	2025-12-18 12:49:33	1	3	15	0
        117046	2025-12-18 12:49:38	1	3	15	0
        117043	2025-12-18 12:49:40	1	3	15	0
        116831	2025-12-18 12:49:51	1	3	15	0
        117981	2025-12-18 12:50:11	1	3	15	0
        110070	2025-12-18 12:50:28	1	3	15	0
        110485	2025-12-18 12:50:54	1	3	15	0
        116072	2025-12-18 12:51:14	1	3	15	0
        116497	2025-12-18 12:51:16	1	3	15	0
        117924	2025-12-18 12:51:18	1	3	15	0
        116297	2025-12-18 12:51:23	1	3	15	0
        118207	2025-12-18 12:51:32	1	3	15	0
        110173	2025-12-18 12:51:37	1	3	15	0
        116747	2025-12-18 12:52:06	1	3	15	0
        118455	2025-12-18 12:53:31	1	3	15	0
        110074	2025-12-18 12:53:34	1	3	15	0
        110057	2025-12-18 12:53:38	1	3	15	0
        116467	2025-12-18 12:53:47	1	3	15	0
        110485	2025-12-18 12:53:52	1	3	15	0
        118784	2025-12-18 12:53:57	1	3	15	0
        118695	2025-12-18 12:54:27	1	3	15	0
        117337	2025-12-18 12:54:29	1	3	15	0
        117897	2025-12-18 12:54:42	1	3	15	0
        116072	2025-12-18 12:55:16	1	3	15	0
        116497	2025-12-18 12:55:26	1	3	15	0
        110372	2025-12-18 12:56:06	1	3	15	0
        117699	2025-12-18 12:57:08	1	3	15	0
        110372	2025-12-18 12:58:20	1	3	15	0
        110085	2025-12-18 12:59:20	1	3	15	0
        116751	2025-12-18 12:59:40	1	3	15	0
        110193	2025-12-18 13:00:05	1	3	15	0
        110183	2025-12-18 13:14:00	1	3	15	0
        110159	2025-12-18 13:37:05	1	3	15	0
        117983	2025-12-18 16:05:04	1	1	15	0
        117833	2025-12-18 16:15:31	1	1	15	0
        116426	2025-12-18 16:18:29	1	1	15	0
        117838	2025-12-18 16:21:51	1	1	15	0
        117966	2025-12-18 16:21:52	1	1	15	0
        119475	2025-12-18 16:24:43	1	1	15	0
        118992	2025-12-18 16:28:31	1	1	15	0
        110051	2025-12-18 16:28:36	1	1	15	0
        110065	2025-12-18 16:31:05	1	1	15	0
        117483	2025-12-18 16:44:31	1	1	15	0
        118829	2025-12-18 16:45:36	1	1	15	0
        117770	2025-12-18 16:48:19	1	1	15	0
        117982	2025-12-18 16:48:20	1	1	15	0
        110415	2025-12-18 17:01:49	1	1	15	0
        116799	2025-12-18 17:02:56	1	1	15	0
        117595	2025-12-18 17:02:58	1	1	15	0
        117997	2025-12-18 17:03:40	1	1	15	0
        118640	2025-12-18 17:04:27	1	1	15	0
        118568	2025-12-18 17:08:30	1	1	15	0
        110377	2025-12-18 17:08:45	1	1	15	0
        110376	2025-12-18 17:08:51	1	1	15	0
        117835	2025-12-18 17:09:50	1	1	15	0
        110493	2025-12-18 17:10:33	1	1	15	0
        116831	2025-12-18 17:12:00	1	1	15	0
        110100	2025-12-18 17:15:01	1	1	15	0
        117981	2025-12-18 17:15:14	1	1	15	0
        110358	2025-12-18 17:16:16	1	1	15	0
        117733	2025-12-18 17:18:04	1	1	15	0
        118784	2025-12-18 17:20:03	1	1	15	0
        119104	2025-12-18 17:21:21	1	1	15	0
        118207	2025-12-18 17:21:44	1	1	15	0
        110076	2025-12-18 17:21:49	1	1	15	0
        117930	2025-12-18 17:23:01	1	1	15	0
        116828	2025-12-18 17:24:39	1	1	1	0
        110485	2025-12-18 17:26:12	1	1	15	0
        116493	2025-12-18 17:27:44	1	1	15	0
        117639	2025-12-18 17:28:50	1	1	15	0
        119070	2025-12-18 17:28:57	1	1	15	0
        110084	2025-12-18 17:28:59	1	1	15	0
        118043	2025-12-18 17:29:50	1	1	15	0
        117972	2025-12-18 17:30:17	1	1	15	0
        119282	2025-12-18 17:30:50	1	1	15	0
        117921	2025-12-18 17:32:25	1	1	15	0
        118970	2025-12-18 17:32:58	1	1	15	0
        110053	2025-12-18 17:33:07	1	1	15	0
        110378	2025-12-18 17:39:59	1	1	15	0
        117059	2025-12-18 17:40:16	1	1	15	0
        116751	2025-12-18 17:40:47	1	1	15	0
        116512	2025-12-18 17:40:50	1	1	15	0
        117642	2025-12-18 17:40:56	1	1	15	0
        116960	2025-12-18 17:41:05	1	1	15	0
        117769	2025-12-18 17:41:30	1	1	15	0
        110193	2025-12-18 17:42:18	1	1	15	0
        116356	2025-12-18 17:43:16	1	1	15	0
        117591	2025-12-18 17:43:35	1	1	15	0
        117113	2025-12-18 17:43:48	1	1	15	0
        110025	2025-12-18 17:44:16	1	1	15	0
        110006	2025-12-18 17:44:58	1	1	15	0
        117114	2025-12-18 17:45:18	1	1	15	0
        117144	2025-12-18 17:45:30	1	1	15	0
        116497	2025-12-18 17:47:47	1	1	15	0
        117259	2025-12-18 17:47:49	1	1	15	0
        117541	2025-12-18 17:47:51	1	1	15	0
        117998	2025-12-18 17:49:31	1	1	15	0
        110354	2025-12-18 17:50:47	1	1	15	0
        119494	2025-12-18 17:51:14	1	1	15	0
        116383	2025-12-18 17:51:31	1	1	15	0
        110088	2025-12-18 17:51:41	1	1	15	0
        117543	2025-12-18 17:51:49	1	1	15	0
        116142	2025-12-18 17:52:01	1	1	15	0
        110355	2025-12-18 17:52:17	1	1	15	0
        117528	2025-12-18 17:52:28	1	1	15	0
        117707	2025-12-18 17:57:21	1	1	15	0
        110475	2025-12-18 17:57:49	1	1	15	0
        117122	2025-12-18 17:59:06	1	1	15	0
        110159	2025-12-18 17:59:43	1	1	15	0
        117814	2025-12-18 18:01:28	1	1	15	0
        116104	2025-12-18 18:01:32	1	1	15	0
        110473	2025-12-18 18:01:37	1	1	15	0
        117969	2025-12-18 18:01:43	1	1	15	0
        117967	2025-12-18 18:01:51	1	1	15	0
        117711	2025-12-18 18:02:12	1	1	15	0
        118753	2025-12-18 18:02:14	1	1	15	0
        117189	2025-12-18 18:02:46	1	1	15	0
        117567	2025-12-18 18:02:53	1	1	15	0
        110368	2025-12-18 18:02:57	1	1	15	0
        119143	2025-12-18 18:04:21	1	1	15	0
        117172	2025-12-18 18:04:55	1	1	15	0
        117103	2025-12-18 18:05:13	1	1	15	0
        117849	2025-12-18 18:05:18	1	1	15	0
        117054	2025-12-18 18:05:22	1	1	15	0
        118046	2025-12-18 18:06:12	1	1	15	0
        110197	2025-12-18 18:06:19	1	1	15	0
        117224	2025-12-18 18:06:42	1	1	15	0
        117616	2025-12-18 18:07:01	1	1	15	0
        117129	2025-12-18 18:08:16	1	1	15	0
        119157	2025-12-18 18:09:03	1	1	15	0
        118503	2025-12-18 18:10:38	1	1	15	0
        110116	2025-12-18 18:11:58	1	1	15	0
        117993	2025-12-18 18:12:30	1	1	15	0
        117680	2025-12-18 18:12:34	1	1	15	0
        119107	2025-12-18 18:14:53	1	1	15	0
        118186	2025-12-18 18:15:13	1	1	15	0
        118369	2025-12-18 18:15:19	1	1	15	0
        119263	2025-12-18 18:16:01	1	1	15	0
        117088	2025-12-18 18:19:40	1	1	15	0
        116142	2025-12-18 18:20:21	1	1	15	0
        117575	2025-12-18 18:21:32	1	1	15	0
        117337	2025-12-18 18:21:43	1	1	15	0
        116996	2025-12-18 18:22:10	1	1	15	0
        110083	2025-12-18 18:23:23	1	1	15	0
        118835	2025-12-18 18:23:38	1	1	15	0
        110200	2025-12-18 18:23:44	1	1	15	0
        110366	2025-12-18 18:23:49	1	1	15	0
        110483	2025-12-18 18:23:53	1	1	15	0
        116279	2025-12-18 18:25:10	1	1	15	0
        119493	2025-12-18 18:27:15	1	1	15	0
        117212	2025-12-18 18:29:56	1	1	15	0
        110158	2025-12-18 18:30:39	1	1	15	0
        119449	2025-12-18 18:31:55	1	1	15	0
        117111	2025-12-18 18:32:08	1	1	15	0
        116337	2025-12-18 18:32:24	1	1	15	0
        116933	2025-12-18 18:33:22	1	1	15	0
        110457	2025-12-18 18:37:18	1	1	15	0
        116483	2025-12-18 18:37:22	1	1	15	0
        118455	2025-12-18 18:37:25	1	1	15	0
        118813	2025-12-18 18:38:13	1	1	15	0
        117724	2025-12-18 18:40:00	1	1	15	0
        116763	2025-12-18 18:40:34	1	1	15	0
        110418	2025-12-18 18:40:38	1	1	15	0
        117043	2025-12-18 18:41:45	1	1	15	0
        110195	2025-12-18 18:41:54	1	1	15	0
        110424	2025-12-18 18:41:58	1	1	15	0
        117790	2025-12-18 18:42:02	1	1	15	0
        117991	2025-12-18 18:42:04	1	1	15	0
        116472	2025-12-18 18:42:14	1	1	15	0
        117080	2025-12-18 18:42:52	1	1	15	0
        116805	2025-12-18 18:42:53	1	1	15	0
        117120	2025-12-18 18:44:10	1	1	15	0
        117046	2025-12-18 18:44:15	1	1	15	0
        116914	2025-12-18 18:44:19	1	1	15	0
        116748	2025-12-18 18:44:21	1	1	15	0
        116467	2025-12-18 18:44:33	1	1	15	0
        118563	2025-12-18 18:44:47	1	1	15	0
        117926	2025-12-18 18:45:45	1	1	15	0
        117786	2025-12-18 18:46:58	1	1	15	0
        118782	2025-12-18 18:47:27	1	1	15	0
        117632	2025-12-18 18:48:24	1	1	15	0
        117487	2025-12-18 18:48:45	1	1	15	0
        117692	2025-12-18 18:48:56	1	1	15	0
        118761	2025-12-18 18:50:10	1	1	15	0
        117897	2025-12-18 18:50:30	1	1	15	0
        116069	2025-12-18 18:51:02	1	1	15	0
        117807	2025-12-18 18:51:07	1	1	15	0
        117837	2025-12-18 18:51:09	1	1	15	0
        116995	2025-12-18 18:51:10	1	1	15	0
        116252	2025-12-18 18:51:13	1	1	15	0
        117632	2025-12-18 18:51:15	1	1	15	0
        117567	2025-12-18 18:51:33	1	1	15	0
        117699	2025-12-18 18:51:52	1	1	15	0
        110055	2025-12-18 18:54:46	1	1	15	0
        110183	2025-12-18 18:54:52	1	1	15	0
        110466	2025-12-18 18:55:57	1	1	15	0
        117497	2025-12-18 18:56:45	1	1	15	0
        110105	2025-12-18 18:57:55	1	1	15	0
        117497	2025-12-18 18:58:50	1	1	15	0
        116526	2025-12-18 18:59:21	1	1	15	0
        117121	2025-12-18 19:00:11	1	1	15	0
        110090	2025-12-18 19:00:40	1	1	15	0
        118971	2025-12-18 19:02:06	1	1	15	0
        110356	2025-12-18 19:04:17	1	1	15	0
        117222	2025-12-18 19:05:21	1	1	15	0
        117156	2025-12-18 19:05:29	1	1	15	0
        117085	2025-12-18 19:05:32	1	1	15	0
        110131	2025-12-18 19:08:28	1	1	15	0
        118458	2025-12-18 19:08:38	1	1	15	0
        116747	2025-12-18 19:08:49	1	1	15	0
        119535	2025-12-18 19:09:21	1	1	15	0
        119453	2025-12-18 19:10:20	1	1	15	0
        110172	2025-12-18 19:10:30	1	1	15	0
        118146	2025-12-18 19:10:32	1	1	15	0
        117529	2025-12-18 19:16:49	1	1	15	0
        110070	2025-12-18 19:17:00	1	1	15	0
        119364	2025-12-18 19:22:01	1	1	15	0
        110074	2025-12-18 19:22:03	1	1	15	0
        110057	2025-12-18 19:22:13	1	1	15	0
        110063	2025-12-18 19:22:56	1	1	15	0
        110128	2025-12-18 19:23:02	1	1	15	0
        110492	2025-12-18 19:25:07	1	1	15	0
        118580	2025-12-18 19:33:20	1	1	15	0
        116537	2025-12-18 19:33:54	1	1	15	0
        110032	2025-12-18 19:34:22	1	1	15	0
        117341	2025-12-18 19:34:27	1	1	15	0
        118695	2025-12-18 19:47:03	1	1	15	0
        110173	2025-12-18 20:03:21	1	1	15	0
        119227	2025-12-18 20:20:35	1	1	15	0
        117077	2025-12-18 20:35:52	1	1	15	0
        116453	2025-12-18 20:37:09	1	1	15	0
        110357	2025-12-18 20:58:07	1	1	15	0
        117697	2025-12-18 21:08:46	1	1	15	0
        117710	2025-12-18 21:08:48	1	1	15	0
        117704	2025-12-18 21:08:55	1	1	15	0
        117920	2025-12-18 21:12:05	1	1	15	0
        116282	2025-12-18 21:12:07	1	1	15	0
        117725	2025-12-18 21:12:09	1	1	15	0
        117698	2025-12-18 21:12:11	1	1	15	0
        110367	2025-12-18 21:12:15	1	1	15	0
        117850	2025-12-18 21:12:17	1	1	15	0
        117713	2025-12-18 21:12:19	1	1	15	0
        118862	2025-12-18 21:27:20	1	1	15	0
        117999	2025-12-18 21:30:59	1	1	15	0
        117817	2025-12-18 21:39:11	1	1	15	0
        117915	2025-12-18 21:39:13	1	1	15	0
        118157	2025-12-18 21:39:17	1	1	15	0
        116422	2025-12-18 21:39:31	1	1	15	0
        117219	2025-12-18 21:39:36	1	1	15	0
        117683	2025-12-18 21:39:43	1	1	15	0
        118928	2025-12-18 21:39:45	1	1	15	0
        117634	2025-12-18 21:40:04	1	1	15	0
        110075	2025-12-18 21:53:58	1	1	15	0
        117091	2025-12-18 21:54:02	1	1	15	0
        116072	2025-12-18 21:54:06	1	1	15	0
        117924	2025-12-18 21:54:08	1	1	15	0
        116831	2025-12-19 04:25:04	1	0	15	0
        117201	2025-12-19 05:06:14	1	0	15	0
        118695	2025-12-19 05:45:16	1	0	15	0
        116835	2025-12-19 06:24:43	1	0	15	0
        118953	2025-12-19 06:31:26	1	0	15	0
        117059	2025-12-19 06:41:14	1	0	15	0
        119070	2025-12-19 06:47:02	1	0	15	0
        117930	2025-12-19 06:58:17	1	0	15	0
        117704	2025-12-19 06:58:34	1	0	15	0
        118992	2025-12-19 06:59:37	1	0	15	0
        117528	2025-12-19 07:01:02	1	0	15	0
        117120	2025-12-19 07:01:50	1	0	15	0
        117967	2025-12-19 07:03:40	1	0	15	0
        116551	2025-12-19 07:05:55	1	0	15	0
        110415	2025-12-19 07:08:39	1	0	15	0
        118835	2025-12-19 07:12:45	1	0	15	0
        118640	2025-12-19 07:13:16	1	0	15	0
        110050	2025-12-19 07:14:05	1	0	15	0
        116477	2025-12-19 07:14:58	1	0	15	0
        117769	2025-12-19 07:15:32	1	0	15	0
        110074	2025-12-19 07:16:29	1	0	15	0
        116426	2025-12-19 07:19:19	1	0	15	0
        110424	2025-12-19 07:20:25	1	0	15	0
        117835	2025-12-19 07:20:30	1	0	15	0
        110357	2025-12-19 07:21:02	1	0	15	0
        117966	2025-12-19 07:21:44	1	0	15	0
        117770	2025-12-19 07:21:50	1	0	15	0
        117713	2025-12-19 07:21:55	1	0	15	0
        119104	2025-12-19 07:22:51	1	0	15	0
        117697	2025-12-19 07:23:22	1	0	15	0
        119143	2025-12-19 07:23:45	1	0	15	0
        116799	2025-12-19 07:24:06	1	0	15	0
        110475	2025-12-19 07:25:32	1	0	15	0
        110466	2025-12-19 07:25:41	1	0	15	0
        117838	2025-12-19 07:27:28	1	0	15	0
        110473	2025-12-19 07:28:39	1	0	15	0
        117982	2025-12-19 07:30:21	1	0	15	0
        118829	2025-12-19 07:30:33	1	0	15	0
        118180	2025-12-19 07:33:38	1	0	15	0
        110358	2025-12-19 07:35:43	1	0	15	0
        117133	2025-12-19 07:36:12	1	0	15	0
        116297	2025-12-19 07:37:15	1	0	15	0
        110051	2025-12-19 07:37:41	1	0	15	0
        118157	2025-12-19 07:37:55	1	0	15	0
        110355	2025-12-19 07:38:18	1	0	15	0
        110356	2025-12-19 07:38:22	1	0	15	0
        117921	2025-12-19 07:39:30	1	0	15	0
        117850	2025-12-19 07:39:39	1	0	15	0
        118568	2025-12-19 07:40:32	1	0	15	0
        118455	2025-12-19 07:42:55	1	0	15	0
        110063	2025-12-19 07:42:59	1	0	15	0
        110084	2025-12-19 07:44:18	1	0	15	0
        110366	2025-12-19 07:44:33	1	0	15	0
        117707	2025-12-19 07:45:33	1	0	15	0
        117054	2025-12-19 07:45:37	1	0	15	0
        117129	2025-12-19 07:45:45	1	0	15	0
        118369	2025-12-19 07:45:53	1	0	15	0
        110493	2025-12-19 07:46:26	1	0	15	0
        117733	2025-12-19 07:47:40	1	0	15	0
        117710	2025-12-19 07:48:09	1	0	15	0
        117483	2025-12-19 07:48:16	1	0	15	0
        110482	2025-12-19 07:50:10	1	0	15	0
        117897	2025-12-19 07:50:54	1	0	15	0
        110483	2025-12-19 07:51:13	1	0	15	0
        116129	2025-12-19 07:51:18	1	0	15	0
        110376	2025-12-19 07:51:22	1	0	15	0
        116252	2025-12-19 07:52:10	1	0	15	0
        110070	2025-12-19 07:53:01	1	0	15	0
        119453	2025-12-19 07:53:12	1	0	15	0
        116828	2025-12-19 07:53:19	1	0	1	0
        117680	2025-12-19 07:53:25	1	0	15	0
        116383	2025-12-19 07:53:44	1	0	15	0
        118971	2025-12-19 07:54:14	1	0	15	0
        118043	2025-12-19 07:55:01	1	0	15	0
        117111	2025-12-19 07:55:03	1	0	15	0
        110377	2025-12-19 07:55:47	1	0	15	0
        117222	2025-12-19 07:55:56	1	0	15	0
        117997	2025-12-19 07:57:35	1	0	15	0
        117591	2025-12-19 07:57:40	1	0	15	0
        117983	2025-12-19 07:58:50	1	0	15	0
        117742	2025-12-19 07:59:43	1	0	15	0
        119272	2025-12-19 08:01:36	1	0	15	0
        110378	2025-12-19 08:01:41	1	0	15	0
        116072	2025-12-19 08:02:01	1	0	15	0
        116995	2025-12-19 08:02:51	1	0	15	0
        119493	2025-12-19 08:03:00	1	0	15	0
        110457	2025-12-19 08:03:24	1	0	15	0
        117189	2025-12-19 08:03:52	1	0	15	0
        119535	2025-12-19 08:04:42	1	0	15	0
        119340	2025-12-19 08:04:52	1	0	15	0
        110025	2025-12-19 08:05:41	1	0	15	0
        117817	2025-12-19 08:06:15	1	0	15	0
        117595	2025-12-19 08:06:25	1	0	15	0
        117487	2025-12-19 08:07:01	1	0	15	0
        117725	2025-12-19 08:07:50	1	0	15	0
        117698	2025-12-19 08:07:55	1	0	15	0
        116142	2025-12-19 08:08:04	1	0	15	0
        110090	2025-12-19 08:08:08	1	0	15	0
        118146	2025-12-19 08:09:35	1	0	15	0
        110485	2025-12-19 08:09:41	1	0	15	0
        116493	2025-12-19 08:10:52	1	0	15	0
        116356	2025-12-19 08:11:29	1	0	15	0
        116483	2025-12-19 08:11:36	1	0	15	0
        116296	2025-12-19 08:11:38	1	0	15	0
        117972	2025-12-19 08:11:52	1	0	15	0
        110368	2025-12-19 08:12:11	1	0	15	0
        116960	2025-12-19 08:12:46	1	0	15	0
        118970	2025-12-19 08:13:00	1	0	15	0
        117497	2025-12-19 08:13:15	1	0	15	0
        116422	2025-12-19 08:13:37	1	0	15	0
        116748	2025-12-19 08:13:46	1	0	15	0
        117920	2025-12-19 08:14:48	1	0	15	0
        110354	2025-12-19 08:15:35	1	0	15	0
        117981	2025-12-19 08:15:45	1	0	15	0
        117259	2025-12-19 08:15:46	1	0	15	0
        117644	2025-12-19 08:16:47	1	0	15	0
        110053	2025-12-19 08:16:51	1	0	15	0
        117543	2025-12-19 08:17:03	1	0	15	0
        117999	2025-12-19 08:17:18	1	0	15	0
        119449	2025-12-19 08:18:14	1	0	15	0
        117113	2025-12-19 08:18:41	1	0	15	0
        119494	2025-12-19 08:18:48	1	0	15	0
        117991	2025-12-19 08:19:07	1	0	15	0
        118928	2025-12-19 08:19:48	1	0	15	0
        118207	2025-12-19 08:21:11	1	0	15	0
        110367	2025-12-19 08:22:57	1	0	15	0
        119449	2025-12-19 08:24:01	1	0	15	0
        118046	2025-12-19 08:24:08	1	0	15	0
        117219	2025-12-19 08:24:22	1	0	15	0
        116537	2025-12-19 08:25:04	1	0	15	0
        117122	2025-12-19 08:25:17	1	0	15	0
        116751	2025-12-19 08:25:26	1	0	15	0
        118784	2025-12-19 08:25:30	1	0	15	0
        116512	2025-12-19 08:25:32	1	0	15	0
        119263	2025-12-19 08:25:47	1	0	15	0
        117061	2025-12-19 08:27:41	1	0	15	0
        117634	2025-12-19 08:27:46	1	0	15	0
        117915	2025-12-19 08:27:48	1	0	15	0
        117144	2025-12-19 08:28:33	1	0	15	0
        110032	2025-12-19 08:31:17	1	0	15	0
        117541	2025-12-19 08:32:16	1	0	15	0
        117114	2025-12-19 08:32:19	1	0	15	0
        117616	2025-12-19 08:33:20	1	0	15	0
        119364	2025-12-19 08:33:23	1	0	15	0
        117969	2025-12-19 08:33:33	1	0	15	0
        117567	2025-12-19 08:33:51	1	0	15	0
        116805	2025-12-19 08:34:39	1	0	15	0
        116467	2025-12-19 08:35:17	1	0	15	0
        110195	2025-12-19 08:35:25	1	0	15	0
        117924	2025-12-19 08:36:07	1	0	15	0
        117639	2025-12-19 08:36:42	1	0	15	0
        117088	2025-12-19 08:37:14	1	0	15	0
        110128	2025-12-19 08:37:47	1	0	15	0
        116428	2025-12-19 08:40:06	1	0	15	0
        116282	2025-12-19 08:40:11	1	0	15	0
        110492	2025-12-19 08:40:16	1	0	15	0
        117046	2025-12-19 08:40:26	1	0	15	0
        117121	2025-12-19 08:40:29	1	0	15	0
        110418	2025-12-19 08:40:30	1	0	15	0
        118563	2025-12-19 08:40:37	1	0	15	0
        118761	2025-12-19 08:42:14	1	0	15	0
        117575	2025-12-19 08:43:07	1	0	15	0
        119365	2025-12-19 08:43:15	1	0	15	0
        117926	2025-12-19 08:43:27	1	0	15	0
        110077	2025-12-19 08:44:08	1	0	15	0
        117837	2025-12-19 08:44:40	1	0	15	0
        117692	2025-12-19 08:44:43	1	0	15	0
        110011	2025-12-19 08:44:46	1	0	15	0
        110006	2025-12-19 08:44:48	1	0	15	0
        117683	2025-12-19 08:44:51	1	0	15	0
        117632	2025-12-19 08:44:56	1	0	15	0
        117224	2025-12-19 08:45:31	1	0	15	0
        116914	2025-12-19 08:45:35	1	0	15	0
        117807	2025-12-19 08:45:50	1	0	15	0
        118813	2025-12-19 08:46:42	1	0	15	0
        110083	2025-12-19 08:46:46	1	0	15	0
        116104	2025-12-19 08:47:29	1	0	15	0
        117212	2025-12-19 08:47:32	1	0	15	0
        118782	2025-12-19 08:47:54	1	0	15	0
        116763	2025-12-19 08:47:56	1	0	15	0
        110131	2025-12-19 08:48:11	1	0	15	0
        118753	2025-12-19 08:50:39	1	0	15	0
        110088	2025-12-19 08:50:52	1	0	15	0
        116260	2025-12-19 08:52:35	1	0	15	0
        110197	2025-12-19 08:53:03	1	0	15	0
        117043	2025-12-19 08:54:45	1	0	15	0
        117542	2025-12-19 08:54:51	1	0	15	0
        118458	2025-12-19 08:54:58	1	0	15	0
        110065	2025-12-19 08:55:31	1	0	15	0
        117833	2025-12-19 08:56:15	1	0	15	0
        116497	2025-12-19 08:56:21	1	0	15	0
        117790	2025-12-19 08:57:18	1	0	15	0
        110158	2025-12-19 08:57:34	1	0	15	0
        110173	2025-12-19 08:58:08	1	0	15	0
        110057	2025-12-19 08:58:11	1	0	15	0
        110159	2025-12-19 08:58:21	1	0	15	0
        110024	2025-12-19 08:58:31	1	0	15	0
        117103	2025-12-19 08:58:42	1	0	15	0
        110105	2025-12-19 08:59:43	1	0	15	0
        118862	2025-12-19 09:00:18	1	0	15	0
        117998	2025-12-19 09:00:48	1	0	15	0
        117849	2025-12-19 09:01:41	1	0	15	0
        116933	2025-12-19 09:01:57	1	0	15	0
        116337	2025-12-19 09:02:53	1	0	15	0
        117786	2025-12-19 09:04:02	1	0	15	0
        116747	2025-12-19 09:05:10	1	0	15	0
        116990	2025-12-19 09:05:15	1	0	15	0
        110413	2025-12-19 09:05:19	1	0	15	0
        110055	2025-12-19 09:06:10	1	0	15	0
        117172	2025-12-19 09:06:23	1	0	15	0
        117699	2025-12-19 09:07:37	1	0	15	0
        117814	2025-12-19 09:11:06	1	0	15	0
        110200	2025-12-19 09:11:27	1	0	15	0
        117080	2025-12-19 09:12:31	1	0	15	0
        110172	2025-12-19 09:18:41	1	0	15	0
        117711	2025-12-19 09:19:50	1	0	15	0
        117337	2025-12-19 09:20:31	1	0	15	0
        110116	2025-12-19 09:20:41	1	0	15	0
        117529	2025-12-19 09:25:14	1	0	15	0
        116070	2025-12-19 09:29:33	1	0	1	0
        116279	2025-12-19 09:46:02	1	0	15	0
        116453	2025-12-19 09:50:47	1	0	15	0
        116996	2025-12-19 09:52:18	1	0	15	0
        117077	2025-12-19 09:52:59	1	0	15	0
        110183	2025-12-19 10:08:02	1	0	15	0
        110193	2025-12-19 10:09:28	1	0	15	0
        110075	2025-12-19 10:16:05	1	0	15	0
        117091	2025-12-19 10:23:33	1	0	15	0
        117812	2025-12-19 10:32:56	1	0	15	0
        118503	2025-12-19 10:56:07	1	0	15	0
        110088	2025-12-19 12:00:09	1	2	15	0
        119535	2025-12-19 12:00:13	1	2	15	0
        116279	2025-12-19 12:00:15	1	2	15	0
        117122	2025-12-19 12:00:16	1	2	15	0
        117144	2025-12-19 12:00:18	1	2	15	0
        117616	2025-12-19 12:00:19	1	2	15	0
        117224	2025-12-19 12:00:21	1	2	15	0
        110070	2025-12-19 12:00:32	1	2	15	0
        118503	2025-12-19 12:00:41	1	2	15	0
        118584	2025-12-19 12:00:48	1	2	15	0
        118829	2025-12-19 12:00:49	1	2	15	0
        116383	2025-12-19 12:00:52	1	2	15	0
        116477	2025-12-19 12:00:54	1	2	15	0
        117790	2025-12-19 12:00:56	1	2	15	0
        110466	2025-12-19 12:01:02	1	2	15	0
        117930	2025-12-19 12:01:04	1	2	15	0
        117172	2025-12-19 12:01:05	1	2	15	0
        116748	2025-12-19 12:01:13	1	2	15	0
        110418	2025-12-19 12:01:15	1	2	15	0
        116763	2025-12-19 12:01:21	1	2	15	0
        117543	2025-12-19 12:01:28	1	2	15	0
        116296	2025-12-19 12:01:41	1	2	15	0
        110492	2025-12-19 12:01:49	1	2	15	0
        110051	2025-12-19 12:01:57	1	2	15	0
        117967	2025-12-19 12:02:01	1	2	15	0
        110358	2025-12-19 12:02:09	1	2	15	0
        117113	2025-12-19 12:02:17	1	2	15	0
        110200	2025-12-19 12:02:23	1	2	15	0
        117683	2025-12-19 12:02:28	1	2	15	0
        116282	2025-12-19 12:02:35	1	2	15	0
        116422	2025-12-19 12:02:37	1	2	15	0
        110377	2025-12-19 12:02:39	1	2	15	0
        110376	2025-12-19 12:02:44	1	2	15	0
        117915	2025-12-19 12:02:46	1	2	15	0
        118157	2025-12-19 12:02:47	1	2	15	0
        117634	2025-12-19 12:02:49	1	2	15	0
        117998	2025-12-19 12:02:53	1	2	15	0
        116453	2025-12-19 12:02:56	1	2	15	0
        117644	2025-12-19 12:03:04	1	2	15	0
        117542	2025-12-19 12:03:07	1	2	15	0
        118563	2025-12-19 12:03:16	1	2	15	0
        118503	2025-12-19 12:03:19	1	2	15	0
        117046	2025-12-19 12:03:20	1	2	15	0
        118584	2025-12-19 12:03:24	1	2	15	0
        116279	2025-12-19 12:03:26	1	2	15	0
        110424	2025-12-19 12:03:28	1	2	15	0
        117088	2025-12-19 12:03:32	1	2	15	0
        119493	2025-12-19 12:03:34	1	2	15	0
        117991	2025-12-19 12:03:36	1	2	15	0
        110415	2025-12-19 12:03:39	1	2	15	0
        110482	2025-12-19 12:03:41	1	2	15	0
        117966	2025-12-19 12:03:42	1	2	15	0
        117769	2025-12-19 12:03:44	1	2	15	0
        117786	2025-12-19 12:03:46	1	2	15	0
        117483	2025-12-19 12:03:48	1	2	15	0
        117838	2025-12-19 12:03:49	1	2	15	0
        116252	2025-12-19 12:03:51	1	2	15	0
        119453	2025-12-19 12:03:53	1	2	15	0
        117833	2025-12-19 12:03:55	1	2	15	0
        117497	2025-12-19 12:03:59	1	2	15	0
        117567	2025-12-19 12:04:03	1	2	15	0
        116763	2025-12-19 12:04:09	1	2	15	0
        110418	2025-12-19 12:04:11	1	2	15	0
        117680	2025-12-19 12:04:13	1	2	15	0
        118829	2025-12-19 12:04:15	1	2	15	0
        116383	2025-12-19 12:04:17	1	2	15	0
        117790	2025-12-19 12:04:18	1	2	15	0
        116933	2025-12-19 12:04:23	1	2	15	0
        110200	2025-12-19 12:04:48	1	2	15	0
        117224	2025-12-19 12:04:51	1	2	15	0
        117644	2025-12-19 12:04:53	1	2	15	0
        110070	2025-12-19 12:04:54	1	2	15	0
        116282	2025-12-19 12:04:57	1	2	15	0
        117769	2025-12-19 12:05:08	1	2	15	0
        117528	2025-12-19 12:05:10	1	2	15	0
        117632	2025-12-19 12:05:15	1	2	15	0
        118640	2025-12-19 12:05:17	1	2	15	0
        110183	2025-12-19 12:05:20	1	2	15	0
        117683	2025-12-19 12:05:21	1	2	15	0
        116422	2025-12-19 12:05:23	1	2	15	0
        118157	2025-12-19 12:05:26	1	2	15	0
        117634	2025-12-19 12:05:28	1	2	15	0
        117838	2025-12-19 12:05:29	1	2	15	0
        117483	2025-12-19 12:05:31	1	2	15	0
        117915	2025-12-19 12:05:33	1	2	15	0
        110358	2025-12-19 12:05:35	1	2	15	0
        117966	2025-12-19 12:05:38	1	2	15	0
        116914	2025-12-19 12:05:41	1	2	15	0
        117697	2025-12-19 12:05:43	1	2	15	0
        117713	2025-12-19 12:05:45	1	2	15	0
        117710	2025-12-19 12:05:47	1	2	15	0
        119453	2025-12-19 12:05:49	1	2	15	0
        110063	2025-12-19 12:05:51	1	2	15	0
        110492	2025-12-19 12:05:55	1	2	15	0
        110366	2025-12-19 12:06:09	1	2	15	0
        117704	2025-12-19 12:06:11	1	2	15	0
        116477	2025-12-19 12:06:14	1	2	15	0
        110483	2025-12-19 12:06:18	1	2	15	0
        117967	2025-12-19 12:06:20	1	2	15	0
        117543	2025-12-19 12:06:22	1	2	15	0
        117698	2025-12-19 12:06:23	1	2	15	0
        117725	2025-12-19 12:06:25	1	2	15	0
        110368	2025-12-19 12:06:27	1	2	15	0
        118835	2025-12-19 12:06:28	1	2	15	0
        118813	2025-12-19 12:06:30	1	2	15	0
        117046	2025-12-19 12:06:33	1	2	15	0
        116748	2025-12-19 12:06:35	1	2	15	0
        110424	2025-12-19 12:06:37	1	2	15	0
        118563	2025-12-19 12:06:39	1	2	15	0
        117043	2025-12-19 12:06:40	1	2	15	0
        110195	2025-12-19 12:06:44	1	2	15	0
        118180	2025-12-19 12:06:46	1	2	15	0
        118970	2025-12-19 12:06:48	1	2	15	0
        118928	2025-12-19 12:06:50	1	2	15	0
        116129	2025-12-19 12:06:52	1	2	15	0
        110090	2025-12-19 12:06:53	1	2	15	0
        116296	2025-12-19 12:06:56	1	2	15	0
        118458	2025-12-19 12:06:59	1	2	15	0
        110051	2025-12-19 12:07:03	1	2	15	0
        117642	2025-12-19 12:07:05	1	2	15	0
        117983	2025-12-19 12:07:07	1	2	15	0
        116426	2025-12-19 12:07:08	1	2	15	0
        117639	2025-12-19 12:07:17	1	2	15	0
        116828	2025-12-19 12:07:22	1	2	1	0
        117172	2025-12-19 12:07:28	1	2	15	0
        119272	2025-12-19 12:07:33	1	2	15	0
        117707	2025-12-19 12:07:35	1	2	15	0
        117742	2025-12-19 12:07:55	1	2	15	0
        116453	2025-12-19 12:07:56	1	2	15	0
        110172	2025-12-19 12:07:59	1	2	15	0
        117837	2025-12-19 12:08:01	1	2	15	0
        118640	2025-12-19 12:08:12	1	2	15	0
        110377	2025-12-19 12:08:18	1	2	15	0
        110376	2025-12-19 12:08:24	1	2	15	0
        119535	2025-12-19 12:08:27	1	2	15	0
        117120	2025-12-19 12:08:31	1	2	15	0
        116799	2025-12-19 12:08:39	1	2	15	0
        118784	2025-12-19 12:08:43	1	2	15	0
        117926	2025-12-19 12:08:45	1	2	15	0
        117807	2025-12-19 12:08:58	1	2	15	0
        116990	2025-12-19 12:09:02	1	2	15	0
        117770	2025-12-19 12:09:05	1	2	15	0
        117529	2025-12-19 12:09:08	1	2	15	0
        118992	2025-12-19 12:09:11	1	2	15	0
        117059	2025-12-19 12:09:13	1	2	15	0
        117591	2025-12-19 12:09:17	1	2	15	0
        118953	2025-12-19 12:09:22	1	2	15	0
        117733	2025-12-19 12:09:24	1	2	15	0
        117997	2025-12-19 12:09:30	1	2	15	0
        117833	2025-12-19 12:09:31	1	2	15	0
        110053	2025-12-19 12:09:45	1	2	15	0
        110195	2025-12-19 12:10:06	1	2	15	0
        116426	2025-12-19 12:10:10	1	2	15	0
        116995	2025-12-19 12:10:20	1	2	15	0
        117088	2025-12-19 12:10:23	1	2	15	0
        117849	2025-12-19 12:10:34	1	2	15	0
        119494	2025-12-19 12:10:36	1	2	15	0
        116070	2025-12-19 12:10:43	1	2	15	0
        117812	2025-12-19 12:10:47	1	2	15	0
        116069	2025-12-19 12:10:49	1	2	15	0
        117222	2025-12-19 12:10:51	1	2	15	0
        110368	2025-12-19 12:10:53	1	2	15	0
        117713	2025-12-19 12:10:55	1	2	15	0
        117710	2025-12-19 12:10:57	1	2	15	0
        117704	2025-12-19 12:10:59	1	2	15	0
        117698	2025-12-19 12:11:02	1	2	15	0
        117725	2025-12-19 12:11:04	1	2	15	0
        117697	2025-12-19 12:11:06	1	2	15	0
        110415	2025-12-19 12:11:08	1	2	15	0
        117043	2025-12-19 12:11:10	1	2	15	0
        110482	2025-12-19 12:11:13	1	2	15	0
        117120	2025-12-19 12:11:16	1	2	15	0
        117921	2025-12-19 12:11:22	1	2	15	0
        117982	2025-12-19 12:11:24	1	2	15	0
        117707	2025-12-19 12:11:24	1	2	15	0
        118180	2025-12-19 12:11:26	1	2	15	0
        110354	2025-12-19 12:11:29	1	2	15	0
        110077	2025-12-19 12:11:36	1	2	15	0
        110366	2025-12-19 12:11:46	1	2	15	0
        118835	2025-12-19 12:11:54	1	2	15	0
        118813	2025-12-19 12:11:58	1	2	15	0
        117699	2025-12-19 12:12:16	1	2	15	0
        110367	2025-12-19 12:12:28	1	2	15	0
        117850	2025-12-19 12:12:30	1	2	15	0
        117920	2025-12-19 12:12:33	1	2	15	0
        117814	2025-12-19 12:12:40	1	2	15	0
        116493	2025-12-19 12:12:45	1	2	15	0
        110355	2025-12-19 12:12:47	1	2	15	0
        110356	2025-12-19 12:12:51	1	2	15	0
        117487	2025-12-19 12:12:55	1	2	15	0
        116996	2025-12-19 12:12:57	1	2	15	0
        117692	2025-12-19 12:12:59	1	2	15	0
        117983	2025-12-19 12:13:01	1	2	15	0
        117997	2025-12-19 12:13:05	1	2	15	0
        117837	2025-12-19 12:13:11	1	2	15	0
        117680	2025-12-19 12:13:13	1	2	15	0
        117742	2025-12-19 12:13:15	1	2	15	0
        117817	2025-12-19 12:13:17	1	2	15	0
        117632	2025-12-19 12:13:20	1	2	15	0
        110172	2025-12-19 12:13:22	1	2	15	0
        117807	2025-12-19 12:13:24	1	2	15	0
        117770	2025-12-19 12:13:25	1	2	15	0
        117930	2025-12-19 12:13:39	1	2	15	0
        118046	2025-12-19 12:13:54	1	2	15	0
        117849	2025-12-19 12:14:23	1	2	15	0
        119494	2025-12-19 12:14:35	1	2	15	0
        117144	2025-12-19 12:14:42	1	2	15	0
        110088	2025-12-19 12:14:45	1	2	15	0
        116070	2025-12-19 12:14:47	1	2	15	0
        117812	2025-12-19 12:14:49	1	2	15	0
        117616	2025-12-19 12:14:53	1	2	15	0
        118992	2025-12-19 12:15:02	1	2	15	0
        117077	2025-12-19 12:15:07	1	2	15	0
        116337	2025-12-19 12:15:11	1	2	15	0
        117133	2025-12-19 12:15:13	1	2	15	0
        116537	2025-12-19 12:15:15	1	2	15	0
        117341	2025-12-19 12:15:18	1	2	15	0
        117998	2025-12-19 12:15:23	1	2	15	0
        110158	2025-12-19 12:15:26	1	2	15	0
        116990	2025-12-19 12:15:28	1	2	15	0
        116069	2025-12-19 12:15:31	1	2	15	0
        118970	2025-12-19 12:15:33	1	2	15	0
        118784	2025-12-19 12:15:34	1	2	15	0
        118928	2025-12-19 12:15:35	1	2	15	0
        116129	2025-12-19 12:15:37	1	2	15	0
        110116	2025-12-19 12:15:40	1	2	15	0
        110356	2025-12-19 12:15:43	1	2	15	0
        110355	2025-12-19 12:15:45	1	2	15	0
        110053	2025-12-19 12:15:50	1	2	15	0
        110413	2025-12-19 12:15:50	1	2	15	0
        118953	2025-12-19 12:16:03	1	2	15	0
        116995	2025-12-19 12:16:07	1	2	15	0
        118458	2025-12-19 12:16:10	1	2	15	0
        117111	2025-12-19 12:16:11	1	2	15	0
        118695	2025-12-19 12:16:14	1	2	15	0
        116493	2025-12-19 12:16:21	1	2	15	0
        110063	2025-12-19 12:16:29	1	2	15	0
        110090	2025-12-19 12:16:31	1	2	15	0
        119272	2025-12-19 12:16:39	1	2	15	0
        117924	2025-12-19 12:17:06	1	2	15	0
        117259	2025-12-19 12:17:10	1	2	15	0
        117541	2025-12-19 12:17:12	1	2	15	0
        117122	2025-12-19 12:17:28	1	2	15	0
        110032	2025-12-19 12:17:47	1	2	15	0
        119104	2025-12-19 12:17:54	1	2	15	0
        117814	2025-12-19 12:18:15	1	2	15	0
        110367	2025-12-19 12:18:18	1	2	15	0
        116337	2025-12-19 12:18:19	1	2	15	0
        117077	2025-12-19 12:18:21	1	2	15	0
        117850	2025-12-19 12:18:23	1	2	15	0
        116537	2025-12-19 12:18:25	1	2	15	0
        117341	2025-12-19 12:18:27	1	2	15	0
        117920	2025-12-19 12:18:29	1	2	15	0
        116453	2025-12-19 12:18:33	1	2	15	0
        117133	2025-12-19 12:18:34	1	2	15	0
        117222	2025-12-19 12:18:56	1	2	15	0
        116799	2025-12-19 12:19:09	1	2	15	0
        116996	2025-12-19 12:19:34	1	2	15	0
        117982	2025-12-19 12:19:37	1	2	15	0
        117921	2025-12-19 12:19:45	1	2	15	0
        117497	2025-12-19 12:19:56	1	2	15	0
        117817	2025-12-19 12:19:59	1	2	15	0
        116142	2025-12-19 12:20:09	1	2	15	0
        116252	2025-12-19 12:20:14	1	2	15	0
        117595	2025-12-19 12:20:27	1	2	15	0
        117189	2025-12-19 12:20:33	1	2	15	0
        117487	2025-12-19 12:21:07	1	2	15	0
        117080	2025-12-19 12:21:12	1	2	15	0
        117259	2025-12-19 12:21:16	1	2	15	0
        118753	2025-12-19 12:21:42	1	2	15	0
        116297	2025-12-19 12:21:50	1	2	15	0
        118761	2025-12-19 12:21:54	1	2	15	0
        119104	2025-12-19 12:21:59	1	2	15	0
        117692	2025-12-19 12:22:11	1	2	15	0
        118043	2025-12-19 12:22:15	1	2	15	0
        110077	2025-12-19 12:23:43	1	2	15	0
        116914	2025-12-19 12:24:03	1	2	15	0
        117699	2025-12-19 12:24:06	1	2	15	0
        110197	2025-12-19 12:24:12	1	2	15	0
        117567	2025-12-19 12:24:28	1	2	15	0
        118971	2025-12-19 12:24:58	1	2	15	0
        110032	2025-12-19 12:25:14	1	2	15	0
        117103	2025-12-19 12:25:38	1	2	15	0
        116297	2025-12-19 12:25:56	1	2	15	0
        117595	2025-12-19 12:26:02	1	2	15	0
        118761	2025-12-19 12:26:08	1	2	15	0
        117189	2025-12-19 12:26:17	1	2	15	0
        117733	2025-12-19 12:26:22	1	2	15	0
        110483	2025-12-19 12:26:32	1	2	15	0
        110077	2025-12-19 12:26:54	1	2	15	0
        117114	2025-12-19 12:27:26	1	2	15	0
        117103	2025-12-19 12:28:02	1	2	15	0
        116260	2025-12-19 12:28:07	1	2	15	0
        110457	2025-12-19 12:28:09	1	2	15	0
        110357	2025-12-19 12:28:10	1	2	15	0
        116072	2025-12-19 12:28:14	1	2	15	0
        116497	2025-12-19 12:28:17	1	2	15	0
        117542	2025-12-19 12:28:34	1	2	15	0
        117528	2025-12-19 12:28:36	1	2	15	0
        117991	2025-12-19 12:28:39	1	2	15	0
        118046	2025-12-19 12:28:42	1	2	15	0
        110090	2025-12-19 12:29:04	1	2	15	0
        118043	2025-12-19 12:29:34	1	2	15	0
        110475	2025-12-19 12:30:05	1	2	15	0
        110413	2025-12-19 12:30:10	1	2	15	0
        110378	2025-12-19 12:30:29	1	2	15	0
        117080	2025-12-19 12:30:56	1	2	15	0
        118782	2025-12-19 12:31:04	1	2	15	0
        110354	2025-12-19 12:31:31	1	2	15	0
        116142	2025-12-19 12:31:53	1	2	15	0
        110473	2025-12-19 12:32:01	1	2	15	0
        116428	2025-12-19 12:32:25	1	2	15	0
        117897	2025-12-19 12:32:27	1	2	15	0
        119449	2025-12-19 12:32:37	1	2	15	0
        110466	2025-12-19 12:32:47	1	2	15	0
        117711	2025-12-19 12:32:54	1	2	15	0
        117642	2025-12-19 12:33:19	1	2	15	0
        117337	2025-12-19 12:33:49	1	2	15	0
        110105	2025-12-19 12:34:12	1	2	15	0
        117111	2025-12-19 12:34:23	1	2	15	0
        118782	2025-12-19 12:35:14	1	3	15	0
        116428	2025-12-19 12:35:18	1	3	15	0
        117121	2025-12-19 12:35:21	1	3	15	0
        117897	2025-12-19 12:35:24	1	3	15	0
        117541	2025-12-19 12:35:32	1	3	15	0
        116831	2025-12-19 12:35:40	1	3	15	0
        110116	2025-12-19 12:36:05	1	3	15	0
        116072	2025-12-19 12:36:13	1	3	15	0
        116497	2025-12-19 12:36:15	1	3	15	0
        110378	2025-12-19 12:36:21	1	3	15	0
        110457	2025-12-19 12:36:21	1	3	15	0
        116260	2025-12-19 12:36:40	1	3	15	0
        117121	2025-12-19 12:36:58	1	3	15	0
        117529	2025-12-19 12:37:45	1	3	15	0
        118695	2025-12-19 12:37:56	1	3	15	0
        117059	2025-12-19 12:38:16	1	3	15	0
        118862	2025-12-19 12:38:22	1	3	15	0
        117639	2025-12-19 12:38:27	1	3	15	0
        110083	2025-12-19 12:38:51	1	3	15	0
        117114	2025-12-19 12:39:11	1	3	15	0
        116472	2025-12-19 12:41:56	1	3	15	0
        116747	2025-12-19 12:41:57	1	3	15	0
        116831	2025-12-19 12:42:29	1	3	15	0
        117091	2025-12-19 12:42:38	1	3	15	0
        116805	2025-12-19 12:42:42	1	3	15	0
        118369	2025-12-19 12:42:44	1	3	15	0
        116356	2025-12-19 12:42:48	1	3	15	0
        110493	2025-12-19 12:42:50	1	3	15	0
        117061	2025-12-19 12:42:54	1	3	15	0
        117981	2025-12-19 12:42:55	1	3	15	0
        116933	2025-12-19 12:43:05	1	3	15	0
        110131	2025-12-19 12:43:09	1	3	15	0
        118146	2025-12-19 12:43:11	1	3	15	0
        110475	2025-12-19 12:43:29	1	3	15	0
        118753	2025-12-19 12:43:36	1	3	15	0
        110473	2025-12-19 12:43:37	1	3	15	0
        117711	2025-12-19 12:44:35	1	3	15	0
        110083	2025-12-19 12:44:43	1	3	15	0
        119449	2025-12-19 12:44:46	1	3	15	0
        118862	2025-12-19 12:45:40	1	3	15	0
        110183	2025-12-19 12:46:15	1	3	15	0
        117969	2025-12-19 12:46:25	1	3	15	0
        116472	2025-12-19 12:46:37	1	3	15	0
        116747	2025-12-19 12:46:41	1	3	15	0
        117113	2025-12-19 12:46:46	1	3	15	0
        110485	2025-12-19 12:46:52	1	3	15	0
        119227	2025-12-19 12:46:58	1	3	15	0
        110100	2025-12-19 12:48:20	1	3	15	0
        117926	2025-12-19 12:48:24	1	3	15	0
        110057	2025-12-19 12:48:32	1	3	15	0
        118455	2025-12-19 12:48:35	1	3	15	0
        119070	2025-12-19 12:48:37	1	3	15	0
        116483	2025-12-19 12:48:40	1	3	15	0
        117091	2025-12-19 12:48:42	1	3	15	0
        116356	2025-12-19 12:48:44	1	3	15	0
        117061	2025-12-19 12:48:46	1	3	15	0
        116805	2025-12-19 12:48:49	1	3	15	0
        110131	2025-12-19 12:48:53	1	3	15	0
        118369	2025-12-19 12:48:56	1	3	15	0
        110074	2025-12-19 12:48:58	1	3	15	0
        118146	2025-12-19 12:49:01	1	3	15	0
        110493	2025-12-19 12:49:03	1	3	15	0
        117981	2025-12-19 12:49:05	1	3	15	0
        119365	2025-12-19 12:49:26	1	3	15	0
        110357	2025-12-19 12:49:31	1	3	15	0
        110485	2025-12-19 12:49:43	1	3	15	0
        110084	2025-12-19 12:50:04	1	3	15	0
        117212	2025-12-19 12:50:11	1	3	15	0
        119143	2025-12-19 12:50:14	1	3	15	0
        117054	2025-12-19 12:50:17	1	3	15	0
        117993	2025-12-19 12:50:19	1	3	15	0
        110128	2025-12-19 12:50:25	1	3	15	0
        110173	2025-12-19 12:50:51	1	3	15	0
        118207	2025-12-19 12:50:55	1	3	15	0
        117969	2025-12-19 12:51:09	1	3	15	0
        116483	2025-12-19 12:51:19	1	3	15	0
        118971	2025-12-19 12:52:10	1	3	15	0
        110075	2025-12-19 12:52:13	1	3	15	0
        119364	2025-12-19 12:52:16	1	3	15	0
        110025	2025-12-19 12:52:18	1	3	15	0
        110084	2025-12-19 12:52:37	1	3	15	0
        110055	2025-12-19 12:53:02	1	3	15	0
        117337	2025-12-19 12:53:08	1	3	15	0
        119493	2025-12-19 12:53:11	1	3	15	0
        118455	2025-12-19 12:53:21	1	3	15	0
        119070	2025-12-19 12:53:24	1	3	15	0
        110100	2025-12-19 12:53:29	1	3	15	0
        117054	2025-12-19 12:53:34	1	3	15	0
        110057	2025-12-19 12:53:38	1	3	15	0
        110074	2025-12-19 12:53:42	1	3	15	0
        117212	2025-12-19 12:53:47	1	3	15	0
        119143	2025-12-19 12:53:51	1	3	15	0
        117993	2025-12-19 12:53:55	1	3	15	0
        117924	2025-12-19 12:53:58	1	3	15	0
        116835	2025-12-19 12:54:16	1	3	15	0
        117591	2025-12-19 12:54:27	1	3	15	0
        119365	2025-12-19 12:54:34	1	3	15	0
        110158	2025-12-19 12:54:59	1	3	15	0
        110128	2025-12-19 12:55:47	1	3	15	0
        110173	2025-12-19 12:56:07	1	3	15	0
        118207	2025-12-19 12:56:09	1	3	15	0
        110055	2025-12-19 12:57:36	1	3	15	0
        117122	2025-12-19 12:57:53	1	3	15	0
        110075	2025-12-19 12:58:07	1	3	15	0
        110025	2025-12-19 12:58:10	1	3	15	0
        119364	2025-12-19 12:58:12	1	3	15	0
        110070	2025-12-19 12:58:15	1	3	15	0
        118180	2025-12-19 13:08:42	1	3	15	0
        110495	2025-12-19 13:24:08	1	3	15	0
        110051	2025-12-19 15:24:40	1	3	15	0
        118640	2025-12-19 16:12:56	1	1	15	0
        116835	2025-12-19 16:20:32	1	1	15	0
        117770	2025-12-19 16:24:08	1	1	15	0
        116297	2025-12-19 16:27:06	1	1	15	0
        118829	2025-12-19 16:34:19	1	1	15	0
        117644	2025-12-19 16:34:42	1	1	15	0
        116426	2025-12-19 16:46:24	1	1	15	0
        117982	2025-12-19 16:46:30	1	1	15	0
        110377	2025-12-19 17:02:52	1	1	15	0
        110376	2025-12-19 17:03:01	1	1	15	0
        116383	2025-12-19 17:03:11	1	1	15	0
        117997	2025-12-19 17:03:33	1	1	15	0
        116799	2025-12-19 17:05:20	1	1	15	0
        116129	2025-12-19 17:05:41	1	1	15	0
        110473	2025-12-19 17:07:08	1	1	15	0
        119272	2025-12-19 17:07:46	1	1	15	0
        118784	2025-12-19 17:09:46	1	1	15	0
        110482	2025-12-19 17:13:34	1	1	15	0
        118970	2025-12-19 17:14:16	1	1	15	0
        119535	2025-12-19 17:14:46	1	1	15	0
        117642	2025-12-19 17:15:15	1	1	15	0
        117838	2025-12-19 17:15:37	1	1	15	0
        110485	2025-12-19 17:15:52	1	1	15	0
        117769	2025-12-19 17:15:56	1	1	15	0
        117966	2025-12-19 17:16:18	1	1	15	0
        110100	2025-12-19 17:16:23	1	1	15	0
        116960	2025-12-19 17:16:24	1	1	15	0
        117172	2025-12-19 17:16:27	1	1	15	0
        117591	2025-12-19 17:16:31	1	1	15	0
        117189	2025-12-19 17:16:36	1	1	15	0
        117835	2025-12-19 17:17:10	1	1	15	0
        110475	2025-12-19 17:17:34	1	1	15	0
        118046	2025-12-19 17:20:40	1	1	15	0
        110131	2025-12-19 17:20:44	1	1	15	0
        110366	2025-12-19 17:21:57	1	1	15	0
        117786	2025-12-19 17:22:05	1	1	15	0
        110354	2025-12-19 17:22:08	1	1	15	0
        117483	2025-12-19 17:22:38	1	1	15	0
        110050	2025-12-19 17:23:05	1	1	15	0
        118207	2025-12-19 17:23:23	1	1	15	0
        110473	2025-12-19 17:27:08	1	1	15	0
        110424	2025-12-19 17:28:19	1	1	15	0
        110355	2025-12-19 17:29:01	1	1	15	0
        110372	2025-12-19 17:29:36	1	1	15	0
        110084	2025-12-19 17:30:44	1	1	15	0
        118157	2025-12-19 17:30:50	1	1	15	0
        117543	2025-12-19 17:31:10	1	1	15	0
        117680	2025-12-19 17:31:39	1	1	15	0
        117497	2025-12-19 17:31:50	1	1	15	0
        119104	2025-12-19 17:32:11	1	1	15	0
        110415	2025-12-19 17:32:19	1	1	15	0
        110368	2025-12-19 17:32:36	1	1	15	0
        118835	2025-12-19 17:32:56	1	1	15	0
        119143	2025-12-19 17:33:45	1	1	15	0
        117497	2025-12-19 17:35:05	1	1	15	0
        117114	2025-12-19 17:35:20	1	1	15	0
        117993	2025-12-19 17:35:35	1	1	15	0
        110466	2025-12-19 17:35:55	1	1	15	0
        116512	2025-12-19 17:36:44	1	1	15	0
        116751	2025-12-19 17:36:48	1	1	15	0
        118953	2025-12-19 17:38:31	1	1	15	0
        110483	2025-12-19 17:38:50	1	1	15	0
        117616	2025-12-19 17:42:53	1	1	15	0
        117054	2025-12-19 17:43:34	1	1	15	0
        117567	2025-12-19 17:43:37	1	1	15	0
        118043	2025-12-19 17:43:40	1	1	15	0
        117144	2025-12-19 17:43:55	1	1	15	0
        117926	2025-12-19 17:47:28	1	1	15	0
        116069	2025-12-19 17:49:39	1	1	15	0
        116990	2025-12-19 17:50:51	1	1	15	0
        117632	2025-12-19 17:51:53	1	1	15	0
        117639	2025-12-19 17:53:12	1	1	15	0
        110088	2025-12-19 17:55:00	1	1	15	0
        116493	2025-12-19 17:57:01	1	1	15	0
        116337	2025-12-19 17:57:05	1	1	15	0
        119365	2025-12-19 17:57:10	1	1	15	0
        117077	2025-12-19 17:57:13	1	1	15	0
        117133	2025-12-19 17:57:16	1	1	15	0
        110032	2025-12-19 17:57:23	1	1	15	0
        117921	2025-12-19 17:59:05	1	1	15	0
        119340	2025-12-19 17:59:25	1	1	15	0
        116551	2025-12-19 17:59:27	1	1	15	0
        110358	2025-12-19 17:59:31	1	1	15	0
        117812	2025-12-19 18:00:03	1	1	15	0
        119449	2025-12-19 18:01:33	1	1	15	0
        110083	2025-12-19 18:03:35	1	1	15	0
        117088	2025-12-19 18:03:40	1	1	15	0
        119263	2025-12-19 18:06:42	1	1	15	0
        116933	2025-12-19 18:08:33	1	1	15	0
        117707	2025-12-19 18:09:32	1	1	15	0
        110024	2025-12-19 18:10:11	1	1	15	0
        119493	2025-12-19 18:10:42	1	1	15	0
        117212	2025-12-19 18:12:00	1	1	15	0
        117113	2025-12-19 18:12:54	1	1	15	0
        118992	2025-12-19 18:14:02	1	1	15	0
        116453	2025-12-19 18:14:33	1	1	15	0
        110105	2025-12-19 18:15:00	1	1	15	0
        117529	2025-12-19 18:16:54	1	1	15	0
        110077	2025-12-19 18:18:00	1	1	15	0
        117849	2025-12-19 18:18:58	1	1	15	0
        117837	2025-12-19 18:19:02	1	1	15	0
        116070	2025-12-19 18:19:03	1	1	15	0
        110090	2025-12-19 18:19:11	1	1	15	0
        110492	2025-12-19 18:19:36	1	1	15	0
        110090	2025-12-19 18:20:26	1	1	15	0
        116537	2025-12-19 18:21:35	1	1	15	0
        117972	2025-12-19 18:24:14	1	1	15	0
        119453	2025-12-19 18:25:14	1	1	15	0
        116252	2025-12-19 18:28:21	1	1	15	0
        117122	2025-12-19 18:29:44	1	1	15	0
        117122	2025-12-19 18:30:44	1	1	15	0
        110088	2025-12-19 18:30:46	1	1	15	0
        118928	2025-12-19 18:31:10	1	1	15	0
        116282	2025-12-19 18:31:20	1	1	15	0
        110159	2025-12-19 18:31:27	1	1	15	0
        110200	2025-12-19 18:35:40	1	1	15	0
        117341	2025-12-19 18:37:24	1	1	15	0
        110053	2025-12-19 18:38:03	1	1	15	0
        118503	2025-12-19 18:42:47	1	1	15	0
        117969	2025-12-19 18:44:01	1	1	15	0
        110011	2025-12-19 18:44:08	1	1	15	0
        117915	2025-12-19 18:44:11	1	1	15	0
        117634	2025-12-19 18:44:16	1	1	15	0
        117683	2025-12-19 18:44:18	1	1	15	0
        116104	2025-12-19 18:44:20	1	1	15	0
        116422	2025-12-19 18:44:21	1	1	15	0
        117998	2025-12-19 18:57:39	1	1	15	0
        118971	2025-12-19 19:04:25	1	1	15	0
        110356	2025-12-19 19:07:25	1	1	15	0
        118813	2025-12-19 19:07:41	1	1	15	0
        110173	2025-12-19 19:10:47	1	1	15	0
        110183	2025-12-19 19:10:54	1	1	15	0
        116834	2025-12-19 19:22:06	1	1	15	0
        117711	2025-12-19 19:34:01	1	1	15	0
        110413	2025-12-19 19:34:18	1	1	15	0
        116142	2025-12-19 19:38:23	1	1	15	0
        116142	2025-12-19 19:40:09	1	1	15	0
        110070	2025-12-19 19:40:21	1	1	15	0
        110055	2025-12-19 19:41:23	1	1	15	0
        117542	2025-12-19 19:41:27	1	1	15	0
        117699	2025-12-19 19:41:35	1	1	15	0
        117222	2025-12-19 19:43:05	1	1	15	0
        110367	2025-12-19 19:47:10	1	1	15	0
        117704	2025-12-19 19:47:13	1	1	15	0
        117697	2025-12-19 19:47:18	1	1	15	0
        117920	2025-12-19 19:47:21	1	1	15	0
        117710	2025-12-19 19:47:23	1	1	15	0
        117713	2025-12-19 19:47:26	1	1	15	0
        117850	2025-12-19 19:47:30	1	1	15	0
        117742	2025-12-19 19:48:51	1	1	15	0
        117807	2025-12-19 19:48:54	1	1	15	0
        116995	2025-12-19 19:48:56	1	1	15	0
        118862	2025-12-19 19:49:34	1	1	15	0
        117733	2025-12-19 19:50:15	1	1	15	0
        117698	2025-12-19 19:51:17	1	1	15	0
        117725	2025-12-19 19:51:19	1	1	15	0
        116831	2025-12-19 19:52:50	1	1	15	0
        110493	2025-12-19 20:02:27	1	1	15	0
        110495	2025-12-19 20:02:30	1	1	15	0
        119364	2025-12-19 20:02:36	1	1	15	0
        110116	2025-12-19 20:03:15	1	1	15	0
        116828	2025-12-19 20:05:31	1	1	1	0
        117103	2025-12-19 20:08:03	1	1	15	0
        117817	2025-12-19 20:08:41	1	1	15	0
        119364	2025-12-19 20:09:10	1	1	15	0
        110063	2025-12-19 20:15:35	1	1	15	0
        118369	2025-12-19 20:18:17	1	1	15	0
        118455	2025-12-19 20:24:00	1	1	15	0
        117259	2025-12-19 20:24:02	1	1	15	0
        110457	2025-12-19 20:24:04	1	1	15	0
        117541	2025-12-19 20:24:07	1	1	15	0
        110128	2025-12-19 20:24:28	1	1	15	0
        116260	2025-12-19 20:25:26	1	1	15	0
        117999	2025-12-19 20:27:00	1	1	15	0
        110025	2025-12-19 20:27:26	1	1	15	0
        116356	2025-12-19 20:36:17	1	1	15	0
        110357	2025-12-19 20:37:38	1	1	15	0
        116805	2025-12-19 20:38:56	1	1	15	0
        110057	2025-12-19 20:38:57	1	1	15	0
        119070	2025-12-19 20:39:04	1	1	15	0
        117981	2025-12-19 20:39:11	1	1	15	0
        110074	2025-12-19 20:39:12	1	1	15	0
        116483	2025-12-19 20:51:14	1	1	15	0
        116296	2025-12-19 20:51:16	1	1	15	0
        119227	2025-12-19 21:00:07	1	1	15	0
        110075	2025-12-19 21:04:02	1	1	15	0
        116072	2025-12-19 21:30:58	1	1	15	0
        116497	2025-12-19 21:31:00	1	1	15	0
        117924	2025-12-19 21:31:09	1	1	15	0
        117713	2025-12-20 07:38:22	1	0	15	0
        116828	2025-12-20 08:01:55	1	0	1	0
        117710	2025-12-20 08:11:23	1	0	15	0
        110457	2025-12-20 08:15:32	1	0	15	0
        110356	2025-12-20 08:31:31	1	0	15	0
        117850	2025-12-20 08:33:35	1	0	15	0
        110492	2025-12-20 08:37:55	1	0	15	0
        110367	2025-12-20 08:43:38	1	0	15	0
        117697	2025-12-20 08:43:39	1	0	15	0
        116497	2025-12-20 08:49:30	1	0	15	0
        116072	2025-12-20 09:07:00	1	0	15	0
        119535	2025-12-20 09:13:23	1	0	15	0
        117704	2025-12-20 09:19:45	1	0	15	0
        117259	2025-12-20 09:39:41	1	0	15	0
        117122	2025-12-20 09:51:36	1	0	15	0
        119453	2025-12-20 09:58:50	1	0	15	0
        110173	2025-12-20 10:16:47	1	0	15	0
        117497	2025-12-20 10:25:22	1	0	15	0
        117616	2025-12-20 10:53:01	1	0	15	0
        116483	2025-12-20 11:02:53	1	2	15	0
        110466	2025-12-20 11:03:28	1	2	15	0
        117680	2025-12-20 11:21:42	1	2	15	0
        117543	2025-12-20 11:33:46	1	2	15	0
        117497	2025-12-20 12:02:19	1	2	15	0
        117061	2025-12-20 12:02:33	1	2	15	0
        117680	2025-12-20 12:02:37	1	2	15	0
        110466	2025-12-20 12:02:40	1	2	15	0
        119453	2025-12-20 12:02:47	1	2	15	0
        117122	2025-12-20 12:02:49	1	2	15	0
        119535	2025-12-20 12:07:59	1	2	15	0
        117616	2025-12-20 12:09:33	1	2	15	0
        110492	2025-12-20 12:13:24	1	2	15	0
        117541	2025-12-20 12:16:14	1	2	15	0
        117541	2025-12-20 12:18:33	1	2	15	0
        119453	2025-12-20 12:19:08	1	2	15	0
        116828	2025-12-20 12:19:38	1	2	1	0
        117497	2025-12-20 12:19:48	1	2	15	0
        119535	2025-12-20 12:21:34	1	2	15	0
        117122	2025-12-20 12:24:40	1	2	15	0
        117543	2025-12-20 12:24:49	1	2	15	0
        117616	2025-12-20 12:29:04	1	2	15	0
        117704	2025-12-20 12:33:29	1	3	15	0
        117713	2025-12-20 12:33:32	1	3	15	0
        117710	2025-12-20 12:33:34	1	3	15	0
        110356	2025-12-20 12:33:36	1	3	15	0
        110355	2025-12-20 12:33:38	1	3	15	0
        117710	2025-12-20 12:37:43	1	3	15	0
        117704	2025-12-20 12:37:45	1	3	15	0
        117713	2025-12-20 12:37:47	1	3	15	0
        110173	2025-12-20 12:39:31	1	3	15	0
        117543	2025-12-20 12:43:29	1	3	15	0
        110173	2025-12-20 12:44:54	1	3	15	0
        110356	2025-12-20 12:52:38	1	3	15	0
        110075	2025-12-20 13:04:47	1	3	15	0
        110063	2025-12-20 13:04:52	1	3	15	0
        117680	2025-12-20 13:23:44	1	3	15	0
        117567	2025-12-20 13:36:41	1	3	15	0
        110090	2025-12-20 13:43:43	1	3	15	0
        117632	2025-12-20 13:57:33	1	3	15	0
        117144	2025-12-20 14:06:07	1	3	15	0
        110088	2025-12-20 14:06:16	1	3	15	0
        119263	2025-12-20 14:06:20	1	3	15	0
        117061	2025-12-20 14:10:30	1	3	15	0
        117114	2025-12-20 14:21:15	1	3	15	0
        117680	2025-12-20 14:21:42	1	3	15	0
        119535	2025-12-20 15:12:24	1	3	15	0
        117680	2025-12-20 16:07:00	1	1	15	0
        110173	2025-12-20 16:14:33	1	1	15	0
        116751	2025-12-20 16:35:03	1	1	15	0
        116483	2025-12-20 17:09:03	1	1	15	0
        110457	2025-12-20 17:22:08	1	1	15	0
        110075	2025-12-20 17:23:24	1	1	15	0
        110356	2025-12-20 17:31:26	1	1	15	0
        117259	2025-12-20 18:00:56	1	1	15	0
        117541	2025-12-20 18:00:58	1	1	15	0
        116497	2025-12-20 18:03:36	1	1	15	0
        117144	2025-12-20 18:24:29	1	1	15	0
        117704	2025-12-20 19:01:47	1	1	15	0
        117713	2025-12-20 19:02:00	1	1	15	0
        117710	2025-12-20 19:06:10	1	1	15	0
        110355	2025-12-20 19:06:17	1	1	15	0
        117543	2025-12-20 19:20:01	1	1	15	0
        117680	2025-12-20 19:36:20	1	1	15	0
        110088	2025-12-20 19:38:31	1	1	15	0
        117616	2025-12-20 19:40:10	1	1	15	0
        117497	2025-12-20 19:40:38	1	1	15	0
        119453	2025-12-20 19:40:44	1	1	15	0
        116072	2025-12-20 19:43:19	1	1	15	0
        117632	2025-12-20 19:45:03	1	1	15	0
        110090	2025-12-20 20:02:44	1	1	15	0
        110466	2025-12-20 20:12:43	1	1	15	0
        117122	2025-12-20 20:12:57	1	1	15	0
        110063	2025-12-20 20:21:17	1	1	15	0
        119263	2025-12-20 20:21:25	1	1	15	0
        110357	2025-12-21 07:30:49	1	0	15	0
        110355	2025-12-21 07:53:50	1	0	15	0
        110356	2025-12-21 07:54:15	1	0	15	0
        116346	2025-12-21 08:23:02	1	0	15	0
        117122	2025-12-21 10:26:22	1	0	15	0
        116828	2025-12-21 10:59:31	1	0	1	0
        110466	2025-12-21 11:00:31	1	2	15	0
        116828	2025-12-21 11:00:47	1	2	1	0
        116072	2025-12-21 11:04:28	1	2	15	0
        117497	2025-12-21 11:14:23	1	2	15	0
        117497	2025-12-21 11:15:57	1	2	15	0
        116483	2025-12-21 11:33:49	1	2	15	0
        110057	2025-12-21 11:43:05	1	2	15	0
        117680	2025-12-21 11:45:46	1	2	15	0
        117122	2025-12-21 12:01:46	1	2	15	0
        116252	2025-12-21 12:02:13	1	2	15	0
        110466	2025-12-21 12:02:23	1	2	15	0
        110355	2025-12-21 12:02:40	1	2	15	0
        110466	2025-12-21 12:07:47	1	2	15	0
        119227	2025-12-21 12:08:35	1	2	15	0
        117497	2025-12-21 12:12:56	1	2	15	0
        117114	2025-12-21 12:36:28	1	3	15	0
        116252	2025-12-21 12:36:34	1	3	15	0
        116346	2025-12-21 12:39:48	1	3	15	0
        116346	2025-12-21 12:43:01	1	3	15	0
        117114	2025-12-21 12:43:16	1	3	15	0
        119364	2025-12-21 12:47:04	1	3	15	0
        110355	2025-12-21 12:52:33	1	3	15	0
        117122	2025-12-21 12:52:35	1	3	15	0
        110356	2025-12-21 12:53:01	1	3	15	0
        117497	2025-12-21 12:53:06	1	3	15	0
        110356	2025-12-21 12:56:37	1	3	15	0
        119453	2025-12-21 13:15:03	1	3	15	0
        117061	2025-12-21 13:24:24	1	3	15	0
        110063	2025-12-21 13:26:47	1	3	15	0
        110116	2025-12-21 13:27:44	1	3	15	0
        119263	2025-12-21 13:37:12	1	3	15	0
        110090	2025-12-21 14:08:08	1	3	15	0
        117616	2025-12-21 14:21:05	1	3	15	0
        117924	2025-12-21 14:55:37	1	3	15	0
        116346	2025-12-21 15:13:31	1	3	15	0
        117632	2025-12-21 15:54:57	1	3	15	0
        117981	2025-12-21 15:59:28	1	3	15	0
        117497	2025-12-21 16:12:33	1	1	15	0
        117497	2025-12-21 16:13:35	1	1	15	0
        116805	2025-12-21 16:23:22	1	1	15	0
        110356	2025-12-21 17:24:19	1	1	15	0
        110355	2025-12-21 17:26:24	1	1	15	0
        117616	2025-12-21 17:39:36	1	1	15	0
        117680	2025-12-21 17:39:45	1	1	15	0
        119453	2025-12-21 17:41:03	1	1	15	0
        116252	2025-12-21 17:42:30	1	1	15	0
        117122	2025-12-21 17:47:59	1	1	15	0
        110466	2025-12-21 17:48:31	1	1	15	0
        117114	2025-12-21 17:51:50	1	1	15	0
        119263	2025-12-21 18:03:24	1	1	15	0
        116483	2025-12-21 18:20:57	1	1	15	0
        117632	2025-12-21 18:27:52	1	1	15	0
        119364	2025-12-21 18:29:21	1	1	15	0
        110075	2025-12-21 18:58:32	1	1	15	0
        116828	2025-12-21 19:32:29	1	1	1	0
        110090	2025-12-21 19:35:36	1	1	15	0
        110116	2025-12-21 19:37:21	1	1	15	0
        119227	2025-12-21 21:50:31	1	1	15	0
        117981	2025-12-21 22:24:10	1	1	15	0
        116072	2025-12-21 23:55:26	1	1	15	0
        117924	2025-12-21 23:55:28	1	1	15	0
        118369	2025-12-21 23:55:32	1	1	15	0
        117061	2025-12-21 23:55:34	1	1	15	0
        110357	2025-12-21 23:55:35	1	1	15	0
        110057	2025-12-21 23:55:37	1	1	15	0
        116805	2025-12-21 23:55:38	1	1	15	0
        110075	2025-12-21 23:55:47	1	1	15	0
        110063	2025-12-21 23:55:50	1	1	15	0
        110094	2025-12-22 06:01:12	1	0	15	0
        116835	2025-12-22 06:29:49	1	0	15	0
        118146	2025-12-22 06:33:52	1	0	15	0
        118992	2025-12-22 06:34:15	1	0	15	0
        110093	2025-12-22 06:36:38	1	0	15	0
        116551	2025-12-22 06:41:46	1	0	15	0
        116831	2025-12-22 06:44:08	1	0	15	0
        116751	2025-12-22 06:45:55	1	0	15	0
        116512	2025-12-22 06:46:39	1	0	15	0
        110393	2025-12-22 06:49:02	1	0	15	0
        110070	2025-12-22 06:53:06	1	0	15	0
        110372	2025-12-22 06:53:38	1	0	15	0
        117704	2025-12-22 06:54:54	1	0	15	0
        110074	2025-12-22 06:57:26	1	0	15	0
        110495	2025-12-22 06:59:00	1	0	15	0
        119070	2025-12-22 07:00:35	1	0	15	0
        118835	2025-12-22 07:05:08	1	0	15	0
        110413	2025-12-22 07:05:49	1	0	15	0
        117969	2025-12-22 07:06:34	1	0	15	0
        110144	2025-12-22 07:06:56	1	0	15	0
        110415	2025-12-22 07:08:17	1	0	15	0
        117833	2025-12-22 07:08:19	1	0	15	0
        110475	2025-12-22 07:08:44	1	0	15	0
        117835	2025-12-22 07:09:26	1	0	15	0
        119535	2025-12-22 07:09:58	1	0	15	0
        116799	2025-12-22 07:11:39	1	0	15	0
        117337	2025-12-22 07:12:17	1	0	15	0
        117983	2025-12-22 07:13:27	1	0	15	0
        117920	2025-12-22 07:13:56	1	0	15	0
        117122	2025-12-22 07:14:36	1	0	15	0
        116426	2025-12-22 07:15:01	1	0	15	0
        117114	2025-12-22 07:16:26	1	0	15	0
        117212	2025-12-22 07:17:04	1	0	15	0
        117699	2025-12-22 07:17:07	1	0	15	0
        110466	2025-12-22 07:17:49	1	0	15	0
        110113	2025-12-22 07:18:02	1	0	15	0
        110053	2025-12-22 07:19:19	1	0	15	0
        117769	2025-12-22 07:19:38	1	0	15	0
        119365	2025-12-22 07:22:46	1	0	15	0
        110358	2025-12-22 07:23:10	1	0	15	0
        117707	2025-12-22 07:23:12	1	0	15	0
        117840	2025-12-22 07:24:02	1	0	15	0
        116834	2025-12-22 07:24:17	1	0	15	0
        116763	2025-12-22 07:24:21	1	0	15	0
        117839	2025-12-22 07:25:08	1	0	15	0
        110116	2025-12-22 07:26:00	1	0	15	0
        110088	2025-12-22 07:26:21	1	0	15	0
        118640	2025-12-22 07:26:25	1	0	15	0
        117982	2025-12-22 07:26:29	1	0	15	0
        119104	2025-12-22 07:26:42	1	0	15	0
        117972	2025-12-22 07:27:16	1	0	15	0
        117770	2025-12-22 07:27:55	1	0	15	0
        116995	2025-12-22 07:28:12	1	0	15	0
        119494	2025-12-22 07:29:13	1	0	15	0
        110083	2025-12-22 07:29:42	1	0	15	0
        117838	2025-12-22 07:29:48	1	0	15	0
        119143	2025-12-22 07:30:20	1	0	15	0
        117921	2025-12-22 07:30:25	1	0	15	0
        110198	2025-12-22 07:30:29	1	0	15	0
        116104	2025-12-22 07:30:34	1	0	15	0
        118563	2025-12-22 07:30:35	1	0	15	0
        110025	2025-12-22 07:30:38	1	0	15	0
        117133	2025-12-22 07:31:00	1	0	15	0
        116479	2025-12-22 07:31:04	1	0	15	0
        116148	2025-12-22 07:32:30	1	0	15	0
        118695	2025-12-22 07:33:03	1	0	15	0
        110424	2025-12-22 07:33:10	1	0	15	0
        110357	2025-12-22 07:33:34	1	0	15	0
        118157	2025-12-22 07:34:15	1	0	15	0
        117817	2025-12-22 07:34:50	1	0	15	0
        117129	2025-12-22 07:36:01	1	0	15	0
        110032	2025-12-22 07:36:05	1	0	15	0
        119364	2025-12-22 07:36:12	1	0	15	0
        110493	2025-12-22 07:36:22	1	0	15	0
        117841	2025-12-22 07:36:52	1	0	15	0
        116069	2025-12-22 07:36:57	1	0	15	0
        117080	2025-12-22 07:37:00	1	0	15	0
        117999	2025-12-22 07:37:16	1	0	15	0
        116960	2025-12-22 07:37:27	1	0	15	0
        117713	2025-12-22 07:37:34	1	0	15	0
        117487	2025-12-22 07:37:45	1	0	15	0
        110366	2025-12-22 07:37:49	1	0	15	0
        118046	2025-12-22 07:37:55	1	0	15	0
        110128	2025-12-22 07:37:58	1	0	15	0
        110063	2025-12-22 07:38:22	1	0	15	0
        118568	2025-12-22 07:38:29	1	0	15	0
        116537	2025-12-22 07:38:37	1	0	15	0
        110483	2025-12-22 07:38:45	1	0	15	0
        117991	2025-12-22 07:39:15	1	0	15	0
        118043	2025-12-22 07:39:26	1	0	15	0
        117543	2025-12-22 07:39:34	1	0	15	0
        117733	2025-12-22 07:39:48	1	0	15	0
        110457	2025-12-22 07:39:57	1	0	15	0
        118186	2025-12-22 07:40:02	1	0	15	0
        110485	2025-12-22 07:40:04	1	0	15	0
        117121	2025-12-22 07:40:11	1	0	15	0
        119493	2025-12-22 07:40:29	1	0	15	0
        117680	2025-12-22 07:40:48	1	0	15	0
        119340	2025-12-22 07:40:58	1	0	15	0
        117144	2025-12-22 07:41:23	1	0	15	0
        119263	2025-12-22 07:42:40	1	0	15	0
        116504	2025-12-22 07:42:48	1	0	15	0
        110418	2025-12-22 07:44:17	1	0	15	0
        110377	2025-12-22 07:44:22	1	0	15	0
        117103	2025-12-22 07:44:25	1	0	15	0
        110355	2025-12-22 07:44:40	1	0	15	0
        110356	2025-12-22 07:44:44	1	0	15	0
        119449	2025-12-22 07:44:47	1	0	15	0
        116297	2025-12-22 07:46:12	1	0	15	0
        117259	2025-12-22 07:46:25	1	0	15	0
        110090	2025-12-22 07:46:31	1	0	15	0
        117224	2025-12-22 07:46:36	1	0	15	0
        110057	2025-12-22 07:46:59	1	0	15	0
        117528	2025-12-22 07:47:14	1	0	15	0
        116356	2025-12-22 07:47:26	1	0	15	0
        117616	2025-12-22 07:47:31	1	0	15	0
        110197	2025-12-22 07:48:30	1	0	15	0
        116383	2025-12-22 07:48:52	1	0	15	0
        117837	2025-12-22 07:49:00	1	0	15	0
        119453	2025-12-22 07:49:04	1	0	15	0
        117725	2025-12-22 07:49:06	1	0	15	0
        110367	2025-12-22 07:49:09	1	0	15	0
        117710	2025-12-22 07:49:11	1	0	15	0
        117698	2025-12-22 07:49:11	1	0	15	0
        117692	2025-12-22 07:49:14	1	0	15	0
        117711	2025-12-22 07:49:16	1	0	15	0
        117189	2025-12-22 07:49:20	1	0	15	0
        117716	2025-12-22 07:49:24	1	0	15	0
        117724	2025-12-22 07:49:48	1	0	15	0
        117850	2025-12-22 07:50:27	1	0	15	0
        118455	2025-12-22 07:50:37	1	0	15	0
        116129	2025-12-22 07:50:39	1	0	15	0
        117998	2025-12-22 07:50:42	1	0	15	0
        116933	2025-12-22 07:50:48	1	0	15	0
        117683	2025-12-22 07:51:06	1	0	15	0
        117219	2025-12-22 07:51:07	1	0	15	0
        110011	2025-12-22 07:51:10	1	0	15	0
        116828	2025-12-22 07:51:14	1	0	1	0
        110062	2025-12-22 07:51:39	1	0	15	0
        117595	2025-12-22 07:51:41	1	0	15	0
        110200	2025-12-22 07:52:38	1	0	15	0
        116260	2025-12-22 07:52:48	1	0	15	0
        117120	2025-12-22 07:53:06	1	0	15	0
        116142	2025-12-22 07:53:12	1	0	15	0
        116252	2025-12-22 07:53:23	1	0	15	0
        116805	2025-12-22 07:53:35	1	0	15	0
        117639	2025-12-22 07:53:40	1	0	15	0
        116428	2025-12-22 07:53:47	1	0	15	0
        117483	2025-12-22 07:53:50	1	0	15	0
        118971	2025-12-22 07:53:54	1	0	15	0
        116497	2025-12-22 07:53:58	1	0	15	0
        118928	2025-12-22 07:54:04	1	0	15	0
        116914	2025-12-22 07:54:10	1	0	15	0
        110195	2025-12-22 07:54:41	1	0	15	0
        116483	2025-12-22 07:54:46	1	0	15	0
        117790	2025-12-22 07:55:01	1	0	15	0
        117997	2025-12-22 07:55:09	1	0	15	0
        117567	2025-12-22 07:55:14	1	0	15	0
        117634	2025-12-22 07:55:18	1	0	15	0
        110376	2025-12-22 07:55:22	1	0	15	0
        117993	2025-12-22 07:55:24	1	0	15	0
        117786	2025-12-22 07:55:26	1	0	15	0
        117915	2025-12-22 07:55:31	1	0	15	0
        117926	2025-12-22 07:56:26	1	0	15	0
        117061	2025-12-22 07:57:36	1	0	15	0
        116422	2025-12-22 07:57:51	1	0	15	0
        117541	2025-12-22 07:58:12	1	0	15	0
        116072	2025-12-22 07:58:43	1	0	15	0
        118862	2025-12-22 08:00:36	1	0	15	0
        117930	2025-12-22 08:02:59	1	0	15	0
        117591	2025-12-22 08:05:13	1	0	15	0
        117697	2025-12-22 08:05:28	1	0	15	0
        116337	2025-12-22 08:05:30	1	0	15	0
        110354	2025-12-22 08:05:32	1	0	15	0
        119272	2025-12-22 08:05:41	1	0	15	0
        118271	2025-12-22 08:05:45	1	0	15	0
        118503	2025-12-22 08:06:03	1	0	15	0
        117542	2025-12-22 08:06:07	1	0	15	0
        119583	2025-12-22 08:06:08	1	0	15	0
        110172	2025-12-22 08:06:24	1	0	15	0
        117059	2025-12-22 08:06:56	1	0	15	0
        110173	2025-12-22 08:07:35	1	0	15	0
        117043	2025-12-22 08:07:54	1	0	15	0
        110158	2025-12-22 08:08:33	1	0	15	0
        110159	2025-12-22 08:11:16	1	0	15	0
        117849	2025-12-22 08:11:31	1	0	15	0
        118970	2025-12-22 08:14:09	1	0	15	0
        116493	2025-12-22 08:14:30	1	0	15	0
        110100	2025-12-22 08:14:32	1	0	15	0
        118207	2025-12-22 08:14:53	1	0	15	0
        117085	2025-12-22 08:16:14	1	0	15	0
        117088	2025-12-22 08:16:25	1	0	15	0
        116990	2025-12-22 08:17:28	1	0	15	0
        117897	2025-12-22 08:17:59	1	0	15	0
        116467	2025-12-22 08:18:09	1	0	15	0
        119571	2025-12-22 08:22:53	1	0	15	0
        116787	2025-12-22 08:23:00	1	0	15	0
        117924	2025-12-22 08:23:39	1	0	15	0
        117222	2025-12-22 08:24:07	1	0	15	0
        117967	2025-12-22 08:24:16	1	0	15	0
        117630	2025-12-22 08:24:21	1	0	15	0
        116747	2025-12-22 08:27:09	1	0	15	0
        119157	2025-12-22 08:28:29	1	0	15	0
        116279	2025-12-22 08:32:54	1	0	15	0
        110055	2025-12-22 08:33:08	1	0	15	0
        117172	2025-12-22 08:33:55	1	0	15	0
        110473	2025-12-22 08:34:27	1	0	15	0
        117085	2025-12-22 08:34:46	1	0	15	0
        116346	2025-12-22 08:36:31	1	0	15	0
        117111	2025-12-22 08:39:21	1	0	15	0
        116748	2025-12-22 08:39:23	1	0	15	0
        110077	2025-12-22 08:40:04	1	0	15	0
        110482	2025-12-22 08:40:59	1	0	15	0
        117575	2025-12-22 08:42:25	1	0	15	0
        117113	2025-12-22 08:43:51	1	0	15	0
        110076	2025-12-22 08:44:42	1	0	15	0
        110105	2025-12-22 08:44:58	1	0	15	0
        117269	2025-12-22 08:45:06	1	0	15	0
        117645	2025-12-22 08:45:17	1	0	15	0
        117632	2025-12-22 08:45:45	1	0	15	0
        118953	2025-12-22 08:46:40	1	0	15	0
        110075	2025-12-22 08:49:44	1	0	15	0
        110075	2025-12-22 08:50:55	1	0	15	0
        117807	2025-12-22 08:52:30	1	0	15	0
        116282	2025-12-22 08:53:51	1	0	15	0
        117812	2025-12-22 08:55:33	1	0	15	0
        110368	2025-12-22 08:56:50	1	0	15	0
        117054	2025-12-22 08:57:49	1	0	15	0
        116996	2025-12-22 08:58:47	1	0	15	0
        117981	2025-12-22 09:00:03	1	0	15	0
        110085	2025-12-22 09:00:50	1	0	15	0
        116070	2025-12-22 09:07:31	1	0	1	0
        118458	2025-12-22 09:08:34	1	0	15	0
        117529	2025-12-22 09:11:54	1	0	15	0
        119232	2025-12-22 09:13:54	1	0	15	0
        118369	2025-12-22 09:16:47	1	0	15	0
        116526	2025-12-22 09:17:40	1	0	15	0
        117815	2025-12-22 09:27:35	1	0	15	0
        118584	2025-12-22 09:32:44	1	0	15	0
        117497	2025-12-22 09:43:09	1	0	15	0
        117659	2025-12-22 09:54:39	1	0	15	0
        110084	2025-12-22 09:58:10	1	0	15	0
        117091	2025-12-22 10:00:54	1	0	15	0
        117077	2025-12-22 10:08:19	1	0	15	0
        116453	2025-12-22 10:13:49	1	0	15	0
        117997	2025-12-22 12:00:05	1	2	15	0
        110358	2025-12-22 12:00:13	1	2	15	0
        117639	2025-12-22 12:00:18	1	2	15	0
        110198	2025-12-22 12:00:20	1	2	15	0
        117967	2025-12-22 12:00:23	1	2	15	0
        110172	2025-12-22 12:00:25	1	2	15	0
        117930	2025-12-22 12:00:27	1	2	15	0
        116467	2025-12-22 12:00:28	1	2	15	0
        119143	2025-12-22 12:00:34	1	2	15	0
        118953	2025-12-22 12:00:40	1	2	15	0
        117129	2025-12-22 12:00:46	1	2	15	0
        118271	2025-12-22 12:01:03	1	2	15	0
        117838	2025-12-22 12:01:10	1	2	15	0
        117224	2025-12-22 12:01:20	1	2	15	0
        118640	2025-12-22 12:01:22	1	2	15	0
        117088	2025-12-22 12:01:25	1	2	15	0
        110418	2025-12-22 12:01:28	1	2	15	0
        110354	2025-12-22 12:01:56	1	2	15	0
        116422	2025-12-22 12:01:58	1	2	15	0
        117080	2025-12-22 12:02:09	1	2	15	0
        116748	2025-12-22 12:02:12	1	2	15	0
        117926	2025-12-22 12:02:14	1	2	15	0
        110113	2025-12-22 12:02:23	1	2	15	0
        117269	2025-12-22 12:02:25	1	2	15	0
        110090	2025-12-22 12:02:39	1	2	15	0
        117222	2025-12-22 12:02:43	1	2	15	0
        117815	2025-12-22 12:02:44	1	2	15	0
        110116	2025-12-22 12:02:52	1	2	15	0
        117114	2025-12-22 12:03:02	1	2	15	0
        117967	2025-12-22 12:03:08	1	2	15	0
        110358	2025-12-22 12:03:11	1	2	15	0
        117930	2025-12-22 12:03:13	1	2	15	0
        117838	2025-12-22 12:03:18	1	2	15	0
        116914	2025-12-22 12:03:30	1	2	15	0
        117144	2025-12-22 12:03:44	1	2	15	0
        117616	2025-12-22 12:03:46	1	2	15	0
        117122	2025-12-22 12:03:47	1	2	15	0
        110084	2025-12-22 12:03:52	1	2	15	0
        116422	2025-12-22 12:03:55	1	2	15	0
        110158	2025-12-22 12:03:57	1	2	15	0
        118043	2025-12-22 12:03:59	1	2	15	0
        110053	2025-12-22 12:04:01	1	2	15	0
        119157	2025-12-22 12:04:08	1	2	15	0
        110159	2025-12-22 12:04:19	1	2	15	0
        119449	2025-12-22 12:04:24	1	2	15	0
        117815	2025-12-22 12:04:30	1	2	15	0
        116356	2025-12-22 12:04:40	1	2	15	0
        110415	2025-12-22 12:04:44	1	2	15	0
        118369	2025-12-22 12:04:46	1	2	15	0
        116805	2025-12-22 12:04:48	1	2	15	0
        117786	2025-12-22 12:04:53	1	2	15	0
        110077	2025-12-22 12:04:56	1	2	15	0
        116933	2025-12-22 12:04:59	1	2	15	0
        110084	2025-12-22 12:05:02	1	2	15	0
        117088	2025-12-22 12:05:06	1	2	15	0
        110357	2025-12-22 12:05:12	1	2	15	0
        117542	2025-12-22 12:05:20	1	2	15	0
        117077	2025-12-22 12:05:28	1	2	15	0
        117529	2025-12-22 12:05:29	1	2	15	0
        116512	2025-12-22 12:05:31	1	2	15	0
        110172	2025-12-22 12:05:33	1	2	15	0
        110418	2025-12-22 12:05:35	1	2	15	0
        117981	2025-12-22 12:05:37	1	2	15	0
        110354	2025-12-22 12:05:44	1	2	15	0
        119157	2025-12-22 12:05:49	1	2	15	0
        110076	2025-12-22 12:05:52	1	2	15	0
        116142	2025-12-22 12:05:56	1	2	15	0
        117487	2025-12-22 12:06:01	1	2	15	0
        117080	2025-12-22 12:06:14	1	2	15	0
        116748	2025-12-22 12:06:18	1	2	15	0
        110466	2025-12-22 12:06:30	1	2	15	0
        117269	2025-12-22 12:06:41	1	2	15	0
        117091	2025-12-22 12:06:46	1	2	15	0
        117189	2025-12-22 12:06:48	1	2	15	0
        110105	2025-12-22 12:06:51	1	2	15	0
        118835	2025-12-22 12:07:01	1	2	15	0
        116095	2025-12-22 12:07:04	1	2	15	0
        116751	2025-12-22 12:07:06	1	2	15	0
        110159	2025-12-22 12:07:14	1	2	15	0
        110195	2025-12-22 12:07:18	1	2	15	0
        117528	2025-12-22 12:07:23	1	2	15	0
        116512	2025-12-22 12:07:25	1	2	15	0
        116828	2025-12-22 12:07:29	1	2	1	0
        116914	2025-12-22 12:07:36	1	2	15	0
        110376	2025-12-22 12:07:49	1	2	15	0
        110377	2025-12-22 12:07:52	1	2	15	0
        110158	2025-12-22 12:08:02	1	2	15	0
        117814	2025-12-22 12:08:04	1	2	15	0
        117091	2025-12-22 12:08:14	1	2	15	0
        116551	2025-12-22 12:08:17	1	2	15	0
        116933	2025-12-22 12:08:20	1	2	15	0
        116778	2025-12-22 12:08:22	1	2	15	0
        117054	2025-12-22 12:08:24	1	2	15	0
        116483	2025-12-22 12:08:26	1	2	15	0
        117924	2025-12-22 12:08:28	1	2	15	0
        117541	2025-12-22 12:08:29	1	2	15	0
        117543	2025-12-22 12:08:32	1	2	15	0
        116504	2025-12-22 12:08:34	1	2	15	0
        117567	2025-12-22 12:08:36	1	2	15	0
        118970	2025-12-22 12:08:39	1	2	15	0
        117790	2025-12-22 12:08:41	1	2	15	0
        116129	2025-12-22 12:08:42	1	2	15	0
        116252	2025-12-22 12:08:44	1	2	15	0
        110424	2025-12-22 12:08:52	1	2	15	0
        117699	2025-12-22 12:09:12	1	2	15	0
        116467	2025-12-22 12:09:17	1	2	15	0
        110088	2025-12-22 12:09:18	1	2	15	0
        110053	2025-12-22 12:09:22	1	2	15	0
        117487	2025-12-22 12:09:27	1	2	15	0
        110113	2025-12-22 12:09:29	1	2	15	0
        118043	2025-12-22 12:09:31	1	2	15	0
        117991	2025-12-22 12:09:37	1	2	15	0
        118563	2025-12-22 12:09:41	1	2	15	0
        117222	2025-12-22 12:09:43	1	2	15	0
        117833	2025-12-22 12:09:45	1	2	15	0
        117733	2025-12-22 12:09:49	1	2	15	0
        117497	2025-12-22 12:09:54	1	2	15	0
        118928	2025-12-22 12:09:57	1	2	15	0
        117043	2025-12-22 12:10:00	1	2	15	0
        119571	2025-12-22 12:10:04	1	2	15	0
        117077	2025-12-22 12:10:08	1	2	15	0
        117529	2025-12-22 12:10:11	1	2	15	0
        110093	2025-12-22 12:10:14	1	2	15	0
        110195	2025-12-22 12:10:17	1	2	15	0
        118953	2025-12-22 12:10:19	1	2	15	0
        117680	2025-12-22 12:10:22	1	2	15	0
        116787	2025-12-22 12:10:24	1	2	15	0
        116849	2025-12-22 12:10:26	1	2	15	0
        117121	2025-12-22 12:10:28	1	2	15	0
        117897	2025-12-22 12:10:29	1	2	15	0
        110173	2025-12-22 12:10:32	1	2	15	0
        119535	2025-12-22 12:10:40	1	2	15	0
        117054	2025-12-22 12:10:52	1	2	15	0
        119449	2025-12-22 12:11:02	1	2	15	0
        110415	2025-12-22 12:11:12	1	2	15	0
        116551	2025-12-22 12:11:22	1	2	15	0
        119263	2025-12-22 12:11:25	1	2	15	0
        110128	2025-12-22 12:11:29	1	2	15	0
        116778	2025-12-22 12:11:32	1	2	15	0
        119453	2025-12-22 12:11:34	1	2	15	0
        110424	2025-12-22 12:11:39	1	2	15	0
        110356	2025-12-22 12:11:40	1	2	15	0
        110355	2025-12-22 12:11:42	1	2	15	0
        118568	2025-12-22 12:11:47	1	2	15	0
        117632	2025-12-22 12:11:54	1	2	15	0
        116990	2025-12-22 12:11:58	1	2	15	0
        118928	2025-12-22 12:12:01	1	2	15	0
        110376	2025-12-22 12:12:04	1	2	15	0
        110367	2025-12-22 12:12:06	1	2	15	0
        117713	2025-12-22 12:12:08	1	2	15	0
        117807	2025-12-22 12:12:10	1	2	15	0
        116070	2025-12-22 12:12:13	1	2	15	0
        117920	2025-12-22 12:12:15	1	2	15	0
        117850	2025-12-22 12:12:17	1	2	15	0
        117707	2025-12-22 12:12:20	1	2	15	0
        110377	2025-12-22 12:12:21	1	2	15	0
        116069	2025-12-22 12:12:23	1	2	15	0
        119104	2025-12-22 12:12:30	1	2	15	0
        117814	2025-12-22 12:12:34	1	2	15	0
        117725	2025-12-22 12:12:40	1	2	15	0
        117698	2025-12-22 12:12:42	1	2	15	0
        117704	2025-12-22 12:12:44	1	2	15	0
        117716	2025-12-22 12:12:46	1	2	15	0
        117998	2025-12-22 12:12:48	1	2	15	0
        117697	2025-12-22 12:12:50	1	2	15	0
        117710	2025-12-22 12:12:52	1	2	15	0
        117812	2025-12-22 12:12:55	1	2	15	0
        116346	2025-12-22 12:12:56	1	2	15	0
        110076	2025-12-22 12:12:59	1	2	15	0
        117770	2025-12-22 12:13:03	1	2	15	0
        117189	2025-12-22 12:13:06	1	2	15	0
        117837	2025-12-22 12:13:08	1	2	15	0
        116995	2025-12-22 12:13:10	1	2	15	0
        119453	2025-12-22 12:13:14	1	2	15	0
        116849	2025-12-22 12:13:24	1	2	15	0
        116787	2025-12-22 12:13:25	1	2	15	0
        117835	2025-12-22 12:13:31	1	2	15	0
        116095	2025-12-22 12:13:44	1	2	15	0
        119232	2025-12-22 12:13:50	1	2	15	0
        117483	2025-12-22 12:13:51	1	2	15	0
        116069	2025-12-22 12:13:55	1	2	15	0
        117817	2025-12-22 12:14:05	1	2	15	0
        117144	2025-12-22 12:14:07	1	2	15	0
        110368	2025-12-22 12:14:09	1	2	15	0
        118835	2025-12-22 12:14:12	1	2	15	0
        116346	2025-12-22 12:14:21	1	2	15	0
        116996	2025-12-22 12:14:24	1	2	15	0
        116129	2025-12-22 12:14:27	1	2	15	0
        118970	2025-12-22 12:14:33	1	2	15	0
        117724	2025-12-22 12:14:35	1	2	15	0
        117113	2025-12-22 12:14:42	1	2	15	0
        110085	2025-12-22 12:14:46	1	2	15	0
        118271	2025-12-22 12:14:50	1	2	15	0
        117616	2025-12-22 12:15:13	1	2	15	0
        110055	2025-12-22 12:15:17	1	2	15	0
        110088	2025-12-22 12:15:19	1	2	15	0
        110094	2025-12-22 12:15:21	1	2	15	0
        117567	2025-12-22 12:15:24	1	2	15	0
        117483	2025-12-22 12:15:33	1	2	15	0
        119104	2025-12-22 12:15:36	1	2	15	0
        117543	2025-12-22 12:15:40	1	2	15	0
        116990	2025-12-22 12:15:43	1	2	15	0
        117043	2025-12-22 12:15:46	1	2	15	0
        117085	2025-12-22 12:15:49	1	2	15	0
        116526	2025-12-22 12:15:53	1	2	15	0
        116763	2025-12-22 12:15:55	1	2	15	0
        118992	2025-12-22 12:15:56	1	2	15	0
        117059	2025-12-22 12:15:58	1	2	15	0
        110355	2025-12-22 12:15:59	1	2	15	0
        117920	2025-12-22 12:16:01	1	2	15	0
        117850	2025-12-22 12:16:03	1	2	15	0
        117707	2025-12-22 12:16:05	1	2	15	0
        110367	2025-12-22 12:16:07	1	2	15	0
        116453	2025-12-22 12:16:08	1	2	15	0
        117897	2025-12-22 12:16:10	1	2	15	0
        117121	2025-12-22 12:16:12	1	2	15	0
        117704	2025-12-22 12:16:14	1	2	15	0
        117710	2025-12-22 12:16:16	1	2	15	0
        117697	2025-12-22 12:16:18	1	2	15	0
        117725	2025-12-22 12:16:21	1	2	15	0
        117698	2025-12-22 12:16:24	1	2	15	0
        117713	2025-12-22 12:16:25	1	2	15	0
        110105	2025-12-22 12:16:28	1	2	15	0
        117632	2025-12-22 12:16:33	1	2	15	0
        117812	2025-12-22 12:16:36	1	2	15	0
        117807	2025-12-22 12:16:37	1	2	15	0
        117770	2025-12-22 12:16:40	1	2	15	0
        117837	2025-12-22 12:16:42	1	2	15	0
        116995	2025-12-22 12:16:44	1	2	15	0
        117716	2025-12-22 12:16:45	1	2	15	0
        116799	2025-12-22 12:16:48	1	2	15	0
        110366	2025-12-22 12:16:51	1	2	15	0
        110483	2025-12-22 12:16:55	1	2	15	0
        110090	2025-12-22 12:16:57	1	2	15	0
        110329	2025-12-22 12:17:06	1	2	15	0
        119453	2025-12-22 12:17:16	1	2	15	0
        110116	2025-12-22 12:17:18	1	2	15	0
        117085	2025-12-22 12:17:22	1	2	15	0
        110466	2025-12-22 12:17:49	1	2	15	0
        110356	2025-12-22 12:18:02	1	2	15	0
        116428	2025-12-22 12:18:28	1	2	15	0
        118458	2025-12-22 12:18:43	1	2	15	0
        117683	2025-12-22 12:18:48	1	2	15	0
        117219	2025-12-22 12:18:50	1	2	15	0
        116996	2025-12-22 12:18:52	1	2	15	0
        118157	2025-12-22 12:18:53	1	2	15	0
        116282	2025-12-22 12:18:56	1	2	15	0
        117634	2025-12-22 12:18:59	1	2	15	0
        116493	2025-12-22 12:19:01	1	2	15	0
        116337	2025-12-22 12:19:06	1	2	15	0
        117915	2025-12-22 12:19:08	1	2	15	0
        116537	2025-12-22 12:19:10	1	2	15	0
        118568	2025-12-22 12:19:12	1	2	15	0
        110482	2025-12-22 12:19:18	1	2	15	0
        117133	2025-12-22 12:19:23	1	2	15	0
        110063	2025-12-22 12:19:40	1	2	15	0
        117724	2025-12-22 12:19:48	1	2	15	0
        116763	2025-12-22 12:19:50	1	2	15	0
        116526	2025-12-22 12:19:52	1	2	15	0
        117711	2025-12-22 12:19:55	1	2	15	0
        118971	2025-12-22 12:19:56	1	2	15	0
        117497	2025-12-22 12:19:59	1	2	15	0
        110368	2025-12-22 12:20:01	1	2	15	0
        110093	2025-12-22 12:20:05	1	2	15	0
        117817	2025-12-22 12:20:12	1	2	15	0
        117630	2025-12-22 12:20:16	1	2	15	0
        118221	2025-12-22 12:20:31	1	2	15	0
        110128	2025-12-22 12:20:41	1	2	15	0
        110366	2025-12-22 12:21:08	1	2	15	0
        117111	2025-12-22 12:21:19	1	2	15	0
        110485	2025-12-22 12:21:22	1	2	15	0
        117120	2025-12-22 12:21:26	1	2	15	0
        117595	2025-12-22 12:21:39	1	2	15	0
        110482	2025-12-22 12:21:49	1	2	15	0
        119535	2025-12-22 12:21:53	1	2	15	0
        117680	2025-12-22 12:22:03	1	2	15	0
        118640	2025-12-22 12:22:34	1	2	15	0
        117983	2025-12-22 12:22:36	1	2	15	0
        116337	2025-12-22 12:22:37	1	2	15	0
        116537	2025-12-22 12:22:39	1	2	15	0
        110083	2025-12-22 12:22:51	1	2	15	0
        116282	2025-12-22 12:22:56	1	2	15	0
        118157	2025-12-22 12:22:58	1	2	15	0
        117219	2025-12-22 12:23:00	1	2	15	0
        117683	2025-12-22 12:23:01	1	2	15	0
        117634	2025-12-22 12:23:03	1	2	15	0
        117915	2025-12-22 12:23:05	1	2	15	0
        119263	2025-12-22 12:23:15	1	2	15	0
        110473	2025-12-22 12:23:19	1	2	15	0
        117993	2025-12-22 12:23:21	1	2	15	0
        116493	2025-12-22 12:23:38	1	2	15	0
        117659	2025-12-22 12:23:56	1	2	15	0
        117840	2025-12-22 12:23:58	1	2	15	0
        117769	2025-12-22 12:24:00	1	2	15	0
        117839	2025-12-22 12:24:01	1	2	15	0
        117645	2025-12-22 12:24:04	1	2	15	0
        117841	2025-12-22 12:24:06	1	2	15	0
        110493	2025-12-22 12:24:12	1	2	15	0
        110495	2025-12-22 12:24:14	1	2	15	0
        119232	2025-12-22 12:24:25	1	2	15	0
        117114	2025-12-22 12:24:32	1	2	15	0
        117133	2025-12-22 12:24:34	1	2	15	0
        118458	2025-12-22 12:24:48	1	2	15	0
        110070	2025-12-22 12:25:06	1	2	15	0
        117997	2025-12-22 12:25:10	1	2	15	0
        110083	2025-12-22 12:25:20	1	2	15	0
        116828	2025-12-22 12:25:25	1	2	1	0
        117129	2025-12-22 12:25:45	1	2	15	0
        118563	2025-12-22 12:26:03	1	2	15	0
        110485	2025-12-22 12:26:11	1	2	15	0
        118221	2025-12-22 12:26:16	1	2	15	0
        117630	2025-12-22 12:26:20	1	2	15	0
        117835	2025-12-22 12:26:25	1	2	15	0
        117993	2025-12-22 12:26:39	1	2	15	0
        110473	2025-12-22 12:26:43	1	2	15	0
        118695	2025-12-22 12:26:56	1	2	15	0
        117595	2025-12-22 12:27:15	1	2	15	0
        117769	2025-12-22 12:27:21	1	2	15	0
        117841	2025-12-22 12:27:23	1	2	15	0
        117839	2025-12-22 12:27:24	1	2	15	0
        117659	2025-12-22 12:27:28	1	2	15	0
        116799	2025-12-22 12:27:38	1	2	15	0
        117998	2025-12-22 12:27:43	1	2	15	0
        117982	2025-12-22 12:27:54	1	2	15	0
        117921	2025-12-22 12:28:00	1	2	15	0
        117692	2025-12-22 12:28:01	1	2	15	0
        117983	2025-12-22 12:28:04	1	2	15	0
        117639	2025-12-22 12:28:37	1	2	15	0
        116751	2025-12-22 12:28:55	1	2	15	0
        110063	2025-12-22 12:29:25	1	2	15	0
        117113	2025-12-22 12:29:49	1	2	15	0
        117122	2025-12-22 12:30:04	1	2	15	0
        117733	2025-12-22 12:30:10	1	2	15	0
        118992	2025-12-22 12:30:15	1	2	15	0
        117840	2025-12-22 12:30:19	1	2	15	0
        117645	2025-12-22 12:30:20	1	2	15	0
        116279	2025-12-22 12:30:28	1	3	15	0
        116428	2025-12-22 12:30:49	1	3	15	0
        110357	2025-12-22 12:32:07	1	3	15	0
        117212	2025-12-22 12:32:13	1	3	15	0
        116104	2025-12-22 12:32:23	1	3	15	0
        110077	2025-12-22 12:32:42	1	3	15	0
        110495	2025-12-22 12:33:16	1	3	15	0
        110493	2025-12-22 12:33:18	1	3	15	0
        117982	2025-12-22 12:33:34	1	3	15	0
        117692	2025-12-22 12:33:35	1	3	15	0
        117921	2025-12-22 12:33:39	1	3	15	0
        116279	2025-12-22 12:33:42	1	3	15	0
        119571	2025-12-22 12:33:45	1	3	15	0
        117059	2025-12-22 12:35:17	1	3	15	0
        117259	2025-12-22 12:35:29	1	3	15	0
        117541	2025-12-22 12:35:35	1	3	15	0
        116426	2025-12-22 12:36:03	1	3	15	0
        119272	2025-12-22 12:36:10	1	3	15	0
        117528	2025-12-22 12:36:29	1	3	15	0
        117224	2025-12-22 12:36:33	1	3	15	0
        117591	2025-12-22 12:36:36	1	3	15	0
        117790	2025-12-22 12:36:39	1	3	15	0
        117991	2025-12-22 12:36:41	1	3	15	0
        117212	2025-12-22 12:36:43	1	3	15	0
        117120	2025-12-22 12:36:50	1	3	15	0
        110070	2025-12-22 12:37:51	1	3	15	0
        117575	2025-12-22 12:38:02	1	3	15	0
        110200	2025-12-22 12:38:05	1	3	15	0
        117259	2025-12-22 12:38:48	1	3	15	0
        117111	2025-12-22 12:39:05	1	3	15	0
        110483	2025-12-22 12:39:09	1	3	15	0
        119494	2025-12-22 12:39:11	1	3	15	0
        119272	2025-12-22 12:39:27	1	3	15	0
        116426	2025-12-22 12:39:37	1	3	15	0
        119493	2025-12-22 12:39:44	1	3	15	0
        117591	2025-12-22 12:39:56	1	3	15	0
        116453	2025-12-22 12:40:05	1	3	15	0
        110055	2025-12-22 12:41:28	1	3	15	0
        116142	2025-12-22 12:41:30	1	3	15	0
        117699	2025-12-22 12:41:32	1	3	15	0
        110200	2025-12-22 12:41:48	1	3	15	0
        110085	2025-12-22 12:41:57	1	3	15	0
        119493	2025-12-22 12:42:02	1	3	15	0
        117114	2025-12-22 12:42:07	1	3	15	0
        117926	2025-12-22 12:42:16	1	3	15	0
        110198	2025-12-22 12:42:26	1	3	15	0
        118584	2025-12-22 12:42:29	1	3	15	0
        117575	2025-12-22 12:42:38	1	3	15	0
        116960	2025-12-22 12:42:47	1	3	15	0
        110100	2025-12-22 12:42:48	1	3	15	0
        117172	2025-12-22 12:42:52	1	3	15	0
        116297	2025-12-22 12:43:42	1	3	15	0
        119494	2025-12-22 12:43:53	1	3	15	0
        117711	2025-12-22 12:44:09	1	3	15	0
        110197	2025-12-22 12:44:33	1	3	15	0
        118584	2025-12-22 12:45:31	1	3	15	0
        116805	2025-12-22 12:45:52	1	3	15	0
        118369	2025-12-22 12:45:54	1	3	15	0
        117575	2025-12-22 12:45:55	1	3	15	0
        117981	2025-12-22 12:45:58	1	3	15	0
        116356	2025-12-22 12:46:00	1	3	15	0
        117061	2025-12-22 12:46:03	1	3	15	0
        118971	2025-12-22 12:46:13	1	3	15	0
        118584	2025-12-22 12:47:10	1	3	15	0
        116747	2025-12-22 12:47:19	1	3	15	0
        117542	2025-12-22 12:47:29	1	3	15	0
        118695	2025-12-22 12:47:40	1	3	15	0
        117337	2025-12-22 12:47:46	1	3	15	0
        116960	2025-12-22 12:48:01	1	3	15	0
        110100	2025-12-22 12:48:03	1	3	15	0
        117833	2025-12-22 12:48:05	1	3	15	0
        117172	2025-12-22 12:48:08	1	3	15	0
        118207	2025-12-22 12:48:44	1	3	15	0
        116072	2025-12-22 12:49:45	1	3	15	0
        116497	2025-12-22 12:49:47	1	3	15	0
        116260	2025-12-22 12:49:49	1	3	15	0
        117924	2025-12-22 12:49:50	1	3	15	0
        110197	2025-12-22 12:50:14	1	3	15	0
        117061	2025-12-22 12:50:22	1	3	15	0
        119143	2025-12-22 12:51:55	1	3	15	0
        118207	2025-12-22 12:52:02	1	3	15	0
        118186	2025-12-22 12:52:23	1	3	15	0
        117103	2025-12-22 12:52:35	1	3	15	0
        119227	2025-12-22 12:53:01	1	3	15	0
        110057	2025-12-22 12:53:04	1	3	15	0
        110074	2025-12-22 12:53:06	1	3	15	0
        110075	2025-12-22 12:53:10	1	3	15	0
        119364	2025-12-22 12:53:12	1	3	15	0
        116504	2025-12-22 12:53:14	1	3	15	0
        116483	2025-12-22 12:53:17	1	3	15	0
        119070	2025-12-22 12:53:18	1	3	15	0
        118455	2025-12-22 12:53:21	1	3	15	0
        117786	2025-12-22 12:53:23	1	3	15	0
        118761	2025-12-22 12:53:25	1	3	15	0
        118146	2025-12-22 12:53:42	1	3	15	0
        118046	2025-12-22 12:53:44	1	3	15	0
        116104	2025-12-22 12:54:31	1	3	15	0
        116297	2025-12-22 12:55:03	1	3	15	0
        117103	2025-12-22 12:55:21	1	3	15	0
        117337	2025-12-22 12:55:23	1	3	15	0
        118186	2025-12-22 12:55:27	1	3	15	0
        116260	2025-12-22 12:55:52	1	3	15	0
        116072	2025-12-22 12:55:59	1	3	15	0
        116497	2025-12-22 12:56:02	1	3	15	0
        116747	2025-12-22 12:56:02	1	3	15	0
        118046	2025-12-22 12:56:11	1	3	15	0
        118146	2025-12-22 12:56:15	1	3	15	0
        110173	2025-12-22 12:56:39	1	3	15	0
        110128	2025-12-22 12:56:44	1	3	15	0
        118503	2025-12-22 12:57:09	1	3	15	0
        118862	2025-12-22 12:58:22	1	3	15	0
        110057	2025-12-22 12:58:32	1	3	15	0
        110074	2025-12-22 12:58:35	1	3	15	0
        119227	2025-12-22 12:58:37	1	3	15	0
        119070	2025-12-22 12:58:40	1	3	15	0
        119364	2025-12-22 12:58:42	1	3	15	0
        110075	2025-12-22 12:58:51	1	3	15	0
        118455	2025-12-22 12:58:52	1	3	15	0
        118862	2025-12-22 13:00:06	1	3	15	0
        118503	2025-12-22 13:00:31	1	3	15	0
        118917	2025-12-22 13:06:21	1	3	15	0
        110183	2025-12-22 13:23:06	1	3	15	0
        117991	2025-12-22 15:35:59	1	3	15	0
        117114	2025-12-22 16:24:49	1	1	15	0
        110094	2025-12-22 16:27:38	1	1	15	0
        116426	2025-12-22 17:00:06	1	1	15	0
        116297	2025-12-22 17:00:37	1	1	15	0
        117769	2025-12-22 17:02:04	1	1	15	0
        117838	2025-12-22 17:02:07	1	1	15	0
        117770	2025-12-22 17:02:08	1	1	15	0
        116831	2025-12-22 17:02:10	1	1	15	0
        110093	2025-12-22 17:02:30	1	1	15	0
        118568	2025-12-22 17:02:45	1	1	15	0
        117483	2025-12-22 17:03:26	1	1	15	0
        117054	2025-12-22 17:03:29	1	1	15	0
        110355	2025-12-22 17:03:56	1	1	15	0
        117172	2025-12-22 17:04:19	1	1	15	0
        110084	2025-12-22 17:05:15	1	1	15	0
        110076	2025-12-22 17:05:19	1	1	15	0
        117982	2025-12-22 17:06:23	1	1	15	0
        117645	2025-12-22 17:06:28	1	1	15	0
        117972	2025-12-22 17:07:58	1	1	15	0
        119143	2025-12-22 17:08:00	1	1	15	0
        117833	2025-12-22 17:08:03	1	1	15	0
        116799	2025-12-22 17:08:09	1	1	15	0
        117840	2025-12-22 17:08:56	1	1	15	0
        117839	2025-12-22 17:08:58	1	1	15	0
        117841	2025-12-22 17:09:00	1	1	15	0
        110063	2025-12-22 17:09:07	1	1	15	0
        118207	2025-12-22 17:09:22	1	1	15	0
        116070	2025-12-22 17:11:35	1	1	1	0
        117812	2025-12-22 17:11:43	1	1	15	0
        117837	2025-12-22 17:11:53	1	1	15	0
        110198	2025-12-22 17:12:07	1	1	15	0
        110377	2025-12-22 17:12:32	1	1	15	0
        116129	2025-12-22 17:12:42	1	1	15	0
        118970	2025-12-22 17:12:59	1	1	15	0
        117189	2025-12-22 17:13:18	1	1	15	0
        110376	2025-12-22 17:13:24	1	1	15	0
        110485	2025-12-22 17:14:31	1	1	15	0
        110495	2025-12-22 17:15:12	1	1	15	0
        110493	2025-12-22 17:15:16	1	1	15	0
        117133	2025-12-22 17:15:37	1	1	15	0
        117463	2025-12-22 17:15:41	1	1	15	0
        118043	2025-12-22 17:17:07	1	1	15	0
        118917	2025-12-22 17:17:12	1	1	15	0
        118271	2025-12-22 17:17:44	1	1	15	0
        110197	2025-12-22 17:18:42	1	1	15	0
        119272	2025-12-22 17:19:19	1	1	15	0
        117224	2025-12-22 17:20:04	1	1	15	0
        110358	2025-12-22 17:20:59	1	1	15	0
        110195	2025-12-22 17:22:40	1	1	15	0
        117219	2025-12-22 17:22:58	1	1	15	0
        117683	2025-12-22 17:23:02	1	1	15	0
        118186	2025-12-22 17:23:09	1	1	15	0
        110128	2025-12-22 17:23:14	1	1	15	0
        116282	2025-12-22 17:23:27	1	1	15	0
        117993	2025-12-22 17:24:50	1	1	15	0
        119493	2025-12-22 17:25:06	1	1	15	0
        118640	2025-12-22 17:25:32	1	1	15	0
        110100	2025-12-22 17:26:03	1	1	15	0
        116960	2025-12-22 17:26:05	1	1	15	0
        117897	2025-12-22 17:27:57	1	1	15	0
        117997	2025-12-22 17:28:01	1	1	15	0
        118503	2025-12-22 17:30:10	1	1	15	0
        118992	2025-12-22 17:30:26	1	1	15	0
        110183	2025-12-22 17:30:32	1	1	15	0
        110354	2025-12-22 17:31:00	1	1	15	0
        118458	2025-12-22 17:31:07	1	1	15	0
        119571	2025-12-22 17:31:19	1	1	15	0
        119157	2025-12-22 17:32:37	1	1	15	0
        117817	2025-12-22 17:34:10	1	1	15	0
        117930	2025-12-22 17:34:15	1	1	15	0
        116551	2025-12-22 17:34:37	1	1	15	0
        119104	2025-12-22 17:34:42	1	1	15	0
        118953	2025-12-22 17:34:46	1	1	15	0
        116069	2025-12-22 17:35:31	1	1	15	0
        117709	2025-12-22 17:35:32	1	1	15	0
        116835	2025-12-22 17:36:55	1	1	15	0
        118455	2025-12-22 17:37:42	1	1	15	0
        110159	2025-12-22 17:38:12	1	1	15	0
        117814	2025-12-22 17:39:40	1	1	15	0
        110200	2025-12-22 17:43:16	1	1	15	0
        117849	2025-12-22 17:48:09	1	1	15	0
        116751	2025-12-22 17:50:26	1	1	15	0
        116512	2025-12-22 17:50:31	1	1	15	0
        116914	2025-12-22 17:51:46	1	1	15	0
        117043	2025-12-22 17:51:55	1	1	15	0
        117222	2025-12-22 18:00:33	1	1	15	0
        116933	2025-12-22 18:00:45	1	1	15	0
        116356	2025-12-22 18:02:30	1	1	15	0
        116422	2025-12-22 18:03:02	1	1	15	0
        110055	2025-12-22 18:03:07	1	1	15	0
        118928	2025-12-22 18:03:12	1	1	15	0
        117921	2025-12-22 18:04:24	1	1	15	0
        117113	2025-12-22 18:05:31	1	1	15	0
        116279	2025-12-22 18:05:52	1	1	15	0
        119583	2025-12-22 18:05:59	1	1	15	0
        110158	2025-12-22 18:06:05	1	1	15	0
        117144	2025-12-22 18:07:17	1	1	15	0
        117591	2025-12-22 18:11:58	1	1	15	0
        118835	2025-12-22 18:13:57	1	1	15	0
        110483	2025-12-22 18:14:02	1	1	15	0
        110415	2025-12-22 18:14:10	1	1	15	0
        116748	2025-12-22 18:14:12	1	1	15	0
        110105	2025-12-22 18:17:10	1	1	15	0
        117999	2025-12-22 18:17:19	1	1	15	0
        119449	2025-12-22 18:17:31	1	1	15	0
        117634	2025-12-22 18:18:15	1	1	15	0
        117915	2025-12-22 18:18:19	1	1	15	0
        117921	2025-12-22 18:18:26	1	1	15	0
        116104	2025-12-22 18:18:51	1	1	15	0
        117659	2025-12-22 18:20:02	1	1	15	0
        116148	2025-12-22 18:20:04	1	1	15	0
        117815	2025-12-22 18:20:06	1	1	15	0
        116763	2025-12-22 18:20:23	1	1	15	0
        116467	2025-12-22 18:20:37	1	1	15	0
        116526	2025-12-22 18:20:42	1	1	15	0
        116142	2025-12-22 18:20:47	1	1	15	0
        117059	2025-12-22 18:21:53	1	1	15	0
        118761	2025-12-22 18:21:57	1	1	15	0
        116428	2025-12-22 18:22:13	1	1	15	0
        117692	2025-12-22 18:22:26	1	1	15	0
        117212	2025-12-22 18:22:36	1	1	15	0
        118563	2025-12-22 18:22:47	1	1	15	0
        116537	2025-12-22 18:23:35	1	1	15	0
        117724	2025-12-22 18:23:41	1	1	15	0
        116778	2025-12-22 18:23:47	1	1	15	0
        117704	2025-12-22 18:25:37	1	1	15	0
        117710	2025-12-22 18:25:52	1	1	15	0
        117713	2025-12-22 18:26:04	1	1	15	0
        117697	2025-12-22 18:26:26	1	1	15	0
        116787	2025-12-22 18:27:26	1	1	15	0
        117698	2025-12-22 18:27:29	1	1	15	0
        116995	2025-12-22 18:27:38	1	1	15	0
        117807	2025-12-22 18:27:39	1	1	15	0
        117926	2025-12-22 18:27:46	1	1	15	0
        118157	2025-12-22 18:30:46	1	1	15	0
        117575	2025-12-22 18:30:49	1	1	15	0
        116252	2025-12-22 18:31:06	1	1	15	0
        116996	2025-12-22 18:31:17	1	1	15	0
        117967	2025-12-22 18:31:21	1	1	15	0
        110011	2025-12-22 18:31:29	1	1	15	0
        110062	2025-12-22 18:31:59	1	1	15	0
        116252	2025-12-22 18:32:27	1	1	15	0
        117707	2025-12-22 18:32:34	1	1	15	0
        117111	2025-12-22 18:33:13	1	1	15	0
        110366	2025-12-22 18:34:22	1	1	15	0
        110050	2025-12-22 18:35:12	1	1	15	0
        117716	2025-12-22 18:35:21	1	1	15	0
        117998	2025-12-22 18:35:56	1	1	15	0
        117543	2025-12-22 18:36:18	1	1	15	0
        117630	2025-12-22 18:36:46	1	1	15	0
        110482	2025-12-22 18:37:41	1	1	15	0
        110070	2025-12-22 18:39:33	1	1	15	0
        110172	2025-12-22 18:39:37	1	1	15	0
        110367	2025-12-22 18:39:44	1	1	15	0
        117920	2025-12-22 18:39:46	1	1	15	0
        117850	2025-12-22 18:39:48	1	1	15	0
        117120	2025-12-22 18:41:32	1	1	15	0
        117528	2025-12-22 18:41:36	1	1	15	0
        117711	2025-12-22 18:41:45	1	1	15	0
        110424	2025-12-22 18:41:53	1	1	15	0
        110418	2025-12-22 18:41:56	1	1	15	0
        117121	2025-12-22 18:42:47	1	1	15	0
        116849	2025-12-22 18:42:50	1	1	15	0
        117790	2025-12-22 18:45:41	1	1	15	0
        110025	2025-12-22 18:46:07	1	1	15	0
        110368	2025-12-22 18:47:42	1	1	15	0
        110053	2025-12-22 18:48:00	1	1	15	0
        118862	2025-12-22 18:48:03	1	1	15	0
        110085	2025-12-22 18:49:25	1	1	15	0
        110077	2025-12-22 18:49:53	1	1	15	0
        118862	2025-12-22 18:50:03	1	1	15	0
        117786	2025-12-22 18:51:05	1	1	15	0
        116747	2025-12-22 18:56:01	1	1	15	0
        117337	2025-12-22 18:58:28	1	1	15	0
        118695	2025-12-22 18:58:32	1	1	15	0
        110006	2025-12-22 18:58:51	1	1	15	0
        118046	2025-12-22 18:59:48	1	1	15	0
        117129	2025-12-22 19:01:59	1	1	15	0
        110128	2025-12-22 19:05:40	1	1	15	0
        117567	2025-12-22 19:06:40	1	1	15	0
        110088	2025-12-22 19:07:07	1	1	15	0
        117639	2025-12-22 19:08:36	1	1	15	0
        117269	2025-12-22 19:10:20	1	1	15	0
        116472	2025-12-22 19:10:49	1	1	15	0
        118146	2025-12-22 19:10:56	1	1	15	0
        116337	2025-12-22 19:12:51	1	1	15	0
        117575	2025-12-22 19:15:16	1	1	15	0
        117575	2025-12-22 19:16:36	1	1	15	0
        116453	2025-12-22 19:17:30	1	1	15	0
        117529	2025-12-22 19:19:38	1	1	15	0
        117088	2025-12-22 19:25:34	1	1	15	0
        117733	2025-12-22 19:26:31	1	1	15	0
        110475	2025-12-22 19:32:32	1	1	15	0
        110473	2025-12-22 19:32:35	1	1	15	0
        110032	2025-12-22 19:36:06	1	1	15	0
        118584	2025-12-22 19:36:16	1	1	15	0
        117259	2025-12-22 19:40:53	1	1	15	0
        116072	2025-12-22 20:04:10	1	1	15	0
        119232	2025-12-22 20:07:11	1	1	15	0
        118971	2025-12-22 20:07:40	1	1	15	0
        119263	2025-12-22 20:08:48	1	1	15	0
        119364	2025-12-22 20:12:18	1	1	15	0
        110355	2025-12-22 20:19:15	1	1	15	0
        110356	2025-12-22 20:26:17	1	1	15	0
        116834	2025-12-22 20:31:05	1	1	15	0
        117616	2025-12-22 20:40:11	1	1	15	0
        117680	2025-12-22 21:01:11	1	1	15	0
        110357	2025-12-22 21:06:03	1	1	15	0
        116828	2025-12-22 21:09:13	1	1	1	0
        119535	2025-12-22 21:10:34	1	1	15	0
        117632	2025-12-22 21:11:22	1	1	15	0
        117497	2025-12-22 21:14:31	1	1	15	0
        110090	2025-12-22 21:18:58	1	1	15	0
        117595	2025-12-22 21:19:09	1	1	15	0
        116504	2025-12-22 21:19:25	1	1	15	0
        116497	2025-12-22 21:19:28	1	1	15	0
        110074	2025-12-22 21:21:17	1	1	15	0
        119070	2025-12-22 21:21:19	1	1	15	0
        116483	2025-12-22 21:23:01	1	1	15	0
        110116	2025-12-22 21:25:15	1	1	15	0
        119453	2025-12-22 21:30:32	1	1	15	0
        116805	2025-12-22 21:42:45	1	1	15	0
        117061	2025-12-22 21:42:47	1	1	15	0
        116260	2025-12-22 21:42:49	1	1	15	0
        110173	2025-12-22 21:47:31	1	1	15	0
        117541	2025-12-22 22:01:10	1	1	15	0
        117924	2025-12-22 22:01:12	1	1	15	0
        110466	2025-12-22 22:02:02	1	1	15	0
        116346	2025-12-22 22:02:52	1	1	15	0
        117103	2025-12-22 22:02:59	1	1	15	0
        110063	2025-12-22 22:15:22	1	1	15	0
        117122	2025-12-22 22:15:27	1	1	15	0
        117542	2025-12-22 22:27:04	1	1	15	0
        110057	2025-12-22 22:37:52	1	1	15	0
        119227	2025-12-22 22:46:22	1	1	15	0
        117699	2025-12-22 22:54:47	1	1	15	0
        110075	2025-12-22 23:53:50	1	1	15	0
        117981	2025-12-22 23:53:53	1	1	15	0
        117091	2025-12-23 00:07:44	1	0	15	0
        118369	2025-12-23 00:07:47	1	0	15	0
        118992	2025-12-23 06:06:21	1	0	15	0
