        118548	2026-02-02 06:04:17	1	0	15	0
        110045	2026-02-02 06:22:38	1	0	15	0
        117775	2026-02-02 06:41:32	1	0	15	0
        118326	2026-02-02 06:44:48	1	0	15	0
        118146	2026-02-02 06:46:55	1	0	15	0
        116152	2026-02-02 06:48:30	1	0	15	0
        118585	2026-02-02 06:56:53	1	0	15	0
        110064	2026-02-02 07:04:19	1	0	15	0
        116466	2026-02-02 07:07:31	1	0	1	0
        116690	2026-02-02 07:14:48	1	0	15	0
        117185	2026-02-02 07:16:01	1	0	15	0
        116825	2026-02-02 07:16:52	1	0	15	0
        117092	2026-02-02 07:17:31	1	0	15	0
        116712	2026-02-02 07:18:48	1	0	15	0
        119206	2026-02-02 07:18:53	1	0	15	0
        110115	2026-02-02 07:24:30	1	0	15	0
        116192	2026-02-02 07:27:19	1	0	15	0
        116202	2026-02-02 07:27:28	1	0	15	0
        118251	2026-02-02 07:28:33	1	0	1	0
        118509	2026-02-02 07:29:46	1	0	15	0
        118406	2026-02-02 07:29:53	1	0	15	0
        110188	2026-02-02 07:30:40	1	0	15	0
        117656	2026-02-02 07:37:23	1	0	15	0
        119406	2026-02-02 07:37:34	1	0	15	0
        116007	2026-02-02 07:38:52	1	0	1	0
        117727	2026-02-02 07:43:28	1	0	15	0
        118301	2026-02-02 07:44:56	1	0	15	0
        110429	2026-02-02 07:45:24	1	0	15	0
        116096	2026-02-02 07:46:48	1	0	15	0
        110124	2026-02-02 07:47:28	1	0	15	0
        110435	2026-02-02 07:47:32	1	0	15	0
        110046	2026-02-02 07:49:58	1	0	15	0
        116844	2026-02-02 07:50:21	1	0	15	0
        110459	2026-02-02 07:50:26	1	0	15	0
        117631	2026-02-02 07:50:50	1	0	15	0
        118760	2026-02-02 07:53:18	1	0	15	0
        110477	2026-02-02 07:54:47	1	0	15	0
        117274	2026-02-02 07:55:04	1	0	15	0
        116434	2026-02-02 07:55:24	1	0	1	0
        116511	2026-02-02 07:56:54	1	0	15	0
        117977	2026-02-02 07:57:01	1	0	15	0
        119376	2026-02-02 07:57:25	1	0	15	0
        116790	2026-02-02 08:03:28	1	0	15	0
        117518	2026-02-02 08:03:34	1	0	15	0
        117242	2026-02-02 08:03:41	1	0	1	0
        119117	2026-02-02 08:05:40	1	0	1	0
        118298	2026-02-02 08:08:53	1	0	1	0
        119393	2026-02-02 08:09:45	1	0	15	0
        116738	2026-02-02 08:10:24	1	0	15	0
        118398	2026-02-02 08:16:33	1	0	15	0
        116476	2026-02-02 08:17:14	1	0	15	0
        118801	2026-02-02 08:20:01	1	0	15	0
        117090	2026-02-02 08:23:55	1	0	15	0
        110068	2026-02-02 08:27:10	1	0	1	0
        117687	2026-02-02 08:31:58	1	0	15	0
        118566	2026-02-02 08:35:06	1	0	15	0
        119077	2026-02-02 08:41:41	1	0	15	0
        119392	2026-02-02 08:56:49	1	0	15	0
        118083	2026-02-02 08:58:14	1	0	15	0
        116829	2026-02-02 09:04:20	1	0	1	0
        116263	2026-02-02 09:10:58	1	0	15	0
        116192	2026-02-02 12:00:03	1	2	15	0
        117631	2026-02-02 12:00:06	1	2	15	0
        117242	2026-02-02 12:00:13	1	2	1	0
        117977	2026-02-02 12:00:20	1	2	15	0
        110435	2026-02-02 12:00:25	1	2	15	0
        116825	2026-02-02 12:00:29	1	2	15	0
        116829	2026-02-02 12:00:33	1	2	1	0
        116096	2026-02-02 12:00:39	1	2	15	0
        110477	2026-02-02 12:00:43	1	2	15	0
        116790	2026-02-02 12:00:47	1	2	15	0
        118760	2026-02-02 12:00:50	1	2	15	0
        116007	2026-02-02 12:00:55	1	2	1	0
        116152	2026-02-02 12:01:03	1	2	15	0
        118548	2026-02-02 12:01:07	1	2	15	0
        110068	2026-02-02 12:01:11	1	2	1	0
        110045	2026-02-02 12:01:17	1	2	15	0
        110459	2026-02-02 12:01:21	1	2	15	0
        119206	2026-02-02 12:01:26	1	2	15	0
        116712	2026-02-02 12:01:47	1	2	15	0
        110124	2026-02-02 12:03:29	1	2	15	0
        110064	2026-02-02 12:03:39	1	2	15	0
        116712	2026-02-02 12:03:51	1	2	15	0
        116192	2026-02-02 12:04:10	1	2	15	0
        110435	2026-02-02 12:04:14	1	2	15	0
        119376	2026-02-02 12:04:19	1	2	15	0
        117631	2026-02-02 12:04:22	1	2	15	0
        118301	2026-02-02 12:04:27	1	2	15	0
        119206	2026-02-02 12:04:32	1	2	15	0
        117274	2026-02-02 12:04:42	1	2	15	0
        116476	2026-02-02 12:04:53	1	2	15	0
        116466	2026-02-02 12:05:18	1	2	1	0
        110429	2026-02-02 12:05:25	1	2	15	0
        118801	2026-02-02 12:05:28	1	2	15	0
        117092	2026-02-02 12:05:39	1	2	15	0
        119117	2026-02-02 12:05:58	1	2	1	0
        110459	2026-02-02 12:06:20	1	2	15	0
        116152	2026-02-02 12:06:30	1	2	15	0
        118548	2026-02-02 12:06:34	1	2	15	0
        110068	2026-02-02 12:06:52	1	2	1	0
        118760	2026-02-02 12:06:58	1	2	15	0
        117274	2026-02-02 12:07:06	1	2	15	0
        117090	2026-02-02 12:07:12	1	2	15	0
        110045	2026-02-02 12:07:16	1	2	15	0
        116825	2026-02-02 12:07:21	1	2	15	0
        116202	2026-02-02 12:07:26	1	2	15	0
        116690	2026-02-02 12:07:31	1	2	15	0
        119376	2026-02-02 12:07:40	1	2	15	0
        110064	2026-02-02 12:07:48	1	2	15	0
        118407	2026-02-02 12:08:18	1	2	15	0
        119117	2026-02-02 12:09:16	1	2	1	0
        117185	2026-02-02 12:09:57	1	2	15	0
        117727	2026-02-02 12:10:00	1	2	15	0
        118406	2026-02-02 12:10:03	1	2	15	0
        116202	2026-02-02 12:10:14	1	2	15	0
        116690	2026-02-02 12:10:19	1	2	15	0
        117090	2026-02-02 12:10:28	1	2	15	0
        117775	2026-02-02 12:11:35	1	2	15	0
        118509	2026-02-02 12:12:24	1	2	15	0
        119406	2026-02-02 12:12:30	1	2	15	0
        117775	2026-02-02 12:13:04	1	2	15	0
        110124	2026-02-02 12:13:14	1	2	15	0
        110046	2026-02-02 12:13:55	1	2	15	0
        110115	2026-02-02 12:13:59	1	2	15	0
        116511	2026-02-02 12:14:06	1	2	15	0
        117185	2026-02-02 12:14:49	1	2	15	0
        118083	2026-02-02 12:15:41	1	2	15	0
        118251	2026-02-02 12:15:45	1	2	1	0
        118398	2026-02-02 12:15:51	1	2	15	0
        119393	2026-02-02 12:15:54	1	2	15	0
        116263	2026-02-02 12:15:58	1	2	15	0
        117092	2026-02-02 12:16:01	1	2	15	0
        118509	2026-02-02 12:16:12	1	2	15	0
        119406	2026-02-02 12:16:18	1	2	15	0
        119077	2026-02-02 12:16:29	1	2	15	0
        116829	2026-02-02 12:17:08	1	2	1	0
        118326	2026-02-02 12:17:26	1	2	15	0
        116096	2026-02-02 12:18:04	1	2	15	0
        116007	2026-02-02 12:18:20	1	2	1	0
        110046	2026-02-02 12:18:26	1	2	15	0
        117656	2026-02-02 12:18:43	1	2	15	0
        110188	2026-02-02 12:18:46	1	2	15	0
        118301	2026-02-02 12:18:55	1	2	15	0
        119077	2026-02-02 12:21:06	1	2	15	0
        118083	2026-02-02 12:21:53	1	2	15	0
        118251	2026-02-02 12:22:00	1	2	1	0
        116466	2026-02-02 12:22:09	1	2	1	0
        119393	2026-02-02 12:22:15	1	2	15	0
        116263	2026-02-02 12:22:18	1	2	15	0
        118398	2026-02-02 12:22:21	1	2	15	0
        118326	2026-02-02 12:22:38	1	2	15	0
        116790	2026-02-02 12:24:10	1	2	15	0
        110477	2026-02-02 12:24:15	1	2	15	0
        118406	2026-02-02 12:24:33	1	2	15	0
        117656	2026-02-02 12:24:54	1	2	15	0
        110188	2026-02-02 12:24:58	1	2	15	0
        116738	2026-02-02 12:26:57	1	2	15	0
        117242	2026-02-02 12:27:01	1	2	1	0
        118801	2026-02-02 12:27:07	1	2	15	0
        117977	2026-02-02 12:27:11	1	2	15	0
        116434	2026-02-02 12:27:16	1	2	1	0
        118298	2026-02-02 12:27:21	1	2	1	0
        116007	2026-02-02 12:27:30	1	2	1	0
        116844	2026-02-02 12:28:54	1	2	15	0
        116476	2026-02-02 12:29:16	1	2	15	0
        116844	2026-02-02 12:32:38	1	3	15	0
        118146	2026-02-02 12:33:30	1	3	15	0
        117518	2026-02-02 12:33:40	1	3	15	0
        118566	2026-02-02 12:33:47	1	3	15	0
        110115	2026-02-02 12:36:10	1	3	15	0
        110429	2026-02-02 12:37:20	1	3	15	0
        116434	2026-02-02 12:37:24	1	3	1	0
        118146	2026-02-02 12:37:41	1	3	15	0
        117518	2026-02-02 12:37:44	1	3	15	0
        117727	2026-02-02 12:38:39	1	3	15	0
        116738	2026-02-02 12:39:44	1	3	15	0
        118298	2026-02-02 12:42:10	1	3	1	0
        118566	2026-02-02 12:47:49	1	3	15	0
        116511	2026-02-02 12:48:15	1	3	15	0
        117687	2026-02-02 12:50:38	1	3	15	0
        117687	2026-02-02 12:54:12	1	3	15	0
        118585	2026-02-02 12:54:35	1	3	15	0
        118585	2026-02-02 12:55:40	1	3	15	0
        119392	2026-02-02 12:57:11	1	3	15	0
        119392	2026-02-02 12:59:10	1	3	15	0
        110477	2026-02-02 17:02:21	1	1	15	0
        119206	2026-02-02 17:02:48	1	1	15	0
        116825	2026-02-02 17:04:10	1	1	15	0
        116152	2026-02-02 17:05:38	1	1	15	0
        118801	2026-02-02 17:06:01	1	1	15	0
        119393	2026-02-02 17:06:33	1	1	15	0
        118326	2026-02-02 17:06:38	1	1	15	0
        118251	2026-02-02 17:06:43	1	1	1	0
        117656	2026-02-02 17:06:50	1	1	15	0
        117185	2026-02-02 17:08:09	1	1	15	0
        118406	2026-02-02 17:08:34	1	1	15	0
        110068	2026-02-02 17:09:39	1	1	1	0
        118548	2026-02-02 17:09:45	1	1	15	0
        116712	2026-02-02 17:09:57	1	1	15	0
        119117	2026-02-02 17:10:07	1	1	1	0
        118509	2026-02-02 17:10:13	1	1	15	0
        110188	2026-02-02 17:11:11	1	1	15	0
        118301	2026-02-02 17:11:51	1	1	15	0
        117631	2026-02-02 17:13:02	1	1	15	0
        116192	2026-02-02 17:13:07	1	1	15	0
        110045	2026-02-02 17:13:17	1	1	15	0
        118083	2026-02-02 17:13:50	1	1	15	0
        110429	2026-02-02 17:14:38	1	1	15	0
        119376	2026-02-02 17:16:03	1	1	15	0
        118398	2026-02-02 17:16:12	1	1	15	0
        116263	2026-02-02 17:16:15	1	1	15	0
        117977	2026-02-02 17:18:40	1	1	15	0
        116690	2026-02-02 17:20:18	1	1	15	0
        110435	2026-02-02 17:21:37	1	1	15	0
        119077	2026-02-02 17:24:32	1	1	15	0
        116790	2026-02-02 17:25:17	1	1	15	0
        116096	2026-02-02 17:25:56	1	1	15	0
        116844	2026-02-02 17:27:11	1	1	15	0
        117092	2026-02-02 17:27:15	1	1	15	0
        116476	2026-02-02 17:27:30	1	1	15	0
        116511	2026-02-02 17:27:37	1	1	15	0
        116007	2026-02-02 17:27:42	1	1	1	0
        116434	2026-02-02 17:27:45	1	1	1	0
        116466	2026-02-02 17:27:59	1	1	1	0
        116738	2026-02-02 17:28:05	1	1	15	0
        110064	2026-02-02 17:28:48	1	1	15	0
        119077	2026-02-02 17:30:18	1	1	15	0
        118298	2026-02-02 17:33:35	1	1	1	0
        118566	2026-02-02 17:38:40	1	1	15	0
        110115	2026-02-02 18:04:26	1	1	15	0
        110046	2026-02-02 18:04:32	1	1	15	0
        118146	2026-02-02 18:05:34	1	1	15	0
        119392	2026-02-02 18:06:00	1	1	15	0
        110124	2026-02-02 18:20:06	1	1	15	0
        117727	2026-02-02 18:20:12	1	1	15	0
        117775	2026-02-02 18:20:18	1	1	15	0
        117518	2026-02-02 18:21:24	1	1	15	0
        117090	2026-02-02 18:21:28	1	1	15	0
        116202	2026-02-02 18:21:35	1	1	15	0
        116829	2026-02-02 18:24:04	1	1	15	0
        117274	2026-02-02 18:24:09	1	1	15	0
        118585	2026-02-02 18:32:33	1	1	15	0
        117687	2026-02-02 18:45:40	1	1	15	0
        118407	2026-02-02 18:57:15	1	1	15	0
        119406	2026-02-02 21:34:45	1	1	15	0
        118548	2026-02-03 06:02:59	1	0	15	0
        118160	2026-02-03 06:33:12	1	0	15	0
        118326	2026-02-03 06:43:51	1	0	15	0
        116953	2026-02-03 06:51:42	1	0	15	0
        116152	2026-02-03 06:56:40	1	0	15	0
        118585	2026-02-03 07:03:06	1	0	15	0
        117185	2026-02-03 07:08:55	1	0	15	0
        118406	2026-02-03 07:09:25	1	0	15	0
        110477	2026-02-03 07:16:06	1	0	15	0
        116825	2026-02-03 07:16:53	1	0	15	0
        116790	2026-02-03 07:19:57	1	0	15	0
        118585	2026-02-03 07:21:20	1	0	15	0
        116690	2026-02-03 07:22:22	1	0	15	0
        118251	2026-02-03 07:27:23	1	0	1	0
        110435	2026-02-03 07:32:13	1	0	15	0
        116192	2026-02-03 07:37:06	1	0	15	0
        118301	2026-02-03 07:41:48	1	0	15	0
        118760	2026-02-03 07:42:10	1	0	15	0
        118509	2026-02-03 07:48:28	1	0	15	0
        110459	2026-02-03 07:49:14	1	0	15	0
        110429	2026-02-03 07:51:12	1	0	15	0
        117727	2026-02-03 07:51:33	1	0	15	0
        116844	2026-02-03 07:52:56	1	0	15	0
        116202	2026-02-03 07:53:03	1	0	15	0
        119206	2026-02-03 07:55:20	1	0	15	0
        117092	2026-02-03 07:59:38	1	0	15	0
        117631	2026-02-03 07:59:52	1	0	15	0
        116263	2026-02-03 07:59:57	1	0	15	0
        117656	2026-02-03 08:02:38	1	0	15	0
        116096	2026-02-03 08:03:08	1	0	15	0
        117242	2026-02-03 08:03:29	1	0	1	0
        110115	2026-02-03 08:05:11	1	0	15	0
        117687	2026-02-03 08:05:30	1	0	15	0
        117398	2026-02-03 08:05:53	1	0	15	0
        118801	2026-02-03 08:06:51	1	0	15	0
        118566	2026-02-03 08:08:26	1	0	15	0
        119393	2026-02-03 08:09:00	1	0	15	0
        117518	2026-02-03 08:09:04	1	0	15	0
        116434	2026-02-03 08:13:17	1	0	1	0
        118398	2026-02-03 08:13:23	1	0	15	0
        119117	2026-02-03 08:16:03	1	0	1	0
        116487	2026-02-03 08:16:13	1	0	15	0
        116007	2026-02-03 08:17:25	1	0	1	0
        110188	2026-02-03 08:20:52	1	0	15	0
        110064	2026-02-03 08:23:45	1	0	15	0
        116712	2026-02-03 08:25:00	1	0	15	0
        116829	2026-02-03 08:36:44	1	0	15	0
        118407	2026-02-03 08:36:53	1	0	15	0
        110045	2026-02-03 08:37:54	1	0	15	0
        117977	2026-02-03 08:38:04	1	0	15	0
        119443	2026-02-03 08:38:20	1	0	15	0
        119077	2026-02-03 08:43:01	1	0	15	0
        119376	2026-02-03 08:44:17	1	0	15	0
        110068	2026-02-03 08:45:13	1	0	1	0
        116466	2026-02-03 08:47:10	1	0	1	0
        118298	2026-02-03 08:48:11	1	0	1	0
        117274	2026-02-03 08:49:17	1	0	15	0
        117090	2026-02-03 08:53:00	1	0	15	0
        116738	2026-02-03 08:54:44	1	0	15	0
        119392	2026-02-03 08:55:21	1	0	15	0
        118083	2026-02-03 08:59:49	1	0	15	0
        110435	2026-02-03 12:00:04	1	0	15	0
        119376	2026-02-03 12:00:10	1	0	15	0
        116192	2026-02-03 12:00:17	1	0	15	0
        117631	2026-02-03 12:00:20	1	0	15	0
        119077	2026-02-03 12:00:25	1	0	15	0
        118251	2026-02-03 12:00:29	1	0	1	0
        118398	2026-02-03 12:00:35	1	2	15	0
        116953	2026-02-03 12:00:47	1	2	15	0
        117727	2026-02-03 12:00:52	1	2	15	0
        116511	2026-02-03 12:00:58	1	2	15	0
        110045	2026-02-03 12:01:06	1	2	15	0
        119443	2026-02-03 12:01:12	1	2	15	0
        116738	2026-02-03 12:01:16	1	2	15	0
        118801	2026-02-03 12:01:19	1	2	15	0
        118301	2026-02-03 12:01:25	1	2	15	0
        118760	2026-02-03 12:01:29	1	2	15	0
        117977	2026-02-03 12:02:14	1	2	15	0
        110115	2026-02-03 12:02:18	1	2	15	0
        116007	2026-02-03 12:02:23	1	2	1	0
        119206	2026-02-03 12:02:29	1	2	15	0
        117090	2026-02-03 12:02:33	1	2	15	0
        110068	2026-02-03 12:02:44	1	2	1	0
        118548	2026-02-03 12:02:50	1	2	15	0
        116152	2026-02-03 12:02:56	1	2	15	0
        117185	2026-02-03 12:03:02	1	2	15	0
        119117	2026-02-03 12:03:07	1	2	1	0
        110435	2026-02-03 12:03:21	1	2	15	0
        110477	2026-02-03 12:03:47	1	2	15	0
        116790	2026-02-03 12:03:52	1	2	15	0
        119376	2026-02-03 12:04:06	1	2	15	0
        119077	2026-02-03 12:04:11	1	2	15	0
        116192	2026-02-03 12:04:14	1	2	15	0
        117631	2026-02-03 12:04:17	1	2	15	0
        116263	2026-02-03 12:04:20	1	2	15	0
        118083	2026-02-03 12:04:29	1	2	15	0
        118406	2026-02-03 12:04:35	1	2	15	0
        110046	2026-02-03 12:04:41	1	2	15	0
        116434	2026-02-03 12:04:45	1	2	1	0
        118298	2026-02-03 12:04:48	1	2	1	0
        116953	2026-02-03 12:04:57	1	2	15	0
        118398	2026-02-03 12:05:21	1	2	15	0
        117090	2026-02-03 12:05:39	1	2	15	0
        117185	2026-02-03 12:05:54	1	2	15	0
        110064	2026-02-03 12:06:14	1	2	15	0
        110068	2026-02-03 12:06:19	1	2	1	0
        118548	2026-02-03 12:06:25	1	2	15	0
        116152	2026-02-03 12:06:28	1	2	15	0
        118801	2026-02-03 12:06:34	1	2	15	0
        110477	2026-02-03 12:06:41	1	2	15	0
        116790	2026-02-03 12:06:44	1	2	15	0
        119117	2026-02-03 12:06:50	1	2	1	0
        118760	2026-02-03 12:06:56	1	2	15	0
        119393	2026-02-03 12:07:00	1	2	15	0
        119206	2026-02-03 12:07:16	1	2	15	0
        118083	2026-02-03 12:07:21	1	2	15	0
        110188	2026-02-03 12:08:38	1	2	15	0
        117656	2026-02-03 12:08:42	1	2	15	0
        117092	2026-02-03 12:09:21	1	2	15	0
        117775	2026-02-03 12:09:34	1	2	15	0
        118326	2026-02-03 12:10:03	1	2	15	0
        116263	2026-02-03 12:10:30	1	2	15	0
        119443	2026-02-03 12:10:37	1	2	15	0
        110064	2026-02-03 12:11:31	1	2	15	0
        117656	2026-02-03 12:11:50	1	2	15	0
        110188	2026-02-03 12:11:52	1	2	15	0
        117775	2026-02-03 12:12:00	1	2	15	0
        117727	2026-02-03 12:12:11	1	2	15	0
        116511	2026-02-03 12:12:15	1	2	15	0
        116738	2026-02-03 12:12:19	1	2	15	0
        118509	2026-02-03 12:13:02	1	2	15	0
        118326	2026-02-03 12:13:19	1	2	15	0
        117092	2026-02-03 12:13:24	1	2	15	0
        116096	2026-02-03 12:15:50	1	2	15	0
        117398	2026-02-03 12:16:04	1	2	15	0
        116070	2026-02-03 12:16:15	1	2	1	0
        116476	2026-02-03 12:16:40	1	2	15	0
        116007	2026-02-03 12:16:53	1	2	1	0
        116487	2026-02-03 12:17:32	1	2	15	0
        117242	2026-02-03 12:17:59	1	2	1	0
        118407	2026-02-03 12:18:06	1	2	15	0
        116096	2026-02-03 12:19:36	1	2	15	0
        116070	2026-02-03 12:19:39	1	2	1	0
        110429	2026-02-03 12:19:51	1	2	15	0
        116825	2026-02-03 12:20:14	1	2	15	0
        118509	2026-02-03 12:20:34	1	2	15	0
        117518	2026-02-03 12:20:44	1	2	15	0
        116844	2026-02-03 12:21:04	1	2	15	0
        116487	2026-02-03 12:21:20	1	2	15	0
        116466	2026-02-03 12:22:36	1	2	1	0
        119392	2026-02-03 12:23:17	1	2	15	0
        116825	2026-02-03 12:23:39	1	2	15	0
        118407	2026-02-03 12:24:19	1	2	15	0
        117242	2026-02-03 12:24:24	1	2	1	0
        117518	2026-02-03 12:25:33	1	2	15	0
        116844	2026-02-03 12:25:46	1	2	15	0
        117398	2026-02-03 12:26:56	1	2	15	0
        117977	2026-02-03 12:27:21	1	2	15	0
        116466	2026-02-03 12:27:52	1	2	1	0
        119392	2026-02-03 12:29:13	1	2	15	0
        118566	2026-02-03 12:29:59	1	2	15	0
        116434	2026-02-03 12:30:20	1	2	1	0
        116829	2026-02-03 12:31:16	1	3	1	0
        117274	2026-02-03 12:31:23	1	3	15	0
        116829	2026-02-03 12:33:15	1	3	1	0
        117274	2026-02-03 12:33:25	1	3	15	0
        110045	2026-02-03 12:33:30	1	3	15	0
        118160	2026-02-03 12:34:19	1	3	15	0
        117687	2026-02-03 12:36:04	1	3	15	0
        119602	2026-02-03 12:36:21	1	3	15	0
        118160	2026-02-03 12:37:00	1	3	15	0
        116712	2026-02-03 12:39:33	1	3	15	0
        110046	2026-02-03 12:39:44	1	3	15	0
        110429	2026-02-03 12:40:08	1	3	15	0
        117687	2026-02-03 12:40:36	1	3	15	0
        116712	2026-02-03 12:42:22	1	3	15	0
        118301	2026-02-03 12:45:58	1	3	15	0
        118298	2026-02-03 12:46:06	1	3	1	0
        118406	2026-02-03 12:46:14	1	3	15	0
        116202	2026-02-03 12:47:52	1	3	15	0
        116690	2026-02-03 12:47:59	1	3	15	0
        118566	2026-02-03 12:49:29	1	3	15	0
        116202	2026-02-03 12:51:11	1	3	15	0
        116690	2026-02-03 12:51:17	1	3	15	0
        110115	2026-02-03 12:52:20	1	3	15	0
        118585	2026-02-03 13:00:07	1	3	15	0
        118585	2026-02-03 13:01:09	1	3	15	0
        116953	2026-02-03 16:10:31	1	1	15	0
        117185	2026-02-03 16:10:39	1	1	15	0
        118326	2026-02-03 16:14:15	1	1	15	0
        118406	2026-02-03 16:16:01	1	1	15	0
        110477	2026-02-03 16:22:06	1	1	15	0
        116790	2026-02-03 16:22:13	1	1	15	0
        116007	2026-02-03 16:29:00	1	1	1	0
        116152	2026-02-03 16:30:52	1	1	15	0
        116825	2026-02-03 16:32:41	1	1	15	0
        118301	2026-02-03 16:58:51	1	1	15	0
        119206	2026-02-03 17:01:13	1	1	15	0
        116511	2026-02-03 17:06:15	1	1	15	0
        118509	2026-02-03 17:07:32	1	1	15	0
        110435	2026-02-03 17:09:05	1	1	15	0
        116690	2026-02-03 17:09:41	1	1	15	0
        117656	2026-02-03 17:10:43	1	1	15	0
        117242	2026-02-03 17:10:48	1	1	1	0
        116263	2026-02-03 17:10:54	1	1	15	0
        116476	2026-02-03 17:12:15	1	1	15	0
        110429	2026-02-03 17:15:12	1	1	15	0
        116096	2026-02-03 17:15:37	1	1	15	0
        118160	2026-02-03 17:15:49	1	1	15	0
        118760	2026-02-03 17:16:38	1	1	15	0
        117398	2026-02-03 17:20:37	1	1	15	0
        119117	2026-02-03 17:21:41	1	1	1	0
        110045	2026-02-03 17:24:21	1	1	15	0
        116434	2026-02-03 17:24:53	1	1	1	0
        117727	2026-02-03 17:25:08	1	1	15	0
        117631	2026-02-03 17:29:05	1	1	15	0
        116192	2026-02-03 17:29:10	1	1	15	0
        117687	2026-02-03 17:30:47	1	1	15	0
        116487	2026-02-03 17:33:38	1	1	15	0
        117092	2026-02-03 17:35:35	1	1	15	0
        117977	2026-02-03 17:36:33	1	1	15	0
        118398	2026-02-03 17:36:41	1	1	15	0
        119077	2026-02-03 17:43:41	1	1	15	0
        119376	2026-02-03 17:44:34	1	1	15	0
        110068	2026-02-03 17:56:02	1	1	1	0
        116844	2026-02-03 17:56:21	1	1	15	0
        117090	2026-02-03 17:58:03	1	1	15	0
        117274	2026-02-03 17:58:48	1	1	15	0
        118083	2026-02-03 18:00:31	1	1	15	0
        118298	2026-02-03 18:01:17	1	1	1	0
        116829	2026-02-03 18:04:02	1	1	1	0
        118801	2026-02-03 18:06:17	1	1	15	0
        118407	2026-02-03 18:07:30	1	1	15	0
        119392	2026-02-03 18:08:19	1	1	15	0
        119443	2026-02-03 18:08:55	1	1	15	0
        117518	2026-02-03 18:09:01	1	1	15	0
        116202	2026-02-03 18:09:07	1	1	15	0
        110046	2026-02-03 18:13:25	1	1	15	0
        117775	2026-02-03 18:14:10	1	1	15	0
        116738	2026-02-03 18:14:16	1	1	15	0
        110115	2026-02-03 18:18:09	1	1	15	0
        110188	2026-02-03 18:18:43	1	1	15	0
        110064	2026-02-03 18:23:04	1	1	15	0
        118585	2026-02-03 18:23:50	1	1	15	0
        118566	2026-02-03 18:24:33	1	1	15	0
        116466	2026-02-03 18:41:02	1	1	1	0
        118548	2026-02-04 06:09:50	1	0	15	0
        118146	2026-02-04 06:11:35	1	0	15	0
        118160	2026-02-04 06:39:08	1	0	15	0
        118326	2026-02-04 06:41:04	1	0	15	0
        118406	2026-02-04 06:58:56	1	0	15	0
        117185	2026-02-04 07:10:12	1	0	15	0
        116202	2026-02-04 07:21:26	1	0	15	0
        110068	2026-02-04 07:22:10	1	0	1	0
        116825	2026-02-04 07:24:50	1	0	15	0
        118407	2026-02-04 07:32:43	1	0	15	0
        116007	2026-02-04 07:33:32	1	0	1	0
        116192	2026-02-04 07:33:40	1	0	15	0
        110435	2026-02-04 07:36:58	1	0	15	0
        116690	2026-02-04 07:37:45	1	0	15	0
        110477	2026-02-04 07:37:50	1	0	15	0
        119206	2026-02-04 07:39:00	1	0	15	0
        118585	2026-02-04 07:43:55	1	0	15	0
        117092	2026-02-04 07:44:18	1	0	15	0
        118301	2026-02-04 07:45:53	1	0	15	0
        117727	2026-02-04 07:46:28	1	0	15	0
        118509	2026-02-04 07:46:33	1	0	15	0
        110459	2026-02-04 07:51:06	1	0	15	0
        118760	2026-02-04 07:51:23	1	0	15	0
        117656	2026-02-04 07:55:19	1	0	15	0
        116844	2026-02-04 07:56:59	1	0	15	0
        110429	2026-02-04 07:57:09	1	0	15	0
        116790	2026-02-04 07:58:33	1	0	15	0
        119117	2026-02-04 07:59:54	1	0	1	0
        117242	2026-02-04 08:00:49	1	0	1	0
        116487	2026-02-04 08:03:02	1	0	15	0
        110115	2026-02-04 08:04:08	1	0	15	0
        116466	2026-02-04 08:04:13	1	0	1	0
        116712	2026-02-04 08:05:33	1	0	15	0
        117631	2026-02-04 08:07:17	1	0	15	0
        116829	2026-02-04 08:09:02	1	0	15	0
        117518	2026-02-04 08:10:51	1	0	15	0
        117274	2026-02-04 08:13:41	1	0	15	0
        110124	2026-02-04 08:16:32	1	0	15	0
        116096	2026-02-04 08:19:09	1	0	15	0
        116263	2026-02-04 08:21:00	1	0	15	0
        118298	2026-02-04 08:21:11	1	0	1	0
        117090	2026-02-04 08:22:48	1	0	15	0
        118801	2026-02-04 08:23:17	1	0	15	0
        110188	2026-02-04 08:25:46	1	0	15	0
        116434	2026-02-04 08:28:41	1	0	1	0
        119393	2026-02-04 08:29:04	1	0	15	0
        117977	2026-02-04 08:29:28	1	0	15	0
        117775	2026-02-04 08:30:18	1	0	15	0
        116476	2026-02-04 08:35:04	1	0	15	0
        117398	2026-02-04 08:37:43	1	0	15	0
        118566	2026-02-04 08:40:08	1	0	15	0
        119077	2026-02-04 08:40:48	1	0	15	0
        117687	2026-02-04 08:41:06	1	0	15	0
        110064	2026-02-04 08:41:31	1	0	15	0
        119406	2026-02-04 08:42:48	1	0	15	0
        116511	2026-02-04 08:44:01	1	0	15	0
        119443	2026-02-04 08:50:08	1	0	15	0
        116738	2026-02-04 09:02:01	1	0	15	0
        118083	2026-02-04 09:06:22	1	0	15	0
        119392	2026-02-04 09:21:19	1	0	15	0
        110435	2026-02-04 12:00:04	1	0	15	0
        116690	2026-02-04 12:00:10	1	0	15	0
        116476	2026-02-04 12:00:16	1	0	15	0
        119206	2026-02-04 12:00:22	1	0	15	0
        118301	2026-02-04 12:00:41	1	0	15	0
        110064	2026-02-04 12:00:59	1	0	15	0
        118548	2026-02-04 12:01:03	1	0	15	0
        110068	2026-02-04 12:01:11	1	0	1	0
        119117	2026-02-04 12:01:24	1	2	15	0
        119406	2026-02-04 12:01:27	1	2	15	0
        118160	2026-02-04 12:01:33	1	2	15	0
        118406	2026-02-04 12:01:38	1	2	15	0
        117185	2026-02-04 12:01:41	1	2	15	0
        117775	2026-02-04 12:02:08	1	2	15	0
        117090	2026-02-04 12:02:55	1	2	15	0
        116476	2026-02-04 12:03:04	1	2	15	0
        110435	2026-02-04 12:03:11	1	2	15	0
        116690	2026-02-04 12:03:16	1	2	15	0
        116192	2026-02-04 12:03:27	1	2	15	0
        117631	2026-02-04 12:03:31	1	2	15	0
        116712	2026-02-04 12:03:35	1	2	15	0
        119206	2026-02-04 12:03:51	1	2	15	0
        118801	2026-02-04 12:03:55	1	2	15	0
        118160	2026-02-04 12:04:10	1	2	15	0
        118760	2026-02-04 12:05:00	1	2	15	0
        110115	2026-02-04 12:05:33	1	2	15	0
        117090	2026-02-04 12:05:43	1	2	15	0
        119406	2026-02-04 12:05:58	1	2	15	0
        117631	2026-02-04 12:06:03	1	2	15	0
        116192	2026-02-04 12:06:06	1	2	15	0
        116712	2026-02-04 12:06:46	1	2	15	0
        117274	2026-02-04 12:06:56	1	2	15	0
        118548	2026-02-04 12:07:14	1	2	15	0
        116070	2026-02-04 12:07:28	1	2	1	0
        118301	2026-02-04 12:07:38	1	2	15	0
        116829	2026-02-04 12:07:42	1	2	15	0
        116096	2026-02-04 12:07:46	1	2	15	0
        110068	2026-02-04 12:07:54	1	2	1	0
        110064	2026-02-04 12:08:01	1	2	15	0
        119117	2026-02-04 12:08:08	1	2	1	0
        116487	2026-02-04 12:08:17	1	2	15	0
        116434	2026-02-04 12:08:39	1	2	1	0
        118298	2026-02-04 12:08:43	1	2	1	0
        116466	2026-02-04 12:08:47	1	2	1	0
        119077	2026-02-04 12:08:53	1	2	15	0
        118083	2026-02-04 12:08:59	1	2	15	0
        119393	2026-02-04 12:09:06	1	2	15	0
        116263	2026-02-04 12:09:10	1	2	15	0
        119443	2026-02-04 12:09:13	1	2	15	0
        116511	2026-02-04 12:09:17	1	2	15	0
        116096	2026-02-04 12:09:20	1	2	15	0
        117274	2026-02-04 12:09:25	1	2	15	0
        116829	2026-02-04 12:09:27	1	2	1	0
        116070	2026-02-04 12:09:33	1	2	15	0
        118801	2026-02-04 12:09:37	1	2	15	0
        118326	2026-02-04 12:10:13	1	2	15	0
        116790	2026-02-04 12:10:43	1	2	15	0
        110477	2026-02-04 12:10:47	1	2	15	0
        116844	2026-02-04 12:10:56	1	2	15	0
        119392	2026-02-04 12:11:08	1	2	15	0
        118760	2026-02-04 12:13:40	1	2	15	0
        116844	2026-02-04 12:13:58	1	2	15	0
        118083	2026-02-04 12:14:07	1	2	15	0
        116790	2026-02-04 12:14:18	1	2	15	0
        110477	2026-02-04 12:14:22	1	2	15	0
        117398	2026-02-04 12:14:27	1	2	15	0
        118585	2026-02-04 12:14:33	1	2	15	0
        118326	2026-02-04 12:14:37	1	2	15	0
        117977	2026-02-04 12:15:03	1	2	15	0
        119392	2026-02-04 12:16:57	1	2	15	0
        117727	2026-02-04 12:17:19	1	2	15	0
        118585	2026-02-04 12:17:43	1	2	15	0
        118509	2026-02-04 12:17:54	1	2	15	0
        116263	2026-02-04 12:17:58	1	2	15	0
        119393	2026-02-04 12:18:02	1	2	15	0
        110429	2026-02-04 12:18:09	1	2	15	0
        119443	2026-02-04 12:18:14	1	2	15	0
        117977	2026-02-04 12:18:24	1	2	15	0
        117398	2026-02-04 12:19:14	1	2	15	0
        117775	2026-02-04 12:20:17	1	2	15	0
        117092	2026-02-04 12:21:33	1	2	15	0
        117687	2026-02-04 12:22:37	1	2	15	0
        119602	2026-02-04 12:22:43	1	2	15	0
        117092	2026-02-04 12:22:56	1	2	15	0
        118566	2026-02-04 12:24:08	1	2	15	0
        116487	2026-02-04 12:25:21	1	2	15	0
        119077	2026-02-04 12:25:26	1	2	15	0
        116825	2026-02-04 12:25:43	1	2	15	0
        116202	2026-02-04 12:26:08	1	2	15	0
        117518	2026-02-04 12:26:17	1	2	15	0
        118509	2026-02-04 12:27:22	1	2	15	0
        110188	2026-02-04 12:27:54	1	2	15	0
        117656	2026-02-04 12:27:57	1	2	15	0
        116511	2026-02-04 12:28:39	1	2	15	0
        117185	2026-02-04 12:28:57	1	2	15	0
        118406	2026-02-04 12:29:01	1	2	15	0
        116202	2026-02-04 12:30:17	1	3	15	0
        117518	2026-02-04 12:30:22	1	3	15	0
        116825	2026-02-04 12:30:53	1	3	15	0
        110429	2026-02-04 12:31:04	1	3	15	0
        118566	2026-02-04 12:33:54	1	3	15	0
        110115	2026-02-04 12:33:59	1	3	15	0
        117656	2026-02-04 12:34:04	1	3	15	0
        110188	2026-02-04 12:34:07	1	3	15	0
        116434	2026-02-04 12:34:11	1	3	1	0
        117242	2026-02-04 12:37:08	1	3	1	0
        116738	2026-02-04 12:39:41	1	3	15	0
        118146	2026-02-04 12:39:44	1	3	15	0
        116152	2026-02-04 12:40:57	1	3	15	0
        110124	2026-02-04 12:41:03	1	3	15	0
        117242	2026-02-04 12:41:10	1	3	1	0
        117727	2026-02-04 12:44:28	1	3	15	0
        116738	2026-02-04 12:44:33	1	3	15	0
        118146	2026-02-04 12:45:42	1	3	15	0
        117687	2026-02-04 12:46:03	1	3	15	0
        116466	2026-02-04 12:51:34	1	3	1	0
        118298	2026-02-04 12:51:46	1	3	1	0
        116007	2026-02-04 15:29:00	1	3	15	0
        118326	2026-02-04 16:04:42	1	1	15	0
        117775	2026-02-04 16:07:52	1	1	15	0
        116825	2026-02-04 16:32:45	1	1	15	0
        110477	2026-02-04 16:42:04	1	1	15	0
        117092	2026-02-04 17:00:40	1	1	15	0
        118160	2026-02-04 17:01:28	1	1	15	0
        110435	2026-02-04 17:01:33	1	1	15	0
        119206	2026-02-04 17:03:47	1	1	15	0
        118301	2026-02-04 17:03:56	1	1	15	0
        116690	2026-02-04 17:06:18	1	1	15	0
        119117	2026-02-04 17:08:47	1	1	1	0
        118760	2026-02-04 17:09:31	1	1	15	0
        118509	2026-02-04 17:11:47	1	1	15	0
        117518	2026-02-04 17:14:32	1	1	15	0
        118548	2026-02-04 17:19:20	1	1	15	0
        117185	2026-02-04 17:22:16	1	1	15	0
        117631	2026-02-04 17:24:52	1	1	15	0
        116192	2026-02-04 17:24:59	1	1	15	0
        117242	2026-02-04 17:25:32	1	1	1	0
        118406	2026-02-04 17:26:43	1	1	15	0
        117274	2026-02-04 17:26:51	1	1	15	0
        110429	2026-02-04 17:27:52	1	1	15	0
        110068	2026-02-04 17:28:46	1	1	1	0
        117656	2026-02-04 17:31:34	1	1	15	0
        117977	2026-02-04 17:33:10	1	1	15	0
        116152	2026-02-04 17:33:41	1	1	15	0
        116487	2026-02-04 17:35:00	1	1	15	0
        116263	2026-02-04 17:39:35	1	1	15	0
        116476	2026-02-04 17:39:48	1	1	15	0
        116096	2026-02-04 17:41:31	1	1	15	0
        116844	2026-02-04 17:41:43	1	1	15	0
        119406	2026-02-04 17:44:18	1	1	15	0
        116790	2026-02-04 17:47:51	1	1	15	0
        110188	2026-02-04 17:50:41	1	1	15	0
        119077	2026-02-04 17:53:30	1	1	15	0
        116202	2026-02-04 17:58:21	1	1	15	0
        118146	2026-02-04 17:58:36	1	1	15	0
        119393	2026-02-04 18:00:43	1	1	15	0
        119443	2026-02-04 18:00:47	1	1	15	0
        110064	2026-02-04 18:05:25	1	1	15	0
        119392	2026-02-04 18:05:54	1	1	15	0
        118083	2026-02-04 18:08:05	1	1	15	0
        116466	2026-02-04 18:14:45	1	1	1	0
        116434	2026-02-04 18:14:48	1	1	1	0
        116712	2026-02-04 18:16:08	1	1	15	0
        118585	2026-02-04 18:21:34	1	1	15	0
        118566	2026-02-04 18:30:14	1	1	15	0
        110124	2026-02-04 18:40:32	1	1	15	0
        110115	2026-02-04 18:40:38	1	1	15	0
        116738	2026-02-04 18:40:48	1	1	15	0
        118298	2026-02-04 18:40:53	1	1	1	0
        117727	2026-02-04 18:40:59	1	1	15	0
        116511	2026-02-04 18:41:02	1	1	15	0
        117687	2026-02-04 18:57:28	1	1	15	0
        116829	2026-02-04 19:08:54	1	1	15	0
        117090	2026-02-04 19:25:06	1	1	15	0
        118146	2026-02-05 06:21:54	1	0	15	0
        116466	2026-02-05 06:25:52	1	0	1	0
        118326	2026-02-05 06:42:25	1	0	15	0
        118160	2026-02-05 06:57:59	1	0	15	0
        116825	2026-02-05 07:00:55	1	0	15	0
        118406	2026-02-05 07:04:05	1	0	15	0
        116152	2026-02-05 07:07:08	1	0	15	0
        117185	2026-02-05 07:11:57	1	0	15	0
        116690	2026-02-05 07:19:32	1	0	15	0
        118301	2026-02-05 07:31:00	1	0	15	0
        116192	2026-02-05 07:31:58	1	0	15	0
        117631	2026-02-05 07:32:38	1	0	15	0
        116202	2026-02-05 07:39:22	1	0	15	0
        119206	2026-02-05 07:40:10	1	0	15	0
        110477	2026-02-05 07:40:18	1	0	15	0
        118585	2026-02-05 07:42:48	1	0	15	0
        110435	2026-02-05 07:46:04	1	0	15	0
        117656	2026-02-05 07:49:22	1	0	15	0
        117727	2026-02-05 07:53:27	1	0	15	0
        118509	2026-02-05 07:55:17	1	0	15	0
        119117	2026-02-05 07:57:22	1	0	1	0
        116953	2026-02-05 07:58:42	1	0	15	0
        110429	2026-02-05 07:59:53	1	0	15	0
        119393	2026-02-05 08:02:19	1	0	15	0
        117518	2026-02-05 08:02:24	1	0	15	0
        116844	2026-02-05 08:02:56	1	0	15	0
        118760	2026-02-05 08:04:40	1	0	15	0
        116790	2026-02-05 08:12:41	1	0	15	0
        110068	2026-02-05 08:13:59	1	0	1	0
        119406	2026-02-05 08:16:23	1	0	15	0
        110188	2026-02-05 08:17:38	1	0	15	0
        117092	2026-02-05 08:19:27	1	0	15	0
        116829	2026-02-05 08:24:04	1	0	15	0
        116096	2026-02-05 08:24:07	1	0	15	0
        118143	2026-02-05 08:25:52	1	0	15	0
        116712	2026-02-05 08:33:48	1	0	15	0
        118298	2026-02-05 08:35:11	1	0	1	0
        117687	2026-02-05 08:35:17	1	0	15	0
        110064	2026-02-05 08:36:37	1	0	15	0
        116511	2026-02-05 08:39:39	1	0	15	0
        110115	2026-02-05 08:41:51	1	0	15	0
        119443	2026-02-05 08:42:34	1	0	15	0
        118801	2026-02-05 08:43:52	1	0	15	0
        118398	2026-02-05 08:44:25	1	0	15	0
        116263	2026-02-05 08:44:28	1	0	15	0
        118398	2026-02-05 08:45:53	1	0	15	0
        116263	2026-02-05 08:45:57	1	0	15	0
        117090	2026-02-05 08:46:23	1	0	15	0
        117398	2026-02-05 08:47:59	1	0	15	0
        117977	2026-02-05 08:49:01	1	0	15	0
        110046	2026-02-05 08:51:05	1	0	15	0
        119077	2026-02-05 08:51:18	1	0	15	0
        116434	2026-02-05 08:55:13	1	0	1	0
        119392	2026-02-05 08:56:15	1	0	15	0
        118083	2026-02-05 08:57:06	1	0	15	0
        116476	2026-02-05 08:57:33	1	0	15	0
        116487	2026-02-05 08:58:05	1	0	15	0
        116738	2026-02-05 09:14:01	1	0	15	0
        117274	2026-02-05 09:21:56	1	0	15	0
        118566	2026-02-05 09:33:07	1	0	15	0
        116007	2026-02-05 09:42:19	1	0	1	0
        116825	2026-02-05 12:00:03	1	0	15	0
        110435	2026-02-05 12:00:11	1	0	15	0
        118760	2026-02-05 12:00:16	1	0	15	0
        116511	2026-02-05 12:01:08	1	2	15	0
        116690	2026-02-05 12:01:15	1	2	15	0
        118760	2026-02-05 12:02:17	1	2	15	0
        118160	2026-02-05 12:02:38	1	2	15	0
        116476	2026-02-05 12:02:44	1	2	15	0
        110064	2026-02-05 12:02:47	1	2	15	0
        117518	2026-02-05 12:03:16	1	2	15	0
        116829	2026-02-05 12:03:26	1	2	15	0
        117274	2026-02-05 12:03:29	1	2	15	0
        116738	2026-02-05 12:03:42	1	2	15	0
        118801	2026-02-05 12:03:47	1	2	15	0
        119117	2026-02-05 12:03:54	1	2	1	0
        110068	2026-02-05 12:03:57	1	2	1	0
        119077	2026-02-05 12:04:05	1	2	15	0
        116844	2026-02-05 12:04:08	1	2	15	0
        116690	2026-02-05 12:04:31	1	2	15	0
        116487	2026-02-05 12:04:36	1	2	15	0
        116829	2026-02-05 12:04:44	1	2	1	0
        116712	2026-02-05 12:04:51	1	2	15	0
        116152	2026-02-05 12:04:55	1	2	15	0
        116511	2026-02-05 12:05:01	1	2	15	0
        118160	2026-02-05 12:05:21	1	2	15	0
        110064	2026-02-05 12:05:28	1	2	15	0
        116825	2026-02-05 12:05:35	1	2	15	0
        110435	2026-02-05 12:05:39	1	2	15	0
        116096	2026-02-05 12:05:58	1	2	15	0
        117274	2026-02-05 12:06:06	1	2	15	0
        116070	2026-02-05 12:06:10	1	2	15	0
        118301	2026-02-05 12:06:16	1	2	15	0
        119393	2026-02-05 12:06:35	1	2	15	0
        116263	2026-02-05 12:06:40	1	2	15	0
        119443	2026-02-05 12:06:50	1	2	15	0
        118398	2026-02-05 12:07:08	1	2	15	0
        110046	2026-02-05 12:07:25	1	2	15	0
        119406	2026-02-05 12:07:52	1	2	15	0
        116192	2026-02-05 12:08:08	1	2	15	0
        117631	2026-02-05 12:08:17	1	2	15	0
        117090	2026-02-05 12:08:24	1	2	15	0
        117185	2026-02-05 12:08:28	1	2	15	0
        118406	2026-02-05 12:08:32	1	2	15	0
        116202	2026-02-05 12:08:40	1	2	15	0
        116152	2026-02-05 12:08:50	1	2	15	0
        110068	2026-02-05 12:08:54	1	2	1	0
        117518	2026-02-05 12:09:03	1	2	15	0
        116070	2026-02-05 12:09:08	1	2	15	0
        116096	2026-02-05 12:09:13	1	2	15	0
        118298	2026-02-05 12:09:16	1	2	1	0
        116434	2026-02-05 12:09:21	1	2	1	0
        117977	2026-02-05 12:10:37	1	2	15	0
        118326	2026-02-05 12:10:42	1	2	15	0
        119117	2026-02-05 12:11:07	1	2	1	0
        116712	2026-02-05 12:11:18	1	2	15	0
        119393	2026-02-05 12:11:21	1	2	15	0
        116202	2026-02-05 12:11:30	1	2	15	0
        119443	2026-02-05 12:11:36	1	2	15	0
        116263	2026-02-05 12:11:39	1	2	15	0
        118398	2026-02-05 12:11:45	1	2	15	0
        118509	2026-02-05 12:11:49	1	2	15	0
        119206	2026-02-05 12:11:53	1	2	15	0
        117090	2026-02-05 12:11:57	1	2	15	0
        116192	2026-02-05 12:12:02	1	2	15	0
        117631	2026-02-05 12:12:07	1	2	15	0
        116007	2026-02-05 12:12:10	1	2	1	0
        119406	2026-02-05 12:13:13	1	2	15	0
        117977	2026-02-05 12:13:41	1	2	15	0
        117727	2026-02-05 12:13:47	1	2	15	0
        117092	2026-02-05 12:14:16	1	2	15	0
        116738	2026-02-05 12:14:23	1	2	15	0
        118326	2026-02-05 12:14:45	1	2	15	0
        118509	2026-02-05 12:14:52	1	2	15	0
        119206	2026-02-05 12:14:58	1	2	15	0
        117656	2026-02-05 12:15:20	1	2	15	0
        110188	2026-02-05 12:15:23	1	2	15	0
        117092	2026-02-05 12:15:28	1	2	15	0
        118301	2026-02-05 12:16:25	1	2	15	0
        117687	2026-02-05 12:16:57	1	2	15	0
        116007	2026-02-05 12:17:33	1	2	1	0
        116434	2026-02-05 12:17:36	1	2	1	0
        118298	2026-02-05 12:17:41	1	2	1	0
        110429	2026-02-05 12:17:50	1	2	15	0
        117398	2026-02-05 12:18:09	1	2	15	0
        117656	2026-02-05 12:18:15	1	2	15	0
        110046	2026-02-05 12:18:22	1	2	15	0
        116953	2026-02-05 12:18:28	1	2	15	0
        110188	2026-02-05 12:18:32	1	2	15	0
        116790	2026-02-05 12:18:38	1	2	15	0
        118083	2026-02-05 12:18:48	1	2	15	0
        110477	2026-02-05 12:19:49	1	2	15	0
        116844	2026-02-05 12:23:22	1	2	15	0
        110477	2026-02-05 12:23:30	1	2	15	0
        118083	2026-02-05 12:23:35	1	2	15	0
        119077	2026-02-05 12:24:37	1	2	15	0
        116487	2026-02-05 12:24:52	1	2	15	0
        117398	2026-02-05 12:26:15	1	2	15	0
        116476	2026-02-05 12:31:08	1	3	15	0
        118407	2026-02-05 12:31:19	1	3	15	0
        118143	2026-02-05 12:32:37	1	3	15	0
        116790	2026-02-05 12:34:53	1	3	15	0
        116953	2026-02-05 12:35:06	1	3	15	0
        117687	2026-02-05 12:35:17	1	3	15	0
        118566	2026-02-05 12:38:22	1	3	15	0
        118143	2026-02-05 12:38:31	1	3	15	0
        118585	2026-02-05 12:39:14	1	3	15	0
        110115	2026-02-05 12:42:01	1	3	15	0
        118146	2026-02-05 12:42:06	1	3	15	0
        117185	2026-02-05 12:44:44	1	3	15	0
        118406	2026-02-05 12:44:49	1	3	15	0
        118801	2026-02-05 12:44:52	1	3	15	0
        110429	2026-02-05 12:46:21	1	3	15	0
        118146	2026-02-05 12:46:55	1	3	15	0
        118566	2026-02-05 12:48:48	1	3	15	0
        118585	2026-02-05 12:50:10	1	3	15	0
        110115	2026-02-05 12:50:46	1	3	15	0
        117727	2026-02-05 12:51:04	1	3	15	0
        119392	2026-02-05 12:52:46	1	3	15	0
        119392	2026-02-05 12:55:45	1	3	15	0
        116192	2026-02-05 13:21:40	1	3	15	0
        116690	2026-02-05 16:00:19	1	1	15	0
        116825	2026-02-05 16:11:15	1	1	15	0
        118326	2026-02-05 16:12:04	1	1	15	0
        118146	2026-02-05 16:17:08	1	1	15	0
        117185	2026-02-05 16:18:11	1	1	15	0
        118406	2026-02-05 16:33:10	1	1	15	0
        117398	2026-02-05 16:40:02	1	1	15	0
        116152	2026-02-05 16:43:48	1	1	15	0
        116712	2026-02-05 16:46:19	1	1	15	0
        117656	2026-02-05 16:51:07	1	1	15	0
        110477	2026-02-05 16:51:35	1	1	15	0
        110435	2026-02-05 17:02:09	1	1	15	0
        118160	2026-02-05 17:04:06	1	1	15	0
        118301	2026-02-05 17:05:06	1	1	15	0
        118760	2026-02-05 17:07:07	1	1	15	0
        119117	2026-02-05 17:08:42	1	1	1	0
        119206	2026-02-05 17:09:38	1	1	15	0
        118509	2026-02-05 17:11:22	1	1	15	0
        116953	2026-02-05 17:14:24	1	1	15	0
        110188	2026-02-05 17:17:21	1	1	15	0
        117092	2026-02-05 17:17:30	1	1	15	0
        117631	2026-02-05 17:18:45	1	1	15	0
        117092	2026-02-05 17:19:26	1	1	15	0
        119001	2026-02-05 17:21:19	1	1	15	0
        110068	2026-02-05 17:24:45	1	1	1	0
        116844	2026-02-05 17:25:54	1	1	15	0
        110064	2026-02-05 17:38:05	1	1	15	0
        110429	2026-02-05 17:39:37	1	1	15	0
        118298	2026-02-05 17:41:27	1	1	1	0
        118566	2026-02-05 17:43:23	1	1	15	0
        118801	2026-02-05 17:45:12	1	1	15	0
        118398	2026-02-05 17:53:19	1	1	15	0
        119393	2026-02-05 17:53:23	1	1	15	0
        119443	2026-02-05 17:53:27	1	1	15	0
        119077	2026-02-05 17:53:33	1	1	15	0
        116263	2026-02-05 17:53:40	1	1	15	0
        116790	2026-02-05 17:53:46	1	1	15	0
        117518	2026-02-05 17:54:33	1	1	15	0
        116202	2026-02-05 17:58:16	1	1	15	0
        116476	2026-02-05 17:58:32	1	1	15	0
        117977	2026-02-05 18:02:20	1	1	15	0
        110115	2026-02-05 18:05:28	1	1	15	0
        110046	2026-02-05 18:05:40	1	1	15	0
        118143	2026-02-05 18:06:35	1	1	15	0
        118566	2026-02-05 18:09:46	1	1	15	0
        116738	2026-02-05 18:19:04	1	1	15	0
        116511	2026-02-05 18:19:13	1	1	15	0
        117274	2026-02-05 18:19:16	1	1	15	0
        118407	2026-02-05 18:28:15	1	1	15	0
        117687	2026-02-05 18:31:45	1	1	15	0
        118585	2026-02-05 18:33:07	1	1	15	0
        116096	2026-02-05 18:34:03	1	1	15	0
        117727	2026-02-05 18:35:32	1	1	15	0
        116434	2026-02-05 18:35:37	1	1	1	0
        118083	2026-02-05 18:38:37	1	1	15	0
        119392	2026-02-05 18:39:52	1	1	15	0
        116487	2026-02-05 18:56:53	1	1	15	0
        116829	2026-02-05 19:36:28	1	1	15	0
        117090	2026-02-05 19:56:10	1	1	15	0
        119406	2026-02-05 20:03:13	1	1	15	0
        116007	2026-02-05 20:55:26	1	1	1	0
        118146	2026-02-06 06:27:28	1	0	15	0
        118406	2026-02-06 06:37:36	1	0	15	0
        118326	2026-02-06 06:41:07	1	0	15	0
        116953	2026-02-06 06:42:31	1	0	15	0
        118160	2026-02-06 06:56:33	1	0	15	0
        116202	2026-02-06 07:05:59	1	0	15	0
        110064	2026-02-06 07:11:21	1	0	15	0
        116690	2026-02-06 07:15:50	1	0	15	0
        118407	2026-02-06 07:17:30	1	0	15	0
        119206	2026-02-06 07:17:48	1	0	15	0
        118566	2026-02-06 07:19:32	1	0	15	0
        117185	2026-02-06 07:20:35	1	0	15	0
        118301	2026-02-06 07:24:44	1	0	15	0
        116825	2026-02-06 07:26:39	1	0	15	0
        117631	2026-02-06 07:31:45	1	0	15	0
        110115	2026-02-06 07:33:31	1	0	15	0
        110459	2026-02-06 07:40:55	1	0	15	0
        110477	2026-02-06 07:44:21	1	0	15	0
        117727	2026-02-06 07:48:57	1	0	15	0
        118509	2026-02-06 07:49:05	1	0	15	0
        118251	2026-02-06 07:50:37	1	0	1	0
        110435	2026-02-06 07:51:46	1	0	15	0
        118760	2026-02-06 07:53:40	1	0	15	0
        110429	2026-02-06 07:53:47	1	0	15	0
        117656	2026-02-06 07:53:51	1	0	15	0
        116007	2026-02-06 07:54:20	1	0	1	0
        117775	2026-02-06 07:55:40	1	0	15	0
        116844	2026-02-06 07:55:44	1	0	15	0
        119393	2026-02-06 07:56:14	1	0	15	0
        117518	2026-02-06 07:56:19	1	0	15	0
        119117	2026-02-06 07:56:41	1	0	1	0
        116192	2026-02-06 07:58:14	1	0	15	0
        116738	2026-02-06 08:01:47	1	0	15	0
        110124	2026-02-06 08:04:29	1	0	15	0
        110046	2026-02-06 08:05:15	1	0	15	0
        117092	2026-02-06 08:08:04	1	0	15	0
        118585	2026-02-06 08:16:31	1	0	15	0
        116790	2026-02-06 08:16:38	1	0	15	0
        118298	2026-02-06 08:19:09	1	0	1	0
        110188	2026-02-06 08:22:49	1	0	15	0
        116263	2026-02-06 08:23:15	1	0	15	0
        119077	2026-02-06 08:24:28	1	0	15	0
        118801	2026-02-06 08:26:56	1	0	15	0
        118143	2026-02-06 08:28:25	1	0	15	0
        116434	2026-02-06 08:29:50	1	0	1	0
        117398	2026-02-06 08:29:57	1	0	15	0
        116476	2026-02-06 08:31:56	1	0	15	0
        116466	2026-02-06 08:36:20	1	0	1	0
        119443	2026-02-06 08:37:01	1	0	15	0
        119406	2026-02-06 08:41:35	1	0	15	0
        117090	2026-02-06 08:42:00	1	0	15	0
        119376	2026-02-06 08:44:30	1	0	15	0
        117687	2026-02-06 08:46:23	1	0	15	0
        116829	2026-02-06 08:49:41	1	0	15	0
        119392	2026-02-06 08:49:49	1	0	15	0
        118398	2026-02-06 08:51:45	1	0	15	0
        118083	2026-02-06 08:53:18	1	0	15	0
        116487	2026-02-06 08:53:23	1	0	15	0
        117977	2026-02-06 08:56:59	1	0	15	0
        117274	2026-02-06 08:58:47	1	0	15	0
        116511	2026-02-06 09:03:13	1	0	15	0
        118801	2026-02-06 12:00:03	1	0	15	0
        117977	2026-02-06 12:00:07	1	0	15	0
        119206	2026-02-06 12:00:10	1	0	15	0
        116829	2026-02-06 12:00:16	1	0	15	0
        110435	2026-02-06 12:00:21	1	0	15	0
        118083	2026-02-06 12:00:29	1	0	15	0
        118760	2026-02-06 12:00:33	1	0	15	0
        118406	2026-02-06 12:00:41	1	0	15	0
        118298	2026-02-06 12:00:45	1	0	1	0
        117185	2026-02-06 12:00:51	1	2	15	0
        119376	2026-02-06 12:00:55	1	2	15	0
        117274	2026-02-06 12:01:03	1	2	15	0
        119393	2026-02-06 12:01:08	1	2	15	0
        118160	2026-02-06 12:01:12	1	2	15	0
        116263	2026-02-06 12:01:16	1	2	15	0
        119443	2026-02-06 12:01:21	1	2	15	0
        116825	2026-02-06 12:01:28	1	2	15	0
        116790	2026-02-06 12:01:36	1	2	15	0
        119117	2026-02-06 12:01:49	1	2	1	0
        116070	2026-02-06 12:02:01	1	2	1	0
        117687	2026-02-06 12:02:35	1	2	15	0
        118398	2026-02-06 12:02:41	1	2	15	0
        116466	2026-02-06 12:02:52	1	2	1	0
        117631	2026-02-06 12:02:59	1	2	15	0
        118760	2026-02-06 12:03:03	1	2	15	0
        117518	2026-02-06 12:03:08	1	2	15	0
        119206	2026-02-06 12:03:13	1	2	15	0
        118301	2026-02-06 12:04:05	1	2	15	0
        118509	2026-02-06 12:04:10	1	2	15	0
        110124	2026-02-06 12:04:40	1	2	15	0
        116007	2026-02-06 12:04:45	1	2	1	0
        110064	2026-02-06 12:04:54	1	2	15	0
        118160	2026-02-06 12:04:59	1	2	15	0
        119443	2026-02-06 12:05:08	1	2	15	0
        119393	2026-02-06 12:05:15	1	2	15	0
        116192	2026-02-06 12:05:20	1	2	15	0
        117090	2026-02-06 12:05:24	1	2	15	0
        118083	2026-02-06 12:05:30	1	2	15	0
        116263	2026-02-06 12:05:34	1	2	15	0
        119376	2026-02-06 12:05:38	1	2	15	0
        117631	2026-02-06 12:05:48	1	2	15	0
        117775	2026-02-06 12:05:52	1	2	15	0
        110435	2026-02-06 12:06:07	1	2	15	0
        118398	2026-02-06 12:06:32	1	2	15	0
        119117	2026-02-06 12:06:56	1	2	1	0
        117518	2026-02-06 12:07:06	1	2	15	0
        116690	2026-02-06 12:07:21	1	2	15	0
        116202	2026-02-06 12:07:30	1	2	15	0
        110064	2026-02-06 12:07:47	1	2	15	0
        118509	2026-02-06 12:07:51	1	2	15	0
        116192	2026-02-06 12:08:04	1	2	15	0
        117090	2026-02-06 12:08:11	1	2	15	0
        118143	2026-02-06 12:08:14	1	2	15	0
        110124	2026-02-06 12:08:41	1	2	15	0
        110477	2026-02-06 12:08:47	1	2	15	0
        118566	2026-02-06 12:08:51	1	2	15	0
        116511	2026-02-06 12:08:56	1	2	15	0
        118407	2026-02-06 12:09:01	1	2	15	0
        118801	2026-02-06 12:09:06	1	2	15	0
        117185	2026-02-06 12:09:09	1	2	15	0
        118143	2026-02-06 12:09:17	1	2	15	0
        116202	2026-02-06 12:09:25	1	2	15	0
        110046	2026-02-06 12:09:32	1	2	15	0
        116825	2026-02-06 12:09:35	1	2	15	0
        117398	2026-02-06 12:10:04	1	2	15	0
        117727	2026-02-06 12:10:21	1	2	15	0
        116738	2026-02-06 12:10:33	1	2	15	0
        116844	2026-02-06 12:11:06	1	2	15	0
        118585	2026-02-06 12:11:52	1	2	15	0
        117656	2026-02-06 12:12:14	1	2	15	0
        110188	2026-02-06 12:12:18	1	2	15	0
        110477	2026-02-06 12:12:25	1	2	15	0
        118585	2026-02-06 12:13:43	1	2	15	0
        116487	2026-02-06 12:14:57	1	2	15	0
        118298	2026-02-06 12:15:02	1	2	1	0
        116466	2026-02-06 12:15:09	1	2	1	0
        118566	2026-02-06 12:15:17	1	2	15	0
        118301	2026-02-06 12:16:01	1	2	15	0
        116487	2026-02-06 12:17:09	1	2	15	0
        118326	2026-02-06 12:25:20	1	2	15	0
        116476	2026-02-06 12:25:25	1	2	15	0
        118407	2026-02-06 12:25:30	1	2	15	0
        110429	2026-02-06 12:25:37	1	2	15	0
        118146	2026-02-06 12:25:54	1	2	15	0
        116844	2026-02-06 12:25:58	1	2	15	0
        117687	2026-02-06 12:26:05	1	2	15	0
        117274	2026-02-06 12:26:11	1	2	15	0
        116829	2026-02-06 12:26:15	1	2	1	0
        116070	2026-02-06 12:26:21	1	2	15	0
        116953	2026-02-06 12:30:13	1	2	15	0
        118326	2026-02-06 12:31:50	1	3	15	0
        110429	2026-02-06 12:32:05	1	3	15	0
        117977	2026-02-06 12:33:10	1	3	15	0
        119392	2026-02-06 12:33:26	1	3	15	0
        119392	2026-02-06 12:36:03	1	3	15	0
        117398	2026-02-06 12:36:25	1	3	15	0
        117775	2026-02-06 12:36:32	1	3	15	0
        117727	2026-02-06 12:37:42	1	3	15	0
        110046	2026-02-06 12:37:46	1	3	15	0
        116953	2026-02-06 12:38:04	1	3	15	0
        116738	2026-02-06 12:38:52	1	3	15	0
        116790	2026-02-06 12:39:21	1	3	15	0
        119406	2026-02-06 12:40:45	1	3	15	0
        117775	2026-02-06 12:40:55	1	3	15	0
        116476	2026-02-06 12:42:03	1	3	15	0
        118146	2026-02-06 12:42:10	1	3	15	0
        119406	2026-02-06 12:44:42	1	3	15	0
        110115	2026-02-06 12:44:53	1	3	15	0
        116511	2026-02-06 12:46:39	1	3	15	0
        119077	2026-02-06 12:46:52	1	3	15	0
        119077	2026-02-06 12:48:32	1	3	15	0
        116434	2026-02-06 12:49:40	1	3	1	0
        110115	2026-02-06 12:55:30	1	3	15	0
        116434	2026-02-06 12:55:35	1	3	1	0
        117092	2026-02-06 12:57:32	1	3	15	0
        117092	2026-02-06 12:58:36	1	3	15	0
        117090	2026-02-06 16:22:18	1	1	15	0
        119206	2026-02-06 16:33:52	1	1	15	0
        116825	2026-02-06 16:36:44	1	1	15	0
        118407	2026-02-06 17:00:03	1	1	15	0
        110435	2026-02-06 17:02:58	1	1	15	0
        119117	2026-02-06 17:03:55	1	1	1	0
        110429	2026-02-06 17:05:32	1	1	15	0
        118509	2026-02-06 17:09:45	1	1	15	0
        110188	2026-02-06 17:23:38	1	1	15	0
        117092	2026-02-06 17:24:45	1	1	15	0
        116790	2026-02-06 17:25:45	1	1	15	0
        117631	2026-02-06 17:26:38	1	1	15	0
        116192	2026-02-06 17:26:46	1	1	15	0
        116263	2026-02-06 17:28:20	1	1	15	0
        119376	2026-02-06 17:46:15	1	1	15	0
        117977	2026-02-06 17:58:02	1	1	15	0
        118398	2026-02-06 18:01:42	1	1	15	0
        118566	2026-02-06 18:03:24	1	1	15	0
        116487	2026-02-06 18:04:06	1	1	15	0
        118160	2026-02-06 18:14:58	1	1	15	0
        117518	2026-02-06 18:15:04	1	1	15	0
        119392	2026-02-06 18:15:42	1	1	15	0
        119406	2026-02-06 18:21:22	1	1	15	0
        116202	2026-02-06 18:21:29	1	1	15	0
        110124	2026-02-06 18:29:18	1	1	15	0
        117727	2026-02-06 18:29:27	1	1	15	0
        117775	2026-02-06 18:29:32	1	1	15	0
        116738	2026-02-06 18:29:39	1	1	15	0
        117687	2026-02-06 18:30:10	1	1	15	0
        118326	2026-02-06 18:35:22	1	1	15	0
        117656	2026-02-06 18:42:13	1	1	15	0
        118585	2026-02-06 19:04:42	1	1	15	0
        117274	2026-02-06 20:07:58	1	1	15	0
        117090	2026-02-07 10:09:54	1	0	15	0
        118548	2026-02-07 13:33:36	1	3	15	0
        118548	2026-02-07 17:45:33	1	1	15	0
        117090	2026-02-07 18:40:41	1	1	15	0
        118146	2026-02-09 06:06:49	1	0	15	0
        118548	2026-02-09 06:12:14	1	0	15	0
        116152	2026-02-09 06:28:59	1	0	15	0
        116953	2026-02-09 06:31:32	1	0	15	0
        110045	2026-02-09 06:31:36	1	0	15	0
        118160	2026-02-09 06:39:06	1	0	15	0
        118326	2026-02-09 06:39:17	1	0	15	0
        116509	2026-02-09 06:41:33	1	0	15	0
        117185	2026-02-09 07:04:51	1	0	15	0
        116466	2026-02-09 07:07:14	1	0	1	0
        110115	2026-02-09 07:16:03	1	0	15	0
        118407	2026-02-09 07:16:47	1	0	15	0
        118585	2026-02-09 07:17:14	1	0	15	0
        116202	2026-02-09 07:19:49	1	0	15	0
        119206	2026-02-09 07:21:02	1	0	15	0
        116825	2026-02-09 07:22:33	1	0	15	0
        116007	2026-02-09 07:26:21	1	0	1	0
        118760	2026-02-09 07:32:02	1	0	15	0
        110188	2026-02-09 07:32:05	1	0	15	0
        116192	2026-02-09 07:35:38	1	0	15	0
        118406	2026-02-09 07:36:09	1	0	15	0
        117727	2026-02-09 07:37:02	1	0	15	0
        110046	2026-02-09 07:38:48	1	0	15	0
        116790	2026-02-09 07:38:58	1	0	15	0
        110124	2026-02-09 07:40:00	1	0	15	0
        110064	2026-02-09 07:45:40	1	0	15	0
        118801	2026-02-09 07:45:43	1	0	15	0
        117631	2026-02-09 07:45:52	1	0	15	0
        117775	2026-02-09 07:45:57	1	0	15	0
        118301	2026-02-09 07:46:20	1	0	15	0
        110429	2026-02-09 07:46:33	1	0	15	0
        119393	2026-02-09 07:46:51	1	0	15	0
        117518	2026-02-09 07:46:58	1	0	15	0
        110459	2026-02-09 07:49:53	1	0	15	0
        110477	2026-02-09 07:49:58	1	0	15	0
        117242	2026-02-09 07:51:47	1	0	1	0
        119376	2026-02-09 07:51:58	1	0	15	0
        110435	2026-02-09 07:54:05	1	0	15	0
        116263	2026-02-09 07:54:12	1	0	15	0
        117977	2026-02-09 07:55:13	1	0	15	0
        116434	2026-02-09 07:55:34	1	0	1	0
        118143	2026-02-09 07:55:41	1	0	15	0
        116738	2026-02-09 07:56:00	1	0	15	0
        119443	2026-02-09 07:56:15	1	0	15	0
        119117	2026-02-09 07:57:37	1	0	1	0
        116487	2026-02-09 07:57:43	1	0	15	0
        116844	2026-02-09 07:59:57	1	0	15	0
        119406	2026-02-09 08:02:18	1	0	15	0
        118251	2026-02-09 08:04:59	1	0	1	0
        118298	2026-02-09 08:05:57	1	0	1	0
        118398	2026-02-09 08:06:29	1	0	15	0
        117656	2026-02-09 08:12:31	1	0	15	0
        119077	2026-02-09 08:15:43	1	0	15	0
        117090	2026-02-09 08:17:08	1	0	15	0
        116511	2026-02-09 08:26:23	1	0	15	0
        117398	2026-02-09 08:33:22	1	0	15	0
        116476	2026-02-09 08:37:06	1	0	15	0
        117687	2026-02-09 08:51:02	1	0	15	0
        119392	2026-02-09 08:54:59	1	0	15	0
        116829	2026-02-09 09:01:02	1	0	15	0
        118083	2026-02-09 09:19:35	1	0	15	0
        110435	2026-02-09 12:00:11	1	0	15	0
        117518	2026-02-09 12:00:22	1	0	15	0
        116263	2026-02-09 12:00:27	1	0	15	0
        119443	2026-02-09 12:00:33	1	0	15	0
        119117	2026-02-09 12:01:13	1	0	1	0
        116476	2026-02-09 12:01:20	1	2	15	0
        117185	2026-02-09 12:01:31	1	2	15	0
        118406	2026-02-09 12:01:35	1	2	15	0
        118251	2026-02-09 12:01:49	1	2	1	0
        116790	2026-02-09 12:02:05	1	2	15	0
        117398	2026-02-09 12:02:14	1	2	15	0
        118509	2026-02-09 12:02:22	1	2	15	0
        117242	2026-02-09 12:02:29	1	2	1	0
        118407	2026-02-09 12:02:35	1	2	15	0
        116466	2026-02-09 12:03:04	1	2	1	0
        110435	2026-02-09 12:03:11	1	2	15	0
        110045	2026-02-09 12:03:18	1	2	15	0
        110064	2026-02-09 12:03:49	1	2	15	0
        116825	2026-02-09 12:03:53	1	2	15	0
        116152	2026-02-09 12:03:58	1	2	15	0
        118548	2026-02-09 12:04:01	1	2	15	0
        118251	2026-02-09 12:04:25	1	2	1	0
        116263	2026-02-09 12:04:55	1	2	15	0
        117518	2026-02-09 12:05:00	1	2	15	0
        119443	2026-02-09 12:05:03	1	2	15	0
        116192	2026-02-09 12:05:39	1	2	15	0
        117631	2026-02-09 12:05:43	1	2	15	0
        117090	2026-02-09 12:05:47	1	2	15	0
        119406	2026-02-09 12:05:55	1	2	15	0
        118509	2026-02-09 12:06:16	1	2	15	0
        118160	2026-02-09 12:06:21	1	2	15	0
        119117	2026-02-09 12:06:30	1	2	1	0
        110459	2026-02-09 12:06:38	1	2	15	0
        117775	2026-02-09 12:06:47	1	2	15	0
        117092	2026-02-09 12:06:56	1	2	15	0
        116152	2026-02-09 12:07:20	1	2	15	0
        118548	2026-02-09 12:07:24	1	2	15	0
        118301	2026-02-09 12:07:34	1	2	15	0
        117398	2026-02-09 12:07:42	1	2	15	0
        118398	2026-02-09 12:07:45	1	2	15	0
        116509	2026-02-09 12:08:01	1	2	15	0
        116434	2026-02-09 12:08:06	1	2	1	0
        118326	2026-02-09 12:08:21	1	2	15	0
        116007	2026-02-09 12:08:33	1	2	1	0
        117090	2026-02-09 12:08:39	1	2	15	0
        117631	2026-02-09 12:08:43	1	2	15	0
        116192	2026-02-09 12:08:48	1	2	15	0
        110045	2026-02-09 12:08:55	1	2	15	0
        119393	2026-02-09 12:09:00	1	2	15	0
        118160	2026-02-09 12:09:13	1	2	15	0
        116825	2026-02-09 12:09:17	1	2	15	0
        118298	2026-02-09 12:09:21	1	2	1	0
        118801	2026-02-09 12:09:56	1	2	15	0
        118083	2026-02-09 12:10:01	1	2	15	0
        116466	2026-02-09 12:10:14	1	2	1	0
        110064	2026-02-09 12:10:24	1	2	15	0
        117727	2026-02-09 12:10:56	1	2	15	0
        119393	2026-02-09 12:11:12	1	2	15	0
        116487	2026-02-09 12:11:19	1	2	15	0
        116738	2026-02-09 12:11:23	1	2	15	0
        118801	2026-02-09 12:11:29	1	2	15	0
        117775	2026-02-09 12:11:44	1	2	15	0
        110429	2026-02-09 12:12:01	1	2	15	0
        116096	2026-02-09 12:12:48	1	2	15	0
        116829	2026-02-09 12:12:51	1	2	1	0
        116070	2026-02-09 12:13:05	1	2	15	0
        118143	2026-02-09 12:13:25	1	2	15	0
        119406	2026-02-09 12:13:31	1	2	15	0
        118398	2026-02-09 12:13:50	1	2	15	0
        116487	2026-02-09 12:13:55	1	2	15	0
        118760	2026-02-09 12:13:59	1	2	15	0
        119206	2026-02-09 12:14:23	1	2	15	0
        118301	2026-02-09 12:15:17	1	2	15	0
        116511	2026-02-09 12:16:19	1	2	15	0
        116070	2026-02-09 12:16:23	1	2	1	0
        118083	2026-02-09 12:16:29	1	2	15	0
        116096	2026-02-09 12:16:32	1	2	15	0
        116829	2026-02-09 12:16:36	1	2	15	0
        110477	2026-02-09 12:16:44	1	2	15	0
        118143	2026-02-09 12:16:49	1	2	15	0
        110459	2026-02-09 12:17:04	1	2	15	0
        117092	2026-02-09 12:17:10	1	2	15	0
        118146	2026-02-09 12:17:14	1	2	15	0
        119206	2026-02-09 12:17:23	1	2	15	0
        110115	2026-02-09 12:17:34	1	2	15	0
        116844	2026-02-09 12:18:08	1	2	15	0
        116476	2026-02-09 12:18:44	1	2	15	0
        118585	2026-02-09 12:20:34	1	2	15	0
        117656	2026-02-09 12:20:55	1	2	15	0
        110188	2026-02-09 12:20:59	1	2	15	0
        117242	2026-02-09 12:21:31	1	2	1	0
        110046	2026-02-09 12:21:38	1	2	15	0
        118566	2026-02-09 12:23:22	1	2	15	0
        118585	2026-02-09 12:25:10	1	2	15	0
        116953	2026-02-09 12:26:27	1	2	15	0
        116790	2026-02-09 12:26:31	1	2	15	0
        118407	2026-02-09 12:26:37	1	2	15	0
        110046	2026-02-09 12:26:52	1	2	15	0
        110115	2026-02-09 12:27:02	1	2	15	0
        118566	2026-02-09 12:27:07	1	2	15	0
        110477	2026-02-09 12:29:09	1	2	15	0
        116953	2026-02-09 12:30:09	1	3	15	0
        118406	2026-02-09 12:30:19	1	3	15	0
        110188	2026-02-09 12:31:48	1	3	15	0
        117656	2026-02-09 12:31:51	1	3	15	0
        116844	2026-02-09 12:32:01	1	3	15	0
        118760	2026-02-09 12:32:06	1	3	15	0
        118326	2026-02-09 12:33:47	1	3	15	0
        118146	2026-02-09 12:40:13	1	3	15	0
        116202	2026-02-09 12:43:29	1	3	15	0
        110124	2026-02-09 12:43:43	1	3	15	0
        119077	2026-02-09 12:45:53	1	3	15	0
        117185	2026-02-09 12:47:02	1	3	15	0
        116007	2026-02-09 12:47:09	1	3	1	0
        116509	2026-02-09 12:47:15	1	3	15	0
        116434	2026-02-09 12:47:19	1	3	1	0
        110429	2026-02-09 12:47:44	1	3	15	0
        116202	2026-02-09 12:47:48	1	3	15	0
        117727	2026-02-09 12:48:02	1	3	15	0
        116738	2026-02-09 12:48:06	1	3	15	0
        116511	2026-02-09 12:48:11	1	3	15	0
        118298	2026-02-09 12:48:32	1	3	1	0
        119077	2026-02-09 12:49:11	1	3	15	0
        110124	2026-02-09 12:49:59	1	3	15	0
        119376	2026-02-09 12:50:37	1	3	15	0
        119376	2026-02-09 12:52:11	1	3	15	0
        119392	2026-02-09 12:56:35	1	3	15	0
        119392	2026-02-09 12:59:55	1	3	15	0
        110459	2026-02-09 17:00:54	1	1	15	0
        110477	2026-02-09 17:01:18	1	1	15	0
        119206	2026-02-09 17:01:33	1	1	15	0
        118301	2026-02-09 17:03:20	1	1	15	0
        116953	2026-02-09 17:03:25	1	1	15	0
        118160	2026-02-09 17:03:29	1	1	15	0
        110435	2026-02-09 17:05:19	1	1	15	0
        117185	2026-02-09 17:05:50	1	1	15	0
        116825	2026-02-09 17:06:31	1	1	15	0
        119376	2026-02-09 17:07:14	1	1	15	0
        119077	2026-02-09 17:07:33	1	1	15	0
        118801	2026-02-09 17:07:50	1	1	15	0
        116509	2026-02-09 17:08:09	1	1	15	0
        118509	2026-02-09 17:08:15	1	1	15	0
        110045	2026-02-09 17:09:10	1	1	15	0
        117090	2026-02-09 17:09:27	1	1	15	0
        117631	2026-02-09 17:09:42	1	1	15	0
        116192	2026-02-09 17:09:48	1	1	15	0
        116263	2026-02-09 17:09:53	1	1	15	0
        118398	2026-02-09 17:09:58	1	1	15	0
        117398	2026-02-09 17:11:25	1	1	15	0
        116476	2026-02-09 17:12:14	1	1	15	0
        117977	2026-02-09 17:13:01	1	1	15	0
        110188	2026-02-09 17:13:16	1	1	15	0
        119406	2026-02-09 17:13:41	1	1	15	0
        116152	2026-02-09 17:13:45	1	1	15	0
        118326	2026-02-09 17:14:58	1	1	15	0
        117656	2026-02-09 17:15:09	1	1	15	0
        118760	2026-02-09 17:16:04	1	1	15	0
        110429	2026-02-09 17:16:37	1	1	15	0
        116487	2026-02-09 17:16:55	1	1	15	0
        117242	2026-02-09 17:17:29	1	1	1	0
        118251	2026-02-09 17:17:39	1	1	1	0
        119393	2026-02-09 17:17:59	1	1	15	0
        119443	2026-02-09 17:18:04	1	1	15	0
        117518	2026-02-09 17:18:11	1	1	15	0
        118146	2026-02-09 17:21:07	1	1	15	0
        118407	2026-02-09 17:21:11	1	1	15	0
        118083	2026-02-09 17:22:18	1	1	15	0
        116096	2026-02-09 17:23:30	1	1	15	0
        116007	2026-02-09 17:24:58	1	1	1	0
        116790	2026-02-09 17:27:30	1	1	15	0
        116511	2026-02-09 17:29:46	1	1	15	0
        117092	2026-02-09 17:33:25	1	1	15	0
        110046	2026-02-09 17:38:01	1	1	15	0
        119117	2026-02-09 17:39:04	1	1	1	0
        110115	2026-02-09 17:40:16	1	1	15	0
        110064	2026-02-09 17:41:16	1	1	15	0
        116844	2026-02-09 17:41:52	1	1	15	0
        117727	2026-02-09 17:43:28	1	1	15	0
        116434	2026-02-09 17:43:34	1	1	1	0
        118406	2026-02-09 17:50:47	1	1	15	0
        118143	2026-02-09 18:00:10	1	1	15	0
        118298	2026-02-09 18:02:48	1	1	1	0
        118585	2026-02-09 18:07:33	1	1	15	0
        116466	2026-02-09 18:08:05	1	1	1	0
        116202	2026-02-09 18:11:36	1	1	15	0
        116738	2026-02-09 18:12:40	1	1	15	0
        118566	2026-02-09 18:17:30	1	1	15	0
        117687	2026-02-09 18:24:09	1	1	15	0
        119392	2026-02-09 18:36:15	1	1	15	0
        110124	2026-02-09 18:45:10	1	1	15	0
        117775	2026-02-09 18:45:16	1	1	15	0
        116829	2026-02-09 19:01:01	1	1	15	0
        118548	2026-02-09 19:21:22	1	1	15	0
        118548	2026-02-10 06:02:38	1	0	15	0
        118146	2026-02-10 06:27:07	1	0	15	0
        116953	2026-02-10 06:36:16	1	0	15	0
        118160	2026-02-10 06:42:01	1	0	15	0
        116152	2026-02-10 06:45:37	1	0	15	0
        118326	2026-02-10 06:46:41	1	0	15	0
        116509	2026-02-10 06:47:10	1	0	15	0
        117185	2026-02-10 07:00:28	1	0	15	0
        118406	2026-02-10 07:00:52	1	0	15	0
        118585	2026-02-10 07:01:45	1	0	15	0
        110046	2026-02-10 07:11:56	1	0	15	0
        117631	2026-02-10 07:12:22	1	0	15	0
        116790	2026-02-10 07:23:51	1	0	15	0
        116825	2026-02-10 07:24:35	1	0	15	0
        116829	2026-02-10 07:28:40	1	0	15	0
        116192	2026-02-10 07:29:59	1	0	15	0
        118251	2026-02-10 07:30:56	1	0	15	0
        116466	2026-02-10 07:32:22	1	0	1	0
        110477	2026-02-10 07:35:01	1	0	15	0
        110435	2026-02-10 07:43:56	1	0	15	0
        110459	2026-02-10 07:44:20	1	0	15	0
        117398	2026-02-10 07:46:34	1	0	15	0
        118301	2026-02-10 07:47:43	1	0	15	0
        118509	2026-02-10 07:49:23	1	0	15	0
        110429	2026-02-10 07:50:40	1	0	15	0
        119117	2026-02-10 07:51:32	1	0	1	0
        119393	2026-02-10 07:51:38	1	0	15	0
        117518	2026-02-10 07:51:43	1	0	15	0
        110115	2026-02-10 07:52:53	1	0	15	0
        110124	2026-02-10 07:53:02	1	0	15	0
        117656	2026-02-10 07:53:54	1	0	15	0
        118760	2026-02-10 07:54:01	1	0	15	0
        117092	2026-02-10 07:55:38	1	0	15	0
        116844	2026-02-10 07:59:02	1	0	15	0
        116202	2026-02-10 08:00:30	1	0	15	0
        117242	2026-02-10 08:01:46	1	0	1	0
        118143	2026-02-10 08:02:17	1	0	15	0
        110064	2026-02-10 08:05:08	1	0	15	0
        119206	2026-02-10 08:05:30	1	0	15	0
        117727	2026-02-10 08:05:41	1	0	15	0
        116487	2026-02-10 08:06:19	1	0	15	0
        118298	2026-02-10 08:09:28	1	0	1	0
        116096	2026-02-10 08:11:50	1	0	15	0
        116007	2026-02-10 08:14:35	1	0	1	0
        118566	2026-02-10 08:16:01	1	0	15	0
        110188	2026-02-10 08:21:06	1	0	15	0
        110045	2026-02-10 08:22:07	1	0	15	0
        118801	2026-02-10 08:24:09	1	0	15	0
        116263	2026-02-10 08:26:26	1	0	15	0
        119443	2026-02-10 08:28:49	1	0	15	0
        116434	2026-02-10 08:32:20	1	0	1	0
        110068	2026-02-10 08:39:10	1	0	1	0
        119406	2026-02-10 08:41:56	1	0	15	0
        119376	2026-02-10 08:48:46	1	0	15	0
        116738	2026-02-10 08:51:34	1	0	15	0
        118083	2026-02-10 08:52:46	1	0	15	0
        117274	2026-02-10 08:54:53	1	0	15	0
        118407	2026-02-10 08:55:18	1	0	15	0
        119392	2026-02-10 08:59:37	1	0	15	0
        117090	2026-02-10 09:04:28	1	0	15	0
        116476	2026-02-10 09:10:25	1	0	15	0
        110435	2026-02-10 12:00:04	1	0	15	0
        110459	2026-02-10 12:00:07	1	0	15	0
        117775	2026-02-10 12:00:12	1	0	15	0
        118298	2026-02-10 12:00:29	1	0	1	0
        117090	2026-02-10 12:00:39	1	2	15	0
        116202	2026-02-10 12:01:06	1	2	15	0
        118301	2026-02-10 12:01:19	1	2	15	0
        119117	2026-02-10 12:01:23	1	2	1	0
        116509	2026-02-10 12:01:29	1	2	15	0
        110068	2026-02-10 12:01:33	1	2	1	0
        118160	2026-02-10 12:01:39	1	2	15	0
        117398	2026-02-10 12:01:58	1	2	15	0
        116192	2026-02-10 12:02:02	1	2	15	0
        117631	2026-02-10 12:02:04	1	2	15	0
        118298	2026-02-10 12:02:08	1	2	1	0
        117775	2026-02-10 12:02:14	1	2	15	0
        118407	2026-02-10 12:02:17	1	2	15	0
        116096	2026-02-10 12:02:20	1	2	15	0
        116434	2026-02-10 12:02:49	1	2	1	0
        110045	2026-02-10 12:02:57	1	2	15	0
        110115	2026-02-10 12:03:04	1	2	15	0
        118146	2026-02-10 12:03:08	1	2	15	0
        110435	2026-02-10 12:03:13	1	2	15	0
        110064	2026-02-10 12:03:19	1	2	15	0
        110429	2026-02-10 12:03:25	1	2	15	0
        118083	2026-02-10 12:03:29	1	2	15	0
        119376	2026-02-10 12:03:38	1	2	15	0
        117092	2026-02-10 12:03:45	1	2	15	0
        117090	2026-02-10 12:04:07	1	2	15	0
        118160	2026-02-10 12:04:11	1	2	15	0
        118143	2026-02-10 12:04:24	1	2	15	0
        116096	2026-02-10 12:04:29	1	2	15	0
        119406	2026-02-10 12:04:38	1	2	15	0
        118548	2026-02-10 12:04:41	1	2	15	0
        116192	2026-02-10 12:04:50	1	2	15	0
        116202	2026-02-10 12:04:57	1	2	15	0
        117631	2026-02-10 12:05:11	1	2	15	0
        117092	2026-02-10 12:06:25	1	2	15	0
        117518	2026-02-10 12:06:34	1	2	15	0
        119393	2026-02-10 12:06:42	1	2	15	0
        118251	2026-02-10 12:06:47	1	2	1	0
        116263	2026-02-10 12:06:53	1	2	15	0
        119443	2026-02-10 12:06:57	1	2	15	0
        116152	2026-02-10 12:07:07	1	2	15	0
        110046	2026-02-10 12:07:12	1	2	15	0
        110064	2026-02-10 12:07:18	1	2	15	0
        119206	2026-02-10 12:07:24	1	2	15	0
        117398	2026-02-10 12:07:30	1	2	15	0
        118301	2026-02-10 12:07:35	1	2	15	0
        116829	2026-02-10 12:07:40	1	2	15	0
        117274	2026-02-10 12:07:44	1	2	15	0
        116844	2026-02-10 12:07:55	1	2	15	0
        118143	2026-02-10 12:08:14	1	2	15	0
        119117	2026-02-10 12:08:25	1	2	1	0
        118548	2026-02-10 12:08:31	1	2	15	0
        110068	2026-02-10 12:08:38	1	2	1	0
        118509	2026-02-10 12:09:00	1	2	15	0
        116476	2026-02-10 12:09:08	1	2	15	0
        119406	2026-02-10 12:09:13	1	2	15	0
        116829	2026-02-10 12:09:21	1	2	15	0
        117274	2026-02-10 12:09:28	1	2	15	0
        116007	2026-02-10 12:09:36	1	2	1	0
        118566	2026-02-10 12:10:13	1	2	15	0
        119393	2026-02-10 12:10:50	1	2	15	0
        110046	2026-02-10 12:10:57	1	2	15	0
        117518	2026-02-10 12:11:02	1	2	15	0
        118251	2026-02-10 12:11:10	1	2	1	0
        119443	2026-02-10 12:11:16	1	2	15	0
        118083	2026-02-10 12:11:19	1	2	15	0
        119376	2026-02-10 12:11:25	1	2	15	0
        116152	2026-02-10 12:11:31	1	2	15	0
        119206	2026-02-10 12:11:35	1	2	15	0
        118509	2026-02-10 12:11:38	1	2	15	0
        110045	2026-02-10 12:11:43	1	2	15	0
        116844	2026-02-10 12:11:49	1	2	15	0
        110115	2026-02-10 12:12:16	1	2	15	0
        117656	2026-02-10 12:12:27	1	2	15	0
        110188	2026-02-10 12:12:32	1	2	15	0
        118760	2026-02-10 12:12:49	1	2	15	0
        116790	2026-02-10 12:14:24	1	2	15	0
        110477	2026-02-10 12:14:29	1	2	15	0
        116007	2026-02-10 12:14:33	1	2	1	0
        110459	2026-02-10 12:14:40	1	2	15	0
        116476	2026-02-10 12:15:35	1	2	15	0
        116487	2026-02-10 12:15:40	1	2	15	0
        117242	2026-02-10 12:15:51	1	2	1	0
        118760	2026-02-10 12:16:13	1	2	15	0
        110188	2026-02-10 12:16:32	1	2	15	0
        117656	2026-02-10 12:16:35	1	2	15	0
        116825	2026-02-10 12:16:59	1	2	15	0
        117185	2026-02-10 12:17:52	1	2	15	0
        118801	2026-02-10 12:17:55	1	2	15	0
        118406	2026-02-10 12:18:17	1	2	15	0
        118407	2026-02-10 12:18:21	1	2	15	0
        116487	2026-02-10 12:18:37	1	2	15	0
        116790	2026-02-10 12:18:49	1	2	15	0
        110477	2026-02-10 12:18:54	1	2	15	0
        116509	2026-02-10 12:19:01	1	2	15	0
        116953	2026-02-10 12:19:15	1	2	15	0
        110429	2026-02-10 12:19:36	1	2	15	0
        117242	2026-02-10 12:21:54	1	2	1	0
        118585	2026-02-10 12:22:37	1	2	15	0
        116825	2026-02-10 12:23:06	1	2	15	0
        118585	2026-02-10 12:24:05	1	2	15	0
        116434	2026-02-10 12:25:07	1	2	1	0
        118326	2026-02-10 12:25:50	1	2	15	0
        116953	2026-02-10 12:26:23	1	2	15	0
        116738	2026-02-10 12:26:25	1	2	15	0
        117727	2026-02-10 12:26:36	1	2	15	0
        116511	2026-02-10 12:31:06	1	3	15	0
        116738	2026-02-10 12:32:26	1	3	15	0
        118801	2026-02-10 12:32:29	1	3	15	0
        119392	2026-02-10 12:36:22	1	3	15	0
        118326	2026-02-10 12:38:00	1	3	15	0
        118146	2026-02-10 12:38:11	1	3	15	0
        119392	2026-02-10 12:39:17	1	3	15	0
        117727	2026-02-10 12:43:59	1	3	15	0
        117185	2026-02-10 12:44:06	1	3	15	0
        118406	2026-02-10 12:44:19	1	3	15	0
        118566	2026-02-10 12:46:18	1	3	15	0
        118251	2026-02-10 14:03:59	1	3	1	0
        119443	2026-02-10 14:04:05	1	3	15	0
        110045	2026-02-10 16:06:21	1	1	15	0
        116953	2026-02-10 16:06:53	1	1	15	0
        118406	2026-02-10 16:13:30	1	1	15	0
        117185	2026-02-10 16:13:35	1	1	15	0
        116509	2026-02-10 16:17:01	1	1	15	0
        118326	2026-02-10 16:18:03	1	1	15	0
        116825	2026-02-10 16:32:23	1	1	15	0
        116152	2026-02-10 16:32:30	1	1	15	0
        116790	2026-02-10 16:34:27	1	1	15	0
        110477	2026-02-10 16:39:36	1	1	15	0
        118160	2026-02-10 16:44:31	1	1	15	0
        110459	2026-02-10 17:01:46	1	1	15	0
        118301	2026-02-10 17:02:00	1	1	15	0
        110435	2026-02-10 17:04:07	1	1	15	0
        118760	2026-02-10 17:05:31	1	1	15	0
        117092	2026-02-10 17:05:54	1	1	15	0
        119206	2026-02-10 17:06:16	1	1	15	0
        116487	2026-02-10 17:06:24	1	1	15	0
        116511	2026-02-10 17:09:26	1	1	15	0
        117242	2026-02-10 17:10:49	1	1	1	0
        110429	2026-02-10 17:12:31	1	1	15	0
        118509	2026-02-10 17:13:07	1	1	15	0
        119117	2026-02-10 17:14:53	1	1	1	0
        118146	2026-02-10 17:22:52	1	1	15	0
        118143	2026-02-10 17:22:57	1	1	15	0
        119393	2026-02-10 17:23:05	1	1	15	0
        119406	2026-02-10 17:23:38	1	1	15	0
        119376	2026-02-10 17:24:07	1	1	15	0
        117631	2026-02-10 17:25:01	1	1	15	0
        116192	2026-02-10 17:25:14	1	1	15	0
        117398	2026-02-10 17:29:12	1	1	15	0
        118083	2026-02-10 17:34:12	1	1	15	0
        110064	2026-02-10 17:37:33	1	1	15	0
        118083	2026-02-10 17:38:33	1	1	15	0
        118801	2026-02-10 17:42:24	1	1	15	0
        110046	2026-02-10 17:43:03	1	1	15	0
        110188	2026-02-10 17:44:43	1	1	15	0
        117656	2026-02-10 17:48:45	1	1	15	0
        116466	2026-02-10 17:49:20	1	1	1	0
        118298	2026-02-10 17:58:59	1	1	1	0
        116096	2026-02-10 17:59:05	1	1	15	0
        116829	2026-02-10 17:59:10	1	1	1	0
        116070	2026-02-10 18:00:05	1	1	15	0
        116476	2026-02-10 18:00:16	1	1	15	0
        118585	2026-02-10 18:05:24	1	1	15	0
        116844	2026-02-10 18:06:58	1	1	15	0
        119392	2026-02-10 18:23:32	1	1	15	0
        116738	2026-02-10 18:29:34	1	1	15	0
        116202	2026-02-10 18:46:13	1	1	15	0
        118566	2026-02-10 18:51:45	1	1	15	0
        118407	2026-02-10 18:52:33	1	1	15	0
        117274	2026-02-10 18:55:24	1	1	15	0
        110124	2026-02-10 18:58:34	1	1	15	0
        117775	2026-02-10 18:58:42	1	1	15	0
        117727	2026-02-10 18:58:48	1	1	15	0
        110115	2026-02-10 18:59:42	1	1	15	0
        116007	2026-02-10 19:47:13	1	1	1	0
        110068	2026-02-10 19:49:18	1	1	1	0
        118548	2026-02-10 19:49:22	1	1	15	0
        117090	2026-02-10 20:55:50	1	1	15	0
        117518	2026-02-10 20:55:56	1	1	15	0
        118548	2026-02-11 06:03:31	1	0	15	0
        118146	2026-02-11 06:21:24	1	0	15	0
        116152	2026-02-11 06:27:12	1	0	15	0
        118160	2026-02-11 06:39:46	1	0	15	0
        118326	2026-02-11 06:46:51	1	0	15	0
        116953	2026-02-11 06:46:55	1	0	15	0
        110045	2026-02-11 06:54:30	1	0	15	0
        116509	2026-02-11 06:56:27	1	0	15	0
        118406	2026-02-11 07:00:25	1	0	15	0
        110046	2026-02-11 07:05:42	1	0	15	0
        116202	2026-02-11 07:06:06	1	0	15	0
        117185	2026-02-11 07:08:02	1	0	15	0
        110459	2026-02-11 07:09:11	1	0	15	0
        116790	2026-02-11 07:14:20	1	0	15	0
        118585	2026-02-11 07:14:57	1	0	15	0
        118301	2026-02-11 07:16:47	1	0	15	0
        110477	2026-02-11 07:17:15	1	0	15	0
        116825	2026-02-11 07:25:26	1	0	15	0
        118760	2026-02-11 07:25:53	1	0	15	0
        116192	2026-02-11 07:33:46	1	0	15	0
        117631	2026-02-11 07:36:05	1	0	15	0
        110435	2026-02-11 07:44:15	1	0	15	0
        119206	2026-02-11 07:45:22	1	0	15	0
        117092	2026-02-11 07:49:23	1	0	15	0
        110429	2026-02-11 07:53:29	1	0	15	0
        110064	2026-02-11 07:53:56	1	0	15	0
        117518	2026-02-11 07:55:03	1	0	15	0
        118509	2026-02-11 07:56:18	1	0	15	0
        119117	2026-02-11 07:57:37	1	0	1	0
        117656	2026-02-11 07:58:18	1	0	15	0
        110115	2026-02-11 08:01:49	1	0	15	0
        110124	2026-02-11 08:01:53	1	0	15	0
        117727	2026-02-11 08:02:25	1	0	15	0
        116844	2026-02-11 08:02:33	1	0	15	0
        117242	2026-02-11 08:07:09	1	0	1	0
        118143	2026-02-11 08:07:36	1	0	15	0
        117775	2026-02-11 08:07:49	1	0	15	0
        110068	2026-02-11 08:10:07	1	0	1	0
        118251	2026-02-11 08:10:13	1	0	1	0
        116096	2026-02-11 08:10:19	1	0	15	0
        117398	2026-02-11 08:15:24	1	0	15	0
        119393	2026-02-11 08:17:34	1	0	15	0
        116466	2026-02-11 08:19:13	1	0	1	0
        116434	2026-02-11 08:23:40	1	0	1	0
        117274	2026-02-11 08:23:46	1	0	15	0
        118566	2026-02-11 08:28:28	1	0	15	0
        110188	2026-02-11 08:30:10	1	0	15	0
        116738	2026-02-11 08:30:57	1	0	15	0
        116511	2026-02-11 08:31:59	1	0	15	0
        119443	2026-02-11 08:32:53	1	0	15	0
        119406	2026-02-11 08:33:33	1	0	15	0
        117090	2026-02-11 08:33:49	1	0	15	0
        118298	2026-02-11 08:36:00	1	0	1	0
        119376	2026-02-11 08:40:17	1	0	15	0
        119392	2026-02-11 08:42:07	1	0	15	0
        119077	2026-02-11 08:44:35	1	0	15	0
        116263	2026-02-11 08:47:10	1	0	15	0
        116476	2026-02-11 08:48:16	1	0	15	0
        118398	2026-02-11 08:53:09	1	0	15	0
        118083	2026-02-11 08:55:36	1	0	15	0
        116829	2026-02-11 08:58:36	1	0	15	0
        116487	2026-02-11 08:59:51	1	0	15	0
        119392	2026-02-11 11:58:48	1	0	15	0
        117631	2026-02-11 12:00:02	1	0	15	0
        110045	2026-02-11 12:00:08	1	0	15	0
        117090	2026-02-11 12:00:13	1	0	15	0
        116192	2026-02-11 12:00:16	1	0	15	0
        110435	2026-02-11 12:00:20	1	0	15	0
        119392	2026-02-11 12:00:32	1	0	15	0
        110064	2026-02-11 12:00:53	1	0	15	0
        116152	2026-02-11 12:00:57	1	0	15	0
        118548	2026-02-11 12:01:01	1	0	15	0
        110068	2026-02-11 12:01:06	1	0	1	0
        119206	2026-02-11 12:01:12	1	2	15	0
        118160	2026-02-11 12:01:15	1	2	15	0
        119117	2026-02-11 12:01:24	1	2	1	0
        119376	2026-02-11 12:01:30	1	2	15	0
        117775	2026-02-11 12:02:04	1	2	15	0
        116096	2026-02-11 12:02:37	1	2	15	0
        116829	2026-02-11 12:02:43	1	2	15	0
        118326	2026-02-11 12:02:52	1	2	15	0
        119392	2026-02-11 12:03:09	1	2	15	0
        110435	2026-02-11 12:03:15	1	2	15	0
        117398	2026-02-11 12:03:27	1	2	15	0
        110046	2026-02-11 12:03:47	1	2	15	0
        117274	2026-02-11 12:03:53	1	2	15	0
        118160	2026-02-11 12:04:09	1	2	15	0
        117631	2026-02-11 12:04:17	1	2	15	0
        116152	2026-02-11 12:04:20	1	2	15	0
        116192	2026-02-11 12:04:29	1	2	15	0
        119376	2026-02-11 12:04:33	1	2	15	0
        117090	2026-02-11 12:04:37	1	2	15	0
        119206	2026-02-11 12:04:41	1	2	15	0
        110068	2026-02-11 12:04:44	1	2	1	0
        118548	2026-02-11 12:04:50	1	2	15	0
        118407	2026-02-11 12:04:58	1	2	15	0
        117242	2026-02-11 12:05:02	1	2	1	0
        110477	2026-02-11 12:05:10	1	2	15	0
        110064	2026-02-11 12:05:20	1	2	15	0
        119117	2026-02-11 12:05:27	1	2	1	0
        116829	2026-02-11 12:05:35	1	2	15	0
        116096	2026-02-11 12:05:41	1	2	15	0
        119406	2026-02-11 12:06:33	1	2	15	0
        110046	2026-02-11 12:07:04	1	2	15	0
        118398	2026-02-11 12:07:28	1	2	15	0
        118760	2026-02-11 12:07:55	1	2	15	0
        117185	2026-02-11 12:08:04	1	2	15	0
        118406	2026-02-11 12:08:08	1	2	15	0
        116263	2026-02-11 12:08:56	1	2	15	0
        118251	2026-02-11 12:08:59	1	2	1	0
        119443	2026-02-11 12:09:06	1	2	15	0
        119393	2026-02-11 12:09:09	1	2	15	0
        118407	2026-02-11 12:09:13	1	2	15	0
        117242	2026-02-11 12:09:18	1	2	1	0
        116487	2026-02-11 12:09:24	1	2	15	0
        117727	2026-02-11 12:09:29	1	2	15	0
        116738	2026-02-11 12:09:32	1	2	15	0
        117775	2026-02-11 12:09:38	1	2	15	0
        116466	2026-02-11 12:10:06	1	2	1	0
        110477	2026-02-11 12:10:12	1	2	15	0
        118083	2026-02-11 12:10:24	1	2	15	0
        110188	2026-02-11 12:12:27	1	2	15	0
        117656	2026-02-11 12:12:30	1	2	15	0
        116509	2026-02-11 12:12:36	1	2	15	0
        118298	2026-02-11 12:12:39	1	2	1	0
        116434	2026-02-11 12:12:44	1	2	1	0
        118083	2026-02-11 12:13:06	1	2	15	0
        119393	2026-02-11 12:13:16	1	2	15	0
        119443	2026-02-11 12:13:19	1	2	15	0
        118251	2026-02-11 12:13:24	1	2	1	0
        116263	2026-02-11 12:13:30	1	2	15	0
        118398	2026-02-11 12:13:35	1	2	15	0
        119406	2026-02-11 12:13:39	1	2	15	0
        110429	2026-02-11 12:13:44	1	2	15	0
        117518	2026-02-11 12:14:21	1	2	15	0
        117274	2026-02-11 12:15:48	1	2	15	0
        118566	2026-02-11 12:16:09	1	2	15	0
        116953	2026-02-11 12:17:47	1	2	15	0
        119077	2026-02-11 12:17:50	1	2	15	0
        118298	2026-02-11 12:17:55	1	2	1	0
        116509	2026-02-11 12:18:01	1	2	15	0
        116434	2026-02-11 12:18:05	1	2	1	0
        117518	2026-02-11 12:18:12	1	2	15	0
        116466	2026-02-11 12:18:16	1	2	1	0
        118760	2026-02-11 12:18:22	1	2	15	0
        110188	2026-02-11 12:19:24	1	2	15	0
        117656	2026-02-11 12:19:27	1	2	15	0
        118585	2026-02-11 12:20:03	1	2	15	0
        118146	2026-02-11 12:20:48	1	2	15	0
        117092	2026-02-11 12:21:23	1	2	15	0
        116487	2026-02-11 12:21:40	1	2	15	0
        118143	2026-02-11 12:21:50	1	2	15	0
        118509	2026-02-11 12:22:49	1	2	15	0
        118143	2026-02-11 12:23:31	1	2	15	0
        116953	2026-02-11 12:23:44	1	2	15	0
        118585	2026-02-11 12:23:51	1	2	15	0
        117092	2026-02-11 12:23:56	1	2	15	0
        118509	2026-02-11 12:26:18	1	2	15	0
        118566	2026-02-11 12:28:06	1	2	15	0
        116825	2026-02-11 12:28:26	1	2	15	0
        110124	2026-02-11 12:29:05	1	2	15	0
        118146	2026-02-11 12:29:16	1	2	15	0
        110115	2026-02-11 12:29:29	1	2	15	0
        116844	2026-02-11 12:29:33	1	2	15	0
        118326	2026-02-11 12:29:48	1	2	15	0
        116825	2026-02-11 12:30:37	1	3	15	0
        117398	2026-02-11 12:31:17	1	3	15	0
        116790	2026-02-11 12:32:15	1	3	15	0
        118406	2026-02-11 12:34:24	1	3	15	0
        110124	2026-02-11 12:34:40	1	3	15	0
        116790	2026-02-11 12:35:20	1	3	15	0
        119077	2026-02-11 12:37:49	1	3	15	0
        117727	2026-02-11 12:38:58	1	3	15	0
        116511	2026-02-11 12:39:02	1	3	15	0
        116738	2026-02-11 12:39:31	1	3	15	0
        110429	2026-02-11 12:42:15	1	3	15	0
        116844	2026-02-11 12:44:48	1	3	15	0
        116202	2026-02-11 12:49:08	1	3	15	0
        116202	2026-02-11 12:52:27	1	3	15	0
        116476	2026-02-11 12:56:39	1	3	15	0
        116007	2026-02-11 12:57:11	1	3	1	0
        116007	2026-02-11 12:58:47	1	3	1	0
        116476	2026-02-11 12:59:03	1	3	15	0
        118801	2026-02-11 13:05:41	1	3	15	0
        117185	2026-02-11 13:40:14	1	3	15	0
        116192	2026-02-11 15:02:53	1	3	15	0
        116953	2026-02-11 16:02:52	1	1	15	0
        116509	2026-02-11 16:08:20	1	1	15	0
        118326	2026-02-11 16:18:11	1	1	15	0
        110477	2026-02-11 16:25:31	1	1	15	0
        116152	2026-02-11 16:36:53	1	1	15	0
        110068	2026-02-11 16:36:58	1	1	1	0
        116825	2026-02-11 16:41:05	1	1	15	0
        118301	2026-02-11 16:50:56	1	1	15	0
        116790	2026-02-11 16:57:55	1	1	15	0
        110064	2026-02-11 16:58:10	1	1	15	0
        118146	2026-02-11 16:58:40	1	1	15	0
        118760	2026-02-11 16:59:41	1	1	15	0
        119206	2026-02-11 17:01:38	1	1	15	0
        117518	2026-02-11 17:02:40	1	1	15	0
        118509	2026-02-11 17:06:40	1	1	15	0
        117727	2026-02-11 17:10:03	1	1	15	0
        118251	2026-02-11 17:13:23	1	1	15	0
        118406	2026-02-11 17:14:45	1	1	15	0
        117656	2026-02-11 17:16:25	1	1	15	0
        117092	2026-02-11 17:17:54	1	1	15	0
        118801	2026-02-11 17:20:28	1	1	15	0
        119117	2026-02-11 17:21:18	1	1	1	0
        118585	2026-02-11 17:21:59	1	1	15	0
        110429	2026-02-11 17:22:05	1	1	15	0
        118160	2026-02-11 17:24:15	1	1	15	0
        110188	2026-02-11 17:33:18	1	1	15	0
        118548	2026-02-11 17:34:23	1	1	15	0
        117631	2026-02-11 17:37:20	1	1	15	0
        116844	2026-02-11 17:38:52	1	1	15	0
        117398	2026-02-11 17:41:01	1	1	15	0
        119376	2026-02-11 17:42:01	1	1	15	0
        119077	2026-02-11 17:47:50	1	1	15	0
        116263	2026-02-11 17:47:55	1	1	15	0
        116511	2026-02-11 17:48:14	1	1	15	0
        116263	2026-02-11 17:50:51	1	1	15	0
        116466	2026-02-11 17:53:30	1	1	1	0
        116476	2026-02-11 17:53:59	1	1	15	0
        118398	2026-02-11 17:54:43	1	1	15	0
        118298	2026-02-11 17:58:17	1	1	1	0
        110124	2026-02-11 17:58:23	1	1	15	0
        116434	2026-02-11 17:58:28	1	1	1	0
        116487	2026-02-11 17:58:33	1	1	15	0
        117274	2026-02-11 17:59:14	1	1	15	0
        110046	2026-02-11 17:59:27	1	1	15	0
        118083	2026-02-11 17:59:54	1	1	15	0
        119393	2026-02-11 18:00:33	1	1	15	0
        119443	2026-02-11 18:00:37	1	1	15	0
        117775	2026-02-11 18:00:42	1	1	15	0
        116738	2026-02-11 18:04:39	1	1	15	0
        119406	2026-02-11 18:05:17	1	1	15	0
        117242	2026-02-11 18:16:12	1	1	1	0
        118143	2026-02-11 18:21:44	1	1	15	0
        119392	2026-02-11 18:24:32	1	1	15	0
        110115	2026-02-11 18:31:38	1	1	15	0
        116829	2026-02-11 18:45:04	1	1	15	0
        118407	2026-02-11 18:57:56	1	1	15	0
        117090	2026-02-11 18:59:54	1	1	15	0
        116202	2026-02-11 19:00:01	1	1	15	0
        116007	2026-02-11 19:25:08	1	1	1	0
        118566	2026-02-11 19:47:56	1	1	15	0
        118548	2026-02-12 06:06:32	1	0	15	0
        118146	2026-02-12 06:17:40	1	0	15	0
        118326	2026-02-12 06:45:10	1	0	15	0
        116825	2026-02-12 06:51:27	1	0	15	0
        118406	2026-02-12 06:52:21	1	0	15	0
        116509	2026-02-12 06:52:25	1	0	15	0
        118160	2026-02-12 07:01:30	1	0	15	0
        110046	2026-02-12 07:03:30	1	0	15	0
        119376	2026-02-12 07:08:18	1	0	15	0
        118301	2026-02-12 07:13:20	1	0	15	0
        110115	2026-02-12 07:13:29	1	0	15	0
        117631	2026-02-12 07:16:19	1	0	15	0
        110477	2026-02-12 07:26:46	1	0	15	0
        118760	2026-02-12 07:34:39	1	0	15	0
        118760	2026-02-12 07:35:46	1	0	15	0
        118585	2026-02-12 07:37:08	1	0	15	0
        110188	2026-02-12 07:38:11	1	0	15	0
        110435	2026-02-12 07:38:26	1	0	15	0
        118143	2026-02-12 07:40:49	1	0	15	0
        110064	2026-02-12 07:44:50	1	0	15	0
        116202	2026-02-12 07:45:30	1	0	15	0
        116466	2026-02-12 07:47:25	1	0	1	0
        118251	2026-02-12 07:47:36	1	0	1	0
        118509	2026-02-12 07:50:00	1	0	15	0
        119077	2026-02-12 07:50:08	1	0	15	0
        117398	2026-02-12 07:54:45	1	0	15	0
        117518	2026-02-12 07:56:17	1	0	15	0
        116953	2026-02-12 07:59:50	1	0	15	0
        110068	2026-02-12 08:00:05	1	0	1	0
        116844	2026-02-12 08:01:36	1	0	15	0
        119117	2026-02-12 08:01:55	1	0	1	0
        119393	2026-02-12 08:04:02	1	0	15	0
        110124	2026-02-12 08:06:31	1	0	15	0
        116790	2026-02-12 08:06:47	1	0	15	0
        117092	2026-02-12 08:07:14	1	0	15	0
        117727	2026-02-12 08:08:55	1	0	15	0
        116096	2026-02-12 08:09:15	1	0	15	0
        116263	2026-02-12 08:10:44	1	0	15	0
        119406	2026-02-12 08:10:56	1	0	15	0
        119206	2026-02-12 08:11:30	1	0	15	0
        117242	2026-02-12 08:12:21	1	0	1	0
        117775	2026-02-12 08:13:49	1	0	15	0
        110429	2026-02-12 08:14:29	1	0	15	0
        116738	2026-02-12 08:18:57	1	0	15	0
        116511	2026-02-12 08:21:01	1	0	15	0
        118566	2026-02-12 08:35:06	1	0	15	0
        110045	2026-02-12 08:35:18	1	0	15	0
        117090	2026-02-12 08:35:33	1	0	15	0
        116476	2026-02-12 08:38:53	1	0	15	0
        116434	2026-02-12 08:39:12	1	0	1	0
        118398	2026-02-12 08:41:49	1	0	15	0
        117274	2026-02-12 08:42:02	1	0	15	0
        116487	2026-02-12 08:43:30	1	0	15	0
        119443	2026-02-12 08:45:39	1	0	15	0
        116007	2026-02-12 08:47:14	1	0	1	0
        116152	2026-02-12 08:50:14	1	0	15	0
        119392	2026-02-12 08:51:01	1	0	15	0
        116271	2026-02-12 08:51:21	1	0	15	0
        118083	2026-02-12 08:56:13	1	0	15	0
        118801	2026-02-12 09:14:36	1	0	15	0
        118407	2026-02-12 09:14:43	1	0	15	0
        118298	2026-02-12 10:25:18	1	0	1	0
        116070	2026-02-12 12:00:10	1	0	1	0
        117274	2026-02-12 12:00:18	1	2	15	0
        119376	2026-02-12 12:00:39	1	2	15	0
        116476	2026-02-12 12:00:59	1	2	15	0
        117631	2026-02-12 12:01:05	1	2	15	0
        119077	2026-02-12 12:01:08	1	2	15	0
        116263	2026-02-12 12:01:20	1	2	15	0
        118251	2026-02-12 12:01:25	1	2	1	0
        119443	2026-02-12 12:01:32	1	2	15	0
        117090	2026-02-12 12:01:42	1	2	15	0
        116152	2026-02-12 12:01:46	1	2	15	0
        119206	2026-02-12 12:01:50	1	2	15	0
        119393	2026-02-12 12:01:53	1	2	15	0
        116953	2026-02-12 12:02:00	1	2	15	0
        118160	2026-02-12 12:02:12	1	2	15	0
        110045	2026-02-12 12:02:20	1	2	15	0
        110477	2026-02-12 12:02:25	1	2	15	0
        110064	2026-02-12 12:02:41	1	2	15	0
        116271	2026-02-12 12:02:59	1	2	15	0
        118406	2026-02-12 12:03:03	1	2	15	0
        116790	2026-02-12 12:03:06	1	2	15	0
        118301	2026-02-12 12:04:01	1	2	15	0
        118760	2026-02-12 12:04:05	1	2	15	0
        116202	2026-02-12 12:04:10	1	2	15	0
        119376	2026-02-12 12:04:20	1	2	15	0
        117090	2026-02-12 12:04:24	1	2	15	0
        117631	2026-02-12 12:04:28	1	2	15	0
        119206	2026-02-12 12:04:31	1	2	15	0
        116152	2026-02-12 12:04:34	1	2	15	0
        118801	2026-02-12 12:04:43	1	2	15	0
        118160	2026-02-12 12:04:46	1	2	15	0
        116953	2026-02-12 12:05:35	1	2	15	0
        110477	2026-02-12 12:05:45	1	2	15	0
        110045	2026-02-12 12:06:23	1	2	15	0
        117398	2026-02-12 12:06:28	1	2	15	0
        116825	2026-02-12 12:06:49	1	2	15	0
        110064	2026-02-12 12:06:57	1	2	15	0
        118548	2026-02-12 12:07:03	1	2	15	0
        110068	2026-02-12 12:07:09	1	2	1	0
        116790	2026-02-12 12:07:15	1	2	15	0
        119117	2026-02-12 12:07:40	1	2	1	0
        116202	2026-02-12 12:08:18	1	2	15	0
        118083	2026-02-12 12:08:24	1	2	15	0
        117727	2026-02-12 12:08:33	1	2	15	0
        116738	2026-02-12 12:08:42	1	2	15	0
        118406	2026-02-12 12:09:01	1	2	15	0
        118298	2026-02-12 12:09:51	1	2	1	0
        118083	2026-02-12 12:10:08	1	2	15	0
        116509	2026-02-12 12:10:12	1	2	15	0
        116271	2026-02-12 12:10:17	1	2	15	0
        118398	2026-02-12 12:10:31	1	2	15	0
        118301	2026-02-12 12:10:42	1	2	15	0
        110068	2026-02-12 12:10:46	1	2	1	0
        118548	2026-02-12 12:10:52	1	2	15	0
        116466	2026-02-12 12:10:59	1	2	1	0
        117092	2026-02-12 12:11:23	1	2	15	0
        110429	2026-02-12 12:11:28	1	2	15	0
        116825	2026-02-12 12:11:32	1	2	15	0
        116007	2026-02-12 12:11:37	1	2	1	0
        118760	2026-02-12 12:11:48	1	2	15	0
        117398	2026-02-12 12:12:02	1	2	15	0
        116487	2026-02-12 12:12:05	1	2	15	0
        119392	2026-02-12 12:12:41	1	2	15	0
        118398	2026-02-12 12:12:47	1	2	15	0
        119117	2026-02-12 12:12:50	1	2	1	0
        116434	2026-02-12 12:12:55	1	2	1	0
        116007	2026-02-12 12:12:58	1	2	1	0
        117518	2026-02-12 12:13:06	1	2	15	0
        118407	2026-02-12 12:13:29	1	2	15	0
        117775	2026-02-12 12:15:15	1	2	15	0
        119392	2026-02-12 12:15:36	1	2	15	0
        116511	2026-02-12 12:15:44	1	2	15	0
        117092	2026-02-12 12:15:52	1	2	15	0
        117518	2026-02-12 12:17:40	1	2	15	0
        117274	2026-02-12 12:17:55	1	2	15	0
        118760	2026-02-12 12:19:31	1	2	15	0
        116096	2026-02-12 12:20:01	1	2	15	0
        118326	2026-02-12 12:20:58	1	2	15	0
        119406	2026-02-12 12:21:52	1	2	15	0
        118146	2026-02-12 12:22:04	1	2	15	0
        116096	2026-02-12 12:22:12	1	2	15	0
        118407	2026-02-12 12:22:40	1	2	15	0
        117775	2026-02-12 12:23:07	1	2	15	0
        118326	2026-02-12 12:23:15	1	2	15	0
        110046	2026-02-12 12:25:13	1	2	15	0
        118143	2026-02-12 12:25:34	1	2	15	0
        116844	2026-02-12 12:25:52	1	2	15	0
        110124	2026-02-12 12:26:08	1	2	15	0
        118509	2026-02-12 12:26:13	1	2	15	0
        119406	2026-02-12 12:26:20	1	2	15	0
        110188	2026-02-12 12:26:32	1	2	15	0
        118251	2026-02-12 12:27:54	1	2	1	0
        119393	2026-02-12 12:28:00	1	2	15	0
        119443	2026-02-12 12:28:12	1	2	15	0
        116263	2026-02-12 12:28:17	1	2	15	0
        118509	2026-02-12 12:28:27	1	2	15	0
        110188	2026-02-12 12:28:43	1	2	15	0
        116844	2026-02-12 12:29:53	1	2	15	0
        118566	2026-02-12 12:30:04	1	2	15	0
        110046	2026-02-12 12:31:17	1	3	15	0
        110115	2026-02-12 12:31:48	1	3	15	0
        116487	2026-02-12 12:32:43	1	3	15	0
        119077	2026-02-12 12:32:46	1	3	15	0
        118566	2026-02-12 12:37:08	1	3	15	0
        116511	2026-02-12 12:39:27	1	3	15	0
        116509	2026-02-12 12:41:11	1	3	15	0
        118298	2026-02-12 12:41:15	1	3	1	0
        118585	2026-02-12 12:42:20	1	3	15	0
        110124	2026-02-12 12:43:31	1	3	15	0
        118146	2026-02-12 12:43:36	1	3	15	0
        118585	2026-02-12 12:43:42	1	3	15	0
        110429	2026-02-12 12:43:51	1	3	15	0
        116434	2026-02-12 12:45:38	1	3	1	0
        116466	2026-02-12 12:45:43	1	3	1	0
        116738	2026-02-12 12:47:10	1	3	15	0
        117727	2026-02-12 12:48:55	1	3	15	0
        118801	2026-02-12 12:57:39	1	3	15	0
        117775	2026-02-12 16:00:29	1	1	15	0
        118326	2026-02-12 16:03:02	1	1	15	0
        116825	2026-02-12 16:05:39	1	1	15	0
        116509	2026-02-12 16:07:57	1	1	15	0
        118301	2026-02-12 16:14:55	1	1	15	0
        118406	2026-02-12 16:18:04	1	1	15	0
        110477	2026-02-12 16:33:05	1	1	15	0
        118760	2026-02-12 16:40:40	1	1	15	0
        119376	2026-02-12 16:45:49	1	1	15	0
        118251	2026-02-12 17:04:10	1	1	15	0
        118509	2026-02-12 17:04:13	1	1	15	0
        119077	2026-02-12 17:05:39	1	1	15	0
        110188	2026-02-12 17:08:05	1	1	15	0
        116511	2026-02-12 17:09:21	1	1	15	0
        119406	2026-02-12 17:10:14	1	1	15	0
        117398	2026-02-12 17:10:23	1	1	15	0
        119206	2026-02-12 17:12:36	1	1	15	0
        116096	2026-02-12 17:16:52	1	1	15	0
        117631	2026-02-12 17:26:19	1	1	15	0
        116263	2026-02-12 17:27:33	1	1	15	0
        110045	2026-02-12 17:29:56	1	1	15	0
        118801	2026-02-12 17:31:20	1	1	15	0
        118146	2026-02-12 17:33:51	1	1	15	0
        110429	2026-02-12 17:36:11	1	1	15	0
        119117	2026-02-12 17:36:20	1	1	1	0
        116476	2026-02-12 17:40:22	1	1	15	0
        110064	2026-02-12 17:42:08	1	1	15	0
        116844	2026-02-12 17:42:13	1	1	15	0
        116487	2026-02-12 17:51:07	1	1	15	0
        110046	2026-02-12 17:51:35	1	1	15	0
        116790	2026-02-12 17:53:46	1	1	15	0
        116466	2026-02-12 17:55:01	1	1	1	0
        117727	2026-02-12 17:55:19	1	1	15	0
        116738	2026-02-12 17:55:56	1	1	15	0
        116434	2026-02-12 17:56:09	1	1	1	0
        118298	2026-02-12 17:56:14	1	1	1	0
        116271	2026-02-12 17:56:22	1	1	15	0
        118398	2026-02-12 17:56:41	1	1	15	0
        116152	2026-02-12 17:57:47	1	1	15	0
        119393	2026-02-12 18:00:13	1	1	15	0
        119443	2026-02-12 18:00:18	1	1	15	0
        119392	2026-02-12 18:01:09	1	1	15	0
        118083	2026-02-12 18:02:39	1	1	15	0
        110115	2026-02-12 18:02:56	1	1	15	0
        118585	2026-02-12 18:03:46	1	1	15	0
        117274	2026-02-12 18:19:02	1	1	15	0
        118407	2026-02-12 18:39:06	1	1	15	0
        117242	2026-02-12 18:42:09	1	1	1	0
        117242	2026-02-12 18:44:13	1	1	1	0
        118143	2026-02-12 18:44:48	1	1	15	0
        110124	2026-02-12 18:54:58	1	1	15	0
        118160	2026-02-12 19:06:11	1	1	15	0
        116202	2026-02-12 19:16:08	1	1	15	0
        110068	2026-02-12 19:25:40	1	1	1	0
        118548	2026-02-12 19:25:46	1	1	15	0
        117518	2026-02-12 19:30:52	1	1	15	0
        117090	2026-02-12 19:30:56	1	1	15	0
        118566	2026-02-12 19:34:20	1	1	15	0
        116007	2026-02-12 20:27:34	1	1	1	0
        118585	2026-02-13 06:25:05	1	0	15	0
        118326	2026-02-13 06:45:36	1	0	15	0
        118548	2026-02-13 06:49:18	1	0	15	0
        116152	2026-02-13 06:50:07	1	0	15	0
        118146	2026-02-13 06:55:19	1	0	15	0
        117775	2026-02-13 06:55:39	1	0	15	0
        116509	2026-02-13 06:59:23	1	0	15	0
        110046	2026-02-13 07:04:42	1	0	15	0
        118406	2026-02-13 07:10:45	1	0	15	0
        119406	2026-02-13 07:17:35	1	0	15	0
        110064	2026-02-13 07:19:41	1	0	15	0
        116202	2026-02-13 07:22:25	1	0	15	0
        118407	2026-02-13 07:40:40	1	0	15	0
        117631	2026-02-13 07:44:08	1	0	15	0
        119206	2026-02-13 07:46:07	1	0	15	0
        117242	2026-02-13 07:47:09	1	0	1	0
        118143	2026-02-13 07:49:36	1	0	15	0
        116953	2026-02-13 07:50:59	1	0	15	0
        110477	2026-02-13 07:51:06	1	0	15	0
        117727	2026-02-13 07:53:12	1	0	15	0
        110115	2026-02-13 07:54:13	1	0	15	0
        110068	2026-02-13 07:55:57	1	0	1	0
        119077	2026-02-13 07:57:13	1	0	15	0
        116466	2026-02-13 07:58:37	1	0	1	0
        118509	2026-02-13 07:59:18	1	0	15	0
        119393	2026-02-13 07:59:54	1	0	15	0
        117518	2026-02-13 07:59:59	1	0	15	0
        119117	2026-02-13 08:00:03	1	0	1	0
        118760	2026-02-13 08:04:18	1	0	15	0
        110124	2026-02-13 08:06:49	1	0	15	0
        118251	2026-02-13 08:08:03	1	0	1	0
        118298	2026-02-13 08:08:09	1	0	15	0
        116844	2026-02-13 08:10:11	1	0	15	0
        117092	2026-02-13 08:10:39	1	0	15	0
        117398	2026-02-13 08:15:22	1	0	15	0
        116790	2026-02-13 08:19:06	1	0	15	0
        110188	2026-02-13 08:23:42	1	0	15	0
        119376	2026-02-13 08:23:50	1	0	15	0
        116434	2026-02-13 08:40:10	1	0	1	0
        116487	2026-02-13 08:40:54	1	0	15	0
        116738	2026-02-13 08:44:15	1	0	15	0
        118566	2026-02-13 08:44:32	1	0	15	0
        116476	2026-02-13 08:45:27	1	0	15	0
        119392	2026-02-13 08:49:31	1	0	15	0
        116825	2026-02-13 08:52:47	1	0	15	0
        116271	2026-02-13 08:52:59	1	0	15	0
        116263	2026-02-13 08:53:37	1	0	15	0
        110429	2026-02-13 08:54:04	1	0	15	0
        118083	2026-02-13 08:54:08	1	0	15	0
        118398	2026-02-13 08:54:23	1	0	15	0
        119443	2026-02-13 08:54:28	1	0	15	0
        118801	2026-02-13 08:55:55	1	0	15	0
        117274	2026-02-13 09:01:24	1	0	15	0
        116511	2026-02-13 09:05:26	1	0	15	0
        117090	2026-02-13 09:21:09	1	0	15	0
        119117	2026-02-13 12:00:28	1	2	1	0
        118251	2026-02-13 12:00:34	1	2	1	0
        119376	2026-02-13 12:00:47	1	2	15	0
        118083	2026-02-13 12:01:33	1	2	15	0
        110064	2026-02-13 12:01:39	1	2	15	0
        118406	2026-02-13 12:01:50	1	2	15	0
        119206	2026-02-13 12:02:19	1	2	15	0
        117090	2026-02-13 12:02:25	1	2	15	0
        117631	2026-02-13 12:02:28	1	2	15	0
        117274	2026-02-13 12:02:34	1	2	15	0
        117092	2026-02-13 12:03:21	1	2	15	0
        110068	2026-02-13 12:03:33	1	2	1	0
        118548	2026-02-13 12:03:39	1	2	15	0
        119406	2026-02-13 12:03:42	1	2	15	0
        119393	2026-02-13 12:04:07	1	2	15	0
        116263	2026-02-13 12:04:11	1	2	15	0
        119443	2026-02-13 12:04:16	1	2	15	0
        119376	2026-02-13 12:04:21	1	2	15	0
        118083	2026-02-13 12:04:25	1	2	15	0
        116476	2026-02-13 12:04:31	1	2	15	0
        117090	2026-02-13 12:05:12	1	2	15	0
        119206	2026-02-13 12:05:17	1	2	15	0
        117631	2026-02-13 12:05:30	1	2	15	0
        117398	2026-02-13 12:05:35	1	2	15	0
        117092	2026-02-13 12:06:00	1	2	15	0
        118398	2026-02-13 12:06:05	1	2	15	0
        116007	2026-02-13 12:06:27	1	2	1	0
        117518	2026-02-13 12:06:43	1	2	15	0
        118251	2026-02-13 12:06:50	1	2	15	0
        119117	2026-02-13 12:06:53	1	2	1	0
        110068	2026-02-13 12:06:58	1	2	1	0
        118548	2026-02-13 12:07:04	1	2	15	0
        119393	2026-02-13 12:07:07	1	2	15	0
        116263	2026-02-13 12:07:19	1	2	15	0
        119443	2026-02-13 12:07:30	1	2	15	0
        116434	2026-02-13 12:07:57	1	2	1	0
        117242	2026-02-13 12:08:16	1	2	1	0
        118407	2026-02-13 12:08:22	1	2	15	0
        110477	2026-02-13 12:08:27	1	2	15	0
        110064	2026-02-13 12:08:32	1	2	15	0
        118760	2026-02-13 12:08:37	1	2	15	0
        116466	2026-02-13 12:09:27	1	2	1	0
        119406	2026-02-13 12:10:06	1	2	15	0
        117518	2026-02-13 12:10:12	1	2	15	0
        118398	2026-02-13 12:10:28	1	2	15	0
        116476	2026-02-13 12:11:02	1	2	15	0
        118298	2026-02-13 12:11:10	1	2	1	0
        117274	2026-02-13 12:11:25	1	2	15	0
        118143	2026-02-13 12:11:29	1	2	15	0
        110188	2026-02-13 12:12:05	1	2	15	0
        116487	2026-02-13 12:12:13	1	2	15	0
        118326	2026-02-13 12:12:30	1	2	15	0
        118585	2026-02-13 12:12:38	1	2	15	0
        116202	2026-02-13 12:13:26	1	2	15	0
        110477	2026-02-13 12:13:37	1	2	15	0
        110429	2026-02-13 12:13:41	1	2	15	0
        118146	2026-02-13 12:14:16	1	2	15	0
        118143	2026-02-13 12:14:28	1	2	15	0
        118585	2026-02-13 12:14:37	1	2	15	0
        110188	2026-02-13 12:14:42	1	2	15	0
        116271	2026-02-13 12:15:26	1	2	15	0
        118801	2026-02-13 12:16:19	1	2	15	0
        116007	2026-02-13 12:16:27	1	2	1	0
        110046	2026-02-13 12:16:54	1	2	15	0
        110124	2026-02-13 12:17:38	1	2	15	0
        116434	2026-02-13 12:17:43	1	2	1	0
        118326	2026-02-13 12:18:33	1	2	15	0
        116738	2026-02-13 12:18:38	1	2	15	0
        117775	2026-02-13 12:18:49	1	2	15	0
        116509	2026-02-13 12:19:35	1	2	15	0
        116953	2026-02-13 12:19:39	1	2	15	0
        116790	2026-02-13 12:19:42	1	2	15	0
        118760	2026-02-13 12:20:01	1	2	15	0
        116844	2026-02-13 12:20:20	1	2	15	0
        110124	2026-02-13 12:20:36	1	2	15	0
        116271	2026-02-13 12:21:16	1	2	15	0
        110115	2026-02-13 12:21:46	1	2	15	0
        116487	2026-02-13 12:22:12	1	2	15	0
        117727	2026-02-13 12:22:17	1	2	15	0
        119077	2026-02-13 12:22:20	1	2	15	0
        118146	2026-02-13 12:23:25	1	2	15	0
        116844	2026-02-13 12:24:24	1	2	15	0
        116953	2026-02-13 12:24:29	1	2	15	0
        116790	2026-02-13 12:24:32	1	2	15	0
        116738	2026-02-13 12:25:03	1	2	15	0
        116152	2026-02-13 12:25:12	1	2	15	0
        116509	2026-02-13 12:25:20	1	2	15	0
        110046	2026-02-13 12:26:09	1	2	15	0
        116202	2026-02-13 12:26:34	1	2	15	0
        119077	2026-02-13 12:27:09	1	2	15	0
        118509	2026-02-13 12:27:49	1	2	15	0
        116152	2026-02-13 12:28:44	1	2	15	0
        117242	2026-02-13 12:29:02	1	2	1	0
        118407	2026-02-13 12:29:09	1	2	15	0
        118509	2026-02-13 12:30:56	1	3	15	0
        110429	2026-02-13 12:32:10	1	3	15	0
        118760	2026-02-13 12:32:18	1	3	15	0
        116511	2026-02-13 12:33:02	1	3	15	0
        117398	2026-02-13 12:34:46	1	3	15	0
        116096	2026-02-13 12:37:27	1	3	15	0
        117775	2026-02-13 12:39:03	1	3	15	0
        117727	2026-02-13 12:39:56	1	3	15	0
        118298	2026-02-13 12:40:09	1	3	1	0
        116096	2026-02-13 12:40:15	1	3	15	0
        118406	2026-02-13 12:40:36	1	3	15	0
        110115	2026-02-13 12:40:57	1	3	15	0
        118760	2026-02-13 12:41:55	1	3	15	0
        116466	2026-02-13 12:43:22	1	3	1	0
        116825	2026-02-13 12:46:59	1	3	15	0
        116511	2026-02-13 12:47:38	1	3	15	0
        116509	2026-02-13 12:47:44	1	3	15	0
        118801	2026-02-13 12:49:33	1	3	15	0
        116825	2026-02-13 12:49:45	1	3	15	0
        119392	2026-02-13 12:49:48	1	3	15	0
        118566	2026-02-13 12:50:55	1	3	15	0
        119392	2026-02-13 12:52:34	1	3	15	0
        118566	2026-02-13 13:03:19	1	3	15	0
        116790	2026-02-13 15:50:59	1	3	15	0
        110068	2026-02-13 16:02:16	1	1	1	0
        116509	2026-02-13 16:14:40	1	1	15	0
        119406	2026-02-13 16:17:11	1	1	15	0
        118406	2026-02-13 16:17:18	1	1	15	0
        116152	2026-02-13 16:17:35	1	1	15	0
        119077	2026-02-13 17:05:03	1	1	15	0
        117092	2026-02-13 17:06:56	1	1	15	0
        119117	2026-02-13 17:07:09	1	1	1	0
        119206	2026-02-13 17:09:51	1	1	15	0
        116511	2026-02-13 17:09:58	1	1	15	0
        116844	2026-02-13 17:10:17	1	1	15	0
        117631	2026-02-13 17:13:38	1	1	15	0
        118566	2026-02-13 17:14:04	1	1	15	0
        119376	2026-02-13 17:27:07	1	1	15	0
        116466	2026-02-13 17:28:21	1	1	1	0
        117398	2026-02-13 17:32:18	1	1	15	0
        118251	2026-02-13 17:34:09	1	1	15	0
        118146	2026-02-13 17:37:07	1	1	15	0
        116487	2026-02-13 17:41:03	1	1	15	0
        118407	2026-02-13 17:41:54	1	1	15	0
        117518	2026-02-13 17:45:38	1	1	15	0
        116476	2026-02-13 17:45:49	1	1	15	0
        118585	2026-02-13 17:45:57	1	1	15	0
        116825	2026-02-13 17:47:10	1	1	15	0
        117242	2026-02-13 17:47:50	1	1	1	0
        110115	2026-02-13 17:48:17	1	1	15	0
        117727	2026-02-13 17:48:23	1	1	15	0
        119392	2026-02-13 17:50:09	1	1	15	0
        116434	2026-02-13 17:52:15	1	1	1	0
        110124	2026-02-13 17:52:22	1	1	15	0
        116738	2026-02-13 17:52:30	1	1	15	0
        116007	2026-02-13 17:53:10	1	1	1	0
        118083	2026-02-13 17:53:51	1	1	15	0
        119393	2026-02-13 17:55:34	1	1	15	0
        110429	2026-02-13 17:56:14	1	1	15	0
        119443	2026-02-13 17:56:22	1	1	15	0
        116202	2026-02-13 17:56:33	1	1	15	0
        118398	2026-02-13 17:57:43	1	1	15	0
        117090	2026-02-13 18:00:17	1	1	15	0
        118548	2026-02-13 18:02:36	1	1	15	0
        116096	2026-02-13 18:03:58	1	1	15	0
        117274	2026-02-13 18:06:06	1	1	15	0
        118298	2026-02-13 18:15:20	1	1	1	0
        110046	2026-02-13 18:15:43	1	1	15	0
        118143	2026-02-13 20:25:40	1	1	15	0
        116202	2026-02-14 08:25:19	1	0	15	0
        117518	2026-02-14 08:54:06	1	0	15	0
        116202	2026-02-14 12:49:12	1	3	15	0
        117518	2026-02-14 12:49:16	1	3	15	0
        118146	2026-02-16 06:32:22	1	0	15	0
        117775	2026-02-16 06:33:50	1	0	15	0
        118326	2026-02-16 06:39:45	1	0	15	0
        116509	2026-02-16 06:50:34	1	0	15	0
        118160	2026-02-16 06:54:45	1	0	15	0
        118406	2026-02-16 06:55:19	1	0	15	0
        116263	2026-02-16 06:59:22	1	0	15	0
        118585	2026-02-16 07:04:05	1	0	15	0
        117687	2026-02-16 07:06:23	1	0	15	0
        110188	2026-02-16 07:07:44	1	0	15	0
        119206	2026-02-16 07:09:54	1	0	15	0
        116825	2026-02-16 07:13:54	1	0	15	0
        117185	2026-02-16 07:17:07	1	0	15	0
        117398	2026-02-16 07:20:18	1	0	15	0
        116202	2026-02-16 07:20:37	1	0	15	0
        116953	2026-02-16 07:21:17	1	0	15	0
        118301	2026-02-16 07:21:27	1	0	15	0
        110477	2026-02-16 07:32:04	1	0	15	0
        110045	2026-02-16 07:33:07	1	0	15	0
        119376	2026-02-16 07:33:27	1	0	15	0
        118251	2026-02-16 07:34:27	1	0	15	0
        118548	2026-02-16 07:34:54	1	0	15	0
        118509	2026-02-16 07:35:46	1	0	15	0
        110115	2026-02-16 07:37:16	1	0	15	0
        110429	2026-02-16 07:39:44	1	0	15	0
        116466	2026-02-16 07:40:49	1	0	1	0
        119393	2026-02-16 07:42:55	1	0	15	0
        117518	2026-02-16 07:42:59	1	0	15	0
        117727	2026-02-16 07:43:03	1	0	15	0
        116096	2026-02-16 07:45:50	1	0	15	0
        116790	2026-02-16 07:46:36	1	0	15	0
        117656	2026-02-16 07:49:38	1	0	15	0
        119406	2026-02-16 07:51:01	1	0	15	0
        119117	2026-02-16 07:52:16	1	0	1	0
        116844	2026-02-16 07:52:50	1	0	15	0
        110435	2026-02-16 07:53:04	1	0	15	0
        116434	2026-02-16 07:53:09	1	0	1	0
        116738	2026-02-16 07:53:46	1	0	15	0
        117274	2026-02-16 07:54:19	1	0	15	0
        116487	2026-02-16 07:55:12	1	0	15	0
        117631	2026-02-16 07:58:22	1	0	15	0
        117977	2026-02-16 08:03:43	1	0	15	0
        118143	2026-02-16 08:03:53	1	0	15	0
        116511	2026-02-16 08:07:18	1	0	15	0
        110124	2026-02-16 08:08:34	1	0	15	0
        118298	2026-02-16 08:10:47	1	0	1	0
        117092	2026-02-16 08:12:22	1	0	15	0
        110068	2026-02-16 08:21:28	1	0	1	0
        119077	2026-02-16 08:23:56	1	0	15	0
        116476	2026-02-16 08:25:57	1	0	15	0
        116271	2026-02-16 08:29:48	1	0	15	0
        118801	2026-02-16 08:42:45	1	0	15	0
        118398	2026-02-16 08:47:37	1	0	15	0
        119392	2026-02-16 09:06:38	1	0	15	0
        116829	2026-02-16 09:17:18	1	0	15	0
        119406	2026-02-16 12:01:18	1	2	15	0
        117631	2026-02-16 12:01:21	1	2	15	0
        116509	2026-02-16 12:01:43	1	2	15	0
        118509	2026-02-16 12:01:54	1	2	15	0
        116825	2026-02-16 12:02:15	1	2	15	0
        116476	2026-02-16 12:03:03	1	2	15	0
        117727	2026-02-16 12:03:08	1	2	15	0
        118548	2026-02-16 12:03:21	1	2	15	0
        110068	2026-02-16 12:03:26	1	2	1	0
        118298	2026-02-16 12:03:31	1	2	1	0
        116434	2026-02-16 12:03:35	1	2	1	0
        118801	2026-02-16 12:03:44	1	2	15	0
        116738	2026-02-16 12:03:47	1	2	15	0
        117092	2026-02-16 12:04:20	1	2	15	0
        110124	2026-02-16 12:04:50	1	2	15	0
        117631	2026-02-16 12:04:58	1	2	15	0
        117274	2026-02-16 12:05:08	1	2	15	0
        119406	2026-02-16 12:05:14	1	2	15	0
        119393	2026-02-16 12:05:18	1	2	15	0
        116263	2026-02-16 12:05:21	1	2	15	0
        117092	2026-02-16 12:05:35	1	2	15	0
        119117	2026-02-16 12:05:56	1	2	1	0
        116466	2026-02-16 12:06:21	1	2	1	0
        117775	2026-02-16 12:07:36	1	2	15	0
        118398	2026-02-16 12:07:48	1	2	15	0
        116434	2026-02-16 12:08:13	1	2	1	0
        118298	2026-02-16 12:08:15	1	2	1	0
        119117	2026-02-16 12:08:20	1	2	1	0
        116263	2026-02-16 12:08:27	1	2	15	0
        119393	2026-02-16 12:08:32	1	2	15	0
        110068	2026-02-16 12:08:37	1	2	1	0
        118548	2026-02-16 12:08:43	1	2	15	0
        117185	2026-02-16 12:08:46	1	2	15	0
        118406	2026-02-16 12:08:51	1	2	15	0
        117274	2026-02-16 12:08:57	1	2	15	0
        116825	2026-02-16 12:09:05	1	2	15	0
        117727	2026-02-16 12:09:33	1	2	15	0
        116738	2026-02-16 12:09:36	1	2	15	0
        118801	2026-02-16 12:09:43	1	2	15	0
        110188	2026-02-16 12:10:03	1	2	15	0
        117656	2026-02-16 12:10:06	1	2	15	0
        116271	2026-02-16 12:10:21	1	2	15	0
        116487	2026-02-16 12:10:48	1	2	15	0
        116509	2026-02-16 12:11:18	1	2	15	0
        118398	2026-02-16 12:11:26	1	2	15	0
        118509	2026-02-16 12:11:55	1	2	15	0
        110124	2026-02-16 12:11:59	1	2	15	0
        117775	2026-02-16 12:12:03	1	2	15	0
        118326	2026-02-16 12:12:43	1	2	15	0
        116487	2026-02-16 12:13:06	1	2	15	0
        117656	2026-02-16 12:13:27	1	2	15	0
        110188	2026-02-16 12:13:32	1	2	15	0
        110429	2026-02-16 12:13:45	1	2	15	0
        118146	2026-02-16 12:15:36	1	2	15	0
        117398	2026-02-16 12:16:09	1	2	15	0
        118326	2026-02-16 12:16:22	1	2	15	0
        116829	2026-02-16 12:17:41	1	2	15	0
        116096	2026-02-16 12:17:44	1	2	15	0
        110045	2026-02-16 12:18:06	1	2	15	0
        117518	2026-02-16 12:21:53	1	2	15	0
        119206	2026-02-16 12:23:00	1	2	15	0
        110115	2026-02-16 12:23:15	1	2	15	0
        118160	2026-02-16 12:23:20	1	2	15	0
        116844	2026-02-16 12:23:50	1	2	15	0
        116096	2026-02-16 12:24:53	1	2	15	0
        116829	2026-02-16 12:24:56	1	2	15	0
        118160	2026-02-16 12:25:28	1	2	15	0
        116953	2026-02-16 12:25:39	1	2	15	0
        116844	2026-02-16 12:26:27	1	2	15	0
        119206	2026-02-16 12:26:38	1	2	15	0
        116790	2026-02-16 12:26:43	1	2	15	0
        118143	2026-02-16 12:27:02	1	2	15	0
        117518	2026-02-16 12:28:33	1	2	15	0
        118143	2026-02-16 12:30:11	1	2	15	0
        116953	2026-02-16 12:30:20	1	2	15	0
        116790	2026-02-16 12:30:24	1	2	15	0
        110477	2026-02-16 12:30:29	1	2	15	0
        116271	2026-02-16 12:32:38	1	3	15	0
        110045	2026-02-16 12:33:40	1	3	15	0
        118301	2026-02-16 12:33:57	1	3	15	0
        110477	2026-02-16 12:34:09	1	3	15	0
        116476	2026-02-16 12:34:24	1	3	15	0
        119077	2026-02-16 12:35:39	1	3	15	0
        117398	2026-02-16 12:36:51	1	3	15	0
        117185	2026-02-16 12:37:57	1	3	15	0
        118406	2026-02-16 12:38:03	1	3	15	0
        116466	2026-02-16 12:38:10	1	3	1	0
        116511	2026-02-16 12:38:16	1	3	15	0
        118301	2026-02-16 12:38:47	1	3	15	0
        119077	2026-02-16 12:38:59	1	3	15	0
        116152	2026-02-16 12:41:08	1	3	15	0
        118146	2026-02-16 12:41:16	1	3	15	0
        110429	2026-02-16 12:44:22	1	3	15	0
        110115	2026-02-16 12:46:02	1	3	15	0
        116202	2026-02-16 12:49:02	1	3	15	0
        119392	2026-02-16 12:51:51	1	3	15	0
        116202	2026-02-16 12:53:24	1	3	15	0
        119392	2026-02-16 12:54:44	1	3	15	0
        118585	2026-02-16 13:00:24	1	3	15	0
        118585	2026-02-16 13:01:53	1	3	15	0
        116511	2026-02-16 13:03:00	1	3	15	0
        110477	2026-02-16 17:02:14	1	1	15	0
        116070	2026-02-16 17:03:01	1	1	1	0
        116953	2026-02-16 17:03:52	1	1	15	0
        118301	2026-02-16 17:03:56	1	1	15	0
        119206	2026-02-16 17:05:19	1	1	15	0
        118326	2026-02-16 17:05:43	1	1	15	0
        119077	2026-02-16 17:06:33	1	1	15	0
        116825	2026-02-16 17:08:01	1	1	15	0
        118509	2026-02-16 17:08:39	1	1	15	0
        116271	2026-02-16 17:10:57	1	1	15	0
        119376	2026-02-16 17:11:22	1	1	15	0
        117631	2026-02-16 17:11:50	1	1	15	0
        116487	2026-02-16 17:18:31	1	1	15	0
        110188	2026-02-16 17:18:39	1	1	15	0
        119406	2026-02-16 17:22:05	1	1	15	0
        119117	2026-02-16 17:25:54	1	1	1	0
        117092	2026-02-16 17:26:24	1	1	15	0
        116790	2026-02-16 17:29:55	1	1	15	0
        116466	2026-02-16 17:32:28	1	1	1	0
        118801	2026-02-16 17:35:09	1	1	15	0
        118406	2026-02-16 17:35:20	1	1	15	0
        117185	2026-02-16 17:35:47	1	1	15	0
        110429	2026-02-16 17:35:54	1	1	15	0
        117727	2026-02-16 17:36:51	1	1	15	0
        116263	2026-02-16 17:41:28	1	1	15	0
        118398	2026-02-16 17:41:35	1	1	15	0
        117398	2026-02-16 17:45:13	1	1	15	0
        110045	2026-02-16 17:47:57	1	1	15	0
        116476	2026-02-16 17:48:44	1	1	15	0
        117656	2026-02-16 17:50:38	1	1	15	0
        116511	2026-02-16 17:51:04	1	1	15	0
        117274	2026-02-16 17:52:27	1	1	15	0
        110115	2026-02-16 17:54:42	1	1	15	0
        116844	2026-02-16 17:56:10	1	1	15	0
        118146	2026-02-16 17:58:24	1	1	15	0
        119392	2026-02-16 18:01:39	1	1	15	0
        116738	2026-02-16 18:11:17	1	1	15	0
        116096	2026-02-16 18:12:05	1	1	15	0
        116829	2026-02-16 18:12:08	1	1	1	0
        116434	2026-02-16 18:13:27	1	1	1	0
        118298	2026-02-16 18:13:34	1	1	1	0
        116509	2026-02-16 18:13:40	1	1	15	0
        118585	2026-02-16 18:13:51	1	1	15	0
        110068	2026-02-16 18:16:25	1	1	1	0
        118548	2026-02-16 18:16:28	1	1	15	0
        116152	2026-02-16 18:16:31	1	1	15	0
        118143	2026-02-16 19:04:13	1	1	15	0
        116202	2026-02-16 19:07:08	1	1	15	0
        119393	2026-02-16 19:10:36	1	1	15	0
        118160	2026-02-16 19:10:41	1	1	15	0
        117518	2026-02-16 19:10:46	1	1	15	0
        110124	2026-02-16 19:30:54	1	1	15	0
        117775	2026-02-16 19:31:01	1	1	15	0
        118548	2026-02-18 05:53:51	1	0	15	0
        118146	2026-02-18 06:24:31	1	0	15	0
        118160	2026-02-18 06:40:50	1	0	15	0
        118326	2026-02-18 06:41:13	1	0	15	0
        116953	2026-02-18 06:46:28	1	0	15	0
        116509	2026-02-18 06:57:39	1	0	15	0
        116152	2026-02-18 07:02:16	1	0	15	0
        118585	2026-02-18 07:03:09	1	0	15	0
        118251	2026-02-18 07:03:25	1	0	1	0
        117185	2026-02-18 07:07:29	1	0	15	0
        116202	2026-02-18 07:13:42	1	0	15	0
        117775	2026-02-18 07:18:58	1	0	15	0
        118301	2026-02-18 07:22:36	1	0	15	0
        110477	2026-02-18 07:25:53	1	0	15	0
        117398	2026-02-18 07:26:52	1	0	15	0
        116825	2026-02-18 07:27:11	1	0	15	0
        118509	2026-02-18 07:31:18	1	0	15	0
        117092	2026-02-18 07:36:38	1	0	15	0
        116192	2026-02-18 07:37:42	1	0	15	0
        116790	2026-02-18 07:39:19	1	0	15	0
        117631	2026-02-18 07:42:27	1	0	15	0
        119206	2026-02-18 07:44:27	1	0	15	0
        117656	2026-02-18 07:45:50	1	0	15	0
        110429	2026-02-18 07:46:03	1	0	15	0
        118407	2026-02-18 07:47:19	1	0	15	0
        118760	2026-02-18 07:47:34	1	0	15	0
        119117	2026-02-18 07:54:42	1	0	15	0
        117242	2026-02-18 07:59:35	1	0	1	0
        116844	2026-02-18 08:02:13	1	0	15	0
        117518	2026-02-18 08:08:25	1	0	15	0
        110115	2026-02-18 08:10:37	1	0	15	0
        116096	2026-02-18 08:13:48	1	0	15	0
        118143	2026-02-18 08:16:14	1	0	15	0
        117274	2026-02-18 08:16:28	1	0	15	0
        118298	2026-02-18 08:20:16	1	0	1	0
        119077	2026-02-18 08:26:35	1	0	15	0
        118801	2026-02-18 08:28:03	1	0	15	0
        119443	2026-02-18 08:33:50	1	0	15	0
        116712	2026-02-18 08:37:31	1	0	15	0
        117687	2026-02-18 08:39:41	1	0	15	0
        117727	2026-02-18 08:40:30	1	0	15	0
        117977	2026-02-18 08:43:13	1	0	15	0
        116263	2026-02-18 08:43:34	1	0	15	0
        119376	2026-02-18 08:43:39	1	0	15	0
        116511	2026-02-18 08:44:52	1	0	15	0
        116829	2026-02-18 08:46:49	1	0	15	0
        116487	2026-02-18 08:48:34	1	0	15	0
        116738	2026-02-18 08:48:59	1	0	15	0
        118083	2026-02-18 08:50:16	1	0	15	0
        116476	2026-02-18 08:53:17	1	0	15	0
        119406	2026-02-18 08:53:38	1	0	15	0
        116271	2026-02-18 08:54:30	1	0	15	0
        119392	2026-02-18 08:56:25	1	0	15	0
        118566	2026-02-18 09:00:24	1	0	15	0
        116466	2026-02-18 09:04:47	1	0	1	0
        118398	2026-02-18 09:09:01	1	0	15	0
        117775	2026-02-18 12:00:12	1	0	15	0
        116096	2026-02-18 12:00:17	1	0	15	0
        118509	2026-02-18 12:00:21	1	0	15	0
        117977	2026-02-18 12:00:28	1	0	15	0
        119443	2026-02-18 12:00:33	1	0	15	0
        116263	2026-02-18 12:00:37	1	0	15	0
        118251	2026-02-18 12:00:42	1	0	1	0
        116476	2026-02-18 12:00:50	1	2	15	0
        116192	2026-02-18 12:00:55	1	2	15	0
        117631	2026-02-18 12:00:58	1	2	15	0
        117274	2026-02-18 12:01:03	1	2	15	0
        119117	2026-02-18 12:01:40	1	2	1	0
        117242	2026-02-18 12:01:45	1	2	1	0
        118301	2026-02-18 12:01:51	1	2	15	0
        116953	2026-02-18 12:02:03	1	2	15	0
        110477	2026-02-18 12:02:07	1	2	15	0
        116790	2026-02-18 12:02:12	1	2	15	0
        119376	2026-02-18 12:02:39	1	2	15	0
        118298	2026-02-18 12:02:46	1	2	1	0
        119206	2026-02-18 12:03:06	1	2	15	0
        118509	2026-02-18 12:03:15	1	2	15	0
        116152	2026-02-18 12:03:18	1	2	15	0
        118548	2026-02-18 12:03:24	1	2	15	0
        116509	2026-02-18 12:03:29	1	2	15	0
        116263	2026-02-18 12:03:46	1	2	15	0
        117398	2026-02-18 12:03:52	1	2	15	0
        119443	2026-02-18 12:03:55	1	2	15	0
        118251	2026-02-18 12:04:00	1	2	1	0
        118398	2026-02-18 12:04:07	1	2	15	0
        117631	2026-02-18 12:04:55	1	2	15	0
        116192	2026-02-18 12:05:00	1	2	15	0
        118760	2026-02-18 12:05:07	1	2	15	0
        116825	2026-02-18 12:05:14	1	2	15	0
        119117	2026-02-18 12:05:23	1	2	1	0
        117775	2026-02-18 12:05:30	1	2	15	0
        116953	2026-02-18 12:05:36	1	2	15	0
        116790	2026-02-18 12:05:43	1	2	15	0
        110477	2026-02-18 12:05:46	1	2	15	0
        118566	2026-02-18 12:05:50	1	2	15	0
        119376	2026-02-18 12:05:54	1	2	15	0
        117274	2026-02-18 12:05:58	1	2	15	0
        118398	2026-02-18 12:06:05	1	2	15	0
        118801	2026-02-18 12:06:10	1	2	15	0
        116096	2026-02-18 12:07:05	1	2	15	0
        117090	2026-02-18 12:07:26	1	2	15	0
        118407	2026-02-18 12:07:33	1	2	15	0
        116712	2026-02-18 12:07:38	1	2	15	0
        116487	2026-02-18 12:07:42	1	2	15	0
        117656	2026-02-18 12:07:48	1	2	15	0
        116152	2026-02-18 12:08:00	1	2	15	0
        119206	2026-02-18 12:08:03	1	2	15	0
        118548	2026-02-18 12:08:12	1	2	15	0
        119392	2026-02-18 12:08:27	1	2	15	0
        119077	2026-02-18 12:08:38	1	2	15	0
        117518	2026-02-18 12:08:41	1	2	15	0
        118301	2026-02-18 12:08:47	1	2	15	0
        116712	2026-02-18 12:08:55	1	2	15	0
        117398	2026-02-18 12:09:02	1	2	15	0
        117185	2026-02-18 12:09:14	1	2	15	0
        116738	2026-02-18 12:09:41	1	2	15	0
        117092	2026-02-18 12:09:46	1	2	15	0
        116825	2026-02-18 12:10:01	1	2	15	0
        116466	2026-02-18 12:10:07	1	2	1	0
        118298	2026-02-18 12:10:18	1	2	1	0
        118801	2026-02-18 12:11:08	1	2	15	0
        118083	2026-02-18 12:11:18	1	2	15	0
        119392	2026-02-18 12:11:30	1	2	15	0
        116487	2026-02-18 12:12:02	1	2	15	0
        117518	2026-02-18 12:12:05	1	2	15	0
        119077	2026-02-18 12:12:10	1	2	15	0
        117656	2026-02-18 12:12:13	1	2	15	0
        118407	2026-02-18 12:13:40	1	2	15	0
        110429	2026-02-18 12:13:47	1	2	15	0
        117242	2026-02-18 12:14:33	1	2	1	0
        116271	2026-02-18 12:14:41	1	2	15	0
        118083	2026-02-18 12:14:46	1	2	15	0
        116511	2026-02-18 12:15:49	1	2	15	0
        117092	2026-02-18 12:15:57	1	2	15	0
        117727	2026-02-18 12:16:18	1	2	15	0
        116271	2026-02-18 12:18:05	1	2	15	0
        118146	2026-02-18 12:19:19	1	2	15	0
        118760	2026-02-18 12:19:24	1	2	15	0
        119406	2026-02-18 12:19:41	1	2	15	0
        118326	2026-02-18 12:20:08	1	2	15	0
        118566	2026-02-18 12:20:49	1	2	15	0
        116511	2026-02-18 12:21:06	1	2	15	0
        118801	2026-02-18 12:22:16	1	2	15	0
        116844	2026-02-18 12:23:33	1	2	15	0
        117977	2026-02-18 12:25:17	1	2	15	0
        119406	2026-02-18 12:25:28	1	2	15	0
        116476	2026-02-18 12:27:49	1	2	15	0
        117185	2026-02-18 12:28:16	1	2	15	0
        116829	2026-02-18 12:31:20	1	3	15	0
        118326	2026-02-18 12:32:16	1	3	15	0
        116829	2026-02-18 12:32:22	1	3	1	0
        116844	2026-02-18 12:34:07	1	3	15	0
        116829	2026-02-18 12:34:13	1	3	15	0
        116202	2026-02-18 12:36:56	1	3	15	0
        117687	2026-02-18 12:38:54	1	3	15	0
        118146	2026-02-18 12:39:17	1	3	15	0
        116202	2026-02-18 12:39:34	1	3	15	0
        110429	2026-02-18 12:42:05	1	3	15	0
        117687	2026-02-18 12:45:52	1	3	15	0
        116466	2026-02-18 12:46:42	1	3	1	0
        110115	2026-02-18 12:48:22	1	3	15	0
        117727	2026-02-18 12:48:57	1	3	15	0
        116738	2026-02-18 12:49:02	1	3	15	0
        118143	2026-02-18 12:50:06	1	3	15	0
        116509	2026-02-18 12:50:56	1	3	15	0
        118143	2026-02-18 12:52:20	1	3	15	0
        110115	2026-02-18 12:52:35	1	3	15	0
        118160	2026-02-18 12:55:54	1	3	15	0
        118160	2026-02-18 12:57:28	1	3	15	0
        110068	2026-02-18 13:15:09	1	3	1	0
        118326	2026-02-18 16:07:16	1	1	15	0
        118146	2026-02-18 16:08:38	1	1	15	0
        116509	2026-02-18 16:09:30	1	1	15	0
        117185	2026-02-18 16:10:28	1	1	15	0
        117775	2026-02-18 16:17:15	1	1	15	0
        110477	2026-02-18 16:34:32	1	1	15	0
        116825	2026-02-18 16:38:37	1	1	15	0
        116152	2026-02-18 16:42:00	1	1	15	0
        118301	2026-02-18 16:58:33	1	1	15	0
        117398	2026-02-18 17:02:08	1	1	15	0
        119206	2026-02-18 17:04:00	1	1	15	0
        118801	2026-02-18 17:04:51	1	1	15	0
        118760	2026-02-18 17:05:09	1	1	15	0
        118160	2026-02-18 17:09:21	1	1	15	0
        110429	2026-02-18 17:09:32	1	1	15	0
        117092	2026-02-18 17:09:44	1	1	15	0
        118509	2026-02-18 17:11:51	1	1	15	0
        116953	2026-02-18 17:16:51	1	1	15	0
        116790	2026-02-18 17:17:09	1	1	15	0
        118548	2026-02-18 17:18:31	1	1	15	0
        117631	2026-02-18 17:19:03	1	1	15	0
        116192	2026-02-18 17:19:10	1	1	15	0
        118251	2026-02-18 17:19:24	1	1	15	0
        119077	2026-02-18 17:29:01	1	1	15	0
        116202	2026-02-18 17:30:05	1	1	15	0
        116712	2026-02-18 17:32:33	1	1	15	0
        116007	2026-02-18 17:33:28	1	1	1	0
        117518	2026-02-18 17:35:13	1	1	15	0
        119117	2026-02-18 17:36:13	1	1	1	0
        116844	2026-02-18 17:36:40	1	1	15	0
        118407	2026-02-18 17:39:34	1	1	15	0
        118298	2026-02-18 17:41:32	1	1	1	0
        119376	2026-02-18 17:45:41	1	1	15	0
        110068	2026-02-18 17:46:20	1	1	1	0
        116487	2026-02-18 17:49:45	1	1	15	0
        117656	2026-02-18 17:51:40	1	1	15	0
        110115	2026-02-18 17:51:50	1	1	15	0
        116511	2026-02-18 17:51:58	1	1	15	0
        117727	2026-02-18 17:52:03	1	1	15	0
        116096	2026-02-18 17:54:26	1	1	15	0
        118083	2026-02-18 17:54:47	1	1	15	0
        118585	2026-02-18 17:56:39	1	1	15	0
        116271	2026-02-18 17:58:33	1	1	15	0
        117977	2026-02-18 18:00:55	1	1	15	0
        116476	2026-02-18 18:01:40	1	1	15	0
        117274	2026-02-18 18:04:22	1	1	15	0
        118398	2026-02-18 18:07:02	1	1	15	0
        117090	2026-02-18 18:07:49	1	1	15	0
        119443	2026-02-18 18:07:53	1	1	15	0
        116263	2026-02-18 18:08:00	1	1	15	0
        118566	2026-02-18 18:09:15	1	1	15	0
        117242	2026-02-18 18:13:55	1	1	1	0
        118143	2026-02-18 18:14:41	1	1	15	0
        116738	2026-02-18 18:17:04	1	1	15	0
        119392	2026-02-18 18:21:00	1	1	15	0
        119406	2026-02-18 18:30:24	1	1	15	0
        116829	2026-02-18 18:35:32	1	1	15	0
        117687	2026-02-18 18:54:07	1	1	15	0
        118548	2026-02-19 05:56:30	1	0	15	0
        118326	2026-02-19 06:41:50	1	0	15	0
        118160	2026-02-19 06:47:17	1	0	15	0
        118146	2026-02-19 06:57:06	1	0	15	0
        118406	2026-02-19 07:01:29	1	0	15	0
        118251	2026-02-19 07:08:45	1	0	1	0
        117185	2026-02-19 07:15:01	1	0	15	0
        110477	2026-02-19 07:15:31	1	0	15	0
        116152	2026-02-19 07:16:12	1	0	15	0
        119206	2026-02-19 07:18:51	1	0	15	0
        118585	2026-02-19 07:19:17	1	0	15	0
        118301	2026-02-19 07:21:37	1	0	15	0
        116487	2026-02-19 07:22:35	1	0	15	0
        117398	2026-02-19 07:25:02	1	0	15	0
        116829	2026-02-19 07:29:09	1	0	15	0
        116509	2026-02-19 07:29:58	1	0	15	0
        116192	2026-02-19 07:32:25	1	0	15	0
        116825	2026-02-19 07:37:29	1	0	15	0
        116202	2026-02-19 07:38:53	1	0	15	0
        117656	2026-02-19 07:41:23	1	0	15	0
        110188	2026-02-19 07:42:45	1	0	15	0
        117727	2026-02-19 07:44:33	1	0	15	0
        110045	2026-02-19 07:46:54	1	0	15	0
        117631	2026-02-19 07:50:59	1	0	15	0
        118509	2026-02-19 07:51:10	1	0	15	0
        116466	2026-02-19 07:51:58	1	0	1	0
        116844	2026-02-19 07:58:46	1	0	15	0
        116007	2026-02-19 08:02:05	1	0	1	0
        117242	2026-02-19 08:03:20	1	0	1	0
        117518	2026-02-19 08:03:32	1	0	15	0
        117775	2026-02-19 08:04:15	1	0	15	0
        116096	2026-02-19 08:04:21	1	0	15	0
        110115	2026-02-19 08:07:04	1	0	15	0
        118143	2026-02-19 08:11:04	1	0	15	0
        119117	2026-02-19 08:11:18	1	0	1	0
        110068	2026-02-19 08:12:15	1	0	1	0
        119406	2026-02-19 08:13:24	1	0	15	0
        110429	2026-02-19 08:15:19	1	0	15	0
        118760	2026-02-19 08:15:34	1	0	15	0
        117092	2026-02-19 08:23:20	1	0	15	0
        118407	2026-02-19 08:23:23	1	0	15	0
        119393	2026-02-19 08:24:31	1	0	15	0
        116790	2026-02-19 08:27:42	1	0	15	0
        117687	2026-02-19 08:28:53	1	0	15	0
        116712	2026-02-19 08:30:26	1	0	15	0
        116953	2026-02-19 08:32:53	1	0	15	0
        116476	2026-02-19 08:34:03	1	0	15	0
        116511	2026-02-19 08:35:48	1	0	15	0
        119443	2026-02-19 08:37:57	1	0	15	0
        116263	2026-02-19 08:38:44	1	0	15	0
        116738	2026-02-19 08:39:20	1	0	15	0
        118298	2026-02-19 08:40:12	1	0	1	0
        116434	2026-02-19 08:41:39	1	0	15	0
        119392	2026-02-19 08:43:39	1	0	15	0
        118801	2026-02-19 08:46:16	1	0	15	0
        117090	2026-02-19 08:46:59	1	0	15	0
        119376	2026-02-19 08:49:15	1	0	15	0
        118566	2026-02-19 08:50:46	1	0	15	0
        116271	2026-02-19 08:55:14	1	0	15	0
        118083	2026-02-19 08:55:38	1	0	15	0
        118398	2026-02-19 08:57:03	1	0	15	0
        117977	2026-02-19 08:59:00	1	0	15	0
        117274	2026-02-19 08:59:18	1	0	15	0
        119407	2026-02-19 08:59:24	1	0	15	0
        118509	2026-02-19 12:00:10	1	0	15	0
        118146	2026-02-19 12:00:16	1	0	15	0
        117775	2026-02-19 12:00:20	1	0	15	0
        116953	2026-02-19 12:00:24	1	0	15	0
        116825	2026-02-19 12:00:28	1	0	15	0
        119206	2026-02-19 12:00:42	1	0	15	0
        116096	2026-02-19 12:01:03	1	0	15	0
        116487	2026-02-19 12:01:07	1	0	15	0
        117090	2026-02-19 12:01:27	1	0	15	0
        118801	2026-02-19 12:01:56	1	0	15	0
        116738	2026-02-19 12:02:13	1	0	15	0
        110429	2026-02-19 12:02:21	1	0	15	0
        119206	2026-02-19 12:02:41	1	0	15	0
        118298	2026-02-19 12:02:57	1	0	1	0
        116953	2026-02-19 12:03:04	1	2	15	0
        116096	2026-02-19 12:03:09	1	2	15	0
        117977	2026-02-19 12:03:13	1	2	15	0
        116192	2026-02-19 12:03:25	1	2	15	0
        117631	2026-02-19 12:03:29	1	2	15	0
        119117	2026-02-19 12:03:45	1	2	1	0
        110068	2026-02-19 12:03:50	1	2	1	0
        118548	2026-02-19 12:03:56	1	2	15	0
        118406	2026-02-19 12:04:07	1	2	15	0
        117090	2026-02-19 12:04:10	1	2	15	0
        110477	2026-02-19 12:04:21	1	2	15	0
        117185	2026-02-19 12:04:25	1	2	15	0
        118760	2026-02-19 12:04:56	1	2	15	0
        118146	2026-02-19 12:05:43	1	2	15	0
        119376	2026-02-19 12:05:48	1	2	15	0
        116152	2026-02-19 12:05:52	1	2	15	0
        118160	2026-02-19 12:05:56	1	2	15	0
        118407	2026-02-19 12:06:01	1	2	15	0
        117242	2026-02-19 12:06:42	1	2	1	0
        117274	2026-02-19 12:07:27	1	2	15	0
        116829	2026-02-19 12:07:31	1	2	15	0
        116192	2026-02-19 12:07:39	1	2	15	0
        117631	2026-02-19 12:07:42	1	2	15	0
        118566	2026-02-19 12:08:02	1	2	15	0
        117727	2026-02-19 12:08:13	1	2	15	0
        116466	2026-02-19 12:08:40	1	2	1	0
        116509	2026-02-19 12:08:46	1	2	15	0
        118298	2026-02-19 12:08:50	1	2	1	0
        117185	2026-02-19 12:08:56	1	2	15	0
        118406	2026-02-19 12:09:04	1	2	15	0
        116511	2026-02-19 12:09:18	1	2	15	0
        119376	2026-02-19 12:09:24	1	2	15	0
        116476	2026-02-19 12:09:30	1	2	15	0
        118160	2026-02-19 12:09:34	1	2	15	0
        118548	2026-02-19 12:09:52	1	2	15	0
        116152	2026-02-19 12:09:56	1	2	15	0
        118509	2026-02-19 12:09:58	1	2	15	0
        110068	2026-02-19 12:10:02	1	2	1	0
        116202	2026-02-19 12:10:08	1	2	15	0
        119117	2026-02-19 12:10:13	1	2	1	0
        117242	2026-02-19 12:10:28	1	2	1	0
        118251	2026-02-19 12:10:32	1	2	1	0
        116712	2026-02-19 12:10:35	1	2	15	0
        119393	2026-02-19 12:10:41	1	2	15	0
        116263	2026-02-19 12:10:43	1	2	15	0
        117518	2026-02-19 12:10:48	1	2	15	0
        118083	2026-02-19 12:11:06	1	2	15	0
        119443	2026-02-19 12:11:25	1	2	15	0
        110477	2026-02-19 12:11:49	1	2	15	0
        116434	2026-02-19 12:12:03	1	2	1	0
        118398	2026-02-19 12:12:10	1	2	15	0
        119407	2026-02-19 12:12:16	1	2	15	0
        116271	2026-02-19 12:12:21	1	2	15	0
        117687	2026-02-19 12:12:28	1	2	15	0
        116712	2026-02-19 12:13:43	1	2	15	0
        116829	2026-02-19 12:13:48	1	2	15	0
        117274	2026-02-19 12:13:53	1	2	15	0
        117092	2026-02-19 12:14:00	1	2	15	0
        118251	2026-02-19 12:14:13	1	2	1	0
        117977	2026-02-19 12:14:37	1	2	15	0
        117518	2026-02-19 12:14:52	1	2	15	0
        116790	2026-02-19 12:15:03	1	2	15	0
        119393	2026-02-19 12:15:13	1	2	15	0
        116263	2026-02-19 12:16:13	1	2	15	0
        119443	2026-02-19 12:16:18	1	2	15	0
        117775	2026-02-19 12:16:30	1	2	15	0
        118083	2026-02-19 12:16:35	1	2	15	0
        117092	2026-02-19 12:16:46	1	2	15	0
        119407	2026-02-19 12:16:57	1	2	15	0
        118398	2026-02-19 12:17:04	1	2	15	0
        116271	2026-02-19 12:17:11	1	2	15	0
        116487	2026-02-19 12:17:18	1	2	15	0
        118760	2026-02-19 12:19:03	1	2	15	0
        116825	2026-02-19 12:19:55	1	2	15	0
        118326	2026-02-19 12:20:53	1	2	15	0
        116476	2026-02-19 12:21:14	1	2	15	0
        117687	2026-02-19 12:21:36	1	2	15	0
        118407	2026-02-19 12:22:46	1	2	15	0
        118326	2026-02-19 12:24:20	1	2	15	0
        116844	2026-02-19 12:24:32	1	2	15	0
        116844	2026-02-19 12:27:02	1	2	15	0
        116007	2026-02-19 12:27:10	1	2	1	0
        110188	2026-02-19 12:29:44	1	2	15	0
        117656	2026-02-19 12:29:50	1	2	15	0
        116202	2026-02-19 12:29:58	1	2	15	0
        110429	2026-02-19 12:32:22	1	3	15	0
        116790	2026-02-19 12:33:41	1	3	15	0
        110188	2026-02-19 12:34:01	1	3	15	0
        117656	2026-02-19 12:34:06	1	3	15	0
        116007	2026-02-19 12:34:33	1	3	1	0
        118566	2026-02-19 12:34:42	1	3	15	0
        116434	2026-02-19 12:34:46	1	3	1	0
        119406	2026-02-19 12:36:53	1	3	15	0
        119406	2026-02-19 12:41:23	1	3	15	0
        117727	2026-02-19 12:41:28	1	3	15	0
        116511	2026-02-19 12:41:34	1	3	15	0
        116738	2026-02-19 12:41:39	1	3	15	0
        116509	2026-02-19 12:41:43	1	3	15	0
        116466	2026-02-19 12:41:49	1	3	1	0
        118298	2026-02-19 12:41:56	1	3	1	0
        110115	2026-02-19 12:46:03	1	3	15	0
        118143	2026-02-19 12:48:28	1	3	15	0
        118143	2026-02-19 12:50:50	1	3	15	0
        110115	2026-02-19 12:51:05	1	3	15	0
        119392	2026-02-19 12:52:59	1	3	15	0
        118585	2026-02-19 12:57:39	1	3	15	0
        119392	2026-02-19 12:57:51	1	3	15	0
        118585	2026-02-19 12:59:41	1	3	15	0
        117518	2026-02-19 14:00:19	1	3	15	0
        117398	2026-02-19 15:43:10	1	3	15	0
        116487	2026-02-19 15:44:15	1	3	15	0
        118146	2026-02-19 16:05:21	1	1	15	0
        118326	2026-02-19 16:05:31	1	1	15	0
        118406	2026-02-19 16:08:48	1	1	15	0
        117185	2026-02-19 16:13:50	1	1	15	0
        110477	2026-02-19 16:23:41	1	1	15	0
        116509	2026-02-19 16:30:53	1	1	15	0
        119206	2026-02-19 16:32:13	1	1	15	0
        116152	2026-02-19 16:38:51	1	1	15	0
        118548	2026-02-19 16:38:54	1	1	15	0
        118301	2026-02-19 16:45:30	1	1	15	0
        116825	2026-02-19 16:46:55	1	1	15	0
        116511	2026-02-19 17:06:21	1	1	15	0
        118509	2026-02-19 17:08:42	1	1	15	0
        118760	2026-02-19 17:17:47	1	1	15	0
        118801	2026-02-19 17:22:44	1	1	15	0
        116466	2026-02-19 17:22:49	1	1	1	0
        119117	2026-02-19 17:23:13	1	1	1	0
        117631	2026-02-19 17:23:39	1	1	15	0
        119406	2026-02-19 17:23:44	1	1	15	0
        116192	2026-02-19 17:23:50	1	1	15	0
        118251	2026-02-19 17:24:09	1	1	1	0
        118407	2026-02-19 17:35:38	1	1	15	0
        116476	2026-02-19 17:39:07	1	1	15	0
        117242	2026-02-19 17:42:50	1	1	1	0
        116844	2026-02-19 17:54:26	1	1	15	0
        110429	2026-02-19 17:55:49	1	1	15	0
        116790	2026-02-19 18:00:14	1	1	15	0
        110068	2026-02-19 18:03:52	1	1	1	0
        119376	2026-02-19 18:06:42	1	1	15	0
        110188	2026-02-19 18:08:46	1	1	15	0
        119392	2026-02-19 18:09:22	1	1	15	0
        119407	2026-02-19 18:09:29	1	1	15	0
        116271	2026-02-19 18:09:34	1	1	15	0
        119393	2026-02-19 18:09:44	1	1	15	0
        119443	2026-02-19 18:09:49	1	1	15	0
        117656	2026-02-19 18:15:42	1	1	15	0
        118083	2026-02-19 18:17:58	1	1	15	0
        117092	2026-02-19 18:18:03	1	1	15	0
        118298	2026-02-19 18:20:18	1	1	1	0
        116738	2026-02-19 18:25:10	1	1	15	0
        116202	2026-02-19 18:26:00	1	1	15	0
        110115	2026-02-19 18:27:17	1	1	15	0
        118566	2026-02-19 18:29:59	1	1	15	0
        116434	2026-02-19 18:36:38	1	1	1	0
        117727	2026-02-19 18:36:45	1	1	15	0
        118585	2026-02-19 18:38:19	1	1	15	0
        118160	2026-02-19 18:49:13	1	1	15	0
        117090	2026-02-19 18:49:19	1	1	15	0
        117977	2026-02-19 18:50:30	1	1	15	0
        116829	2026-02-19 18:52:08	1	1	15	0
        116096	2026-02-19 18:52:15	1	1	15	0
        117274	2026-02-19 18:52:24	1	1	15	0
        118143	2026-02-19 18:55:15	1	1	15	0
        118398	2026-02-19 18:55:21	1	1	15	0
        116263	2026-02-19 18:55:25	1	1	15	0
        116007	2026-02-19 19:23:53	1	1	1	0
        117687	2026-02-19 20:10:11	1	1	15	0
        118548	2026-02-20 06:38:46	1	0	15	0
        118326	2026-02-20 06:45:52	1	0	15	0
        118406	2026-02-20 06:51:31	1	0	15	0
        116509	2026-02-20 07:02:07	1	0	15	0
        118301	2026-02-20 07:09:44	1	0	15	0
        118160	2026-02-20 07:11:21	1	0	15	0
        119206	2026-02-20 07:15:13	1	0	15	0
        117631	2026-02-20 07:25:15	1	0	15	0
        116202	2026-02-20 07:25:21	1	0	15	0
        119376	2026-02-20 07:27:51	1	0	15	0
        116487	2026-02-20 07:30:28	1	0	15	0
        110477	2026-02-20 07:42:25	1	0	15	0
        116192	2026-02-20 07:42:38	1	0	15	0
        118509	2026-02-20 07:46:20	1	0	15	0
        117687	2026-02-20 07:48:26	1	0	15	0
        117656	2026-02-20 07:52:01	1	0	15	0
        117398	2026-02-20 08:06:48	1	0	15	0
        117518	2026-02-20 08:07:13	1	0	15	0
        118760	2026-02-20 08:07:47	1	0	15	0
        119117	2026-02-20 08:09:58	1	0	15	0
        117242	2026-02-20 08:11:14	1	0	15	0
        118143	2026-02-20 08:17:43	1	0	15	0
        116844	2026-02-20 08:17:56	1	0	15	0
        116466	2026-02-20 08:18:05	1	0	1	0
        118298	2026-02-20 08:21:17	1	0	1	0
        119077	2026-02-20 08:25:11	1	0	15	0
        117092	2026-02-20 08:26:15	1	0	15	0
        117727	2026-02-20 08:27:17	1	0	15	0
        116790	2026-02-20 08:30:58	1	0	15	0
        119443	2026-02-20 08:33:02	1	0	15	0
        116096	2026-02-20 08:40:11	1	0	15	0
        119393	2026-02-20 08:42:00	1	0	15	0
        117274	2026-02-20 08:44:32	1	0	15	0
        116829	2026-02-20 08:44:46	1	0	15	0
        118585	2026-02-20 08:49:44	1	0	15	0
        117977	2026-02-20 08:50:02	1	0	15	0
        116434	2026-02-20 08:50:42	1	0	15	0
        116825	2026-02-20 08:51:17	1	0	15	0
        110429	2026-02-20 08:54:55	1	0	15	0
        117090	2026-02-20 08:59:23	1	0	15	0
        119392	2026-02-20 09:00:07	1	0	15	0
        116738	2026-02-20 09:04:36	1	0	15	0
        118566	2026-02-20 09:05:53	1	0	15	0
        118801	2026-02-20 09:08:10	1	0	15	0
        116476	2026-02-20 09:10:17	1	0	15	0
        116152	2026-02-20 09:10:34	1	0	15	0
        116263	2026-02-20 09:23:05	1	0	15	0
        110124	2026-02-20 09:35:53	1	0	15	0
        110188	2026-02-20 09:59:25	1	0	15	0
        116096	2026-02-20 12:00:25	1	2	15	0
        116825	2026-02-20 12:00:41	1	2	15	0
        119376	2026-02-20 12:00:51	1	2	15	0
        110124	2026-02-20 12:00:59	1	2	15	0
        117274	2026-02-20 12:01:07	1	2	15	0
        119117	2026-02-20 12:01:16	1	2	1	0
        116476	2026-02-20 12:01:23	1	2	15	0
        117977	2026-02-20 12:01:28	1	2	15	0
        118509	2026-02-20 12:01:35	1	2	15	0
        110068	2026-02-20 12:01:38	1	2	1	0
        118548	2026-02-20 12:01:44	1	2	15	0
        118406	2026-02-20 12:01:49	1	2	15	0
        116825	2026-02-20 12:01:53	1	2	15	0
        118398	2026-02-20 12:02:09	1	2	15	0
        117398	2026-02-20 12:02:28	1	2	15	0
        118326	2026-02-20 12:02:51	1	2	15	0
        116790	2026-02-20 12:03:12	1	2	15	0
        110477	2026-02-20 12:03:17	1	2	15	0
        119376	2026-02-20 12:03:43	1	2	15	0
        118398	2026-02-20 12:03:47	1	2	15	0
        117274	2026-02-20 12:04:04	1	2	15	0
        118301	2026-02-20 12:04:12	1	2	15	0
        116096	2026-02-20 12:04:26	1	2	15	0
        118760	2026-02-20 12:04:46	1	2	15	0
        117092	2026-02-20 12:04:54	1	2	15	0
        117727	2026-02-20 12:05:20	1	2	15	0
        116738	2026-02-20 12:05:27	1	2	15	0
        118801	2026-02-20 12:05:36	1	2	15	0
        117398	2026-02-20 12:05:41	1	2	15	0
        118566	2026-02-20 12:06:42	1	2	15	0
        119117	2026-02-20 12:06:58	1	2	1	0
        118509	2026-02-20 12:07:04	1	2	15	0
        118548	2026-02-20 12:07:09	1	2	15	0
        110068	2026-02-20 12:07:13	1	2	1	0
        117092	2026-02-20 12:07:22	1	2	15	0
        116152	2026-02-20 12:08:37	1	2	15	0
        119077	2026-02-20 12:09:13	1	2	15	0
        116263	2026-02-20 12:09:19	1	2	15	0
        118760	2026-02-20 12:09:24	1	2	15	0
        119206	2026-02-20 12:10:13	1	2	15	0
        117977	2026-02-20 12:10:54	1	2	15	0
        117518	2026-02-20 12:11:10	1	2	15	0
        116152	2026-02-20 12:11:16	1	2	15	0
        118301	2026-02-20 12:11:33	1	2	15	0
        110477	2026-02-20 12:11:42	1	2	15	0
        116790	2026-02-20 12:11:49	1	2	15	0
        110429	2026-02-20 12:12:00	1	2	15	0
        110188	2026-02-20 12:13:14	1	2	15	0
        117656	2026-02-20 12:13:18	1	2	15	0
        119206	2026-02-20 12:13:27	1	2	15	0
        118326	2026-02-20 12:14:45	1	2	15	0
        119077	2026-02-20 12:14:51	1	2	15	0
        116263	2026-02-20 12:14:55	1	2	15	0
        117518	2026-02-20 12:15:08	1	2	15	0
        117631	2026-02-20 12:15:17	1	2	15	0
        116192	2026-02-20 12:15:23	1	2	15	0
        118406	2026-02-20 12:16:41	1	2	15	0
        117656	2026-02-20 12:17:47	1	2	15	0
        110188	2026-02-20 12:17:53	1	2	15	0
        117242	2026-02-20 12:18:11	1	2	1	0
        116192	2026-02-20 12:18:49	1	2	15	0
        117631	2026-02-20 12:18:53	1	2	15	0
        118566	2026-02-20 12:19:06	1	2	15	0
        118801	2026-02-20 12:22:04	1	2	15	0
        118160	2026-02-20 12:22:41	1	2	15	0
        117242	2026-02-20 12:23:55	1	2	1	0
        118160	2026-02-20 12:24:34	1	2	15	0
        118298	2026-02-20 12:25:01	1	2	1	0
        116434	2026-02-20 12:25:13	1	2	1	0
        116509	2026-02-20 12:25:19	1	2	15	0
        116476	2026-02-20 12:25:39	1	2	15	0
        116829	2026-02-20 12:25:53	1	2	1	0
        116466	2026-02-20 12:27:07	1	2	1	0
        110124	2026-02-20 12:29:24	1	2	15	0
        116511	2026-02-20 12:29:30	1	2	15	0
        116829	2026-02-20 12:30:40	1	3	1	0
        116844	2026-02-20 12:31:55	1	3	15	0
        116738	2026-02-20 12:32:53	1	3	15	0
        116844	2026-02-20 12:35:18	1	3	15	0
        117727	2026-02-20 12:36:16	1	3	15	0
        116487	2026-02-20 12:36:28	1	3	15	0
        116487	2026-02-20 12:38:56	1	3	15	0
        118585	2026-02-20 12:42:08	1	3	15	0
        118585	2026-02-20 12:44:23	1	3	15	0
        116466	2026-02-20 12:45:08	1	3	1	0
        110429	2026-02-20 12:46:39	1	3	15	0
        116434	2026-02-20 12:47:15	1	3	1	0
        118298	2026-02-20 12:47:19	1	3	1	0
        116509	2026-02-20 12:47:31	1	3	15	0
        118143	2026-02-20 12:53:47	1	3	15	0
        117090	2026-02-20 12:53:50	1	3	15	0
        116202	2026-02-20 12:53:55	1	3	15	0
        119392	2026-02-20 12:54:00	1	3	15	0
        116511	2026-02-20 12:54:31	1	3	15	0
        117090	2026-02-20 12:57:17	1	3	15	0
        118143	2026-02-20 12:57:23	1	3	15	0
        116202	2026-02-20 12:57:28	1	3	15	0
        119392	2026-02-20 12:57:33	1	3	15	0
        116487	2026-02-20 15:29:15	1	3	15	0
        116487	2026-02-20 15:30:18	1	3	15	0
        119376	2026-02-20 15:42:10	1	3	15	0
        118326	2026-02-20 16:04:28	1	1	15	0
        116509	2026-02-20 16:08:11	1	1	15	0
        119206	2026-02-20 16:33:27	1	1	15	0
        118548	2026-02-20 16:49:59	1	1	15	0
        110068	2026-02-20 16:50:04	1	1	1	0
        110477	2026-02-20 16:55:09	1	1	15	0
        119117	2026-02-20 17:13:00	1	1	1	0
        118509	2026-02-20 17:18:49	1	1	15	0
        118298	2026-02-20 17:21:15	1	1	1	0
        116844	2026-02-20 17:27:20	1	1	15	0
        116790	2026-02-20 17:34:46	1	1	15	0
        110429	2026-02-20 18:01:40	1	1	15	0
        118398	2026-02-20 18:04:42	1	1	15	0
        116263	2026-02-20 18:04:46	1	1	15	0
        116152	2026-02-20 18:08:28	1	1	15	0
        116096	2026-02-20 18:14:08	1	1	15	0
        116434	2026-02-20 18:18:54	1	1	15	0
        116738	2026-02-20 18:18:59	1	1	15	0
        117727	2026-02-20 18:19:03	1	1	15	0
        117092	2026-02-20 18:23:58	1	1	15	0
        116829	2026-02-20 18:24:38	1	1	15	0
        117274	2026-02-20 18:24:43	1	1	15	0
        117687	2026-02-20 18:33:04	1	1	15	0
        117090	2026-02-20 18:40:21	1	1	15	0
        116202	2026-02-20 18:40:26	1	1	15	0
        117518	2026-02-20 18:40:31	1	1	15	0
        117242	2026-02-20 18:40:45	1	1	1	0
        110124	2026-02-20 18:48:46	1	1	15	0
        116511	2026-02-20 18:48:52	1	1	15	0
        117977	2026-02-20 18:53:36	1	1	15	0
        117656	2026-02-20 18:55:05	1	1	15	0
        118160	2026-02-20 19:06:41	1	1	15	0
        118585	2026-02-20 19:22:00	1	1	15	0
        118143	2026-02-20 20:14:06	1	1	15	0
        118548	2026-02-23 06:05:35	1	0	15	0
        118326	2026-02-23 06:43:49	1	0	15	0
        118160	2026-02-23 06:54:51	1	0	15	0
        116509	2026-02-23 07:01:37	1	0	15	0
        118301	2026-02-23 07:01:41	1	0	15	0
        118251	2026-02-23 07:02:57	1	0	15	0
        118585	2026-02-23 07:06:33	1	0	15	0
        118406	2026-02-23 07:09:23	1	0	15	0
        116466	2026-02-23 07:18:44	1	0	1	0
        119206	2026-02-23 07:21:57	1	0	15	0
        118760	2026-02-23 07:22:22	1	0	15	0
        116152	2026-02-23 07:26:19	1	0	15	0
        110046	2026-02-23 07:26:40	1	0	15	0
        110045	2026-02-23 07:27:38	1	0	15	0
        116487	2026-02-23 07:28:16	1	0	15	0
        118509	2026-02-23 07:29:49	1	0	15	0
        110115	2026-02-23 07:30:10	1	0	15	0
        116192	2026-02-23 07:30:26	1	0	15	0
        117631	2026-02-23 07:30:57	1	0	15	0
        110188	2026-02-23 07:31:26	1	0	15	0
        110068	2026-02-23 07:33:15	1	0	1	0
        117727	2026-02-23 07:34:40	1	0	15	0
        116202	2026-02-23 07:38:48	1	0	15	0
        110429	2026-02-23 07:41:30	1	0	15	0
        118146	2026-02-23 07:41:38	1	0	15	0
        117090	2026-02-23 07:42:29	1	0	15	0
        116825	2026-02-23 07:42:51	1	0	15	0
        117687	2026-02-23 07:43:28	1	0	15	0
        116434	2026-02-23 07:48:52	1	0	1	0
        119393	2026-02-23 07:49:12	1	0	15	0
        117518	2026-02-23 07:49:16	1	0	15	0
        116096	2026-02-23 07:50:55	1	0	15	0
        110477	2026-02-23 07:51:11	1	0	15	0
        116790	2026-02-23 07:54:20	1	0	15	0
        119376	2026-02-23 07:54:39	1	0	15	0
        116712	2026-02-23 07:55:22	1	0	15	0
        116844	2026-02-23 07:57:36	1	0	15	0
        116007	2026-02-23 07:58:08	1	0	1	0
        119443	2026-02-23 07:58:14	1	0	15	0
        117274	2026-02-23 08:03:39	1	0	15	0
        117398	2026-02-23 08:03:43	1	0	15	0
        116738	2026-02-23 08:03:47	1	0	15	0
        119117	2026-02-23 08:04:06	1	0	1	0
        118801	2026-02-23 08:04:15	1	0	15	0
        117977	2026-02-23 08:05:13	1	0	15	0
        117242	2026-02-23 08:05:33	1	0	1	0
        110124	2026-02-23 08:06:17	1	0	15	0
        116953	2026-02-23 08:07:27	1	0	15	0
        118298	2026-02-23 08:07:45	1	0	1	0
        117656	2026-02-23 08:09:22	1	0	15	0
        116511	2026-02-23 08:11:20	1	0	15	0
        117185	2026-02-23 08:11:56	1	0	15	0
        119406	2026-02-23 08:15:20	1	0	15	0
        118143	2026-02-23 08:19:56	1	0	15	0
        118398	2026-02-23 08:28:27	1	0	15	0
        118566	2026-02-23 08:29:11	1	0	15	0
        119077	2026-02-23 08:35:31	1	0	15	0
        116263	2026-02-23 08:44:31	1	0	15	0
        116829	2026-02-23 08:51:07	1	0	15	0
        118083	2026-02-23 09:04:09	1	0	15	0
        118407	2026-02-23 09:05:32	1	0	15	0
        119392	2026-02-23 10:46:49	1	0	15	0
        118760	2026-02-23 12:00:07	1	2	15	0
        117274	2026-02-23 12:00:23	1	2	15	0
        117398	2026-02-23 12:00:42	1	2	15	0
        116953	2026-02-23 12:01:12	1	2	15	0
        116790	2026-02-23 12:01:15	1	2	15	0
        110045	2026-02-23 12:01:47	1	2	15	0
        110115	2026-02-23 12:02:29	1	2	15	0
        118146	2026-02-23 12:02:33	1	2	15	0
        118509	2026-02-23 12:02:37	1	2	15	0
        119117	2026-02-23 12:02:51	1	2	1	0
        117090	2026-02-23 12:03:07	1	2	15	0
        118760	2026-02-23 12:03:16	1	2	15	0
        116192	2026-02-23 12:03:20	1	2	15	0
        117631	2026-02-23 12:03:26	1	2	15	0
        118566	2026-02-23 12:03:31	1	2	15	0
        118326	2026-02-23 12:03:36	1	2	15	0
        116434	2026-02-23 12:04:05	1	2	1	0
        116466	2026-02-23 12:04:11	1	2	1	0
        118160	2026-02-23 12:04:18	1	2	15	0
        119393	2026-02-23 12:04:23	1	2	15	0
        116509	2026-02-23 12:04:27	1	2	15	0
        116263	2026-02-23 12:04:31	1	2	15	0
        117274	2026-02-23 12:04:39	1	2	15	0
        118298	2026-02-23 12:05:11	1	2	1	0
        117398	2026-02-23 12:05:17	1	2	15	0
        118251	2026-02-23 12:05:21	1	2	1	0
        119443	2026-02-23 12:05:30	1	2	15	0
        110068	2026-02-23 12:05:35	1	2	1	0
        118548	2026-02-23 12:05:41	1	2	15	0
        116152	2026-02-23 12:05:45	1	2	15	0
        119206	2026-02-23 12:05:49	1	2	15	0
        117185	2026-02-23 12:05:55	1	2	15	0
        118406	2026-02-23 12:05:59	1	2	15	0
        116096	2026-02-23 12:06:02	1	2	15	0
        117090	2026-02-23 12:06:06	1	2	15	0
        116829	2026-02-23 12:06:11	1	2	15	0
        116825	2026-02-23 12:06:14	1	2	15	0
        116007	2026-02-23 12:06:18	1	2	1	0
        118398	2026-02-23 12:06:26	1	2	15	0
        117631	2026-02-23 12:06:56	1	2	15	0
        116192	2026-02-23 12:07:00	1	2	15	0
        116953	2026-02-23 12:07:09	1	2	15	0
        110046	2026-02-23 12:07:12	1	2	15	0
        116790	2026-02-23 12:07:16	1	2	15	0
        116509	2026-02-23 12:07:24	1	2	15	0
        116007	2026-02-23 12:07:31	1	2	1	0
        110477	2026-02-23 12:07:36	1	2	15	0
        110188	2026-02-23 12:07:42	1	2	15	0
        110045	2026-02-23 12:07:54	1	2	15	0
        110429	2026-02-23 12:08:47	1	2	15	0
        119206	2026-02-23 12:09:19	1	2	15	0
        118251	2026-02-23 12:09:24	1	2	1	0
        119443	2026-02-23 12:09:32	1	2	15	0
        119393	2026-02-23 12:09:42	1	2	15	0
        116096	2026-02-23 12:10:01	1	2	15	0
        116825	2026-02-23 12:10:05	1	2	15	0
        116829	2026-02-23 12:10:09	1	2	15	0
        119376	2026-02-23 12:10:18	1	2	15	0
        110188	2026-02-23 12:10:34	1	2	15	0
        118398	2026-02-23 12:10:57	1	2	15	0
        119117	2026-02-23 12:11:25	1	2	1	0
        117727	2026-02-23 12:12:33	1	2	15	0
        110477	2026-02-23 12:12:59	1	2	15	0
        116738	2026-02-23 12:13:06	1	2	15	0
        119376	2026-02-23 12:13:10	1	2	15	0
        110046	2026-02-23 12:15:02	1	2	15	0
        117518	2026-02-23 12:15:45	1	2	15	0
        117977	2026-02-23 12:15:49	1	2	15	0
        116844	2026-02-23 12:15:52	1	2	15	0
        117242	2026-02-23 12:15:56	1	2	1	0
        118509	2026-02-23 12:16:02	1	2	15	0
        116152	2026-02-23 12:16:08	1	2	15	0
        110068	2026-02-23 12:16:13	1	2	1	0
        118548	2026-02-23 12:16:19	1	2	15	0
        119406	2026-02-23 12:16:34	1	2	15	0
        118566	2026-02-23 12:17:22	1	2	15	0
        118160	2026-02-23 12:17:48	1	2	15	0
        118801	2026-02-23 12:18:18	1	2	15	0
        116202	2026-02-23 12:18:39	1	2	15	0
        110124	2026-02-23 12:19:16	1	2	15	0
        117242	2026-02-23 12:20:41	1	2	1	0
        118407	2026-02-23 12:20:48	1	2	15	0
        117687	2026-02-23 12:20:54	1	2	15	0
        119406	2026-02-23 12:21:03	1	2	15	0
        118083	2026-02-23 12:21:29	1	2	15	0
        117977	2026-02-23 12:23:13	1	2	15	0
        110124	2026-02-23 12:23:47	1	2	15	0
        118083	2026-02-23 12:25:17	1	2	15	0
        110429	2026-02-23 12:27:06	1	2	15	0
        117518	2026-02-23 12:27:58	1	2	15	0
        110115	2026-02-23 12:28:03	1	2	15	0
        118146	2026-02-23 12:28:09	1	2	15	0
        118326	2026-02-23 12:29:39	1	2	15	0
        116511	2026-02-23 12:34:52	1	3	15	0
        116434	2026-02-23 12:35:34	1	3	1	0
        118298	2026-02-23 12:35:39	1	3	1	0
        116509	2026-02-23 12:35:45	1	3	15	0
        118801	2026-02-23 12:36:07	1	3	15	0
        117656	2026-02-23 12:36:28	1	3	15	0
        116712	2026-02-23 12:36:36	1	3	15	0
        116466	2026-02-23 12:36:54	1	3	1	0
        116007	2026-02-23 12:37:00	1	3	1	0
        117656	2026-02-23 12:39:15	1	3	15	0
        116712	2026-02-23 12:40:31	1	3	15	0
        118143	2026-02-23 12:41:15	1	3	15	0
        117185	2026-02-23 12:41:50	1	3	15	0
        118406	2026-02-23 12:41:55	1	3	15	0
        117687	2026-02-23 12:41:58	1	3	15	0
        117727	2026-02-23 12:42:03	1	3	15	0
        116738	2026-02-23 12:42:09	1	3	15	0
        118407	2026-02-23 12:42:41	1	3	15	0
        116434	2026-02-23 12:43:09	1	3	1	0
        118298	2026-02-23 12:43:12	1	3	1	0
        118143	2026-02-23 12:46:15	1	3	15	0
        119077	2026-02-23 12:47:13	1	3	15	0
        119077	2026-02-23 12:50:11	1	3	15	0
        116476	2026-02-23 12:52:02	1	3	15	0
        116263	2026-02-23 12:53:05	1	3	15	0
        119392	2026-02-23 12:53:14	1	3	15	0
        116511	2026-02-23 12:53:22	1	3	15	0
        116844	2026-02-23 12:54:29	1	3	15	0
        116202	2026-02-23 12:54:49	1	3	15	0
        119392	2026-02-23 12:56:14	1	3	15	0
        118585	2026-02-23 12:56:23	1	3	15	0
        118585	2026-02-23 12:58:10	1	3	15	0
        118801	2026-02-23 15:22:41	1	3	15	0
        116487	2026-02-23 15:35:16	1	3	15	0
        117398	2026-02-23 16:58:59	1	1	15	0
        118326	2026-02-23 17:00:13	1	1	15	0
        116953	2026-02-23 17:01:05	1	1	15	0
        119206	2026-02-23 17:01:09	1	1	15	0
        110477	2026-02-23 17:01:14	1	1	15	0
        117398	2026-02-23 17:01:19	1	1	15	0
        116829	2026-02-23 17:03:13	1	1	1	0
        116152	2026-02-23 17:03:19	1	1	15	0
        116825	2026-02-23 17:03:23	1	1	15	0
        117274	2026-02-23 17:03:29	1	1	15	0
        118301	2026-02-23 17:03:45	1	1	15	0
        118160	2026-02-23 17:04:39	1	1	15	0
        116096	2026-02-23 17:05:06	1	1	15	0
        119376	2026-02-23 17:05:11	1	1	15	0
        118760	2026-02-23 17:05:23	1	1	15	0
        118548	2026-02-23 17:05:42	1	1	15	0
        110068	2026-02-23 17:05:52	1	1	1	0
        117656	2026-02-23 17:05:59	1	1	15	0
        116476	2026-02-23 17:09:26	1	1	15	0
        116509	2026-02-23 17:09:41	1	1	15	0
        117185	2026-02-23 17:09:45	1	1	15	0
        118760	2026-02-23 17:09:49	1	1	15	0
        119117	2026-02-23 17:11:52	1	1	1	0
        118566	2026-02-23 17:11:57	1	1	15	0
        116434	2026-02-23 17:12:37	1	1	15	0
        117727	2026-02-23 17:12:43	1	1	15	0
        117631	2026-02-23 17:13:08	1	1	15	0
        116192	2026-02-23 17:13:13	1	1	15	0
        118406	2026-02-23 17:13:22	1	1	15	0
        119077	2026-02-23 17:16:50	1	1	15	0
        118251	2026-02-23 17:17:16	1	1	1	0
        110188	2026-02-23 17:18:25	1	1	15	0
        110046	2026-02-23 17:20:30	1	1	15	0
        110429	2026-02-23 17:21:08	1	1	15	0
        116712	2026-02-23 17:22:30	1	1	15	0
        116790	2026-02-23 17:27:04	1	1	15	0
        117977	2026-02-23 17:28:23	1	1	15	0
        118398	2026-02-23 17:30:49	1	1	15	0
        116007	2026-02-23 17:31:33	1	1	1	0
        116466	2026-02-23 17:34:08	1	1	1	0
        118509	2026-02-23 17:34:57	1	1	15	0
        116844	2026-02-23 17:41:29	1	1	15	0
        118146	2026-02-23 17:52:57	1	1	15	0
        119393	2026-02-23 17:53:52	1	1	15	0
        119443	2026-02-23 17:53:58	1	1	15	0
        117518	2026-02-23 17:54:19	1	1	15	0
        118407	2026-02-23 17:54:25	1	1	15	0
        117242	2026-02-23 17:57:53	1	1	1	0
        118083	2026-02-23 17:58:27	1	1	15	0
        116263	2026-02-23 18:02:19	1	1	15	0
        110115	2026-02-23 18:05:17	1	1	15	0
        116738	2026-02-23 18:06:50	1	1	15	0
        116202	2026-02-23 18:11:06	1	1	15	0
        117090	2026-02-23 18:11:08	1	1	15	0
        118298	2026-02-23 18:19:21	1	1	1	0
        118585	2026-02-23 18:25:01	1	1	15	0
        118143	2026-02-23 18:36:56	1	1	15	0
        119392	2026-02-23 18:43:36	1	1	15	0
        117687	2026-02-23 19:23:19	1	1	15	0
        110124	2026-02-23 19:34:42	1	1	15	0
        116511	2026-02-23 19:34:49	1	1	15	0
        119406	2026-02-23 20:04:46	1	1	15	0
        118548	2026-02-24 05:58:09	1	0	15	0
        118160	2026-02-24 06:38:07	1	0	15	0
        118326	2026-02-24 06:42:46	1	0	15	0
        116509	2026-02-24 06:49:50	1	0	15	0
        116953	2026-02-24 07:00:45	1	0	15	0
        118406	2026-02-24 07:10:20	1	0	15	0
        117775	2026-02-24 07:14:57	1	0	15	0
        118301	2026-02-24 07:17:34	1	0	15	0
        116790	2026-02-24 07:19:13	1	0	15	0
        117185	2026-02-24 07:20:08	1	0	15	0
        118251	2026-02-24 07:24:23	1	0	1	0
        110046	2026-02-24 07:26:47	1	0	15	0
        116487	2026-02-24 07:31:59	1	0	15	0
        118585	2026-02-24 07:35:50	1	0	15	0
        117727	2026-02-24 07:36:26	1	0	15	0
        116738	2026-02-24 07:39:23	1	0	15	0
        110477	2026-02-24 07:39:28	1	0	15	0
        117631	2026-02-24 07:40:32	1	0	15	0
        116192	2026-02-24 07:46:29	1	0	15	0
        119206	2026-02-24 07:46:58	1	0	15	0
        117090	2026-02-24 07:47:04	1	0	15	0
        116466	2026-02-24 07:47:08	1	0	1	0
        118509	2026-02-24 07:50:45	1	0	15	0
        118760	2026-02-24 07:51:55	1	0	15	0
        110429	2026-02-24 08:01:53	1	0	15	0
        117242	2026-02-24 08:05:29	1	0	1	0
        119117	2026-02-24 08:06:47	1	0	1	0
        116844	2026-02-24 08:06:53	1	0	15	0
        118298	2026-02-24 08:09:28	1	0	1	0
        119393	2026-02-24 08:11:23	1	0	15	0
        117518	2026-02-24 08:11:29	1	0	15	0
        116202	2026-02-24 08:11:33	1	0	15	0
        119406	2026-02-24 08:11:48	1	0	15	0
        116096	2026-02-24 08:15:55	1	0	15	0
        110115	2026-02-24 08:15:59	1	0	15	0
        118143	2026-02-24 08:16:05	1	0	15	0
        110068	2026-02-24 08:18:31	1	0	1	0
        117398	2026-02-24 08:19:30	1	0	15	0
        117656	2026-02-24 08:19:48	1	0	15	0
        110188	2026-02-24 08:25:56	1	0	15	0
        116434	2026-02-24 08:28:15	1	0	1	0
        118407	2026-02-24 08:31:14	1	0	15	0
        119077	2026-02-24 08:32:22	1	0	15	0
        110045	2026-02-24 08:33:54	1	0	15	0
        119376	2026-02-24 08:37:26	1	0	15	0
        118801	2026-02-24 08:37:31	1	0	15	0
        119443	2026-02-24 08:42:47	1	0	15	0
        116825	2026-02-24 08:43:04	1	0	15	0
        117687	2026-02-24 08:44:22	1	0	15	0
        116712	2026-02-24 08:45:38	1	0	15	0
        110124	2026-02-24 08:50:08	1	0	15	0
        117977	2026-02-24 08:51:55	1	0	15	0
        116152	2026-02-24 08:52:20	1	0	15	0
        116476	2026-02-24 08:54:00	1	0	15	0
        118398	2026-02-24 08:54:04	1	0	15	0
        118566	2026-02-24 08:55:06	1	0	15	0
        117274	2026-02-24 08:57:22	1	0	15	0
        116829	2026-02-24 08:57:27	1	0	15	0
        118083	2026-02-24 08:58:15	1	0	15	0
        119392	2026-02-24 08:58:43	1	0	15	0
        116511	2026-02-24 09:01:41	1	0	15	0
        117274	2026-02-24 11:52:14	1	0	15	0
        117775	2026-02-24 12:00:14	1	0	15	0
        118760	2026-02-24 12:00:17	1	0	15	0
        117090	2026-02-24 12:00:21	1	0	15	0
        117631	2026-02-24 12:00:25	1	0	15	0
        119376	2026-02-24 12:00:29	1	0	15	0
        119077	2026-02-24 12:01:46	1	2	15	0
        116476	2026-02-24 12:01:52	1	2	15	0
        118760	2026-02-24 12:02:10	1	2	15	0
        119117	2026-02-24 12:02:37	1	2	1	0
        118301	2026-02-24 12:02:46	1	2	15	0
        118406	2026-02-24 12:02:56	1	2	15	0
        117185	2026-02-24 12:03:01	1	2	15	0
        116844	2026-02-24 12:03:11	1	2	15	0
        117656	2026-02-24 12:03:32	1	2	15	0
        110188	2026-02-24 12:03:34	1	2	15	0
        116096	2026-02-24 12:03:53	1	2	15	0
        116829	2026-02-24 12:03:59	1	2	15	0
        118160	2026-02-24 12:04:33	1	2	15	0
        118548	2026-02-24 12:04:38	1	2	15	0
        110068	2026-02-24 12:04:46	1	2	1	0
        119406	2026-02-24 12:04:51	1	2	15	0
        117090	2026-02-24 12:04:57	1	2	15	0
        117631	2026-02-24 12:05:00	1	2	15	0
        119376	2026-02-24 12:05:04	1	2	15	0
        117398	2026-02-24 12:05:30	1	2	15	0
        118160	2026-02-24 12:06:12	1	2	15	0
        116070	2026-02-24 12:06:25	1	2	1	0
        117656	2026-02-24 12:06:31	1	2	15	0
        110188	2026-02-24 12:06:35	1	2	15	0
        116096	2026-02-24 12:06:45	1	2	15	0
        116829	2026-02-24 12:06:57	1	2	15	0
        118407	2026-02-24 12:07:01	1	2	15	0
        118326	2026-02-24 12:07:04	1	2	15	0
        117242	2026-02-24 12:07:07	1	2	15	0
        117274	2026-02-24 12:07:16	1	2	15	0
        116953	2026-02-24 12:07:21	1	2	15	0
        116790	2026-02-24 12:07:25	1	2	15	0
        110477	2026-02-24 12:07:30	1	2	15	0
        118406	2026-02-24 12:07:39	1	2	15	0
        117185	2026-02-24 12:07:43	1	2	15	0
        119406	2026-02-24 12:07:53	1	2	15	0
        116152	2026-02-24 12:07:57	1	2	15	0
        119206	2026-02-24 12:08:01	1	2	15	0
        119117	2026-02-24 12:08:09	1	2	1	0
        116825	2026-02-24 12:08:26	1	2	15	0
        110068	2026-02-24 12:08:33	1	2	1	0
        118548	2026-02-24 12:08:39	1	2	15	0
        110046	2026-02-24 12:09:06	1	2	15	0
        116070	2026-02-24 12:09:39	1	2	15	0
        118083	2026-02-24 12:09:44	1	2	15	0
        117274	2026-02-24 12:10:18	1	2	15	0
        118398	2026-02-24 12:10:53	1	2	15	0
        118326	2026-02-24 12:11:06	1	2	15	0
        116825	2026-02-24 12:11:23	1	2	15	0
        116152	2026-02-24 12:11:52	1	2	15	0
        119206	2026-02-24 12:11:55	1	2	15	0
        117398	2026-02-24 12:12:19	1	2	15	0
        118083	2026-02-24 12:13:10	1	2	15	0
        116844	2026-02-24 12:13:29	1	2	15	0
        116790	2026-02-24 12:14:04	1	2	15	0
        110477	2026-02-24 12:14:10	1	2	15	0
        118301	2026-02-24 12:14:32	1	2	15	0
        110115	2026-02-24 12:14:49	1	2	15	0
        110045	2026-02-24 12:14:55	1	2	15	0
        110124	2026-02-24 12:15:52	1	2	15	0
        118398	2026-02-24 12:16:58	1	2	15	0
        118509	2026-02-24 12:17:09	1	2	15	0
        118407	2026-02-24 12:17:19	1	2	15	0
        118566	2026-02-24 12:17:29	1	2	15	0
        117242	2026-02-24 12:19:11	1	2	1	0
        116511	2026-02-24 12:20:15	1	2	15	0
        110429	2026-02-24 12:20:38	1	2	15	0
        116476	2026-02-24 12:20:51	1	2	15	0
        118509	2026-02-24 12:21:24	1	2	15	0
        110115	2026-02-24 12:21:34	1	2	15	0
        110045	2026-02-24 12:21:39	1	2	15	0
        117775	2026-02-24 12:21:44	1	2	15	0
        116953	2026-02-24 12:22:40	1	2	15	0
        116192	2026-02-24 12:24:11	1	2	15	0
        119393	2026-02-24 12:24:25	1	2	15	0
        118251	2026-02-24 12:24:29	1	2	1	0
        119443	2026-02-24 12:24:35	1	2	15	0
        117977	2026-02-24 12:24:41	1	2	15	0
        117727	2026-02-24 12:25:24	1	2	15	0
        116738	2026-02-24 12:25:50	1	2	15	0
        118801	2026-02-24 12:25:53	1	2	15	0
        117977	2026-02-24 12:27:08	1	2	15	0
        116192	2026-02-24 12:28:30	1	2	15	0
        119443	2026-02-24 12:28:39	1	2	15	0
        119393	2026-02-24 12:28:43	1	2	15	0
        118251	2026-02-24 12:28:47	1	2	1	0
        118143	2026-02-24 12:30:36	1	3	15	0
        116712	2026-02-24 12:32:27	1	3	15	0
        118585	2026-02-24 12:32:45	1	3	15	0
        117518	2026-02-24 12:34:22	1	3	15	0
        116509	2026-02-24 12:36:11	1	3	15	0
        116466	2026-02-24 12:36:16	1	3	1	0
        116434	2026-02-24 12:36:22	1	3	1	0
        118143	2026-02-24 12:36:46	1	3	15	0
        117518	2026-02-24 12:37:06	1	3	15	0
        110429	2026-02-24 12:38:51	1	3	15	0
        118585	2026-02-24 12:39:01	1	3	15	0
        118566	2026-02-24 12:39:52	1	3	15	0
        119077	2026-02-24 12:40:43	1	3	15	0
        116511	2026-02-24 12:42:00	1	3	15	0
        116202	2026-02-24 12:43:45	1	3	15	0
        110124	2026-02-24 12:44:07	1	3	15	0
        110046	2026-02-24 12:44:18	1	3	15	0
        116202	2026-02-24 12:46:34	1	3	15	0
        117687	2026-02-24 12:47:41	1	3	15	0
        119602	2026-02-24 12:47:45	1	3	15	0
        117727	2026-02-24 12:48:43	1	3	15	0
        116738	2026-02-24 12:48:48	1	3	15	0
        116509	2026-02-24 12:50:26	1	3	15	0
        116466	2026-02-24 12:50:32	1	3	1	0
        116434	2026-02-24 12:50:37	1	3	1	0
        116712	2026-02-24 12:51:14	1	3	15	0
        119392	2026-02-24 12:53:54	1	3	15	0
        119602	2026-02-24 12:54:02	1	3	15	0
        117687	2026-02-24 12:54:07	1	3	15	0
        119392	2026-02-24 12:57:10	1	3	15	0
        116487	2026-02-24 15:34:43	1	3	15	0
        116953	2026-02-24 16:01:56	1	1	15	0
        116509	2026-02-24 16:04:59	1	1	15	0
        118326	2026-02-24 16:08:30	1	1	15	0
        118548	2026-02-24 16:11:18	1	1	15	0
        117185	2026-02-24 16:27:26	1	1	15	0
        117398	2026-02-24 16:37:04	1	1	15	0
        118301	2026-02-24 16:39:43	1	1	15	0
        110477	2026-02-24 16:44:04	1	1	15	0
        119206	2026-02-24 17:02:33	1	1	15	0
        118509	2026-02-24 17:05:35	1	1	15	0
        110045	2026-02-24 17:10:58	1	1	15	0
        119406	2026-02-24 17:12:36	1	1	15	0
        118760	2026-02-24 17:16:56	1	1	15	0
        117631	2026-02-24 17:18:55	1	1	15	0
        116192	2026-02-24 17:18:58	1	1	15	0
        116825	2026-02-24 17:24:44	1	1	15	0
        119117	2026-02-24 17:26:58	1	1	1	0
        116844	2026-02-24 17:30:11	1	1	15	0
        119077	2026-02-24 17:35:02	1	1	15	0
        116511	2026-02-24 17:36:10	1	1	15	0
        118801	2026-02-24 17:38:27	1	1	15	0
        119376	2026-02-24 17:39:10	1	1	15	0
        110188	2026-02-24 17:41:35	1	1	15	0
        110429	2026-02-24 17:44:09	1	1	15	0
        118298	2026-02-24 17:49:05	1	1	1	0
        110046	2026-02-24 17:50:45	1	1	15	0
        116712	2026-02-24 17:51:33	1	1	15	0
        116466	2026-02-24 17:51:48	1	1	1	0
        117090	2026-02-24 17:55:17	1	1	15	0
        118160	2026-02-24 17:55:26	1	1	15	0
        116096	2026-02-24 17:57:47	1	1	15	0
        116790	2026-02-24 18:00:19	1	1	15	0
        118406	2026-02-24 18:00:24	1	1	15	0
        116476	2026-02-24 18:00:54	1	1	15	0
        117977	2026-02-24 18:03:28	1	1	15	0
        118083	2026-02-24 18:04:10	1	1	15	0
        118407	2026-02-24 18:08:54	1	1	15	0
        119392	2026-02-24 18:10:46	1	1	15	0
        118398	2026-02-24 18:13:24	1	1	15	0
        116738	2026-02-24 18:13:30	1	1	15	0
        110115	2026-02-24 18:13:34	1	1	15	0
        117727	2026-02-24 18:13:39	1	1	15	0
        116434	2026-02-24 18:15:35	1	1	1	0
        110124	2026-02-24 18:15:41	1	1	15	0
        117656	2026-02-24 18:16:17	1	1	15	0
        116202	2026-02-24 18:17:57	1	1	15	0
        117518	2026-02-24 18:18:04	1	1	15	0
        117775	2026-02-24 18:18:28	1	1	15	0
        118566	2026-02-24 18:18:56	1	1	15	0
        117242	2026-02-24 18:19:50	1	1	1	0
        117274	2026-02-24 18:19:58	1	1	15	0
        118585	2026-02-24 18:20:56	1	1	15	0
        116152	2026-02-24 18:29:05	1	1	15	0
        110068	2026-02-24 18:29:09	1	1	1	0
        117687	2026-02-24 18:36:45	1	1	15	0
        116829	2026-02-24 18:37:47	1	1	15	0
        118143	2026-02-24 19:16:58	1	1	15	0
        119393	2026-02-24 19:17:02	1	1	15	0
        119443	2026-02-24 19:17:05	1	1	15	0
        118251	2026-02-24 19:17:09	1	1	1	0
        118548	2026-02-25 06:06:31	1	0	15	0
        118146	2026-02-25 06:28:34	1	0	15	0
        118326	2026-02-25 06:45:50	1	0	15	0
        118160	2026-02-25 06:51:08	1	0	15	0
        116509	2026-02-25 06:59:43	1	0	15	0
        116825	2026-02-25 07:01:06	1	0	15	0
        110046	2026-02-25 07:04:12	1	0	15	0
        118406	2026-02-25 07:07:34	1	0	15	0
        116192	2026-02-25 07:17:26	1	0	15	0
        118566	2026-02-25 07:19:49	1	0	15	0
        117185	2026-02-25 07:24:47	1	0	15	0
        118585	2026-02-25 07:27:01	1	0	15	0
        117775	2026-02-25 07:28:02	1	0	15	0
        118251	2026-02-25 07:30:19	1	0	1	0
        116487	2026-02-25 07:30:57	1	0	15	0
        110477	2026-02-25 07:31:23	1	0	15	0
        119406	2026-02-25 07:34:25	1	0	15	0
        118301	2026-02-25 07:34:29	1	0	15	0
        117090	2026-02-25 07:37:42	1	0	15	0
        117631	2026-02-25 07:43:08	1	0	15	0
        118509	2026-02-25 07:44:29	1	0	15	0
        116953	2026-02-25 07:44:40	1	0	15	0
        117242	2026-02-25 07:45:46	1	0	1	0
        110068	2026-02-25 07:48:06	1	0	1	0
        117656	2026-02-25 07:50:01	1	0	15	0
        118760	2026-02-25 07:53:17	1	0	15	0
        119206	2026-02-25 07:55:14	1	0	15	0
        116202	2026-02-25 07:55:42	1	0	15	0
        110115	2026-02-25 07:55:49	1	0	15	0
        110429	2026-02-25 07:56:32	1	0	15	0
        119393	2026-02-25 08:00:59	1	0	15	0
        117518	2026-02-25 08:01:02	1	0	15	0
        116844	2026-02-25 08:01:13	1	0	15	0
        119117	2026-02-25 08:02:48	1	0	1	0
        117398	2026-02-25 08:05:08	1	0	15	0
        116466	2026-02-25 08:09:03	1	0	1	0
        117092	2026-02-25 08:11:33	1	0	15	0
        116096	2026-02-25 08:12:19	1	0	15	0
        110188	2026-02-25 08:12:37	1	0	15	0
        110124	2026-02-25 08:15:23	1	0	15	0
        117727	2026-02-25 08:21:44	1	0	15	0
        118298	2026-02-25 08:21:49	1	0	1	0
        116738	2026-02-25 08:26:19	1	0	15	0
        116790	2026-02-25 08:28:07	1	0	15	0
        116712	2026-02-25 08:28:19	1	0	15	0
        118143	2026-02-25 08:29:20	1	0	15	0
        119443	2026-02-25 08:35:35	1	0	15	0
        119077	2026-02-25 08:36:13	1	0	15	0
        119392	2026-02-25 08:43:00	1	0	15	0
        117687	2026-02-25 08:43:37	1	0	15	0
        118801	2026-02-25 08:44:18	1	0	15	0
        116476	2026-02-25 08:48:22	1	0	15	0
        118398	2026-02-25 08:50:02	1	0	15	0
        117977	2026-02-25 08:50:14	1	0	15	0
        116829	2026-02-25 08:50:44	1	0	15	0
        116434	2026-02-25 08:51:07	1	0	15	0
        117274	2026-02-25 08:57:50	1	0	15	0
        118083	2026-02-25 08:58:54	1	0	15	0
        116511	2026-02-25 09:02:42	1	0	15	0
        118407	2026-02-25 09:15:09	1	0	15	0
        117775	2026-02-25 12:00:36	1	2	15	0
        118760	2026-02-25 12:00:44	1	2	15	0
        118801	2026-02-25 12:00:58	1	2	15	0
        117090	2026-02-25 12:01:12	1	2	15	0
        116476	2026-02-25 12:01:16	1	2	15	0
        116434	2026-02-25 12:01:31	1	2	1	0
        116509	2026-02-25 12:01:44	1	2	15	0
        118398	2026-02-25 12:01:57	1	2	15	0
        117398	2026-02-25 12:02:11	1	2	15	0
        117656	2026-02-25 12:02:26	1	2	15	0
        110188	2026-02-25 12:02:30	1	2	15	0
        119206	2026-02-25 12:02:53	1	2	15	0
        119117	2026-02-25 12:03:30	1	2	1	0
        110477	2026-02-25 12:03:41	1	2	15	0
        110429	2026-02-25 12:03:54	1	2	15	0
        117090	2026-02-25 12:04:13	1	2	15	0
        118509	2026-02-25 12:04:37	1	2	15	0
        118548	2026-02-25 12:04:52	1	2	15	0
        116825	2026-02-25 12:05:08	1	2	15	0
        117242	2026-02-25 12:05:37	1	2	1	0
        117687	2026-02-25 12:05:48	1	2	15	0
        118407	2026-02-25 12:05:51	1	2	15	0
        117398	2026-02-25 12:06:18	1	2	15	0
        117775	2026-02-25 12:07:14	1	2	15	0
        116953	2026-02-25 12:07:20	1	2	15	0
        119206	2026-02-25 12:07:25	1	2	15	0
        116466	2026-02-25 12:08:13	1	2	1	0
        116511	2026-02-25 12:08:20	1	2	15	0
        119443	2026-02-25 12:09:05	1	2	15	0
        117656	2026-02-25 12:09:09	1	2	15	0
        110188	2026-02-25 12:09:12	1	2	15	0
        119117	2026-02-25 12:09:20	1	2	1	0
        116192	2026-02-25 12:09:37	1	2	15	0
        117631	2026-02-25 12:09:42	1	2	15	0
        119393	2026-02-25 12:11:09	1	2	15	0
        118251	2026-02-25 12:11:14	1	2	1	0
        117274	2026-02-25 12:11:28	1	2	15	0
        110068	2026-02-25 12:11:39	1	2	1	0
        118548	2026-02-25 12:11:45	1	2	15	0
        118509	2026-02-25 12:11:50	1	2	15	0
        118398	2026-02-25 12:11:55	1	2	15	0
        117727	2026-02-25 12:12:04	1	2	15	0
        117631	2026-02-25 12:12:14	1	2	15	0
        116192	2026-02-25 12:12:33	1	2	15	0
        118585	2026-02-25 12:12:52	1	2	15	0
        116953	2026-02-25 12:13:00	1	2	15	0
        116738	2026-02-25 12:13:11	1	2	15	0
        116434	2026-02-25 12:13:20	1	2	1	0
        110477	2026-02-25 12:13:26	1	2	15	0
        117242	2026-02-25 12:13:54	1	2	15	0
        117687	2026-02-25 12:14:04	1	2	15	0
        119443	2026-02-25 12:14:09	1	2	15	0
        116096	2026-02-25 12:14:15	1	2	15	0
        116509	2026-02-25 12:14:19	1	2	15	0
        119393	2026-02-25 12:14:28	1	2	15	0
        118251	2026-02-25 12:14:31	1	2	1	0
        116829	2026-02-25 12:14:34	1	2	1	0
        116511	2026-02-25 12:14:41	1	2	15	0
        117274	2026-02-25 12:14:50	1	2	15	0
        119077	2026-02-25 12:15:23	1	2	15	0
        117977	2026-02-25 12:16:12	1	2	15	0
        116829	2026-02-25 12:17:22	1	2	15	0
        116096	2026-02-25 12:17:24	1	2	15	0
        118585	2026-02-25 12:17:35	1	2	15	0
        116844	2026-02-25 12:18:38	1	2	15	0
        119406	2026-02-25 12:18:50	1	2	15	0
        118407	2026-02-25 12:19:01	1	2	15	0
        116790	2026-02-25 12:19:11	1	2	15	0
        119077	2026-02-25 12:19:24	1	2	15	0
        118760	2026-02-25 12:19:29	1	2	15	0
        118406	2026-02-25 12:19:52	1	2	15	0
        117185	2026-02-25 12:19:55	1	2	15	0
        117977	2026-02-25 12:20:34	1	2	15	0
        118160	2026-02-25 12:21:00	1	2	15	0
        110115	2026-02-25 12:21:59	1	2	15	0
        118146	2026-02-25 12:22:45	1	2	15	0
        119392	2026-02-25 12:22:53	1	2	15	0
        118298	2026-02-25 12:23:36	1	2	1	0
        116712	2026-02-25 12:24:36	1	2	15	0
        118566	2026-02-25 12:25:04	1	2	15	0
        110124	2026-02-25 12:25:13	1	2	15	0
        116466	2026-02-25 12:25:27	1	2	1	0
        119392	2026-02-25 12:26:11	1	2	15	0
        118083	2026-02-25 12:27:20	1	2	15	0
        119406	2026-02-25 12:27:39	1	2	15	0
        116790	2026-02-25 12:27:48	1	2	15	0
        118146	2026-02-25 12:28:04	1	2	15	0
        118566	2026-02-25 12:28:12	1	2	15	0
        118298	2026-02-25 12:29:06	1	2	1	0
        118143	2026-02-25 12:29:33	1	2	15	0
        110115	2026-02-25 12:29:48	1	2	15	0
        116712	2026-02-25 12:30:10	1	2	15	0
        116476	2026-02-25 12:30:24	1	2	15	0
        118143	2026-02-25 12:31:52	1	3	15	0
        110429	2026-02-25 12:33:29	1	3	15	0
        117518	2026-02-25 12:34:03	1	3	15	0
        118801	2026-02-25 12:35:40	1	3	15	0
        118326	2026-02-25 12:35:47	1	3	15	0
        117727	2026-02-25 12:36:35	1	3	15	0
        116738	2026-02-25 12:36:41	1	3	15	0
        117518	2026-02-25 12:38:31	1	3	15	0
        118406	2026-02-25 12:41:10	1	3	15	0
        117185	2026-02-25 12:41:15	1	3	15	0
        118326	2026-02-25 12:45:05	1	3	15	0
        118083	2026-02-25 12:47:57	1	3	15	0
        116844	2026-02-25 12:48:02	1	3	15	0
        116202	2026-02-25 12:50:28	1	3	15	0
        117092	2026-02-25 12:50:32	1	3	15	0
        117092	2026-02-25 12:52:59	1	3	15	0
        116202	2026-02-25 12:53:09	1	3	15	0
        118760	2026-02-25 12:54:22	1	3	15	0
        110124	2026-02-25 12:58:16	1	3	15	0
        116487	2026-02-25 15:35:38	1	3	15	0
        118326	2026-02-25 16:25:56	1	1	15	0
        117185	2026-02-25 16:26:21	1	1	15	0
        116825	2026-02-25 16:34:53	1	1	15	0
        110477	2026-02-25 16:36:34	1	1	15	0
        110068	2026-02-25 16:43:09	1	1	1	0
        116953	2026-02-25 16:46:39	1	1	15	0
        118301	2026-02-25 16:51:08	1	1	15	0
        117398	2026-02-25 17:01:00	1	1	15	0
        118406	2026-02-25 17:01:09	1	1	15	0
        119206	2026-02-25 17:03:50	1	1	15	0
        118509	2026-02-25 17:05:19	1	1	15	0
        118251	2026-02-25 17:06:27	1	1	1	0
        117518	2026-02-25 17:09:58	1	1	15	0
        119117	2026-02-25 17:14:12	1	1	1	0
        117631	2026-02-25 17:15:53	1	1	15	0
        117090	2026-02-25 17:15:58	1	1	15	0
        118548	2026-02-25 17:16:05	1	1	15	0
        116192	2026-02-25 17:16:07	1	1	15	0
        110045	2026-02-25 17:18:31	1	1	15	0
        116466	2026-02-25 17:18:36	1	1	1	0
        116509	2026-02-25 17:27:42	1	1	15	0
        116096	2026-02-25 17:29:12	1	1	15	0
        116712	2026-02-25 17:29:18	1	1	15	0
        116844	2026-02-25 17:34:41	1	1	15	0
        119077	2026-02-25 17:44:04	1	1	15	0
        110429	2026-02-25 17:44:53	1	1	15	0
        116790	2026-02-25 17:45:16	1	1	15	0
        118801	2026-02-25 17:46:18	1	1	15	0
        110188	2026-02-25 17:46:38	1	1	15	0
        116476	2026-02-25 17:49:04	1	1	15	0
        118398	2026-02-25 17:50:12	1	1	15	0
        118760	2026-02-25 17:51:30	1	1	15	0
        118146	2026-02-25 17:57:05	1	1	15	0
        118083	2026-02-25 17:59:33	1	1	15	0
        118407	2026-02-25 18:02:22	1	1	15	0
        116829	2026-02-25 18:07:03	1	1	15	0
        117274	2026-02-25 18:07:07	1	1	15	0
        117977	2026-02-25 18:08:33	1	1	15	0
        119392	2026-02-25 18:09:35	1	1	15	0
        117092	2026-02-25 18:13:29	1	1	15	0
        118566	2026-02-25 18:15:15	1	1	15	0
        118143	2026-02-25 18:25:21	1	1	15	0
        116434	2026-02-25 18:32:58	1	1	15	0
        117727	2026-02-25 18:33:05	1	1	15	0
        116738	2026-02-25 18:33:09	1	1	15	0
        110124	2026-02-25 18:36:27	1	1	15	0
        110115	2026-02-25 18:36:33	1	1	15	0
        117775	2026-02-25 18:36:39	1	1	15	0
        118585	2026-02-25 18:42:48	1	1	15	0
        119443	2026-02-25 18:46:15	1	1	15	0
        119393	2026-02-25 18:46:18	1	1	15	0
        117687	2026-02-25 19:00:15	1	1	15	0
        117242	2026-02-25 19:00:21	1	1	1	0
        116202	2026-02-25 19:17:39	1	1	15	0
        119406	2026-02-25 19:44:19	1	1	15	0
        117656	2026-02-25 20:00:27	1	1	15	0
        118146	2026-02-26 05:59:28	1	0	15	0
        118326	2026-02-26 06:40:39	1	0	15	0
        118585	2026-02-26 06:45:31	1	0	15	0
        116152	2026-02-26 06:52:42	1	0	15	0
        110046	2026-02-26 07:00:53	1	0	15	0
        116487	2026-02-26 07:06:51	1	0	15	0
        116509	2026-02-26 07:12:10	1	0	15	0
        118406	2026-02-26 07:12:24	1	0	15	0
        118251	2026-02-26 07:18:06	1	0	1	0
        117185	2026-02-26 07:19:29	1	0	15	0
        118301	2026-02-26 07:19:58	1	0	15	0
        116825	2026-02-26 07:28:56	1	0	15	0
        116192	2026-02-26 07:32:29	1	0	15	0
        117656	2026-02-26 07:34:06	1	0	15	0
        110477	2026-02-26 07:36:24	1	0	15	0
        110045	2026-02-26 07:37:22	1	0	15	0
        119406	2026-02-26 07:41:12	1	0	15	0
        117775	2026-02-26 07:43:24	1	0	15	0
        117090	2026-02-26 07:48:24	1	0	15	0
        117398	2026-02-26 07:49:38	1	0	15	0
        118509	2026-02-26 07:50:43	1	0	15	0
        116953	2026-02-26 07:51:04	1	0	15	0
        119206	2026-02-26 07:51:23	1	0	15	0
        118566	2026-02-26 07:54:11	1	0	15	0
        116844	2026-02-26 07:55:05	1	0	15	0
        110429	2026-02-26 07:56:11	1	0	15	0
        118760	2026-02-26 07:56:15	1	0	15	0
        118143	2026-02-26 08:01:45	1	0	15	0
        118548	2026-02-26 08:01:49	1	0	15	0
        116466	2026-02-26 08:08:10	1	0	1	0
        110115	2026-02-26 08:08:50	1	0	15	0
        110068	2026-02-26 08:10:26	1	0	1	0
        119117	2026-02-26 08:11:24	1	0	1	0
        116096	2026-02-26 08:14:10	1	0	15	0
        117727	2026-02-26 08:15:46	1	0	15	0
        110188	2026-02-26 08:16:00	1	0	15	0
        118298	2026-02-26 08:16:12	1	0	1	0
        117092	2026-02-26 08:18:48	1	0	15	0
        116790	2026-02-26 08:20:24	1	0	15	0
        119393	2026-02-26 08:21:28	1	0	15	0
        117518	2026-02-26 08:21:32	1	0	15	0
        117631	2026-02-26 08:25:16	1	0	15	0
        116263	2026-02-26 08:25:31	1	0	15	0
        116511	2026-02-26 08:25:47	1	0	15	0
        110124	2026-02-26 08:34:44	1	0	15	0
        116434	2026-02-26 08:36:25	1	0	15	0
        119077	2026-02-26 08:36:30	1	0	15	0
        116712	2026-02-26 08:42:24	1	0	15	0
        118801	2026-02-26 08:42:58	1	0	15	0
        116476	2026-02-26 08:46:22	1	0	15	0
        119376	2026-02-26 08:47:29	1	0	15	0
        118083	2026-02-26 09:00:37	1	0	15	0
        116738	2026-02-26 09:02:26	1	0	15	0
        119392	2026-02-26 09:08:33	1	0	15	0
        116202	2026-02-26 09:37:49	1	0	15	0
        118398	2026-02-26 10:06:01	1	0	15	0
        117775	2026-02-26 12:00:08	1	0	15	0
        119376	2026-02-26 12:00:30	1	0	15	0
        110068	2026-02-26 12:00:35	1	0	1	0
        118548	2026-02-26 12:00:43	1	2	15	0
        118406	2026-02-26 12:00:48	1	2	15	0
        117185	2026-02-26 12:00:52	1	2	15	0
        116434	2026-02-26 12:00:59	1	2	1	0
        119117	2026-02-26 12:01:04	1	2	1	0
        118566	2026-02-26 12:01:21	1	2	15	0
        119406	2026-02-26 12:01:29	1	2	15	0
        117090	2026-02-26 12:01:33	1	2	15	0
        116202	2026-02-26 12:01:38	1	2	15	0
        119206	2026-02-26 12:01:44	1	2	15	0
        118083	2026-02-26 12:01:52	1	2	15	0
        118801	2026-02-26 12:03:34	1	2	15	0
        116790	2026-02-26 12:03:52	1	2	15	0
        118398	2026-02-26 12:03:58	1	2	15	0
        116825	2026-02-26 12:04:15	1	2	15	0
        118083	2026-02-26 12:04:24	1	2	15	0
        119376	2026-02-26 12:04:34	1	2	15	0
        116192	2026-02-26 12:04:42	1	2	15	0
        117631	2026-02-26 12:04:46	1	2	15	0
        116096	2026-02-26 12:04:50	1	2	15	0
        117398	2026-02-26 12:04:58	1	2	15	0
        119117	2026-02-26 12:05:01	1	2	1	0
        116070	2026-02-26 12:05:08	1	2	15	0
        117090	2026-02-26 12:05:11	1	2	15	0
        118509	2026-02-26 12:05:15	1	2	15	0
        117727	2026-02-26 12:05:24	1	2	15	0
        116738	2026-02-26 12:05:28	1	2	15	0
        119206	2026-02-26 12:05:51	1	2	15	0
        110045	2026-02-26 12:06:05	1	2	15	0
        116152	2026-02-26 12:07:10	1	2	15	0
        116825	2026-02-26 12:07:14	1	2	15	0
        117398	2026-02-26 12:07:33	1	2	15	0
        119392	2026-02-26 12:07:39	1	2	15	0
        119406	2026-02-26 12:07:46	1	2	15	0
        116712	2026-02-26 12:08:14	1	2	15	0
        117631	2026-02-26 12:08:20	1	2	15	0
        116790	2026-02-26 12:08:26	1	2	15	0
        116192	2026-02-26 12:08:30	1	2	15	0
        116096	2026-02-26 12:08:35	1	2	15	0
        116070	2026-02-26 12:08:40	1	2	1	0
        118509	2026-02-26 12:08:48	1	2	15	0
        110115	2026-02-26 12:09:20	1	2	15	0
        118146	2026-02-26 12:09:32	1	2	15	0
        118566	2026-02-26 12:09:38	1	2	15	0
        110045	2026-02-26 12:09:45	1	2	15	0
        116844	2026-02-26 12:10:06	1	2	15	0
        116953	2026-02-26 12:10:16	1	2	15	0
        116712	2026-02-26 12:11:11	1	2	15	0
        119392	2026-02-26 12:11:17	1	2	15	0
        117656	2026-02-26 12:11:24	1	2	15	0
        110188	2026-02-26 12:11:30	1	2	15	0
        118548	2026-02-26 12:11:50	1	2	15	0
        116152	2026-02-26 12:11:59	1	2	15	0
        110068	2026-02-26 12:12:03	1	2	1	0
        116953	2026-02-26 12:13:20	1	2	15	0
        119393	2026-02-26 12:13:39	1	2	15	0
        116263	2026-02-26 12:13:44	1	2	15	0
        118251	2026-02-26 12:13:49	1	2	1	0
        116844	2026-02-26 12:13:55	1	2	15	0
        116202	2026-02-26 12:14:02	1	2	15	0
        119077	2026-02-26 12:14:08	1	2	15	0
        118398	2026-02-26 12:14:30	1	2	15	0
        117656	2026-02-26 12:14:55	1	2	15	0
        110188	2026-02-26 12:14:59	1	2	15	0
        110046	2026-02-26 12:15:14	1	2	15	0
        110124	2026-02-26 12:16:21	1	2	15	0
        118326	2026-02-26 12:17:49	1	2	15	0
        117518	2026-02-26 12:18:05	1	2	15	0
        117775	2026-02-26 12:18:16	1	2	15	0
        119077	2026-02-26 12:19:20	1	2	15	0
        110429	2026-02-26 12:19:40	1	2	15	0
        118326	2026-02-26 12:20:51	1	2	15	0
        119393	2026-02-26 12:21:17	1	2	15	0
        118251	2026-02-26 12:21:23	1	2	1	0
        110046	2026-02-26 12:21:34	1	2	15	0
        110124	2026-02-26 12:21:40	1	2	15	0
        116263	2026-02-26 12:21:46	1	2	15	0
        117518	2026-02-26 12:23:27	1	2	15	0
        116476	2026-02-26 12:23:34	1	2	15	0
        116466	2026-02-26 12:27:20	1	2	1	0
        118298	2026-02-26 12:27:26	1	2	1	0
        116434	2026-02-26 12:27:29	1	2	1	0
        118301	2026-02-26 12:28:07	1	2	15	0
        116509	2026-02-26 12:28:21	1	2	15	0
        118760	2026-02-26 12:29:03	1	2	15	0
        117185	2026-02-26 12:29:24	1	2	15	0
        118406	2026-02-26 12:29:28	1	2	15	0
        117092	2026-02-26 12:31:24	1	3	15	0
        116476	2026-02-26 12:32:14	1	3	15	0
        117092	2026-02-26 12:32:45	1	3	15	0
        110477	2026-02-26 12:34:24	1	3	15	0
        116511	2026-02-26 12:35:07	1	3	15	0
        118585	2026-02-26 12:35:44	1	3	15	0
        118585	2026-02-26 12:37:04	1	3	15	0
        117727	2026-02-26 12:37:09	1	3	15	0
        116738	2026-02-26 12:37:14	1	3	15	0
        110115	2026-02-26 12:38:06	1	3	15	0
        110477	2026-02-26 12:39:13	1	3	15	0
        118146	2026-02-26 12:39:18	1	3	15	0
        118143	2026-02-26 12:40:10	1	3	15	0
        116511	2026-02-26 12:40:27	1	3	15	0
        116466	2026-02-26 12:41:50	1	3	1	0
        118301	2026-02-26 12:43:10	1	3	15	0
        118143	2026-02-26 12:43:16	1	3	15	0
        116509	2026-02-26 12:43:41	1	3	15	0
        118801	2026-02-26 12:44:03	1	3	15	0
        118760	2026-02-26 12:55:58	1	3	15	0
        118298	2026-02-26 12:58:04	1	3	1	0
        116487	2026-02-26 15:33:04	1	3	15	0
        118326	2026-02-26 16:12:27	1	1	15	0
        116509	2026-02-26 16:24:36	1	1	15	0
        117185	2026-02-26 16:29:12	1	1	15	0
        118406	2026-02-26 16:32:22	1	1	15	0
        116825	2026-02-26 16:34:18	1	1	15	0
        117398	2026-02-26 16:40:50	1	1	15	0
        110477	2026-02-26 16:46:31	1	1	15	0
        110045	2026-02-26 16:47:15	1	1	15	0
        116953	2026-02-26 16:52:04	1	1	15	0
        118301	2026-02-26 17:01:04	1	1	15	0
        117656	2026-02-26 17:01:09	1	1	15	0
        119206	2026-02-26 17:01:39	1	1	15	0
        116844	2026-02-26 17:05:56	1	1	15	0
        118509	2026-02-26 17:06:21	1	1	15	0
        118760	2026-02-26 17:11:05	1	1	15	0
        110429	2026-02-26 17:16:28	1	1	15	0
        116511	2026-02-26 17:18:03	1	1	15	0
        118146	2026-02-26 17:20:24	1	1	15	0
        118251	2026-02-26 17:23:10	1	1	1	0
        110188	2026-02-26 17:33:51	1	1	15	0
        117631	2026-02-26 17:34:38	1	1	15	0
        116192	2026-02-26 17:34:48	1	1	15	0
        116466	2026-02-26 17:36:39	1	1	1	0
        119077	2026-02-26 17:40:26	1	1	15	0
        116263	2026-02-26 17:44:09	1	1	15	0
        118566	2026-02-26 17:45:47	1	1	15	0
        116476	2026-02-26 17:46:38	1	1	15	0
        117090	2026-02-26 17:48:14	1	1	15	0
        118801	2026-02-26 17:48:21	1	1	15	0
        119393	2026-02-26 17:49:10	1	1	15	0
        119376	2026-02-26 17:49:50	1	1	15	0
        116712	2026-02-26 17:58:41	1	1	15	0
        110046	2026-02-26 17:59:51	1	1	15	0
        118298	2026-02-26 18:00:48	1	1	1	0
        118083	2026-02-26 18:01:48	1	1	15	0
        119117	2026-02-26 18:05:07	1	1	1	0
        118398	2026-02-26 18:06:07	1	1	15	0
        118548	2026-02-26 18:06:35	1	1	15	0
        110068	2026-02-26 18:06:58	1	1	1	0
        116152	2026-02-26 18:07:04	1	1	15	0
        118585	2026-02-26 18:18:26	1	1	15	0
        116790	2026-02-26 18:19:04	1	1	15	0
        119392	2026-02-26 18:25:04	1	1	15	0
        116096	2026-02-26 18:27:20	1	1	15	0
        117518	2026-02-26 18:31:21	1	1	15	0
        116202	2026-02-26 18:31:27	1	1	15	0
        110115	2026-02-26 18:35:00	1	1	15	0
        116738	2026-02-26 18:36:15	1	1	15	0
        118143	2026-02-26 18:52:55	1	1	15	0
        116434	2026-02-26 18:55:40	1	1	1	0
        110124	2026-02-26 18:55:52	1	1	15	0
        117727	2026-02-26 18:55:59	1	1	15	0
        117775	2026-02-26 18:56:03	1	1	15	0
        119406	2026-02-26 19:28:51	1	1	15	0
        118301	2026-02-27 06:34:10	1	0	15	0
        116509	2026-02-27 07:01:00	1	0	15	0
        118146	2026-02-27 07:16:41	1	0	15	0
        116844	2026-02-27 07:21:18	1	0	15	0
        116487	2026-02-27 07:21:25	1	0	15	0
        116825	2026-02-27 07:31:09	1	0	15	0
        116192	2026-02-27 07:31:19	1	0	15	0
        117185	2026-02-27 07:32:31	1	0	15	0
        110477	2026-02-27 07:32:52	1	0	15	0
        116434	2026-02-27 07:35:14	1	0	15	0
        117090	2026-02-27 07:36:26	1	0	15	0
        118251	2026-02-27 07:37:07	1	0	1	0
        117775	2026-02-27 07:38:41	1	0	15	0
        116953	2026-02-27 07:39:10	1	0	15	0
        116202	2026-02-27 07:40:50	1	0	15	0
        118585	2026-02-27 07:46:44	1	0	15	0
        118548	2026-02-27 07:49:13	1	0	15	0
        110046	2026-02-27 07:49:18	1	0	15	0
        118760	2026-02-27 08:00:52	1	0	15	0
        116070	2026-02-27 08:01:33	1	0	1	0
        110188	2026-02-27 08:01:46	1	0	15	0
        116466	2026-02-27 08:04:23	1	0	1	0
        117092	2026-02-27 08:05:11	1	0	15	0
        118143	2026-02-27 08:06:22	1	0	15	0
        119393	2026-02-27 08:06:36	1	0	15	0
        117518	2026-02-27 08:06:41	1	0	15	0
        119206	2026-02-27 08:09:54	1	0	15	0
        117656	2026-02-27 08:10:21	1	0	15	0
        110115	2026-02-27 08:11:55	1	0	15	0
        117727	2026-02-27 08:14:16	1	0	15	0
        117398	2026-02-27 08:18:22	1	0	15	0
        110429	2026-02-27 08:25:39	1	0	15	0
        118566	2026-02-27 08:25:48	1	0	15	0
        116096	2026-02-27 08:27:57	1	0	15	0
        119443	2026-02-27 08:29:11	1	0	15	0
        110045	2026-02-27 08:32:45	1	0	15	0
        116263	2026-02-27 08:35:27	1	0	15	0
        119406	2026-02-27 08:36:45	1	0	15	0
        117631	2026-02-27 08:37:38	1	0	15	0
        118326	2026-02-27 08:37:45	1	0	15	0
        110124	2026-02-27 08:37:53	1	0	15	0
        116790	2026-02-27 08:40:14	1	0	15	0
        118801	2026-02-27 08:41:28	1	0	15	0
        110068	2026-02-27 08:43:55	1	0	1	0
        119077	2026-02-27 08:46:26	1	0	15	0
        118298	2026-02-27 08:48:00	1	0	1	0
        116152	2026-02-27 08:49:47	1	0	15	0
        116511	2026-02-27 08:51:05	1	0	15	0
        116476	2026-02-27 08:51:27	1	0	15	0
        116738	2026-02-27 08:52:36	1	0	15	0
        119376	2026-02-27 08:54:13	1	0	15	0
        118398	2026-02-27 08:54:20	1	0	15	0
        118083	2026-02-27 08:58:44	1	0	15	0
        119392	2026-02-27 08:59:33	1	0	15	0
        118326	2026-02-27 12:00:04	1	0	15	0
        116953	2026-02-27 12:00:08	1	0	15	0
        116070	2026-02-27 12:00:13	1	0	15	0
        116096	2026-02-27 12:00:16	1	0	15	0
        118398	2026-02-27 12:00:47	1	0	15	0
        119117	2026-02-27 12:01:22	1	0	1	0
        118251	2026-02-27 12:01:33	1	2	1	0
        117775	2026-02-27 12:01:41	1	2	15	0
        119443	2026-02-27 12:01:46	1	2	15	0
        116263	2026-02-27 12:01:49	1	2	15	0
        118298	2026-02-27 12:01:55	1	2	15	0
        116070	2026-02-27 12:01:59	1	2	15	0
        116096	2026-02-27 12:02:03	1	2	15	0
        119393	2026-02-27 12:02:19	1	2	15	0
        119376	2026-02-27 12:02:38	1	2	15	0
        116844	2026-02-27 12:03:07	1	2	15	0
        116202	2026-02-27 12:03:48	1	2	15	0
        116953	2026-02-27 12:04:06	1	2	15	0
        118251	2026-02-27 12:04:37	1	2	1	0
        119443	2026-02-27 12:04:43	1	2	15	0
        116263	2026-02-27 12:04:47	1	2	15	0
        117092	2026-02-27 12:04:53	1	2	15	0
        119393	2026-02-27 12:04:57	1	2	15	0
        118398	2026-02-27 12:05:02	1	2	15	0
        116476	2026-02-27 12:05:06	1	2	15	0
        117631	2026-02-27 12:05:17	1	2	15	0
        119077	2026-02-27 12:05:25	1	2	15	0
        119376	2026-02-27 12:05:30	1	2	15	0
        118298	2026-02-27 12:05:57	1	2	1	0
        116844	2026-02-27 12:07:10	1	2	15	0
        117398	2026-02-27 12:07:47	1	2	15	0
        119206	2026-02-27 12:08:24	1	2	15	0
        117631	2026-02-27 12:08:28	1	2	15	0
        117775	2026-02-27 12:09:11	1	2	15	0
        110068	2026-02-27 12:09:38	1	2	1	0
        118548	2026-02-27 12:09:44	1	2	15	0
        118301	2026-02-27 12:09:49	1	2	15	0
        117185	2026-02-27 12:09:57	1	2	15	0
        116511	2026-02-27 12:10:48	1	2	15	0
        119406	2026-02-27 12:11:00	1	2	15	0
        118801	2026-02-27 12:11:09	1	2	15	0
        110477	2026-02-27 12:11:18	1	2	15	0
        116790	2026-02-27 12:11:22	1	2	15	0
        116152	2026-02-27 12:11:36	1	2	15	0
        118083	2026-02-27 12:11:50	1	2	15	0
        117090	2026-02-27 12:12:05	1	2	15	0
        116192	2026-02-27 12:12:09	1	2	15	0
        110429	2026-02-27 12:12:13	1	2	15	0
        117092	2026-02-27 12:12:28	1	2	15	0
        116509	2026-02-27 12:13:47	1	2	15	0
        116434	2026-02-27 12:13:51	1	2	1	0
        116466	2026-02-27 12:13:56	1	2	1	0
        117398	2026-02-27 12:14:02	1	2	15	0
        118760	2026-02-27 12:14:20	1	2	15	0
        110068	2026-02-27 12:14:56	1	2	1	0
        118548	2026-02-27 12:15:02	1	2	15	0
        116152	2026-02-27 12:15:05	1	2	15	0
        119206	2026-02-27 12:15:10	1	2	15	0
        116192	2026-02-27 12:15:13	1	2	15	0
        117090	2026-02-27 12:15:16	1	2	15	0
        110045	2026-02-27 12:15:21	1	2	15	0
        116738	2026-02-27 12:15:26	1	2	15	0
        110046	2026-02-27 12:15:29	1	2	15	0
        110115	2026-02-27 12:15:33	1	2	15	0
        119406	2026-02-27 12:15:37	1	2	15	0
        117727	2026-02-27 12:15:41	1	2	15	0
        118146	2026-02-27 12:15:47	1	2	15	0
        116790	2026-02-27 12:15:59	1	2	15	0
        110477	2026-02-27 12:16:05	1	2	15	0
        118301	2026-02-27 12:16:12	1	2	15	0
        116476	2026-02-27 12:17:26	1	2	15	0
        110124	2026-02-27 12:18:42	1	2	15	0
        118760	2026-02-27 12:18:59	1	2	15	0
        110045	2026-02-27 12:21:33	1	2	15	0
        118083	2026-02-27 12:25:55	1	2	15	0
        110046	2026-02-27 12:26:00	1	2	15	0
        116825	2026-02-27 12:27:25	1	2	15	0
        118326	2026-02-27 12:27:56	1	2	15	0
        119077	2026-02-27 12:28:38	1	2	15	0
        110429	2026-02-27 12:29:19	1	2	15	0
        116509	2026-02-27 12:31:31	1	3	15	0
        118143	2026-02-27 12:34:12	1	3	15	0
        116825	2026-02-27 12:34:23	1	3	15	0
        110124	2026-02-27 12:34:44	1	3	15	0
        110188	2026-02-27 12:35:54	1	3	15	0
        118143	2026-02-27 12:37:46	1	3	15	0
        110188	2026-02-27 12:38:05	1	3	15	0
        116466	2026-02-27 12:38:11	1	3	1	0
        116511	2026-02-27 12:38:27	1	3	15	0
        118566	2026-02-27 12:39:42	1	3	15	0
        117518	2026-02-27 12:41:52	1	3	15	0
        118566	2026-02-27 12:42:13	1	3	15	0
        116434	2026-02-27 12:42:37	1	3	1	0
        118801	2026-02-27 12:44:27	1	3	15	0
        117518	2026-02-27 12:45:03	1	3	15	0
        118146	2026-02-27 12:45:19	1	3	15	0
        117185	2026-02-27 12:49:15	1	3	15	0
        117727	2026-02-27 12:56:07	1	3	15	0
        116738	2026-02-27 12:56:49	1	3	15	0
        118585	2026-02-27 12:57:28	1	3	15	0
        119392	2026-02-27 12:57:38	1	3	15	0
        118585	2026-02-27 12:58:49	1	3	15	0
        119392	2026-02-27 12:59:32	1	3	15	0
        110115	2026-02-27 13:00:35	1	3	15	0
        116487	2026-02-27 15:32:15	1	3	15	0
        118326	2026-02-27 16:06:49	1	1	15	0
        116509	2026-02-27 16:19:31	1	1	15	0
        116790	2026-02-27 16:31:44	1	1	15	0
        117398	2026-02-27 16:33:34	1	1	15	0
        116825	2026-02-27 16:37:59	1	1	15	0
        116434	2026-02-27 16:48:03	1	1	1	0
        119206	2026-02-27 17:09:21	1	1	15	0
        116844	2026-02-27 17:10:00	1	1	15	0
        119117	2026-02-27 17:19:22	1	1	1	0
        110115	2026-02-27 17:21:35	1	1	15	0
        110188	2026-02-27 17:28:57	1	1	15	0
        116712	2026-02-27 17:31:29	1	1	15	0
        110045	2026-02-27 17:33:41	1	1	15	0
        116712	2026-02-27 17:33:52	1	1	15	0
        118566	2026-02-27 17:43:04	1	1	15	0
        116192	2026-02-27 17:45:18	1	1	15	0
        117631	2026-02-27 17:45:27	1	1	15	0
        119077	2026-02-27 17:47:42	1	1	15	0
        116476	2026-02-27 17:48:34	1	1	15	0
        118146	2026-02-27 17:49:07	1	1	15	0
        118801	2026-02-27 17:49:14	1	1	15	0
        110429	2026-02-27 17:53:07	1	1	15	0
        119376	2026-02-27 17:54:05	1	1	15	0
        117092	2026-02-27 17:55:19	1	1	15	0
        118083	2026-02-27 18:00:38	1	1	15	0
        119393	2026-02-27 18:02:48	1	1	15	0
        119443	2026-02-27 18:02:54	1	1	15	0
        117518	2026-02-27 18:03:25	1	1	15	0
        116511	2026-02-27 18:05:31	1	1	15	0
        117656	2026-02-27 18:09:34	1	1	15	0
        118548	2026-02-27 18:11:33	1	1	15	0
        118298	2026-02-27 18:14:20	1	1	1	0
        116202	2026-02-27 18:16:22	1	1	15	0
        117775	2026-02-27 18:20:21	1	1	15	0
        110046	2026-02-27 18:22:50	1	1	15	0
        116152	2026-02-27 18:24:12	1	1	15	0
        110124	2026-02-27 18:25:23	1	1	15	0
        117727	2026-02-27 18:25:31	1	1	15	0
        116738	2026-02-27 18:25:37	1	1	15	0
        119392	2026-02-27 18:38:51	1	1	15	0
        118585	2026-02-27 18:46:05	1	1	15	0
        119406	2026-02-27 20:03:48	1	1	15	0
        118143	2026-02-27 20:04:50	1	1	15	0
