        110085	2026-02-01 12:25:45	1	2	15	0
        110085	2026-02-01 18:14:49	1	1	15	0
        110535	2026-02-02 05:28:52	1	0	15	0
        110093	2026-02-02 05:42:44	1	0	15	0
        119571	2026-02-02 05:53:52	1	0	15	0
        119583	2026-02-02 06:04:42	1	0	15	0
        117983	2026-02-02 06:11:04	1	0	15	0
        116479	2026-02-02 06:12:01	1	0	15	0
        110051	2026-02-02 06:17:26	1	0	15	0
        119070	2026-02-02 06:32:27	1	0	15	0
        116835	2026-02-02 06:43:46	1	0	15	0
        117930	2026-02-02 06:44:20	1	0	15	0
        117835	2026-02-02 06:45:57	1	0	15	0
        116831	2026-02-02 06:47:39	1	0	15	0
        118992	2026-02-02 06:50:37	1	0	15	0
        118046	2026-02-02 06:52:07	1	0	15	0
        116551	2026-02-02 06:53:57	1	0	15	0
        110144	2026-02-02 06:54:45	1	0	15	0
        117833	2026-02-02 06:56:25	1	0	15	0
            13	2026-02-02 06:58:21	1	0	15	0
        117337	2026-02-02 07:01:59	1	0	15	0
        116914	2026-02-02 07:03:24	1	0	15	0
        119365	2026-02-02 07:03:49	1	0	15	0
        116799	2026-02-02 07:03:57	1	0	15	0
        117043	2026-02-02 07:05:01	1	0	15	0
        110085	2026-02-02 07:08:11	1	0	15	0
        117769	2026-02-02 07:08:54	1	0	15	0
        116834	2026-02-02 07:09:04	1	0	15	0
        110088	2026-02-02 07:10:22	1	0	15	0
        119602	2026-02-02 07:12:53	1	0	15	0
        110527	2026-02-02 07:13:00	1	0	15	0
        110466	2026-02-02 07:13:20	1	0	15	0
        110517	2026-02-02 07:13:28	1	0	15	0
        110358	2026-02-02 07:14:08	1	0	15	0
        118043	2026-02-02 07:15:13	1	0	15	0
        117770	2026-02-02 07:17:58	1	0	15	0
        119449	2026-02-02 07:18:11	1	0	15	0
        118455	2026-02-02 07:18:48	1	0	15	0
        117103	2026-02-02 07:19:34	1	0	15	0
        116129	2026-02-02 07:21:14	1	0	15	0
        117969	2026-02-02 07:21:19	1	0	15	0
        117699	2026-02-02 07:21:37	1	0	15	0
        110378	2026-02-02 07:22:32	1	0	15	0
        116537	2026-02-02 07:22:53	1	0	15	0
        118732	2026-02-02 07:23:08	1	0	15	0
        118997	2026-02-02 07:23:27	1	0	15	0
        110424	2026-02-02 07:25:54	1	0	15	0
        110372	2026-02-02 07:27:55	1	0	15	0
        110060	2026-02-02 07:28:00	1	0	15	0
        116483	2026-02-02 07:28:36	1	0	15	0
        118568	2026-02-02 07:28:45	1	0	15	0
        117059	2026-02-02 07:29:28	1	0	15	0
        119453	2026-02-02 07:29:40	1	0	15	0
        117709	2026-02-02 07:30:22	1	0	15	0
        119364	2026-02-02 07:30:28	1	0	15	0
        116960	2026-02-02 07:30:37	1	0	15	0
        119475	2026-02-02 07:31:48	1	0	15	0
        110475	2026-02-02 07:31:55	1	0	15	0
        117921	2026-02-02 07:32:14	1	0	15	0
        118970	2026-02-02 07:32:17	1	0	15	0
        110492	2026-02-02 07:32:48	1	0	15	0
        110065	2026-02-02 07:32:51	1	0	15	0
        116990	2026-02-02 07:33:26	1	0	15	0
        110074	2026-02-02 07:33:44	1	0	15	0
        118186	2026-02-02 07:33:48	1	0	15	0
        117981	2026-02-02 07:33:59	1	0	15	0
        118744	2026-02-02 07:34:32	1	0	15	0
        110116	2026-02-02 07:34:35	1	0	15	0
        110193	2026-02-02 07:34:48	1	0	15	0
        110128	2026-02-02 07:34:58	1	0	15	0
        110063	2026-02-02 07:36:25	1	0	15	0
        118829	2026-02-02 07:36:37	1	0	15	0
        117972	2026-02-02 07:37:10	1	0	15	0
        110473	2026-02-02 07:37:28	1	0	15	0
        119594	2026-02-02 07:37:50	1	0	15	0
        110198	2026-02-02 07:37:58	1	0	15	0
        110506	2026-02-02 07:38:05	1	0	15	0
        117733	2026-02-02 07:38:09	1	0	15	0
        116422	2026-02-02 07:38:15	1	0	15	0
        110512	2026-02-02 07:38:29	1	0	15	0
        110357	2026-02-02 07:38:38	1	0	15	0
        117541	2026-02-02 07:38:41	1	0	15	0
        116104	2026-02-02 07:39:16	1	0	15	0
        117700	2026-02-02 07:39:26	1	0	15	0
        110507	2026-02-02 07:39:40	1	0	15	0
        117915	2026-02-02 07:39:48	1	0	15	0
        110393	2026-02-02 07:39:59	1	0	15	0
        116337	2026-02-02 07:40:12	1	0	15	0
        117270	2026-02-02 07:40:29	1	0	15	0
        118695	2026-02-02 07:40:45	1	0	15	0
        117817	2026-02-02 07:41:05	1	0	15	0
        117088	2026-02-02 07:41:57	1	0	15	0
        118157	2026-02-02 07:42:08	1	0	15	0
        117133	2026-02-02 07:42:19	1	0	15	0
        116142	2026-02-02 07:42:24	1	0	15	0
        117543	2026-02-02 07:42:26	1	0	15	0
        116260	2026-02-02 07:42:28	1	0	15	0
        117999	2026-02-02 07:42:29	1	0	15	0
        117219	2026-02-02 07:42:31	1	0	15	0
        110025	2026-02-02 07:42:35	1	0	15	0
        119272	2026-02-02 07:42:39	1	0	15	0
        117838	2026-02-02 07:43:14	1	0	15	0
        117680	2026-02-02 07:43:16	1	0	15	0
        117122	2026-02-02 07:43:19	1	0	15	0
        110513	2026-02-02 07:43:25	1	0	15	0
        117840	2026-02-02 07:43:28	1	0	15	0
        110197	2026-02-02 07:43:40	1	0	15	0
        117528	2026-02-02 07:44:04	1	0	15	0
        117642	2026-02-02 07:44:35	1	0	15	0
        116824	2026-02-02 07:44:38	1	0	15	0
        117595	2026-02-02 07:44:40	1	0	15	0
        118221	2026-02-02 07:44:47	1	0	15	0
        116282	2026-02-02 07:45:12	1	0	15	0
        117639	2026-02-02 07:45:16	1	0	15	0
        116504	2026-02-02 07:45:58	1	0	15	0
        110493	2026-02-02 07:46:05	1	0	15	0
        110053	2026-02-02 07:46:14	1	0	15	0
        117121	2026-02-02 07:46:22	1	0	15	0
        117742	2026-02-02 07:46:26	1	0	15	0
        118640	2026-02-02 07:46:28	1	0	15	0
        117061	2026-02-02 07:46:33	1	0	15	0
        117966	2026-02-02 07:46:40	1	0	15	0
        117924	2026-02-02 07:46:45	1	0	15	0
        110355	2026-02-02 07:46:57	1	0	15	0
        110356	2026-02-02 07:46:59	1	0	15	0
        117837	2026-02-02 07:47:33	1	0	15	0
        116763	2026-02-02 07:47:40	1	0	15	0
        117839	2026-02-02 07:47:54	1	0	15	0
        117567	2026-02-02 07:47:57	1	0	15	0
        110083	2026-02-02 07:48:32	1	0	15	0
        110057	2026-02-02 07:48:37	1	0	15	0
        117259	2026-02-02 07:48:40	1	0	15	0
        110413	2026-02-02 07:48:44	1	0	15	0
        117144	2026-02-02 07:48:48	1	0	15	0
        110006	2026-02-02 07:48:52	1	0	15	0
        116297	2026-02-02 07:49:05	1	0	15	0
        116902	2026-02-02 07:49:21	1	0	15	0
        110377	2026-02-02 07:49:24	1	0	15	0
        117616	2026-02-02 07:49:29	1	0	15	0
        117212	2026-02-02 07:49:42	1	0	15	0
        110032	2026-02-02 07:49:51	1	0	15	0
        116933	2026-02-02 07:50:17	1	0	15	0
        117189	2026-02-02 07:50:26	1	0	15	0
        118458	2026-02-02 07:50:57	1	0	15	0
        116383	2026-02-02 07:51:01	1	0	15	0
        119493	2026-02-02 07:51:22	1	0	15	0
        117114	2026-02-02 07:51:25	1	0	15	0
        117716	2026-02-02 07:51:27	1	0	15	0
        117841	2026-02-02 07:51:30	1	0	15	0
        119227	2026-02-02 07:51:48	1	0	15	0
        118369	2026-02-02 07:52:06	1	0	15	0
        119006	2026-02-02 07:52:09	1	0	15	0
        110514	2026-02-02 07:52:12	1	0	15	0
        117998	2026-02-02 07:52:23	1	0	15	0
        117085	2026-02-02 07:52:36	1	0	15	0
        118971	2026-02-02 07:52:37	1	0	15	0
        117147	2026-02-02 07:52:41	1	0	15	0
        110495	2026-02-02 07:52:45	1	0	15	0
        119282	2026-02-02 07:52:51	1	0	15	0
        117707	2026-02-02 07:53:11	1	0	15	0
        110084	2026-02-02 07:53:31	1	0	15	0
        118761	2026-02-02 07:53:35	1	0	15	0
        117786	2026-02-02 07:53:38	1	0	15	0
        118271	2026-02-02 07:53:41	1	0	15	0
        117724	2026-02-02 07:53:43	1	0	15	0
        117483	2026-02-02 07:53:56	1	0	15	0
        117156	2026-02-02 07:53:59	1	0	15	0
        117790	2026-02-02 07:54:29	1	0	15	0
        117046	2026-02-02 07:54:32	1	0	15	0
        117120	2026-02-02 07:54:36	1	0	15	0
        117591	2026-02-02 07:54:52	1	0	15	0
        117129	2026-02-02 07:55:03	1	0	15	0
        110158	2026-02-02 07:55:15	1	0	15	0
        117807	2026-02-02 07:55:32	1	0	15	0
        117091	2026-02-02 07:55:34	1	0	15	0
        118813	2026-02-02 07:55:39	1	0	15	0
        117542	2026-02-02 07:55:41	1	0	15	0
        110457	2026-02-02 07:55:44	1	0	15	0
        117692	2026-02-02 07:55:50	1	0	15	0
        117814	2026-02-02 07:55:56	1	0	15	0
        119263	2026-02-02 07:56:07	1	0	15	0
        118563	2026-02-02 07:56:09	1	0	15	0
        116252	2026-02-02 07:56:12	1	0	15	0
        118928	2026-02-02 07:56:14	1	0	15	0
        110195	2026-02-02 07:56:34	1	0	15	0
        116356	2026-02-02 07:57:21	1	0	15	0
        119386	2026-02-02 07:57:47	1	0	15	0
        117997	2026-02-02 07:57:55	1	0	15	0
        117341	2026-02-02 07:58:47	1	0	15	0
        110011	2026-02-02 07:59:24	1	0	15	0
        117683	2026-02-02 07:59:27	1	0	15	0
        117634	2026-02-02 07:59:29	1	0	15	0
        116995	2026-02-02 07:59:31	1	0	15	0
        117926	2026-02-02 08:00:42	1	0	15	0
        118953	2026-02-02 08:01:47	1	0	15	0
        116428	2026-02-02 08:03:41	1	0	15	0
        110418	2026-02-02 08:03:44	1	0	15	0
        110200	2026-02-02 08:03:53	1	0	15	0
        110376	2026-02-02 08:03:58	1	0	15	0
        116747	2026-02-02 08:04:55	1	0	15	0
        116828	2026-02-02 08:05:17	1	0	1	0
        116778	2026-02-02 08:05:23	1	0	15	0
        118862	2026-02-02 08:05:25	1	0	15	0
        117812	2026-02-02 08:05:51	1	0	15	0
        116472	2026-02-02 08:06:57	1	0	15	0
        110075	2026-02-02 08:07:03	1	0	15	0
        118867	2026-02-02 08:07:22	1	0	15	0
        118753	2026-02-02 08:07:25	1	0	15	0
        118180	2026-02-02 08:09:48	1	0	15	0
        110173	2026-02-02 08:09:52	1	0	15	0
        116805	2026-02-02 08:10:03	1	0	15	0
        116496	2026-02-02 08:10:52	1	0	15	0
        116748	2026-02-02 08:10:59	1	0	15	0
        116497	2026-02-02 08:11:09	1	0	15	0
        119157	2026-02-02 08:11:41	1	0	15	0
        110354	2026-02-02 08:12:22	1	0	15	0
        110050	2026-02-02 08:13:02	1	0	15	0
        117080	2026-02-02 08:13:08	1	0	15	0
        116996	2026-02-02 08:13:42	1	0	15	0
        110485	2026-02-02 08:14:47	1	0	15	0
        116346	2026-02-02 08:16:23	1	0	15	0
        110360	2026-02-02 08:16:35	1	0	15	0
        117222	2026-02-02 08:16:49	1	0	15	0
        110094	2026-02-02 08:17:15	1	0	15	0
        110062	2026-02-02 08:17:46	1	0	15	0
        116751	2026-02-02 08:19:03	1	0	15	0
        116512	2026-02-02 08:19:06	1	0	15	0
        117849	2026-02-02 08:19:26	1	0	15	0
        118207	2026-02-02 08:20:13	1	0	15	0
        116426	2026-02-02 08:20:40	1	0	15	0
        116787	2026-02-02 08:20:49	1	0	15	0
        117575	2026-02-02 08:22:44	1	0	15	0
        117897	2026-02-02 08:23:22	1	0	15	0
        118784	2026-02-02 08:23:37	1	0	15	0
        117982	2026-02-02 08:23:57	1	0	15	0
        117815	2026-02-02 08:25:55	1	0	15	0
        116070	2026-02-02 08:27:31	1	0	15	0
        116069	2026-02-02 08:28:56	1	0	15	0
        110055	2026-02-02 08:29:13	1	0	15	0
        118584	2026-02-02 08:29:18	1	0	15	0
        117630	2026-02-02 08:29:45	1	0	15	0
        117711	2026-02-02 08:29:52	1	0	15	0
        116849	2026-02-02 08:30:27	1	0	15	0
        117659	2026-02-02 08:30:32	1	0	15	0
        119107	2026-02-02 08:31:25	1	0	15	0
        116493	2026-02-02 08:35:02	1	0	15	0
        118503	2026-02-02 08:35:43	1	0	15	0
        117113	2026-02-02 08:36:24	1	0	15	0
        110077	2026-02-02 08:41:41	1	0	15	0
        117993	2026-02-02 08:43:58	1	0	15	0
        116453	2026-02-02 08:48:40	1	0	15	0
        117077	2026-02-02 08:49:35	1	0	15	0
        116477	2026-02-02 08:52:40	1	0	15	0
        110172	2026-02-02 08:54:42	1	0	15	0
        117054	2026-02-02 08:56:18	1	0	15	0
        117644	2026-02-02 08:59:25	1	0	15	0
        117111	2026-02-02 09:01:02	1	0	15	0
        117269	2026-02-02 09:06:25	1	0	15	0
        119535	2026-02-02 09:09:09	1	0	15	0
        110100	2026-02-02 09:26:08	1	0	15	0
        117811	2026-02-02 10:09:34	1	0	15	0
        118917	2026-02-02 10:36:52	1	0	15	0
        110492	2026-02-02 12:00:09	1	2	15	0
        118992	2026-02-02 12:00:13	1	2	15	0
        117966	2026-02-02 12:00:14	1	2	15	0
        117733	2026-02-02 12:00:15	1	2	15	0
        117807	2026-02-02 12:00:17	1	2	15	0
        117983	2026-02-02 12:00:18	1	2	15	0
        117997	2026-02-02 12:00:21	1	2	15	0
        117838	2026-02-02 12:00:23	1	2	15	0
        117769	2026-02-02 12:00:24	1	2	15	0
        116356	2026-02-02 12:00:26	1	2	15	0
        116805	2026-02-02 12:00:32	1	2	15	0
        117061	2026-02-02 12:00:34	1	2	15	0
        117046	2026-02-02 12:00:53	1	2	15	0
        116763	2026-02-02 12:00:54	1	2	15	0
        110418	2026-02-02 12:01:10	1	2	15	0
        116297	2026-02-02 12:01:14	1	2	15	0
        117091	2026-02-02 12:01:18	1	2	15	0
        117222	2026-02-02 12:01:20	1	2	15	0
        117817	2026-02-02 12:01:22	1	2	15	0
        110197	2026-02-02 12:01:23	1	2	15	0
        110358	2026-02-02 12:01:26	1	2	15	0
        118829	2026-02-02 12:01:30	1	2	15	0
        117981	2026-02-02 12:01:32	1	2	15	0
        118369	2026-02-02 12:01:33	1	2	15	0
        116477	2026-02-02 12:01:35	1	2	15	0
        110172	2026-02-02 12:01:37	1	2	15	0
        117833	2026-02-02 12:01:38	1	2	15	0
        116426	2026-02-02 12:01:40	1	2	15	0
        116834	2026-02-02 12:01:43	1	2	15	0
        117969	2026-02-02 12:01:45	1	2	15	0
        116428	2026-02-02 12:01:47	1	2	15	0
        117998	2026-02-02 12:01:48	1	2	15	0
        110473	2026-02-02 12:01:51	1	2	15	0
        117542	2026-02-02 12:01:52	1	2	15	0
        118744	2026-02-02 12:01:55	1	2	15	0
        119449	2026-02-02 12:01:57	1	2	15	0
        117088	2026-02-02 12:02:06	1	2	15	0
        116902	2026-02-02 12:02:08	1	2	15	0
        117080	2026-02-02 12:02:10	1	2	15	0
        110495	2026-02-02 12:02:12	1	2	15	0
        110493	2026-02-02 12:02:15	1	2	15	0
        117567	2026-02-02 12:02:20	1	2	15	0
        116914	2026-02-02 12:02:23	1	2	15	0
        110116	2026-02-02 12:02:33	1	2	15	0
        116356	2026-02-02 12:02:38	1	2	15	0
        110200	2026-02-02 12:02:41	1	2	15	0
        116453	2026-02-02 12:02:43	1	2	15	0
        117061	2026-02-02 12:02:44	1	2	15	0
        117981	2026-02-02 12:02:46	1	2	15	0
        110198	2026-02-02 12:02:59	1	2	15	0
        110492	2026-02-02 12:03:07	1	2	15	0
        116805	2026-02-02 12:03:10	1	2	15	0
        117091	2026-02-02 12:03:14	1	2	15	0
        118369	2026-02-02 12:03:20	1	2	15	0
        110506	2026-02-02 12:03:24	1	2	15	0
        117642	2026-02-02 12:03:26	1	2	15	0
        117999	2026-02-02 12:03:28	1	2	15	0
        117924	2026-02-02 12:03:34	1	2	15	0
        116497	2026-02-02 12:03:36	1	2	15	0
        118563	2026-02-02 12:03:38	1	2	15	0
        117541	2026-02-02 12:03:40	1	2	15	0
        116990	2026-02-02 12:03:44	1	2	15	0
        116995	2026-02-02 12:03:46	1	2	15	0
        117814	2026-02-02 12:03:49	1	2	15	0
        117983	2026-02-02 12:03:52	1	2	15	0
        110063	2026-02-02 12:03:54	1	2	15	0
        110144	2026-02-02 12:04:00	1	2	15	0
        119453	2026-02-02 12:04:02	1	2	15	0
        110466	2026-02-02 12:04:04	1	2	15	0
        117930	2026-02-02 12:04:09	1	2	15	0
        117341	2026-02-02 12:04:11	1	2	15	0
        117724	2026-02-02 12:04:13	1	2	15	0
        118043	2026-02-02 12:04:15	1	2	15	0
        117833	2026-02-02 12:04:17	1	2	15	0
        117269	2026-02-02 12:04:19	1	2	15	0
        116383	2026-02-02 12:04:21	1	2	15	0
        117043	2026-02-02 12:04:23	1	2	15	0
        116426	2026-02-02 12:04:25	1	2	15	0
        117790	2026-02-02 12:04:29	1	2	15	0
        116477	2026-02-02 12:04:31	1	2	15	0
        110172	2026-02-02 12:04:33	1	2	15	0
        116763	2026-02-02 12:04:34	1	2	15	0
        117046	2026-02-02 12:04:36	1	2	15	0
        110418	2026-02-02 12:04:39	1	2	15	0
        117837	2026-02-02 12:04:41	1	2	15	0
        117080	2026-02-02 12:04:42	1	2	15	0
        116831	2026-02-02 12:04:44	1	2	15	0
        116828	2026-02-02 12:04:48	1	2	1	0
        110473	2026-02-02 12:04:54	1	2	15	0
        119107	2026-02-02 12:04:58	1	2	15	0
        119535	2026-02-02 12:05:03	1	2	15	0
        117147	2026-02-02 12:05:07	1	2	15	0
        116479	2026-02-02 12:05:10	1	2	15	0
        117639	2026-02-02 12:05:13	1	2	15	0
        110200	2026-02-02 12:05:15	1	2	15	0
        117811	2026-02-02 12:05:18	1	2	15	0
        110094	2026-02-02 12:05:21	1	2	15	0
        117972	2026-02-02 12:05:26	1	2	15	0
        110514	2026-02-02 12:05:29	1	2	15	0
        110512	2026-02-02 12:05:30	1	2	15	0
        117111	2026-02-02 12:05:35	1	2	15	0
        110513	2026-02-02 12:05:38	1	2	15	0
        117337	2026-02-02 12:05:43	1	2	15	0
        117189	2026-02-02 12:05:46	1	2	15	0
        116428	2026-02-02 12:05:50	1	2	15	0
        117120	2026-02-02 12:05:52	1	2	15	0
        118829	2026-02-02 12:05:55	1	2	15	0
        119263	2026-02-02 12:05:58	1	2	15	0
        110084	2026-02-02 12:06:00	1	2	15	0
        116069	2026-02-02 12:06:05	1	2	15	0
        110051	2026-02-02 12:06:09	1	2	15	0
        117839	2026-02-02 12:06:12	1	2	15	0
        117840	2026-02-02 12:06:13	1	2	15	0
        117659	2026-02-02 12:06:16	1	2	15	0
        116902	2026-02-02 12:06:17	1	2	15	0
        116914	2026-02-02 12:06:21	1	2	15	0
        119157	2026-02-02 12:06:23	1	2	15	0
        117835	2026-02-02 12:06:26	1	2	15	0
        119386	2026-02-02 12:06:30	1	2	15	0
        116383	2026-02-02 12:06:32	1	2	15	0
        110376	2026-02-02 12:06:35	1	2	15	0
        110377	2026-02-02 12:06:37	1	2	15	0
        118813	2026-02-02 12:06:40	1	2	15	0
        110413	2026-02-02 12:06:50	1	2	15	0
        110093	2026-02-02 12:06:57	1	2	15	0
        117817	2026-02-02 12:07:01	1	2	15	0
        117769	2026-02-02 12:07:12	1	2	15	0
        117838	2026-02-02 12:07:15	1	2	15	0
        117966	2026-02-02 12:07:15	1	2	15	0
        118970	2026-02-02 12:07:18	1	2	15	0
        117997	2026-02-02 12:07:20	1	2	15	0
        116129	2026-02-02 12:07:21	1	2	15	0
        118928	2026-02-02 12:07:23	1	2	15	0
        118271	2026-02-02 12:07:25	1	2	15	0
        117926	2026-02-02 12:07:26	1	2	15	0
        110495	2026-02-02 12:07:34	1	2	15	0
        110493	2026-02-02 12:07:37	1	2	15	0
        118563	2026-02-02 12:07:39	1	2	15	0
        110084	2026-02-02 12:07:47	1	2	15	0
        117837	2026-02-02 12:07:48	1	2	15	0
        117059	2026-02-02 12:07:50	1	2	15	0
        117644	2026-02-02 12:07:53	1	2	15	0
        116990	2026-02-02 12:07:56	1	2	15	0
        116995	2026-02-02 12:07:58	1	2	15	0
        116483	2026-02-02 12:08:02	1	2	15	0
        116504	2026-02-02 12:08:04	1	2	15	0
        117341	2026-02-02 12:08:11	1	2	15	0
        117269	2026-02-02 12:08:13	1	2	15	0
        110424	2026-02-02 12:08:16	1	2	15	0
        119263	2026-02-02 12:08:19	1	2	15	0
        117088	2026-02-02 12:08:26	1	2	15	0
        117680	2026-02-02 12:08:30	1	2	15	0
        116472	2026-02-02 12:08:40	1	2	15	0
        116747	2026-02-02 12:08:43	1	2	15	0
        118207	2026-02-02 12:08:49	1	2	15	0
        117999	2026-02-02 12:08:52	1	2	15	0
        117120	2026-02-02 12:08:58	1	2	15	0
        110507	2026-02-02 12:09:05	1	2	15	0
        110195	2026-02-02 12:09:13	1	2	15	0
        110144	2026-02-02 12:09:34	1	2	15	0
        118971	2026-02-02 12:09:39	1	2	15	0
        110173	2026-02-02 12:09:43	1	2	15	0
        117639	2026-02-02 12:09:47	1	2	15	0
        117742	2026-02-02 12:09:49	1	2	15	0
        117849	2026-02-02 12:09:52	1	2	15	0
        117709	2026-02-02 12:09:54	1	2	15	0
        117786	2026-02-02 12:09:58	1	2	15	0
        110051	2026-02-02 12:10:03	1	2	15	0
        119157	2026-02-02 12:10:05	1	2	15	0
        118761	2026-02-02 12:10:07	1	2	15	0
        118813	2026-02-02 12:10:09	1	2	15	0
        116834	2026-02-02 12:10:13	1	2	15	0
        110062	2026-02-02 12:10:27	1	2	15	0
        118221	2026-02-02 12:10:35	1	2	15	0
        119386	2026-02-02 12:10:40	1	2	15	0
        118043	2026-02-02 12:10:57	1	2	15	0
        117270	2026-02-02 12:11:03	1	2	15	0
        118271	2026-02-02 12:11:07	1	2	15	0
        118695	2026-02-02 12:11:09	1	2	15	0
        116483	2026-02-02 12:11:11	1	2	15	0
        117815	2026-02-02 12:11:13	1	2	15	0
        116504	2026-02-02 12:11:15	1	2	15	0
        116831	2026-02-02 12:11:25	1	2	15	0
        110077	2026-02-02 12:11:30	1	2	15	0
        117659	2026-02-02 12:11:32	1	2	15	0
        116828	2026-02-02 12:11:33	1	2	1	0
        117147	2026-02-02 12:11:35	1	2	15	0
        117144	2026-02-02 12:11:39	1	2	15	0
        110088	2026-02-02 12:11:41	1	2	15	0
        117114	2026-02-02 12:11:44	1	2	15	0
        119535	2026-02-02 12:11:46	1	2	15	0
        117644	2026-02-02 12:11:48	1	2	15	0
        110378	2026-02-02 12:11:54	1	2	15	0
        117616	2026-02-02 12:12:07	1	2	15	0
        110517	2026-02-02 12:12:35	1	2	15	0
        110100	2026-02-02 12:12:40	1	2	15	0
        116748	2026-02-02 12:12:42	1	2	15	0
        110158	2026-02-02 12:12:44	1	2	15	0
        116960	2026-02-02 12:12:46	1	2	15	0
        110128	2026-02-02 12:12:53	1	2	15	0
        110060	2026-02-02 12:13:01	1	2	15	0
        116996	2026-02-02 12:13:06	1	2	15	0
        117529	2026-02-02 12:13:10	1	2	15	0
        117841	2026-02-02 12:13:24	1	2	15	0
        117770	2026-02-02 12:13:26	1	2	15	0
        117716	2026-02-02 12:13:31	1	2	15	0
        118695	2026-02-02 12:13:33	1	2	15	0
        110173	2026-02-02 12:13:33	1	2	15	0
        118917	2026-02-02 12:13:38	1	2	15	0
        117812	2026-02-02 12:13:40	1	2	15	0
        110513	2026-02-02 12:13:43	1	2	15	0
        110514	2026-02-02 12:13:48	1	2	15	0
        117692	2026-02-02 12:13:51	1	2	15	0
        117921	2026-02-02 12:13:53	1	2	15	0
        117982	2026-02-02 12:13:55	1	2	15	0
        116787	2026-02-02 12:13:57	1	2	15	0
        116849	2026-02-02 12:13:58	1	2	15	0
        118970	2026-02-02 12:14:00	1	2	15	0
        118928	2026-02-02 12:14:02	1	2	15	0
        116778	2026-02-02 12:14:04	1	2	15	0
        117595	2026-02-02 12:14:06	1	2	15	0
        116496	2026-02-02 12:14:08	1	2	15	0
        110354	2026-02-02 12:14:10	1	2	15	0
        117122	2026-02-02 12:14:12	1	2	15	0
        110062	2026-02-02 12:14:15	1	2	15	0
        116551	2026-02-02 12:14:17	1	2	15	0
        117085	2026-02-02 12:14:32	1	2	15	0
        116129	2026-02-02 12:14:44	1	2	15	0
        110065	2026-02-02 12:14:56	1	2	15	0
        119594	2026-02-02 12:14:58	1	2	15	0
        119475	2026-02-02 12:14:59	1	2	15	0
        110527	2026-02-02 12:15:06	1	2	15	0
        117972	2026-02-02 12:15:09	1	2	15	0
        110512	2026-02-02 12:15:13	1	2	15	0
        110377	2026-02-02 12:15:16	1	2	15	0
        110376	2026-02-02 12:15:20	1	2	15	0
        117542	2026-02-02 12:15:33	1	2	15	0
        117707	2026-02-02 12:15:51	1	2	15	0
        116849	2026-02-02 12:15:55	1	2	15	0
        116787	2026-02-02 12:15:57	1	2	15	0
        117129	2026-02-02 12:15:59	1	2	15	0
        119594	2026-02-02 12:16:08	1	2	15	0
        118221	2026-02-02 12:16:13	1	2	15	0
        117567	2026-02-02 12:16:14	1	2	15	0
        117212	2026-02-02 12:16:21	1	2	15	0
        110360	2026-02-02 12:16:22	1	2	15	0
        117054	2026-02-02 12:16:27	1	2	15	0
        117993	2026-02-02 12:16:29	1	2	15	0
        117709	2026-02-02 12:16:33	1	2	15	0
        117849	2026-02-02 12:16:34	1	2	15	0
            13	2026-02-02 12:16:40	1	2	15	0
        116835	2026-02-02 12:16:45	1	2	15	0
        116069	2026-02-02 12:16:54	1	2	15	0
        116346	2026-02-02 12:16:56	1	2	15	0
        117259	2026-02-02 12:16:59	1	2	15	0
        117483	2026-02-02 12:17:02	1	2	15	0
        117680	2026-02-02 12:17:06	1	2	15	0
        118744	2026-02-02 12:17:09	1	2	15	0
        119475	2026-02-02 12:17:18	1	2	15	0
        117683	2026-02-02 12:17:21	1	2	15	0
        117219	2026-02-02 12:17:23	1	2	15	0
        110378	2026-02-02 12:17:26	1	2	15	0
        118971	2026-02-02 12:17:27	1	2	15	0
        116282	2026-02-02 12:17:29	1	2	15	0
        117915	2026-02-02 12:17:32	1	2	15	0
        118157	2026-02-02 12:17:33	1	2	15	0
        117634	2026-02-02 12:17:36	1	2	15	0
        110032	2026-02-02 12:17:38	1	2	15	0
        117930	2026-02-02 12:17:40	1	2	15	0
        116479	2026-02-02 12:17:42	1	2	15	0
        116104	2026-02-02 12:17:48	1	2	15	0
        116252	2026-02-02 12:17:51	1	2	15	0
        110094	2026-02-02 12:17:53	1	2	15	0
        116778	2026-02-02 12:17:55	1	2	15	0
        117807	2026-02-02 12:17:57	1	2	15	0
        119453	2026-02-02 12:17:59	1	2	15	0
        116551	2026-02-02 12:18:01	1	2	15	0
        117222	2026-02-02 12:18:03	1	2	15	0
        117724	2026-02-02 12:18:04	1	2	15	0
        117692	2026-02-02 12:18:06	1	2	15	0
        117921	2026-02-02 12:18:08	1	2	15	0
        117982	2026-02-02 12:18:10	1	2	15	0
        116496	2026-02-02 12:18:13	1	2	15	0
        117144	2026-02-02 12:18:17	1	2	15	0
        110088	2026-02-02 12:18:19	1	2	15	0
        117616	2026-02-02 12:18:21	1	2	15	0
        119107	2026-02-02 12:18:24	1	2	15	0
        116996	2026-02-02 12:18:29	1	2	15	0
        110100	2026-02-02 12:18:30	1	2	15	0
        116337	2026-02-02 12:18:32	1	2	15	0
        117077	2026-02-02 12:18:39	1	2	15	0
        116537	2026-02-02 12:18:41	1	2	15	0
        110063	2026-02-02 12:18:43	1	2	15	0
        117711	2026-02-02 12:18:46	1	2	15	0
        116070	2026-02-02 12:18:48	1	2	15	0
        116960	2026-02-02 12:18:50	1	2	15	0
        110060	2026-02-02 12:18:52	1	2	15	0
        110356	2026-02-02 12:18:55	1	2	15	0
        110355	2026-02-02 12:18:59	1	2	15	0
        117054	2026-02-02 12:19:04	1	2	15	0
        117716	2026-02-02 12:19:10	1	2	15	0
        110424	2026-02-02 12:19:29	1	2	15	0
        117812	2026-02-02 12:19:45	1	2	15	0
        116252	2026-02-02 12:19:49	1	2	15	0
        117212	2026-02-02 12:19:56	1	2	15	0
        117707	2026-02-02 12:20:03	1	2	15	0
        117541	2026-02-02 12:20:09	1	2	15	0
        118997	2026-02-02 12:20:16	1	2	15	0
        119602	2026-02-02 12:20:29	1	2	15	0
        117998	2026-02-02 12:20:33	1	2	15	0
        117270	2026-02-02 12:21:00	1	2	15	0
        117085	2026-02-02 12:21:03	1	2	15	0
        118917	2026-02-02 12:21:05	1	2	15	0
        117189	2026-02-02 12:21:07	1	2	15	0
        117993	2026-02-02 12:21:10	1	2	15	0
        117483	2026-02-02 12:21:12	1	2	15	0
        110356	2026-02-02 12:21:19	1	2	15	0
        110355	2026-02-02 12:21:20	1	2	15	0
        117259	2026-02-02 12:21:23	1	2	15	0
        110093	2026-02-02 12:21:31	1	2	15	0
        117113	2026-02-02 12:21:37	1	2	15	0
        116933	2026-02-02 12:21:38	1	2	15	0
        116835	2026-02-02 12:21:40	1	2	15	0
        116748	2026-02-02 12:21:42	1	2	15	0
        110158	2026-02-02 12:21:44	1	2	15	0
        117790	2026-02-02 12:21:45	1	2	15	0
        116346	2026-02-02 12:21:47	1	2	15	0
        118992	2026-02-02 12:21:48	1	2	15	0
        117683	2026-02-02 12:21:50	1	2	15	0
        117630	2026-02-02 12:21:51	1	2	15	0
        117219	2026-02-02 12:21:54	1	2	15	0
        116282	2026-02-02 12:21:55	1	2	15	0
        116453	2026-02-02 12:21:57	1	2	15	0
        117915	2026-02-02 12:21:59	1	2	15	0
        117634	2026-02-02 12:22:00	1	2	15	0
        118157	2026-02-02 12:22:02	1	2	15	0
        117129	2026-02-02 12:22:22	1	2	15	0
        116104	2026-02-02 12:22:30	1	2	15	0
        118732	2026-02-02 12:22:34	1	2	15	0
        110116	2026-02-02 12:22:39	1	2	15	0
        117529	2026-02-02 12:22:49	1	2	15	0
        117835	2026-02-02 12:22:54	1	2	15	0
        117043	2026-02-02 12:23:06	1	2	15	0
        117337	2026-02-02 12:23:09	1	2	15	0
        117111	2026-02-02 12:23:11	1	2	15	0
        117733	2026-02-02 12:23:18	1	2	15	0
        116799	2026-02-02 12:23:28	1	2	15	0
        116337	2026-02-02 12:23:37	1	2	15	0
        117642	2026-02-02 12:23:39	1	2	15	0
        119602	2026-02-02 12:23:46	1	2	15	0
        117924	2026-02-02 12:23:50	1	2	15	0
        110457	2026-02-02 12:23:53	1	2	15	0
        116260	2026-02-02 12:23:55	1	2	15	0
        116497	2026-02-02 12:23:56	1	2	15	0
        117077	2026-02-02 12:23:59	1	2	15	0
        116537	2026-02-02 12:24:01	1	2	15	0
        118046	2026-02-02 12:24:03	1	2	15	0
        119449	2026-02-02 12:24:36	1	2	15	0
        110507	2026-02-02 12:24:46	1	2	15	0
        117841	2026-02-02 12:25:08	1	2	15	0
        117770	2026-02-02 12:25:10	1	2	15	0
        117543	2026-02-02 12:25:18	1	2	15	0
        110358	2026-02-02 12:25:43	1	2	15	0
        118640	2026-02-02 12:25:48	1	2	15	0
        118584	2026-02-02 12:25:50	1	2	15	0
        119571	2026-02-02 12:25:53	1	2	15	0
        118568	2026-02-02 12:25:56	1	2	15	0
        118761	2026-02-02 12:26:09	1	2	15	0
        110032	2026-02-02 12:26:20	1	2	15	0
        110357	2026-02-02 12:26:32	1	2	15	0
        117969	2026-02-02 12:26:36	1	2	15	0
        110527	2026-02-02 12:26:38	1	2	15	0
        110413	2026-02-02 12:26:39	1	2	15	0
        117575	2026-02-02 12:26:49	1	2	15	0
        117133	2026-02-02 12:26:55	1	2	15	0
        118458	2026-02-02 12:27:09	1	2	15	0
        117059	2026-02-02 12:27:34	1	2	15	0
        116260	2026-02-02 12:27:37	1	2	15	0
        110457	2026-02-02 12:27:42	1	2	15	0
        116142	2026-02-02 12:27:52	1	2	15	0
        117840	2026-02-02 12:27:58	1	2	15	0
        117659	2026-02-02 12:27:59	1	2	15	0
        110065	2026-02-02 12:28:01	1	2	15	0
        110053	2026-02-02 12:28:10	1	2	15	0
        119282	2026-02-02 12:28:15	1	2	15	0
        110128	2026-02-02 12:28:22	1	2	15	0
        117700	2026-02-02 12:28:26	1	2	15	0
        118640	2026-02-02 12:28:46	1	2	15	0
        110357	2026-02-02 12:29:05	1	2	15	0
        110077	2026-02-02 12:29:21	1	2	15	0
        110197	2026-02-02 12:29:34	1	2	15	0
        116297	2026-02-02 12:29:39	1	2	15	0
        118753	2026-02-02 12:29:58	1	2	15	0
        117630	2026-02-02 12:30:04	1	2	15	0
        116747	2026-02-02 12:30:09	1	2	15	0
        116472	2026-02-02 12:30:13	1	2	15	0
        110354	2026-02-02 12:30:28	1	2	15	0
        116824	2026-02-02 12:30:52	1	2	15	0
        117575	2026-02-02 12:31:27	1	2	15	0
        116799	2026-02-02 12:31:46	1	2	15	0
        110053	2026-02-02 12:31:49	1	2	15	0
        118732	2026-02-02 12:32:13	1	2	15	0
        118584	2026-02-02 12:33:02	1	3	15	0
        117700	2026-02-02 12:33:06	1	3	15	0
        116933	2026-02-02 12:33:14	1	3	15	0
        117133	2026-02-02 12:33:20	1	3	15	0
        110006	2026-02-02 12:33:34	1	3	15	0
        117699	2026-02-02 12:33:38	1	3	15	0
        116142	2026-02-02 12:33:58	1	3	15	0
        119282	2026-02-02 12:34:14	1	3	15	0
        117122	2026-02-02 12:34:44	1	3	15	0
        119006	2026-02-02 12:35:04	1	3	15	0
        119493	2026-02-02 12:35:42	1	3	15	0
        119571	2026-02-02 12:36:03	1	3	15	0
        116104	2026-02-02 12:36:06	1	3	15	0
        117103	2026-02-02 12:36:09	1	3	15	0
        118458	2026-02-02 12:36:13	1	3	15	0
        117839	2026-02-02 12:36:18	1	3	15	0
        117528	2026-02-02 12:36:29	1	3	15	0
        117156	2026-02-02 12:36:37	1	3	15	0
        117121	2026-02-02 12:36:40	1	3	15	0
        116493	2026-02-02 12:37:18	1	3	15	0
        119365	2026-02-02 12:37:23	1	3	15	0
        119006	2026-02-02 12:37:25	1	3	15	0
        117815	2026-02-02 12:37:59	1	3	15	0
        118568	2026-02-02 12:38:30	1	3	15	0
        110372	2026-02-02 12:38:55	1	3	15	0
        117814	2026-02-02 12:39:07	1	3	15	0
        117103	2026-02-02 12:39:13	1	3	15	0
        117595	2026-02-02 12:39:16	1	3	15	0
        119227	2026-02-02 12:40:32	1	3	15	0
        117543	2026-02-02 12:40:44	1	3	15	0
        116279	2026-02-02 12:41:32	1	3	15	0
        116493	2026-02-02 12:41:39	1	3	15	0
        118784	2026-02-02 12:41:43	1	3	15	0
        119365	2026-02-02 12:41:46	1	3	15	0
        117811	2026-02-02 12:41:53	1	3	15	0
        117699	2026-02-02 12:42:05	1	3	15	0
        116824	2026-02-02 12:42:10	1	3	15	0
        117156	2026-02-02 12:42:26	1	3	15	0
        119364	2026-02-02 12:42:44	1	3	15	0
        110057	2026-02-02 12:42:47	1	3	15	0
        110485	2026-02-02 12:42:55	1	3	15	0
        119227	2026-02-02 12:43:14	1	3	15	0
        110198	2026-02-02 12:43:53	1	3	15	0
        110506	2026-02-02 12:43:59	1	3	15	0
        118997	2026-02-02 12:44:03	1	3	15	0
        117528	2026-02-02 12:44:33	1	3	15	0
        116751	2026-02-02 12:44:46	1	3	15	0
        116512	2026-02-02 12:44:47	1	3	15	0
        117114	2026-02-02 12:45:05	1	3	15	0
        118186	2026-02-02 12:45:15	1	3	15	0
        118046	2026-02-02 12:45:38	1	3	15	0
        117113	2026-02-02 12:46:23	1	3	15	0
        110485	2026-02-02 12:46:27	1	3	15	0
        119364	2026-02-02 12:46:30	1	3	15	0
        110057	2026-02-02 12:46:35	1	3	15	0
        118186	2026-02-02 12:46:45	1	3	15	0
        117711	2026-02-02 12:47:06	1	3	15	0
        110083	2026-02-02 12:47:17	1	3	15	0
        110195	2026-02-02 12:47:30	1	3	15	0
        117591	2026-02-02 12:47:35	1	3	15	0
        118753	2026-02-02 12:48:37	1	3	15	0
        118784	2026-02-02 12:48:48	1	3	15	0
        118455	2026-02-02 12:48:53	1	3	15	0
        110075	2026-02-02 12:48:56	1	3	15	0
        110074	2026-02-02 12:48:58	1	3	15	0
        119070	2026-02-02 12:49:01	1	3	15	0
        116751	2026-02-02 12:49:04	1	3	15	0
        116512	2026-02-02 12:49:06	1	3	15	0
        110083	2026-02-02 12:50:06	1	3	15	0
        110055	2026-02-02 12:50:11	1	3	15	0
        119272	2026-02-02 12:50:14	1	3	15	0
        118180	2026-02-02 12:50:16	1	3	15	0
        110475	2026-02-02 12:50:18	1	3	15	0
        110025	2026-02-02 12:50:23	1	3	15	0
        110393	2026-02-02 12:50:29	1	3	15	0
        116422	2026-02-02 12:50:35	1	3	15	0
        110011	2026-02-02 12:50:39	1	3	15	0
        118862	2026-02-02 12:50:49	1	3	15	0
        117926	2026-02-02 12:50:55	1	3	15	0
        117591	2026-02-02 12:51:43	1	3	15	0
        118503	2026-02-02 12:52:43	1	3	15	0
        117114	2026-02-02 12:52:52	1	3	15	0
        118207	2026-02-02 12:53:00	1	3	15	0
        110360	2026-02-02 12:53:08	1	3	15	0
        118180	2026-02-02 12:53:19	1	3	15	0
        119272	2026-02-02 12:53:22	1	3	15	0
        110466	2026-02-02 12:53:24	1	3	15	0
        116422	2026-02-02 12:53:30	1	3	15	0
        110055	2026-02-02 12:53:57	1	3	15	0
        118503	2026-02-02 12:54:02	1	3	15	0
        110393	2026-02-02 12:54:07	1	3	15	0
        110372	2026-02-02 12:54:19	1	3	15	0
        119104	2026-02-02 12:54:24	1	3	15	0
        110085	2026-02-02 12:54:29	1	3	15	0
        117786	2026-02-02 12:54:31	1	3	15	0
        110074	2026-02-02 12:54:39	1	3	15	0
        118455	2026-02-02 12:54:40	1	3	15	0
        119070	2026-02-02 12:54:47	1	3	15	0
        118867	2026-02-02 12:54:53	1	3	15	0
        110183	2026-02-02 12:55:03	1	3	15	0
        110475	2026-02-02 12:55:14	1	3	15	0
        118862	2026-02-02 12:55:19	1	3	15	0
        110025	2026-02-02 12:55:29	1	3	15	0
        110075	2026-02-02 12:55:45	1	3	15	0
        110011	2026-02-02 12:56:06	1	3	15	0
        119104	2026-02-02 12:56:38	1	3	15	0
        118867	2026-02-02 12:58:11	1	3	15	0
           538	2026-02-02 13:25:03	1	3	15	0
        117043	2026-02-02 14:27:52	1	3	15	0
        119449	2026-02-02 15:24:11	1	3	15	0
        110517	2026-02-02 16:32:32	1	1	15	0
        110094	2026-02-02 17:01:18	1	1	15	0
        116512	2026-02-02 17:01:23	1	1	15	0
        116751	2026-02-02 17:01:25	1	1	15	0
        116479	2026-02-02 17:01:45	1	1	15	0
        116297	2026-02-02 17:02:04	1	1	15	0
        117815	2026-02-02 17:02:07	1	1	15	0
        119365	2026-02-02 17:02:36	1	1	15	0
        117133	2026-02-02 17:02:44	1	1	15	0
        118640	2026-02-02 17:02:52	1	1	15	0
        118917	2026-02-02 17:02:54	1	1	15	0
        116337	2026-02-02 17:02:56	1	1	15	0
        118829	2026-02-02 17:02:58	1	1	15	0
        116824	2026-02-02 17:03:03	1	1	15	0
        110197	2026-02-02 17:03:07	1	1	15	0
        117088	2026-02-02 17:03:14	1	1	15	0
        110355	2026-02-02 17:03:17	1	1	15	0
        116493	2026-02-02 17:03:22	1	1	15	0
        118207	2026-02-02 17:03:27	1	1	15	0
        116346	2026-02-02 17:03:41	1	1	15	0
        116990	2026-02-02 17:03:48	1	1	15	0
        117966	2026-02-02 17:03:50	1	1	15	0
        117769	2026-02-02 17:03:51	1	1	15	0
        116835	2026-02-02 17:04:00	1	1	15	0
        117269	2026-02-02 17:04:35	1	1	15	0
        110358	2026-02-02 17:04:38	1	1	15	0
        116537	2026-02-02 17:04:43	1	1	15	0
        118180	2026-02-02 17:04:45	1	1	15	0
        117341	2026-02-02 17:04:47	1	1	15	0
        116799	2026-02-02 17:04:51	1	1	15	0
        110065	2026-02-02 17:05:07	1	1	15	0
        117567	2026-02-02 17:05:09	1	1	15	0
        119475	2026-02-02 17:05:13	1	1	15	0
        119453	2026-02-02 17:05:16	1	1	15	0
        110088	2026-02-02 17:05:20	1	1	15	0
        110144	2026-02-02 17:05:26	1	1	15	0
        117144	2026-02-02 17:05:59	1	1	15	0
        117113	2026-02-02 17:06:03	1	1	15	0
        117642	2026-02-02 17:06:05	1	1	15	0
           538	2026-02-02 17:06:07	1	1	15	0
        119602	2026-02-02 17:06:15	1	1	15	0
        110084	2026-02-02 17:06:22	1	1	15	0
        118186	2026-02-02 17:06:27	1	1	15	0
        117982	2026-02-02 17:06:31	1	1	15	0
        110060	2026-02-02 17:06:40	1	1	15	0
            13	2026-02-02 17:06:45	1	1	15	0
        117122	2026-02-02 17:06:50	1	1	15	0
        117790	2026-02-02 17:06:57	1	1	15	0
        116763	2026-02-02 17:07:02	1	1	15	0
        110360	2026-02-02 17:07:48	1	1	15	0
        116426	2026-02-02 17:07:52	1	1	15	0
        117121	2026-02-02 17:07:55	1	1	15	0
        117997	2026-02-02 17:07:57	1	1	15	0
        110493	2026-02-02 17:07:58	1	1	15	0
        116748	2026-02-02 17:08:00	1	1	15	0
        110495	2026-02-02 17:08:01	1	1	15	0
        117839	2026-02-02 17:08:04	1	1	15	0
        117811	2026-02-02 17:08:06	1	1	15	0
        117814	2026-02-02 17:08:08	1	1	15	0
        117840	2026-02-02 17:08:12	1	1	15	0
        117659	2026-02-02 17:08:13	1	1	15	0
        117841	2026-02-02 17:08:15	1	1	15	0
        117483	2026-02-02 17:08:16	1	1	15	0
        116551	2026-02-02 17:08:18	1	1	15	0
        117680	2026-02-02 17:08:21	1	1	15	0
        116902	2026-02-02 17:08:49	1	1	15	0
        110085	2026-02-02 17:08:52	1	1	15	0
        110527	2026-02-02 17:08:55	1	1	15	0
        118744	2026-02-02 17:09:00	1	1	15	0
        117103	2026-02-02 17:09:04	1	1	15	0
        110093	2026-02-02 17:09:28	1	1	15	0
        118568	2026-02-02 17:09:31	1	1	15	0
        117849	2026-02-02 17:09:33	1	1	15	0
        116104	2026-02-02 17:09:35	1	1	15	0
        119070	2026-02-02 17:09:37	1	1	15	0
        116252	2026-02-02 17:09:40	1	1	15	0
        116422	2026-02-02 17:09:58	1	1	15	0
        117219	2026-02-02 17:09:59	1	1	15	0
        117983	2026-02-02 17:10:27	1	1	15	0
        116472	2026-02-02 17:11:02	1	1	15	0
        117724	2026-02-02 17:11:04	1	1	15	0
        117838	2026-02-02 17:11:17	1	1	15	0
        110376	2026-02-02 17:11:25	1	1	15	0
        110377	2026-02-02 17:11:29	1	1	15	0
        110466	2026-02-02 17:11:47	1	1	15	0
        117111	2026-02-02 17:12:01	1	1	15	0
        117835	2026-02-02 17:12:32	1	1	15	0
        117733	2026-02-02 17:12:38	1	1	15	0
        118970	2026-02-02 17:12:41	1	1	15	0
        118928	2026-02-02 17:12:43	1	1	15	0
        116129	2026-02-02 17:12:44	1	1	15	0
        110356	2026-02-02 17:12:46	1	1	15	0
        119535	2026-02-02 17:12:51	1	1	15	0
        118157	2026-02-02 17:13:09	1	1	15	0
        116282	2026-02-02 17:13:20	1	1	15	0
        118992	2026-02-02 17:13:26	1	1	15	0
        116142	2026-02-02 17:13:27	1	1	15	0
        116252	2026-02-02 17:13:33	1	1	15	0
        110507	2026-02-02 17:13:36	1	1	15	0
        116933	2026-02-02 17:13:41	1	1	15	0
        117543	2026-02-02 17:13:43	1	1	15	0
        118761	2026-02-02 17:13:46	1	1	15	0
        110158	2026-02-02 17:13:52	1	1	15	0
        119493	2026-02-02 17:14:08	1	1	15	0
        117921	2026-02-02 17:14:21	1	1	15	0
        117616	2026-02-02 17:14:29	1	1	15	0
        110116	2026-02-02 17:14:57	1	1	15	0
        118458	2026-02-02 17:15:42	1	1	15	0
        119107	2026-02-02 17:15:51	1	1	15	0
        117926	2026-02-02 17:16:10	1	1	15	0
        117639	2026-02-02 17:16:15	1	1	15	0
        117129	2026-02-02 17:16:22	1	1	15	0
        116504	2026-02-02 17:16:38	1	1	15	0
        118732	2026-02-02 17:16:55	1	1	15	0
        118784	2026-02-02 17:17:06	1	1	15	0
        117156	2026-02-02 17:17:10	1	1	15	0
        116496	2026-02-02 17:17:37	1	1	15	0
        110006	2026-02-02 17:17:40	1	1	15	0
        110418	2026-02-02 17:17:44	1	1	15	0
        118221	2026-02-02 17:17:53	1	1	15	0
        118563	2026-02-02 17:18:09	1	1	15	0
        117999	2026-02-02 17:18:17	1	1	15	0
        117969	2026-02-02 17:18:21	1	1	15	0
        118271	2026-02-02 17:18:37	1	1	15	0
        117189	2026-02-02 17:18:49	1	1	15	0
        117692	2026-02-02 17:19:07	1	1	15	0
        119263	2026-02-02 17:19:58	1	1	15	0
        110457	2026-02-02 17:20:05	1	1	15	0
        117770	2026-02-02 17:20:09	1	1	15	0
        117998	2026-02-02 17:20:11	1	1	15	0
        117541	2026-02-02 17:21:02	1	1	15	0
        110053	2026-02-02 17:21:09	1	1	15	0
        116356	2026-02-02 17:22:04	1	1	15	0
        110354	2026-02-02 17:22:38	1	1	15	0
        110424	2026-02-02 17:22:44	1	1	15	0
        116787	2026-02-02 17:23:12	1	1	15	0
        117716	2026-02-02 17:23:13	1	1	15	0
        119272	2026-02-02 17:23:16	1	1	15	0
        116383	2026-02-02 17:23:47	1	1	15	0
        117972	2026-02-02 17:24:06	1	1	15	0
        110514	2026-02-02 17:25:12	1	1	15	0
        110513	2026-02-02 17:25:16	1	1	15	0
        110512	2026-02-02 17:25:20	1	1	15	0
        117837	2026-02-02 17:25:37	1	1	15	0
        117812	2026-02-02 17:25:38	1	1	15	0
        117644	2026-02-02 17:25:40	1	1	15	0
        116995	2026-02-02 17:25:41	1	1	15	0
        117700	2026-02-02 17:25:56	1	1	15	0
        116828	2026-02-02 17:26:30	1	1	1	0
        110475	2026-02-02 17:26:39	1	1	15	0
        110195	2026-02-02 17:26:49	1	1	15	0
        118813	2026-02-02 17:27:20	1	1	15	0
        117915	2026-02-02 17:27:23	1	1	15	0
        117634	2026-02-02 17:27:28	1	1	15	0
        110062	2026-02-02 17:27:35	1	1	15	0
        118455	2026-02-02 17:27:45	1	1	15	0
        116483	2026-02-02 17:27:47	1	1	15	0
        116849	2026-02-02 17:27:54	1	1	15	0
        116070	2026-02-02 17:27:55	1	1	15	0
        116069	2026-02-02 17:27:57	1	1	15	0
        117595	2026-02-02 17:28:07	1	1	15	0
        117120	2026-02-02 17:28:10	1	1	15	0
        118971	2026-02-02 17:28:12	1	1	15	0
        118584	2026-02-02 17:28:18	1	1	15	0
        117046	2026-02-02 17:28:22	1	1	15	0
        110473	2026-02-02 17:28:25	1	1	15	0
        110051	2026-02-02 17:28:55	1	1	15	0
        110357	2026-02-02 17:29:25	1	1	15	0
        116960	2026-02-02 17:30:02	1	1	15	0
        117259	2026-02-02 17:30:43	1	1	15	0
        110128	2026-02-02 17:32:31	1	1	15	0
        116778	2026-02-02 17:33:11	1	1	15	0
        116428	2026-02-02 17:33:39	1	1	15	0
        116477	2026-02-02 17:33:41	1	1	15	0
        117529	2026-02-02 17:33:54	1	1	15	0
        110083	2026-02-02 17:34:23	1	1	15	0
        117080	2026-02-02 17:34:37	1	1	15	0
        118584	2026-02-02 17:34:48	1	1	15	0
        116279	2026-02-02 17:34:55	1	1	15	0
        117786	2026-02-02 17:35:17	1	1	15	0
        116747	2026-02-02 17:35:38	1	1	15	0
        117529	2026-02-02 17:35:42	1	1	15	0
        110100	2026-02-02 17:35:44	1	1	15	0
        116477	2026-02-02 17:35:57	1	1	15	0
        117528	2026-02-02 17:36:08	1	1	15	0
        118503	2026-02-02 17:36:32	1	1	15	0
        117114	2026-02-02 17:37:54	1	1	15	0
        110050	2026-02-02 17:37:57	1	1	15	0
        110077	2026-02-02 17:38:13	1	1	15	0
        116805	2026-02-02 17:38:15	1	1	15	0
        117061	2026-02-02 17:38:17	1	1	15	0
        119006	2026-02-02 17:38:24	1	1	15	0
        119157	2026-02-02 17:38:28	1	1	15	0
        117077	2026-02-02 17:39:21	1	1	15	0
        117270	2026-02-02 17:40:38	1	1	15	0
        117709	2026-02-02 17:40:40	1	1	15	0
        116453	2026-02-02 17:40:50	1	1	15	0
        110372	2026-02-02 17:41:21	1	1	15	0
        118997	2026-02-02 17:41:46	1	1	15	0
        110485	2026-02-02 17:42:09	1	1	15	0
        117575	2026-02-02 17:42:47	1	1	15	0
        119104	2026-02-02 17:43:09	1	1	15	0
        110075	2026-02-02 17:44:17	1	1	15	0
        110025	2026-02-02 17:44:19	1	1	15	0
        118753	2026-02-02 17:44:24	1	1	15	0
        117711	2026-02-02 17:45:41	1	1	15	0
        110074	2026-02-02 17:45:43	1	1	15	0
        116497	2026-02-02 17:46:05	1	1	15	0
        116260	2026-02-02 17:46:07	1	1	15	0
        118867	2026-02-02 17:46:32	1	1	15	0
        118043	2026-02-02 17:46:38	1	1	15	0
        118753	2026-02-02 17:46:45	1	1	15	0
        117091	2026-02-02 17:47:00	1	1	15	0
        118782	2026-02-02 17:49:05	1	1	15	0
        116996	2026-02-02 17:50:44	1	1	15	0
        117924	2026-02-02 17:51:04	1	1	15	0
        110200	2026-02-02 17:53:04	1	1	15	0
        110011	2026-02-02 17:53:28	1	1	15	0
        117683	2026-02-02 17:53:30	1	1	15	0
        118046	2026-02-02 17:53:52	1	1	15	0
        117085	2026-02-02 17:53:56	1	1	15	0
        110172	2026-02-02 17:54:28	1	1	15	0
        117222	2026-02-02 17:55:47	1	1	15	0
        110378	2026-02-02 17:56:01	1	1	15	0
        117212	2026-02-02 17:57:06	1	1	15	0
        117147	2026-02-02 17:59:23	1	1	15	0
        119386	2026-02-02 17:59:39	1	1	15	0
        119571	2026-02-02 18:01:48	1	1	15	0
        117930	2026-02-02 18:01:53	1	1	15	0
        110183	2026-02-02 18:01:58	1	1	15	0
        117833	2026-02-02 18:08:55	1	1	15	0
        119282	2026-02-02 18:10:40	1	1	15	0
        117630	2026-02-02 18:11:48	1	1	15	0
        118695	2026-02-02 18:13:07	1	1	15	0
        117707	2026-02-02 18:13:23	1	1	15	0
        110173	2026-02-02 18:14:28	1	1	15	0
        117699	2026-02-02 18:17:02	1	1	15	0
        110492	2026-02-02 18:21:36	1	1	15	0
        119594	2026-02-02 18:23:38	1	1	15	0
        117807	2026-02-02 18:23:43	1	1	15	0
        116831	2026-02-02 18:29:01	1	1	15	0
        110032	2026-02-02 18:29:35	1	1	15	0
        110032	2026-02-02 18:30:36	1	1	15	0
        118862	2026-02-02 18:40:43	1	1	15	0
        116834	2026-02-02 18:48:04	1	1	15	0
        119364	2026-02-02 18:50:31	1	1	15	0
        119227	2026-02-02 18:50:33	1	1	15	0
        117981	2026-02-02 18:58:01	1	1	15	0
        118369	2026-02-02 18:58:02	1	1	15	0
        110063	2026-02-02 19:05:58	1	1	15	0
        117591	2026-02-02 19:06:36	1	1	15	0
        110055	2026-02-02 19:07:47	1	1	15	0
        117542	2026-02-02 19:07:52	1	1	15	0
        110057	2026-02-02 19:09:03	1	1	15	0
        117817	2026-02-02 19:10:31	1	1	15	0
        117054	2026-02-02 19:12:42	1	1	15	0
        110413	2026-02-02 19:54:48	1	1	15	0
        110393	2026-02-02 19:54:51	1	1	15	0
        116831	2026-02-03 04:35:50	1	0	15	0
        110144	2026-02-03 04:53:37	1	0	15	0
        117201	2026-02-03 05:17:49	1	0	15	0
        110372	2026-02-03 06:00:57	1	0	15	0
        110535	2026-02-03 06:02:39	1	0	15	0
        119070	2026-02-03 06:23:50	1	0	15	0
        116763	2026-02-03 06:43:19	1	0	15	0
        116551	2026-02-03 06:43:50	1	0	15	0
        117999	2026-02-03 06:45:37	1	0	15	0
        117528	2026-02-03 06:47:54	1	0	15	0
        117983	2026-02-03 06:49:18	1	0	15	0
        110466	2026-02-03 06:50:44	1	0	15	0
        110074	2026-02-03 06:52:02	1	0	15	0
        116748	2026-02-03 06:55:47	1	0	15	0
        110517	2026-02-03 06:58:05	1	0	15	0
        116914	2026-02-03 06:58:51	1	0	15	0
        117835	2026-02-03 07:02:34	1	0	15	0
        118992	2026-02-03 07:05:28	1	0	15	0
        110060	2026-02-03 07:11:40	1	0	15	0
        117769	2026-02-03 07:14:04	1	0	15	0
        118732	2026-02-03 07:15:41	1	0	15	0
        117770	2026-02-03 07:17:07	1	0	15	0
        119602	2026-02-03 07:18:23	1	0	15	0
        110065	2026-02-03 07:18:52	1	0	15	0
        118580	2026-02-03 07:19:47	1	0	15	0
        117212	2026-02-03 07:19:51	1	0	15	0
        116995	2026-02-03 07:19:56	1	0	15	0
        110527	2026-02-03 07:20:01	1	0	15	0
        116479	2026-02-03 07:21:13	1	0	15	0
        118455	2026-02-03 07:24:07	1	0	15	0
        116483	2026-02-03 07:24:10	1	0	15	0
        110358	2026-02-03 07:24:23	1	0	15	0
        119475	2026-02-03 07:25:11	1	0	15	0
            13	2026-02-03 07:25:25	1	0	15	0
        118997	2026-02-03 07:27:40	1	0	15	0
        118640	2026-02-03 07:28:11	1	0	15	0
        119143	2026-02-03 07:31:02	1	0	15	0
        118157	2026-02-03 07:31:11	1	0	15	0
        110050	2026-02-03 07:32:30	1	0	15	0
        110085	2026-02-03 07:33:17	1	0	15	0
        117483	2026-02-03 07:33:54	1	0	15	0
        117111	2026-02-03 07:34:23	1	0	15	0
        118744	2026-02-03 07:34:55	1	0	15	0
        117133	2026-02-03 07:34:58	1	0	15	0
        110357	2026-02-03 07:36:32	1	0	15	0
        117680	2026-02-03 07:36:52	1	0	15	0
        116799	2026-02-03 07:36:59	1	0	15	0
        117724	2026-02-03 07:37:53	1	0	15	0
        116297	2026-02-03 07:39:13	1	0	15	0
        110376	2026-02-03 07:40:34	1	0	15	0
        117814	2026-02-03 07:40:53	1	0	15	0
           538	2026-02-03 07:41:12	1	0	15	0
        117700	2026-02-03 07:42:38	1	0	15	0
        118043	2026-02-03 07:42:46	1	0	15	0
        117982	2026-02-03 07:43:07	1	0	15	0
        118369	2026-02-03 07:43:56	1	0	15	0
        118568	2026-02-03 07:45:16	1	0	15	0
        110492	2026-02-03 07:45:47	1	0	15	0
        117838	2026-02-03 07:45:57	1	0	1	0
        117840	2026-02-03 07:46:16	1	0	15	0
        119340	2026-02-03 07:46:40	1	0	15	0
        116142	2026-02-03 07:47:11	1	0	15	0
        110356	2026-02-03 07:47:31	1	0	15	0
        110355	2026-02-03 07:47:33	1	0	15	0
        117270	2026-02-03 07:47:37	1	0	15	0
        119453	2026-02-03 07:48:19	1	0	15	0
        117129	2026-02-03 07:48:27	1	0	15	0
        117497	2026-02-03 07:49:11	1	0	15	0
        110063	2026-02-03 07:49:54	1	0	15	0
        110377	2026-02-03 07:50:13	1	0	15	0
        117639	2026-02-03 07:51:05	1	0	15	0
        118221	2026-02-03 07:51:32	1	0	15	0
        110493	2026-02-03 07:51:57	1	0	15	0
        116504	2026-02-03 07:52:50	1	0	15	0
        116902	2026-02-03 07:53:26	1	0	15	0
        110457	2026-02-03 07:53:48	1	0	15	0
        110475	2026-02-03 07:54:02	1	0	15	0
        117733	2026-02-03 07:54:09	1	0	15	0
        118271	2026-02-03 07:54:21	1	0	15	0
        110507	2026-02-03 07:54:27	1	0	15	0
        117921	2026-02-03 07:54:54	1	0	15	0
        117591	2026-02-03 07:54:57	1	0	15	0
        118829	2026-02-03 07:55:12	1	0	15	0
        110053	2026-02-03 07:55:44	1	0	15	0
        117981	2026-02-03 07:56:06	1	0	15	0
        110512	2026-02-03 07:56:35	1	0	15	0
        117997	2026-02-03 07:57:03	1	0	15	0
        117817	2026-02-03 07:57:50	1	0	15	0
        117222	2026-02-03 07:57:54	1	0	15	0
        110378	2026-02-03 07:58:41	1	0	15	0
        118180	2026-02-03 07:59:28	1	0	15	0
        116428	2026-02-03 08:01:15	1	0	15	0
        110051	2026-02-03 08:01:19	1	0	15	0
        117114	2026-02-03 08:01:33	1	0	15	0
        110393	2026-02-03 08:03:27	1	0	15	0
        117850	2026-02-03 08:03:32	1	0	15	0
        118046	2026-02-03 08:03:44	1	0	15	0
        117742	2026-02-03 08:03:54	1	0	15	0
        116129	2026-02-03 08:04:00	1	0	15	0
        117839	2026-02-03 08:04:16	1	0	15	0
        116828	2026-02-03 08:04:36	1	0	1	0
        117833	2026-02-03 08:05:51	1	0	15	0
        110172	2026-02-03 08:06:00	1	0	15	0
        116072	2026-02-03 08:06:07	1	0	15	0
        116496	2026-02-03 08:07:08	1	0	15	0
        119263	2026-02-03 08:07:48	1	0	15	0
        116426	2026-02-03 08:07:53	1	0	15	0
        117915	2026-02-03 08:08:02	1	0	15	0
        117634	2026-02-03 08:08:04	1	0	15	0
        116990	2026-02-03 08:08:46	1	0	15	0
        110514	2026-02-03 08:08:49	1	0	15	0
        116383	2026-02-03 08:10:17	1	0	15	0
        118695	2026-02-03 08:11:10	1	0	15	0
        117707	2026-02-03 08:11:19	1	0	15	0
        117930	2026-02-03 08:13:04	1	0	15	0
        110084	2026-02-03 08:13:18	1	0	15	0
        117224	2026-02-03 08:13:22	1	0	15	0
        117259	2026-02-03 08:13:25	1	0	15	0
        110070	2026-02-03 08:13:47	1	0	15	0
        117924	2026-02-03 08:14:15	1	0	15	0
        119493	2026-02-03 08:14:45	1	0	15	0
        117807	2026-02-03 08:15:15	1	0	15	0
        110418	2026-02-03 08:15:28	1	0	15	0
        116356	2026-02-03 08:15:55	1	0	15	0
        116960	2026-02-03 08:16:12	1	0	15	0
        110424	2026-02-03 08:16:14	1	0	15	0
        117683	2026-02-03 08:16:21	1	0	15	0
        117616	2026-02-03 08:16:44	1	0	15	0
        110128	2026-02-03 08:18:59	1	0	15	0
        117543	2026-02-03 08:20:27	1	0	15	0
        110025	2026-02-03 08:20:39	1	0	15	0
        119594	2026-02-03 08:20:56	1	0	15	0
        110062	2026-02-03 08:21:00	1	0	15	0
        117837	2026-02-03 08:21:06	1	0	15	0
        118207	2026-02-03 08:21:06	1	0	15	0
        110197	2026-02-03 08:21:40	1	0	15	0
        116453	2026-02-03 08:21:41	1	0	15	0
        119571	2026-02-03 08:21:48	1	0	15	0
        117542	2026-02-03 08:22:20	1	0	15	0
        110173	2026-02-03 08:22:42	1	0	15	0
        117147	2026-02-03 08:22:52	1	0	15	0
        117219	2026-02-03 08:23:39	1	0	15	0
        117337	2026-02-03 08:24:10	1	0	15	0
        117541	2026-02-03 08:24:45	1	0	15	0
        116512	2026-02-03 08:25:00	1	0	15	0
        116751	2026-02-03 08:25:02	1	0	15	0
        116497	2026-02-03 08:25:05	1	0	15	0
        110354	2026-02-03 08:25:25	1	0	15	0
        119494	2026-02-03 08:25:42	1	0	15	0
        117711	2026-02-03 08:25:46	1	0	15	0
        117113	2026-02-03 08:26:07	1	0	15	0
        116787	2026-02-03 08:26:46	1	0	15	0
        110075	2026-02-03 08:27:40	1	0	15	0
        116252	2026-02-03 08:28:01	1	0	15	0
        117059	2026-02-03 08:28:05	1	0	15	0
        119364	2026-02-03 08:28:13	1	0	15	0
        117811	2026-02-03 08:28:20	1	0	15	0
        117156	2026-02-03 08:28:25	1	0	15	0
        117088	2026-02-03 08:28:33	1	0	15	0
        118928	2026-02-03 08:28:45	1	0	15	0
        119282	2026-02-03 08:29:06	1	0	15	0
        110473	2026-02-03 08:29:10	1	0	15	0
        116472	2026-02-03 08:29:12	1	0	15	0
        110513	2026-02-03 08:30:04	1	0	15	0
        117969	2026-02-03 08:30:15	1	0	15	0
        116805	2026-02-03 08:30:34	1	0	15	0
        116422	2026-02-03 08:30:39	1	0	15	0
        117644	2026-02-03 08:31:06	1	0	15	0
        118584	2026-02-03 08:32:07	1	0	15	0
        110032	2026-02-03 08:33:40	1	0	15	0
        118563	2026-02-03 08:33:54	1	0	15	0
        110485	2026-02-03 08:35:16	1	0	15	0
        118503	2026-02-03 08:35:30	1	0	15	0
        116493	2026-02-03 08:35:40	1	0	15	0
        117841	2026-02-03 08:36:45	1	0	15	0
        110057	2026-02-03 08:36:51	1	0	15	0
        110360	2026-02-03 08:38:02	1	0	15	0
        110183	2026-02-03 08:38:07	1	0	15	0
        116346	2026-02-03 08:38:11	1	0	15	0
        116537	2026-02-03 08:38:14	1	0	15	0
        110413	2026-02-03 08:39:14	1	0	15	0
        117144	2026-02-03 08:39:28	1	0	15	0
        118761	2026-02-03 08:39:31	1	0	15	0
        117103	2026-02-03 08:39:37	1	0	15	0
        119104	2026-02-03 08:39:45	1	0	15	0
        119107	2026-02-03 08:40:20	1	0	15	0
        117189	2026-02-03 08:40:55	1	0	15	0
        117529	2026-02-03 08:41:44	1	0	15	0
        117121	2026-02-03 08:41:54	1	0	15	0
        110116	2026-02-03 08:41:59	1	0	15	0
        117716	2026-02-03 08:42:08	1	0	15	0
        117998	2026-02-03 08:42:33	1	0	15	0
        117080	2026-02-03 08:44:32	1	0	15	0
        116778	2026-02-03 08:44:59	1	0	15	0
        117567	2026-02-03 08:45:25	1	0	15	0
        110200	2026-02-03 08:45:52	1	0	15	0
        110105	2026-02-03 08:45:57	1	0	15	0
        110083	2026-02-03 08:46:32	1	0	15	0
        117046	2026-02-03 08:46:55	1	0	15	0
        117120	2026-02-03 08:47:01	1	0	15	0
        117595	2026-02-03 08:47:05	1	0	15	0
        119006	2026-02-03 08:47:13	1	0	15	0
        117659	2026-02-03 08:47:57	1	0	15	0
        117699	2026-02-03 08:48:03	1	0	15	0
        118458	2026-02-03 08:48:56	1	0	15	0
        117849	2026-02-03 08:49:29	1	0	15	0
        117786	2026-02-03 08:49:41	1	0	15	0
        116824	2026-02-03 08:49:45	1	0	15	0
        117692	2026-02-03 08:49:49	1	0	15	0
        117642	2026-02-03 08:49:55	1	0	15	0
        117269	2026-02-03 08:50:01	1	0	15	0
        117926	2026-02-03 08:50:03	1	0	15	0
        117061	2026-02-03 08:50:46	1	0	15	0
        116747	2026-02-03 08:50:53	1	0	15	0
        116282	2026-02-03 08:50:56	1	0	15	0
        118953	2026-02-03 08:51:05	1	0	15	0
        117709	2026-02-03 08:51:27	1	0	15	0
        119227	2026-02-03 08:52:05	1	0	15	0
        118971	2026-02-03 08:52:08	1	0	15	0
        117815	2026-02-03 08:52:15	1	0	15	0
        116337	2026-02-03 08:52:44	1	0	15	0
        118753	2026-02-03 08:52:51	1	0	15	0
        118867	2026-02-03 08:52:54	1	0	15	0
        110495	2026-02-03 08:53:46	1	0	15	0
        116477	2026-02-03 08:55:29	1	0	15	0
        118813	2026-02-03 08:55:35	1	0	15	0
        117341	2026-02-03 08:55:41	1	0	15	0
        116260	2026-02-03 08:56:03	1	0	15	0
        117966	2026-02-03 08:56:09	1	0	15	0
        116069	2026-02-03 08:56:43	1	0	15	0
        117091	2026-02-03 08:57:15	1	0	15	0
        118862	2026-02-03 08:57:27	1	0	15	0
        117790	2026-02-03 08:57:45	1	0	15	0
        116933	2026-02-03 08:57:55	1	0	15	0
        117054	2026-02-03 08:59:14	1	0	15	0
        117575	2026-02-03 09:00:07	1	0	15	0
        117645	2026-02-03 09:00:54	1	0	15	0
        117122	2026-02-03 09:01:35	1	0	15	0
        117812	2026-02-03 09:04:00	1	0	15	0
        116849	2026-02-03 09:06:16	1	0	15	0
        119449	2026-02-03 09:07:32	1	0	15	0
        110088	2026-02-03 09:08:25	1	0	15	0
        119535	2026-02-03 09:09:48	1	0	15	0
        110077	2026-02-03 09:15:14	1	0	15	0
        110055	2026-02-03 09:15:52	1	0	15	0
        116279	2026-02-03 09:33:10	1	0	15	0
        116070	2026-02-03 10:07:06	1	0	1	0
        118732	2026-02-03 12:00:08	1	2	15	0
        119594	2026-02-03 12:00:12	1	2	15	0
        110088	2026-02-03 12:00:15	1	2	15	0
        117144	2026-02-03 12:00:16	1	2	15	0
        117122	2026-02-03 12:00:18	1	2	15	0
        118271	2026-02-03 12:00:20	1	2	15	0
        117061	2026-02-03 12:00:22	1	2	15	0
        116356	2026-02-03 12:00:23	1	2	15	0
        117981	2026-02-03 12:00:25	1	2	15	0
        117224	2026-02-03 12:00:27	1	2	15	0
        117616	2026-02-03 12:00:29	1	2	15	0
        110378	2026-02-03 12:00:31	1	2	15	0
           538	2026-02-03 12:00:33	1	2	15	0
        116072	2026-02-03 12:00:35	1	2	15	0
        116497	2026-02-03 12:00:37	1	2	15	0
        118369	2026-02-03 12:00:40	1	2	15	0
        116805	2026-02-03 12:00:43	1	2	15	0
        116477	2026-02-03 12:00:44	1	2	15	0
        110492	2026-02-03 12:00:46	1	2	15	0
        117997	2026-02-03 12:00:48	1	2	15	0
        117541	2026-02-03 12:00:49	1	2	15	0
        110457	2026-02-03 12:00:52	1	2	15	0
        117924	2026-02-03 12:00:54	1	2	15	0
        117113	2026-02-03 12:00:55	1	2	15	0
        117129	2026-02-03 12:00:57	1	2	15	0
        118563	2026-02-03 12:00:59	1	2	15	0
        116914	2026-02-03 12:01:01	1	2	15	0
        116902	2026-02-03 12:01:03	1	2	15	0
        110197	2026-02-03 12:01:05	1	2	15	0
        117046	2026-02-03 12:01:11	1	2	15	0
        116763	2026-02-03 12:01:13	1	2	15	0
        110424	2026-02-03 12:01:16	1	2	15	0
        110418	2026-02-03 12:01:18	1	2	15	0
        110172	2026-02-03 12:01:20	1	2	15	0
        118584	2026-02-03 12:01:22	1	2	15	0
        117133	2026-02-03 12:01:23	1	2	15	0
        116426	2026-02-03 12:01:24	1	2	15	0
        110051	2026-02-03 12:01:33	1	2	15	0
        117080	2026-02-03 12:01:35	1	2	15	0
        117543	2026-02-03 12:01:39	1	2	15	0
        110355	2026-02-03 12:01:41	1	2	15	0
        117595	2026-02-03 12:01:43	1	2	15	0
        110356	2026-02-03 12:01:44	1	2	15	0
        110354	2026-02-03 12:01:46	1	2	15	0
        116252	2026-02-03 12:01:48	1	2	15	0
        117926	2026-02-03 12:01:50	1	2	15	0
        117833	2026-02-03 12:01:52	1	2	15	0
        117642	2026-02-03 12:01:54	1	2	15	0
        117733	2026-02-03 12:01:56	1	2	15	0
        110055	2026-02-03 12:01:58	1	2	15	0
        119571	2026-02-03 12:02:01	1	2	15	0
        117147	2026-02-03 12:02:03	1	2	15	0
        116483	2026-02-03 12:02:07	1	2	15	0
        117259	2026-02-03 12:02:09	1	2	15	0
        119107	2026-02-03 12:02:13	1	2	15	0
        117270	2026-02-03 12:02:14	1	2	15	0
        110173	2026-02-03 12:02:22	1	2	15	0
        116824	2026-02-03 12:02:24	1	2	15	0
        117969	2026-02-03 12:02:31	1	2	15	0
        110393	2026-02-03 12:02:33	1	2	15	0
        110466	2026-02-03 12:02:35	1	2	15	0
        117528	2026-02-03 12:02:37	1	2	15	0
        117724	2026-02-03 12:02:41	1	2	15	0
        116453	2026-02-03 12:02:42	1	2	15	0
        117790	2026-02-03 12:02:45	1	2	15	0
        116537	2026-02-03 12:02:58	1	2	15	0
        116337	2026-02-03 12:03:00	1	2	15	0
        117269	2026-02-03 12:03:03	1	2	15	0
        117341	2026-02-03 12:03:05	1	2	15	0
        117817	2026-02-03 12:03:10	1	2	15	0
        110032	2026-02-03 12:03:12	1	2	15	0
        117680	2026-02-03 12:03:21	1	2	15	0
        117541	2026-02-03 12:03:25	1	2	15	0
        117924	2026-02-03 12:03:27	1	2	15	0
        116497	2026-02-03 12:03:31	1	2	15	0
        117129	2026-02-03 12:03:34	1	2	15	0
        116072	2026-02-03 12:03:37	1	2	15	0
        110457	2026-02-03 12:03:39	1	2	15	0
        117061	2026-02-03 12:03:44	1	2	15	0
        116279	2026-02-03 12:03:49	1	2	15	0
        116356	2026-02-03 12:03:53	1	2	15	0
        118369	2026-02-03 12:03:59	1	2	15	0
        117981	2026-02-03 12:04:01	1	2	15	0
        110492	2026-02-03 12:04:05	1	2	15	0
        117497	2026-02-03 12:04:08	1	2	15	0
        110116	2026-02-03 12:04:13	1	2	15	0
        116805	2026-02-03 12:04:17	1	2	15	0
        119449	2026-02-03 12:04:20	1	2	15	0
        119453	2026-02-03 12:04:22	1	2	15	0
        116960	2026-02-03 12:04:25	1	2	15	0
        110060	2026-02-03 12:04:29	1	2	15	0
        110377	2026-02-03 12:04:33	1	2	15	0
        110376	2026-02-03 12:04:35	1	2	15	0
        117930	2026-02-03 12:04:38	1	2	15	0
        117998	2026-02-03 12:04:39	1	2	15	0
        117212	2026-02-03 12:04:41	1	2	15	0
        117644	2026-02-03 12:04:44	1	2	15	0
        117483	2026-02-03 12:04:45	1	2	15	0
        117833	2026-02-03 12:04:49	1	2	15	0
        110355	2026-02-03 12:04:57	1	2	15	0
        110356	2026-02-03 12:05:00	1	2	15	0
        116747	2026-02-03 12:05:01	1	2	15	0
        119535	2026-02-03 12:05:02	1	2	15	0
        116477	2026-02-03 12:05:04	1	2	15	0
        116799	2026-02-03 12:05:09	1	2	15	0
        110051	2026-02-03 12:05:14	1	2	15	0
        117054	2026-02-03 12:05:17	1	2	15	0
        117567	2026-02-03 12:05:19	1	2	15	0
        110173	2026-02-03 12:05:23	1	2	15	0
        110493	2026-02-03 12:05:24	1	2	15	0
        110495	2026-02-03 12:05:29	1	2	15	0
        116763	2026-02-03 12:05:31	1	2	15	0
        110424	2026-02-03 12:05:34	1	2	15	0
        110418	2026-02-03 12:05:34	1	2	15	0
        117080	2026-02-03 12:05:38	1	2	15	0
        110172	2026-02-03 12:05:40	1	2	15	0
        117046	2026-02-03 12:05:41	1	2	15	0
        116914	2026-02-03 12:05:44	1	2	15	0
        116902	2026-02-03 12:05:47	1	2	15	0
        118563	2026-02-03 12:05:48	1	2	15	0
            13	2026-02-03 12:05:50	1	2	15	0
        118992	2026-02-03 12:05:52	1	2	15	0
        118584	2026-02-03 12:05:54	1	2	15	0
        117156	2026-02-03 12:05:56	1	2	15	0
        110200	2026-02-03 12:05:57	1	2	15	0
        116426	2026-02-03 12:06:01	1	2	15	0
        117711	2026-02-03 12:06:04	1	2	15	0
        117642	2026-02-03 12:06:05	1	2	15	0
        116824	2026-02-03 12:06:08	1	2	15	0
        117529	2026-02-03 12:06:11	1	2	15	0
        117716	2026-02-03 12:06:13	1	2	15	0
        118221	2026-02-03 12:06:17	1	2	15	0
        117133	2026-02-03 12:06:27	1	2	15	0
        110354	2026-02-03 12:06:29	1	2	15	0
        117999	2026-02-03 12:06:32	1	2	15	0
        117269	2026-02-03 12:06:36	1	2	15	0
        116537	2026-02-03 12:06:51	1	2	15	0
        116337	2026-02-03 12:06:54	1	2	15	0
        117341	2026-02-03 12:06:57	1	2	15	0
        110077	2026-02-03 12:07:05	1	2	15	0
        117644	2026-02-03 12:07:10	1	2	15	0
        117054	2026-02-03 12:07:14	1	2	15	0
        110070	2026-02-03 12:07:22	1	2	15	0
        119107	2026-02-03 12:07:32	1	2	15	0
        117997	2026-02-03 12:07:36	1	2	15	0
        110357	2026-02-03 12:07:55	1	2	15	0
        116346	2026-02-03 12:07:57	1	2	15	0
        119494	2026-02-03 12:07:59	1	2	15	0
        117850	2026-02-03 12:08:02	1	2	15	0
        117707	2026-02-03 12:08:04	1	2	15	0
        117700	2026-02-03 12:08:06	1	2	15	0
        117224	2026-02-03 12:08:08	1	2	15	0
        117483	2026-02-03 12:08:10	1	2	15	0
        117542	2026-02-03 12:08:11	1	2	15	0
        118043	2026-02-03 12:08:26	1	2	15	0
        117786	2026-02-03 12:08:30	1	2	15	0
        117724	2026-02-03 12:08:33	1	2	15	0
        117212	2026-02-03 12:08:36	1	2	15	0
        118928	2026-02-03 12:08:45	1	2	15	0
        116129	2026-02-03 12:08:47	1	2	15	0
        118813	2026-02-03 12:08:49	1	2	15	0
        119475	2026-02-03 12:08:54	1	2	15	0
        110512	2026-02-03 12:08:57	1	2	15	0
        116479	2026-02-03 12:09:00	1	2	15	0
        110514	2026-02-03 12:09:06	1	2	15	0
        110513	2026-02-03 12:09:08	1	2	15	0
        117926	2026-02-03 12:09:11	1	2	15	0
        116496	2026-02-03 12:09:16	1	2	15	0
        119104	2026-02-03 12:09:17	1	2	15	0
        117998	2026-02-03 12:09:20	1	2	15	0
        116787	2026-02-03 12:09:22	1	2	15	0
        116778	2026-02-03 12:09:24	1	2	15	0
        116849	2026-02-03 12:09:27	1	2	15	0
        118953	2026-02-03 12:09:33	1	2	15	0
        116960	2026-02-03 12:09:35	1	2	15	0
        118744	2026-02-03 12:09:37	1	2	15	0
        110060	2026-02-03 12:09:40	1	2	15	0
        119571	2026-02-03 12:09:44	1	2	15	0
        117815	2026-02-03 12:09:46	1	2	15	0
        117528	2026-02-03 12:09:50	1	2	15	0
        116472	2026-02-03 12:09:53	1	2	15	0
        117770	2026-02-03 12:10:11	1	2	15	0
        117837	2026-02-03 12:10:25	1	2	15	0
        119535	2026-02-03 12:10:32	1	2	15	0
        116346	2026-02-03 12:10:39	1	2	15	0
        110377	2026-02-03 12:10:42	1	2	15	0
        118992	2026-02-03 12:10:46	1	2	15	0
        110376	2026-02-03 12:10:49	1	2	15	0
        117817	2026-02-03 12:10:58	1	2	15	0
        117811	2026-02-03 12:11:03	1	2	15	0
        110512	2026-02-03 12:11:12	1	2	15	0
        110514	2026-02-03 12:11:18	1	2	15	0
        117930	2026-02-03 12:11:22	1	2	15	0
        110358	2026-02-03 12:11:25	1	2	15	0
        119340	2026-02-03 12:11:28	1	2	15	0
        116551	2026-02-03 12:11:30	1	2	15	0
        110063	2026-02-03 12:11:32	1	2	15	0
        117543	2026-02-03 12:11:36	1	2	15	0
        116933	2026-02-03 12:11:39	1	2	15	0
        116493	2026-02-03 12:11:40	1	2	15	0
        110513	2026-02-03 12:11:44	1	2	15	0
        119104	2026-02-03 12:11:47	1	2	15	0
        119494	2026-02-03 12:11:55	1	2	15	0
        117595	2026-02-03 12:12:01	1	2	15	0
        117088	2026-02-03 12:12:19	1	2	15	0
        110475	2026-02-03 12:12:38	1	2	15	0
        110473	2026-02-03 12:12:42	1	2	15	0
        116453	2026-02-03 12:12:46	1	2	15	0
        116252	2026-02-03 12:12:57	1	2	15	0
        118458	2026-02-03 12:13:03	1	2	15	0
        117156	2026-02-03 12:13:07	1	2	15	0
        110088	2026-02-03 12:13:08	1	2	15	0
        117616	2026-02-03 12:13:11	1	2	15	0
        117144	2026-02-03 12:13:13	1	2	15	0
        118221	2026-02-03 12:13:17	1	2	15	0
        117147	2026-02-03 12:13:21	1	2	15	0
        119453	2026-02-03 12:13:22	1	2	15	0
        117567	2026-02-03 12:13:24	1	2	15	0
        117850	2026-02-03 12:13:27	1	2	15	0
        117707	2026-02-03 12:13:29	1	2	15	0
        110378	2026-02-03 12:13:31	1	2	15	0
        117122	2026-02-03 12:13:32	1	2	15	0
        110200	2026-02-03 12:13:35	1	2	15	0
        117700	2026-02-03 12:13:37	1	2	15	0
        119006	2026-02-03 12:13:51	1	2	15	0
        117837	2026-02-03 12:14:00	1	2	15	0
        116787	2026-02-03 12:14:01	1	2	15	0
        117716	2026-02-03 12:14:03	1	2	15	0
        117542	2026-02-03 12:14:05	1	2	15	0
        110116	2026-02-03 12:14:07	1	2	15	0
        110105	2026-02-03 12:14:10	1	2	15	0
        116493	2026-02-03 12:14:17	1	2	15	0
        116778	2026-02-03 12:14:19	1	2	15	0
        116496	2026-02-03 12:14:22	1	2	15	0
        118043	2026-02-03 12:14:24	1	2	15	0
        118997	2026-02-03 12:14:27	1	2	15	0
        110358	2026-02-03 12:14:29	1	2	15	0
        119449	2026-02-03 12:14:32	1	2	15	0
        117529	2026-02-03 12:14:36	1	2	15	0
        117497	2026-02-03 12:14:40	1	2	15	0
        119340	2026-02-03 12:14:47	1	2	15	0
        116551	2026-02-03 12:14:49	1	2	15	0
        116933	2026-02-03 12:14:50	1	2	15	0
        118580	2026-02-03 12:14:53	1	2	15	0
        110084	2026-02-03 12:14:56	1	2	15	0
        119006	2026-02-03 12:15:04	1	2	15	0
        110517	2026-02-03 12:15:08	1	2	15	0
        117059	2026-02-03 12:15:17	1	2	15	0
        117811	2026-02-03 12:15:22	1	2	15	0
        117575	2026-02-03 12:15:32	1	2	15	0
        117790	2026-02-03 12:15:36	1	2	15	0
        117742	2026-02-03 12:15:41	1	2	15	0
        118953	2026-02-03 12:15:43	1	2	15	0
        116069	2026-02-03 12:15:44	1	2	15	0
        116990	2026-02-03 12:15:46	1	2	15	0
        110473	2026-02-03 12:15:52	1	2	15	0
        117770	2026-02-03 12:15:56	1	2	15	0
        117807	2026-02-03 12:16:01	1	2	15	0
        116995	2026-02-03 12:16:03	1	2	15	0
        110055	2026-02-03 12:16:44	1	2	15	0
        110025	2026-02-03 12:16:47	1	2	15	0
        116849	2026-02-03 12:16:57	1	2	15	0
        110084	2026-02-03 12:17:01	1	2	15	0
        117683	2026-02-03 12:17:05	1	2	15	0
        116422	2026-02-03 12:17:07	1	2	15	0
        117219	2026-02-03 12:17:09	1	2	15	0
        118157	2026-02-03 12:17:11	1	2	15	0
        118580	2026-02-03 12:17:14	1	2	15	0
        116282	2026-02-03 12:17:24	1	2	15	0
        110062	2026-02-03 12:17:26	1	2	15	0
        117915	2026-02-03 12:17:28	1	2	15	0
        117634	2026-02-03 12:17:31	1	2	15	0
        118503	2026-02-03 12:17:46	1	2	15	0
        119493	2026-02-03 12:18:13	1	2	15	0
        117189	2026-02-03 12:18:18	1	2	15	0
        117575	2026-02-03 12:18:28	1	2	15	0
        118458	2026-02-03 12:18:34	1	2	15	0
        110507	2026-02-03 12:18:40	1	2	15	0
        117711	2026-02-03 12:18:46	1	2	15	0
        116748	2026-02-03 12:18:48	1	2	15	0
        117113	2026-02-03 12:18:50	1	2	15	0
        110032	2026-02-03 12:18:52	1	2	15	0
        116422	2026-02-03 12:19:07	1	2	15	0
        117634	2026-02-03 12:19:08	1	2	15	0
        117219	2026-02-03 12:19:10	1	2	15	0
        118157	2026-02-03 12:19:12	1	2	15	0
        116282	2026-02-03 12:19:14	1	2	15	0
        117683	2026-02-03 12:19:15	1	2	15	0
        117915	2026-02-03 12:19:33	1	2	15	0
        110128	2026-02-03 12:19:35	1	2	15	0
        117692	2026-02-03 12:19:38	1	2	15	0
        117921	2026-02-03 12:19:40	1	2	15	0
        117982	2026-02-03 12:19:42	1	2	15	0
        110527	2026-02-03 12:19:44	1	2	15	0
        116990	2026-02-03 12:19:46	1	2	15	0
        117742	2026-02-03 12:19:49	1	2	15	0
        117639	2026-02-03 12:19:51	1	2	15	0
        116995	2026-02-03 12:19:53	1	2	15	0
        117807	2026-02-03 12:19:56	1	2	15	0
        110360	2026-02-03 12:20:04	1	2	15	0
        116069	2026-02-03 12:20:07	1	2	15	0
        118928	2026-02-03 12:20:31	1	2	15	0
        116129	2026-02-03 12:20:35	1	2	15	0
        118813	2026-02-03 12:20:38	1	2	15	0
        119493	2026-02-03 12:20:40	1	2	15	0
        110183	2026-02-03 12:20:42	1	2	15	0
        118503	2026-02-03 12:20:46	1	2	15	0
        110475	2026-02-03 12:20:56	1	2	15	0
        117841	2026-02-03 12:21:30	1	2	15	0
        118046	2026-02-03 12:21:30	1	2	15	0
        117659	2026-02-03 12:21:36	1	2	15	0
        117839	2026-02-03 12:21:37	1	2	15	0
        117645	2026-02-03 12:21:40	1	2	15	0
        117840	2026-02-03 12:21:42	1	2	15	0
        117120	2026-02-03 12:22:01	1	2	15	0
        117111	2026-02-03 12:22:05	1	2	15	0
        116828	2026-02-03 12:22:28	1	2	1	0
        116799	2026-02-03 12:22:48	1	2	15	0
        110025	2026-02-03 12:22:51	1	2	15	0
        110495	2026-02-03 12:22:57	1	2	15	0
        110493	2026-02-03 12:23:02	1	2	15	0
        110063	2026-02-03 12:23:07	1	2	15	0
        110070	2026-02-03 12:23:13	1	2	15	0
        117189	2026-02-03 12:23:53	1	2	15	0
        117639	2026-02-03 12:24:26	1	2	15	0
        117692	2026-02-03 12:24:29	1	2	15	0
        117982	2026-02-03 12:24:30	1	2	15	0
        117921	2026-02-03 12:24:33	1	2	15	0
        116828	2026-02-03 12:24:38	1	2	1	0
        118761	2026-02-03 12:25:02	1	2	15	0
        116428	2026-02-03 12:25:21	1	2	15	0
        118744	2026-02-03 12:25:39	1	2	15	0
        110183	2026-02-03 12:26:08	1	2	15	0
        110062	2026-02-03 12:26:13	1	2	15	0
        110085	2026-02-03 12:26:21	1	2	15	0
        117699	2026-02-03 12:26:26	1	2	15	0
        117114	2026-02-03 12:26:32	1	2	15	0
        110357	2026-02-03 12:26:36	1	2	15	0
        117999	2026-02-03 12:27:02	1	2	15	0
        117969	2026-02-03 12:27:08	1	2	15	0
        118753	2026-02-03 12:27:10	1	2	15	0
        118997	2026-02-03 12:27:15	1	2	15	0
        116472	2026-02-03 12:27:29	1	2	15	0
        118180	2026-02-03 12:27:33	1	2	15	0
        118640	2026-02-03 12:27:35	1	2	15	0
        116747	2026-02-03 12:27:37	1	2	15	0
        110413	2026-02-03 12:27:42	1	2	15	0
        110393	2026-02-03 12:27:48	1	2	15	0
        116428	2026-02-03 12:28:29	1	2	15	0
        116260	2026-02-03 12:28:34	1	2	15	0
        116142	2026-02-03 12:28:48	1	2	15	0
        117591	2026-02-03 12:28:55	1	2	15	0
        117088	2026-02-03 12:29:06	1	2	15	0
        119143	2026-02-03 12:29:14	1	2	15	0
        118568	2026-02-03 12:29:15	1	2	15	0
        118753	2026-02-03 12:29:31	1	2	15	0
        110507	2026-02-03 12:29:46	1	2	15	0
        110050	2026-02-03 12:30:36	1	3	15	0
        117812	2026-02-03 12:30:54	1	3	15	0
        116279	2026-02-03 12:31:11	1	3	15	0
           538	2026-02-03 12:31:19	1	3	15	0
        117222	2026-02-03 12:31:27	1	3	15	0
        110085	2026-02-03 12:31:51	1	3	15	0
        110527	2026-02-03 12:31:58	1	3	15	0
        110360	2026-02-03 12:32:03	1	3	15	0
        117733	2026-02-03 12:32:36	1	3	15	0
        118180	2026-02-03 12:32:57	1	3	15	0
        118695	2026-02-03 12:33:02	1	3	15	0
        117337	2026-02-03 12:33:04	1	3	15	0
        117059	2026-02-03 12:33:07	1	3	15	0
        117111	2026-02-03 12:33:09	1	3	15	0
        117812	2026-02-03 12:33:22	1	3	15	0
        119143	2026-02-03 12:33:37	1	3	15	0
        117120	2026-02-03 12:33:41	1	3	15	0
        116142	2026-02-03 12:33:47	1	3	15	0
        117815	2026-02-03 12:33:48	1	3	15	0
        110413	2026-02-03 12:34:20	1	3	15	0
        118862	2026-02-03 12:35:15	1	3	15	0
        117121	2026-02-03 12:35:24	1	3	15	0
        118761	2026-02-03 12:35:28	1	3	15	0
        116479	2026-02-03 12:35:39	1	3	15	0
        117769	2026-02-03 12:35:45	1	3	15	0
        117838	2026-02-03 12:35:47	1	3	15	0
        117966	2026-02-03 12:35:47	1	3	15	0
        118640	2026-02-03 12:35:49	1	3	15	0
        116748	2026-02-03 12:35:51	1	3	15	0
        118971	2026-02-03 12:36:03	1	3	15	0
        110105	2026-02-03 12:36:28	1	3	15	0
        110128	2026-02-03 12:36:32	1	3	15	0
        117591	2026-02-03 12:36:36	1	3	15	0
        119475	2026-02-03 12:36:39	1	3	15	0
        110065	2026-02-03 12:36:41	1	3	15	0
        117222	2026-02-03 12:36:49	1	3	15	0
        117114	2026-02-03 12:36:56	1	3	15	0
        117840	2026-02-03 12:37:27	1	3	15	0
        110077	2026-02-03 12:37:31	1	3	15	0
        117659	2026-02-03 12:37:33	1	3	15	0
        117839	2026-02-03 12:37:35	1	3	15	0
        117645	2026-02-03 12:37:38	1	3	15	0
        117103	2026-02-03 12:37:40	1	3	15	0
        117769	2026-02-03 12:37:41	1	3	15	0
        116504	2026-02-03 12:37:46	1	3	15	0
        117814	2026-02-03 12:37:47	1	3	15	0
        117966	2026-02-03 12:37:51	1	3	15	0
        117838	2026-02-03 12:37:55	1	3	1	0
        117841	2026-02-03 12:38:13	1	3	15	0
        117699	2026-02-03 12:38:21	1	3	15	0
        116297	2026-02-03 12:38:24	1	3	15	0
        117849	2026-02-03 12:39:11	1	3	15	0
        118862	2026-02-03 12:39:16	1	3	15	0
        117983	2026-02-03 12:39:18	1	3	15	0
        116751	2026-02-03 12:40:01	1	3	15	0
        116512	2026-02-03 12:40:03	1	3	15	0
        117103	2026-02-03 12:40:12	1	3	15	0
        110065	2026-02-03 12:40:28	1	3	15	0
        116504	2026-02-03 12:40:32	1	3	15	0
        117091	2026-02-03 12:40:42	1	3	15	0
        118695	2026-02-03 12:40:55	1	3	15	0
        117337	2026-02-03 12:40:58	1	3	15	0
        118207	2026-02-03 12:41:09	1	3	15	0
        110083	2026-02-03 12:41:28	1	3	15	0
            13	2026-02-03 12:41:52	1	3	15	0
        118046	2026-02-03 12:41:57	1	3	15	0
        110050	2026-02-03 12:42:01	1	3	15	0
        119263	2026-02-03 12:42:05	1	3	15	0
        118867	2026-02-03 12:42:14	1	3	15	0
        119282	2026-02-03 12:42:16	1	3	15	0
        119602	2026-02-03 12:42:19	1	3	15	0
        110485	2026-02-03 12:42:22	1	3	15	0
        117091	2026-02-03 12:42:27	1	3	15	0
        117849	2026-02-03 12:42:43	1	3	15	0
        117983	2026-02-03 12:42:46	1	3	15	0
        117121	2026-02-03 12:42:52	1	3	15	0
        117709	2026-02-03 12:42:55	1	3	15	0
        118568	2026-02-03 12:43:29	1	3	15	0
        116512	2026-02-03 12:43:41	1	3	15	0
        116751	2026-02-03 12:43:45	1	3	15	0
        110083	2026-02-03 12:44:04	1	3	15	0
        118207	2026-02-03 12:44:11	1	3	15	0
        116297	2026-02-03 12:44:28	1	3	15	0
        110100	2026-02-03 12:44:42	1	3	15	0
        119263	2026-02-03 12:44:59	1	3	15	0
        110485	2026-02-03 12:46:12	1	3	15	0
        118867	2026-02-03 12:46:24	1	3	15	0
        119282	2026-02-03 12:46:28	1	3	15	0
           538	2026-02-03 12:46:43	1	3	15	0
        110100	2026-02-03 12:47:13	1	3	15	0
        117814	2026-02-03 12:47:45	1	3	15	0
        117709	2026-02-03 12:48:32	1	3	15	0
        119386	2026-02-03 12:48:49	1	3	15	0
        118732	2026-02-03 12:48:57	1	3	15	0
        118271	2026-02-03 12:49:00	1	3	15	0
        110466	2026-02-03 12:49:04	1	3	15	0
        117270	2026-02-03 12:49:09	1	3	15	0
        118455	2026-02-03 12:49:10	1	3	15	0
        110075	2026-02-03 12:49:18	1	3	15	0
        116483	2026-02-03 12:49:21	1	3	15	0
        119070	2026-02-03 12:49:22	1	3	15	0
        119227	2026-02-03 12:49:26	1	3	15	0
        110074	2026-02-03 12:49:29	1	3	15	0
        117259	2026-02-03 12:49:32	1	3	15	0
        119386	2026-02-03 12:50:27	1	3	15	0
        119386	2026-02-03 12:51:38	1	3	15	0
        110517	2026-02-03 12:53:08	1	3	15	0
        119364	2026-02-03 12:53:13	1	3	15	0
        110057	2026-02-03 12:53:15	1	3	15	0
        117786	2026-02-03 12:54:35	1	3	15	0
        116260	2026-02-03 12:55:34	1	3	15	0
        118971	2026-02-03 12:55:38	1	3	15	0
        117680	2026-02-03 12:55:46	1	3	15	0
        118455	2026-02-03 12:55:51	1	3	15	0
        110074	2026-02-03 12:55:54	1	3	15	0
        119227	2026-02-03 12:55:57	1	3	15	0
        119070	2026-02-03 12:56:02	1	3	15	0
        110075	2026-02-03 12:56:09	1	3	15	0
        110057	2026-02-03 12:58:28	1	3	15	0
        119364	2026-02-03 12:58:37	1	3	15	0
        110158	2026-02-03 13:15:50	1	3	15	0
        110495	2026-02-03 14:55:20	1	3	15	0
        110062	2026-02-03 15:27:09	1	3	15	0
        117812	2026-02-03 16:00:13	1	1	15	0
        116763	2026-02-03 16:04:55	1	1	15	0
        116914	2026-02-03 16:04:59	1	1	15	0
        117528	2026-02-03 16:05:02	1	1	15	0
        116748	2026-02-03 16:10:50	1	1	15	0
        116551	2026-02-03 16:11:06	1	1	15	0
        110065	2026-02-03 16:18:04	1	1	15	0
        117770	2026-02-03 16:18:06	1	1	15	0
        118992	2026-02-03 16:31:25	1	1	15	0
        117133	2026-02-03 16:33:51	1	1	15	0
        110060	2026-02-03 16:34:04	1	1	15	0
        119475	2026-02-03 16:35:45	1	1	15	0
        119143	2026-02-03 16:36:56	1	1	15	0
        117212	2026-02-03 16:40:14	1	1	15	0
        116995	2026-02-03 16:42:09	1	1	15	0
        117999	2026-02-03 16:44:14	1	1	15	0
        118732	2026-02-03 16:45:29	1	1	15	0
        119340	2026-02-03 16:49:53	1	1	15	0
        117483	2026-02-03 16:50:02	1	1	15	0
        117982	2026-02-03 16:50:04	1	1	15	0
        117838	2026-02-03 16:50:49	1	1	1	0
        117983	2026-02-03 16:54:18	1	1	15	0
        118043	2026-02-03 16:58:35	1	1	15	0
        110053	2026-02-03 16:58:56	1	1	15	0
        110466	2026-02-03 16:59:29	1	1	15	0
        116479	2026-02-03 17:00:17	1	1	15	0
        117222	2026-02-03 17:00:33	1	1	15	0
        110358	2026-02-03 17:01:51	1	1	15	0
        110355	2026-02-03 17:02:42	1	1	15	0
        118640	2026-02-03 17:02:53	1	1	15	0
        117997	2026-02-03 17:04:35	1	1	15	0
        110377	2026-02-03 17:04:53	1	1	15	0
        110517	2026-02-03 17:04:57	1	1	15	0
        110376	2026-02-03 17:05:04	1	1	15	0
        119602	2026-02-03 17:05:09	1	1	15	0
        117724	2026-02-03 17:05:27	1	1	15	0
        117680	2026-02-03 17:05:42	1	1	15	0
        110356	2026-02-03 17:06:42	1	1	15	0
        116426	2026-02-03 17:07:14	1	1	15	0
        119453	2026-02-03 17:07:17	1	1	15	0
        118580	2026-02-03 17:07:41	1	1	15	0
        110084	2026-02-03 17:07:44	1	1	15	0
           538	2026-02-03 17:07:50	1	1	15	0
        118829	2026-02-03 17:08:15	1	1	15	0
        118221	2026-02-03 17:08:20	1	1	15	0
        116129	2026-02-03 17:09:13	1	1	15	0
        110493	2026-02-03 17:09:24	1	1	15	0
        117835	2026-02-03 17:09:41	1	1	15	0
        118744	2026-02-03 17:11:39	1	1	15	0
        116799	2026-02-03 17:11:50	1	1	15	0
        117201	2026-02-03 17:12:03	1	1	15	0
        117224	2026-02-03 17:12:15	1	1	15	0
        110527	2026-02-03 17:12:20	1	1	15	0
        117814	2026-02-03 17:12:24	1	1	15	0
        116990	2026-02-03 17:12:29	1	1	15	0
        117839	2026-02-03 17:12:32	1	1	15	0
        116496	2026-02-03 17:13:45	1	1	15	0
        117850	2026-02-03 17:13:56	1	1	15	0
        117639	2026-02-03 17:14:02	1	1	15	0
        117733	2026-02-03 17:14:15	1	1	15	0
        116504	2026-02-03 17:14:17	1	1	15	0
        118455	2026-02-03 17:14:19	1	1	15	0
        116483	2026-02-03 17:14:20	1	1	15	0
        118271	2026-02-03 17:17:01	1	1	15	0
        118997	2026-02-03 17:17:45	1	1	15	0
        110457	2026-02-03 17:19:20	1	1	15	0
        117840	2026-02-03 17:19:24	1	1	15	0
        110158	2026-02-03 17:20:47	1	1	15	0
        116428	2026-02-03 17:21:20	1	1	15	0
        110393	2026-02-03 17:21:36	1	1	15	0
        110418	2026-02-03 17:21:45	1	1	15	0
        117497	2026-02-03 17:23:19	1	1	15	0
        118207	2026-02-03 17:23:28	1	1	15	0
        110051	2026-02-03 17:24:04	1	1	15	0
        117833	2026-02-03 17:24:16	1	1	15	0
        117930	2026-02-03 17:24:19	1	1	15	0
        116472	2026-02-03 17:25:18	1	1	15	0
        117915	2026-02-03 17:25:22	1	1	15	0
        117634	2026-02-03 17:25:43	1	1	15	0
        116383	2026-02-03 17:26:05	1	1	15	0
        116497	2026-02-03 17:26:58	1	1	15	0
        116346	2026-02-03 17:27:15	1	1	15	0
            13	2026-02-03 17:27:57	1	1	15	0
        116902	2026-02-03 17:28:03	1	1	15	0
        117769	2026-02-03 17:28:46	1	1	15	0
        118157	2026-02-03 17:29:05	1	1	15	0
        118928	2026-02-03 17:29:25	1	1	15	0
        117219	2026-02-03 17:29:35	1	1	15	0
        116422	2026-02-03 17:29:38	1	1	15	0
        118046	2026-02-03 17:29:46	1	1	15	0
        110492	2026-02-03 17:30:24	1	1	15	0
        110424	2026-02-03 17:31:23	1	1	15	0
        117711	2026-02-03 17:31:47	1	1	15	0
        117054	2026-02-03 17:31:50	1	1	15	0
        117616	2026-02-03 17:32:23	1	1	15	0
        117113	2026-02-03 17:33:13	1	1	15	0
        119263	2026-02-03 17:33:23	1	1	15	0
        117644	2026-02-03 17:33:32	1	1	15	0
        116453	2026-02-03 17:34:07	1	1	15	0
        117088	2026-02-03 17:34:10	1	1	15	0
        117541	2026-02-03 17:34:39	1	1	15	0
        117259	2026-02-03 17:34:41	1	1	15	0
        110512	2026-02-03 17:35:17	1	1	15	0
        110513	2026-02-03 17:35:25	1	1	15	0
        110514	2026-02-03 17:35:28	1	1	15	0
        117969	2026-02-03 17:35:35	1	1	15	0
        118563	2026-02-03 17:35:40	1	1	15	0
        117700	2026-02-03 17:36:25	1	1	15	0
        110357	2026-02-03 17:36:29	1	1	15	0
        117129	2026-02-03 17:36:58	1	1	15	0
        116787	2026-02-03 17:37:12	1	1	15	0
        116493	2026-02-03 17:38:00	1	1	15	0
        116072	2026-02-03 17:38:37	1	1	15	0
        117924	2026-02-03 17:38:39	1	1	15	0
        119104	2026-02-03 17:38:48	1	1	15	0
        117156	2026-02-03 17:39:04	1	1	15	0
        118584	2026-02-03 17:39:19	1	1	15	0
        116252	2026-02-03 17:39:46	1	1	15	0
        117103	2026-02-03 17:41:20	1	1	15	0
        117111	2026-02-03 17:41:41	1	1	15	0
        118761	2026-02-03 17:42:23	1	1	15	0
        117059	2026-02-03 17:42:26	1	1	15	0
        117811	2026-02-03 17:43:03	1	1	15	0
        118503	2026-02-03 17:43:25	1	1	15	0
        116828	2026-02-03 17:43:53	1	1	1	0
        116960	2026-02-03 17:43:59	1	1	15	0
        116512	2026-02-03 17:44:07	1	1	15	0
        117716	2026-02-03 17:44:45	1	1	15	0
        117270	2026-02-03 17:45:58	1	1	15	0
        119070	2026-02-03 17:46:02	1	1	15	0
        117707	2026-02-03 17:46:14	1	1	15	0
        110485	2026-02-03 17:46:17	1	1	15	0
        117998	2026-02-03 17:46:25	1	1	15	0
        116142	2026-02-03 17:46:43	1	1	15	0
        110354	2026-02-03 17:46:57	1	1	15	0
        117841	2026-02-03 17:47:02	1	1	15	0
        110116	2026-02-03 17:47:13	1	1	15	0
        117921	2026-02-03 17:47:17	1	1	15	0
        110074	2026-02-03 17:48:20	1	1	15	0
        110172	2026-02-03 17:48:35	1	1	15	0
        116142	2026-02-03 17:49:07	1	1	15	0
        110057	2026-02-03 17:49:15	1	1	15	0
        117642	2026-02-03 17:49:27	1	1	15	0
        117046	2026-02-03 17:49:36	1	1	15	0
        117120	2026-02-03 17:49:42	1	1	15	0
        116537	2026-02-03 17:49:43	1	1	15	0
        117269	2026-02-03 17:50:22	1	1	15	0
        116824	2026-02-03 17:50:26	1	1	15	0
        119493	2026-02-03 17:50:42	1	1	15	0
        117926	2026-02-03 17:51:36	1	1	15	0
        117683	2026-02-03 17:51:46	1	1	15	0
        116282	2026-02-03 17:51:48	1	1	15	0
        119494	2026-02-03 17:52:15	1	1	15	0
        117567	2026-02-03 17:52:32	1	1	15	0
        117815	2026-02-03 17:53:19	1	1	15	0
        117817	2026-02-03 17:54:11	1	1	15	0
        117121	2026-02-03 17:54:32	1	1	15	0
        110378	2026-02-03 17:55:12	1	1	15	0
        118458	2026-02-03 17:55:52	1	1	15	0
        118813	2026-02-03 17:56:36	1	1	15	0
        117742	2026-02-03 17:57:10	1	1	15	0
        117807	2026-02-03 17:57:12	1	1	15	0
        110183	2026-02-03 17:57:17	1	1	15	0
        117659	2026-02-03 17:58:24	1	1	15	0
        117966	2026-02-03 17:58:25	1	1	15	0
        117144	2026-02-03 17:58:36	1	1	15	0
        117341	2026-02-03 17:58:47	1	1	15	0
        116279	2026-02-03 18:00:02	1	1	15	0
        117790	2026-02-03 18:00:06	1	1	15	0
        118971	2026-02-03 18:00:10	1	1	15	0
        117543	2026-02-03 18:00:13	1	1	15	0
        110088	2026-02-03 18:00:21	1	1	15	0
        117189	2026-02-03 18:00:27	1	1	15	0
        119386	2026-02-03 18:00:55	1	1	15	0
        119571	2026-02-03 18:00:58	1	1	15	0
        119493	2026-02-03 18:01:01	1	1	15	0
        117122	2026-02-03 18:01:08	1	1	15	0
        119107	2026-02-03 18:01:14	1	1	15	0
        117786	2026-02-03 18:01:38	1	1	15	0
        119594	2026-02-03 18:01:40	1	1	15	0
        116070	2026-02-03 18:01:43	1	1	15	0
        117837	2026-02-03 18:01:46	1	1	15	0
        117645	2026-02-03 18:01:48	1	1	15	0
        116477	2026-02-03 18:02:07	1	1	15	0
        117147	2026-02-03 18:02:24	1	1	15	0
        117692	2026-02-03 18:02:27	1	1	15	0
        110173	2026-02-03 18:02:29	1	1	15	0
        117085	2026-02-03 18:02:34	1	1	15	0
        110032	2026-02-03 18:04:55	1	1	15	0
        116747	2026-02-03 18:05:01	1	1	15	0
        116933	2026-02-03 18:05:17	1	1	15	0
        117080	2026-02-03 18:05:20	1	1	15	0
        117575	2026-02-03 18:05:24	1	1	15	0
        110075	2026-02-03 18:05:49	1	1	15	0
        119364	2026-02-03 18:05:56	1	1	15	0
        116834	2026-02-03 18:06:14	1	1	15	0
        110100	2026-02-03 18:07:07	1	1	15	0
        110200	2026-02-03 18:07:16	1	1	15	0
        116069	2026-02-03 18:09:28	1	1	15	0
        110063	2026-02-03 18:10:15	1	1	15	0
        116260	2026-02-03 18:12:25	1	1	15	0
        110360	2026-02-03 18:13:03	1	1	15	0
        110077	2026-02-03 18:14:19	1	1	15	0
        117595	2026-02-03 18:14:57	1	1	15	0
        117849	2026-02-03 18:15:47	1	1	15	0
        110025	2026-02-03 18:17:01	1	1	15	0
        110507	2026-02-03 18:17:04	1	1	15	0
        117114	2026-02-03 18:17:09	1	1	15	0
        110070	2026-02-03 18:17:58	1	1	15	0
        117529	2026-02-03 18:18:00	1	1	15	0
        110105	2026-02-03 18:19:28	1	1	15	0
        110128	2026-02-03 18:21:44	1	1	15	0
        110475	2026-02-03 18:22:48	1	1	15	0
        110473	2026-02-03 18:22:51	1	1	15	0
        110128	2026-02-03 18:22:58	1	1	15	0
        119006	2026-02-03 18:24:07	1	1	15	0
        110083	2026-02-03 18:24:58	1	1	15	0
        110085	2026-02-03 18:25:03	1	1	15	0
        110055	2026-02-03 18:27:27	1	1	15	0
        119227	2026-02-03 18:29:27	1	1	15	0
        117061	2026-02-03 18:31:09	1	1	15	0
        117709	2026-02-03 18:32:11	1	1	15	0
        116356	2026-02-03 18:32:41	1	1	15	0
        119535	2026-02-03 18:33:43	1	1	15	0
        117542	2026-02-03 18:34:14	1	1	15	0
        119449	2026-02-03 18:37:18	1	1	15	0
        119282	2026-02-03 18:37:33	1	1	15	0
        118867	2026-02-03 18:37:35	1	1	15	0
        117981	2026-02-03 18:37:49	1	1	15	0
        118369	2026-02-03 18:37:50	1	1	15	0
        116805	2026-02-03 18:37:53	1	1	15	0
        118753	2026-02-03 18:40:43	1	1	15	0
        118862	2026-02-03 18:57:21	1	1	15	0
        117091	2026-02-03 18:57:41	1	1	15	0
        117591	2026-02-03 19:14:36	1	1	15	0
        118695	2026-02-03 19:27:38	1	1	15	0
        117337	2026-02-03 19:27:40	1	1	15	0
        110413	2026-02-03 19:37:35	1	1	15	0
        118953	2026-02-03 19:47:24	1	1	15	0
        117699	2026-02-03 20:03:33	1	1	15	0
        116069	2026-02-03 20:21:29	1	1	15	0
        116834	2026-02-04 05:04:38	1	0	15	0
        117201	2026-02-04 05:07:58	1	0	15	0
        116748	2026-02-04 06:13:14	1	0	15	0
        119070	2026-02-04 06:18:13	1	0	15	0
        110051	2026-02-04 06:30:58	1	0	15	0
        119571	2026-02-04 06:34:53	1	0	15	0
        110535	2026-02-04 06:37:28	1	0	15	0
        116831	2026-02-04 06:37:31	1	0	15	0
        117337	2026-02-04 06:44:10	1	0	15	0
        110074	2026-02-04 06:49:16	1	0	15	0
        116551	2026-02-04 06:53:06	1	0	15	0
        118992	2026-02-04 06:54:29	1	0	15	0
        110085	2026-02-04 06:58:26	1	0	15	0
        117833	2026-02-04 06:58:55	1	0	15	0
        117930	2026-02-04 06:58:57	1	0	15	0
        118563	2026-02-04 06:59:55	1	0	15	0
        116914	2026-02-04 07:00:42	1	0	15	0
        116763	2026-02-04 07:04:28	1	0	15	0
        117983	2026-02-04 07:08:19	1	0	15	0
        117770	2026-02-04 07:08:39	1	0	15	0
        117972	2026-02-04 07:09:59	1	0	15	0
        116799	2026-02-04 07:11:06	1	0	15	0
        117769	2026-02-04 07:11:08	1	0	15	0
        119602	2026-02-04 07:13:30	1	0	15	0
        117835	2026-02-04 07:16:12	1	0	15	0
        117814	2026-02-04 07:18:33	1	0	15	0
        116142	2026-02-04 07:18:38	1	0	15	0
        119365	2026-02-04 07:20:50	1	0	15	0
        110065	2026-02-04 07:21:08	1	0	15	0
        110144	2026-02-04 07:24:40	1	0	15	0
        119494	2026-02-04 07:25:59	1	0	15	0
        119340	2026-02-04 07:26:04	1	0	15	0
        110358	2026-02-04 07:26:30	1	0	15	0
        117680	2026-02-04 07:27:53	1	0	15	0
        118640	2026-02-04 07:28:33	1	0	15	0
        119157	2026-02-04 07:29:10	1	0	15	0
        116902	2026-02-04 07:29:20	1	0	15	0
        117982	2026-02-04 07:30:10	1	0	15	0
        117966	2026-02-04 07:32:20	1	0	15	0
        118829	2026-02-04 07:32:43	1	0	15	0
        119449	2026-02-04 07:33:37	1	0	15	0
        110424	2026-02-04 07:33:55	1	0	15	0
        116297	2026-02-04 07:34:42	1	0	15	0
        118744	2026-02-04 07:34:58	1	0	15	0
        119475	2026-02-04 07:35:17	1	0	15	0
        110378	2026-02-04 07:36:20	1	0	15	0
        117733	2026-02-04 07:37:35	1	0	15	0
        118369	2026-02-04 07:38:22	1	0	15	0
        110355	2026-02-04 07:38:42	1	0	15	0
        110356	2026-02-04 07:38:45	1	0	15	0
            13	2026-02-04 07:38:56	1	0	15	0
        117838	2026-02-04 07:40:48	1	0	1	0
        119494	2026-02-04 07:42:02	1	0	15	0
        110485	2026-02-04 07:42:15	1	0	15	0
        117085	2026-02-04 07:42:48	1	0	15	0
        117724	2026-02-04 07:43:16	1	0	15	0
        117147	2026-02-04 07:43:24	1	0	15	0
        116483	2026-02-04 07:44:29	1	0	15	0
        118455	2026-02-04 07:44:33	1	0	15	0
        118043	2026-02-04 07:44:36	1	0	15	0
        110377	2026-02-04 07:44:44	1	0	15	0
        117483	2026-02-04 07:45:05	1	0	15	0
        118732	2026-02-04 07:45:20	1	0	15	0
        110357	2026-02-04 07:45:49	1	0	15	0
        119453	2026-02-04 07:46:24	1	0	15	0
        117111	2026-02-04 07:46:28	1	0	15	0
        118568	2026-02-04 07:46:49	1	0	15	0
        117270	2026-02-04 07:47:49	1	0	15	0
        118157	2026-02-04 07:48:26	1	0	15	0
        119272	2026-02-04 07:48:41	1	0	15	0
        117224	2026-02-04 07:49:08	1	0	15	0
        110512	2026-02-04 07:49:12	1	0	15	0
        117133	2026-02-04 07:49:36	1	0	15	0
        110393	2026-02-04 07:50:11	1	0	15	0
        110063	2026-02-04 07:50:54	1	0	15	0
        118580	2026-02-04 07:51:05	1	0	15	0
        116504	2026-02-04 07:51:11	1	0	15	0
        117700	2026-02-04 07:51:15	1	0	15	0
        110457	2026-02-04 07:52:08	1	0	15	0
        110492	2026-02-04 07:53:13	1	0	15	0
        117840	2026-02-04 07:53:16	1	0	15	0
        116422	2026-02-04 07:53:22	1	0	15	0
        110475	2026-02-04 07:54:16	1	0	15	0
        117921	2026-02-04 07:54:23	1	0	15	0
        110466	2026-02-04 07:54:41	1	0	15	0
        110060	2026-02-04 07:54:51	1	0	15	0
        117711	2026-02-04 07:55:31	1	0	15	0
        110493	2026-02-04 07:55:46	1	0	15	0
        117993	2026-02-04 07:56:55	1	0	15	0
        117639	2026-02-04 07:57:01	1	0	15	0
        117189	2026-02-04 07:57:28	1	0	15	0
        117997	2026-02-04 07:57:47	1	0	15	0
        118997	2026-02-04 07:57:50	1	0	15	0
        118271	2026-02-04 07:58:00	1	0	15	0
        116995	2026-02-04 07:58:21	1	0	15	0
        110376	2026-02-04 07:58:44	1	0	15	0
        119227	2026-02-04 07:58:51	1	0	15	0
        110053	2026-02-04 07:59:02	1	0	15	0
        110507	2026-02-04 07:59:08	1	0	15	0
        117850	2026-02-04 07:59:27	1	0	15	0
        116072	2026-02-04 07:59:57	1	0	15	0
           538	2026-02-04 08:00:55	1	0	15	0
        116824	2026-02-04 08:01:16	1	0	15	0
        117642	2026-02-04 08:01:20	1	0	15	0
        117114	2026-02-04 08:02:08	1	0	15	0
        117591	2026-02-04 08:02:14	1	0	15	0
        117683	2026-02-04 08:02:29	1	0	15	0
        116828	2026-02-04 08:02:34	1	0	1	0
        116493	2026-02-04 08:02:40	1	0	15	0
        110173	2026-02-04 08:02:53	1	0	15	0
        117981	2026-02-04 08:03:18	1	0	15	0
        116428	2026-02-04 08:04:32	1	0	15	0
        117121	2026-02-04 08:04:40	1	0	15	0
        118221	2026-02-04 08:06:25	1	0	15	0
        110070	2026-02-04 08:08:07	1	0	15	0
        110128	2026-02-04 08:08:35	1	0	15	0
        110514	2026-02-04 08:09:47	1	0	15	0
        116426	2026-02-04 08:10:50	1	0	15	0
        117222	2026-02-04 08:11:51	1	0	15	0
        110025	2026-02-04 08:11:55	1	0	15	0
        110473	2026-02-04 08:12:05	1	0	15	0
        117129	2026-02-04 08:12:11	1	0	15	0
        117807	2026-02-04 08:13:32	1	0	15	0
        117219	2026-02-04 08:13:42	1	0	15	0
        116129	2026-02-04 08:14:05	1	0	15	0
        118186	2026-02-04 08:14:08	1	0	15	0
        110197	2026-02-04 08:14:08	1	0	15	0
        117915	2026-02-04 08:14:32	1	0	15	0
        117634	2026-02-04 08:14:34	1	0	15	0
        116356	2026-02-04 08:15:50	1	0	15	0
        117817	2026-02-04 08:15:53	1	0	15	0
        117699	2026-02-04 08:15:57	1	0	15	0
        110193	2026-02-04 08:16:30	1	0	15	0
        117259	2026-02-04 08:16:37	1	0	15	0
        110198	2026-02-04 08:16:40	1	0	15	0
        110506	2026-02-04 08:16:43	1	0	15	0
        116282	2026-02-04 08:16:50	1	0	15	0
        117497	2026-02-04 08:19:25	1	0	15	0
        110513	2026-02-04 08:20:14	1	0	15	0
        116990	2026-02-04 08:20:35	1	0	15	0
        119364	2026-02-04 08:20:42	1	0	15	0
        117088	2026-02-04 08:21:15	1	0	15	0
        116497	2026-02-04 08:22:00	1	0	15	0
        110354	2026-02-04 08:22:27	1	0	15	0
        116496	2026-02-04 08:22:32	1	0	15	0
        118695	2026-02-04 08:23:11	1	0	15	0
        116383	2026-02-04 08:23:52	1	0	15	0
        119282	2026-02-04 08:24:33	1	0	15	0
        116472	2026-02-04 08:25:35	1	0	15	0
        117742	2026-02-04 08:25:44	1	0	15	0
        110158	2026-02-04 08:26:03	1	0	15	0
        117541	2026-02-04 08:26:04	1	0	15	0
        118917	2026-02-04 08:26:11	1	0	15	0
        119104	2026-02-04 08:26:14	1	0	15	0
        117707	2026-02-04 08:26:16	1	0	15	0
        117692	2026-02-04 08:27:03	1	0	15	0
        117924	2026-02-04 08:27:09	1	0	15	0
        117528	2026-02-04 08:27:13	1	0	15	0
        116337	2026-02-04 08:27:16	1	0	15	0
        116512	2026-02-04 08:27:17	1	0	15	0
        116751	2026-02-04 08:27:19	1	0	15	0
        119535	2026-02-04 08:28:10	1	0	15	0
        118928	2026-02-04 08:28:28	1	0	15	0
        117837	2026-02-04 08:28:39	1	0	15	0
        116849	2026-02-04 08:28:44	1	0	15	0
        117815	2026-02-04 08:29:11	1	0	15	0
        117061	2026-02-04 08:29:17	1	0	15	0
        117616	2026-02-04 08:29:59	1	0	15	0
        117644	2026-02-04 08:30:07	1	0	15	0
        117156	2026-02-04 08:30:45	1	0	15	0
        117567	2026-02-04 08:31:45	1	0	15	0
        119493	2026-02-04 08:32:11	1	0	15	0
        110062	2026-02-04 08:32:13	1	0	15	0
        119594	2026-02-04 08:32:16	1	0	15	0
        117054	2026-02-04 08:33:27	1	0	15	0
        117144	2026-02-04 08:33:43	1	0	15	0
        110055	2026-02-04 08:33:46	1	0	15	0
        117542	2026-02-04 08:33:48	1	0	15	0
        117969	2026-02-04 08:34:00	1	0	15	0
        117709	2026-02-04 08:34:05	1	0	15	0
        118867	2026-02-04 08:34:39	1	0	15	0
        118753	2026-02-04 08:34:41	1	0	15	0
        118503	2026-02-04 08:35:38	1	0	15	0
        117543	2026-02-04 08:35:55	1	0	15	0
        110100	2026-02-04 08:36:28	1	0	15	0
        117080	2026-02-04 08:36:31	1	0	15	0
        117046	2026-02-04 08:36:40	1	0	15	0
        117120	2026-02-04 08:36:43	1	0	15	0
        117595	2026-02-04 08:36:45	1	0	15	0
        116537	2026-02-04 08:37:11	1	0	15	0
        118862	2026-02-04 08:37:39	1	0	15	0
        117716	2026-02-04 08:37:54	1	0	15	0
        118207	2026-02-04 08:38:04	1	0	15	0
        110050	2026-02-04 08:38:14	1	0	15	0
        117998	2026-02-04 08:38:27	1	0	15	0
        117113	2026-02-04 08:38:33	1	0	15	0
        117059	2026-02-04 08:38:48	1	0	15	0
        117811	2026-02-04 08:38:55	1	0	15	0
        116805	2026-02-04 08:39:18	1	0	15	0
        110517	2026-02-04 08:39:40	1	0	15	0
        110088	2026-02-04 08:39:59	1	0	15	0
        117059	2026-02-04 08:40:31	1	0	15	0
        119386	2026-02-04 08:40:43	1	0	15	0
        110032	2026-02-04 08:41:04	1	0	15	0
        118971	2026-02-04 08:41:12	1	0	15	0
        117999	2026-02-04 08:41:51	1	0	15	0
        110057	2026-02-04 08:41:58	1	0	15	0
        117841	2026-02-04 08:42:09	1	0	15	0
        116346	2026-02-04 08:42:28	1	0	15	0
        117849	2026-02-04 08:43:12	1	0	15	0
        117103	2026-02-04 08:43:52	1	0	15	0
        116477	2026-02-04 08:43:55	1	0	15	0
        118584	2026-02-04 08:44:43	1	0	15	0
        116778	2026-02-04 08:44:45	1	0	15	0
        110372	2026-02-04 08:45:33	1	0	15	0
        118458	2026-02-04 08:46:00	1	0	15	0
        118761	2026-02-04 08:46:14	1	0	15	0
        110116	2026-02-04 08:46:20	1	0	15	0
        117122	2026-02-04 08:46:41	1	0	15	0
        116747	2026-02-04 08:46:43	1	0	15	0
        116069	2026-02-04 08:46:45	1	0	15	0
        110418	2026-02-04 08:46:56	1	0	15	0
        110172	2026-02-04 08:47:27	1	0	15	0
        117529	2026-02-04 08:48:08	1	0	15	0
        110413	2026-02-04 08:48:27	1	0	15	0
        110195	2026-02-04 08:49:48	1	0	15	0
        118813	2026-02-04 08:49:51	1	0	15	0
        116166	2026-02-04 08:50:22	1	0	15	0
        110083	2026-02-04 08:50:26	1	0	15	0
        116933	2026-02-04 08:50:30	1	0	15	0
        118953	2026-02-04 08:50:40	1	0	15	0
        117926	2026-02-04 08:51:01	1	0	15	0
        116069	2026-02-04 08:51:16	1	0	15	0
        110077	2026-02-04 08:52:01	1	0	15	0
        116787	2026-02-04 08:52:30	1	0	15	0
        117786	2026-02-04 08:53:16	1	0	15	0
        118813	2026-02-04 08:53:23	1	0	15	0
        110105	2026-02-04 08:53:26	1	0	15	0
        117575	2026-02-04 08:53:30	1	0	15	0
        116252	2026-02-04 08:54:26	1	0	15	0
        117790	2026-02-04 08:57:01	1	0	15	0
        119263	2026-02-04 08:57:06	1	0	15	0
        117659	2026-02-04 08:57:26	1	0	15	0
        119107	2026-02-04 08:57:46	1	0	15	0
        110200	2026-02-04 08:58:46	1	0	15	0
        117341	2026-02-04 09:01:22	1	0	15	0
        117645	2026-02-04 09:07:58	1	0	15	0
        110075	2026-02-04 09:16:56	1	0	15	0
        116453	2026-02-04 09:19:15	1	0	15	0
        117077	2026-02-04 09:19:31	1	0	15	0
        117043	2026-02-04 09:20:35	1	0	15	0
        119006	2026-02-04 09:22:30	1	0	15	0
        116260	2026-02-04 09:23:35	1	0	15	0
        116070	2026-02-04 09:35:33	1	0	1	0
        117091	2026-02-04 09:55:22	1	0	15	0
        110084	2026-02-04 10:31:48	1	0	15	0
        116477	2026-02-04 12:00:02	1	2	15	0
        116747	2026-02-04 12:00:04	1	2	15	0
        116472	2026-02-04 12:00:07	1	2	15	0
        117711	2026-02-04 12:00:08	1	2	15	0
        117833	2026-02-04 12:00:11	1	2	15	0
        116763	2026-02-04 12:00:21	1	2	15	0
        117046	2026-02-04 12:00:30	1	2	15	0
        116914	2026-02-04 12:00:35	1	2	15	0
        110418	2026-02-04 12:00:38	1	2	15	0
        118458	2026-02-04 12:00:39	1	2	15	0
            13	2026-02-04 12:00:40	1	2	15	0
        116902	2026-02-04 12:00:46	1	2	15	0
           538	2026-02-04 12:00:49	1	2	15	0
        110424	2026-02-04 12:00:51	1	2	15	0
        117120	2026-02-04 12:00:53	1	2	15	0
        117790	2026-02-04 12:00:55	1	2	15	0
        110493	2026-02-04 12:00:57	1	2	15	0
        116383	2026-02-04 12:00:58	1	2	15	0
        118584	2026-02-04 12:01:05	1	2	15	0
        110053	2026-02-04 12:01:06	1	2	15	0
        110032	2026-02-04 12:01:09	1	2	15	0
        116356	2026-02-04 12:01:11	1	2	15	0
        110200	2026-02-04 12:01:15	1	2	15	0
        118043	2026-02-04 12:01:17	1	2	15	0
        116778	2026-02-04 12:01:19	1	2	15	0
        116551	2026-02-04 12:01:21	1	2	15	0
        116496	2026-02-04 12:01:22	1	2	15	0
        117770	2026-02-04 12:01:24	1	2	15	0
        117837	2026-02-04 12:01:26	1	2	15	0
        110172	2026-02-04 12:01:28	1	2	15	0
        118369	2026-02-04 12:01:30	1	2	15	0
        117567	2026-02-04 12:01:32	1	2	15	0
        116805	2026-02-04 12:01:34	1	2	15	0
        117981	2026-02-04 12:01:37	1	2	15	0
        117061	2026-02-04 12:01:38	1	2	15	0
        117091	2026-02-04 12:01:40	1	2	15	0
        117716	2026-02-04 12:01:42	1	2	15	0
        116787	2026-02-04 12:01:43	1	2	15	0
        117270	2026-02-04 12:01:45	1	2	15	0
        117201	2026-02-04 12:01:47	1	2	15	0
        110128	2026-02-04 12:01:50	1	2	15	0
        110492	2026-02-04 12:01:53	1	2	15	0
        116260	2026-02-04 12:01:55	1	2	15	0
        117998	2026-02-04 12:01:57	1	2	15	0
        118695	2026-02-04 12:01:58	1	2	15	0
        117337	2026-02-04 12:02:01	1	2	15	0
        117080	2026-02-04 12:02:03	1	2	15	0
        117786	2026-02-04 12:02:05	1	2	15	0
        119535	2026-02-04 12:02:06	1	2	15	0
        118829	2026-02-04 12:02:12	1	2	15	0
        119453	2026-02-04 12:02:15	1	2	15	0
        118953	2026-02-04 12:02:17	1	2	15	0
        110197	2026-02-04 12:02:19	1	2	15	0
        117924	2026-02-04 12:02:41	1	2	15	0
        116497	2026-02-04 12:02:47	1	2	15	0
        117541	2026-02-04 12:02:49	1	2	15	0
        116751	2026-02-04 12:02:53	1	2	15	0
        116512	2026-02-04 12:02:55	1	2	15	0
        117543	2026-02-04 12:02:57	1	2	15	0
        116831	2026-02-04 12:03:00	1	2	15	0
        116778	2026-02-04 12:03:05	1	2	15	0
        117224	2026-02-04 12:03:09	1	2	15	0
        116551	2026-02-04 12:03:10	1	2	15	0
        116356	2026-02-04 12:03:16	1	2	15	0
        117733	2026-02-04 12:03:18	1	2	15	0
        117849	2026-02-04 12:03:21	1	2	15	0
        117709	2026-02-04 12:03:23	1	2	15	0
        118761	2026-02-04 12:03:26	1	2	15	0
        116477	2026-02-04 12:03:27	1	2	15	0
        117111	2026-02-04 12:03:30	1	2	15	0
        118369	2026-02-04 12:03:33	1	2	15	0
        117091	2026-02-04 12:03:35	1	2	15	0
        116805	2026-02-04 12:03:37	1	2	15	0
        117981	2026-02-04 12:03:39	1	2	15	0
        117061	2026-02-04 12:03:39	1	2	15	0
        116472	2026-02-04 12:03:42	1	2	15	0
        117841	2026-02-04 12:03:44	1	2	15	0
        117085	2026-02-04 12:03:47	1	2	15	0
        118917	2026-02-04 12:03:49	1	2	15	0
        110377	2026-02-04 12:03:51	1	2	15	0
        110376	2026-02-04 12:03:55	1	2	15	0
        116799	2026-02-04 12:04:00	1	2	15	0
        119107	2026-02-04 12:04:05	1	2	15	0
        117997	2026-02-04 12:04:07	1	2	15	0
        116496	2026-02-04 12:04:09	1	2	15	0
        116383	2026-02-04 12:04:11	1	2	15	0
        116747	2026-02-04 12:04:13	1	2	15	0
        117926	2026-02-04 12:04:15	1	2	15	0
        116763	2026-02-04 12:04:18	1	2	15	0
        110200	2026-02-04 12:04:18	1	2	15	0
        117814	2026-02-04 12:04:20	1	2	15	0
        117046	2026-02-04 12:04:22	1	2	15	0
        110060	2026-02-04 12:04:27	1	2	15	0
        116960	2026-02-04 12:04:29	1	2	15	0
        110100	2026-02-04 12:04:30	1	2	15	0
        117930	2026-02-04 12:04:35	1	2	15	0
        117833	2026-02-04 12:04:37	1	2	15	0
        117120	2026-02-04 12:04:40	1	2	15	0
        110424	2026-02-04 12:04:42	1	2	15	0
        110418	2026-02-04 12:04:44	1	2	15	0
        116914	2026-02-04 12:04:46	1	2	15	0
        116902	2026-02-04 12:04:49	1	2	15	0
        117059	2026-02-04 12:04:50	1	2	15	0
        116748	2026-02-04 12:04:51	1	2	15	0
        117189	2026-02-04 12:04:52	1	2	15	0
        116512	2026-02-04 12:04:56	1	2	15	0
        116751	2026-02-04 12:04:58	1	2	15	0
        116933	2026-02-04 12:04:59	1	2	15	0
        118584	2026-02-04 12:05:01	1	2	15	0
        110053	2026-02-04 12:05:04	1	2	15	0
        117770	2026-02-04 12:05:06	1	2	15	0
        117837	2026-02-04 12:05:09	1	2	15	0
        118043	2026-02-04 12:05:11	1	2	15	0
        110355	2026-02-04 12:05:12	1	2	15	0
        110356	2026-02-04 12:05:15	1	2	15	0
        110492	2026-02-04 12:05:24	1	2	15	0
        110517	2026-02-04 12:05:27	1	2	15	0
        110493	2026-02-04 12:05:31	1	2	15	0
        110473	2026-02-04 12:05:34	1	2	15	0
        116497	2026-02-04 12:05:36	1	2	15	0
        117924	2026-02-04 12:05:38	1	2	15	0
        117541	2026-02-04 12:05:40	1	2	15	0
        118744	2026-02-04 12:05:45	1	2	15	0
        119535	2026-02-04 12:05:47	1	2	15	0
        110063	2026-02-04 12:05:55	1	2	15	0
        117742	2026-02-04 12:05:59	1	2	15	0
        117043	2026-02-04 12:06:01	1	2	15	0
        117542	2026-02-04 12:06:03	1	2	15	0
        116337	2026-02-04 12:06:07	1	2	15	0
        117077	2026-02-04 12:06:11	1	2	15	0
        117815	2026-02-04 12:06:20	1	2	15	0
        110172	2026-02-04 12:06:30	1	2	15	0
        110144	2026-02-04 12:06:42	1	2	15	0
        118953	2026-02-04 12:06:49	1	2	15	0
        116990	2026-02-04 12:06:55	1	2	15	0
        116537	2026-02-04 12:06:58	1	2	15	0
        117700	2026-02-04 12:07:00	1	2	15	0
        117341	2026-02-04 12:07:01	1	2	15	0
        117724	2026-02-04 12:07:05	1	2	15	0
        117850	2026-02-04 12:07:06	1	2	15	0
        117707	2026-02-04 12:07:09	1	2	15	0
        116069	2026-02-04 12:07:11	1	2	15	0
        116995	2026-02-04 12:07:12	1	2	15	0
        117807	2026-02-04 12:07:15	1	2	15	0
        118640	2026-02-04 12:07:17	1	2	15	0
        117998	2026-02-04 12:07:23	1	2	15	0
        117529	2026-02-04 12:07:28	1	2	15	0
        117133	2026-02-04 12:07:34	1	2	15	0
        116933	2026-02-04 12:07:39	1	2	15	0
        116787	2026-02-04 12:07:41	1	2	15	0
        117716	2026-02-04 12:07:43	1	2	15	0
        110100	2026-02-04 12:08:00	1	2	15	0
        119449	2026-02-04 12:08:02	1	2	15	0
        110060	2026-02-04 12:08:09	1	2	15	0
        116960	2026-02-04 12:08:14	1	2	15	0
        118207	2026-02-04 12:08:17	1	2	15	0
        110355	2026-02-04 12:08:29	1	2	15	0
        116831	2026-02-04 12:08:32	1	2	15	0
        110356	2026-02-04 12:08:34	1	2	15	0
        117201	2026-02-04 12:08:36	1	2	15	0
        118813	2026-02-04 12:08:57	1	2	15	0
        117129	2026-02-04 12:09:01	1	2	15	0
        117147	2026-02-04 12:09:03	1	2	15	0
        118563	2026-02-04 12:09:05	1	2	15	0
        117926	2026-02-04 12:09:08	1	2	15	0
        117595	2026-02-04 12:09:11	1	2	15	0
        117997	2026-02-04 12:09:17	1	2	15	0
        116252	2026-02-04 12:09:26	1	2	15	0
        117680	2026-02-04 12:09:31	1	2	15	0
        117811	2026-02-04 12:09:47	1	2	15	0
        116748	2026-02-04 12:09:49	1	2	15	0
        117080	2026-02-04 12:09:50	1	2	15	0
        118640	2026-02-04 12:09:53	1	2	15	0
        117742	2026-02-04 12:09:58	1	2	15	0
        117841	2026-02-04 12:10:00	1	2	15	0
        117807	2026-02-04 12:10:04	1	2	15	0
        116990	2026-02-04 12:10:07	1	2	15	0
        117709	2026-02-04 12:10:19	1	2	15	0
        117849	2026-02-04 12:10:23	1	2	15	0
        110032	2026-02-04 12:10:39	1	2	15	0
        110116	2026-02-04 12:10:45	1	2	15	0
        116995	2026-02-04 12:10:48	1	2	15	0
        117850	2026-02-04 12:10:53	1	2	15	0
        117707	2026-02-04 12:10:57	1	2	15	0
        117133	2026-02-04 12:10:59	1	2	15	0
        116537	2026-02-04 12:11:12	1	2	15	0
        117341	2026-02-04 12:11:14	1	2	15	0
        117807	2026-02-04 12:11:16	1	2	15	0
        116069	2026-02-04 12:11:16	1	2	15	0
        110105	2026-02-04 12:11:28	1	2	15	0
        117497	2026-02-04 12:11:36	1	2	15	0
        110065	2026-02-04 12:11:38	1	2	15	0
        116453	2026-02-04 12:11:40	1	2	15	0
        118997	2026-02-04 12:11:44	1	2	15	0
        110354	2026-02-04 12:11:46	1	2	15	0
        119475	2026-02-04 12:11:48	1	2	15	0
        117711	2026-02-04 12:11:52	1	2	15	0
        118813	2026-02-04 12:12:08	1	2	15	0
        117817	2026-02-04 12:12:18	1	2	15	0
        117129	2026-02-04 12:12:24	1	2	15	0
        110077	2026-02-04 12:12:32	1	2	15	0
        117790	2026-02-04 12:13:04	1	2	15	0
        118458	2026-02-04 12:13:07	1	2	15	0
        116828	2026-02-04 12:13:11	1	2	1	0
        117542	2026-02-04 12:13:17	1	2	15	0
        117700	2026-02-04 12:13:19	1	2	15	0
        117591	2026-02-04 12:13:20	1	2	15	0
        117189	2026-02-04 12:13:26	1	2	15	0
        117529	2026-02-04 12:13:40	1	2	15	0
        117811	2026-02-04 12:13:54	1	2	15	0
        117543	2026-02-04 12:14:27	1	2	15	0
        110413	2026-02-04 12:14:34	1	2	15	0
        117999	2026-02-04 12:14:37	1	2	15	0
        110393	2026-02-04 12:14:42	1	2	15	0
        117969	2026-02-04 12:14:43	1	2	15	0
        110158	2026-02-04 12:14:46	1	2	15	0
        110354	2026-02-04 12:14:48	1	2	15	0
        110358	2026-02-04 12:14:50	1	2	15	0
        119340	2026-02-04 12:14:52	1	2	15	0
        117642	2026-02-04 12:14:59	1	2	15	0
        117088	2026-02-04 12:15:06	1	2	15	0
        117839	2026-02-04 12:15:13	1	2	15	0
        116072	2026-02-04 12:15:19	1	2	15	0
        118221	2026-02-04 12:15:25	1	2	15	0
        118761	2026-02-04 12:15:27	1	2	15	0
        110065	2026-02-04 12:15:36	1	2	15	0
        119475	2026-02-04 12:15:42	1	2	15	0
        110197	2026-02-04 12:16:16	1	2	15	0
        117059	2026-02-04 12:16:21	1	2	15	0
        119107	2026-02-04 12:16:26	1	2	15	0
        117982	2026-02-04 12:16:32	1	2	15	0
        117692	2026-02-04 12:16:34	1	2	15	0
        117921	2026-02-04 12:16:37	1	2	15	0
        116824	2026-02-04 12:16:40	1	2	15	0
        117054	2026-02-04 12:16:57	1	2	15	0
        117639	2026-02-04 12:17:50	1	2	15	0
        117999	2026-02-04 12:17:53	1	2	15	0
        116422	2026-02-04 12:17:59	1	2	15	0
        117969	2026-02-04 12:18:02	1	2	15	0
        117219	2026-02-04 12:18:03	1	2	15	0
        118157	2026-02-04 12:18:07	1	2	15	0
        117683	2026-02-04 12:18:10	1	2	15	0
        117815	2026-02-04 12:18:12	1	2	15	0
        118186	2026-02-04 12:18:14	1	2	15	0
        110393	2026-02-04 12:18:18	1	2	15	0
        116072	2026-02-04 12:18:20	1	2	15	0
        116282	2026-02-04 12:18:22	1	2	15	0
        117915	2026-02-04 12:18:25	1	2	15	0
        116337	2026-02-04 12:18:26	1	2	15	0
        117634	2026-02-04 12:18:28	1	2	15	0
        117077	2026-02-04 12:18:29	1	2	15	0
        110077	2026-02-04 12:18:31	1	2	15	0
        117059	2026-02-04 12:18:36	1	2	15	0
        117497	2026-02-04 12:18:38	1	2	15	0
        119493	2026-02-04 12:18:41	1	2	15	0
        119340	2026-02-04 12:18:43	1	2	15	0
        110358	2026-02-04 12:18:45	1	2	15	0
        110128	2026-02-04 12:18:50	1	2	15	0
        110173	2026-02-04 12:18:52	1	2	15	0
            13	2026-02-04 12:18:55	1	2	15	0
        117642	2026-02-04 12:18:57	1	2	15	0
        110413	2026-02-04 12:18:59	1	2	15	0
        117786	2026-02-04 12:19:03	1	2	15	0
        110512	2026-02-04 12:19:09	1	2	15	0
        110513	2026-02-04 12:19:12	1	2	15	0
        119104	2026-02-04 12:19:16	1	2	15	0
        110105	2026-02-04 12:19:21	1	2	15	0
        110378	2026-02-04 12:19:24	1	2	15	0
        110088	2026-02-04 12:19:25	1	2	15	0
        110372	2026-02-04 12:19:30	1	2	15	0
        117144	2026-02-04 12:19:33	1	2	15	0
        110158	2026-02-04 12:19:38	1	2	15	0
        116252	2026-02-04 12:19:41	1	2	15	0
        117616	2026-02-04 12:19:44	1	2	15	0
        117122	2026-02-04 12:19:50	1	2	15	0
        117567	2026-02-04 12:19:54	1	2	15	0
        117817	2026-02-04 12:20:04	1	2	15	0
        118563	2026-02-04 12:20:08	1	2	15	0
        110514	2026-02-04 12:20:23	1	2	15	0
        116799	2026-02-04 12:20:43	1	2	15	0
        110070	2026-02-04 12:20:58	1	2	15	0
        116453	2026-02-04 12:21:05	1	2	15	0
        119104	2026-02-04 12:21:13	1	2	15	0
        117921	2026-02-04 12:21:28	1	2	15	0
        117692	2026-02-04 12:21:30	1	2	15	0
        117982	2026-02-04 12:21:32	1	2	15	0
        117639	2026-02-04 12:21:34	1	2	15	0
        110507	2026-02-04 12:21:36	1	2	15	0
        118186	2026-02-04 12:21:42	1	2	15	0
        117683	2026-02-04 12:21:45	1	2	15	0
        117219	2026-02-04 12:21:47	1	2	15	0
        116422	2026-02-04 12:21:49	1	2	15	0
        116282	2026-02-04 12:21:50	1	2	15	0
        110055	2026-02-04 12:21:53	1	2	15	0
        117915	2026-02-04 12:21:54	1	2	15	0
        117634	2026-02-04 12:21:57	1	2	15	0
        118157	2026-02-04 12:22:01	1	2	15	0
        110513	2026-02-04 12:22:06	1	2	15	0
        110512	2026-02-04 12:22:10	1	2	15	0
        110173	2026-02-04 12:22:12	1	2	15	0
        116824	2026-02-04 12:22:19	1	2	15	0
        118928	2026-02-04 12:22:39	1	2	15	0
        119157	2026-02-04 12:23:35	1	2	15	0
        110055	2026-02-04 12:23:37	1	2	15	0
        119493	2026-02-04 12:23:38	1	2	15	0
        117113	2026-02-04 12:23:40	1	2	15	0
        118971	2026-02-04 12:23:42	1	2	15	0
        110372	2026-02-04 12:23:45	1	2	15	0
        110144	2026-02-04 12:23:47	1	2	15	0
        119006	2026-02-04 12:23:56	1	2	15	0
        110357	2026-02-04 12:23:59	1	2	15	0
        119453	2026-02-04 12:24:01	1	2	15	0
        110514	2026-02-04 12:24:03	1	2	15	0
        110051	2026-02-04 12:24:07	1	2	15	0
        110506	2026-02-04 12:24:13	1	2	15	0
        116428	2026-02-04 12:24:15	1	2	15	0
        116142	2026-02-04 12:24:22	1	2	15	0
        118867	2026-02-04 12:24:35	1	2	15	0
        118917	2026-02-04 12:24:51	1	2	15	0
        117483	2026-02-04 12:25:07	1	2	15	0
        117838	2026-02-04 12:25:09	1	2	15	0
        117966	2026-02-04 12:25:12	1	2	15	0
        117769	2026-02-04 12:25:13	1	2	15	0
        118207	2026-02-04 12:25:15	1	2	15	0
        117733	2026-02-04 12:25:16	1	2	15	0
        110195	2026-02-04 12:25:23	1	2	15	0
        117147	2026-02-04 12:25:26	1	2	15	0
        117085	2026-02-04 12:25:26	1	2	15	0
        118271	2026-02-04 12:25:34	1	2	15	0
        119386	2026-02-04 12:25:39	1	2	15	0
        118221	2026-02-04 12:25:41	1	2	15	0
        119594	2026-02-04 12:25:43	1	2	15	0
        117680	2026-02-04 12:26:13	1	2	15	0
        110085	2026-02-04 12:26:33	1	2	15	0
        110357	2026-02-04 12:26:40	1	2	15	0
        119272	2026-02-04 12:26:43	1	2	15	0
        119594	2026-02-04 12:26:45	1	2	15	0
        118568	2026-02-04 12:26:51	1	2	15	0
        119263	2026-02-04 12:27:08	1	2	15	0
        117769	2026-02-04 12:27:14	1	2	15	0
        118753	2026-02-04 12:27:15	1	2	15	0
        117966	2026-02-04 12:27:20	1	2	15	0
        117838	2026-02-04 12:27:24	1	2	15	0
        118928	2026-02-04 12:27:26	1	2	15	0
        117483	2026-02-04 12:27:28	1	2	15	0
        110507	2026-02-04 12:27:29	1	2	15	0
        116129	2026-02-04 12:27:32	1	2	15	0
        117222	2026-02-04 12:27:34	1	2	15	0
        110473	2026-02-04 12:27:42	1	2	15	0
        110195	2026-02-04 12:27:46	1	2	15	0
        118867	2026-02-04 12:27:49	1	2	15	0
        110062	2026-02-04 12:27:54	1	2	15	0
        119282	2026-02-04 12:28:02	1	2	15	0
        119571	2026-02-04 12:28:18	1	2	15	0
           538	2026-02-04 12:28:24	1	2	15	0
        117595	2026-02-04 12:28:48	1	2	15	0
        117088	2026-02-04 12:29:04	1	2	15	0
        118271	2026-02-04 12:29:30	1	2	15	0
        110088	2026-02-04 12:29:41	1	2	15	0
        118971	2026-02-04 12:29:43	1	2	15	0
        117144	2026-02-04 12:29:46	1	2	15	0
        119365	2026-02-04 12:29:52	1	2	15	0
        116493	2026-02-04 12:29:56	1	2	15	0
        110083	2026-02-04 12:30:01	1	2	15	0
        117644	2026-02-04 12:30:24	1	2	15	0
        117993	2026-02-04 12:30:28	1	2	15	0
        117224	2026-02-04 12:30:31	1	2	15	0
        118744	2026-02-04 12:30:36	1	2	15	0
        110377	2026-02-04 12:30:40	1	2	15	0
        110376	2026-02-04 12:30:43	1	2	15	0
        117528	2026-02-04 12:30:46	1	2	15	0
        117121	2026-02-04 12:30:49	1	2	15	0
        117156	2026-02-04 12:30:51	1	2	15	0
        110062	2026-02-04 12:30:53	1	2	15	0
        119386	2026-02-04 12:31:08	1	2	15	0
        110051	2026-02-04 12:31:11	1	2	15	0
        119006	2026-02-04 12:31:16	1	2	15	0
        119157	2026-02-04 12:31:17	1	2	15	0
        119272	2026-02-04 12:31:18	1	2	15	0
        116142	2026-02-04 12:31:34	1	2	15	0
        110116	2026-02-04 12:31:53	1	2	15	0
        116166	2026-02-04 12:32:14	1	2	15	0
        117616	2026-02-04 12:32:31	1	2	15	0
        116252	2026-02-04 12:33:20	1	3	15	0
        118580	2026-02-04 12:33:32	1	3	15	0
        117114	2026-02-04 12:33:52	1	3	15	0
        118695	2026-02-04 12:33:57	1	3	15	0
        117111	2026-02-04 12:33:58	1	3	15	0
        117337	2026-02-04 12:34:01	1	3	15	0
        117724	2026-02-04 12:34:03	1	3	15	0
        117043	2026-02-04 12:34:05	1	3	15	0
        116279	2026-02-04 12:34:07	1	3	15	0
        116428	2026-02-04 12:34:14	1	3	15	0
        110083	2026-02-04 12:34:20	1	3	15	0
        119282	2026-02-04 12:34:33	1	3	15	0
        117122	2026-02-04 12:34:57	1	3	15	0
        118580	2026-02-04 12:35:07	1	3	15	0
        116493	2026-02-04 12:35:11	1	3	15	0
        119365	2026-02-04 12:35:14	1	3	15	0
        117993	2026-02-04 12:35:16	1	3	15	0
        119494	2026-02-04 12:35:24	1	3	15	0
        117972	2026-02-04 12:35:28	1	3	15	0
        118732	2026-02-04 12:35:36	1	3	15	0
        119263	2026-02-04 12:36:00	1	3	15	0
        110466	2026-02-04 12:36:06	1	3	15	0
        110485	2026-02-04 12:36:32	1	3	15	0
        116483	2026-02-04 12:36:36	1	3	15	0
        110070	2026-02-04 12:36:47	1	3	15	0
        118503	2026-02-04 12:37:31	1	3	15	0
        117699	2026-02-04 12:38:23	1	3	15	0
        110378	2026-02-04 12:38:26	1	3	15	0
        118862	2026-02-04 12:38:28	1	3	15	0
        118732	2026-02-04 12:38:47	1	3	15	0
        117103	2026-02-04 12:39:41	1	3	15	0
        118862	2026-02-04 12:40:25	1	3	15	0
        119571	2026-02-04 12:40:54	1	3	15	0
        118568	2026-02-04 12:40:59	1	3	15	0
        117121	2026-02-04 12:41:03	1	3	15	0
        117156	2026-02-04 12:41:05	1	3	15	0
        117814	2026-02-04 12:41:07	1	3	15	0
        117528	2026-02-04 12:41:08	1	3	15	0
        117972	2026-02-04 12:41:20	1	3	15	0
        119494	2026-02-04 12:41:22	1	3	15	0
        117270	2026-02-04 12:41:31	1	3	15	0
        117114	2026-02-04 12:41:41	1	3	15	0
        116166	2026-02-04 12:41:45	1	3	15	0
        110485	2026-02-04 12:41:51	1	3	15	0
        118503	2026-02-04 12:42:08	1	3	15	0
        117103	2026-02-04 12:42:10	1	3	15	0
        110457	2026-02-04 12:42:31	1	3	15	0
        119364	2026-02-04 12:42:33	1	3	15	0
        110057	2026-02-04 12:42:36	1	3	15	0
        117659	2026-02-04 12:42:41	1	3	15	0
        117645	2026-02-04 12:42:43	1	3	15	0
        117840	2026-02-04 12:42:44	1	3	15	0
        116426	2026-02-04 12:43:32	1	3	15	0
        110466	2026-02-04 12:43:36	1	3	15	0
        117659	2026-02-04 12:44:50	1	3	15	0
        117840	2026-02-04 12:44:54	1	3	15	0
        117645	2026-02-04 12:44:55	1	3	15	0
        117930	2026-02-04 12:45:42	1	3	15	0
        116483	2026-02-04 12:45:46	1	3	15	0
        119602	2026-02-04 12:45:48	1	3	15	0
        118753	2026-02-04 12:45:50	1	3	15	0
        110457	2026-02-04 12:46:02	1	3	15	0
        117983	2026-02-04 12:46:25	1	3	15	0
        117259	2026-02-04 12:46:51	1	3	15	0
        110057	2026-02-04 12:47:03	1	3	15	0
        119364	2026-02-04 12:47:10	1	3	15	0
        117222	2026-02-04 12:47:16	1	3	15	0
        116828	2026-02-04 12:47:29	1	3	1	0
        110475	2026-02-04 12:48:18	1	3	15	0
        117575	2026-02-04 12:48:28	1	3	15	0
        110506	2026-02-04 12:48:42	1	3	15	0
        117529	2026-02-04 12:48:59	1	3	15	0
        117699	2026-02-04 12:49:11	1	3	15	0
        117983	2026-02-04 12:49:17	1	3	15	0
        116346	2026-02-04 12:49:26	1	3	15	0
        116426	2026-02-04 12:49:34	1	3	15	0
        110075	2026-02-04 12:49:48	1	3	15	0
        110025	2026-02-04 12:49:51	1	3	15	0
        110063	2026-02-04 12:50:07	1	3	15	0
        117924	2026-02-04 12:50:38	1	3	15	0
        117575	2026-02-04 12:51:02	1	3	15	0
        117259	2026-02-04 12:51:41	1	3	15	0
        110025	2026-02-04 12:52:15	1	3	15	0
        110075	2026-02-04 12:52:18	1	3	15	0
        110074	2026-02-04 12:52:21	1	3	15	0
        119227	2026-02-04 12:52:22	1	3	15	0
        116346	2026-02-04 12:52:23	1	3	15	0
        119070	2026-02-04 12:52:26	1	3	15	0
        118455	2026-02-04 12:52:34	1	3	15	0
        116504	2026-02-04 12:52:38	1	3	15	0
        110475	2026-02-04 12:53:31	1	3	15	0
        110517	2026-02-04 12:53:42	1	3	15	0
        117113	2026-02-04 12:54:13	1	3	15	0
        110085	2026-02-04 12:54:22	1	3	15	0
        116260	2026-02-04 12:54:48	1	3	15	0
        116504	2026-02-04 12:55:09	1	3	15	0
        118455	2026-02-04 12:57:14	1	3	15	0
        119227	2026-02-04 12:57:17	1	3	15	0
        110074	2026-02-04 12:57:21	1	3	15	0
        119070	2026-02-04 12:57:24	1	3	15	0
        117591	2026-02-04 12:59:44	1	3	15	0
        119449	2026-02-04 12:59:49	1	3	15	0
        118997	2026-02-04 13:03:15	1	3	15	0
        116346	2026-02-04 15:19:46	1	3	15	0
        116748	2026-02-04 16:02:38	1	1	15	0
        116914	2026-02-04 16:03:52	1	1	15	0
        116763	2026-02-04 16:04:18	1	1	15	0
        118563	2026-02-04 16:05:36	1	1	15	0
        117337	2026-02-04 16:08:28	1	1	15	0
        117833	2026-02-04 16:08:30	1	1	15	0
        117769	2026-02-04 16:16:11	1	1	15	0
        117930	2026-02-04 16:16:30	1	1	15	0
        110535	2026-02-04 16:20:30	1	1	15	0
        119365	2026-02-04 16:22:13	1	1	15	0
        110065	2026-02-04 16:29:49	1	1	15	0
        116297	2026-02-04 16:33:33	1	1	15	0
        119070	2026-02-04 16:35:13	1	1	15	0
        118186	2026-02-04 16:37:11	1	1	15	0
        119340	2026-02-04 16:38:29	1	1	15	0
        119475	2026-02-04 16:41:32	1	1	15	0
        117838	2026-02-04 16:43:45	1	1	1	0
        117966	2026-02-04 16:43:52	1	1	15	0
        117133	2026-02-04 16:52:21	1	1	15	0
        110074	2026-02-04 16:52:35	1	1	15	0
        116551	2026-02-04 16:52:59	1	1	15	0
        117483	2026-02-04 16:54:13	1	1	15	0
        118732	2026-02-04 16:55:18	1	1	15	0
        117770	2026-02-04 16:57:13	1	1	15	0
        110358	2026-02-04 17:00:58	1	1	15	0
        118580	2026-02-04 17:01:26	1	1	15	0
        110084	2026-02-04 17:01:28	1	1	15	0
        119602	2026-02-04 17:02:16	1	1	15	0
        110355	2026-02-04 17:02:18	1	1	15	0
        117224	2026-02-04 17:02:22	1	1	15	0
        118640	2026-02-04 17:02:46	1	1	15	0
        117724	2026-02-04 17:04:27	1	1	15	0
        117043	2026-02-04 17:04:31	1	1	15	0
        119453	2026-02-04 17:04:41	1	1	15	0
        119571	2026-02-04 17:04:44	1	1	15	0
        117189	2026-02-04 17:04:46	1	1	15	0
        110173	2026-02-04 17:04:51	1	1	15	0
        117088	2026-02-04 17:05:01	1	1	15	0
        118568	2026-02-04 17:05:08	1	1	15	0
        117835	2026-02-04 17:05:22	1	1	15	0
        110493	2026-02-04 17:05:59	1	1	15	0
        110377	2026-02-04 17:06:06	1	1	15	0
        110376	2026-02-04 17:06:15	1	1	15	0
        110356	2026-02-04 17:06:19	1	1	15	0
        117997	2026-02-04 17:06:23	1	1	15	0
        117814	2026-02-04 17:06:29	1	1	15	0
        117983	2026-02-04 17:06:31	1	1	15	0
        116428	2026-02-04 17:06:33	1	1	15	0
        118043	2026-02-04 17:06:44	1	1	15	0
        116504	2026-02-04 17:07:31	1	1	15	0
        110457	2026-02-04 17:07:34	1	1	15	0
        116483	2026-02-04 17:07:36	1	1	15	0
        118455	2026-02-04 17:07:38	1	1	15	0
        110053	2026-02-04 17:08:02	1	1	15	0
        117680	2026-02-04 17:08:06	1	1	15	0
        117850	2026-02-04 17:08:14	1	1	15	0
        118997	2026-02-04 17:08:27	1	1	15	0
        119449	2026-02-04 17:08:31	1	1	15	0
        110514	2026-02-04 17:12:00	1	1	15	0
        118221	2026-02-04 17:12:29	1	1	15	0
        117222	2026-02-04 17:12:33	1	1	15	0
        116799	2026-02-04 17:12:38	1	1	15	0
        116824	2026-02-04 17:12:42	1	1	15	0
        117201	2026-02-04 17:12:56	1	1	15	0
        117642	2026-02-04 17:13:32	1	1	15	0
        116422	2026-02-04 17:13:59	1	1	15	0
        117219	2026-02-04 17:14:01	1	1	15	0
        116831	2026-02-04 17:15:30	1	1	15	0
        117683	2026-02-04 17:15:34	1	1	15	0
        118157	2026-02-04 17:15:37	1	1	15	0
        117111	2026-02-04 17:15:45	1	1	15	0
        116282	2026-02-04 17:16:08	1	1	15	0
           538	2026-02-04 17:16:27	1	1	15	0
        117915	2026-02-04 17:16:32	1	1	15	0
        117634	2026-02-04 17:16:34	1	1	15	0
        118992	2026-02-04 17:17:06	1	1	15	0
        117982	2026-02-04 17:17:42	1	1	15	0
        117085	2026-02-04 17:21:00	1	1	15	0
        116142	2026-02-04 17:21:45	1	1	15	0
            13	2026-02-04 17:22:15	1	1	15	0
        116902	2026-02-04 17:22:19	1	1	15	0
        116279	2026-02-04 17:22:24	1	1	15	0
        116828	2026-02-04 17:22:35	1	1	1	0
        117497	2026-02-04 17:23:05	1	1	15	0
        117147	2026-02-04 17:23:35	1	1	15	0
        117733	2026-02-04 17:23:47	1	1	15	0
        117114	2026-02-04 17:23:49	1	1	15	0
        116129	2026-02-04 17:23:54	1	1	15	0
        118695	2026-02-04 17:23:58	1	1	15	0
        110197	2026-02-04 17:24:19	1	1	15	0
        110060	2026-02-04 17:24:53	1	1	15	0
        117639	2026-02-04 17:24:59	1	1	15	0
        118271	2026-02-04 17:25:58	1	1	15	0
        117921	2026-02-04 17:26:05	1	1	15	0
        116496	2026-02-04 17:26:12	1	1	15	0
        110512	2026-02-04 17:26:22	1	1	15	0
        118917	2026-02-04 17:27:07	1	1	15	0
        117839	2026-02-04 17:28:02	1	1	15	0
        116512	2026-02-04 17:28:06	1	1	15	0
        116751	2026-02-04 17:28:08	1	1	15	0
        110466	2026-02-04 17:28:18	1	1	15	0
        117815	2026-02-04 17:29:07	1	1	15	0
        117692	2026-02-04 17:29:12	1	1	15	0
        110051	2026-02-04 17:29:34	1	1	15	0
        116990	2026-02-04 17:30:25	1	1	15	0
        117840	2026-02-04 17:30:28	1	1	15	0
        119535	2026-02-04 17:30:52	1	1	15	0
        118744	2026-02-04 17:31:06	1	1	15	0
        110025	2026-02-04 17:31:45	1	1	15	0
        110424	2026-02-04 17:32:37	1	1	15	0
        110393	2026-02-04 17:32:46	1	1	15	0
        116472	2026-02-04 17:33:02	1	1	15	0
        117567	2026-02-04 17:33:33	1	1	15	0
        116493	2026-02-04 17:35:07	1	1	15	0
        117541	2026-02-04 17:35:12	1	1	15	0
        117259	2026-02-04 17:35:14	1	1	15	0
        117270	2026-02-04 17:35:15	1	1	15	0
        110354	2026-02-04 17:35:19	1	1	15	0
        117969	2026-02-04 17:35:30	1	1	15	0
        110517	2026-02-04 17:36:18	1	1	15	0
        117113	2026-02-04 17:36:25	1	1	15	0
        119104	2026-02-04 17:36:29	1	1	15	0
        117616	2026-02-04 17:36:43	1	1	15	0
        110475	2026-02-04 17:36:45	1	1	15	0
        110473	2026-02-04 17:36:49	1	1	15	0
        117543	2026-02-04 17:37:10	1	1	15	0
        118207	2026-02-04 17:37:32	1	1	15	0
        117528	2026-02-04 17:38:58	1	1	15	0
        117156	2026-02-04 17:39:09	1	1	15	0
        119386	2026-02-04 17:39:12	1	1	15	0
        117120	2026-02-04 17:39:20	1	1	15	0
        117711	2026-02-04 17:39:33	1	1	15	0
        116252	2026-02-04 17:39:42	1	1	15	0
        117811	2026-02-04 17:39:50	1	1	15	0
        117144	2026-02-04 17:40:21	1	1	15	0
        117817	2026-02-04 17:40:35	1	1	15	0
        117046	2026-02-04 17:40:57	1	1	15	0
        116337	2026-02-04 17:41:05	1	1	15	0
        110062	2026-02-04 17:42:43	1	1	15	0
        118369	2026-02-04 17:42:45	1	1	15	0
        117103	2026-02-04 17:44:36	1	1	15	0
        117542	2026-02-04 17:44:47	1	1	15	0
        117837	2026-02-04 17:45:16	1	1	15	0
        118584	2026-02-04 17:45:28	1	1	15	0
        110088	2026-02-04 17:45:34	1	1	15	0
        117998	2026-02-04 17:46:11	1	1	15	0
        118971	2026-02-04 17:47:04	1	1	15	0
        116747	2026-02-04 17:49:22	1	1	15	0
        116995	2026-02-04 17:49:47	1	1	15	0
        117716	2026-02-04 17:49:55	1	1	15	0
        118458	2026-02-04 17:50:29	1	1	15	0
        117841	2026-02-04 17:50:50	1	1	15	0
        117122	2026-02-04 17:51:22	1	1	15	0
        117926	2026-02-04 17:51:29	1	1	15	0
        110172	2026-02-04 17:51:32	1	1	15	0
        110116	2026-02-04 17:51:41	1	1	15	0
        117061	2026-02-04 17:52:03	1	1	15	0
        116477	2026-02-04 17:52:05	1	1	15	0
        110083	2026-02-04 17:52:57	1	1	15	0
        117129	2026-02-04 17:53:32	1	1	15	0
        117080	2026-02-04 17:53:37	1	1	15	0
        110507	2026-02-04 17:53:42	1	1	15	0
        117059	2026-02-04 17:54:33	1	1	15	0
        118761	2026-02-04 17:54:35	1	1	15	0
        110050	2026-02-04 17:54:48	1	1	15	0
        116787	2026-02-04 17:55:15	1	1	15	0
        110195	2026-02-04 17:56:27	1	1	15	0
        110372	2026-02-04 17:56:32	1	1	15	0
        110513	2026-02-04 17:56:35	1	1	15	0
        117699	2026-02-04 17:58:22	1	1	15	0
        116933	2026-02-04 17:58:36	1	1	15	0
        116069	2026-02-04 17:58:48	1	1	15	0
        116960	2026-02-04 17:59:03	1	1	15	0
        117659	2026-02-04 18:00:02	1	1	15	0
        117645	2026-02-04 18:00:04	1	1	15	0
        118813	2026-02-04 18:01:05	1	1	15	0
        119107	2026-02-04 18:01:13	1	1	15	0
        116070	2026-02-04 18:01:18	1	1	15	0
        117700	2026-02-04 18:02:03	1	1	15	0
        117707	2026-02-04 18:03:33	1	1	15	0
        110485	2026-02-04 18:03:35	1	1	15	0
        119263	2026-02-04 18:04:11	1	1	15	0
        119272	2026-02-04 18:04:34	1	1	15	0
        117575	2026-02-04 18:05:02	1	1	15	0
        117121	2026-02-04 18:05:37	1	1	15	0
        110378	2026-02-04 18:06:17	1	1	15	0
        110032	2026-02-04 18:06:55	1	1	15	0
        110077	2026-02-04 18:07:30	1	1	15	0
        117849	2026-02-04 18:07:40	1	1	15	0
        117790	2026-02-04 18:07:58	1	1	15	0
        119494	2026-02-04 18:08:25	1	1	15	0
        110006	2026-02-04 18:09:41	1	1	15	0
        118503	2026-02-04 18:10:08	1	1	15	0
        110413	2026-02-04 18:10:20	1	1	15	0
        117972	2026-02-04 18:11:00	1	1	15	0
        116356	2026-02-04 18:11:10	1	1	15	0
        116497	2026-02-04 18:11:12	1	1	15	0
        116805	2026-02-04 18:11:18	1	1	15	0
        117981	2026-02-04 18:11:19	1	1	15	0
        110357	2026-02-04 18:11:21	1	1	15	0
        110418	2026-02-04 18:11:40	1	1	15	0
        117786	2026-02-04 18:11:44	1	1	15	0
        119227	2026-02-04 18:12:37	1	1	15	0
        110128	2026-02-04 18:13:15	1	1	15	0
        110070	2026-02-04 18:13:51	1	1	15	0
        116260	2026-02-04 18:13:57	1	1	15	0
        110105	2026-02-04 18:14:11	1	1	15	0
        110063	2026-02-04 18:15:47	1	1	15	0
        119494	2026-02-04 18:15:53	1	1	15	0
        110085	2026-02-04 18:15:55	1	1	15	0
        117591	2026-02-04 18:18:58	1	1	15	0
        118928	2026-02-04 18:22:46	1	1	15	0
        116537	2026-02-04 18:25:31	1	1	15	0
        117341	2026-02-04 18:25:32	1	1	15	0
        116072	2026-02-04 18:25:34	1	1	15	0
        117924	2026-02-04 18:25:36	1	1	15	0
        110100	2026-02-04 18:25:55	1	1	15	0
        119493	2026-02-04 18:26:01	1	1	15	0
        119157	2026-02-04 18:30:04	1	1	15	0
        119006	2026-02-04 18:30:05	1	1	15	0
        119594	2026-02-04 18:31:31	1	1	15	0
        116778	2026-02-04 18:32:20	1	1	15	0
        117999	2026-02-04 18:32:27	1	1	15	0
        117091	2026-02-04 18:33:00	1	1	15	0
        118953	2026-02-04 18:34:25	1	1	15	0
        118867	2026-02-04 18:37:35	1	1	15	0
        119282	2026-02-04 18:37:44	1	1	15	0
        117595	2026-02-04 18:40:45	1	1	15	0
        110158	2026-02-04 18:41:07	1	1	15	0
        118753	2026-02-04 18:41:14	1	1	15	0
        117077	2026-02-04 18:49:28	1	1	15	0
        116453	2026-02-04 18:49:30	1	1	15	0
        110200	2026-02-04 18:59:48	1	1	15	0
        117529	2026-02-04 19:03:47	1	1	15	0
        117742	2026-02-04 19:08:25	1	1	15	0
        117807	2026-02-04 19:08:29	1	1	15	0
        117088	2026-02-04 19:08:34	1	1	15	0
        110492	2026-02-04 19:25:12	1	1	15	0
        119364	2026-02-04 19:42:11	1	1	15	0
        117709	2026-02-04 19:47:52	1	1	15	0
        110057	2026-02-04 20:40:36	1	1	15	0
        110075	2026-02-04 20:40:38	1	1	15	0
        110055	2026-02-04 21:25:04	1	1	15	0
        119571	2026-02-05 04:10:48	1	0	15	0
        117835	2026-02-05 04:47:36	1	0	15	0
        117201	2026-02-05 05:14:36	1	0	15	0
        116834	2026-02-05 06:01:26	1	0	15	0
        110144	2026-02-05 06:25:02	1	0	15	0
        119070	2026-02-05 06:31:56	1	0	15	0
        110535	2026-02-05 06:36:45	1	0	15	0
        117983	2026-02-05 06:40:34	1	0	15	0
        116551	2026-02-05 06:47:25	1	0	15	0
        110492	2026-02-05 06:51:51	1	0	15	0
        118992	2026-02-05 06:51:57	1	0	15	0
        116914	2026-02-05 06:52:11	1	0	15	0
        110074	2026-02-05 06:56:55	1	0	15	0
        117059	2026-02-05 06:57:01	1	0	15	0
        116763	2026-02-05 07:01:05	1	0	15	0
        117224	2026-02-05 07:01:29	1	0	15	0
        110466	2026-02-05 07:02:48	1	0	15	0
        116748	2026-02-05 07:08:24	1	0	15	0
        117769	2026-02-05 07:10:21	1	0	15	0
        118997	2026-02-05 07:11:16	1	0	15	0
        117838	2026-02-05 07:13:39	1	0	1	0
        116297	2026-02-05 07:16:26	1	0	15	0
        117993	2026-02-05 07:16:59	1	0	15	0
        117770	2026-02-05 07:19:18	1	0	15	0
        118580	2026-02-05 07:20:17	1	0	15	0
        118640	2026-02-05 07:21:38	1	0	15	0
        116426	2026-02-05 07:22:04	1	0	15	0
        118455	2026-02-05 07:22:25	1	0	15	0
        117814	2026-02-05 07:25:45	1	0	15	0
        119602	2026-02-05 07:26:41	1	0	15	0
        119143	2026-02-05 07:26:52	1	0	15	0
        117088	2026-02-05 07:26:56	1	0	15	0
        110065	2026-02-05 07:27:36	1	0	15	0
        110051	2026-02-05 07:28:14	1	0	15	0
        116799	2026-02-05 07:30:35	1	0	15	0
        110357	2026-02-05 07:30:38	1	0	15	0
        110085	2026-02-05 07:31:21	1	0	15	0
        119475	2026-02-05 07:31:25	1	0	15	0
        119272	2026-02-05 07:33:43	1	0	15	0
        110358	2026-02-05 07:33:48	1	0	15	0
        117839	2026-02-05 07:34:16	1	0	15	0
            13	2026-02-05 07:34:21	1	0	15	0
        110424	2026-02-05 07:34:39	1	0	15	0
        110393	2026-02-05 07:34:46	1	0	15	0
        119340	2026-02-05 07:35:25	1	0	15	0
        117680	2026-02-05 07:35:31	1	0	15	0
        117724	2026-02-05 07:36:17	1	0	15	0
        117680	2026-02-05 07:38:52	1	0	15	0
        110506	2026-02-05 07:38:56	1	0	15	0
        116483	2026-02-05 07:39:01	1	0	15	0
        116496	2026-02-05 07:39:58	1	0	15	0
        117733	2026-02-05 07:40:07	1	0	15	0
        118568	2026-02-05 07:41:33	1	0	15	0
        110355	2026-02-05 07:44:44	1	0	15	0
        110356	2026-02-05 07:44:47	1	0	15	0
        118744	2026-02-05 07:44:49	1	0	15	0
        110517	2026-02-05 07:45:07	1	0	15	0
        118829	2026-02-05 07:46:14	1	0	15	0
        116751	2026-02-05 07:46:53	1	0	15	0
        116512	2026-02-05 07:46:55	1	0	15	0
        117483	2026-02-05 07:46:56	1	0	15	0
        117850	2026-02-05 07:46:59	1	0	15	0
        110377	2026-02-05 07:47:10	1	0	15	0
        117966	2026-02-05 07:48:26	1	0	15	0
        118043	2026-02-05 07:49:01	1	0	15	0
        110070	2026-02-05 07:49:08	1	0	15	0
        118271	2026-02-05 07:49:12	1	0	15	0
        110475	2026-02-05 07:49:38	1	0	15	0
        116902	2026-02-05 07:49:52	1	0	15	0
        110053	2026-02-05 07:50:05	1	0	15	0
        110060	2026-02-05 07:50:24	1	0	15	0
        117270	2026-02-05 07:50:36	1	0	15	0
        110493	2026-02-05 07:50:40	1	0	15	0
        118732	2026-02-05 07:51:37	1	0	15	0
        117133	2026-02-05 07:52:24	1	0	15	0
        110457	2026-02-05 07:53:38	1	0	15	0
        110063	2026-02-05 07:54:06	1	0	15	0
        118221	2026-02-05 07:54:18	1	0	15	0
        117700	2026-02-05 07:54:30	1	0	15	0
        119453	2026-02-05 07:54:59	1	0	15	0
        117786	2026-02-05 07:55:01	1	0	15	0
        118695	2026-02-05 07:55:36	1	0	15	0
        117644	2026-02-05 07:56:11	1	0	15	0
        117129	2026-02-05 07:57:32	1	0	15	0
        118046	2026-02-05 07:58:25	1	0	15	0
        117833	2026-02-05 07:58:58	1	0	15	0
        110376	2026-02-05 07:59:03	1	0	15	0
        119227	2026-02-05 07:59:07	1	0	15	0
        117639	2026-02-05 07:59:39	1	0	15	0
        110513	2026-02-05 08:00:48	1	0	15	0
        117630	2026-02-05 08:01:32	1	0	15	0
        110512	2026-02-05 08:01:37	1	0	15	0
        117921	2026-02-05 08:01:41	1	0	15	0
        119157	2026-02-05 08:02:03	1	0	15	0
        117189	2026-02-05 08:02:11	1	0	15	0
        116142	2026-02-05 08:02:30	1	0	15	0
        116960	2026-02-05 08:04:19	1	0	15	0
        117969	2026-02-05 08:05:16	1	0	15	0
        117972	2026-02-05 08:06:14	1	0	15	0
        110378	2026-02-05 08:08:04	1	0	15	0
        117930	2026-02-05 08:08:32	1	0	15	0
        110084	2026-02-05 08:09:01	1	0	15	0
        119535	2026-02-05 08:09:54	1	0	15	0
        119594	2026-02-05 08:10:35	1	0	15	0
        116166	2026-02-05 08:11:27	1	0	15	0
           538	2026-02-05 08:11:37	1	0	15	0
        116849	2026-02-05 08:11:51	1	0	15	0
        110360	2026-02-05 08:11:56	1	0	15	0
        117091	2026-02-05 08:12:09	1	0	15	0
        116995	2026-02-05 08:12:26	1	0	15	0
        117645	2026-02-05 08:13:51	1	0	15	0
        117981	2026-02-05 08:14:29	1	0	15	0
        117707	2026-02-05 08:15:31	1	0	15	0
        116356	2026-02-05 08:15:56	1	0	15	0
        110418	2026-02-05 08:16:28	1	0	15	0
        116787	2026-02-05 08:17:34	1	0	15	0
        117711	2026-02-05 08:17:54	1	0	15	0
        110485	2026-02-05 08:18:06	1	0	15	0
        117222	2026-02-05 08:18:17	1	0	15	0
        116493	2026-02-05 08:18:38	1	0	15	0
        110507	2026-02-05 08:18:45	1	0	15	0
        119282	2026-02-05 08:19:53	1	0	15	0
        119493	2026-02-05 08:20:17	1	0	15	0
        117113	2026-02-05 08:20:57	1	0	15	0
        110025	2026-02-05 08:22:06	1	0	15	0
        110473	2026-02-05 08:22:10	1	0	15	0
        110197	2026-02-05 08:22:37	1	0	15	0
        117497	2026-02-05 08:22:40	1	0	15	0
        110195	2026-02-05 08:22:51	1	0	15	0
        110173	2026-02-05 08:23:55	1	0	15	0
        116252	2026-02-05 08:23:57	1	0	15	0
        119006	2026-02-05 08:24:28	1	0	15	0
        116428	2026-02-05 08:24:41	1	0	15	0
        117043	2026-02-05 08:24:47	1	0	15	0
        116279	2026-02-05 08:25:35	1	0	15	0
        119364	2026-02-05 08:27:36	1	0	15	0
        116778	2026-02-05 08:27:45	1	0	15	0
        117542	2026-02-05 08:29:09	1	0	15	0
        117924	2026-02-05 08:33:18	1	0	15	0
        117528	2026-02-05 08:33:56	1	0	15	0
        117692	2026-02-05 08:34:23	1	0	15	0
        110158	2026-02-05 08:34:48	1	0	15	0
        117616	2026-02-05 08:34:58	1	0	15	0
        117114	2026-02-05 08:35:02	1	0	15	0
        117817	2026-02-05 08:35:50	1	0	15	0
        116472	2026-02-05 08:36:37	1	0	15	0
        117147	2026-02-05 08:36:57	1	0	15	0
        117085	2026-02-05 08:36:58	1	0	15	0
        116072	2026-02-05 08:37:55	1	0	15	0
        119365	2026-02-05 08:38:06	1	0	15	0
        116497	2026-02-05 08:38:15	1	0	15	0
        117156	2026-02-05 08:39:05	1	0	15	0
        117114	2026-02-05 08:39:53	1	0	15	0
        116383	2026-02-05 08:39:57	1	0	15	0
        117259	2026-02-05 08:40:14	1	0	15	0
        116537	2026-02-05 08:40:17	1	0	15	0
        118867	2026-02-05 08:41:28	1	0	15	0
        118753	2026-02-05 08:41:34	1	0	15	0
        118369	2026-02-05 08:41:56	1	0	15	0
        117541	2026-02-05 08:41:57	1	0	15	0
        118917	2026-02-05 08:42:01	1	0	15	0
        116805	2026-02-05 08:42:18	1	0	15	0
        116346	2026-02-05 08:43:07	1	0	15	0
        117121	2026-02-05 08:44:00	1	0	15	0
        117103	2026-02-05 08:44:07	1	0	15	0
        118458	2026-02-05 08:44:38	1	0	15	0
        117120	2026-02-05 08:44:50	1	0	15	0
        117046	2026-02-05 08:44:56	1	0	15	0
        117807	2026-02-05 08:44:58	1	0	15	0
        110354	2026-02-05 08:45:04	1	0	15	0
        110057	2026-02-05 08:46:09	1	0	15	0
        119494	2026-02-05 08:46:31	1	0	15	0
        110083	2026-02-05 08:47:22	1	0	15	0
        110514	2026-02-05 08:47:55	1	0	15	0
        110050	2026-02-05 08:47:59	1	0	15	0
        117543	2026-02-05 08:48:04	1	0	15	0
        117061	2026-02-05 08:48:08	1	0	15	0
        110183	2026-02-05 08:48:19	1	0	15	0
        110032	2026-02-05 08:48:29	1	0	15	0
        110105	2026-02-05 08:48:43	1	0	15	0
        117122	2026-02-05 08:48:47	1	0	15	0
        118761	2026-02-05 08:48:51	1	0	15	0
        110413	2026-02-05 08:48:57	1	0	15	0
        117054	2026-02-05 08:49:57	1	0	15	0
        118207	2026-02-05 08:50:49	1	0	15	0
        118971	2026-02-05 08:50:56	1	0	15	0
        117080	2026-02-05 08:51:00	1	0	15	0
        117716	2026-02-05 08:51:02	1	0	15	0
        117998	2026-02-05 08:51:15	1	0	15	0
        116260	2026-02-05 08:51:34	1	0	15	0
        116069	2026-02-05 08:51:45	1	0	15	0
        117659	2026-02-05 08:51:49	1	0	15	0
        110372	2026-02-05 08:52:06	1	0	15	0
        119263	2026-02-05 08:52:11	1	0	15	0
        117144	2026-02-05 08:52:15	1	0	15	0
        110006	2026-02-05 08:52:17	1	0	15	0
        116747	2026-02-05 08:52:25	1	0	15	0
        117337	2026-02-05 08:52:50	1	0	15	0
        117567	2026-02-05 08:53:47	1	0	15	0
        110128	2026-02-05 08:54:45	1	0	15	0
        118953	2026-02-05 08:55:58	1	0	15	0
        117575	2026-02-05 08:56:21	1	0	15	0
        116824	2026-02-05 08:56:36	1	0	15	0
        117642	2026-02-05 08:56:38	1	0	15	0
        110200	2026-02-05 08:57:02	1	0	15	0
        110055	2026-02-05 08:57:04	1	0	15	0
        119449	2026-02-05 08:57:08	1	0	15	0
        110094	2026-02-05 08:57:15	1	0	15	0
        117849	2026-02-05 08:57:19	1	0	15	0
        116990	2026-02-05 08:57:22	1	0	15	0
        118813	2026-02-05 08:57:59	1	0	15	0
        117926	2026-02-05 08:58:04	1	0	15	0
        117815	2026-02-05 08:58:13	1	0	15	0
        110100	2026-02-05 08:59:07	1	0	15	0
        117341	2026-02-05 09:00:52	1	0	15	0
        119107	2026-02-05 09:01:39	1	0	15	0
        110077	2026-02-05 09:04:37	1	0	15	0
        116337	2026-02-05 09:04:41	1	0	15	0
        110172	2026-02-05 09:06:00	1	0	15	0
        118563	2026-02-05 09:06:35	1	0	15	0
        116070	2026-02-05 09:11:00	1	0	1	0
        118584	2026-02-05 09:12:22	1	0	15	0
        117790	2026-02-05 09:12:30	1	0	15	0
        116933	2026-02-05 09:17:23	1	0	15	0
        117699	2026-02-05 09:19:25	1	0	15	0
        117742	2026-02-05 09:19:32	1	0	15	0
        116453	2026-02-05 09:20:21	1	0	15	0
        117077	2026-02-05 09:20:49	1	0	15	0
        117595	2026-02-05 09:21:32	1	0	15	0
        117529	2026-02-05 09:25:35	1	0	15	0
        110116	2026-02-05 09:29:32	1	0	15	0
        118503	2026-02-05 10:03:15	1	0	15	0
        117998	2026-02-05 12:00:05	1	2	15	0
        119535	2026-02-05 12:00:07	1	2	15	0
           538	2026-02-05 12:00:11	1	2	15	0
        117224	2026-02-05 12:00:14	1	2	15	0
        119494	2026-02-05 12:00:16	1	2	15	0
        117926	2026-02-05 12:00:19	1	2	15	0
        110172	2026-02-05 12:00:22	1	2	15	0
        119107	2026-02-05 12:00:28	1	2	15	0
        110197	2026-02-05 12:00:31	1	2	15	0
        117201	2026-02-05 12:00:35	1	2	15	0
        117529	2026-02-05 12:00:42	1	2	15	0
        110105	2026-02-05 12:00:45	1	2	15	0
        119449	2026-02-05 12:00:48	1	2	15	0
        116763	2026-02-05 12:00:50	1	2	15	0
        117046	2026-02-05 12:00:52	1	2	15	0
        110418	2026-02-05 12:00:57	1	2	15	0
        118563	2026-02-05 12:01:00	1	2	15	0
        110473	2026-02-05 12:01:03	1	2	15	0
        110077	2026-02-05 12:01:06	1	2	15	0
        110493	2026-02-05 12:01:09	1	2	15	0
        116914	2026-02-05 12:01:23	1	2	15	0
        116902	2026-02-05 12:01:25	1	2	15	0
        117595	2026-02-05 12:01:29	1	2	15	0
        110183	2026-02-05 12:01:33	1	2	15	0
        110492	2026-02-05 12:01:41	1	2	15	0
        110128	2026-02-05 12:01:48	1	2	15	0
        110200	2026-02-05 12:01:51	1	2	15	0
        110424	2026-02-05 12:01:56	1	2	15	0
        117924	2026-02-05 12:02:02	1	2	15	0
        116497	2026-02-05 12:02:05	1	2	15	0
        116483	2026-02-05 12:02:07	1	2	15	0
        116260	2026-02-05 12:02:09	1	2	15	0
        116072	2026-02-05 12:02:12	1	2	15	0
        117259	2026-02-05 12:02:14	1	2	15	0
        110457	2026-02-05 12:02:15	1	2	15	0
        117815	2026-02-05 12:02:20	1	2	15	0
        117541	2026-02-05 12:02:21	1	2	15	0
        117270	2026-02-05 12:02:26	1	2	15	0
        110372	2026-02-05 12:02:30	1	2	15	0
        116512	2026-02-05 12:02:34	1	2	15	0
        116751	2026-02-05 12:02:36	1	2	15	0
        117080	2026-02-05 12:02:40	1	2	15	0
        117930	2026-02-05 12:02:45	1	2	15	0
        117742	2026-02-05 12:02:52	1	2	15	0
        117770	2026-02-05 12:02:53	1	2	15	0
        117724	2026-02-05 12:03:06	1	2	15	0
        118207	2026-02-05 12:03:09	1	2	15	0
        110173	2026-02-05 12:03:11	1	2	15	0
        116990	2026-02-05 12:03:16	1	2	15	0
        116778	2026-02-05 12:03:20	1	2	15	0
        116496	2026-02-05 12:03:22	1	2	15	0
        110355	2026-02-05 12:03:24	1	2	15	0
        116069	2026-02-05 12:03:24	1	2	15	0
        110356	2026-02-05 12:03:29	1	2	15	0
        116279	2026-02-05 12:03:30	1	2	15	0
        117833	2026-02-05 12:03:32	1	2	15	0
        116787	2026-02-05 12:03:33	1	2	15	0
        116849	2026-02-05 12:03:34	1	2	15	0
        117189	2026-02-05 12:03:40	1	2	15	0
        119594	2026-02-05 12:03:41	1	2	15	0
        116551	2026-02-05 12:03:43	1	2	15	0
        117849	2026-02-05 12:03:48	1	2	15	0
        110116	2026-02-05 12:03:54	1	2	15	0
        116252	2026-02-05 12:03:58	1	2	15	0
        117790	2026-02-05 12:04:14	1	2	15	0
        117046	2026-02-05 12:04:24	1	2	15	0
        116763	2026-02-05 12:04:26	1	2	15	0
        117595	2026-02-05 12:04:28	1	2	15	0
        110418	2026-02-05 12:04:30	1	2	15	0
        110424	2026-02-05 12:04:32	1	2	15	0
        110354	2026-02-05 12:04:34	1	2	15	0
        110172	2026-02-05 12:04:35	1	2	15	0
        117926	2026-02-05 12:04:37	1	2	15	0
        117567	2026-02-05 12:04:42	1	2	15	0
        118563	2026-02-05 12:04:46	1	2	15	0
        116747	2026-02-05 12:04:52	1	2	15	0
        117201	2026-02-05 12:04:53	1	2	15	0
        116472	2026-02-05 12:04:55	1	2	15	0
        117541	2026-02-05 12:05:00	1	2	15	0
        110377	2026-02-05 12:05:02	1	2	15	0
        110376	2026-02-05 12:05:04	1	2	15	0
        110466	2026-02-05 12:05:07	1	2	15	0
        116497	2026-02-05 12:05:08	1	2	15	0
        116072	2026-02-05 12:05:14	1	2	15	0
        110457	2026-02-05 12:05:17	1	2	15	0
        116260	2026-02-05 12:05:21	1	2	15	0
        118640	2026-02-05 12:05:23	1	2	15	0
        118953	2026-02-05 12:05:29	1	2	15	0
        118207	2026-02-05 12:05:32	1	2	15	0
        110173	2026-02-05 12:05:36	1	2	15	0
        119594	2026-02-05 12:05:42	1	2	15	0
        116995	2026-02-05 12:05:45	1	2	15	0
        118917	2026-02-05 12:05:47	1	2	15	0
        117043	2026-02-05 12:05:49	1	2	15	0
        117085	2026-02-05 12:05:52	1	2	15	0
        118584	2026-02-05 12:05:54	1	2	15	0
        118458	2026-02-05 12:05:56	1	2	15	0
        117807	2026-02-05 12:05:59	1	2	15	0
        116069	2026-02-05 12:06:01	1	2	15	0
        110053	2026-02-05 12:06:04	1	2	15	0
        117770	2026-02-05 12:06:06	1	2	15	0
        117742	2026-02-05 12:06:06	1	2	15	0
        116990	2026-02-05 12:06:11	1	2	15	0
        110507	2026-02-05 12:06:16	1	2	15	0
        110356	2026-02-05 12:06:19	1	2	15	0
        116778	2026-02-05 12:06:21	1	2	15	0
        116512	2026-02-05 12:06:23	1	2	15	0
        116751	2026-02-05 12:06:25	1	2	15	0
            13	2026-02-05 12:06:27	1	2	15	0
        116496	2026-02-05 12:06:29	1	2	15	0
        116849	2026-02-05 12:06:30	1	2	15	0
        116787	2026-02-05 12:06:32	1	2	15	0
        118043	2026-02-05 12:06:33	1	2	15	0
        116346	2026-02-05 12:06:34	1	2	15	0
        118971	2026-02-05 12:06:36	1	2	15	0
        117129	2026-02-05 12:06:37	1	2	15	0
        110355	2026-02-05 12:06:42	1	2	15	0
        119535	2026-02-05 12:06:43	1	2	15	0
        117542	2026-02-05 12:06:45	1	2	15	0
        118744	2026-02-05 12:06:47	1	2	15	0
        110195	2026-02-05 12:06:58	1	2	15	0
        117716	2026-02-05 12:07:18	1	2	15	0
        117054	2026-02-05 12:07:34	1	2	15	0
        117680	2026-02-05 12:07:40	1	2	15	0
        110517	2026-02-05 12:07:45	1	2	15	0
        118695	2026-02-05 12:07:50	1	2	15	0
        117120	2026-02-05 12:07:54	1	2	15	0
        117807	2026-02-05 12:07:58	1	2	15	0
        119453	2026-02-05 12:07:59	1	2	15	0
        117337	2026-02-05 12:08:02	1	2	15	0
        117080	2026-02-05 12:08:03	1	2	15	0
        116902	2026-02-05 12:08:11	1	2	15	0
        116914	2026-02-05 12:08:16	1	2	15	0
        117059	2026-02-05 12:08:18	1	2	15	0
        116995	2026-02-05 12:08:21	1	2	15	0
        118640	2026-02-05 12:08:34	1	2	15	0
        110473	2026-02-05 12:08:44	1	2	15	0
        116551	2026-02-05 12:08:46	1	2	15	0
        117769	2026-02-05 12:08:49	1	2	15	0
        117838	2026-02-05 12:08:50	1	2	15	0
        117786	2026-02-05 12:08:51	1	2	15	0
        110492	2026-02-05 12:08:54	1	2	15	0
        117543	2026-02-05 12:08:57	1	2	15	0
        110493	2026-02-05 12:08:59	1	2	15	0
        117529	2026-02-05 12:09:01	1	2	15	0
        110032	2026-02-05 12:09:31	1	2	15	0
        116337	2026-02-05 12:09:42	1	2	15	0
        116537	2026-02-05 12:09:46	1	2	15	0
        117077	2026-02-05 12:09:48	1	2	15	0
        119263	2026-02-05 12:09:50	1	2	15	0
        117711	2026-02-05 12:10:18	1	2	15	0
        117807	2026-02-05 12:10:21	1	2	15	0
        117966	2026-02-05 12:10:23	1	2	15	0
        110057	2026-02-05 12:10:25	1	2	15	0
        119364	2026-02-05 12:10:28	1	2	15	0
        117091	2026-02-05 12:10:37	1	2	15	0
        117642	2026-02-05 12:10:49	1	2	15	0
        116824	2026-02-05 12:10:56	1	2	15	0
        110393	2026-02-05 12:11:00	1	2	15	0
        117133	2026-02-05 12:11:03	1	2	15	0
        117113	2026-02-05 12:11:05	1	2	15	0
        110413	2026-02-05 12:11:07	1	2	15	0
        117849	2026-02-05 12:11:11	1	2	15	0
        117120	2026-02-05 12:11:16	1	2	15	0
        118695	2026-02-05 12:11:18	1	2	15	0
        116346	2026-02-05 12:11:23	1	2	15	0
        117129	2026-02-05 12:11:35	1	2	15	0
        118971	2026-02-05 12:11:39	1	2	15	0
        116453	2026-02-05 12:11:58	1	2	15	0
        110517	2026-02-05 12:12:03	1	2	15	0
        117983	2026-02-05 12:12:06	1	2	15	0
        117497	2026-02-05 12:12:08	1	2	15	0
        117567	2026-02-05 12:12:15	1	2	15	0
        118997	2026-02-05 12:12:21	1	2	15	0
        117699	2026-02-05 12:12:26	1	2	15	0
        110094	2026-02-05 12:12:33	1	2	15	0
        110105	2026-02-05 12:12:38	1	2	15	0
        110116	2026-02-05 12:12:40	1	2	15	0
        110535	2026-02-05 12:12:42	1	2	15	0
        118584	2026-02-05 12:12:46	1	2	15	0
        117147	2026-02-05 12:12:49	1	2	15	0
        116426	2026-02-05 12:12:51	1	2	15	0
        110376	2026-02-05 12:12:54	1	2	15	0
        110377	2026-02-05 12:12:56	1	2	15	0
        118953	2026-02-05 12:12:59	1	2	15	0
        118043	2026-02-05 12:13:00	1	2	15	0
        117091	2026-02-05 12:13:14	1	2	15	0
        117077	2026-02-05 12:13:16	1	2	15	0
        116537	2026-02-05 12:13:19	1	2	15	0
        117998	2026-02-05 12:13:20	1	2	15	0
        116453	2026-02-05 12:13:25	1	2	15	0
        116337	2026-02-05 12:13:59	1	2	15	0
        110053	2026-02-05 12:14:07	1	2	15	0
        110051	2026-02-05 12:14:11	1	2	15	0
        117189	2026-02-05 12:14:15	1	2	15	0
        110513	2026-02-05 12:14:17	1	2	15	0
        110512	2026-02-05 12:14:18	1	2	15	0
        110514	2026-02-05 12:14:22	1	2	15	0
        119364	2026-02-05 12:14:24	1	2	15	0
        110057	2026-02-05 12:14:27	1	2	15	0
        117133	2026-02-05 12:14:31	1	2	15	0
        117716	2026-02-05 12:14:33	1	2	15	0
        110195	2026-02-05 12:14:38	1	2	15	0
        119107	2026-02-05 12:14:44	1	2	15	0
        117088	2026-02-05 12:14:49	1	2	15	0
        119006	2026-02-05 12:14:58	1	2	15	0
        110094	2026-02-05 12:15:01	1	2	15	0
        117966	2026-02-05 12:15:17	1	2	15	0
        117769	2026-02-05 12:15:20	1	2	15	0
        117838	2026-02-05 12:15:27	1	2	1	0
        119602	2026-02-05 12:15:34	1	2	15	0
        119453	2026-02-05 12:15:42	1	2	15	0
        118744	2026-02-05 12:15:48	1	2	15	0
        117144	2026-02-05 12:15:51	1	2	15	0
        117983	2026-02-05 12:16:02	1	2	15	0
        117814	2026-02-05 12:16:04	1	2	15	0
        110513	2026-02-05 12:16:11	1	2	15	0
        110514	2026-02-05 12:16:17	1	2	15	0
        110512	2026-02-05 12:16:25	1	2	15	0
        117680	2026-02-05 12:16:28	1	2	15	0
        117616	2026-02-05 12:16:33	1	2	15	0
        110197	2026-02-05 12:16:36	1	2	15	0
        116824	2026-02-05 12:16:42	1	2	15	0
        110051	2026-02-05 12:16:48	1	2	15	0
        116426	2026-02-05 12:16:54	1	2	15	0
        118992	2026-02-05 12:16:56	1	2	15	0
        117122	2026-02-05 12:16:58	1	2	15	0
        117993	2026-02-05 12:17:01	1	2	15	0
        117692	2026-02-05 12:17:28	1	2	15	0
        117639	2026-02-05 12:17:31	1	2	15	0
        117921	2026-02-05 12:17:32	1	2	15	0
        110535	2026-02-05 12:17:56	1	2	15	0
        110378	2026-02-05 12:17:58	1	2	15	0
        116252	2026-02-05 12:18:02	1	2	15	0
        116748	2026-02-05 12:18:12	1	2	15	0
        110158	2026-02-05 12:18:23	1	2	15	0
        117147	2026-02-05 12:18:28	1	2	15	0
        119157	2026-02-05 12:18:35	1	2	15	0
        119602	2026-02-05 12:18:44	1	2	15	0
        110507	2026-02-05 12:18:49	1	2	15	0
        119449	2026-02-05 12:18:54	1	2	15	0
        110393	2026-02-05 12:18:56	1	2	15	0
        110413	2026-02-05 12:19:00	1	2	15	0
        110084	2026-02-05 12:19:28	1	2	15	0
        110128	2026-02-05 12:19:32	1	2	15	0
        117817	2026-02-05 12:19:36	1	2	15	0
        116428	2026-02-05 12:19:38	1	2	15	0
        118761	2026-02-05 12:19:40	1	2	15	0
        110070	2026-02-05 12:19:42	1	2	15	0
        110055	2026-02-05 12:19:54	1	2	15	0
        110475	2026-02-05 12:20:10	1	2	15	0
        117543	2026-02-05 12:20:19	1	2	15	0
        117054	2026-02-05 12:20:20	1	2	15	0
        118992	2026-02-05 12:20:24	1	2	15	0
        117707	2026-02-05 12:20:27	1	2	15	0
        117850	2026-02-05 12:20:29	1	2	15	0
        119006	2026-02-05 12:20:31	1	2	15	0
        117692	2026-02-05 12:20:33	1	2	15	0
        117921	2026-02-05 12:20:35	1	2	15	0
        117639	2026-02-05 12:20:37	1	2	15	0
        117270	2026-02-05 12:20:38	1	2	15	0
        110084	2026-02-05 12:20:42	1	2	15	0
        118503	2026-02-05 12:20:45	1	2	15	0
        110060	2026-02-05 12:20:59	1	2	15	0
        110100	2026-02-05 12:21:01	1	2	15	0
        117700	2026-02-05 12:21:07	1	2	15	0
        116142	2026-02-05 12:21:09	1	2	15	0
        117088	2026-02-05 12:21:12	1	2	15	0
        117616	2026-02-05 12:21:34	1	2	15	0
        117222	2026-02-05 12:21:44	1	2	15	0
        110354	2026-02-05 12:22:03	1	2	15	0
        110025	2026-02-05 12:22:10	1	2	15	0
        117542	2026-02-05 12:22:12	1	2	15	0
        110060	2026-02-05 12:22:47	1	2	15	0
        118753	2026-02-05 12:22:54	1	2	15	0
        110065	2026-02-05 12:22:58	1	2	15	0
        119475	2026-02-05 12:23:07	1	2	15	0
        117790	2026-02-05 12:23:19	1	2	15	0
        118046	2026-02-05 12:23:23	1	2	15	0
        116166	2026-02-05 12:23:29	1	2	15	0
        110063	2026-02-05 12:23:32	1	2	15	0
        110075	2026-02-05 12:23:42	1	2	15	0
        110032	2026-02-05 12:23:47	1	2	15	0
        117644	2026-02-05 12:23:52	1	2	15	0
        116297	2026-02-05 12:23:54	1	2	15	0
        116477	2026-02-05 12:23:56	1	2	15	0
        117814	2026-02-05 12:24:01	1	2	15	0
        116799	2026-02-05 12:24:04	1	2	15	0
        116747	2026-02-05 12:24:12	1	2	15	0
        116472	2026-02-05 12:24:17	1	2	15	0
        117850	2026-02-05 12:24:19	1	2	15	0
        116493	2026-02-05 12:24:26	1	2	15	0
        117733	2026-02-05 12:24:30	1	2	15	0
        110085	2026-02-05 12:24:35	1	2	15	0
        119365	2026-02-05 12:24:36	1	2	15	0
        117707	2026-02-05 12:24:39	1	2	15	0
        117924	2026-02-05 12:24:43	1	2	15	0
        117817	2026-02-05 12:24:59	1	2	15	0
        118503	2026-02-05 12:25:06	1	2	15	0
        117711	2026-02-05 12:25:16	1	2	15	0
        117156	2026-02-05 12:25:21	1	2	15	0
        117121	2026-02-05 12:25:23	1	2	15	0
        119263	2026-02-05 12:25:29	1	2	15	0
        118753	2026-02-05 12:25:43	1	2	15	0
           538	2026-02-05 12:25:47	1	2	15	0
        117483	2026-02-05 12:25:51	1	2	15	0
        110378	2026-02-05 12:26:47	1	2	15	0
        119282	2026-02-05 12:26:50	1	2	15	0
        117645	2026-02-05 12:26:59	1	2	15	0
        110065	2026-02-05 12:27:14	1	2	15	0
        119157	2026-02-05 12:27:19	1	2	15	0
        117733	2026-02-05 12:27:24	1	2	15	0
        119475	2026-02-05 12:27:27	1	2	15	0
        110158	2026-02-05 12:27:28	1	2	15	0
        116428	2026-02-05 12:27:34	1	2	15	0
        118761	2026-02-05 12:27:36	1	2	15	0
        110358	2026-02-05 12:27:41	1	2	15	0
        119340	2026-02-05 12:27:45	1	2	15	0
        117144	2026-02-05 12:27:53	1	2	15	0
        110060	2026-02-05 12:28:17	1	2	15	0
        117700	2026-02-05 12:28:23	1	2	15	0
        116748	2026-02-05 12:28:28	1	2	15	0
        110200	2026-02-05 12:28:33	1	2	15	0
        110075	2026-02-05 12:28:40	1	2	15	0
        110100	2026-02-05 12:28:47	1	2	15	0
        117222	2026-02-05 12:28:55	1	2	15	0
        117483	2026-02-05 12:29:00	1	2	15	0
        117645	2026-02-05 12:29:05	1	2	15	0
        110183	2026-02-05 12:29:07	1	2	15	0
        110070	2026-02-05 12:29:16	1	2	15	0
        118580	2026-02-05 12:29:21	1	2	15	0
        116493	2026-02-05 12:29:22	1	2	15	0
        117497	2026-02-05 12:29:26	1	2	15	0
        117644	2026-02-05 12:29:48	1	2	15	0
        119365	2026-02-05 12:29:51	1	2	15	0
        110083	2026-02-05 12:30:16	1	3	15	0
        118458	2026-02-05 12:30:20	1	3	15	0
        119340	2026-02-05 12:30:27	1	3	15	0
        110358	2026-02-05 12:30:30	1	3	15	0
        110360	2026-02-05 12:30:43	1	1	15	0
        118568	2026-02-05 12:30:51	1	0	15	0
        117528	2026-02-05 12:30:57	1	0	15	0
        117224	2026-02-05 12:30:59	1	0	15	0
        116799	2026-02-05 12:31:03	1	0	15	0
        117121	2026-02-05 12:31:17	1	0	15	0
        117156	2026-02-05 12:31:19	1	0	15	0
        117259	2026-02-05 12:31:48	1	0	15	0
        117724	2026-02-05 12:33:01	1	3	15	0
        117043	2026-02-05 12:33:03	1	3	15	0
        110485	2026-02-05 12:33:08	1	3	15	0
            13	2026-02-05 12:33:12	1	3	15	0
        117114	2026-02-05 12:33:17	1	3	15	0
        118580	2026-02-05 12:33:21	1	3	15	0
        110077	2026-02-05 12:33:25	1	3	15	0
        117103	2026-02-05 12:34:14	1	3	15	0
        119493	2026-02-05 12:34:24	1	3	15	0
        116142	2026-02-05 12:34:31	1	3	15	0
        110083	2026-02-05 12:34:36	1	3	15	0
        119282	2026-02-05 12:34:43	1	3	15	0
        110063	2026-02-05 12:35:07	1	3	15	0
        119272	2026-02-05 12:35:13	1	3	15	0
        118813	2026-02-05 12:35:20	1	3	15	0
        117815	2026-02-05 12:35:27	1	3	15	0
        118046	2026-02-05 12:35:34	1	3	15	0
        118221	2026-02-05 12:35:37	1	3	15	0
        110357	2026-02-05 12:36:37	1	3	15	0
        110475	2026-02-05 12:36:58	1	3	15	0
        110485	2026-02-05 12:37:06	1	3	15	0
        117993	2026-02-05 12:37:16	1	3	15	0
        117699	2026-02-05 12:37:42	1	3	15	0
        117103	2026-02-05 12:38:11	1	3	15	0
        119272	2026-02-05 12:38:14	1	3	15	0
        110372	2026-02-05 12:38:54	1	3	15	0
        116166	2026-02-05 12:38:58	1	3	15	0
        117642	2026-02-05 12:39:02	1	3	15	0
        117839	2026-02-05 12:39:11	1	3	15	0
        117059	2026-02-05 12:39:19	1	3	15	0
        117630	2026-02-05 12:40:07	1	3	15	0
        117122	2026-02-05 12:40:12	1	3	15	0
        118732	2026-02-05 12:40:16	1	3	15	0
        110466	2026-02-05 12:40:19	1	3	15	0
        117528	2026-02-05 12:40:24	1	3	15	0
        118867	2026-02-05 12:40:35	1	3	15	0
        118271	2026-02-05 12:41:34	1	3	15	0
        119493	2026-02-05 12:41:41	1	3	15	0
        117113	2026-02-05 12:41:56	1	3	15	0
        110055	2026-02-05 12:42:30	1	3	15	0
        119143	2026-02-05 12:42:33	1	3	15	0
        117972	2026-02-05 12:42:37	1	3	15	0
        116279	2026-02-05 12:42:39	1	3	15	0
        117337	2026-02-05 12:42:41	1	3	15	0
        118917	2026-02-05 12:42:43	1	3	15	0
        117114	2026-02-05 12:42:46	1	3	15	0
        118813	2026-02-05 12:42:52	1	3	15	0
        110006	2026-02-05 12:43:11	1	3	15	0
        110025	2026-02-05 12:43:37	1	3	15	0
        117833	2026-02-05 12:43:51	1	3	15	0
        117085	2026-02-05 12:43:59	1	3	15	0
        118221	2026-02-05 12:44:01	1	3	15	0
        117839	2026-02-05 12:44:11	1	3	15	0
        118568	2026-02-05 12:44:31	1	3	15	0
        118867	2026-02-05 12:44:57	1	3	15	0
        110360	2026-02-05 12:45:45	1	3	15	0
        110006	2026-02-05 12:45:53	1	3	15	0
        110055	2026-02-05 12:45:58	1	3	15	0
        119143	2026-02-05 12:46:32	1	3	15	0
        117630	2026-02-05 12:46:36	1	3	15	0
        118732	2026-02-05 12:46:39	1	3	15	0
        118271	2026-02-05 12:46:44	1	3	15	0
        117575	2026-02-05 12:48:05	1	3	15	0
        118997	2026-02-05 12:48:11	1	3	15	0
        117981	2026-02-05 12:49:01	1	3	15	0
        110085	2026-02-05 12:49:33	1	3	15	0
        117575	2026-02-05 12:50:15	1	3	15	0
        116297	2026-02-05 12:50:25	1	3	15	0
        116356	2026-02-05 12:50:33	1	3	15	0
        119227	2026-02-05 12:50:35	1	3	15	0
        116805	2026-02-05 12:50:38	1	3	15	0
        116483	2026-02-05 12:50:39	1	3	15	0
        118369	2026-02-05 12:50:43	1	3	15	0
        117061	2026-02-05 12:50:44	1	3	15	0
        119070	2026-02-05 12:50:46	1	3	15	0
        110074	2026-02-05 12:50:48	1	3	15	0
        118455	2026-02-05 12:50:51	1	3	15	0
        117972	2026-02-05 12:51:46	1	3	15	0
        110357	2026-02-05 12:52:06	1	3	15	0
        119494	2026-02-05 12:52:20	1	3	15	0
        119070	2026-02-05 12:55:45	1	3	15	0
        119227	2026-02-05 12:55:47	1	3	15	0
        110074	2026-02-05 12:55:48	1	3	15	0
        118455	2026-02-05 12:55:51	1	3	15	0
        117061	2026-02-05 12:55:53	1	3	15	0
        116356	2026-02-05 12:56:00	1	3	15	0
        118369	2026-02-05 12:56:03	1	3	15	0
        116805	2026-02-05 12:56:09	1	3	15	0
        116933	2026-02-05 12:56:57	1	3	15	0
        118598	2026-02-05 12:57:17	1	3	15	0
        117786	2026-02-05 12:57:28	1	3	15	0
        117930	2026-02-05 12:59:00	1	3	15	0
        116274	2026-02-05 14:08:51	1	3	15	0
        110094	2026-02-05 14:29:06	1	3	15	0
        117224	2026-02-05 16:00:16	1	1	15	0
        117983	2026-02-05 16:01:02	1	1	15	0
        116763	2026-02-05 16:01:19	1	1	15	0
        117224	2026-02-05 16:02:03	1	1	15	0
        116914	2026-02-05 16:04:24	1	1	15	0
        117059	2026-02-05 16:05:08	1	1	15	0
        110457	2026-02-05 16:10:33	1	1	15	0
        117849	2026-02-05 16:10:39	1	1	15	0
        116551	2026-02-05 16:11:29	1	1	15	0
        117769	2026-02-05 16:11:46	1	1	15	0
        117770	2026-02-05 16:16:54	1	1	15	0
        116748	2026-02-05 16:17:56	1	1	15	0
        110535	2026-02-05 16:18:46	1	1	15	0
        116297	2026-02-05 16:20:11	1	1	15	0
        117838	2026-02-05 16:20:18	1	1	1	0
        117993	2026-02-05 16:21:42	1	1	15	0
        110074	2026-02-05 16:23:46	1	1	15	0
        110065	2026-02-05 16:27:45	1	1	15	0
        116426	2026-02-05 16:33:50	1	1	15	0
        119070	2026-02-05 16:35:39	1	1	15	0
        119340	2026-02-05 16:39:16	1	1	15	0
        117814	2026-02-05 16:40:58	1	1	15	0
        116493	2026-02-05 16:49:29	1	1	15	0
        118744	2026-02-05 16:50:47	1	1	15	0
        117483	2026-02-05 16:51:08	1	1	15	0
        117966	2026-02-05 16:51:09	1	1	15	0
        117839	2026-02-05 16:57:09	1	1	15	0
        117133	2026-02-05 16:57:38	1	1	15	0
        116496	2026-02-05 16:59:38	1	1	15	0
        110358	2026-02-05 17:00:04	1	1	15	0
        117644	2026-02-05 17:00:55	1	1	15	0
        119453	2026-02-05 17:01:15	1	1	15	0
        110355	2026-02-05 17:01:45	1	1	15	0
        118640	2026-02-05 17:03:08	1	1	15	0
        117088	2026-02-05 17:03:35	1	1	15	0
        110517	2026-02-05 17:03:46	1	1	15	0
        117680	2026-02-05 17:04:24	1	1	15	0
        117786	2026-02-05 17:04:59	1	1	15	0
        117733	2026-02-05 17:05:03	1	1	15	0
        110075	2026-02-05 17:05:10	1	1	15	0
        117724	2026-02-05 17:05:14	1	1	15	0
        118207	2026-02-05 17:06:07	1	1	15	0
        117201	2026-02-05 17:06:11	1	1	15	0
        110493	2026-02-05 17:06:43	1	1	15	0
        116477	2026-02-05 17:07:03	1	1	15	0
        117833	2026-02-05 17:07:13	1	1	15	0
        110070	2026-02-05 17:08:36	1	1	15	0
        110377	2026-02-05 17:09:11	1	1	15	0
        110376	2026-02-05 17:09:15	1	1	15	0
        116252	2026-02-05 17:09:19	1	1	15	0
        119535	2026-02-05 17:09:20	1	1	15	0
        116902	2026-02-05 17:09:55	1	1	15	0
        118221	2026-02-05 17:10:01	1	1	15	0
        117930	2026-02-05 17:10:07	1	1	15	0
        116483	2026-02-05 17:10:11	1	1	15	0
        118455	2026-02-05 17:10:13	1	1	15	0
        118568	2026-02-05 17:10:26	1	1	15	0
        110424	2026-02-05 17:10:32	1	1	15	0
        110356	2026-02-05 17:10:58	1	1	15	0
        110466	2026-02-05 17:11:11	1	1	15	0
        116512	2026-02-05 17:11:52	1	1	15	0
        118046	2026-02-05 17:12:03	1	1	15	0
            13	2026-02-05 17:12:08	1	1	15	0
        110360	2026-02-05 17:12:19	1	1	15	0
        116799	2026-02-05 17:12:37	1	1	15	0
        110084	2026-02-05 17:12:44	1	1	15	0
        110053	2026-02-05 17:12:48	1	1	15	0
        116751	2026-02-05 17:14:40	1	1	15	0
        110051	2026-02-05 17:15:55	1	1	15	0
        118997	2026-02-05 17:16:10	1	1	15	0
        117189	2026-02-05 17:16:24	1	1	15	0
        110512	2026-02-05 17:16:33	1	1	15	0
        119143	2026-02-05 17:17:04	1	1	15	0
        117711	2026-02-05 17:18:10	1	1	15	0
        110418	2026-02-05 17:18:30	1	1	15	0
        118043	2026-02-05 17:19:12	1	1	15	0
        119272	2026-02-05 17:21:18	1	1	15	0
        117645	2026-02-05 17:21:34	1	1	15	0
        110513	2026-02-05 17:22:10	1	1	15	0
        110514	2026-02-05 17:22:14	1	1	15	0
        117700	2026-02-05 17:22:40	1	1	15	0
        117630	2026-02-05 17:22:49	1	1	15	0
        110060	2026-02-05 17:23:02	1	1	15	0
        119475	2026-02-05 17:23:04	1	1	15	0
        117850	2026-02-05 17:23:18	1	1	15	0
        117270	2026-02-05 17:23:36	1	1	15	0
        116428	2026-02-05 17:24:54	1	1	15	0
        117043	2026-02-05 17:25:36	1	1	15	0
        110357	2026-02-05 17:26:28	1	1	15	0
        116274	2026-02-05 17:26:46	1	1	15	0
        118271	2026-02-05 17:26:50	1	1	15	0
        118732	2026-02-05 17:26:52	1	1	15	0
        119227	2026-02-05 17:27:20	1	1	15	0
        117497	2026-02-05 17:27:56	1	1	15	0
        110195	2026-02-05 17:28:02	1	1	15	0
        116279	2026-02-05 17:28:14	1	1	15	0
           538	2026-02-05 17:29:48	1	1	15	0
        117616	2026-02-05 17:32:00	1	1	15	0
        110507	2026-02-05 17:32:37	1	1	15	0
        117972	2026-02-05 17:33:07	1	1	15	0
        110063	2026-02-05 17:33:55	1	1	15	0
        117528	2026-02-05 17:35:12	1	1	15	0
        117692	2026-02-05 17:35:15	1	1	15	0
        117639	2026-02-05 17:37:33	1	1	15	0
        116472	2026-02-05 17:37:35	1	1	15	0
        110475	2026-02-05 17:37:37	1	1	15	0
        110473	2026-02-05 17:37:41	1	1	15	0
        117113	2026-02-05 17:38:52	1	1	15	0
        116537	2026-02-05 17:40:06	1	1	15	0
        117156	2026-02-05 17:40:27	1	1	15	0
        117924	2026-02-05 17:42:11	1	1	15	0
        116497	2026-02-05 17:42:13	1	1	15	0
        119364	2026-02-05 17:42:15	1	1	15	0
        116072	2026-02-05 17:42:16	1	1	15	0
        118992	2026-02-05 17:42:36	1	1	15	0
        119006	2026-02-05 17:42:58	1	1	15	0
        117114	2026-02-05 17:43:07	1	1	15	0
        117103	2026-02-05 17:43:11	1	1	15	0
        117541	2026-02-05 17:43:49	1	1	15	0
        117259	2026-02-05 17:43:51	1	1	15	0
        117121	2026-02-05 17:44:16	1	1	15	0
        117046	2026-02-05 17:45:08	1	1	15	0
        117120	2026-02-05 17:45:11	1	1	15	0
        110158	2026-02-05 17:45:22	1	1	15	0
        118917	2026-02-05 17:45:29	1	1	15	0
        119494	2026-02-05 17:46:41	1	1	15	0
        110057	2026-02-05 17:48:55	1	1	15	0
        117091	2026-02-05 17:49:55	1	1	15	0
        117543	2026-02-05 17:50:42	1	1	15	0
        117054	2026-02-05 17:50:51	1	1	15	0
        110083	2026-02-05 17:51:13	1	1	15	0
        117122	2026-02-05 17:51:39	1	1	15	0
        117085	2026-02-05 17:51:44	1	1	15	0
        117659	2026-02-05 17:52:13	1	1	15	0
        117147	2026-02-05 17:53:00	1	1	15	0
        110183	2026-02-05 17:53:22	1	1	15	0
        117129	2026-02-05 17:53:28	1	1	15	0
        118761	2026-02-05 17:53:30	1	1	15	0
        117085	2026-02-05 17:53:33	1	1	15	0
        110354	2026-02-05 17:53:42	1	1	15	0
        116346	2026-02-05 17:55:16	1	1	15	0
        116995	2026-02-05 17:55:20	1	1	15	0
        119263	2026-02-05 17:55:30	1	1	15	0
        117144	2026-02-05 17:55:35	1	1	15	0
        110173	2026-02-05 17:55:59	1	1	15	0
        110105	2026-02-05 17:56:38	1	1	15	0
        117567	2026-02-05 17:56:40	1	1	15	0
        117998	2026-02-05 17:57:53	1	1	15	0
        117061	2026-02-05 17:58:41	1	1	15	0
        116356	2026-02-05 17:58:43	1	1	15	0
        116805	2026-02-05 17:58:45	1	1	15	0
        118369	2026-02-05 17:58:48	1	1	15	0
        117716	2026-02-05 17:59:48	1	1	15	0
        110116	2026-02-05 18:00:20	1	1	15	0
        119107	2026-02-05 18:00:46	1	1	15	0
        118563	2026-02-05 18:01:06	1	1	15	0
        118584	2026-02-05 18:01:44	1	1	15	0
        117969	2026-02-05 18:01:51	1	1	15	0
        110077	2026-02-05 18:02:04	1	1	15	0
        110378	2026-02-05 18:03:15	1	1	15	0
        116747	2026-02-05 18:03:21	1	1	15	0
        118953	2026-02-05 18:04:31	1	1	15	0
        117815	2026-02-05 18:04:35	1	1	15	0
        117790	2026-02-05 18:05:13	1	1	15	0
        118503	2026-02-05 18:07:55	1	1	15	0
        110100	2026-02-05 18:08:14	1	1	15	0
        119282	2026-02-05 18:08:38	1	1	15	0
        119493	2026-02-05 18:09:39	1	1	15	0
        119157	2026-02-05 18:09:42	1	1	15	0
        116260	2026-02-05 18:10:05	1	1	15	0
        116990	2026-02-05 18:11:54	1	1	15	0
        116070	2026-02-05 18:11:56	1	1	15	0
        117337	2026-02-05 18:13:57	1	1	15	0
        117222	2026-02-05 18:16:57	1	1	15	0
        116824	2026-02-05 18:18:59	1	1	15	0
        117595	2026-02-05 18:19:02	1	1	15	0
        116166	2026-02-05 18:19:18	1	1	15	0
        110032	2026-02-05 18:19:44	1	1	15	0
        117642	2026-02-05 18:19:47	1	1	15	0
        118458	2026-02-05 18:21:24	1	1	15	0
        118695	2026-02-05 18:21:26	1	1	15	0
        118813	2026-02-05 18:25:01	1	1	15	0
        117817	2026-02-05 18:25:04	1	1	15	0
        118971	2026-02-05 18:26:46	1	1	15	0
        117742	2026-02-05 18:28:23	1	1	15	0
        119594	2026-02-05 18:33:48	1	1	15	0
        116142	2026-02-05 18:38:44	1	1	15	0
        110172	2026-02-05 18:39:27	1	1	15	0
        117926	2026-02-05 18:39:35	1	1	15	0
        117575	2026-02-05 18:39:46	1	1	15	0
        116142	2026-02-05 18:39:52	1	1	15	0
        117921	2026-02-05 18:39:56	1	1	15	0
        110025	2026-02-05 18:39:59	1	1	15	0
        117707	2026-02-05 18:51:02	1	1	15	0
        116337	2026-02-05 18:51:04	1	1	15	0
        110485	2026-02-05 18:51:09	1	1	15	0
        118580	2026-02-05 18:51:16	1	1	15	0
        110006	2026-02-05 19:02:22	1	1	15	0
        116933	2026-02-05 19:04:59	1	1	15	0
        117529	2026-02-05 19:11:06	1	1	15	0
        117080	2026-02-05 19:27:23	1	1	15	0
        116069	2026-02-05 19:31:08	1	1	15	0
        117807	2026-02-05 19:36:08	1	1	15	0
        116778	2026-02-05 19:37:45	1	1	15	0
        118753	2026-02-05 19:38:02	1	1	15	0
        110413	2026-02-05 19:47:04	1	1	15	0
        110492	2026-02-05 19:56:18	1	1	15	0
        118867	2026-02-05 20:13:06	1	1	15	0
        118753	2026-02-05 20:13:12	1	1	15	0
        119602	2026-02-05 20:14:29	1	1	15	0
        119449	2026-02-05 20:30:49	1	1	15	0
        110128	2026-02-05 20:38:19	1	1	15	0
        117542	2026-02-05 21:24:51	1	1	15	0
        117699	2026-02-05 22:29:20	1	1	15	0
        110085	2026-02-05 22:31:31	1	1	15	0
        117201	2026-02-06 04:38:46	1	0	15	0
        110535	2026-02-06 05:48:19	1	0	15	0
        116426	2026-02-06 06:24:13	1	0	15	0
        116831	2026-02-06 06:30:42	1	0	15	0
        117999	2026-02-06 06:45:32	1	0	15	0
        118992	2026-02-06 06:50:29	1	0	15	0
        110492	2026-02-06 06:54:57	1	0	15	0
        110051	2026-02-06 06:56:28	1	0	15	0
        117983	2026-02-06 06:58:09	1	0	15	0
        116472	2026-02-06 06:58:21	1	0	15	0
        117833	2026-02-06 07:00:36	1	0	15	0
        117528	2026-02-06 07:01:28	1	0	15	0
        117059	2026-02-06 07:02:46	1	0	15	0
        118563	2026-02-06 07:07:03	1	0	15	0
        117769	2026-02-06 07:07:22	1	0	15	0
        117129	2026-02-06 07:09:46	1	0	15	0
        117724	2026-02-06 07:10:06	1	0	15	0
        119365	2026-02-06 07:10:14	1	0	15	0
        118862	2026-02-06 07:10:22	1	0	15	0
        117770	2026-02-06 07:10:43	1	0	15	0
        119070	2026-02-06 07:11:32	1	0	15	0
        110357	2026-02-06 07:12:16	1	0	15	0
        118580	2026-02-06 07:12:50	1	0	15	0
        117133	2026-02-06 07:13:37	1	0	15	0
        117838	2026-02-06 07:13:46	1	0	1	0
        116799	2026-02-06 07:14:21	1	0	15	0
        118455	2026-02-06 07:15:14	1	0	15	0
        117707	2026-02-06 07:17:43	1	0	15	0
        110085	2026-02-06 07:19:30	1	0	15	0
        116763	2026-02-06 07:20:33	1	0	15	0
        110506	2026-02-06 07:22:08	1	0	15	0
        118695	2026-02-06 07:22:30	1	0	15	0
        118695	2026-02-06 07:23:51	1	0	15	0
        117680	2026-02-06 07:26:33	1	0	15	0
        110053	2026-02-06 07:27:04	1	0	15	0
            13	2026-02-06 07:29:42	1	0	15	0
        118761	2026-02-06 07:29:55	1	0	15	0
        116902	2026-02-06 07:30:13	1	0	15	0
        118997	2026-02-06 07:31:50	1	0	15	0
        110358	2026-02-06 07:33:22	1	0	15	0
        117709	2026-02-06 07:33:24	1	0	15	0
        119475	2026-02-06 07:33:51	1	0	15	0
        110356	2026-02-06 07:34:09	1	0	15	0
        110355	2026-02-06 07:34:11	1	0	15	0
        118732	2026-02-06 07:34:28	1	0	15	0
        117270	2026-02-06 07:37:26	1	0	15	0
        116551	2026-02-06 07:38:22	1	0	15	0
        118640	2026-02-06 07:39:05	1	0	15	0
        110466	2026-02-06 07:39:36	1	0	15	0
        116297	2026-02-06 07:39:46	1	0	15	0
        110065	2026-02-06 07:40:16	1	0	15	0
        110074	2026-02-06 07:40:40	1	0	15	0
        116493	2026-02-06 07:41:09	1	0	15	0
        110025	2026-02-06 07:41:41	1	0	15	0
        110457	2026-02-06 07:41:56	1	0	15	0
        119493	2026-02-06 07:42:22	1	0	15	0
        116337	2026-02-06 07:42:30	1	0	15	0
        119340	2026-02-06 07:44:07	1	0	15	0
        110424	2026-02-06 07:44:30	1	0	15	0
        118953	2026-02-06 07:44:50	1	0	15	0
        117921	2026-02-06 07:46:15	1	0	15	0
        117483	2026-02-06 07:46:23	1	0	15	0
        110493	2026-02-06 07:46:54	1	0	15	0
        110512	2026-02-06 07:47:30	1	0	15	0
        118568	2026-02-06 07:47:37	1	0	15	0
        118744	2026-02-06 07:48:04	1	0	15	0
        119143	2026-02-06 07:48:28	1	0	15	0
        110378	2026-02-06 07:48:33	1	0	15	0
        119449	2026-02-06 07:48:36	1	0	15	0
        110377	2026-02-06 07:48:41	1	0	15	0
        119453	2026-02-06 07:48:55	1	0	15	0
        110507	2026-02-06 07:49:47	1	0	15	0
        119386	2026-02-06 07:51:17	1	0	15	0
        116504	2026-02-06 07:51:30	1	0	15	0
        110063	2026-02-06 07:51:39	1	0	15	0
        110376	2026-02-06 07:52:02	1	0	15	0
        110517	2026-02-06 07:52:43	1	0	15	0
        117733	2026-02-06 07:53:33	1	0	15	0
        116483	2026-02-06 07:53:55	1	0	15	0
        117120	2026-02-06 07:53:58	1	0	15	0
        110060	2026-02-06 07:54:10	1	0	15	0
        119006	2026-02-06 07:54:33	1	0	15	0
        117817	2026-02-06 07:55:38	1	0	15	0
        118046	2026-02-06 07:55:49	1	0	15	0
        119227	2026-02-06 07:56:34	1	0	15	0
        117981	2026-02-06 07:57:04	1	0	15	0
        110083	2026-02-06 07:58:31	1	0	15	0
        116778	2026-02-06 07:58:34	1	0	15	0
        118043	2026-02-06 07:58:36	1	0	15	0
        117043	2026-02-06 07:59:23	1	0	15	0
        116496	2026-02-06 07:59:28	1	0	15	0
        117920	2026-02-06 07:59:54	1	0	15	0
        117850	2026-02-06 07:59:59	1	0	15	0
        110354	2026-02-06 08:00:13	1	0	15	0
        119104	2026-02-06 08:00:26	1	0	15	0
        110032	2026-02-06 08:01:37	1	0	15	0
        119157	2026-02-06 08:01:59	1	0	15	0
        116477	2026-02-06 08:02:16	1	0	15	0
           538	2026-02-06 08:02:27	1	0	15	0
        117224	2026-02-06 08:02:43	1	0	15	0
        117114	2026-02-06 08:03:08	1	0	15	0
        110475	2026-02-06 08:03:37	1	0	15	0
        110514	2026-02-06 08:04:06	1	0	15	0
        116428	2026-02-06 08:05:08	1	0	15	0
        110084	2026-02-06 08:06:55	1	0	15	0
        110158	2026-02-06 08:07:19	1	0	15	0
        119272	2026-02-06 08:07:44	1	0	15	0
        119594	2026-02-06 08:07:46	1	0	15	0
        117924	2026-02-06 08:09:42	1	0	15	0
        110088	2026-02-06 08:10:23	1	0	15	0
        117807	2026-02-06 08:10:30	1	0	15	0
        116166	2026-02-06 08:10:46	1	0	15	0
        116142	2026-02-06 08:11:15	1	0	15	0
        110062	2026-02-06 08:12:00	1	0	15	0
        117189	2026-02-06 08:13:19	1	0	15	0
        116960	2026-02-06 08:14:07	1	0	15	0
        116914	2026-02-06 08:14:15	1	0	15	0
        117930	2026-02-06 08:14:26	1	0	15	0
        110128	2026-02-06 08:14:37	1	0	15	0
        117839	2026-02-06 08:14:40	1	0	15	0
        110485	2026-02-06 08:14:41	1	0	15	0
        117993	2026-02-06 08:14:53	1	0	15	0
        117700	2026-02-06 08:14:54	1	0	15	0
        110393	2026-02-06 08:14:56	1	0	15	0
        110173	2026-02-06 08:15:15	1	0	15	0
        116995	2026-02-06 08:16:31	1	0	1	0
        119535	2026-02-06 08:16:37	1	0	15	0
        116072	2026-02-06 08:17:20	1	0	15	0
        117543	2026-02-06 08:18:04	1	0	15	0
        118207	2026-02-06 08:18:16	1	0	15	0
        117630	2026-02-06 08:18:33	1	0	15	0
        110473	2026-02-06 08:18:38	1	0	15	0
        117077	2026-02-06 08:19:02	1	0	15	0
        110513	2026-02-06 08:19:04	1	0	15	0
        116787	2026-02-06 08:19:07	1	0	15	0
        116274	2026-02-06 08:19:11	1	0	15	0
        116453	2026-02-06 08:20:12	1	0	15	0
        117817	2026-02-06 08:20:38	1	0	15	0
        110418	2026-02-06 08:20:59	1	0	15	0
        116537	2026-02-06 08:21:27	1	0	15	0
        117699	2026-02-06 08:21:36	1	0	15	0
        119263	2026-02-06 08:22:08	1	0	15	0
        117222	2026-02-06 08:22:28	1	0	15	0
        116356	2026-02-06 08:22:34	1	0	15	0
        117259	2026-02-06 08:23:50	1	0	15	0
        117497	2026-02-06 08:24:15	1	0	15	0
        117616	2026-02-06 08:26:31	1	0	15	0
        117742	2026-02-06 08:26:42	1	0	15	0
        119364	2026-02-06 08:26:59	1	0	15	0
        116346	2026-02-06 08:27:22	1	0	15	0
        118458	2026-02-06 08:27:34	1	0	15	0
        116497	2026-02-06 08:27:42	1	0	15	0
        117541	2026-02-06 08:28:53	1	0	15	0
        117711	2026-02-06 08:29:12	1	0	15	0
        117644	2026-02-06 08:30:24	1	0	15	0
        117966	2026-02-06 08:30:59	1	0	15	0
        117103	2026-02-06 08:32:58	1	0	15	0
        117088	2026-02-06 08:33:20	1	0	15	0
        110006	2026-02-06 08:34:05	1	0	15	0
        116748	2026-02-06 08:34:09	1	0	15	0
        117156	2026-02-06 08:34:23	1	0	15	0
        117121	2026-02-06 08:36:20	1	0	15	0
        110057	2026-02-06 08:36:40	1	0	15	0
        110195	2026-02-06 08:36:43	1	0	15	0
        118584	2026-02-06 08:36:46	1	0	15	0
        117969	2026-02-06 08:36:52	1	0	15	0
        118917	2026-02-06 08:37:17	1	0	15	0
        110105	2026-02-06 08:39:05	1	0	15	0
        117716	2026-02-06 08:39:24	1	0	15	0
        118971	2026-02-06 08:39:34	1	0	15	0
        117998	2026-02-06 08:40:18	1	0	15	0
        118867	2026-02-06 08:41:31	1	0	15	0
        118753	2026-02-06 08:41:33	1	0	15	0
        110183	2026-02-06 08:42:35	1	0	15	0
        110070	2026-02-06 08:43:03	1	0	15	0
        117122	2026-02-06 08:43:09	1	0	15	0
        110413	2026-02-06 08:43:14	1	0	15	0
        110077	2026-02-06 08:43:30	1	0	15	0
        117642	2026-02-06 08:43:41	1	0	15	0
        116824	2026-02-06 08:44:05	1	0	15	0
        117926	2026-02-06 08:44:34	1	0	15	0
        117567	2026-02-06 08:45:11	1	0	15	0
        116747	2026-02-06 08:45:32	1	0	15	0
        117337	2026-02-06 08:46:11	1	0	15	0
        117790	2026-02-06 08:47:01	1	0	15	0
        117692	2026-02-06 08:47:36	1	0	15	0
        110116	2026-02-06 08:48:03	1	0	15	0
        117529	2026-02-06 08:49:00	1	0	15	0
        117144	2026-02-06 08:49:03	1	0	15	0
        116805	2026-02-06 08:49:09	1	0	15	0
        117659	2026-02-06 08:51:19	1	0	15	0
        117046	2026-02-06 08:53:12	1	0	15	0
        110360	2026-02-06 08:53:16	1	0	15	0
        117786	2026-02-06 08:55:32	1	0	15	0
        117542	2026-02-06 08:55:36	1	0	15	0
        117595	2026-02-06 08:55:47	1	0	15	0
        118813	2026-02-06 08:55:58	1	0	15	0
        117113	2026-02-06 08:56:15	1	0	15	0
        116990	2026-02-06 08:56:24	1	0	15	0
        118503	2026-02-06 08:56:37	1	0	15	0
        116933	2026-02-06 08:56:46	1	0	15	0
        116849	2026-02-06 08:57:02	1	0	15	0
        117085	2026-02-06 08:57:51	1	0	15	0
        116279	2026-02-06 08:57:55	1	0	15	0
        117147	2026-02-06 08:58:00	1	0	15	0
        110200	2026-02-06 08:58:15	1	0	15	0
        117111	2026-02-06 08:58:19	1	0	15	0
        117341	2026-02-06 08:59:57	1	0	15	0
        110172	2026-02-06 09:01:14	1	0	15	0
        117645	2026-02-06 09:02:17	1	0	15	0
        110100	2026-02-06 09:02:34	1	0	15	0
        117814	2026-02-06 09:03:08	1	0	15	0
        110055	2026-02-06 09:04:41	1	0	15	0
        117080	2026-02-06 09:07:03	1	0	15	0
        116069	2026-02-06 09:07:20	1	0	15	0
        117812	2026-02-06 09:07:24	1	0	15	0
        117815	2026-02-06 09:08:05	1	0	15	0
        118271	2026-02-06 09:12:02	1	0	15	0
        116070	2026-02-06 09:12:07	1	0	1	0
        116252	2026-02-06 09:12:19	1	0	15	0
        117639	2026-02-06 09:19:19	1	0	15	0
        117575	2026-02-06 09:24:41	1	0	15	0
        117061	2026-02-06 09:36:04	1	0	15	0
        118458	2026-02-06 12:00:04	1	2	15	0
        110355	2026-02-06 12:00:06	1	2	15	0
        110088	2026-02-06 12:00:07	1	2	15	0
        110356	2026-02-06 12:00:11	1	2	15	0
        116990	2026-02-06 12:00:13	1	2	15	0
        117742	2026-02-06 12:00:15	1	2	15	0
        117770	2026-02-06 12:00:16	1	2	15	0
        116069	2026-02-06 12:00:20	1	2	15	0
        117259	2026-02-06 12:00:21	1	2	15	0
        116914	2026-02-06 12:00:24	1	2	15	0
        117046	2026-02-06 12:00:27	1	2	15	0
        110418	2026-02-06 12:00:29	1	2	15	0
        110172	2026-02-06 12:00:31	1	2	15	0
        117926	2026-02-06 12:00:33	1	2	15	0
        117807	2026-02-06 12:00:35	1	2	15	0
        116763	2026-02-06 12:00:37	1	2	15	0
        117528	2026-02-06 12:00:39	1	2	15	0
        117224	2026-02-06 12:00:42	1	2	15	0
        117085	2026-02-06 12:00:44	1	2	15	0
        119449	2026-02-06 12:00:46	1	2	15	0
        117543	2026-02-06 12:00:48	1	2	15	0
        110173	2026-02-06 12:00:50	1	2	15	0
        110517	2026-02-06 12:00:52	1	2	15	0
        117144	2026-02-06 12:00:54	1	2	15	0
        110424	2026-02-06 12:00:56	1	2	15	0
        110128	2026-02-06 12:00:59	1	2	15	0
        117998	2026-02-06 12:01:01	1	2	15	0
        117786	2026-02-06 12:01:03	1	2	15	0
        117814	2026-02-06 12:01:05	1	2	15	0
        117080	2026-02-06 12:01:06	1	2	15	0
        110354	2026-02-06 12:01:08	1	2	15	0
        110063	2026-02-06 12:01:10	1	2	15	0
        118744	2026-02-06 12:01:29	1	2	15	0
        116252	2026-02-06 12:01:30	1	2	15	0
        117111	2026-02-06 12:01:32	1	2	15	0
        118813	2026-02-06 12:01:41	1	2	15	0
        119272	2026-02-06 12:01:41	1	2	15	0
        118584	2026-02-06 12:01:45	1	2	15	0
        119453	2026-02-06 12:01:48	1	2	15	0
        117497	2026-02-06 12:01:51	1	2	15	0
        110360	2026-02-06 12:01:54	1	2	15	0
        110105	2026-02-06 12:02:04	1	2	15	0
        116453	2026-02-06 12:02:07	1	2	15	0
        117733	2026-02-06 12:02:09	1	2	15	0
        117201	2026-02-06 12:02:10	1	2	15	0
        117969	2026-02-06 12:02:17	1	2	15	0
        117642	2026-02-06 12:02:19	1	2	15	0
        110393	2026-02-06 12:02:20	1	2	15	0
        117999	2026-02-06 12:02:21	1	2	15	0
        119143	2026-02-06 12:02:24	1	2	15	0
        116995	2026-02-06 12:02:26	1	2	15	0
        117790	2026-02-06 12:02:28	1	2	15	0
        116346	2026-02-06 12:02:30	1	2	15	0
        116477	2026-02-06 12:02:40	1	2	15	0
        110051	2026-02-06 12:02:45	1	2	15	0
        110492	2026-02-06 12:03:01	1	2	15	0
        110493	2026-02-06 12:03:03	1	2	15	0
        110377	2026-02-06 12:03:06	1	2	15	0
        110376	2026-02-06 12:03:09	1	2	15	0
        110355	2026-02-06 12:03:19	1	2	15	0
        110356	2026-02-06 12:03:22	1	2	15	0
        117224	2026-02-06 12:03:42	1	2	15	0
        116914	2026-02-06 12:03:44	1	2	15	0
        117046	2026-02-06 12:03:48	1	2	15	0
        116763	2026-02-06 12:03:51	1	2	15	0
        110418	2026-02-06 12:03:53	1	2	15	0
        117528	2026-02-06 12:03:54	1	2	15	0
        117129	2026-02-06 12:03:57	1	2	15	0
        119535	2026-02-06 12:04:00	1	2	15	0
        110473	2026-02-06 12:04:02	1	2	15	0
        110378	2026-02-06 12:04:04	1	2	15	0
        117270	2026-02-06 12:04:06	1	2	15	0
        117567	2026-02-06 12:04:09	1	2	15	0
        117833	2026-02-06 12:04:12	1	2	15	0
        118563	2026-02-06 12:04:14	1	2	15	0
        117259	2026-02-06 12:04:17	1	2	15	0
        118584	2026-02-06 12:04:19	1	2	15	0
        117616	2026-02-06 12:04:20	1	2	15	0
        118043	2026-02-06 12:04:22	1	2	15	0
        117529	2026-02-06 12:04:34	1	2	15	0
        110354	2026-02-06 12:04:40	1	2	15	0
        117043	2026-02-06 12:04:44	1	2	15	0
        117930	2026-02-06 12:04:46	1	2	15	0
        117595	2026-02-06 12:04:49	1	2	15	0
        117222	2026-02-06 12:04:51	1	2	15	0
        110088	2026-02-06 12:05:06	1	2	15	0
        116252	2026-02-06 12:05:08	1	2	15	0
        117998	2026-02-06 12:05:13	1	2	15	0
        110172	2026-02-06 12:05:14	1	2	15	0
        117926	2026-02-06 12:05:16	1	2	15	0
        117147	2026-02-06 12:05:18	1	2	15	0
        117807	2026-02-06 12:05:24	1	2	15	0
        118813	2026-02-06 12:05:38	1	2	15	0
        117080	2026-02-06 12:05:39	1	2	15	0
        110466	2026-02-06 12:05:41	1	2	15	0
        119272	2026-02-06 12:05:44	1	2	15	0
        110032	2026-02-06 12:05:46	1	2	15	0
        110173	2026-02-06 12:06:02	1	2	15	0
        110517	2026-02-06 12:06:04	1	2	15	0
        117724	2026-02-06 12:06:06	1	2	15	0
        110195	2026-02-06 12:06:08	1	2	15	0
        117122	2026-02-06 12:06:14	1	2	15	0
        118953	2026-02-06 12:06:16	1	2	15	0
        117680	2026-02-06 12:06:20	1	2	15	0
        117815	2026-02-06 12:06:55	1	2	15	0
        117529	2026-02-06 12:06:59	1	2	15	0
        118695	2026-02-06 12:07:39	1	2	15	0
        117337	2026-02-06 12:07:41	1	2	15	0
        116902	2026-02-06 12:07:44	1	2	15	0
            13	2026-02-06 12:07:47	1	2	15	0
        119449	2026-02-06 12:07:50	1	2	15	0
        117129	2026-02-06 12:07:56	1	2	15	0
        110473	2026-02-06 12:08:02	1	2	15	0
        117543	2026-02-06 12:08:14	1	2	15	0
        110492	2026-02-06 12:08:16	1	2	15	0
        110493	2026-02-06 12:08:19	1	2	15	0
        118753	2026-02-06 12:08:21	1	2	15	0
        117043	2026-02-06 12:08:22	1	2	15	0
        110051	2026-02-06 12:08:30	1	2	15	0
        116274	2026-02-06 12:08:36	1	2	15	0
        117189	2026-02-06 12:08:39	1	2	15	0
        110077	2026-02-06 12:08:42	1	2	15	0
        116346	2026-02-06 12:08:45	1	2	15	0
        116748	2026-02-06 12:08:47	1	2	15	0
        110158	2026-02-06 12:08:48	1	2	15	0
        117966	2026-02-06 12:08:50	1	2	15	0
        117595	2026-02-06 12:08:51	1	2	15	0
        110053	2026-02-06 12:08:54	1	2	15	0
        117707	2026-02-06 12:08:59	1	2	15	0
        116337	2026-02-06 12:09:01	1	2	15	0
        117716	2026-02-06 12:09:12	1	2	15	0
        117567	2026-02-06 12:09:21	1	2	15	0
        119453	2026-02-06 12:09:30	1	2	15	0
        118640	2026-02-06 12:09:35	1	2	15	0
        117120	2026-02-06 12:09:39	1	2	15	0
        117999	2026-02-06 12:09:44	1	2	15	0
        116496	2026-02-06 12:09:54	1	2	15	0
        110507	2026-02-06 12:09:59	1	2	15	0
        116551	2026-02-06 12:10:01	1	2	15	0
        118563	2026-02-06 12:10:07	1	2	15	0
        116497	2026-02-06 12:10:09	1	2	15	0
        117924	2026-02-06 12:10:11	1	2	15	0
        116072	2026-02-06 12:10:13	1	2	15	0
        117541	2026-02-06 12:10:15	1	2	15	0
        110457	2026-02-06 12:10:17	1	2	15	0
        116778	2026-02-06 12:10:19	1	2	15	0
           538	2026-02-06 12:10:23	1	2	15	0
        117966	2026-02-06 12:10:25	1	2	15	0
        116787	2026-02-06 12:10:27	1	2	15	0
        116849	2026-02-06 12:10:29	1	2	15	0
        116831	2026-02-06 12:10:32	1	2	15	0
        116747	2026-02-06 12:10:34	1	2	15	0
        116337	2026-02-06 12:10:35	1	2	15	0
        116472	2026-02-06 12:10:36	1	2	15	0
        116297	2026-02-06 12:10:39	1	2	15	0
        117920	2026-02-06 12:10:41	1	2	15	0
        117700	2026-02-06 12:10:43	1	2	15	0
        110025	2026-02-06 12:10:45	1	2	15	0
        117999	2026-02-06 12:10:47	1	2	15	0
        110062	2026-02-06 12:10:49	1	2	15	0
        117850	2026-02-06 12:10:53	1	2	15	0
        118744	2026-02-06 12:10:59	1	2	15	0
        117113	2026-02-06 12:11:03	1	2	15	0
        117699	2026-02-06 12:11:06	1	2	15	0
        116933	2026-02-06 12:11:10	1	2	15	0
        110514	2026-02-06 12:11:12	1	2	15	0
        110513	2026-02-06 12:11:14	1	2	15	0
        117642	2026-02-06 12:11:16	1	2	15	0
        117969	2026-02-06 12:11:18	1	2	15	0
        118992	2026-02-06 12:11:20	1	2	15	0
        117707	2026-02-06 12:11:24	1	2	15	0
        116493	2026-02-06 12:11:26	1	2	15	0
        117222	2026-02-06 12:11:28	1	2	15	0
        119006	2026-02-06 12:11:30	1	2	15	0
        110393	2026-02-06 12:11:37	1	2	15	0
        116279	2026-02-06 12:11:55	1	2	15	0
        110090	2026-02-06 12:11:57	1	2	15	0
        118917	2026-02-06 12:12:10	1	2	15	0
        119535	2026-02-06 12:12:14	1	2	15	0
        118640	2026-02-06 12:12:16	1	2	15	0
        117088	2026-02-06 12:12:19	1	2	15	0
        110070	2026-02-06 12:12:47	1	2	15	0
        116902	2026-02-06 12:13:02	1	2	15	0
        116778	2026-02-06 12:13:07	1	2	15	0
            13	2026-02-06 12:13:09	1	2	15	0
        110105	2026-02-06 12:13:11	1	2	15	0
        119263	2026-02-06 12:13:15	1	2	15	0
        117833	2026-02-06 12:13:18	1	2	15	0
        117120	2026-02-06 12:13:23	1	2	15	0
        117085	2026-02-06 12:13:25	1	2	15	0
        117147	2026-02-06 12:13:28	1	2	15	0
        117189	2026-02-06 12:13:31	1	2	15	0
        116849	2026-02-06 12:13:39	1	2	15	0
        116787	2026-02-06 12:13:44	1	2	15	0
        119157	2026-02-06 12:13:45	1	2	15	0
        117716	2026-02-06 12:13:48	1	2	15	0
        110357	2026-02-06 12:13:54	1	2	15	0
        116497	2026-02-06 12:14:08	1	2	15	0
        117924	2026-02-06 12:14:20	1	2	15	0
        117541	2026-02-06 12:14:22	1	2	15	0
        110457	2026-02-06 12:14:25	1	2	15	0
        116072	2026-02-06 12:14:29	1	2	15	0
        117838	2026-02-06 12:14:55	1	2	15	0
        117769	2026-02-06 12:14:57	1	2	15	0
        117930	2026-02-06 12:15:23	1	2	15	0
        117059	2026-02-06 12:15:25	1	2	15	0
        116496	2026-02-06 12:15:33	1	2	15	0
        118043	2026-02-06 12:15:35	1	2	15	0
        117850	2026-02-06 12:15:50	1	2	15	0
        117700	2026-02-06 12:15:53	1	2	15	0
        118953	2026-02-06 12:15:55	1	2	15	0
        110466	2026-02-06 12:15:59	1	2	15	0
        117920	2026-02-06 12:16:01	1	2	15	0
        117769	2026-02-06 12:16:09	1	2	15	0
        117838	2026-02-06 12:16:10	1	2	15	0
        110507	2026-02-06 12:16:19	1	2	15	0
        117616	2026-02-06 12:16:23	1	2	15	0
        110514	2026-02-06 12:16:33	1	2	15	0
        110513	2026-02-06 12:16:35	1	2	15	0
        117659	2026-02-06 12:16:39	1	2	15	0
        117645	2026-02-06 12:16:41	1	2	15	0
        117839	2026-02-06 12:16:43	1	2	15	0
        117497	2026-02-06 12:16:44	1	2	15	0
        118046	2026-02-06 12:16:50	1	2	15	0
        117088	2026-02-06 12:16:53	1	2	15	0
        116799	2026-02-06 12:17:14	1	2	15	0
        110077	2026-02-06 12:17:45	1	2	15	0
        116477	2026-02-06 12:17:52	1	2	15	0
        110063	2026-02-06 12:18:27	1	2	15	0
        117483	2026-02-06 12:19:00	1	2	15	0
        117790	2026-02-06 12:19:02	1	2	15	0
        117121	2026-02-06 12:19:18	1	2	15	0
        117156	2026-02-06 12:19:20	1	2	15	0
        117201	2026-02-06 12:19:45	1	2	15	0
        117077	2026-02-06 12:19:52	1	2	15	0
        116537	2026-02-06 12:19:53	1	2	15	0
        117144	2026-02-06 12:19:55	1	2	15	0
        110378	2026-02-06 12:19:57	1	2	15	0
        117341	2026-02-06 12:19:58	1	2	15	0
        116428	2026-02-06 12:20:00	1	2	15	0
        117692	2026-02-06 12:20:03	1	2	15	0
        117921	2026-02-06 12:20:06	1	2	15	0
        117639	2026-02-06 12:20:08	1	2	15	0
        110060	2026-02-06 12:20:12	1	2	15	0
        118761	2026-02-06 12:20:15	1	2	15	0
        116995	2026-02-06 12:20:17	1	2	15	0
        116453	2026-02-06 12:20:21	1	2	15	0
        116297	2026-02-06 12:20:22	1	2	15	0
        117122	2026-02-06 12:20:38	1	2	15	0
        110358	2026-02-06 12:20:42	1	2	15	0
        119340	2026-02-06 12:20:44	1	2	15	0
        110100	2026-02-06 12:20:47	1	2	15	0
        116960	2026-02-06 12:20:48	1	2	15	0
        118997	2026-02-06 12:21:13	1	2	15	0
        110424	2026-02-06 12:21:23	1	2	15	0
        110062	2026-02-06 12:21:32	1	2	15	0
        110100	2026-02-06 12:22:08	1	2	15	0
        110060	2026-02-06 12:22:17	1	2	15	0
        116960	2026-02-06 12:22:21	1	2	15	0
        110377	2026-02-06 12:22:26	1	2	15	0
        110376	2026-02-06 12:22:30	1	2	15	0
        117483	2026-02-06 12:22:33	1	2	15	0
        117103	2026-02-06 12:22:57	1	2	15	0
        117733	2026-02-06 12:24:00	1	2	15	0
        116537	2026-02-06 12:24:05	1	2	15	0
        117077	2026-02-06 12:24:07	1	2	15	0
        117341	2026-02-06 12:24:09	1	2	15	0
        110070	2026-02-06 12:24:18	1	2	15	0
        117639	2026-02-06 12:24:20	1	2	15	0
        117692	2026-02-06 12:24:22	1	2	15	0
        119340	2026-02-06 12:24:24	1	2	15	0
        110358	2026-02-06 12:24:26	1	2	15	0
        110128	2026-02-06 12:24:28	1	2	15	0
        117817	2026-02-06 12:24:35	1	2	15	0
        116831	2026-02-06 12:24:45	1	2	15	0
        116142	2026-02-06 12:25:37	1	2	15	0
        119263	2026-02-06 12:25:42	1	2	15	0
        116428	2026-02-06 12:25:54	1	2	15	0
        118761	2026-02-06 12:25:55	1	2	15	0
        116426	2026-02-06 12:25:59	1	2	15	0
        110116	2026-02-06 12:26:03	1	2	15	0
        116990	2026-02-06 12:26:06	1	2	15	0
        117742	2026-02-06 12:26:08	1	2	15	0
        117133	2026-02-06 12:26:12	1	2	15	0
        117770	2026-02-06 12:26:15	1	2	15	0
        116069	2026-02-06 12:26:20	1	2	15	0
        117790	2026-02-06 12:26:28	1	2	15	0
        110065	2026-02-06 12:27:17	1	2	15	0
        119475	2026-02-06 12:27:19	1	2	15	0
        110413	2026-02-06 12:27:35	1	2	15	0
        117270	2026-02-06 12:28:06	1	2	15	0
        118971	2026-02-06 12:28:44	1	2	15	0
        118732	2026-02-06 12:29:08	1	2	15	0
        117630	2026-02-06 12:29:13	1	2	15	0
        116426	2026-02-06 12:29:15	1	2	15	0
        117817	2026-02-06 12:29:26	1	2	15	0
        118271	2026-02-06 12:29:34	1	2	15	0
        119006	2026-02-06 12:29:43	1	2	15	0
        119157	2026-02-06 12:29:45	1	2	15	0
        116799	2026-02-06 12:29:50	1	2	15	0
        118992	2026-02-06 12:30:12	1	2	15	0
        118458	2026-02-06 12:30:24	1	2	15	0
        117133	2026-02-06 12:30:28	1	3	15	0
        116274	2026-02-06 12:30:28	1	3	15	0
        110053	2026-02-06 12:30:50	1	3	15	0
        117709	2026-02-06 12:31:23	1	3	15	0
        117983	2026-02-06 12:31:25	1	3	15	0
        117711	2026-02-06 12:31:28	1	3	15	0
        119493	2026-02-06 12:31:53	1	3	15	0
        117921	2026-02-06 12:32:12	1	3	15	0
        110065	2026-02-06 12:32:37	1	3	15	0
        119475	2026-02-06 12:32:43	1	3	15	0
        117644	2026-02-06 12:32:50	1	3	15	0
        117993	2026-02-06 12:32:51	1	3	15	0
        110085	2026-02-06 12:32:55	1	3	15	0
        118568	2026-02-06 12:32:58	1	3	15	0
        117699	2026-02-06 12:33:24	1	3	15	0
        117680	2026-02-06 12:33:31	1	3	15	0
        110475	2026-02-06 12:33:36	1	3	15	0
        116279	2026-02-06 12:33:45	1	3	15	0
        117114	2026-02-06 12:33:58	1	3	15	0
        116142	2026-02-06 12:34:01	1	3	15	0
        118732	2026-02-06 12:34:03	1	3	15	0
        117630	2026-02-06 12:34:05	1	3	15	0
        118271	2026-02-06 12:34:07	1	3	15	0
        110055	2026-02-06 12:34:18	1	3	15	0
        110025	2026-02-06 12:34:22	1	3	15	0
        110032	2026-02-06 12:34:27	1	3	15	0
        119493	2026-02-06 12:34:33	1	3	15	0
        117815	2026-02-06 12:34:50	1	3	15	0
        117982	2026-02-06 12:35:02	1	3	15	0
        110083	2026-02-06 12:35:06	1	3	15	0
        117113	2026-02-06 12:35:10	1	3	15	0
        117709	2026-02-06 12:35:15	1	3	15	0
        117711	2026-02-06 12:35:20	1	3	15	0
        118867	2026-02-06 12:35:56	1	3	15	0
        117059	2026-02-06 12:36:01	1	3	15	0
        117644	2026-02-06 12:36:10	1	3	15	0
        117575	2026-02-06 12:36:12	1	3	15	0
        117993	2026-02-06 12:36:16	1	3	15	0
        119143	2026-02-06 12:36:19	1	3	15	0
           538	2026-02-06 12:36:24	1	3	15	0
        110183	2026-02-06 12:36:28	1	3	15	0
        117121	2026-02-06 12:36:39	1	3	15	0
        117156	2026-02-06 12:36:41	1	3	15	0
        118580	2026-02-06 12:36:46	1	3	15	0
        110055	2026-02-06 12:36:48	1	3	15	0
        110084	2026-02-06 12:36:50	1	3	15	0
        118971	2026-02-06 12:37:09	1	3	15	0
        110084	2026-02-06 12:37:56	1	3	15	0
        110083	2026-02-06 12:38:03	1	3	15	0
        117103	2026-02-06 12:38:07	1	3	15	0
        110183	2026-02-06 12:38:15	1	3	15	0
        118753	2026-02-06 12:38:34	1	3	15	0
        118695	2026-02-06 12:38:40	1	3	15	0
        117111	2026-02-06 12:38:42	1	3	15	0
        117337	2026-02-06 12:38:44	1	3	15	0
        116166	2026-02-06 12:38:46	1	3	15	0
        118867	2026-02-06 12:38:53	1	3	15	0
        119386	2026-02-06 12:39:11	1	3	15	0
        118046	2026-02-06 12:39:45	1	3	15	0
        110485	2026-02-06 12:39:57	1	3	15	0
        117575	2026-02-06 12:40:50	1	3	15	0
        117812	2026-02-06 12:41:05	1	3	15	0
        117659	2026-02-06 12:41:08	1	3	15	0
        117645	2026-02-06 12:41:10	1	3	15	0
        117839	2026-02-06 12:41:12	1	3	15	0
        119386	2026-02-06 12:41:20	1	3	15	0
        118568	2026-02-06 12:41:36	1	3	15	0
        110116	2026-02-06 12:42:10	1	3	15	0
        118580	2026-02-06 12:42:49	1	3	15	0
        110195	2026-02-06 12:43:03	1	3	15	0
        110485	2026-02-06 12:43:17	1	3	15	0
        116166	2026-02-06 12:43:27	1	3	15	0
        117724	2026-02-06 12:43:48	1	3	15	0
        110413	2026-02-06 12:44:17	1	3	15	0
        116472	2026-02-06 12:44:23	1	3	15	0
        116824	2026-02-06 12:44:28	1	3	15	0
        119104	2026-02-06 12:44:58	1	3	15	0
        110506	2026-02-06 12:45:21	1	3	15	0
        110360	2026-02-06 12:45:30	1	3	15	0
        117812	2026-02-06 12:45:58	1	3	15	0
        116747	2026-02-06 12:46:04	1	3	15	0
        116356	2026-02-06 12:47:03	1	3	15	0
        117981	2026-02-06 12:47:05	1	3	15	0
        117061	2026-02-06 12:47:06	1	3	15	0
        116805	2026-02-06 12:47:08	1	3	15	0
        117814	2026-02-06 12:47:14	1	3	15	0
        119104	2026-02-06 12:47:18	1	3	15	0
        117983	2026-02-06 12:47:51	1	3	15	0
        117114	2026-02-06 12:47:59	1	3	15	0
        119365	2026-02-06 12:48:03	1	3	15	0
        116504	2026-02-06 12:48:36	1	3	15	0
        118455	2026-02-06 12:48:38	1	3	15	0
        116483	2026-02-06 12:48:40	1	3	15	0
        119070	2026-02-06 12:48:42	1	3	15	0
        110074	2026-02-06 12:48:44	1	3	15	0
        119227	2026-02-06 12:48:47	1	3	15	0
        116356	2026-02-06 12:49:35	1	3	15	0
        117981	2026-02-06 12:49:37	1	3	15	0
        117061	2026-02-06 12:49:39	1	3	15	0
        116805	2026-02-06 12:49:42	1	3	15	0
        118503	2026-02-06 12:50:16	1	3	15	0
        116748	2026-02-06 12:50:21	1	3	15	0
        110506	2026-02-06 12:50:27	1	3	15	0
        110057	2026-02-06 12:50:41	1	3	15	0
        119364	2026-02-06 12:50:43	1	3	15	0
        119365	2026-02-06 12:50:48	1	3	15	0
        116933	2026-02-06 12:51:06	1	3	15	0
        110357	2026-02-06 12:52:25	1	3	15	0
        119070	2026-02-06 12:53:06	1	3	15	0
        116483	2026-02-06 12:53:12	1	3	15	0
        116504	2026-02-06 12:53:16	1	3	15	0
        119602	2026-02-06 12:53:18	1	3	15	0
        110074	2026-02-06 12:53:19	1	3	15	0
        118455	2026-02-06 12:53:21	1	3	15	0
        119227	2026-02-06 12:53:22	1	3	15	0
        118503	2026-02-06 12:53:47	1	3	15	0
        118207	2026-02-06 12:54:14	1	3	15	0
        110057	2026-02-06 12:55:14	1	3	15	0
        119364	2026-02-06 12:55:18	1	3	15	0
        118207	2026-02-06 12:57:20	1	3	15	0
        110512	2026-02-06 12:57:23	1	3	15	0
        110200	2026-02-06 12:57:27	1	3	15	0
        110085	2026-02-06 12:57:31	1	3	15	0
        119602	2026-02-06 12:57:33	1	3	15	0
        117786	2026-02-06 12:58:00	1	3	15	0
        110512	2026-02-06 13:00:02	1	3	15	0
        110200	2026-02-06 13:00:06	1	3	15	0
        116824	2026-02-06 13:01:15	1	3	15	0
        118997	2026-02-06 13:08:38	1	3	15	0
        116472	2026-02-06 16:01:47	1	1	15	0
        117133	2026-02-06 16:40:04	1	1	15	0
        119272	2026-02-06 16:57:54	1	1	15	0
        116748	2026-02-06 16:59:41	1	1	15	0
        117981	2026-02-06 17:00:17	1	1	15	0
        117222	2026-02-06 17:00:21	1	1	15	0
        110355	2026-02-06 17:00:25	1	1	15	0
        117224	2026-02-06 17:02:22	1	1	15	0
        117850	2026-02-06 17:02:33	1	1	15	0
        117920	2026-02-06 17:02:37	1	1	15	0
        117111	2026-02-06 17:02:43	1	1	15	0
        119449	2026-02-06 17:02:52	1	1	15	0
        117982	2026-02-06 17:03:01	1	1	15	0
        116477	2026-02-06 17:03:10	1	1	15	0
        110493	2026-02-06 17:03:34	1	1	15	0
        119453	2026-02-06 17:03:39	1	1	15	0
        117680	2026-02-06 17:04:02	1	1	15	0
        110376	2026-02-06 17:04:49	1	1	15	0
        110377	2026-02-06 17:04:53	1	1	15	0
        117709	2026-02-06 17:05:34	1	1	15	0
        110356	2026-02-06 17:05:49	1	1	15	0
           538	2026-02-06 17:06:42	1	1	15	0
        119386	2026-02-06 17:07:03	1	1	15	0
        119070	2026-02-06 17:07:49	1	1	15	0
        116504	2026-02-06 17:07:52	1	1	15	0
        110457	2026-02-06 17:07:55	1	1	15	0
        110507	2026-02-06 17:08:03	1	1	15	0
        117201	2026-02-06 17:08:37	1	1	15	0
        110466	2026-02-06 17:09:19	1	1	15	0
        117114	2026-02-06 17:09:22	1	1	15	0
        116799	2026-02-06 17:09:34	1	1	15	0
        117700	2026-02-06 17:09:57	1	1	15	0
        110088	2026-02-06 17:10:09	1	1	15	0
        118732	2026-02-06 17:10:36	1	1	15	0
        110393	2026-02-06 17:12:39	1	1	15	0
        116902	2026-02-06 17:16:34	1	1	15	0
        119535	2026-02-06 17:17:09	1	1	15	0
        118761	2026-02-06 17:17:34	1	1	15	0
        117930	2026-02-06 17:18:35	1	1	15	0
        117270	2026-02-06 17:18:58	1	1	15	0
        119157	2026-02-06 17:19:06	1	1	15	0
        118997	2026-02-06 17:19:35	1	1	15	0
        116787	2026-02-06 17:19:51	1	1	15	0
        116831	2026-02-06 17:21:14	1	1	15	0
        118455	2026-02-06 17:21:20	1	1	15	0
        118953	2026-02-06 17:23:24	1	1	15	0
        110418	2026-02-06 17:24:39	1	1	15	0
        110173	2026-02-06 17:24:51	1	1	15	0
        117259	2026-02-06 17:27:19	1	1	15	0
        118568	2026-02-06 17:27:26	1	1	15	0
        116428	2026-02-06 17:27:43	1	1	15	0
        116274	2026-02-06 17:28:37	1	1	15	0
        119227	2026-02-06 17:28:51	1	1	15	0
        116995	2026-02-06 17:28:52	1	1	15	0
        119263	2026-02-06 17:29:17	1	1	15	0
        110354	2026-02-06 17:30:53	1	1	15	0
        110378	2026-02-06 17:32:35	1	1	15	0
        116960	2026-02-06 17:33:44	1	1	15	0
        116356	2026-02-06 17:35:04	1	1	15	0
        116346	2026-02-06 17:35:07	1	1	15	0
        110485	2026-02-06 17:35:18	1	1	15	0
        117103	2026-02-06 17:35:45	1	1	15	0
        118458	2026-02-06 17:36:21	1	1	15	0
        110195	2026-02-06 17:40:03	1	1	15	0
        119571	2026-02-06 17:41:12	1	1	15	0
        110424	2026-02-06 17:43:37	1	1	15	0
        119340	2026-02-06 17:44:48	1	1	15	0
        117742	2026-02-06 17:45:15	1	1	15	0
        117630	2026-02-06 17:45:31	1	1	15	0
        119386	2026-02-06 17:46:05	1	1	15	0
        117926	2026-02-06 17:47:54	1	1	15	0
        116824	2026-02-06 17:47:59	1	1	15	0
        117122	2026-02-06 17:48:27	1	1	15	0
        117616	2026-02-06 17:48:29	1	1	15	0
        117835	2026-02-06 17:48:49	1	1	15	0
        117642	2026-02-06 17:48:56	1	1	15	0
        110116	2026-02-06 17:49:22	1	1	15	0
        118563	2026-02-06 17:49:32	1	1	15	0
        118867	2026-02-06 17:49:50	1	1	15	0
        117144	2026-02-06 17:50:13	1	1	15	0
        117156	2026-02-06 17:50:17	1	1	15	0
        116252	2026-02-06 17:50:40	1	1	15	0
        118753	2026-02-06 17:51:53	1	1	15	0
        117817	2026-02-06 17:52:11	1	1	15	0
        110063	2026-02-06 17:52:41	1	1	15	0
        117085	2026-02-06 17:53:26	1	1	15	0
        119365	2026-02-06 17:54:04	1	1	15	0
        117969	2026-02-06 17:55:14	1	1	15	0
        117999	2026-02-06 17:55:20	1	1	15	0
        119594	2026-02-06 17:55:23	1	1	15	0
        117147	2026-02-06 17:55:27	1	1	15	0
        116747	2026-02-06 17:55:31	1	1	15	0
        117046	2026-02-06 17:56:10	1	1	15	0
        117998	2026-02-06 17:56:18	1	1	15	0
        117337	2026-02-06 17:56:25	1	1	15	0
        116279	2026-02-06 17:57:02	1	1	15	0
        110083	2026-02-06 17:57:16	1	1	15	0
        110032	2026-02-06 17:57:28	1	1	15	0
        110032	2026-02-06 17:58:57	1	1	15	0
        117716	2026-02-06 17:59:20	1	1	15	0
        117080	2026-02-06 17:59:34	1	1	15	0
        117786	2026-02-06 18:00:12	1	1	15	0
        118813	2026-02-06 18:00:22	1	1	15	0
        117814	2026-02-06 18:00:24	1	1	15	0
        117542	2026-02-06 18:01:01	1	1	15	0
        119364	2026-02-06 18:01:11	1	1	15	0
        110200	2026-02-06 18:01:15	1	1	15	0
        110062	2026-02-06 18:01:31	1	1	15	0
        116849	2026-02-06 18:02:29	1	1	15	0
        116493	2026-02-06 18:02:39	1	1	15	0
        110475	2026-02-06 18:03:01	1	1	15	0
        119006	2026-02-06 18:03:05	1	1	15	0
        110473	2026-02-06 18:03:10	1	1	15	0
        110357	2026-02-06 18:03:48	1	1	15	0
        110053	2026-02-06 18:03:51	1	1	15	0
        118043	2026-02-06 18:03:53	1	1	15	0
        116337	2026-02-06 18:05:13	1	1	15	0
        117707	2026-02-06 18:05:15	1	1	15	0
        117769	2026-02-06 18:07:48	1	1	15	0
        117088	2026-02-06 18:08:01	1	1	15	0
        118584	2026-02-06 18:08:29	1	1	15	0
        116805	2026-02-06 18:09:18	1	1	15	0
        117061	2026-02-06 18:11:32	1	1	15	0
        116072	2026-02-06 18:11:34	1	1	15	0
        116497	2026-02-06 18:11:36	1	1	15	0
        117924	2026-02-06 18:11:38	1	1	15	0
        117541	2026-02-06 18:11:41	1	1	15	0
        110492	2026-02-06 18:21:37	1	1	15	0
        110025	2026-02-06 18:23:13	1	1	15	0
        110413	2026-02-06 18:24:35	1	1	15	0
        110077	2026-02-06 18:29:02	1	1	15	0
        117595	2026-02-06 18:29:27	1	1	15	0
        110535	2026-02-06 18:29:56	1	1	15	0
        117807	2026-02-06 18:34:58	1	1	15	0
        119493	2026-02-06 18:36:06	1	1	15	0
        116483	2026-02-06 18:38:43	1	1	15	0
        118744	2026-02-06 18:41:48	1	1	15	0
        117699	2026-02-06 18:42:03	1	1	15	0
        117921	2026-02-06 18:42:07	1	1	15	0
        117575	2026-02-06 19:04:19	1	1	15	0
        119602	2026-02-06 19:04:21	1	1	15	0
        117921	2026-02-06 19:08:18	1	1	15	0
        117575	2026-02-06 19:08:20	1	1	15	0
        117529	2026-02-06 19:08:24	1	1	15	0
        116142	2026-02-06 19:08:30	1	1	15	0
        110085	2026-02-06 19:19:00	1	1	15	0
        110055	2026-02-06 19:19:03	1	1	15	0
        110128	2026-02-06 19:42:05	1	1	15	0
        110070	2026-02-06 19:50:08	1	1	15	0
        110057	2026-02-06 20:01:19	1	1	15	0
        117567	2026-02-06 20:03:30	1	1	15	0
        117497	2026-02-06 20:03:43	1	1	15	0
        116069	2026-02-06 20:03:55	1	1	15	0
        110105	2026-02-06 20:12:59	1	1	15	0
        110100	2026-02-06 22:31:08	1	1	15	0
           538	2026-02-07 07:59:49	1	0	15	0
        118753	2026-02-07 10:37:47	1	0	15	0
        110063	2026-02-07 15:18:43	1	3	15	0
           538	2026-02-07 17:25:02	1	1	15	0
        110063	2026-02-07 18:13:41	1	1	15	0
        117201	2026-02-09 05:19:06	1	0	15	0
        117983	2026-02-09 05:54:55	1	0	15	0
        117835	2026-02-09 06:00:10	1	0	15	0
        110084	2026-02-09 06:11:08	1	0	15	0
        110093	2026-02-09 06:12:23	1	0	15	0
        110535	2026-02-09 06:16:53	1	0	15	0
        119070	2026-02-09 06:33:42	1	0	15	0
        110074	2026-02-09 06:38:55	1	0	15	0
        116831	2026-02-09 06:40:31	1	0	15	0
        116551	2026-02-09 06:51:19	1	0	15	0
        118992	2026-02-09 06:52:43	1	0	15	0
        117337	2026-02-09 06:56:20	1	0	15	0
        116914	2026-02-09 06:57:35	1	0	15	0
        116799	2026-02-09 06:59:14	1	0	15	0
        117930	2026-02-09 06:59:17	1	0	15	0
        116834	2026-02-09 07:00:12	1	0	15	0
        116835	2026-02-09 07:01:05	1	0	15	0
        117838	2026-02-09 07:01:33	1	0	1	0
        117541	2026-02-09 07:05:37	1	0	15	0
        116996	2026-02-09 07:06:01	1	0	15	0
        117769	2026-02-09 07:06:35	1	0	15	0
        118695	2026-02-09 07:10:37	1	0	15	0
        118455	2026-02-09 07:13:04	1	0	15	0
        110094	2026-02-09 07:13:26	1	0	15	0
        117814	2026-02-09 07:14:04	1	0	15	0
        110466	2026-02-09 07:15:10	1	0	15	0
        118640	2026-02-09 07:15:33	1	0	15	0
        119006	2026-02-09 07:17:03	1	0	15	0
        110492	2026-02-09 07:17:11	1	0	15	0
        110063	2026-02-09 07:18:10	1	0	15	0
        110193	2026-02-09 07:19:50	1	0	15	0
        110506	2026-02-09 07:19:55	1	0	15	0
        117699	2026-02-09 07:20:58	1	0	15	0
        110424	2026-02-09 07:21:38	1	0	15	0
        110198	2026-02-09 07:22:09	1	0	15	0
        117061	2026-02-09 07:23:02	1	0	15	0
        119365	2026-02-09 07:23:17	1	0	15	0
        110358	2026-02-09 07:24:19	1	0	15	0
        110144	2026-02-09 07:24:29	1	0	15	0
        119602	2026-02-09 07:25:08	1	0	15	0
        119263	2026-02-09 07:25:16	1	0	15	0
        117839	2026-02-09 07:25:37	1	0	15	0
        116902	2026-02-09 07:26:01	1	0	15	0
        116337	2026-02-09 07:26:38	1	0	15	0
        117817	2026-02-09 07:26:56	1	0	15	0
        118997	2026-02-09 07:27:02	1	0	15	0
        117133	2026-02-09 07:27:07	1	0	15	0
        118046	2026-02-09 07:27:16	1	0	15	0
        117121	2026-02-09 07:28:06	1	0	15	0
        118580	2026-02-09 07:28:11	1	0	15	0
        116426	2026-02-09 07:29:05	1	0	15	0
        117915	2026-02-09 07:29:23	1	0	15	0
        117634	2026-02-09 07:29:25	1	0	15	0
        110357	2026-02-09 07:29:37	1	0	15	0
        110088	2026-02-09 07:30:16	1	0	15	0
        116960	2026-02-09 07:30:32	1	0	15	0
        110527	2026-02-09 07:30:41	1	0	15	0
        110085	2026-02-09 07:31:36	1	0	15	0
        110011	2026-02-09 07:31:51	1	0	15	0
        117683	2026-02-09 07:31:53	1	0	15	0
        117993	2026-02-09 07:32:10	1	0	15	0
        110065	2026-02-09 07:32:28	1	0	15	0
        116828	2026-02-09 07:32:32	1	0	1	0
        119272	2026-02-09 07:32:38	1	0	15	0
        110514	2026-02-09 07:32:40	1	0	15	0
        117770	2026-02-09 07:32:42	1	0	15	0
        116428	2026-02-09 07:34:15	1	0	15	0
        118157	2026-02-09 07:34:55	1	0	15	0
        117921	2026-02-09 07:35:21	1	0	15	0
        117224	2026-02-09 07:36:23	1	0	15	0
        110025	2026-02-09 07:36:43	1	0	15	0
        117591	2026-02-09 07:36:47	1	0	15	0
        117497	2026-02-09 07:37:02	1	0	15	0
        116297	2026-02-09 07:37:05	1	0	15	0
        110050	2026-02-09 07:37:12	1	0	15	0
        117981	2026-02-09 07:37:24	1	0	15	0
        110475	2026-02-09 07:37:47	1	0	15	0
        117046	2026-02-09 07:37:55	1	0	15	0
        117120	2026-02-09 07:37:59	1	0	15	0
        117972	2026-02-09 07:38:15	1	0	15	0
        110493	2026-02-09 07:38:28	1	0	15	0
        116995	2026-02-09 07:38:52	1	0	15	0
        116537	2026-02-09 07:38:54	1	0	15	0
        118953	2026-02-09 07:39:03	1	0	15	0
        119475	2026-02-09 07:39:09	1	0	15	0
        119143	2026-02-09 07:39:11	1	0	15	0
        118744	2026-02-09 07:39:39	1	0	15	0
        117680	2026-02-09 07:39:45	1	0	15	0
        116274	2026-02-09 07:39:56	1	0	15	0
        110457	2026-02-09 07:40:22	1	0	15	0
           538	2026-02-09 07:40:31	1	0	15	0
        117543	2026-02-09 07:45:12	1	0	15	0
        110090	2026-02-09 07:45:15	1	0	15	0
        110076	2026-02-09 07:45:18	1	0	15	0
        110083	2026-02-09 07:45:21	1	0	15	0
        119453	2026-02-09 07:45:23	1	0	15	0
        117616	2026-02-09 07:45:25	1	0	15	0
        117812	2026-02-09 07:45:27	1	0	15	0
        110485	2026-02-09 07:45:29	1	0	15	0
        110113	2026-02-09 07:45:31	1	0	15	0
        110513	2026-02-09 07:45:36	1	0	15	0
        110116	2026-02-09 07:45:46	1	0	15	0
        117113	2026-02-09 07:45:50	1	0	15	0
        110473	2026-02-09 07:45:53	1	0	15	0
        118568	2026-02-09 07:46:04	1	0	15	0
        116483	2026-02-09 07:46:11	1	0	15	0
        117733	2026-02-09 07:46:18	1	0	15	0
        110195	2026-02-09 07:46:23	1	0	15	0
        117639	2026-02-09 07:46:27	1	0	15	0
        117595	2026-02-09 07:46:28	1	0	15	0
        110356	2026-02-09 07:46:30	1	0	15	0
        110355	2026-02-09 07:46:32	1	0	15	0
        117837	2026-02-09 07:46:53	1	0	15	0
        118971	2026-02-09 07:46:55	1	0	15	0
        118829	2026-02-09 07:47:11	1	0	15	0
        117114	2026-02-09 07:47:16	1	0	15	0
        117091	2026-02-09 07:47:20	1	0	15	0
        117644	2026-02-09 07:47:26	1	0	15	0
        117982	2026-02-09 07:47:31	1	0	15	0
        118043	2026-02-09 07:47:37	1	0	15	0
        118369	2026-02-09 07:47:54	1	0	15	0
        119494	2026-02-09 07:48:47	1	0	15	0
        119227	2026-02-09 07:49:23	1	0	15	0
        116383	2026-02-09 07:49:57	1	0	15	0
        110060	2026-02-09 07:50:17	1	0	15	0
        117147	2026-02-09 07:50:21	1	0	15	0
        117897	2026-02-09 07:50:22	1	0	15	0
        110377	2026-02-09 07:50:39	1	0	15	0
        117219	2026-02-09 07:50:42	1	0	15	0
        116142	2026-02-09 07:51:04	1	0	15	0
        116933	2026-02-09 07:51:16	1	0	15	0
        117270	2026-02-09 07:51:47	1	0	15	0
        117850	2026-02-09 07:51:52	1	0	15	0
        119340	2026-02-09 07:52:04	1	0	15	0
        117841	2026-02-09 07:52:06	1	0	15	0
        117840	2026-02-09 07:52:09	1	0	15	0
        110062	2026-02-09 07:52:09	1	0	15	0
        110378	2026-02-09 07:52:18	1	0	15	0
        116504	2026-02-09 07:52:34	1	0	15	0
        118928	2026-02-09 07:52:46	1	0	15	0
        117542	2026-02-09 07:52:52	1	0	15	0
        117790	2026-02-09 07:53:04	1	0	15	0
        117997	2026-02-09 07:53:16	1	0	15	0
        110032	2026-02-09 07:53:38	1	0	15	0
        116104	2026-02-09 07:53:50	1	0	15	0
        118862	2026-02-09 07:54:03	1	0	15	0
        116260	2026-02-09 07:54:05	1	0	15	0
        117924	2026-02-09 07:54:07	1	0	15	0
        116356	2026-02-09 07:54:20	1	0	15	0
        117341	2026-02-09 07:54:26	1	0	15	0
        117129	2026-02-09 07:54:37	1	0	15	0
        118186	2026-02-09 07:54:45	1	0	15	0
        116346	2026-02-09 07:55:13	1	0	15	0
        117088	2026-02-09 07:55:17	1	0	15	0
        117189	2026-02-09 07:55:19	1	0	15	0
        117022	2026-02-09 07:55:24	1	0	15	0
        117807	2026-02-09 07:55:52	1	0	15	0
        117786	2026-02-09 07:55:55	1	0	15	0
        118458	2026-02-09 07:56:10	1	0	15	0
        117103	2026-02-09 07:56:13	1	0	15	0
        117483	2026-02-09 07:56:28	1	0	15	0
        110372	2026-02-09 07:56:31	1	0	15	0
        116072	2026-02-09 07:56:36	1	0	15	0
        117259	2026-02-09 07:56:39	1	0	15	0
        118563	2026-02-09 07:56:43	1	0	15	0
        110376	2026-02-09 07:56:50	1	0	15	0
        110051	2026-02-09 07:56:54	1	0	15	0
        119493	2026-02-09 07:57:19	1	0	15	0
        117833	2026-02-09 07:57:21	1	0	15	0
        117567	2026-02-09 07:57:23	1	0	15	0
        118867	2026-02-09 07:57:43	1	0	15	0
        117998	2026-02-09 07:57:46	1	0	15	0
        117716	2026-02-09 07:57:47	1	0	15	0
        118753	2026-02-09 07:57:54	1	0	15	0
        116496	2026-02-09 07:59:27	1	0	15	0
        110172	2026-02-09 07:59:56	1	0	15	0
        117692	2026-02-09 07:59:59	1	0	15	0
        117122	2026-02-09 08:00:30	1	0	15	0
        110057	2026-02-09 08:00:33	1	0	15	0
        117144	2026-02-09 08:02:20	1	0	15	0
        119364	2026-02-09 08:02:23	1	0	15	0
        117966	2026-02-09 08:02:28	1	0	15	0
        116805	2026-02-09 08:02:31	1	0	15	0
        110128	2026-02-09 08:02:41	1	0	15	0
        117156	2026-02-09 08:03:16	1	0	15	0
        110197	2026-02-09 08:03:17	1	0	15	0
        117222	2026-02-09 08:03:25	1	0	15	0
        116422	2026-02-09 08:03:47	1	0	15	0
        117059	2026-02-09 08:04:22	1	0	15	0
        116748	2026-02-09 08:04:44	1	0	15	0
        110173	2026-02-09 08:04:50	1	0	15	0
        116252	2026-02-09 08:04:54	1	0	15	0
            13	2026-02-09 08:06:46	1	0	15	0
        117085	2026-02-09 08:07:34	1	0	15	0
        117707	2026-02-09 08:08:37	1	0	15	0
        117742	2026-02-09 08:08:59	1	0	15	0
        116129	2026-02-09 08:09:57	1	0	15	0
        110200	2026-02-09 08:10:41	1	0	15	0
        117926	2026-02-09 08:12:24	1	0	15	0
        110393	2026-02-09 08:12:34	1	0	15	0
        116282	2026-02-09 08:13:35	1	0	15	0
        110070	2026-02-09 08:13:43	1	0	15	0
        117711	2026-02-09 08:14:01	1	0	15	0
        110507	2026-02-09 08:14:38	1	0	15	0
        110413	2026-02-09 08:17:17	1	0	15	0
        116787	2026-02-09 08:17:26	1	0	15	0
        110105	2026-02-09 08:17:49	1	0	15	0
        118207	2026-02-09 08:18:25	1	0	15	0
        110517	2026-02-09 08:18:30	1	0	15	0
        110053	2026-02-09 08:19:07	1	0	15	0
        117630	2026-02-09 08:19:56	1	0	15	0
        110158	2026-02-09 08:20:05	1	0	15	0
        110354	2026-02-09 08:21:01	1	0	15	0
        119107	2026-02-09 08:22:23	1	0	15	0
        110100	2026-02-09 08:23:06	1	0	15	0
        119282	2026-02-09 08:24:07	1	0	15	0
        116493	2026-02-09 08:24:18	1	0	15	0
        116472	2026-02-09 08:24:46	1	0	15	0
        116166	2026-02-09 08:26:34	1	0	15	0
        118180	2026-02-09 08:28:20	1	0	15	0
        110077	2026-02-09 08:31:19	1	0	15	0
        116849	2026-02-09 08:34:03	1	0	15	0
        117659	2026-02-09 08:35:29	1	0	15	0
        117054	2026-02-09 08:37:29	1	0	15	0
        117269	2026-02-09 08:37:35	1	0	15	0
        118503	2026-02-09 08:42:14	1	0	15	0
        117575	2026-02-09 08:42:51	1	0	15	0
        116279	2026-02-09 08:43:27	1	0	15	0
        119386	2026-02-09 08:44:06	1	0	15	0
        110360	2026-02-09 08:45:06	1	0	15	0
        117645	2026-02-09 08:51:31	1	0	15	0
        117111	2026-02-09 08:53:06	1	0	15	0
        118761	2026-02-09 08:55:26	1	0	15	0
        116070	2026-02-09 08:57:04	1	0	15	0
        118917	2026-02-09 08:59:02	1	0	15	0
        117529	2026-02-09 09:00:50	1	0	15	0
        110183	2026-02-09 09:06:30	1	0	15	0
        116477	2026-02-09 09:12:54	1	0	15	0
        117642	2026-02-09 10:06:54	1	0	15	0
        116453	2026-02-09 10:24:45	1	0	15	0
        119449	2026-02-09 10:44:17	1	0	15	0
        110355	2026-02-09 12:00:03	1	2	15	0
        110354	2026-02-09 12:00:04	1	2	15	0
        117833	2026-02-09 12:00:08	1	2	15	0
        110356	2026-02-09 12:00:09	1	2	15	0
        110485	2026-02-09 12:00:12	1	2	15	0
        110172	2026-02-09 12:00:14	1	2	15	0
            13	2026-02-09 12:00:16	1	2	15	0
        119107	2026-02-09 12:00:19	1	2	15	0
        118917	2026-02-09 12:00:24	1	2	15	0
        117814	2026-02-09 12:00:26	1	2	15	0
        118829	2026-02-09 12:00:28	1	2	15	0
        110492	2026-02-09 12:00:30	1	2	15	0
        116383	2026-02-09 12:00:32	1	2	15	0
        116477	2026-02-09 12:00:33	1	2	15	0
        117926	2026-02-09 12:00:36	1	2	15	0
        117270	2026-02-09 12:00:37	1	2	15	0
        110418	2026-02-09 12:00:39	1	2	15	0
        117983	2026-02-09 12:00:41	1	2	15	0
        117972	2026-02-09 12:00:43	1	2	15	0
        116279	2026-02-09 12:00:44	1	2	15	0
        118458	2026-02-09 12:00:50	1	2	15	0
        116914	2026-02-09 12:00:58	1	2	15	0
        110198	2026-02-09 12:01:02	1	2	15	0
        117046	2026-02-09 12:01:03	1	2	15	0
        116902	2026-02-09 12:01:06	1	2	15	0
        110424	2026-02-09 12:01:08	1	2	15	0
        110506	2026-02-09 12:01:12	1	2	15	0
        118563	2026-02-09 12:01:15	1	2	15	0
        117543	2026-02-09 12:01:29	1	2	15	0
        117088	2026-02-09 12:01:34	1	2	15	0
        117222	2026-02-09 12:01:36	1	2	15	0
        117269	2026-02-09 12:01:44	1	2	15	0
        117700	2026-02-09 12:01:48	1	2	15	0
        116274	2026-02-09 12:01:51	1	2	15	0
        117930	2026-02-09 12:01:54	1	2	15	0
        116426	2026-02-09 12:01:58	1	2	15	0
        117642	2026-02-09 12:02:04	1	2	15	0
        117711	2026-02-09 12:02:07	1	2	15	0
        118953	2026-02-09 12:02:09	1	2	15	0
        110116	2026-02-09 12:02:12	1	2	15	0
        110377	2026-02-09 12:02:17	1	2	15	0
        117790	2026-02-09 12:02:38	1	2	15	0
        119449	2026-02-09 12:02:40	1	2	15	0
        110105	2026-02-09 12:02:53	1	2	15	0
        116356	2026-02-09 12:02:55	1	2	15	0
        118369	2026-02-09 12:02:56	1	2	15	0
        110113	2026-02-09 12:02:58	1	2	15	0
        117091	2026-02-09 12:03:03	1	2	15	0
        116805	2026-02-09 12:03:05	1	2	15	0
        117061	2026-02-09 12:03:07	1	2	15	0
        117981	2026-02-09 12:03:08	1	2	15	0
        118580	2026-02-09 12:03:09	1	2	15	0
        110128	2026-02-09 12:03:12	1	2	15	0
        110116	2026-02-09 12:03:14	1	2	15	0
        110356	2026-02-09 12:03:18	1	2	15	0
        110355	2026-02-09 12:03:19	1	2	15	0
        110492	2026-02-09 12:03:27	1	2	15	0
        116279	2026-02-09 12:03:35	1	2	15	0
        117541	2026-02-09 12:03:39	1	2	15	0
        117259	2026-02-09 12:03:41	1	2	15	0
        116252	2026-02-09 12:03:43	1	2	15	0
        117770	2026-02-09 12:03:44	1	2	15	0
        110485	2026-02-09 12:03:46	1	2	15	0
        117838	2026-02-09 12:03:48	1	2	15	0
        117966	2026-02-09 12:03:49	1	2	15	0
        117769	2026-02-09 12:03:51	1	2	15	0
        110195	2026-02-09 12:03:52	1	2	15	0
        117644	2026-02-09 12:03:54	1	2	15	0
        118761	2026-02-09 12:03:56	1	2	15	0
        117997	2026-02-09 12:03:58	1	2	15	0
        116831	2026-02-09 12:04:02	1	2	15	0
        110354	2026-02-09 12:04:08	1	2	15	0
        110172	2026-02-09 12:04:13	1	2	15	0
        118043	2026-02-09 12:04:15	1	2	15	0
        110424	2026-02-09 12:04:28	1	2	15	0
        110418	2026-02-09 12:04:31	1	2	15	0
        117114	2026-02-09 12:04:32	1	2	15	0
        119453	2026-02-09 12:04:35	1	2	15	0
        117680	2026-02-09 12:04:37	1	2	15	0
        117222	2026-02-09 12:04:43	1	2	15	0
        116104	2026-02-09 12:04:46	1	2	15	0
        118157	2026-02-09 12:04:49	1	2	15	0
        116282	2026-02-09 12:04:51	1	2	15	0
        117915	2026-02-09 12:04:53	1	2	15	0
        117716	2026-02-09 12:04:55	1	2	15	0
        116356	2026-02-09 12:04:56	1	2	15	0
        118369	2026-02-09 12:04:59	1	2	15	0
        116805	2026-02-09 12:05:02	1	2	15	0
        117981	2026-02-09 12:05:06	1	2	15	0
        117061	2026-02-09 12:05:08	1	2	15	0
        117046	2026-02-09 12:05:11	1	2	15	0
        118563	2026-02-09 12:05:14	1	2	15	0
        117091	2026-02-09 12:05:17	1	2	15	0
        117983	2026-02-09 12:05:19	1	2	15	0
        118186	2026-02-09 12:05:21	1	2	15	0
        117733	2026-02-09 12:05:24	1	2	15	0
        116472	2026-02-09 12:05:26	1	2	15	0
        116747	2026-02-09 12:05:28	1	2	15	0
        116914	2026-02-09 12:05:36	1	2	15	0
        116902	2026-02-09 12:05:40	1	2	15	0
        116504	2026-02-09 12:05:42	1	2	15	0
        116483	2026-02-09 12:05:44	1	2	15	0
        110200	2026-02-09 12:05:46	1	2	15	0
        119227	2026-02-09 12:05:47	1	2	15	0
        119494	2026-02-09 12:05:50	1	2	15	0
        117769	2026-02-09 12:05:52	1	2	15	0
        117838	2026-02-09 12:05:54	1	2	15	0
        116383	2026-02-09 12:05:55	1	2	15	0
        117269	2026-02-09 12:05:56	1	2	15	0
        118953	2026-02-09 12:05:58	1	2	15	0
        118829	2026-02-09 12:06:00	1	2	15	0
        110376	2026-02-09 12:06:02	1	2	15	0
        118971	2026-02-09 12:06:04	1	2	15	0
        117966	2026-02-09 12:06:06	1	2	15	0
        119107	2026-02-09 12:06:07	1	2	15	0
        117770	2026-02-09 12:06:13	1	2	15	0
        118928	2026-02-09 12:06:15	1	2	15	0
        116129	2026-02-09 12:06:19	1	2	15	0
        110062	2026-02-09 12:06:20	1	2	15	0
        119282	2026-02-09 12:06:26	1	2	15	0
        110514	2026-02-09 12:07:16	1	2	15	0
        117630	2026-02-09 12:07:17	1	2	15	0
        110513	2026-02-09 12:07:19	1	2	15	0
        110090	2026-02-09 12:07:22	1	2	15	0
        117930	2026-02-09 12:07:26	1	2	15	0
        117998	2026-02-09 12:07:28	1	2	15	0
        116849	2026-02-09 12:07:31	1	2	15	0
        116496	2026-02-09 12:07:33	1	2	15	0
        116787	2026-02-09 12:07:34	1	2	15	0
        116748	2026-02-09 12:07:36	1	2	15	0
        110158	2026-02-09 12:07:37	1	2	15	0
        117972	2026-02-09 12:07:40	1	2	15	0
        110113	2026-02-09 12:07:42	1	2	15	0
        117497	2026-02-09 12:07:44	1	2	15	0
        110466	2026-02-09 12:07:46	1	2	15	0
        119157	2026-02-09 12:07:48	1	2	15	0
        116477	2026-02-09 12:07:50	1	2	15	0
        117591	2026-02-09 12:07:52	1	2	15	0
        117897	2026-02-09 12:07:54	1	2	15	0
        110200	2026-02-09 12:08:04	1	2	15	0
        117733	2026-02-09 12:08:09	1	2	15	0
        119227	2026-02-09 12:08:12	1	2	15	0
        116104	2026-02-09 12:08:14	1	2	15	0
        116799	2026-02-09 12:08:19	1	2	15	0
        116260	2026-02-09 12:08:21	1	2	15	0
        116831	2026-02-09 12:08:27	1	2	15	0
        118157	2026-02-09 12:08:30	1	2	15	0
        116282	2026-02-09 12:08:31	1	2	15	0
        117915	2026-02-09 12:08:33	1	2	15	0
        118186	2026-02-09 12:08:36	1	2	15	0
        118862	2026-02-09 12:08:38	1	2	15	0
        117644	2026-02-09 12:08:46	1	2	15	0
        117926	2026-02-09 12:08:56	1	2	15	0
        119453	2026-02-09 12:09:04	1	2	15	0
        117129	2026-02-09 12:09:06	1	2	15	0
        110093	2026-02-09 12:09:11	1	2	15	0
        117567	2026-02-09 12:09:17	1	2	15	0
        117812	2026-02-09 12:09:27	1	2	15	0
        110144	2026-02-09 12:09:57	1	2	15	0
        117997	2026-02-09 12:10:01	1	2	15	0
        118043	2026-02-09 12:10:09	1	2	15	0
        116426	2026-02-09 12:10:10	1	2	15	0
        116260	2026-02-09 12:10:15	1	2	15	0
        117630	2026-02-09 12:10:19	1	2	15	0
        110475	2026-02-09 12:10:29	1	2	15	0
        116428	2026-02-09 12:10:32	1	2	15	0
        117121	2026-02-09 12:10:35	1	2	15	0
        117114	2026-02-09 12:10:38	1	2	15	0
        117201	2026-02-09 12:10:40	1	2	15	0
        119157	2026-02-09 12:10:42	1	2	15	0
        118997	2026-02-09 12:10:47	1	2	15	0
        110360	2026-02-09 12:10:51	1	2	15	0
        117529	2026-02-09 12:10:53	1	2	15	0
        110507	2026-02-09 12:11:03	1	2	15	0
        110376	2026-02-09 12:11:15	1	2	15	0
        116483	2026-02-09 12:11:21	1	2	15	0
        116497	2026-02-09 12:11:23	1	2	15	0
        116504	2026-02-09 12:11:24	1	2	15	0
        118744	2026-02-09 12:11:26	1	2	15	0
        117259	2026-02-09 12:11:29	1	2	15	0
        110457	2026-02-09 12:11:31	1	2	15	0
        117924	2026-02-09 12:11:33	1	2	15	0
        118580	2026-02-09 12:11:36	1	2	15	0
        116072	2026-02-09 12:11:37	1	2	15	0
        116346	2026-02-09 12:11:39	1	2	15	0
        117541	2026-02-09 12:11:41	1	2	15	0
        116496	2026-02-09 12:11:43	1	2	15	0
        110144	2026-02-09 12:11:44	1	2	15	0
        117059	2026-02-09 12:11:46	1	2	15	0
        117639	2026-02-09 12:11:49	1	2	15	0
        116787	2026-02-09 12:11:51	1	2	15	0
        110105	2026-02-09 12:11:52	1	2	15	0
        116849	2026-02-09 12:11:53	1	2	15	0
        116142	2026-02-09 12:11:58	1	2	15	0
        110173	2026-02-09 12:12:01	1	2	15	0
        110088	2026-02-09 12:12:03	1	2	15	0
        110517	2026-02-09 12:12:04	1	2	15	0
        117144	2026-02-09 12:12:08	1	2	15	0
        117120	2026-02-09 12:12:10	1	2	15	0
        119006	2026-02-09 12:12:12	1	2	15	0
        117122	2026-02-09 12:12:13	1	2	15	0
        119263	2026-02-09 12:12:16	1	2	15	0
        117897	2026-02-09 12:12:18	1	2	15	0
        118928	2026-02-09 12:12:20	1	2	15	0
        116129	2026-02-09 12:12:22	1	2	15	0
        117616	2026-02-09 12:12:24	1	2	15	0
        118862	2026-02-09 12:12:26	1	2	15	0
        119449	2026-02-09 12:12:27	1	2	15	0
        110475	2026-02-09 12:12:31	1	2	15	0
        110378	2026-02-09 12:12:37	1	2	15	0
        117156	2026-02-09 12:12:39	1	2	15	0
        117998	2026-02-09 12:12:44	1	2	15	0
        117837	2026-02-09 12:12:49	1	2	15	0
        110090	2026-02-09 12:13:03	1	2	15	0
        116995	2026-02-09 12:13:06	1	2	15	0
        117742	2026-02-09 12:13:09	1	2	15	0
        117807	2026-02-09 12:13:11	1	2	15	0
        117591	2026-02-09 12:13:14	1	2	15	0
        117088	2026-02-09 12:13:16	1	2	15	0
        117121	2026-02-09 12:13:30	1	2	15	0
        116428	2026-02-09 12:13:32	1	2	15	0
        117529	2026-02-09 12:13:37	1	2	15	0
        110076	2026-02-09 12:13:44	1	2	15	0
        118640	2026-02-09 12:13:48	1	2	15	0
        116835	2026-02-09 12:13:50	1	2	15	0
        110372	2026-02-09 12:13:53	1	2	15	0
        117786	2026-02-09 12:13:55	1	2	15	0
        119386	2026-02-09 12:13:57	1	2	15	0
        116166	2026-02-09 12:13:59	1	2	15	0
        110065	2026-02-09 12:14:01	1	2	15	0
           538	2026-02-09 12:14:04	1	2	15	0
        117692	2026-02-09 12:14:06	1	2	15	0
        117982	2026-02-09 12:14:08	1	2	15	0
        119475	2026-02-09 12:14:10	1	2	15	0
        110377	2026-02-09 12:14:13	1	2	15	0
        117129	2026-02-09 12:14:18	1	2	15	0
        117639	2026-02-09 12:14:20	1	2	15	0
        117921	2026-02-09 12:14:21	1	2	15	0
        118180	2026-02-09 12:14:26	1	2	15	0
        117542	2026-02-09 12:14:30	1	2	15	0
        119282	2026-02-09 12:14:42	1	2	15	0
        118744	2026-02-09 12:14:50	1	2	15	0
        116497	2026-02-09 12:14:52	1	2	15	0
        116072	2026-02-09 12:14:54	1	2	15	0
        117924	2026-02-09 12:14:57	1	2	15	0
        110457	2026-02-09 12:15:00	1	2	15	0
        110527	2026-02-09 12:15:01	1	2	15	0
        117817	2026-02-09 12:15:03	1	2	15	0
        110053	2026-02-09 12:15:06	1	2	15	0
        118046	2026-02-09 12:15:10	1	2	15	0
        119494	2026-02-09 12:15:22	1	2	15	0
        117189	2026-02-09 12:15:44	1	2	15	0
        118761	2026-02-09 12:15:50	1	2	15	0
        110173	2026-02-09 12:15:55	1	2	15	0
        110517	2026-02-09 12:15:57	1	2	15	0
        117716	2026-02-09 12:16:02	1	2	15	0
        110357	2026-02-09 12:16:08	1	2	15	0
        110493	2026-02-09 12:16:12	1	2	15	0
        116835	2026-02-09 12:16:16	1	2	15	0
        117543	2026-02-09 12:16:19	1	2	15	0
        110372	2026-02-09 12:16:20	1	2	15	0
        117270	2026-02-09 12:16:26	1	2	15	0
        116274	2026-02-09 12:16:35	1	2	15	0
        110088	2026-02-09 12:16:40	1	2	15	0
        110128	2026-02-09 12:16:44	1	2	15	0
        119594	2026-02-09 12:16:46	1	2	15	0
        110085	2026-02-09 12:17:05	1	2	15	0
        110062	2026-02-09 12:17:08	1	2	15	0
        117742	2026-02-09 12:17:10	1	2	15	0
        117837	2026-02-09 12:17:16	1	2	15	0
        116995	2026-02-09 12:17:16	1	2	15	0
        119263	2026-02-09 12:17:20	1	2	15	0
        110513	2026-02-09 12:17:24	1	2	15	0
        110514	2026-02-09 12:17:27	1	2	15	0
        117993	2026-02-09 12:17:30	1	2	15	0
        119006	2026-02-09 12:17:31	1	2	15	0
        117807	2026-02-09 12:17:36	1	2	15	0
        117542	2026-02-09 12:17:37	1	2	15	0
        118917	2026-02-09 12:17:42	1	2	15	0
            13	2026-02-09 12:17:44	1	2	15	0
        116996	2026-02-09 12:17:46	1	2	15	0
        117790	2026-02-09 12:17:47	1	2	15	0
        117201	2026-02-09 12:17:51	1	2	15	0
        117224	2026-02-09 12:17:53	1	2	15	0
        117699	2026-02-09 12:17:57	1	2	15	0
        118640	2026-02-09 12:17:59	1	2	15	0
        110093	2026-02-09 12:18:03	1	2	15	0
        118180	2026-02-09 12:18:06	1	2	15	0
        119594	2026-02-09 12:18:19	1	2	15	0
        117156	2026-02-09 12:18:37	1	2	15	0
        117692	2026-02-09 12:18:38	1	2	15	0
        117921	2026-02-09 12:18:45	1	2	15	0
        117982	2026-02-09 12:18:47	1	2	15	0
        110077	2026-02-09 12:18:50	1	2	15	0
        117144	2026-02-09 12:19:08	1	2	15	0
        110032	2026-02-09 12:19:24	1	2	15	0
        117497	2026-02-09 12:19:39	1	2	15	0
        110076	2026-02-09 12:19:45	1	2	15	0
        116933	2026-02-09 12:19:52	1	2	15	0
        117113	2026-02-09 12:19:54	1	2	15	0
        119272	2026-02-09 12:19:57	1	2	15	0
        117189	2026-02-09 12:20:13	1	2	15	0
        110493	2026-02-09 12:20:19	1	2	15	0
        116453	2026-02-09 12:20:55	1	2	15	0
        117595	2026-02-09 12:21:00	1	2	15	0
        110507	2026-02-09 12:21:09	1	2	15	0
        117642	2026-02-09 12:21:15	1	2	15	0
        117645	2026-02-09 12:21:19	1	2	15	0
        117841	2026-02-09 12:21:21	1	2	15	0
        117840	2026-02-09 12:21:24	1	2	15	0
        117850	2026-02-09 12:21:43	1	2	15	0
        117707	2026-02-09 12:21:46	1	2	15	0
        110065	2026-02-09 12:21:50	1	2	15	0
        119475	2026-02-09 12:21:53	1	2	15	0
        116252	2026-02-09 12:21:59	1	2	15	0
        116799	2026-02-09 12:22:02	1	2	15	0
        117680	2026-02-09 12:22:15	1	2	15	0
        116297	2026-02-09 12:22:21	1	2	15	0
        110197	2026-02-09 12:22:25	1	2	15	0
        110378	2026-02-09 12:22:28	1	2	15	0
        110116	2026-02-09 12:22:33	1	2	15	0
        117080	2026-02-09 12:22:39	1	2	15	0
        117812	2026-02-09 12:22:49	1	2	15	0
        117567	2026-02-09 12:22:55	1	2	15	0
        110100	2026-02-09 12:23:08	1	2	15	0
        110060	2026-02-09 12:23:10	1	2	15	0
        116960	2026-02-09 12:23:12	1	2	15	0
        116142	2026-02-09 12:23:17	1	2	15	0
        117133	2026-02-09 12:23:19	1	2	15	0
        110357	2026-02-09 12:23:29	1	2	15	0
        117645	2026-02-09 12:23:41	1	2	15	0
        117224	2026-02-09 12:23:44	1	2	15	0
        110358	2026-02-09 12:23:53	1	2	15	0
        119340	2026-02-09 12:23:59	1	2	15	0
        117341	2026-02-09 12:24:07	1	2	15	0
        117077	2026-02-09 12:24:09	1	2	15	0
        116537	2026-02-09 12:24:11	1	2	15	0
        117840	2026-02-09 12:24:35	1	2	15	0
        110032	2026-02-09 12:24:40	1	2	15	0
        110063	2026-02-09 12:24:49	1	2	15	0
        110083	2026-02-09 12:24:56	1	2	15	0
        117850	2026-02-09 12:25:00	1	2	15	0
        117707	2026-02-09 12:25:02	1	2	15	0
        110183	2026-02-09 12:25:06	1	2	15	0
        116337	2026-02-09 12:25:09	1	2	15	0
        110506	2026-02-09 12:25:12	1	2	15	0
        117817	2026-02-09 12:25:17	1	2	15	0
        110198	2026-02-09 12:25:21	1	2	15	0
        110051	2026-02-09 12:25:26	1	2	15	0
        119272	2026-02-09 12:25:31	1	2	15	0
        118971	2026-02-09 12:25:46	1	2	15	0
        117133	2026-02-09 12:25:55	1	2	15	0
        117841	2026-02-09 12:25:58	1	2	15	0
        118568	2026-02-09 12:26:09	1	2	15	0
        116828	2026-02-09 12:26:16	1	2	1	0
        110535	2026-02-09 12:26:36	1	2	15	0
        119340	2026-02-09 12:27:04	1	2	15	0
        116453	2026-02-09 12:27:08	1	2	15	0
        110358	2026-02-09 12:27:11	1	2	15	0
        118867	2026-02-09 12:27:13	1	2	15	0
        117483	2026-02-09 12:27:29	1	2	15	0
        117839	2026-02-09 12:27:30	1	2	15	0
        116996	2026-02-09 12:27:31	1	2	15	0
        118753	2026-02-09 12:27:35	1	2	15	0
        116069	2026-02-09 12:27:58	1	2	15	0
        110051	2026-02-09 12:28:20	1	2	15	0
        118458	2026-02-09 12:28:41	1	2	15	0
        110070	2026-02-09 12:28:45	1	2	15	0
        110060	2026-02-09 12:29:23	1	2	15	0
        116960	2026-02-09 12:29:25	1	2	15	0
        110100	2026-02-09 12:29:26	1	2	15	0
        118753	2026-02-09 12:29:28	1	2	15	0
        110197	2026-02-09 12:29:37	1	2	15	0
        118867	2026-02-09 12:29:41	1	2	15	0
        117483	2026-02-09 12:29:51	1	2	15	0
        117839	2026-02-09 12:29:53	1	2	15	0
        110473	2026-02-09 12:29:54	1	2	15	0
        117113	2026-02-09 12:30:22	1	2	15	0
        116337	2026-02-09 12:30:29	1	2	15	0
        116537	2026-02-09 12:30:31	1	2	15	0
        117341	2026-02-09 12:30:34	1	2	15	0
        117077	2026-02-09 12:30:39	1	2	15	0
        110535	2026-02-09 12:31:03	1	2	15	0
        119386	2026-02-09 12:31:41	1	2	15	0
        110413	2026-02-09 12:31:55	1	2	15	0
        110063	2026-02-09 12:32:03	1	2	15	0
        117575	2026-02-09 12:32:07	1	2	15	0
        116166	2026-02-09 12:32:46	1	3	15	0
        119493	2026-02-09 12:33:07	1	3	15	0
        110083	2026-02-09 12:33:13	1	3	15	0
        110473	2026-02-09 12:33:23	1	3	15	0
        118207	2026-02-09 12:33:38	1	3	15	0
        110183	2026-02-09 12:33:58	1	3	15	0
        118568	2026-02-09 12:34:08	1	3	15	0
        118695	2026-02-09 12:34:14	1	3	15	0
        117111	2026-02-09 12:34:16	1	3	15	0
        117337	2026-02-09 12:34:19	1	3	15	0
        117575	2026-02-09 12:34:29	1	3	15	0
        110466	2026-02-09 12:34:45	1	3	15	0
        116828	2026-02-09 12:35:13	1	3	1	0
        116933	2026-02-09 12:35:35	1	3	15	0
        117103	2026-02-09 12:35:48	1	3	15	0
        117122	2026-02-09 12:36:00	1	3	15	0
        117699	2026-02-09 12:36:25	1	3	15	0
        110393	2026-02-09 12:36:29	1	3	15	0
        110527	2026-02-09 12:37:04	1	3	15	0
        110077	2026-02-09 12:37:33	1	3	15	0
        117120	2026-02-09 12:37:42	1	3	15	0
        117103	2026-02-09 12:38:07	1	3	15	0
           538	2026-02-09 12:38:13	1	3	15	0
        117085	2026-02-09 12:38:57	1	3	15	0
        117111	2026-02-09 12:39:52	1	3	15	0
        117337	2026-02-09 12:39:54	1	3	15	0
        116493	2026-02-09 12:39:56	1	3	15	0
        110070	2026-02-09 12:40:02	1	3	15	0
        119365	2026-02-09 12:40:06	1	3	15	0
        117085	2026-02-09 12:40:09	1	3	15	0
        110360	2026-02-09 12:40:45	1	3	15	0
        118695	2026-02-09 12:40:50	1	3	15	0
        116748	2026-02-09 12:41:06	1	3	15	0
        110158	2026-02-09 12:41:07	1	3	15	0
        117059	2026-02-09 12:41:43	1	3	15	0
        110085	2026-02-09 12:42:00	1	3	15	0
        119602	2026-02-09 12:42:59	1	3	15	0
        110053	2026-02-09 12:43:14	1	3	15	0
        110393	2026-02-09 12:43:21	1	3	15	0
        110413	2026-02-09 12:43:24	1	3	15	0
        118997	2026-02-09 12:43:31	1	3	15	0
        110011	2026-02-09 12:43:34	1	3	15	0
        110025	2026-02-09 12:43:39	1	3	15	0
        117054	2026-02-09 12:44:15	1	3	15	0
        116551	2026-02-09 12:44:30	1	3	15	0
        110195	2026-02-09 12:44:40	1	3	15	0
        117833	2026-02-09 12:44:43	1	3	15	0
        119365	2026-02-09 12:44:49	1	3	15	0
        116493	2026-02-09 12:44:52	1	3	15	0
        118455	2026-02-09 12:45:05	1	3	15	0
        119070	2026-02-09 12:45:08	1	3	15	0
        116990	2026-02-09 12:45:10	1	3	15	0
        119602	2026-02-09 12:45:18	1	3	15	0
        110006	2026-02-09 12:45:59	1	3	15	0
        116747	2026-02-09 12:46:01	1	3	15	0
        116472	2026-02-09 12:46:04	1	3	15	0
        117054	2026-02-09 12:46:21	1	3	15	0
        110025	2026-02-09 12:46:24	1	3	15	0
        119143	2026-02-09 12:47:48	1	3	15	0
        117595	2026-02-09 12:47:52	1	3	15	0
        110050	2026-02-09 12:48:06	1	3	15	0
        117711	2026-02-09 12:48:43	1	3	15	0
        117700	2026-02-09 12:49:33	1	3	15	0
        117616	2026-02-09 12:49:38	1	3	15	0
        119070	2026-02-09 12:50:02	1	3	15	0
        118455	2026-02-09 12:50:07	1	3	15	0
        116551	2026-02-09 12:50:14	1	3	15	0
        118046	2026-02-09 12:50:19	1	3	15	0
        110011	2026-02-09 12:50:27	1	3	15	0
        110006	2026-02-09 12:50:36	1	3	15	0
        110050	2026-02-09 12:50:42	1	3	15	0
        119143	2026-02-09 12:50:59	1	3	15	0
        116297	2026-02-09 12:51:42	1	3	15	0
        117683	2026-02-09 12:51:46	1	3	15	0
        117634	2026-02-09 12:51:48	1	3	15	0
        116422	2026-02-09 12:51:50	1	3	15	0
        117219	2026-02-09 12:51:53	1	3	15	0
        119493	2026-02-09 12:52:18	1	3	15	0
        117634	2026-02-09 12:53:05	1	3	15	0
        117683	2026-02-09 12:53:08	1	3	15	0
        117219	2026-02-09 12:53:10	1	3	15	0
        116422	2026-02-09 12:53:12	1	3	15	0
        116346	2026-02-09 12:53:40	1	3	15	0
        119364	2026-02-09 12:53:48	1	3	15	0
        110057	2026-02-09 12:53:50	1	3	15	0
        110074	2026-02-09 12:53:52	1	3	15	0
        118503	2026-02-09 12:54:57	1	3	15	0
        118207	2026-02-09 12:55:58	1	3	15	0
        117659	2026-02-09 12:57:09	1	3	15	0
        117993	2026-02-09 12:57:57	1	3	15	0
        117786	2026-02-09 12:58:04	1	3	15	0
        118503	2026-02-09 12:58:13	1	3	15	0
        110057	2026-02-09 12:58:21	1	3	15	0
        110074	2026-02-09 12:58:25	1	3	15	0
        119364	2026-02-09 12:58:31	1	3	15	0
        117659	2026-02-09 13:00:31	1	3	15	0
        110128	2026-02-09 14:25:46	1	3	15	0
        117930	2026-02-09 17:00:02	1	1	15	0
        116297	2026-02-09 17:00:26	1	1	15	0
        117786	2026-02-09 17:01:06	1	1	15	0
        110113	2026-02-09 17:01:16	1	1	15	0
        119340	2026-02-09 17:01:20	1	1	15	0
        119365	2026-02-09 17:01:22	1	1	15	0
        117103	2026-02-09 17:01:25	1	1	15	0
        110358	2026-02-09 17:01:26	1	1	15	0
        110485	2026-02-09 17:01:30	1	1	15	0
        118829	2026-02-09 17:01:34	1	1	15	0
        110355	2026-02-09 17:01:36	1	1	15	0
        116422	2026-02-09 17:01:53	1	1	15	0
        117219	2026-02-09 17:01:55	1	1	15	0
        117133	2026-02-09 17:01:57	1	1	15	0
        118180	2026-02-09 17:01:58	1	1	15	0
        110197	2026-02-09 17:02:07	1	1	15	0
        117189	2026-02-09 17:02:11	1	1	15	0
        116337	2026-02-09 17:02:33	1	1	15	0
        117088	2026-02-09 17:02:35	1	1	15	0
        118207	2026-02-09 17:02:38	1	1	15	0
        110088	2026-02-09 17:02:44	1	1	15	0
        119453	2026-02-09 17:02:57	1	1	15	0
        118186	2026-02-09 17:03:15	1	1	15	0
        110377	2026-02-09 17:03:30	1	1	15	0
        110376	2026-02-09 17:03:35	1	1	15	0
        117915	2026-02-09 17:03:41	1	1	15	0
        117770	2026-02-09 17:03:47	1	1	15	0
        116990	2026-02-09 17:03:49	1	1	15	0
        117680	2026-02-09 17:03:51	1	1	15	0
        117144	2026-02-09 17:04:01	1	1	15	0
        116537	2026-02-09 17:04:04	1	1	15	0
        118971	2026-02-09 17:04:07	1	1	15	0
        116799	2026-02-09 17:04:10	1	1	15	0
        117341	2026-02-09 17:04:14	1	1	15	0
        118640	2026-02-09 17:04:15	1	1	15	0
        117224	2026-02-09 17:04:18	1	1	15	0
        116426	2026-02-09 17:04:41	1	1	15	0
        110065	2026-02-09 17:04:51	1	1	15	0
        119475	2026-02-09 17:04:56	1	1	15	0
        117926	2026-02-09 17:04:59	1	1	15	0
        117634	2026-02-09 17:05:32	1	1	15	0
        117683	2026-02-09 17:05:35	1	1	15	0
        118157	2026-02-09 17:05:37	1	1	15	0
        116496	2026-02-09 17:05:42	1	1	15	0
        117838	2026-02-09 17:05:53	1	1	15	0
        117966	2026-02-09 17:05:55	1	1	15	0
        117769	2026-02-09 17:05:57	1	1	15	0
        116282	2026-02-09 17:06:02	1	1	15	0
        116849	2026-02-09 17:06:10	1	1	15	0
        117997	2026-02-09 17:06:29	1	1	15	0
        117983	2026-02-09 17:06:36	1	1	15	0
        110356	2026-02-09 17:06:38	1	1	15	0
        110535	2026-02-09 17:06:40	1	1	15	0
        117833	2026-02-09 17:06:44	1	1	15	0
        116748	2026-02-09 17:06:59	1	1	15	0
        110116	2026-02-09 17:07:19	1	1	15	0
        116551	2026-02-09 17:07:27	1	1	15	0
        110418	2026-02-09 17:07:31	1	1	15	0
        117841	2026-02-09 17:07:34	1	1	15	0
        117483	2026-02-09 17:07:36	1	1	15	0
        116996	2026-02-09 17:07:38	1	1	15	0
        110200	2026-02-09 17:07:39	1	1	15	0
        117122	2026-02-09 17:07:46	1	1	15	0
        117616	2026-02-09 17:08:27	1	1	15	0
        117543	2026-02-09 17:08:38	1	1	15	0
        110093	2026-02-09 17:08:44	1	1	15	0
        117972	2026-02-09 17:08:48	1	1	15	0
        119602	2026-02-09 17:08:54	1	1	15	0
        118928	2026-02-09 17:08:57	1	1	15	0
        116129	2026-02-09 17:09:00	1	1	15	0
        117497	2026-02-09 17:09:03	1	1	15	0
        117982	2026-02-09 17:09:12	1	1	15	0
        117839	2026-02-09 17:09:14	1	1	15	0
        117645	2026-02-09 17:09:16	1	1	15	0
        117659	2026-02-09 17:09:17	1	1	15	0
        117840	2026-02-09 17:09:19	1	1	15	0
        117630	2026-02-09 17:09:22	1	1	15	0
        116902	2026-02-09 17:09:27	1	1	15	0
        117850	2026-02-09 17:09:34	1	1	15	0
        117790	2026-02-09 17:09:39	1	1	15	0
        117700	2026-02-09 17:09:45	1	1	15	0
        117707	2026-02-09 17:10:09	1	1	15	0
        110173	2026-02-09 17:10:13	1	1	15	0
        117129	2026-02-09 17:10:15	1	1	15	0
        110517	2026-02-09 17:10:39	1	1	15	0
        117059	2026-02-09 17:11:00	1	1	15	0
        110527	2026-02-09 17:11:24	1	1	15	0
        116493	2026-02-09 17:11:29	1	1	15	0
        110158	2026-02-09 17:12:02	1	1	15	0
        118563	2026-02-09 17:12:09	1	1	15	0
        110466	2026-02-09 17:12:14	1	1	15	0
        116274	2026-02-09 17:12:19	1	1	15	0
        116747	2026-02-09 17:12:31	1	1	15	0
        117156	2026-02-09 17:12:33	1	1	15	0
        116472	2026-02-09 17:12:36	1	1	15	0
            13	2026-02-09 17:12:37	1	1	15	0
        118744	2026-02-09 17:13:04	1	1	15	0
        117897	2026-02-09 17:13:08	1	1	15	0
        110076	2026-02-09 17:13:10	1	1	15	0
        110144	2026-02-09 17:13:29	1	1	15	0
        117121	2026-02-09 17:13:46	1	1	15	0
        117269	2026-02-09 17:13:56	1	1	15	0
        110360	2026-02-09 17:13:59	1	1	15	0
        116252	2026-02-09 17:14:51	1	1	15	0
        110085	2026-02-09 17:15:01	1	1	15	0
        110493	2026-02-09 17:15:05	1	1	15	0
        110507	2026-02-09 17:15:18	1	1	15	0
        110198	2026-02-09 17:16:24	1	1	15	0
        116428	2026-02-09 17:17:21	1	1	15	0
        118458	2026-02-09 17:17:25	1	1	15	0
        110172	2026-02-09 17:17:48	1	1	15	0
        117639	2026-02-09 17:17:53	1	1	15	0
        118992	2026-02-09 17:18:13	1	1	15	0
        116383	2026-02-09 17:18:19	1	1	15	0
        110060	2026-02-09 17:18:30	1	1	15	0
        119272	2026-02-09 17:18:37	1	1	15	0
        116279	2026-02-09 17:19:02	1	1	15	0
        110457	2026-02-09 17:19:27	1	1	15	0
        118761	2026-02-09 17:19:43	1	1	15	0
        117692	2026-02-09 17:19:46	1	1	15	0
        110354	2026-02-09 17:20:14	1	1	15	0
        110513	2026-02-09 17:20:36	1	1	15	0
        110514	2026-02-09 17:20:38	1	1	15	0
        119386	2026-02-09 17:20:40	1	1	15	0
        117541	2026-02-09 17:20:55	1	1	15	0
        117259	2026-02-09 17:20:56	1	1	15	0
        116504	2026-02-09 17:20:58	1	1	15	0
        119070	2026-02-09 17:21:00	1	1	15	0
        118455	2026-02-09 17:21:07	1	1	15	0
        110074	2026-02-09 17:21:09	1	1	15	0
        117642	2026-02-09 17:21:55	1	1	15	0
        118503	2026-02-09 17:22:08	1	1	15	0
        116828	2026-02-09 17:22:11	1	1	1	0
        116477	2026-02-09 17:22:25	1	1	15	0
        117077	2026-02-09 17:22:42	1	1	15	0
        110011	2026-02-09 17:22:57	1	1	15	0
        116104	2026-02-09 17:23:00	1	1	15	0
        117812	2026-02-09 17:23:08	1	1	15	0
        116070	2026-02-09 17:23:11	1	1	15	0
        116995	2026-02-09 17:23:13	1	1	15	0
        117837	2026-02-09 17:23:14	1	1	15	0
        118568	2026-02-09 17:23:18	1	1	15	0
        117111	2026-02-09 17:23:40	1	1	15	0
        116831	2026-02-09 17:24:04	1	1	15	0
        117814	2026-02-09 17:24:15	1	1	15	0
           538	2026-02-09 17:24:23	1	1	15	0
        117201	2026-02-09 17:24:44	1	1	15	0
        118046	2026-02-09 17:25:17	1	1	15	0
        116453	2026-02-09 17:25:23	1	1	15	0
        110050	2026-02-09 17:25:39	1	1	15	0
        110195	2026-02-09 17:26:26	1	1	15	0
        118997	2026-02-09 17:26:43	1	1	15	0
        110183	2026-02-09 17:27:03	1	1	15	0
        110062	2026-02-09 17:27:12	1	1	15	0
        116346	2026-02-09 17:27:48	1	1	15	0
        119006	2026-02-09 17:28:20	1	1	15	0
        110070	2026-02-09 17:28:26	1	1	15	0
        119157	2026-02-09 17:28:29	1	1	15	0
        119263	2026-02-09 17:28:56	1	1	15	0
        116933	2026-02-09 17:31:16	1	1	15	0
        117699	2026-02-09 17:31:33	1	1	15	0
        116142	2026-02-09 17:32:34	1	1	15	0
        117575	2026-02-09 17:32:40	1	1	15	0
        117921	2026-02-09 17:32:45	1	1	15	0
        110372	2026-02-09 17:33:07	1	1	15	0
        116497	2026-02-09 17:33:16	1	1	15	0
        116072	2026-02-09 17:33:18	1	1	15	0
        118580	2026-02-09 17:33:28	1	1	15	0
        117046	2026-02-09 17:33:41	1	1	15	0
        110424	2026-02-09 17:33:43	1	1	15	0
        117120	2026-02-09 17:33:47	1	1	15	0
        117080	2026-02-09 17:34:31	1	1	15	0
        110084	2026-02-09 17:34:33	1	1	15	0
        110051	2026-02-09 17:34:36	1	1	15	0
        117998	2026-02-09 17:35:06	1	1	15	0
        110357	2026-02-09 17:36:15	1	1	15	0
        117716	2026-02-09 17:37:10	1	1	15	0
        116166	2026-02-09 17:37:29	1	1	15	0
        117711	2026-02-09 17:37:33	1	1	15	0
        116260	2026-02-09 17:37:51	1	1	15	0
        117114	2026-02-09 17:37:57	1	1	15	0
        110090	2026-02-09 17:38:26	1	1	15	0
        117993	2026-02-09 17:38:44	1	1	15	0
        116960	2026-02-09 17:38:54	1	1	15	0
        110100	2026-02-09 17:38:56	1	1	15	0
        110090	2026-02-09 17:39:31	1	1	15	0
        110475	2026-02-09 17:41:05	1	1	15	0
        110473	2026-02-09 17:41:21	1	1	15	0
        118953	2026-02-09 17:41:23	1	1	15	0
        119282	2026-02-09 17:42:05	1	1	15	0
        118867	2026-02-09 17:42:17	1	1	15	0
        110393	2026-02-09 17:42:37	1	1	15	0
        110413	2026-02-09 17:42:41	1	1	15	0
        119494	2026-02-09 17:42:57	1	1	15	0
        118753	2026-02-09 17:44:18	1	1	15	0
        116835	2026-02-09 17:45:27	1	1	15	0
        117270	2026-02-09 17:45:59	1	1	15	0
        119227	2026-02-09 17:46:03	1	1	15	0
        116069	2026-02-09 17:46:05	1	1	15	0
        110053	2026-02-09 17:46:11	1	1	15	0
        118043	2026-02-09 17:47:13	1	1	15	0
        116787	2026-02-09 17:47:52	1	1	15	0
        117733	2026-02-09 17:48:56	1	1	15	0
        110378	2026-02-09 17:49:58	1	1	15	0
        117061	2026-02-09 17:50:21	1	1	15	0
        116805	2026-02-09 17:54:32	1	1	15	0
        117591	2026-02-09 17:54:36	1	1	15	0
        116483	2026-02-09 17:56:42	1	1	15	0
        116356	2026-02-09 17:58:19	1	1	15	0
        110105	2026-02-09 18:00:52	1	1	15	0
        119107	2026-02-09 18:02:29	1	1	15	0
        117113	2026-02-09 18:04:57	1	1	15	0
        117529	2026-02-09 18:06:00	1	1	15	0
        117091	2026-02-09 18:07:44	1	1	15	0
        117085	2026-02-09 18:09:17	1	1	15	0
        117147	2026-02-09 18:09:30	1	1	15	0
        110025	2026-02-09 18:12:33	1	1	15	0
        119493	2026-02-09 18:17:45	1	1	15	0
        117222	2026-02-09 18:21:46	1	1	15	0
        117567	2026-02-09 18:22:52	1	1	15	0
        110077	2026-02-09 18:31:44	1	1	15	0
        119449	2026-02-09 18:31:55	1	1	15	0
        119594	2026-02-09 18:36:27	1	1	15	0
        117595	2026-02-09 18:45:20	1	1	15	0
        117817	2026-02-09 18:50:09	1	1	15	0
        110063	2026-02-09 18:54:21	1	1	15	0
        110057	2026-02-09 18:54:27	1	1	15	0
        119364	2026-02-09 18:54:35	1	1	15	0
        110032	2026-02-09 18:55:08	1	1	15	0
        117742	2026-02-09 19:00:41	1	1	15	0
        117807	2026-02-09 19:00:43	1	1	15	0
        110083	2026-02-09 19:02:05	1	1	15	0
        117924	2026-02-09 19:02:11	1	1	15	0
        118369	2026-02-09 19:02:13	1	1	15	0
        117054	2026-02-09 19:02:14	1	1	15	0
        117981	2026-02-09 19:02:17	1	1	15	0
        118862	2026-02-09 19:03:17	1	1	15	0
        119602	2026-02-09 19:04:36	1	1	15	0
        110006	2026-02-09 19:10:08	1	1	15	0
        110492	2026-02-09 19:21:31	1	1	15	0
        118917	2026-02-09 19:28:06	1	1	15	0
        117201	2026-02-10 04:41:03	1	0	15	0
        119070	2026-02-10 06:13:24	1	0	15	0
        117983	2026-02-10 06:38:15	1	0	15	0
        118992	2026-02-10 06:41:00	1	0	15	0
        118568	2026-02-10 06:41:18	1	0	15	0
        110084	2026-02-10 06:46:27	1	0	15	0
        116551	2026-02-10 06:47:02	1	0	15	0
        116835	2026-02-10 06:57:10	1	0	15	0
        117833	2026-02-10 06:57:58	1	0	15	0
        116914	2026-02-10 07:00:47	1	0	15	0
        116831	2026-02-10 07:02:03	1	0	15	0
        118043	2026-02-10 07:02:37	1	0	15	0
        117528	2026-02-10 07:03:03	1	0	15	0
        116763	2026-02-10 07:07:42	1	0	15	0
        117059	2026-02-10 07:08:31	1	0	15	0
        110466	2026-02-10 07:08:59	1	0	15	0
        117838	2026-02-10 07:09:53	1	0	1	0
        117769	2026-02-10 07:10:16	1	0	15	0
        116748	2026-02-10 07:10:34	1	0	15	0
        119006	2026-02-10 07:10:40	1	0	15	0
        110144	2026-02-10 07:11:23	1	0	15	0
        110113	2026-02-10 07:14:58	1	0	15	0
        117133	2026-02-10 07:15:00	1	0	15	0
        110051	2026-02-10 07:15:44	1	0	15	0
        116297	2026-02-10 07:16:32	1	0	15	0
        118997	2026-02-10 07:17:34	1	0	15	0
        117770	2026-02-10 07:17:41	1	0	15	0
        119272	2026-02-10 07:18:07	1	0	15	0
        119602	2026-02-10 07:19:42	1	0	15	0
        110085	2026-02-10 07:20:56	1	0	15	0
        118186	2026-02-10 07:21:15	1	0	15	0
        110527	2026-02-10 07:22:08	1	0	15	0
        116799	2026-02-10 07:23:06	1	0	15	0
        116995	2026-02-10 07:23:40	1	0	15	0
        119475	2026-02-10 07:27:32	1	0	15	0
        116828	2026-02-10 07:27:56	1	0	1	0
        117680	2026-02-10 07:28:51	1	0	15	0
        117982	2026-02-10 07:28:58	1	0	15	0
        118640	2026-02-10 07:31:18	1	0	15	0
        118157	2026-02-10 07:32:45	1	0	15	0
        110032	2026-02-10 07:33:32	1	0	15	0
        117724	2026-02-10 07:33:58	1	0	15	0
        110357	2026-02-10 07:34:49	1	0	15	0
        117839	2026-02-10 07:35:55	1	0	15	0
        116142	2026-02-10 07:36:18	1	0	15	0
        118744	2026-02-10 07:37:13	1	0	15	0
        119263	2026-02-10 07:38:13	1	0	15	0
        110358	2026-02-10 07:38:20	1	0	15	0
        110060	2026-02-10 07:38:35	1	0	15	0
        118829	2026-02-10 07:39:03	1	0	15	0
        110485	2026-02-10 07:39:15	1	0	15	0
        110065	2026-02-10 07:40:20	1	0	15	0
        116902	2026-02-10 07:40:50	1	0	15	0
        110475	2026-02-10 07:41:08	1	0	15	0
        110006	2026-02-10 07:41:32	1	0	15	0
        117966	2026-02-10 07:41:55	1	0	15	0
        110063	2026-02-10 07:43:32	1	0	15	0
        110011	2026-02-10 07:44:08	1	0	15	0
        117683	2026-02-10 07:44:10	1	0	15	0
        110083	2026-02-10 07:44:14	1	0	15	0
        116504	2026-02-10 07:44:20	1	0	15	0
        110378	2026-02-10 07:44:47	1	0	15	0
        118580	2026-02-10 07:44:54	1	0	15	0
        116356	2026-02-10 07:45:39	1	0	15	0
        110457	2026-02-10 07:45:52	1	0	15	0
        117733	2026-02-10 07:46:32	1	0	15	0
        110376	2026-02-10 07:46:44	1	0	15	0
        116496	2026-02-10 07:46:58	1	0	15	0
        110512	2026-02-10 07:47:05	1	0	15	0
        117930	2026-02-10 07:47:20	1	0	15	0
        110424	2026-02-10 07:47:23	1	0	15	0
        110193	2026-02-10 07:47:34	1	0	15	0
        116428	2026-02-10 07:47:39	1	0	15	0
        117700	2026-02-10 07:47:59	1	0	15	0
        110372	2026-02-10 07:48:01	1	0	15	0
        110506	2026-02-10 07:48:08	1	0	15	0
        116346	2026-02-10 07:48:14	1	0	15	0
        119157	2026-02-10 07:48:42	1	0	15	0
        110493	2026-02-10 07:48:49	1	0	15	0
        110355	2026-02-10 07:49:07	1	0	15	0
        110356	2026-02-10 07:49:09	1	0	15	0
        119453	2026-02-10 07:49:20	1	0	15	0
        117591	2026-02-10 07:49:29	1	0	15	0
           538	2026-02-10 07:50:10	1	0	15	0
        110198	2026-02-10 07:50:23	1	0	15	0
        117129	2026-02-10 07:50:29	1	0	15	0
        117639	2026-02-10 07:50:37	1	0	15	0
        110053	2026-02-10 07:50:41	1	0	15	0
        119143	2026-02-10 07:51:03	1	0	15	0
        117840	2026-02-10 07:51:12	1	0	15	0
        110377	2026-02-10 07:51:21	1	0	15	0
        119340	2026-02-10 07:52:21	1	0	15	0
        110062	2026-02-10 07:52:24	1	0	15	0
        118046	2026-02-10 07:52:29	1	0	15	0
        118455	2026-02-10 07:52:47	1	0	15	0
        117088	2026-02-10 07:52:56	1	0	15	0
        119104	2026-02-10 07:53:02	1	0	15	0
        117219	2026-02-10 07:53:34	1	0	15	0
        117921	2026-02-10 07:56:37	1	0	15	0
        118221	2026-02-10 07:56:39	1	0	15	0
        119365	2026-02-10 07:56:51	1	0	15	0
        117742	2026-02-10 07:57:19	1	0	15	0
        117924	2026-02-10 07:57:27	1	0	15	0
        110514	2026-02-10 07:57:58	1	0	15	0
            13	2026-02-10 07:58:07	1	0	15	0
        116996	2026-02-10 07:58:33	1	0	15	0
        117850	2026-02-10 07:59:25	1	0	15	0
        117972	2026-02-10 07:59:47	1	0	15	0
        117043	2026-02-10 07:59:50	1	0	15	0
        116296	2026-02-10 07:59:55	1	0	15	0
        116483	2026-02-10 07:59:56	1	0	15	0
        116422	2026-02-10 08:01:34	1	0	15	0
        117270	2026-02-10 08:01:36	1	0	15	0
        116282	2026-02-10 08:01:44	1	0	15	0
        110025	2026-02-10 08:01:45	1	0	15	0
        118695	2026-02-10 08:02:53	1	0	15	0
        118953	2026-02-10 08:04:05	1	0	15	0
        117997	2026-02-10 08:04:10	1	0	15	0
        117642	2026-02-10 08:04:42	1	0	15	0
        117085	2026-02-10 08:04:55	1	0	15	0
        119386	2026-02-10 08:05:06	1	0	15	0
        116426	2026-02-10 08:05:08	1	0	15	0
        117147	2026-02-10 08:05:10	1	0	15	0
        116824	2026-02-10 08:05:16	1	0	15	0
        110076	2026-02-10 08:05:44	1	0	15	0
        116072	2026-02-10 08:05:56	1	0	15	0
        119594	2026-02-10 08:05:59	1	0	15	0
        117645	2026-02-10 08:06:02	1	0	15	0
        110514	2026-02-10 08:06:32	1	0	15	0
        119282	2026-02-10 08:06:52	1	0	15	0
        117483	2026-02-10 08:06:54	1	0	15	0
        117222	2026-02-10 08:07:14	1	0	15	0
        116337	2026-02-10 08:08:06	1	0	15	0
        117915	2026-02-10 08:08:08	1	0	15	0
        117634	2026-02-10 08:08:10	1	0	15	0
        116493	2026-02-10 08:10:40	1	0	15	0
        116960	2026-02-10 08:11:41	1	0	15	0
        116274	2026-02-10 08:12:51	1	0	15	0
        110075	2026-02-10 08:13:49	1	0	15	0
        110513	2026-02-10 08:13:51	1	0	15	0
        118180	2026-02-10 08:14:44	1	0	15	0
        117817	2026-02-10 08:15:59	1	0	15	0
        116805	2026-02-10 08:16:03	1	0	15	0
        110507	2026-02-10 08:16:08	1	0	15	0
        116279	2026-02-10 08:16:59	1	0	15	0
        110393	2026-02-10 08:17:04	1	0	15	0
        117707	2026-02-10 08:17:24	1	0	15	0
        110172	2026-02-10 08:17:58	1	0	15	0
        117807	2026-02-10 08:18:02	1	0	15	0
        119594	2026-02-10 08:18:07	1	0	15	0
        110354	2026-02-10 08:18:21	1	0	15	0
        116512	2026-02-10 08:19:31	1	0	15	0
        116751	2026-02-10 08:19:35	1	0	15	0
        116129	2026-02-10 08:20:17	1	0	15	0
        117113	2026-02-10 08:20:50	1	0	15	0
        117259	2026-02-10 08:20:55	1	0	15	0
        118928	2026-02-10 08:20:59	1	0	15	0
        110517	2026-02-10 08:21:03	1	0	15	0
        110105	2026-02-10 08:21:29	1	0	15	0
        117814	2026-02-10 08:22:58	1	0	15	0
        117541	2026-02-10 08:23:45	1	0	15	0
        119493	2026-02-10 08:23:49	1	0	15	0
        117543	2026-02-10 08:23:59	1	0	15	0
        118761	2026-02-10 08:25:37	1	0	15	0
        110413	2026-02-10 08:26:01	1	0	15	0
        117224	2026-02-10 08:27:09	1	0	15	0
        117616	2026-02-10 08:27:12	1	0	15	0
        110100	2026-02-10 08:27:14	1	0	15	0
        110492	2026-02-10 08:27:19	1	0	15	0
        110473	2026-02-10 08:27:43	1	0	15	0
        117630	2026-02-10 08:28:08	1	0	15	0
        117156	2026-02-10 08:28:13	1	0	15	0
        117497	2026-02-10 08:28:20	1	0	15	0
        110360	2026-02-10 08:28:53	1	0	15	0
        110173	2026-02-10 08:29:41	1	0	15	0
        116537	2026-02-10 08:30:21	1	0	15	0
        117529	2026-02-10 08:30:33	1	0	15	0
        116778	2026-02-10 08:31:36	1	0	15	0
        118207	2026-02-10 08:31:40	1	0	15	0
        117269	2026-02-10 08:33:43	1	0	15	0
        117811	2026-02-10 08:34:12	1	0	15	0
        116383	2026-02-10 08:35:48	1	0	15	0
        117981	2026-02-10 08:36:49	1	0	15	0
        117121	2026-02-10 08:37:20	1	0	15	0
        117716	2026-02-10 08:37:49	1	0	15	0
        117542	2026-02-10 08:37:59	1	0	15	0
        117692	2026-02-10 08:38:16	1	0	15	0
        117998	2026-02-10 08:39:39	1	0	15	0
        117595	2026-02-10 08:39:54	1	0	15	0
        110090	2026-02-10 08:40:03	1	0	15	0
        116497	2026-02-10 08:40:54	1	0	15	0
        116787	2026-02-10 08:40:57	1	0	15	0
        110070	2026-02-10 08:41:22	1	0	15	0
        117841	2026-02-10 08:41:27	1	0	15	0
        117189	2026-02-10 08:41:33	1	0	15	0
        117837	2026-02-10 08:43:45	1	0	15	0
        117993	2026-02-10 08:44:39	1	0	15	0
        117061	2026-02-10 08:46:21	1	0	15	0
        117812	2026-02-10 08:46:23	1	0	15	0
        116104	2026-02-10 08:46:44	1	0	15	0
        110418	2026-02-10 08:47:44	1	0	15	0
        110116	2026-02-10 08:47:52	1	0	15	0
        117567	2026-02-10 08:48:44	1	0	15	0
        117120	2026-02-10 08:48:56	1	0	15	0
        117046	2026-02-10 08:48:58	1	0	15	0
        117659	2026-02-10 08:49:08	1	0	15	0
        119535	2026-02-10 08:49:23	1	0	15	0
        117103	2026-02-10 08:50:40	1	0	15	0
        117144	2026-02-10 08:51:31	1	0	15	0
        119107	2026-02-10 08:51:59	1	0	15	0
        118971	2026-02-10 08:52:01	1	0	15	0
        119227	2026-02-10 08:52:07	1	0	15	0
        116990	2026-02-10 08:52:48	1	0	15	0
        118458	2026-02-10 08:53:18	1	0	15	0
        118369	2026-02-10 08:54:19	1	0	15	0
        110183	2026-02-10 08:54:39	1	0	15	0
        117926	2026-02-10 08:54:53	1	0	15	0
        117337	2026-02-10 08:55:25	1	0	15	0
        117091	2026-02-10 08:55:28	1	0	15	0
        110057	2026-02-10 08:55:33	1	0	15	0
        118563	2026-02-10 08:55:45	1	0	15	0
        116252	2026-02-10 08:56:19	1	0	15	0
        117920	2026-02-10 08:56:25	1	0	15	0
        116260	2026-02-10 08:58:11	1	0	15	0
        117786	2026-02-10 08:59:30	1	0	15	0
        117711	2026-02-10 08:59:56	1	0	15	0
        117341	2026-02-10 09:00:22	1	0	15	0
        110158	2026-02-10 09:00:24	1	0	15	0
        117122	2026-02-10 09:00:32	1	0	15	0
        116849	2026-02-10 09:01:28	1	0	15	0
        118862	2026-02-10 09:03:07	1	0	15	0
        119449	2026-02-10 09:03:42	1	0	15	0
        117077	2026-02-10 09:06:33	1	0	15	0
        116453	2026-02-10 09:06:53	1	0	15	0
        117815	2026-02-10 09:08:32	1	0	15	0
        117699	2026-02-10 09:08:55	1	0	15	0
        110088	2026-02-10 09:09:04	1	0	15	0
        116166	2026-02-10 09:11:00	1	0	15	0
        116747	2026-02-10 09:12:57	1	0	15	0
        118753	2026-02-10 09:14:13	1	0	15	0
        118867	2026-02-10 09:14:18	1	0	15	0
        117114	2026-02-10 09:16:54	1	0	15	0
        117790	2026-02-10 09:20:45	1	0	15	0
        117575	2026-02-10 09:21:51	1	0	15	0
        117111	2026-02-10 09:23:27	1	0	15	0
        116933	2026-02-10 09:25:21	1	0	15	0
        117080	2026-02-10 09:27:55	1	0	15	0
        110055	2026-02-10 09:33:42	1	0	15	0
        116069	2026-02-10 09:36:17	1	0	15	0
        118503	2026-02-10 10:43:30	1	0	15	0
        110062	2026-02-10 11:51:54	1	2	15	0
        118640	2026-02-10 12:00:21	1	2	15	0
        118953	2026-02-10 12:00:25	1	2	15	0
        119157	2026-02-10 12:00:28	1	2	15	0
        117639	2026-02-10 12:00:29	1	2	15	0
        110514	2026-02-10 12:00:31	1	2	15	0
        110513	2026-02-10 12:00:33	1	2	15	0
        116383	2026-02-10 12:00:35	1	2	15	0
        118829	2026-02-10 12:00:38	1	2	15	0
        118580	2026-02-10 12:00:39	1	2	15	0
        118180	2026-02-10 12:00:41	1	2	15	0
        116835	2026-02-10 12:00:42	1	2	15	0
        116072	2026-02-10 12:00:45	1	2	15	0
        116497	2026-02-10 12:00:46	1	2	15	0
        116504	2026-02-10 12:00:49	1	2	15	0
        116483	2026-02-10 12:00:51	1	2	15	0
        110512	2026-02-10 12:00:53	1	2	15	0
        117259	2026-02-10 12:00:55	1	2	15	0
        116260	2026-02-10 12:00:56	1	2	15	0
        117541	2026-02-10 12:00:59	1	2	15	0
        110418	2026-02-10 12:01:01	1	2	15	0
        117046	2026-02-10 12:01:03	1	2	15	0
        116763	2026-02-10 12:01:04	1	2	15	0
        117224	2026-02-10 12:01:06	1	2	15	0
        110424	2026-02-10 12:01:08	1	2	15	0
        119272	2026-02-10 12:01:10	1	2	15	0
        117837	2026-02-10 12:01:12	1	2	15	0
        117770	2026-02-10 12:01:14	1	2	15	0
        110172	2026-02-10 12:01:17	1	2	15	0
        110492	2026-02-10 12:01:19	1	2	15	0
        117201	2026-02-10 12:01:21	1	2	15	0
        110485	2026-02-10 12:01:23	1	2	15	0
        110173	2026-02-10 12:01:24	1	2	15	0
        110517	2026-02-10 12:01:26	1	2	15	0
        117839	2026-02-10 12:01:28	1	2	15	0
        118563	2026-02-10 12:01:30	1	2	15	0
        117841	2026-02-10 12:01:31	1	2	15	0
        117840	2026-02-10 12:01:33	1	2	15	0
        110354	2026-02-10 12:01:35	1	2	15	0
        117742	2026-02-10 12:01:37	1	2	15	0
        117645	2026-02-10 12:01:38	1	2	15	0
        117833	2026-02-10 12:01:40	1	2	15	0
        117926	2026-02-10 12:01:42	1	2	15	0
        117812	2026-02-10 12:01:44	1	2	15	0
        119535	2026-02-10 12:01:46	1	2	15	0
        118043	2026-02-10 12:01:48	1	2	15	0
        117269	2026-02-10 12:01:49	1	2	15	0
        118761	2026-02-10 12:01:57	1	2	15	0
        116902	2026-02-10 12:01:58	1	2	15	0
        116914	2026-02-10 12:02:02	1	2	15	0
        117733	2026-02-10 12:02:05	1	2	15	0
        117121	2026-02-10 12:02:08	1	2	15	0
        119449	2026-02-10 12:02:10	1	2	15	0
        118971	2026-02-10 12:02:12	1	2	15	0
        117769	2026-02-10 12:02:13	1	2	15	0
        117838	2026-02-10 12:02:15	1	2	15	0
        117966	2026-02-10 12:02:16	1	2	15	0
        117815	2026-02-10 12:02:17	1	2	15	0
        118997	2026-02-10 12:02:19	1	2	15	0
        117983	2026-02-10 12:02:21	1	2	15	0
        116346	2026-02-10 12:02:23	1	2	15	0
        119282	2026-02-10 12:02:26	1	2	15	0
        119340	2026-02-10 12:02:28	1	2	15	0
        116748	2026-02-10 12:02:30	1	2	15	0
        116995	2026-02-10 12:02:31	1	2	15	0
        110158	2026-02-10 12:02:32	1	2	15	0
        116070	2026-02-10 12:02:36	1	2	15	0
        117529	2026-02-10 12:02:38	1	2	15	0
        117222	2026-02-10 12:02:38	1	2	15	0
            13	2026-02-10 12:02:41	1	2	15	0
        117807	2026-02-10 12:02:44	1	2	15	0
        119006	2026-02-10 12:02:56	1	2	15	0
        116166	2026-02-10 12:03:05	1	2	15	0
        117680	2026-02-10 12:03:10	1	2	15	0
        119104	2026-02-10 12:03:15	1	2	15	0
        110493	2026-02-10 12:03:28	1	2	15	0
        116504	2026-02-10 12:03:41	1	2	15	0
        117259	2026-02-10 12:03:43	1	2	15	0
        116483	2026-02-10 12:03:45	1	2	15	0
        116260	2026-02-10 12:03:47	1	2	15	0
        116497	2026-02-10 12:03:51	1	2	15	0
        116072	2026-02-10 12:03:53	1	2	15	0
        110116	2026-02-10 12:03:54	1	2	15	0
        117541	2026-02-10 12:03:55	1	2	15	0
        117930	2026-02-10 12:04:00	1	2	15	0
        117043	2026-02-10 12:04:02	1	2	15	0
        117639	2026-02-10 12:04:04	1	2	15	0
        117833	2026-02-10 12:04:06	1	2	15	0
        117528	2026-02-10 12:04:08	1	2	15	0
        119535	2026-02-10 12:04:11	1	2	15	0
        110473	2026-02-10 12:04:13	1	2	15	0
        117993	2026-02-10 12:04:15	1	2	15	0
        110063	2026-02-10 12:04:18	1	2	15	0
        117270	2026-02-10 12:04:21	1	2	15	0
        110172	2026-02-10 12:04:25	1	2	15	0
        117046	2026-02-10 12:04:27	1	2	15	0
        119157	2026-02-10 12:04:29	1	2	15	0
        116835	2026-02-10 12:04:31	1	2	15	0
        110418	2026-02-10 12:04:33	1	2	15	0
        116763	2026-02-10 12:04:37	1	2	15	0
        110424	2026-02-10 12:04:39	1	2	15	0
        110354	2026-02-10 12:04:40	1	2	15	0
        116252	2026-02-10 12:04:43	1	2	15	0
        110113	2026-02-10 12:04:45	1	2	15	0
        119272	2026-02-10 12:04:47	1	2	15	0
        116070	2026-02-10 12:04:49	1	2	15	0
        117814	2026-02-10 12:04:52	1	2	15	0
        117770	2026-02-10 12:04:58	1	2	15	0
        116828	2026-02-10 12:05:03	1	2	1	0
        116995	2026-02-10 12:05:05	1	2	1	0
        110376	2026-02-10 12:05:11	1	2	15	0
        117837	2026-02-10 12:05:13	1	2	15	0
        110377	2026-02-10 12:05:14	1	2	15	0
        110485	2026-02-10 12:05:19	1	2	15	0
        117337	2026-02-10 12:05:22	1	2	15	0
        118695	2026-02-10 12:05:23	1	2	15	0
        117111	2026-02-10 12:05:27	1	2	15	0
        116279	2026-02-10 12:05:29	1	2	15	0
        116274	2026-02-10 12:05:32	1	2	15	0
        110076	2026-02-10 12:05:34	1	2	15	0
        110198	2026-02-10 12:05:38	1	2	15	0
        110512	2026-02-10 12:05:39	1	2	15	0
        110506	2026-02-10 12:05:44	1	2	15	0
        118953	2026-02-10 12:05:46	1	2	15	0
        117201	2026-02-10 12:05:48	1	2	15	0
        117120	2026-02-10 12:05:52	1	2	15	0
        110372	2026-02-10 12:05:53	1	2	15	0
        117983	2026-02-10 12:05:55	1	2	15	0
        119263	2026-02-10 12:05:57	1	2	15	0
        110025	2026-02-10 12:06:01	1	2	15	0
        117812	2026-02-10 12:06:02	1	2	15	0
           538	2026-02-10 12:06:03	1	2	15	0
        110075	2026-02-10 12:06:05	1	2	15	0
        118862	2026-02-10 12:06:07	1	2	15	0
        117742	2026-02-10 12:06:09	1	2	15	0
        117769	2026-02-10 12:06:14	1	2	15	0
        117966	2026-02-10 12:06:20	1	2	15	0
        117807	2026-02-10 12:06:21	1	2	15	0
        117838	2026-02-10 12:06:23	1	2	1	0
        119006	2026-02-10 12:06:27	1	2	15	0
        117129	2026-02-10 12:06:30	1	2	15	0
        110158	2026-02-10 12:06:31	1	2	15	0
        117926	2026-02-10 12:06:35	1	2	15	0
        118829	2026-02-10 12:06:40	1	2	15	0
        117269	2026-02-10 12:06:42	1	2	15	0
        116383	2026-02-10 12:06:44	1	2	15	0
        118458	2026-02-10 12:06:46	1	2	15	0
        119107	2026-02-10 12:06:47	1	2	15	0
        110144	2026-02-10 12:06:56	1	2	15	0
        110051	2026-02-10 12:07:04	1	2	15	0
        119104	2026-02-10 12:07:07	1	2	15	0
        110492	2026-02-10 12:07:09	1	2	15	0
        117790	2026-02-10 12:07:11	1	2	15	0
        116747	2026-02-10 12:07:13	1	2	15	0
        110475	2026-02-10 12:07:15	1	2	15	0
        119143	2026-02-10 12:07:17	1	2	15	0
        117972	2026-02-10 12:07:19	1	2	15	0
        117997	2026-02-10 12:07:20	1	2	15	0
        117575	2026-02-10 12:07:22	1	2	15	0
        116902	2026-02-10 12:07:23	1	2	15	0
        116824	2026-02-10 12:07:24	1	2	15	0
        116914	2026-02-10 12:07:36	1	2	15	0
        116748	2026-02-10 12:07:37	1	2	15	0
        116426	2026-02-10 12:07:38	1	2	15	0
        118761	2026-02-10 12:07:42	1	2	15	0
        110053	2026-02-10 12:07:44	1	2	15	0
        117543	2026-02-10 12:07:48	1	2	15	0
        110173	2026-02-10 12:07:50	1	2	15	0
        110517	2026-02-10 12:07:52	1	2	15	0
        118043	2026-02-10 12:07:53	1	2	15	0
        118046	2026-02-10 12:07:55	1	2	15	0
        110473	2026-02-10 12:07:57	1	2	15	0
        117993	2026-02-10 12:07:59	1	2	15	0
        110075	2026-02-10 12:08:02	1	2	15	0
        110025	2026-02-10 12:08:05	1	2	15	0
        117716	2026-02-10 12:08:07	1	2	15	0
        117920	2026-02-10 12:08:08	1	2	15	0
        117850	2026-02-10 12:08:10	1	2	15	0
        117707	2026-02-10 12:08:12	1	2	15	0
        118992	2026-02-10 12:08:14	1	2	15	0
        110144	2026-02-10 12:08:16	1	2	15	0
        117189	2026-02-10 12:08:20	1	2	15	0
        119282	2026-02-10 12:08:24	1	2	15	0
        117059	2026-02-10 12:08:25	1	2	15	0
        117122	2026-02-10 12:08:29	1	2	15	0
        110032	2026-02-10 12:08:31	1	2	15	0
        110060	2026-02-10 12:08:34	1	2	15	0
        116799	2026-02-10 12:08:59	1	2	15	0
        110100	2026-02-10 12:09:01	1	2	15	0
        116960	2026-02-10 12:09:03	1	2	15	0
        117724	2026-02-10 12:09:08	1	2	15	0
        117817	2026-02-10 12:09:10	1	2	15	0
        110076	2026-02-10 12:09:12	1	2	15	0
        110376	2026-02-10 12:09:32	1	2	15	0
        110377	2026-02-10 12:09:36	1	2	15	0
        116990	2026-02-10 12:09:43	1	2	15	0
        119594	2026-02-10 12:09:44	1	2	15	0
        117113	2026-02-10 12:09:58	1	2	15	0
        116933	2026-02-10 12:10:01	1	2	15	0
        116069	2026-02-10 12:10:09	1	2	15	0
        117575	2026-02-10 12:10:12	1	2	15	0
        119143	2026-02-10 12:10:13	1	2	15	0
        117337	2026-02-10 12:10:16	1	2	15	0
        117111	2026-02-10 12:10:18	1	2	15	0
        117972	2026-02-10 12:10:20	1	2	15	0
        110466	2026-02-10 12:10:21	1	2	15	0
        110011	2026-02-10 12:10:23	1	2	15	0
        118695	2026-02-10 12:10:26	1	2	15	0
        117120	2026-02-10 12:10:28	1	2	15	0
        117222	2026-02-10 12:10:32	1	2	15	0
        110077	2026-02-10 12:10:42	1	2	15	0
        110507	2026-02-10 12:10:48	1	2	15	0
        117129	2026-02-10 12:10:51	1	2	15	0
        119453	2026-02-10 12:11:02	1	2	15	0
        117497	2026-02-10 12:11:04	1	2	15	0
        117982	2026-02-10 12:11:07	1	2	15	0
        117921	2026-02-10 12:11:09	1	2	15	0
        117692	2026-02-10 12:11:11	1	2	15	0
        118862	2026-02-10 12:11:15	1	2	15	0
        119594	2026-02-10 12:11:32	1	2	15	0
        116787	2026-02-10 12:11:41	1	2	15	0
        117270	2026-02-10 12:11:42	1	2	15	0
        116849	2026-02-10 12:11:44	1	2	15	0
        116496	2026-02-10 12:11:47	1	2	15	0
        110051	2026-02-10 12:11:51	1	2	15	0
        116426	2026-02-10 12:11:54	1	2	15	0
        110053	2026-02-10 12:11:57	1	2	15	0
        117814	2026-02-10 12:12:00	1	2	15	0
        116778	2026-02-10 12:12:03	1	2	15	0
        110506	2026-02-10 12:12:05	1	2	15	0
        110198	2026-02-10 12:12:08	1	2	15	0
        110372	2026-02-10 12:12:29	1	2	15	0
        116104	2026-02-10 12:12:46	1	2	15	0
        117817	2026-02-10 12:12:53	1	2	15	0
        117707	2026-02-10 12:13:00	1	2	15	0
        117920	2026-02-10 12:13:05	1	2	15	0
        117850	2026-02-10 12:13:07	1	2	15	0
        110100	2026-02-10 12:13:12	1	2	15	0
        110060	2026-02-10 12:13:14	1	2	15	0
        116960	2026-02-10 12:13:22	1	2	15	0
        117529	2026-02-10 12:13:27	1	2	15	0
        117716	2026-02-10 12:13:36	1	2	15	0
        117998	2026-02-10 12:13:41	1	2	15	0
        110357	2026-02-10 12:13:42	1	2	15	0
        116799	2026-02-10 12:13:45	1	2	15	0
        119263	2026-02-10 12:13:54	1	2	15	0
        119453	2026-02-10 12:13:57	1	2	15	0
        110113	2026-02-10 12:14:12	1	2	15	0
        117733	2026-02-10 12:14:15	1	2	15	0
        110527	2026-02-10 12:14:16	1	2	15	0
        116282	2026-02-10 12:14:22	1	2	15	0
        117683	2026-02-10 12:14:24	1	2	15	0
        116422	2026-02-10 12:14:26	1	2	15	0
        117219	2026-02-10 12:14:28	1	2	15	0
        118157	2026-02-10 12:14:29	1	2	15	0
        117634	2026-02-10 12:14:31	1	2	15	0
        117189	2026-02-10 12:14:33	1	2	15	0
        118186	2026-02-10 12:14:36	1	2	15	0
        117915	2026-02-10 12:14:38	1	2	15	0
        116787	2026-02-10 12:14:40	1	2	15	0
        116849	2026-02-10 12:14:42	1	2	15	0
        117724	2026-02-10 12:14:47	1	2	15	0
        110083	2026-02-10 12:14:50	1	2	15	0
        116778	2026-02-10 12:14:54	1	2	15	0
        116496	2026-02-10 12:14:56	1	2	15	0
        117133	2026-02-10 12:14:59	1	2	15	0
        119107	2026-02-10 12:15:02	1	2	15	0
        117077	2026-02-10 12:15:15	1	2	15	0
        119602	2026-02-10 12:15:17	1	2	15	0
        118458	2026-02-10 12:15:18	1	2	15	0
        116274	2026-02-10 12:15:21	1	2	15	0
        110378	2026-02-10 12:15:25	1	2	15	0
        110088	2026-02-10 12:15:27	1	2	15	0
        116252	2026-02-10 12:15:29	1	2	15	0
        110393	2026-02-10 12:15:31	1	2	15	0
        110413	2026-02-10 12:15:33	1	2	15	0
        118971	2026-02-10 12:15:34	1	2	15	0
        117144	2026-02-10 12:15:36	1	2	15	0
        118744	2026-02-10 12:15:38	1	2	15	0
        116337	2026-02-10 12:15:42	1	2	15	0
        116537	2026-02-10 12:15:44	1	2	15	0
        110358	2026-02-10 12:15:45	1	2	15	0
        117616	2026-02-10 12:15:48	1	2	15	0
        116453	2026-02-10 12:15:49	1	2	15	0
        116069	2026-02-10 12:15:51	1	2	15	0
        116990	2026-02-10 12:15:54	1	2	15	0
        117341	2026-02-10 12:15:59	1	2	15	0
        117595	2026-02-10 12:16:07	1	2	15	0
        117543	2026-02-10 12:16:21	1	2	15	0
        117692	2026-02-10 12:16:27	1	2	15	0
        117982	2026-02-10 12:16:29	1	2	15	0
        116551	2026-02-10 12:16:45	1	2	15	0
        119449	2026-02-10 12:16:54	1	2	15	0
        117542	2026-02-10 12:17:03	1	2	15	0
        117497	2026-02-10 12:17:12	1	2	15	0
        117700	2026-02-10 12:17:19	1	2	15	0
        117133	2026-02-10 12:17:24	1	2	15	0
        116996	2026-02-10 12:17:26	1	2	15	0
        110055	2026-02-10 12:18:02	1	2	15	0
        117815	2026-02-10 12:18:07	1	2	15	0
        110493	2026-02-10 12:18:20	1	2	15	0
        117616	2026-02-10 12:18:29	1	2	15	0
        116337	2026-02-10 12:18:37	1	2	15	0
        116537	2026-02-10 12:18:41	1	2	15	0
        110358	2026-02-10 12:18:44	1	2	15	0
        116282	2026-02-10 12:18:46	1	2	15	0
        117341	2026-02-10 12:18:49	1	2	15	0
        117634	2026-02-10 12:18:50	1	2	15	0
        117998	2026-02-10 12:18:52	1	2	15	0
        118157	2026-02-10 12:18:53	1	2	15	0
        117683	2026-02-10 12:18:55	1	2	15	0
        116422	2026-02-10 12:18:58	1	2	15	0
        117219	2026-02-10 12:18:59	1	2	15	0
        117915	2026-02-10 12:19:01	1	2	15	0
        116828	2026-02-10 12:19:04	1	2	1	0
        117680	2026-02-10 12:19:10	1	2	15	0
        117930	2026-02-10 12:19:20	1	2	15	0
        117567	2026-02-10 12:19:32	1	2	15	0
        117790	2026-02-10 12:19:44	1	2	15	0
        110357	2026-02-10 12:20:01	1	2	15	0
        110355	2026-02-10 12:20:05	1	2	15	0
        110356	2026-02-10 12:20:06	1	2	15	0
        117088	2026-02-10 12:20:13	1	2	15	0
        118563	2026-02-10 12:20:19	1	2	15	0
        117997	2026-02-10 12:20:24	1	2	15	0
        117711	2026-02-10 12:20:26	1	2	15	0
        118186	2026-02-10 12:20:29	1	2	15	0
        117114	2026-02-10 12:20:31	1	2	15	0
        110105	2026-02-10 12:20:34	1	2	15	0
        117921	2026-02-10 12:20:37	1	2	15	0
        110070	2026-02-10 12:20:51	1	2	15	0
        116279	2026-02-10 12:20:55	1	2	15	0
        117616	2026-02-10 12:21:11	1	2	15	0
        110011	2026-02-10 12:21:12	1	2	15	0
        116142	2026-02-10 12:21:14	1	2	15	0
        116104	2026-02-10 12:21:17	1	2	15	0
        117122	2026-02-10 12:21:19	1	2	15	0
        116824	2026-02-10 12:21:22	1	2	15	0
        116551	2026-02-10 12:21:24	1	2	15	0
        110116	2026-02-10 12:21:39	1	2	15	0
        118753	2026-02-10 12:21:45	1	2	15	0
        110183	2026-02-10 12:22:04	1	2	15	0
        117924	2026-02-10 12:22:09	1	2	15	0
        110457	2026-02-10 12:22:11	1	2	15	0
        110393	2026-02-10 12:22:14	1	2	15	0
        110413	2026-02-10 12:22:15	1	2	15	0
        118046	2026-02-10 12:22:22	1	2	15	0
            13	2026-02-10 12:22:25	1	2	15	0
        117786	2026-02-10 12:22:29	1	2	15	0
        118221	2026-02-10 12:22:37	1	2	15	0
        119475	2026-02-10 12:22:45	1	2	15	0
        110065	2026-02-10 12:22:48	1	2	15	0
        110355	2026-02-10 12:23:02	1	2	15	0
        110356	2026-02-10 12:23:04	1	2	15	0
        118928	2026-02-10 12:23:17	1	2	15	0
        116129	2026-02-10 12:23:19	1	2	15	0
        117103	2026-02-10 12:23:25	1	2	15	0
        118753	2026-02-10 12:23:33	1	2	15	0
        118580	2026-02-10 12:23:47	1	2	15	0
        110084	2026-02-10 12:23:52	1	2	15	0
        110105	2026-02-10 12:24:27	1	2	15	0
        118640	2026-02-10 12:24:33	1	2	15	0
        110083	2026-02-10 12:24:38	1	2	15	0
        118180	2026-02-10 12:24:40	1	2	15	0
        118744	2026-02-10 12:24:42	1	2	15	0
        110084	2026-02-10 12:24:56	1	2	15	0
        117077	2026-02-10 12:25:24	1	2	15	0
        110088	2026-02-10 12:26:24	1	2	15	0
        117103	2026-02-10 12:26:31	1	2	15	0
        118992	2026-02-10 12:26:34	1	2	15	0
        117224	2026-02-10 12:26:41	1	2	15	0
        117528	2026-02-10 12:26:43	1	2	15	0
        110378	2026-02-10 12:27:10	1	2	15	0
        117840	2026-02-10 12:27:34	1	2	15	0
        117839	2026-02-10 12:27:35	1	2	15	0
        117483	2026-02-10 12:27:36	1	2	15	0
        117841	2026-02-10 12:27:38	1	2	15	0
        117645	2026-02-10 12:27:39	1	2	15	0
        119475	2026-02-10 12:27:50	1	2	15	0
        110065	2026-02-10 12:27:54	1	2	15	0
        110360	2026-02-10 12:27:56	1	2	15	0
        117924	2026-02-10 12:27:57	1	2	15	0
        110457	2026-02-10 12:28:06	1	2	15	0
        117700	2026-02-10 12:28:17	1	2	15	0
        117567	2026-02-10 12:28:41	1	2	15	0
        118928	2026-02-10 12:29:10	1	2	15	0
        116129	2026-02-10 12:29:12	1	2	15	0
        110063	2026-02-10 12:29:14	1	2	15	0
        117595	2026-02-10 12:29:18	1	2	15	0
        119493	2026-02-10 12:29:57	1	2	15	0
        117156	2026-02-10 12:30:06	1	2	15	0
        117121	2026-02-10 12:30:10	1	2	15	0
        116428	2026-02-10 12:30:12	1	2	15	0
        110183	2026-02-10 12:30:14	1	2	15	0
        116751	2026-02-10 12:30:33	1	2	15	0
        110077	2026-02-10 12:30:44	1	2	15	0
        116512	2026-02-10 12:30:54	1	2	15	0
        117059	2026-02-10 12:30:57	1	2	15	0
        117483	2026-02-10 12:31:00	1	2	15	0
        110032	2026-02-10 12:31:02	1	2	15	0
        117645	2026-02-10 12:31:08	1	2	15	0
        117114	2026-02-10 12:31:11	1	2	15	0
        117591	2026-02-10 12:31:14	1	2	15	0
        118221	2026-02-10 12:31:19	1	2	15	0
        116453	2026-02-10 12:31:24	1	2	15	0
        119493	2026-02-10 12:31:26	1	2	15	0
        117080	2026-02-10 12:31:45	1	2	15	0
        117144	2026-02-10 12:31:51	1	2	15	0
        118744	2026-02-10 12:31:55	1	2	15	0
        110055	2026-02-10 12:32:20	1	2	15	0
        117630	2026-02-10 12:32:30	1	2	15	0
        116805	2026-02-10 12:33:20	1	3	15	0
        116933	2026-02-10 12:33:42	1	3	15	0
        117699	2026-02-10 12:33:47	1	3	15	0
        110527	2026-02-10 12:33:52	1	3	15	0
        119365	2026-02-10 12:34:02	1	3	15	0
        116493	2026-02-10 12:34:03	1	3	15	0
        117711	2026-02-10 12:34:11	1	3	15	0
        117043	2026-02-10 12:34:14	1	3	15	0
        110507	2026-02-10 12:34:46	1	3	15	0
        116166	2026-02-10 12:35:05	1	3	15	0
        116996	2026-02-10 12:35:12	1	3	15	0
        116428	2026-02-10 12:35:34	1	3	15	0
        118997	2026-02-10 12:35:45	1	3	15	0
        117113	2026-02-10 12:35:51	1	3	15	0
        117156	2026-02-10 12:36:39	1	3	15	0
        110085	2026-02-10 12:36:50	1	3	15	0
        117542	2026-02-10 12:36:52	1	3	15	0
        116493	2026-02-10 12:37:14	1	3	15	0
        119365	2026-02-10 12:37:18	1	3	15	0
        117591	2026-02-10 12:37:25	1	3	15	0
        117699	2026-02-10 12:37:49	1	3	15	0
        110090	2026-02-10 12:38:52	1	3	15	0
        117088	2026-02-10 12:38:58	1	3	15	0
        110475	2026-02-10 12:40:08	1	3	15	0
        110090	2026-02-10 12:40:13	1	3	15	0
        116805	2026-02-10 12:40:20	1	3	15	0
           538	2026-02-10 12:40:27	1	3	15	0
        116747	2026-02-10 12:40:32	1	3	15	0
        119227	2026-02-10 12:41:16	1	3	15	0
        118271	2026-02-10 12:41:54	1	3	15	0
        117091	2026-02-10 12:42:08	1	3	15	0
        117080	2026-02-10 12:43:50	1	3	15	0
        117630	2026-02-10 12:44:25	1	3	15	0
        117091	2026-02-10 12:44:29	1	3	15	0
        119227	2026-02-10 12:44:45	1	3	15	0
        117642	2026-02-10 12:45:04	1	3	15	0
        110200	2026-02-10 12:46:19	1	3	15	0
        116297	2026-02-10 12:46:24	1	3	15	0
        110085	2026-02-10 12:46:47	1	3	15	0
        118867	2026-02-10 12:47:19	1	3	15	0
        118503	2026-02-10 12:47:28	1	3	15	0
        110360	2026-02-10 12:48:28	1	3	15	0
        117642	2026-02-10 12:49:25	1	3	15	0
        116297	2026-02-10 12:49:33	1	3	15	0
        110513	2026-02-10 12:50:11	1	3	15	0
        110514	2026-02-10 12:50:13	1	3	15	0
        110085	2026-02-10 12:50:52	1	3	15	0
        118503	2026-02-10 12:50:59	1	3	15	0
        118867	2026-02-10 12:51:03	1	3	15	0
        110070	2026-02-10 12:51:30	1	3	15	0
        118369	2026-02-10 12:52:06	1	3	15	0
        117981	2026-02-10 12:52:07	1	3	15	0
        116356	2026-02-10 12:52:09	1	3	15	0
        117061	2026-02-10 12:52:12	1	3	15	0
        118455	2026-02-10 12:53:01	1	3	15	0
        110057	2026-02-10 12:53:03	1	3	15	0
        119070	2026-02-10 12:53:05	1	3	15	0
        116751	2026-02-10 12:53:09	1	3	15	0
        118207	2026-02-10 12:53:17	1	3	15	0
        116512	2026-02-10 12:54:05	1	3	15	0
        116356	2026-02-10 12:55:09	1	3	15	0
        118369	2026-02-10 12:55:11	1	3	15	0
        117981	2026-02-10 12:55:13	1	3	15	0
        117061	2026-02-10 12:55:15	1	3	15	0
        118207	2026-02-10 12:56:11	1	3	15	0
        116346	2026-02-10 12:56:35	1	3	15	0
        117659	2026-02-10 12:57:12	1	3	15	0
        117542	2026-02-10 12:58:08	1	3	15	0
        119070	2026-02-10 12:58:18	1	3	15	0
        118455	2026-02-10 12:58:24	1	3	15	0
        110057	2026-02-10 12:58:28	1	3	15	0
        110466	2026-02-10 12:58:53	1	3	15	0
        117659	2026-02-10 12:59:36	1	3	15	0
        119602	2026-02-10 13:00:13	1	3	15	0
        118917	2026-02-10 13:55:00	1	3	15	0
        116914	2026-02-10 14:56:13	1	3	15	0
        117129	2026-02-10 15:03:01	1	3	15	0
        117483	2026-02-10 15:13:31	1	3	15	0
        117983	2026-02-10 16:03:14	1	1	15	0
        117833	2026-02-10 16:04:43	1	1	15	0
        118829	2026-02-10 16:04:48	1	1	15	0
        116763	2026-02-10 16:07:39	1	1	15	0
        117528	2026-02-10 16:09:47	1	1	15	0
        117769	2026-02-10 16:14:29	1	1	1	0
        117838	2026-02-10 16:14:36	1	1	1	0
        116297	2026-02-10 16:15:13	1	1	15	0
        116551	2026-02-10 16:15:45	1	1	15	0
        116748	2026-02-10 16:17:07	1	1	15	0
        110113	2026-02-10 16:18:57	1	1	15	0
        118640	2026-02-10 16:31:05	1	1	15	0
        116995	2026-02-10 16:34:33	1	1	15	0
        119070	2026-02-10 16:36:40	1	1	15	0
        119475	2026-02-10 16:41:40	1	1	15	0
        110065	2026-02-10 16:41:43	1	1	15	0
        110485	2026-02-10 16:45:06	1	1	15	0
        117966	2026-02-10 16:48:52	1	1	15	0
        116496	2026-02-10 16:50:22	1	1	15	0
        110060	2026-02-10 16:51:18	1	1	15	0
        116828	2026-02-10 16:53:38	1	1	1	0
        117639	2026-02-10 17:00:41	1	1	15	0
        110358	2026-02-10 17:00:43	1	1	15	0
        116799	2026-02-10 17:02:40	1	1	15	0
        117839	2026-02-10 17:02:59	1	1	15	0
        117043	2026-02-10 17:04:03	1	1	15	0
        117997	2026-02-10 17:04:12	1	1	15	0
        116426	2026-02-10 17:05:29	1	1	15	0
        117680	2026-02-10 17:05:36	1	1	15	0
        110512	2026-02-10 17:05:50	1	1	15	0
        117222	2026-02-10 17:05:56	1	1	15	0
        116422	2026-02-10 17:06:09	1	1	15	0
        117219	2026-02-10 17:06:10	1	1	15	0
        116835	2026-02-10 17:06:13	1	1	15	0
        110356	2026-02-10 17:06:17	1	1	15	0
        118186	2026-02-10 17:07:04	1	1	15	0
        110376	2026-02-10 17:07:25	1	1	15	0
        117724	2026-02-10 17:07:31	1	1	15	0
        117642	2026-02-10 17:07:52	1	1	15	0
        110493	2026-02-10 17:07:54	1	1	15	0
        110377	2026-02-10 17:07:56	1	1	15	0
        110372	2026-02-10 17:08:10	1	1	15	0
        118043	2026-02-10 17:08:14	1	1	15	0
        110355	2026-02-10 17:08:37	1	1	15	0
        116824	2026-02-10 17:09:02	1	1	15	0
        110527	2026-02-10 17:09:07	1	1	15	0
        118157	2026-02-10 17:09:13	1	1	15	0
        116282	2026-02-10 17:09:14	1	1	15	0
        118744	2026-02-10 17:09:24	1	1	15	0
            13	2026-02-10 17:10:39	1	1	15	0
        110517	2026-02-10 17:10:56	1	1	15	0
        117840	2026-02-10 17:11:33	1	1	15	0
        117982	2026-02-10 17:11:35	1	1	15	0
        117645	2026-02-10 17:11:36	1	1	15	0
        110466	2026-02-10 17:11:57	1	1	15	0
        119453	2026-02-10 17:12:03	1	1	15	0
        110144	2026-02-10 17:12:48	1	1	15	0
        118997	2026-02-10 17:12:51	1	1	15	0
        118180	2026-02-10 17:14:59	1	1	15	0
           538	2026-02-10 17:15:28	1	1	15	0
        117224	2026-02-10 17:16:32	1	1	15	0
        117850	2026-02-10 17:17:29	1	1	15	0
        117634	2026-02-10 17:17:35	1	1	15	0
        117915	2026-02-10 17:17:37	1	1	15	0
        117700	2026-02-10 17:18:04	1	1	15	0
        118221	2026-02-10 17:18:35	1	1	15	0
        110513	2026-02-10 17:19:46	1	1	15	0
        110514	2026-02-10 17:19:48	1	1	15	0
        119143	2026-02-10 17:19:55	1	1	15	0
        117111	2026-02-10 17:20:09	1	1	15	0
        116902	2026-02-10 17:21:21	1	1	15	0
        110357	2026-02-10 17:22:39	1	1	15	0
        118455	2026-02-10 17:22:43	1	1	15	0
        116504	2026-02-10 17:22:47	1	1	15	0
        117807	2026-02-10 17:22:50	1	1	15	0
        116428	2026-02-10 17:23:32	1	1	15	0
        117270	2026-02-10 17:24:05	1	1	15	0
        117259	2026-02-10 17:24:06	1	1	15	0
        117541	2026-02-10 17:24:07	1	1	15	0
        110075	2026-02-10 17:24:17	1	1	15	0
        117201	2026-02-10 17:24:21	1	1	15	0
        116512	2026-02-10 17:25:12	1	1	15	0
        116751	2026-02-10 17:25:17	1	1	15	0
        118271	2026-02-10 17:25:36	1	1	15	0
        116274	2026-02-10 17:26:06	1	1	15	0
        110085	2026-02-10 17:26:56	1	1	15	0
        110051	2026-02-10 17:27:50	1	1	15	0
        117113	2026-02-10 17:28:02	1	1	15	0
        110457	2026-02-10 17:28:07	1	1	15	0
        110354	2026-02-10 17:28:35	1	1	15	0
        110506	2026-02-10 17:28:48	1	1	15	0
        118928	2026-02-10 17:28:52	1	1	15	0
        116129	2026-02-10 17:28:54	1	1	15	0
        110198	2026-02-10 17:30:04	1	1	15	0
        119104	2026-02-10 17:30:28	1	1	15	0
        117543	2026-02-10 17:30:38	1	1	15	0
        117733	2026-02-10 17:30:58	1	1	15	0
        117497	2026-02-10 17:31:13	1	1	15	0
        116142	2026-02-10 17:31:47	1	1	15	0
        116483	2026-02-10 17:31:55	1	1	15	0
        117972	2026-02-10 17:32:34	1	1	15	0
        119263	2026-02-10 17:32:45	1	1	15	0
        110076	2026-02-10 17:32:49	1	1	15	0
        119272	2026-02-10 17:33:04	1	1	15	0
        116252	2026-02-10 17:33:13	1	1	15	0
        110360	2026-02-10 17:34:04	1	1	15	0
        117616	2026-02-10 17:34:29	1	1	15	0
        117921	2026-02-10 17:34:39	1	1	15	0
        117630	2026-02-10 17:34:52	1	1	15	0
        110378	2026-02-10 17:35:13	1	1	15	0
        110084	2026-02-10 17:35:19	1	1	15	0
        110173	2026-02-10 17:35:23	1	1	15	0
        117707	2026-02-10 17:36:04	1	1	15	0
        116337	2026-02-10 17:36:07	1	1	15	0
        117269	2026-02-10 17:36:17	1	1	15	0
        116072	2026-02-10 17:36:50	1	1	15	0
        117924	2026-02-10 17:36:52	1	1	15	0
        110475	2026-02-10 17:37:18	1	1	15	0
        116279	2026-02-10 17:37:58	1	1	15	0
        117156	2026-02-10 17:38:13	1	1	15	0
        117121	2026-02-10 17:38:18	1	1	15	0
        110393	2026-02-10 17:38:20	1	1	15	0
        119157	2026-02-10 17:38:22	1	1	15	0
        110413	2026-02-10 17:38:24	1	1	15	0
        118580	2026-02-10 17:38:27	1	1	15	0
        110507	2026-02-10 17:39:17	1	1	15	0
        110053	2026-02-10 17:39:28	1	1	15	0
        116383	2026-02-10 17:39:29	1	1	15	0
        116497	2026-02-10 17:40:09	1	1	15	0
        110424	2026-02-10 17:40:32	1	1	15	0
        118207	2026-02-10 17:42:01	1	1	15	0
        117085	2026-02-10 17:42:11	1	1	15	0
        118046	2026-02-10 17:42:14	1	1	15	0
        117147	2026-02-10 17:42:16	1	1	15	0
        117692	2026-02-10 17:42:20	1	1	15	0
        110062	2026-02-10 17:42:50	1	1	15	0
        117993	2026-02-10 17:43:37	1	1	15	0
        110473	2026-02-10 17:43:40	1	1	15	0
        118917	2026-02-10 17:43:54	1	1	15	0
        110070	2026-02-10 17:44:35	1	1	15	0
        117811	2026-02-10 17:45:24	1	1	15	0
        117841	2026-02-10 17:47:18	1	1	15	0
        116960	2026-02-10 17:48:06	1	1	15	0
        117542	2026-02-10 17:48:25	1	1	15	0
        116787	2026-02-10 17:51:24	1	1	15	0
        116805	2026-02-10 17:51:32	1	1	15	0
        118971	2026-02-10 17:52:39	1	1	15	0
        117189	2026-02-10 17:52:53	1	1	15	0
        117930	2026-02-10 17:52:56	1	1	15	0
        117120	2026-02-10 17:53:22	1	1	15	0
        117046	2026-02-10 17:53:26	1	1	15	0
        117659	2026-02-10 17:53:28	1	1	15	0
        119535	2026-02-10 17:53:32	1	1	15	0
        110418	2026-02-10 17:53:34	1	1	15	0
        117998	2026-02-10 17:53:44	1	1	15	0
        117103	2026-02-10 17:53:59	1	1	15	0
        119386	2026-02-10 17:54:12	1	1	15	0
        116990	2026-02-10 17:54:35	1	1	15	0
        117144	2026-02-10 17:54:38	1	1	15	0
        110063	2026-02-10 17:54:44	1	1	15	0
        117716	2026-02-10 17:55:08	1	1	15	0
        119493	2026-02-10 17:55:12	1	1	15	0
        117046	2026-02-10 17:55:26	1	1	15	0
        116996	2026-02-10 17:56:02	1	1	15	0
        118761	2026-02-10 17:56:23	1	1	15	0
        110011	2026-02-10 17:56:53	1	1	15	0
        117683	2026-02-10 17:56:58	1	1	15	0
        116104	2026-02-10 17:57:02	1	1	15	0
        117920	2026-02-10 17:57:10	1	1	15	0
        110172	2026-02-10 17:58:02	1	1	15	0
        110050	2026-02-10 17:58:07	1	1	15	0
        117837	2026-02-10 17:58:23	1	1	15	0
        117742	2026-02-10 17:58:25	1	1	15	0
        117812	2026-02-10 17:58:27	1	1	15	0
        117790	2026-02-10 17:58:31	1	1	15	0
        119107	2026-02-10 17:58:41	1	1	15	0
        116069	2026-02-10 17:59:02	1	1	15	0
        117926	2026-02-10 17:59:05	1	1	15	0
        117575	2026-02-10 18:00:05	1	1	15	0
        116166	2026-02-10 18:00:08	1	1	15	0
        117814	2026-02-10 18:00:22	1	1	15	0
        110088	2026-02-10 18:00:30	1	1	15	0
        116537	2026-02-10 18:01:00	1	1	15	0
        117567	2026-02-10 18:01:06	1	1	15	0
        117341	2026-02-10 18:01:08	1	1	15	0
        116747	2026-02-10 18:01:15	1	1	15	0
        117080	2026-02-10 18:01:41	1	1	15	0
        110158	2026-02-10 18:01:46	1	1	15	0
        117122	2026-02-10 18:02:14	1	1	15	0
        116778	2026-02-10 18:02:41	1	1	15	0
        117815	2026-02-10 18:03:32	1	1	15	0
        118458	2026-02-10 18:04:36	1	1	15	0
        118563	2026-02-10 18:04:37	1	1	15	0
        117337	2026-02-10 18:04:40	1	1	15	0
        118695	2026-02-10 18:04:44	1	1	15	0
        110090	2026-02-10 18:04:48	1	1	15	0
        110032	2026-02-10 18:05:44	1	1	15	0
        110183	2026-02-10 18:06:27	1	1	15	0
        117077	2026-02-10 18:07:44	1	1	15	0
        110025	2026-02-10 18:07:50	1	1	15	0
        110057	2026-02-10 18:07:51	1	1	15	0
        117711	2026-02-10 18:07:59	1	1	15	0
        110116	2026-02-10 18:08:02	1	1	15	0
        117114	2026-02-10 18:08:07	1	1	15	0
        117786	2026-02-10 18:08:10	1	1	15	0
        110131	2026-02-10 18:08:23	1	1	15	0
        119594	2026-02-10 18:09:14	1	1	15	0
        119386	2026-02-10 18:09:16	1	1	15	0
        118992	2026-02-10 18:12:28	1	1	15	0
        116453	2026-02-10 18:13:46	1	1	15	0
        118369	2026-02-10 18:15:23	1	1	15	0
        117061	2026-02-10 18:15:26	1	1	15	0
        117981	2026-02-10 18:15:27	1	1	15	0
        116356	2026-02-10 18:15:29	1	1	15	0
        118503	2026-02-10 18:15:33	1	1	15	0
        116849	2026-02-10 18:16:47	1	1	15	0
        116260	2026-02-10 18:17:17	1	1	15	0
        118953	2026-02-10 18:19:13	1	1	15	0
        117088	2026-02-10 18:22:33	1	1	15	0
        118862	2026-02-10 18:23:35	1	1	15	0
        119282	2026-02-10 18:25:39	1	1	15	0
        117817	2026-02-10 18:26:43	1	1	15	0
        110055	2026-02-10 18:27:22	1	1	15	0
        110083	2026-02-10 18:28:24	1	1	15	0
        117529	2026-02-10 18:31:17	1	1	15	0
        116346	2026-02-10 18:32:11	1	1	15	0
        117091	2026-02-10 18:33:03	1	1	15	0
        119227	2026-02-10 18:39:35	1	1	15	0
        118867	2026-02-10 18:42:35	1	1	15	0
        118753	2026-02-10 18:45:15	1	1	15	0
        119602	2026-02-10 18:50:22	1	1	15	0
        117770	2026-02-10 18:51:22	1	1	15	0
        119006	2026-02-10 18:51:34	1	1	15	0
        119449	2026-02-10 18:54:01	1	1	15	0
        117595	2026-02-10 18:55:14	1	1	15	0
        110077	2026-02-10 18:56:13	1	1	15	0
        117699	2026-02-10 19:01:00	1	1	15	0
        117591	2026-02-10 19:14:42	1	1	15	0
        110200	2026-02-10 19:27:12	1	1	15	0
        110100	2026-02-10 19:31:58	1	1	15	0
        116933	2026-02-10 20:38:34	1	1	15	0
        110492	2026-02-10 20:56:02	1	1	15	0
        117201	2026-02-11 05:02:53	1	0	15	0
        110535	2026-02-11 05:29:25	1	0	15	0
        110093	2026-02-11 06:08:49	1	0	15	0
        110051	2026-02-11 06:25:18	1	0	15	0
        119070	2026-02-11 06:30:39	1	0	15	0
        118992	2026-02-11 06:37:09	1	0	15	0
        117983	2026-02-11 06:40:35	1	0	15	0
        116512	2026-02-11 06:41:29	1	0	15	0
        116751	2026-02-11 06:41:37	1	0	15	0
        117224	2026-02-11 06:42:46	1	0	15	0
        110466	2026-02-11 06:46:47	1	0	15	0
           538	2026-02-11 06:48:30	1	0	15	0
        117930	2026-02-11 06:52:54	1	0	15	0
        116831	2026-02-11 06:56:11	1	0	15	0
        119006	2026-02-11 06:59:47	1	0	15	0
        116763	2026-02-11 07:02:35	1	0	15	0
        116551	2026-02-11 07:05:27	1	0	15	0
        117769	2026-02-11 07:05:52	1	0	15	0
        116914	2026-02-11 07:06:57	1	0	15	0
        117814	2026-02-11 07:11:12	1	0	15	0
        118580	2026-02-11 07:12:52	1	0	15	0
        110113	2026-02-11 07:13:39	1	0	15	0
        119602	2026-02-11 07:13:56	1	0	15	0
        116995	2026-02-11 07:14:06	1	0	15	0
        118744	2026-02-11 07:14:52	1	0	15	0
        117156	2026-02-11 07:14:54	1	0	15	0
        116297	2026-02-11 07:15:35	1	0	15	0
            13	2026-02-11 07:15:41	1	0	15	0
        118829	2026-02-11 07:16:38	1	0	15	0
        116799	2026-02-11 07:18:48	1	0	15	0
        118455	2026-02-11 07:18:54	1	0	15	0
        110358	2026-02-11 07:20:08	1	0	15	0
        117111	2026-02-11 07:20:12	1	0	15	0
        117838	2026-02-11 07:21:14	1	0	1	0
        110357	2026-02-11 07:21:49	1	0	15	0
        110144	2026-02-11 07:23:04	1	0	15	0
        110527	2026-02-11 07:27:13	1	0	15	0
        118997	2026-02-11 07:27:21	1	0	15	0
        119272	2026-02-11 07:29:27	1	0	15	0
        119365	2026-02-11 07:29:43	1	0	15	0
        110085	2026-02-11 07:30:15	1	0	15	0
        119475	2026-02-11 07:30:18	1	0	15	0
        117133	2026-02-11 07:31:07	1	0	15	0
        110457	2026-02-11 07:32:32	1	0	15	0
        110065	2026-02-11 07:34:20	1	0	15	0
        110060	2026-02-11 07:34:36	1	0	15	0
        118640	2026-02-11 07:34:41	1	0	15	0
        110485	2026-02-11 07:35:57	1	0	15	0
        110512	2026-02-11 07:36:01	1	0	15	0
        110032	2026-02-11 07:36:04	1	0	15	0
        118157	2026-02-11 07:36:14	1	0	15	0
        118043	2026-02-11 07:38:28	1	0	15	0
        110517	2026-02-11 07:38:34	1	0	15	0
        110378	2026-02-11 07:39:00	1	0	15	0
        117680	2026-02-11 07:40:58	1	0	15	0
        110053	2026-02-11 07:41:32	1	0	15	0
        117724	2026-02-11 07:42:19	1	0	15	0
        116356	2026-02-11 07:42:27	1	0	15	0
        118369	2026-02-11 07:43:15	1	0	15	0
        119143	2026-02-11 07:43:33	1	0	15	0
        116902	2026-02-11 07:43:38	1	0	15	0
        110025	2026-02-11 07:43:51	1	0	15	0
        117839	2026-02-11 07:44:20	1	0	15	0
        110063	2026-02-11 07:45:27	1	0	15	0
        110473	2026-02-11 07:45:31	1	0	15	0
        119340	2026-02-11 07:45:35	1	0	15	0
        110083	2026-02-11 07:46:19	1	0	15	0
        116504	2026-02-11 07:46:28	1	0	15	0
        117770	2026-02-11 07:47:02	1	0	15	0
        117270	2026-02-11 07:47:17	1	0	15	0
        116422	2026-02-11 07:47:19	1	0	15	0
        117700	2026-02-11 07:47:26	1	0	15	0
        110355	2026-02-11 07:47:30	1	0	15	0
        110356	2026-02-11 07:47:32	1	0	15	0
        110376	2026-02-11 07:48:11	1	0	15	0
        110377	2026-02-11 07:48:17	1	0	15	0
        117840	2026-02-11 07:48:29	1	0	15	0
        110050	2026-02-11 07:49:34	1	0	15	0
        116828	2026-02-11 07:49:39	1	0	1	0
        116996	2026-02-11 07:50:00	1	0	15	0
        116496	2026-02-11 07:50:07	1	0	15	0
        118271	2026-02-11 07:50:15	1	0	15	0
        110493	2026-02-11 07:50:24	1	0	15	0
        116483	2026-02-11 07:50:44	1	0	15	0
        110076	2026-02-11 07:50:57	1	0	15	0
        119227	2026-02-11 07:51:58	1	0	15	0
        116426	2026-02-11 07:52:16	1	0	15	0
        110424	2026-02-11 07:52:23	1	0	15	0
        110011	2026-02-11 07:53:03	1	0	15	0
        117683	2026-02-11 07:53:05	1	0	15	0
        117639	2026-02-11 07:53:26	1	0	15	0
        117850	2026-02-11 07:53:54	1	0	15	0
        110475	2026-02-11 07:54:03	1	0	15	0
        117129	2026-02-11 07:54:21	1	0	15	0
        116346	2026-02-11 07:54:23	1	0	15	0
        117591	2026-02-11 07:54:41	1	0	15	0
        110006	2026-02-11 07:54:50	1	0	15	0
        117222	2026-02-11 07:55:22	1	0	15	0
        110075	2026-02-11 07:55:42	1	0	15	0
        117054	2026-02-11 07:55:47	1	0	15	0
        116337	2026-02-11 07:55:59	1	0	15	0
        118186	2026-02-11 07:56:19	1	0	15	0
        119157	2026-02-11 07:56:36	1	0	15	0
        118180	2026-02-11 07:57:05	1	0	15	0
        117921	2026-02-11 07:58:11	1	0	15	0
        117972	2026-02-11 07:58:27	1	0	15	0
        116142	2026-02-11 07:59:23	1	0	15	0
        118221	2026-02-11 07:59:30	1	0	15	0
        119594	2026-02-11 08:00:53	1	0	15	0
        119263	2026-02-11 08:00:58	1	0	15	0
        118695	2026-02-11 08:01:04	1	0	15	0
        110062	2026-02-11 08:01:08	1	0	15	0
        117982	2026-02-11 08:01:17	1	0	15	0
        110131	2026-02-11 08:01:42	1	0	15	0
        117189	2026-02-11 08:02:01	1	0	15	0
        110514	2026-02-11 08:02:24	1	0	15	0
        116274	2026-02-11 08:02:35	1	0	15	0
        117733	2026-02-11 08:02:51	1	0	15	0
        117542	2026-02-11 08:04:06	1	0	15	0
        116493	2026-02-11 08:04:48	1	0	15	0
        116072	2026-02-11 08:05:00	1	0	15	0
        117920	2026-02-11 08:05:37	1	0	15	0
        110128	2026-02-11 08:06:26	1	0	15	0
        116960	2026-02-11 08:06:37	1	0	15	0
        110513	2026-02-11 08:06:39	1	0	15	0
        116428	2026-02-11 08:06:46	1	0	15	0
        117969	2026-02-11 08:06:49	1	0	15	0
        110372	2026-02-11 08:07:30	1	0	15	0
        119493	2026-02-11 08:07:35	1	0	15	0
        110354	2026-02-11 08:08:34	1	0	15	0
        118928	2026-02-11 08:09:07	1	0	15	0
        117924	2026-02-11 08:09:34	1	0	15	0
        117219	2026-02-11 08:10:03	1	0	15	0
        119104	2026-02-11 08:10:20	1	0	15	0
        117645	2026-02-11 08:10:25	1	0	15	0
        117707	2026-02-11 08:11:14	1	0	15	0
        110077	2026-02-11 08:11:17	1	0	15	0
        110507	2026-02-11 08:11:54	1	0	15	0
        117807	2026-02-11 08:12:32	1	0	15	0
        116787	2026-02-11 08:13:06	1	0	15	0
        117088	2026-02-11 08:13:17	1	0	15	0
        117997	2026-02-11 08:13:35	1	0	15	0
        117833	2026-02-11 08:13:45	1	0	15	0
        118732	2026-02-11 08:15:05	1	0	15	0
        116129	2026-02-11 08:15:40	1	0	15	0
        116537	2026-02-11 08:16:08	1	0	15	0
        119364	2026-02-11 08:17:51	1	0	15	0
        117337	2026-02-11 08:18:47	1	0	15	0
        117541	2026-02-11 08:19:09	1	0	15	0
        110172	2026-02-11 08:19:30	1	0	15	0
        110492	2026-02-11 08:19:35	1	0	15	0
        116383	2026-02-11 08:19:40	1	0	15	0
        116282	2026-02-11 08:19:48	1	0	15	0
        116497	2026-02-11 08:19:51	1	0	15	0
        117630	2026-02-11 08:19:52	1	0	15	0
        119282	2026-02-11 08:20:04	1	0	15	0
        117742	2026-02-11 08:20:09	1	0	15	0
        117711	2026-02-11 08:20:12	1	0	15	0
        118761	2026-02-11 08:20:26	1	0	15	0
        110100	2026-02-11 08:20:37	1	0	15	0
        117634	2026-02-11 08:21:42	1	0	15	0
        117915	2026-02-11 08:21:43	1	0	15	0
        117059	2026-02-11 08:21:47	1	0	15	0
        116512	2026-02-11 08:21:56	1	0	15	0
        117113	2026-02-11 08:22:06	1	0	15	0
        117817	2026-02-11 08:22:12	1	0	15	0
        116824	2026-02-11 08:22:21	1	0	15	0
        117616	2026-02-11 08:24:34	1	0	15	0
        119386	2026-02-11 08:25:17	1	0	15	0
        119535	2026-02-11 08:25:20	1	0	15	0
        110094	2026-02-11 08:25:25	1	0	15	0
        118207	2026-02-11 08:26:23	1	0	15	0
        117595	2026-02-11 08:26:38	1	0	15	0
        110197	2026-02-11 08:27:07	1	0	15	0
        117981	2026-02-11 08:27:19	1	0	15	0
        117046	2026-02-11 08:27:29	1	0	15	0
        117120	2026-02-11 08:27:42	1	0	15	0
        118953	2026-02-11 08:28:07	1	0	15	0
        117692	2026-02-11 08:28:26	1	0	15	0
        117811	2026-02-11 08:29:15	1	0	15	0
        116472	2026-02-11 08:29:27	1	0	15	0
        110105	2026-02-11 08:29:37	1	0	15	0
        116805	2026-02-11 08:29:55	1	0	15	0
        110070	2026-02-11 08:30:04	1	0	15	0
        117993	2026-02-11 08:32:15	1	0	15	0
        117121	2026-02-11 08:32:26	1	0	15	0
        117528	2026-02-11 08:33:04	1	0	15	0
        117259	2026-02-11 08:33:26	1	0	15	0
        117497	2026-02-11 08:35:26	1	0	15	0
        118971	2026-02-11 08:36:13	1	0	15	0
        117529	2026-02-11 08:36:59	1	0	15	0
        116778	2026-02-11 08:37:09	1	0	15	0
        117841	2026-02-11 08:39:09	1	0	15	0
        110088	2026-02-11 08:39:17	1	0	15	0
        117812	2026-02-11 08:39:38	1	0	15	0
        117699	2026-02-11 08:39:43	1	0	15	0
        117926	2026-02-11 08:40:04	1	0	15	0
        110506	2026-02-11 08:40:25	1	0	15	0
        110198	2026-02-11 08:40:28	1	0	15	0
        117269	2026-02-11 08:40:48	1	0	15	0
        117837	2026-02-11 08:41:23	1	0	15	0
        110173	2026-02-11 08:42:57	1	0	15	0
        116104	2026-02-11 08:43:35	1	0	15	0
        117122	2026-02-11 08:44:03	1	0	15	0
        116252	2026-02-11 08:44:28	1	0	15	0
        117716	2026-02-11 08:44:36	1	0	15	0
        110418	2026-02-11 08:44:44	1	0	15	0
        116260	2026-02-11 08:44:54	1	0	15	0
        110055	2026-02-11 08:44:59	1	0	15	0
        117998	2026-02-11 08:45:32	1	0	15	0
        118503	2026-02-11 08:45:41	1	0	15	0
        117567	2026-02-11 08:45:46	1	0	15	0
        118753	2026-02-11 08:46:15	1	0	15	0
        118867	2026-02-11 08:46:17	1	0	15	0
        117103	2026-02-11 08:46:40	1	0	15	0
        117543	2026-02-11 08:46:52	1	0	15	0
        117043	2026-02-11 08:46:57	1	0	15	0
        110193	2026-02-11 08:47:11	1	0	15	0
        110057	2026-02-11 08:47:20	1	0	15	0
        117635	2026-02-11 08:47:23	1	0	15	0
        110195	2026-02-11 08:47:33	1	0	15	0
        117144	2026-02-11 08:47:45	1	0	15	0
        110090	2026-02-11 08:48:03	1	0	15	0
        117085	2026-02-11 08:48:29	1	0	15	0
        117341	2026-02-11 08:49:15	1	0	15	0
        117659	2026-02-11 08:49:49	1	0	15	0
        119449	2026-02-11 08:50:06	1	0	15	0
        117147	2026-02-11 08:50:12	1	0	15	0
        117786	2026-02-11 08:50:34	1	0	15	0
        110200	2026-02-11 08:50:58	1	0	15	0
        116477	2026-02-11 08:51:15	1	0	15	0
        110116	2026-02-11 08:51:27	1	0	15	0
        116849	2026-02-11 08:52:53	1	0	15	0
        118458	2026-02-11 08:54:11	1	0	15	0
        116747	2026-02-11 08:54:33	1	0	15	0
        117644	2026-02-11 08:54:47	1	0	15	0
        116990	2026-02-11 08:55:15	1	0	15	0
        117790	2026-02-11 08:55:17	1	0	15	0
        117080	2026-02-11 08:56:29	1	0	15	0
        116069	2026-02-11 08:56:31	1	0	15	0
        117077	2026-02-11 08:57:38	1	0	15	0
        116453	2026-02-11 08:57:48	1	0	15	0
        117815	2026-02-11 08:59:13	1	0	15	0
        119107	2026-02-11 08:59:18	1	0	15	0
        110495	2026-02-11 09:00:12	1	0	15	0
        118862	2026-02-11 09:00:34	1	0	15	0
        118584	2026-02-11 09:05:17	1	0	15	0
        116070	2026-02-11 09:07:45	1	0	1	0
        116933	2026-02-11 09:07:59	1	0	15	0
        117837	2026-02-11 09:09:50	1	0	15	0
        117061	2026-02-11 09:09:54	1	0	15	0
        118046	2026-02-11 09:14:14	1	0	15	0
        116279	2026-02-11 09:20:48	1	0	15	0
        118584	2026-02-11 12:00:14	1	2	15	0
        117733	2026-02-11 12:00:16	1	2	15	0
        116279	2026-02-11 12:00:18	1	2	15	0
        119107	2026-02-11 12:00:20	1	2	15	0
        110113	2026-02-11 12:00:25	1	2	15	0
        110144	2026-02-11 12:00:26	1	2	15	0
        117711	2026-02-11 12:00:30	1	2	15	0
        110200	2026-02-11 12:00:32	1	2	15	0
        110358	2026-02-11 12:00:34	1	2	15	0
        110485	2026-02-11 12:00:37	1	2	15	0
        117259	2026-02-11 12:00:39	1	2	15	0
        117270	2026-02-11 12:00:39	1	2	15	0
        116383	2026-02-11 12:00:44	1	2	15	0
        110198	2026-02-11 12:00:45	1	2	15	0
        116453	2026-02-11 12:00:47	1	2	15	0
        110057	2026-02-11 12:00:50	1	2	15	0
        119364	2026-02-11 12:00:53	1	2	15	0
        110506	2026-02-11 12:00:57	1	2	15	0
        117080	2026-02-11 12:00:59	1	2	15	0
        116902	2026-02-11 12:01:01	1	2	15	0
        117926	2026-02-11 12:01:05	1	2	15	0
        116763	2026-02-11 12:01:07	1	2	15	0
        117046	2026-02-11 12:01:11	1	2	15	0
        110424	2026-02-11 12:01:13	1	2	15	0
        110418	2026-02-11 12:01:15	1	2	15	0
        116477	2026-02-11 12:01:17	1	2	15	0
        119535	2026-02-11 12:01:19	1	2	15	0
        117224	2026-02-11 12:01:21	1	2	15	0
        110055	2026-02-11 12:01:24	1	2	15	0
        118043	2026-02-11 12:01:26	1	2	15	0
        116831	2026-02-11 12:01:27	1	2	15	0
        110128	2026-02-11 12:01:30	1	2	15	0
        110172	2026-02-11 12:01:32	1	2	15	0
        110116	2026-02-11 12:01:40	1	2	15	0
        110492	2026-02-11 12:01:43	1	2	15	0
        119449	2026-02-11 12:01:47	1	2	15	0
        110493	2026-02-11 12:01:51	1	2	15	0
        110495	2026-02-11 12:01:53	1	2	15	0
        117189	2026-02-11 12:01:55	1	2	15	0
        110376	2026-02-11 12:01:58	1	2	15	0
        110377	2026-02-11 12:02:01	1	2	15	0
        116453	2026-02-11 12:02:08	1	2	15	0
            13	2026-02-11 12:02:12	1	2	15	0
        117644	2026-02-11 12:02:13	1	2	15	0
        110195	2026-02-11 12:02:16	1	2	15	0
        116512	2026-02-11 12:02:21	1	2	15	0
        116751	2026-02-11 12:02:23	1	2	15	0
        117543	2026-02-11 12:02:24	1	2	15	0
        110090	2026-02-11 12:02:40	1	2	15	0
        117567	2026-02-11 12:02:45	1	2	15	0
        118829	2026-02-11 12:02:47	1	2	15	0
        117529	2026-02-11 12:02:50	1	2	15	0
        117833	2026-02-11 12:02:57	1	2	15	0
        118584	2026-02-11 12:03:04	1	2	15	0
        110358	2026-02-11 12:03:11	1	2	15	0
        117630	2026-02-11 12:03:15	1	2	15	0
        116778	2026-02-11 12:03:17	1	2	15	0
        116496	2026-02-11 12:03:20	1	2	15	0
        116279	2026-02-11 12:03:22	1	2	15	0
        116551	2026-02-11 12:03:23	1	2	15	0
        116849	2026-02-11 12:03:25	1	2	15	0
        116787	2026-02-11 12:03:26	1	2	15	0
        117269	2026-02-11 12:03:28	1	2	15	0
        117680	2026-02-11 12:03:31	1	2	15	0
        116828	2026-02-11 12:03:33	1	2	1	0
        117219	2026-02-11 12:03:39	1	2	15	0
        116422	2026-02-11 12:03:40	1	2	15	0
        118580	2026-02-11 12:03:42	1	2	15	0
        110485	2026-02-11 12:03:46	1	2	15	0
        119340	2026-02-11 12:03:57	1	2	15	0
        117683	2026-02-11 12:04:02	1	2	15	0
        116282	2026-02-11 12:04:06	1	2	15	0
        110053	2026-02-11 12:04:08	1	2	15	0
        118157	2026-02-11 12:04:11	1	2	15	0
        116104	2026-02-11 12:04:13	1	2	15	0
        117634	2026-02-11 12:04:15	1	2	15	0
        117915	2026-02-11 12:04:17	1	2	15	0
        110085	2026-02-11 12:04:20	1	2	15	0
        117930	2026-02-11 12:04:22	1	2	15	0
        110090	2026-02-11 12:04:24	1	2	15	0
        110200	2026-02-11 12:04:30	1	2	15	0
        117046	2026-02-11 12:04:35	1	2	15	0
        110418	2026-02-11 12:04:39	1	2	15	0
        117080	2026-02-11 12:04:41	1	2	15	0
        116914	2026-02-11 12:04:44	1	2	15	0
        116763	2026-02-11 12:04:46	1	2	15	0
        119107	2026-02-11 12:04:48	1	2	15	0
        117815	2026-02-11 12:04:57	1	2	15	0
        110424	2026-02-11 12:04:59	1	2	15	0
        117786	2026-02-11 12:05:01	1	2	15	0
        116383	2026-02-11 12:05:07	1	2	15	0
        116787	2026-02-11 12:05:10	1	2	15	0
        119602	2026-02-11 12:05:14	1	2	15	0
        117998	2026-02-11 12:05:16	1	2	15	0
        116849	2026-02-11 12:05:19	1	2	15	0
        119386	2026-02-11 12:05:21	1	2	15	0
        117972	2026-02-11 12:05:24	1	2	15	0
        119143	2026-02-11 12:05:27	1	2	15	0
        117790	2026-02-11 12:05:29	1	2	15	0
        117120	2026-02-11 12:05:34	1	2	15	0
        117716	2026-02-11 12:05:37	1	2	15	0
        117497	2026-02-11 12:05:42	1	2	15	0
        117222	2026-02-11 12:05:45	1	2	15	0
        119364	2026-02-11 12:05:48	1	2	15	0
        117189	2026-02-11 12:05:51	1	2	15	0
        116477	2026-02-11 12:05:53	1	2	15	0
        117259	2026-02-11 12:05:55	1	2	15	0
        110172	2026-02-11 12:05:56	1	2	15	0
        117926	2026-02-11 12:05:59	1	2	15	0
        110057	2026-02-11 12:06:02	1	2	15	0
        118928	2026-02-11 12:06:23	1	2	15	0
        116129	2026-02-11 12:06:25	1	2	15	0
        110495	2026-02-11 12:06:27	1	2	15	0
        116551	2026-02-11 12:06:28	1	2	15	0
        110493	2026-02-11 12:06:31	1	2	15	0
        110492	2026-02-11 12:06:33	1	2	15	0
        117817	2026-02-11 12:06:35	1	2	15	0
        118829	2026-02-11 12:06:50	1	2	15	0
        117059	2026-02-11 12:07:20	1	2	15	0
        117269	2026-02-11 12:07:22	1	2	15	0
        117224	2026-02-11 12:07:29	1	2	15	0
        110088	2026-02-11 12:07:30	1	2	15	0
        110376	2026-02-11 12:07:35	1	2	15	0
        117113	2026-02-11 12:07:39	1	2	15	0
        117054	2026-02-11 12:07:41	1	2	15	0
        110377	2026-02-11 12:07:45	1	2	15	0
        110173	2026-02-11 12:07:48	1	2	15	0
        118157	2026-02-11 12:07:50	1	2	15	0
        116282	2026-02-11 12:07:53	1	2	15	0
        117683	2026-02-11 12:07:54	1	2	15	0
        117219	2026-02-11 12:08:00	1	2	15	0
        117634	2026-02-11 12:08:04	1	2	15	0
        117915	2026-02-11 12:08:06	1	2	15	0
        116422	2026-02-11 12:08:08	1	2	15	0
           538	2026-02-11 12:08:16	1	2	15	0
        117133	2026-02-11 12:08:31	1	2	15	0
        118043	2026-02-11 12:08:33	1	2	15	0
        116496	2026-02-11 12:08:35	1	2	15	0
        117129	2026-02-11 12:08:42	1	2	15	0
        116104	2026-02-11 12:08:44	1	2	15	0
        117812	2026-02-11 12:09:05	1	2	15	0
        117770	2026-02-11 12:09:06	1	2	15	0
        110517	2026-02-11 12:09:07	1	2	15	0
        110065	2026-02-11 12:09:15	1	2	15	0
        119282	2026-02-11 12:09:17	1	2	15	0
        116914	2026-02-11 12:09:19	1	2	15	0
        116902	2026-02-11 12:09:24	1	2	15	0
        118458	2026-02-11 12:09:26	1	2	15	0
        118862	2026-02-11 12:09:30	1	2	15	0
        117833	2026-02-11 12:09:32	1	2	15	0
        117120	2026-02-11 12:09:42	1	2	15	0
        117790	2026-02-11 12:09:45	1	2	15	0
        117711	2026-02-11 12:09:48	1	2	15	0
        110053	2026-02-11 12:10:05	1	2	15	0
        117972	2026-02-11 12:10:12	1	2	15	0
        119143	2026-02-11 12:10:14	1	2	15	0
        118928	2026-02-11 12:10:16	1	2	15	0
        116129	2026-02-11 12:10:18	1	2	15	0
        116778	2026-02-11 12:10:24	1	2	15	0
        117595	2026-02-11 12:10:26	1	2	15	0
        117983	2026-02-11 12:10:32	1	2	15	0
        117121	2026-02-11 12:10:34	1	2	15	0
        118997	2026-02-11 12:10:36	1	2	15	0
        117817	2026-02-11 12:10:41	1	2	15	0
        118992	2026-02-11 12:10:51	1	2	15	0
        117222	2026-02-11 12:11:01	1	2	15	0
        119282	2026-02-11 12:11:03	1	2	15	0
        110113	2026-02-11 12:11:06	1	2	15	0
        118761	2026-02-11 12:11:11	1	2	15	0
        118640	2026-02-11 12:11:28	1	2	15	0
        118180	2026-02-11 12:11:31	1	2	15	0
        116799	2026-02-11 12:11:40	1	2	15	0
        117122	2026-02-11 12:11:45	1	2	15	0
        117616	2026-02-11 12:11:50	1	2	15	0
        117497	2026-02-11 12:11:54	1	2	15	0
        118744	2026-02-11 12:12:06	1	2	15	0
        117542	2026-02-11 12:12:07	1	2	15	0
        116142	2026-02-11 12:12:09	1	2	15	0
        117680	2026-02-11 12:12:12	1	2	15	0
        116996	2026-02-11 12:12:14	1	2	15	0
        117998	2026-02-11 12:12:15	1	2	15	0
        110527	2026-02-11 12:12:17	1	2	15	0
        117742	2026-02-11 12:12:20	1	2	15	0
        110378	2026-02-11 12:12:21	1	2	15	0
        110065	2026-02-11 12:12:23	1	2	15	0
        110507	2026-02-11 12:12:25	1	2	15	0
        116070	2026-02-11 12:12:27	1	2	15	0
        116428	2026-02-11 12:12:28	1	2	15	0
        116990	2026-02-11 12:12:33	1	2	15	0
        116069	2026-02-11 12:12:35	1	2	15	0
        117770	2026-02-11 12:12:40	1	2	15	0
        117812	2026-02-11 12:12:42	1	2	15	0
        118753	2026-02-11 12:12:42	1	2	15	0
        117144	2026-02-11 12:12:47	1	2	15	0
        117528	2026-02-11 12:12:49	1	2	15	0
        118732	2026-02-11 12:12:54	1	2	15	0
        118271	2026-02-11 12:12:58	1	2	15	0
        116747	2026-02-11 12:13:02	1	2	15	0
        118046	2026-02-11 12:13:04	1	2	15	0
        116472	2026-02-11 12:13:06	1	2	15	0
        110195	2026-02-11 12:13:07	1	2	15	0
        116933	2026-02-11 12:13:14	1	2	15	0
        110466	2026-02-11 12:13:23	1	2	15	0
        118458	2026-02-11 12:13:25	1	2	15	0
        117699	2026-02-11 12:13:30	1	2	15	0
        118862	2026-02-11 12:13:37	1	2	15	0
        110094	2026-02-11 12:13:43	1	2	15	0
        110093	2026-02-11 12:13:47	1	2	15	0
        118753	2026-02-11 12:13:49	1	2	15	0
        117921	2026-02-11 12:13:50	1	2	15	0
        117692	2026-02-11 12:13:56	1	2	15	0
        119006	2026-02-11 12:13:59	1	2	15	0
        117129	2026-02-11 12:14:01	1	2	15	0
        117982	2026-02-11 12:14:03	1	2	15	0
        117639	2026-02-11 12:14:05	1	2	15	0
        117983	2026-02-11 12:14:17	1	2	15	0
        110173	2026-02-11 12:14:20	1	2	15	0
        117133	2026-02-11 12:14:23	1	2	15	0
        117807	2026-02-11 12:14:26	1	2	15	0
        117837	2026-02-11 12:14:28	1	2	15	0
        110517	2026-02-11 12:14:30	1	2	15	0
        117121	2026-02-11 12:14:32	1	2	15	0
        118640	2026-02-11 12:14:44	1	2	15	0
        117644	2026-02-11 12:14:49	1	2	15	0
        116252	2026-02-11 12:14:52	1	2	15	0
        116824	2026-02-11 12:14:57	1	2	15	0
        117542	2026-02-11 12:15:35	1	2	15	0
        116070	2026-02-11 12:15:46	1	2	1	0
        117997	2026-02-11 12:15:52	1	2	15	0
        110100	2026-02-11 12:15:59	1	2	15	0
        116960	2026-02-11 12:16:02	1	2	15	0
        110060	2026-02-11 12:16:05	1	2	15	0
        117270	2026-02-11 12:16:21	1	2	15	0
        110070	2026-02-11 12:16:26	1	2	15	0
        110088	2026-02-11 12:16:33	1	2	15	0
        117543	2026-02-11 12:16:44	1	2	15	0
        110354	2026-02-11 12:16:46	1	2	15	0
        117742	2026-02-11 12:16:54	1	2	15	0
        116428	2026-02-11 12:17:07	1	2	15	0
        118761	2026-02-11 12:17:09	1	2	15	0
        116537	2026-02-11 12:17:23	1	2	15	0
        116337	2026-02-11 12:17:25	1	2	15	0
        110055	2026-02-11 12:17:27	1	2	15	0
        117077	2026-02-11 12:17:29	1	2	15	0
        117850	2026-02-11 12:17:31	1	2	15	0
        117920	2026-02-11 12:17:33	1	2	15	0
        117341	2026-02-11 12:17:35	1	2	15	0
        117707	2026-02-11 12:17:38	1	2	15	0
        117924	2026-02-11 12:17:39	1	2	15	0
        110457	2026-02-11 12:17:41	1	2	15	0
        116072	2026-02-11 12:17:42	1	2	15	0
        110357	2026-02-11 12:17:46	1	2	15	0
        117541	2026-02-11 12:17:48	1	2	15	0
        116497	2026-02-11 12:17:50	1	2	15	0
        117837	2026-02-11 12:17:52	1	2	15	0
        117807	2026-02-11 12:17:54	1	2	15	0
        116069	2026-02-11 12:17:56	1	2	15	0
        116990	2026-02-11 12:18:01	1	2	15	0
        117114	2026-02-11 12:18:03	1	2	15	0
        116260	2026-02-11 12:18:06	1	2	15	0
        119157	2026-02-11 12:18:14	1	2	15	0
        119493	2026-02-11 12:18:23	1	2	15	0
        117921	2026-02-11 12:18:29	1	2	15	0
        117692	2026-02-11 12:18:31	1	2	15	0
        117639	2026-02-11 12:18:34	1	2	15	0
        117982	2026-02-11 12:18:36	1	2	15	0
        110378	2026-02-11 12:18:38	1	2	15	0
        117528	2026-02-11 12:18:42	1	2	15	0
        118271	2026-02-11 12:18:57	1	2	15	0
        117716	2026-02-11 12:18:59	1	2	15	0
        119449	2026-02-11 12:19:05	1	2	15	0
        110144	2026-02-11 12:19:12	1	2	15	0
        119386	2026-02-11 12:19:29	1	2	15	0
        119535	2026-02-11 12:19:36	1	2	15	0
        118732	2026-02-11 12:19:41	1	2	15	0
        110128	2026-02-11 12:19:46	1	2	15	0
        110093	2026-02-11 12:19:58	1	2	15	0
        110094	2026-02-11 12:20:00	1	2	15	0
        116483	2026-02-11 12:20:05	1	2	15	0
        116142	2026-02-11 12:20:07	1	2	15	0
        110076	2026-02-11 12:20:12	1	2	15	0
        117054	2026-02-11 12:20:17	1	2	15	0
        119493	2026-02-11 12:20:19	1	2	15	0
        110372	2026-02-11 12:20:22	1	2	15	0
        116337	2026-02-11 12:20:25	1	2	15	0
        118563	2026-02-11 12:20:28	1	2	15	0
        117341	2026-02-11 12:20:31	1	2	15	0
        110514	2026-02-11 12:20:33	1	2	15	0
        110512	2026-02-11 12:20:36	1	2	15	0
        117144	2026-02-11 12:20:38	1	2	15	0
        117567	2026-02-11 12:20:40	1	2	15	0
        110506	2026-02-11 12:20:43	1	2	15	0
        110198	2026-02-11 12:20:43	1	2	15	0
        116512	2026-02-11 12:20:48	1	2	15	0
        117077	2026-02-11 12:20:51	1	2	15	0
        119006	2026-02-11 12:20:55	1	2	15	0
        119157	2026-02-11 12:20:57	1	2	15	0
        118503	2026-02-11 12:21:00	1	2	15	0
        110513	2026-02-11 12:21:16	1	2	15	0
        116996	2026-02-11 12:21:25	1	2	15	0
        110011	2026-02-11 12:21:29	1	2	15	0
        110354	2026-02-11 12:21:32	1	2	15	0
        117645	2026-02-11 12:21:35	1	2	15	0
        117839	2026-02-11 12:21:38	1	2	15	0
        117840	2026-02-11 12:21:39	1	2	15	0
        117733	2026-02-11 12:21:41	1	2	15	0
        117841	2026-02-11 12:21:44	1	2	15	0
        110032	2026-02-11 12:21:45	1	2	15	0
        116537	2026-02-11 12:21:49	1	2	15	0
        117541	2026-02-11 12:21:51	1	2	15	0
        117707	2026-02-11 12:21:53	1	2	15	0
        117920	2026-02-11 12:21:54	1	2	15	0
        117850	2026-02-11 12:21:56	1	2	15	0
        116274	2026-02-11 12:21:58	1	2	15	0
        116831	2026-02-11 12:22:01	1	2	15	0
        110062	2026-02-11 12:22:13	1	2	15	0
        116824	2026-02-11 12:22:25	1	2	15	0
        117700	2026-02-11 12:22:52	1	2	15	0
        117997	2026-02-11 12:23:03	1	2	15	0
        118221	2026-02-11 12:23:08	1	2	15	0
        118744	2026-02-11 12:23:17	1	2	15	0
        116933	2026-02-11 12:23:20	1	2	15	0
        117201	2026-02-11 12:23:32	1	2	15	0
        118503	2026-02-11 12:23:37	1	2	15	0
        117924	2026-02-11 12:23:45	1	2	15	0
        110060	2026-02-11 12:23:58	1	2	15	0
        116960	2026-02-11 12:24:05	1	2	15	0
        110100	2026-02-11 12:24:07	1	2	15	0
        116799	2026-02-11 12:24:15	1	2	15	0
        117841	2026-02-11 12:24:18	1	2	15	0
        117839	2026-02-11 12:24:21	1	2	15	0
        110475	2026-02-11 12:24:26	1	2	15	0
        116346	2026-02-11 12:24:28	1	2	15	0
        110032	2026-02-11 12:24:41	1	2	15	0
        110063	2026-02-11 12:24:47	1	2	15	0
        110025	2026-02-11 12:24:50	1	2	15	0
        118971	2026-02-11 12:24:53	1	2	15	0
        110372	2026-02-11 12:24:54	1	2	15	0
        118992	2026-02-11 12:24:58	1	2	15	0
        110513	2026-02-11 12:24:59	1	2	15	0
        110512	2026-02-11 12:25:00	1	2	15	0
        110514	2026-02-11 12:25:03	1	2	15	0
        117645	2026-02-11 12:25:06	1	2	15	0
        117840	2026-02-11 12:25:08	1	2	15	0
        116497	2026-02-11 12:25:14	1	2	15	0
        116260	2026-02-11 12:25:20	1	2	15	0
        117529	2026-02-11 12:25:24	1	2	15	0
        110507	2026-02-11 12:25:26	1	2	15	0
        110457	2026-02-11 12:25:28	1	2	15	0
        117700	2026-02-11 12:25:32	1	2	15	0
        119272	2026-02-11 12:25:36	1	2	15	0
        116072	2026-02-11 12:26:25	1	2	15	0
        117630	2026-02-11 12:26:28	1	2	15	0
        116483	2026-02-11 12:26:41	1	2	15	0
        110070	2026-02-11 12:26:45	1	2	15	0
        117966	2026-02-11 12:26:51	1	2	15	0
        116828	2026-02-11 12:27:34	1	2	1	0
        117699	2026-02-11 12:28:08	1	2	15	0
        117838	2026-02-11 12:28:11	1	2	15	0
        117769	2026-02-11 12:28:13	1	2	15	0
        110011	2026-02-11 12:28:24	1	2	15	0
        118221	2026-02-11 12:28:30	1	2	15	0
        117122	2026-02-11 12:28:34	1	2	15	0
        110006	2026-02-11 12:28:40	1	2	15	0
        110473	2026-02-11 12:28:46	1	2	15	0
        117993	2026-02-11 12:28:47	1	2	15	0
        117616	2026-02-11 12:28:49	1	2	15	0
        119365	2026-02-11 12:28:51	1	2	15	0
        116493	2026-02-11 12:28:53	1	2	15	0
        119263	2026-02-11 12:28:58	1	2	15	0
        117088	2026-02-11 12:29:04	1	2	15	0
        110355	2026-02-11 12:29:11	1	2	15	0
        110356	2026-02-11 12:29:17	1	2	15	0
        117201	2026-02-11 12:29:27	1	2	15	0
        119272	2026-02-11 12:29:54	1	2	15	0
            13	2026-02-11 12:30:19	1	2	15	0
        117085	2026-02-11 12:30:25	1	2	15	0
        117769	2026-02-11 12:30:39	1	2	15	0
        117838	2026-02-11 12:30:41	1	2	15	0
        117103	2026-02-11 12:31:22	1	2	15	0
        110183	2026-02-11 12:31:56	1	2	15	0
        116995	2026-02-11 12:32:00	1	2	15	0
        110466	2026-02-11 12:32:05	1	2	15	0
        119602	2026-02-11 12:32:10	1	2	15	0
        110085	2026-02-11 12:32:21	1	2	15	0
        117659	2026-02-11 12:32:25	1	2	15	0
        110063	2026-02-11 12:32:27	1	2	15	0
        110025	2026-02-11 12:32:30	1	2	15	0
        110062	2026-02-11 12:32:35	1	2	15	0
        110076	2026-02-11 12:32:48	1	3	15	0
        110355	2026-02-11 12:32:50	1	3	15	0
        110356	2026-02-11 12:32:52	1	3	15	0
        116274	2026-02-11 12:32:54	1	3	15	0
        110473	2026-02-11 12:32:57	1	3	15	0
        117993	2026-02-11 12:33:00	1	3	15	0
        116426	2026-02-11 12:33:03	1	3	15	0
        119365	2026-02-11 12:33:09	1	3	15	0
        116493	2026-02-11 12:33:12	1	3	15	0
        117724	2026-02-11 12:33:23	1	3	15	0
        117043	2026-02-11 12:33:27	1	3	15	0
        118695	2026-02-11 12:33:37	1	3	15	0
        117111	2026-02-11 12:33:39	1	3	15	0
        117337	2026-02-11 12:33:41	1	3	15	0
        116995	2026-02-11 12:34:17	1	3	15	0
        110077	2026-02-11 12:34:20	1	3	15	0
        119263	2026-02-11 12:34:25	1	3	15	0
        110006	2026-02-11 12:34:37	1	3	15	0
        117085	2026-02-11 12:34:40	1	3	15	0
        117156	2026-02-11 12:35:19	1	3	15	0
        117659	2026-02-11 12:35:24	1	3	15	0
        117103	2026-02-11 12:35:38	1	3	15	0
        117059	2026-02-11 12:35:55	1	3	15	0
        119594	2026-02-11 12:36:02	1	3	15	0
        110075	2026-02-11 12:36:12	1	3	15	0
        110116	2026-02-11 12:36:32	1	3	15	0
        118971	2026-02-11 12:36:38	1	3	15	0
        117724	2026-02-11 12:36:56	1	3	15	0
        117043	2026-02-11 12:36:59	1	3	15	0
        110051	2026-02-11 12:37:09	1	3	15	0
        110083	2026-02-11 12:37:12	1	3	15	0
        119594	2026-02-11 12:37:20	1	3	15	0
        117088	2026-02-11 12:37:27	1	3	15	0
        118695	2026-02-11 12:38:04	1	3	15	0
        118917	2026-02-11 12:38:07	1	3	15	0
        119104	2026-02-11 12:38:29	1	3	15	0
        116426	2026-02-11 12:38:37	1	3	15	0
        117595	2026-02-11 12:38:41	1	3	15	0
        118580	2026-02-11 12:38:57	1	3	15	0
           538	2026-02-11 12:39:02	1	3	15	0
        117815	2026-02-11 12:40:22	1	3	15	0
        110084	2026-02-11 12:40:35	1	3	15	0
        110051	2026-02-11 12:40:57	1	3	15	0
        110084	2026-02-11 12:41:40	1	3	15	0
        117156	2026-02-11 12:42:02	1	3	15	0
        119104	2026-02-11 12:42:06	1	3	15	0
        117591	2026-02-11 12:42:24	1	3	15	0
        118997	2026-02-11 12:43:22	1	3	15	0
        118917	2026-02-11 12:44:18	1	3	15	0
        110360	2026-02-11 12:44:30	1	3	15	0
        117814	2026-02-11 12:45:04	1	3	15	0
        110527	2026-02-11 12:45:09	1	3	15	0
        110075	2026-02-11 12:45:35	1	3	15	0
        110077	2026-02-11 12:45:46	1	3	15	0
        110083	2026-02-11 12:46:04	1	3	15	0
        116297	2026-02-11 12:46:08	1	3	15	0
        117088	2026-02-11 12:46:31	1	3	15	0
        118867	2026-02-11 12:46:59	1	3	15	0
        119475	2026-02-11 12:47:19	1	3	15	0
        117591	2026-02-11 12:47:37	1	3	15	0
        117061	2026-02-11 12:48:03	1	3	15	0
        117981	2026-02-11 12:48:05	1	3	15	0
        116805	2026-02-11 12:48:07	1	3	15	0
        118369	2026-02-11 12:48:09	1	3	15	0
        116356	2026-02-11 12:48:11	1	3	15	0
        110475	2026-02-11 12:48:26	1	3	15	0
        117814	2026-02-11 12:48:56	1	3	15	0
        118046	2026-02-11 12:49:38	1	3	15	0
        118867	2026-02-11 12:49:50	1	3	15	0
        116297	2026-02-11 12:50:02	1	3	15	0
        116747	2026-02-11 12:50:07	1	3	15	0
        116472	2026-02-11 12:50:09	1	3	15	0
        110131	2026-02-11 12:50:15	1	3	15	0
        116356	2026-02-11 12:50:26	1	3	15	0
        117981	2026-02-11 12:50:41	1	3	15	0
        110475	2026-02-11 12:50:52	1	3	15	0
        117061	2026-02-11 12:51:02	1	3	15	0
        118455	2026-02-11 12:51:07	1	3	15	0
        119227	2026-02-11 12:51:09	1	3	15	0
        119070	2026-02-11 12:51:12	1	3	15	0
        118369	2026-02-11 12:51:17	1	3	15	0
        118207	2026-02-11 12:51:20	1	3	15	0
        116805	2026-02-11 12:51:23	1	3	15	0
        118186	2026-02-11 12:52:47	1	3	15	0
        119475	2026-02-11 12:53:00	1	3	15	0
        117786	2026-02-11 12:53:14	1	3	15	0
        116996	2026-02-11 12:53:37	1	3	15	0
        117111	2026-02-11 12:53:51	1	3	15	0
        117337	2026-02-11 12:53:58	1	3	15	0
        117811	2026-02-11 12:55:19	1	3	15	0
        110357	2026-02-11 12:55:39	1	3	15	0
        118207	2026-02-11 12:56:10	1	3	15	0
        118455	2026-02-11 12:56:17	1	3	15	0
        119070	2026-02-11 12:56:20	1	3	15	0
        118186	2026-02-11 12:56:43	1	3	15	0
        119227	2026-02-11 12:56:49	1	3	15	0
        117811	2026-02-11 12:57:34	1	3	15	0
        116751	2026-02-11 12:57:43	1	3	15	0
        117575	2026-02-11 12:58:22	1	3	15	0
        110197	2026-02-11 13:15:45	1	3	15	0
        110197	2026-02-11 13:18:41	1	3	15	0
        110094	2026-02-11 15:59:29	1	3	15	0
        117224	2026-02-11 16:00:23	1	1	15	0
        116763	2026-02-11 16:04:25	1	1	15	0
        116914	2026-02-11 16:08:29	1	1	15	0
        117983	2026-02-11 16:08:39	1	1	15	0
        116297	2026-02-11 16:16:15	1	1	15	0
        118829	2026-02-11 16:18:13	1	1	15	0
        110113	2026-02-11 16:19:10	1	1	15	0
        117156	2026-02-11 16:20:41	1	1	15	0
        116551	2026-02-11 16:22:01	1	1	15	0
        117133	2026-02-11 16:32:32	1	1	15	0
        117770	2026-02-11 16:34:55	1	1	15	0
        118640	2026-02-11 16:39:31	1	1	15	0
        119475	2026-02-11 16:39:52	1	1	15	0
        117838	2026-02-11 16:40:26	1	1	1	0
        110065	2026-02-11 16:41:14	1	1	15	0
        118992	2026-02-11 16:41:17	1	1	15	0
        117054	2026-02-11 16:41:47	1	1	15	0
        116828	2026-02-11 16:42:44	1	1	1	0
        116493	2026-02-11 16:43:39	1	1	15	0
        119365	2026-02-11 16:43:49	1	1	15	0
        117814	2026-02-11 16:49:14	1	1	15	0
        117769	2026-02-11 16:54:21	1	1	15	0
        110051	2026-02-11 16:54:47	1	1	15	0
        117111	2026-02-11 16:55:27	1	1	15	0
        116496	2026-02-11 16:56:54	1	1	15	0
        110060	2026-02-11 16:57:01	1	1	15	0
        117222	2026-02-11 16:59:00	1	1	15	0
        117839	2026-02-11 16:59:04	1	1	15	0
        116512	2026-02-11 17:00:44	1	1	15	0
        110358	2026-02-11 17:00:57	1	1	15	0
        116426	2026-02-11 17:01:22	1	1	15	0
        110084	2026-02-11 17:01:26	1	1	15	0
        116751	2026-02-11 17:01:31	1	1	15	0
        116995	2026-02-11 17:01:42	1	1	15	0
        110050	2026-02-11 17:02:04	1	1	15	0
        116831	2026-02-11 17:03:17	1	1	15	0
        118580	2026-02-11 17:03:20	1	1	15	0
        110485	2026-02-11 17:03:37	1	1	15	0
        116799	2026-02-11 17:03:49	1	1	15	0
        110355	2026-02-11 17:03:54	1	1	15	0
        110093	2026-02-11 17:03:59	1	1	15	0
        117840	2026-02-11 17:04:02	1	1	15	0
        110527	2026-02-11 17:04:05	1	1	15	0
        116337	2026-02-11 17:04:55	1	1	15	0
        117966	2026-02-11 17:05:06	1	1	15	0
        110376	2026-02-11 17:05:28	1	1	15	0
        110377	2026-02-11 17:05:33	1	1	15	0
        110356	2026-02-11 17:06:22	1	1	15	0
        117680	2026-02-11 17:06:47	1	1	15	0
        110011	2026-02-11 17:07:16	1	1	15	0
        118186	2026-02-11 17:07:18	1	1	15	0
        117920	2026-02-11 17:07:23	1	1	15	0
        117850	2026-02-11 17:07:25	1	1	15	0
        116422	2026-02-11 17:07:28	1	1	15	0
        117189	2026-02-11 17:08:28	1	1	15	0
        119272	2026-02-11 17:08:38	1	1	15	0
        110085	2026-02-11 17:08:42	1	1	15	0
        118563	2026-02-11 17:08:53	1	1	15	0
        110354	2026-02-11 17:09:20	1	1	15	0
        117724	2026-02-11 17:09:27	1	1	15	0
        117924	2026-02-11 17:09:57	1	1	15	0
        110360	2026-02-11 17:10:03	1	1	15	0
        117219	2026-02-11 17:10:35	1	1	15	0
        117982	2026-02-11 17:11:15	1	1	15	0
        117645	2026-02-11 17:11:17	1	1	15	0
        110198	2026-02-11 17:11:36	1	1	15	0
        110506	2026-02-11 17:11:39	1	1	15	0
        110193	2026-02-11 17:11:41	1	1	15	0
        117129	2026-02-11 17:11:52	1	1	15	0
        118744	2026-02-11 17:12:21	1	1	15	0
        119493	2026-02-11 17:12:44	1	1	15	0
        117201	2026-02-11 17:13:14	1	1	15	0
        119104	2026-02-11 17:13:16	1	1	15	0
        110512	2026-02-11 17:14:03	1	1	15	0
        110513	2026-02-11 17:14:05	1	1	15	0
        110076	2026-02-11 17:14:22	1	1	15	0
           538	2026-02-11 17:14:37	1	1	15	0
        118271	2026-02-11 17:14:47	1	1	15	0
        117700	2026-02-11 17:15:05	1	1	15	0
        116072	2026-02-11 17:15:40	1	1	15	0
        119263	2026-02-11 17:16:07	1	1	15	0
        116104	2026-02-11 17:16:17	1	1	15	0
        117542	2026-02-11 17:16:19	1	1	15	0
        116252	2026-02-11 17:16:38	1	1	15	0
        110466	2026-02-11 17:16:42	1	1	15	0
        118928	2026-02-11 17:17:00	1	1	15	0
        117683	2026-02-11 17:17:02	1	1	15	0
        118157	2026-02-11 17:17:04	1	1	15	0
        110507	2026-02-11 17:17:46	1	1	15	0
        117997	2026-02-11 17:19:01	1	1	15	0
        116282	2026-02-11 17:19:07	1	1	15	0
        117833	2026-02-11 17:19:59	1	1	15	0
        116383	2026-02-11 17:20:24	1	1	15	0
        116504	2026-02-11 17:20:48	1	1	15	0
        116483	2026-02-11 17:20:50	1	1	15	0
        119070	2026-02-11 17:20:53	1	1	15	0
        119386	2026-02-11 17:20:55	1	1	15	0
        116428	2026-02-11 17:21:24	1	1	15	0
        117639	2026-02-11 17:22:05	1	1	15	0
        116472	2026-02-11 17:22:31	1	1	15	0
        110517	2026-02-11 17:22:52	1	1	15	0
        117915	2026-02-11 17:23:37	1	1	15	0
        117634	2026-02-11 17:23:38	1	1	15	0
        116142	2026-02-11 17:23:48	1	1	15	0
        117921	2026-02-11 17:24:34	1	1	15	0
            13	2026-02-11 17:24:41	1	1	15	0
        118221	2026-02-11 17:25:03	1	1	15	0
        117113	2026-02-11 17:25:52	1	1	15	0
        116902	2026-02-11 17:26:34	1	1	15	0
        116824	2026-02-11 17:27:07	1	1	15	0
        116274	2026-02-11 17:27:44	1	1	15	0
        117575	2026-02-11 17:28:55	1	1	15	0
        117630	2026-02-11 17:29:04	1	1	15	0
        119535	2026-02-11 17:29:07	1	1	15	0
        119006	2026-02-11 17:29:10	1	1	15	0
        110070	2026-02-11 17:30:03	1	1	15	0
        117972	2026-02-11 17:30:12	1	1	15	0
        117541	2026-02-11 17:30:35	1	1	15	0
        110357	2026-02-11 17:30:39	1	1	15	0
        117259	2026-02-11 17:30:42	1	1	15	0
        110475	2026-02-11 17:32:19	1	1	15	0
        119594	2026-02-11 17:32:24	1	1	15	0
        110183	2026-02-11 17:32:31	1	1	15	0
        116497	2026-02-11 17:33:19	1	1	15	0
        110457	2026-02-11 17:33:22	1	1	15	0
        118207	2026-02-11 17:33:41	1	1	15	0
        116129	2026-02-11 17:33:41	1	1	15	0
        117692	2026-02-11 17:33:56	1	1	15	0
        119227	2026-02-11 17:34:13	1	1	15	0
        118997	2026-02-11 17:34:48	1	1	15	0
        117616	2026-02-11 17:35:18	1	1	15	0
        117811	2026-02-11 17:35:30	1	1	15	0
        117497	2026-02-11 17:36:02	1	1	15	0
        116787	2026-02-11 17:36:20	1	1	15	0
        117121	2026-02-11 17:36:27	1	1	15	0
        116960	2026-02-11 17:36:57	1	1	15	0
        119157	2026-02-11 17:37:19	1	1	15	0
        118971	2026-02-11 17:38:02	1	1	15	0
        117059	2026-02-11 17:38:40	1	1	15	0
        116996	2026-02-11 17:38:57	1	1	15	0
        110378	2026-02-11 17:39:09	1	1	15	0
        117807	2026-02-11 17:39:14	1	1	15	0
        110075	2026-02-11 17:39:43	1	1	15	0
        118761	2026-02-11 17:39:46	1	1	15	0
        118043	2026-02-11 17:40:01	1	1	15	0
        116537	2026-02-11 17:40:23	1	1	15	0
        110144	2026-02-11 17:41:05	1	1	15	0
        117841	2026-02-11 17:42:12	1	1	15	0
        110424	2026-02-11 17:43:51	1	1	15	0
        110053	2026-02-11 17:43:53	1	1	15	0
        110473	2026-02-11 17:43:58	1	1	15	0
        117993	2026-02-11 17:44:03	1	1	15	0
        116778	2026-02-11 17:44:08	1	1	15	0
        110131	2026-02-11 17:44:25	1	1	15	0
        117122	2026-02-11 17:46:14	1	1	15	0
        117103	2026-02-11 17:47:01	1	1	15	0
        117043	2026-02-11 17:47:07	1	1	15	0
        117144	2026-02-11 17:48:28	1	1	15	0
        118455	2026-02-11 17:48:37	1	1	15	0
        117543	2026-02-11 17:49:10	1	1	15	0
        110100	2026-02-11 17:49:29	1	1	15	0
        117528	2026-02-11 17:49:39	1	1	15	0
        110088	2026-02-11 17:49:51	1	1	15	0
        117567	2026-02-11 17:50:36	1	1	15	0
        117341	2026-02-11 17:51:27	1	1	15	0
        110172	2026-02-11 17:51:45	1	1	15	0
        117926	2026-02-11 17:51:49	1	1	15	0
        110418	2026-02-11 17:51:54	1	1	15	0
        110372	2026-02-11 17:51:59	1	1	15	0
        110062	2026-02-11 17:52:46	1	1	15	0
        116849	2026-02-11 17:54:30	1	1	15	0
        116356	2026-02-11 17:54:56	1	1	15	0
        117529	2026-02-11 17:55:06	1	1	15	0
        116477	2026-02-11 17:55:17	1	1	15	0
        110173	2026-02-11 17:58:11	1	1	15	0
        116990	2026-02-11 17:58:43	1	1	15	0
        116069	2026-02-11 17:59:05	1	1	15	0
        110493	2026-02-11 17:59:08	1	1	15	0
        110492	2026-02-11 17:59:25	1	1	15	0
        117969	2026-02-11 17:59:32	1	1	15	0
        110495	2026-02-11 18:00:18	1	1	15	0
        110025	2026-02-11 18:00:32	1	1	15	0
        117595	2026-02-11 18:01:22	1	1	15	0
        117080	2026-02-11 18:01:44	1	1	15	0
        118458	2026-02-11 18:01:59	1	1	15	0
        117085	2026-02-11 18:02:02	1	1	15	0
        110197	2026-02-11 18:02:20	1	1	15	0
        117707	2026-02-11 18:02:25	1	1	15	0
        119107	2026-02-11 18:02:41	1	1	15	0
        116279	2026-02-11 18:02:45	1	1	15	0
        110195	2026-02-11 18:02:47	1	1	15	0
        110090	2026-02-11 18:03:02	1	1	15	0
        117837	2026-02-11 18:03:07	1	1	15	0
        117812	2026-02-11 18:03:09	1	1	15	0
        110055	2026-02-11 18:03:10	1	1	15	0
        116070	2026-02-11 18:03:13	1	1	15	0
        117786	2026-02-11 18:03:15	1	1	15	0
        117077	2026-02-11 18:03:17	1	1	15	0
        116453	2026-02-11 18:03:23	1	1	15	0
        118584	2026-02-11 18:03:48	1	1	15	0
        118046	2026-02-11 18:03:53	1	1	15	0
        117337	2026-02-11 18:04:10	1	1	15	0
        118695	2026-02-11 18:04:17	1	1	15	0
        116747	2026-02-11 18:05:04	1	1	15	0
        116260	2026-02-11 18:06:40	1	1	15	0
        117120	2026-02-11 18:07:11	1	1	15	0
        119449	2026-02-11 18:08:13	1	1	15	0
        117270	2026-02-11 18:08:37	1	1	15	0
        117659	2026-02-11 18:08:42	1	1	15	0
        117815	2026-02-11 18:08:44	1	1	15	0
        110116	2026-02-11 18:08:50	1	1	15	0
        110083	2026-02-11 18:09:04	1	1	15	0
        117046	2026-02-11 18:09:43	1	1	15	0
        117061	2026-02-11 18:10:01	1	1	15	0
        118953	2026-02-11 18:10:45	1	1	15	0
        117147	2026-02-11 18:13:59	1	1	15	0
        110105	2026-02-11 18:14:37	1	1	15	0
        116346	2026-02-11 18:14:58	1	1	15	0
        119282	2026-02-11 18:17:15	1	1	15	0
        117716	2026-02-11 18:19:58	1	1	15	0
        117998	2026-02-11 18:20:01	1	1	15	0
        118867	2026-02-11 18:25:28	1	1	15	0
        117817	2026-02-11 18:26:09	1	1	15	0
        118503	2026-02-11 18:26:53	1	1	15	0
        110057	2026-02-11 18:27:09	1	1	15	0
        119364	2026-02-11 18:27:17	1	1	15	0
        117711	2026-02-11 18:28:34	1	1	15	0
        118753	2026-02-11 18:28:39	1	1	15	0
        117088	2026-02-11 18:28:47	1	1	15	0
        118369	2026-02-11 18:29:34	1	1	15	0
        116805	2026-02-11 18:29:36	1	1	15	0
        117699	2026-02-11 18:29:39	1	1	15	0
        110128	2026-02-11 18:38:52	1	1	15	0
        117981	2026-02-11 18:39:53	1	1	15	0
        110063	2026-02-11 18:43:46	1	1	15	0
        117742	2026-02-11 18:44:42	1	1	15	0
        118862	2026-02-11 18:49:05	1	1	15	0
        119602	2026-02-11 18:57:39	1	1	15	0
        116933	2026-02-11 18:57:51	1	1	15	0
        117114	2026-02-11 18:59:04	1	1	15	0
        117733	2026-02-11 18:59:34	1	1	15	0
        110200	2026-02-11 19:00:43	1	1	15	0
        110006	2026-02-11 19:01:33	1	1	15	0
        110077	2026-02-11 19:03:47	1	1	15	0
        117591	2026-02-11 19:11:35	1	1	15	0
        110032	2026-02-11 19:38:36	1	1	15	0
        110144	2026-02-12 03:23:36	1	0	15	0
        117201	2026-02-12 04:59:22	1	0	15	0
        119070	2026-02-12 06:18:01	1	0	15	0
        118992	2026-02-12 06:32:50	1	0	15	0
        110051	2026-02-12 06:34:49	1	0	15	0
        110093	2026-02-12 06:39:01	1	0	15	0
        117997	2026-02-12 06:39:48	1	0	15	0
        116831	2026-02-12 06:40:10	1	0	15	0
        116551	2026-02-12 06:43:10	1	0	15	0
        117983	2026-02-12 06:51:18	1	0	15	0
        116748	2026-02-12 06:55:58	1	0	15	0
        110113	2026-02-12 06:56:25	1	0	15	0
        118563	2026-02-12 06:56:33	1	0	15	0
        118732	2026-02-12 06:59:19	1	0	15	0
        116763	2026-02-12 06:59:29	1	0	15	0
        110084	2026-02-12 06:59:48	1	0	15	0
        117833	2026-02-12 07:00:47	1	0	15	0
        116512	2026-02-12 07:01:21	1	0	15	0
        116751	2026-02-12 07:01:23	1	0	15	0
        116799	2026-02-12 07:01:32	1	0	15	0
        118455	2026-02-12 07:04:16	1	0	15	0
        110466	2026-02-12 07:06:02	1	0	15	0
        110527	2026-02-12 07:08:04	1	0	15	0
        110085	2026-02-12 07:08:26	1	0	15	0
        118744	2026-02-12 07:09:52	1	0	15	0
        116297	2026-02-12 07:09:56	1	0	15	0
        118829	2026-02-12 07:12:24	1	0	15	0
        116914	2026-02-12 07:16:36	1	0	15	0
        117770	2026-02-12 07:18:00	1	0	15	0
        116996	2026-02-12 07:19:07	1	0	15	0
        110358	2026-02-12 07:20:20	1	0	15	0
        117337	2026-02-12 07:21:06	1	0	15	0
        119272	2026-02-12 07:22:02	1	0	15	0
        119475	2026-02-12 07:24:43	1	0	15	0
        117966	2026-02-12 07:24:46	1	0	15	0
        119006	2026-02-12 07:25:26	1	0	15	0
        117133	2026-02-12 07:25:45	1	0	15	0
        117088	2026-02-12 07:26:33	1	0	15	0
        117972	2026-02-12 07:26:41	1	0	15	0
        119602	2026-02-12 07:27:32	1	0	15	0
        117838	2026-02-12 07:29:26	1	0	1	0
        118580	2026-02-12 07:29:44	1	0	15	0
        116960	2026-02-12 07:31:06	1	0	15	0
        118640	2026-02-12 07:31:45	1	0	15	0
        117111	2026-02-12 07:33:58	1	0	15	0
        110357	2026-02-12 07:34:51	1	0	15	0
        110065	2026-02-12 07:35:42	1	0	15	0
        116142	2026-02-12 07:36:04	1	0	15	0
        119535	2026-02-12 07:36:18	1	0	15	0
            13	2026-02-12 07:36:30	1	0	15	0
        110378	2026-02-12 07:37:01	1	0	15	0
        116496	2026-02-12 07:38:11	1	0	15	0
        110475	2026-02-12 07:39:02	1	0	15	0
        119340	2026-02-12 07:40:59	1	0	15	0
        110083	2026-02-12 07:41:27	1	0	15	0
        110376	2026-02-12 07:42:14	1	0	15	0
        117839	2026-02-12 07:42:58	1	0	15	0
        117724	2026-02-12 07:43:12	1	0	15	0
        116504	2026-02-12 07:43:38	1	0	15	0
        118157	2026-02-12 07:43:43	1	0	15	0
        118997	2026-02-12 07:43:47	1	0	15	0
        118043	2026-02-12 07:44:07	1	0	15	0
        110493	2026-02-12 07:44:20	1	0	15	0
        116426	2026-02-12 07:44:43	1	0	15	0
        110032	2026-02-12 07:45:17	1	0	15	0
        117680	2026-02-12 07:45:31	1	0	15	0
        118369	2026-02-12 07:45:43	1	0	15	0
        110512	2026-02-12 07:46:01	1	0	15	0
        110413	2026-02-12 07:46:13	1	0	15	0
        117270	2026-02-12 07:47:21	1	0	15	0
        110063	2026-02-12 07:47:25	1	0	15	0
        110457	2026-02-12 07:47:49	1	0	15	0
        110355	2026-02-12 07:48:16	1	0	15	0
        110356	2026-02-12 07:48:17	1	0	15	0
        116356	2026-02-12 07:48:19	1	0	15	0
        110076	2026-02-12 07:49:21	1	0	15	0
        119453	2026-02-12 07:49:57	1	0	15	0
        110060	2026-02-12 07:50:06	1	0	15	0
        119157	2026-02-12 07:50:11	1	0	15	0
        116346	2026-02-12 07:50:14	1	0	15	0
        117707	2026-02-12 07:50:31	1	0	15	0
        116787	2026-02-12 07:50:35	1	0	15	0
        119143	2026-02-12 07:51:00	1	0	15	0
        110506	2026-02-12 07:51:14	1	0	15	0
        110377	2026-02-12 07:52:30	1	0	15	0
        118953	2026-02-12 07:52:37	1	0	15	0
        119227	2026-02-12 07:52:41	1	0	15	0
        110011	2026-02-12 07:53:44	1	0	15	0
        117683	2026-02-12 07:53:47	1	0	15	0
        117591	2026-02-12 07:53:48	1	0	15	0
        119386	2026-02-12 07:53:50	1	0	15	0
        116828	2026-02-12 07:56:25	1	0	1	0
        110053	2026-02-12 07:56:48	1	0	15	0
        110198	2026-02-12 07:57:44	1	0	15	0
        110105	2026-02-12 07:57:57	1	0	15	0
        110193	2026-02-12 07:58:20	1	0	15	0
        110517	2026-02-12 07:58:28	1	0	15	0
        116902	2026-02-12 08:00:06	1	0	15	0
        117542	2026-02-12 08:00:17	1	0	15	0
        117091	2026-02-12 08:01:16	1	0	15	0
           538	2026-02-12 08:01:20	1	0	15	0
        119104	2026-02-12 08:01:34	1	0	15	0
        117850	2026-02-12 08:01:38	1	0	15	0
        117930	2026-02-12 08:01:50	1	0	15	0
        110424	2026-02-12 08:02:15	1	0	15	0
        118271	2026-02-12 08:02:24	1	0	15	0
        116428	2026-02-12 08:02:51	1	0	15	0
        117700	2026-02-12 08:03:33	1	0	15	0
        118221	2026-02-12 08:03:43	1	0	15	0
        116493	2026-02-12 08:04:27	1	0	15	0
        117224	2026-02-12 08:05:37	1	0	15	0
        110006	2026-02-12 08:06:43	1	0	15	0
        116995	2026-02-12 08:06:48	1	0	15	0
        117840	2026-02-12 08:07:43	1	0	15	0
        116274	2026-02-12 08:08:18	1	0	15	0
        118584	2026-02-12 08:08:21	1	0	15	0
        110514	2026-02-12 08:08:23	1	0	15	0
        116252	2026-02-12 08:08:38	1	0	15	0
        116849	2026-02-12 08:09:12	1	0	15	0
        110354	2026-02-12 08:09:37	1	0	15	0
        117733	2026-02-12 08:09:41	1	0	15	0
        110050	2026-02-12 08:09:56	1	0	15	0
        117815	2026-02-12 08:10:15	1	0	15	0
        117921	2026-02-12 08:10:21	1	0	15	0
        110473	2026-02-12 08:10:27	1	0	15	0
        116778	2026-02-12 08:11:00	1	0	15	0
        118207	2026-02-12 08:12:12	1	0	15	0
        117483	2026-02-12 08:12:18	1	0	15	0
        117811	2026-02-12 08:13:32	1	0	15	0
        117222	2026-02-12 08:14:00	1	0	15	0
        117924	2026-02-12 08:14:07	1	0	15	0
        116072	2026-02-12 08:14:09	1	0	15	0
        117639	2026-02-12 08:14:26	1	0	15	0
        119493	2026-02-12 08:14:50	1	0	15	0
        116483	2026-02-12 08:15:11	1	0	15	0
        116296	2026-02-12 08:15:13	1	0	15	0
        117807	2026-02-12 08:15:29	1	0	15	0
        110195	2026-02-12 08:16:04	1	0	15	0
        110025	2026-02-12 08:16:12	1	0	15	0
        117219	2026-02-12 08:16:51	1	0	15	0
        117790	2026-02-12 08:17:01	1	0	15	0
        110062	2026-02-12 08:17:32	1	0	15	0
        110492	2026-02-12 08:17:38	1	0	15	0
        116337	2026-02-12 08:18:29	1	0	15	0
        110077	2026-02-12 08:18:38	1	0	15	0
        117699	2026-02-12 08:18:43	1	0	15	0
        117129	2026-02-12 08:18:48	1	0	15	0
        116472	2026-02-12 08:18:52	1	0	15	0
        119282	2026-02-12 08:20:49	1	0	15	0
        117616	2026-02-12 08:21:08	1	0	15	0
        117528	2026-02-12 08:22:44	1	0	15	0
        117817	2026-02-12 08:22:52	1	0	15	0
        110513	2026-02-12 08:23:08	1	0	15	0
        116282	2026-02-12 08:23:14	1	0	15	0
        119263	2026-02-12 08:23:20	1	0	15	0
        117497	2026-02-12 08:23:26	1	0	15	0
        110418	2026-02-12 08:23:50	1	0	15	0
        110158	2026-02-12 08:24:13	1	0	15	0
        110100	2026-02-12 08:26:05	1	0	15	0
        110088	2026-02-12 08:26:34	1	0	15	0
        118046	2026-02-12 08:27:28	1	0	15	0
        117189	2026-02-12 08:28:24	1	0	15	0
        117259	2026-02-12 08:28:25	1	0	15	0
        117043	2026-02-12 08:28:38	1	0	15	0
        117543	2026-02-12 08:29:09	1	0	15	0
        116383	2026-02-12 08:29:56	1	0	15	0
        110485	2026-02-12 08:30:28	1	0	15	0
        116129	2026-02-12 08:30:50	1	0	15	0
        117059	2026-02-12 08:30:55	1	0	15	0
        110070	2026-02-12 08:31:10	1	0	15	0
        116422	2026-02-12 08:31:18	1	0	15	0
        118928	2026-02-12 08:31:20	1	0	15	0
        118186	2026-02-12 08:31:32	1	0	15	0
        117915	2026-02-12 08:31:35	1	0	15	0
        117634	2026-02-12 08:31:37	1	0	15	0
        110507	2026-02-12 08:31:39	1	0	15	0
        116805	2026-02-12 08:32:13	1	0	15	0
        117113	2026-02-12 08:32:39	1	0	15	0
        117144	2026-02-12 08:32:52	1	0	15	0
        117837	2026-02-12 08:32:54	1	0	15	0
        117595	2026-02-12 08:33:06	1	0	15	0
        117156	2026-02-12 08:33:13	1	0	15	0
        110090	2026-02-12 08:35:18	1	0	15	0
        117541	2026-02-12 08:35:53	1	0	15	0
        110372	2026-02-12 08:36:14	1	0	15	0
        117567	2026-02-12 08:36:18	1	0	15	0
        117630	2026-02-12 08:36:42	1	0	15	0
        117692	2026-02-12 08:36:46	1	0	15	0
        118503	2026-02-12 08:37:01	1	0	15	0
        117269	2026-02-12 08:37:05	1	0	15	0
        110075	2026-02-12 08:38:33	1	0	15	0
        119449	2026-02-12 08:38:47	1	0	15	0
        116497	2026-02-12 08:39:47	1	0	15	0
        118761	2026-02-12 08:39:53	1	0	15	0
        118971	2026-02-12 08:41:05	1	0	15	0
        117046	2026-02-12 08:41:27	1	0	15	0
        117120	2026-02-12 08:41:31	1	0	15	0
        117645	2026-02-12 08:43:16	1	0	15	0
        117080	2026-02-12 08:43:47	1	0	15	0
        110495	2026-02-12 08:43:50	1	0	15	0
        117841	2026-02-12 08:43:56	1	0	15	0
        117642	2026-02-12 08:44:48	1	0	15	0
        118862	2026-02-12 08:45:50	1	0	15	0
        116824	2026-02-12 08:46:28	1	0	15	0
        118867	2026-02-12 08:46:32	1	0	15	0
        118753	2026-02-12 08:46:34	1	0	15	0
        119364	2026-02-12 08:47:18	1	0	15	0
        118458	2026-02-12 08:47:35	1	0	15	0
        117920	2026-02-12 08:48:13	1	0	15	0
        110360	2026-02-12 08:49:07	1	0	15	0
        117114	2026-02-12 08:49:36	1	0	15	0
        117085	2026-02-12 08:49:50	1	0	15	0
        116260	2026-02-12 08:50:32	1	0	15	0
        117147	2026-02-12 08:50:35	1	0	15	0
        110057	2026-02-12 08:51:13	1	0	15	0
        110055	2026-02-12 08:51:32	1	0	15	0
        117054	2026-02-12 08:52:01	1	0	15	0
        117529	2026-02-12 08:52:13	1	0	15	0
        110183	2026-02-12 08:52:19	1	0	15	0
        117121	2026-02-12 08:53:13	1	0	15	0
        116069	2026-02-12 08:54:47	1	0	15	0
        117103	2026-02-12 08:54:55	1	0	15	0
        118917	2026-02-12 08:55:18	1	0	15	0
        110116	2026-02-12 08:55:28	1	0	15	0
        117122	2026-02-12 08:55:42	1	0	15	0
        117711	2026-02-12 08:55:46	1	0	15	0
        117786	2026-02-12 08:55:49	1	0	15	0
        117814	2026-02-12 08:56:20	1	0	15	0
        116279	2026-02-12 08:58:44	1	0	15	0
        117716	2026-02-12 08:58:50	1	0	15	0
        110200	2026-02-12 08:59:43	1	0	15	0
        117998	2026-02-12 09:00:18	1	0	15	0
        116070	2026-02-12 09:01:05	1	0	1	0
        117061	2026-02-12 09:01:32	1	0	15	0
        116747	2026-02-12 09:03:01	1	0	15	0
        117981	2026-02-12 09:06:58	1	0	15	0
        116933	2026-02-12 09:07:17	1	0	15	0
        110172	2026-02-12 09:07:49	1	0	15	0
        117575	2026-02-12 09:09:55	1	0	15	0
        110128	2026-02-12 09:12:24	1	0	15	0
        117981	2026-02-12 09:13:59	1	0	15	0
        119107	2026-02-12 09:14:57	1	0	15	0
        117981	2026-02-12 09:14:59	1	0	15	0
        117659	2026-02-12 09:24:12	1	0	15	0
        117077	2026-02-12 09:57:17	1	0	15	0
        116477	2026-02-12 09:59:36	1	0	15	0
        117807	2026-02-12 12:00:19	1	2	15	0
        116297	2026-02-12 12:00:22	1	2	15	0
        117724	2026-02-12 12:00:23	1	2	15	0
        119602	2026-02-12 12:00:25	1	2	15	0
        117043	2026-02-12 12:00:26	1	2	15	0
        117046	2026-02-12 12:00:30	1	2	15	0
        110418	2026-02-12 12:00:32	1	2	15	0
        110424	2026-02-12 12:00:34	1	2	15	0
        116763	2026-02-12 12:00:36	1	2	15	0
        116751	2026-02-12 12:00:38	1	2	15	0
        116512	2026-02-12 12:00:40	1	2	15	0
        117837	2026-02-12 12:00:41	1	2	15	0
        116504	2026-02-12 12:00:44	1	2	15	0
        117259	2026-02-12 12:00:46	1	2	15	0
        116483	2026-02-12 12:00:48	1	2	15	0
        116069	2026-02-12 12:00:51	1	2	15	0
        117270	2026-02-12 12:00:51	1	2	15	0
            13	2026-02-12 12:00:54	1	2	15	0
        116279	2026-02-12 12:00:56	1	2	15	0
        116902	2026-02-12 12:00:59	1	2	15	0
        116995	2026-02-12 12:01:01	1	2	15	0
        117707	2026-02-12 12:01:02	1	2	15	0
        117920	2026-02-12 12:01:04	1	2	15	0
        117700	2026-02-12 12:01:06	1	2	15	0
        117850	2026-02-12 12:01:09	1	2	15	0
        117930	2026-02-12 12:01:10	1	2	15	0
        110172	2026-02-12 12:01:12	1	2	15	0
        110517	2026-02-12 12:01:14	1	2	15	0
        119535	2026-02-12 12:01:15	1	2	15	0
        116914	2026-02-12 12:01:20	1	2	15	0
        117224	2026-02-12 12:01:22	1	2	15	0
        110358	2026-02-12 12:01:26	1	2	15	0
        110057	2026-02-12 12:01:28	1	2	15	0
        118046	2026-02-12 12:01:31	1	2	15	0
        116477	2026-02-12 12:01:34	1	2	15	0
        117080	2026-02-12 12:01:35	1	2	15	0
        117129	2026-02-12 12:01:38	1	2	15	0
        118221	2026-02-12 12:02:03	1	2	15	0
        119449	2026-02-12 12:02:22	1	2	15	0
        118563	2026-02-12 12:02:24	1	2	15	0
        116747	2026-02-12 12:02:26	1	2	15	0
        110475	2026-02-12 12:02:29	1	2	15	0
        118271	2026-02-12 12:02:33	1	2	15	0
        110128	2026-02-12 12:02:36	1	2	15	0
        117222	2026-02-12 12:02:41	1	2	15	0
        117189	2026-02-12 12:02:43	1	2	15	0
        116296	2026-02-12 12:02:45	1	2	15	0
        116472	2026-02-12 12:02:47	1	2	15	0
        110105	2026-02-12 12:03:15	1	2	15	0
        110354	2026-02-12 12:03:17	1	2	15	0
        116279	2026-02-12 12:03:26	1	2	15	0
        116483	2026-02-12 12:03:31	1	2	15	0
        116504	2026-02-12 12:03:37	1	2	15	0
        117259	2026-02-12 12:03:42	1	2	15	0
        117270	2026-02-12 12:03:44	1	2	15	0
        116282	2026-02-12 12:03:45	1	2	15	0
        118157	2026-02-12 12:03:47	1	2	15	0
        117683	2026-02-12 12:03:50	1	2	15	0
        117634	2026-02-12 12:03:51	1	2	15	0
        117915	2026-02-12 12:03:53	1	2	15	0
        110466	2026-02-12 12:03:57	1	2	15	0
        119453	2026-02-12 12:03:59	1	2	15	0
        117497	2026-02-12 12:04:01	1	2	15	0
        119364	2026-02-12 12:04:02	1	2	15	0
        110492	2026-02-12 12:04:05	1	2	15	0
        118580	2026-02-12 12:04:07	1	2	15	0
        110090	2026-02-12 12:04:09	1	2	15	0
        117811	2026-02-12 12:04:12	1	2	15	0
        117930	2026-02-12 12:04:14	1	2	15	0
        117046	2026-02-12 12:04:18	1	2	15	0
        116763	2026-02-12 12:04:20	1	2	15	0
        117144	2026-02-12 12:04:22	1	2	15	0
        110424	2026-02-12 12:04:24	1	2	15	0
           538	2026-02-12 12:04:25	1	2	15	0
        110378	2026-02-12 12:04:28	1	2	15	0
        110088	2026-02-12 12:04:30	1	2	15	0
        110200	2026-02-12 12:04:31	1	2	15	0
        119340	2026-02-12 12:04:32	1	2	15	0
        116751	2026-02-12 12:04:36	1	2	15	0
        116512	2026-02-12 12:04:38	1	2	15	0
        117122	2026-02-12 12:04:40	1	2	15	0
        117088	2026-02-12 12:04:46	1	2	15	0
        117616	2026-02-12 12:04:49	1	2	15	0
        110358	2026-02-12 12:04:53	1	2	15	0
        117113	2026-02-12 12:05:03	1	2	15	0
        116477	2026-02-12 12:05:06	1	2	15	0
        117337	2026-02-12 12:05:07	1	2	15	0
        117120	2026-02-12 12:05:09	1	2	15	0
        117528	2026-02-12 12:05:12	1	2	15	0
        117567	2026-02-12 12:05:18	1	2	15	0
        118640	2026-02-12 12:05:41	1	2	15	0
        110172	2026-02-12 12:05:50	1	2	15	0
        116748	2026-02-12 12:06:00	1	2	15	0
        117680	2026-02-12 12:06:02	1	2	15	0
        110158	2026-02-12 12:06:07	1	2	15	0
        117716	2026-02-12 12:06:13	1	2	15	0
        117659	2026-02-12 12:06:14	1	2	15	0
        117189	2026-02-12 12:06:27	1	2	15	0
        117591	2026-02-12 12:06:30	1	2	15	0
        119535	2026-02-12 12:06:31	1	2	15	0
        118997	2026-02-12 12:06:40	1	2	15	0
        117222	2026-02-12 12:06:45	1	2	15	0
        116426	2026-02-12 12:06:48	1	2	15	0
        116472	2026-02-12 12:06:51	1	2	15	0
        116282	2026-02-12 12:06:52	1	2	15	0
        116747	2026-02-12 12:06:54	1	2	15	0
        117915	2026-02-12 12:06:56	1	2	15	0
        117683	2026-02-12 12:06:58	1	2	15	0
        118157	2026-02-12 12:07:00	1	2	15	0
        117634	2026-02-12 12:07:01	1	2	15	0
        117920	2026-02-12 12:07:04	1	2	15	0
        118046	2026-02-12 12:07:06	1	2	15	0
        117833	2026-02-12 12:07:07	1	2	15	0
        117080	2026-02-12 12:07:09	1	2	15	0
        110418	2026-02-12 12:07:09	1	2	15	0
        116914	2026-02-12 12:07:16	1	2	15	0
        116902	2026-02-12 12:07:19	1	2	15	0
        117850	2026-02-12 12:07:21	1	2	15	0
        117707	2026-02-12 12:07:22	1	2	15	0
        118271	2026-02-12 12:07:24	1	2	15	0
        110200	2026-02-12 12:07:26	1	2	15	0
        117111	2026-02-12 12:07:28	1	2	15	0
        118458	2026-02-12 12:07:30	1	2	15	0
        117077	2026-02-12 12:07:34	1	2	15	0
        116337	2026-02-12 12:07:36	1	2	15	0
        118221	2026-02-12 12:07:38	1	2	15	0
        117133	2026-02-12 12:07:40	1	2	15	0
        117700	2026-02-12 12:07:43	1	2	15	0
        117815	2026-02-12 12:07:45	1	2	15	0
        110105	2026-02-12 12:07:59	1	2	15	0
        110354	2026-02-12 12:08:07	1	2	15	0
        110514	2026-02-12 12:08:11	1	2	15	0
        110517	2026-02-12 12:08:15	1	2	15	0
        110513	2026-02-12 12:08:16	1	2	15	0
        110485	2026-02-12 12:08:19	1	2	15	0
        110512	2026-02-12 12:08:24	1	2	15	0
        117543	2026-02-12 12:08:30	1	2	15	0
        116778	2026-02-12 12:08:32	1	2	15	0
        116496	2026-02-12 12:08:34	1	2	15	0
        116787	2026-02-12 12:08:35	1	2	15	0
        116849	2026-02-12 12:08:37	1	2	15	0
        116551	2026-02-12 12:08:38	1	2	15	0
        110377	2026-02-12 12:08:49	1	2	15	0
        110492	2026-02-12 12:08:55	1	2	15	0
        110376	2026-02-12 12:08:58	1	2	15	0
        118917	2026-02-12 12:09:05	1	2	15	0
        117085	2026-02-12 12:09:07	1	2	15	0
        117091	2026-02-12 12:09:10	1	2	15	0
        117120	2026-02-12 12:09:14	1	2	15	0
        119449	2026-02-12 12:09:16	1	2	15	0
        117833	2026-02-12 12:09:16	1	2	15	0
        116274	2026-02-12 12:09:21	1	2	15	0
        110088	2026-02-12 12:09:31	1	2	15	0
        117616	2026-02-12 12:09:34	1	2	15	0
        116296	2026-02-12 12:09:36	1	2	15	0
        119453	2026-02-12 12:09:37	1	2	15	0
        110466	2026-02-12 12:09:39	1	2	15	0
        117680	2026-02-12 12:09:43	1	2	15	0
        119602	2026-02-12 12:09:53	1	2	15	0
        117054	2026-02-12 12:09:55	1	2	15	0
        116252	2026-02-12 12:10:00	1	2	15	0
        118953	2026-02-12 12:10:02	1	2	15	0
        117786	2026-02-12 12:10:07	1	2	15	0
        117497	2026-02-12 12:10:10	1	2	15	0
        110413	2026-02-12 12:10:23	1	2	15	0
        118043	2026-02-12 12:10:46	1	2	15	0
        118992	2026-02-12 12:11:03	1	2	15	0
        110057	2026-02-12 12:11:07	1	2	15	0
        119364	2026-02-12 12:11:11	1	2	15	0
        117680	2026-02-12 12:11:17	1	2	15	0
        117639	2026-02-12 12:11:20	1	2	15	0
        116337	2026-02-12 12:11:22	1	2	15	0
        117077	2026-02-12 12:11:27	1	2	15	0
        116428	2026-02-12 12:11:33	1	2	15	0
        117121	2026-02-12 12:11:36	1	2	15	0
        117716	2026-02-12 12:11:38	1	2	15	0
        116849	2026-02-12 12:11:40	1	2	15	0
        116787	2026-02-12 12:11:42	1	2	15	0
        110473	2026-02-12 12:11:43	1	2	15	0
        110512	2026-02-12 12:11:49	1	2	15	0
        117156	2026-02-12 12:11:52	1	2	15	0
        116072	2026-02-12 12:11:57	1	2	15	0
        116497	2026-02-12 12:11:59	1	2	15	0
        110457	2026-02-12 12:12:01	1	2	15	0
        117924	2026-02-12 12:12:04	1	2	15	0
        117541	2026-02-12 12:12:05	1	2	15	0
        118640	2026-02-12 12:12:07	1	2	15	0
        118761	2026-02-12 12:12:09	1	2	15	0
        110485	2026-02-12 12:12:13	1	2	15	0
        110514	2026-02-12 12:12:14	1	2	15	0
        110513	2026-02-12 12:12:15	1	2	15	0
        116426	2026-02-12 12:12:20	1	2	15	0
        116748	2026-02-12 12:12:23	1	2	15	0
        110158	2026-02-12 12:12:26	1	2	15	0
        116551	2026-02-12 12:12:30	1	2	15	0
        118732	2026-02-12 12:12:32	1	2	15	0
        110376	2026-02-12 12:12:44	1	2	15	0
        110377	2026-02-12 12:12:48	1	2	15	0
        110116	2026-02-12 12:12:50	1	2	15	0
        110495	2026-02-12 12:12:59	1	2	15	0
        110493	2026-02-12 12:13:02	1	2	15	0
        117733	2026-02-12 12:13:08	1	2	15	0
        116778	2026-02-12 12:13:53	1	2	15	0
        119104	2026-02-12 12:14:11	1	2	15	0
        117201	2026-02-12 12:14:31	1	2	15	0
        118563	2026-02-12 12:14:37	1	2	15	0
        117122	2026-02-12 12:14:41	1	2	15	0
        117133	2026-02-12 12:14:52	1	2	15	0
        117567	2026-02-12 12:15:09	1	2	15	0
        117144	2026-02-12 12:15:13	1	2	15	0
        117543	2026-02-12 12:15:16	1	2	15	0
        117595	2026-02-12 12:15:25	1	2	15	0
        119157	2026-02-12 12:15:37	1	2	15	0
        119006	2026-02-12 12:15:38	1	2	15	0
        116537	2026-02-12 12:15:41	1	2	15	0
        117059	2026-02-12 12:15:53	1	2	15	0
        117997	2026-02-12 12:15:55	1	2	15	0
        110113	2026-02-12 12:15:57	1	2	15	0
        117639	2026-02-12 12:16:09	1	2	15	0
        117692	2026-02-12 12:16:15	1	2	15	0
        110070	2026-02-12 12:16:17	1	2	15	0
        110495	2026-02-12 12:16:53	1	2	15	0
        110493	2026-02-12 12:16:57	1	2	15	0
        117921	2026-02-12 12:16:59	1	2	15	0
        118761	2026-02-12 12:17:02	1	2	15	0
        110055	2026-02-12 12:17:05	1	2	15	0
        116428	2026-02-12 12:17:11	1	2	15	0
        119104	2026-02-12 12:17:20	1	2	15	0
        116995	2026-02-12 12:17:34	1	2	15	0
        116069	2026-02-12 12:17:42	1	2	15	0
        116070	2026-02-12 12:18:12	1	2	15	0
        117837	2026-02-12 12:18:16	1	2	15	0
        117121	2026-02-12 12:18:20	1	2	15	0
        117156	2026-02-12 12:18:21	1	2	15	0
        117111	2026-02-12 12:18:41	1	2	15	0
        118458	2026-02-12 12:18:43	1	2	15	0
        110055	2026-02-12 12:18:47	1	2	15	0
        116996	2026-02-12 12:18:50	1	2	15	0
        116537	2026-02-12 12:19:05	1	2	15	0
        117807	2026-02-12 12:19:11	1	2	15	0
        119263	2026-02-12 12:19:25	1	2	15	0
        110032	2026-02-12 12:19:33	1	2	15	0
        117645	2026-02-12 12:19:37	1	2	15	0
        118867	2026-02-12 12:19:39	1	2	15	0
        119282	2026-02-12 12:19:42	1	2	15	0
        117840	2026-02-12 12:19:44	1	2	15	0
        117966	2026-02-12 12:19:47	1	2	15	0
        117838	2026-02-12 12:19:49	1	2	15	0
        118580	2026-02-12 12:19:50	1	2	15	0
        117839	2026-02-12 12:19:52	1	2	15	0
        117483	2026-02-12 12:19:54	1	2	15	0
        117841	2026-02-12 12:19:56	1	2	15	0
        117770	2026-02-12 12:19:59	1	2	15	0
        116960	2026-02-12 12:20:04	1	2	15	0
        117983	2026-02-12 12:20:18	1	2	15	0
        116072	2026-02-12 12:20:22	1	2	15	0
        117541	2026-02-12 12:20:23	1	2	15	0
        116497	2026-02-12 12:20:26	1	2	15	0
        117924	2026-02-12 12:20:31	1	2	15	0
        110457	2026-02-12 12:20:32	1	2	15	0
        116346	2026-02-12 12:20:36	1	2	15	0
        110128	2026-02-12 12:20:44	1	2	15	0
        117997	2026-02-12 12:20:47	1	2	15	0
        118953	2026-02-12 12:20:49	1	2	15	0
        117692	2026-02-12 12:20:51	1	2	15	0
        119006	2026-02-12 12:20:55	1	2	15	0
        119157	2026-02-12 12:20:58	1	2	15	0
        110090	2026-02-12 12:21:03	1	2	15	0
        110507	2026-02-12 12:21:06	1	2	15	0
        110527	2026-02-12 12:21:10	1	2	15	0
        110360	2026-02-12 12:21:12	1	2	15	0
        117921	2026-02-12 12:21:48	1	2	15	0
        117645	2026-02-12 12:21:54	1	2	15	0
        119493	2026-02-12 12:21:56	1	2	15	0
        117838	2026-02-12 12:22:03	1	2	1	0
        117483	2026-02-12 12:22:11	1	2	15	0
        110076	2026-02-12 12:22:16	1	2	15	0
        117966	2026-02-12 12:22:21	1	2	15	0
        117770	2026-02-12 12:22:25	1	2	15	0
        117642	2026-02-12 12:22:33	1	2	15	0
        110113	2026-02-12 12:22:36	1	2	15	0
        118732	2026-02-12 12:22:38	1	2	15	0
        118043	2026-02-12 12:22:40	1	2	15	0
        116496	2026-02-12 12:22:42	1	2	15	0
        118971	2026-02-12 12:22:43	1	2	15	0
        116274	2026-02-12 12:22:47	1	2	15	0
        117983	2026-02-12 12:23:03	1	2	15	0
        117659	2026-02-12 12:23:37	1	2	15	0
        116960	2026-02-12 12:23:41	1	2	15	0
        117711	2026-02-12 12:24:02	1	2	15	0
        117269	2026-02-12 12:24:12	1	2	15	0
        117839	2026-02-12 12:24:21	1	2	15	0
        110076	2026-02-12 12:24:49	1	2	15	0
        110053	2026-02-12 12:24:54	1	2	15	0
        119107	2026-02-12 12:25:00	1	2	15	0
        119272	2026-02-12 12:25:06	1	2	15	0
        110077	2026-02-12 12:25:16	1	2	15	0
        116799	2026-02-12 12:25:23	1	2	15	0
        110063	2026-02-12 12:25:52	1	2	15	0
        110025	2026-02-12 12:25:55	1	2	15	0
        110075	2026-02-12 12:26:01	1	2	15	0
        117054	2026-02-12 12:26:04	1	2	15	0
        117575	2026-02-12 12:26:08	1	2	15	0
        116142	2026-02-12 12:26:11	1	2	15	0
        117201	2026-02-12 12:26:29	1	2	15	0
        119272	2026-02-12 12:26:34	1	2	15	0
        110032	2026-02-12 12:26:45	1	2	15	0
        117817	2026-02-12 12:26:50	1	2	15	0
        118753	2026-02-12 12:27:16	1	2	15	0
        117088	2026-02-12 12:27:19	1	2	15	0
        117529	2026-02-12 12:27:20	1	2	15	0
        116996	2026-02-12 12:27:26	1	2	15	0
        110011	2026-02-12 12:27:37	1	2	15	0
        110050	2026-02-12 12:27:40	1	2	15	0
        117129	2026-02-12 12:27:42	1	2	15	0
        117591	2026-02-12 12:27:53	1	2	15	0
        117575	2026-02-12 12:28:04	1	2	15	0
        116828	2026-02-12 12:28:08	1	2	1	0
        110025	2026-02-12 12:28:14	1	2	15	0
        110075	2026-02-12 12:28:17	1	2	15	0
        117642	2026-02-12 12:28:19	1	2	15	0
        119107	2026-02-12 12:28:25	1	2	15	0
        118753	2026-02-12 12:28:49	1	2	15	0
        110053	2026-02-12 12:29:07	1	2	15	0
        110060	2026-02-12 12:30:01	1	2	15	0
        110100	2026-02-12 12:30:03	1	2	15	0
        110356	2026-02-12 12:30:07	1	2	15	0
        110355	2026-02-12 12:30:09	1	2	15	0
        117972	2026-02-12 12:30:11	1	2	15	0
        119143	2026-02-12 12:30:14	1	2	15	0
        110507	2026-02-12 12:30:18	1	2	15	0
        110360	2026-02-12 12:30:23	1	2	15	0
        110527	2026-02-12 12:30:33	1	2	15	0
        110473	2026-02-12 12:30:36	1	2	15	0
        116142	2026-02-12 12:30:40	1	2	15	0
        110070	2026-02-12 12:30:45	1	2	15	0
        117630	2026-02-12 12:30:53	1	2	15	0
        117841	2026-02-12 12:30:58	1	2	15	0
        117817	2026-02-12 12:31:13	1	2	15	0
        119263	2026-02-12 12:31:20	1	2	15	0
        110116	2026-02-12 12:31:38	1	2	15	0
        110083	2026-02-12 12:31:54	1	2	15	0
        110063	2026-02-12 12:32:04	1	2	15	0
        118867	2026-02-12 12:32:11	1	2	15	0
        119282	2026-02-12 12:32:13	1	2	15	0
        118744	2026-02-12 12:32:31	1	2	15	0
        117542	2026-02-12 12:32:32	1	2	15	0
        117699	2026-02-12 12:32:33	1	2	15	0
        117733	2026-02-12 12:32:40	1	2	15	0
        110355	2026-02-12 12:33:05	1	3	15	0
        110356	2026-02-12 12:33:07	1	3	15	0
        118971	2026-02-12 12:33:16	1	3	15	0
        110475	2026-02-12 12:33:23	1	3	15	0
        117972	2026-02-12 12:33:29	1	3	15	0
        119143	2026-02-12 12:33:32	1	3	15	0
        118917	2026-02-12 12:33:35	1	3	15	0
        110011	2026-02-12 12:33:38	1	3	15	0
        117085	2026-02-12 12:33:40	1	3	15	0
        117091	2026-02-12 12:33:45	1	3	15	0
        110378	2026-02-12 12:33:47	1	3	15	0
        110183	2026-02-12 12:33:51	1	3	15	0
        116260	2026-02-12 12:33:57	1	3	15	0
        116493	2026-02-12 12:34:04	1	3	15	0
        118992	2026-02-12 12:34:33	1	3	15	0
        117840	2026-02-12 12:34:47	1	3	15	0
        110357	2026-02-12 12:34:58	1	3	15	0
        118997	2026-02-12 12:35:34	1	3	15	0
        116260	2026-02-12 12:36:22	1	3	15	0
        117269	2026-02-12 12:36:37	1	3	15	0
           538	2026-02-12 12:36:41	1	3	15	0
        118744	2026-02-12 12:36:49	1	3	15	0
        116493	2026-02-12 12:36:52	1	3	15	0
        117699	2026-02-12 12:36:54	1	3	15	0
        117724	2026-02-12 12:37:08	1	3	15	0
        117043	2026-02-12 12:37:12	1	3	15	0
        110183	2026-02-12 12:37:19	1	3	15	0
        117529	2026-02-12 12:37:23	1	3	15	0
        110060	2026-02-12 12:37:32	1	3	15	0
        110050	2026-02-12 12:37:43	1	3	15	0
        117542	2026-02-12 12:37:49	1	3	15	0
        117998	2026-02-12 12:37:53	1	3	15	0
        116933	2026-02-12 12:37:57	1	3	15	0
        116799	2026-02-12 12:38:01	1	3	15	0
        110100	2026-02-12 12:38:05	1	3	15	0
        117114	2026-02-12 12:38:18	1	3	15	0
        119475	2026-02-12 12:38:20	1	3	15	0
        110065	2026-02-12 12:38:23	1	3	15	0
        117103	2026-02-12 12:38:28	1	3	15	0
        116824	2026-02-12 12:38:33	1	3	15	0
        117630	2026-02-12 12:38:59	1	3	15	0
        117595	2026-02-12 12:39:14	1	3	15	0
        117815	2026-02-12 12:39:40	1	3	15	0
        119386	2026-02-12 12:40:01	1	3	15	0
        117528	2026-02-12 12:40:12	1	3	15	0
        116828	2026-02-12 12:40:35	1	3	1	0
        110116	2026-02-12 12:40:48	1	3	15	0
        110051	2026-02-12 12:40:53	1	3	15	0
        110006	2026-02-12 12:41:32	1	3	15	0
        110062	2026-02-12 12:41:36	1	3	15	0
        119386	2026-02-12 12:41:39	1	3	15	0
        110065	2026-02-12 12:41:45	1	3	15	0
        119475	2026-02-12 12:41:46	1	3	15	0
        117103	2026-02-12 12:43:10	1	3	15	0
        117998	2026-02-12 12:43:14	1	3	15	0
        118503	2026-02-12 12:43:25	1	3	15	0
        117114	2026-02-12 12:43:46	1	3	15	0
        110051	2026-02-12 12:43:55	1	3	15	0
        116824	2026-02-12 12:44:07	1	3	15	0
        116933	2026-02-12 12:44:12	1	3	15	0
        119070	2026-02-12 12:45:15	1	3	15	0
        118455	2026-02-12 12:45:18	1	3	15	0
        119227	2026-02-12 12:45:20	1	3	15	0
        119386	2026-02-12 12:45:29	1	3	15	0
        110006	2026-02-12 12:46:51	1	3	15	0
        110062	2026-02-12 12:46:55	1	3	15	0
        117059	2026-02-12 12:47:34	1	3	15	0
        110083	2026-02-12 12:47:50	1	3	15	0
        118503	2026-02-12 12:49:15	1	3	15	0
        116805	2026-02-12 12:49:21	1	3	15	0
        110085	2026-02-12 12:49:32	1	3	15	0
        110357	2026-02-12 12:50:12	1	3	15	0
        110084	2026-02-12 12:50:20	1	3	15	0
        118455	2026-02-12 12:50:58	1	3	15	0
        118369	2026-02-12 12:51:01	1	3	15	0
        116356	2026-02-12 12:51:03	1	3	15	0
        117981	2026-02-12 12:51:05	1	3	15	0
        119070	2026-02-12 12:51:06	1	3	15	0
        117061	2026-02-12 12:51:11	1	3	15	0
        119227	2026-02-12 12:51:13	1	3	15	0
        117337	2026-02-12 12:51:15	1	3	15	0
        119493	2026-02-12 12:51:22	1	3	15	0
        110084	2026-02-12 12:51:24	1	3	15	0
        118584	2026-02-12 12:51:38	1	3	15	0
        118207	2026-02-12 12:52:22	1	3	15	0
            13	2026-02-12 12:52:32	1	3	15	0
        117224	2026-02-12 12:53:30	1	3	15	0
        116356	2026-02-12 12:53:41	1	3	15	0
        117061	2026-02-12 12:53:43	1	3	15	0
        116805	2026-02-12 12:53:46	1	3	15	0
        118369	2026-02-12 12:53:48	1	3	15	0
        117981	2026-02-12 12:53:50	1	3	15	0
        118584	2026-02-12 12:54:15	1	3	15	0
        116346	2026-02-12 12:54:47	1	3	15	0
        116297	2026-02-12 12:55:14	1	3	15	0
        118207	2026-02-12 12:55:36	1	3	15	0
        117711	2026-02-12 12:56:30	1	3	15	0
        117786	2026-02-12 12:56:34	1	3	15	0
        110085	2026-02-12 12:58:48	1	3	15	0
        110413	2026-02-12 12:59:36	1	3	15	0
        117814	2026-02-12 13:01:45	1	3	15	0
        116763	2026-02-12 16:00:30	1	1	15	0
        110113	2026-02-12 16:03:43	1	1	15	0
        118732	2026-02-12 16:04:09	1	1	15	0
        117790	2026-02-12 16:04:42	1	1	15	0
        117833	2026-02-12 16:06:12	1	1	15	0
        117983	2026-02-12 16:06:14	1	1	15	0
        116748	2026-02-12 16:06:44	1	1	15	0
        116297	2026-02-12 16:10:04	1	1	15	0
        116914	2026-02-12 16:17:38	1	1	15	0
        118563	2026-02-12 16:20:13	1	1	15	0
        116551	2026-02-12 16:22:00	1	1	15	0
        117337	2026-02-12 16:23:31	1	1	15	0
        117133	2026-02-12 16:25:33	1	1	15	0
        117770	2026-02-12 16:26:48	1	1	15	0
        118207	2026-02-12 16:29:32	1	1	15	0
        117088	2026-02-12 16:30:41	1	1	15	0
        117838	2026-02-12 16:31:01	1	1	1	0
        117966	2026-02-12 16:31:12	1	1	15	0
        119475	2026-02-12 16:32:56	1	1	15	0
        110090	2026-02-12 16:33:56	1	1	15	0
        116996	2026-02-12 16:35:21	1	1	15	0
        119070	2026-02-12 16:35:34	1	1	15	0
        110065	2026-02-12 16:35:40	1	1	15	0
        118640	2026-02-12 16:37:01	1	1	15	0
        117111	2026-02-12 16:39:04	1	1	15	0
        110193	2026-02-12 16:41:02	1	1	15	0
        116426	2026-02-12 16:44:03	1	1	15	0
        119535	2026-02-12 16:51:14	1	1	15	0
            13	2026-02-12 17:00:06	1	1	15	0
        117222	2026-02-12 17:00:13	1	1	15	0
        116787	2026-02-12 17:01:56	1	1	15	0
        110355	2026-02-12 17:02:14	1	1	15	0
        110358	2026-02-12 17:03:47	1	1	15	0
        116496	2026-02-12 17:04:41	1	1	15	0
        117930	2026-02-12 17:05:01	1	1	15	0
        110493	2026-02-12 17:05:10	1	1	15	0
        117224	2026-02-12 17:05:32	1	1	15	0
        117680	2026-02-12 17:05:50	1	1	15	0
        116493	2026-02-12 17:05:57	1	1	15	0
        110356	2026-02-12 17:06:02	1	1	15	0
        116902	2026-02-12 17:06:26	1	1	15	0
        116799	2026-02-12 17:06:56	1	1	15	0
        119386	2026-02-12 17:07:14	1	1	15	0
        118744	2026-02-12 17:07:44	1	1	15	0
        117542	2026-02-12 17:07:48	1	1	15	0
        110377	2026-02-12 17:08:56	1	1	15	0
        110376	2026-02-12 17:09:01	1	1	15	0
        117483	2026-02-12 17:09:06	1	1	15	0
        117839	2026-02-12 17:09:07	1	1	15	0
        117840	2026-02-12 17:09:09	1	1	15	0
        117815	2026-02-12 17:09:12	1	1	15	0
        110076	2026-02-12 17:09:19	1	1	15	0
        117850	2026-02-12 17:09:25	1	1	15	0
        118580	2026-02-12 17:09:46	1	1	15	0
        110084	2026-02-12 17:09:48	1	1	15	0
        110517	2026-02-12 17:09:50	1	1	15	0
        119453	2026-02-12 17:10:03	1	1	15	0
        119143	2026-02-12 17:10:18	1	1	15	0
        117972	2026-02-12 17:10:22	1	1	15	0
        117724	2026-02-12 17:10:27	1	1	15	0
        110457	2026-02-12 17:11:00	1	1	15	0
           538	2026-02-12 17:12:04	1	1	15	0
        117921	2026-02-12 17:12:19	1	1	15	0
        117700	2026-02-12 17:12:36	1	1	15	0
        110466	2026-02-12 17:13:40	1	1	15	0
        116512	2026-02-12 17:14:01	1	1	15	0
        117269	2026-02-12 17:14:40	1	1	15	0
        118221	2026-02-12 17:16:26	1	1	15	0
        117201	2026-02-12 17:16:52	1	1	15	0
        119386	2026-02-12 17:18:03	1	1	15	0
        116142	2026-02-12 17:19:24	1	1	15	0
        116828	2026-02-12 17:19:31	1	1	1	0
        110512	2026-02-12 17:19:37	1	1	15	0
        110527	2026-02-12 17:20:06	1	1	15	0
        118917	2026-02-12 17:20:16	1	1	15	0
        110514	2026-02-12 17:20:22	1	1	15	0
        110513	2026-02-12 17:20:30	1	1	15	0
        118271	2026-02-12 17:20:36	1	1	15	0
        117997	2026-02-12 17:20:40	1	1	15	0
        110357	2026-02-12 17:21:19	1	1	15	0
        118584	2026-02-12 17:22:13	1	1	15	0
        119493	2026-02-12 17:22:34	1	1	15	0
        116428	2026-02-12 17:22:53	1	1	15	0
        116072	2026-02-12 17:23:12	1	1	15	0
        116282	2026-02-12 17:24:39	1	1	15	0
        117616	2026-02-12 17:25:20	1	1	15	0
        117707	2026-02-12 17:26:05	1	1	15	0
        116337	2026-02-12 17:26:08	1	1	15	0
        110011	2026-02-12 17:26:57	1	1	15	0
        117683	2026-02-12 17:26:59	1	1	15	0
        116504	2026-02-12 17:27:04	1	1	15	0
        119104	2026-02-12 17:27:06	1	1	15	0
        117528	2026-02-12 17:27:13	1	1	15	0
        117129	2026-02-12 17:27:40	1	1	15	0
        117043	2026-02-12 17:30:39	1	1	15	0
        110485	2026-02-12 17:31:02	1	1	15	0
        116274	2026-02-12 17:31:14	1	1	15	0
        116296	2026-02-12 17:31:16	1	1	15	0
        110418	2026-02-12 17:31:19	1	1	15	0
        110195	2026-02-12 17:31:30	1	1	15	0
        116483	2026-02-12 17:31:45	1	1	15	0
        110088	2026-02-12 17:32:13	1	1	15	0
        117497	2026-02-12 17:32:46	1	1	15	0
        117634	2026-02-12 17:32:52	1	1	15	0
        117915	2026-02-12 17:32:53	1	1	15	0
        118157	2026-02-12 17:32:56	1	1	15	0
        110070	2026-02-12 17:34:50	1	1	15	0
        117189	2026-02-12 17:34:59	1	1	15	0
        117543	2026-02-12 17:35:25	1	1	15	0
        117113	2026-02-12 17:36:20	1	1	15	0
        117817	2026-02-12 17:36:54	1	1	15	0
        117259	2026-02-12 17:37:24	1	1	15	0
        119263	2026-02-12 17:37:25	1	1	15	0
        117270	2026-02-12 17:37:28	1	1	15	0
        118455	2026-02-12 17:37:30	1	1	15	0
        116747	2026-02-12 17:37:43	1	1	15	0
        117639	2026-02-12 17:37:54	1	1	15	0
        117144	2026-02-12 17:37:56	1	1	15	0
        110085	2026-02-12 17:38:30	1	1	15	0
        117567	2026-02-12 17:38:37	1	1	15	0
        117692	2026-02-12 17:39:13	1	1	15	0
        110158	2026-02-12 17:39:43	1	1	15	0
        118971	2026-02-12 17:41:05	1	1	15	0
        118997	2026-02-12 17:41:10	1	1	15	0
        110378	2026-02-12 17:42:23	1	1	15	0
        110492	2026-02-12 17:43:18	1	1	15	0
        118046	2026-02-12 17:43:43	1	1	15	0
        118928	2026-02-12 17:43:57	1	1	15	0
        116129	2026-02-12 17:43:59	1	1	15	0
        117219	2026-02-12 17:44:02	1	1	15	0
        116422	2026-02-12 17:44:04	1	1	15	0
        117120	2026-02-12 17:44:06	1	1	15	0
        117046	2026-02-12 17:44:10	1	1	15	0
        118186	2026-02-12 17:44:12	1	1	15	0
        118761	2026-02-12 17:44:14	1	1	15	0
        117059	2026-02-12 17:44:16	1	1	15	0
        118992	2026-02-12 17:44:20	1	1	15	0
        119272	2026-02-12 17:45:08	1	1	15	0
        119227	2026-02-12 17:46:15	1	1	15	0
        117841	2026-02-12 17:47:15	1	1	15	0
        110473	2026-02-12 17:47:48	1	1	15	0
        117156	2026-02-12 17:48:26	1	1	15	0
        110051	2026-02-12 17:50:02	1	1	15	0
        110360	2026-02-12 17:50:14	1	1	15	0
        117920	2026-02-12 17:50:23	1	1	15	0
        110495	2026-02-12 17:50:35	1	1	15	0
        118458	2026-02-12 17:50:41	1	1	15	0
        118953	2026-02-12 17:51:59	1	1	15	0
        110093	2026-02-12 17:52:14	1	1	15	0
        117711	2026-02-12 17:53:21	1	1	15	0
        116995	2026-02-12 17:53:24	1	1	15	0
        117121	2026-02-12 17:54:14	1	1	15	0
        116260	2026-02-12 17:54:31	1	1	15	0
        110116	2026-02-12 17:56:22	1	1	15	0
        117122	2026-02-12 17:56:28	1	1	15	0
        117103	2026-02-12 17:57:55	1	1	15	0
        110090	2026-02-12 17:58:46	1	1	15	0
        119107	2026-02-12 18:00:12	1	1	15	0
        117837	2026-02-12 18:00:17	1	1	15	0
        116279	2026-02-12 18:00:24	1	1	15	0
        117786	2026-02-12 18:01:10	1	1	15	0
        110354	2026-02-12 18:01:15	1	1	15	0
        117054	2026-02-12 18:01:31	1	1	15	0
        116477	2026-02-12 18:02:07	1	1	15	0
        117080	2026-02-12 18:03:13	1	1	15	0
        116537	2026-02-12 18:03:15	1	1	15	0
        119282	2026-02-12 18:03:34	1	1	15	0
        110050	2026-02-12 18:03:40	1	1	15	0
        117659	2026-02-12 18:03:47	1	1	15	0
        116831	2026-02-12 18:04:50	1	1	15	0
        119449	2026-02-12 18:07:00	1	1	15	0
        117924	2026-02-12 18:07:07	1	1	15	0
        116497	2026-02-12 18:07:08	1	1	15	0
        117541	2026-02-12 18:07:11	1	1	15	0
        116805	2026-02-12 18:07:12	1	1	15	0
        117981	2026-02-12 18:07:14	1	1	15	0
        117061	2026-02-12 18:07:15	1	1	15	0
        116356	2026-02-12 18:07:18	1	1	15	0
        118369	2026-02-12 18:07:19	1	1	15	0
        110128	2026-02-12 18:07:41	1	1	15	0
        110105	2026-02-12 18:07:56	1	1	15	0
        110413	2026-02-12 18:08:10	1	1	15	0
        116070	2026-02-12 18:08:36	1	1	1	0
        116069	2026-02-12 18:08:42	1	1	15	0
        117998	2026-02-12 18:09:05	1	1	15	0
        110424	2026-02-12 18:09:41	1	1	15	0
        119006	2026-02-12 18:10:31	1	1	15	0
        119157	2026-02-12 18:10:33	1	1	15	0
        110172	2026-02-12 18:10:47	1	1	15	0
        117716	2026-02-12 18:11:19	1	1	15	0
        117630	2026-02-12 18:11:54	1	1	15	0
        117085	2026-02-12 18:12:23	1	1	15	0
        117147	2026-02-12 18:13:12	1	1	15	0
        110060	2026-02-12 18:13:16	1	1	15	0
        117529	2026-02-12 18:13:51	1	1	15	0
        116960	2026-02-12 18:16:15	1	1	15	0
        117807	2026-02-12 18:18:39	1	1	15	0
        110100	2026-02-12 18:19:45	1	1	15	0
        110172	2026-02-12 18:20:08	1	1	15	0
        118043	2026-02-12 18:20:29	1	1	15	0
        117645	2026-02-12 18:22:12	1	1	15	0
        117114	2026-02-12 18:22:21	1	1	15	0
        110062	2026-02-12 18:23:33	1	1	15	0
        118503	2026-02-12 18:23:50	1	1	15	0
        110053	2026-02-12 18:24:17	1	1	15	0
        110075	2026-02-12 18:26:30	1	1	15	0
        117091	2026-02-12 18:26:35	1	1	15	0
        117575	2026-02-12 18:26:51	1	1	15	0
        110372	2026-02-12 18:26:53	1	1	15	0
        110183	2026-02-12 18:30:36	1	1	15	0
        117814	2026-02-12 18:30:58	1	1	15	0
        110475	2026-02-12 18:33:59	1	1	15	0
        110055	2026-02-12 18:37:03	1	1	15	0
        116346	2026-02-12 18:37:27	1	1	15	0
        110083	2026-02-12 18:44:33	1	1	15	0
        110063	2026-02-12 18:45:20	1	1	15	0
        110025	2026-02-12 18:46:06	1	1	15	0
        119364	2026-02-12 18:46:14	1	1	15	0
        110057	2026-02-12 18:46:21	1	1	15	0
        117595	2026-02-12 18:55:02	1	1	15	0
        110032	2026-02-12 19:00:47	1	1	15	0
        118867	2026-02-12 19:04:44	1	1	15	0
        117733	2026-02-12 19:15:51	1	1	15	0
        119602	2026-02-12 19:25:49	1	1	15	0
        117591	2026-02-12 19:41:15	1	1	15	0
        116933	2026-02-12 20:25:09	1	1	15	0
        110200	2026-02-12 21:31:31	1	1	15	0
        117147	2026-02-13 04:48:03	1	0	15	0
        117201	2026-02-13 04:54:41	1	0	15	0
        119583	2026-02-13 06:12:40	1	0	15	0
        110051	2026-02-13 06:24:24	1	0	15	0
        118992	2026-02-13 06:33:04	1	0	15	0
        116551	2026-02-13 06:34:58	1	0	15	0
        116799	2026-02-13 06:37:07	1	0	15	0
        119070	2026-02-13 06:39:35	1	0	15	0
        110053	2026-02-13 06:40:54	1	0	15	0
        110424	2026-02-13 06:52:56	1	0	15	0
        117224	2026-02-13 06:54:11	1	0	15	0
        118157	2026-02-13 06:57:52	1	0	15	0
        116914	2026-02-13 06:58:34	1	0	15	0
        117930	2026-02-13 06:59:38	1	0	15	0
        118186	2026-02-13 07:00:25	1	0	15	0
        110093	2026-02-13 07:00:51	1	0	15	0
        119272	2026-02-13 07:06:14	1	0	15	0
        116748	2026-02-13 07:08:00	1	0	15	0
        110466	2026-02-13 07:08:59	1	0	15	0
        110113	2026-02-13 07:10:17	1	0	15	0
        118928	2026-02-13 07:10:30	1	0	15	0
        117769	2026-02-13 07:12:27	1	0	15	0
        117046	2026-02-13 07:14:41	1	0	15	0
        110085	2026-02-13 07:16:21	1	0	15	0
        119602	2026-02-13 07:16:41	1	0	15	0
        110358	2026-02-13 07:19:14	1	0	15	0
        116831	2026-02-13 07:20:10	1	0	15	0
        116422	2026-02-13 07:20:28	1	0	15	0
        110527	2026-02-13 07:21:50	1	0	15	0
        110084	2026-02-13 07:21:55	1	0	15	0
        116902	2026-02-13 07:21:59	1	0	15	0
        119475	2026-02-13 07:23:32	1	0	15	0
        117838	2026-02-13 07:24:20	1	0	1	0
        116512	2026-02-13 07:24:39	1	0	15	0
        116751	2026-02-13 07:24:41	1	0	15	0
        116142	2026-02-13 07:31:09	1	0	15	0
        118744	2026-02-13 07:31:12	1	0	15	0
        117133	2026-02-13 07:31:14	1	0	15	0
        118640	2026-02-13 07:31:44	1	0	15	0
        110457	2026-02-13 07:33:22	1	0	15	0
        117814	2026-02-13 07:33:55	1	0	15	0
        118580	2026-02-13 07:35:17	1	0	15	0
        117088	2026-02-13 07:36:31	1	0	15	0
        110032	2026-02-13 07:36:48	1	0	15	0
        117983	2026-02-13 07:36:58	1	0	15	0
        110377	2026-02-13 07:37:13	1	0	15	0
        110355	2026-02-13 07:38:20	1	0	15	0
        110356	2026-02-13 07:38:23	1	0	15	0
        119006	2026-02-13 07:39:12	1	0	15	0
        117770	2026-02-13 07:39:15	1	0	15	0
        110094	2026-02-13 07:40:03	1	0	15	0
        118046	2026-02-13 07:40:08	1	0	15	0
        117219	2026-02-13 07:40:16	1	0	15	0
        117724	2026-02-13 07:41:15	1	0	15	0
        110376	2026-02-13 07:42:30	1	0	15	0
        118997	2026-02-13 07:44:16	1	0	15	0
        117982	2026-02-13 07:44:27	1	0	15	0
        116504	2026-02-13 07:44:35	1	0	15	0
        110357	2026-02-13 07:44:38	1	0	15	0
        118761	2026-02-13 07:44:57	1	0	15	0
        110065	2026-02-13 07:45:38	1	0	15	0
        110513	2026-02-13 07:45:51	1	0	15	0
        117997	2026-02-13 07:46:19	1	0	15	0
        110493	2026-02-13 07:46:36	1	0	15	0
        110062	2026-02-13 07:48:21	1	0	15	0
        116828	2026-02-13 07:48:25	1	0	1	0
        117680	2026-02-13 07:48:39	1	0	15	0
        110512	2026-02-13 07:48:57	1	0	15	0
        116996	2026-02-13 07:49:06	1	0	15	0
        110083	2026-02-13 07:49:38	1	0	15	0
        110475	2026-02-13 07:50:00	1	0	15	0
        119340	2026-02-13 07:50:11	1	0	15	0
        110063	2026-02-13 07:50:18	1	0	15	0
        110060	2026-02-13 07:50:51	1	0	15	0
        119386	2026-02-13 07:51:11	1	0	15	0
           538	2026-02-13 07:51:30	1	0	15	0
        110006	2026-02-13 07:52:26	1	0	15	0
        110378	2026-02-13 07:52:50	1	0	15	0
        110372	2026-02-13 07:54:09	1	0	15	0
        110473	2026-02-13 07:54:38	1	0	15	0
        116297	2026-02-13 07:55:15	1	0	15	0
        110011	2026-02-13 07:55:22	1	0	15	0
        117683	2026-02-13 07:55:24	1	0	15	0
        118458	2026-02-13 07:56:16	1	0	15	0
        117129	2026-02-13 07:56:47	1	0	15	0
        118455	2026-02-13 07:56:49	1	0	15	0
        116496	2026-02-13 07:56:52	1	0	15	0
        116337	2026-02-13 07:57:14	1	0	15	0
        118043	2026-02-13 07:57:22	1	0	15	0
        116356	2026-02-13 07:58:10	1	0	15	0
        117841	2026-02-13 07:58:13	1	0	15	0
        117591	2026-02-13 07:58:17	1	0	15	0
        110076	2026-02-13 07:58:30	1	0	15	0
        119453	2026-02-13 07:59:13	1	0	15	0
        117270	2026-02-13 07:59:19	1	0	15	0
        110418	2026-02-13 07:59:24	1	0	15	0
        119157	2026-02-13 08:00:02	1	0	15	0
        117972	2026-02-13 08:00:07	1	0	15	0
            13	2026-02-13 08:00:08	1	0	15	0
        116346	2026-02-13 08:00:33	1	0	15	0
        110105	2026-02-13 08:00:46	1	0	15	0
        117786	2026-02-13 08:00:48	1	0	15	0
        119263	2026-02-13 08:01:14	1	0	15	0
        110195	2026-02-13 08:02:41	1	0	15	0
        116960	2026-02-13 08:02:45	1	0	15	0
        118221	2026-02-13 08:03:22	1	0	15	0
        117921	2026-02-13 08:03:34	1	0	15	0
        117840	2026-02-13 08:04:39	1	0	15	0
        118271	2026-02-13 08:05:21	1	0	15	0
        116483	2026-02-13 08:05:31	1	0	15	0
        110514	2026-02-13 08:06:21	1	0	15	0
        117833	2026-02-13 08:07:22	1	0	15	0
        116763	2026-02-13 08:07:23	1	0	15	0
        117924	2026-02-13 08:08:02	1	0	15	0
        117541	2026-02-13 08:08:29	1	0	15	0
        117111	2026-02-13 08:08:49	1	0	15	0
        119493	2026-02-13 08:09:06	1	0	15	0
        110050	2026-02-13 08:09:20	1	0	15	0
        117850	2026-02-13 08:09:45	1	0	15	0
        117839	2026-02-13 08:10:10	1	0	15	0
        117716	2026-02-13 08:10:14	1	0	15	0
        110193	2026-02-13 08:10:34	1	0	15	0
        116472	2026-02-13 08:10:38	1	0	15	0
        117998	2026-02-13 08:10:41	1	0	15	0
        110198	2026-02-13 08:11:01	1	0	15	0
        117807	2026-02-13 08:11:50	1	0	15	0
        119594	2026-02-13 08:12:10	1	0	15	0
        117483	2026-02-13 08:12:15	1	0	15	0
        116282	2026-02-13 08:13:10	1	0	15	0
        110025	2026-02-13 08:14:27	1	0	15	0
        118695	2026-02-13 08:18:14	1	0	15	0
        110492	2026-02-13 08:18:22	1	0	15	0
        117259	2026-02-13 08:18:25	1	0	15	0
        116995	2026-02-13 08:18:53	1	0	15	0
        116787	2026-02-13 08:18:57	1	0	15	0
        117969	2026-02-13 08:19:40	1	0	15	0
        118829	2026-02-13 08:20:17	1	0	15	0
        118584	2026-02-13 08:21:30	1	0	15	0
        110507	2026-02-13 08:21:38	1	0	15	0
        117707	2026-02-13 08:22:26	1	0	15	0
        117700	2026-02-13 08:22:28	1	0	15	0
        117189	2026-02-13 08:22:33	1	0	15	0
        117113	2026-02-13 08:22:36	1	0	15	0
        110360	2026-02-13 08:22:48	1	0	15	0
        117528	2026-02-13 08:23:31	1	0	15	0
        117817	2026-02-13 08:23:38	1	0	15	0
        110100	2026-02-13 08:24:19	1	0	15	0
        117114	2026-02-13 08:24:23	1	0	15	0
        117529	2026-02-13 08:24:26	1	0	15	0
        117733	2026-02-13 08:24:34	1	0	15	0
        117811	2026-02-13 08:24:57	1	0	15	0
        119282	2026-02-13 08:25:02	1	0	15	0
        117634	2026-02-13 08:25:09	1	0	15	0
        117915	2026-02-13 08:25:11	1	0	15	0
        116274	2026-02-13 08:25:39	1	0	15	0
        110485	2026-02-13 08:25:45	1	0	15	0
        117222	2026-02-13 08:25:49	1	0	15	0
        117630	2026-02-13 08:26:01	1	0	15	0
        117156	2026-02-13 08:26:08	1	0	15	0
        118563	2026-02-13 08:27:37	1	0	15	0
        116477	2026-02-13 08:27:39	1	0	15	0
        117120	2026-02-13 08:27:44	1	0	15	0
        116070	2026-02-13 08:28:00	1	0	1	0
        110354	2026-02-13 08:28:53	1	0	15	0
        110070	2026-02-13 08:29:01	1	0	15	0
        116072	2026-02-13 08:29:32	1	0	15	0
        110172	2026-02-13 08:29:37	1	0	15	0
        117103	2026-02-13 08:29:39	1	0	15	0
        119104	2026-02-13 08:30:23	1	0	15	0
        118207	2026-02-13 08:30:43	1	0	15	0
        116252	2026-02-13 08:31:07	1	0	15	0
        117616	2026-02-13 08:31:15	1	0	15	0
        117645	2026-02-13 08:32:13	1	0	15	0
        117080	2026-02-13 08:32:44	1	0	15	0
        118503	2026-02-13 08:32:47	1	0	15	0
        117043	2026-02-13 08:32:50	1	0	15	0
        110075	2026-02-13 08:33:07	1	0	15	0
        116069	2026-02-13 08:33:09	1	0	15	0
        116751	2026-02-13 08:33:13	1	0	15	0
        117121	2026-02-13 08:33:14	1	0	15	0
        117920	2026-02-13 08:33:20	1	0	15	0
        116383	2026-02-13 08:33:33	1	0	15	0
        117337	2026-02-13 08:33:51	1	0	15	0
        117497	2026-02-13 08:34:58	1	0	15	0
        117815	2026-02-13 08:35:03	1	0	15	0
        118971	2026-02-13 08:35:09	1	0	15	0
        116747	2026-02-13 08:35:43	1	0	15	0
        110128	2026-02-13 08:35:49	1	0	15	0
        117837	2026-02-13 08:36:36	1	0	15	0
        117659	2026-02-13 08:36:41	1	0	15	0
        117341	2026-02-13 08:37:04	1	0	15	0
        110413	2026-02-13 08:37:43	1	0	15	0
        110088	2026-02-13 08:38:09	1	0	15	0
        118862	2026-02-13 08:40:47	1	0	15	0
        117699	2026-02-13 08:41:14	1	0	15	0
        116537	2026-02-13 08:41:49	1	0	15	0
        117543	2026-02-13 08:43:22	1	0	15	0
        117595	2026-02-13 08:43:49	1	0	15	0
        110495	2026-02-13 08:44:45	1	0	15	0
        117966	2026-02-13 08:45:32	1	0	15	0
        116497	2026-02-13 08:46:02	1	0	15	0
        110116	2026-02-13 08:55:01	1	0	15	0
        117122	2026-02-13 08:55:05	1	0	15	0
        119227	2026-02-13 08:55:09	1	0	15	0
        119364	2026-02-13 08:55:11	1	0	15	0
        110183	2026-02-13 08:55:14	1	0	15	0
        117542	2026-02-13 08:55:16	1	0	15	0
        117575	2026-02-13 08:55:51	1	0	15	0
        119107	2026-02-13 08:55:57	1	0	15	0
        117567	2026-02-13 08:56:00	1	0	15	0
        116279	2026-02-13 08:56:05	1	0	15	0
        117711	2026-02-13 08:56:18	1	0	15	0
        117926	2026-02-13 08:56:56	1	0	15	0
        116778	2026-02-13 08:57:04	1	0	15	0
        116805	2026-02-13 08:57:06	1	0	15	0
        110090	2026-02-13 08:57:08	1	0	15	0
        116849	2026-02-13 09:02:12	1	0	15	0
        118867	2026-02-13 09:03:56	1	0	15	0
        118753	2026-02-13 09:04:05	1	0	15	0
        118369	2026-02-13 09:04:59	1	0	15	0
        117144	2026-02-13 09:10:28	1	0	15	0
        117639	2026-02-13 09:12:29	1	0	15	0
        116933	2026-02-13 09:15:39	1	0	15	0
        117061	2026-02-13 09:16:36	1	0	15	0
        117981	2026-02-13 09:16:38	1	0	15	0
        117091	2026-02-13 09:19:19	1	0	15	0
        119449	2026-02-13 09:27:36	1	0	15	0
        119535	2026-02-13 09:28:11	1	0	15	0
        117993	2026-02-13 09:32:54	1	0	15	0
        117085	2026-02-13 09:33:50	1	0	15	0
        118917	2026-02-13 09:35:01	1	0	15	0
        117077	2026-02-13 09:43:52	1	0	15	0
        116453	2026-02-13 09:43:56	1	0	15	0
        116990	2026-02-13 09:55:59	1	0	15	0
        116828	2026-02-13 11:36:19	1	2	1	0
        117969	2026-02-13 12:00:07	1	2	15	0
        110493	2026-02-13 12:00:13	1	2	15	0
        110113	2026-02-13 12:00:19	1	2	15	0
        110495	2026-02-13 12:00:21	1	2	15	0
        117700	2026-02-13 12:00:25	1	2	15	0
        117841	2026-02-13 12:00:26	1	2	15	0
        117840	2026-02-13 12:00:32	1	2	15	0
        117645	2026-02-13 12:00:34	1	2	15	0
        116072	2026-02-13 12:00:36	1	2	15	0
        116497	2026-02-13 12:00:38	1	2	15	0
        117839	2026-02-13 12:00:40	1	2	15	0
        110198	2026-02-13 12:00:40	1	2	15	0
        117541	2026-02-13 12:00:44	1	2	15	0
        117129	2026-02-13 12:00:46	1	2	15	0
        119107	2026-02-13 12:00:49	1	2	15	0
        110354	2026-02-13 12:00:54	1	2	15	0
        116504	2026-02-13 12:00:57	1	2	15	0
        116483	2026-02-13 12:00:59	1	2	15	0
        110513	2026-02-13 12:01:01	1	2	15	0
        110514	2026-02-13 12:01:03	1	2	15	0
        118953	2026-02-13 12:01:05	1	2	15	0
        117926	2026-02-13 12:01:07	1	2	15	0
           538	2026-02-13 12:01:08	1	2	15	0
        118563	2026-02-13 12:01:10	1	2	15	0
        119449	2026-02-13 12:01:14	1	2	15	0
        117983	2026-02-13 12:01:19	1	2	15	0
        117920	2026-02-13 12:01:21	1	2	15	0
        117707	2026-02-13 12:01:23	1	2	15	0
        117850	2026-02-13 12:01:31	1	2	15	0
        117833	2026-02-13 12:01:52	1	2	15	0
        118744	2026-02-13 12:02:00	1	2	15	0
        116787	2026-02-13 12:02:07	1	2	15	0
        117529	2026-02-13 12:02:08	1	2	15	0
        116778	2026-02-13 12:02:10	1	2	15	0
        116252	2026-02-13 12:02:15	1	2	15	0
        117080	2026-02-13 12:02:17	1	2	15	0
        110377	2026-02-13 12:02:19	1	2	15	0
        110376	2026-02-13 12:02:22	1	2	15	0
        116496	2026-02-13 12:02:24	1	2	15	0
        116849	2026-02-13 12:02:25	1	2	15	0
        116551	2026-02-13 12:02:28	1	2	15	0
        116914	2026-02-13 12:02:32	1	2	15	0
        116902	2026-02-13 12:02:38	1	2	15	0
        116763	2026-02-13 12:02:40	1	2	15	0
        117046	2026-02-13 12:02:43	1	2	15	0
        110418	2026-02-13 12:02:45	1	2	15	0
        110512	2026-02-13 12:02:47	1	2	15	0
        117528	2026-02-13 12:02:49	1	2	15	0
        110070	2026-02-13 12:02:52	1	2	15	0
        119493	2026-02-13 12:02:53	1	2	15	0
        110492	2026-02-13 12:02:55	1	2	15	0
        117059	2026-02-13 12:02:57	1	2	15	0
        110172	2026-02-13 12:03:01	1	2	15	0
        117543	2026-02-13 12:03:04	1	2	15	0
        110354	2026-02-13 12:03:15	1	2	15	0
        116072	2026-02-13 12:03:24	1	2	15	0
        116483	2026-02-13 12:03:25	1	2	15	0
        117541	2026-02-13 12:03:26	1	2	15	0
        116504	2026-02-13 12:03:29	1	2	15	0
        116497	2026-02-13 12:03:31	1	2	15	0
        110088	2026-02-13 12:03:34	1	2	15	0
        116477	2026-02-13 12:03:37	1	2	15	0
        117114	2026-02-13 12:03:39	1	2	15	0
        117144	2026-02-13 12:03:41	1	2	15	0
        117680	2026-02-13 12:03:43	1	2	15	0
        119453	2026-02-13 12:03:45	1	2	15	0
        117786	2026-02-13 12:03:47	1	2	15	0
        117567	2026-02-13 12:03:50	1	2	15	0
        110128	2026-02-13 12:03:53	1	2	15	0
        117497	2026-02-13 12:03:54	1	2	15	0
        117815	2026-02-13 12:03:56	1	2	15	0
        117630	2026-02-13 12:03:57	1	2	15	0
        117088	2026-02-13 12:04:02	1	2	15	0
        110493	2026-02-13 12:04:08	1	2	15	0
        110495	2026-02-13 12:04:10	1	2	15	0
        117814	2026-02-13 12:04:13	1	2	15	0
        116453	2026-02-13 12:04:16	1	2	15	0
        118458	2026-02-13 12:04:22	1	2	15	0
        117833	2026-02-13 12:04:26	1	2	15	0
        116472	2026-02-13 12:04:27	1	2	15	0
        116747	2026-02-13 12:04:29	1	2	15	0
        117817	2026-02-13 12:04:31	1	2	15	0
        110051	2026-02-13 12:04:34	1	2	15	0
        110076	2026-02-13 12:04:38	1	2	15	0
        119107	2026-02-13 12:04:40	1	2	15	0
        117969	2026-02-13 12:04:49	1	2	15	0
        117983	2026-02-13 12:04:54	1	2	15	0
        117201	2026-02-13 12:04:57	1	2	15	0
        110116	2026-02-13 12:05:01	1	2	15	0
        119594	2026-02-13 12:05:04	1	2	15	0
        116252	2026-02-13 12:05:08	1	2	15	0
        110090	2026-02-13 12:05:09	1	2	15	0
        118271	2026-02-13 12:05:12	1	2	15	0
        116849	2026-02-13 12:05:18	1	2	15	0
        116274	2026-02-13 12:05:20	1	2	15	0
        117189	2026-02-13 12:05:28	1	2	15	0
        118640	2026-02-13 12:05:46	1	2	15	0
        116751	2026-02-13 12:05:51	1	2	15	0
        116512	2026-02-13 12:05:53	1	2	15	0
        110492	2026-02-13 12:05:56	1	2	15	0
        117972	2026-02-13 12:05:58	1	2	15	0
        117080	2026-02-13 12:06:03	1	2	15	0
        116778	2026-02-13 12:06:05	1	2	15	0
        119535	2026-02-13 12:06:07	1	2	15	0
        110514	2026-02-13 12:06:10	1	2	15	0
        117920	2026-02-13 12:06:12	1	2	15	0
        117850	2026-02-13 12:06:14	1	2	15	0
        117707	2026-02-13 12:06:15	1	2	15	0
        117716	2026-02-13 12:06:17	1	2	15	0
        116787	2026-02-13 12:06:20	1	2	15	0
        117046	2026-02-13 12:06:22	1	2	15	0
        116763	2026-02-13 12:06:24	1	2	15	0
        110418	2026-02-13 12:06:27	1	2	15	0
        118563	2026-02-13 12:06:29	1	2	15	0
        110513	2026-02-13 12:06:33	1	2	15	0
        116902	2026-02-13 12:06:37	1	2	15	0
        110512	2026-02-13 12:06:40	1	2	15	0
        110372	2026-02-13 12:06:42	1	2	15	0
        119594	2026-02-13 12:06:45	1	2	15	0
        110051	2026-02-13 12:06:49	1	2	15	0
        110113	2026-02-13 12:06:53	1	2	15	0
        117630	2026-02-13 12:06:54	1	2	15	0
        117700	2026-02-13 12:06:58	1	2	15	0
        117998	2026-02-13 12:07:00	1	2	15	0
        117088	2026-02-13 12:07:01	1	2	15	0
        117814	2026-02-13 12:07:06	1	2	15	0
        118744	2026-02-13 12:07:12	1	2	15	0
        116551	2026-02-13 12:07:19	1	2	15	0
        117222	2026-02-13 12:07:21	1	2	15	0
        117201	2026-02-13 12:07:25	1	2	15	0
        117817	2026-02-13 12:07:32	1	2	15	0
        110358	2026-02-13 12:07:37	1	2	15	0
        117529	2026-02-13 12:07:50	1	2	15	0
        117711	2026-02-13 12:07:52	1	2	15	0
        110376	2026-02-13 12:07:57	1	2	15	0
        118695	2026-02-13 12:08:00	1	2	15	0
        110377	2026-02-13 12:08:01	1	2	15	0
        117111	2026-02-13 12:08:06	1	2	15	0
        117337	2026-02-13 12:08:08	1	2	15	0
        116279	2026-02-13 12:08:09	1	2	15	0
        119493	2026-02-13 12:08:11	1	2	15	0
        117122	2026-02-13 12:08:12	1	2	15	0
        116070	2026-02-13 12:08:15	1	2	15	0
        116990	2026-02-13 12:08:17	1	2	15	0
        116069	2026-02-13 12:08:20	1	2	15	0
        117807	2026-02-13 12:08:22	1	2	15	0
        119449	2026-02-13 12:08:26	1	2	15	0
        119453	2026-02-13 12:08:37	1	2	15	0
        117497	2026-02-13 12:08:41	1	2	15	0
        117926	2026-02-13 12:08:43	1	2	15	0
        118458	2026-02-13 12:08:45	1	2	15	0
        117133	2026-02-13 12:08:49	1	2	15	0
        117639	2026-02-13 12:08:51	1	2	15	0
        110378	2026-02-13 12:09:04	1	2	15	0
        117120	2026-02-13 12:09:08	1	2	15	0
        110062	2026-02-13 12:09:13	1	2	15	0
        117616	2026-02-13 12:09:17	1	2	15	0
        110088	2026-02-13 12:09:21	1	2	15	0
        117144	2026-02-13 12:09:23	1	2	15	0
        110457	2026-02-13 12:09:24	1	2	15	0
        117924	2026-02-13 12:09:26	1	2	15	0
        116995	2026-02-13 12:09:28	1	2	15	0
        117077	2026-02-13 12:09:30	1	2	15	0
        116537	2026-02-13 12:09:32	1	2	15	0
        116337	2026-02-13 12:09:34	1	2	15	0
        119157	2026-02-13 12:09:36	1	2	15	0
        119386	2026-02-13 12:09:39	1	2	15	0
        117528	2026-02-13 12:09:42	1	2	15	0
        116996	2026-02-13 12:09:59	1	2	15	0
        110358	2026-02-13 12:10:07	1	2	15	0
        116477	2026-02-13 12:10:09	1	2	15	0
        117156	2026-02-13 12:10:12	1	2	15	0
        117121	2026-02-13 12:10:16	1	2	15	0
        117189	2026-02-13 12:10:18	1	2	15	0
        110372	2026-02-13 12:10:22	1	2	15	0
        110053	2026-02-13 12:10:30	1	2	15	0
        116453	2026-02-13 12:10:32	1	2	15	0
        110116	2026-02-13 12:10:35	1	2	15	0
        117567	2026-02-13 12:11:09	1	2	15	0
        119263	2026-02-13 12:11:16	1	2	15	0
        118992	2026-02-13 12:11:20	1	2	15	0
        116070	2026-02-13 12:11:21	1	2	15	0
        119535	2026-02-13 12:11:24	1	2	15	0
        110355	2026-02-13 12:11:31	1	2	15	0
        117222	2026-02-13 12:11:32	1	2	15	0
        110356	2026-02-13 12:11:36	1	2	15	0
        118640	2026-02-13 12:11:38	1	2	15	0
        116990	2026-02-13 12:11:44	1	2	15	0
        118043	2026-02-13 12:11:51	1	2	15	0
        117113	2026-02-13 12:11:52	1	2	15	0
        116933	2026-02-13 12:11:54	1	2	15	0
        110055	2026-02-13 12:11:57	1	2	15	0
        117133	2026-02-13 12:11:59	1	2	15	0
        117639	2026-02-13 12:12:01	1	2	15	0
        116346	2026-02-13 12:12:03	1	2	15	0
        117837	2026-02-13 12:12:04	1	2	15	0
        116995	2026-02-13 12:12:06	1	2	15	0
        116069	2026-02-13 12:12:09	1	2	15	0
        117807	2026-02-13 12:12:11	1	2	15	0
        110527	2026-02-13 12:12:16	1	2	15	0
        110360	2026-02-13 12:12:19	1	2	15	0
        117212	2026-02-13 12:12:26	1	2	15	0
        117716	2026-02-13 12:12:29	1	2	15	0
        117122	2026-02-13 12:12:32	1	2	15	0
        110473	2026-02-13 12:12:34	1	2	15	0
        117993	2026-02-13 12:12:36	1	2	15	0
        117595	2026-02-13 12:12:38	1	2	15	0
        116297	2026-02-13 12:12:40	1	2	15	0
        110085	2026-02-13 12:12:43	1	2	15	0
        110172	2026-02-13 12:12:45	1	2	15	0
        117616	2026-02-13 12:13:12	1	2	15	0
        110378	2026-02-13 12:13:14	1	2	15	0
        118221	2026-02-13 12:13:37	1	2	15	0
        117077	2026-02-13 12:13:41	1	2	15	0
        116337	2026-02-13 12:13:44	1	2	15	0
        116537	2026-02-13 12:13:46	1	2	15	0
        110077	2026-02-13 12:13:53	1	2	15	0
        116747	2026-02-13 12:14:00	1	2	15	0
        116472	2026-02-13 12:14:01	1	2	15	0
        118971	2026-02-13 12:14:07	1	2	15	0
        117699	2026-02-13 12:14:12	1	2	15	0
        117059	2026-02-13 12:14:14	1	2	15	0
        110485	2026-02-13 12:14:17	1	2	15	0
        110055	2026-02-13 12:14:26	1	2	15	0
        119386	2026-02-13 12:14:32	1	2	15	0
        117120	2026-02-13 12:14:46	1	2	15	0
        118580	2026-02-13 12:14:56	1	2	15	0
        118695	2026-02-13 12:15:00	1	2	15	0
        117111	2026-02-13 12:15:02	1	2	15	0
        117924	2026-02-13 12:15:06	1	2	15	0
        110357	2026-02-13 12:15:12	1	2	15	0
        110053	2026-02-13 12:15:16	1	2	15	0
        117270	2026-02-13 12:15:30	1	2	15	0
        110076	2026-02-13 12:15:38	1	2	15	0
        117711	2026-02-13 12:15:50	1	2	15	0
        118917	2026-02-13 12:15:54	1	2	15	0
        117121	2026-02-13 12:15:58	1	2	15	0
        117156	2026-02-13 12:16:00	1	2	15	0
        119157	2026-02-13 12:16:03	1	2	15	0
        117921	2026-02-13 12:16:05	1	2	15	0
        117982	2026-02-13 12:16:07	1	2	15	0
        110507	2026-02-13 12:16:09	1	2	15	0
        119272	2026-02-13 12:16:11	1	2	15	0
        110084	2026-02-13 12:16:13	1	2	15	0
        110057	2026-02-13 12:16:30	1	2	15	0
        119006	2026-02-13 12:16:34	1	2	15	0
        119364	2026-02-13 12:16:34	1	2	15	0
        116512	2026-02-13 12:16:38	1	2	15	0
        110128	2026-02-13 12:16:41	1	2	15	0
        110011	2026-02-13 12:16:43	1	2	15	0
        116748	2026-02-13 12:16:45	1	2	15	0
        117212	2026-02-13 12:16:46	1	2	15	0
        110473	2026-02-13 12:16:51	1	2	15	0
        117993	2026-02-13 12:16:53	1	2	15	0
        116751	2026-02-13 12:16:54	1	2	15	0
        118580	2026-02-13 12:16:58	1	2	15	0
        117542	2026-02-13 12:17:02	1	2	15	0
        117837	2026-02-13 12:17:12	1	2	15	0
        117997	2026-02-13 12:17:17	1	2	15	0
        110485	2026-02-13 12:17:21	1	2	15	0
        110084	2026-02-13 12:17:26	1	2	15	0
        110025	2026-02-13 12:17:30	1	2	15	0
        110063	2026-02-13 12:17:32	1	2	15	0
        110083	2026-02-13 12:17:43	1	2	15	0
        117113	2026-02-13 12:17:47	1	2	15	0
        117733	2026-02-13 12:17:49	1	2	15	0
        117998	2026-02-13 12:17:54	1	2	15	0
        116104	2026-02-13 12:17:58	1	2	15	0
        117683	2026-02-13 12:18:00	1	2	15	0
        118157	2026-02-13 12:18:02	1	2	15	0
        116282	2026-02-13 12:18:04	1	2	15	0
        117634	2026-02-13 12:18:12	1	2	15	0
        117915	2026-02-13 12:18:14	1	2	15	0
        118953	2026-02-13 12:18:42	1	2	15	0
        119006	2026-02-13 12:18:49	1	2	15	0
        118271	2026-02-13 12:18:58	1	2	15	0
        117212	2026-02-13 12:19:02	1	2	15	0
        116274	2026-02-13 12:19:04	1	2	15	0
        118221	2026-02-13 12:19:12	1	2	15	0
        116799	2026-02-13 12:19:23	1	2	15	0
        110062	2026-02-13 12:19:51	1	2	15	0
        116496	2026-02-13 12:19:54	1	2	15	0
        117680	2026-02-13 12:20:04	1	2	15	0
        119263	2026-02-13 12:20:09	1	2	15	0
        110075	2026-02-13 12:20:11	1	2	15	0
        117270	2026-02-13 12:20:17	1	2	15	0
        117103	2026-02-13 12:20:19	1	2	15	0
        118997	2026-02-13 12:20:26	1	2	15	0
        116282	2026-02-13 12:20:34	1	2	15	0
        110457	2026-02-13 12:20:37	1	2	15	0
        118157	2026-02-13 12:20:41	1	2	15	0
        117683	2026-02-13 12:20:44	1	2	15	0
        117634	2026-02-13 12:20:46	1	2	15	0
            13	2026-02-13 12:20:53	1	2	15	0
        119272	2026-02-13 12:21:04	1	2	15	0
        117733	2026-02-13 12:21:20	1	2	15	0
        117921	2026-02-13 12:21:49	1	2	15	0
        117982	2026-02-13 12:21:51	1	2	15	0
        110011	2026-02-13 12:21:55	1	2	15	0
        116104	2026-02-13 12:21:57	1	2	15	0
        117341	2026-02-13 12:21:59	1	2	15	0
        116996	2026-02-13 12:22:07	1	2	15	0
        117915	2026-02-13 12:22:08	1	2	15	0
        117659	2026-02-13 12:22:11	1	2	15	0
        117645	2026-02-13 12:22:13	1	2	15	0
        117840	2026-02-13 12:22:14	1	2	15	0
        110507	2026-02-13 12:22:18	1	2	15	0
        118043	2026-02-13 12:22:22	1	2	15	0
        117815	2026-02-13 12:22:30	1	2	15	0
        117786	2026-02-13 12:22:31	1	2	15	0
        117114	2026-02-13 12:23:07	1	2	15	0
        116748	2026-02-13 12:23:12	1	2	15	0
        117088	2026-02-13 12:23:14	1	2	15	0
        117103	2026-02-13 12:23:18	1	2	15	0
        110527	2026-02-13 12:23:28	1	2	15	0
        110032	2026-02-13 12:23:33	1	2	15	0
        119475	2026-02-13 12:23:38	1	2	15	0
        110065	2026-02-13 12:23:39	1	2	15	0
        110360	2026-02-13 12:23:52	1	2	15	0
        119364	2026-02-13 12:24:13	1	2	15	0
        110075	2026-02-13 12:24:16	1	2	15	0
        117841	2026-02-13 12:24:23	1	2	15	0
        117839	2026-02-13 12:24:24	1	2	15	0
        117483	2026-02-13 12:24:29	1	2	1	0
        110090	2026-02-13 12:24:38	1	2	15	0
        117043	2026-02-13 12:25:22	1	2	15	0
        118753	2026-02-13 12:25:29	1	2	15	0
        117997	2026-02-13 12:25:34	1	2	15	0
        110357	2026-02-13 12:25:47	1	2	15	0
        118917	2026-02-13 12:25:52	1	2	15	0
        117595	2026-02-13 12:26:20	1	2	15	0
        110413	2026-02-13 12:26:28	1	2	15	0
        110356	2026-02-13 12:26:42	1	2	15	0
        117770	2026-02-13 12:26:58	1	2	15	0
        110183	2026-02-13 12:27:04	1	2	15	0
        117341	2026-02-13 12:27:07	1	2	15	0
        110060	2026-02-13 12:27:18	1	2	15	0
        116960	2026-02-13 12:27:21	1	2	15	0
        117543	2026-02-13 12:27:24	1	2	15	0
        117692	2026-02-13 12:27:36	1	2	15	0
        119475	2026-02-13 12:27:51	1	2	15	0
        110065	2026-02-13 12:27:54	1	2	15	0
        117483	2026-02-13 12:28:06	1	2	1	0
        117659	2026-02-13 12:28:19	1	2	15	0
        110475	2026-02-13 12:28:44	1	2	15	0
        117575	2026-02-13 12:28:50	1	2	15	0
        119104	2026-02-13 12:28:52	1	2	15	0
        116142	2026-02-13 12:28:53	1	2	15	0
        117811	2026-02-13 12:29:14	1	2	15	0
        119340	2026-02-13 12:29:57	1	2	15	0
        117043	2026-02-13 12:30:07	1	3	15	0
        117699	2026-02-13 12:30:21	1	3	15	0
        118971	2026-02-13 12:30:33	1	3	15	0
        118862	2026-02-13 12:30:43	1	3	15	0
        110183	2026-02-13 12:30:58	1	3	15	0
        110198	2026-02-13 12:31:11	1	3	15	0
        110025	2026-02-13 12:31:27	1	3	15	0
        118867	2026-02-13 12:31:34	1	3	15	0
        119282	2026-02-13 12:31:37	1	3	15	0
        110060	2026-02-13 12:31:41	1	3	15	0
        110063	2026-02-13 12:31:42	1	3	15	0
        116960	2026-02-13 12:31:53	1	3	15	0
        116799	2026-02-13 12:31:58	1	3	15	0
        117575	2026-02-13 12:32:15	1	3	15	0
        117091	2026-02-13 12:32:41	1	3	15	0
        119104	2026-02-13 12:33:13	1	3	15	0
        117811	2026-02-13 12:33:17	1	3	15	0
        117642	2026-02-13 12:33:22	1	3	15	0
        118992	2026-02-13 12:33:27	1	3	15	0
        116824	2026-02-13 12:33:33	1	3	15	0
        116279	2026-02-13 12:33:48	1	3	15	0
        110085	2026-02-13 12:34:00	1	3	15	0
        116828	2026-02-13 12:34:34	1	3	1	0
        119340	2026-02-13 12:34:41	1	3	15	0
        116142	2026-02-13 12:34:45	1	3	15	0
        117091	2026-02-13 12:35:00	1	3	15	0
        118862	2026-02-13 12:35:02	1	3	15	0
        117542	2026-02-13 12:35:06	1	3	15	0
        118867	2026-02-13 12:35:09	1	3	15	0
        119282	2026-02-13 12:35:10	1	3	15	0
        117114	2026-02-13 12:35:13	1	3	15	0
        110413	2026-02-13 12:35:15	1	3	15	0
        117085	2026-02-13 12:36:23	1	3	15	0
        117147	2026-02-13 12:36:28	1	3	15	0
        110070	2026-02-13 12:36:49	1	3	15	0
        117337	2026-02-13 12:36:54	1	3	15	0
        116824	2026-02-13 12:37:07	1	3	15	0
        118455	2026-02-13 12:39:04	1	3	15	0
        119070	2026-02-13 12:39:06	1	3	15	0
        119227	2026-02-13 12:39:08	1	3	15	0
        117085	2026-02-13 12:39:11	1	3	15	0
        110083	2026-02-13 12:39:24	1	3	15	0
        110195	2026-02-13 12:39:52	1	3	15	0
        117147	2026-02-13 12:40:22	1	3	15	0
        118997	2026-02-13 12:42:13	1	3	15	0
        116346	2026-02-13 12:42:19	1	3	15	0
        110466	2026-02-13 12:44:11	1	3	15	0
        110077	2026-02-13 12:44:26	1	3	15	0
           538	2026-02-13 12:44:37	1	3	15	0
        117591	2026-02-13 12:45:24	1	3	15	0
        119070	2026-02-13 12:45:54	1	3	15	0
        118455	2026-02-13 12:45:56	1	3	15	0
        119227	2026-02-13 12:45:57	1	3	15	0
        118369	2026-02-13 12:46:40	1	3	15	0
        116356	2026-02-13 12:46:43	1	3	15	0
        117981	2026-02-13 12:46:45	1	3	15	0
        117061	2026-02-13 12:46:47	1	3	15	0
        116805	2026-02-13 12:46:48	1	3	15	0
        119143	2026-02-13 12:46:51	1	3	15	0
        117966	2026-02-13 12:46:53	1	3	15	0
        117838	2026-02-13 12:46:54	1	3	15	0
        117769	2026-02-13 12:46:56	1	3	15	0
        117259	2026-02-13 12:47:56	1	3	15	0
        110355	2026-02-13 12:48:25	1	3	15	0
        117591	2026-02-13 12:49:52	1	3	15	0
        117966	2026-02-13 12:49:56	1	3	15	0
        117769	2026-02-13 12:49:58	1	3	15	0
        117838	2026-02-13 12:50:00	1	3	15	0
        110032	2026-02-13 12:50:03	1	3	15	0
        117259	2026-02-13 12:50:35	1	3	15	0
        116828	2026-02-13 12:50:50	1	3	1	0
        116297	2026-02-13 12:51:13	1	3	15	0
        118207	2026-02-13 12:51:22	1	3	15	0
        117061	2026-02-13 12:51:28	1	3	15	0
        110195	2026-02-13 12:51:31	1	3	15	0
        116805	2026-02-13 12:51:36	1	3	15	0
        117770	2026-02-13 12:51:38	1	3	15	0
        118369	2026-02-13 12:51:39	1	3	15	0
        116356	2026-02-13 12:51:42	1	3	15	0
        117981	2026-02-13 12:51:46	1	3	15	0
        118917	2026-02-13 12:52:07	1	3	15	0
        110475	2026-02-13 12:52:28	1	3	15	0
        118207	2026-02-13 12:53:39	1	3	15	0
        110466	2026-02-13 12:53:56	1	3	15	0
        118584	2026-02-13 12:54:00	1	3	15	0
        119602	2026-02-13 12:54:12	1	3	15	0
        118503	2026-02-13 12:54:54	1	3	15	0
        110100	2026-02-13 12:56:54	1	3	15	0
        118584	2026-02-13 12:57:49	1	3	15	0
        118503	2026-02-13 12:58:33	1	3	15	0
        110100	2026-02-13 12:58:50	1	3	15	0
        119602	2026-02-13 12:59:38	1	3	15	0
        110193	2026-02-13 13:01:55	1	3	15	0
        110070	2026-02-13 14:37:08	1	3	15	0
        110094	2026-02-13 15:18:08	1	3	15	0
        117699	2026-02-13 15:18:22	1	3	15	0
        117815	2026-02-13 15:35:35	1	3	15	0
        117811	2026-02-13 15:37:34	1	3	15	0
        118157	2026-02-13 16:06:39	1	1	15	0
        110113	2026-02-13 16:10:54	1	1	15	0
        117645	2026-02-13 16:14:12	1	1	15	0
        118186	2026-02-13 16:23:00	1	1	15	0
        116512	2026-02-13 16:27:01	1	1	15	0
        116751	2026-02-13 16:27:07	1	1	15	0
        119475	2026-02-13 16:29:09	1	1	15	0
        117993	2026-02-13 16:29:38	1	1	15	0
        116748	2026-02-13 16:54:09	1	1	15	0
        110355	2026-02-13 17:00:06	1	1	15	0
        119070	2026-02-13 17:01:52	1	1	15	0
        110105	2026-02-13 17:01:56	1	1	15	0
        119453	2026-02-13 17:02:35	1	1	15	0
        118862	2026-02-13 17:03:05	1	1	15	0
        117840	2026-02-13 17:03:33	1	1	15	0
        110376	2026-02-13 17:04:17	1	1	15	0
        110377	2026-02-13 17:04:21	1	1	15	0
        116824	2026-02-13 17:05:19	1	1	15	0
        110457	2026-02-13 17:05:44	1	1	15	0
        117921	2026-02-13 17:05:51	1	1	15	0
        110356	2026-02-13 17:06:13	1	1	15	0
        110512	2026-02-13 17:06:16	1	1	15	0
        110514	2026-02-13 17:06:18	1	1	15	0
        110198	2026-02-13 17:06:23	1	1	15	0
        117642	2026-02-13 17:06:42	1	1	15	0
        117212	2026-02-13 17:06:45	1	1	15	0
        110193	2026-02-13 17:08:14	1	1	15	0
        118744	2026-02-13 17:08:25	1	1	15	0
        117733	2026-02-13 17:09:02	1	1	15	0
        117059	2026-02-13 17:09:09	1	1	15	0
        117692	2026-02-13 17:11:38	1	1	15	0
        116763	2026-02-13 17:13:35	1	1	15	0
        117111	2026-02-13 17:14:33	1	1	15	0
        116799	2026-02-13 17:14:52	1	1	15	0
        117201	2026-02-13 17:15:34	1	1	15	0
        117833	2026-02-13 17:16:51	1	1	15	0
        117983	2026-02-13 17:19:49	1	1	15	0
        118992	2026-02-13 17:20:08	1	1	15	0
        119594	2026-02-13 17:21:00	1	1	15	0
        118046	2026-02-13 17:21:23	1	1	15	0
        116252	2026-02-13 17:22:12	1	1	15	0
        117085	2026-02-13 17:22:31	1	1	15	0
        117147	2026-02-13 17:22:54	1	1	15	0
        110357	2026-02-13 17:23:41	1	1	15	0
        110466	2026-02-13 17:23:45	1	1	15	0
        116787	2026-02-13 17:23:53	1	1	15	0
        110372	2026-02-13 17:23:58	1	1	15	0
        119104	2026-02-13 17:24:04	1	1	15	0
        110093	2026-02-13 17:24:37	1	1	15	0
        110076	2026-02-13 17:24:56	1	1	15	0
        117997	2026-02-13 17:25:13	1	1	15	0
        119272	2026-02-13 17:25:17	1	1	15	0
        118455	2026-02-13 17:25:26	1	1	15	0
        117716	2026-02-13 17:25:36	1	1	15	0
        117700	2026-02-13 17:25:59	1	1	15	0
        110513	2026-02-13 17:26:17	1	1	15	0
        117680	2026-02-13 17:27:06	1	1	15	0
        110378	2026-02-13 17:27:55	1	1	15	0
        110053	2026-02-13 17:28:00	1	1	15	0
        117189	2026-02-13 17:28:35	1	1	15	0
        117528	2026-02-13 17:28:48	1	1	15	0
        110011	2026-02-13 17:28:55	1	1	15	0
        110050	2026-02-13 17:29:00	1	1	15	0
        116472	2026-02-13 17:29:10	1	1	15	0
        116828	2026-02-13 17:29:14	1	1	1	0
        110354	2026-02-13 17:29:24	1	1	15	0
        117103	2026-02-13 17:29:32	1	1	15	0
        110485	2026-02-13 17:29:43	1	1	15	0
        118563	2026-02-13 17:29:57	1	1	15	0
        117998	2026-02-13 17:30:17	1	1	15	0
        110006	2026-02-13 17:30:44	1	1	15	0
        119386	2026-02-13 17:30:50	1	1	15	0
        117972	2026-02-13 17:30:59	1	1	15	0
        119143	2026-02-13 17:31:03	1	1	15	0
        117817	2026-02-13 17:31:13	1	1	15	0
        119493	2026-02-13 17:31:41	1	1	15	0
        118271	2026-02-13 17:31:50	1	1	15	0
        118207	2026-02-13 17:31:56	1	1	15	0
        116274	2026-02-13 17:32:43	1	1	15	0
        118580	2026-02-13 17:33:09	1	1	15	0
        110195	2026-02-13 17:33:47	1	1	15	0
        110085	2026-02-13 17:34:20	1	1	15	0
        118458	2026-02-13 17:34:55	1	1	15	0
        117043	2026-02-13 17:35:10	1	1	15	0
        110084	2026-02-13 17:36:12	1	1	15	0
        117920	2026-02-13 17:36:31	1	1	15	0
        117850	2026-02-13 17:36:34	1	1	15	0
        117591	2026-02-13 17:36:41	1	1	15	0
        116072	2026-02-13 17:37:01	1	1	15	0
        117924	2026-02-13 17:37:04	1	1	15	0
        110475	2026-02-13 17:37:40	1	1	15	0
        110473	2026-02-13 17:37:49	1	1	15	0
        117969	2026-02-13 17:38:22	1	1	15	0
        116356	2026-02-13 17:38:24	1	1	15	0
        118971	2026-02-13 17:38:35	1	1	15	0
        117630	2026-02-13 17:38:38	1	1	15	0
        110088	2026-02-13 17:39:09	1	1	15	0
        117616	2026-02-13 17:39:25	1	1	15	0
        117707	2026-02-13 17:39:56	1	1	15	0
        116477	2026-02-13 17:40:00	1	1	15	0
        117121	2026-02-13 17:40:34	1	1	15	0
        119006	2026-02-13 17:43:36	1	1	15	0
        119157	2026-02-13 17:43:38	1	1	15	0
        116504	2026-02-13 17:44:26	1	1	15	0
        118221	2026-02-13 17:44:44	1	1	15	0
        118568	2026-02-13 17:45:08	1	1	15	0
        117222	2026-02-13 17:48:06	1	1	15	0
        116346	2026-02-13 17:50:29	1	1	15	0
        117120	2026-02-13 17:50:56	1	1	15	0
        117839	2026-02-13 17:52:02	1	1	15	0
        116960	2026-02-13 17:54:08	1	1	15	0
        110492	2026-02-13 17:56:43	1	1	15	0
        119227	2026-02-13 17:57:56	1	1	15	0
        110172	2026-02-13 17:58:05	1	1	15	0
        116279	2026-02-13 17:58:09	1	1	15	0
        119594	2026-02-13 17:59:03	1	1	15	0
        117543	2026-02-13 17:59:33	1	1	15	0
        110051	2026-02-13 17:59:44	1	1	15	0
        117122	2026-02-13 18:01:04	1	1	15	0
        116849	2026-02-13 18:01:11	1	1	15	0
        117144	2026-02-13 18:01:20	1	1	15	0
        117567	2026-02-13 18:01:36	1	1	15	0
        117529	2026-02-13 18:02:24	1	1	15	0
        117114	2026-02-13 18:03:01	1	1	15	0
        110413	2026-02-13 18:03:33	1	1	15	0
        117541	2026-02-13 18:03:41	1	1	15	0
        116069	2026-02-13 18:03:42	1	1	15	0
        119594	2026-02-13 18:03:45	1	1	15	0
        117837	2026-02-13 18:03:48	1	1	15	0
        119535	2026-02-13 18:03:55	1	1	15	0
        117337	2026-02-13 18:04:45	1	1	15	0
        118695	2026-02-13 18:04:50	1	1	15	0
        116805	2026-02-13 18:05:30	1	1	15	0
        117061	2026-02-13 18:05:32	1	1	15	0
        116497	2026-02-13 18:05:34	1	1	15	0
        117807	2026-02-13 18:05:36	1	1	15	0
        117259	2026-02-13 18:06:40	1	1	15	0
        119107	2026-02-13 18:08:15	1	1	15	0
        110083	2026-02-13 18:08:49	1	1	15	0
        118369	2026-02-13 18:11:46	1	1	15	0
        117981	2026-02-13 18:11:49	1	1	15	0
        117091	2026-02-13 18:16:55	1	1	15	0
        117835	2026-02-13 18:20:25	1	1	15	0
        110090	2026-02-13 18:22:41	1	1	15	0
        117270	2026-02-13 18:30:02	1	1	15	0
        110025	2026-02-13 18:34:08	1	1	15	0
        118917	2026-02-13 18:40:50	1	1	15	0
        119602	2026-02-13 18:43:19	1	1	15	0
        110032	2026-02-13 18:50:01	1	1	15	0
        119263	2026-02-13 19:01:47	1	1	15	0
        110128	2026-02-13 19:05:12	1	1	15	0
        119449	2026-02-13 19:07:34	1	1	15	0
        110075	2026-02-13 19:13:43	1	1	15	0
        110116	2026-02-13 19:31:07	1	1	15	0
        116483	2026-02-13 19:39:17	1	1	15	0
        110077	2026-02-13 19:42:25	1	1	15	0
        110063	2026-02-13 20:35:08	1	1	15	0
        119364	2026-02-13 21:58:34	1	1	15	0
        110057	2026-02-13 21:58:37	1	1	15	0
        110084	2026-02-14 07:03:35	1	0	15	0
        118580	2026-02-14 08:00:28	1	0	15	0
        118580	2026-02-14 12:01:41	1	2	15	0
        116746	2026-02-14 12:21:09	1	2	15	0
        110084	2026-02-14 12:30:17	1	3	15	0
        110084	2026-02-14 12:31:28	1	3	15	0
        118580	2026-02-14 12:58:58	1	3	15	0
        119493	2026-02-14 14:26:32	1	3	15	0
        110075	2026-02-14 15:07:00	1	3	15	0
        118580	2026-02-14 17:09:19	1	1	15	0
        110084	2026-02-14 17:09:22	1	1	15	0
        119493	2026-02-14 17:17:25	1	1	15	0
        110075	2026-02-14 18:07:53	1	1	15	0
        117201	2026-02-16 04:37:17	1	0	15	0
        110051	2026-02-16 05:45:58	1	0	15	0
        117835	2026-02-16 06:05:35	1	0	15	0
        110144	2026-02-16 06:07:20	1	0	15	0
        117983	2026-02-16 06:08:28	1	0	15	0
        116834	2026-02-16 06:19:55	1	0	15	0
        116914	2026-02-16 06:34:14	1	0	15	0
        119070	2026-02-16 06:34:54	1	0	15	0
        116551	2026-02-16 06:36:56	1	0	15	0
        116835	2026-02-16 06:43:00	1	0	15	0
        117699	2026-02-16 06:48:49	1	0	15	0
        117591	2026-02-16 06:53:33	1	0	15	0
        110074	2026-02-16 06:56:47	1	0	15	0
        116831	2026-02-16 06:56:51	1	0	15	0
        118992	2026-02-16 07:01:25	1	0	15	0
        117838	2026-02-16 07:01:29	1	0	1	0
        116479	2026-02-16 07:06:26	1	0	15	0
        110466	2026-02-16 07:08:05	1	0	15	0
        117769	2026-02-16 07:10:10	1	0	15	0
        110088	2026-02-16 07:10:42	1	0	15	0
        118997	2026-02-16 07:11:16	1	0	15	0
        116902	2026-02-16 07:13:55	1	0	15	0
        116428	2026-02-16 07:13:58	1	0	15	0
        117059	2026-02-16 07:14:55	1	0	15	0
        110090	2026-02-16 07:15:20	1	0	15	0
        117770	2026-02-16 07:15:45	1	0	15	0
        110527	2026-02-16 07:16:15	1	0	15	0
        110085	2026-02-16 07:16:57	1	0	15	0
        110113	2026-02-16 07:16:59	1	0	15	0
        110006	2026-02-16 07:18:21	1	0	15	0
        118732	2026-02-16 07:18:28	1	0	15	0
        119475	2026-02-16 07:20:04	1	0	15	0
        110535	2026-02-16 07:21:03	1	0	15	0
        110512	2026-02-16 07:21:59	1	0	15	0
        118640	2026-02-16 07:22:05	1	0	15	0
        110358	2026-02-16 07:22:13	1	0	15	0
        110084	2026-02-16 07:22:34	1	0	15	0
        117528	2026-02-16 07:22:52	1	0	15	0
        119365	2026-02-16 07:23:55	1	0	15	0
        116346	2026-02-16 07:24:07	1	0	15	0
        110424	2026-02-16 07:25:37	1	0	15	0
        117133	2026-02-16 07:26:00	1	0	15	0
        117814	2026-02-16 07:26:51	1	0	15	0
        116828	2026-02-16 07:27:06	1	0	1	0
        119272	2026-02-16 07:27:44	1	0	15	0
        110063	2026-02-16 07:28:39	1	0	15	0
        118568	2026-02-16 07:29:07	1	0	15	0
        117972	2026-02-16 07:29:31	1	0	15	0
        117103	2026-02-16 07:29:55	1	0	15	0
        118043	2026-02-16 07:30:04	1	0	15	0
        117122	2026-02-16 07:30:10	1	0	15	0
        116996	2026-02-16 07:31:28	1	0	15	0
        110011	2026-02-16 07:31:38	1	0	15	0
        117683	2026-02-16 07:31:40	1	0	15	0
        110193	2026-02-16 07:32:25	1	0	15	0
        118157	2026-02-16 07:32:32	1	0	15	0
        117709	2026-02-16 07:33:26	1	0	15	0
        110198	2026-02-16 07:33:42	1	0	15	0
        118695	2026-02-16 07:33:48	1	0	15	0
        116274	2026-02-16 07:33:56	1	0	15	0
        116426	2026-02-16 07:34:07	1	0	15	0
        117982	2026-02-16 07:34:17	1	0	15	0
        117707	2026-02-16 07:35:02	1	0	15	0
        119232	2026-02-16 07:35:28	1	0	15	0
        119364	2026-02-16 07:35:52	1	0	15	0
        117541	2026-02-16 07:35:54	1	0	15	0
        110357	2026-02-16 07:35:57	1	0	15	0
        110514	2026-02-16 07:36:22	1	0	15	0
        118369	2026-02-16 07:36:45	1	0	15	0
        117085	2026-02-16 07:36:48	1	0	15	0
        117634	2026-02-16 07:36:50	1	0	15	0
        117915	2026-02-16 07:36:53	1	0	15	0
        117850	2026-02-16 07:37:06	1	0	15	0
        119453	2026-02-16 07:37:26	1	0	15	0
        110032	2026-02-16 07:37:33	1	0	15	0
        117212	2026-02-16 07:37:50	1	0	15	0
        116422	2026-02-16 07:38:51	1	0	15	0
        117680	2026-02-16 07:38:54	1	0	15	0
        118971	2026-02-16 07:39:04	1	0	15	0
        117839	2026-02-16 07:39:06	1	0	15	0
           538	2026-02-16 07:39:07	1	0	15	0
        118744	2026-02-16 07:39:11	1	0	15	0
        116483	2026-02-16 07:39:22	1	0	15	0
        110457	2026-02-16 07:39:26	1	0	15	0
        116252	2026-02-16 07:39:33	1	0	15	0
        117742	2026-02-16 07:39:38	1	0	15	0
        116497	2026-02-16 07:39:51	1	0	15	0
        116763	2026-02-16 07:40:44	1	0	15	0
        117966	2026-02-16 07:41:01	1	0	15	0
        117993	2026-02-16 07:41:12	1	0	15	0
        117639	2026-02-16 07:41:26	1	0	15	0
        118563	2026-02-16 07:41:30	1	0	15	0
        117114	2026-02-16 07:41:41	1	0	15	0
        118829	2026-02-16 07:41:48	1	0	15	0
        116104	2026-02-16 07:42:09	1	0	15	0
        110492	2026-02-16 07:42:46	1	0	15	0
        110053	2026-02-16 07:43:22	1	0	15	0
        119594	2026-02-16 07:43:33	1	0	15	0
        110083	2026-02-16 07:43:41	1	0	15	0
        116356	2026-02-16 07:44:23	1	0	15	0
        117817	2026-02-16 07:44:33	1	0	15	0
        117088	2026-02-16 07:44:42	1	0	15	0
        110473	2026-02-16 07:44:48	1	0	15	0
        117724	2026-02-16 07:45:13	1	0	15	0
        117616	2026-02-16 07:45:24	1	0	15	0
        110100	2026-02-16 07:45:28	1	0	15	0
        118046	2026-02-16 07:45:40	1	0	15	0
        119143	2026-02-16 07:46:37	1	0	15	0
        116778	2026-02-16 07:46:54	1	0	15	0
        116142	2026-02-16 07:47:00	1	0	15	0
        117189	2026-02-16 07:47:40	1	0	15	0
        117733	2026-02-16 07:47:48	1	0	15	0
        117930	2026-02-16 07:47:53	1	0	15	0
        116995	2026-02-16 07:48:21	1	0	15	0
        110418	2026-02-16 07:48:32	1	0	15	0
        117219	2026-02-16 07:48:35	1	0	15	0
        116493	2026-02-16 07:48:49	1	0	15	0
        117999	2026-02-16 07:48:51	1	0	15	0
        110128	2026-02-16 07:48:54	1	0	15	0
        110377	2026-02-16 07:49:13	1	0	15	0
        110360	2026-02-16 07:49:20	1	0	15	0
        116129	2026-02-16 07:49:51	1	0	15	0
        117270	2026-02-16 07:49:57	1	0	15	0
        117716	2026-02-16 07:50:16	1	0	15	0
        118221	2026-02-16 07:50:44	1	0	15	0
        117700	2026-02-16 07:50:49	1	0	15	0
        117998	2026-02-16 07:51:13	1	0	15	0
        110065	2026-02-16 07:51:21	1	0	15	0
        110507	2026-02-16 07:51:32	1	0	15	0
        116512	2026-02-16 07:51:54	1	0	15	0
        116751	2026-02-16 07:51:56	1	0	15	0
        119340	2026-02-16 07:52:02	1	0	15	0
        117807	2026-02-16 07:52:08	1	0	15	0
        117840	2026-02-16 07:52:11	1	0	15	0
        118458	2026-02-16 07:52:33	1	0	15	0
        116297	2026-02-16 07:52:42	1	0	15	0
        119104	2026-02-16 07:52:49	1	0	15	0
        117811	2026-02-16 07:52:54	1	0	15	0
        117043	2026-02-16 07:53:02	1	0	15	0
        116142	2026-02-16 07:53:34	1	0	15	0
        116279	2026-02-16 07:53:46	1	0	15	0
        117841	2026-02-16 07:54:00	1	0	15	0
        110376	2026-02-16 07:54:16	1	0	15	0
        117259	2026-02-16 07:54:20	1	0	15	0
        117595	2026-02-16 07:54:23	1	0	15	0
        116282	2026-02-16 07:54:34	1	0	15	0
        116748	2026-02-16 07:54:35	1	0	15	0
        117837	2026-02-16 07:54:53	1	0	15	0
        116504	2026-02-16 07:54:56	1	0	15	0
        119282	2026-02-16 07:55:04	1	0	15	0
        117786	2026-02-16 07:55:15	1	0	15	0
        118862	2026-02-16 07:55:48	1	0	15	0
        117144	2026-02-16 07:56:20	1	0	15	0
        117483	2026-02-16 07:56:22	1	0	15	0
        118271	2026-02-16 07:56:37	1	0	15	0
        110413	2026-02-16 07:56:48	1	0	15	0
        117921	2026-02-16 07:56:54	1	0	15	0
        117542	2026-02-16 07:56:59	1	0	15	0
        117543	2026-02-16 07:57:22	1	0	15	0
        117120	2026-02-16 07:57:38	1	0	15	0
        117812	2026-02-16 07:59:29	1	0	15	0
        110200	2026-02-16 07:59:51	1	0	15	0
        116383	2026-02-16 08:00:44	1	0	15	0
        116337	2026-02-16 08:00:46	1	0	15	0
        117061	2026-02-16 08:00:54	1	0	15	0
        117222	2026-02-16 08:00:57	1	0	15	0
        110355	2026-02-16 08:01:00	1	0	15	0
        117849	2026-02-16 08:01:02	1	0	15	0
        110356	2026-02-16 08:01:04	1	0	15	0
        117926	2026-02-16 08:01:54	1	0	15	0
        110158	2026-02-16 08:02:29	1	0	15	0
        117920	2026-02-16 08:02:35	1	0	15	0
        118867	2026-02-16 08:05:38	1	0	15	0
        119535	2026-02-16 08:05:43	1	0	15	0
        117156	2026-02-16 08:05:47	1	0	15	0
        117080	2026-02-16 08:05:49	1	0	15	0
        118186	2026-02-16 08:06:10	1	0	15	0
        116483	2026-02-16 08:07:12	1	0	15	0
        117529	2026-02-16 08:07:30	1	0	15	0
        110076	2026-02-16 08:07:40	1	0	15	0
        116805	2026-02-16 08:08:41	1	0	15	0
        110070	2026-02-16 08:08:59	1	0	15	0
        110050	2026-02-16 08:09:59	1	0	15	0
        118753	2026-02-16 08:10:03	1	0	15	0
        116070	2026-02-16 08:10:58	1	0	1	0
        117269	2026-02-16 08:11:04	1	0	15	0
        110197	2026-02-16 08:11:07	1	0	15	0
        110513	2026-02-16 08:12:07	1	0	15	0
        118761	2026-02-16 08:13:14	1	0	15	0
        110105	2026-02-16 08:13:23	1	0	15	0
        110172	2026-02-16 08:13:48	1	0	15	0
        116069	2026-02-16 08:16:33	1	0	15	0
        117113	2026-02-16 08:16:52	1	0	15	0
        117692	2026-02-16 08:16:55	1	0	15	0
        117644	2026-02-16 08:18:23	1	0	15	0
        117630	2026-02-16 08:18:33	1	0	15	0
        116933	2026-02-16 08:20:15	1	0	15	0
        118207	2026-02-16 08:20:44	1	0	15	0
        118180	2026-02-16 08:22:29	1	0	15	0
        118928	2026-02-16 08:23:27	1	0	15	0
        118917	2026-02-16 08:26:44	1	0	15	0
        116472	2026-02-16 08:27:07	1	0	15	0
        110062	2026-02-16 08:27:22	1	0	15	0
        118953	2026-02-16 08:30:11	1	0	15	0
        119386	2026-02-16 08:30:36	1	0	15	0
        117642	2026-02-16 08:30:43	1	0	15	0
        116824	2026-02-16 08:30:47	1	0	15	0
        117645	2026-02-16 08:31:33	1	0	15	0
        110485	2026-02-16 08:32:11	1	0	15	0
        116477	2026-02-16 08:34:52	1	0	15	0
        117497	2026-02-16 08:37:44	1	0	15	0
        110077	2026-02-16 08:39:18	1	0	15	0
        116849	2026-02-16 08:42:11	1	0	15	0
        118584	2026-02-16 08:44:38	1	0	15	0
        110354	2026-02-16 08:45:09	1	0	15	0
        110055	2026-02-16 08:47:56	1	0	15	0
        119493	2026-02-16 08:48:37	1	0	15	0
        117575	2026-02-16 08:53:20	1	0	15	0
        117711	2026-02-16 08:56:31	1	0	15	0
        110495	2026-02-16 08:57:24	1	0	15	0
        117815	2026-02-16 08:58:38	1	0	15	0
        117111	2026-02-16 09:01:33	1	0	15	0
        118503	2026-02-16 09:17:27	1	0	15	0
        116453	2026-02-16 09:26:04	1	0	15	0
        117981	2026-02-16 10:11:31	1	0	15	0
            13	2026-02-16 10:55:19	1	0	15	0
        119594	2026-02-16 12:00:23	1	2	15	0
        117541	2026-02-16 12:00:30	1	2	15	0
        118971	2026-02-16 12:00:33	1	2	15	0
        110357	2026-02-16 12:00:36	1	2	15	0
        110495	2026-02-16 12:00:42	1	2	15	0
        116763	2026-02-16 12:01:09	1	2	15	0
        110418	2026-02-16 12:01:12	1	2	15	0
        110424	2026-02-16 12:01:16	1	2	15	0
        119594	2026-02-16 12:01:29	1	2	15	0
        117080	2026-02-16 12:01:33	1	2	15	0
        117972	2026-02-16 12:01:37	1	2	15	0
        110513	2026-02-16 12:01:41	1	2	15	0
        110514	2026-02-16 12:01:48	1	2	15	0
        117817	2026-02-16 12:01:53	1	2	15	0
        116477	2026-02-16 12:02:06	1	2	15	0
        117212	2026-02-16 12:02:19	1	2	15	0
        110113	2026-02-16 12:02:31	1	2	15	0
        118563	2026-02-16 12:02:35	1	2	15	0
        117926	2026-02-16 12:02:40	1	2	15	0
        116472	2026-02-16 12:02:50	1	2	15	0
        110172	2026-02-16 12:02:54	1	2	15	0
        117541	2026-02-16 12:03:05	1	2	15	0
        110063	2026-02-16 12:03:10	1	2	15	0
        110128	2026-02-16 12:03:15	1	2	15	0
        116828	2026-02-16 12:03:18	1	2	1	0
        119282	2026-02-16 12:03:25	1	2	15	0
        118640	2026-02-16 12:03:27	1	2	15	0
        118953	2026-02-16 12:03:29	1	2	15	0
        110357	2026-02-16 12:03:32	1	2	15	0
        110512	2026-02-16 12:03:35	1	2	15	0
        110354	2026-02-16 12:03:37	1	2	15	0
        117812	2026-02-16 12:03:39	1	2	15	0
        117838	2026-02-16 12:03:40	1	2	15	0
        117769	2026-02-16 12:03:42	1	2	15	0
        119535	2026-02-16 12:03:43	1	2	15	0
        117966	2026-02-16 12:03:46	1	2	15	0
        117644	2026-02-16 12:03:48	1	2	15	0
        110535	2026-02-16 12:03:50	1	2	15	0
        110200	2026-02-16 12:03:54	1	2	15	0
        117724	2026-02-16 12:03:56	1	2	15	0
        110495	2026-02-16 12:03:58	1	2	15	0
        117814	2026-02-16 12:04:00	1	2	15	0
        117983	2026-02-16 12:04:01	1	2	15	0
        118043	2026-02-16 12:04:03	1	2	15	0
        118829	2026-02-16 12:04:04	1	2	15	0
        110053	2026-02-16 12:04:07	1	2	15	0
        119453	2026-02-16 12:04:09	1	2	15	0
        110088	2026-02-16 12:04:12	1	2	15	0
        117707	2026-02-16 12:04:14	1	2	15	0
        117144	2026-02-16 12:04:15	1	2	15	0
        117497	2026-02-16 12:04:17	1	2	15	0
        117680	2026-02-16 12:04:19	1	2	15	0
        110418	2026-02-16 12:04:21	1	2	15	0
        116763	2026-02-16 12:04:25	1	2	15	0
        110424	2026-02-16 12:04:27	1	2	15	0
        118917	2026-02-16 12:04:29	1	2	15	0
        118458	2026-02-16 12:04:31	1	2	15	0
        117080	2026-02-16 12:04:34	1	2	15	0
        117529	2026-02-16 12:04:37	1	2	15	0
        118744	2026-02-16 12:04:39	1	2	15	0
        117817	2026-02-16 12:04:46	1	2	15	0
        118971	2026-02-16 12:04:47	1	2	15	0
        116426	2026-02-16 12:05:00	1	2	15	0
        110198	2026-02-16 12:05:04	1	2	15	0
        110090	2026-02-16 12:05:06	1	2	15	0
        117088	2026-02-16 12:05:09	1	2	15	0
        116914	2026-02-16 12:05:16	1	2	15	0
        118695	2026-02-16 12:05:18	1	2	15	0
        110473	2026-02-16 12:05:20	1	2	15	0
        117111	2026-02-16 12:05:22	1	2	15	0
        116902	2026-02-16 12:05:31	1	2	1	0
        117100	2026-02-16 12:05:37	1	2	15	0
        116824	2026-02-16 12:05:42	1	2	15	0
        117930	2026-02-16 12:05:44	1	2	15	0
        119493	2026-02-16 12:05:48	1	2	15	0
        117201	2026-02-16 12:05:50	1	2	15	0
        116477	2026-02-16 12:05:56	1	2	15	0
        116252	2026-02-16 12:06:00	1	2	15	0
        117644	2026-02-16 12:06:04	1	2	15	0
        116346	2026-02-16 12:06:09	1	2	15	0
        117807	2026-02-16 12:06:12	1	2	15	0
        116070	2026-02-16 12:06:15	1	2	15	0
        117770	2026-02-16 12:06:16	1	2	15	0
        117742	2026-02-16 12:06:17	1	2	15	0
        116995	2026-02-16 12:06:20	1	2	15	0
        116069	2026-02-16 12:06:22	1	2	15	0
        116497	2026-02-16 12:06:25	1	2	15	0
        110457	2026-02-16 12:06:27	1	2	15	0
        117259	2026-02-16 12:06:29	1	2	15	0
        117270	2026-02-16 12:06:33	1	2	15	0
        116748	2026-02-16 12:06:36	1	2	15	0
        117993	2026-02-16 12:06:38	1	2	15	0
        110377	2026-02-16 12:06:41	1	2	15	0
        110376	2026-02-16 12:06:47	1	2	15	0
        117189	2026-02-16 12:06:52	1	2	15	0
        110200	2026-02-16 12:07:03	1	2	15	0
        110512	2026-02-16 12:07:06	1	2	15	0
        110077	2026-02-16 12:07:18	1	2	15	0
        110158	2026-02-16 12:07:28	1	2	15	0
        110527	2026-02-16 12:07:32	1	2	15	0
        117542	2026-02-16 12:07:35	1	2	15	0
        110090	2026-02-16 12:07:37	1	2	15	0
        117926	2026-02-16 12:07:42	1	2	15	0
        110074	2026-02-16 12:07:46	1	2	15	0
        110076	2026-02-16 12:07:48	1	2	15	0
        117711	2026-02-16 12:07:50	1	2	15	0
        118953	2026-02-16 12:07:53	1	2	15	0
        117814	2026-02-16 12:07:55	1	2	15	0
        118761	2026-02-16 12:08:05	1	2	15	0
        116279	2026-02-16 12:08:12	1	2	15	0
        119282	2026-02-16 12:08:14	1	2	15	0
        117983	2026-02-16 12:08:17	1	2	15	0
        116831	2026-02-16 12:08:19	1	2	15	0
        116297	2026-02-16 12:08:21	1	2	15	0
        118829	2026-02-16 12:08:24	1	2	15	0
        110113	2026-02-16 12:08:26	1	2	15	0
        117543	2026-02-16 12:08:29	1	2	15	0
        116914	2026-02-16 12:08:37	1	2	15	0
        116428	2026-02-16 12:08:41	1	2	15	0
        117120	2026-02-16 12:08:43	1	2	15	0
        118695	2026-02-16 12:08:45	1	2	15	0
        118917	2026-02-16 12:08:46	1	2	15	0
        117111	2026-02-16 12:08:50	1	2	15	0
        116902	2026-02-16 12:08:55	1	2	1	0
        117100	2026-02-16 12:09:01	1	2	15	0
        117812	2026-02-16 12:09:04	1	2	15	0
        110197	2026-02-16 12:09:08	1	2	15	0
        116426	2026-02-16 12:09:10	1	2	15	0
        116824	2026-02-16 12:09:14	1	2	15	0
        118046	2026-02-16 12:09:18	1	2	15	0
        110172	2026-02-16 12:09:52	1	2	15	0
        117841	2026-02-16 12:09:56	1	2	15	0
        117811	2026-02-16 12:09:57	1	2	15	0
        117840	2026-02-16 12:09:58	1	2	15	0
        117645	2026-02-16 12:10:00	1	2	15	0
        117839	2026-02-16 12:10:02	1	2	15	0
        110076	2026-02-16 12:10:06	1	2	15	0
        118563	2026-02-16 12:10:08	1	2	15	0
        117043	2026-02-16 12:10:12	1	2	15	0
        110535	2026-02-16 12:10:16	1	2	15	0
        110473	2026-02-16 12:10:17	1	2	15	0
        117993	2026-02-16 12:10:19	1	2	15	0
        117930	2026-02-16 12:10:23	1	2	15	0
        118744	2026-02-16 12:10:29	1	2	15	0
        116453	2026-02-16 12:10:31	1	2	15	0
        118458	2026-02-16 12:10:33	1	2	15	0
        117113	2026-02-16 12:10:39	1	2	15	0
        110074	2026-02-16 12:10:40	1	2	15	0
        116497	2026-02-16 12:10:44	1	2	15	0
        117259	2026-02-16 12:10:46	1	2	15	0
        110457	2026-02-16 12:10:49	1	2	15	0
        116346	2026-02-16 12:10:50	1	2	15	0
        117966	2026-02-16 12:10:52	1	2	15	0
        117769	2026-02-16 12:10:56	1	2	15	0
        117838	2026-02-16 12:10:59	1	2	15	0
        110507	2026-02-16 12:11:03	1	2	15	0
        110492	2026-02-16 12:11:08	1	2	15	0
        117998	2026-02-16 12:11:09	1	2	15	0
        110090	2026-02-16 12:11:17	1	2	15	0
        110063	2026-02-16 12:11:37	1	2	15	0
        110354	2026-02-16 12:11:47	1	2	15	0
        117088	2026-02-16 12:11:54	1	2	15	0
        110377	2026-02-16 12:12:04	1	2	15	0
        110376	2026-02-16 12:12:06	1	2	15	0
        117222	2026-02-16 12:12:08	1	2	15	0
        117120	2026-02-16 12:12:15	1	2	15	0
        117616	2026-02-16 12:12:17	1	2	15	0
        117711	2026-02-16 12:12:20	1	2	15	0
        119535	2026-02-16 12:12:24	1	2	15	0
        117144	2026-02-16 12:12:26	1	2	15	0
        117114	2026-02-16 12:12:34	1	2	15	0
        117059	2026-02-16 12:12:38	1	2	15	0
        117815	2026-02-16 12:12:41	1	2	15	0
        117700	2026-02-16 12:12:53	1	2	15	0
        117122	2026-02-16 12:13:12	1	2	15	0
        119453	2026-02-16 12:13:47	1	2	15	0
        117786	2026-02-16 12:13:54	1	2	15	0
        117497	2026-02-16 12:13:56	1	2	15	0
        117189	2026-02-16 12:14:08	1	2	15	0
        117201	2026-02-16 12:14:47	1	2	15	0
        117543	2026-02-16 12:15:05	1	2	15	0
        110492	2026-02-16 12:15:08	1	2	15	0
        116297	2026-02-16 12:15:15	1	2	15	0
        116252	2026-02-16 12:15:18	1	2	15	0
        119493	2026-02-16 12:15:19	1	2	15	0
        117982	2026-02-16 12:15:25	1	2	15	0
        117921	2026-02-16 12:15:28	1	2	15	0
        116996	2026-02-16 12:15:30	1	2	15	0
        117692	2026-02-16 12:15:32	1	2	15	0
        117733	2026-02-16 12:16:14	1	2	15	0
        117103	2026-02-16 12:16:17	1	2	15	0
        117680	2026-02-16 12:16:20	1	2	15	0
        118867	2026-02-16 12:16:29	1	2	15	0
        117815	2026-02-16 12:17:06	1	2	15	0
        118761	2026-02-16 12:17:13	1	2	15	0
        116428	2026-02-16 12:17:40	1	2	15	0
        116383	2026-02-16 12:18:19	1	2	15	0
        116504	2026-02-16 12:18:26	1	2	15	0
        119272	2026-02-16 12:18:48	1	2	15	0
        116831	2026-02-16 12:18:53	1	2	15	0
        118753	2026-02-16 12:18:58	1	2	15	0
        118046	2026-02-16 12:19:06	1	2	15	0
        117837	2026-02-16 12:19:10	1	2	15	0
        117222	2026-02-16 12:19:12	1	2	15	0
        118180	2026-02-16 12:19:14	1	2	15	0
        110055	2026-02-16 12:19:27	1	2	15	0
        117103	2026-02-16 12:19:44	1	2	15	0
        116383	2026-02-16 12:19:51	1	2	15	0
        117998	2026-02-16 12:19:53	1	2	15	0
        117733	2026-02-16 12:19:55	1	2	15	0
        118753	2026-02-16 12:20:13	1	2	15	0
        118867	2026-02-16 12:20:19	1	2	15	0
        117981	2026-02-16 12:20:24	1	2	15	0
        117061	2026-02-16 12:20:25	1	2	15	0
        117692	2026-02-16 12:20:37	1	2	15	0
        117921	2026-02-16 12:20:42	1	2	15	0
        117982	2026-02-16 12:20:44	1	2	15	0
        110088	2026-02-16 12:20:55	1	2	15	0
        117616	2026-02-16 12:20:59	1	2	15	0
        110077	2026-02-16 12:21:02	1	2	15	0
           538	2026-02-16 12:21:38	1	2	15	0
        116996	2026-02-16 12:21:53	1	2	15	0
        117999	2026-02-16 12:22:07	1	2	15	0
        118640	2026-02-16 12:22:13	1	2	15	0
        110413	2026-02-16 12:22:15	1	2	15	0
        116453	2026-02-16 12:22:31	1	2	15	0
        117529	2026-02-16 12:22:43	1	2	15	0
        117270	2026-02-16 12:23:46	1	2	15	0
        118992	2026-02-16 12:23:54	1	2	15	0
        117061	2026-02-16 12:23:55	1	2	15	0
        117981	2026-02-16 12:23:57	1	2	15	0
        118180	2026-02-16 12:24:35	1	2	15	0
        116504	2026-02-16 12:24:45	1	2	15	0
        119272	2026-02-16 12:25:05	1	2	15	0
        117850	2026-02-16 12:25:36	1	2	15	0
        117920	2026-02-16 12:25:40	1	2	15	0
        116142	2026-02-16 12:25:44	1	2	15	0
        116070	2026-02-16 12:25:46	1	2	15	0
        117770	2026-02-16 12:25:48	1	2	15	0
        116995	2026-02-16 12:26:07	1	2	15	0
        117807	2026-02-16 12:26:25	1	2	15	0
        116069	2026-02-16 12:26:28	1	2	15	0
        117642	2026-02-16 12:26:35	1	2	15	0
        117837	2026-02-16 12:27:12	1	2	15	0
        117156	2026-02-16 12:27:53	1	2	15	0
        110355	2026-02-16 12:28:05	1	2	15	0
        110356	2026-02-16 12:28:06	1	2	15	0
        117699	2026-02-16 12:28:19	1	2	15	0
        110360	2026-02-16 12:28:24	1	2	15	0
        119386	2026-02-16 12:28:30	1	2	15	0
        116778	2026-02-16 12:28:32	1	2	15	0
        117999	2026-02-16 12:28:39	1	2	15	0
        110413	2026-02-16 12:28:44	1	2	15	0
        117639	2026-02-16 12:29:50	1	2	15	0
        117269	2026-02-16 12:29:52	1	2	15	0
        110032	2026-02-16 12:30:01	1	2	15	0
        117642	2026-02-16 12:30:04	1	2	15	0
        117716	2026-02-16 12:30:06	1	2	15	0
        117707	2026-02-16 12:30:10	1	2	15	0
        116778	2026-02-16 12:30:34	1	2	15	0
        110128	2026-02-16 12:31:07	1	2	15	0
        117700	2026-02-16 12:31:14	1	2	15	0
        110466	2026-02-16 12:31:16	1	2	15	0
        116274	2026-02-16 12:31:21	1	2	15	0
        116835	2026-02-16 12:31:25	1	2	15	0
        110372	2026-02-16 12:31:29	1	2	15	0
        118732	2026-02-16 12:31:40	1	2	15	0
        118271	2026-02-16 12:31:45	1	2	15	0
        117122	2026-02-16 12:31:49	1	2	15	0
        110070	2026-02-16 12:31:51	1	2	15	0
        119386	2026-02-16 12:31:53	1	2	15	0
        118992	2026-02-16 12:32:21	1	2	15	0
        117639	2026-02-16 12:32:26	1	2	15	0
        117269	2026-02-16 12:32:29	1	2	15	0
        110032	2026-02-16 12:32:32	1	2	15	0
        117212	2026-02-16 12:32:39	1	2	15	0
        117630	2026-02-16 12:32:46	1	2	15	0
        117850	2026-02-16 12:32:52	1	2	15	0
        117920	2026-02-16 12:32:56	1	2	15	0
        116835	2026-02-16 12:33:18	1	2	15	0
        118732	2026-02-16 12:33:37	1	2	15	0
        118043	2026-02-16 12:33:40	1	2	15	0
        118271	2026-02-16 12:33:41	1	2	15	0
        117575	2026-02-16 12:33:43	1	2	15	0
        116337	2026-02-16 12:33:58	1	2	15	0
        117156	2026-02-16 12:34:04	1	2	15	0
        117716	2026-02-16 12:34:15	1	2	15	0
        119143	2026-02-16 12:34:24	1	2	15	0
        110372	2026-02-16 12:34:31	1	2	15	0
        117059	2026-02-16 12:35:00	1	2	15	0
        110358	2026-02-16 12:35:31	1	2	15	0
        119340	2026-02-16 12:35:34	1	2	15	0
        116748	2026-02-16 12:35:36	1	2	15	0
        110158	2026-02-16 12:35:39	1	2	15	0
        110198	2026-02-16 12:35:41	1	2	15	0
        117724	2026-02-16 12:35:50	1	2	15	0
        117043	2026-02-16 12:35:53	1	2	15	0
        118046	2026-02-16 12:35:57	1	2	15	0
        110051	2026-02-16 12:36:33	1	2	15	0
        119143	2026-02-16 12:37:10	1	2	15	0
        110507	2026-02-16 12:37:25	1	2	15	0
        110053	2026-02-16 12:37:34	1	2	15	0
        116933	2026-02-16 12:37:43	1	2	15	0
        110485	2026-02-16 12:38:00	1	2	15	0
        117630	2026-02-16 12:38:17	1	2	15	0
        110051	2026-02-16 12:38:24	1	2	15	0
        118928	2026-02-16 12:38:30	1	2	15	0
        116129	2026-02-16 12:38:35	1	2	15	0
        116337	2026-02-16 12:38:37	1	2	15	0
        116142	2026-02-16 12:38:43	1	2	15	0
        117528	2026-02-16 12:38:47	1	2	15	0
        110358	2026-02-16 12:38:51	1	2	15	0
        119340	2026-02-16 12:38:53	1	2	15	0
        116551	2026-02-16 12:39:07	1	2	15	0
        110197	2026-02-16 12:39:22	1	2	15	0
        117972	2026-02-16 12:40:14	1	3	15	0
        117133	2026-02-16 12:41:01	1	3	15	0
        117575	2026-02-16 12:41:25	1	3	15	0
        117542	2026-02-16 12:41:37	1	3	15	0
        119104	2026-02-16 12:41:49	1	3	15	0
        117841	2026-02-16 12:42:23	1	3	1	0
        117645	2026-02-16 12:42:33	1	3	15	0
        117811	2026-02-16 12:42:35	1	3	15	0
        117840	2026-02-16 12:42:36	1	3	15	0
        117839	2026-02-16 12:42:38	1	3	15	0
        117483	2026-02-16 12:42:39	1	3	15	0
        116751	2026-02-16 12:42:41	1	3	15	0
        116512	2026-02-16 12:42:43	1	3	15	0
        110485	2026-02-16 12:42:45	1	3	15	0
        118862	2026-02-16 12:42:47	1	3	15	0
        118221	2026-02-16 12:43:07	1	3	15	0
        110011	2026-02-16 12:43:14	1	3	15	0
        116104	2026-02-16 12:43:15	1	3	15	0
        116551	2026-02-16 12:43:20	1	3	15	0
        118584	2026-02-16 12:44:58	1	3	15	0
        116282	2026-02-16 12:45:01	1	3	15	0
        117915	2026-02-16 12:45:03	1	3	15	0
        118157	2026-02-16 12:45:08	1	3	15	0
        118186	2026-02-16 12:45:10	1	3	15	0
        117133	2026-02-16 12:45:12	1	3	15	0
        117683	2026-02-16 12:45:15	1	3	15	0
        117219	2026-02-16 12:45:17	1	3	15	0
        116422	2026-02-16 12:45:18	1	3	15	0
        117634	2026-02-16 12:45:20	1	3	15	0
        119104	2026-02-16 12:45:27	1	3	15	0
        117483	2026-02-16 12:45:29	1	3	15	0
        110360	2026-02-16 12:45:34	1	3	15	0
        110527	2026-02-16 12:45:41	1	3	15	0
        116472	2026-02-16 12:46:10	1	3	15	0
        110083	2026-02-16 12:46:17	1	3	15	0
        116933	2026-02-16 12:46:20	1	3	15	0
        118753	2026-02-16 12:46:24	1	3	15	0
        117528	2026-02-16 12:46:31	1	3	15	0
        118862	2026-02-16 12:46:33	1	3	15	0
        110514	2026-02-16 12:47:01	1	3	15	0
        110513	2026-02-16 12:47:04	1	3	15	0
           538	2026-02-16 12:47:08	1	3	15	0
        116422	2026-02-16 12:47:23	1	3	15	0
        117219	2026-02-16 12:47:28	1	3	15	0
        116282	2026-02-16 12:47:30	1	3	15	0
        117683	2026-02-16 12:47:32	1	3	15	0
        117634	2026-02-16 12:47:34	1	3	15	0
        116129	2026-02-16 12:47:39	1	3	15	0
        118928	2026-02-16 12:47:41	1	3	15	0
        118157	2026-02-16 12:47:45	1	3	15	0
        118186	2026-02-16 12:47:47	1	3	15	0
        117915	2026-02-16 12:47:49	1	3	15	0
        118221	2026-02-16 12:47:51	1	3	15	0
        110011	2026-02-16 12:47:53	1	3	15	0
        116551	2026-02-16 12:47:55	1	3	15	0
        116104	2026-02-16 12:47:57	1	3	15	0
        116274	2026-02-16 12:48:01	1	3	15	0
        117114	2026-02-16 12:48:05	1	3	15	0
        118584	2026-02-16 12:48:10	1	3	15	0
        116751	2026-02-16 12:48:43	1	3	15	0
        116512	2026-02-16 12:48:45	1	3	15	0
        110466	2026-02-16 12:48:47	1	3	15	0
        110084	2026-02-16 12:50:45	1	3	15	0
        117699	2026-02-16 12:50:49	1	3	15	0
        110083	2026-02-16 12:50:55	1	3	15	0
        110355	2026-02-16 12:51:43	1	3	15	0
        110356	2026-02-16 12:51:45	1	3	15	0
        110062	2026-02-16 12:51:53	1	3	15	0
        117113	2026-02-16 12:51:56	1	3	15	0
        119365	2026-02-16 12:51:59	1	3	15	0
        116493	2026-02-16 12:52:01	1	3	15	0
        110084	2026-02-16 12:52:03	1	3	15	0
        116483	2026-02-16 12:52:19	1	3	15	0
        119070	2026-02-16 12:52:21	1	3	15	0
        119364	2026-02-16 12:52:28	1	3	15	0
        117709	2026-02-16 12:52:31	1	3	15	0
        117849	2026-02-16 12:52:32	1	3	15	0
        110055	2026-02-16 12:52:41	1	3	15	0
        110070	2026-02-16 12:52:43	1	3	15	0
        116828	2026-02-16 12:53:14	1	3	1	0
        116356	2026-02-16 12:54:01	1	3	15	0
        116805	2026-02-16 12:54:03	1	3	15	0
        110085	2026-02-16 12:55:28	1	3	15	0
        117786	2026-02-16 12:55:37	1	3	15	0
        119475	2026-02-16 12:56:07	1	3	15	0
        116483	2026-02-16 12:56:27	1	3	15	0
        119364	2026-02-16 12:56:31	1	3	15	0
        116356	2026-02-16 12:56:33	1	3	15	0
        110065	2026-02-16 12:56:34	1	3	15	0
        118207	2026-02-16 12:56:37	1	3	15	0
        116805	2026-02-16 12:56:40	1	3	15	0
        119070	2026-02-16 12:56:42	1	3	15	0
        116849	2026-02-16 12:56:46	1	3	15	0
        116787	2026-02-16 12:56:47	1	3	15	0
        117230	2026-02-16 12:56:49	1	3	15	0
        117709	2026-02-16 12:57:10	1	3	15	0
        117849	2026-02-16 12:57:12	1	3	15	0
        110062	2026-02-16 12:58:15	1	3	15	0
        116849	2026-02-16 12:58:18	1	3	15	0
        116787	2026-02-16 12:58:19	1	3	15	0
        110065	2026-02-16 12:58:25	1	3	15	0
        110085	2026-02-16 12:58:26	1	3	15	0
        116493	2026-02-16 12:58:30	1	3	15	0
        119365	2026-02-16 12:58:37	1	3	15	0
        118207	2026-02-16 12:58:47	1	3	15	0
        119475	2026-02-16 12:58:49	1	3	15	0
        118503	2026-02-16 12:59:26	1	3	15	0
        118503	2026-02-16 13:00:31	1	3	15	0
        117595	2026-02-16 13:15:16	1	3	15	0
        117644	2026-02-16 13:42:18	1	3	15	0
        116297	2026-02-16 14:57:07	1	3	15	0
        119475	2026-02-16 16:42:12	1	1	15	0
        110113	2026-02-16 17:02:10	1	1	15	0
        110084	2026-02-16 17:02:14	1	1	15	0
        119535	2026-02-16 17:02:57	1	1	15	0
        110355	2026-02-16 17:03:34	1	1	15	0
        110076	2026-02-16 17:03:52	1	1	15	0
        117133	2026-02-16 17:04:08	1	1	15	0
        116493	2026-02-16 17:04:12	1	1	15	0
        119365	2026-02-16 17:04:15	1	1	15	0
        118207	2026-02-16 17:04:22	1	1	15	0
        117835	2026-02-16 17:04:27	1	1	15	0
        110495	2026-02-16 17:04:30	1	1	15	0
        110062	2026-02-16 17:04:33	1	1	15	0
        117812	2026-02-16 17:04:34	1	1	15	0
        117770	2026-02-16 17:04:37	1	1	15	0
        118640	2026-02-16 17:05:11	1	1	15	0
        118584	2026-02-16 17:05:27	1	1	15	0
        118180	2026-02-16 17:05:48	1	1	15	0
        118971	2026-02-16 17:05:56	1	1	15	0
        110358	2026-02-16 17:06:05	1	1	15	0
        116512	2026-02-16 17:06:12	1	1	15	0
        116751	2026-02-16 17:06:16	1	1	15	0
        116296	2026-02-16 17:06:18	1	1	15	0
        118157	2026-02-16 17:06:24	1	1	15	0
        110377	2026-02-16 17:06:39	1	1	15	0
        110376	2026-02-16 17:06:45	1	1	15	0
        110065	2026-02-16 17:06:51	1	1	15	0
        116426	2026-02-16 17:06:54	1	1	15	0
        118829	2026-02-16 17:06:59	1	1	15	0
        110197	2026-02-16 17:07:06	1	1	15	0
        118732	2026-02-16 17:07:09	1	1	15	0
        116346	2026-02-16 17:07:11	1	1	15	0
        117839	2026-02-16 17:07:13	1	1	15	0
        117840	2026-02-16 17:07:14	1	1	15	0
        117811	2026-02-16 17:07:17	1	1	15	0
        117483	2026-02-16 17:07:19	1	1	15	0
        117711	2026-02-16 17:07:20	1	1	15	0
        117645	2026-02-16 17:07:22	1	1	15	0
        117982	2026-02-16 17:07:24	1	1	15	0
        117113	2026-02-16 17:07:25	1	1	15	0
        118568	2026-02-16 17:07:28	1	1	15	0
        116422	2026-02-16 17:07:49	1	1	15	0
        117219	2026-02-16 17:07:50	1	1	15	0
        110535	2026-02-16 17:08:03	1	1	15	0
        116831	2026-02-16 17:08:08	1	1	15	0
        118043	2026-02-16 17:08:11	1	1	15	0
        117680	2026-02-16 17:08:27	1	1	15	0
        117059	2026-02-16 17:08:46	1	1	15	0
        117088	2026-02-16 17:09:02	1	1	15	0
        116787	2026-02-16 17:09:31	1	1	15	0
        117841	2026-02-16 17:09:37	1	1	15	0
        117966	2026-02-16 17:09:38	1	1	15	0
        117838	2026-02-16 17:09:41	1	1	15	0
           538	2026-02-16 17:09:43	1	1	15	0
        117122	2026-02-16 17:09:58	1	1	15	0
        118186	2026-02-16 17:10:01	1	1	15	0
        110356	2026-02-16 17:10:03	1	1	15	0
        110457	2026-02-16 17:10:05	1	1	15	0
        116337	2026-02-16 17:10:26	1	1	15	0
        119453	2026-02-16 17:10:51	1	1	15	0
        116824	2026-02-16 17:11:01	1	1	15	0
        116828	2026-02-16 17:11:16	1	1	1	0
        117111	2026-02-16 17:11:30	1	1	15	0
        117642	2026-02-16 17:11:46	1	1	15	0
        110055	2026-02-16 17:12:37	1	1	15	0
        110360	2026-02-16 17:12:51	1	1	15	0
        110354	2026-02-16 17:12:59	1	1	15	0
        117103	2026-02-16 17:13:06	1	1	15	0
        117700	2026-02-16 17:13:21	1	1	15	0
        117998	2026-02-16 17:13:25	1	1	15	0
        116252	2026-02-16 17:13:32	1	1	15	0
        117541	2026-02-16 17:13:34	1	1	15	0
        117201	2026-02-16 17:14:07	1	1	15	0
        116778	2026-02-16 17:14:09	1	1	15	0
        117630	2026-02-16 17:14:13	1	1	15	0
        117815	2026-02-16 17:14:18	1	1	15	0
        119340	2026-02-16 17:14:22	1	1	15	0
        110473	2026-02-16 17:14:30	1	1	15	0
        116282	2026-02-16 17:15:58	1	1	15	0
        117634	2026-02-16 17:16:00	1	1	15	0
        118928	2026-02-16 17:16:02	1	1	15	0
        117683	2026-02-16 17:16:04	1	1	15	0
        116129	2026-02-16 17:16:10	1	1	15	0
        117915	2026-02-16 17:16:18	1	1	15	0
        110527	2026-02-16 17:16:35	1	1	15	0
        116104	2026-02-16 17:16:46	1	1	15	0
        110011	2026-02-16 17:16:49	1	1	15	0
        110085	2026-02-16 17:16:54	1	1	15	0
        110357	2026-02-16 17:18:08	1	1	15	0
        118221	2026-02-16 17:18:46	1	1	15	0
        117144	2026-02-16 17:18:48	1	1	15	0
        119493	2026-02-16 17:18:49	1	1	15	0
        110466	2026-02-16 17:19:12	1	1	15	0
        118761	2026-02-16 17:19:18	1	1	15	0
        118563	2026-02-16 17:19:32	1	1	15	0
        117497	2026-02-16 17:19:40	1	1	15	0
        117716	2026-02-16 17:19:48	1	1	15	0
        117270	2026-02-16 17:19:51	1	1	15	0
        116274	2026-02-16 17:19:56	1	1	15	0
        110507	2026-02-16 17:20:00	1	1	15	0
        110198	2026-02-16 17:20:47	1	1	15	0
        117269	2026-02-16 17:21:02	1	1	15	0
        117189	2026-02-16 17:21:06	1	1	15	0
        110053	2026-02-16 17:21:35	1	1	15	0
        117259	2026-02-16 17:22:28	1	1	15	0
        110088	2026-02-16 17:22:44	1	1	15	0
        117543	2026-02-16 17:22:51	1	1	15	0
        117100	2026-02-16 17:23:39	1	1	15	0
        116497	2026-02-16 17:23:44	1	1	15	0
        118503	2026-02-16 17:23:46	1	1	15	0
        110512	2026-02-16 17:24:04	1	1	15	0
        110513	2026-02-16 17:24:09	1	1	15	0
        110514	2026-02-16 17:24:12	1	1	15	0
        110193	2026-02-16 17:24:18	1	1	15	0
        118917	2026-02-16 17:24:28	1	1	15	0
        117733	2026-02-16 17:24:54	1	1	15	0
        117222	2026-02-16 17:25:12	1	1	15	0
        117061	2026-02-16 17:25:53	1	1	15	0
        116805	2026-02-16 17:25:56	1	1	15	0
        116849	2026-02-16 17:27:06	1	1	15	0
        110200	2026-02-16 17:27:08	1	1	15	0
        118271	2026-02-16 17:28:21	1	1	15	0
        117983	2026-02-16 17:29:04	1	1	15	0
        119104	2026-02-16 17:30:08	1	1	15	0
        119070	2026-02-16 17:31:05	1	1	15	0
        116483	2026-02-16 17:31:07	1	1	15	0
        117930	2026-02-16 17:32:22	1	1	15	0
        116356	2026-02-16 17:32:46	1	1	15	0
        116995	2026-02-16 17:32:47	1	1	15	0
        117993	2026-02-16 17:32:49	1	1	15	0
        116763	2026-02-16 17:33:40	1	1	15	0
        117528	2026-02-16 17:33:44	1	1	15	0
        116835	2026-02-16 17:35:42	1	1	15	0
        116748	2026-02-16 17:37:34	1	1	15	0
        116383	2026-02-16 17:38:01	1	1	15	0
        117639	2026-02-16 17:38:27	1	1	15	0
        118953	2026-02-16 17:39:58	1	1	15	0
        117817	2026-02-16 17:40:26	1	1	15	0
        119272	2026-02-16 17:41:15	1	1	15	0
        117926	2026-02-16 17:43:32	1	1	15	0
        110172	2026-02-16 17:43:36	1	1	15	0
        117850	2026-02-16 17:43:51	1	1	15	0
        117920	2026-02-16 17:43:55	1	1	15	0
        117043	2026-02-16 17:43:59	1	1	15	0
        116428	2026-02-16 17:44:05	1	1	15	0
        116902	2026-02-16 17:44:21	1	1	15	0
        116551	2026-02-16 17:44:43	1	1	15	0
        116996	2026-02-16 17:45:13	1	1	15	0
        117724	2026-02-16 17:46:17	1	1	15	0
        116142	2026-02-16 17:46:25	1	1	15	0
        110372	2026-02-16 17:46:48	1	1	15	0
        116472	2026-02-16 17:48:10	1	1	15	0
        116477	2026-02-16 17:49:08	1	1	15	0
        117707	2026-02-16 17:49:14	1	1	15	0
        118744	2026-02-16 17:49:23	1	1	15	0
        117709	2026-02-16 17:51:00	1	1	15	0
        117212	2026-02-16 17:51:01	1	1	15	0
        117849	2026-02-16 17:51:04	1	1	15	0
        119282	2026-02-16 17:51:10	1	1	15	0
        117542	2026-02-16 17:51:55	1	1	15	0
        117699	2026-02-16 17:53:09	1	1	15	0
        116933	2026-02-16 17:53:14	1	1	15	0
        117807	2026-02-16 17:53:53	1	1	15	0
        117837	2026-02-16 17:53:55	1	1	15	0
        117769	2026-02-16 17:53:56	1	1	15	0
        118046	2026-02-16 17:54:04	1	1	15	0
        117616	2026-02-16 17:55:28	1	1	15	0
        117692	2026-02-16 17:55:46	1	1	15	0
        117814	2026-02-16 17:56:10	1	1	15	0
        110485	2026-02-16 17:56:27	1	1	15	0
        116504	2026-02-16 17:56:46	1	1	15	0
        110074	2026-02-16 17:56:48	1	1	15	0
        119594	2026-02-16 17:56:51	1	1	15	0
        110418	2026-02-16 17:57:27	1	1	15	0
        117529	2026-02-16 17:57:39	1	1	15	0
        119143	2026-02-16 17:58:53	1	1	15	0
        117114	2026-02-16 17:59:14	1	1	15	0
        118369	2026-02-16 17:59:52	1	1	15	0
        117120	2026-02-16 18:00:28	1	1	15	0
        118695	2026-02-16 18:00:35	1	1	15	0
        117999	2026-02-16 18:01:44	1	1	15	0
        110413	2026-02-16 18:01:49	1	1	15	0
        118867	2026-02-16 18:02:10	1	1	15	0
        119386	2026-02-16 18:04:34	1	1	15	0
        117080	2026-02-16 18:04:39	1	1	15	0
        117085	2026-02-16 18:04:47	1	1	15	0
        118753	2026-02-16 18:06:09	1	1	15	0
        110051	2026-02-16 18:06:18	1	1	15	0
        117156	2026-02-16 18:07:00	1	1	15	0
        117981	2026-02-16 18:09:51	1	1	15	0
        116069	2026-02-16 18:13:42	1	1	15	0
        110070	2026-02-16 18:14:17	1	1	15	0
        119232	2026-02-16 18:17:11	1	1	15	0
        118458	2026-02-16 18:21:05	1	1	15	0
        110424	2026-02-16 18:25:56	1	1	15	0
        117786	2026-02-16 18:28:06	1	1	15	0
        110083	2026-02-16 18:34:56	1	1	15	0
        119364	2026-02-16 18:36:37	1	1	15	0
        110090	2026-02-16 18:46:44	1	1	15	0
        110090	2026-02-16 18:48:37	1	1	15	0
        118862	2026-02-16 18:48:41	1	1	15	0
        110105	2026-02-16 18:53:14	1	1	15	0
        118992	2026-02-16 18:54:06	1	1	15	0
        117575	2026-02-16 18:56:38	1	1	15	0
        117972	2026-02-16 18:56:46	1	1	15	0
        110032	2026-02-16 18:57:12	1	1	15	0
        110492	2026-02-16 19:09:11	1	1	15	0
        110128	2026-02-16 19:14:26	1	1	15	0
        110128	2026-02-16 19:15:43	1	1	15	0
        110077	2026-02-16 19:18:16	1	1	15	0
        110006	2026-02-16 19:48:29	1	1	15	0
        110063	2026-02-16 21:35:14	1	1	15	0
        110492	2026-02-17 08:08:02	1	0	15	0
        116504	2026-02-17 10:54:07	1	0	15	0
        119493	2026-02-17 11:02:47	1	2	15	0
        116504	2026-02-17 11:57:39	1	2	15	0
        110492	2026-02-17 12:09:08	1	2	15	0
        110492	2026-02-17 12:13:16	1	2	15	0
        110075	2026-02-17 13:45:41	1	3	15	0
        119493	2026-02-17 14:29:57	1	3	15	0
        110492	2026-02-17 14:31:50	1	3	15	0
        110075	2026-02-17 16:51:56	1	1	15	0
        117201	2026-02-18 05:44:21	1	0	15	0
        110093	2026-02-18 06:12:58	1	0	15	0
        119070	2026-02-18 06:32:02	1	0	15	0
        110113	2026-02-18 06:39:40	1	0	15	0
        117930	2026-02-18 06:40:45	1	0	15	0
        110144	2026-02-18 06:41:52	1	0	15	0
        117835	2026-02-18 06:44:48	1	0	15	0
        116748	2026-02-18 06:46:16	1	0	15	0
        116835	2026-02-18 06:50:35	1	0	15	0
        117769	2026-02-18 06:50:57	1	0	15	0
        117337	2026-02-18 06:51:40	1	0	15	0
        117814	2026-02-18 06:52:17	1	0	15	0
        110074	2026-02-18 06:53:50	1	0	15	0
        117999	2026-02-18 06:55:30	1	0	15	0
        118992	2026-02-18 06:57:33	1	0	15	0
        117833	2026-02-18 06:58:00	1	0	15	0
        116831	2026-02-18 07:01:51	1	0	15	0
        118563	2026-02-18 07:03:12	1	0	15	0
        116479	2026-02-18 07:03:44	1	0	15	0
        116763	2026-02-18 07:05:14	1	0	15	0
        110466	2026-02-18 07:06:20	1	0	15	0
        119282	2026-02-18 07:06:55	1	0	15	0
        116914	2026-02-18 07:07:52	1	0	15	0
        117059	2026-02-18 07:11:56	1	0	15	0
        116799	2026-02-18 07:13:50	1	0	15	0
        110358	2026-02-18 07:16:20	1	0	15	0
        117591	2026-02-18 07:18:12	1	0	15	0
        117838	2026-02-18 07:18:34	1	0	1	0
        110084	2026-02-18 07:19:51	1	0	15	0
        117770	2026-02-18 07:23:52	1	0	15	0
        117812	2026-02-18 07:23:55	1	0	15	0
        117133	2026-02-18 07:23:57	1	0	15	0
        117711	2026-02-18 07:25:24	1	0	15	0
        118580	2026-02-18 07:26:36	1	0	15	0
        116834	2026-02-18 07:28:43	1	0	15	0
        116297	2026-02-18 07:29:02	1	0	15	0
        118157	2026-02-18 07:30:12	1	0	15	0
        119143	2026-02-18 07:31:15	1	0	15	0
        119453	2026-02-18 07:32:31	1	0	15	0
        110060	2026-02-18 07:32:43	1	0	15	0
        118997	2026-02-18 07:33:38	1	0	15	0
        118455	2026-02-18 07:33:43	1	0	15	0
        118640	2026-02-18 07:34:44	1	0	15	0
        118046	2026-02-18 07:35:33	1	0	15	0
        110512	2026-02-18 07:35:37	1	0	15	0
        110065	2026-02-18 07:37:03	1	0	15	0
        119365	2026-02-18 07:37:38	1	0	15	0
        119602	2026-02-18 07:38:22	1	0	15	0
        110473	2026-02-18 07:39:47	1	0	15	0
        118829	2026-02-18 07:40:22	1	0	15	0
        110372	2026-02-18 07:40:34	1	0	15	0
        116483	2026-02-18 07:40:47	1	0	15	0
        116995	2026-02-18 07:41:00	1	0	15	0
        118568	2026-02-18 07:41:07	1	0	15	0
        117724	2026-02-18 07:41:18	1	0	15	0
        118744	2026-02-18 07:41:40	1	0	15	0
        118917	2026-02-18 07:42:32	1	0	15	0
        116902	2026-02-18 07:43:09	1	0	15	0
        116477	2026-02-18 07:43:11	1	0	15	0
        119272	2026-02-18 07:43:16	1	0	15	0
        110357	2026-02-18 07:44:32	1	0	15	0
        110424	2026-02-18 07:44:38	1	0	15	0
        118369	2026-02-18 07:45:02	1	0	15	0
        119449	2026-02-18 07:45:06	1	0	15	0
        110355	2026-02-18 07:45:47	1	0	15	0
        110356	2026-02-18 07:45:51	1	0	15	0
        110493	2026-02-18 07:47:22	1	0	15	0
        119104	2026-02-18 07:47:27	1	0	15	0
        110063	2026-02-18 07:47:43	1	0	15	0
        116296	2026-02-18 07:47:47	1	0	15	0
        117639	2026-02-18 07:47:49	1	0	15	0
        110377	2026-02-18 07:48:22	1	0	15	0
        116504	2026-02-18 07:49:17	1	0	15	0
        117983	2026-02-18 07:49:21	1	0	15	0
        116337	2026-02-18 07:49:27	1	0	15	0
        119263	2026-02-18 07:50:14	1	0	15	0
        117270	2026-02-18 07:50:34	1	0	15	0
        117966	2026-02-18 07:50:39	1	0	15	0
        117111	2026-02-18 07:51:08	1	0	15	0
        117100	2026-02-18 07:51:57	1	0	15	0
        117817	2026-02-18 07:52:36	1	0	15	0
        118043	2026-02-18 07:52:40	1	0	15	0
        117483	2026-02-18 07:53:21	1	0	15	0
        117997	2026-02-18 07:53:59	1	0	15	0
        116778	2026-02-18 07:54:03	1	0	15	0
        110376	2026-02-18 07:54:45	1	0	15	0
        117129	2026-02-18 07:55:49	1	0	15	0
        116072	2026-02-18 07:56:03	1	0	15	0
        110457	2026-02-18 07:56:05	1	0	15	0
        117642	2026-02-18 07:56:09	1	0	15	0
        116824	2026-02-18 07:56:13	1	0	15	0
        119340	2026-02-18 07:56:42	1	0	15	0
        117982	2026-02-18 07:56:47	1	0	15	0
        116346	2026-02-18 07:56:54	1	0	15	0
        110527	2026-02-18 07:56:59	1	0	15	0
        118928	2026-02-18 07:57:03	1	0	15	0
        110053	2026-02-18 07:57:24	1	0	15	0
        117850	2026-02-18 07:57:29	1	0	15	0
        117114	2026-02-18 07:58:22	1	0	15	0
        118186	2026-02-18 07:59:32	1	0	15	0
        117921	2026-02-18 07:59:35	1	0	15	0
        116282	2026-02-18 07:59:37	1	0	15	0
        117839	2026-02-18 07:59:40	1	0	15	0
        116512	2026-02-18 08:00:18	1	0	15	0
        116356	2026-02-18 08:00:25	1	0	15	0
        116751	2026-02-18 08:00:31	1	0	15	0
        117700	2026-02-18 08:00:35	1	0	15	0
        118695	2026-02-18 08:01:52	1	0	15	0
        116142	2026-02-18 08:02:00	1	0	15	0
        117840	2026-02-18 08:02:46	1	0	15	0
        116493	2026-02-18 08:03:22	1	0	15	0
        117972	2026-02-18 08:03:38	1	0	15	0
        110514	2026-02-18 08:03:41	1	0	15	0
        116496	2026-02-18 08:03:46	1	0	15	0
        116996	2026-02-18 08:03:49	1	0	15	0
        110025	2026-02-18 08:03:54	1	0	15	0
        110378	2026-02-18 08:03:58	1	0	15	0
        117811	2026-02-18 08:04:33	1	0	15	0
        119227	2026-02-18 08:04:56	1	0	15	0
        118732	2026-02-18 08:05:00	1	0	15	0
        117683	2026-02-18 08:05:11	1	0	15	0
        116960	2026-02-18 08:05:13	1	0	15	0
        110084	2026-02-18 08:05:20	1	0	15	0
        117680	2026-02-18 08:05:21	1	0	15	0
        119157	2026-02-18 08:05:24	1	0	15	0
        110011	2026-02-18 08:06:07	1	0	15	0
        118584	2026-02-18 08:07:01	1	0	15	0
        110197	2026-02-18 08:07:32	1	0	15	0
        117121	2026-02-18 08:07:49	1	0	15	0
        110513	2026-02-18 08:07:57	1	0	15	0
        110032	2026-02-18 08:08:00	1	0	15	0
        117219	2026-02-18 08:08:03	1	0	15	0
        116426	2026-02-18 08:08:04	1	0	15	0
        116129	2026-02-18 08:08:07	1	0	15	0
        110413	2026-02-18 08:08:08	1	0	15	0
        110088	2026-02-18 08:08:10	1	0	15	0
        117742	2026-02-18 08:09:29	1	0	15	0
        118271	2026-02-18 08:11:52	1	0	15	0
        110158	2026-02-18 08:12:08	1	0	15	0
        110085	2026-02-18 08:12:10	1	0	15	0
        117497	2026-02-18 08:13:34	1	0	15	0
        118207	2026-02-18 08:13:42	1	0	15	0
        117222	2026-02-18 08:14:22	1	0	15	0
        117259	2026-02-18 08:14:40	1	0	15	0
        117659	2026-02-18 08:14:42	1	0	15	0
        117786	2026-02-18 08:14:44	1	0	15	0
        118862	2026-02-18 08:15:37	1	0	15	0
        118221	2026-02-18 08:15:44	1	0	15	0
        116274	2026-02-18 08:15:58	1	0	15	0
        110076	2026-02-18 08:16:06	1	0	15	0
        117915	2026-02-18 08:16:36	1	0	15	0
        117634	2026-02-18 08:16:43	1	0	15	0
        117341	2026-02-18 08:17:16	1	0	15	0
        116422	2026-02-18 08:17:20	1	0	15	0
        117088	2026-02-18 08:17:21	1	0	15	0
        116428	2026-02-18 08:17:23	1	0	15	0
        118953	2026-02-18 08:17:33	1	0	15	0
        117269	2026-02-18 08:19:01	1	0	15	0
        117807	2026-02-18 08:20:46	1	0	15	0
        117707	2026-02-18 08:20:52	1	0	15	0
        119386	2026-02-18 08:20:55	1	0	15	0
        110393	2026-02-18 08:22:01	1	0	15	0
        116070	2026-02-18 08:22:39	1	0	1	0
        117541	2026-02-18 08:23:33	1	0	15	0
        110195	2026-02-18 08:23:53	1	0	15	0
        110100	2026-02-18 08:23:59	1	0	15	0
        117043	2026-02-18 08:24:02	1	0	15	0
        119594	2026-02-18 08:24:10	1	0	15	0
        110535	2026-02-18 08:24:15	1	0	15	0
        119364	2026-02-18 08:25:04	1	0	15	0
        117733	2026-02-18 08:25:06	1	0	15	0
        117616	2026-02-18 08:25:12	1	0	15	0
        110070	2026-02-18 08:25:25	1	0	15	0
        116537	2026-02-18 08:26:14	1	0	15	0
        117924	2026-02-18 08:26:32	1	0	15	0
        118503	2026-02-18 08:26:36	1	0	15	0
        117969	2026-02-18 08:27:04	1	0	15	0
        116472	2026-02-18 08:28:22	1	0	15	0
        117837	2026-02-18 08:28:25	1	0	15	0
        117815	2026-02-18 08:29:47	1	0	15	0
        117716	2026-02-18 08:31:15	1	0	15	0
        117998	2026-02-18 08:31:19	1	0	15	0
        117998	2026-02-18 08:32:29	1	0	15	0
        117120	2026-02-18 08:32:57	1	0	15	0
        117981	2026-02-18 08:33:13	1	0	15	0
        116383	2026-02-18 08:33:39	1	0	15	0
        119232	2026-02-18 08:34:10	1	0	15	0
        117542	2026-02-18 08:34:37	1	0	15	0
        110354	2026-02-18 08:34:47	1	0	15	0
        117993	2026-02-18 08:35:06	1	0	15	0
        110105	2026-02-18 08:35:32	1	0	15	0
        119006	2026-02-18 08:36:04	1	0	15	0
        110507	2026-02-18 08:36:11	1	0	15	0
        110492	2026-02-18 08:36:35	1	0	15	0
        117189	2026-02-18 08:37:22	1	0	15	0
        117692	2026-02-18 08:37:32	1	0	15	0
        116252	2026-02-18 08:37:56	1	0	15	0
        110506	2026-02-18 08:38:39	1	0	15	0
        117595	2026-02-18 08:39:02	1	0	15	0
        110083	2026-02-18 08:39:09	1	0	15	0
        117085	2026-02-18 08:39:11	1	0	15	0
        110116	2026-02-18 08:39:14	1	0	15	0
        110495	2026-02-18 08:39:23	1	0	15	0
        110193	2026-02-18 08:39:53	1	0	15	0
        110198	2026-02-18 08:39:57	1	0	15	0
        117046	2026-02-18 08:40:00	1	0	15	0
        117144	2026-02-18 08:40:03	1	0	15	0
        110128	2026-02-18 08:40:41	1	0	15	0
        117212	2026-02-18 08:40:46	1	0	15	0
        119107	2026-02-18 08:41:11	1	0	15	0
        110418	2026-02-18 08:41:13	1	0	15	0
        110360	2026-02-18 08:41:28	1	0	15	0
        117790	2026-02-18 08:42:00	1	0	15	0
        117644	2026-02-18 08:42:34	1	0	15	0
        116933	2026-02-18 08:42:38	1	0	15	0
        117113	2026-02-18 08:42:50	1	0	15	0
        118971	2026-02-18 08:42:51	1	0	15	0
        117077	2026-02-18 08:43:30	1	0	15	0
        116805	2026-02-18 08:43:50	1	0	15	0
        116990	2026-02-18 08:46:51	1	0	15	0
        117122	2026-02-18 08:46:53	1	0	15	0
        119493	2026-02-18 08:47:12	1	0	15	0
        118180	2026-02-18 08:48:06	1	0	15	0
        119535	2026-02-18 08:48:12	1	0	15	0
        116453	2026-02-18 08:48:15	1	0	15	0
        117575	2026-02-18 08:48:21	1	0	15	0
        117567	2026-02-18 08:48:25	1	0	15	0
        117849	2026-02-18 08:48:54	1	0	15	0
        118753	2026-02-18 08:50:38	1	0	15	0
        118867	2026-02-18 08:50:41	1	0	15	0
        116849	2026-02-18 08:51:05	1	0	15	0
        117841	2026-02-18 08:51:14	1	0	15	0
        117156	2026-02-18 08:51:52	1	0	15	0
        110090	2026-02-18 08:52:23	1	0	15	0
        118761	2026-02-18 08:52:26	1	0	15	0
        116497	2026-02-18 08:53:29	1	0	15	0
        118458	2026-02-18 08:57:06	1	0	15	0
        117080	2026-02-18 08:57:34	1	0	15	0
        116835	2026-02-18 08:57:55	1	0	15	0
        116069	2026-02-18 08:58:13	1	0	15	0
        117529	2026-02-18 08:58:20	1	0	15	0
        110200	2026-02-18 08:58:38	1	0	15	0
        117926	2026-02-18 08:58:45	1	0	15	0
        117103	2026-02-18 09:00:36	1	0	15	0
        117543	2026-02-18 09:00:42	1	0	15	0
        110077	2026-02-18 09:00:58	1	0	15	0
        116279	2026-02-18 09:01:08	1	0	15	0
           538	2026-02-18 09:02:11	1	0	15	0
        117061	2026-02-18 09:04:52	1	0	15	0
        110172	2026-02-18 09:12:24	1	0	15	0
        117699	2026-02-18 09:23:35	1	0	15	0
           538	2026-02-18 09:24:32	1	0	15	0
        110055	2026-02-18 09:24:45	1	0	15	0
        110200	2026-02-18 12:00:20	1	2	15	0
        117541	2026-02-18 12:00:24	1	2	15	0
        117924	2026-02-18 12:00:26	1	2	15	0
        116497	2026-02-18 12:00:28	1	2	15	0
        117700	2026-02-18 12:00:30	1	2	15	0
        117833	2026-02-18 12:00:38	1	2	15	0
        110063	2026-02-18 12:00:49	1	2	15	0
        116279	2026-02-18 12:01:17	1	2	15	0
        110113	2026-02-18 12:01:25	1	2	15	0
        117814	2026-02-18 12:01:36	1	2	15	0
        117046	2026-02-18 12:01:50	1	2	15	0
        116763	2026-02-18 12:01:53	1	2	15	0
        117120	2026-02-18 12:01:55	1	2	15	0
        117837	2026-02-18 12:01:57	1	2	15	0
        110424	2026-02-18 12:01:58	1	2	15	0
        117926	2026-02-18 12:02:00	1	2	15	0
        119535	2026-02-18 12:02:05	1	2	15	0
        118971	2026-02-18 12:02:16	1	2	15	0
        117088	2026-02-18 12:02:21	1	2	15	0
        117529	2026-02-18 12:02:28	1	2	15	0
        117080	2026-02-18 12:02:59	1	2	15	0
        110128	2026-02-18 12:03:02	1	2	15	0
        117997	2026-02-18 12:03:08	1	2	15	0
        110377	2026-02-18 12:03:35	1	2	15	0
        110376	2026-02-18 12:03:39	1	2	15	0
        110025	2026-02-18 12:03:41	1	2	15	0
        119364	2026-02-18 12:03:43	1	2	15	0
        110512	2026-02-18 12:03:50	1	2	15	0
        117839	2026-02-18 12:03:52	1	2	15	0
        110513	2026-02-18 12:03:53	1	2	15	0
        110514	2026-02-18 12:03:55	1	2	15	0
        117840	2026-02-18 12:03:59	1	2	15	0
        117811	2026-02-18 12:04:01	1	2	15	0
        117659	2026-02-18 12:04:03	1	2	15	0
        117993	2026-02-18 12:04:05	1	2	15	0
        117833	2026-02-18 12:04:11	1	2	15	0
        110060	2026-02-18 12:04:24	1	2	15	0
        116960	2026-02-18 12:04:26	1	2	15	0
        117716	2026-02-18 12:04:32	1	2	15	0
        117189	2026-02-18 12:04:34	1	2	15	0
        117129	2026-02-18 12:04:48	1	2	15	0
        110200	2026-02-18 12:04:52	1	2	15	0
        116279	2026-02-18 12:05:02	1	2	15	0
        117543	2026-02-18 12:05:05	1	2	15	0
        119386	2026-02-18 12:05:14	1	2	15	0
        116902	2026-02-18 12:05:22	1	2	1	0
        116914	2026-02-18 12:05:31	1	2	15	0
        117680	2026-02-18 12:05:33	1	2	15	0
        110527	2026-02-18 12:05:35	1	2	15	0
        110360	2026-02-18 12:05:38	1	2	15	0
        110055	2026-02-18 12:05:40	1	2	15	0
        117046	2026-02-18 12:05:42	1	2	15	0
        116763	2026-02-18 12:05:45	1	2	15	0
        117812	2026-02-18 12:05:46	1	2	15	0
        117201	2026-02-18 12:05:48	1	2	15	0
        116069	2026-02-18 12:05:50	1	2	15	0
        117841	2026-02-18 12:05:53	1	2	15	0
        110424	2026-02-18 12:05:54	1	2	15	0
        117981	2026-02-18 12:05:56	1	2	15	0
        116356	2026-02-18 12:05:58	1	2	15	0
        116805	2026-02-18 12:06:00	1	2	15	0
        118369	2026-02-18 12:06:02	1	2	15	0
        117120	2026-02-18 12:06:04	1	2	15	0
        110538	2026-02-18 12:06:06	1	2	15	0
        119449	2026-02-18 12:06:09	1	2	15	0
        110418	2026-02-18 12:06:10	1	2	15	0
        118271	2026-02-18 12:06:14	1	2	15	0
        117212	2026-02-18 12:06:16	1	2	15	0
        117061	2026-02-18 12:06:19	1	2	15	0
        117926	2026-02-18 12:06:21	1	2	15	0
        117497	2026-02-18 12:06:24	1	2	15	0
        117814	2026-02-18 12:06:25	1	2	15	0
        110507	2026-02-18 12:06:27	1	2	15	0
        117080	2026-02-18 12:06:30	1	2	15	0
        117529	2026-02-18 12:06:38	1	2	15	0
        118043	2026-02-18 12:06:42	1	2	15	0
        116477	2026-02-18 12:06:43	1	2	15	0
        119386	2026-02-18 12:06:46	1	2	15	0
        110105	2026-02-18 12:06:48	1	2	15	0
        117088	2026-02-18 12:06:50	1	2	15	0
        117222	2026-02-18 12:06:56	1	2	15	0
        117983	2026-02-18 12:07:07	1	2	15	0
        116799	2026-02-18 12:07:10	1	2	15	0
        117700	2026-02-18 12:07:14	1	2	15	0
        119006	2026-02-18 12:07:16	1	2	15	0
        116252	2026-02-18 12:07:25	1	2	15	0
        117043	2026-02-18 12:07:31	1	2	15	0
        117724	2026-02-18 12:07:34	1	2	15	0
        118101	2026-02-18 12:07:36	1	2	15	0
        117790	2026-02-18 12:07:52	1	2	15	0
        110158	2026-02-18 12:07:54	1	2	15	0
        117850	2026-02-18 12:07:57	1	2	15	0
        117707	2026-02-18 12:08:00	1	2	15	0
        119493	2026-02-18 12:08:03	1	2	15	0
        117529	2026-02-18 12:08:09	1	2	15	0
        117542	2026-02-18 12:08:12	1	2	15	0
        118744	2026-02-18 12:08:14	1	2	15	0
        110356	2026-02-18 12:08:16	1	2	15	0
        117129	2026-02-18 12:08:19	1	2	15	0
        110355	2026-02-18 12:08:21	1	2	15	0
        110195	2026-02-18 12:08:25	1	2	15	0
        117786	2026-02-18 12:08:32	1	2	15	0
        117837	2026-02-18 12:08:46	1	2	15	0
        119535	2026-02-18 12:08:48	1	2	15	0
        110473	2026-02-18 12:08:52	1	2	15	0
        117769	2026-02-18 12:08:54	1	2	15	0
        117838	2026-02-18 12:08:59	1	2	15	0
        117849	2026-02-18 12:09:00	1	2	15	0
        117711	2026-02-18 12:09:02	1	2	15	0
        117812	2026-02-18 12:09:04	1	2	15	0
        117189	2026-02-18 12:09:09	1	2	15	0
        117733	2026-02-18 12:09:09	1	2	15	0
        117201	2026-02-18 12:09:13	1	2	15	0
        117716	2026-02-18 12:09:20	1	2	15	0
        118458	2026-02-18 12:09:23	1	2	15	0
        116537	2026-02-18 12:09:26	1	2	15	0
        117077	2026-02-18 12:09:30	1	2	15	0
        110197	2026-02-18 12:09:32	1	2	15	0
        118271	2026-02-18 12:09:35	1	2	15	0
        116337	2026-02-18 12:09:37	1	2	15	0
        110113	2026-02-18 12:09:39	1	2	15	0
        117997	2026-02-18 12:09:43	1	2	15	0
        110376	2026-02-18 12:09:45	1	2	15	0
        110377	2026-02-18 12:09:48	1	2	15	0
        117113	2026-02-18 12:09:52	1	2	15	0
        116960	2026-02-18 12:09:59	1	2	15	0
        110060	2026-02-18 12:10:01	1	2	15	0
        119340	2026-02-18 12:10:09	1	2	15	0
        110358	2026-02-18 12:10:11	1	2	15	0
        110172	2026-02-18 12:10:14	1	2	15	0
        117133	2026-02-18 12:10:16	1	2	15	0
        117769	2026-02-18 12:10:24	1	2	15	0
        117838	2026-02-18 12:10:26	1	2	15	0
        117724	2026-02-18 12:10:35	1	2	15	0
        110032	2026-02-18 12:10:37	1	2	15	0
        116472	2026-02-18 12:10:40	1	2	15	0
        118101	2026-02-18 12:10:43	1	2	15	0
        116477	2026-02-18 12:10:46	1	2	15	0
        116933	2026-02-18 12:10:48	1	2	15	0
        110418	2026-02-18 12:10:51	1	2	15	0
        116914	2026-02-18 12:10:57	1	2	15	0
        116902	2026-02-18 12:10:59	1	2	15	0
        117222	2026-02-18 12:11:01	1	2	15	0
        117983	2026-02-18 12:11:03	1	2	15	0
        119364	2026-02-18 12:11:05	1	2	15	0
        117680	2026-02-18 12:11:09	1	2	15	0
        117998	2026-02-18 12:11:11	1	2	15	0
        119006	2026-02-18 12:11:22	1	2	15	0
        116799	2026-02-18 12:11:26	1	2	15	0
        110025	2026-02-18 12:11:30	1	2	15	0
        117817	2026-02-18 12:11:52	1	2	15	0
        117733	2026-02-18 12:12:11	1	2	15	0
        117849	2026-02-18 12:12:24	1	2	15	0
        117711	2026-02-18 12:12:27	1	2	15	0
        117644	2026-02-18 12:12:32	1	2	15	0
        117542	2026-02-18 12:12:36	1	2	15	0
        117088	2026-02-18 12:12:50	1	2	15	0
        117699	2026-02-18 12:13:08	1	2	15	0
        117212	2026-02-18 12:13:12	1	2	15	0
        116849	2026-02-18 12:13:34	1	2	15	0
        118043	2026-02-18 12:13:37	1	2	15	0
        117815	2026-02-18 12:13:39	1	2	15	0
        116274	2026-02-18 12:13:41	1	2	15	0
        110077	2026-02-18 12:13:47	1	2	15	0
        116070	2026-02-18 12:13:57	1	2	15	0
        116778	2026-02-18 12:14:00	1	2	15	0
        117659	2026-02-18 12:14:02	1	2	15	0
        117839	2026-02-18 12:14:04	1	2	15	0
        117811	2026-02-18 12:14:06	1	2	15	0
        117840	2026-02-18 12:14:08	1	2	15	0
        118992	2026-02-18 12:14:14	1	2	15	0
        110493	2026-02-18 12:14:16	1	2	15	0
        110495	2026-02-18 12:14:18	1	2	15	0
        116496	2026-02-18 12:14:20	1	2	15	0
        117022	2026-02-18 12:14:23	1	2	15	0
        116453	2026-02-18 12:14:26	1	2	15	0
        116990	2026-02-18 12:14:29	1	2	15	0
        117692	2026-02-18 12:14:32	1	2	15	0
        110354	2026-02-18 12:14:35	1	2	15	0
        117921	2026-02-18 12:14:37	1	2	15	0
        117982	2026-02-18 12:14:39	1	2	15	0
        117770	2026-02-18 12:14:41	1	2	15	0
        117077	2026-02-18 12:14:46	1	2	15	0
        110358	2026-02-18 12:14:47	1	2	15	0
        119340	2026-02-18 12:14:50	1	2	15	0
        117742	2026-02-18 12:14:52	1	2	15	0
        116296	2026-02-18 12:14:53	1	2	15	0
        116337	2026-02-18 12:14:55	1	2	15	0
        116537	2026-02-18 12:14:57	1	2	15	0
        117133	2026-02-18 12:15:05	1	2	15	0
        110378	2026-02-18 12:15:12	1	2	15	0
        110466	2026-02-18 12:15:13	1	2	15	0
        110492	2026-02-18 12:15:17	1	2	15	0
        118732	2026-02-18 12:15:20	1	2	15	0
        117930	2026-02-18 12:15:23	1	2	15	0
        117639	2026-02-18 12:15:25	1	2	15	0
        110100	2026-02-18 12:15:29	1	2	15	0
        110055	2026-02-18 12:15:33	1	2	15	0
        117707	2026-02-18 12:15:36	1	2	15	0
        117850	2026-02-18 12:15:39	1	2	15	0
        116849	2026-02-18 12:15:51	1	2	15	0
        117998	2026-02-18 12:16:10	1	2	15	0
        110105	2026-02-18 12:16:16	1	2	15	0
        118503	2026-02-18 12:16:23	1	2	15	0
        118046	2026-02-18 12:16:25	1	2	15	0
        117144	2026-02-18 12:16:28	1	2	15	0
        118971	2026-02-18 12:16:30	1	2	15	0
        117567	2026-02-18 12:16:32	1	2	15	0
        110088	2026-02-18 12:16:35	1	2	15	0
        119453	2026-02-18 12:16:37	1	2	15	0
        117111	2026-02-18 12:16:39	1	2	15	0
        117337	2026-02-18 12:16:41	1	2	15	0
        118695	2026-02-18 12:16:43	1	2	15	0
        116778	2026-02-18 12:16:54	1	2	15	0
        116496	2026-02-18 12:16:56	1	2	15	0
        110116	2026-02-18 12:17:02	1	2	15	0
        117122	2026-02-18 12:17:12	1	2	15	0
        117770	2026-02-18 12:17:21	1	2	15	0
        118563	2026-02-18 12:17:23	1	2	15	0
        117616	2026-02-18 12:17:26	1	2	15	0
        116070	2026-02-18 12:17:28	1	2	15	0
        116990	2026-02-18 12:17:30	1	2	15	0
        117742	2026-02-18 12:17:32	1	2	15	0
        116933	2026-02-18 12:17:40	1	2	15	0
        118992	2026-02-18 12:17:46	1	2	15	0
        110172	2026-02-18 12:18:00	1	2	15	0
        118744	2026-02-18 12:18:05	1	2	15	0
        117639	2026-02-18 12:18:10	1	2	15	0
        116428	2026-02-18 12:18:13	1	2	15	0
        110100	2026-02-18 12:18:18	1	2	15	0
        118180	2026-02-18 12:18:29	1	2	15	0
        117644	2026-02-18 12:18:40	1	2	15	0
        110495	2026-02-18 12:18:44	1	2	15	0
        110493	2026-02-18 12:18:49	1	2	15	0
        110492	2026-02-18 12:18:53	1	2	15	0
        117972	2026-02-18 12:18:57	1	2	15	0
        118953	2026-02-18 12:19:01	1	2	15	0
        118732	2026-02-18 12:19:12	1	2	15	0
        116296	2026-02-18 12:19:15	1	2	15	0
        119272	2026-02-18 12:19:16	1	2	15	0
        117692	2026-02-18 12:19:37	1	2	15	0
        117982	2026-02-18 12:19:40	1	2	15	0
        116274	2026-02-18 12:19:42	1	2	15	0
        117113	2026-02-18 12:20:02	1	2	15	0
        110011	2026-02-18 12:20:16	1	2	15	0
        117219	2026-02-18 12:20:18	1	2	15	0
        117483	2026-02-18 12:20:20	1	2	15	0
        117683	2026-02-18 12:20:21	1	2	15	0
        117634	2026-02-18 12:20:23	1	2	15	0
        116422	2026-02-18 12:20:25	1	2	15	0
        117915	2026-02-18 12:20:28	1	2	15	0
        118157	2026-02-18 12:20:35	1	2	15	0
        118503	2026-02-18 12:20:49	1	2	15	0
        116069	2026-02-18 12:20:52	1	2	15	0
        117270	2026-02-18 12:21:01	1	2	15	0
        118928	2026-02-18 12:21:09	1	2	15	0
        116129	2026-02-18 12:21:12	1	2	15	0
        116282	2026-02-18 12:21:26	1	2	15	0
        118458	2026-02-18 12:21:32	1	2	15	0
        116252	2026-02-18 12:21:37	1	2	15	0
        110354	2026-02-18 12:21:51	1	2	15	0
        117591	2026-02-18 12:22:02	1	2	15	0
        117921	2026-02-18 12:22:11	1	2	15	0
        118046	2026-02-18 12:22:17	1	2	15	0
        117483	2026-02-18 12:22:24	1	2	15	0
        117575	2026-02-18 12:22:33	1	2	15	0
        110393	2026-02-18 12:22:37	1	2	15	0
        110413	2026-02-18 12:22:41	1	2	15	0
        110535	2026-02-18 12:22:46	1	2	15	0
        119493	2026-02-18 12:22:50	1	2	15	0
        110032	2026-02-18 12:22:54	1	2	15	0
        117497	2026-02-18 12:22:59	1	2	15	0
        119453	2026-02-18 12:23:03	1	2	15	0
        117972	2026-02-18 12:23:07	1	2	15	0
        119594	2026-02-18 12:23:21	1	2	15	0
        116995	2026-02-18 12:23:24	1	2	15	0
        118580	2026-02-18 12:23:28	1	2	15	0
        110084	2026-02-18 12:23:31	1	2	15	0
        110378	2026-02-18 12:23:34	1	2	15	0
        118563	2026-02-18 12:23:36	1	2	15	0
        118997	2026-02-18 12:23:38	1	2	15	0
        110055	2026-02-18 12:23:41	1	2	15	0
        110093	2026-02-18 12:24:05	1	2	15	0
        118568	2026-02-18 12:24:10	1	2	15	0
        119107	2026-02-18 12:24:16	1	2	15	0
        117616	2026-02-18 12:24:23	1	2	15	0
        110466	2026-02-18 12:24:25	1	2	15	0
        117817	2026-02-18 12:24:30	1	2	15	0
        110084	2026-02-18 12:24:34	1	2	15	0
        116428	2026-02-18 12:24:39	1	2	15	0
        116497	2026-02-18 12:24:43	1	2	15	0
        116260	2026-02-18 12:24:45	1	2	15	0
        117924	2026-02-18 12:24:47	1	2	15	0
        110457	2026-02-18 12:24:49	1	2	15	0
        110128	2026-02-18 12:24:51	1	2	15	0
        116072	2026-02-18 12:24:56	1	2	15	0
        118221	2026-02-18 12:24:58	1	2	15	0
        116282	2026-02-18 12:25:12	1	2	15	0
        118157	2026-02-18 12:25:17	1	2	15	0
        117156	2026-02-18 12:25:19	1	2	15	0
        117121	2026-02-18 12:25:21	1	2	15	0
        117915	2026-02-18 12:25:25	1	2	15	0
        110088	2026-02-18 12:25:33	1	2	15	0
        110083	2026-02-18 12:25:38	1	2	15	0
        110077	2026-02-18 12:25:44	1	2	15	0
        118695	2026-02-18 12:25:51	1	2	15	0
        119594	2026-02-18 12:25:58	1	2	15	0
        116995	2026-02-18 12:26:01	1	2	15	0
        110011	2026-02-18 12:26:03	1	2	15	0
        117634	2026-02-18 12:26:05	1	2	15	0
        117683	2026-02-18 12:26:06	1	2	15	0
        116422	2026-02-18 12:26:08	1	2	15	0
        117219	2026-02-18 12:26:10	1	2	15	0
        118928	2026-02-18 12:26:12	1	2	15	0
        116142	2026-02-18 12:26:15	1	2	15	0
        117999	2026-02-18 12:26:41	1	2	15	0
        117103	2026-02-18 12:26:43	1	2	15	0
        117807	2026-02-18 12:26:45	1	2	15	0
        110393	2026-02-18 12:26:53	1	2	15	0
        110413	2026-02-18 12:27:19	1	2	15	0
        110090	2026-02-18 12:27:25	1	2	15	0
        116453	2026-02-18 12:27:29	1	2	15	0
        117269	2026-02-18 12:27:43	1	2	15	0
        110070	2026-02-18 12:27:48	1	2	15	0
        118753	2026-02-18 12:28:16	1	2	15	0
        110355	2026-02-18 12:28:27	1	2	15	0
        110083	2026-02-18 12:29:00	1	2	15	0
        116835	2026-02-18 12:29:08	1	2	15	0
        110372	2026-02-18 12:29:10	1	2	15	0
        117575	2026-02-18 12:29:14	1	2	15	0
        118753	2026-02-18 12:29:27	1	2	15	0
        116996	2026-02-18 12:29:27	1	2	15	0
        117103	2026-02-18 12:29:37	1	2	15	0
        116260	2026-02-18 12:29:56	1	2	15	0
        117966	2026-02-18 12:30:16	1	2	15	0
        117269	2026-02-18 12:30:19	1	2	15	0
        119107	2026-02-18 12:30:24	1	2	15	0
        116072	2026-02-18 12:30:27	1	2	15	0
        110473	2026-02-18 12:30:28	1	2	15	0
        117993	2026-02-18 12:30:30	1	2	15	0
        117270	2026-02-18 12:30:46	1	2	15	0
        110457	2026-02-18 12:30:49	1	2	15	0
        118221	2026-02-18 12:31:10	1	2	15	0
        110090	2026-02-18 12:31:20	1	2	15	0
        116996	2026-02-18 12:32:03	1	2	15	0
        118997	2026-02-18 12:32:08	1	2	15	0
        117591	2026-02-18 12:32:12	1	2	15	0
        117043	2026-02-18 12:32:40	1	2	15	0
        116129	2026-02-18 12:32:50	1	2	15	0
        117541	2026-02-18 12:32:52	1	2	15	0
        117259	2026-02-18 12:32:55	1	2	15	0
        117969	2026-02-18 12:32:57	1	2	15	0
        118180	2026-02-18 12:32:59	1	2	15	0
        118580	2026-02-18 12:33:01	1	2	15	0
        110372	2026-02-18 12:33:05	1	2	15	0
        110063	2026-02-18 12:33:10	1	2	15	0
        117786	2026-02-18 12:33:19	1	2	15	0
        110197	2026-02-18 12:33:52	1	2	15	0
        118761	2026-02-18 12:34:17	1	2	15	0
        117969	2026-02-18 12:34:38	1	2	15	0
        117085	2026-02-18 12:35:13	1	2	15	0
        118917	2026-02-18 12:35:16	1	2	15	0
        117807	2026-02-18 12:35:21	1	2	15	0
        117156	2026-02-18 12:35:28	1	2	15	0
        117121	2026-02-18 12:35:31	1	2	15	0
        117567	2026-02-18 12:36:11	1	2	15	0
        117999	2026-02-18 12:36:21	1	2	15	0
        118953	2026-02-18 12:36:36	1	2	15	0
        110538	2026-02-18 12:36:41	1	2	15	0
        117122	2026-02-18 12:36:57	1	2	15	0
        117790	2026-02-18 12:37:03	1	2	15	0
        117144	2026-02-18 12:37:07	1	2	15	0
        116472	2026-02-18 12:37:33	1	2	15	0
        119272	2026-02-18 12:37:37	1	2	15	0
        116512	2026-02-18 12:37:52	1	2	15	0
        116751	2026-02-18 12:37:55	1	2	15	0
        116835	2026-02-18 12:38:02	1	2	15	0
        118568	2026-02-18 12:38:09	1	2	15	0
        110093	2026-02-18 12:38:28	1	2	15	0
        117259	2026-02-18 12:38:33	1	2	15	0
        118761	2026-02-18 12:39:32	1	3	15	0
        110512	2026-02-18 12:39:58	1	3	15	0
        110514	2026-02-18 12:40:04	1	3	15	0
        110513	2026-02-18 12:40:06	1	3	15	0
        119104	2026-02-18 12:40:21	1	3	15	0
        117642	2026-02-18 12:40:24	1	3	15	0
        117085	2026-02-18 12:40:28	1	3	15	0
        118917	2026-02-18 12:40:30	1	3	15	0
        118867	2026-02-18 12:40:41	1	3	15	0
        119282	2026-02-18 12:40:44	1	3	15	0
        117966	2026-02-18 12:41:52	1	3	15	0
        110357	2026-02-18 12:41:54	1	3	15	0
        119365	2026-02-18 12:42:03	1	3	15	0
        116493	2026-02-18 12:42:07	1	3	15	0
        119104	2026-02-18 12:43:10	1	3	15	0
        110085	2026-02-18 12:43:48	1	3	15	0
        118867	2026-02-18 12:44:22	1	3	15	0
        110070	2026-02-18 12:44:24	1	3	15	0
        119282	2026-02-18 12:44:26	1	3	15	0
        119449	2026-02-18 12:44:29	1	3	15	0
        110116	2026-02-18 12:44:52	1	3	15	0
        110535	2026-02-18 12:45:51	1	3	15	0
        116512	2026-02-18 12:45:59	1	3	15	0
        116751	2026-02-18 12:46:08	1	3	15	0
        117841	2026-02-18 12:46:24	1	3	15	0
        110507	2026-02-18 12:46:40	1	3	15	0
        110195	2026-02-18 12:47:13	1	3	15	0
        116493	2026-02-18 12:47:32	1	3	15	0
        119365	2026-02-18 12:47:35	1	3	15	0
        117642	2026-02-18 12:47:43	1	3	15	0
        110085	2026-02-18 12:48:19	1	3	15	0
        117114	2026-02-18 12:48:44	1	3	15	0
        110357	2026-02-18 12:48:50	1	3	15	0
        110360	2026-02-18 12:50:24	1	3	15	0
        116504	2026-02-18 12:50:52	1	3	15	0
        119070	2026-02-18 12:50:54	1	3	15	0
        116483	2026-02-18 12:50:57	1	3	15	0
        110074	2026-02-18 12:50:58	1	3	15	0
        119227	2026-02-18 12:51:02	1	3	15	0
        118455	2026-02-18 12:51:05	1	3	15	0
        110527	2026-02-18 12:51:10	1	3	15	0
        117114	2026-02-18 12:52:16	1	3	15	0
        119602	2026-02-18 12:52:22	1	3	15	0
        117699	2026-02-18 12:52:28	1	3	15	0
        110158	2026-02-18 12:52:44	1	3	15	0
        117543	2026-02-18 12:53:31	1	3	15	0
        117337	2026-02-18 12:53:46	1	3	15	0
        117111	2026-02-18 12:53:48	1	3	15	0
        118369	2026-02-18 12:54:00	1	3	15	0
        116805	2026-02-18 12:54:02	1	3	15	0
        116356	2026-02-18 12:54:04	1	3	15	0
        110393	2026-02-18 12:54:34	1	3	15	0
        118207	2026-02-18 12:55:09	1	3	15	0
        116142	2026-02-18 12:55:12	1	3	15	0
        117930	2026-02-18 12:55:43	1	3	15	0
        117061	2026-02-18 12:55:49	1	3	15	0
        117981	2026-02-18 12:55:51	1	3	15	0
        116483	2026-02-18 12:56:29	1	3	15	0
        116504	2026-02-18 12:56:34	1	3	15	0
        117815	2026-02-18 12:56:36	1	3	15	0
        119602	2026-02-18 12:56:39	1	3	15	0
        118455	2026-02-18 12:56:41	1	3	15	0
        110074	2026-02-18 12:56:42	1	3	15	0
        119070	2026-02-18 12:56:46	1	3	15	0
        119227	2026-02-18 12:56:57	1	3	15	0
        116346	2026-02-18 12:57:39	1	3	15	0
        110356	2026-02-18 12:57:43	1	3	15	0
        119157	2026-02-18 12:57:53	1	3	15	0
        110065	2026-02-18 12:57:55	1	3	15	0
        118207	2026-02-18 12:57:58	1	3	15	0
        116824	2026-02-18 12:58:03	1	3	15	0
        116297	2026-02-18 12:58:10	1	3	15	0
        119143	2026-02-18 12:58:15	1	3	15	0
        116346	2026-02-18 12:59:00	1	3	15	0
        110065	2026-02-18 12:59:15	1	3	15	0
        116824	2026-02-18 12:59:19	1	3	15	0
        119143	2026-02-18 12:59:22	1	3	15	0
        119157	2026-02-18 12:59:48	1	3	15	0
        119263	2026-02-18 12:59:56	1	3	15	0
        118584	2026-02-18 13:03:18	1	3	15	0
        118584	2026-02-18 13:05:51	1	3	15	0
        118928	2026-02-18 15:52:10	1	3	15	0
        110113	2026-02-18 16:06:11	1	1	15	0
        117100	2026-02-18 16:06:52	1	1	15	0
        117930	2026-02-18 16:06:58	1	1	15	0
        117769	2026-02-18 16:08:45	1	1	15	0
        116914	2026-02-18 16:09:05	1	1	15	0
        116763	2026-02-18 16:09:33	1	1	15	0
        116835	2026-02-18 16:13:12	1	1	15	0
        117337	2026-02-18 16:24:50	1	1	15	0
        118992	2026-02-18 16:26:52	1	1	15	0
        117770	2026-02-18 16:30:49	1	1	15	0
        110466	2026-02-18 16:34:00	1	1	15	0
        117833	2026-02-18 16:34:35	1	1	15	0
        116297	2026-02-18 16:34:44	1	1	15	0
        117814	2026-02-18 16:35:07	1	1	15	0
        119449	2026-02-18 16:36:53	1	1	15	0
        118563	2026-02-18 16:37:47	1	1	15	0
        117133	2026-02-18 16:38:19	1	1	15	0
        119365	2026-02-18 16:38:22	1	1	15	0
        110128	2026-02-18 16:40:02	1	1	15	0
        117812	2026-02-18 16:44:18	1	1	15	0
        117644	2026-02-18 16:49:19	1	1	15	0
        110074	2026-02-18 16:50:35	1	1	15	0
        118917	2026-02-18 16:50:52	1	1	15	0
        116337	2026-02-18 16:56:35	1	1	15	0
        119340	2026-02-18 16:59:56	1	1	15	0
        118043	2026-02-18 17:03:25	1	1	15	0
        117111	2026-02-18 17:03:40	1	1	15	0
        117483	2026-02-18 17:03:55	1	1	15	0
        117201	2026-02-18 17:04:28	1	1	15	0
        110355	2026-02-18 17:04:47	1	1	15	0
        116831	2026-02-18 17:05:22	1	1	15	0
        117966	2026-02-18 17:05:30	1	1	15	0
        117838	2026-02-18 17:05:32	1	1	15	0
        118157	2026-02-18 17:05:56	1	1	15	0
        116282	2026-02-18 17:05:58	1	1	15	0
        117997	2026-02-18 17:06:17	1	1	15	0
        116512	2026-02-18 17:06:56	1	1	15	0
        116751	2026-02-18 17:06:59	1	1	15	0
        117983	2026-02-18 17:07:02	1	1	15	0
        119143	2026-02-18 17:07:15	1	1	15	0
        110356	2026-02-18 17:07:21	1	1	15	0
        110377	2026-02-18 17:08:42	1	1	15	0
        110376	2026-02-18 17:08:47	1	1	15	0
        116902	2026-02-18 17:08:51	1	1	1	0
        118997	2026-02-18 17:08:58	1	1	15	0
        116496	2026-02-18 17:09:01	1	1	15	0
        119453	2026-02-18 17:09:35	1	1	15	0
        116426	2026-02-18 17:10:55	1	1	15	0
        110065	2026-02-18 17:11:02	1	1	15	0
        119282	2026-02-18 17:11:04	1	1	15	0
        110512	2026-02-18 17:11:26	1	1	15	0
        117639	2026-02-18 17:11:58	1	1	15	0
        116129	2026-02-18 17:12:02	1	1	15	0
        117972	2026-02-18 17:12:14	1	1	15	0
        118580	2026-02-18 17:12:45	1	1	15	0
        110084	2026-02-18 17:12:47	1	1	15	0
        118207	2026-02-18 17:14:31	1	1	15	0
        110527	2026-02-18 17:15:13	1	1	15	0
        110514	2026-02-18 17:15:28	1	1	15	0
        110513	2026-02-18 17:15:32	1	1	15	0
        116824	2026-02-18 17:16:05	1	1	15	0
        116472	2026-02-18 17:16:33	1	1	15	0
        116799	2026-02-18 17:16:38	1	1	15	0
        110088	2026-02-18 17:16:41	1	1	15	0
        117680	2026-02-18 17:16:45	1	1	15	0
        118180	2026-02-18 17:16:47	1	1	15	0
        116477	2026-02-18 17:17:14	1	1	15	0
        110424	2026-02-18 17:17:33	1	1	15	0
        117642	2026-02-18 17:17:50	1	1	15	0
        116995	2026-02-18 17:17:53	1	1	15	0
        110158	2026-02-18 17:17:57	1	1	15	0
        116346	2026-02-18 17:18:02	1	1	15	0
        110358	2026-02-18 17:18:42	1	1	15	0
        117121	2026-02-18 17:20:17	1	1	15	0
        116252	2026-02-18 17:20:28	1	1	15	0
        116996	2026-02-18 17:20:31	1	1	15	0
        116493	2026-02-18 17:20:37	1	1	15	0
        110457	2026-02-18 17:21:15	1	1	15	0
        117982	2026-02-18 17:21:21	1	1	15	0
        117711	2026-02-18 17:22:28	1	1	15	0
        117915	2026-02-18 17:22:39	1	1	15	0
        117724	2026-02-18 17:22:47	1	1	15	0
        117700	2026-02-18 17:22:50	1	1	15	0
        118101	2026-02-18 17:23:39	1	1	15	0
        117497	2026-02-18 17:23:46	1	1	15	0
        119070	2026-02-18 17:23:59	1	1	15	0
        116504	2026-02-18 17:24:01	1	1	15	0
        110195	2026-02-18 17:24:14	1	1	15	0
        118046	2026-02-18 17:24:22	1	1	15	0
        118695	2026-02-18 17:24:26	1	1	15	0
        118732	2026-02-18 17:24:32	1	1	15	0
        117156	2026-02-18 17:25:35	1	1	15	0
        119386	2026-02-18 17:25:47	1	1	15	0
        119493	2026-02-18 17:25:49	1	1	15	0
        116428	2026-02-18 17:27:12	1	1	15	0
        117786	2026-02-18 17:27:38	1	1	15	0
        117043	2026-02-18 17:27:58	1	1	15	0
        110357	2026-02-18 17:28:02	1	1	15	0
        117811	2026-02-18 17:28:06	1	1	15	0
        117839	2026-02-18 17:28:09	1	1	15	0
        117659	2026-02-18 17:28:09	1	1	15	0
        117840	2026-02-18 17:28:11	1	1	15	0
        117850	2026-02-18 17:28:20	1	1	15	0
        118455	2026-02-18 17:29:17	1	1	15	0
        110076	2026-02-18 17:32:00	1	1	15	0
        117815	2026-02-18 17:32:55	1	1	15	0
        118221	2026-02-18 17:33:38	1	1	15	0
        119263	2026-02-18 17:34:36	1	1	15	0
        116274	2026-02-18 17:34:42	1	1	15	0
        116070	2026-02-18 17:35:02	1	1	1	0
        117817	2026-02-18 17:35:45	1	1	15	0
        119272	2026-02-18 17:36:04	1	1	15	0
        118584	2026-02-18 17:36:39	1	1	15	0
        117129	2026-02-18 17:36:47	1	1	15	0
        118503	2026-02-18 17:37:01	1	1	15	0
        110492	2026-02-18 17:37:17	1	1	15	0
        117616	2026-02-18 17:38:33	1	1	15	0
        117634	2026-02-18 17:38:43	1	1	15	0
        110413	2026-02-18 17:39:31	1	1	15	0
        117716	2026-02-18 17:39:35	1	1	15	0
        110354	2026-02-18 17:39:42	1	1	15	0
        116960	2026-02-18 17:39:46	1	1	15	0
        117114	2026-02-18 17:40:00	1	1	15	0
        110372	2026-02-18 17:40:36	1	1	15	0
        110011	2026-02-18 17:40:41	1	1	15	0
        117683	2026-02-18 17:40:45	1	1	15	0
        110493	2026-02-18 17:40:49	1	1	15	0
        110495	2026-02-18 17:40:53	1	1	15	0
        119104	2026-02-18 17:41:06	1	1	15	0
        117259	2026-02-18 17:41:58	1	1	15	0
        117541	2026-02-18 17:41:59	1	1	15	0
        116296	2026-02-18 17:42:20	1	1	15	0
        118186	2026-02-18 17:42:50	1	1	15	0
        117144	2026-02-18 17:43:23	1	1	15	0
        117114	2026-02-18 17:44:34	1	1	15	0
        116483	2026-02-18 17:44:55	1	1	15	0
        110197	2026-02-18 17:45:07	1	1	15	0
        110116	2026-02-18 17:45:34	1	1	15	0
        117998	2026-02-18 17:45:54	1	1	15	0
        117790	2026-02-18 17:47:12	1	1	15	0
        116356	2026-02-18 17:47:46	1	1	15	0
        117542	2026-02-18 17:47:56	1	1	15	0
        118971	2026-02-18 17:48:34	1	1	15	0
        110360	2026-02-18 17:49:20	1	1	15	0
        116072	2026-02-18 17:49:25	1	1	15	0
        117122	2026-02-18 17:49:30	1	1	15	0
        117059	2026-02-18 17:50:03	1	1	15	0
        110025	2026-02-18 17:50:39	1	1	15	0
        118271	2026-02-18 17:51:27	1	1	15	0
        110507	2026-02-18 17:51:39	1	1	15	0
        117085	2026-02-18 17:52:00	1	1	15	0
        119535	2026-02-18 17:52:07	1	1	15	0
        118744	2026-02-18 17:52:49	1	1	15	0
        117270	2026-02-18 17:52:56	1	1	15	0
        117212	2026-02-18 17:53:18	1	1	15	0
        117993	2026-02-18 17:53:21	1	1	15	0
        117595	2026-02-18 17:53:53	1	1	15	0
        116497	2026-02-18 17:54:06	1	1	15	0
        117219	2026-02-18 17:54:53	1	1	15	0
        116422	2026-02-18 17:54:55	1	1	15	0
        117269	2026-02-18 17:55:25	1	1	15	0
        118761	2026-02-18 17:56:45	1	1	15	0
        117841	2026-02-18 17:57:00	1	1	15	0
        117692	2026-02-18 17:57:51	1	1	15	0
        117849	2026-02-18 17:58:11	1	1	15	0
        110200	2026-02-18 17:58:23	1	1	15	0
        117080	2026-02-18 17:59:24	1	1	15	0
        117707	2026-02-18 17:59:35	1	1	15	0
        119227	2026-02-18 18:00:19	1	1	15	0
        118753	2026-02-18 18:00:20	1	1	15	0
        110378	2026-02-18 18:00:22	1	1	15	0
        116069	2026-02-18 18:00:27	1	1	15	0
        116279	2026-02-18 18:00:36	1	1	15	0
        117837	2026-02-18 18:01:33	1	1	15	0
        110538	2026-02-18 18:02:07	1	1	15	0
        117222	2026-02-18 18:02:30	1	1	15	0
        110473	2026-02-18 18:02:32	1	1	15	0
        117120	2026-02-18 18:02:58	1	1	15	0
        117046	2026-02-18 18:03:06	1	1	15	0
        110418	2026-02-18 18:03:08	1	1	15	0
        110535	2026-02-18 18:03:16	1	1	15	0
        118867	2026-02-18 18:03:39	1	1	15	0
        119107	2026-02-18 18:04:31	1	1	15	0
        117567	2026-02-18 18:04:52	1	1	15	0
        118458	2026-02-18 18:05:17	1	1	15	0
        117926	2026-02-18 18:05:23	1	1	15	0
        116142	2026-02-18 18:05:45	1	1	15	0
        118753	2026-02-18 18:06:07	1	1	15	0
        117921	2026-02-18 18:06:54	1	1	15	0
        116778	2026-02-18 18:07:10	1	1	15	0
        117189	2026-02-18 18:07:17	1	1	15	0
        118568	2026-02-18 18:08:23	1	1	15	0
        117543	2026-02-18 18:09:02	1	1	15	0
        110105	2026-02-18 18:09:06	1	1	15	0
        119157	2026-02-18 18:10:56	1	1	15	0
        119006	2026-02-18 18:11:02	1	1	15	0
        117103	2026-02-18 18:11:46	1	1	15	0
        110090	2026-02-18 18:11:51	1	1	15	0
        117733	2026-02-18 18:12:22	1	1	15	0
        117529	2026-02-18 18:14:04	1	1	15	0
        117575	2026-02-18 18:14:16	1	1	15	0
        117061	2026-02-18 18:15:25	1	1	15	0
        117999	2026-02-18 18:15:31	1	1	15	0
        118953	2026-02-18 18:16:26	1	1	15	0
        116805	2026-02-18 18:17:07	1	1	15	0
        110070	2026-02-18 18:19:22	1	1	15	0
        110093	2026-02-18 18:19:29	1	1	15	0
        116260	2026-02-18 18:23:23	1	1	15	0
        110083	2026-02-18 18:23:47	1	1	15	0
        110393	2026-02-18 18:26:00	1	1	15	0
        117924	2026-02-18 18:27:39	1	1	15	0
        110060	2026-02-18 18:29:49	1	1	15	0
        116453	2026-02-18 18:34:06	1	1	15	0
        119594	2026-02-18 18:36:05	1	1	15	0
        117742	2026-02-18 18:37:07	1	1	15	0
        117807	2026-02-18 18:37:09	1	1	15	0
        110055	2026-02-18 18:37:58	1	1	15	0
        116537	2026-02-18 18:38:25	1	1	15	0
        117077	2026-02-18 18:41:05	1	1	15	0
        117113	2026-02-18 18:43:45	1	1	15	0
        119232	2026-02-18 18:49:33	1	1	15	0
        117969	2026-02-18 18:55:36	1	1	15	0
        116990	2026-02-18 19:00:38	1	1	15	0
        119602	2026-02-18 19:08:35	1	1	15	0
        116849	2026-02-18 19:10:20	1	1	15	0
        116834	2026-02-18 19:11:47	1	1	15	0
        110032	2026-02-18 19:13:30	1	1	15	0
        119364	2026-02-18 19:17:09	1	1	15	0
        118369	2026-02-18 19:26:16	1	1	15	0
        117981	2026-02-18 19:26:18	1	1	15	0
        117088	2026-02-18 19:56:11	1	1	15	0
        110085	2026-02-18 19:58:33	1	1	15	0
        116933	2026-02-18 19:58:38	1	1	15	0
        117591	2026-02-18 19:59:12	1	1	15	0
        110100	2026-02-18 19:59:14	1	1	15	0
        117699	2026-02-18 19:59:18	1	1	15	0
        110063	2026-02-18 20:06:54	1	1	15	0
        110172	2026-02-18 20:38:06	1	1	15	0
        117201	2026-02-19 04:57:06	1	0	15	0
        110144	2026-02-19 05:47:28	1	0	15	0
        119070	2026-02-19 06:23:11	1	0	15	0
        116799	2026-02-19 06:33:15	1	0	15	0
        116835	2026-02-19 06:41:57	1	0	15	0
        116479	2026-02-19 06:42:30	1	0	15	0
        117999	2026-02-19 06:43:51	1	0	15	0
        116834	2026-02-19 06:46:45	1	0	15	0
        116748	2026-02-19 06:52:21	1	0	15	0
        118992	2026-02-19 06:52:33	1	0	15	0
        117930	2026-02-19 06:56:08	1	0	15	0
        117983	2026-02-19 06:56:43	1	0	15	0
        117711	2026-02-19 06:57:08	1	0	15	0
        117224	2026-02-19 07:01:13	1	0	15	0
        110535	2026-02-19 07:04:02	1	0	15	0
        116778	2026-02-19 07:04:23	1	0	15	0
        117059	2026-02-19 07:06:04	1	0	15	0
        110485	2026-02-19 07:06:22	1	0	15	0
        117769	2026-02-19 07:06:38	1	0	15	0
        116763	2026-02-19 07:07:21	1	0	15	0
        110475	2026-02-19 07:09:47	1	0	15	0
        110466	2026-02-19 07:14:08	1	0	15	0
        119602	2026-02-19 07:19:14	1	0	15	0
        119272	2026-02-19 07:19:28	1	0	15	0
        117966	2026-02-19 07:20:57	1	0	15	0
        116428	2026-02-19 07:22:18	1	0	15	0
        119365	2026-02-19 07:23:47	1	0	15	0
        117770	2026-02-19 07:24:10	1	0	15	0
        110358	2026-02-19 07:25:46	1	0	15	0
        110527	2026-02-19 07:26:12	1	0	15	0
        119340	2026-02-19 07:26:43	1	0	15	0
        118580	2026-02-19 07:27:48	1	0	15	0
        117528	2026-02-19 07:31:03	1	0	15	0
        118101	2026-02-19 07:31:17	1	0	15	0
        110085	2026-02-19 07:31:30	1	0	15	0
        116297	2026-02-19 07:31:35	1	0	15	0
        117111	2026-02-19 07:31:39	1	0	15	0
        118640	2026-02-19 07:31:43	1	0	15	0
        116914	2026-02-19 07:31:45	1	0	15	0
        110065	2026-02-19 07:31:58	1	0	15	0
        110473	2026-02-19 07:32:01	1	0	15	0
        117541	2026-02-19 07:33:05	1	0	15	0
        118744	2026-02-19 07:33:12	1	0	15	0
        110060	2026-02-19 07:33:23	1	0	15	0
        117838	2026-02-19 07:33:27	1	0	15	0
        110053	2026-02-19 07:35:03	1	0	15	0
        117133	2026-02-19 07:35:19	1	0	15	0
        117591	2026-02-19 07:35:49	1	0	15	0
        116831	2026-02-19 07:37:00	1	0	15	0
        110084	2026-02-19 07:37:06	1	0	15	0
        118369	2026-02-19 07:37:53	1	0	15	0
        118157	2026-02-19 07:38:07	1	0	15	0
        118997	2026-02-19 07:38:25	1	0	15	0
        110506	2026-02-19 07:39:13	1	0	15	0
        117337	2026-02-19 07:42:06	1	0	15	0
        110356	2026-02-19 07:42:28	1	0	15	0
        110355	2026-02-19 07:42:32	1	0	15	0
        110357	2026-02-19 07:42:34	1	0	15	0
        117850	2026-02-19 07:43:33	1	0	15	0
        116504	2026-02-19 07:43:54	1	0	15	0
        110424	2026-02-19 07:44:51	1	0	15	0
        118043	2026-02-19 07:45:39	1	0	15	0
        117724	2026-02-19 07:45:49	1	0	15	0
        110457	2026-02-19 07:48:41	1	0	15	0
        119143	2026-02-19 07:49:23	1	0	15	0
        118455	2026-02-19 07:50:48	1	0	15	0
        118732	2026-02-19 07:51:47	1	0	15	0
        118568	2026-02-19 07:51:56	1	0	15	0
        110376	2026-02-19 07:52:01	1	0	15	0
        110493	2026-02-19 07:52:10	1	0	15	0
        110051	2026-02-19 07:52:24	1	0	15	0
        117483	2026-02-19 07:52:30	1	0	15	0
        119453	2026-02-19 07:52:59	1	0	15	0
        110512	2026-02-19 07:54:08	1	0	15	0
        110100	2026-02-19 07:54:11	1	0	15	0
        117733	2026-02-19 07:54:49	1	0	15	0
        118221	2026-02-19 07:55:11	1	0	15	0
        117833	2026-02-19 07:55:16	1	0	15	0
        117680	2026-02-19 07:55:21	1	0	15	0
        117114	2026-02-19 07:56:32	1	0	15	0
        116512	2026-02-19 07:56:40	1	0	15	0
        116751	2026-02-19 07:56:44	1	0	15	0
        110377	2026-02-19 07:56:58	1	0	15	0
        117981	2026-02-19 07:57:06	1	0	15	0
        117997	2026-02-19 07:58:24	1	0	15	0
        118271	2026-02-19 07:58:56	1	0	15	0
        117972	2026-02-19 07:59:36	1	0	15	0
        110378	2026-02-19 08:00:41	1	0	15	0
        110062	2026-02-19 08:02:24	1	0	15	0
        110514	2026-02-19 08:02:28	1	0	15	0
        116902	2026-02-19 08:04:24	1	0	15	0
        116356	2026-02-19 08:04:49	1	0	15	0
        117219	2026-02-19 08:04:55	1	0	15	0
        117270	2026-02-19 08:05:02	1	0	15	0
        116346	2026-02-19 08:05:36	1	0	15	0
        116422	2026-02-19 08:06:04	1	0	15	0
        110513	2026-02-19 08:06:16	1	0	15	0
        110113	2026-02-19 08:07:13	1	0	15	0
        117189	2026-02-19 08:07:35	1	0	15	0
        117222	2026-02-19 08:07:42	1	0	15	0
        117840	2026-02-19 08:07:53	1	0	15	0
        117921	2026-02-19 08:08:00	1	0	15	0
        117700	2026-02-19 08:08:25	1	0	15	0
        116483	2026-02-19 08:08:58	1	0	15	0
        110538	2026-02-19 08:09:27	1	0	15	0
        117129	2026-02-19 08:09:31	1	0	15	0
        117088	2026-02-19 08:09:58	1	0	15	0
        110195	2026-02-19 08:10:51	1	0	15	0
        118186	2026-02-19 08:11:48	1	0	15	0
        116496	2026-02-19 08:12:14	1	0	15	0
        116960	2026-02-19 08:13:14	1	0	15	0
        116282	2026-02-19 08:13:47	1	0	15	0
        117642	2026-02-19 08:13:53	1	0	15	0
        119263	2026-02-19 08:14:16	1	0	15	0
        118180	2026-02-19 08:14:21	1	0	15	0
        116142	2026-02-19 08:14:24	1	0	15	0
        117707	2026-02-19 08:14:27	1	0	15	0
        116824	2026-02-19 08:14:33	1	0	15	0
        119364	2026-02-19 08:15:12	1	0	15	0
        119594	2026-02-19 08:15:59	1	0	15	0
        118207	2026-02-19 08:16:03	1	0	15	0
        116296	2026-02-19 08:16:06	1	0	15	0
        116383	2026-02-19 08:16:49	1	0	15	0
        116072	2026-02-19 08:16:57	1	0	15	0
        117639	2026-02-19 08:17:03	1	0	15	0
        116493	2026-02-19 08:18:26	1	0	15	0
        117839	2026-02-19 08:20:30	1	0	15	0
        117807	2026-02-19 08:20:59	1	0	15	0
        117742	2026-02-19 08:21:01	1	0	15	0
        117817	2026-02-19 08:21:28	1	0	15	0
        110172	2026-02-19 08:21:33	1	0	15	0
        117969	2026-02-19 08:21:45	1	0	15	0
        117542	2026-02-19 08:21:48	1	0	15	0
        117811	2026-02-19 08:22:21	1	0	15	0
        110128	2026-02-19 08:22:35	1	0	15	0
        117259	2026-02-19 08:22:39	1	0	15	0
        116274	2026-02-19 08:23:10	1	0	15	0
        110076	2026-02-19 08:23:33	1	0	15	0
        110025	2026-02-19 08:24:31	1	0	15	0
        118695	2026-02-19 08:25:47	1	0	15	0
        117121	2026-02-19 08:26:58	1	0	15	0
        116996	2026-02-19 08:27:05	1	0	15	0
        119493	2026-02-19 08:27:15	1	0	15	0
        110105	2026-02-19 08:27:20	1	0	15	0
        110197	2026-02-19 08:27:25	1	0	15	0
        119386	2026-02-19 08:27:31	1	0	15	0
        116747	2026-02-19 08:27:36	1	0	15	0
        116070	2026-02-19 08:29:01	1	0	1	0
        116995	2026-02-19 08:29:20	1	0	15	0
        117683	2026-02-19 08:29:54	1	0	15	0
        117634	2026-02-19 08:29:56	1	0	15	0
        110011	2026-02-19 08:29:58	1	0	15	0
        119282	2026-02-19 08:30:01	1	0	15	0
        117630	2026-02-19 08:30:05	1	0	15	0
        116537	2026-02-19 08:30:52	1	0	15	0
        110492	2026-02-19 08:31:45	1	0	15	0
        116426	2026-02-19 08:32:14	1	0	15	0
        117924	2026-02-19 08:32:29	1	0	15	0
        117575	2026-02-19 08:33:34	1	0	15	0
        110393	2026-02-19 08:33:37	1	0	15	0
        117595	2026-02-19 08:34:11	1	0	15	0
        117644	2026-02-19 08:34:15	1	0	15	0
        110354	2026-02-19 08:34:27	1	0	15	0
        117120	2026-02-19 08:34:39	1	0	15	0
        117046	2026-02-19 08:34:42	1	0	15	0
        117497	2026-02-19 08:35:13	1	0	15	0
        117616	2026-02-19 08:35:52	1	0	15	0
        117054	2026-02-19 08:36:39	1	0	15	0
        117043	2026-02-19 08:37:05	1	0	15	0
        110413	2026-02-19 08:38:00	1	0	15	0
        116129	2026-02-19 08:38:06	1	0	15	0
        110032	2026-02-19 08:38:26	1	0	15	0
        117920	2026-02-19 08:38:36	1	0	15	0
        118971	2026-02-19 08:39:47	1	0	15	0
        119006	2026-02-19 08:40:11	1	0	15	0
        110158	2026-02-19 08:40:28	1	0	15	0
        118917	2026-02-19 08:40:40	1	0	15	0
        110088	2026-02-19 08:41:01	1	0	15	0
        110372	2026-02-19 08:41:17	1	0	15	0
        117716	2026-02-19 08:41:25	1	0	15	0
        116990	2026-02-19 08:41:30	1	0	15	0
        116805	2026-02-19 08:41:47	1	0	15	0
        116497	2026-02-19 08:42:35	1	0	15	0
        117699	2026-02-19 08:42:41	1	0	15	0
        118046	2026-02-19 08:42:45	1	0	15	0
        118761	2026-02-19 08:42:50	1	0	15	0
        110495	2026-02-19 08:42:55	1	0	15	0
        119107	2026-02-19 08:43:13	1	0	15	0
        117085	2026-02-19 08:43:29	1	0	15	0
        117147	2026-02-19 08:43:38	1	0	15	0
        117993	2026-02-19 08:43:56	1	0	15	0
        117998	2026-02-19 08:44:28	1	0	15	0
        117103	2026-02-19 08:45:20	1	0	15	0
        119104	2026-02-19 08:45:28	1	0	15	0
        117122	2026-02-19 08:45:42	1	0	15	0
        117849	2026-02-19 08:45:46	1	0	15	0
        110057	2026-02-19 08:45:50	1	0	15	0
        110077	2026-02-19 08:45:53	1	0	15	0
        110418	2026-02-19 08:46:35	1	0	15	0
        117567	2026-02-19 08:46:43	1	0	15	0
        118458	2026-02-19 08:46:47	1	0	15	0
        119449	2026-02-19 08:48:32	1	0	15	0
        117786	2026-02-19 08:49:27	1	0	15	0
        117543	2026-02-19 08:49:48	1	0	15	0
        110083	2026-02-19 08:49:51	1	0	15	0
        117144	2026-02-19 08:50:58	1	0	15	0
        118503	2026-02-19 08:51:19	1	0	15	0
        110116	2026-02-19 08:51:25	1	0	15	0
        118563	2026-02-19 08:53:00	1	0	15	0
        118862	2026-02-19 08:53:03	1	0	15	0
        116069	2026-02-19 08:53:14	1	0	15	0
        117080	2026-02-19 08:53:18	1	0	15	0
        117926	2026-02-19 08:53:23	1	0	15	0
        116252	2026-02-19 08:53:32	1	0	15	0
        117790	2026-02-19 08:54:45	1	0	15	0
        119157	2026-02-19 08:55:05	1	0	15	0
        117692	2026-02-19 08:56:12	1	0	15	0
        118584	2026-02-19 08:56:16	1	0	15	0
        110200	2026-02-19 08:56:34	1	0	15	0
        117212	2026-02-19 08:57:05	1	0	15	0
        118953	2026-02-19 08:57:09	1	0	15	0
        116477	2026-02-19 08:57:20	1	0	15	0
        117841	2026-02-19 08:57:36	1	0	15	0
        116279	2026-02-19 08:58:24	1	0	15	0
        116260	2026-02-19 09:01:32	1	0	15	0
        116166	2026-02-19 09:01:36	1	0	15	0
        117341	2026-02-19 09:02:30	1	0	15	0
        117156	2026-02-19 09:03:48	1	0	15	0
        110090	2026-02-19 09:06:50	1	0	15	0
        117061	2026-02-19 09:08:13	1	0	15	0
        110055	2026-02-19 09:09:36	1	0	15	0
        119535	2026-02-19 09:09:39	1	0	15	0
        110507	2026-02-19 09:12:45	1	0	15	0
        117815	2026-02-19 09:14:14	1	0	15	0
        118867	2026-02-19 09:15:17	1	0	15	0
        118753	2026-02-19 09:15:20	1	0	15	0
        116933	2026-02-19 09:15:34	1	0	15	0
        119232	2026-02-19 09:19:01	1	0	15	0
        116453	2026-02-19 09:20:14	1	0	15	0
        117077	2026-02-19 09:20:29	1	0	15	0
        117645	2026-02-19 09:20:40	1	0	15	0
        116337	2026-02-19 09:24:41	1	0	15	0
        117812	2026-02-19 09:33:25	1	0	15	0
        117529	2026-02-19 09:40:35	1	0	15	0
        117659	2026-02-19 09:50:59	1	0	15	0
        119535	2026-02-19 11:16:29	1	2	15	0
        116069	2026-02-19 11:58:55	1	2	15	0
        116260	2026-02-19 12:00:07	1	2	15	0
        117924	2026-02-19 12:00:09	1	2	15	0
        110457	2026-02-19 12:00:11	1	2	15	0
        116142	2026-02-19 12:00:12	1	2	15	0
        117575	2026-02-19 12:00:14	1	2	15	0
        116072	2026-02-19 12:00:16	1	2	15	0
        116453	2026-02-19 12:00:19	1	2	15	0
        116166	2026-02-19 12:00:20	1	2	15	0
        117966	2026-02-19 12:00:22	1	2	15	0
        117769	2026-02-19 12:00:25	1	2	15	0
        117811	2026-02-19 12:00:28	1	2	15	0
        117838	2026-02-19 12:00:29	1	2	1	0
        116346	2026-02-19 12:00:31	1	2	15	0
        116990	2026-02-19 12:00:33	1	2	15	0
        116477	2026-02-19 12:00:36	1	2	15	0
        117998	2026-02-19 12:00:38	1	2	15	0
        110493	2026-02-19 12:00:40	1	2	15	0
        110495	2026-02-19 12:00:42	1	2	15	0
        116069	2026-02-19 12:00:45	1	2	15	0
        118221	2026-02-19 12:01:08	1	2	15	0
        116070	2026-02-19 12:01:17	1	2	15	0
        110538	2026-02-19 12:01:20	1	2	15	0
        117700	2026-02-19 12:01:31	1	2	15	0
        110514	2026-02-19 12:01:48	1	2	15	0
        110512	2026-02-19 12:02:01	1	2	15	0
        110506	2026-02-19 12:02:06	1	2	15	0
        110513	2026-02-19 12:02:11	1	2	15	0
        116383	2026-02-19 12:02:15	1	2	15	0
        110116	2026-02-19 12:02:17	1	2	15	0
        117201	2026-02-19 12:02:20	1	2	15	0
        116914	2026-02-19 12:02:28	1	2	15	0
        116902	2026-02-19 12:02:29	1	2	1	0
        118046	2026-02-19 12:02:31	1	2	15	0
        118458	2026-02-19 12:02:34	1	2	15	0
        117926	2026-02-19 12:02:37	1	2	15	0
        116995	2026-02-19 12:02:39	1	2	15	0
        110197	2026-02-19 12:02:40	1	2	15	0
        117833	2026-02-19 12:02:42	1	2	15	0
        117812	2026-02-19 12:02:46	1	2	15	0
        119493	2026-02-19 12:02:47	1	2	15	0
        119449	2026-02-19 12:02:50	1	2	15	0
        110377	2026-02-19 12:02:55	1	2	15	0
        110376	2026-02-19 12:02:58	1	2	15	0
        119107	2026-02-19 12:03:03	1	2	15	0
        116346	2026-02-19 12:03:05	1	2	15	0
        117849	2026-02-19 12:03:16	1	2	15	0
        110128	2026-02-19 12:03:19	1	2	15	0
        119282	2026-02-19 12:03:21	1	2	15	0
        118640	2026-02-19 12:03:23	1	2	15	0
        110172	2026-02-19 12:03:25	1	2	15	0
        110354	2026-02-19 12:03:31	1	2	15	0
        116477	2026-02-19 12:03:33	1	2	15	0
        117542	2026-02-19 12:03:41	1	2	15	0
        117997	2026-02-19 12:03:52	1	2	15	0
        110055	2026-02-19 12:04:02	1	2	15	0
        110527	2026-02-19 12:04:08	1	2	15	0
        110507	2026-02-19 12:04:13	1	2	15	0
        119535	2026-02-19 12:04:26	1	2	15	0
        117224	2026-02-19 12:04:29	1	2	15	0
        117080	2026-02-19 12:04:35	1	2	15	0
        117930	2026-02-19 12:04:37	1	2	15	0
        117707	2026-02-19 12:04:39	1	2	15	0
        116990	2026-02-19 12:04:42	1	2	15	0
        116070	2026-02-19 12:04:44	1	2	15	0
        117969	2026-02-19 12:04:51	1	2	15	0
        116497	2026-02-19 12:04:53	1	2	15	0
        116252	2026-02-19 12:04:55	1	2	15	0
        117567	2026-02-19 12:04:58	1	2	15	0
        110473	2026-02-19 12:05:00	1	2	15	0
        118563	2026-02-19 12:05:02	1	2	15	0
        110200	2026-02-19 12:05:07	1	2	15	0
        117700	2026-02-19 12:05:11	1	2	15	0
        117046	2026-02-19 12:05:19	1	2	15	0
        110418	2026-02-19 12:05:21	1	2	15	0
        116763	2026-02-19 12:05:23	1	2	15	0
        117120	2026-02-19 12:05:26	1	2	15	0
        110424	2026-02-19 12:05:28	1	2	15	0
        110076	2026-02-19 12:05:31	1	2	15	0
        117849	2026-02-19 12:05:44	1	2	15	0
        116069	2026-02-19 12:05:53	1	2	15	0
        116835	2026-02-19 12:06:06	1	2	15	0
        110372	2026-02-19 12:06:10	1	2	15	0
        117790	2026-02-19 12:06:14	1	2	15	0
        117061	2026-02-19 12:06:15	1	2	15	0
        118369	2026-02-19 12:06:17	1	2	15	0
        110354	2026-02-19 12:06:19	1	2	15	0
        116805	2026-02-19 12:06:22	1	2	15	0
        117981	2026-02-19 12:06:24	1	2	15	0
        116933	2026-02-19 12:06:26	1	2	15	0
        118043	2026-02-19 12:06:27	1	2	15	0
        116747	2026-02-19 12:06:29	1	2	15	0
        117542	2026-02-19 12:06:31	1	2	15	0
        117529	2026-02-19 12:06:34	1	2	15	0
        110495	2026-02-19 12:06:41	1	2	15	0
        116914	2026-02-19 12:06:45	1	2	15	0
        110493	2026-02-19 12:06:47	1	2	15	0
        116902	2026-02-19 12:06:53	1	2	1	0
        116383	2026-02-19 12:06:54	1	2	15	0
        117088	2026-02-19 12:06:59	1	2	15	0
        118971	2026-02-19 12:07:01	1	2	15	0
        116995	2026-02-19 12:07:04	1	2	15	0
        116834	2026-02-19 12:07:06	1	2	15	0
        118744	2026-02-19 12:07:10	1	2	15	0
        110357	2026-02-19 12:07:11	1	2	15	0
        117259	2026-02-19 12:07:15	1	2	15	0
        117541	2026-02-19 12:07:16	1	2	15	0
        117998	2026-02-19 12:07:21	1	2	15	0
        117639	2026-02-19 12:07:22	1	2	15	0
        117997	2026-02-19 12:07:24	1	2	15	0
        117680	2026-02-19 12:07:28	1	2	15	0
        119449	2026-02-19 12:07:30	1	2	15	0
        117497	2026-02-19 12:07:32	1	2	15	0
        119282	2026-02-19 12:07:40	1	2	15	0
        119107	2026-02-19 12:07:45	1	2	15	0
        119535	2026-02-19 12:07:48	1	2	15	0
        117716	2026-02-19 12:07:51	1	2	15	0
        117111	2026-02-19 12:07:53	1	2	15	0
        118695	2026-02-19 12:07:55	1	2	15	0
        119493	2026-02-19 12:07:56	1	2	15	0
        117337	2026-02-19 12:08:00	1	2	15	0
        117999	2026-02-19 12:08:02	1	2	15	0
        110393	2026-02-19 12:08:05	1	2	15	0
        110055	2026-02-19 12:08:06	1	2	15	0
        117529	2026-02-19 12:08:10	1	2	15	0
        117528	2026-02-19 12:08:24	1	2	15	0
        117930	2026-02-19 12:08:30	1	2	15	0
        117926	2026-02-19 12:08:33	1	2	15	0
        110172	2026-02-19 12:08:35	1	2	15	0
        119365	2026-02-19 12:08:40	1	2	15	0
        117699	2026-02-19 12:08:54	1	2	15	0
        117201	2026-02-19 12:08:57	1	2	15	0
        116537	2026-02-19 12:09:06	1	2	15	0
        116337	2026-02-19 12:09:09	1	2	15	0
        117341	2026-02-19 12:09:11	1	2	15	0
        110032	2026-02-19 12:09:13	1	2	15	0
        117077	2026-02-19 12:09:14	1	2	15	0
        117786	2026-02-19 12:09:19	1	2	15	0
        110053	2026-02-19 12:09:21	1	2	15	0
        117120	2026-02-19 12:09:24	1	2	15	0
        116763	2026-02-19 12:09:25	1	2	15	0
        117270	2026-02-19 12:09:26	1	2	15	0
        117046	2026-02-19 12:09:33	1	2	15	0
        117080	2026-02-19 12:09:35	1	2	15	0
        110424	2026-02-19 12:09:37	1	2	15	0
        110418	2026-02-19 12:09:39	1	2	15	0
        116356	2026-02-19 12:09:40	1	2	15	0
        119602	2026-02-19 12:09:42	1	2	15	0
        117711	2026-02-19 12:09:44	1	2	15	0
        119006	2026-02-19 12:09:47	1	2	15	0
        110025	2026-02-19 12:09:49	1	2	15	0
        119364	2026-02-19 12:09:51	1	2	15	0
        119594	2026-02-19 12:09:53	1	2	15	0
        117812	2026-02-19 12:09:55	1	2	15	0
        117043	2026-02-19 12:09:57	1	2	15	0
        117595	2026-02-19 12:10:04	1	2	15	0
        116799	2026-02-19 12:10:08	1	2	15	0
        110507	2026-02-19 12:10:12	1	2	15	0
        110200	2026-02-19 12:10:15	1	2	15	0
        110492	2026-02-19 12:10:30	1	2	15	0
        110076	2026-02-19 12:10:37	1	2	15	0
        110535	2026-02-19 12:10:43	1	2	15	0
        110090	2026-02-19 12:10:56	1	2	15	0
        118458	2026-02-19 12:10:59	1	2	15	0
        119594	2026-02-19 12:11:03	1	2	15	0
        117144	2026-02-19 12:11:06	1	2	15	0
        117630	2026-02-19 12:11:07	1	2	15	0
        119157	2026-02-19 12:11:11	1	2	15	0
        110060	2026-02-19 12:11:13	1	2	15	0
        116960	2026-02-19 12:11:15	1	2	15	0
        117981	2026-02-19 12:11:17	1	2	15	0
        118369	2026-02-19 12:11:18	1	2	15	0
        116356	2026-02-19 12:11:18	1	2	15	0
        117061	2026-02-19 12:11:22	1	2	15	0
        116805	2026-02-19 12:11:25	1	2	15	0
        110358	2026-02-19 12:11:27	1	2	15	0
        119340	2026-02-19 12:11:31	1	2	15	0
        117815	2026-02-19 12:11:33	1	2	15	0
        118971	2026-02-19 12:11:39	1	2	15	0
        117833	2026-02-19 12:11:47	1	2	15	0
        116835	2026-02-19 12:11:56	1	2	15	0
        110372	2026-02-19 12:11:59	1	2	15	0
        119365	2026-02-19 12:12:02	1	2	15	0
        117983	2026-02-19 12:12:06	1	2	15	0
        118043	2026-02-19 12:12:08	1	2	15	0
        117059	2026-02-19 12:12:11	1	2	15	0
        117742	2026-02-19 12:12:13	1	2	15	0
        118221	2026-02-19 12:12:15	1	2	15	0
        117129	2026-02-19 12:12:15	1	2	15	0
        117807	2026-02-19 12:12:19	1	2	15	0
        116428	2026-02-19 12:12:22	1	2	15	0
        118584	2026-02-19 12:12:24	1	2	15	0
        116537	2026-02-19 12:12:28	1	2	15	0
        116337	2026-02-19 12:12:30	1	2	15	0
        117077	2026-02-19 12:12:36	1	2	15	0
        117341	2026-02-19 12:12:41	1	2	15	0
        117133	2026-02-19 12:12:44	1	2	15	0
        110032	2026-02-19 12:12:46	1	2	15	0
        110088	2026-02-19 12:12:49	1	2	15	0
        117616	2026-02-19 12:12:52	1	2	15	0
        110077	2026-02-19 12:12:55	1	2	15	0
        118744	2026-02-19 12:12:59	1	2	15	0
        110051	2026-02-19 12:13:03	1	2	15	0
        117121	2026-02-19 12:13:24	1	2	15	0
        117156	2026-02-19 12:13:26	1	2	15	0
        117043	2026-02-19 12:13:28	1	2	15	0
        110357	2026-02-19 12:13:31	1	2	15	0
        110378	2026-02-19 12:13:33	1	2	15	0
        110492	2026-02-19 12:13:34	1	2	15	0
        117122	2026-02-19 12:13:36	1	2	15	0
        116453	2026-02-19 12:13:47	1	2	15	0
        119006	2026-02-19 12:13:48	1	2	15	0
        117642	2026-02-19 12:13:51	1	2	15	0
        116296	2026-02-19 12:13:53	1	2	15	0
        119157	2026-02-19 12:13:54	1	2	15	0
        116274	2026-02-19 12:13:57	1	2	15	0
        117645	2026-02-19 12:14:00	1	2	15	0
        117840	2026-02-19 12:14:01	1	2	15	0
        117659	2026-02-19 12:14:03	1	2	15	0
        117839	2026-02-19 12:14:05	1	2	15	0
        118503	2026-02-19 12:14:09	1	2	15	0
        119340	2026-02-19 12:14:30	1	2	15	0
        110358	2026-02-19 12:14:35	1	2	15	0
        116834	2026-02-19 12:14:47	1	2	15	0
        119453	2026-02-19 12:14:53	1	2	15	0
        117133	2026-02-19 12:15:04	1	2	15	0
        117742	2026-02-19 12:15:07	1	2	15	0
        117716	2026-02-19 12:15:08	1	2	15	0
        117807	2026-02-19 12:15:10	1	2	15	0
        116960	2026-02-19 12:15:12	1	2	15	0
        118584	2026-02-19 12:15:17	1	2	15	0
        110060	2026-02-19 12:15:20	1	2	15	0
        117528	2026-02-19 12:15:20	1	2	15	0
        117543	2026-02-19 12:15:33	1	2	15	0
        117088	2026-02-19 12:15:36	1	2	15	0
        117711	2026-02-19 12:15:41	1	2	15	0
        116496	2026-02-19 12:15:43	1	2	15	0
        118271	2026-02-19 12:15:47	1	2	15	0
        110512	2026-02-19 12:15:56	1	2	15	0
        110513	2026-02-19 12:16:00	1	2	15	0
        110514	2026-02-19 12:16:03	1	2	15	0
        119386	2026-02-19 12:16:05	1	2	15	0
        117724	2026-02-19 12:16:06	1	2	15	0
        118101	2026-02-19 12:16:08	1	2	15	0
        119272	2026-02-19 12:16:14	1	2	15	0
        117733	2026-02-19 12:16:16	1	2	15	0
        110090	2026-02-19 12:16:18	1	2	15	0
        117129	2026-02-19 12:16:25	1	2	15	0
        116512	2026-02-19 12:16:46	1	2	15	0
        116751	2026-02-19 12:16:46	1	2	15	0
        116426	2026-02-19 12:16:49	1	2	15	0
        117790	2026-02-19 12:17:00	1	2	15	0
        116129	2026-02-19 12:17:17	1	2	15	0
        117983	2026-02-19 12:17:29	1	2	15	0
        110053	2026-02-19 12:17:37	1	2	15	0
        110538	2026-02-19 12:17:42	1	2	15	0
        117212	2026-02-19 12:17:47	1	2	15	0
        117054	2026-02-19 12:17:49	1	2	15	0
        117189	2026-02-19 12:17:53	1	2	15	0
        116296	2026-02-19 12:18:00	1	2	15	0
        117707	2026-02-19 12:18:07	1	2	15	0
        118503	2026-02-19 12:18:16	1	2	15	0
        117692	2026-02-19 12:18:23	1	2	15	0
        117921	2026-02-19 12:18:27	1	2	15	0
        119104	2026-02-19 12:18:33	1	2	15	0
        116279	2026-02-19 12:19:01	1	2	15	0
        110062	2026-02-19 12:19:08	1	2	15	0
        116129	2026-02-19 12:19:29	1	2	15	0
        117733	2026-02-19 12:19:55	1	2	15	0
        119386	2026-02-19 12:20:00	1	2	15	0
        118867	2026-02-19 12:20:05	1	2	15	0
        117567	2026-02-19 12:20:13	1	2	15	0
        117189	2026-02-19 12:20:43	1	2	15	0
        117999	2026-02-19 12:20:48	1	2	15	0
        118580	2026-02-19 12:20:56	1	2	15	0
        110084	2026-02-19 12:21:01	1	2	15	0
        116799	2026-02-19 12:21:12	1	2	15	0
        116748	2026-02-19 12:21:15	1	2	15	0
        117966	2026-02-19 12:21:47	1	2	15	0
        117838	2026-02-19 12:21:49	1	2	15	0
        117769	2026-02-19 12:21:50	1	2	15	0
        117212	2026-02-19 12:21:53	1	2	15	0
        117054	2026-02-19 12:21:59	1	2	15	0
        119104	2026-02-19 12:22:07	1	2	15	0
        116279	2026-02-19 12:22:12	1	2	15	0
        110084	2026-02-19 12:22:26	1	2	15	0
        118753	2026-02-19 12:22:45	1	2	15	0
        117121	2026-02-19 12:22:53	1	2	15	0
        117156	2026-02-19 12:22:56	1	2	15	0
        117920	2026-02-19 12:23:10	1	2	15	0
        117850	2026-02-19 12:23:14	1	2	15	0
        117222	2026-02-19 12:23:18	1	2	15	0
        117642	2026-02-19 12:23:22	1	2	15	0
        116493	2026-02-19 12:23:27	1	2	15	0
        117111	2026-02-19 12:23:29	1	2	15	0
        118695	2026-02-19 12:23:32	1	2	15	0
        117692	2026-02-19 12:23:34	1	2	15	0
        117921	2026-02-19 12:23:35	1	2	15	0
        117337	2026-02-19 12:23:37	1	2	15	0
        119263	2026-02-19 12:23:39	1	2	15	0
        117259	2026-02-19 12:23:54	1	2	15	0
        117541	2026-02-19 12:23:55	1	2	15	0
        117270	2026-02-19 12:23:56	1	2	15	0
        117224	2026-02-19 12:24:00	1	2	15	0
        110378	2026-02-19 12:24:02	1	2	15	0
        118753	2026-02-19 12:24:03	1	2	15	0
        118867	2026-02-19 12:24:05	1	2	15	0
        117144	2026-02-19 12:24:11	1	2	15	0
        110088	2026-02-19 12:24:13	1	2	15	0
        118580	2026-02-19 12:24:33	1	2	15	0
        117639	2026-02-19 12:24:46	1	2	15	0
        117575	2026-02-19 12:24:52	1	2	15	0
        116824	2026-02-19 12:25:08	1	2	15	0
        117699	2026-02-19 12:25:29	1	2	15	0
        117817	2026-02-19 12:25:39	1	2	15	0
        118271	2026-02-19 12:25:44	1	2	15	0
        116496	2026-02-19 12:25:47	1	2	15	0
        117924	2026-02-19 12:25:51	1	2	15	0
        110457	2026-02-19 12:25:52	1	2	15	0
        116072	2026-02-19 12:25:55	1	2	15	0
        116504	2026-02-19 12:25:58	1	2	15	0
        116274	2026-02-19 12:26:13	1	2	15	0
        116260	2026-02-19 12:26:34	1	2	15	0
        116493	2026-02-19 12:26:48	1	2	15	0
        116142	2026-02-19 12:27:39	1	2	15	0
        117497	2026-02-19 12:27:50	1	2	15	0
        117680	2026-02-19 12:27:54	1	2	15	0
        119453	2026-02-19 12:28:01	1	2	15	0
        117850	2026-02-19 12:28:07	1	2	15	0
        118862	2026-02-19 12:28:12	1	2	15	0
        117920	2026-02-19 12:28:15	1	2	15	0
        117630	2026-02-19 12:28:20	1	2	15	0
        117114	2026-02-19 12:28:27	1	2	15	0
        110077	2026-02-19 12:28:47	1	2	15	0
        117817	2026-02-19 12:28:53	1	2	15	0
        116504	2026-02-19 12:29:14	1	2	15	0
        117969	2026-02-19 12:29:37	1	2	15	0
        110393	2026-02-19 12:29:39	1	2	15	0
        110413	2026-02-19 12:29:43	1	2	15	0
        117543	2026-02-19 12:29:46	1	2	15	0
        110116	2026-02-19 12:29:49	1	2	15	0
        119453	2026-02-19 12:29:51	1	2	15	0
        110062	2026-02-19 12:29:56	1	2	15	0
        119272	2026-02-19 12:30:00	1	2	15	0
        117616	2026-02-19 12:30:22	1	2	15	0
        110355	2026-02-19 12:30:27	1	2	15	0
        116748	2026-02-19 12:31:19	1	3	15	0
        117122	2026-02-19 12:31:23	1	3	15	0
        117591	2026-02-19 12:31:28	1	3	15	0
        116751	2026-02-19 12:31:42	1	3	15	0
        110376	2026-02-19 12:32:18	1	3	15	0
        110377	2026-02-19 12:32:22	1	3	15	0
        117483	2026-02-19 12:32:27	1	3	15	0
        116824	2026-02-19 12:32:33	1	3	15	0
        110057	2026-02-19 12:32:37	1	3	15	0
        117222	2026-02-19 12:32:40	1	3	15	0
        110535	2026-02-19 12:33:13	1	3	15	0
        116428	2026-02-19 12:33:41	1	3	15	0
        118761	2026-02-19 12:33:42	1	3	15	0
        116512	2026-02-19 12:33:46	1	3	15	0
        110355	2026-02-19 12:33:52	1	3	15	0
        116297	2026-02-19 12:33:57	1	3	15	0
        110065	2026-02-19 12:34:23	1	3	15	0
        117483	2026-02-19 12:34:56	1	3	15	0
        118862	2026-02-19 12:35:00	1	3	15	0
        117114	2026-02-19 12:35:17	1	3	15	0
        117591	2026-02-19 12:35:32	1	3	15	0
        117059	2026-02-19 12:36:12	1	3	15	0
        110197	2026-02-19 12:36:18	1	3	15	0
        118732	2026-02-19 12:36:57	1	3	15	0
        117972	2026-02-19 12:37:02	1	3	15	0
        110057	2026-02-19 12:37:06	1	3	15	0
        119143	2026-02-19 12:37:19	1	3	15	0
        116831	2026-02-19 12:37:43	1	3	15	0
        117103	2026-02-19 12:37:47	1	3	15	0
        116297	2026-02-19 12:37:52	1	3	15	0
        110065	2026-02-19 12:37:55	1	3	15	0
        119263	2026-02-19 12:38:03	1	3	15	0
        110085	2026-02-19 12:38:14	1	3	15	0
        118180	2026-02-19 12:38:22	1	3	15	0
        118640	2026-02-19 12:38:28	1	3	15	0
        110128	2026-02-19 12:38:40	1	3	15	0
        110473	2026-02-19 12:38:42	1	3	15	0
        117644	2026-02-19 12:38:44	1	3	15	0
        117993	2026-02-19 12:38:46	1	3	15	0
        119143	2026-02-19 12:39:05	1	3	15	0
        116747	2026-02-19 12:39:46	1	3	15	0
        117103	2026-02-19 12:40:09	1	3	15	0
        118732	2026-02-19 12:40:14	1	3	15	0
        110025	2026-02-19 12:40:17	1	3	15	0
        119364	2026-02-19 12:40:18	1	3	15	0
        110506	2026-02-19 12:40:39	1	3	15	0
        117644	2026-02-19 12:41:08	1	3	15	0
        117993	2026-02-19 12:41:12	1	3	15	0
        117815	2026-02-19 12:41:17	1	3	15	0
        118563	2026-02-19 12:41:54	1	3	15	0
        117972	2026-02-19 12:42:17	1	3	15	0
        117982	2026-02-19 12:42:22	1	3	15	0
        110085	2026-02-19 12:42:25	1	3	15	0
        117595	2026-02-19 12:43:03	1	3	15	0
        117724	2026-02-19 12:43:33	1	3	15	0
        118101	2026-02-19 12:43:35	1	3	15	0
        118046	2026-02-19 12:43:54	1	3	15	0
        110527	2026-02-19 12:44:11	1	3	15	0
        117841	2026-02-19 12:44:19	1	3	15	0
        117811	2026-02-19 12:44:22	1	3	15	0
        117659	2026-02-19 12:44:24	1	3	15	0
        117839	2026-02-19 12:44:24	1	3	15	0
        117645	2026-02-19 12:44:26	1	3	15	0
        117770	2026-02-19 12:44:27	1	3	15	0
        117840	2026-02-19 12:44:29	1	3	15	0
        110051	2026-02-19 12:45:05	1	3	15	0
        110466	2026-02-19 12:45:23	1	3	15	0
        117770	2026-02-19 12:45:35	1	3	15	0
        118207	2026-02-19 12:45:47	1	3	15	0
        116426	2026-02-19 12:46:36	1	3	15	0
        116831	2026-02-19 12:46:39	1	3	15	0
        118917	2026-02-19 12:46:49	1	3	15	0
        117085	2026-02-19 12:46:51	1	3	15	0
        117147	2026-02-19 12:46:53	1	3	15	0
        110011	2026-02-19 12:46:56	1	3	15	0
        116104	2026-02-19 12:46:58	1	3	15	0
        110083	2026-02-19 12:48:04	1	3	15	0
        118207	2026-02-19 12:49:29	1	3	15	0
        117634	2026-02-19 12:50:07	1	3	15	0
        117219	2026-02-19 12:50:09	1	3	15	0
        117683	2026-02-19 12:50:11	1	3	15	0
        116422	2026-02-19 12:50:13	1	3	15	0
        116282	2026-02-19 12:50:15	1	3	15	0
        118157	2026-02-19 12:50:18	1	3	15	0
        118761	2026-02-19 12:50:36	1	3	15	0
        118186	2026-02-19 12:50:45	1	3	15	0
        117147	2026-02-19 12:51:44	1	3	15	0
        110356	2026-02-19 12:52:10	1	3	15	0
        110011	2026-02-19 12:52:40	1	3	15	0
        116104	2026-02-19 12:52:43	1	3	15	0
        116282	2026-02-19 12:52:45	1	3	15	0
        117219	2026-02-19 12:52:47	1	3	15	0
        117683	2026-02-19 12:52:52	1	3	15	0
        116422	2026-02-19 12:52:54	1	3	15	0
        117634	2026-02-19 12:52:56	1	3	15	0
        110413	2026-02-19 12:52:58	1	3	15	0
        118157	2026-02-19 12:53:00	1	3	15	0
        118186	2026-02-19 12:53:02	1	3	15	0
        117841	2026-02-19 12:53:03	1	3	15	0
        118455	2026-02-19 12:53:08	1	3	15	0
        116483	2026-02-19 12:53:10	1	3	15	0
        119070	2026-02-19 12:53:12	1	3	15	0
        116497	2026-02-19 12:53:14	1	3	15	0
        119227	2026-02-19 12:53:16	1	3	15	0
        118917	2026-02-19 12:53:28	1	3	15	0
        117085	2026-02-19 12:53:40	1	3	15	0
        116166	2026-02-19 12:54:37	1	3	15	0
        110466	2026-02-19 12:54:42	1	3	15	0
        110083	2026-02-19 12:55:55	1	3	15	0
        116933	2026-02-19 12:56:50	1	3	15	0
        116483	2026-02-19 12:57:05	1	3	15	0
        118455	2026-02-19 12:57:07	1	3	15	0
        119070	2026-02-19 12:57:10	1	3	15	0
        110356	2026-02-19 12:57:30	1	3	15	0
        119602	2026-02-19 12:59:11	1	3	15	0
        117786	2026-02-19 13:02:52	1	3	15	0
        119365	2026-02-19 15:35:14	1	3	15	0
        110485	2026-02-19 15:36:47	1	3	15	0
        117224	2026-02-19 16:03:15	1	1	15	0
        117930	2026-02-19 16:04:45	1	1	15	0
        117711	2026-02-19 16:06:00	1	1	15	0
        116748	2026-02-19 16:06:38	1	1	15	0
        116763	2026-02-19 16:10:10	1	1	15	0
        117769	2026-02-19 16:17:53	1	1	15	0
        117059	2026-02-19 16:19:11	1	1	15	0
        117983	2026-02-19 16:20:45	1	1	15	0
        117770	2026-02-19 16:27:25	1	1	15	0
        119340	2026-02-19 16:27:34	1	1	15	0
        116297	2026-02-19 16:33:14	1	1	15	0
        110065	2026-02-19 16:34:59	1	1	15	0
        116914	2026-02-19 16:35:17	1	1	15	0
        117133	2026-02-19 16:36:39	1	1	15	0
        110535	2026-02-19 16:38:44	1	1	15	0
        117966	2026-02-19 16:48:30	1	1	15	0
        117838	2026-02-19 16:48:43	1	1	15	0
        118744	2026-02-19 16:50:04	1	1	15	0
        118640	2026-02-19 16:53:39	1	1	15	0
        117483	2026-02-19 16:57:48	1	1	15	0
        117528	2026-02-19 17:00:06	1	1	15	0
        118043	2026-02-19 17:01:19	1	1	15	0
        116512	2026-02-19 17:01:34	1	1	15	0
        116751	2026-02-19 17:01:36	1	1	15	0
        117111	2026-02-19 17:01:52	1	1	15	0
        110475	2026-02-19 17:02:21	1	1	15	0
        110355	2026-02-19 17:03:02	1	1	15	0
        110358	2026-02-19 17:03:21	1	1	15	0
        118917	2026-02-19 17:03:57	1	1	15	0
        119453	2026-02-19 17:04:44	1	1	15	0
        117680	2026-02-19 17:06:02	1	1	15	0
        110377	2026-02-19 17:06:12	1	1	15	0
        110376	2026-02-19 17:06:21	1	1	15	0
        117222	2026-02-19 17:06:29	1	1	15	0
        117201	2026-02-19 17:06:47	1	1	15	0
        117982	2026-02-19 17:07:41	1	1	15	0
        110051	2026-02-19 17:08:04	1	1	15	0
        110062	2026-02-19 17:08:32	1	1	15	0
        117997	2026-02-19 17:08:39	1	1	15	0
        110053	2026-02-19 17:11:45	1	1	15	0
        116426	2026-02-19 17:14:09	1	1	15	0
        110538	2026-02-19 17:15:02	1	1	15	0
        118580	2026-02-19 17:15:04	1	1	15	0
        110084	2026-02-19 17:15:05	1	1	15	0
        117724	2026-02-19 17:15:08	1	1	15	0
        116496	2026-02-19 17:15:20	1	1	15	0
        117700	2026-02-19 17:16:43	1	1	15	0
        117833	2026-02-19 17:17:00	1	1	15	0
        110527	2026-02-19 17:17:05	1	1	15	0
        118207	2026-02-19 17:17:21	1	1	15	0
        116428	2026-02-19 17:17:34	1	1	15	0
        118101	2026-02-19 17:18:22	1	1	15	0
        118271	2026-02-19 17:18:53	1	1	15	0
        117840	2026-02-19 17:20:15	1	1	15	0
        118221	2026-02-19 17:20:46	1	1	15	0
        110060	2026-02-19 17:21:13	1	1	15	0
        119070	2026-02-19 17:21:29	1	1	15	0
        118732	2026-02-19 17:21:51	1	1	15	0
        116799	2026-02-19 17:22:10	1	1	15	0
        110356	2026-02-19 17:22:19	1	1	15	0
        116346	2026-02-19 17:22:26	1	1	15	0
        116493	2026-02-19 17:24:12	1	1	15	0
        118180	2026-02-19 17:25:07	1	1	15	0
        117189	2026-02-19 17:25:18	1	1	15	0
        117972	2026-02-19 17:25:32	1	1	15	0
        119263	2026-02-19 17:28:05	1	1	15	0
        116252	2026-02-19 17:28:30	1	1	15	0
        117733	2026-02-19 17:28:35	1	1	15	0
        116960	2026-02-19 17:28:56	1	1	15	0
        116834	2026-02-19 17:32:39	1	1	15	0
        117642	2026-02-19 17:33:40	1	1	15	0
        110357	2026-02-19 17:33:50	1	1	15	0
        110466	2026-02-19 17:34:41	1	1	15	0
        119272	2026-02-19 17:37:09	1	1	15	0
        110195	2026-02-19 17:37:38	1	1	15	0
        110085	2026-02-19 17:38:10	1	1	15	0
        117121	2026-02-19 17:38:38	1	1	15	0
        117043	2026-02-19 17:39:32	1	1	15	0
        110100	2026-02-19 17:40:06	1	1	15	0
        117630	2026-02-19 17:40:11	1	1	15	0
        110090	2026-02-19 17:40:15	1	1	15	0
        110085	2026-02-19 17:40:38	1	1	15	0
        110493	2026-02-19 17:40:57	1	1	15	0
        117497	2026-02-19 17:41:03	1	1	15	0
        119282	2026-02-19 17:41:33	1	1	15	0
        117616	2026-02-19 17:41:47	1	1	15	0
        117497	2026-02-19 17:43:02	1	1	15	0
        110495	2026-02-19 17:43:53	1	1	15	0
        117644	2026-02-19 17:44:17	1	1	15	0
        117054	2026-02-19 17:44:21	1	1	15	0
        116902	2026-02-19 17:44:27	1	1	1	0
        117993	2026-02-19 17:44:51	1	1	15	0
        110473	2026-02-19 17:44:53	1	1	15	0
        116747	2026-02-19 17:45:05	1	1	15	0
        118046	2026-02-19 17:46:28	1	1	15	0
        118971	2026-02-19 17:46:32	1	1	15	0
        119104	2026-02-19 17:47:05	1	1	15	0
        116383	2026-02-19 17:47:13	1	1	15	0
        110076	2026-02-19 17:47:33	1	1	15	0
        110088	2026-02-19 17:47:42	1	1	15	0
        117122	2026-02-19 17:47:47	1	1	15	0
        116504	2026-02-19 17:51:21	1	1	15	0
        117639	2026-02-19 17:51:25	1	1	15	0
        117543	2026-02-19 17:51:42	1	1	15	0
        117144	2026-02-19 17:51:55	1	1	15	0
        117567	2026-02-19 17:52:00	1	1	15	0
        118568	2026-02-19 17:53:29	1	1	15	0
        118563	2026-02-19 17:53:35	1	1	15	0
        118992	2026-02-19 17:54:06	1	1	15	0
        110011	2026-02-19 17:54:23	1	1	15	0
        117634	2026-02-19 17:54:24	1	1	15	0
        117259	2026-02-19 17:55:59	1	1	15	0
        117924	2026-02-19 17:56:00	1	1	15	0
        117541	2026-02-19 17:56:02	1	1	15	0
        110457	2026-02-19 17:56:04	1	1	15	0
        117981	2026-02-19 17:56:06	1	1	15	0
        117212	2026-02-19 17:56:06	1	1	15	0
        118761	2026-02-19 17:56:35	1	1	15	0
        110116	2026-02-19 17:56:59	1	1	15	0
        116129	2026-02-19 17:57:32	1	1	15	0
        118455	2026-02-19 17:58:33	1	1	15	0
        116497	2026-02-19 17:58:35	1	1	15	0
        116282	2026-02-19 17:58:45	1	1	15	0
        118157	2026-02-19 17:58:49	1	1	15	0
        117683	2026-02-19 17:58:55	1	1	15	0
        116422	2026-02-19 17:58:57	1	1	15	0
        117219	2026-02-19 17:58:59	1	1	15	0
        118695	2026-02-19 17:59:49	1	1	15	0
        117849	2026-02-19 17:59:52	1	1	15	0
        117337	2026-02-19 17:59:59	1	1	15	0
        118503	2026-02-19 18:01:18	1	1	15	0
        117790	2026-02-19 18:01:37	1	1	15	0
        117707	2026-02-19 18:02:12	1	1	15	0
        116070	2026-02-19 18:02:23	1	1	15	0
        116995	2026-02-19 18:02:24	1	1	15	0
        116104	2026-02-19 18:02:26	1	1	15	0
        116166	2026-02-19 18:02:28	1	1	15	0
        117077	2026-02-19 18:02:37	1	1	15	0
        117114	2026-02-19 18:02:41	1	1	15	0
        118584	2026-02-19 18:03:40	1	1	15	0
        117692	2026-02-19 18:04:29	1	1	15	0
        110197	2026-02-19 18:05:17	1	1	15	0
        116933	2026-02-19 18:05:27	1	1	15	0
        118186	2026-02-19 18:06:10	1	1	15	0
        116279	2026-02-19 18:06:42	1	1	15	0
        110378	2026-02-19 18:07:15	1	1	15	0
        117103	2026-02-19 18:07:18	1	1	15	0
        117786	2026-02-19 18:07:35	1	1	15	0
        118458	2026-02-19 18:07:43	1	1	15	0
        110507	2026-02-19 18:07:54	1	1	15	0
        116453	2026-02-19 18:07:59	1	1	15	0
        119232	2026-02-19 18:08:06	1	1	15	0
        116483	2026-02-19 18:08:15	1	1	15	0
        117699	2026-02-19 18:08:21	1	1	15	0
        117839	2026-02-19 18:08:24	1	1	15	0
        117811	2026-02-19 18:08:25	1	1	15	0
        117659	2026-02-19 18:08:27	1	1	15	0
        116824	2026-02-19 18:09:34	1	1	15	0
        118369	2026-02-19 18:09:50	1	1	15	0
        117061	2026-02-19 18:09:54	1	1	15	0
        116356	2026-02-19 18:09:57	1	1	15	0
        117120	2026-02-19 18:10:07	1	1	15	0
        117815	2026-02-19 18:10:10	1	1	15	0
        117645	2026-02-19 18:10:12	1	1	15	0
        117841	2026-02-19 18:10:14	1	1	15	0
        117046	2026-02-19 18:10:17	1	1	15	0
        110424	2026-02-19 18:10:20	1	1	15	0
        110418	2026-02-19 18:10:22	1	1	15	0
        110172	2026-02-19 18:10:26	1	1	15	0
        116274	2026-02-19 18:10:34	1	1	15	0
        117817	2026-02-19 18:10:45	1	1	15	0
        116296	2026-02-19 18:10:52	1	1	15	0
        110354	2026-02-19 18:11:20	1	1	15	0
        116477	2026-02-19 18:11:25	1	1	15	0
        119143	2026-02-19 18:11:30	1	1	15	0
        117998	2026-02-19 18:11:40	1	1	15	0
        110025	2026-02-19 18:12:17	1	1	15	0
        117080	2026-02-19 18:12:23	1	1	15	0
        117921	2026-02-19 18:13:04	1	1	15	0
        119107	2026-02-19 18:13:11	1	1	15	0
        116805	2026-02-19 18:13:31	1	1	15	0
        117270	2026-02-19 18:13:35	1	1	15	0
        116072	2026-02-19 18:13:39	1	1	15	0
        116996	2026-02-19 18:13:41	1	1	15	0
        117156	2026-02-19 18:13:52	1	1	15	0
        117716	2026-02-19 18:14:39	1	1	15	0
        117114	2026-02-19 18:15:22	1	1	15	0
        116142	2026-02-19 18:15:37	1	1	15	0
        119535	2026-02-19 18:16:02	1	1	15	0
        117921	2026-02-19 18:16:19	1	1	15	0
        116778	2026-02-19 18:18:26	1	1	15	0
        119386	2026-02-19 18:19:08	1	1	15	0
        110514	2026-02-19 18:19:30	1	1	15	0
        110512	2026-02-19 18:19:32	1	1	15	0
        110513	2026-02-19 18:19:34	1	1	15	0
        110083	2026-02-19 18:20:18	1	1	15	0
        117926	2026-02-19 18:21:24	1	1	15	0
        117595	2026-02-19 18:21:46	1	1	15	0
        117085	2026-02-19 18:23:01	1	1	15	0
        110372	2026-02-19 18:24:07	1	1	15	0
        117575	2026-02-19 18:24:11	1	1	15	0
        110057	2026-02-19 18:24:14	1	1	15	0
        119227	2026-02-19 18:24:16	1	1	15	0
        119594	2026-02-19 18:25:14	1	1	15	0
        117926	2026-02-19 18:26:10	1	1	15	0
        110077	2026-02-19 18:26:31	1	1	15	0
        117147	2026-02-19 18:27:32	1	1	15	0
        110492	2026-02-19 18:27:58	1	1	15	0
        110200	2026-02-19 18:28:21	1	1	15	0
        110393	2026-02-19 18:28:35	1	1	15	0
        110413	2026-02-19 18:28:39	1	1	15	0
        110090	2026-02-19 18:31:28	1	1	15	0
        119157	2026-02-19 18:31:41	1	1	15	0
        116260	2026-02-19 18:31:43	1	1	15	0
        119006	2026-02-19 18:31:47	1	1	15	0
        117812	2026-02-19 18:33:09	1	1	15	0
        110090	2026-02-19 18:34:53	1	1	15	0
        118753	2026-02-19 18:36:30	1	1	15	0
        118953	2026-02-19 18:40:34	1	1	15	0
        119493	2026-02-19 18:41:02	1	1	15	0
        118867	2026-02-19 18:42:44	1	1	15	0
        118753	2026-02-19 18:44:30	1	1	15	0
        110128	2026-02-19 18:45:06	1	1	15	0
        116337	2026-02-19 18:45:20	1	1	15	0
        116537	2026-02-19 18:46:35	1	1	15	0
        117341	2026-02-19 18:46:37	1	1	15	0
        110105	2026-02-19 18:47:00	1	1	15	0
        119449	2026-02-19 18:48:46	1	1	15	0
        117969	2026-02-19 18:50:03	1	1	15	0
        117742	2026-02-19 18:53:43	1	1	15	0
        116069	2026-02-19 18:53:46	1	1	15	0
        117812	2026-02-19 18:53:47	1	1	15	0
        117807	2026-02-19 18:56:40	1	1	15	0
        117129	2026-02-19 18:57:19	1	1	15	0
        116990	2026-02-19 19:02:50	1	1	15	0
        110032	2026-02-19 19:07:15	1	1	15	0
        110055	2026-02-19 19:12:34	1	1	15	0
        117529	2026-02-19 19:15:25	1	1	15	0
        117088	2026-02-19 19:16:12	1	1	15	0
        119364	2026-02-19 19:18:11	1	1	15	0
        117999	2026-02-19 19:20:38	1	1	15	0
        117542	2026-02-19 19:21:29	1	1	15	0
        117591	2026-02-19 19:25:33	1	1	15	0
        118862	2026-02-19 19:29:26	1	1	15	0
        119602	2026-02-19 20:11:50	1	1	15	0
        117201	2026-02-20 04:59:35	1	0	15	0
        119070	2026-02-20 06:43:24	1	0	15	0
        118157	2026-02-20 06:51:30	1	0	15	0
        117983	2026-02-20 06:54:20	1	0	15	0
        110051	2026-02-20 06:57:15	1	0	15	0
        116799	2026-02-20 06:57:47	1	0	15	0
        116551	2026-02-20 07:01:01	1	0	15	0
        116748	2026-02-20 07:01:40	1	0	15	0
        110074	2026-02-20 07:04:23	1	0	15	0
        117999	2026-02-20 07:07:09	1	0	15	0
        116479	2026-02-20 07:09:23	1	0	15	0
        110113	2026-02-20 07:10:16	1	0	15	0
        117059	2026-02-20 07:11:04	1	0	15	0
        117769	2026-02-20 07:13:42	1	0	15	0
        117833	2026-02-20 07:14:53	1	0	15	0
        118101	2026-02-20 07:17:32	1	0	15	0
        119365	2026-02-20 07:17:52	1	0	15	0
        117981	2026-02-20 07:17:57	1	0	15	0
        116914	2026-02-20 07:20:06	1	0	15	0
        118829	2026-02-20 07:20:57	1	0	15	0
        117528	2026-02-20 07:22:04	1	0	15	0
        116751	2026-02-20 07:22:10	1	0	15	0
        110535	2026-02-20 07:22:49	1	0	15	0
        110085	2026-02-20 07:24:43	1	0	15	0
        116512	2026-02-20 07:25:08	1	0	15	0
        117742	2026-02-20 07:26:20	1	0	15	0
        110527	2026-02-20 07:27:53	1	0	15	0
        118580	2026-02-20 07:29:09	1	0	15	0
        117838	2026-02-20 07:29:15	1	0	1	0
        118640	2026-02-20 07:32:09	1	0	15	0
        118744	2026-02-20 07:33:42	1	0	15	0
        118732	2026-02-20 07:34:39	1	0	15	0
        118568	2026-02-20 07:36:53	1	0	15	0
        116831	2026-02-20 07:37:19	1	0	15	0
        118563	2026-02-20 07:39:35	1	0	15	0
        118997	2026-02-20 07:41:20	1	0	15	0
        110475	2026-02-20 07:42:11	1	0	15	0
        110084	2026-02-20 07:42:58	1	0	15	0
        110358	2026-02-20 07:43:49	1	0	15	0
        117724	2026-02-20 07:44:07	1	0	15	0
        110424	2026-02-20 07:44:36	1	0	15	0
        116902	2026-02-20 07:44:49	1	0	1	0
        117270	2026-02-20 07:44:56	1	0	15	0
        110377	2026-02-20 07:45:00	1	0	15	0
        118207	2026-02-20 07:45:13	1	0	15	0
        119340	2026-02-20 07:46:13	1	0	15	0
        110053	2026-02-20 07:47:18	1	0	15	0
        116763	2026-02-20 07:47:24	1	0	15	0
        117966	2026-02-20 07:47:31	1	0	15	0
        117541	2026-02-20 07:47:36	1	0	15	0
        110357	2026-02-20 07:47:39	1	0	15	0
        119453	2026-02-20 07:47:55	1	0	15	0
        116834	2026-02-20 07:48:07	1	0	15	0
        118369	2026-02-20 07:49:17	1	0	15	0
        118043	2026-02-20 07:49:42	1	0	15	0
        117915	2026-02-20 07:50:29	1	0	15	0
        110376	2026-02-20 07:50:44	1	0	15	0
        116426	2026-02-20 07:51:27	1	0	15	0
        110493	2026-02-20 07:51:33	1	0	15	0
        116422	2026-02-20 07:52:25	1	0	15	0
        117811	2026-02-20 07:52:30	1	0	15	0
        119594	2026-02-20 07:52:46	1	0	15	0
        118455	2026-02-20 07:52:58	1	0	15	0
        110485	2026-02-20 07:55:45	1	0	15	0
        117680	2026-02-20 07:55:48	1	0	15	0
        117972	2026-02-20 07:55:58	1	0	15	0
        110538	2026-02-20 07:56:21	1	0	15	0
        116504	2026-02-20 07:57:43	1	0	15	0
        117638	2026-02-20 07:58:01	1	0	15	0
        116496	2026-02-20 07:58:48	1	0	15	0
        117707	2026-02-20 08:01:17	1	0	15	0
        119006	2026-02-20 08:01:39	1	0	15	0
        118221	2026-02-20 08:02:12	1	0	15	0
        110378	2026-02-20 08:03:11	1	0	15	0
        116166	2026-02-20 08:03:15	1	0	15	0
        119143	2026-02-20 08:03:33	1	0	15	0
        117219	2026-02-20 08:05:49	1	0	15	0
        117840	2026-02-20 08:06:06	1	0	15	0
        116072	2026-02-20 08:06:15	1	0	15	0
        110355	2026-02-20 08:06:34	1	0	15	0
        110356	2026-02-20 08:06:37	1	0	15	0
        116356	2026-02-20 08:07:24	1	0	15	0
        116282	2026-02-20 08:08:10	1	0	15	0
        116960	2026-02-20 08:09:18	1	0	15	0
        110513	2026-02-20 08:09:31	1	0	15	0
        117711	2026-02-20 08:09:55	1	0	15	0
        119232	2026-02-20 08:10:38	1	0	15	0
        117114	2026-02-20 08:11:40	1	0	15	0
        118180	2026-02-20 08:12:07	1	0	15	0
        117088	2026-02-20 08:12:47	1	0	15	0
        116383	2026-02-20 08:13:15	1	0	15	0
        117591	2026-02-20 08:14:08	1	0	15	0
        117969	2026-02-20 08:15:01	1	0	15	0
        117930	2026-02-20 08:15:43	1	0	15	0
        110457	2026-02-20 08:15:52	1	0	15	0
        110063	2026-02-20 08:16:45	1	0	15	0
        116346	2026-02-20 08:17:07	1	0	15	0
        119227	2026-02-20 08:17:20	1	0	15	0
        117616	2026-02-20 08:17:30	1	0	15	0
        117924	2026-02-20 08:17:40	1	0	15	0
        118695	2026-02-20 08:18:02	1	0	15	0
        118753	2026-02-20 08:18:16	1	0	15	0
        117630	2026-02-20 08:18:47	1	0	15	0
        116142	2026-02-20 08:18:52	1	0	15	0
        117733	2026-02-20 08:19:23	1	0	15	0
        110512	2026-02-20 08:20:11	1	0	15	0
        117839	2026-02-20 08:21:29	1	0	15	0
        117634	2026-02-20 08:21:59	1	0	15	0
        117683	2026-02-20 08:22:01	1	0	15	0
        116274	2026-02-20 08:22:40	1	0	15	0
        119263	2026-02-20 08:23:22	1	0	15	0
        117850	2026-02-20 08:23:27	1	0	15	0
        118046	2026-02-20 08:23:56	1	0	15	0
        110473	2026-02-20 08:24:59	1	0	15	0
        110128	2026-02-20 08:25:06	1	0	15	0
        119157	2026-02-20 08:25:28	1	0	15	0
        116537	2026-02-20 08:26:07	1	0	15	0
        116493	2026-02-20 08:26:13	1	0	15	0
        117224	2026-02-20 08:26:21	1	0	15	0
        116129	2026-02-20 08:26:28	1	0	15	0
        117982	2026-02-20 08:26:45	1	0	15	0
        117921	2026-02-20 08:26:49	1	0	15	0
        116297	2026-02-20 08:26:52	1	0	15	0
        117043	2026-02-20 08:27:01	1	0	15	0
        110032	2026-02-20 08:27:37	1	0	15	0
        110514	2026-02-20 08:28:02	1	0	15	0
        117121	2026-02-20 08:28:18	1	0	15	0
        117147	2026-02-20 08:28:56	1	0	15	0
        110076	2026-02-20 08:29:52	1	0	15	0
        110372	2026-02-20 08:30:34	1	0	15	0
        116990	2026-02-20 08:30:38	1	0	15	0
        117222	2026-02-20 08:30:58	1	0	15	0
        110090	2026-02-20 08:31:08	1	0	15	0
        110105	2026-02-20 08:31:21	1	0	15	0
        117497	2026-02-20 08:32:13	1	0	15	0
        116995	2026-02-20 08:32:25	1	0	15	0
        110057	2026-02-20 08:32:59	1	0	15	0
        110025	2026-02-20 08:33:06	1	0	15	0
        118186	2026-02-20 08:33:09	1	0	15	0
        117837	2026-02-20 08:33:11	1	0	15	0
        110197	2026-02-20 08:33:14	1	0	15	0
        116104	2026-02-20 08:34:05	1	0	15	0
        110060	2026-02-20 08:35:09	1	0	15	0
        117807	2026-02-20 08:35:32	1	0	15	0
        118953	2026-02-20 08:36:15	1	0	15	0
        117337	2026-02-20 08:36:35	1	0	15	0
        117341	2026-02-20 08:37:07	1	0	15	0
        119386	2026-02-20 08:37:10	1	0	15	0
        118992	2026-02-20 08:37:13	1	0	15	0
        110492	2026-02-20 08:37:28	1	0	15	0
        110088	2026-02-20 08:37:55	1	0	15	0
        119364	2026-02-20 08:38:09	1	0	15	0
        117926	2026-02-20 08:38:15	1	0	15	0
        118971	2026-02-20 08:40:13	1	0	15	0
        117144	2026-02-20 08:40:23	1	0	15	0
        110158	2026-02-20 08:40:32	1	0	15	0
        116805	2026-02-20 08:41:33	1	0	15	0
        116824	2026-02-20 08:41:44	1	0	15	0
        110393	2026-02-20 08:42:09	1	0	15	0
        117259	2026-02-20 08:43:07	1	0	15	0
        110466	2026-02-20 08:43:13	1	0	15	0
        117085	2026-02-20 08:44:17	1	0	15	0
        116477	2026-02-20 08:44:26	1	0	15	0
        110116	2026-02-20 08:44:39	1	0	15	0
        110077	2026-02-20 08:45:23	1	0	15	0
        110055	2026-02-20 08:46:12	1	0	15	0
        117133	2026-02-20 08:46:22	1	0	15	0
        117770	2026-02-20 08:46:46	1	0	15	0
        110195	2026-02-20 08:47:46	1	0	15	0
        110418	2026-02-20 08:47:51	1	0	15	0
        117483	2026-02-20 08:47:57	1	0	15	0
        116483	2026-02-20 08:48:04	1	0	15	0
        110100	2026-02-20 08:48:11	1	0	15	0
        117817	2026-02-20 08:48:19	1	0	15	0
        119493	2026-02-20 08:48:27	1	0	15	0
        110065	2026-02-20 08:48:36	1	0	15	0
        117054	2026-02-20 08:48:57	1	0	15	0
        117061	2026-02-20 08:49:16	1	0	15	0
        110354	2026-02-20 08:50:41	1	0	15	0
        117692	2026-02-20 08:51:07	1	0	15	0
        119602	2026-02-20 08:51:39	1	0	15	0
        118458	2026-02-20 08:51:44	1	0	15	0
        117189	2026-02-20 08:52:27	1	0	15	0
        117700	2026-02-20 08:53:43	1	0	15	0
        117567	2026-02-20 08:53:46	1	0	15	0
        117542	2026-02-20 08:53:49	1	0	15	0
        117543	2026-02-20 08:54:37	1	0	15	0
        117716	2026-02-20 08:55:11	1	0	15	0
        116252	2026-02-20 08:55:23	1	0	15	0
        110413	2026-02-20 08:56:31	1	0	15	0
        117998	2026-02-20 08:56:46	1	0	15	0
        117786	2026-02-20 08:57:08	1	0	15	0
        117920	2026-02-20 08:57:12	1	0	15	0
        116747	2026-02-20 08:58:28	1	0	15	0
        117575	2026-02-20 09:00:22	1	0	15	0
        118867	2026-02-20 09:00:24	1	0	15	0
        110075	2026-02-20 09:00:29	1	0	15	0
        117790	2026-02-20 09:00:39	1	0	15	0
        117080	2026-02-20 09:01:01	1	0	15	0
        110050	2026-02-20 09:01:08	1	0	15	0
        117046	2026-02-20 09:01:38	1	0	15	0
        117120	2026-02-20 09:01:43	1	0	15	0
        117103	2026-02-20 09:01:57	1	0	15	0
        110083	2026-02-20 09:03:16	1	0	15	0
        116337	2026-02-20 09:04:16	1	0	15	0
        118862	2026-02-20 09:04:20	1	0	15	0
        110507	2026-02-20 09:05:27	1	0	15	0
        117122	2026-02-20 09:07:07	1	0	15	0
        110062	2026-02-20 09:12:35	1	0	15	0
        117645	2026-02-20 09:12:51	1	0	15	0
        116497	2026-02-20 09:15:09	1	0	15	0
        117699	2026-02-20 09:16:20	1	0	15	0
        119535	2026-02-20 09:16:27	1	0	15	0
        116933	2026-02-20 09:16:55	1	0	15	0
        117770	2026-02-20 09:17:47	1	0	15	0
        117815	2026-02-20 09:18:44	1	0	15	0
        117812	2026-02-20 09:21:28	1	0	15	0
        116070	2026-02-20 09:22:21	1	0	1	0
        110200	2026-02-20 09:23:21	1	0	15	0
        116279	2026-02-20 09:27:38	1	0	15	0
        110172	2026-02-20 09:31:07	1	0	15	0
        117156	2026-02-20 09:32:48	1	0	15	0
        118761	2026-02-20 09:33:25	1	0	15	0
        117993	2026-02-20 09:33:29	1	0	15	0
        119107	2026-02-20 09:40:28	1	0	15	0
        117529	2026-02-20 09:44:20	1	0	15	0
        118917	2026-02-20 09:52:51	1	0	15	0
        117841	2026-02-20 09:58:58	1	0	15	0
        117077	2026-02-20 10:01:06	1	0	15	0
        116453	2026-02-20 10:01:18	1	0	15	0
        118503	2026-02-20 10:10:20	1	0	15	0
        117212	2026-02-20 10:32:40	1	0	15	0
        117998	2026-02-20 12:00:15	1	2	15	0
        110090	2026-02-20 12:00:18	1	2	15	0
        117769	2026-02-20 12:00:21	1	2	15	0
        117838	2026-02-20 12:00:24	1	2	1	0
        118744	2026-02-20 12:00:30	1	2	15	0
        110356	2026-02-20 12:00:32	1	2	15	0
        117575	2026-02-20 12:01:01	1	2	15	0
        116142	2026-02-20 12:01:03	1	2	15	0
        110514	2026-02-20 12:01:06	1	2	15	0
        110506	2026-02-20 12:01:07	1	2	15	0
        110512	2026-02-20 12:01:09	1	2	15	0
        110513	2026-02-20 12:01:11	1	2	15	0
        118221	2026-02-20 12:01:24	1	2	15	0
        116279	2026-02-20 12:01:48	1	2	15	0
        117926	2026-02-20 12:01:56	1	2	15	0
        110172	2026-02-20 12:01:59	1	2	15	0
        116995	2026-02-20 12:02:00	1	2	15	0
        117483	2026-02-20 12:02:02	1	2	15	0
        117837	2026-02-20 12:02:03	1	2	15	0
        118640	2026-02-20 12:02:05	1	2	15	0
        110113	2026-02-20 12:02:18	1	2	15	0
        117080	2026-02-20 12:02:24	1	2	15	0
        117769	2026-02-20 12:02:35	1	2	15	0
        117838	2026-02-20 12:02:39	1	2	1	0
        116914	2026-02-20 12:02:45	1	2	15	0
        117120	2026-02-20 12:02:48	1	2	15	0
        116824	2026-02-20 12:02:51	1	2	15	0
        110418	2026-02-20 12:02:53	1	2	15	0
        110424	2026-02-20 12:02:56	1	2	15	0
        116902	2026-02-20 12:02:59	1	2	15	0
        116763	2026-02-20 12:03:02	1	2	15	0
        117046	2026-02-20 12:03:06	1	2	15	0
        118695	2026-02-20 12:03:17	1	2	15	0
        118458	2026-02-20 12:03:19	1	2	15	0
        117337	2026-02-20 12:03:21	1	2	15	0
        117201	2026-02-20 12:03:25	1	2	15	0
        117483	2026-02-20 12:03:31	1	2	15	0
        117972	2026-02-20 12:03:42	1	2	15	0
        119143	2026-02-20 12:03:44	1	2	15	0
        118992	2026-02-20 12:03:46	1	2	15	0
        110376	2026-02-20 12:03:55	1	2	15	0
        110377	2026-02-20 12:03:57	1	2	15	0
        117543	2026-02-20 12:04:00	1	2	15	0
        116279	2026-02-20 12:04:10	1	2	15	0
        117926	2026-02-20 12:04:14	1	2	15	0
        116477	2026-02-20 12:04:20	1	2	15	0
        117924	2026-02-20 12:04:22	1	2	15	0
        110493	2026-02-20 12:04:24	1	2	15	0
        118640	2026-02-20 12:04:30	1	2	15	0
        116453	2026-02-20 12:04:32	1	2	15	0
        118997	2026-02-20 12:04:47	1	2	15	0
        117833	2026-02-20 12:04:56	1	2	15	0
        117054	2026-02-20 12:05:26	1	2	15	0
        116995	2026-02-20 12:05:30	1	2	15	0
        117837	2026-02-20 12:05:32	1	2	15	0
        118992	2026-02-20 12:05:36	1	2	15	0
        110076	2026-02-20 12:05:38	1	2	15	0
        119453	2026-02-20 12:05:45	1	2	15	0
        110354	2026-02-20 12:05:45	1	2	15	0
        117616	2026-02-20 12:05:50	1	2	15	0
        110088	2026-02-20 12:05:52	1	2	15	0
        117122	2026-02-20 12:05:56	1	2	15	0
        110090	2026-02-20 12:05:58	1	2	15	0
        117144	2026-02-20 12:06:02	1	2	15	0
        119535	2026-02-20 12:06:06	1	2	15	0
        117998	2026-02-20 12:06:14	1	2	15	0
        117716	2026-02-20 12:06:16	1	2	15	0
        117930	2026-02-20 12:06:17	1	2	15	0
        117497	2026-02-20 12:06:19	1	2	15	0
        118043	2026-02-20 12:06:21	1	2	15	0
        117742	2026-02-20 12:06:23	1	2	15	0
        116990	2026-02-20 12:06:27	1	2	15	0
        116142	2026-02-20 12:06:30	1	2	15	0
        119107	2026-02-20 12:06:39	1	2	15	0
        117080	2026-02-20 12:06:42	1	2	15	0
        116069	2026-02-20 12:06:45	1	2	15	0
        119594	2026-02-20 12:06:47	1	2	15	0
        117770	2026-02-20 12:06:50	1	2	15	0
        117812	2026-02-20 12:06:51	1	2	15	0
        116914	2026-02-20 12:06:55	1	2	15	0
        116835	2026-02-20 12:06:57	1	2	15	0
        110372	2026-02-20 12:06:59	1	2	15	0
        110473	2026-02-20 12:07:01	1	2	15	0
        116551	2026-02-20 12:07:03	1	2	15	0
        116070	2026-02-20 12:07:07	1	2	15	0
        117700	2026-02-20 12:07:09	1	2	15	0
        117046	2026-02-20 12:07:12	1	2	15	0
        116902	2026-02-20 12:07:14	1	2	15	0
        116496	2026-02-20 12:07:16	1	2	15	0
        116129	2026-02-20 12:07:18	1	2	15	0
        116763	2026-02-20 12:07:20	1	2	15	0
        110424	2026-02-20 12:07:21	1	2	15	0
        117790	2026-02-20 12:07:24	1	2	15	0
        117224	2026-02-20 12:07:25	1	2	15	0
        117120	2026-02-20 12:07:28	1	2	15	0
        110418	2026-02-20 12:07:30	1	2	15	0
        117815	2026-02-20 12:07:31	1	2	15	0
        116252	2026-02-20 12:07:34	1	2	15	0
        117630	2026-02-20 12:07:40	1	2	15	0
        117833	2026-02-20 12:07:42	1	2	15	0
        118584	2026-02-20 12:07:45	1	2	15	0
        118180	2026-02-20 12:07:47	1	2	15	0
        119006	2026-02-20 12:07:51	1	2	15	0
        110051	2026-02-20 12:07:55	1	2	15	0
        119594	2026-02-20 12:07:59	1	2	15	0
        110065	2026-02-20 12:08:09	1	2	15	0
        110100	2026-02-20 12:08:14	1	2	15	0
        116960	2026-02-20 12:08:17	1	2	15	0
        110506	2026-02-20 12:08:20	1	2	15	0
        118563	2026-02-20 12:08:25	1	2	15	0
        117733	2026-02-20 12:08:27	1	2	15	0
        116835	2026-02-20 12:08:46	1	2	15	0
        117680	2026-02-20 12:08:50	1	2	15	0
        118695	2026-02-20 12:08:52	1	2	15	0
        116337	2026-02-20 12:08:57	1	2	15	0
        118458	2026-02-20 12:09:00	1	2	15	0
        117077	2026-02-20 12:09:04	1	2	15	0
        116537	2026-02-20 12:09:07	1	2	15	0
        116831	2026-02-20 12:09:10	1	2	15	0
        117341	2026-02-20 12:09:13	1	2	15	0
        110128	2026-02-20 12:09:19	1	2	15	0
        110172	2026-02-20 12:09:21	1	2	15	0
        110513	2026-02-20 12:09:23	1	2	15	0
        110512	2026-02-20 12:09:25	1	2	15	0
        110514	2026-02-20 12:09:27	1	2	15	0
        118221	2026-02-20 12:09:29	1	2	15	0
        118862	2026-02-20 12:09:31	1	2	15	0
        117812	2026-02-20 12:09:33	1	2	15	0
        117638	2026-02-20 12:09:34	1	2	15	0
        116069	2026-02-20 12:09:37	1	2	15	0
        116990	2026-02-20 12:09:39	1	2	15	0
        117742	2026-02-20 12:09:41	1	2	15	0
        110538	2026-02-20 12:09:43	1	2	15	0
        116799	2026-02-20 12:09:47	1	2	15	0
        110507	2026-02-20 12:09:50	1	2	15	0
        117528	2026-02-20 12:09:54	1	2	15	0
        110032	2026-02-20 12:10:02	1	2	15	0
        110527	2026-02-20 12:10:07	1	2	15	0
        110100	2026-02-20 12:10:09	1	2	15	0
        110053	2026-02-20 12:10:17	1	2	15	0
        110062	2026-02-20 12:10:20	1	2	15	0
        110065	2026-02-20 12:10:23	1	2	15	0
        116960	2026-02-20 12:10:25	1	2	15	0
        116835	2026-02-20 12:10:28	1	2	15	0
        110372	2026-02-20 12:10:31	1	2	15	0
        118997	2026-02-20 12:10:35	1	2	15	0
        117059	2026-02-20 12:10:37	1	2	15	0
        119535	2026-02-20 12:10:40	1	2	15	0
        117770	2026-02-20 12:10:47	1	2	15	0
        117543	2026-02-20 12:10:52	1	2	15	0
        116477	2026-02-20 12:11:01	1	2	15	0
        117133	2026-02-20 12:11:02	1	2	15	0
        119006	2026-02-20 12:11:07	1	2	15	0
        116824	2026-02-20 12:11:09	1	2	15	0
        119386	2026-02-20 12:11:10	1	2	15	0
        116551	2026-02-20 12:11:15	1	2	15	0
        118046	2026-02-20 12:11:18	1	2	15	0
        110051	2026-02-20 12:11:19	1	2	15	0
        116252	2026-02-20 12:11:26	1	2	15	0
        117850	2026-02-20 12:11:36	1	2	15	0
        110055	2026-02-20 12:11:43	1	2	15	0
        117920	2026-02-20 12:11:48	1	2	15	0
        110077	2026-02-20 12:11:53	1	2	15	0
        110197	2026-02-20 12:11:58	1	2	15	0
        110535	2026-02-20 12:12:13	1	2	15	0
        118971	2026-02-20 12:12:18	1	2	15	0
        116337	2026-02-20 12:12:23	1	2	15	0
        116537	2026-02-20 12:12:26	1	2	15	0
        117201	2026-02-20 12:12:28	1	2	15	0
        117077	2026-02-20 12:12:33	1	2	15	0
        117567	2026-02-20 12:12:35	1	2	15	0
        117497	2026-02-20 12:12:36	1	2	15	0
        117341	2026-02-20 12:12:38	1	2	15	0
        110088	2026-02-20 12:12:39	1	2	15	0
        117122	2026-02-20 12:12:44	1	2	15	0
        119453	2026-02-20 12:12:46	1	2	15	0
        117144	2026-02-20 12:12:48	1	2	15	0
        117616	2026-02-20 12:12:50	1	2	15	0
        117680	2026-02-20 12:12:51	1	2	15	0
        116453	2026-02-20 12:12:55	1	2	15	0
        119232	2026-02-20 12:13:05	1	2	15	0
        110538	2026-02-20 12:13:11	1	2	15	0
        110354	2026-02-20 12:13:14	1	2	15	0
        117930	2026-02-20 12:13:16	1	2	15	0
        118043	2026-02-20 12:13:18	1	2	15	0
        110032	2026-02-20 12:13:26	1	2	15	0
        117786	2026-02-20 12:13:34	1	2	15	0
        118732	2026-02-20 12:13:38	1	2	15	0
        119594	2026-02-20 12:13:45	1	2	15	0
        118584	2026-02-20 12:13:49	1	2	15	0
        116799	2026-02-20 12:13:53	1	2	15	0
        116933	2026-02-20 12:13:54	1	2	15	0
        117716	2026-02-20 12:14:00	1	2	15	0
        110113	2026-02-20 12:14:01	1	2	15	0
        116496	2026-02-20 12:14:04	1	2	15	0
        110076	2026-02-20 12:14:06	1	2	15	0
        118744	2026-02-20 12:14:14	1	2	15	0
        117222	2026-02-20 12:14:16	1	2	15	0
        116129	2026-02-20 12:14:25	1	2	15	0
        110507	2026-02-20 12:14:29	1	2	15	0
        118180	2026-02-20 12:14:34	1	2	15	0
        117121	2026-02-20 12:14:38	1	2	15	0
        118761	2026-02-20 12:14:40	1	2	15	0
        110358	2026-02-20 12:14:42	1	2	15	0
        119340	2026-02-20 12:14:44	1	2	15	0
        117700	2026-02-20 12:14:46	1	2	15	0
        110527	2026-02-20 12:14:48	1	2	15	0
        119386	2026-02-20 12:14:50	1	2	15	0
        110062	2026-02-20 12:14:52	1	2	15	0
        117630	2026-02-20 12:14:54	1	2	15	0
        110053	2026-02-20 12:14:56	1	2	15	0
        117156	2026-02-20 12:14:58	1	2	15	0
        118917	2026-02-20 12:15:03	1	2	15	0
        117085	2026-02-20 12:15:05	1	2	15	0
        117147	2026-02-20 12:15:07	1	2	15	0
        117983	2026-02-20 12:15:18	1	2	15	0
        110393	2026-02-20 12:15:21	1	2	15	0
        110413	2026-02-20 12:15:22	1	2	15	0
        110090	2026-02-20 12:15:24	1	2	15	0
        117567	2026-02-20 12:15:35	1	2	15	0
        119107	2026-02-20 12:15:39	1	2	15	0
        116831	2026-02-20 12:15:53	1	2	15	0
        117920	2026-02-20 12:16:09	1	2	15	0
        117850	2026-02-20 12:16:11	1	2	15	0
        117529	2026-02-20 12:16:21	1	2	15	0
        116346	2026-02-20 12:16:24	1	2	15	0
        118867	2026-02-20 12:16:27	1	2	15	0
        110085	2026-02-20 12:16:28	1	2	15	0
        119493	2026-02-20 12:17:03	1	2	15	0
        119340	2026-02-20 12:17:22	1	2	15	0
        110358	2026-02-20 12:17:26	1	2	15	0
        117054	2026-02-20 12:17:31	1	2	15	0
        110025	2026-02-20 12:17:55	1	2	15	0
        110063	2026-02-20 12:17:56	1	2	15	0
        117692	2026-02-20 12:18:03	1	2	15	0
        117921	2026-02-20 12:18:05	1	2	15	0
        117982	2026-02-20 12:18:07	1	2	15	0
        116282	2026-02-20 12:18:09	1	2	15	0
        117634	2026-02-20 12:18:11	1	2	15	0
        119386	2026-02-20 12:18:13	1	2	15	0
        118157	2026-02-20 12:18:14	1	2	15	0
        116104	2026-02-20 12:18:16	1	2	15	0
        117915	2026-02-20 12:18:19	1	2	15	0
        118971	2026-02-20 12:18:22	1	2	15	0
        118732	2026-02-20 12:18:32	1	2	15	0
        118186	2026-02-20 12:18:37	1	2	15	0
        119602	2026-02-20 12:18:39	1	2	15	0
        116422	2026-02-20 12:18:41	1	2	15	0
        117219	2026-02-20 12:18:43	1	2	15	0
        118580	2026-02-20 12:18:45	1	2	15	0
        119365	2026-02-20 12:18:58	1	2	15	0
        116493	2026-02-20 12:19:00	1	2	15	0
        117133	2026-02-20 12:19:02	1	2	15	0
        110200	2026-02-20 12:19:16	1	2	15	0
        118953	2026-02-20 12:19:20	1	2	15	0
        117542	2026-02-20 12:19:20	1	2	15	0
        110083	2026-02-20 12:19:24	1	2	15	0
        117790	2026-02-20 12:19:28	1	2	15	0
        117088	2026-02-20 12:20:29	1	2	15	0
        117733	2026-02-20 12:21:17	1	2	15	0
        117983	2026-02-20 12:21:47	1	2	15	0
        117222	2026-02-20 12:21:48	1	2	15	0
        118186	2026-02-20 12:21:53	1	2	15	0
        119157	2026-02-20 12:22:01	1	2	15	0
        110060	2026-02-20 12:22:08	1	2	15	0
        110055	2026-02-20 12:22:14	1	2	15	0
        117103	2026-02-20 12:22:19	1	2	15	0
        110116	2026-02-20 12:22:21	1	2	15	0
        117156	2026-02-20 12:22:24	1	2	15	0
        117121	2026-02-20 12:22:25	1	2	15	0
        116422	2026-02-20 12:22:27	1	2	15	0
        116297	2026-02-20 12:22:29	1	2	15	0
        117219	2026-02-20 12:22:31	1	2	15	0
        116104	2026-02-20 12:22:32	1	2	15	0
        118157	2026-02-20 12:22:34	1	2	15	0
        116282	2026-02-20 12:22:36	1	2	15	0
        117634	2026-02-20 12:22:37	1	2	15	0
        117915	2026-02-20 12:22:39	1	2	15	0
        110473	2026-02-20 12:22:41	1	2	15	0
        117815	2026-02-20 12:22:43	1	2	15	0
        110083	2026-02-20 12:22:58	1	2	15	0
        119493	2026-02-20 12:23:06	1	2	15	0
        116479	2026-02-20 12:23:33	1	2	15	0
        117724	2026-02-20 12:23:38	1	2	15	0
        118101	2026-02-20 12:23:40	1	2	15	0
        118563	2026-02-20 12:23:47	1	2	15	0
        110413	2026-02-20 12:23:50	1	2	15	0
        117529	2026-02-20 12:23:51	1	2	15	0
        110393	2026-02-20 12:23:54	1	2	15	0
        116834	2026-02-20 12:24:07	1	2	15	0
        117982	2026-02-20 12:24:11	1	2	15	0
        117692	2026-02-20 12:24:13	1	2	15	0
        117921	2026-02-20 12:24:15	1	2	15	0
        117189	2026-02-20 12:24:20	1	2	15	0
        119493	2026-02-20 12:24:24	1	2	15	0
        118862	2026-02-20 12:24:34	1	2	15	0
        117212	2026-02-20 12:24:42	1	2	15	0
        117993	2026-02-20 12:24:44	1	2	15	0
        110060	2026-02-20 12:24:46	1	2	15	0
        119157	2026-02-20 12:24:52	1	2	15	0
        119365	2026-02-20 12:24:57	1	2	15	0
        116493	2026-02-20 12:25:00	1	2	15	0
        118867	2026-02-20 12:25:03	1	2	15	0
        110085	2026-02-20 12:25:07	1	2	15	0
        117542	2026-02-20 12:25:11	1	2	15	0
        110025	2026-02-20 12:25:59	1	2	15	0
        110063	2026-02-20 12:26:10	1	2	15	0
        119263	2026-02-20 12:26:36	1	2	15	0
        117591	2026-02-20 12:26:42	1	2	15	0
        116512	2026-02-20 12:26:55	1	2	15	0
        116751	2026-02-20 12:27:03	1	2	15	0
        117993	2026-02-20 12:27:06	1	2	15	0
        117807	2026-02-20 12:27:38	1	2	15	0
        116748	2026-02-20 12:27:45	1	2	15	0
        110158	2026-02-20 12:27:48	1	2	15	0
        118580	2026-02-20 12:27:50	1	2	15	0
        110084	2026-02-20 12:27:52	1	2	15	0
        116479	2026-02-20 12:28:45	1	2	15	0
        118761	2026-02-20 12:29:12	1	2	15	0
        110128	2026-02-20 12:29:16	1	2	15	0
        117114	2026-02-20 12:29:27	1	2	15	0
        117683	2026-02-20 12:29:34	1	2	15	0
        117707	2026-02-20 12:29:36	1	2	15	0
        118953	2026-02-20 12:29:51	1	2	15	0
        117043	2026-02-20 12:30:17	1	2	15	0
        110535	2026-02-20 12:30:28	1	2	15	0
        117999	2026-02-20 12:30:34	1	2	15	0
        117724	2026-02-20 12:30:39	1	2	15	0
        118101	2026-02-20 12:30:41	1	2	15	0
        110376	2026-02-20 12:30:51	1	2	15	0
        110377	2026-02-20 12:30:56	1	2	15	0
        117683	2026-02-20 12:31:05	1	2	15	0
        117707	2026-02-20 12:31:07	1	2	15	0
        116297	2026-02-20 12:31:26	1	2	15	0
        116512	2026-02-20 12:31:33	1	2	15	0
        116751	2026-02-20 12:31:59	1	2	15	0
        117807	2026-02-20 12:32:14	1	2	15	0
        117591	2026-02-20 12:33:44	1	3	15	0
        110197	2026-02-20 12:34:24	1	3	15	0
        117817	2026-02-20 12:34:48	1	3	15	0
        118580	2026-02-20 12:35:14	1	3	15	0
        110084	2026-02-20 12:35:16	1	3	15	0
        116933	2026-02-20 12:35:23	1	3	15	0
        117924	2026-02-20 12:35:47	1	3	15	0
        110493	2026-02-20 12:35:50	1	3	15	0
        117059	2026-02-20 12:36:18	1	3	15	0
        119263	2026-02-20 12:36:29	1	3	15	0
        110077	2026-02-20 12:37:04	1	3	15	0
        117043	2026-02-20 12:37:10	1	3	15	0
        118207	2026-02-20 12:37:25	1	3	15	0
        116072	2026-02-20 12:38:04	1	3	15	0
        110457	2026-02-20 12:38:05	1	3	15	0
        117541	2026-02-20 12:38:07	1	3	15	0
        116497	2026-02-20 12:38:09	1	3	15	0
        117841	2026-02-20 12:38:11	1	3	15	0
        117839	2026-02-20 12:38:12	1	3	15	0
        117811	2026-02-20 12:38:13	1	3	15	0
        117645	2026-02-20 12:38:15	1	3	15	0
        117840	2026-02-20 12:38:17	1	3	15	0
        117259	2026-02-20 12:38:18	1	3	15	0
        117270	2026-02-20 12:38:24	1	3	15	0
        116748	2026-02-20 12:38:43	1	3	15	0
        110158	2026-02-20 12:38:44	1	3	15	0
        117711	2026-02-20 12:39:26	1	3	15	0
        110116	2026-02-20 12:39:47	1	3	15	0
        117088	2026-02-20 12:40:04	1	3	15	0
        117103	2026-02-20 12:40:38	1	3	15	0
        116346	2026-02-20 12:40:40	1	3	15	0
        117189	2026-02-20 12:40:45	1	3	15	0
        110357	2026-02-20 12:40:49	1	3	15	0
        110200	2026-02-20 12:40:56	1	3	15	0
        117114	2026-02-20 12:41:12	1	3	15	0
        117224	2026-02-20 12:41:24	1	3	15	0
        117528	2026-02-20 12:41:27	1	3	15	0
        117841	2026-02-20 12:41:33	1	3	15	0
        117645	2026-02-20 12:41:35	1	3	15	0
        117839	2026-02-20 12:41:39	1	3	15	0
        117840	2026-02-20 12:41:41	1	3	15	0
        117811	2026-02-20 12:41:43	1	3	15	0
        110378	2026-02-20 12:41:45	1	3	15	0
        110355	2026-02-20 12:42:06	1	3	15	0
        118046	2026-02-20 12:42:08	1	3	15	0
        116426	2026-02-20 12:42:56	1	3	15	0
        118503	2026-02-20 12:43:21	1	3	15	0
        118917	2026-02-20 12:43:41	1	3	15	0
        117817	2026-02-20 12:44:08	1	3	15	0
        116072	2026-02-20 12:44:11	1	3	15	0
        116497	2026-02-20 12:44:14	1	3	15	0
        117541	2026-02-20 12:44:16	1	3	15	0
        117259	2026-02-20 12:44:18	1	3	15	0
        117270	2026-02-20 12:44:20	1	3	15	0
        110457	2026-02-20 12:44:22	1	3	15	0
        117337	2026-02-20 12:44:29	1	3	15	0
        110357	2026-02-20 12:44:44	1	3	15	0
        116805	2026-02-20 12:44:50	1	3	15	0
        118369	2026-02-20 12:44:52	1	3	15	0
        117061	2026-02-20 12:44:54	1	3	15	0
        116356	2026-02-20 12:44:57	1	3	15	0
        117981	2026-02-20 12:44:59	1	3	15	0
        117972	2026-02-20 12:45:05	1	3	15	0
        119143	2026-02-20 12:45:06	1	3	15	0
        117085	2026-02-20 12:45:23	1	3	15	0
        117147	2026-02-20 12:45:42	1	3	15	0
        110378	2026-02-20 12:45:58	1	3	15	0
        117114	2026-02-20 12:46:41	1	3	15	0
        118503	2026-02-20 12:47:02	1	3	15	0
        116356	2026-02-20 12:48:12	1	3	15	0
        118369	2026-02-20 12:48:15	1	3	15	0
        117981	2026-02-20 12:48:16	1	3	15	0
        116426	2026-02-20 12:48:18	1	3	15	0
        116805	2026-02-20 12:48:22	1	3	15	0
        117061	2026-02-20 12:48:24	1	3	15	0
        110355	2026-02-20 12:48:32	1	3	15	0
        119386	2026-02-20 12:49:15	1	3	15	0
        117711	2026-02-20 12:50:17	1	3	15	0
        117699	2026-02-20 12:50:22	1	3	15	0
        117575	2026-02-20 12:51:09	1	3	15	0
        118753	2026-02-20 12:51:24	1	3	15	0
        119364	2026-02-20 12:53:02	1	3	15	0
        119227	2026-02-20 12:53:04	1	3	15	0
        110075	2026-02-20 12:53:06	1	3	15	0
        110057	2026-02-20 12:53:09	1	3	15	0
        110074	2026-02-20 12:53:11	1	3	15	0
        116504	2026-02-20 12:53:14	1	3	15	0
        118455	2026-02-20 12:53:16	1	3	15	0
        119070	2026-02-20 12:53:19	1	3	15	0
        116483	2026-02-20 12:53:21	1	3	15	0
        117786	2026-02-20 12:53:46	1	3	15	0
        117699	2026-02-20 12:55:22	1	3	15	0
        110492	2026-02-20 12:55:36	1	3	15	0
        118753	2026-02-20 12:56:08	1	3	15	0
        119232	2026-02-20 12:56:30	1	3	15	0
        117212	2026-02-20 12:57:34	1	3	15	0
        119070	2026-02-20 12:58:15	1	3	15	0
        110492	2026-02-20 12:58:19	1	3	15	0
        118455	2026-02-20 12:58:20	1	3	15	0
        110074	2026-02-20 12:58:23	1	3	15	0
        110057	2026-02-20 12:58:26	1	3	15	0
        116483	2026-02-20 12:58:27	1	3	15	0
        119227	2026-02-20 12:58:30	1	3	15	0
        118207	2026-02-20 12:58:32	1	3	15	0
        119364	2026-02-20 12:58:35	1	3	15	0
        110075	2026-02-20 12:58:37	1	3	15	0
        116504	2026-02-20 12:58:42	1	3	15	0
        117966	2026-02-20 13:00:13	1	3	15	0
        116274	2026-02-20 13:04:17	1	3	15	0
        118753	2026-02-20 13:04:23	1	3	15	0
        116337	2026-02-20 13:32:55	1	3	15	0
        110065	2026-02-20 15:15:14	1	3	15	0
        110475	2026-02-20 15:30:35	1	3	15	0
        117711	2026-02-20 15:57:21	1	3	15	0
        110485	2026-02-20 15:58:45	1	3	15	0
        117983	2026-02-20 16:02:22	1	1	15	0
        117815	2026-02-20 16:06:05	1	1	15	0
        110113	2026-02-20 16:18:42	1	1	15	0
        116748	2026-02-20 16:19:02	1	1	15	0
        117059	2026-02-20 16:21:45	1	1	15	0
        116751	2026-02-20 16:27:34	1	1	15	0
        116512	2026-02-20 16:27:36	1	1	15	0
        116297	2026-02-20 16:40:48	1	1	15	0
        118207	2026-02-20 16:41:15	1	1	15	0
        116551	2026-02-20 16:43:54	1	1	15	0
        119365	2026-02-20 16:43:56	1	1	15	0
        117156	2026-02-20 16:48:05	1	1	15	0
        116426	2026-02-20 16:54:49	1	1	15	0
        116479	2026-02-20 17:01:15	1	1	15	0
        110535	2026-02-20 17:02:26	1	1	15	0
        117769	2026-02-20 17:03:52	1	1	15	0
        117966	2026-02-20 17:03:54	1	1	15	0
        110376	2026-02-20 17:04:35	1	1	15	0
        110538	2026-02-20 17:05:25	1	1	15	0
        110084	2026-02-20 17:05:30	1	1	15	0
        118580	2026-02-20 17:05:34	1	1	15	0
        110527	2026-02-20 17:06:19	1	1	15	0
        117972	2026-02-20 17:06:39	1	1	15	0
        116496	2026-02-20 17:06:42	1	1	15	0
        119453	2026-02-20 17:07:43	1	1	15	0
        110377	2026-02-20 17:09:10	1	1	15	0
        117724	2026-02-20 17:10:15	1	1	15	0
        110085	2026-02-20 17:10:30	1	1	15	0
        110053	2026-02-20 17:10:38	1	1	15	0
        117085	2026-02-20 17:11:26	1	1	15	0
        110493	2026-02-20 17:11:32	1	1	15	0
        116799	2026-02-20 17:11:37	1	1	15	0
        110011	2026-02-20 17:12:17	1	1	15	0
        117133	2026-02-20 17:12:22	1	1	15	0
        119143	2026-02-20 17:13:12	1	1	15	0
        118180	2026-02-20 17:13:45	1	1	15	0
        118997	2026-02-20 17:14:15	1	1	15	0
        118043	2026-02-20 17:14:37	1	1	15	0
        116902	2026-02-20 17:15:54	1	1	15	0
        118101	2026-02-20 17:16:31	1	1	15	0
        118503	2026-02-20 17:21:15	1	1	15	0
        117114	2026-02-20 17:24:10	1	1	15	0
        110473	2026-02-20 17:24:27	1	1	15	0
        110032	2026-02-20 17:24:45	1	1	15	0
        117201	2026-02-20 17:24:49	1	1	15	0
        117616	2026-02-20 17:28:37	1	1	15	0
        117147	2026-02-20 17:30:00	1	1	15	0
        116504	2026-02-20 17:31:09	1	1	15	0
        116990	2026-02-20 17:31:23	1	1	15	0
        110507	2026-02-20 17:31:40	1	1	15	0
        119263	2026-02-20 17:31:50	1	1	15	0
        116129	2026-02-20 17:32:07	1	1	15	0
        119070	2026-02-20 17:32:35	1	1	15	0
        118455	2026-02-20 17:32:37	1	1	15	0
        117224	2026-02-20 17:32:43	1	1	15	0
        117930	2026-02-20 17:33:17	1	1	15	0
        117982	2026-02-20 17:33:39	1	1	15	0
        110357	2026-02-20 17:35:43	1	1	15	0
        117541	2026-02-20 17:38:41	1	1	15	0
        116995	2026-02-20 17:39:43	1	1	15	0
        116960	2026-02-20 17:41:13	1	1	15	0
        110074	2026-02-20 17:41:33	1	1	15	0
        117497	2026-02-20 17:41:48	1	1	15	0
        119157	2026-02-20 17:41:56	1	1	15	0
        119006	2026-02-20 17:42:00	1	1	15	0
        110197	2026-02-20 17:44:13	1	1	15	0
        117840	2026-02-20 17:44:27	1	1	15	0
        117270	2026-02-20 17:45:24	1	1	15	0
        117054	2026-02-20 17:46:40	1	1	15	0
        117926	2026-02-20 17:47:16	1	1	15	0
        110195	2026-02-20 17:47:32	1	1	15	0
        119227	2026-02-20 17:51:59	1	1	15	0
        117144	2026-02-20 17:52:27	1	1	15	0
        118732	2026-02-20 17:52:47	1	1	15	0
        110457	2026-02-20 17:52:51	1	1	15	0
        116252	2026-02-20 17:53:35	1	1	15	0
        117700	2026-02-20 17:54:33	1	1	15	0
        117567	2026-02-20 17:54:36	1	1	15	0
        110378	2026-02-20 17:55:01	1	1	15	0
        119364	2026-02-20 17:55:04	1	1	15	0
        110090	2026-02-20 17:55:42	1	1	15	0
        110077	2026-02-20 17:56:12	1	1	15	0
        110088	2026-02-20 17:56:15	1	1	15	0
        116252	2026-02-20 17:56:17	1	1	15	0
        117259	2026-02-20 17:56:20	1	1	15	0
        118971	2026-02-20 17:57:03	1	1	15	0
        117567	2026-02-20 17:57:31	1	1	15	0
        117817	2026-02-20 17:58:29	1	1	15	0
        110076	2026-02-20 17:58:33	1	1	15	0
        116356	2026-02-20 17:59:07	1	1	15	0
        119232	2026-02-20 17:59:38	1	1	15	0
        117993	2026-02-20 17:59:54	1	1	15	0
        110025	2026-02-20 18:00:05	1	1	15	0
        117189	2026-02-20 18:00:44	1	1	15	0
        110116	2026-02-20 18:00:51	1	1	15	0
        117122	2026-02-20 18:01:06	1	1	15	0
        119107	2026-02-20 18:02:12	1	1	15	0
        116279	2026-02-20 18:02:15	1	1	15	0
        110354	2026-02-20 18:02:52	1	1	15	0
        110158	2026-02-20 18:02:56	1	1	15	0
        119535	2026-02-20 18:03:24	1	1	15	0
        118458	2026-02-20 18:03:41	1	1	15	0
        117790	2026-02-20 18:03:44	1	1	15	0
        116824	2026-02-20 18:03:50	1	1	15	0
        118761	2026-02-20 18:03:52	1	1	15	0
        117212	2026-02-20 18:04:07	1	1	15	0
        119386	2026-02-20 18:05:47	1	1	15	0
        118221	2026-02-20 18:06:16	1	1	15	0
        110075	2026-02-20 18:06:22	1	1	15	0
        117630	2026-02-20 18:07:18	1	1	15	0
        110466	2026-02-20 18:07:22	1	1	15	0
        116274	2026-02-20 18:07:25	1	1	15	0
        117222	2026-02-20 18:07:58	1	1	15	0
        117707	2026-02-20 18:09:22	1	1	15	0
        117080	2026-02-20 18:09:42	1	1	15	0
        116805	2026-02-20 18:11:06	1	1	15	0
        117061	2026-02-20 18:11:09	1	1	15	0
        118369	2026-02-20 18:11:10	1	1	15	0
        117981	2026-02-20 18:11:14	1	1	15	0
        117833	2026-02-20 18:11:42	1	1	15	0
        117786	2026-02-20 18:11:45	1	1	15	0
        117120	2026-02-20 18:12:03	1	1	15	0
        117046	2026-02-20 18:12:07	1	1	15	0
        110418	2026-02-20 18:12:10	1	1	15	0
        117920	2026-02-20 18:12:28	1	1	15	0
        117850	2026-02-20 18:12:32	1	1	15	0
        117046	2026-02-20 18:14:04	1	1	15	0
        117837	2026-02-20 18:15:41	1	1	15	0
        117812	2026-02-20 18:15:43	1	1	15	0
        118867	2026-02-20 18:18:02	1	1	15	0
        118753	2026-02-20 18:18:03	1	1	15	0
        119594	2026-02-20 18:19:34	1	1	15	0
        110050	2026-02-20 18:19:51	1	1	15	0
        118157	2026-02-20 18:22:48	1	1	15	0
        116104	2026-02-20 18:22:50	1	1	15	0
        116282	2026-02-20 18:22:53	1	1	15	0
        116835	2026-02-20 18:24:03	1	1	15	0
        117915	2026-02-20 18:25:05	1	1	15	0
        117683	2026-02-20 18:25:14	1	1	15	0
        117219	2026-02-20 18:25:15	1	1	15	0
        116422	2026-02-20 18:25:17	1	1	15	0
        117634	2026-02-20 18:25:20	1	1	15	0
        110506	2026-02-20 18:25:25	1	1	15	0
        110512	2026-02-20 18:25:33	1	1	15	0
        110513	2026-02-20 18:25:36	1	1	15	0
        110514	2026-02-20 18:25:38	1	1	15	0
        117807	2026-02-20 18:26:06	1	1	15	0
        118186	2026-02-20 18:26:08	1	1	15	0
        117742	2026-02-20 18:26:10	1	1	15	0
        110100	2026-02-20 18:29:55	1	1	15	0
        117733	2026-02-20 18:30:03	1	1	15	0
        110372	2026-02-20 18:32:38	1	1	15	0
        117924	2026-02-20 18:40:10	1	1	15	0
        116072	2026-02-20 18:40:11	1	1	15	0
        116497	2026-02-20 18:40:13	1	1	15	0
        117591	2026-02-20 18:41:36	1	1	15	0
        117999	2026-02-20 18:42:11	1	1	15	0
        117969	2026-02-20 18:42:15	1	1	15	0
        110492	2026-02-20 18:42:26	1	1	15	0
        117529	2026-02-20 18:43:34	1	1	15	0
        110200	2026-02-20 18:44:57	1	1	15	0
        116483	2026-02-20 18:45:57	1	1	15	0
        110413	2026-02-20 18:48:32	1	1	15	0
        110393	2026-02-20 18:48:35	1	1	15	0
        118744	2026-02-20 18:50:51	1	1	15	0
        119493	2026-02-20 18:51:41	1	1	15	0
        118695	2026-02-20 18:52:02	1	1	15	0
        116453	2026-02-20 18:55:34	1	1	15	0
        116933	2026-02-20 18:56:06	1	1	15	0
        117699	2026-02-20 18:56:38	1	1	15	0
        118744	2026-02-20 18:56:40	1	1	15	0
        117077	2026-02-20 19:01:44	1	1	15	0
        116453	2026-02-20 19:04:19	1	1	15	0
        118862	2026-02-20 19:28:45	1	1	15	0
        110128	2026-02-20 19:51:14	1	1	15	0
        116142	2026-02-20 19:56:49	1	1	15	0
        117575	2026-02-20 19:57:49	1	1	15	0
        117921	2026-02-20 19:58:42	1	1	15	0
        118992	2026-02-20 20:03:27	1	1	15	0
        110105	2026-02-20 20:21:19	1	1	15	0
        110063	2026-02-20 20:33:13	1	1	15	0
        110057	2026-02-20 20:33:24	1	1	15	0
        110055	2026-02-20 20:37:42	1	1	15	0
        116537	2026-02-20 21:16:02	1	1	15	0
        117341	2026-02-20 21:16:04	1	1	15	0
        119602	2026-02-20 22:10:41	1	1	15	0
        110144	2026-02-21 04:48:00	1	0	15	0
        116831	2026-02-21 05:19:47	1	0	15	0
        110538	2026-02-21 07:47:26	1	0	15	0
        118753	2026-02-21 08:07:21	1	0	15	0
        118580	2026-02-21 08:11:10	1	0	15	0
        117850	2026-02-21 08:17:49	1	0	15	0
        116422	2026-02-21 08:34:48	1	0	15	0
        117920	2026-02-21 08:38:55	1	0	15	0
        117915	2026-02-21 08:42:28	1	0	15	0
        117219	2026-02-21 08:49:45	1	0	15	0
        110011	2026-02-21 09:05:03	1	0	15	0
        117683	2026-02-21 09:05:07	1	0	15	0
        117634	2026-02-21 09:05:09	1	0	15	0
        117920	2026-02-21 12:42:43	1	3	15	0
        117850	2026-02-21 12:42:49	1	3	15	0
        110011	2026-02-21 12:49:20	1	3	15	0
        117683	2026-02-21 12:49:24	1	3	15	0
        117219	2026-02-21 12:49:26	1	3	15	0
        116422	2026-02-21 12:49:28	1	3	15	0
        117634	2026-02-21 12:49:30	1	3	15	0
        117915	2026-02-21 12:49:32	1	3	15	0
        117850	2026-02-21 12:49:38	1	3	15	0
        117920	2026-02-21 12:49:41	1	3	15	0
        117219	2026-02-21 12:53:28	1	3	15	0
        110011	2026-02-21 12:53:30	1	3	15	0
        116422	2026-02-21 12:53:30	1	3	15	0
        117683	2026-02-21 12:53:34	1	3	15	0
        117634	2026-02-21 12:53:37	1	3	15	0
        117915	2026-02-21 12:53:39	1	3	15	0
        110011	2026-02-21 16:53:19	1	1	15	0
        117683	2026-02-21 16:53:21	1	1	15	0
        117219	2026-02-21 16:53:27	1	1	15	0
        116422	2026-02-21 16:53:28	1	1	15	0
        117634	2026-02-21 16:53:30	1	1	15	0
        117915	2026-02-21 16:53:32	1	1	15	0
        110538	2026-02-21 17:01:32	1	1	15	0
        117920	2026-02-21 17:03:40	1	1	15	0
        117850	2026-02-21 17:03:44	1	1	15	0
        118753	2026-02-21 17:06:02	1	1	15	0
        118753	2026-02-21 17:10:22	1	1	15	0
        117201	2026-02-23 05:34:18	1	0	15	0
        117983	2026-02-23 06:10:32	1	0	15	0
        119070	2026-02-23 06:33:01	1	0	15	0
        117711	2026-02-23 06:39:17	1	0	15	0
        116835	2026-02-23 06:40:15	1	0	15	0
        116799	2026-02-23 06:44:21	1	0	15	0
        116914	2026-02-23 06:58:36	1	0	15	0
        116537	2026-02-23 07:01:04	1	0	15	0
        117833	2026-02-23 07:03:35	1	0	15	0
        117337	2026-02-23 07:04:06	1	0	15	0
        116479	2026-02-23 07:08:37	1	0	15	0
        117835	2026-02-23 07:08:43	1	0	15	0
        110466	2026-02-23 07:10:58	1	0	15	0
        118455	2026-02-23 07:11:36	1	0	15	0
        116551	2026-02-23 07:12:36	1	0	15	0
        117088	2026-02-23 07:12:42	1	0	15	0
        110475	2026-02-23 07:14:43	1	0	15	0
        110074	2026-02-23 07:15:24	1	0	15	0
        116763	2026-02-23 07:15:52	1	0	15	0
        116902	2026-02-23 07:17:30	1	0	15	0
        110535	2026-02-23 07:18:25	1	0	15	0
        119494	2026-02-23 07:19:25	1	0	15	0
        110358	2026-02-23 07:19:29	1	0	15	0
        110084	2026-02-23 07:21:08	1	0	15	0
        118997	2026-02-23 07:21:32	1	0	15	0
        118732	2026-02-23 07:21:53	1	0	15	0
        117769	2026-02-23 07:22:13	1	0	15	0
        117997	2026-02-23 07:24:42	1	0	15	0
        118992	2026-02-23 07:25:11	1	0	15	0
        110424	2026-02-23 07:26:09	1	0	15	0
        118640	2026-02-23 07:26:20	1	0	15	0
        119272	2026-02-23 07:26:44	1	0	15	0
        117915	2026-02-23 07:26:57	1	0	15	0
        110088	2026-02-23 07:28:14	1	0	15	0
        119365	2026-02-23 07:28:27	1	0	15	0
        118101	2026-02-23 07:28:43	1	0	15	0
        117541	2026-02-23 07:28:56	1	0	15	0
        116960	2026-02-23 07:30:39	1	0	15	0
        110025	2026-02-23 07:30:52	1	0	15	0
        110197	2026-02-23 07:30:56	1	0	15	0
        119602	2026-02-23 07:31:19	1	0	15	0
        119453	2026-02-23 07:31:27	1	0	15	0
        117709	2026-02-23 07:31:36	1	0	15	0
        110094	2026-02-23 07:31:37	1	0	15	0
        117838	2026-02-23 07:32:43	1	0	1	0
        110060	2026-02-23 07:32:49	1	0	15	0
        110065	2026-02-23 07:32:54	1	0	15	0
        110053	2026-02-23 07:32:59	1	0	15	0
        119475	2026-02-23 07:33:15	1	0	15	0
        110492	2026-02-23 07:33:21	1	0	15	0
        118744	2026-02-23 07:33:53	1	0	15	0
        117528	2026-02-23 07:34:03	1	0	15	0
        117814	2026-02-23 07:34:20	1	0	15	0
        116422	2026-02-23 07:34:23	1	0	15	0
        116104	2026-02-23 07:34:27	1	0	15	0
        110032	2026-02-23 07:34:28	1	0	15	0
        110527	2026-02-23 07:34:31	1	0	15	0
        110493	2026-02-23 07:34:35	1	0	15	0
        117839	2026-02-23 07:34:43	1	0	15	0
        118580	2026-02-23 07:34:47	1	0	15	0
        116428	2026-02-23 07:34:53	1	0	15	0
        117121	2026-02-23 07:35:58	1	0	15	0
        110085	2026-02-23 07:36:08	1	0	15	0
        117212	2026-02-23 07:36:12	1	0	15	0
        117972	2026-02-23 07:36:17	1	0	15	0
        110512	2026-02-23 07:37:07	1	0	15	0
        117770	2026-02-23 07:37:16	1	0	15	0
        110055	2026-02-23 07:37:36	1	0	15	0
        118221	2026-02-23 07:37:47	1	0	15	0
        110473	2026-02-23 07:37:51	1	0	15	0
        118157	2026-02-23 07:37:56	1	0	15	0
        118369	2026-02-23 07:38:08	1	0	15	0
        117122	2026-02-23 07:38:25	1	0	15	0
        110051	2026-02-23 07:38:44	1	0	15	0
        110011	2026-02-23 07:39:00	1	0	15	0
        117683	2026-02-23 07:39:02	1	0	15	0
        117634	2026-02-23 07:39:04	1	0	15	0
        110006	2026-02-23 07:39:27	1	0	15	0
        117724	2026-02-23 07:40:50	1	0	15	0
        110116	2026-02-23 07:40:52	1	0	15	0
        118862	2026-02-23 07:40:57	1	0	15	0
        118043	2026-02-23 07:41:22	1	0	15	0
        116996	2026-02-23 07:41:47	1	0	15	0
        117591	2026-02-23 07:42:08	1	0	15	0
        116805	2026-02-23 07:42:23	1	0	15	0
        110070	2026-02-23 07:42:27	1	0	15	0
        117837	2026-02-23 07:42:36	1	0	15	0
        110083	2026-02-23 07:42:58	1	0	15	0
        110507	2026-02-23 07:43:04	1	0	15	0
        117742	2026-02-23 07:43:20	1	0	15	0
        116356	2026-02-23 07:43:25	1	0	15	0
        116426	2026-02-23 07:43:44	1	0	15	0
        110090	2026-02-23 07:43:48	1	0	15	0
        117850	2026-02-23 07:43:55	1	0	15	0
        110356	2026-02-23 07:44:11	1	0	15	0
        110355	2026-02-23 07:44:13	1	0	15	0
        117497	2026-02-23 07:44:24	1	0	15	0
        117969	2026-02-23 07:44:30	1	0	15	0
        110113	2026-02-23 07:44:45	1	0	15	0
        118971	2026-02-23 07:45:01	1	0	15	0
        116483	2026-02-23 07:45:43	1	0	15	0
        117966	2026-02-23 07:45:57	1	0	15	0
        119263	2026-02-23 07:46:14	1	0	15	0
        117269	2026-02-23 07:46:49	1	0	15	0
        117639	2026-02-23 07:46:51	1	0	15	0
        118829	2026-02-23 07:46:55	1	0	15	0
        116747	2026-02-23 07:47:49	1	0	15	0
        116512	2026-02-23 07:48:10	1	0	15	0
        116751	2026-02-23 07:48:12	1	0	15	0
        117616	2026-02-23 07:49:34	1	0	15	0
        119104	2026-02-23 07:49:57	1	0	15	0
        117817	2026-02-23 07:50:21	1	0	15	0
        119535	2026-02-23 07:50:33	1	0	15	0
        119594	2026-02-23 07:50:38	1	0	15	0
        117699	2026-02-23 07:51:29	1	0	15	0
        110376	2026-02-23 07:51:35	1	0	15	0
        117061	2026-02-23 07:51:45	1	0	15	0
        110538	2026-02-23 07:51:50	1	0	15	0
        110393	2026-02-23 07:52:08	1	0	15	0
        117790	2026-02-23 07:52:47	1	0	15	0
        118568	2026-02-23 07:53:06	1	0	15	0
        117642	2026-02-23 07:53:14	1	0	15	0
        117543	2026-02-23 07:53:15	1	0	15	0
        110100	2026-02-23 07:53:50	1	0	15	0
        116824	2026-02-23 07:53:56	1	0	15	0
        116142	2026-02-23 07:54:14	1	0	15	0
        116383	2026-02-23 07:54:23	1	0	15	0
        118813	2026-02-23 07:54:25	1	0	15	0
        116282	2026-02-23 07:54:38	1	0	15	0
        117144	2026-02-23 07:54:41	1	0	15	0
        117133	2026-02-23 07:55:18	1	0	15	0
        110377	2026-02-23 07:55:22	1	0	15	0
        118458	2026-02-23 07:55:27	1	0	15	0
        118271	2026-02-23 07:55:50	1	0	15	0
        116990	2026-02-23 07:55:52	1	0	15	0
        116995	2026-02-23 07:56:07	1	0	15	0
        117841	2026-02-23 07:56:27	1	0	15	0
        117567	2026-02-23 07:56:39	1	0	15	0
        116252	2026-02-23 07:56:48	1	0	15	0
        116072	2026-02-23 07:56:55	1	0	15	0
        119493	2026-02-23 07:57:01	1	0	15	0
        117120	2026-02-23 07:57:09	1	0	15	0
        117046	2026-02-23 07:57:11	1	0	15	0
        117692	2026-02-23 07:57:13	1	0	15	0
        116748	2026-02-23 07:57:15	1	0	15	0
        110418	2026-02-23 07:57:19	1	0	15	0
        117786	2026-02-23 07:58:11	1	0	15	0
        117981	2026-02-23 07:58:14	1	0	15	0
        117993	2026-02-23 07:58:52	1	0	15	0
        117542	2026-02-23 07:58:57	1	0	15	0
        117700	2026-02-23 07:59:25	1	0	15	0
        117840	2026-02-23 07:59:47	1	0	15	0
        110357	2026-02-23 07:59:55	1	0	15	0
        119227	2026-02-23 07:59:58	1	0	15	0
        116778	2026-02-23 08:00:02	1	0	15	0
        117733	2026-02-23 08:00:16	1	0	15	0
        117930	2026-02-23 08:00:20	1	0	15	0
        117156	2026-02-23 08:00:24	1	0	15	0
        117114	2026-02-23 08:05:28	1	0	15	0
        119364	2026-02-23 08:05:30	1	0	15	0
        117807	2026-02-23 08:05:32	1	0	15	0
        116166	2026-02-23 08:05:34	1	0	15	0
        119340	2026-02-23 08:05:36	1	0	15	0
        117707	2026-02-23 08:05:38	1	0	15	0
        117270	2026-02-23 08:05:40	1	0	15	0
        117259	2026-02-23 08:05:43	1	0	15	0
        116129	2026-02-23 08:05:47	1	0	15	0
        116504	2026-02-23 08:05:50	1	0	15	0
        116496	2026-02-23 08:05:52	1	0	15	0
        118046	2026-02-23 08:06:01	1	0	15	0
        110057	2026-02-23 08:06:05	1	0	15	0
        119107	2026-02-23 08:06:23	1	0	15	0
        117982	2026-02-23 08:06:26	1	0	15	0
        117147	2026-02-23 08:06:35	1	0	15	0
        116337	2026-02-23 08:07:37	1	0	15	0
        110128	2026-02-23 08:08:02	1	0	15	0
        116274	2026-02-23 08:08:08	1	0	15	0
        117222	2026-02-23 08:08:11	1	0	15	0
        119449	2026-02-23 08:08:15	1	0	15	0
        116346	2026-02-23 08:08:21	1	0	15	0
        119157	2026-02-23 08:08:27	1	0	15	0
        117085	2026-02-23 08:08:39	1	0	15	0
        110076	2026-02-23 08:08:50	1	0	15	0
        118695	2026-02-23 08:09:13	1	0	15	0
        117219	2026-02-23 08:09:42	1	0	15	0
        117529	2026-02-23 08:09:58	1	0	15	0
        117680	2026-02-23 08:10:19	1	0	15	0
        110195	2026-02-23 08:10:23	1	0	15	0
        119282	2026-02-23 08:12:04	1	0	15	0
        117716	2026-02-23 08:13:02	1	0	15	0
        116933	2026-02-23 08:13:56	1	0	15	0
        117998	2026-02-23 08:14:00	1	0	15	0
        118563	2026-02-23 08:14:21	1	0	15	0
        110158	2026-02-23 08:14:43	1	0	15	0
        110354	2026-02-23 08:15:22	1	0	15	0
        110200	2026-02-23 08:15:41	1	0	15	0
        117595	2026-02-23 08:15:49	1	0	15	0
        118207	2026-02-23 08:16:11	1	0	15	0
        110172	2026-02-23 08:16:33	1	0	15	0
        110485	2026-02-23 08:16:48	1	0	15	0
        118761	2026-02-23 08:17:10	1	0	15	0
        117100	2026-02-23 08:17:17	1	0	15	0
        117483	2026-02-23 08:18:06	1	0	15	0
        117043	2026-02-23 08:19:28	1	0	15	0
        118867	2026-02-23 08:19:51	1	0	15	0
        118753	2026-02-23 08:19:54	1	0	15	0
        116787	2026-02-23 08:20:19	1	0	15	0
        117341	2026-02-23 08:20:26	1	0	15	0
        117926	2026-02-23 08:20:29	1	0	15	0
        117921	2026-02-23 08:20:34	1	0	15	0
        116493	2026-02-23 08:21:10	1	0	15	0
        110105	2026-02-23 08:21:59	1	0	15	0
        110050	2026-02-23 08:22:51	1	0	15	0
        117080	2026-02-23 08:23:21	1	0	15	0
        116828	2026-02-23 08:23:52	1	0	1	0
        117849	2026-02-23 08:24:28	1	0	15	0
        116497	2026-02-23 08:27:48	1	0	15	0
        117659	2026-02-23 08:28:56	1	0	15	0
        117630	2026-02-23 08:31:37	1	0	15	0
        117924	2026-02-23 08:31:58	1	0	15	0
        117638	2026-02-23 08:32:37	1	0	15	0
        110077	2026-02-23 08:32:42	1	0	15	0
        117575	2026-02-23 08:33:01	1	0	15	0
        118584	2026-02-23 08:33:40	1	0	15	0
        118953	2026-02-23 08:34:18	1	0	15	0
        110193	2026-02-23 08:34:55	1	0	15	0
        117815	2026-02-23 08:36:08	1	0	15	0
        117811	2026-02-23 08:36:28	1	0	15	0
        118180	2026-02-23 08:38:15	1	0	15	0
        119006	2026-02-23 08:42:09	1	0	15	0
        117224	2026-02-23 08:44:41	1	0	15	0
        117113	2026-02-23 08:45:35	1	0	15	0
        117059	2026-02-23 08:46:24	1	0	15	0
        118186	2026-02-23 08:55:02	1	0	15	0
        116070	2026-02-23 08:55:17	1	0	1	0
        117077	2026-02-23 08:58:31	1	0	15	0
        116453	2026-02-23 08:58:32	1	0	15	0
        117812	2026-02-23 09:11:42	1	0	15	0
        117111	2026-02-23 09:12:18	1	0	15	0
        117054	2026-02-23 09:14:33	1	0	15	0
        118732	2026-02-23 12:00:07	1	2	15	0
        116496	2026-02-23 12:00:11	1	2	15	0
        119107	2026-02-23 12:00:16	1	2	15	0
        116422	2026-02-23 12:00:20	1	2	15	0
        118455	2026-02-23 12:00:22	1	2	15	0
        117630	2026-02-23 12:00:23	1	2	15	0
        116504	2026-02-23 12:00:28	1	2	15	0
        116483	2026-02-23 12:00:29	1	2	15	0
        116778	2026-02-23 12:00:31	1	2	15	0
        116453	2026-02-23 12:00:32	1	2	15	0
        116282	2026-02-23 12:00:34	1	2	15	0
        117683	2026-02-23 12:00:39	1	2	15	0
        118157	2026-02-23 12:00:42	1	2	15	0
        118186	2026-02-23 12:00:50	1	2	15	0
        117219	2026-02-23 12:00:51	1	2	15	0
        110113	2026-02-23 12:00:53	1	2	15	0
        117998	2026-02-23 12:00:55	1	2	15	0
        118271	2026-02-23 12:00:56	1	2	15	0
        117915	2026-02-23 12:00:59	1	2	15	0
        117634	2026-02-23 12:01:01	1	2	15	0
        110200	2026-02-23 12:01:03	1	2	15	0
        117046	2026-02-23 12:01:06	1	2	15	0
        116763	2026-02-23 12:01:08	1	2	15	0
        110418	2026-02-23 12:01:10	1	2	15	0
        110424	2026-02-23 12:01:12	1	2	15	0
        118584	2026-02-23 12:01:14	1	2	15	0
        117926	2026-02-23 12:01:16	1	2	15	0
        118458	2026-02-23 12:01:26	1	2	15	0
        117983	2026-02-23 12:01:31	1	2	15	0
        110128	2026-02-23 12:01:45	1	2	15	0
        116551	2026-02-23 12:01:48	1	2	15	0
        116914	2026-02-23 12:01:51	1	2	15	0
        117080	2026-02-23 12:01:54	1	2	15	0
        116902	2026-02-23 12:01:56	1	2	15	0
        117201	2026-02-23 12:02:00	1	2	15	0
        117930	2026-02-23 12:02:02	1	2	15	0
        119535	2026-02-23 12:02:04	1	2	15	0
        110493	2026-02-23 12:02:11	1	2	15	0
        110492	2026-02-23 12:02:13	1	2	15	0
        116426	2026-02-23 12:02:16	1	2	15	0
        119449	2026-02-23 12:02:19	1	2	15	0
        118186	2026-02-23 12:02:22	1	2	15	0
        116282	2026-02-23 12:02:24	1	2	15	0
        117683	2026-02-23 12:02:26	1	2	15	0
        117219	2026-02-23 12:02:28	1	2	15	0
        117634	2026-02-23 12:02:30	1	2	15	0
        116422	2026-02-23 12:02:31	1	2	15	0
        118157	2026-02-23 12:02:33	1	2	15	0
        117839	2026-02-23 12:02:35	1	2	15	0
        117840	2026-02-23 12:02:39	1	2	15	0
        117915	2026-02-23 12:02:41	1	2	15	0
        117659	2026-02-23 12:02:43	1	2	15	0
        117543	2026-02-23 12:02:45	1	2	15	0
        118563	2026-02-23 12:02:47	1	2	15	0
        117997	2026-02-23 12:02:48	1	2	15	0
        117100	2026-02-23 12:02:59	1	2	15	0
        110076	2026-02-23 12:03:07	1	2	15	0
        117529	2026-02-23 12:03:11	1	2	15	0
        110172	2026-02-23 12:03:20	1	2	15	0
        110051	2026-02-23 12:03:26	1	2	15	0
        110116	2026-02-23 12:03:34	1	2	15	0
        110485	2026-02-23 12:03:39	1	2	15	0
        110057	2026-02-23 12:03:45	1	2	15	0
        119364	2026-02-23 12:03:48	1	2	15	0
        117790	2026-02-23 12:04:02	1	2	15	0
        118584	2026-02-23 12:04:05	1	2	15	0
        117983	2026-02-23 12:04:09	1	2	15	0
        116483	2026-02-23 12:04:19	1	2	15	0
        116504	2026-02-23 12:04:22	1	2	15	0
        118455	2026-02-23 12:04:22	1	2	15	0
        117700	2026-02-23 12:04:26	1	2	15	0
        119107	2026-02-23 12:04:28	1	2	15	0
        118829	2026-02-23 12:04:36	1	2	15	0
        116799	2026-02-23 12:04:40	1	2	15	0
        110424	2026-02-23 12:04:44	1	2	15	0
        116453	2026-02-23 12:04:51	1	2	15	0
        119272	2026-02-23 12:04:53	1	2	15	0
        118813	2026-02-23 12:04:55	1	2	15	0
        116129	2026-02-23 12:04:57	1	2	15	0
        118221	2026-02-23 12:04:59	1	2	15	0
        110060	2026-02-23 12:05:01	1	2	15	0
        118043	2026-02-23 12:05:05	1	2	15	0
        110032	2026-02-23 12:05:07	1	2	15	0
        116960	2026-02-23 12:05:10	1	2	15	0
        117733	2026-02-23 12:05:12	1	2	15	0
        117707	2026-02-23 12:05:14	1	2	15	0
        117850	2026-02-23 12:05:16	1	2	15	0
        116748	2026-02-23 12:05:18	1	2	15	0
        119006	2026-02-23 12:05:19	1	2	15	0
        117680	2026-02-23 12:05:22	1	2	15	0
        110158	2026-02-23 12:05:25	1	2	15	0
        117483	2026-02-23 12:05:26	1	2	15	0
        117591	2026-02-23 12:05:28	1	2	15	0
        116778	2026-02-23 12:05:30	1	2	15	0
        116828	2026-02-23 12:05:33	1	2	1	0
        110358	2026-02-23 12:05:39	1	2	15	0
        119340	2026-02-23 12:05:41	1	2	15	0
        117930	2026-02-23 12:05:43	1	2	15	0
        117046	2026-02-23 12:05:47	1	2	15	0
        116426	2026-02-23 12:05:49	1	2	15	0
        116763	2026-02-23 12:05:51	1	2	15	0
        117270	2026-02-23 12:05:52	1	2	15	0
        110418	2026-02-23 12:05:55	1	2	15	0
        116072	2026-02-23 12:05:57	1	2	15	0
        116497	2026-02-23 12:05:59	1	2	15	0
        117924	2026-02-23 12:06:01	1	2	15	0
        116428	2026-02-23 12:06:03	1	2	15	0
        118563	2026-02-23 12:06:06	1	2	15	0
        117224	2026-02-23 12:06:07	1	2	15	0
        117269	2026-02-23 12:06:09	1	2	15	0
        117201	2026-02-23 12:06:16	1	2	15	0
        116337	2026-02-23 12:06:18	1	2	15	0
        117077	2026-02-23 12:06:20	1	2	15	0
        117133	2026-02-23 12:06:21	1	2	15	0
        116537	2026-02-23 12:06:25	1	2	15	0
        110377	2026-02-23 12:06:27	1	2	15	0
        110376	2026-02-23 12:06:30	1	2	15	0
        116252	2026-02-23 12:06:32	1	2	15	0
        117341	2026-02-23 12:06:34	1	2	15	0
        117926	2026-02-23 12:06:37	1	2	15	0
        117541	2026-02-23 12:06:41	1	2	15	0
        116346	2026-02-23 12:06:52	1	2	15	0
        117716	2026-02-23 12:07:06	1	2	15	0
        117837	2026-02-23 12:07:11	1	2	15	0
        117770	2026-02-23 12:07:13	1	2	15	0
        117815	2026-02-23 12:07:16	1	2	15	0
        119494	2026-02-23 12:07:18	1	2	15	0
        110538	2026-02-23 12:07:20	1	2	15	0
        110354	2026-02-23 12:07:27	1	2	15	0
        117833	2026-02-23 12:07:37	1	2	15	0
        110485	2026-02-23 12:07:42	1	2	15	0
        117122	2026-02-23 12:07:44	1	2	15	0
        110088	2026-02-23 12:07:46	1	2	15	0
        117144	2026-02-23 12:07:49	1	2	15	0
        118829	2026-02-23 12:07:51	1	2	15	0
        119453	2026-02-23 12:07:53	1	2	15	0
        117998	2026-02-23 12:07:55	1	2	15	0
        117529	2026-02-23 12:07:59	1	2	15	0
        110172	2026-02-23 12:08:00	1	2	15	0
        117812	2026-02-23 12:08:04	1	2	15	0
        116990	2026-02-23 12:08:06	1	2	15	0
        116995	2026-02-23 12:08:09	1	2	15	0
        116070	2026-02-23 12:08:13	1	2	15	0
        117043	2026-02-23 12:08:16	1	2	15	0
        118458	2026-02-23 12:08:19	1	2	15	0
        119263	2026-02-23 12:08:24	1	2	15	0
        117733	2026-02-23 12:08:29	1	2	15	0
        117616	2026-02-23 12:08:33	1	2	15	0
        110535	2026-02-23 12:08:35	1	2	15	0
        118695	2026-02-23 12:08:39	1	2	15	0
        117700	2026-02-23 12:08:41	1	2	15	0
        117337	2026-02-23 12:08:44	1	2	15	0
        117111	2026-02-23 12:08:45	1	2	15	0
        117120	2026-02-23 12:08:48	1	2	15	0
        110051	2026-02-23 12:08:52	1	2	15	0
        110527	2026-02-23 12:08:57	1	2	15	0
        117061	2026-02-23 12:09:01	1	2	15	0
        119449	2026-02-23 12:09:04	1	2	15	0
        118369	2026-02-23 12:09:05	1	2	15	0
        116426	2026-02-23 12:09:07	1	2	15	0
        119535	2026-02-23 12:09:08	1	2	15	0
        117711	2026-02-23 12:09:12	1	2	15	0
        117054	2026-02-23 12:09:15	1	2	15	0
        117059	2026-02-23 12:09:17	1	2	15	0
        116805	2026-02-23 12:09:19	1	2	15	0
        116356	2026-02-23 12:09:21	1	2	15	0
        117981	2026-02-23 12:09:23	1	2	15	0
        117769	2026-02-23 12:09:24	1	2	15	0
        117838	2026-02-23 12:09:26	1	2	15	0
        110507	2026-02-23 12:09:27	1	2	15	0
        117817	2026-02-23 12:09:30	1	2	15	0
        116824	2026-02-23 12:09:32	1	2	15	0
        116346	2026-02-23 12:09:34	1	2	15	0
        116537	2026-02-23 12:09:37	1	2	15	0
        110358	2026-02-23 12:09:39	1	2	15	0
        119340	2026-02-23 12:09:41	1	2	15	0
        117077	2026-02-23 12:09:43	1	2	15	0
        117133	2026-02-23 12:09:45	1	2	15	0
        110032	2026-02-23 12:09:47	1	2	15	0
        117269	2026-02-23 12:09:49	1	2	15	0
        110200	2026-02-23 12:09:51	1	2	15	0
        119006	2026-02-23 12:09:55	1	2	15	0
        110060	2026-02-23 12:09:57	1	2	15	0
        110473	2026-02-23 12:10:00	1	2	15	0
        116960	2026-02-23 12:10:05	1	2	15	0
        117341	2026-02-23 12:10:10	1	2	15	0
        110057	2026-02-23 12:10:17	1	2	15	0
        119364	2026-02-23 12:10:20	1	2	15	0
        110495	2026-02-23 12:10:24	1	2	15	0
        117639	2026-02-23 12:10:28	1	2	15	0
        116497	2026-02-23 12:10:32	1	2	15	0
        117541	2026-02-23 12:10:37	1	2	15	0
        116072	2026-02-23 12:10:38	1	2	15	0
        117924	2026-02-23 12:10:39	1	2	15	0
        117724	2026-02-23 12:10:41	1	2	15	0
        118101	2026-02-23 12:10:44	1	2	15	0
        117692	2026-02-23 12:10:46	1	2	15	0
        117921	2026-02-23 12:10:48	1	2	15	0
        116902	2026-02-23 12:10:51	1	2	15	0
        116914	2026-02-23 12:10:54	1	2	15	0
        117080	2026-02-23 12:10:56	1	2	15	0
        117997	2026-02-23 12:10:58	1	2	15	0
        119272	2026-02-23 12:11:00	1	2	15	0
        116129	2026-02-23 12:11:02	1	2	15	0
        118813	2026-02-23 12:11:06	1	2	15	0
        116252	2026-02-23 12:11:08	1	2	15	0
        116070	2026-02-23 12:11:10	1	2	15	0
        110512	2026-02-23 12:11:12	1	2	15	0
        117972	2026-02-23 12:11:14	1	2	15	0
        110514	2026-02-23 12:11:16	1	2	15	0
        117222	2026-02-23 12:11:18	1	2	15	0
        117770	2026-02-23 12:11:20	1	2	15	0
        116990	2026-02-23 12:11:22	1	2	15	0
        116337	2026-02-23 12:11:29	1	2	15	0
        110538	2026-02-23 12:11:37	1	2	15	0
        110077	2026-02-23 12:11:40	1	2	15	0
        116356	2026-02-23 12:11:46	1	2	15	0
        118369	2026-02-23 12:11:47	1	2	15	0
        117981	2026-02-23 12:11:49	1	2	15	0
        116805	2026-02-23 12:11:50	1	2	15	0
        117061	2026-02-23 12:11:52	1	2	15	0
        117812	2026-02-23 12:11:53	1	2	15	0
        117769	2026-02-23 12:11:56	1	2	15	0
        117838	2026-02-23 12:11:58	1	2	15	0
        117837	2026-02-23 12:11:59	1	2	15	0
        116748	2026-02-23 12:12:07	1	2	15	0
        110158	2026-02-23 12:12:09	1	2	15	0
        117497	2026-02-23 12:12:18	1	2	15	0
        117817	2026-02-23 12:12:23	1	2	15	0
        118043	2026-02-23 12:12:33	1	2	15	0
        110113	2026-02-23 12:12:35	1	2	15	0
        118221	2026-02-23 12:12:38	1	2	15	0
        116496	2026-02-23 12:12:42	1	2	15	0
        110076	2026-02-23 12:12:43	1	2	15	0
        117100	2026-02-23 12:12:52	1	2	15	0
        117120	2026-02-23 12:12:56	1	2	15	0
        117567	2026-02-23 12:13:11	1	2	15	0
        117814	2026-02-23 12:13:18	1	2	15	0
        116995	2026-02-23 12:13:22	1	2	15	0
        119365	2026-02-23 12:13:39	1	2	15	0
        116493	2026-02-23 12:13:41	1	2	15	0
        110088	2026-02-23 12:13:44	1	2	15	0
        117639	2026-02-23 12:13:50	1	2	15	0
        117085	2026-02-23 12:14:01	1	2	15	0
        110493	2026-02-23 12:14:21	1	2	15	0
        119263	2026-02-23 12:14:26	1	2	15	0
        117543	2026-02-23 12:14:32	1	2	15	0
        110492	2026-02-23 12:14:34	1	2	15	0
        116996	2026-02-23 12:14:36	1	2	15	0
        117815	2026-02-23 12:14:38	1	2	15	0
        117711	2026-02-23 12:14:42	1	2	15	0
        117790	2026-02-23 12:15:19	1	2	15	0
        117692	2026-02-23 12:15:34	1	2	15	0
        117921	2026-02-23 12:15:36	1	2	15	0
        117716	2026-02-23 12:15:52	1	2	15	0
        110507	2026-02-23 12:15:57	1	2	15	0
        116166	2026-02-23 12:16:04	1	2	15	0
        117699	2026-02-23 12:16:09	1	2	15	0
        116799	2026-02-23 12:16:44	1	2	15	0
        110354	2026-02-23 12:16:47	1	2	15	0
        117707	2026-02-23 12:17:04	1	2	15	0
        117850	2026-02-23 12:17:22	1	2	15	0
        110356	2026-02-23 12:17:29	1	2	15	0
        110357	2026-02-23 12:17:31	1	2	15	0
        117088	2026-02-23 12:17:40	1	2	15	0
        110527	2026-02-23 12:17:45	1	2	15	0
        110006	2026-02-23 12:17:51	1	2	15	0
        110355	2026-02-23 12:17:56	1	2	15	0
        119365	2026-02-23 12:18:05	1	2	15	0
        116493	2026-02-23 12:18:07	1	2	15	0
        118271	2026-02-23 12:18:24	1	2	15	0
        117114	2026-02-23 12:18:30	1	2	15	0
        116142	2026-02-23 12:18:35	1	2	15	0
        117528	2026-02-23 12:18:38	1	2	15	0
        117575	2026-02-23 12:18:40	1	2	15	0
        117121	2026-02-23 12:18:42	1	2	15	0
        116069	2026-02-23 12:18:44	1	2	15	0
        110084	2026-02-23 12:18:46	1	2	15	0
        118580	2026-02-23 12:18:48	1	2	15	0
        110053	2026-02-23 12:18:57	1	2	15	0
        116996	2026-02-23 12:19:21	1	2	15	0
        110376	2026-02-23 12:19:40	1	2	15	0
        110377	2026-02-23 12:19:44	1	2	15	0
        117054	2026-02-23 12:19:49	1	2	15	0
        118753	2026-02-23 12:20:46	1	2	15	0
        118180	2026-02-23 12:20:52	1	2	15	0
        117270	2026-02-23 12:20:58	1	2	15	0
        118640	2026-02-23 12:21:02	1	2	15	0
        117542	2026-02-23 12:21:05	1	2	15	0
        117630	2026-02-23 12:21:11	1	2	15	0
        119493	2026-02-23 12:21:18	1	2	15	0
        110006	2026-02-23 12:21:28	1	2	15	0
        110090	2026-02-23 12:21:32	1	2	15	0
        110356	2026-02-23 12:21:36	1	2	15	0
        110355	2026-02-23 12:21:38	1	2	15	0
        110357	2026-02-23 12:21:45	1	2	15	0
        119453	2026-02-23 12:21:47	1	2	15	0
        118753	2026-02-23 12:21:49	1	2	15	0
        117497	2026-02-23 12:21:53	1	2	15	0
        117833	2026-02-23 12:22:06	1	2	15	0
        117969	2026-02-23 12:22:11	1	2	15	0
        117642	2026-02-23 12:22:12	1	2	15	0
        110393	2026-02-23 12:22:14	1	2	15	0
        119602	2026-02-23 12:22:15	1	2	15	0
        117841	2026-02-23 12:22:17	1	2	15	0
        110053	2026-02-23 12:22:21	1	2	15	0
        118761	2026-02-23 12:22:32	1	2	15	0
        117529	2026-02-23 12:22:40	1	2	15	0
        110100	2026-02-23 12:22:42	1	2	15	0
        117113	2026-02-23 12:22:47	1	2	15	0
        117814	2026-02-23 12:22:50	1	2	15	0
        116933	2026-02-23 12:22:52	1	2	15	0
        110085	2026-02-23 12:22:54	1	2	15	0
        117786	2026-02-23 12:22:56	1	2	15	0
        119493	2026-02-23 12:22:59	1	2	15	0
        110011	2026-02-23 12:23:01	1	2	15	0
        118744	2026-02-23 12:23:05	1	2	15	0
        116835	2026-02-23 12:23:09	1	2	15	0
        117575	2026-02-23 12:23:39	1	2	15	0
        118992	2026-02-23 12:23:48	1	2	15	0
        117699	2026-02-23 12:24:19	1	2	15	0
        117144	2026-02-23 12:24:22	1	2	15	0
        117972	2026-02-23 12:24:32	1	2	15	0
        117591	2026-02-23 12:24:36	1	2	15	0
        110512	2026-02-23 12:24:47	1	2	15	0
        110514	2026-02-23 12:24:51	1	2	15	0
        116835	2026-02-23 12:25:03	1	2	15	0
        119602	2026-02-23 12:25:13	1	2	15	0
        117567	2026-02-23 12:25:22	1	2	15	0
        117059	2026-02-23 12:25:44	1	2	15	0
        110197	2026-02-23 12:25:59	1	2	15	0
        119594	2026-02-23 12:26:09	1	2	15	0
        118971	2026-02-23 12:26:12	1	2	15	0
        118580	2026-02-23 12:26:14	1	2	15	0
        110084	2026-02-23 12:26:15	1	2	15	0
        110116	2026-02-23 12:26:18	1	2	15	0
        116279	2026-02-23 12:26:26	1	2	15	0
        116787	2026-02-23 12:26:29	1	2	15	0
        116828	2026-02-23 12:26:43	1	2	1	0
        117156	2026-02-23 12:26:50	1	2	15	0
        119104	2026-02-23 12:27:37	1	2	15	0
        117993	2026-02-23 12:27:39	1	2	15	0
        117212	2026-02-23 12:27:41	1	2	15	0
        117122	2026-02-23 12:27:53	1	2	15	0
        117114	2026-02-23 12:27:56	1	2	15	0
        117043	2026-02-23 12:28:06	1	2	15	0
        116751	2026-02-23 12:28:08	1	2	15	0
        116512	2026-02-23 12:28:11	1	2	15	0
        110050	2026-02-23 12:28:53	1	2	15	0
        110025	2026-02-23 12:28:57	1	2	15	0
        110090	2026-02-23 12:29:02	1	2	15	0
        118744	2026-02-23 12:29:06	1	2	15	0
        117542	2026-02-23 12:29:28	1	2	15	0
        110083	2026-02-23 12:29:36	1	2	15	0
        116933	2026-02-23 12:29:48	1	2	15	0
        119594	2026-02-23 12:30:00	1	2	15	0
        110011	2026-02-23 12:30:05	1	2	15	0
        116069	2026-02-23 12:30:07	1	2	15	0
        117212	2026-02-23 12:30:23	1	2	15	0
        117993	2026-02-23 12:30:26	1	2	15	0
        117680	2026-02-23 12:30:35	1	2	15	0
        118046	2026-02-23 12:31:10	1	2	15	0
        117483	2026-02-23 12:31:16	1	3	15	0
        117811	2026-02-23 12:31:17	1	3	15	0
        117659	2026-02-23 12:31:19	1	3	15	0
        117839	2026-02-23 12:31:21	1	3	15	0
        117840	2026-02-23 12:31:22	1	3	15	0
        118640	2026-02-23 12:31:25	1	3	15	0
        110535	2026-02-23 12:31:35	1	3	15	0
        110070	2026-02-23 12:31:37	1	3	15	0
        117222	2026-02-23 12:32:03	1	3	15	0
        116747	2026-02-23 12:32:22	1	3	15	0
        118744	2026-02-23 12:32:30	1	3	15	0
        118867	2026-02-23 12:32:37	1	3	15	0
        119157	2026-02-23 12:32:55	1	3	15	0
        110077	2026-02-23 12:33:00	1	3	15	0
        117156	2026-02-23 12:33:04	1	3	15	0
        118180	2026-02-23 12:33:06	1	3	15	0
        117966	2026-02-23 12:33:10	1	3	15	0
        117841	2026-02-23 12:33:12	1	3	15	0
        117811	2026-02-23 12:33:13	1	3	15	0
        110083	2026-02-23 12:33:22	1	3	15	0
        110473	2026-02-23 12:33:37	1	3	15	0
        116104	2026-02-23 12:33:42	1	3	15	0
        117113	2026-02-23 12:33:48	1	3	15	0
        117088	2026-02-23 12:34:41	1	3	15	0
        117841	2026-02-23 12:35:07	1	3	15	0
        116428	2026-02-23 12:35:13	1	3	15	0
        116512	2026-02-23 12:35:38	1	3	15	0
        118971	2026-02-23 12:35:44	1	3	15	0
        116751	2026-02-23 12:35:48	1	3	15	0
        118867	2026-02-23 12:35:53	1	3	15	0
        119494	2026-02-23 12:36:05	1	3	15	0
        117595	2026-02-23 12:36:44	1	3	15	0
        119157	2026-02-23 12:36:49	1	3	15	0
        118761	2026-02-23 12:36:56	1	3	15	0
        118046	2026-02-23 12:37:01	1	3	15	0
        116787	2026-02-23 12:37:06	1	3	15	0
        110094	2026-02-23 12:37:27	1	3	15	0
        110025	2026-02-23 12:37:45	1	3	15	0
        117147	2026-02-23 12:37:47	1	3	15	0
        110050	2026-02-23 12:37:49	1	3	15	0
        117709	2026-02-23 12:37:56	1	3	15	0
        117849	2026-02-23 12:38:00	1	3	15	0
        119104	2026-02-23 12:38:42	1	3	15	0
        110070	2026-02-23 12:39:04	1	3	15	0
        116104	2026-02-23 12:39:38	1	3	15	0
        119475	2026-02-23 12:40:28	1	3	15	0
        110100	2026-02-23 12:40:31	1	3	15	0
        110065	2026-02-23 12:40:33	1	3	15	0
        118997	2026-02-23 12:40:37	1	3	15	0
        117642	2026-02-23 12:41:46	1	3	15	0
        110393	2026-02-23 12:41:49	1	3	15	0
        117121	2026-02-23 12:42:01	1	3	15	0
        117528	2026-02-23 12:42:05	1	3	15	0
        118992	2026-02-23 12:42:31	1	3	15	0
        119282	2026-02-23 12:42:39	1	3	15	0
        117969	2026-02-23 12:43:38	1	3	15	0
        116142	2026-02-23 12:43:57	1	3	15	0
        117849	2026-02-23 12:44:17	1	3	15	0
        117709	2026-02-23 12:44:24	1	3	15	0
        116747	2026-02-23 12:44:31	1	3	15	0
        117224	2026-02-23 12:44:35	1	3	15	0
        117966	2026-02-23 12:44:56	1	3	15	0
        110466	2026-02-23 12:45:02	1	3	15	0
        116274	2026-02-23 12:45:13	1	3	15	0
        119282	2026-02-23 12:45:28	1	3	15	0
        117147	2026-02-23 12:46:01	1	3	15	0
        118695	2026-02-23 12:46:15	1	3	15	0
        117111	2026-02-23 12:46:17	1	3	15	0
        117337	2026-02-23 12:46:19	1	3	15	0
        117595	2026-02-23 12:46:21	1	3	15	0
        110197	2026-02-23 12:46:35	1	3	15	0
        110065	2026-02-23 12:46:54	1	3	15	0
        119494	2026-02-23 12:46:56	1	3	15	0
        110094	2026-02-23 12:47:00	1	3	15	0
        119475	2026-02-23 12:47:02	1	3	15	0
        118997	2026-02-23 12:48:16	1	3	15	0
        118732	2026-02-23 12:48:47	1	3	15	0
        119227	2026-02-23 12:50:12	1	3	15	0
        110074	2026-02-23 12:50:14	1	3	15	0
        119070	2026-02-23 12:50:16	1	3	15	0
        117259	2026-02-23 12:50:19	1	3	15	0
        116824	2026-02-23 12:50:21	1	3	15	0
        116166	2026-02-23 12:51:05	1	3	15	0
        110088	2026-02-23 12:51:24	1	3	15	0
        118207	2026-02-23 12:52:34	1	3	15	0
        117085	2026-02-23 12:52:46	1	3	15	0
        110466	2026-02-23 12:54:45	1	3	15	0
        116274	2026-02-23 12:54:48	1	3	15	0
        117724	2026-02-23 12:55:00	1	3	15	0
        118101	2026-02-23 12:55:02	1	3	15	0
        119070	2026-02-23 12:55:14	1	3	15	0
        119227	2026-02-23 12:55:18	1	3	15	0
        110055	2026-02-23 12:55:21	1	3	15	0
        110074	2026-02-23 12:55:23	1	3	15	0
        117259	2026-02-23 12:55:25	1	3	15	0
        118207	2026-02-23 12:55:27	1	3	15	0
        117616	2026-02-23 12:55:47	1	3	15	0
        110055	2026-02-23 12:57:53	1	3	15	0
        110085	2026-02-23 12:58:19	1	3	15	0
        117786	2026-02-23 13:00:09	1	3	15	0
        119365	2026-02-23 15:48:03	1	3	15	0
        110475	2026-02-23 15:59:16	1	3	15	0
        110094	2026-02-23 16:22:48	1	1	15	0
        110485	2026-02-23 16:29:29	1	1	15	0
        110195	2026-02-23 16:30:12	1	1	15	0
        110193	2026-02-23 16:51:40	1	1	15	0
        117833	2026-02-23 17:00:06	1	1	15	0
        117100	2026-02-23 17:00:08	1	1	15	0
        119453	2026-02-23 17:00:15	1	1	15	0
        116493	2026-02-23 17:01:05	1	1	15	0
        117133	2026-02-23 17:01:07	1	1	15	0
        117770	2026-02-23 17:01:44	1	1	15	0
        116070	2026-02-23 17:01:46	1	1	15	0
        117812	2026-02-23 17:01:47	1	1	15	0
        119535	2026-02-23 17:01:57	1	1	15	0
        117144	2026-02-23 17:02:01	1	1	15	0
        110355	2026-02-23 17:02:31	1	1	15	0
        118207	2026-02-23 17:02:35	1	1	15	0
        116512	2026-02-23 17:03:07	1	1	15	0
        116751	2026-02-23 17:03:10	1	1	15	0
        119340	2026-02-23 17:03:20	1	1	15	0
        110358	2026-02-23 17:03:22	1	1	15	0
        116426	2026-02-23 17:03:26	1	1	15	0
        110051	2026-02-23 17:03:30	1	1	15	0
        118101	2026-02-23 17:03:32	1	1	15	0
        110197	2026-02-23 17:03:36	1	1	15	0
        110113	2026-02-23 17:04:23	1	1	15	0
        118180	2026-02-23 17:04:44	1	1	15	0
        118458	2026-02-23 17:04:49	1	1	15	0
        117837	2026-02-23 17:04:51	1	1	15	0
        117915	2026-02-23 17:04:52	1	1	15	0
        116990	2026-02-23 17:05:00	1	1	15	0
        117815	2026-02-23 17:05:04	1	1	15	0
        117835	2026-02-23 17:05:07	1	1	15	0
        118640	2026-02-23 17:05:16	1	1	15	0
        117085	2026-02-23 17:05:18	1	1	15	0
        118829	2026-02-23 17:05:25	1	1	15	0
        110377	2026-02-23 17:05:30	1	1	15	0
        110376	2026-02-23 17:05:34	1	1	15	0
        117088	2026-02-23 17:05:53	1	1	15	0
        119107	2026-02-23 17:05:58	1	1	15	0
        117930	2026-02-23 17:06:01	1	1	15	0
        110535	2026-02-23 17:06:03	1	1	15	0
        116069	2026-02-23 17:06:39	1	1	15	0
        117483	2026-02-23 17:06:43	1	1	15	0
        117838	2026-02-23 17:06:45	1	1	1	0
        117966	2026-02-23 17:06:47	1	1	15	0
        117541	2026-02-23 17:06:48	1	1	15	0
        117659	2026-02-23 17:06:50	1	1	15	0
        117769	2026-02-23 17:06:52	1	1	15	0
        117997	2026-02-23 17:06:53	1	1	15	0
        118584	2026-02-23 17:06:54	1	1	15	0
        116799	2026-02-23 17:06:57	1	1	15	0
        116496	2026-02-23 17:07:03	1	1	15	0
        110065	2026-02-23 17:07:05	1	1	15	0
        119475	2026-02-23 17:07:11	1	1	15	0
        117114	2026-02-23 17:07:19	1	1	15	0
        116960	2026-02-23 17:07:21	1	1	15	0
        110100	2026-02-23 17:07:23	1	1	15	0
        110356	2026-02-23 17:07:24	1	1	15	0
        116129	2026-02-23 17:07:26	1	1	15	0
        117567	2026-02-23 17:07:32	1	1	15	0
        118744	2026-02-23 17:07:35	1	1	15	0
        116282	2026-02-23 17:07:56	1	1	15	0
        118157	2026-02-23 17:07:57	1	1	15	0
        117683	2026-02-23 17:07:59	1	1	15	0
        117634	2026-02-23 17:08:02	1	1	15	0
        116346	2026-02-23 17:08:05	1	1	15	0
        110574	2026-02-23 17:08:07	1	1	15	0
        117839	2026-02-23 17:08:09	1	1	15	0
        117840	2026-02-23 17:08:12	1	1	15	0
        117841	2026-02-23 17:08:13	1	1	15	0
        117982	2026-02-23 17:08:15	1	1	15	0
        116252	2026-02-23 17:08:17	1	1	15	0
        116902	2026-02-23 17:08:20	1	1	15	0
        117219	2026-02-23 17:08:25	1	1	15	0
        116422	2026-02-23 17:08:27	1	1	15	0
        117111	2026-02-23 17:08:37	1	1	15	0
        110507	2026-02-23 17:09:15	1	1	15	0
        110473	2026-02-23 17:09:31	1	1	15	0
        116824	2026-02-23 17:09:37	1	1	15	0
        117786	2026-02-23 17:09:53	1	1	15	0
        110512	2026-02-23 17:09:54	1	1	15	0
        118563	2026-02-23 17:09:57	1	1	15	0
        118455	2026-02-23 17:09:59	1	1	15	0
        118971	2026-02-23 17:10:02	1	1	15	0
        117711	2026-02-23 17:10:04	1	1	15	0
        116337	2026-02-23 17:10:08	1	1	15	0
        117998	2026-02-23 17:10:13	1	1	15	0
        117201	2026-02-23 17:10:17	1	1	15	0
        117528	2026-02-23 17:10:21	1	1	15	0
        117147	2026-02-23 17:10:23	1	1	15	0
        117716	2026-02-23 17:10:27	1	1	15	0
        117616	2026-02-23 17:10:33	1	1	15	0
        117790	2026-02-23 17:10:39	1	1	15	0
        117156	2026-02-23 17:10:41	1	1	15	0
        117080	2026-02-23 17:10:48	1	1	15	0
        110060	2026-02-23 17:10:51	1	1	15	0
        117543	2026-02-23 17:10:55	1	1	15	0
        110050	2026-02-23 17:10:58	1	1	15	0
        110055	2026-02-23 17:11:02	1	1	15	0
        117121	2026-02-23 17:11:04	1	1	15	0
        117972	2026-02-23 17:11:06	1	1	15	0
        110418	2026-02-23 17:11:12	1	1	15	0
        110424	2026-02-23 17:11:16	1	1	15	0
        117113	2026-02-23 17:11:25	1	1	15	0
        110495	2026-02-23 17:11:32	1	1	15	0
        117642	2026-02-23 17:11:34	1	1	15	0
        110493	2026-02-23 17:11:35	1	1	15	0
        117497	2026-02-23 17:11:42	1	1	15	0
        117724	2026-02-23 17:11:44	1	1	15	0
        117680	2026-02-23 17:11:47	1	1	15	0
        117983	2026-02-23 17:12:16	1	1	15	0
        116551	2026-02-23 17:12:26	1	1	15	0
        110116	2026-02-23 17:12:37	1	1	15	0
        117120	2026-02-23 17:12:54	1	1	15	0
        117259	2026-02-23 17:12:56	1	1	15	0
        119594	2026-02-23 17:12:58	1	1	15	0
        116995	2026-02-23 17:12:59	1	1	15	0
        117733	2026-02-23 17:13:02	1	1	15	0
        117122	2026-02-23 17:13:06	1	1	15	0
        118992	2026-02-23 17:13:10	1	1	15	0
        110090	2026-02-23 17:13:12	1	1	15	0
        119006	2026-02-23 17:13:28	1	1	15	0
        119157	2026-02-23 17:13:44	1	1	15	0
        119493	2026-02-23 17:14:02	1	1	15	0
        110354	2026-02-23 17:14:14	1	1	15	0
        110527	2026-02-23 17:14:23	1	1	15	0
        116504	2026-02-23 17:14:28	1	1	15	0
        116748	2026-02-23 17:14:31	1	1	15	0
        116537	2026-02-23 17:14:53	1	1	15	0
        117341	2026-02-23 17:14:54	1	1	15	0
        116279	2026-02-23 17:15:13	1	1	15	0
        117692	2026-02-23 17:15:40	1	1	15	0
        117224	2026-02-23 17:15:49	1	1	15	0
        116805	2026-02-23 17:16:17	1	1	15	0
        117061	2026-02-23 17:16:19	1	1	15	0
        116497	2026-02-23 17:16:21	1	1	15	0
        117046	2026-02-23 17:16:23	1	1	15	0
        117059	2026-02-23 17:16:25	1	1	15	0
        118761	2026-02-23 17:16:27	1	1	15	0
        110090	2026-02-23 17:16:29	1	1	15	0
        116996	2026-02-23 17:16:34	1	1	15	0
        117043	2026-02-23 17:16:37	1	1	15	0
        116747	2026-02-23 17:16:59	1	1	15	0
        116933	2026-02-23 17:17:10	1	1	15	0
        116428	2026-02-23 17:17:14	1	1	15	0
        110466	2026-02-23 17:17:25	1	1	15	0
        117814	2026-02-23 17:17:31	1	1	15	0
        117054	2026-02-23 17:17:43	1	1	15	0
        110357	2026-02-23 17:17:45	1	1	15	0
        116828	2026-02-23 17:17:53	1	1	1	0
        117926	2026-02-23 17:18:02	1	1	15	0
        117046	2026-02-23 17:18:08	1	1	15	0
        117639	2026-02-23 17:18:31	1	1	15	0
        117212	2026-02-23 17:18:58	1	1	15	0
        117850	2026-02-23 17:19:06	1	1	15	0
        119602	2026-02-23 17:20:38	1	1	15	0
        118580	2026-02-23 17:20:42	1	1	15	0
        110084	2026-02-23 17:20:44	1	1	15	0
        110538	2026-02-23 17:20:45	1	1	15	0
        110172	2026-02-23 17:20:49	1	1	15	0
        119104	2026-02-23 17:20:51	1	1	15	0
        117542	2026-02-23 17:21:24	1	1	15	0
        117993	2026-02-23 17:21:50	1	1	15	0
        117811	2026-02-23 17:22:51	1	1	15	0
        117630	2026-02-23 17:22:55	1	1	15	0
        116142	2026-02-23 17:23:09	1	1	15	0
        118046	2026-02-23 17:23:39	1	1	15	0
        117921	2026-02-23 17:23:59	1	1	15	0
        110085	2026-02-23 17:24:58	1	1	15	0
        119494	2026-02-23 17:25:20	1	1	15	0
        116274	2026-02-23 17:26:00	1	1	15	0
        117269	2026-02-23 17:26:03	1	1	15	0
        118997	2026-02-23 17:26:07	1	1	15	0
        117700	2026-02-23 17:27:29	1	1	15	0
        117077	2026-02-23 17:27:38	1	1	15	0
        118221	2026-02-23 17:28:06	1	1	15	0
        116483	2026-02-23 17:28:33	1	1	15	0
        119070	2026-02-23 17:28:35	1	1	15	0
        118271	2026-02-23 17:29:38	1	1	15	0
        117969	2026-02-23 17:29:52	1	1	15	0
        110076	2026-02-23 17:31:12	1	1	15	0
        118043	2026-02-23 17:31:37	1	1	15	0
        110053	2026-02-23 17:31:44	1	1	15	0
        117270	2026-02-23 17:32:05	1	1	15	0
        119227	2026-02-23 17:36:12	1	1	15	0
        110025	2026-02-23 17:37:21	1	1	15	0
        117924	2026-02-23 17:38:53	1	1	15	0
        118369	2026-02-23 17:38:55	1	1	15	0
        117981	2026-02-23 17:38:57	1	1	15	0
        118695	2026-02-23 17:39:11	1	1	15	0
        110200	2026-02-23 17:40:02	1	1	15	0
        117699	2026-02-23 17:43:25	1	1	15	0
        116356	2026-02-23 17:43:39	1	1	15	0
        116104	2026-02-23 17:44:19	1	1	15	0
        110011	2026-02-23 17:44:20	1	1	15	0
        118186	2026-02-23 17:44:23	1	1	15	0
        119364	2026-02-23 17:44:38	1	1	15	0
        110057	2026-02-23 17:44:41	1	1	15	0
        110074	2026-02-23 17:44:43	1	1	15	0
        116835	2026-02-23 17:45:56	1	1	15	0
        116166	2026-02-23 17:46:39	1	1	15	0
        118732	2026-02-23 17:49:14	1	1	15	0
        119272	2026-02-23 17:49:35	1	1	15	0
        118813	2026-02-23 17:49:39	1	1	15	0
        119282	2026-02-23 17:51:08	1	1	15	0
        118867	2026-02-23 17:51:17	1	1	15	0
        119263	2026-02-23 17:52:05	1	1	15	0
        118753	2026-02-23 17:55:04	1	1	15	0
        116787	2026-02-23 17:56:44	1	1	15	0
        110077	2026-02-23 17:58:02	1	1	15	0
        110088	2026-02-23 17:59:00	1	1	15	0
        110393	2026-02-23 17:59:20	1	1	15	0
        110070	2026-02-23 18:06:23	1	1	15	0
        117591	2026-02-23 18:07:37	1	1	15	0
        116072	2026-02-23 18:07:42	1	1	15	0
        117529	2026-02-23 18:10:53	1	1	15	0
        110492	2026-02-23 18:13:05	1	1	15	0
        117817	2026-02-23 18:18:50	1	1	15	0
        117575	2026-02-23 18:18:56	1	1	15	0
        110083	2026-02-23 18:19:22	1	1	15	0
        110032	2026-02-23 18:21:52	1	1	15	0
        117222	2026-02-23 18:21:56	1	1	15	0
        110105	2026-02-23 18:25:42	1	1	15	0
        117709	2026-02-23 18:30:57	1	1	15	0
        117849	2026-02-23 18:31:00	1	1	15	0
        110128	2026-02-23 18:41:16	1	1	15	0
        117707	2026-02-23 18:41:53	1	1	15	0
        119449	2026-02-23 18:53:34	1	1	15	0
        110006	2026-02-23 18:58:46	1	1	15	0
        117595	2026-02-23 19:36:47	1	1	15	0
        117201	2026-02-24 04:57:35	1	0	15	0
        110144	2026-02-24 06:05:47	1	0	15	0
        119070	2026-02-24 06:27:57	1	0	15	0
        110574	2026-02-24 06:28:22	1	0	15	0
        116831	2026-02-24 06:37:55	1	0	15	0
        117999	2026-02-24 06:39:10	1	0	15	0
        117711	2026-02-24 06:43:13	1	0	15	0
        116799	2026-02-24 06:46:28	1	0	15	0
        118563	2026-02-24 06:51:36	1	0	15	0
        118992	2026-02-24 06:54:18	1	0	15	0
        117930	2026-02-24 06:56:02	1	0	15	0
        110074	2026-02-24 06:57:26	1	0	15	0
        110113	2026-02-24 06:57:39	1	0	15	0
        116914	2026-02-24 06:58:11	1	0	15	0
        117835	2026-02-24 07:01:05	1	0	15	0
        116551	2026-02-24 07:01:29	1	0	15	0
        117983	2026-02-24 07:01:59	1	0	15	0
        110051	2026-02-24 07:02:39	1	0	15	0
        110535	2026-02-24 07:06:34	1	0	15	0
        117059	2026-02-24 07:06:37	1	0	15	0
        117528	2026-02-24 07:07:39	1	0	15	0
        110084	2026-02-24 07:09:26	1	0	15	0
        117966	2026-02-24 07:10:18	1	0	15	0
        117993	2026-02-24 07:11:16	1	0	15	0
        116763	2026-02-24 07:11:20	1	0	15	0
        117769	2026-02-24 07:11:45	1	0	15	0
        116995	2026-02-24 07:20:49	1	0	15	0
        117770	2026-02-24 07:20:54	1	0	15	0
        110527	2026-02-24 07:21:02	1	0	15	0
        116479	2026-02-24 07:21:42	1	0	15	0
        110085	2026-02-24 07:23:40	1	0	15	0
        119365	2026-02-24 07:24:22	1	0	15	0
        117133	2026-02-24 07:25:35	1	0	15	0
        118207	2026-02-24 07:26:24	1	0	15	0
        110358	2026-02-24 07:27:00	1	0	15	0
        117707	2026-02-24 07:27:25	1	0	15	0
        118455	2026-02-24 07:28:03	1	0	15	0
        110485	2026-02-24 07:30:10	1	0	15	0
        118580	2026-02-24 07:30:20	1	0	15	0
        118829	2026-02-24 07:30:27	1	0	15	0
        110357	2026-02-24 07:30:44	1	0	15	0
        119475	2026-02-24 07:31:00	1	0	15	0
        110065	2026-02-24 07:31:03	1	0	15	0
        116996	2026-02-24 07:31:25	1	0	15	0
        110475	2026-02-24 07:32:14	1	0	15	0
        118157	2026-02-24 07:32:21	1	0	15	0
        119272	2026-02-24 07:33:16	1	0	15	0
        119602	2026-02-24 07:33:22	1	0	15	0
        110060	2026-02-24 07:33:35	1	0	15	0
        118997	2026-02-24 07:33:52	1	0	15	0
        118101	2026-02-24 07:34:24	1	0	15	0
        110457	2026-02-24 07:34:30	1	0	15	0
        117724	2026-02-24 07:36:52	1	0	15	0
        117483	2026-02-24 07:36:59	1	0	15	0
        110424	2026-02-24 07:37:49	1	0	15	0
        117838	2026-02-24 07:38:40	1	0	1	0
        118640	2026-02-24 07:40:09	1	0	15	0
        119494	2026-02-24 07:40:39	1	0	15	0
        110355	2026-02-24 07:43:18	1	0	15	0
        110356	2026-02-24 07:43:20	1	0	15	0
        118744	2026-02-24 07:43:24	1	0	15	0
        117088	2026-02-24 07:43:36	1	0	15	0
        117100	2026-02-24 07:45:09	1	0	15	0
        110493	2026-02-24 07:45:24	1	0	15	0
        117680	2026-02-24 07:45:51	1	0	15	0
        117972	2026-02-24 07:46:04	1	0	15	0
        117997	2026-02-24 07:46:30	1	0	15	0
        116383	2026-02-24 07:46:47	1	0	15	0
        118369	2026-02-24 07:47:18	1	0	15	0
        118928	2026-02-24 07:48:47	1	0	15	0
        117114	2026-02-24 07:48:53	1	0	15	0
        119340	2026-02-24 07:49:16	1	0	15	0
        110376	2026-02-24 07:49:41	1	0	15	0
        117915	2026-02-24 07:49:49	1	0	15	0
        110372	2026-02-24 07:50:00	1	0	15	0
        116990	2026-02-24 07:50:07	1	0	15	0
        110507	2026-02-24 07:50:31	1	0	15	0
        119453	2026-02-24 07:52:33	1	0	15	0
        116504	2026-02-24 07:52:41	1	0	15	0
        117111	2026-02-24 07:53:04	1	0	15	0
        110377	2026-02-24 07:53:30	1	0	15	0
        117270	2026-02-24 07:54:10	1	0	15	0
        116346	2026-02-24 07:54:59	1	0	15	0
        118180	2026-02-24 07:55:11	1	0	15	0
        117921	2026-02-24 07:56:29	1	0	15	0
        116787	2026-02-24 07:56:43	1	0	15	0
        116426	2026-02-24 07:56:44	1	0	15	0
        117591	2026-02-24 07:56:56	1	0	15	0
        117129	2026-02-24 07:56:58	1	0	15	0
        110062	2026-02-24 07:57:45	1	0	15	0
        110378	2026-02-24 07:57:51	1	0	15	0
        110473	2026-02-24 07:58:04	1	0	15	0
        118862	2026-02-24 07:58:51	1	0	15	0
        116356	2026-02-24 07:59:19	1	0	15	0
        110053	2026-02-24 07:59:26	1	0	15	0
        117644	2026-02-24 07:59:37	1	0	15	0
        117269	2026-02-24 08:00:09	1	0	15	0
        117642	2026-02-24 08:01:34	1	0	15	0
        116824	2026-02-24 08:02:10	1	0	15	0
        116828	2026-02-24 08:02:20	1	0	1	0
        117639	2026-02-24 08:03:31	1	0	15	0
        118221	2026-02-24 08:04:12	1	0	15	0
        117840	2026-02-24 08:04:15	1	0	15	0
        117982	2026-02-24 08:04:18	1	0	15	0
        110083	2026-02-24 08:04:35	1	0	15	0
        117733	2026-02-24 08:04:48	1	0	15	0
        117700	2026-02-24 08:05:52	1	0	15	0
        116428	2026-02-24 08:05:59	1	0	15	0
        116483	2026-02-24 08:06:04	1	0	15	0
        116142	2026-02-24 08:06:16	1	0	15	0
        118043	2026-02-24 08:06:19	1	0	15	0
        116129	2026-02-24 08:07:39	1	0	15	0
        110063	2026-02-24 08:07:46	1	0	15	0
        110032	2026-02-24 08:08:52	1	0	15	0
        116496	2026-02-24 08:09:01	1	0	15	0
        116274	2026-02-24 08:09:11	1	0	15	0
        110538	2026-02-24 08:09:37	1	0	15	0
        118186	2026-02-24 08:09:43	1	0	15	0
        110076	2026-02-24 08:10:45	1	0	15	0
        110094	2026-02-24 08:11:10	1	0	15	0
        116072	2026-02-24 08:11:16	1	0	15	0
        117817	2026-02-24 08:11:24	1	0	15	0
        117833	2026-02-24 08:11:55	1	0	15	0
        117497	2026-02-24 08:12:43	1	0	15	0
        119232	2026-02-24 08:12:58	1	0	15	0
        117219	2026-02-24 08:13:12	1	0	15	0
        116282	2026-02-24 08:14:09	1	0	15	0
        110360	2026-02-24 08:14:15	1	0	15	0
        117222	2026-02-24 08:14:26	1	0	15	0
        110128	2026-02-24 08:15:29	1	0	15	0
        119157	2026-02-24 08:15:33	1	0	15	0
        117924	2026-02-24 08:15:42	1	0	15	0
        116960	2026-02-24 08:16:10	1	0	15	0
        116512	2026-02-24 08:16:28	1	0	15	0
        116751	2026-02-24 08:16:31	1	0	15	0
        117716	2026-02-24 08:16:40	1	0	15	0
        117998	2026-02-24 08:17:14	1	0	15	0
        118046	2026-02-24 08:17:18	1	0	15	0
        117742	2026-02-24 08:17:42	1	0	15	0
        110105	2026-02-24 08:18:04	1	0	15	0
        116778	2026-02-24 08:18:19	1	0	15	0
        110011	2026-02-24 08:18:35	1	0	15	0
        117634	2026-02-24 08:18:37	1	0	15	0
        117683	2026-02-24 08:18:40	1	0	15	0
        119449	2026-02-24 08:19:14	1	0	15	0
        116902	2026-02-24 08:19:55	1	0	15	0
        117920	2026-02-24 08:20:10	1	0	15	0
        117981	2026-02-24 08:20:57	1	0	15	0
        116493	2026-02-24 08:21:20	1	0	15	0
        116297	2026-02-24 08:21:42	1	0	15	0
        116252	2026-02-24 08:24:01	1	0	15	0
        117337	2026-02-24 08:24:09	1	0	15	0
        110197	2026-02-24 08:25:07	1	0	15	0
        110025	2026-02-24 08:25:10	1	0	15	0
        117259	2026-02-24 08:25:25	1	0	15	0
        117113	2026-02-24 08:25:46	1	0	15	0
        119594	2026-02-24 08:25:57	1	0	15	0
        119282	2026-02-24 08:26:16	1	0	15	0
        117121	2026-02-24 08:26:29	1	0	15	0
        116472	2026-02-24 08:26:34	1	0	15	0
        117839	2026-02-24 08:26:42	1	0	15	0
        119104	2026-02-24 08:26:47	1	0	15	0
        116422	2026-02-24 08:26:57	1	0	15	0
        117616	2026-02-24 08:27:22	1	0	15	0
        117638	2026-02-24 08:27:42	1	0	15	0
        116279	2026-02-24 08:29:15	1	0	15	0
        117103	2026-02-24 08:29:57	1	0	15	0
        117541	2026-02-24 08:30:15	1	0	15	0
        117567	2026-02-24 08:31:32	1	0	15	0
        110195	2026-02-24 08:31:51	1	0	15	0
        119006	2026-02-24 08:32:40	1	0	15	0
        117699	2026-02-24 08:32:47	1	0	15	0
        110413	2026-02-24 08:33:08	1	0	15	0
        110090	2026-02-24 08:33:14	1	0	15	0
        110158	2026-02-24 08:33:30	1	0	15	0
        110088	2026-02-24 08:33:34	1	0	15	0
        119364	2026-02-24 08:33:35	1	0	15	0
        116537	2026-02-24 08:34:44	1	0	15	0
        117043	2026-02-24 08:34:53	1	0	15	0
        110513	2026-02-24 08:35:28	1	0	15	0
        110393	2026-02-24 08:36:00	1	0	15	0
        116104	2026-02-24 08:36:49	1	0	15	0
        117542	2026-02-24 08:37:20	1	0	15	0
        117969	2026-02-24 08:37:53	1	0	15	0
        110131	2026-02-24 08:39:39	1	0	15	0
        110354	2026-02-24 08:39:46	1	0	15	0
        117812	2026-02-24 08:40:23	1	0	15	0
        117224	2026-02-24 08:40:36	1	0	15	0
        117595	2026-02-24 08:41:29	1	0	15	0
        117543	2026-02-24 08:41:33	1	0	15	0
        110055	2026-02-24 08:41:38	1	0	15	0
        117077	2026-02-24 08:41:48	1	0	15	0
        116453	2026-02-24 08:41:52	1	0	15	0
        116497	2026-02-24 08:42:10	1	0	15	0
        119143	2026-02-24 08:42:55	1	0	15	0
        117046	2026-02-24 08:43:42	1	0	15	0
        117120	2026-02-24 08:43:51	1	0	15	0
        119493	2026-02-24 08:44:22	1	0	15	0
        110495	2026-02-24 08:44:28	1	0	15	0
        118584	2026-02-24 08:44:49	1	0	15	0
        118695	2026-02-24 08:45:24	1	0	15	0
        117709	2026-02-24 08:45:55	1	0	15	0
        110050	2026-02-24 08:47:51	1	0	15	0
        110070	2026-02-24 08:48:52	1	0	15	0
        117122	2026-02-24 08:49:09	1	0	15	0
        117341	2026-02-24 08:49:39	1	0	15	0
        116260	2026-02-24 08:50:39	1	0	15	0
        117786	2026-02-24 08:50:57	1	0	15	0
        117926	2026-02-24 08:51:10	1	0	15	0
        117837	2026-02-24 08:51:22	1	0	15	0
        118458	2026-02-24 08:51:33	1	0	15	0
        118971	2026-02-24 08:51:43	1	0	15	0
        116805	2026-02-24 08:51:57	1	0	15	0
        118867	2026-02-24 08:52:11	1	0	15	0
        117080	2026-02-24 08:52:51	1	0	15	0
        116933	2026-02-24 08:53:11	1	0	15	0
        117061	2026-02-24 08:53:23	1	0	15	0
        116747	2026-02-24 08:53:36	1	0	15	0
        117849	2026-02-24 08:53:39	1	0	15	0
        117212	2026-02-24 08:53:48	1	0	15	0
        116069	2026-02-24 08:54:19	1	0	15	0
        117054	2026-02-24 08:54:31	1	0	15	0
        110200	2026-02-24 08:54:45	1	0	15	0
        110057	2026-02-24 08:55:37	1	0	15	0
        117814	2026-02-24 08:56:04	1	0	15	0
        117790	2026-02-24 08:56:21	1	0	15	0
        110418	2026-02-24 08:56:31	1	0	15	0
        118761	2026-02-24 08:56:38	1	0	15	0
        117144	2026-02-24 08:56:51	1	0	15	0
        116070	2026-02-24 08:56:57	1	0	15	0
        117811	2026-02-24 08:57:05	1	0	15	0
        110077	2026-02-24 08:57:47	1	0	15	0
        117091	2026-02-24 08:58:58	1	0	15	0
        117841	2026-02-24 09:00:03	1	0	15	0
        117692	2026-02-24 09:00:27	1	0	15	0
        118813	2026-02-24 09:01:09	1	0	15	0
        117575	2026-02-24 09:01:44	1	0	15	0
        110100	2026-02-24 09:01:54	1	0	15	0
        117156	2026-02-24 09:03:00	1	0	15	0
        119263	2026-02-24 09:03:55	1	0	15	0
        116166	2026-02-24 09:06:40	1	0	15	0
        117815	2026-02-24 09:08:52	1	0	15	0
        118753	2026-02-24 09:09:01	1	0	15	0
        119107	2026-02-24 09:16:24	1	0	15	0
        117529	2026-02-24 09:36:54	1	0	15	0
        117659	2026-02-24 10:19:48	1	0	15	0
        110116	2026-02-24 10:50:52	1	0	15	0
        110514	2026-02-24 10:53:32	1	0	15	0
        119340	2026-02-24 12:00:19	1	2	15	0
        118640	2026-02-24 12:00:31	1	2	15	0
        119263	2026-02-24 12:00:34	1	2	15	0
        118180	2026-02-24 12:00:37	1	2	15	0
        117100	2026-02-24 12:00:39	1	2	15	0
        119107	2026-02-24 12:00:44	1	2	15	0
        110507	2026-02-24 12:00:52	1	2	15	0
        116142	2026-02-24 12:01:03	1	2	15	0
        110418	2026-02-24 12:01:17	1	2	15	0
        116426	2026-02-24 12:01:30	1	2	15	0
        118584	2026-02-24 12:01:34	1	2	15	0
        117224	2026-02-24 12:02:02	1	2	15	0
        119449	2026-02-24 12:02:04	1	2	15	0
        110495	2026-02-24 12:02:06	1	2	15	0
        110493	2026-02-24 12:02:08	1	2	15	0
        110527	2026-02-24 12:02:12	1	2	15	0
        110360	2026-02-24 12:02:14	1	2	15	0
        118458	2026-02-24 12:02:16	1	2	15	0
        116383	2026-02-24 12:02:21	1	2	15	0
        110094	2026-02-24 12:02:22	1	2	15	0
        118563	2026-02-24 12:02:28	1	2	15	0
        116166	2026-02-24 12:02:41	1	2	15	0
        117997	2026-02-24 12:02:46	1	2	15	0
        119263	2026-02-24 12:02:50	1	2	15	0
        117543	2026-02-24 12:02:54	1	2	15	0
        118971	2026-02-24 12:02:57	1	2	15	0
        110076	2026-02-24 12:02:59	1	2	15	0
        117222	2026-02-24 12:03:06	1	2	15	0
        117080	2026-02-24 12:03:07	1	2	15	0
        116763	2026-02-24 12:03:09	1	2	15	0
        117046	2026-02-24 12:03:13	1	2	15	0
        110424	2026-02-24 12:03:15	1	2	15	0
        117711	2026-02-24 12:03:16	1	2	15	0
        110473	2026-02-24 12:03:19	1	2	15	0
        118829	2026-02-24 12:03:21	1	2	15	0
        110535	2026-02-24 12:03:23	1	2	15	0
        110113	2026-02-24 12:03:25	1	2	15	0
        116914	2026-02-24 12:03:30	1	2	15	0
        116902	2026-02-24 12:03:32	1	2	15	0
        110077	2026-02-24 12:03:36	1	2	15	0
        117790	2026-02-24 12:03:44	1	2	15	0
        117926	2026-02-24 12:04:02	1	2	15	0
        119340	2026-02-24 12:04:07	1	2	15	0
        117269	2026-02-24 12:04:11	1	2	15	0
        110128	2026-02-24 12:04:17	1	2	15	0
        117983	2026-02-24 12:04:19	1	2	15	0
        110105	2026-02-24 12:04:21	1	2	15	0
        110094	2026-02-24 12:04:25	1	2	15	0
        117497	2026-02-24 12:04:35	1	2	15	0
        117998	2026-02-24 12:04:38	1	2	15	0
        119453	2026-02-24 12:04:42	1	2	15	0
        118584	2026-02-24 12:04:49	1	2	15	0
        118043	2026-02-24 12:04:52	1	2	15	0
        110376	2026-02-24 12:04:55	1	2	15	0
        110377	2026-02-24 12:04:58	1	2	15	0
        117341	2026-02-24 12:05:05	1	2	15	0
        119107	2026-02-24 12:05:16	1	2	15	0
        117924	2026-02-24 12:05:19	1	2	15	0
        117817	2026-02-24 12:05:24	1	2	15	0
        117837	2026-02-24 12:05:26	1	2	15	0
        117770	2026-02-24 12:05:28	1	2	15	0
        117815	2026-02-24 12:05:30	1	2	15	0
        117993	2026-02-24 12:05:32	1	2	15	0
        116346	2026-02-24 12:05:39	1	2	15	0
        116493	2026-02-24 12:05:57	1	2	15	0
        119365	2026-02-24 12:05:59	1	2	15	0
        110354	2026-02-24 12:06:08	1	2	15	0
        110418	2026-02-24 12:06:12	1	2	15	0
        117046	2026-02-24 12:06:18	1	2	15	0
        116426	2026-02-24 12:06:23	1	2	15	0
        110424	2026-02-24 12:06:26	1	2	15	0
        117812	2026-02-24 12:06:36	1	2	15	0
        117080	2026-02-24 12:06:40	1	2	15	0
        110493	2026-02-24 12:06:43	1	2	15	0
        116763	2026-02-24 12:06:45	1	2	15	0
        110495	2026-02-24 12:06:47	1	2	15	0
        117528	2026-02-24 12:06:53	1	2	15	0
        118695	2026-02-24 12:07:02	1	2	15	0
        117337	2026-02-24 12:07:04	1	2	15	0
        117111	2026-02-24 12:07:06	1	2	15	0
        118563	2026-02-24 12:07:08	1	2	15	0
        117997	2026-02-24 12:07:11	1	2	15	0
        117716	2026-02-24 12:07:12	1	2	15	0
        116274	2026-02-24 12:07:16	1	2	15	0
        117814	2026-02-24 12:07:17	1	2	15	0
        117700	2026-02-24 12:07:22	1	2	15	0
        118971	2026-02-24 12:07:25	1	2	15	0
        110507	2026-02-24 12:07:26	1	2	15	0
        117222	2026-02-24 12:07:29	1	2	15	0
        117542	2026-02-24 12:07:32	1	2	15	0
        117983	2026-02-24 12:07:33	1	2	15	0
        116069	2026-02-24 12:07:36	1	2	15	0
        116990	2026-02-24 12:07:38	1	2	15	0
        117742	2026-02-24 12:07:40	1	2	15	0
        116995	2026-02-24 12:07:42	1	2	15	0
        117529	2026-02-24 12:07:51	1	2	15	0
        117144	2026-02-24 12:07:56	1	2	15	0
        116496	2026-02-24 12:07:58	1	2	15	0
        110088	2026-02-24 12:08:00	1	2	15	0
        110473	2026-02-24 12:08:02	1	2	15	0
        116551	2026-02-24 12:08:04	1	2	15	0
        116778	2026-02-24 12:08:06	1	2	15	0
        116747	2026-02-24 12:08:08	1	2	15	0
        116472	2026-02-24 12:08:10	1	2	15	0
        117993	2026-02-24 12:08:14	1	2	15	0
        117059	2026-02-24 12:08:21	1	2	15	0
        117969	2026-02-24 12:08:29	1	2	15	0
        110358	2026-02-24 12:08:31	1	2	15	0
        117817	2026-02-24 12:08:35	1	2	15	0
        110200	2026-02-24 12:08:39	1	2	15	0
        116383	2026-02-24 12:08:41	1	2	15	0
        117616	2026-02-24 12:08:44	1	2	15	0
        110378	2026-02-24 12:08:46	1	2	15	0
        117122	2026-02-24 12:08:47	1	2	15	0
        110393	2026-02-24 12:08:50	1	2	15	0
        118180	2026-02-24 12:08:52	1	2	15	0
        116799	2026-02-24 12:09:03	1	2	15	0
        118992	2026-02-24 12:09:06	1	2	15	0
        117269	2026-02-24 12:09:08	1	2	15	0
        116453	2026-02-24 12:09:11	1	2	15	0
        110357	2026-02-24 12:09:12	1	2	15	0
        117930	2026-02-24 12:09:18	1	2	15	0
        117591	2026-02-24 12:09:20	1	2	15	0
        110070	2026-02-24 12:09:26	1	2	15	0
        117926	2026-02-24 12:09:30	1	2	15	0
        117113	2026-02-24 12:09:32	1	2	15	0
        116933	2026-02-24 12:09:35	1	2	15	0
        119232	2026-02-24 12:09:36	1	2	15	0
        116297	2026-02-24 12:09:40	1	2	15	0
        117920	2026-02-24 12:09:42	1	2	15	0
        117341	2026-02-24 12:09:44	1	2	15	0
        118829	2026-02-24 12:09:47	1	2	15	0
        117224	2026-02-24 12:09:51	1	2	15	0
        119493	2026-02-24 12:09:54	1	2	15	0
        117638	2026-02-24 12:09:55	1	2	15	0
        118744	2026-02-24 12:09:57	1	2	15	0
        117724	2026-02-24 12:09:59	1	2	15	0
        118640	2026-02-24 12:10:11	1	2	15	0
        117644	2026-02-24 12:10:14	1	2	15	0
        117259	2026-02-24 12:10:16	1	2	15	0
        117541	2026-02-24 12:10:18	1	2	15	0
        117833	2026-02-24 12:10:22	1	2	15	0
        110200	2026-02-24 12:10:25	1	2	15	0
        110011	2026-02-24 12:10:29	1	2	15	0
        116104	2026-02-24 12:10:36	1	2	15	0
        119449	2026-02-24 12:10:43	1	2	15	0
        117121	2026-02-24 12:10:49	1	2	15	0
        117156	2026-02-24 12:10:50	1	2	15	0
        117915	2026-02-24 12:10:53	1	2	15	0
        117634	2026-02-24 12:10:55	1	2	15	0
        118992	2026-02-24 12:11:48	1	2	15	0
        116282	2026-02-24 12:11:50	1	2	15	0
        110377	2026-02-24 12:11:52	1	2	15	0
        118813	2026-02-24 12:11:54	1	2	15	0
        110376	2026-02-24 12:11:55	1	2	15	0
        117683	2026-02-24 12:11:57	1	2	15	0
        116422	2026-02-24 12:12:01	1	2	15	0
        116129	2026-02-24 12:12:02	1	2	15	0
        117999	2026-02-24 12:12:03	1	2	15	0
        117812	2026-02-24 12:12:06	1	2	15	0
        116914	2026-02-24 12:12:12	1	2	15	0
        116902	2026-02-24 12:12:14	1	2	15	0
        117644	2026-02-24 12:12:16	1	2	15	0
        118580	2026-02-24 12:12:24	1	2	15	0
        116072	2026-02-24 12:12:26	1	2	15	0
        110457	2026-02-24 12:12:28	1	2	15	0
        116497	2026-02-24 12:12:31	1	2	15	0
        117770	2026-02-24 12:12:34	1	2	15	0
        117769	2026-02-24 12:12:37	1	2	15	0
        117837	2026-02-24 12:12:38	1	2	15	0
        117838	2026-02-24 12:12:39	1	2	15	0
        117483	2026-02-24 12:12:41	1	2	15	0
        110032	2026-02-24 12:12:42	1	2	15	0
        117786	2026-02-24 12:12:46	1	2	15	0
        110053	2026-02-24 12:12:48	1	2	15	0
        117707	2026-02-24 12:12:49	1	2	15	0
        117814	2026-02-24 12:12:51	1	2	15	0
        116279	2026-02-24 12:12:53	1	2	15	0
        116824	2026-02-24 12:12:54	1	2	15	0
        116428	2026-02-24 12:12:57	1	2	15	0
        116778	2026-02-24 12:12:59	1	2	15	0
        118761	2026-02-24 12:13:00	1	2	15	0
        117337	2026-02-24 12:13:02	1	2	15	0
        117111	2026-02-24 12:13:04	1	2	15	0
        118695	2026-02-24 12:13:06	1	2	15	0
        118043	2026-02-24 12:13:08	1	2	15	0
        116990	2026-02-24 12:13:10	1	2	15	0
        110358	2026-02-24 12:13:13	1	2	15	0
        116996	2026-02-24 12:13:15	1	2	15	0
        116069	2026-02-24 12:13:17	1	2	15	0
        116995	2026-02-24 12:13:19	1	2	15	0
        117742	2026-02-24 12:13:21	1	2	15	0
        117680	2026-02-24 12:13:23	1	2	15	0
        117998	2026-02-24 12:13:27	1	2	15	0
        117815	2026-02-24 12:13:30	1	2	15	0
        117043	2026-02-24 12:13:32	1	2	15	0
        116493	2026-02-24 12:13:34	1	2	15	0
        119365	2026-02-24 12:13:37	1	2	15	0
        117529	2026-02-24 12:13:42	1	2	15	0
        117700	2026-02-24 12:13:47	1	2	15	0
        117716	2026-02-24 12:13:50	1	2	15	0
        119272	2026-02-24 12:13:53	1	2	15	0
        117541	2026-02-24 12:13:57	1	2	15	0
        117259	2026-02-24 12:14:01	1	2	15	0
        117930	2026-02-24 12:14:04	1	2	15	0
        117769	2026-02-24 12:14:09	1	2	15	0
        117838	2026-02-24 12:14:10	1	2	15	0
        116551	2026-02-24 12:14:24	1	2	15	0
        117567	2026-02-24 12:14:28	1	2	15	0
        110051	2026-02-24 12:14:38	1	2	15	0
        117085	2026-02-24 12:14:42	1	2	15	0
        117483	2026-02-24 12:14:44	1	2	15	0
        117642	2026-02-24 12:14:49	1	2	15	0
        110197	2026-02-24 12:14:53	1	2	15	0
        110077	2026-02-24 12:15:01	1	2	15	0
        117733	2026-02-24 12:15:03	1	2	15	0
        119453	2026-02-24 12:15:29	1	2	15	0
        110088	2026-02-24 12:15:31	1	2	15	0
        110356	2026-02-24 12:15:34	1	2	15	0
        118580	2026-02-24 12:15:36	1	2	15	0
        110355	2026-02-24 12:15:39	1	2	15	0
        117133	2026-02-24 12:15:41	1	2	15	0
        110485	2026-02-24 12:15:42	1	2	15	0
        110574	2026-02-24 12:15:45	1	2	15	0
        117144	2026-02-24 12:15:58	1	2	15	0
        116496	2026-02-24 12:16:00	1	2	15	0
        116274	2026-02-24 12:16:05	1	2	15	0
        116453	2026-02-24 12:16:06	1	2	15	0
        117790	2026-02-24 12:16:08	1	2	15	0
        110055	2026-02-24 12:16:10	1	2	15	0
        118862	2026-02-24 12:16:12	1	2	15	0
        119232	2026-02-24 12:16:19	1	2	15	0
        116104	2026-02-24 12:16:25	1	2	15	0
        116282	2026-02-24 12:16:27	1	2	15	0
        117915	2026-02-24 12:16:30	1	2	15	0
        116422	2026-02-24 12:16:32	1	2	15	0
        118157	2026-02-24 12:16:34	1	2	15	0
        117634	2026-02-24 12:16:36	1	2	15	0
        116143	2026-02-24 12:16:36	1	2	15	0
        117683	2026-02-24 12:16:38	1	2	15	0
        116933	2026-02-24 12:16:41	1	2	15	0
        119272	2026-02-24 12:16:45	1	2	15	0
        116799	2026-02-24 12:16:50	1	2	15	0
        116483	2026-02-24 12:16:52	1	2	15	0
        110378	2026-02-24 12:16:55	1	2	15	0
        116504	2026-02-24 12:16:58	1	2	15	0
        117043	2026-02-24 12:17:01	1	2	15	0
        116129	2026-02-24 12:17:13	1	2	15	0
        117085	2026-02-24 12:17:16	1	2	15	0
        118813	2026-02-24 12:17:17	1	2	15	0
        117121	2026-02-24 12:17:21	1	2	15	0
        117156	2026-02-24 12:17:23	1	2	15	0
        118046	2026-02-24 12:17:27	1	2	15	0
        116072	2026-02-24 12:17:31	1	2	15	0
        116497	2026-02-24 12:17:33	1	2	15	0
        110457	2026-02-24 12:17:36	1	2	15	0
        117100	2026-02-24 12:17:39	1	2	15	0
        117497	2026-02-24 12:17:45	1	2	15	0
        110060	2026-02-24 12:17:47	1	2	15	0
        117616	2026-02-24 12:17:47	1	2	15	0
        117219	2026-02-24 12:17:53	1	2	15	0
        116960	2026-02-24 12:17:53	1	2	15	0
        110113	2026-02-24 12:17:56	1	2	15	0
        116428	2026-02-24 12:17:58	1	2	15	0
        117120	2026-02-24 12:18:03	1	2	15	0
        118761	2026-02-24 12:18:05	1	2	15	0
        110051	2026-02-24 12:18:12	1	2	15	0
        117733	2026-02-24 12:18:17	1	2	15	0
        117543	2026-02-24 12:18:19	1	2	15	0
        110355	2026-02-24 12:18:25	1	2	15	0
        110011	2026-02-24 12:18:46	1	2	15	0
        117122	2026-02-24 12:18:55	1	2	15	0
        119006	2026-02-24 12:19:15	1	2	15	0
        117133	2026-02-24 12:19:33	1	2	15	0
        110485	2026-02-24 12:20:01	1	2	15	0
        110100	2026-02-24 12:20:04	1	2	15	0
        116483	2026-02-24 12:20:06	1	2	15	0
        116252	2026-02-24 12:20:08	1	2	15	0
        116504	2026-02-24 12:20:11	1	2	15	0
        110356	2026-02-24 12:20:18	1	2	15	0
        110574	2026-02-24 12:20:30	1	2	15	0
        117219	2026-02-24 12:20:42	1	2	15	0
        110011	2026-02-24 12:20:50	1	2	15	0
        117969	2026-02-24 12:20:59	1	2	15	0
        118997	2026-02-24 12:21:09	1	2	15	0
        110535	2026-02-24 12:21:38	1	2	15	0
        117840	2026-02-24 12:21:56	1	2	15	0
        117841	2026-02-24 12:21:58	1	2	15	0
        117659	2026-02-24 12:22:00	1	2	15	0
        119493	2026-02-24 12:22:05	1	2	15	0
        117982	2026-02-24 12:22:20	1	2	15	0
        117921	2026-02-24 12:22:21	1	2	15	0
        117639	2026-02-24 12:22:23	1	2	15	0
        117692	2026-02-24 12:22:25	1	2	15	0
        117839	2026-02-24 12:22:26	1	2	15	0
        110354	2026-02-24 12:22:46	1	2	15	0
        118928	2026-02-24 12:22:53	1	2	15	0
        117642	2026-02-24 12:23:03	1	2	15	0
        110393	2026-02-24 12:23:05	1	2	15	0
        117212	2026-02-24 12:23:14	1	2	15	0
        117054	2026-02-24 12:23:17	1	2	15	0
        117120	2026-02-24 12:23:42	1	2	15	0
        116824	2026-02-24 12:24:11	1	2	15	0
        117699	2026-02-24 12:24:15	1	2	15	0
        117999	2026-02-24 12:24:19	1	2	15	0
        119594	2026-02-24 12:24:37	1	2	15	0
        117088	2026-02-24 12:24:47	1	2	15	0
        116996	2026-02-24 12:25:00	1	2	15	0
        118458	2026-02-24 12:25:10	1	2	15	0
        116828	2026-02-24 12:25:14	1	2	1	0
        117054	2026-02-24 12:25:29	1	2	15	0
        117212	2026-02-24 12:25:32	1	2	15	0
        119006	2026-02-24 12:25:48	1	2	15	0
        117639	2026-02-24 12:25:57	1	2	15	0
        117982	2026-02-24 12:25:59	1	2	15	0
        110060	2026-02-24 12:26:01	1	2	15	0
        117692	2026-02-24 12:26:08	1	2	15	0
        117921	2026-02-24 12:26:10	1	2	15	0
        117591	2026-02-24 12:26:13	1	2	15	0
        110100	2026-02-24 12:26:15	1	2	15	0
        116960	2026-02-24 12:26:17	1	2	15	0
        117129	2026-02-24 12:26:18	1	2	15	0
        116537	2026-02-24 12:26:20	1	2	15	0
        117077	2026-02-24 12:26:22	1	2	15	0
        118744	2026-02-24 12:26:24	1	2	15	0
        117567	2026-02-24 12:26:29	1	2	15	0
        117270	2026-02-24 12:26:36	1	2	15	0
        118753	2026-02-24 12:26:40	1	2	15	0
        117542	2026-02-24 12:26:44	1	2	15	0
        119594	2026-02-24 12:26:48	1	2	15	0
        110158	2026-02-24 12:27:01	1	2	15	0
        117786	2026-02-24 12:27:06	1	2	15	0
        118928	2026-02-24 12:27:35	1	2	15	0
        119594	2026-02-24 12:27:50	1	2	15	0
        117659	2026-02-24 12:27:59	1	2	15	0
        117840	2026-02-24 12:28:02	1	2	15	0
        110076	2026-02-24 12:28:06	1	2	15	0
        117841	2026-02-24 12:28:07	1	2	15	0
        117839	2026-02-24 12:28:24	1	2	15	0
        116787	2026-02-24 12:28:25	1	2	15	0
        118221	2026-02-24 12:28:28	1	2	15	0
        117699	2026-02-24 12:28:31	1	2	15	0
        118753	2026-02-24 12:28:37	1	2	15	0
        117059	2026-02-24 12:29:14	1	2	15	0
        110105	2026-02-24 12:29:16	1	2	15	0
        118862	2026-02-24 12:29:37	1	2	15	0
        110062	2026-02-24 12:29:52	1	2	15	0
        116787	2026-02-24 12:30:49	1	3	15	0
        117129	2026-02-24 12:31:02	1	3	15	0
        118221	2026-02-24 12:31:19	1	3	15	0
        118369	2026-02-24 12:31:53	1	3	15	0
        117707	2026-02-24 12:31:56	1	3	15	0
        117811	2026-02-24 12:32:05	1	3	15	0
        117077	2026-02-24 12:32:11	1	3	15	0
        116537	2026-02-24 12:32:12	1	3	15	0
        117270	2026-02-24 12:32:17	1	3	15	0
        116751	2026-02-24 12:32:22	1	3	15	0
        116512	2026-02-24 12:32:24	1	3	15	0
        110128	2026-02-24 12:32:26	1	3	15	0
        110065	2026-02-24 12:33:19	1	3	15	0
        119475	2026-02-24 12:33:24	1	3	15	0
        110070	2026-02-24 12:33:34	1	3	15	0
        117680	2026-02-24 12:33:38	1	3	15	0
        110032	2026-02-24 12:33:40	1	3	15	0
        110055	2026-02-24 12:33:42	1	3	15	0
        117849	2026-02-24 12:33:53	1	3	15	0
        119157	2026-02-24 12:34:06	1	3	15	0
        117709	2026-02-24 12:34:11	1	3	15	0
        117711	2026-02-24 12:34:27	1	3	15	0
        116828	2026-02-24 12:34:31	1	3	1	0
        110084	2026-02-24 12:34:39	1	3	15	0
        110538	2026-02-24 12:34:44	1	3	15	0
        110063	2026-02-24 12:35:00	1	3	15	0
        119282	2026-02-24 12:35:15	1	3	15	0
        110158	2026-02-24 12:35:18	1	3	15	0
        118867	2026-02-24 12:35:22	1	3	15	0
        110492	2026-02-24 12:35:35	1	3	15	0
        110084	2026-02-24 12:35:40	1	3	15	0
        110538	2026-02-24 12:35:44	1	3	15	0
        117724	2026-02-24 12:35:49	1	3	15	0
        118101	2026-02-24 12:35:50	1	3	15	0
        117103	2026-02-24 12:35:53	1	3	15	0
        117114	2026-02-24 12:36:39	1	3	15	0
        117924	2026-02-24 12:36:49	1	3	15	0
        117088	2026-02-24 12:37:59	1	3	15	0
        110083	2026-02-24 12:38:05	1	3	15	0
        116297	2026-02-24 12:38:11	1	3	15	0
        110197	2026-02-24 12:38:16	1	3	15	0
        110413	2026-02-24 12:38:27	1	3	15	0
        116142	2026-02-24 12:39:02	1	3	15	0
        110090	2026-02-24 12:39:28	1	3	15	0
        118046	2026-02-24 12:39:31	1	3	15	0
        117103	2026-02-24 12:39:32	1	3	15	0
        119475	2026-02-24 12:40:12	1	3	15	0
        118867	2026-02-24 12:40:20	1	3	15	0
        110065	2026-02-24 12:40:24	1	3	15	0
        119157	2026-02-24 12:40:26	1	3	15	0
        116747	2026-02-24 12:40:33	1	3	15	0
        116472	2026-02-24 12:40:36	1	3	15	0
        119282	2026-02-24 12:40:43	1	3	15	0
        117709	2026-02-24 12:40:56	1	3	15	0
        116346	2026-02-24 12:41:05	1	3	15	0
        117920	2026-02-24 12:41:20	1	3	15	0
        117638	2026-02-24 12:41:24	1	3	15	0
        110083	2026-02-24 12:41:29	1	3	15	0
        117114	2026-02-24 12:42:55	1	3	15	0
        117966	2026-02-24 12:43:16	1	3	15	0
        110090	2026-02-24 12:43:51	1	3	15	0
        117833	2026-02-24 12:43:55	1	3	15	0
        117595	2026-02-24 12:43:58	1	3	15	0
        117528	2026-02-24 12:44:22	1	3	15	0
        117966	2026-02-24 12:46:13	1	3	15	0
        116252	2026-02-24 12:47:13	1	3	15	0
        110413	2026-02-24 12:47:17	1	3	15	0
        117595	2026-02-24 12:47:43	1	3	15	0
        118101	2026-02-24 12:48:18	1	3	15	0
        116260	2026-02-24 12:48:38	1	3	15	0
        118369	2026-02-24 12:48:45	1	3	15	0
        110062	2026-02-24 12:48:49	1	3	15	0
        116356	2026-02-24 12:49:12	1	3	15	0
        117061	2026-02-24 12:49:13	1	3	15	0
        116805	2026-02-24 12:49:15	1	3	15	0
        117091	2026-02-24 12:49:19	1	3	15	0
        117981	2026-02-24 12:49:21	1	3	15	0
        110085	2026-02-24 12:49:37	1	3	15	0
        116279	2026-02-24 12:49:45	1	3	15	0
        117972	2026-02-24 12:50:05	1	3	15	0
        110077	2026-02-24 12:50:06	1	3	15	0
        117575	2026-02-24 12:50:07	1	3	15	0
        110006	2026-02-24 12:50:09	1	3	15	0
        119143	2026-02-24 12:50:13	1	3	15	0
        110063	2026-02-24 12:50:16	1	3	15	0
        116260	2026-02-24 12:51:08	1	3	15	0
        110357	2026-02-24 12:51:33	1	3	15	0
        116166	2026-02-24 12:51:38	1	3	15	0
        110116	2026-02-24 12:51:42	1	3	15	0
        117113	2026-02-24 12:52:26	1	3	15	0
        110085	2026-02-24 12:53:09	1	3	15	0
        118186	2026-02-24 12:53:13	1	3	15	0
        110527	2026-02-24 12:53:19	1	3	15	0
        110360	2026-02-24 12:53:23	1	3	15	0
        119143	2026-02-24 12:53:42	1	3	15	0
        117972	2026-02-24 12:53:46	1	3	15	0
        110053	2026-02-24 12:53:53	1	3	15	0
        110006	2026-02-24 12:54:01	1	3	15	0
        118207	2026-02-24 12:54:05	1	3	15	0
        110025	2026-02-24 12:54:18	1	3	15	0
        110074	2026-02-24 12:54:32	1	3	15	0
        118455	2026-02-24 12:54:34	1	3	15	0
        119070	2026-02-24 12:54:37	1	3	15	0
        117811	2026-02-24 12:54:39	1	3	15	0
        117091	2026-02-24 12:54:46	1	3	15	0
        117061	2026-02-24 12:54:48	1	3	15	0
        116805	2026-02-24 12:54:50	1	3	15	0
        118369	2026-02-24 12:54:53	1	3	15	0
        117981	2026-02-24 12:54:55	1	3	15	0
        116356	2026-02-24 12:54:59	1	3	15	0
        110057	2026-02-24 12:55:46	1	3	15	0
        119364	2026-02-24 12:55:48	1	3	15	0
        118207	2026-02-24 12:56:02	1	3	15	0
        117575	2026-02-24 12:56:09	1	3	15	0
        118186	2026-02-24 12:56:42	1	3	15	0
        110116	2026-02-24 12:57:42	1	3	15	0
        110074	2026-02-24 12:58:42	1	3	15	0
        118455	2026-02-24 12:58:45	1	3	15	0
        119070	2026-02-24 12:58:49	1	3	15	0
        116751	2026-02-24 12:59:29	1	3	15	0
        116512	2026-02-24 12:59:31	1	3	15	0
        110057	2026-02-24 13:00:14	1	3	15	0
        119364	2026-02-24 13:00:16	1	3	15	0
        110025	2026-02-24 13:00:55	1	3	15	0
        118997	2026-02-24 13:03:21	1	3	15	0
        119535	2026-02-24 13:04:37	1	3	15	0
        119365	2026-02-24 15:36:11	1	3	15	0
        110485	2026-02-24 15:37:56	1	3	15	0
        116914	2026-02-24 16:02:29	1	1	15	0
        117983	2026-02-24 16:05:36	1	1	15	0
        117930	2026-02-24 16:05:38	1	1	15	0
        117528	2026-02-24 16:09:10	1	1	15	0
        110574	2026-02-24 16:12:54	1	1	15	0
        116551	2026-02-24 16:13:44	1	1	15	0
        117059	2026-02-24 16:14:22	1	1	15	0
        110113	2026-02-24 16:15:03	1	1	15	0
        116763	2026-02-24 16:15:35	1	1	15	0
        117059	2026-02-24 16:16:03	1	1	15	0
        110051	2026-02-24 16:16:07	1	1	15	0
        118563	2026-02-24 16:18:02	1	1	15	0
        117993	2026-02-24 16:24:02	1	1	15	0
        118207	2026-02-24 16:26:04	1	1	15	0
        117133	2026-02-24 16:27:33	1	1	15	0
        119475	2026-02-24 16:35:39	1	1	15	0
        110065	2026-02-24 16:35:41	1	1	15	0
        118829	2026-02-24 16:36:23	1	1	15	0
        119070	2026-02-24 16:37:23	1	1	15	0
        110074	2026-02-24 16:37:30	1	1	15	0
        118640	2026-02-24 16:42:04	1	1	15	0
        117088	2026-02-24 16:46:26	1	1	15	0
        110094	2026-02-24 16:46:32	1	1	15	0
        117711	2026-02-24 16:48:55	1	1	15	0
        116383	2026-02-24 16:49:24	1	1	15	0
        116990	2026-02-24 16:50:27	1	1	15	0
        119340	2026-02-24 16:54:18	1	1	15	0
        118180	2026-02-24 16:56:46	1	1	15	0
        116426	2026-02-24 17:01:36	1	1	15	0
        117997	2026-02-24 17:03:20	1	1	15	0
        110358	2026-02-24 17:03:29	1	1	15	0
        116472	2026-02-24 17:04:40	1	1	15	0
        110376	2026-02-24 17:04:55	1	1	15	0
        110377	2026-02-24 17:05:00	1	1	15	0
        110535	2026-02-24 17:05:13	1	1	15	0
        110355	2026-02-24 17:05:43	1	1	15	0
        118744	2026-02-24 17:05:55	1	1	15	0
        110356	2026-02-24 17:06:54	1	1	15	0
        118580	2026-02-24 17:07:01	1	1	15	0
        110084	2026-02-24 17:07:03	1	1	15	0
        110060	2026-02-24 17:07:06	1	1	15	0
        116799	2026-02-24 17:07:16	1	1	15	0
        117680	2026-02-24 17:08:11	1	1	15	0
        110527	2026-02-24 17:08:32	1	1	15	0
        117733	2026-02-24 17:08:35	1	1	15	0
        110457	2026-02-24 17:08:39	1	1	15	0
        117483	2026-02-24 17:08:45	1	1	1	0
        117769	2026-02-24 17:09:39	1	1	15	0
        117100	2026-02-24 17:09:45	1	1	15	0
        117915	2026-02-24 17:10:33	1	1	15	0
        117269	2026-02-24 17:11:06	1	1	15	0
        119453	2026-02-24 17:12:14	1	1	15	0
        118101	2026-02-24 17:13:06	1	1	15	0
        116504	2026-02-24 17:13:13	1	1	15	0
        118455	2026-02-24 17:13:15	1	1	15	0
        110538	2026-02-24 17:14:20	1	1	15	0
        110507	2026-02-24 17:14:30	1	1	15	0
        116496	2026-02-24 17:16:23	1	1	15	0
        110195	2026-02-24 17:16:35	1	1	15	0
        117644	2026-02-24 17:16:47	1	1	15	0
        118862	2026-02-24 17:17:00	1	1	15	0
        117833	2026-02-24 17:17:33	1	1	15	0
        110360	2026-02-24 17:18:13	1	1	15	0
        119232	2026-02-24 17:19:03	1	1	15	0
        117724	2026-02-24 17:19:16	1	1	15	0
        117497	2026-02-24 17:19:22	1	1	15	0
        118928	2026-02-24 17:19:38	1	1	15	0
        116129	2026-02-24 17:19:40	1	1	15	0
        116512	2026-02-24 17:20:18	1	1	15	0
        116751	2026-02-24 17:20:20	1	1	15	0
        118043	2026-02-24 17:20:51	1	1	15	0
        116996	2026-02-24 17:21:10	1	1	15	0
        117998	2026-02-24 17:21:47	1	1	15	0
        117982	2026-02-24 17:22:00	1	1	15	0
        117972	2026-02-24 17:24:00	1	1	15	0
        119143	2026-02-24 17:24:01	1	1	15	0
        116902	2026-02-24 17:24:27	1	1	15	0
        116297	2026-02-24 17:24:33	1	1	15	0
        110085	2026-02-24 17:24:37	1	1	15	0
        116828	2026-02-24 17:24:56	1	1	1	0
        110372	2026-02-24 17:25:29	1	1	15	0
        117966	2026-02-24 17:26:16	1	1	15	0
        117838	2026-02-24 17:26:20	1	1	1	0
        119157	2026-02-24 17:26:26	1	1	15	0
        117716	2026-02-24 17:27:27	1	1	15	0
        117811	2026-02-24 17:27:29	1	1	15	0
        116428	2026-02-24 17:27:33	1	1	15	0
        117982	2026-02-24 17:28:36	1	1	15	0
        117921	2026-02-24 17:28:39	1	1	15	0
        116778	2026-02-24 17:28:46	1	1	15	0
        110128	2026-02-24 17:28:50	1	1	15	0
        117121	2026-02-24 17:28:59	1	1	15	0
        116142	2026-02-24 17:29:13	1	1	15	0
        117770	2026-02-24 17:30:00	1	1	15	0
        117259	2026-02-24 17:31:32	1	1	15	0
        117270	2026-02-24 17:31:34	1	1	15	0
        119494	2026-02-24 17:31:36	1	1	15	0
        117541	2026-02-24 17:31:38	1	1	15	0
        116279	2026-02-24 17:33:41	1	1	15	0
        117839	2026-02-24 17:33:48	1	1	15	0
        116274	2026-02-24 17:34:13	1	1	15	0
        117638	2026-02-24 17:34:19	1	1	15	0
        117924	2026-02-24 17:35:16	1	1	15	0
        117981	2026-02-24 17:35:20	1	1	15	0
        116422	2026-02-24 17:35:49	1	1	15	0
        117219	2026-02-24 17:35:51	1	1	15	0
        116824	2026-02-24 17:36:06	1	1	15	0
        117700	2026-02-24 17:36:28	1	1	15	0
        110475	2026-02-24 17:36:30	1	1	15	0
        110473	2026-02-24 17:36:33	1	1	15	0
        110378	2026-02-24 17:36:41	1	1	15	0
        117616	2026-02-24 17:37:00	1	1	15	0
        110053	2026-02-24 17:39:08	1	1	15	0
        117043	2026-02-24 17:40:00	1	1	15	0
        110197	2026-02-24 17:40:08	1	1	15	0
        110354	2026-02-24 17:40:17	1	1	15	0
        110158	2026-02-24 17:40:30	1	1	15	0
        117840	2026-02-24 17:40:34	1	1	15	0
        116282	2026-02-24 17:41:08	1	1	15	0
        118157	2026-02-24 17:41:10	1	1	15	0
        117634	2026-02-24 17:41:16	1	1	15	0
        118186	2026-02-24 17:41:18	1	1	15	0
        117920	2026-02-24 17:42:07	1	1	15	0
        116960	2026-02-24 17:42:18	1	1	15	0
        116346	2026-02-24 17:42:26	1	1	15	0
        117103	2026-02-24 17:42:29	1	1	15	0
        110493	2026-02-24 17:45:37	1	1	15	0
        110495	2026-02-24 17:45:39	1	1	15	0
        117129	2026-02-24 17:45:41	1	1	15	0
        117224	2026-02-24 17:45:59	1	1	15	0
        118997	2026-02-24 17:47:26	1	1	15	0
        117639	2026-02-24 17:48:39	1	1	15	0
        117114	2026-02-24 17:48:57	1	1	15	0
        118695	2026-02-24 17:49:10	1	1	15	0
        117337	2026-02-24 17:49:13	1	1	15	0
        116497	2026-02-24 17:49:34	1	1	15	0
        110513	2026-02-24 17:49:57	1	1	15	0
        117077	2026-02-24 17:51:41	1	1	15	0
        117122	2026-02-24 17:51:53	1	1	15	0
        117543	2026-02-24 17:52:06	1	1	15	0
        110088	2026-02-24 17:52:57	1	1	15	0
        116260	2026-02-24 17:54:00	1	1	15	0
        110025	2026-02-24 17:54:02	1	1	15	0
        116453	2026-02-24 17:54:42	1	1	15	0
        117575	2026-02-24 17:55:05	1	1	15	0
        110357	2026-02-24 17:55:16	1	1	15	0
        110076	2026-02-24 17:55:37	1	1	15	0
        118971	2026-02-24 17:55:40	1	1	15	0
        117054	2026-02-24 17:56:37	1	1	15	0
        110492	2026-02-24 17:57:18	1	1	15	0
        117091	2026-02-24 17:58:08	1	1	15	0
        116787	2026-02-24 17:58:29	1	1	15	0
        117144	2026-02-24 17:58:35	1	1	15	0
        116104	2026-02-24 17:58:39	1	1	15	0
        110011	2026-02-24 17:58:40	1	1	15	0
        116493	2026-02-24 17:58:57	1	1	15	0
        117812	2026-02-24 17:59:22	1	1	15	0
        116995	2026-02-24 17:59:24	1	1	15	0
        117707	2026-02-24 17:59:34	1	1	15	0
        110200	2026-02-24 18:00:31	1	1	15	0
        116537	2026-02-24 18:01:23	1	1	15	0
        117341	2026-02-24 18:01:27	1	1	15	0
        117061	2026-02-24 18:01:50	1	1	15	0
        116070	2026-02-24 18:01:51	1	1	15	0
        117120	2026-02-24 18:02:25	1	1	15	0
        110050	2026-02-24 18:02:46	1	1	15	0
        117790	2026-02-24 18:02:49	1	1	15	0
        117692	2026-02-24 18:02:51	1	1	15	0
        117786	2026-02-24 18:02:59	1	1	15	0
        119107	2026-02-24 18:03:02	1	1	15	0
        110418	2026-02-24 18:03:10	1	1	15	0
        118046	2026-02-24 18:03:11	1	1	15	0
        117046	2026-02-24 18:03:17	1	1	15	0
        110424	2026-02-24 18:03:24	1	1	15	0
        118458	2026-02-24 18:03:25	1	1	15	0
        118761	2026-02-24 18:03:27	1	1	15	0
        117815	2026-02-24 18:03:30	1	1	15	0
        117659	2026-02-24 18:03:34	1	1	15	0
        117837	2026-02-24 18:03:35	1	1	15	0
        117841	2026-02-24 18:03:37	1	1	15	0
        119535	2026-02-24 18:03:48	1	1	15	0
        117080	2026-02-24 18:04:34	1	1	15	0
        116747	2026-02-24 18:04:40	1	1	15	0
        117156	2026-02-24 18:04:54	1	1	15	0
        117085	2026-02-24 18:04:56	1	1	15	0
        117969	2026-02-24 18:05:01	1	1	15	0
        119449	2026-02-24 18:05:18	1	1	15	0
        110062	2026-02-24 18:05:38	1	1	15	0
        118584	2026-02-24 18:05:40	1	1	15	0
        116166	2026-02-24 18:06:12	1	1	15	0
        117529	2026-02-24 18:06:19	1	1	15	0
        118753	2026-02-24 18:06:54	1	1	15	0
        110116	2026-02-24 18:07:41	1	1	15	0
        118753	2026-02-24 18:08:09	1	1	15	0
        118867	2026-02-24 18:08:30	1	1	15	0
        116072	2026-02-24 18:08:58	1	1	15	0
        110090	2026-02-24 18:10:03	1	1	15	0
        110070	2026-02-24 18:10:08	1	1	15	0
        117849	2026-02-24 18:10:29	1	1	15	0
        117212	2026-02-24 18:12:41	1	1	15	0
        116356	2026-02-24 18:13:31	1	1	15	0
        110077	2026-02-24 18:13:42	1	1	15	0
        119263	2026-02-24 18:13:55	1	1	15	0
        117567	2026-02-24 18:15:16	1	1	15	0
        117926	2026-02-24 18:17:28	1	1	15	0
        116069	2026-02-24 18:17:39	1	1	15	0
        117591	2026-02-24 18:17:42	1	1	15	0
        117542	2026-02-24 18:17:47	1	1	15	0
        117699	2026-02-24 18:17:51	1	1	15	0
        110100	2026-02-24 18:17:58	1	1	15	0
        117222	2026-02-24 18:18:06	1	1	15	0
        110083	2026-02-24 18:18:25	1	1	15	0
        117999	2026-02-24 18:19:45	1	1	15	0
        117595	2026-02-24 18:20:29	1	1	15	0
        119006	2026-02-24 18:20:36	1	1	15	0
        119282	2026-02-24 18:21:03	1	1	15	0
        110063	2026-02-24 18:22:24	1	1	15	0
        110057	2026-02-24 18:26:17	1	1	15	0
        119364	2026-02-24 18:27:37	1	1	15	0
        110393	2026-02-24 18:28:26	1	1	15	0
        110413	2026-02-24 18:28:30	1	1	15	0
        118221	2026-02-24 18:30:06	1	1	15	0
        117742	2026-02-24 18:33:14	1	1	15	0
        119493	2026-02-24 18:34:18	1	1	15	0
        116834	2026-02-24 18:35:42	1	1	15	0
        117113	2026-02-24 18:36:38	1	1	15	0
        119602	2026-02-24 18:38:17	1	1	15	0
        110055	2026-02-24 18:52:34	1	1	15	0
        118992	2026-02-24 18:54:35	1	1	15	0
        116933	2026-02-24 18:56:38	1	1	15	0
        119594	2026-02-24 18:58:46	1	1	15	0
        116805	2026-02-24 19:01:48	1	1	15	0
        118369	2026-02-24 19:01:53	1	1	15	0
        116483	2026-02-24 19:02:56	1	1	15	0
        117817	2026-02-24 19:10:14	1	1	15	0
        117709	2026-02-24 19:12:04	1	1	15	0
        110032	2026-02-24 19:16:38	1	1	15	0
        110006	2026-02-24 19:46:34	1	1	15	0
        116831	2026-02-25 06:12:11	1	0	15	0
        119070	2026-02-25 06:22:18	1	0	15	0
        119232	2026-02-25 06:36:12	1	0	15	0
        116799	2026-02-25 06:40:39	1	0	15	0
        110574	2026-02-25 06:44:48	1	0	15	0
        110074	2026-02-25 06:48:47	1	0	15	0
        118992	2026-02-25 06:49:13	1	0	15	0
        117224	2026-02-25 06:52:49	1	0	15	0
        116914	2026-02-25 06:56:53	1	0	15	0
        116763	2026-02-25 06:58:13	1	0	15	0
        116551	2026-02-25 06:59:49	1	0	15	0
        110144	2026-02-25 07:00:06	1	0	15	0
        117833	2026-02-25 07:04:20	1	0	15	0
        117983	2026-02-25 07:05:18	1	0	15	0
        110535	2026-02-25 07:07:34	1	0	15	0
        117769	2026-02-25 07:09:27	1	0	15	0
        110475	2026-02-25 07:13:08	1	0	15	0
        116834	2026-02-25 07:13:31	1	0	15	0
        110051	2026-02-25 07:15:45	1	0	15	0
        116479	2026-02-25 07:16:52	1	0	15	0
        118186	2026-02-25 07:16:58	1	0	15	0
        110527	2026-02-25 07:17:10	1	0	15	0
        119365	2026-02-25 07:18:54	1	0	15	0
        117966	2026-02-25 07:19:19	1	0	15	0
        117838	2026-02-25 07:19:31	1	0	1	0
        118101	2026-02-25 07:20:08	1	0	15	0
        116990	2026-02-25 07:21:25	1	0	15	0
        116751	2026-02-25 07:21:51	1	0	15	0
        116512	2026-02-25 07:21:56	1	0	15	0
        110113	2026-02-25 07:22:39	1	0	15	0
        117088	2026-02-25 07:22:55	1	0	15	0
        117770	2026-02-25 07:23:54	1	0	15	0
        110085	2026-02-25 07:24:10	1	0	15	0
        118580	2026-02-25 07:24:39	1	0	15	0
        110193	2026-02-25 07:24:58	1	0	15	0
        110358	2026-02-25 07:25:48	1	0	15	0
        118157	2026-02-25 07:26:49	1	0	15	0
        110084	2026-02-25 07:30:12	1	0	15	0
        117133	2026-02-25 07:30:42	1	0	15	0
        118744	2026-02-25 07:30:55	1	0	15	0
        118640	2026-02-25 07:31:18	1	0	15	0
        119475	2026-02-25 07:32:17	1	0	15	0
        117814	2026-02-25 07:33:07	1	0	15	0
        110473	2026-02-25 07:33:36	1	0	15	0
        119143	2026-02-25 07:33:53	1	0	15	0
        118207	2026-02-25 07:35:11	1	0	15	0
        117111	2026-02-25 07:35:14	1	0	15	0
        118997	2026-02-25 07:37:09	1	0	15	0
        110357	2026-02-25 07:37:46	1	0	15	0
        117999	2026-02-25 07:41:57	1	0	15	0
        117680	2026-02-25 07:42:21	1	0	15	0
        117724	2026-02-25 07:42:42	1	0	15	0
        110372	2026-02-25 07:43:31	1	0	15	0
        119272	2026-02-25 07:44:02	1	0	15	0
        117269	2026-02-25 07:44:32	1	0	15	0
        118455	2026-02-25 07:44:51	1	0	15	0
        118043	2026-02-25 07:45:05	1	0	15	0
        118221	2026-02-25 07:45:17	1	0	15	0
        116504	2026-02-25 07:45:53	1	0	15	0
        119453	2026-02-25 07:46:13	1	0	15	0
        117997	2026-02-25 07:46:19	1	0	15	0
        117716	2026-02-25 07:47:19	1	0	15	0
        110065	2026-02-25 07:47:23	1	0	15	0
        118829	2026-02-25 07:47:28	1	0	15	0
        117998	2026-02-25 07:47:38	1	0	15	0
        119340	2026-02-25 07:47:53	1	0	15	0
        110378	2026-02-25 07:48:18	1	0	15	0
        116297	2026-02-25 07:49:07	1	0	15	0
        116496	2026-02-25 07:49:13	1	0	15	0
        110492	2026-02-25 07:50:04	1	0	15	0
        110355	2026-02-25 07:50:43	1	0	15	0
        110356	2026-02-25 07:50:45	1	0	15	0
        110376	2026-02-25 07:50:49	1	0	15	0
        116422	2026-02-25 07:51:39	1	0	15	0
        110006	2026-02-25 07:52:18	1	0	15	0
        110053	2026-02-25 07:52:24	1	0	15	0
        117270	2026-02-25 07:52:30	1	0	15	0
        117915	2026-02-25 07:53:09	1	0	15	0
        116828	2026-02-25 07:53:54	1	0	1	0
        117972	2026-02-25 07:54:17	1	0	15	0
        110377	2026-02-25 07:54:24	1	0	15	0
        110512	2026-02-25 07:54:30	1	0	15	0
        110493	2026-02-25 07:54:49	1	0	15	0
        119449	2026-02-25 07:54:53	1	0	15	0
        116426	2026-02-25 07:54:59	1	0	15	0
        117644	2026-02-25 07:55:12	1	0	15	0
        119594	2026-02-25 07:55:28	1	0	15	0
        110076	2026-02-25 07:55:33	1	0	15	0
        110457	2026-02-25 07:55:38	1	0	15	0
        117711	2026-02-25 07:55:41	1	0	15	0
        110062	2026-02-25 07:55:44	1	0	15	0
        117591	2026-02-25 07:56:35	1	0	15	0
        117639	2026-02-25 07:58:12	1	0	15	0
        110063	2026-02-25 07:58:59	1	0	15	0
        117100	2026-02-25 07:59:01	1	0	15	0
        110032	2026-02-25 07:59:51	1	0	15	0
        117707	2026-02-25 07:59:56	1	0	15	0
        116356	2026-02-25 08:00:20	1	0	15	0
        110418	2026-02-25 08:00:23	1	0	15	0
        117839	2026-02-25 08:00:29	1	0	15	0
        116902	2026-02-25 08:00:33	1	0	15	0
        117129	2026-02-25 08:00:55	1	0	15	0
        110514	2026-02-25 08:01:51	1	0	15	0
        110485	2026-02-25 08:01:58	1	0	15	0
        119227	2026-02-25 08:02:11	1	0	15	0
        116493	2026-02-25 08:02:29	1	0	15	0
        110424	2026-02-25 08:02:41	1	0	15	0
        116483	2026-02-25 08:03:15	1	0	15	0
        110538	2026-02-25 08:03:24	1	0	15	0
        117219	2026-02-25 08:03:48	1	0	15	0
        116778	2026-02-25 08:04:17	1	0	15	0
        117930	2026-02-25 08:04:27	1	0	15	0
        110060	2026-02-25 08:05:47	1	0	15	0
        116282	2026-02-25 08:06:16	1	0	15	0
        117982	2026-02-25 08:06:20	1	0	15	0
        117840	2026-02-25 08:06:22	1	0	15	0
        117700	2026-02-25 08:07:18	1	0	15	0
        117921	2026-02-25 08:09:59	1	0	15	0
        117924	2026-02-25 08:10:02	1	0	15	0
        116428	2026-02-25 08:10:12	1	0	15	0
        110158	2026-02-25 08:10:21	1	0	15	0
        117528	2026-02-25 08:10:57	1	0	15	0
        116960	2026-02-25 08:11:16	1	0	15	0
        117483	2026-02-25 08:11:32	1	0	15	0
        116166	2026-02-25 08:11:53	1	0	15	0
        119104	2026-02-25 08:11:57	1	0	15	0
        117920	2026-02-25 08:12:01	1	0	15	0
        118928	2026-02-25 08:12:05	1	0	15	0
        110025	2026-02-25 08:12:09	1	0	15	0
        110197	2026-02-25 08:12:12	1	0	15	0
        118584	2026-02-25 08:12:20	1	0	15	0
        116142	2026-02-25 08:12:23	1	0	15	0
        118563	2026-02-25 08:12:32	1	0	15	0
        110011	2026-02-25 08:13:11	1	0	15	0
        117683	2026-02-25 08:13:14	1	0	15	0
        117634	2026-02-25 08:13:16	1	0	15	0
        117113	2026-02-25 08:13:19	1	0	15	0
        117259	2026-02-25 08:13:22	1	0	15	0
        116274	2026-02-25 08:13:28	1	0	15	0
        117807	2026-02-25 08:13:43	1	0	15	0
        117483	2026-02-25 08:13:59	1	0	15	0
        110507	2026-02-25 08:14:06	1	0	15	0
        117841	2026-02-25 08:14:37	1	0	15	0
        117059	2026-02-25 08:14:50	1	0	15	0
        117969	2026-02-25 08:16:25	1	0	15	0
        116996	2026-02-25 08:16:51	1	0	15	0
        116072	2026-02-25 08:17:23	1	0	15	0
        117222	2026-02-25 08:17:27	1	0	15	0
        117043	2026-02-25 08:17:40	1	0	15	0
        117497	2026-02-25 08:17:46	1	0	15	0
        110354	2026-02-25 08:19:06	1	0	15	0
        110513	2026-02-25 08:19:51	1	0	15	0
        116346	2026-02-25 08:19:53	1	0	15	0
        116537	2026-02-25 08:19:55	1	0	15	0
        119386	2026-02-25 08:20:34	1	0	15	0
        116787	2026-02-25 08:21:12	1	0	15	0
        110393	2026-02-25 08:21:30	1	0	15	0
        117742	2026-02-25 08:22:30	1	0	15	0
        119282	2026-02-25 08:22:55	1	0	15	0
        117121	2026-02-25 08:23:05	1	0	15	0
        117543	2026-02-25 08:23:15	1	0	15	0
        118917	2026-02-25 08:24:30	1	0	15	0
        110495	2026-02-25 08:24:51	1	0	15	0
        116472	2026-02-25 08:25:04	1	0	15	0
        119535	2026-02-25 08:25:08	1	0	15	0
        116383	2026-02-25 08:25:11	1	0	15	0
        117630	2026-02-25 08:25:17	1	0	15	0
        119263	2026-02-25 08:25:40	1	0	15	0
        117981	2026-02-25 08:25:43	1	0	15	0
        119494	2026-02-25 08:26:33	1	0	15	0
        118695	2026-02-25 08:27:28	1	0	15	0
        117733	2026-02-25 08:29:10	1	0	15	0
        118971	2026-02-25 08:29:13	1	0	15	0
        116995	2026-02-25 08:29:54	1	0	15	0
        117926	2026-02-25 08:29:59	1	0	15	0
        117811	2026-02-25 08:30:41	1	0	15	0
        110105	2026-02-25 08:31:30	1	0	15	0
        117103	2026-02-25 08:31:42	1	0	15	0
        117616	2026-02-25 08:32:59	1	0	15	0
        117817	2026-02-25 08:34:01	1	0	15	0
        119364	2026-02-25 08:34:20	1	0	15	0
        117061	2026-02-25 08:36:05	1	0	15	0
        119157	2026-02-25 08:36:17	1	0	15	0
        110070	2026-02-25 08:36:23	1	0	15	0
        117645	2026-02-25 08:36:34	1	0	15	0
        110088	2026-02-25 08:36:40	1	0	15	0
        117212	2026-02-25 08:37:33	1	0	15	0
        117709	2026-02-25 08:37:54	1	0	15	0
        110100	2026-02-25 08:37:58	1	0	15	0
        117837	2026-02-25 08:38:07	1	0	15	0
        110360	2026-02-25 08:38:34	1	0	15	0
        110128	2026-02-25 08:38:41	1	0	15	0
        110083	2026-02-25 08:38:45	1	0	15	0
        116805	2026-02-25 08:38:50	1	0	15	0
        117595	2026-02-25 08:38:52	1	0	15	0
        117122	2026-02-25 08:40:17	1	0	15	0
        118369	2026-02-25 08:40:56	1	0	15	0
        119006	2026-02-25 08:41:02	1	0	15	0
        116497	2026-02-25 08:42:06	1	0	15	0
        117849	2026-02-25 08:42:11	1	0	15	0
        117542	2026-02-25 08:43:37	1	0	15	0
        110195	2026-02-25 08:44:12	1	0	15	0
        116747	2026-02-25 08:44:49	1	0	15	0
        110413	2026-02-25 08:44:55	1	0	15	0
        110057	2026-02-25 08:45:11	1	0	15	0
        116337	2026-02-25 08:45:16	1	0	15	0
        116933	2026-02-25 08:45:20	1	0	15	0
        118761	2026-02-25 08:45:21	1	0	15	0
        118862	2026-02-25 08:45:27	1	0	15	0
        119107	2026-02-25 08:45:36	1	0	15	0
        117080	2026-02-25 08:45:41	1	0	15	0
        117337	2026-02-25 08:45:55	1	0	15	0
        117144	2026-02-25 08:46:03	1	0	15	0
        110116	2026-02-25 08:47:51	1	0	15	0
        117341	2026-02-25 08:48:10	1	0	15	0
        118753	2026-02-25 08:48:59	1	0	15	0
        118867	2026-02-25 08:49:06	1	0	15	0
        110077	2026-02-25 08:49:25	1	0	15	0
        117567	2026-02-25 08:51:00	1	0	15	0
        110055	2026-02-25 08:51:34	1	0	15	0
        116252	2026-02-25 08:52:21	1	0	15	0
        117642	2026-02-25 08:52:24	1	0	15	0
        116824	2026-02-25 08:52:58	1	0	15	0
        119493	2026-02-25 08:53:30	1	0	15	0
        117156	2026-02-25 08:54:42	1	0	15	0
        116069	2026-02-25 08:54:50	1	0	15	0
        118046	2026-02-25 08:55:23	1	0	15	0
        117786	2026-02-25 08:56:16	1	0	15	0
        118458	2026-02-25 08:57:23	1	0	15	0
        116070	2026-02-25 08:57:27	1	0	1	0
        117091	2026-02-25 08:57:45	1	0	15	0
        117790	2026-02-25 08:57:47	1	0	15	0
        117085	2026-02-25 08:58:01	1	0	15	0
        116260	2026-02-25 08:58:05	1	0	15	0
        110090	2026-02-25 08:59:14	1	0	15	0
        117699	2026-02-25 08:59:16	1	0	15	0
        110131	2026-02-25 08:59:26	1	0	15	0
        117692	2026-02-25 09:00:17	1	0	15	0
        117815	2026-02-25 09:02:14	1	0	15	0
        117054	2026-02-25 09:06:36	1	0	15	0
        119602	2026-02-25 09:06:48	1	0	15	0
        117120	2026-02-25 09:06:54	1	0	15	0
        117046	2026-02-25 09:06:59	1	0	15	0
        117575	2026-02-25 09:12:01	1	0	15	0
        117812	2026-02-25 09:12:31	1	0	15	0
        117850	2026-02-25 09:37:06	1	0	15	0
        118180	2026-02-25 11:35:20	1	2	15	0
        110357	2026-02-25 11:46:18	1	2	15	0
        117061	2026-02-25 12:00:04	1	2	15	0
        117966	2026-02-25 12:00:07	1	2	15	0
        118369	2026-02-25 12:00:08	1	2	15	0
        116356	2026-02-25 12:00:09	1	2	15	0
        117981	2026-02-25 12:00:11	1	2	15	0
        117769	2026-02-25 12:00:13	1	2	15	0
        110144	2026-02-25 12:00:15	1	2	15	0
        110090	2026-02-25 12:00:19	1	2	15	0
        116805	2026-02-25 12:00:22	1	2	15	0
        110113	2026-02-25 12:00:24	1	2	15	0
        119107	2026-02-25 12:00:26	1	2	15	0
        117091	2026-02-25 12:00:36	1	2	15	0
        117998	2026-02-25 12:00:38	1	2	15	0
        117100	2026-02-25 12:00:40	1	2	15	0
        117724	2026-02-25 12:00:43	1	2	15	0
        117341	2026-02-25 12:00:45	1	2	15	0
        117269	2026-02-25 12:00:47	1	2	15	0
        118584	2026-02-25 12:00:49	1	2	15	0
        118829	2026-02-25 12:00:50	1	2	15	0
        117224	2026-02-25 12:00:52	1	2	15	0
        118043	2026-02-25 12:00:54	1	2	15	0
        110053	2026-02-25 12:00:56	1	2	15	0
        110424	2026-02-25 12:01:04	1	2	15	0
        119535	2026-02-25 12:01:17	1	2	15	0
        110105	2026-02-25 12:01:19	1	2	15	0
        117926	2026-02-25 12:01:35	1	2	15	0
        118971	2026-02-25 12:01:50	1	2	15	0
        117129	2026-02-25 12:01:52	1	2	15	0
        116166	2026-02-25 12:01:55	1	2	15	0
        119364	2026-02-25 12:01:56	1	2	15	0
        110057	2026-02-25 12:02:00	1	2	15	0
        117088	2026-02-25 12:02:01	1	2	15	0
        110354	2026-02-25 12:02:10	1	2	15	0
        110158	2026-02-25 12:02:12	1	2	15	0
        110512	2026-02-25 12:02:15	1	2	15	0
        110513	2026-02-25 12:02:18	1	2	15	0
        110514	2026-02-25 12:02:20	1	2	15	0
        117833	2026-02-25 12:02:22	1	2	15	0
        117983	2026-02-25 12:02:26	1	2	15	0
        117930	2026-02-25 12:02:28	1	2	15	0
        118458	2026-02-25 12:02:31	1	2	15	0
        117642	2026-02-25 12:02:37	1	2	15	0
        116297	2026-02-25 12:02:38	1	2	15	0
        117839	2026-02-25 12:02:40	1	2	15	0
        110418	2026-02-25 12:02:43	1	2	15	0
        117840	2026-02-25 12:02:45	1	2	15	0
        117841	2026-02-25 12:02:46	1	2	15	0
        116477	2026-02-25 12:02:48	1	2	15	0
        116274	2026-02-25 12:02:50	1	2	15	0
        110538	2026-02-25 12:02:52	1	2	15	0
        117982	2026-02-25 12:02:54	1	2	15	0
        117645	2026-02-25 12:02:54	1	2	15	0
        117080	2026-02-25 12:02:56	1	2	15	0
        117997	2026-02-25 12:02:59	1	2	15	0
        116914	2026-02-25 12:03:02	1	2	15	0
        116902	2026-02-25 12:03:04	1	2	15	0
        116805	2026-02-25 12:03:05	1	2	15	0
        118369	2026-02-25 12:03:07	1	2	15	0
        117061	2026-02-25 12:03:09	1	2	15	0
        116356	2026-02-25 12:03:11	1	2	15	0
        117091	2026-02-25 12:03:13	1	2	15	0
        117981	2026-02-25 12:03:15	1	2	15	0
        118563	2026-02-25 12:03:16	1	2	15	0
        117222	2026-02-25 12:03:19	1	2	15	0
        117120	2026-02-25 12:03:21	1	2	15	0
        117133	2026-02-25 12:03:23	1	2	15	0
        117790	2026-02-25 12:03:33	1	2	15	0
        117528	2026-02-25 12:03:37	1	2	15	0
        119386	2026-02-25 12:03:40	1	2	15	0
        118580	2026-02-25 12:03:58	1	2	15	0
        110084	2026-02-25 12:04:01	1	2	15	0
        117814	2026-02-25 12:04:03	1	2	15	0
        110507	2026-02-25 12:04:07	1	2	15	0
        118584	2026-02-25 12:04:10	1	2	15	0
        117129	2026-02-25 12:04:14	1	2	15	0
        110360	2026-02-25 12:04:17	1	2	15	0
        119157	2026-02-25 12:04:24	1	2	15	0
        110377	2026-02-25 12:04:42	1	2	15	0
        110376	2026-02-25 12:04:48	1	2	15	0
        119386	2026-02-25 12:04:50	1	2	15	0
        110076	2026-02-25 12:04:53	1	2	15	0
        117122	2026-02-25 12:04:57	1	2	15	0
        110424	2026-02-25 12:05:01	1	2	15	0
        110357	2026-02-25 12:05:02	1	2	15	0
        117786	2026-02-25 12:05:03	1	2	15	0
        110378	2026-02-25 12:05:07	1	2	15	0
        110088	2026-02-25 12:05:09	1	2	15	0
        117046	2026-02-25 12:05:13	1	2	15	0
        117616	2026-02-25 12:05:16	1	2	15	0
        117144	2026-02-25 12:05:18	1	2	15	0
        110358	2026-02-25 12:05:19	1	2	15	0
        119340	2026-02-25 12:05:21	1	2	15	0
        118862	2026-02-25 12:05:23	1	2	15	0
        119453	2026-02-25 12:05:25	1	2	15	0
        116252	2026-02-25 12:05:27	1	2	15	0
        117930	2026-02-25 12:05:30	1	2	15	0
        110527	2026-02-25 12:05:30	1	2	15	0
        117983	2026-02-25 12:05:34	1	2	15	0
        117543	2026-02-25 12:05:36	1	2	15	0
        117833	2026-02-25 12:05:39	1	2	15	0
        117100	2026-02-25 12:05:41	1	2	15	0
        117133	2026-02-25 12:05:44	1	2	15	0
        117639	2026-02-25 12:05:46	1	2	15	0
        117121	2026-02-25 12:05:48	1	2	15	0
        117156	2026-02-25 12:05:51	1	2	15	0
        116477	2026-02-25 12:05:53	1	2	15	0
        110493	2026-02-25 12:05:55	1	2	15	0
        110495	2026-02-25 12:05:57	1	2	15	0
        117542	2026-02-25 12:06:01	1	2	15	0
        110514	2026-02-25 12:06:03	1	2	15	0
        110492	2026-02-25 12:06:08	1	2	15	0
        110513	2026-02-25 12:06:10	1	2	15	0
        118744	2026-02-25 12:06:23	1	2	15	0
        117269	2026-02-25 12:06:57	1	2	15	0
        110062	2026-02-25 12:07:01	1	2	15	0
        119157	2026-02-25 12:07:05	1	2	15	0
        117999	2026-02-25 12:07:09	1	2	15	0
        117567	2026-02-25 12:07:14	1	2	15	0
        117998	2026-02-25 12:07:16	1	2	15	0
        110512	2026-02-25 12:07:18	1	2	15	0
        117839	2026-02-25 12:07:20	1	2	15	0
        117840	2026-02-25 12:07:21	1	2	15	0
        119494	2026-02-25 12:07:23	1	2	15	0
        117841	2026-02-25 12:07:25	1	2	15	0
        117645	2026-02-25 12:07:27	1	2	15	0
        117982	2026-02-25 12:07:29	1	2	15	0
        116824	2026-02-25 12:07:31	1	2	15	0
        110105	2026-02-25 12:07:33	1	2	15	0
        117814	2026-02-25 12:07:38	1	2	15	0
        110538	2026-02-25 12:07:41	1	2	15	0
        117222	2026-02-25 12:07:43	1	2	15	0
        118563	2026-02-25 12:07:47	1	2	15	0
        117716	2026-02-25 12:07:51	1	2	15	0
        116346	2026-02-25 12:07:55	1	2	15	0
        110077	2026-02-25 12:07:57	1	2	15	0
        110418	2026-02-25 12:08:00	1	2	15	0
        119107	2026-02-25 12:08:02	1	2	15	0
        117926	2026-02-25 12:08:11	1	2	15	0
        110063	2026-02-25 12:08:13	1	2	15	0
        118917	2026-02-25 12:08:19	1	2	15	0
        117769	2026-02-25 12:08:32	1	2	15	0
        117838	2026-02-25 12:08:34	1	2	15	0
        117966	2026-02-25 12:08:35	1	2	15	0
        117815	2026-02-25 12:08:37	1	2	15	0
        110358	2026-02-25 12:08:40	1	2	15	0
        119340	2026-02-25 12:08:42	1	2	15	0
        117046	2026-02-25 12:08:46	1	2	15	0
        119104	2026-02-25 12:09:03	1	2	15	0
        117997	2026-02-25 12:09:06	1	2	15	0
        119535	2026-02-25 12:09:09	1	2	15	0
        117080	2026-02-25 12:09:13	1	2	15	0
        117630	2026-02-25 12:09:18	1	2	15	0
        116996	2026-02-25 12:09:23	1	2	15	0
        117120	2026-02-25 12:09:26	1	2	15	0
        116914	2026-02-25 12:09:30	1	2	15	0
        116902	2026-02-25 12:09:32	1	2	15	0
        110495	2026-02-25 12:09:34	1	2	15	0
        110493	2026-02-25 12:09:37	1	2	15	0
        110492	2026-02-25 12:09:39	1	2	15	0
        117541	2026-02-25 12:09:41	1	2	15	0
        117224	2026-02-25 12:09:44	1	2	15	0
        118695	2026-02-25 12:09:47	1	2	15	0
        117528	2026-02-25 12:09:48	1	2	15	0
        117111	2026-02-25 12:09:57	1	2	15	0
        117337	2026-02-25 12:09:59	1	2	15	0
        118046	2026-02-25 12:10:00	1	2	15	0
        117639	2026-02-25 12:10:05	1	2	15	0
        116426	2026-02-25 12:10:06	1	2	15	0
        118744	2026-02-25 12:10:09	1	2	15	0
        116472	2026-02-25 12:10:10	1	2	15	0
        117595	2026-02-25 12:10:14	1	2	15	0
        119583	2026-02-25 12:10:18	1	2	15	0
        117680	2026-02-25 12:10:22	1	2	15	0
        117817	2026-02-25 12:10:30	1	2	15	0
        117591	2026-02-25 12:10:37	1	2	15	0
        118862	2026-02-25 12:10:40	1	2	15	0
        117156	2026-02-25 12:10:44	1	2	15	0
        117113	2026-02-25 12:10:53	1	2	15	0
        116933	2026-02-25 12:10:55	1	2	15	0
        116252	2026-02-25 12:10:58	1	2	15	0
        117212	2026-02-25 12:11:00	1	2	15	0
        116537	2026-02-25 12:11:03	1	2	15	0
        117054	2026-02-25 12:11:05	1	2	15	0
        116337	2026-02-25 12:11:07	1	2	15	0
        116824	2026-02-25 12:11:10	1	2	15	0
        116787	2026-02-25 12:11:14	1	2	15	0
        117790	2026-02-25 12:11:16	1	2	15	0
        118917	2026-02-25 12:11:23	1	2	15	0
        110535	2026-02-25 12:11:32	1	2	15	0
        117043	2026-02-25 12:11:38	1	2	15	0
        110507	2026-02-25 12:11:42	1	2	15	0
        117838	2026-02-25 12:11:45	1	2	15	0
        110527	2026-02-25 12:11:52	1	2	15	0
        116260	2026-02-25 12:11:57	1	2	15	0
        117770	2026-02-25 12:12:01	1	2	15	0
        119453	2026-02-25 12:12:03	1	2	15	0
        117497	2026-02-25 12:12:14	1	2	15	0
        118458	2026-02-25 12:12:20	1	2	15	0
        118043	2026-02-25 12:12:39	1	2	15	0
        116828	2026-02-25 12:12:55	1	2	1	0
        116778	2026-02-25 12:13:06	1	2	15	0
        116496	2026-02-25 12:13:09	1	2	15	0
        117054	2026-02-25 12:13:14	1	2	15	0
        117212	2026-02-25 12:13:16	1	2	15	0
        116070	2026-02-25 12:13:18	1	2	15	0
        110060	2026-02-25 12:13:21	1	2	15	0
        116960	2026-02-25 12:13:28	1	2	15	0
        119104	2026-02-25 12:13:29	1	2	15	0
        110053	2026-02-25 12:13:34	1	2	15	0
        116551	2026-02-25 12:13:36	1	2	15	0
        110088	2026-02-25 12:13:38	1	2	15	0
        117341	2026-02-25 12:13:41	1	2	15	0
        118829	2026-02-25 12:13:42	1	2	15	0
        110113	2026-02-25 12:13:44	1	2	15	0
        116990	2026-02-25 12:13:47	1	2	15	0
        117270	2026-02-25 12:13:50	1	2	15	0
        117541	2026-02-25 12:13:52	1	2	15	0
        117259	2026-02-25 12:13:54	1	2	15	0
        117616	2026-02-25 12:13:56	1	2	15	0
        117742	2026-02-25 12:13:57	1	2	15	0
        110057	2026-02-25 12:13:59	1	2	15	0
        119364	2026-02-25 12:14:01	1	2	15	0
        116069	2026-02-25 12:14:04	1	2	15	0
        116995	2026-02-25 12:14:13	1	2	15	0
        117817	2026-02-25 12:14:25	1	2	15	0
        117724	2026-02-25 12:14:29	1	2	15	0
        117144	2026-02-25 12:14:42	1	2	15	0
        117591	2026-02-25 12:14:46	1	2	15	0
        117122	2026-02-25 12:14:49	1	2	15	0
        116260	2026-02-25 12:15:04	1	2	15	0
        117088	2026-02-25 12:15:08	1	2	15	0
        117043	2026-02-25 12:15:18	1	2	15	0
        110144	2026-02-25 12:15:24	1	2	15	0
        110128	2026-02-25 12:15:27	1	2	15	0
        117121	2026-02-25 12:15:30	1	2	15	0
        117999	2026-02-25 12:15:42	1	2	15	0
        116070	2026-02-25 12:15:46	1	2	1	0
        117812	2026-02-25 12:15:52	1	2	15	0
        117837	2026-02-25 12:15:55	1	2	15	0
        110354	2026-02-25 12:15:57	1	2	15	0
        116496	2026-02-25 12:16:00	1	2	15	0
        117595	2026-02-25 12:16:01	1	2	15	0
        118640	2026-02-25 12:16:03	1	2	15	0
        110070	2026-02-25 12:16:07	1	2	15	0
        116996	2026-02-25 12:16:11	1	2	15	0
        116551	2026-02-25 12:16:12	1	2	15	0
        118761	2026-02-25 12:16:16	1	2	15	0
        117337	2026-02-25 12:16:19	1	2	15	0
        118695	2026-02-25 12:16:21	1	2	15	0
        117111	2026-02-25 12:16:22	1	2	15	0
        117807	2026-02-25 12:16:24	1	2	15	0
        118997	2026-02-25 12:16:30	1	2	15	0
        117497	2026-02-25 12:16:32	1	2	15	0
        110032	2026-02-25 12:16:49	1	2	15	0
        117692	2026-02-25 12:16:57	1	2	15	0
        117575	2026-02-25 12:16:59	1	2	15	0
        118992	2026-02-25 12:17:01	1	2	15	0
        117921	2026-02-25 12:17:03	1	2	15	0
        110062	2026-02-25 12:17:06	1	2	15	0
        117733	2026-02-25 12:17:09	1	2	15	0
        116142	2026-02-25 12:17:11	1	2	15	0
        110076	2026-02-25 12:17:16	1	2	15	0
        119449	2026-02-25 12:17:27	1	2	15	0
        116995	2026-02-25 12:17:41	1	2	15	0
        117969	2026-02-25 12:17:43	1	2	15	0
        116990	2026-02-25 12:17:45	1	2	15	0
        117644	2026-02-25 12:17:47	1	2	15	0
        118971	2026-02-25 12:17:49	1	2	15	0
        117742	2026-02-25 12:17:51	1	2	15	0
        116778	2026-02-25 12:17:56	1	2	15	0
        116787	2026-02-25 12:17:58	1	2	15	0
        117716	2026-02-25 12:18:01	1	2	15	0
        116346	2026-02-25 12:18:02	1	2	15	0
        117059	2026-02-25 12:18:05	1	2	15	0
        116069	2026-02-25 12:18:07	1	2	15	0
        116479	2026-02-25 12:18:12	1	2	15	0
        118180	2026-02-25 12:18:23	1	2	15	0
        116960	2026-02-25 12:18:52	1	2	15	0
        119263	2026-02-25 12:18:58	1	2	15	0
        117113	2026-02-25 12:19:07	1	2	15	0
        116426	2026-02-25 12:19:16	1	2	15	0
        110060	2026-02-25 12:19:17	1	2	15	0
        117088	2026-02-25 12:19:25	1	2	15	0
        117837	2026-02-25 12:19:28	1	2	15	0
        110065	2026-02-25 12:19:33	1	2	15	0
        117807	2026-02-25 12:19:35	1	2	15	0
        117812	2026-02-25 12:19:37	1	2	15	0
        110070	2026-02-25 12:19:40	1	2	15	0
        116504	2026-02-25 12:19:47	1	2	15	0
        116483	2026-02-25 12:19:50	1	2	15	0
        117924	2026-02-25 12:19:52	1	2	15	0
        110457	2026-02-25 12:19:54	1	2	15	0
        116072	2026-02-25 12:19:56	1	2	15	0
        116497	2026-02-25 12:19:57	1	2	15	0
        119475	2026-02-25 12:20:08	1	2	15	0
        117733	2026-02-25 12:20:19	1	2	15	0
        110100	2026-02-25 12:20:28	1	2	15	0
        118753	2026-02-25 12:20:43	1	2	15	0
        117543	2026-02-25 12:21:07	1	2	15	0
        110378	2026-02-25 12:21:14	1	2	15	0
        117692	2026-02-25 12:21:17	1	2	15	0
        117921	2026-02-25 12:21:20	1	2	15	0
        119263	2026-02-25 12:21:24	1	2	15	0
        119594	2026-02-25 12:21:27	1	2	15	0
        110032	2026-02-25 12:21:31	1	2	15	0
        119493	2026-02-25 12:21:51	1	2	15	0
        117542	2026-02-25 12:22:16	1	2	15	0
        117969	2026-02-25 12:22:20	1	2	15	0
        110051	2026-02-25 12:22:24	1	2	15	0
        116504	2026-02-25 12:22:29	1	2	15	0
        116483	2026-02-25 12:22:32	1	2	15	0
        116497	2026-02-25 12:22:36	1	2	15	0
        118753	2026-02-25 12:22:40	1	2	15	0
        116072	2026-02-25 12:22:43	1	2	15	0
        110457	2026-02-25 12:22:44	1	2	15	0
        119594	2026-02-25 12:22:47	1	2	15	0
        117924	2026-02-25 12:22:50	1	2	15	0
        116799	2026-02-25 12:23:02	1	2	15	0
        119494	2026-02-25 12:23:06	1	2	15	0
        119493	2026-02-25 12:23:13	1	2	15	0
        110055	2026-02-25 12:23:19	1	2	15	0
        117259	2026-02-25 12:23:26	1	2	15	0
        110393	2026-02-25 12:23:28	1	2	15	0
        117270	2026-02-25 12:23:29	1	2	15	0
        118640	2026-02-25 12:23:33	1	2	15	0
        110413	2026-02-25 12:23:34	1	2	15	0
        118180	2026-02-25 12:23:36	1	2	15	0
        116537	2026-02-25 12:23:38	1	2	15	0
        116337	2026-02-25 12:23:40	1	2	15	0
        117541	2026-02-25 12:23:44	1	2	15	0
        116763	2026-02-25 12:24:04	1	2	15	0
        116747	2026-02-25 12:24:06	1	2	15	0
        116493	2026-02-25 12:24:12	1	2	15	0
        119365	2026-02-25 12:24:14	1	2	15	0
        118101	2026-02-25 12:24:38	1	2	15	0
        110085	2026-02-25 12:25:02	1	2	15	0
        118997	2026-02-25 12:25:16	1	2	15	0
        117630	2026-02-25 12:25:21	1	2	15	0
        110131	2026-02-25 12:25:23	1	2	15	0
        119494	2026-02-25 12:25:29	1	2	15	0
        119006	2026-02-25 12:25:55	1	2	15	0
        116747	2026-02-25 12:26:10	1	2	15	0
        117709	2026-02-25 12:26:12	1	2	15	0
        116763	2026-02-25 12:26:13	1	2	15	0
        117849	2026-02-25 12:26:19	1	2	15	0
        117711	2026-02-25 12:26:23	1	2	15	0
        118580	2026-02-25 12:26:26	1	2	15	0
        110084	2026-02-25 12:26:29	1	2	15	0
        110090	2026-02-25 12:26:31	1	2	15	0
        110055	2026-02-25 12:26:40	1	2	15	0
        110077	2026-02-25 12:26:42	1	2	15	0
        119475	2026-02-25 12:26:45	1	2	15	0
        118221	2026-02-25 12:26:56	1	2	15	0
        110065	2026-02-25 12:27:04	1	2	15	0
        117680	2026-02-25 12:27:08	1	2	15	0
        116297	2026-02-25 12:27:15	1	2	15	0
        110197	2026-02-25 12:27:20	1	2	15	0
        118761	2026-02-25 12:27:52	1	2	15	0
        117575	2026-02-25 12:28:13	1	2	15	0
        116493	2026-02-25 12:28:22	1	2	15	0
        119365	2026-02-25 12:28:25	1	2	15	0
        117700	2026-02-25 12:28:31	1	2	15	0
        110077	2026-02-25 12:28:35	1	2	15	0
        110100	2026-02-25 12:28:41	1	2	15	0
        117642	2026-02-25 12:28:42	1	2	15	0
        117811	2026-02-25 12:28:44	1	2	15	0
        116479	2026-02-25 12:29:09	1	2	15	0
        117567	2026-02-25 12:29:18	1	2	15	0
        119006	2026-02-25 12:30:08	1	3	15	0
        118221	2026-02-25 12:30:12	1	3	15	0
        116799	2026-02-25 12:30:19	1	3	15	0
        110116	2026-02-25 12:30:32	1	3	15	0
        118207	2026-02-25 12:30:40	1	3	15	0
        118928	2026-02-25 12:30:54	1	3	15	0
        118157	2026-02-25 12:30:56	1	3	15	0
        116282	2026-02-25 12:30:58	1	3	15	0
        110393	2026-02-25 12:31:02	1	3	15	0
        110413	2026-02-25 12:31:04	1	3	15	0
        110011	2026-02-25 12:31:13	1	3	15	0
        110083	2026-02-25 12:31:16	1	3	15	0
        117683	2026-02-25 12:31:20	1	3	15	0
        117219	2026-02-25 12:31:25	1	3	15	0
        116422	2026-02-25 12:31:26	1	3	15	0
        110377	2026-02-25 12:31:28	1	3	15	0
        110376	2026-02-25 12:31:31	1	3	15	0
        117849	2026-02-25 12:31:34	1	3	15	0
        117634	2026-02-25 12:31:36	1	3	15	0
        117709	2026-02-25 12:31:38	1	3	15	0
        118101	2026-02-25 12:31:39	1	3	15	0
        117915	2026-02-25 12:31:42	1	3	15	0
        110131	2026-02-25 12:31:49	1	3	15	0
        117920	2026-02-25 12:31:55	1	3	15	0
        119272	2026-02-25 12:32:05	1	3	15	0
        117707	2026-02-25 12:32:09	1	3	15	0
        117850	2026-02-25 12:32:13	1	3	15	0
        119282	2026-02-25 12:32:18	1	3	15	0
        110535	2026-02-25 12:32:48	1	3	15	0
        117815	2026-02-25 12:33:06	1	3	15	0
        117786	2026-02-25 12:33:09	1	3	15	0
        116142	2026-02-25 12:33:42	1	3	15	0
        117711	2026-02-25 12:33:57	1	3	15	0
        116428	2026-02-25 12:34:00	1	3	15	0
        119493	2026-02-25 12:34:02	1	3	15	0
        110083	2026-02-25 12:34:19	1	3	15	0
        117644	2026-02-25 12:34:29	1	3	15	0
        117103	2026-02-25 12:34:33	1	3	15	0
        110025	2026-02-25 12:34:43	1	3	15	0
        110473	2026-02-25 12:35:06	1	3	15	0
        116472	2026-02-25 12:35:46	1	3	15	0
        117850	2026-02-25 12:35:52	1	3	15	0
        117920	2026-02-25 12:36:00	1	3	15	0
        117707	2026-02-25 12:36:04	1	3	15	0
        117634	2026-02-25 12:36:31	1	3	15	0
        117683	2026-02-25 12:36:33	1	3	15	0
        117219	2026-02-25 12:36:35	1	3	15	0
        118157	2026-02-25 12:36:39	1	3	15	0
        116422	2026-02-25 12:36:44	1	3	15	0
        116282	2026-02-25 12:36:45	1	3	15	0
        118928	2026-02-25 12:36:47	1	3	15	0
        117915	2026-02-25 12:36:49	1	3	15	0
        110197	2026-02-25 12:36:52	1	3	15	0
        110025	2026-02-25 12:36:56	1	3	15	0
        119282	2026-02-25 12:37:01	1	3	15	0
        110011	2026-02-25 12:37:27	1	3	15	0
        117059	2026-02-25 12:37:57	1	3	15	0
        110128	2026-02-25 12:38:02	1	3	15	0
        117699	2026-02-25 12:38:16	1	3	15	0
        118046	2026-02-25 12:38:54	1	3	15	0
        117700	2026-02-25 12:39:33	1	3	15	0
        116166	2026-02-25 12:40:38	1	3	15	0
        110355	2026-02-25 12:40:42	1	3	15	0
        110356	2026-02-25 12:40:45	1	3	15	0
        110116	2026-02-25 12:40:49	1	3	15	0
        119449	2026-02-25 12:40:57	1	3	15	0
        116428	2026-02-25 12:41:09	1	3	15	0
        117575	2026-02-25 12:41:36	1	3	15	0
        117699	2026-02-25 12:41:40	1	3	15	0
        116512	2026-02-25 12:41:44	1	3	15	0
        116751	2026-02-25 12:41:45	1	3	15	0
        118867	2026-02-25 12:41:58	1	3	15	0
        117972	2026-02-25 12:43:22	1	3	15	0
        117770	2026-02-25 12:43:24	1	3	15	0
        119143	2026-02-25 12:43:25	1	3	15	0
        116933	2026-02-25 12:44:09	1	3	15	0
        110356	2026-02-25 12:44:21	1	3	15	0
        110355	2026-02-25 12:44:23	1	3	15	0
        117103	2026-02-25 12:44:27	1	3	15	0
        118992	2026-02-25 12:44:38	1	3	15	0
        119272	2026-02-25 12:44:40	1	3	15	0
        117711	2026-02-25 12:46:02	1	3	15	0
        118867	2026-02-25 12:46:15	1	3	15	0
        117972	2026-02-25 12:48:49	1	3	15	0
        119143	2026-02-25 12:48:52	1	3	15	0
        116274	2026-02-25 12:50:59	1	3	15	0
        117483	2026-02-25 12:51:00	1	3	15	0
        110473	2026-02-25 12:51:27	1	3	15	0
        118455	2026-02-25 12:52:10	1	3	15	0
        119227	2026-02-25 12:52:13	1	3	15	0
        110074	2026-02-25 12:52:15	1	3	15	0
        119070	2026-02-25 12:52:18	1	3	15	0
        117085	2026-02-25 12:52:20	1	3	15	0
        110006	2026-02-25 12:53:37	1	3	15	0
        110158	2026-02-25 12:54:18	1	3	15	0
        110006	2026-02-25 12:54:52	1	3	15	0
        117483	2026-02-25 12:55:05	1	3	15	0
        117085	2026-02-25 12:55:19	1	3	15	0
        119602	2026-02-25 12:55:45	1	3	15	0
        118207	2026-02-25 12:56:04	1	3	15	0
        110357	2026-02-25 12:56:52	1	3	15	0
        119227	2026-02-25 12:57:02	1	3	15	0
        110074	2026-02-25 12:57:05	1	3	15	0
        119070	2026-02-25 12:57:06	1	3	15	0
        118455	2026-02-25 12:57:14	1	3	15	0
        110055	2026-02-25 12:57:53	1	3	15	0
        110085	2026-02-25 12:57:55	1	3	15	0
        110357	2026-02-25 12:58:12	1	3	15	0
        110360	2026-02-25 12:58:34	1	3	15	0
        119602	2026-02-25 12:58:50	1	3	15	0
        110085	2026-02-25 13:01:01	1	3	15	0
        110051	2026-02-25 13:24:55	1	3	15	0
        119282	2026-02-25 13:45:02	1	3	15	0
        117269	2026-02-25 15:08:05	1	3	15	0
        116346	2026-02-25 15:23:00	1	3	15	0
        119365	2026-02-25 15:36:54	1	3	15	0
        110574	2026-02-25 15:40:14	1	3	15	0
        117224	2026-02-25 16:02:19	1	1	15	0
        110485	2026-02-25 16:03:56	1	1	15	0
        116551	2026-02-25 16:07:05	1	1	15	0
        117769	2026-02-25 16:12:19	1	1	15	0
        116914	2026-02-25 16:12:29	1	1	15	0
        117833	2026-02-25 16:16:39	1	1	15	0
        116990	2026-02-25 16:22:53	1	1	15	0
        110051	2026-02-25 16:22:56	1	1	15	0
        117770	2026-02-25 16:25:09	1	1	15	0
        116751	2026-02-25 16:26:30	1	1	15	0
        119493	2026-02-25 16:33:08	1	1	15	0
        110074	2026-02-25 16:33:26	1	1	15	0
        110113	2026-02-25 16:33:53	1	1	15	0
        110535	2026-02-25 16:34:08	1	1	15	0
        117133	2026-02-25 16:34:26	1	1	15	0
        117814	2026-02-25 16:36:15	1	1	15	0
        117966	2026-02-25 16:36:26	1	1	15	0
        118207	2026-02-25 16:37:12	1	1	15	0
        119070	2026-02-25 16:37:59	1	1	15	0
        117838	2026-02-25 16:44:08	1	1	1	0
        118992	2026-02-25 16:46:23	1	1	15	0
        119340	2026-02-25 16:48:49	1	1	15	0
        116297	2026-02-25 16:51:18	1	1	15	0
        110065	2026-02-25 16:53:38	1	1	15	0
        117111	2026-02-25 16:55:46	1	1	15	0
        117644	2026-02-25 16:55:52	1	1	15	0
        117088	2026-02-25 16:57:36	1	1	15	0
        117711	2026-02-25 16:58:48	1	1	15	0
        116426	2026-02-25 17:02:41	1	1	15	0
        116512	2026-02-25 17:02:49	1	1	15	0
        110358	2026-02-25 17:04:06	1	1	15	0
        117997	2026-02-25 17:04:17	1	1	15	0
        110144	2026-02-25 17:04:23	1	1	15	0
        118186	2026-02-25 17:04:40	1	1	15	0
        118180	2026-02-25 17:05:17	1	1	15	0
        118101	2026-02-25 17:05:23	1	1	15	0
        119475	2026-02-25 17:05:31	1	1	15	0
        110197	2026-02-25 17:06:18	1	1	15	0
        110025	2026-02-25 17:06:40	1	1	15	0
        118744	2026-02-25 17:06:44	1	1	15	0
        117724	2026-02-25 17:07:16	1	1	15	0
        117983	2026-02-25 17:07:58	1	1	15	0
        117998	2026-02-25 17:08:01	1	1	15	0
        110355	2026-02-25 17:08:03	1	1	15	0
        117222	2026-02-25 17:08:40	1	1	15	0
        110376	2026-02-25 17:08:49	1	1	15	0
        110377	2026-02-25 17:08:54	1	1	15	0
        117100	2026-02-25 17:09:58	1	1	15	0
        110356	2026-02-25 17:10:04	1	1	15	0
        118640	2026-02-25 17:10:12	1	1	15	0
        117129	2026-02-25 17:10:14	1	1	15	0
        118928	2026-02-25 17:10:35	1	1	15	0
        110457	2026-02-25 17:10:53	1	1	15	0
        118157	2026-02-25 17:10:59	1	1	15	0
        116282	2026-02-25 17:11:01	1	1	15	0
        117839	2026-02-25 17:11:13	1	1	15	0
        118455	2026-02-25 17:11:19	1	1	15	0
        116504	2026-02-25 17:11:22	1	1	15	0
        117716	2026-02-25 17:11:46	1	1	15	0
        119453	2026-02-25 17:11:50	1	1	15	0
        116799	2026-02-25 17:12:57	1	1	15	0
        116479	2026-02-25 17:13:03	1	1	15	0
        119449	2026-02-25 17:13:09	1	1	15	0
        117591	2026-02-25 17:13:38	1	1	15	0
        117541	2026-02-25 17:13:43	1	1	15	0
        118043	2026-02-25 17:15:03	1	1	15	0
        117930	2026-02-25 17:15:47	1	1	15	0
        116834	2026-02-25 17:16:15	1	1	15	0
        117680	2026-02-25 17:16:17	1	1	15	0
        116422	2026-02-25 17:16:31	1	1	15	0
        117219	2026-02-25 17:16:34	1	1	15	0
        116496	2026-02-25 17:16:38	1	1	15	0
        118580	2026-02-25 17:17:15	1	1	15	0
        110084	2026-02-25 17:17:19	1	1	15	0
        110538	2026-02-25 17:17:22	1	1	15	0
        110158	2026-02-25 17:17:24	1	1	15	0
        119232	2026-02-25 17:17:29	1	1	15	0
        117113	2026-02-25 17:17:30	1	1	15	0
        110492	2026-02-25 17:17:59	1	1	15	0
        116166	2026-02-25 17:18:20	1	1	15	0
        110378	2026-02-25 17:18:41	1	1	15	0
        118829	2026-02-25 17:18:45	1	1	15	0
        110060	2026-02-25 17:18:58	1	1	15	0
        110076	2026-02-25 17:20:26	1	1	15	0
        117982	2026-02-25 17:21:34	1	1	15	0
        117528	2026-02-25 17:21:46	1	1	15	0
        116763	2026-02-25 17:21:49	1	1	15	0
        110195	2026-02-25 17:22:12	1	1	15	0
        117059	2026-02-25 17:22:21	1	1	15	0
        116787	2026-02-25 17:22:24	1	1	15	0
        118221	2026-02-25 17:22:54	1	1	15	0
        116778	2026-02-25 17:22:57	1	1	15	0
        117497	2026-02-25 17:23:32	1	1	15	0
        110493	2026-02-25 17:24:16	1	1	15	0
        110495	2026-02-25 17:24:21	1	1	15	0
        117483	2026-02-25 17:24:27	1	1	1	0
        117840	2026-02-25 17:24:33	1	1	15	0
        118997	2026-02-25 17:25:00	1	1	15	0
        117921	2026-02-25 17:25:18	1	1	15	0
        116142	2026-02-25 17:25:20	1	1	15	0
        110354	2026-02-25 17:25:25	1	1	15	0
        118584	2026-02-25 17:26:06	1	1	15	0
        117841	2026-02-25 17:26:35	1	1	15	0
        119494	2026-02-25 17:26:39	1	1	15	0
        117043	2026-02-25 17:27:31	1	1	15	0
        118563	2026-02-25 17:27:56	1	1	15	0
        117700	2026-02-25 17:28:08	1	1	15	0
        119104	2026-02-25 17:28:42	1	1	15	0
        118917	2026-02-25 17:29:14	1	1	15	0
        116274	2026-02-25 17:30:07	1	1	15	0
        117528	2026-02-25 17:30:29	1	1	15	0
        116995	2026-02-25 17:30:50	1	1	15	0
        110527	2026-02-25 17:31:34	1	1	15	0
        117259	2026-02-25 17:31:48	1	1	15	0
        117270	2026-02-25 17:31:49	1	1	15	0
        116902	2026-02-25 17:31:52	1	1	15	0
        116428	2026-02-25 17:32:10	1	1	15	0
        116493	2026-02-25 17:32:14	1	1	15	0
        110053	2026-02-25 17:32:16	1	1	15	0
        118971	2026-02-25 17:32:38	1	1	15	0
        110475	2026-02-25 17:33:10	1	1	15	0
        110473	2026-02-25 17:33:18	1	1	15	0
        119535	2026-02-25 17:35:28	1	1	15	0
        119386	2026-02-25 17:37:29	1	1	15	0
        110085	2026-02-25 17:38:12	1	1	15	0
        119227	2026-02-25 17:38:19	1	1	15	0
        110011	2026-02-25 17:38:40	1	1	15	0
        117683	2026-02-25 17:38:44	1	1	15	0
        117634	2026-02-25 17:38:47	1	1	15	0
        117915	2026-02-25 17:38:48	1	1	15	0
        117926	2026-02-25 17:38:51	1	1	15	0
        116252	2026-02-25 17:39:06	1	1	15	0
        117543	2026-02-25 17:40:17	1	1	15	0
        117103	2026-02-25 17:40:26	1	1	15	0
        117733	2026-02-25 17:41:01	1	1	15	0
        119594	2026-02-25 17:41:03	1	1	15	0
        119143	2026-02-25 17:41:18	1	1	15	0
        117972	2026-02-25 17:41:21	1	1	15	0
        117121	2026-02-25 17:41:26	1	1	15	0
        116996	2026-02-25 17:41:39	1	1	15	0
        116383	2026-02-25 17:41:43	1	1	15	0
        110070	2026-02-25 17:41:51	1	1	15	0
        116960	2026-02-25 17:42:12	1	1	15	0
        117639	2026-02-25 17:42:44	1	1	15	0
        116252	2026-02-25 17:44:03	1	1	15	0
        110088	2026-02-25 17:45:23	1	1	15	0
        116356	2026-02-25 17:45:58	1	1	15	0
        117122	2026-02-25 17:46:09	1	1	15	0
        110507	2026-02-25 17:48:03	1	1	15	0
        117616	2026-02-25 17:48:21	1	1	15	0
        117144	2026-02-25 17:49:37	1	1	15	0
        116337	2026-02-25 17:50:40	1	1	15	0
        118761	2026-02-25 17:50:50	1	1	15	0
        116537	2026-02-25 17:50:55	1	1	15	0
        117341	2026-02-25 17:50:58	1	1	15	0
        110077	2026-02-25 17:51:17	1	1	15	0
        116072	2026-02-25 17:51:30	1	1	15	0
        117061	2026-02-25 17:51:31	1	1	15	0
        117924	2026-02-25 17:51:33	1	1	15	0
        116497	2026-02-25 17:51:36	1	1	15	0
        116805	2026-02-25 17:51:38	1	1	15	0
        118369	2026-02-25 17:51:40	1	1	15	0
        117981	2026-02-25 17:51:41	1	1	15	0
        110116	2026-02-25 17:52:29	1	1	15	0
        110357	2026-02-25 17:53:35	1	1	15	0
        116477	2026-02-25 17:54:41	1	1	15	0
        117642	2026-02-25 17:55:31	1	1	15	0
        110128	2026-02-25 17:55:40	1	1	15	0
        117542	2026-02-25 17:55:52	1	1	15	0
        116824	2026-02-25 17:56:02	1	1	15	0
        117567	2026-02-25 17:56:47	1	1	15	0
        119272	2026-02-25 17:58:08	1	1	15	0
        110105	2026-02-25 17:59:02	1	1	15	0
        117790	2026-02-25 17:59:13	1	1	15	0
        110418	2026-02-25 18:00:54	1	1	15	0
        117692	2026-02-25 18:00:59	1	1	15	0
        117707	2026-02-25 18:01:20	1	1	15	0
        119107	2026-02-25 18:02:25	1	1	15	0
        117850	2026-02-25 18:02:47	1	1	15	0
        117920	2026-02-25 18:02:50	1	1	15	0
        110055	2026-02-25 18:02:57	1	1	15	0
        118753	2026-02-25 18:03:05	1	1	15	0
        117085	2026-02-25 18:03:52	1	1	15	0
        118458	2026-02-25 18:03:53	1	1	15	0
        117156	2026-02-25 18:03:55	1	1	15	0
        117091	2026-02-25 18:04:19	1	1	15	0
        117812	2026-02-25 18:05:03	1	1	15	0
        116070	2026-02-25 18:05:05	1	1	15	0
        117849	2026-02-25 18:06:26	1	1	15	0
        118867	2026-02-25 18:06:55	1	1	15	0
        110062	2026-02-25 18:08:07	1	1	15	0
        118862	2026-02-25 18:08:29	1	1	15	0
        117837	2026-02-25 18:08:40	1	1	15	0
        117645	2026-02-25 18:08:41	1	1	15	0
        117212	2026-02-25 18:08:42	1	1	15	0
        117815	2026-02-25 18:08:44	1	1	15	0
        117630	2026-02-25 18:09:16	1	1	15	0
        116472	2026-02-25 18:09:50	1	1	15	0
        118046	2026-02-25 18:09:57	1	1	15	0
        117969	2026-02-25 18:10:04	1	1	15	0
        116069	2026-02-25 18:10:09	1	1	15	0
        117807	2026-02-25 18:10:12	1	1	15	0
        117080	2026-02-25 18:11:01	1	1	15	0
        110090	2026-02-25 18:13:21	1	1	15	0
        110512	2026-02-25 18:13:28	1	1	15	0
        110514	2026-02-25 18:13:32	1	1	15	0
        110513	2026-02-25 18:13:36	1	1	15	0
        119157	2026-02-25 18:16:54	1	1	15	0
        119006	2026-02-25 18:16:59	1	1	15	0
        110100	2026-02-25 18:17:01	1	1	15	0
        110360	2026-02-25 18:17:53	1	1	15	0
        117786	2026-02-25 18:19:51	1	1	15	0
        110063	2026-02-25 18:20:57	1	1	15	0
        119263	2026-02-25 18:21:40	1	1	15	0
        119364	2026-02-25 18:22:34	1	1	15	0
        110393	2026-02-25 18:22:44	1	1	15	0
        110413	2026-02-25 18:22:49	1	1	15	0
        118695	2026-02-25 18:24:36	1	1	15	0
        117337	2026-02-25 18:24:38	1	1	15	0
        117817	2026-02-25 18:26:46	1	1	15	0
        116260	2026-02-25 18:27:29	1	1	15	0
        117742	2026-02-25 18:29:04	1	1	15	0
        117054	2026-02-25 18:30:28	1	1	15	0
        117120	2026-02-25 18:34:56	1	1	15	0
        117046	2026-02-25 18:35:04	1	1	15	0
        110424	2026-02-25 18:35:06	1	1	15	0
        117046	2026-02-25 18:36:45	1	1	15	0
        117595	2026-02-25 18:37:56	1	1	15	0
        116747	2026-02-25 18:41:31	1	1	15	0
        117699	2026-02-25 18:43:16	1	1	15	0
        110083	2026-02-25 18:54:56	1	1	15	0
        117999	2026-02-25 18:56:53	1	1	15	0
        110032	2026-02-25 18:56:59	1	1	15	0
        116483	2026-02-25 18:58:22	1	1	15	0
        119602	2026-02-25 19:01:45	1	1	15	0
        117575	2026-02-25 19:05:42	1	1	15	0
        110057	2026-02-25 19:13:23	1	1	15	0
        110006	2026-02-25 19:38:42	1	1	15	0
        117709	2026-02-25 19:44:39	1	1	15	0
        116933	2026-02-25 20:02:05	1	1	15	0
        110144	2026-02-26 03:33:57	1	0	15	0
        117201	2026-02-26 04:52:31	1	0	15	0
        116831	2026-02-26 05:27:20	1	0	15	0
        119070	2026-02-26 06:23:45	1	0	15	0
        110051	2026-02-26 06:26:18	1	0	15	0
        110084	2026-02-26 06:29:12	1	0	15	0
        116778	2026-02-26 06:34:28	1	0	15	0
        116834	2026-02-26 06:39:04	1	0	15	0
        110574	2026-02-26 06:40:08	1	0	15	0
        119232	2026-02-26 06:48:18	1	0	15	0
        116551	2026-02-26 06:50:00	1	0	15	0
        117983	2026-02-26 06:51:29	1	0	15	0
        117930	2026-02-26 06:52:10	1	0	15	0
        117337	2026-02-26 06:52:59	1	0	15	0
        118992	2026-02-26 06:53:06	1	0	15	0
        116914	2026-02-26 06:56:39	1	0	15	0
        119386	2026-02-26 07:01:19	1	0	15	0
        116799	2026-02-26 07:01:27	1	0	15	0
        110113	2026-02-26 07:02:41	1	0	15	0
        118970	2026-02-26 07:07:33	1	0	15	0
        118744	2026-02-26 07:07:40	1	0	15	0
        110074	2026-02-26 07:08:43	1	0	15	0
        117769	2026-02-26 07:08:55	1	0	15	0
        110358	2026-02-26 07:13:45	1	0	15	0
        117059	2026-02-26 07:14:10	1	0	15	0
        110535	2026-02-26 07:14:31	1	0	15	0
        119475	2026-02-26 07:21:26	1	0	15	0
        119365	2026-02-26 07:21:35	1	0	15	0
        116763	2026-02-26 07:23:03	1	0	15	0
        110475	2026-02-26 07:24:30	1	0	15	0
        119143	2026-02-26 07:25:21	1	0	15	0
        117770	2026-02-26 07:26:51	1	0	15	0
        117088	2026-02-26 07:26:55	1	0	15	0
        117111	2026-02-26 07:28:03	1	0	15	0
        118101	2026-02-26 07:28:44	1	0	15	0
        110527	2026-02-26 07:29:04	1	0	15	0
        118207	2026-02-26 07:29:20	1	0	15	0
        117724	2026-02-26 07:29:24	1	0	15	0
        116297	2026-02-26 07:31:32	1	0	15	0
        110065	2026-02-26 07:34:21	1	0	15	0
        118997	2026-02-26 07:38:25	1	0	15	0
        110357	2026-02-26 07:38:38	1	0	15	0
        110085	2026-02-26 07:39:42	1	0	15	0
        117100	2026-02-26 07:40:16	1	0	15	0
        116504	2026-02-26 07:42:17	1	0	15	0
        110355	2026-02-26 07:44:59	1	0	15	0
        110356	2026-02-26 07:45:01	1	0	15	0
        110053	2026-02-26 07:45:24	1	0	15	0
        110378	2026-02-26 07:47:19	1	0	15	0
        117120	2026-02-26 07:48:32	1	0	15	0
        110485	2026-02-26 07:48:46	1	0	15	0
        118221	2026-02-26 07:49:04	1	0	15	0
        117982	2026-02-26 07:49:50	1	0	15	0
        118829	2026-02-26 07:50:17	1	0	15	0
        110457	2026-02-26 07:50:44	1	0	15	0
        118369	2026-02-26 07:50:47	1	0	15	0
        110060	2026-02-26 07:50:53	1	0	15	0
        110493	2026-02-26 07:52:05	1	0	15	0
        119453	2026-02-26 07:52:29	1	0	15	0
        117269	2026-02-26 07:52:36	1	0	15	0
        116104	2026-02-26 07:52:55	1	0	15	0
        118640	2026-02-26 07:53:08	1	0	15	0
        117997	2026-02-26 07:53:12	1	0	15	0
        110512	2026-02-26 07:53:24	1	0	15	0
        117680	2026-02-26 07:53:27	1	0	15	0
        118043	2026-02-26 07:53:30	1	0	15	0
        116426	2026-02-26 07:53:47	1	0	15	0
        116996	2026-02-26 07:54:12	1	0	15	0
        117591	2026-02-26 07:54:49	1	0	15	0
        117270	2026-02-26 07:55:03	1	0	15	0
        119340	2026-02-26 07:55:07	1	0	15	0
        116493	2026-02-26 07:55:56	1	0	15	0
        110377	2026-02-26 07:56:03	1	0	15	0
        117639	2026-02-26 07:57:54	1	0	15	0
        117528	2026-02-26 07:57:57	1	0	15	0
        110062	2026-02-26 07:58:05	1	0	15	0
        117707	2026-02-26 07:59:02	1	0	15	0
        116828	2026-02-26 07:59:08	1	0	1	0
        117716	2026-02-26 07:59:22	1	0	15	0
        117998	2026-02-26 07:59:57	1	0	15	0
        117114	2026-02-26 08:00:14	1	0	15	0
        119449	2026-02-26 08:00:26	1	0	15	0
        116142	2026-02-26 08:00:31	1	0	15	0
        117129	2026-02-26 08:00:33	1	0	15	0
        117700	2026-02-26 08:01:49	1	0	15	0
        119227	2026-02-26 08:01:54	1	0	15	0
        116496	2026-02-26 08:02:04	1	0	15	0
        118157	2026-02-26 08:02:14	1	0	15	0
        110538	2026-02-26 08:02:18	1	0	15	0
        117840	2026-02-26 08:03:15	1	0	15	0
        119104	2026-02-26 08:03:31	1	0	15	0
        117850	2026-02-26 08:03:36	1	0	15	0
        117833	2026-02-26 08:04:28	1	0	15	0
        110376	2026-02-26 08:05:02	1	0	15	0
        118928	2026-02-26 08:06:21	1	0	15	0
        116282	2026-02-26 08:06:22	1	0	15	0
        116356	2026-02-26 08:06:52	1	0	15	0
        116072	2026-02-26 08:06:54	1	0	15	0
        117085	2026-02-26 08:07:07	1	0	15	0
        118186	2026-02-26 08:07:25	1	0	15	0
        116428	2026-02-26 08:07:44	1	0	15	0
        116483	2026-02-26 08:08:04	1	0	15	0
        116296	2026-02-26 08:08:08	1	0	15	0
        117630	2026-02-26 08:08:54	1	0	15	0
        117121	2026-02-26 08:09:05	1	0	15	0
        118580	2026-02-26 08:10:09	1	0	15	0
        110513	2026-02-26 08:10:18	1	0	15	0
        117224	2026-02-26 08:11:28	1	0	15	0
        117921	2026-02-26 08:11:57	1	0	15	0
        117259	2026-02-26 08:12:07	1	0	15	0
        110424	2026-02-26 08:12:44	1	0	15	0
        110473	2026-02-26 08:13:07	1	0	15	0
        116960	2026-02-26 08:13:24	1	0	15	0
        117733	2026-02-26 08:14:13	1	0	15	0
        116902	2026-02-26 08:14:31	1	0	15	0
        116537	2026-02-26 08:15:05	1	0	15	0
        117981	2026-02-26 08:15:33	1	0	15	0
        110105	2026-02-26 08:15:39	1	0	15	0
        110025	2026-02-26 08:16:08	1	0	15	0
        110197	2026-02-26 08:16:21	1	0	15	0
        118180	2026-02-26 08:17:37	1	0	15	0
        117839	2026-02-26 08:17:44	1	0	15	0
        117644	2026-02-26 08:18:02	1	0	15	0
        110514	2026-02-26 08:18:20	1	0	15	0
        117924	2026-02-26 08:18:36	1	0	15	0
        117638	2026-02-26 08:18:53	1	0	15	0
        116274	2026-02-26 08:19:30	1	0	15	0
        119494	2026-02-26 08:20:31	1	0	15	0
        119594	2026-02-26 08:22:29	1	0	15	0
        117222	2026-02-26 08:22:36	1	0	15	0
        117711	2026-02-26 08:22:45	1	0	15	0
        110507	2026-02-26 08:22:51	1	0	15	0
        117790	2026-02-26 08:23:13	1	0	15	0
        116995	2026-02-26 08:23:21	1	0	15	0
        110492	2026-02-26 08:24:49	1	0	15	0
        117497	2026-02-26 08:25:29	1	0	15	0
        117541	2026-02-26 08:25:57	1	0	15	0
        116346	2026-02-26 08:26:53	1	0	15	0
        118455	2026-02-26 08:27:19	1	0	15	0
        119282	2026-02-26 08:27:23	1	0	15	0
        117812	2026-02-26 08:27:29	1	0	15	0
        116472	2026-02-26 08:27:36	1	0	15	0
        118917	2026-02-26 08:27:57	1	0	15	0
        117616	2026-02-26 08:28:02	1	0	15	0
        110083	2026-02-26 08:28:46	1	0	15	0
        117219	2026-02-26 08:28:52	1	0	15	0
        110495	2026-02-26 08:29:16	1	0	15	0
        117043	2026-02-26 08:30:46	1	0	15	0
        116252	2026-02-26 08:30:59	1	0	15	0
        117817	2026-02-26 08:31:48	1	0	15	0
        119364	2026-02-26 08:32:43	1	0	15	0
        116337	2026-02-26 08:33:49	1	0	15	0
        119493	2026-02-26 08:34:10	1	0	15	0
        110354	2026-02-26 08:34:13	1	0	15	0
        117683	2026-02-26 08:34:28	1	0	15	0
        119006	2026-02-26 08:34:44	1	0	15	0
        119263	2026-02-26 08:34:48	1	0	15	0
        116787	2026-02-26 08:34:57	1	0	15	0
        117543	2026-02-26 08:35:46	1	0	15	0
        117915	2026-02-26 08:35:57	1	0	15	0
        117634	2026-02-26 08:35:59	1	0	15	0
        117542	2026-02-26 08:36:19	1	0	15	0
        116279	2026-02-26 08:36:45	1	0	15	0
        118862	2026-02-26 08:38:20	1	0	15	0
        110360	2026-02-26 08:39:39	1	0	15	0
        117837	2026-02-26 08:39:47	1	0	15	0
        118695	2026-02-26 08:41:20	1	0	15	0
        110195	2026-02-26 08:41:36	1	0	15	0
        118867	2026-02-26 08:42:10	1	0	15	0
        118753	2026-02-26 08:42:12	1	0	15	0
        118563	2026-02-26 08:42:14	1	0	15	0
        117054	2026-02-26 08:42:31	1	0	15	0
        118813	2026-02-26 08:42:43	1	0	15	0
        110055	2026-02-26 08:42:52	1	0	15	0
        110128	2026-02-26 08:43:22	1	0	15	0
        117113	2026-02-26 08:45:19	1	0	15	0
        116383	2026-02-26 08:45:24	1	0	15	0
        110032	2026-02-26 08:45:47	1	0	15	0
        117786	2026-02-26 08:45:51	1	0	15	0
        117709	2026-02-26 08:45:58	1	0	15	0
        118046	2026-02-26 08:46:12	1	0	15	0
        110070	2026-02-26 08:46:22	1	0	15	0
        118761	2026-02-26 08:47:21	1	0	15	0
        117815	2026-02-26 08:48:02	1	0	15	0
        110116	2026-02-26 08:48:05	1	0	15	0
        117567	2026-02-26 08:48:56	1	0	15	0
        117080	2026-02-26 08:49:27	1	0	15	0
        118458	2026-02-26 08:49:47	1	0	15	0
        117926	2026-02-26 08:50:13	1	0	15	0
        119535	2026-02-26 08:50:39	1	0	15	0
        118971	2026-02-26 08:51:18	1	0	15	0
        117144	2026-02-26 08:52:09	1	0	15	0
        117103	2026-02-26 08:52:37	1	0	15	0
        110088	2026-02-26 08:53:09	1	0	15	0
        110090	2026-02-26 08:53:36	1	0	15	0
        117841	2026-02-26 08:53:55	1	0	15	0
        110418	2026-02-26 08:54:48	1	0	15	0
        117699	2026-02-26 08:55:00	1	0	15	0
        110077	2026-02-26 08:55:04	1	0	15	0
        117659	2026-02-26 08:56:42	1	0	15	0
        117061	2026-02-26 08:58:26	1	0	15	0
        116805	2026-02-26 08:58:48	1	0	15	0
        117849	2026-02-26 08:58:49	1	0	15	0
        110057	2026-02-26 08:58:52	1	0	15	0
        116070	2026-02-26 08:59:11	1	0	15	0
        119157	2026-02-26 08:59:30	1	0	15	0
        116747	2026-02-26 09:00:36	1	0	15	0
        117692	2026-02-26 09:00:45	1	0	15	0
        116129	2026-02-26 09:02:00	1	0	15	0
        110158	2026-02-26 09:02:03	1	0	15	0
        117645	2026-02-26 09:02:16	1	0	15	0
        117595	2026-02-26 09:03:16	1	0	15	0
        117156	2026-02-26 09:04:11	1	0	15	0
        117341	2026-02-26 09:07:16	1	0	15	0
        117122	2026-02-26 09:10:24	1	0	15	0
        119107	2026-02-26 09:10:44	1	0	15	0
        117920	2026-02-26 09:10:50	1	0	15	0
        116751	2026-02-26 09:11:38	1	0	15	0
        117575	2026-02-26 09:11:51	1	0	15	0
        116512	2026-02-26 09:14:55	1	0	15	0
        116933	2026-02-26 09:15:05	1	0	15	0
        110100	2026-02-26 09:20:13	1	0	15	0
        116497	2026-02-26 09:20:16	1	0	15	0
        117091	2026-02-26 09:23:17	1	0	15	0
        116453	2026-02-26 09:26:30	1	0	15	0
        117077	2026-02-26 09:26:50	1	0	15	0
        117212	2026-02-26 09:54:27	1	0	15	0
        110057	2026-02-26 11:59:20	1	2	15	0
        117541	2026-02-26 12:00:04	1	2	15	0
        119493	2026-02-26 12:00:06	1	2	15	0
        117113	2026-02-26 12:00:10	1	2	15	0
        110357	2026-02-26 12:00:12	1	2	15	0
        110057	2026-02-26 12:00:21	1	2	15	0
        119227	2026-02-26 12:00:23	1	2	15	0
        119364	2026-02-26 12:00:24	1	2	15	0
        110070	2026-02-26 12:00:28	1	2	15	0
        116512	2026-02-26 12:00:29	1	2	15	0
        116751	2026-02-26 12:00:31	1	2	15	0
        116504	2026-02-26 12:00:33	1	2	15	0
        116483	2026-02-26 12:00:35	1	2	15	0
        118455	2026-02-26 12:00:37	1	2	15	0
        117270	2026-02-26 12:00:38	1	2	15	0
        110085	2026-02-26 12:00:43	1	2	15	0
        110512	2026-02-26 12:01:02	1	2	15	0
        110514	2026-02-26 12:01:06	1	2	15	0
        110055	2026-02-26 12:01:10	1	2	15	0
        110513	2026-02-26 12:01:13	1	2	15	0
        117833	2026-02-26 12:01:24	1	2	15	0
        118829	2026-02-26 12:01:30	1	2	15	0
        117841	2026-02-26 12:01:33	1	2	15	0
        117840	2026-02-26 12:01:34	1	2	15	0
        119494	2026-02-26 12:01:36	1	2	15	0
        116763	2026-02-26 12:01:38	1	2	15	0
        110418	2026-02-26 12:01:40	1	2	15	0
        117224	2026-02-26 12:01:42	1	2	15	0
        110424	2026-02-26 12:01:44	1	2	15	0
        117997	2026-02-26 12:01:46	1	2	15	0
        117926	2026-02-26 12:01:48	1	2	15	0
        117724	2026-02-26 12:01:51	1	2	15	0
        117080	2026-02-26 12:01:55	1	2	15	0
        118744	2026-02-26 12:01:57	1	2	15	0
        119449	2026-02-26 12:01:59	1	2	15	0
        119535	2026-02-26 12:02:05	1	2	15	0
        110128	2026-02-26 12:02:09	1	2	15	0
        110493	2026-02-26 12:02:10	1	2	15	0
        110495	2026-02-26 12:02:12	1	2	15	0
        117983	2026-02-26 12:02:18	1	2	15	0
        119006	2026-02-26 12:02:27	1	2	15	0
        117543	2026-02-26 12:02:31	1	2	15	0
        110538	2026-02-26 12:02:41	1	2	15	0
        117680	2026-02-26 12:02:45	1	2	15	0
        118563	2026-02-26 12:03:02	1	2	15	0
        117541	2026-02-26 12:03:17	1	2	15	0
        110492	2026-02-26 12:03:18	1	2	15	0
        110357	2026-02-26 12:03:22	1	2	15	0
        116483	2026-02-26 12:03:26	1	2	15	0
        118455	2026-02-26 12:03:28	1	2	15	0
        116504	2026-02-26 12:03:32	1	2	15	0
        117659	2026-02-26 12:03:43	1	2	15	0
        110376	2026-02-26 12:03:51	1	2	15	0
        118180	2026-02-26 12:03:58	1	2	15	0
        110514	2026-02-26 12:04:12	1	2	15	0
        117839	2026-02-26 12:04:14	1	2	15	0
        110512	2026-02-26 12:04:15	1	2	15	0
        110513	2026-02-26 12:04:18	1	2	15	0
        117982	2026-02-26 12:04:21	1	2	15	0
        117645	2026-02-26 12:04:23	1	2	15	0
        117930	2026-02-26 12:04:25	1	2	15	0
        117983	2026-02-26 12:04:27	1	2	15	0
        117833	2026-02-26 12:04:28	1	2	15	0
        110025	2026-02-26 12:04:31	1	2	15	0
        116104	2026-02-26 12:04:51	1	2	15	0
        110088	2026-02-26 12:04:57	1	2	15	0
        110360	2026-02-26 12:04:59	1	2	15	0
        110527	2026-02-26 12:05:02	1	2	15	0
        117815	2026-02-26 12:05:03	1	2	15	0
        117080	2026-02-26 12:05:07	1	2	15	0
        116763	2026-02-26 12:05:11	1	2	15	0
        110473	2026-02-26 12:05:15	1	2	15	0
        117144	2026-02-26 12:05:17	1	2	15	0
        110418	2026-02-26 12:05:19	1	2	15	0
        110424	2026-02-26 12:05:21	1	2	15	0
        119453	2026-02-26 12:05:23	1	2	15	0
        119493	2026-02-26 12:05:25	1	2	15	0
        117497	2026-02-26 12:05:27	1	2	15	0
        116282	2026-02-26 12:05:28	1	2	15	0
        117915	2026-02-26 12:05:30	1	2	15	0
        116914	2026-02-26 12:05:31	1	2	15	0
        117222	2026-02-26 12:05:34	1	2	15	0
        117683	2026-02-26 12:05:36	1	2	15	0
        117634	2026-02-26 12:05:38	1	2	15	0
        116902	2026-02-26 12:05:39	1	2	15	0
        117100	2026-02-26 12:05:41	1	2	15	0
        117926	2026-02-26 12:05:43	1	2	15	0
        118458	2026-02-26 12:05:45	1	2	15	0
        118992	2026-02-26 12:05:48	1	2	15	0
        117113	2026-02-26 12:05:49	1	2	15	0
        117645	2026-02-26 12:05:51	1	2	15	0
        117219	2026-02-26 12:05:53	1	2	15	0
        117122	2026-02-26 12:05:55	1	2	15	0
        116337	2026-02-26 12:05:57	1	2	15	0
        117639	2026-02-26 12:05:59	1	2	15	0
        119104	2026-02-26 12:06:03	1	2	15	0
        110090	2026-02-26 12:06:10	1	2	15	0
        110077	2026-02-26 12:06:13	1	2	15	0
        117733	2026-02-26 12:06:18	1	2	15	0
        116383	2026-02-26 12:06:21	1	2	15	0
        117837	2026-02-26 12:06:23	1	2	15	0
        117770	2026-02-26 12:06:24	1	2	15	0
        117840	2026-02-26 12:06:27	1	2	15	0
        117659	2026-02-26 12:06:29	1	2	15	0
        117839	2026-02-26 12:06:34	1	2	15	0
        118917	2026-02-26 12:06:37	1	2	15	0
        117724	2026-02-26 12:06:41	1	2	15	0
        117982	2026-02-26 12:06:42	1	2	15	0
        110158	2026-02-26 12:06:46	1	2	15	0
        116995	2026-02-26 12:06:48	1	2	15	0
        117841	2026-02-26 12:06:50	1	2	15	0
        117790	2026-02-26 12:07:02	1	2	15	0
        119494	2026-02-26 12:07:04	1	2	15	0
        110492	2026-02-26 12:07:08	1	2	15	0
        110538	2026-02-26 12:07:12	1	2	15	0
        110507	2026-02-26 12:07:14	1	2	15	0
        110378	2026-02-26 12:07:16	1	2	15	0
        118970	2026-02-26 12:07:33	1	2	15	0
        116129	2026-02-26 12:07:37	1	2	15	0
        118207	2026-02-26 12:07:39	1	2	15	0
        118928	2026-02-26 12:07:40	1	2	15	0
        117638	2026-02-26 12:07:42	1	2	15	0
        117616	2026-02-26 12:07:44	1	2	15	0
        117930	2026-02-26 12:07:51	1	2	15	0
        117088	2026-02-26 12:07:53	1	2	15	0
        117924	2026-02-26 12:07:58	1	2	15	0
        110457	2026-02-26 12:08:00	1	2	15	0
        117817	2026-02-26 12:08:02	1	2	15	0
        116072	2026-02-26 12:08:05	1	2	15	0
        116497	2026-02-26 12:08:07	1	2	15	0
        117639	2026-02-26 12:08:14	1	2	15	0
        116337	2026-02-26 12:08:16	1	2	15	0
        116428	2026-02-26 12:08:18	1	2	15	0
        117059	2026-02-26 12:08:20	1	2	15	0
        118761	2026-02-26 12:08:22	1	2	15	0
        117567	2026-02-26 12:08:24	1	2	15	0
        116383	2026-02-26 12:08:26	1	2	15	0
        117786	2026-02-26 12:08:28	1	2	15	0
        117709	2026-02-26 12:08:35	1	2	15	0
        117219	2026-02-26 12:08:36	1	2	15	0
        116104	2026-02-26 12:08:38	1	2	15	0
        117634	2026-02-26 12:08:40	1	2	15	0
        117915	2026-02-26 12:08:41	1	2	15	0
        116426	2026-02-26 12:08:46	1	2	15	0
        117683	2026-02-26 12:08:49	1	2	15	0
        116282	2026-02-26 12:09:00	1	2	15	0
        117815	2026-02-26 12:09:02	1	2	15	0
        117733	2026-02-26 12:09:05	1	2	15	0
        116995	2026-02-26 12:09:09	1	2	15	0
        110051	2026-02-26 12:09:12	1	2	15	0
        117201	2026-02-26 12:09:31	1	2	15	0
        116747	2026-02-26 12:09:54	1	2	15	0
        116472	2026-02-26 12:09:56	1	2	15	0
        117114	2026-02-26 12:09:59	1	2	15	0
        116346	2026-02-26 12:10:02	1	2	15	0
        117103	2026-02-26 12:10:05	1	2	15	0
        110053	2026-02-26 12:10:24	1	2	15	0
        118744	2026-02-26 12:10:42	1	2	15	0
        110376	2026-02-26 12:10:50	1	2	15	0
        119449	2026-02-26 12:10:57	1	2	15	0
        110025	2026-02-26 12:11:03	1	2	15	0
        118813	2026-02-26 12:11:16	1	2	15	0
        116902	2026-02-26 12:11:21	1	2	15	0
        116914	2026-02-26 12:11:25	1	2	15	0
        119006	2026-02-26 12:11:27	1	2	15	0
        117709	2026-02-26 12:11:31	1	2	15	0
        117817	2026-02-26 12:11:40	1	2	15	0
        117680	2026-02-26 12:11:43	1	2	15	0
        110088	2026-02-26 12:11:50	1	2	15	0
        110057	2026-02-26 12:11:52	1	2	15	0
        117497	2026-02-26 12:11:55	1	2	15	0
        117144	2026-02-26 12:11:57	1	2	15	0
        119453	2026-02-26 12:11:59	1	2	15	0
        116537	2026-02-26 12:12:01	1	2	15	0
        116551	2026-02-26 12:12:03	1	2	15	0
        117837	2026-02-26 12:12:05	1	2	15	0
        117770	2026-02-26 12:12:07	1	2	15	0
        116252	2026-02-26 12:12:10	1	2	15	0
        119227	2026-02-26 12:12:12	1	2	15	0
        116346	2026-02-26 12:12:14	1	2	15	0
        117103	2026-02-26 12:12:16	1	2	15	0
        119364	2026-02-26 12:12:17	1	2	15	0
        110527	2026-02-26 12:12:22	1	2	15	0
        117542	2026-02-26 12:12:46	1	2	15	0
        110354	2026-02-26 12:12:51	1	2	15	0
        110507	2026-02-26 12:12:57	1	2	15	0
        117998	2026-02-26 12:13:03	1	2	15	0
        116497	2026-02-26 12:13:09	1	2	15	0
        116072	2026-02-26 12:13:11	1	2	15	0
        110457	2026-02-26 12:13:14	1	2	15	0
        117924	2026-02-26 12:13:16	1	2	15	0
        110060	2026-02-26 12:13:18	1	2	15	0
        116960	2026-02-26 12:13:27	1	2	15	0
        110100	2026-02-26 12:13:29	1	2	15	0
        117812	2026-02-26 12:13:31	1	2	15	0
        110377	2026-02-26 12:13:32	1	2	15	0
        116996	2026-02-26 12:13:36	1	2	15	0
        116799	2026-02-26 12:13:40	1	2	15	0
        119535	2026-02-26 12:13:43	1	2	15	0
        117088	2026-02-26 12:13:46	1	2	15	0
        118458	2026-02-26 12:14:28	1	2	15	0
        116426	2026-02-26 12:14:43	1	2	15	0
        118157	2026-02-26 12:14:46	1	2	15	0
        117997	2026-02-26 12:14:50	1	2	15	0
        110493	2026-02-26 12:14:54	1	2	15	0
        118640	2026-02-26 12:14:57	1	2	15	0
        118180	2026-02-26 12:15:05	1	2	15	0
        116537	2026-02-26 12:15:09	1	2	15	0
        116453	2026-02-26 12:15:12	1	2	15	0
        116551	2026-02-26 12:15:14	1	2	15	0
        110158	2026-02-26 12:15:17	1	2	15	0
        110051	2026-02-26 12:15:21	1	2	15	0
        118753	2026-02-26 12:15:23	1	2	15	0
        116428	2026-02-26 12:15:28	1	2	15	0
        118761	2026-02-26 12:15:31	1	2	15	0
        116252	2026-02-26 12:15:34	1	2	15	0
        117920	2026-02-26 12:15:37	1	2	15	0
        117850	2026-02-26 12:15:39	1	2	15	0
        117100	2026-02-26 12:15:41	1	2	15	0
        110057	2026-02-26 12:15:42	1	2	15	0
        117077	2026-02-26 12:16:01	1	2	15	0
        116142	2026-02-26 12:16:11	1	2	15	0
        110378	2026-02-26 12:16:19	1	2	15	0
        117542	2026-02-26 12:16:37	1	2	15	0
        118744	2026-02-26 12:16:41	1	2	15	0
        117129	2026-02-26 12:16:42	1	2	15	0
        117085	2026-02-26 12:16:47	1	2	15	0
        110100	2026-02-26 12:16:59	1	2	15	0
        118207	2026-02-26 12:17:01	1	2	15	0
        118928	2026-02-26 12:17:05	1	2	15	0
        118970	2026-02-26 12:17:06	1	2	15	0
        118813	2026-02-26 12:17:08	1	2	15	0
        116129	2026-02-26 12:17:10	1	2	15	0
        117638	2026-02-26 12:17:12	1	2	15	0
        118753	2026-02-26 12:17:14	1	2	15	0
        118640	2026-02-26 12:17:26	1	2	15	0
        117212	2026-02-26 12:17:36	1	2	15	0
        117054	2026-02-26 12:17:39	1	2	15	0
        117812	2026-02-26 12:17:41	1	2	15	0
        110077	2026-02-26 12:17:50	1	2	15	0
        118563	2026-02-26 12:18:07	1	2	15	0
        117114	2026-02-26 12:18:25	1	2	15	0
        116960	2026-02-26 12:18:39	1	2	15	0
        116799	2026-02-26 12:18:43	1	2	15	0
        117644	2026-02-26 12:18:45	1	2	15	0
        110060	2026-02-26 12:18:53	1	2	15	0
        110355	2026-02-26 12:19:03	1	2	15	0
        110116	2026-02-26 12:19:05	1	2	15	0
        118971	2026-02-26 12:19:13	1	2	15	0
        110356	2026-02-26 12:19:36	1	2	15	0
        117711	2026-02-26 12:20:11	1	2	15	0
        118580	2026-02-26 12:20:16	1	2	15	0
        110084	2026-02-26 12:20:19	1	2	15	0
        116274	2026-02-26 12:20:21	1	2	15	0
        116828	2026-02-26 12:20:33	1	2	1	0
        110128	2026-02-26 12:20:57	1	2	15	0
        117921	2026-02-26 12:21:08	1	2	15	0
        117920	2026-02-26 12:21:12	1	2	15	0
        118157	2026-02-26 12:21:16	1	2	15	0
        117850	2026-02-26 12:21:19	1	2	15	0
        117692	2026-02-26 12:21:25	1	2	15	0
        117054	2026-02-26 12:21:30	1	2	15	0
        117212	2026-02-26 12:21:33	1	2	15	0
        117644	2026-02-26 12:21:35	1	2	15	0
        116453	2026-02-26 12:21:40	1	2	15	0
        117567	2026-02-26 12:21:54	1	2	15	0
        117616	2026-02-26 12:22:02	1	2	15	0
        110084	2026-02-26 12:22:16	1	2	15	0
        118997	2026-02-26 12:22:26	1	2	15	0
        110113	2026-02-26 12:22:45	1	2	15	0
        117156	2026-02-26 12:22:49	1	2	15	0
        117121	2026-02-26 12:22:51	1	2	15	0
        118992	2026-02-26 12:22:53	1	2	15	0
        117528	2026-02-26 12:23:04	1	2	15	0
        118580	2026-02-26 12:23:16	1	2	15	0
        110356	2026-02-26 12:23:47	1	2	15	0
        110355	2026-02-26 12:23:48	1	2	15	0
        118971	2026-02-26 12:23:51	1	2	15	0
        117129	2026-02-26 12:23:55	1	2	15	0
        110113	2026-02-26 12:24:10	1	2	15	0
        119594	2026-02-26 12:24:13	1	2	15	0
        117122	2026-02-26 12:24:17	1	2	15	0
        117043	2026-02-26 12:24:40	1	2	15	0
        116297	2026-02-26 12:25:01	1	2	15	0
        117699	2026-02-26 12:25:04	1	2	15	0
        110197	2026-02-26 12:25:08	1	2	15	0
        119104	2026-02-26 12:25:30	1	2	15	0
        119594	2026-02-26 12:25:36	1	2	15	0
        116996	2026-02-26 12:25:47	1	2	15	0
        117692	2026-02-26 12:25:52	1	2	15	0
        117921	2026-02-26 12:25:55	1	2	15	0
        119386	2026-02-26 12:26:18	1	2	15	0
        118046	2026-02-26 12:26:43	1	2	15	0
        110085	2026-02-26 12:26:48	1	2	15	0
        117061	2026-02-26 12:26:50	1	2	15	0
        117981	2026-02-26 12:26:52	1	2	15	0
        116356	2026-02-26 12:26:54	1	2	15	0
        118369	2026-02-26 12:26:55	1	2	15	0
        116805	2026-02-26 12:26:57	1	2	15	0
        116747	2026-02-26 12:27:00	1	2	15	0
        116472	2026-02-26 12:27:02	1	2	15	0
        110055	2026-02-26 12:27:05	1	2	15	0
        117790	2026-02-26 12:27:42	1	2	15	0
        117630	2026-02-26 12:27:56	1	2	15	0
        110062	2026-02-26 12:27:58	1	2	15	0
        118221	2026-02-26 12:28:35	1	2	15	0
        117201	2026-02-26 12:28:37	1	2	15	0
        117981	2026-02-26 12:28:40	1	2	15	0
        110358	2026-02-26 12:28:41	1	2	15	0
        116356	2026-02-26 12:28:43	1	2	15	0
        117061	2026-02-26 12:28:45	1	2	15	0
        118369	2026-02-26 12:28:47	1	2	15	0
        116805	2026-02-26 12:28:51	1	2	15	0
        117085	2026-02-26 12:28:53	1	2	15	0
        117156	2026-02-26 12:28:55	1	2	15	0
        117121	2026-02-26 12:28:57	1	2	15	0
        110197	2026-02-26 12:29:00	1	2	15	0
        117528	2026-02-26 12:29:11	1	2	15	0
        116142	2026-02-26 12:29:17	1	2	15	0
        117222	2026-02-26 12:29:22	1	2	15	0
        118867	2026-02-26 12:29:35	1	2	15	0
        119282	2026-02-26 12:29:38	1	2	15	0
        116933	2026-02-26 12:29:40	1	2	15	0
        118043	2026-02-26 12:29:47	1	2	15	0
        117043	2026-02-26 12:30:11	1	2	15	0
        110473	2026-02-26 12:30:17	1	2	15	0
        116274	2026-02-26 12:31:14	1	3	15	0
        119263	2026-02-26 12:31:27	1	3	15	0
        117543	2026-02-26 12:31:55	1	3	15	0
        110358	2026-02-26 12:32:46	1	3	15	0
        110116	2026-02-26 12:32:53	1	3	15	0
        117711	2026-02-26 12:33:21	1	3	15	0
        117707	2026-02-26 12:33:37	1	3	15	0
        118867	2026-02-26 12:33:55	1	3	15	0
        119282	2026-02-26 12:33:59	1	3	15	0
        117224	2026-02-26 12:34:41	1	3	15	0
        116279	2026-02-26 12:34:44	1	3	15	0
        119263	2026-02-26 12:34:48	1	3	15	0
        117700	2026-02-26 12:35:06	1	3	15	0
        117716	2026-02-26 12:35:09	1	3	15	0
        116787	2026-02-26 12:35:10	1	3	15	0
        110090	2026-02-26 12:35:12	1	3	15	0
        118829	2026-02-26 12:35:20	1	3	15	0
        118584	2026-02-26 12:35:31	1	3	15	0
        116496	2026-02-26 12:35:33	1	3	15	0
        110070	2026-02-26 12:35:42	1	3	15	0
        117269	2026-02-26 12:35:49	1	3	15	0
        117341	2026-02-26 12:35:51	1	3	15	0
        118043	2026-02-26 12:35:53	1	3	15	0
        110535	2026-02-26 12:35:55	1	3	15	0
        119107	2026-02-26 12:36:05	1	3	15	0
        117059	2026-02-26 12:36:18	1	3	15	0
        118997	2026-02-26 12:36:26	1	3	15	0
        117120	2026-02-26 12:36:34	1	3	15	0
        110377	2026-02-26 12:36:41	1	3	15	0
        116252	2026-02-26 12:36:53	1	3	15	0
        110354	2026-02-26 12:36:53	1	3	15	0
        118221	2026-02-26 12:37:04	1	3	15	0
        117707	2026-02-26 12:37:10	1	3	15	0
        117595	2026-02-26 12:37:25	1	3	15	0
        110032	2026-02-26 12:37:27	1	3	15	0
        117630	2026-02-26 12:38:02	1	3	15	0
        118101	2026-02-26 12:38:11	1	3	15	0
        117270	2026-02-26 12:38:23	1	3	15	0
        117700	2026-02-26 12:38:29	1	3	15	0
        116496	2026-02-26 12:38:31	1	3	15	0
        110053	2026-02-26 12:39:02	1	3	15	0
        118917	2026-02-26 12:39:18	1	3	15	0
        117120	2026-02-26 12:40:04	1	3	15	0
        119340	2026-02-26 12:40:12	1	3	15	0
        118046	2026-02-26 12:40:25	1	3	15	0
        117595	2026-02-26 12:40:29	1	3	15	0
        116279	2026-02-26 12:40:34	1	3	15	0
        117269	2026-02-26 12:40:42	1	3	15	0
        118101	2026-02-26 12:40:46	1	3	15	0
        119475	2026-02-26 12:40:50	1	3	15	0
        110065	2026-02-26 12:40:52	1	3	15	0
        117716	2026-02-26 12:40:56	1	3	15	0
        117591	2026-02-26 12:40:59	1	3	15	0
        119107	2026-02-26 12:41:07	1	3	15	0
        118695	2026-02-26 12:41:11	1	3	15	0
        117111	2026-02-26 12:41:13	1	3	15	0
        117337	2026-02-26 12:41:25	1	3	15	0
        119157	2026-02-26 12:42:00	1	3	15	0
        117849	2026-02-26 12:42:16	1	3	15	0
        117077	2026-02-26 12:42:24	1	3	15	0
        118862	2026-02-26 12:42:41	1	3	15	0
        110085	2026-02-26 12:44:08	1	3	15	0
        119386	2026-02-26 12:44:35	1	3	15	0
        117591	2026-02-26 12:44:55	1	3	15	0
        117111	2026-02-26 12:46:30	1	3	15	0
        118695	2026-02-26 12:46:32	1	3	15	0
        119340	2026-02-26 12:46:37	1	3	15	0
        117849	2026-02-26 12:46:39	1	3	15	0
        119475	2026-02-26 12:46:44	1	3	15	0
        110065	2026-02-26 12:46:49	1	3	15	0
        117769	2026-02-26 12:46:51	1	3	15	0
        119157	2026-02-26 12:48:18	1	3	15	0
        110032	2026-02-26 12:48:23	1	3	15	0
        117699	2026-02-26 12:49:23	1	3	15	0
        116828	2026-02-26 12:49:50	1	3	1	0
        117575	2026-02-26 12:50:11	1	3	15	0
        118584	2026-02-26 12:50:54	1	3	15	0
        110062	2026-02-26 12:50:56	1	3	15	0
        117259	2026-02-26 12:51:06	1	3	15	0
        119070	2026-02-26 12:51:08	1	3	15	0
        110074	2026-02-26 12:51:10	1	3	15	0
        117769	2026-02-26 12:51:20	1	3	15	0
        117091	2026-02-26 12:52:11	1	3	15	0
        110535	2026-02-26 12:52:17	1	3	15	0
        117337	2026-02-26 12:52:23	1	3	15	0
        110083	2026-02-26 12:52:31	1	3	15	0
        116493	2026-02-26 12:52:54	1	3	15	0
        119365	2026-02-26 12:52:56	1	3	15	0
        116933	2026-02-26 12:53:15	1	3	15	0
        116787	2026-02-26 12:54:03	1	3	15	0
        118862	2026-02-26 12:54:10	1	3	15	0
        119143	2026-02-26 12:54:19	1	3	15	0
        110083	2026-02-26 12:54:55	1	3	15	0
        117575	2026-02-26 12:55:43	1	3	15	0
        117091	2026-02-26 12:55:48	1	3	15	0
        118186	2026-02-26 12:56:03	1	3	15	0
        119070	2026-02-26 12:56:13	1	3	15	0
        117259	2026-02-26 12:56:15	1	3	15	0
        110074	2026-02-26 12:56:18	1	3	15	0
        119143	2026-02-26 12:56:44	1	3	15	0
        116493	2026-02-26 12:56:55	1	3	15	0
        119365	2026-02-26 12:56:58	1	3	15	0
        118186	2026-02-26 12:57:30	1	3	15	0
        116751	2026-02-26 12:57:37	1	3	15	0
        116512	2026-02-26 12:57:46	1	3	15	0
        116297	2026-02-26 12:57:51	1	3	15	0
        117786	2026-02-26 12:57:58	1	3	15	0
        110360	2026-02-26 12:58:25	1	3	15	0
        116260	2026-02-26 13:01:14	1	3	15	0
        117483	2026-02-26 13:09:44	1	3	15	0
        119365	2026-02-26 15:35:01	1	3	15	0
        110574	2026-02-26 16:02:18	1	1	15	0
        117644	2026-02-26 16:03:51	1	1	15	0
        116914	2026-02-26 16:07:13	1	1	15	0
        117930	2026-02-26 16:09:15	1	1	15	0
        110051	2026-02-26 16:13:08	1	1	15	0
        117769	2026-02-26 16:17:21	1	1	15	0
        117337	2026-02-26 16:18:24	1	1	15	0
        117983	2026-02-26 16:23:45	1	1	15	0
        116763	2026-02-26 16:23:55	1	1	15	0
        118970	2026-02-26 16:25:44	1	1	15	0
        117059	2026-02-26 16:29:02	1	1	15	0
        118207	2026-02-26 16:30:37	1	1	15	0
        117111	2026-02-26 16:32:04	1	1	15	0
        110074	2026-02-26 16:32:42	1	1	15	0
        110535	2026-02-26 16:32:55	1	1	15	0
        117088	2026-02-26 16:35:05	1	1	15	0
        110475	2026-02-26 16:35:48	1	1	15	0
        118992	2026-02-26 16:36:53	1	1	15	0
        110113	2026-02-26 16:37:29	1	1	15	0
        119475	2026-02-26 16:39:51	1	1	15	0
        110065	2026-02-26 16:39:55	1	1	15	0
        110485	2026-02-26 16:49:46	1	1	15	0
        117269	2026-02-26 16:52:06	1	1	15	0
        117120	2026-02-26 16:52:40	1	1	15	0
        116426	2026-02-26 16:54:03	1	1	15	0
        117770	2026-02-26 16:54:16	1	1	15	0
        118640	2026-02-26 16:57:00	1	1	15	0
        110062	2026-02-26 16:58:18	1	1	15	0
        116551	2026-02-26 16:59:34	1	1	15	0
        118744	2026-02-26 17:02:35	1	1	15	0
        117680	2026-02-26 17:03:08	1	1	15	0
        110527	2026-02-26 17:03:37	1	1	15	0
        116799	2026-02-26 17:04:13	1	1	15	0
        117100	2026-02-26 17:04:31	1	1	15	0
        110358	2026-02-26 17:04:43	1	1	15	0
        110377	2026-02-26 17:04:54	1	1	15	0
        110376	2026-02-26 17:04:57	1	1	15	0
        110512	2026-02-26 17:07:08	1	1	15	0
        117997	2026-02-26 17:07:15	1	1	15	0
        116828	2026-02-26 17:07:26	1	1	1	0
        118157	2026-02-26 17:07:33	1	1	15	0
        119340	2026-02-26 17:07:54	1	1	15	0
        110355	2026-02-26 17:08:01	1	1	15	0
        110356	2026-02-26 17:08:25	1	1	15	0
        118101	2026-02-26 17:08:40	1	1	15	0
        119104	2026-02-26 17:09:08	1	1	15	0
        119449	2026-02-26 17:09:43	1	1	15	0
        119453	2026-02-26 17:10:02	1	1	15	0
        117724	2026-02-26 17:10:12	1	1	15	0
        116104	2026-02-26 17:10:37	1	1	15	0
        117998	2026-02-26 17:12:26	1	1	15	0
        116142	2026-02-26 17:12:28	1	1	15	0
        117982	2026-02-26 17:13:02	1	1	15	0
        110085	2026-02-26 17:13:23	1	1	15	0
        117528	2026-02-26 17:13:27	1	1	15	0
        118043	2026-02-26 17:13:40	1	1	15	0
        110473	2026-02-26 17:13:43	1	1	15	0
        110513	2026-02-26 17:14:09	1	1	15	0
        110514	2026-02-26 17:14:11	1	1	15	0
        118584	2026-02-26 17:14:28	1	1	15	0
        117833	2026-02-26 17:15:35	1	1	15	0
        116834	2026-02-26 17:15:40	1	1	15	0
        118186	2026-02-26 17:16:24	1	1	15	0
        118997	2026-02-26 17:16:30	1	1	15	0
        117639	2026-02-26 17:16:55	1	1	15	0
        117716	2026-02-26 17:17:08	1	1	15	0
        110195	2026-02-26 17:17:31	1	1	15	0
        116252	2026-02-26 17:17:37	1	1	15	0
        117630	2026-02-26 17:17:44	1	1	15	0
        116504	2026-02-26 17:17:54	1	1	15	0
        117921	2026-02-26 17:18:05	1	1	15	0
        116902	2026-02-26 17:18:08	1	1	15	0
        116428	2026-02-26 17:18:32	1	1	15	0
        110493	2026-02-26 17:19:01	1	1	15	0
        117224	2026-02-26 17:19:31	1	1	15	0
        116282	2026-02-26 17:19:34	1	1	15	0
        116996	2026-02-26 17:19:36	1	1	15	0
        117222	2026-02-26 17:20:00	1	1	15	0
        110100	2026-02-26 17:22:05	1	1	15	0
        116960	2026-02-26 17:22:08	1	1	15	0
        110060	2026-02-26 17:22:23	1	1	15	0
        117733	2026-02-26 17:23:04	1	1	15	0
        117700	2026-02-26 17:26:13	1	1	15	0
        110538	2026-02-26 17:26:17	1	1	15	0
        110084	2026-02-26 17:26:20	1	1	15	0
        118580	2026-02-26 17:26:21	1	1	15	0
        110457	2026-02-26 17:26:26	1	1	15	0
        117840	2026-02-26 17:27:47	1	1	15	0
        117711	2026-02-26 17:27:49	1	1	15	0
        116496	2026-02-26 17:27:51	1	1	15	0
        119070	2026-02-26 17:29:04	1	1	15	0
        117259	2026-02-26 17:29:06	1	1	15	0
        116260	2026-02-26 17:29:14	1	1	15	0
        117638	2026-02-26 17:30:06	1	1	15	0
        118917	2026-02-26 17:30:19	1	1	15	0
        110357	2026-02-26 17:30:49	1	1	15	0
        110025	2026-02-26 17:30:55	1	1	15	0
        110197	2026-02-26 17:31:08	1	1	15	0
        117121	2026-02-26 17:31:38	1	1	15	0
        119143	2026-02-26 17:31:53	1	1	15	0
        117043	2026-02-26 17:32:02	1	1	15	0
        116274	2026-02-26 17:32:57	1	1	15	0
        117839	2026-02-26 17:33:25	1	1	15	0
        117483	2026-02-26 17:33:27	1	1	15	0
        110354	2026-02-26 17:35:07	1	1	15	0
        116346	2026-02-26 17:35:47	1	1	15	0
        117114	2026-02-26 17:36:53	1	1	15	0
        110378	2026-02-26 17:37:13	1	1	15	0
        117541	2026-02-26 17:37:14	1	1	15	0
        117616	2026-02-26 17:37:21	1	1	15	0
        116279	2026-02-26 17:37:44	1	1	15	0
        118455	2026-02-26 17:39:00	1	1	15	0
        117543	2026-02-26 17:39:41	1	1	15	0
        116337	2026-02-26 17:41:44	1	1	15	0
        117707	2026-02-26 17:41:45	1	1	15	0
        117497	2026-02-26 17:42:57	1	1	15	0
        117497	2026-02-26 17:44:31	1	1	15	0
        117915	2026-02-26 17:45:04	1	1	15	0
        117634	2026-02-26 17:45:08	1	1	15	0
        117113	2026-02-26 17:45:32	1	1	15	0
        117201	2026-02-26 17:45:45	1	1	15	0
        116493	2026-02-26 17:45:57	1	1	15	0
        117129	2026-02-26 17:46:12	1	1	15	0
        116472	2026-02-26 17:47:05	1	1	15	0
        119006	2026-02-26 17:47:29	1	1	15	0
        110070	2026-02-26 17:47:39	1	1	15	0
        117924	2026-02-26 17:47:45	1	1	15	0
        119227	2026-02-26 17:47:47	1	1	15	0
        116072	2026-02-26 17:47:49	1	1	15	0
        116787	2026-02-26 17:47:51	1	1	15	0
        118046	2026-02-26 17:49:34	1	1	15	0
        110492	2026-02-26 17:50:13	1	1	15	0
        117786	2026-02-26 17:50:26	1	1	15	0
        110360	2026-02-26 17:50:31	1	1	15	0
        110424	2026-02-26 17:50:38	1	1	15	0
        118563	2026-02-26 17:50:44	1	1	15	0
        116483	2026-02-26 17:51:04	1	1	15	0
        110507	2026-02-26 17:51:23	1	1	15	0
        117815	2026-02-26 17:52:04	1	1	15	0
        119535	2026-02-26 17:52:12	1	1	15	0
        118971	2026-02-26 17:52:16	1	1	15	0
        110116	2026-02-26 17:52:18	1	1	15	0
        117080	2026-02-26 17:53:22	1	1	15	0
        118180	2026-02-26 17:54:16	1	1	15	0
        110090	2026-02-26 17:54:21	1	1	15	0
        118813	2026-02-26 17:54:34	1	1	15	0
        116129	2026-02-26 17:54:49	1	1	15	0
        117103	2026-02-26 17:55:50	1	1	15	0
        118761	2026-02-26 17:56:05	1	1	15	0
        116512	2026-02-26 17:56:38	1	1	15	0
        116751	2026-02-26 17:56:41	1	1	15	0
        118753	2026-02-26 17:57:30	1	1	15	0
        118867	2026-02-26 17:57:34	1	1	15	0
        110418	2026-02-26 17:57:40	1	1	15	0
        117054	2026-02-26 17:57:43	1	1	15	0
        117926	2026-02-26 17:58:50	1	1	15	0
        116383	2026-02-26 17:59:10	1	1	15	0
        116747	2026-02-26 18:00:02	1	1	15	0
        116537	2026-02-26 18:00:16	1	1	15	0
        117341	2026-02-26 18:00:19	1	1	15	0
        118695	2026-02-26 18:00:31	1	1	15	0
        110158	2026-02-26 18:01:37	1	1	15	0
        117790	2026-02-26 18:01:42	1	1	15	0
        119263	2026-02-26 18:01:48	1	1	15	0
        117085	2026-02-26 18:03:19	1	1	15	0
        117156	2026-02-26 18:03:23	1	1	15	0
        117841	2026-02-26 18:03:26	1	1	15	0
        117645	2026-02-26 18:03:28	1	1	15	0
        117122	2026-02-26 18:03:37	1	1	15	0
        118928	2026-02-26 18:04:00	1	1	15	0
        117219	2026-02-26 18:04:02	1	1	15	0
        117683	2026-02-26 18:04:04	1	1	15	0
        118695	2026-02-26 18:04:11	1	1	15	0
        117692	2026-02-26 18:05:03	1	1	15	0
        117699	2026-02-26 18:06:37	1	1	15	0
        117849	2026-02-26 18:07:36	1	1	15	0
        117709	2026-02-26 18:07:40	1	1	15	0
        116933	2026-02-26 18:08:18	1	1	15	0
        117920	2026-02-26 18:08:56	1	1	15	0
        117850	2026-02-26 18:09:00	1	1	15	0
        117837	2026-02-26 18:09:04	1	1	15	0
        116995	2026-02-26 18:09:05	1	1	15	0
        117212	2026-02-26 18:09:07	1	1	15	0
        117699	2026-02-26 18:09:32	1	1	15	0
        117542	2026-02-26 18:09:44	1	1	15	0
        119107	2026-02-26 18:11:28	1	1	15	0
        116805	2026-02-26 18:11:55	1	1	15	0
        116356	2026-02-26 18:11:57	1	1	15	0
        117061	2026-02-26 18:11:59	1	1	15	0
        117981	2026-02-26 18:12:00	1	1	15	0
        118369	2026-02-26 18:12:14	1	1	15	0
        116497	2026-02-26 18:12:15	1	1	15	0
        110077	2026-02-26 18:12:28	1	1	15	0
        117091	2026-02-26 18:12:31	1	1	15	0
        110128	2026-02-26 18:18:56	1	1	15	0
        117575	2026-02-26 18:22:21	1	1	15	0
        119494	2026-02-26 18:24:10	1	1	15	0
        119282	2026-02-26 18:24:43	1	1	15	0
        119493	2026-02-26 18:25:13	1	1	15	0
        119494	2026-02-26 18:25:45	1	1	15	0
        110055	2026-02-26 18:25:51	1	1	15	0
        110053	2026-02-26 18:27:22	1	1	15	0
        119594	2026-02-26 18:29:00	1	1	15	0
        117812	2026-02-26 18:29:05	1	1	15	0
        117659	2026-02-26 18:29:08	1	1	15	0
        117591	2026-02-26 18:29:43	1	1	15	0
        118829	2026-02-26 18:31:15	1	1	15	0
        117270	2026-02-26 18:31:26	1	1	15	0
        119364	2026-02-26 18:31:33	1	1	15	0
        110057	2026-02-26 18:31:36	1	1	15	0
        117817	2026-02-26 18:31:38	1	1	15	0
        110105	2026-02-26 18:31:51	1	1	15	0
        119493	2026-02-26 18:32:06	1	1	15	0
        110055	2026-02-26 18:32:41	1	1	15	0
        110083	2026-02-26 18:41:39	1	1	15	0
        110032	2026-02-26 18:43:14	1	1	15	0
        118862	2026-02-26 18:49:23	1	1	15	0
        117144	2026-02-26 18:49:26	1	1	15	0
        110088	2026-02-26 18:50:09	1	1	15	0
        117567	2026-02-26 18:50:21	1	1	15	0
        117567	2026-02-26 18:51:35	1	1	15	0
        117595	2026-02-26 18:57:47	1	1	15	0
        119386	2026-02-26 19:12:30	1	1	15	0
        118221	2026-02-26 19:12:37	1	1	15	0
        116778	2026-02-26 19:16:42	1	1	15	0
        117201	2026-02-27 05:02:37	1	0	15	0
        116831	2026-02-27 05:48:30	1	0	15	0
        118046	2026-02-27 06:29:30	1	0	15	0
        119070	2026-02-27 06:38:00	1	0	15	0
        110574	2026-02-27 06:38:32	1	0	15	0
        116835	2026-02-27 06:43:09	1	0	15	0
        118157	2026-02-27 06:48:41	1	0	15	0
        116834	2026-02-27 06:49:04	1	0	15	0
        117983	2026-02-27 06:51:51	1	0	15	0
        117930	2026-02-27 06:53:52	1	0	15	0
        110053	2026-02-27 06:54:48	1	0	15	0
        110418	2026-02-27 06:54:54	1	0	15	0
        110074	2026-02-27 06:57:18	1	0	15	0
        116551	2026-02-27 06:57:34	1	0	15	0
        116537	2026-02-27 07:00:10	1	0	15	0
        117224	2026-02-27 07:00:57	1	0	15	0
        117711	2026-02-27 07:01:44	1	0	15	0
        110051	2026-02-27 07:05:36	1	0	15	0
        117769	2026-02-27 07:10:47	1	0	15	0
        118992	2026-02-27 07:11:03	1	0	15	0
        116799	2026-02-27 07:13:18	1	0	15	0
        118970	2026-02-27 07:14:47	1	0	15	0
        118221	2026-02-27 07:18:48	1	0	15	0
        119365	2026-02-27 07:20:30	1	0	15	0
        118580	2026-02-27 07:20:58	1	0	15	0
        116426	2026-02-27 07:23:16	1	0	15	0
        110358	2026-02-27 07:25:06	1	0	15	0
        110527	2026-02-27 07:25:37	1	0	15	0
        119475	2026-02-27 07:25:56	1	0	15	0
        110475	2026-02-27 07:27:00	1	0	15	0
        117838	2026-02-27 07:27:49	1	0	1	0
        118744	2026-02-27 07:28:26	1	0	15	0
        118640	2026-02-27 07:29:48	1	0	15	0
        119494	2026-02-27 07:32:31	1	0	15	0
        118186	2026-02-27 07:32:59	1	0	15	0
        117921	2026-02-27 07:33:39	1	0	15	0
        119340	2026-02-27 07:33:51	1	0	15	0
        117088	2026-02-27 07:34:01	1	0	15	0
        110085	2026-02-27 07:34:35	1	0	15	0
        110355	2026-02-27 07:37:16	1	0	15	0
        110356	2026-02-27 07:37:18	1	0	15	0
        110357	2026-02-27 07:37:20	1	0	15	0
        118455	2026-02-27 07:37:36	1	0	15	0
        117733	2026-02-27 07:38:33	1	0	15	0
        118043	2026-02-27 07:39:36	1	0	15	0
        117129	2026-02-27 07:39:56	1	0	15	0
        117591	2026-02-27 07:40:00	1	0	15	0
        119453	2026-02-27 07:42:42	1	0	15	0
        110378	2026-02-27 07:43:42	1	0	15	0
        110485	2026-02-27 07:47:51	1	0	15	0
        116504	2026-02-27 07:48:39	1	0	15	0
        117724	2026-02-27 07:49:22	1	0	15	0
        117850	2026-02-27 07:50:13	1	0	15	0
        118997	2026-02-27 07:50:19	1	0	15	0
        117982	2026-02-27 07:50:29	1	0	15	0
        119006	2026-02-27 07:50:51	1	0	15	0
        119143	2026-02-27 07:50:58	1	0	15	0
        117997	2026-02-27 07:51:55	1	0	15	0
        117269	2026-02-27 07:52:01	1	0	15	0
        117111	2026-02-27 07:52:19	1	0	15	0
        110063	2026-02-27 07:52:53	1	0	15	0
        110377	2026-02-27 07:53:05	1	0	15	0
        119227	2026-02-27 07:53:15	1	0	15	0
        116902	2026-02-27 07:53:30	1	0	15	0
        116828	2026-02-27 07:54:24	1	0	1	0
        110457	2026-02-27 07:54:41	1	0	15	0
        110493	2026-02-27 07:54:45	1	0	15	0
        116104	2026-02-27 07:56:06	1	0	15	0
        110062	2026-02-27 07:56:22	1	0	15	0
        119386	2026-02-27 07:56:48	1	0	15	0
        116297	2026-02-27 07:57:40	1	0	15	0
        110376	2026-02-27 07:57:52	1	0	15	0
        117270	2026-02-27 07:58:33	1	0	15	0
        116496	2026-02-27 07:58:48	1	0	15	0
        117915	2026-02-27 07:59:11	1	0	15	0
        110025	2026-02-27 07:59:51	1	0	15	0
        110197	2026-02-27 07:59:55	1	0	15	0
        117341	2026-02-27 08:00:04	1	0	15	0
        110514	2026-02-27 08:00:46	1	0	15	0
        117700	2026-02-27 08:01:38	1	0	15	0
        110060	2026-02-27 08:02:22	1	0	15	0
        110006	2026-02-27 08:02:43	1	0	15	0
        118829	2026-02-27 08:02:52	1	0	15	0
        117840	2026-02-27 08:03:07	1	0	15	0
        116428	2026-02-27 08:04:13	1	0	15	0
        110512	2026-02-27 08:04:52	1	0	15	0
        110424	2026-02-27 08:05:28	1	0	15	0
        117972	2026-02-27 08:06:02	1	0	15	0
        110538	2026-02-27 08:06:21	1	0	15	0
        117100	2026-02-27 08:06:25	1	0	15	0
        117817	2026-02-27 08:06:39	1	0	15	0
        118928	2026-02-27 08:07:50	1	0	15	0
        117716	2026-02-27 08:08:45	1	0	15	0
        119282	2026-02-27 08:08:52	1	0	15	0
        118761	2026-02-27 08:10:25	1	0	15	0
        117998	2026-02-27 08:10:43	1	0	15	0
        116778	2026-02-27 08:12:02	1	0	15	0
        117833	2026-02-27 08:13:22	1	0	15	0
        117043	2026-02-27 08:13:43	1	0	15	0
        116274	2026-02-27 08:14:41	1	0	15	0
        110084	2026-02-27 08:14:54	1	0	15	0
        117219	2026-02-27 08:14:57	1	0	15	0
        116072	2026-02-27 08:14:59	1	0	15	0
        117926	2026-02-27 08:15:03	1	0	15	0
        119535	2026-02-27 08:15:53	1	0	15	0
        110070	2026-02-27 08:16:21	1	0	15	0
        117839	2026-02-27 08:16:26	1	0	15	0
        116787	2026-02-27 08:16:31	1	0	15	0
        117790	2026-02-27 08:16:37	1	0	15	0
        119104	2026-02-27 08:16:47	1	0	15	0
        116422	2026-02-27 08:16:54	1	0	15	0
        110473	2026-02-27 08:17:02	1	0	15	0
        116142	2026-02-27 08:17:36	1	0	15	0
        117144	2026-02-27 08:17:46	1	0	15	0
        117528	2026-02-27 08:17:51	1	0	15	0
        116282	2026-02-27 08:18:07	1	0	15	0
        119594	2026-02-27 08:18:29	1	0	15	0
        117259	2026-02-27 08:18:55	1	0	15	0
        117709	2026-02-27 08:19:59	1	0	15	0
        117707	2026-02-27 08:20:07	1	0	15	0
        117114	2026-02-27 08:21:01	1	0	15	0
        110011	2026-02-27 08:21:22	1	0	15	0
        117634	2026-02-27 08:21:24	1	0	15	0
        117683	2026-02-27 08:21:25	1	0	15	0
        119493	2026-02-27 08:21:27	1	0	15	0
        117222	2026-02-27 08:21:34	1	0	15	0
        110032	2026-02-27 08:22:20	1	0	15	0
        110105	2026-02-27 08:22:40	1	0	15	0
        116996	2026-02-27 08:22:45	1	0	15	0
        118207	2026-02-27 08:24:11	1	0	15	0
        119449	2026-02-27 08:24:52	1	0	15	0
        110158	2026-02-27 08:24:56	1	0	15	0
        116483	2026-02-27 08:25:04	1	0	15	0
        117541	2026-02-27 08:25:10	1	0	15	0
        117114	2026-02-27 08:25:56	1	0	15	0
        117616	2026-02-27 08:26:00	1	0	15	0
        110354	2026-02-27 08:26:06	1	0	15	0
        110360	2026-02-27 08:26:24	1	0	15	0
        110116	2026-02-27 08:26:52	1	0	15	0
        118784	2026-02-27 08:27:15	1	0	15	0
        117924	2026-02-27 08:27:19	1	0	15	0
        117639	2026-02-27 08:27:26	1	0	15	0
        110372	2026-02-27 08:27:41	1	0	15	0
        116914	2026-02-27 08:29:56	1	0	15	0
        117156	2026-02-27 08:29:58	1	0	15	0
        117638	2026-02-27 08:30:42	1	0	15	0
        110507	2026-02-27 08:30:56	1	0	15	0
        119157	2026-02-27 08:31:36	1	0	15	0
        119571	2026-02-27 08:31:57	1	0	15	0
        118101	2026-02-27 08:32:04	1	0	15	0
        117120	2026-02-27 08:32:20	1	0	15	0
        110492	2026-02-27 08:32:30	1	0	15	0
        110513	2026-02-27 08:33:01	1	0	15	0
        110195	2026-02-27 08:33:58	1	0	15	0
        117121	2026-02-27 08:35:26	1	0	15	0
        116472	2026-02-27 08:36:06	1	0	15	0
        117692	2026-02-27 08:36:35	1	0	15	0
        118180	2026-02-27 08:37:25	1	0	15	0
        117680	2026-02-27 08:37:42	1	0	15	0
        118971	2026-02-27 08:38:04	1	0	15	0
        116383	2026-02-27 08:38:18	1	0	15	0
        117837	2026-02-27 08:38:53	1	0	15	0
        117567	2026-02-27 08:39:07	1	0	15	0
        117630	2026-02-27 08:39:27	1	0	15	0
        117981	2026-02-27 08:40:35	1	0	15	0
        110083	2026-02-27 08:40:42	1	0	15	0
        119364	2026-02-27 08:40:52	1	0	15	0
        118813	2026-02-27 08:41:44	1	0	15	0
        116995	2026-02-27 08:42:02	1	0	15	0
        110077	2026-02-27 08:42:44	1	0	15	0
        117054	2026-02-27 08:42:59	1	0	15	0
        117103	2026-02-27 08:45:48	1	0	15	0
        119232	2026-02-27 08:47:39	1	0	15	0
        110100	2026-02-27 08:47:48	1	0	15	0
        110193	2026-02-27 08:48:01	1	0	15	0
        116751	2026-02-27 08:48:50	1	0	15	0
        116512	2026-02-27 08:49:07	1	0	15	0
        116497	2026-02-27 08:49:25	1	0	15	0
        116252	2026-02-27 08:49:44	1	0	15	0
        116747	2026-02-27 08:49:54	1	0	15	0
        116279	2026-02-27 08:50:00	1	0	15	0
        116805	2026-02-27 08:50:12	1	0	15	0
        117595	2026-02-27 08:50:19	1	0	15	0
        118862	2026-02-27 08:50:31	1	0	15	0
        117542	2026-02-27 08:51:05	1	0	15	0
        110198	2026-02-27 08:51:41	1	0	15	0
        116356	2026-02-27 08:52:33	1	0	15	0
        117061	2026-02-27 08:52:48	1	0	15	0
        117699	2026-02-27 08:54:22	1	0	15	0
        117812	2026-02-27 08:54:31	1	0	15	0
        117212	2026-02-27 08:54:35	1	0	15	0
        110050	2026-02-27 08:54:55	1	0	15	0
        117543	2026-02-27 08:54:57	1	0	15	0
        117080	2026-02-27 08:54:59	1	0	15	0
        116849	2026-02-27 08:55:18	1	0	15	0
        118563	2026-02-27 08:55:23	1	0	15	0
        117770	2026-02-27 08:56:04	1	0	15	0
        116824	2026-02-27 08:56:21	1	0	15	0
        110495	2026-02-27 08:56:27	1	0	15	0
        117085	2026-02-27 08:56:35	1	0	15	0
        118584	2026-02-27 08:56:39	1	0	15	0
        117841	2026-02-27 08:57:31	1	0	15	0
        117815	2026-02-27 08:58:09	1	0	15	0
        116337	2026-02-27 08:58:13	1	0	15	0
        117337	2026-02-27 08:59:01	1	0	15	0
        117920	2026-02-27 08:59:53	1	0	15	0
        116129	2026-02-27 08:59:57	1	0	15	0
        110088	2026-02-27 09:01:31	1	0	15	0
        119107	2026-02-27 09:03:01	1	0	15	0
        119263	2026-02-27 09:03:38	1	0	15	0
        110090	2026-02-27 09:04:04	1	0	15	0
        117849	2026-02-27 09:04:59	1	0	15	0
        118917	2026-02-27 09:05:28	1	0	15	0
        118369	2026-02-27 09:05:48	1	0	15	0
        110128	2026-02-27 09:09:48	1	0	15	0
        117575	2026-02-27 09:11:07	1	0	15	0
        110055	2026-02-27 09:11:17	1	0	15	0
        116933	2026-02-27 09:11:48	1	0	15	0
        110057	2026-02-27 09:13:04	1	0	15	0
        117659	2026-02-27 09:17:12	1	0	15	0
        117483	2026-02-27 09:17:34	1	0	15	0
        117059	2026-02-27 09:18:45	1	0	15	0
        118867	2026-02-27 09:19:10	1	0	15	0
        118753	2026-02-27 09:19:12	1	0	15	0
        117645	2026-02-27 09:21:25	1	0	15	0
        116260	2026-02-27 09:39:29	1	0	15	0
        117091	2026-02-27 09:56:36	1	0	15	0
        117122	2026-02-27 10:03:16	1	0	15	0
        117634	2026-02-27 11:48:24	1	2	15	0
        117915	2026-02-27 11:48:28	1	2	15	0
        116426	2026-02-27 12:00:47	1	2	15	0
        116995	2026-02-27 12:00:49	1	2	15	0
        110051	2026-02-27 12:00:50	1	2	15	0
        117837	2026-02-27 12:00:53	1	2	15	0
        117812	2026-02-27 12:00:54	1	2	15	0
        117997	2026-02-27 12:00:56	1	2	15	0
        116279	2026-02-27 12:00:58	1	2	15	0
        119571	2026-02-27 12:01:00	1	2	15	0
        119107	2026-02-27 12:01:04	1	2	15	0
        117543	2026-02-27 12:01:06	1	2	15	0
        117926	2026-02-27 12:01:08	1	2	15	0
        117930	2026-02-27 12:01:14	1	2	15	0
        117156	2026-02-27 12:01:17	1	2	15	0
        117085	2026-02-27 12:01:27	1	2	15	0
        118917	2026-02-27 12:01:33	1	2	15	0
        118563	2026-02-27 12:01:52	1	2	15	0
        119365	2026-02-27 12:01:59	1	2	15	0
        117144	2026-02-27 12:02:04	1	2	15	0
        110090	2026-02-27 12:02:06	1	2	15	0
        118157	2026-02-27 12:02:09	1	2	15	0
        117224	2026-02-27 12:02:18	1	2	15	0
        116260	2026-02-27 12:02:23	1	2	15	0
        116828	2026-02-27 12:02:29	1	2	1	0
        116252	2026-02-27 12:02:41	1	2	15	0
        117129	2026-02-27 12:02:43	1	2	15	0
        119535	2026-02-27 12:02:54	1	2	15	0
        116914	2026-02-27 12:02:56	1	2	15	0
        119453	2026-02-27 12:02:58	1	2	15	0
        116383	2026-02-27 12:03:00	1	2	15	0
        117841	2026-02-27 12:03:02	1	2	15	0
        116902	2026-02-27 12:03:04	1	2	15	0
        119449	2026-02-27 12:03:07	1	2	15	0
        117645	2026-02-27 12:03:12	1	2	15	0
        117839	2026-02-27 12:03:13	1	2	15	0
        110088	2026-02-27 12:03:15	1	2	15	0
        117840	2026-02-27 12:03:15	1	2	15	0
        117659	2026-02-27 12:03:20	1	2	15	0
        110424	2026-02-27 12:03:22	1	2	15	0
        110418	2026-02-27 12:03:23	1	2	15	0
        117616	2026-02-27 12:03:42	1	2	15	0
        117122	2026-02-27 12:03:48	1	2	15	0
        117833	2026-02-27 12:03:51	1	2	15	0
        110090	2026-02-27 12:04:01	1	2	15	0
        117930	2026-02-27 12:04:05	1	2	15	0
        116995	2026-02-27 12:04:08	1	2	15	0
        117837	2026-02-27 12:04:10	1	2	15	0
        117733	2026-02-27 12:04:12	1	2	15	0
        117812	2026-02-27 12:04:14	1	2	15	0
        117201	2026-02-27 12:04:26	1	2	15	0
        117630	2026-02-27 12:04:30	1	2	15	0
        110473	2026-02-27 12:04:35	1	2	15	0
        117269	2026-02-27 12:04:37	1	2	15	0
        116828	2026-02-27 12:04:45	1	2	1	0
        118997	2026-02-27 12:04:51	1	2	15	0
        110354	2026-02-27 12:05:05	1	2	15	0
        117270	2026-02-27 12:05:19	1	2	15	0
        119107	2026-02-27 12:05:25	1	2	15	0
        116383	2026-02-27 12:05:39	1	2	15	0
        119365	2026-02-27 12:05:43	1	2	15	0
        118580	2026-02-27 12:05:44	1	2	15	0
        110084	2026-02-27 12:05:46	1	2	15	0
        110538	2026-02-27 12:05:48	1	2	15	0
        116933	2026-02-27 12:05:51	1	2	15	0
        117542	2026-02-27 12:05:54	1	2	15	0
        110512	2026-02-27 12:05:55	1	2	15	0
        116824	2026-02-27 12:05:56	1	2	15	0
        110514	2026-02-27 12:05:58	1	2	15	0
        110513	2026-02-27 12:06:00	1	2	15	0
        117926	2026-02-27 12:06:02	1	2	15	0
        118640	2026-02-27 12:06:04	1	2	15	0
        110105	2026-02-27 12:06:07	1	2	15	0
        117528	2026-02-27 12:06:10	1	2	15	0
        117841	2026-02-27 12:06:13	1	2	15	0
        118180	2026-02-27 12:06:16	1	2	15	0
        118917	2026-02-27 12:06:20	1	2	15	0
        117100	2026-02-27 12:06:22	1	2	15	0
        116426	2026-02-27 12:06:24	1	2	15	0
        117833	2026-02-27 12:06:29	1	2	15	0
        110051	2026-02-27 12:06:33	1	2	15	0
        119535	2026-02-27 12:06:35	1	2	15	0
        117129	2026-02-27 12:06:40	1	2	15	0
        110376	2026-02-27 12:06:42	1	2	15	0
        110377	2026-02-27 12:06:46	1	2	15	0
        118563	2026-02-27 12:06:55	1	2	15	0
        117111	2026-02-27 12:07:31	1	2	15	0
        110372	2026-02-27 12:07:33	1	2	15	0
        116835	2026-02-27 12:07:35	1	2	15	0
        117059	2026-02-27 12:07:37	1	2	15	0
        117337	2026-02-27 12:07:40	1	2	15	0
        117733	2026-02-27 12:07:42	1	2	15	0
        117103	2026-02-27 12:07:45	1	2	15	0
        118221	2026-02-27 12:07:47	1	2	15	0
        117269	2026-02-27 12:07:50	1	2	15	0
        117997	2026-02-27 12:07:54	1	2	15	0
        117790	2026-02-27 12:07:56	1	2	15	0
        118043	2026-02-27 12:08:14	1	2	15	0
        110418	2026-02-27 12:08:16	1	2	15	0
        116496	2026-02-27 12:08:25	1	2	15	0
        116787	2026-02-27 12:08:30	1	2	15	0
        116849	2026-02-27 12:08:32	1	2	15	0
        116551	2026-02-27 12:08:40	1	2	15	0
        117983	2026-02-27 12:08:42	1	2	15	0
        116778	2026-02-27 12:08:44	1	2	15	0
        117088	2026-02-27 12:08:47	1	2	15	0
        116914	2026-02-27 12:09:00	1	2	15	0
        116902	2026-02-27 12:09:07	1	2	15	0
        119232	2026-02-27 12:09:08	1	2	15	0
        117103	2026-02-27 12:09:14	1	2	15	0
        118829	2026-02-27 12:09:16	1	2	15	0
        117711	2026-02-27 12:09:39	1	2	15	0
        117341	2026-02-27 12:09:45	1	2	15	0
        116537	2026-02-27 12:09:47	1	2	15	0
        116279	2026-02-27 12:09:51	1	2	15	0
        116799	2026-02-27 12:10:09	1	2	15	0
        110128	2026-02-27 12:10:13	1	2	15	0
        117817	2026-02-27 12:10:33	1	2	15	0
        118992	2026-02-27 12:10:45	1	2	15	0
        110060	2026-02-27 12:10:47	1	2	15	0
        117212	2026-02-27 12:10:53	1	2	15	0
        110473	2026-02-27 12:10:56	1	2	15	0
        117595	2026-02-27 12:11:05	1	2	15	0
        110158	2026-02-27 12:11:08	1	2	15	0
        110493	2026-02-27 12:11:25	1	2	15	0
        110495	2026-02-27 12:11:27	1	2	15	0
        110116	2026-02-27 12:11:29	1	2	15	0
        117630	2026-02-27 12:11:33	1	2	15	0
        118928	2026-02-27 12:11:34	1	2	15	0
        118970	2026-02-27 12:11:41	1	2	15	0
        110074	2026-02-27 12:11:43	1	2	15	0
        116129	2026-02-27 12:11:47	1	2	15	0
        117983	2026-02-27 12:11:50	1	2	15	0
        116849	2026-02-27 12:11:56	1	2	15	0
        116787	2026-02-27 12:11:58	1	2	15	0
        110354	2026-02-27 12:12:00	1	2	15	0
        116778	2026-02-27 12:12:02	1	2	15	0
        117059	2026-02-27 12:12:06	1	2	15	0
        110063	2026-02-27 12:12:08	1	2	15	0
        118046	2026-02-27 12:12:09	1	2	15	0
        118867	2026-02-27 12:12:16	1	2	15	0
        119282	2026-02-27 12:12:17	1	2	15	0
        117700	2026-02-27 12:12:19	1	2	15	0
        117201	2026-02-27 12:12:24	1	2	15	0
        117716	2026-02-27 12:12:37	1	2	15	0
        110376	2026-02-27 12:12:41	1	2	15	0
        117100	2026-02-27 12:12:43	1	2	15	0
        110377	2026-02-27 12:12:48	1	2	15	0
        117724	2026-02-27 12:12:50	1	2	15	0
        117528	2026-02-27 12:12:54	1	2	15	0
        117224	2026-02-27 12:12:56	1	2	15	0
        117120	2026-02-27 12:12:59	1	2	15	0
        116274	2026-02-27 12:13:01	1	2	15	0
        119340	2026-02-27 12:13:03	1	2	15	0
        110358	2026-02-27 12:13:05	1	2	15	0
        116496	2026-02-27 12:13:08	1	2	15	0
        117543	2026-02-27 12:13:19	1	2	15	0
        119449	2026-02-27 12:13:21	1	2	15	0
        117924	2026-02-27 12:13:24	1	2	15	0
        116497	2026-02-27 12:13:26	1	2	15	0
        110457	2026-02-27 12:13:28	1	2	15	0
        116072	2026-02-27 12:13:30	1	2	15	0
        118455	2026-02-27 12:13:32	1	2	15	0
        116551	2026-02-27 12:13:35	1	2	15	0
        116297	2026-02-27 12:13:38	1	2	15	0
        110197	2026-02-27 12:13:42	1	2	15	0
        117591	2026-02-27 12:13:54	1	2	15	0
        117080	2026-02-27 12:13:56	1	2	15	0
        117639	2026-02-27 12:13:58	1	2	15	0
        118584	2026-02-27 12:14:02	1	2	15	0
        110424	2026-02-27 12:14:10	1	2	15	0
        110492	2026-02-27 12:14:25	1	2	15	0
        117683	2026-02-27 12:14:30	1	2	15	0
        117219	2026-02-27 12:14:32	1	2	15	0
        118829	2026-02-27 12:14:33	1	2	15	0
        117921	2026-02-27 12:14:36	1	2	15	0
        117692	2026-02-27 12:14:38	1	2	15	0
        110060	2026-02-27 12:14:39	1	2	15	0
        117982	2026-02-27 12:14:44	1	2	15	0
        116422	2026-02-27 12:14:46	1	2	15	0
        116282	2026-02-27 12:14:48	1	2	15	0
        116104	2026-02-27 12:14:50	1	2	15	0
        110513	2026-02-27 12:14:52	1	2	15	0
        110514	2026-02-27 12:14:54	1	2	15	0
        110512	2026-02-27 12:14:58	1	2	15	0
        119282	2026-02-27 12:15:03	1	2	15	0
        117541	2026-02-27 12:15:05	1	2	15	0
        117817	2026-02-27 12:15:06	1	2	15	0
        117259	2026-02-27 12:15:10	1	2	15	0
        119070	2026-02-27 12:15:12	1	2	15	0
        116483	2026-02-27 12:15:15	1	2	15	0
        116504	2026-02-27 12:15:20	1	2	15	0
        116824	2026-02-27 12:15:24	1	2	15	0
        110495	2026-02-27 12:15:26	1	2	15	0
        110493	2026-02-27 12:15:29	1	2	15	0
        118221	2026-02-27 12:15:31	1	2	15	0
        118867	2026-02-27 12:15:35	1	2	15	0
        110074	2026-02-27 12:15:39	1	2	15	0
        117700	2026-02-27 12:16:07	1	2	15	0
        117711	2026-02-27 12:16:11	1	2	15	0
        116835	2026-02-27 12:16:16	1	2	15	0
        117212	2026-02-27 12:16:22	1	2	15	0
        110378	2026-02-27 12:16:43	1	2	15	0
        110128	2026-02-27 12:16:54	1	2	15	0
        117222	2026-02-27 12:17:03	1	2	15	0
        117639	2026-02-27 12:17:08	1	2	15	0
        118640	2026-02-27 12:17:31	1	2	15	0
        117219	2026-02-27 12:17:32	1	2	15	0
        118180	2026-02-27 12:17:33	1	2	15	0
        116282	2026-02-27 12:17:35	1	2	15	0
        116422	2026-02-27 12:17:37	1	2	15	0
        117683	2026-02-27 12:17:39	1	2	15	0
        118455	2026-02-27 12:17:41	1	2	15	0
        116497	2026-02-27 12:17:43	1	2	15	0
        116072	2026-02-27 12:17:47	1	2	15	0
        117924	2026-02-27 12:17:49	1	2	15	0
        110457	2026-02-27 12:17:50	1	2	15	0
        118928	2026-02-27 12:17:53	1	2	15	0
        118970	2026-02-27 12:17:55	1	2	15	0
        116129	2026-02-27 12:17:58	1	2	15	0
        110358	2026-02-27 12:18:03	1	2	15	0
        119340	2026-02-27 12:18:06	1	2	15	0
        116104	2026-02-27 12:18:08	1	2	15	0
        118992	2026-02-27 12:18:12	1	2	15	0
        110357	2026-02-27 12:18:21	1	2	15	0
        110492	2026-02-27 12:18:39	1	2	15	0
        119232	2026-02-27 12:18:47	1	2	15	0
        117982	2026-02-27 12:18:56	1	2	15	0
        117692	2026-02-27 12:18:58	1	2	15	0
        117921	2026-02-27 12:19:14	1	2	15	0
        118584	2026-02-27 12:19:27	1	2	15	0
        116428	2026-02-27 12:19:30	1	2	15	0
        117724	2026-02-27 12:19:32	1	2	15	0
        118101	2026-02-27 12:19:34	1	2	15	0
        117043	2026-02-27 12:19:36	1	2	15	0
        118043	2026-02-27 12:19:40	1	2	15	0
        117790	2026-02-27 12:19:42	1	2	15	0
        110158	2026-02-27 12:19:43	1	2	15	0
        119157	2026-02-27 12:19:45	1	2	15	0
        110372	2026-02-27 12:19:47	1	2	15	0
        117998	2026-02-27 12:19:49	1	2	15	0
        116799	2026-02-27 12:19:54	1	2	15	0
        119070	2026-02-27 12:20:05	1	2	15	0
        117259	2026-02-27 12:20:07	1	2	15	0
        116483	2026-02-27 12:20:09	1	2	15	0
        117541	2026-02-27 12:20:11	1	2	15	0
        110378	2026-02-27 12:20:13	1	2	15	0
        116504	2026-02-27 12:20:17	1	2	15	0
        117716	2026-02-27 12:20:30	1	2	15	0
        110077	2026-02-27 12:20:33	1	2	15	0
        117270	2026-02-27 12:20:36	1	2	15	0
        118761	2026-02-27 12:20:46	1	2	15	0
        117591	2026-02-27 12:21:13	1	2	15	0
        117080	2026-02-27 12:21:17	1	2	15	0
        119263	2026-02-27 12:21:19	1	2	15	0
        117680	2026-02-27 12:21:29	1	2	15	0
        119157	2026-02-27 12:22:35	1	2	15	0
        118971	2026-02-27 12:22:39	1	2	15	0
        117770	2026-02-27 12:22:42	1	2	15	0
        110057	2026-02-27 12:22:44	1	2	15	0
        119364	2026-02-27 12:22:47	1	2	15	0
        116274	2026-02-27 12:22:53	1	2	15	0
        118101	2026-02-27 12:23:04	1	2	15	0
        119453	2026-02-27 12:23:09	1	2	15	0
        117616	2026-02-27 12:23:11	1	2	15	0
        117341	2026-02-27 12:23:40	1	2	15	0
        116537	2026-02-27 12:23:48	1	2	15	0
        117815	2026-02-27 12:23:55	1	2	15	0
        117638	2026-02-27 12:23:58	1	2	15	0
        117850	2026-02-27 12:23:59	1	2	15	0
        118813	2026-02-27 12:24:03	1	2	15	0
        117920	2026-02-27 12:24:05	1	2	15	0
        118157	2026-02-27 12:24:08	1	2	15	0
        117981	2026-02-27 12:24:10	1	2	15	0
        116805	2026-02-27 12:24:11	1	2	15	0
        117061	2026-02-27 12:24:13	1	2	15	0
        118369	2026-02-27 12:24:15	1	2	15	0
        116356	2026-02-27 12:24:18	1	2	15	0
        117091	2026-02-27 12:24:21	1	2	15	0
        117222	2026-02-27 12:24:28	1	2	15	0
        116428	2026-02-27 12:24:36	1	2	15	0
        117144	2026-02-27 12:24:49	1	2	15	0
        110077	2026-02-27 12:25:23	1	2	15	0
        110105	2026-02-27 12:25:31	1	2	15	0
        110355	2026-02-27 12:25:41	1	2	15	0
        117595	2026-02-27 12:25:53	1	2	15	0
        117575	2026-02-27 12:25:58	1	2	15	0
        116356	2026-02-27 12:26:07	1	2	15	0
        117088	2026-02-27 12:26:10	1	2	15	0
        110088	2026-02-27 12:26:11	1	2	15	0
        116142	2026-02-27 12:26:16	1	2	15	0
        117091	2026-02-27 12:26:19	1	2	15	0
        117981	2026-02-27 12:26:21	1	2	15	0
        119263	2026-02-27 12:26:23	1	2	15	0
        116805	2026-02-27 12:26:26	1	2	15	0
        118369	2026-02-27 12:26:28	1	2	15	0
        117770	2026-02-27 12:26:35	1	2	15	0
        117061	2026-02-27 12:26:41	1	2	15	0
        117043	2026-02-27 12:26:44	1	2	15	0
        117709	2026-02-27 12:26:50	1	2	15	0
        117849	2026-02-27 12:26:52	1	2	15	0
        110070	2026-02-27 12:27:16	1	2	15	0
        117567	2026-02-27 12:27:26	1	2	15	0
        117920	2026-02-27 12:27:29	1	2	15	0
        117850	2026-02-27 12:27:31	1	2	15	0
        117638	2026-02-27 12:27:33	1	2	15	0
        118813	2026-02-27 12:27:35	1	2	15	0
        110057	2026-02-27 12:27:39	1	2	15	0
        119364	2026-02-27 12:27:42	1	2	15	0
        110063	2026-02-27 12:28:30	1	2	15	0
        117156	2026-02-27 12:28:36	1	2	15	0
        116996	2026-02-27 12:28:38	1	2	15	0
        117121	2026-02-27 12:28:40	1	2	15	0
        118971	2026-02-27 12:30:44	1	3	15	0
        118761	2026-02-27 12:31:02	1	3	15	0
        117680	2026-02-27 12:31:05	1	3	15	0
        117114	2026-02-27 12:31:21	1	3	15	0
        117542	2026-02-27 12:31:32	1	3	15	0
        119104	2026-02-27 12:31:35	1	3	15	0
        117645	2026-02-27 12:32:02	1	3	15	0
        117840	2026-02-27 12:32:06	1	3	15	0
        117659	2026-02-27 12:32:08	1	3	15	0
        116933	2026-02-27 12:32:59	1	3	15	0
        117815	2026-02-27 12:33:43	1	3	15	0
        117838	2026-02-27 12:33:45	1	3	15	0
        117769	2026-02-27 12:33:48	1	3	15	0
        117839	2026-02-27 12:33:50	1	3	15	0
        119594	2026-02-27 12:33:54	1	3	15	0
        117483	2026-02-27 12:33:56	1	3	15	0
        117120	2026-02-27 12:34:39	1	3	15	0
        117111	2026-02-27 12:34:41	1	3	15	0
        110197	2026-02-27 12:34:43	1	3	15	0
        110360	2026-02-27 12:34:55	1	3	15	0
        119594	2026-02-27 12:35:03	1	3	15	0
        117709	2026-02-27 12:35:09	1	3	15	0
        117849	2026-02-27 12:35:11	1	3	15	0
        117769	2026-02-27 12:35:12	1	3	15	0
        117838	2026-02-27 12:35:14	1	3	15	0
        117483	2026-02-27 12:35:16	1	3	15	0
        116996	2026-02-27 12:35:36	1	3	15	0
        118753	2026-02-27 12:35:56	1	3	15	0
        118207	2026-02-27 12:36:01	1	3	15	0
        118784	2026-02-27 12:36:03	1	3	15	0
        119571	2026-02-27 12:36:38	1	3	15	0
        119107	2026-02-27 12:36:43	1	3	15	0
        117575	2026-02-27 12:36:49	1	3	15	0
        118753	2026-02-27 12:36:57	1	3	15	0
        119104	2026-02-27 12:37:00	1	3	15	0
        117707	2026-02-27 12:37:06	1	3	15	0
        110032	2026-02-27 12:37:08	1	3	15	0
        116337	2026-02-27 12:37:11	1	3	15	0
        118862	2026-02-27 12:37:12	1	3	15	0
        110527	2026-02-27 12:37:15	1	3	15	0
        110507	2026-02-27 12:37:18	1	3	15	0
        110053	2026-02-27 12:37:20	1	3	15	0
        117085	2026-02-27 12:37:54	1	3	15	0
        117121	2026-02-27 12:37:59	1	3	15	0
        118207	2026-02-27 12:38:03	1	3	15	0
        118784	2026-02-27 12:38:04	1	3	15	0
        116472	2026-02-27 12:38:21	1	3	15	0
        116747	2026-02-27 12:38:25	1	3	15	0
        118997	2026-02-27 12:39:23	1	3	15	0
        117114	2026-02-27 12:39:49	1	3	15	0
        110085	2026-02-27 12:39:55	1	3	15	0
        119493	2026-02-27 12:40:42	1	3	15	0
        117707	2026-02-27 12:40:51	1	3	15	0
        110053	2026-02-27 12:40:56	1	3	15	0
        110032	2026-02-27 12:40:58	1	3	15	0
        110357	2026-02-27 12:41:01	1	3	15	0
        119107	2026-02-27 12:41:06	1	3	15	0
        110055	2026-02-27 12:41:10	1	3	15	0
        119006	2026-02-27 12:41:12	1	3	15	0
        110025	2026-02-27 12:41:14	1	3	15	0
        118862	2026-02-27 12:41:20	1	3	15	0
        117699	2026-02-27 12:41:21	1	3	15	0
        110527	2026-02-27 12:41:39	1	3	15	0
        110507	2026-02-27 12:41:44	1	3	15	0
        110070	2026-02-27 12:42:19	1	3	15	0
        119493	2026-02-27 12:42:24	1	3	15	0
        110085	2026-02-27 12:42:29	1	3	15	0
        110055	2026-02-27 12:42:34	1	3	15	0
        110083	2026-02-27 12:43:02	1	3	15	0
        116142	2026-02-27 12:43:10	1	3	15	0
        116337	2026-02-27 12:43:31	1	3	15	0
        117337	2026-02-27 12:43:58	1	3	15	0
        110084	2026-02-27 12:44:24	1	3	15	0
        118580	2026-02-27 12:44:28	1	3	15	0
        110025	2026-02-27 12:44:35	1	3	15	0
        119006	2026-02-27 12:44:38	1	3	15	0
        110062	2026-02-27 12:44:42	1	3	15	0
        110116	2026-02-27 12:44:54	1	3	15	0
        117122	2026-02-27 12:45:03	1	3	15	0
        117114	2026-02-27 12:45:09	1	3	15	0
        117998	2026-02-27 12:46:20	1	3	15	0
        119386	2026-02-27 12:46:22	1	3	15	0
        117054	2026-02-27 12:46:27	1	3	15	0
        110083	2026-02-27 12:46:59	1	3	15	0
        110062	2026-02-27 12:47:19	1	3	15	0
        117567	2026-02-27 12:48:17	1	3	15	0
        110050	2026-02-27 12:48:21	1	3	15	0
        119227	2026-02-27 12:48:24	1	3	15	0
        119386	2026-02-27 12:48:56	1	3	15	0
        110198	2026-02-27 12:49:25	1	3	15	0
        119475	2026-02-27 12:49:34	1	3	15	0
        117699	2026-02-27 12:49:58	1	3	15	0
        110050	2026-02-27 12:51:09	1	3	15	0
        117972	2026-02-27 12:51:31	1	3	15	0
        119143	2026-02-27 12:51:33	1	3	15	0
        119227	2026-02-27 12:51:43	1	3	15	0
        118046	2026-02-27 12:51:50	1	3	15	0
        119475	2026-02-27 12:52:49	1	3	15	0
        110100	2026-02-27 12:53:07	1	3	15	0
        116751	2026-02-27 12:53:17	1	3	15	0
        116512	2026-02-27 12:53:25	1	3	15	0
        116747	2026-02-27 12:53:29	1	3	15	0
        116472	2026-02-27 12:53:31	1	3	15	0
        117972	2026-02-27 12:53:41	1	3	15	0
        118455	2026-02-27 12:54:12	1	3	15	0
        119143	2026-02-27 12:54:14	1	3	15	0
        116260	2026-02-27 12:55:11	1	3	15	0
        110100	2026-02-27 12:55:15	1	3	15	0
        118186	2026-02-27 12:55:22	1	3	15	0
        117972	2026-02-27 12:55:33	1	3	15	0
        118186	2026-02-27 12:57:26	1	3	15	0
        110360	2026-02-27 12:58:29	1	3	15	0
        116512	2026-02-27 13:00:22	1	3	15	0
        110198	2026-02-27 13:00:25	1	3	15	0
        116751	2026-02-27 13:00:27	1	3	15	0
        110355	2026-02-27 13:01:04	1	3	15	0
        116297	2026-02-27 13:01:53	1	3	15	0
        117661	2026-02-27 13:03:05	1	3	15	0
        110475	2026-02-27 15:22:01	1	3	15	0
        116260	2026-02-27 15:22:06	1	3	15	0
        119493	2026-02-27 15:25:46	1	3	15	0
        119365	2026-02-27 15:32:44	1	3	15	0
        110574	2026-02-27 15:35:42	1	3	15	0
        118043	2026-02-27 15:42:06	1	3	15	0
        118157	2026-02-27 16:05:53	1	1	15	0
        117711	2026-02-27 16:12:59	1	1	15	0
        118784	2026-02-27 16:17:05	1	1	15	0
        118732	2026-02-27 16:18:28	1	1	15	0
        119475	2026-02-27 16:24:48	1	1	15	0
        119070	2026-02-27 16:35:47	1	1	15	0
        117769	2026-02-27 16:39:34	1	1	15	0
        116835	2026-02-27 16:40:11	1	1	15	0
        119104	2026-02-27 16:40:55	1	1	15	0
        118186	2026-02-27 16:43:13	1	1	15	0
        116799	2026-02-27 16:58:41	1	1	15	0
        110128	2026-02-27 17:01:04	1	1	15	0
        117100	2026-02-27 17:01:55	1	1	15	0
        117997	2026-02-27 17:04:14	1	1	15	0
        110011	2026-02-27 17:04:35	1	1	15	0
        116104	2026-02-27 17:04:38	1	1	15	0
        110512	2026-02-27 17:06:19	1	1	15	0
        117088	2026-02-27 17:06:21	1	1	15	0
        110377	2026-02-27 17:06:25	1	1	15	0
        110376	2026-02-27 17:06:27	1	1	15	0
        117638	2026-02-27 17:06:34	1	1	15	0
        118580	2026-02-27 17:06:45	1	1	15	0
        110084	2026-02-27 17:06:47	1	1	15	0
        110538	2026-02-27 17:06:48	1	1	15	0
        110085	2026-02-27 17:06:50	1	1	15	0
        116479	2026-02-27 17:07:10	1	1	15	0
        110356	2026-02-27 17:07:53	1	1	15	0
        117591	2026-02-27 17:08:10	1	1	15	0
        110514	2026-02-27 17:10:50	1	1	15	0
        110355	2026-02-27 17:10:57	1	1	15	0
        117998	2026-02-27 17:11:36	1	1	15	0
        117972	2026-02-27 17:11:56	1	1	15	0
        119143	2026-02-27 17:11:57	1	1	15	0
        110085	2026-02-27 17:12:09	1	1	15	0
        110527	2026-02-27 17:12:14	1	1	15	0
        110457	2026-02-27 17:14:32	1	1	15	0
        117222	2026-02-27 17:15:25	1	1	15	0
        119535	2026-02-27 17:15:49	1	1	15	0
        117716	2026-02-27 17:15:59	1	1	15	0
        116504	2026-02-27 17:16:46	1	1	15	0
        110070	2026-02-27 17:17:17	1	1	15	0
        117926	2026-02-27 17:18:04	1	1	15	0
        110473	2026-02-27 17:18:20	1	1	15	0
        119453	2026-02-27 17:20:12	1	1	15	0
        116252	2026-02-27 17:20:49	1	1	15	0
        116282	2026-02-27 17:20:54	1	1	15	0
        117683	2026-02-27 17:21:05	1	1	15	0
        118455	2026-02-27 17:22:27	1	1	15	0
        116422	2026-02-27 17:22:44	1	1	15	0
        117144	2026-02-27 17:23:10	1	1	15	0
        116072	2026-02-27 17:23:29	1	1	15	0
        110032	2026-02-27 17:24:14	1	1	15	0
        117219	2026-02-27 17:24:21	1	1	15	0
        118928	2026-02-27 17:24:22	1	1	15	0
        117833	2026-02-27 17:24:54	1	1	15	0
        117528	2026-02-27 17:24:58	1	1	15	0
        117840	2026-02-27 17:25:10	1	1	15	0
        116496	2026-02-27 17:26:12	1	1	15	0
        110354	2026-02-27 17:28:54	1	1	15	0
        110360	2026-02-27 17:29:59	1	1	15	0
        117921	2026-02-27 17:30:34	1	1	15	0
        117259	2026-02-27 17:31:12	1	1	15	0
        117541	2026-02-27 17:31:15	1	1	15	0
        116142	2026-02-27 17:31:55	1	1	15	0
        116274	2026-02-27 17:32:02	1	1	15	0
        118970	2026-02-27 17:33:36	1	1	15	0
        110424	2026-02-27 17:35:33	1	1	15	0
        117680	2026-02-27 17:36:11	1	1	15	0
        117043	2026-02-27 17:36:17	1	1	15	0
        116914	2026-02-27 17:36:25	1	1	15	0
        118744	2026-02-27 17:37:38	1	1	15	0
        117201	2026-02-27 17:38:52	1	1	15	0
        118101	2026-02-27 17:40:02	1	1	15	0
        116828	2026-02-27 17:41:26	1	1	1	0
        117121	2026-02-27 17:42:37	1	1	15	0
        117616	2026-02-27 17:44:25	1	1	15	0
        119157	2026-02-27 17:44:46	1	1	15	0
        119006	2026-02-27 17:44:49	1	1	15	0
        117680	2026-02-27 17:46:35	1	1	15	0
        110100	2026-02-27 17:46:41	1	1	15	0
        117707	2026-02-27 17:46:53	1	1	15	0
        117692	2026-02-27 17:48:05	1	1	15	0
        117114	2026-02-27 17:48:54	1	1	15	0
        118813	2026-02-27 17:49:39	1	1	15	0
        116512	2026-02-27 17:50:02	1	1	15	0
        116751	2026-02-27 17:50:05	1	1	15	0
        117692	2026-02-27 17:50:09	1	1	15	0
        116497	2026-02-27 17:52:35	1	1	15	0
        116483	2026-02-27 17:52:37	1	1	15	0
        110083	2026-02-27 17:52:47	1	1	15	0
        117639	2026-02-27 17:52:52	1	1	15	0
        117270	2026-02-27 17:53:33	1	1	15	0
        116472	2026-02-27 17:55:52	1	1	15	0
        118563	2026-02-27 17:56:13	1	1	15	0
        110083	2026-02-27 17:56:21	1	1	15	0
        110077	2026-02-27 17:56:27	1	1	15	0
        117924	2026-02-27 17:56:29	1	1	15	0
        110507	2026-02-27 17:56:33	1	1	15	0
        110372	2026-02-27 17:56:38	1	1	15	0
        117120	2026-02-27 17:58:27	1	1	15	0
        117567	2026-02-27 17:58:35	1	1	15	0
        118046	2026-02-27 17:58:56	1	1	15	0
        119107	2026-02-27 18:01:25	1	1	15	0
        116996	2026-02-27 18:01:38	1	1	15	0
        116129	2026-02-27 18:01:52	1	1	15	0
        117059	2026-02-27 18:03:06	1	1	15	0
        116824	2026-02-27 18:03:47	1	1	15	0
        118917	2026-02-27 18:03:56	1	1	15	0
        119449	2026-02-27 18:04:13	1	1	15	0
        110100	2026-02-27 18:04:36	1	1	15	0
        110116	2026-02-27 18:04:57	1	1	15	0
        117122	2026-02-27 18:06:10	1	1	15	0
        116356	2026-02-27 18:06:58	1	1	15	0
        116805	2026-02-27 18:07:01	1	1	15	0
        117061	2026-02-27 18:07:03	1	1	15	0
        118753	2026-02-27 18:08:41	1	1	15	0
        118867	2026-02-27 18:08:47	1	1	15	0
        117920	2026-02-27 18:09:05	1	1	15	0
        117850	2026-02-27 18:09:18	1	1	15	0
        110485	2026-02-27 18:09:28	1	1	15	0
        117091	2026-02-27 18:10:07	1	1	15	0
        117212	2026-02-27 18:10:22	1	1	15	0
        117700	2026-02-27 18:10:38	1	1	15	0
        118997	2026-02-27 18:10:44	1	1	15	0
        119594	2026-02-27 18:12:22	1	1	15	0
        117709	2026-02-27 18:16:28	1	1	15	0
        110492	2026-02-27 18:17:57	1	1	15	0
        117733	2026-02-27 18:18:02	1	1	15	0
        117543	2026-02-27 18:18:06	1	1	15	0
        117103	2026-02-27 18:20:22	1	1	15	0
        110158	2026-02-27 18:21:06	1	1	15	0
        119227	2026-02-27 18:22:06	1	1	15	0
        110357	2026-02-27 18:23:15	1	1	15	0
        119494	2026-02-27 18:25:10	1	1	15	0
        117595	2026-02-27 18:27:38	1	1	15	0
        110074	2026-02-27 18:30:46	1	1	15	0
        116831	2026-02-27 18:34:44	1	1	15	0
        117817	2026-02-27 18:35:31	1	1	15	0
        119232	2026-02-27 18:37:30	1	1	15	0
        110090	2026-02-27 18:41:30	1	1	15	0
        116747	2026-02-27 18:41:56	1	1	15	0
        118369	2026-02-27 18:45:50	1	1	15	0
        117981	2026-02-27 18:45:51	1	1	15	0
        119571	2026-02-27 18:45:54	1	1	15	0
        117077	2026-02-27 18:49:49	1	1	15	0
        117337	2026-02-27 18:50:56	1	1	15	0
        110128	2026-02-27 18:55:09	1	1	15	0
        118568	2026-02-27 18:55:57	1	1	15	0
        110057	2026-02-27 19:10:27	1	1	15	0
        119364	2026-02-27 19:10:34	1	1	15	0
        110088	2026-02-27 19:10:42	1	1	15	0
        117567	2026-02-27 19:10:47	1	1	15	0
        118221	2026-02-27 19:43:11	1	1	15	0
        110105	2026-02-27 19:53:04	1	1	15	0
        117699	2026-02-27 20:04:15	1	1	15	0
        116933	2026-02-27 20:26:15	1	1	15	0
        110063	2026-02-27 21:06:13	1	1	15	0
        110055	2026-02-27 21:16:11	1	1	15	0
        117542	2026-02-27 21:16:14	1	1	15	0
        116834	2026-02-27 21:16:41	1	1	15	0
        110538	2026-02-28 08:04:34	1	0	15	0
        118369	2026-02-28 08:23:30	1	0	15	0
        118580	2026-02-28 08:27:35	1	0	15	0
        110084	2026-02-28 08:33:34	1	0	15	0
        117575	2026-02-28 11:13:39	1	2	15	0
        117575	2026-02-28 12:28:47	1	2	15	0
        117575	2026-02-28 12:31:17	1	3	15	0
        118580	2026-02-28 12:37:25	1	3	15	0
        110084	2026-02-28 12:37:27	1	3	15	0
        110088	2026-02-28 12:55:48	1	3	15	0
        118580	2026-02-28 13:00:32	1	3	15	0
        118753	2026-02-28 13:00:43	1	3	15	0
        110538	2026-02-28 13:00:51	1	3	15	0
        118369	2026-02-28 14:21:31	1	3	15	0
        117575	2026-02-28 17:14:56	1	1	15	0
        110088	2026-02-28 17:44:30	1	1	15	0
