        117201	2026-07-01 04:41:37	1	0	15	0
        119594	2026-07-01 05:52:20	1	0	15	0
        118992	2026-07-01 06:18:12	1	0	15	0
        116232	2026-07-01 06:33:27	1	0	15	0
        110050	2026-07-01 06:39:24	1	0	15	0
        110819	2026-07-01 06:42:01	1	0	15	0
        118744	2026-07-01 06:42:05	1	0	15	0
        110574	2026-07-01 06:44:56	1	0	15	0
        110580	2026-07-01 06:48:41	1	0	15	0
        110844	2026-07-01 06:49:28	1	0	15	0
        118750	2026-07-01 06:51:36	1	0	15	0
        117111	2026-07-01 06:51:54	1	0	15	0
        117983	2026-07-01 06:54:01	1	0	15	0
        110549	2026-07-01 06:55:07	1	0	15	0
        116551	2026-07-01 06:55:09	1	0	15	0
        118101	2026-07-01 06:59:08	1	0	15	0
        110074	2026-07-01 07:02:57	1	0	15	0
        110527	2026-07-01 07:03:18	1	0	15	0
        116496	2026-07-01 07:03:22	1	0	15	0
        117043	2026-07-01 07:03:34	1	0	15	0
        110085	2026-07-01 07:05:13	1	0	15	0
        117092	2026-07-01 07:07:12	1	0	15	0
        116748	2026-07-01 07:07:18	1	0	15	0
        110650	2026-07-01 07:07:41	1	0	15	0
        118640	2026-07-01 07:08:30	1	0	15	0
        117224	2026-07-01 07:08:35	1	0	15	0
        117839	2026-07-01 07:09:12	1	0	15	0
        116914	2026-07-01 07:09:40	1	0	15	0
        117936	2026-07-01 07:11:27	1	0	15	0
        116479	2026-07-01 07:11:52	1	0	15	0
        116504	2026-07-01 07:12:00	1	0	15	0
        110113	2026-07-01 07:12:07	1	0	15	0
        110816	2026-07-01 07:12:54	1	0	15	0
        117838	2026-07-01 07:13:05	1	0	1	0
        110424	2026-07-01 07:14:05	1	0	15	0
        117769	2026-07-01 07:14:19	1	0	15	0
        110538	2026-07-01 07:15:05	1	0	15	0
        110842	2026-07-01 07:15:12	1	0	15	0
        117230	2026-07-01 07:16:32	1	0	1	0
        110836	2026-07-01 07:17:29	1	0	15	0
        110834	2026-07-01 07:18:24	1	0	15	0
        117483	2026-07-01 07:18:43	1	0	15	0
        117835	2026-07-01 07:19:18	1	0	15	0
        110507	2026-07-01 07:20:50	1	0	15	0
        110196	2026-07-01 07:21:04	1	0	15	0
        110199	2026-07-01 07:21:09	1	0	15	0
        110456	2026-07-01 07:21:12	1	0	15	0
        110859	2026-07-01 07:23:03	1	0	15	0
        116741	2026-07-01 07:23:18	1	0	15	0
        116960	2026-07-01 07:24:45	1	0	15	0
        118493	2026-07-01 07:25:01	1	0	15	0
        117113	2026-07-01 07:25:44	1	0	15	0
        110065	2026-07-01 07:25:46	1	0	15	0
        110581	2026-07-01 07:25:49	1	0	15	0
        110625	2026-07-01 07:26:12	1	0	15	0
        110084	2026-07-01 07:26:15	1	0	15	0
        118593	2026-07-01 07:26:22	1	0	15	0
        117645	2026-07-01 07:26:32	1	0	15	0
        118598	2026-07-01 07:26:54	1	0	15	0
        119272	2026-07-01 07:27:17	1	0	15	0
        119453	2026-07-01 07:28:35	1	0	15	0
        110807	2026-07-01 07:28:44	1	0	15	0
        117487	2026-07-01 07:28:57	1	0	15	0
        110370	2026-07-01 07:29:30	1	0	15	0
        119386	2026-07-01 07:31:27	1	0	15	0
        110462	2026-07-01 07:31:47	1	0	15	0
        110060	2026-07-01 07:32:12	1	0	15	0
        110378	2026-07-01 07:32:19	1	0	15	0
        110529	2026-07-01 07:32:26	1	0	15	0
        118580	2026-07-01 07:33:26	1	0	15	0
        117770	2026-07-01 07:33:31	1	0	15	0
        117684	2026-07-01 07:33:58	1	0	15	0
        119143	2026-07-01 07:35:12	1	0	15	0
        116491	2026-07-01 07:36:24	1	0	15	0
        110853	2026-07-01 07:37:37	1	0	15	0
        117133	2026-07-01 07:37:41	1	0	15	0
        117920	2026-07-01 07:38:47	1	0	15	0
        117110	2026-07-01 07:39:34	1	0	15	0
        118207	2026-07-01 07:39:54	1	0	15	0
        118732	2026-07-01 07:40:12	1	0	15	0
        117591	2026-07-01 07:41:55	1	0	15	0
        117972	2026-07-01 07:42:18	1	0	15	0
        117680	2026-07-01 07:42:33	1	0	15	0
        116142	2026-07-01 07:42:54	1	0	15	0
        110510	2026-07-01 07:43:00	1	0	15	0
        116799	2026-07-01 07:43:12	1	0	15	0
        118741	2026-07-01 07:44:01	1	0	15	0
        110810	2026-07-01 07:44:04	1	0	15	0
        110633	2026-07-01 07:44:08	1	0	15	0
        110128	2026-07-01 07:44:12	1	0	15	0
        110465	2026-07-01 07:44:17	1	0	15	0
        117811	2026-07-01 07:45:16	1	0	15	0
        110645	2026-07-01 07:45:22	1	0	15	0
        110828	2026-07-01 07:45:25	1	0	15	0
        116831	2026-07-01 07:45:29	1	0	15	0
        117259	2026-07-01 07:46:23	1	0	15	0
        110450	2026-07-01 07:46:26	1	0	15	0
        110376	2026-07-01 07:46:49	1	0	15	0
        110371	2026-07-01 07:46:56	1	0	15	0
        110785	2026-07-01 07:48:17	1	0	15	0
        117061	2026-07-01 07:48:21	1	0	15	0
        110493	2026-07-01 07:48:51	1	0	15	0
        110006	2026-07-01 07:49:56	1	0	15	0
        119282	2026-07-01 07:50:05	1	0	15	0
        116383	2026-07-01 07:50:11	1	0	15	0
        110832	2026-07-01 07:51:09	1	0	15	0
        110431	2026-07-01 07:51:17	1	0	15	0
        110040	2026-07-01 07:52:04	1	0	15	0
        116346	2026-07-01 07:52:13	1	0	15	0
        116990	2026-07-01 07:52:30	1	0	15	0
        110463	2026-07-01 07:52:55	1	0	15	0
        110131	2026-07-01 07:53:07	1	0	15	0
        117707	2026-07-01 07:54:34	1	0	15	0
        117733	2026-07-01 07:54:49	1	0	15	0
        117841	2026-07-01 07:54:52	1	0	15	0
        110105	2026-07-01 07:55:31	1	0	15	0
        110201	2026-07-01 07:55:36	1	0	15	0
        117129	2026-07-01 07:55:38	1	0	15	0
        117833	2026-07-01 07:55:54	1	0	15	0
        117921	2026-07-01 07:56:38	1	0	15	0
        110492	2026-07-01 07:56:51	1	0	15	0
        110355	2026-07-01 07:56:57	1	0	15	0
        110356	2026-07-01 07:56:58	1	0	15	0
        110808	2026-07-01 07:57:02	1	0	15	0
        118550	2026-07-01 07:57:15	1	0	15	0
        116072	2026-07-01 07:57:22	1	0	15	0
        117121	2026-07-01 07:57:57	1	0	15	0
        117723	2026-07-01 07:58:00	1	0	15	0
        117930	2026-07-01 07:58:02	1	0	15	0
        116166	2026-07-01 07:58:59	1	0	15	0
        116297	2026-07-01 07:59:03	1	0	15	0
        110852	2026-07-01 07:59:07	1	0	15	0
        116778	2026-07-01 07:59:37	1	0	15	0
        116828	2026-07-01 07:59:58	1	0	1	0
        110528	2026-07-01 08:00:03	1	0	15	0
        116356	2026-07-01 08:00:15	1	0	15	0
        117580	2026-07-01 08:00:19	1	0	15	0
        118867	2026-07-01 08:00:22	1	0	15	0
        118702	2026-07-01 08:00:55	1	0	15	0
        110817	2026-07-01 08:01:01	1	0	15	0
        117900	2026-07-01 08:01:05	1	0	15	0
        110025	2026-07-01 08:01:37	1	0	15	0
        118180	2026-07-01 08:02:01	1	0	15	0
        119449	2026-07-01 08:02:19	1	0	15	0
        110197	2026-07-01 08:02:28	1	0	15	0
        110100	2026-07-01 08:04:29	1	0	15	0
        117742	2026-07-01 08:04:55	1	0	1	0
        118302	2026-07-01 08:05:47	1	0	15	0
        117924	2026-07-01 08:06:47	1	0	15	0
        116483	2026-07-01 08:06:51	1	0	15	0
        110063	2026-07-01 08:07:27	1	0	15	0
        117815	2026-07-01 08:07:34	1	0	15	0
        110475	2026-07-01 08:07:44	1	0	15	0
        117542	2026-07-01 08:07:48	1	0	15	0
        117659	2026-07-01 08:08:14	1	0	15	0
        117644	2026-07-01 08:08:31	1	0	15	0
        117716	2026-07-01 08:08:46	1	0	15	0
        117699	2026-07-01 08:10:03	1	0	15	0
        117982	2026-07-01 08:10:41	1	0	15	0
        117222	2026-07-01 08:10:52	1	0	15	0
        118971	2026-07-01 08:10:55	1	0	15	0
        117971	2026-07-01 08:11:21	1	0	15	0
        116763	2026-07-01 08:12:01	1	0	15	0
        116260	2026-07-01 08:12:05	1	0	15	0
        110805	2026-07-01 08:12:25	1	0	15	0
        118928	2026-07-01 08:13:02	1	0	15	0
        117162	2026-07-01 08:13:22	1	0	15	0
        110452	2026-07-01 08:14:13	1	0	15	0
        119364	2026-07-01 08:15:08	1	0	15	0
        116129	2026-07-01 08:15:13	1	0	15	0
        116428	2026-07-01 08:15:21	1	0	15	0
        116497	2026-07-01 08:15:26	1	0	15	0
        119157	2026-07-01 08:16:10	1	0	15	0
        116824	2026-07-01 08:16:33	1	0	15	0
        117543	2026-07-01 08:16:38	1	0	15	0
        110632	2026-07-01 08:17:39	1	0	15	0
        116849	2026-07-01 08:17:48	1	0	15	0
        117711	2026-07-01 08:17:57	1	0	15	0
        117046	2026-07-01 08:18:00	1	0	15	0
        116069	2026-07-01 08:18:42	1	0	15	0
        118455	2026-07-01 08:18:48	1	0	15	0
        117541	2026-07-01 08:18:53	1	0	15	0
        110840	2026-07-01 08:19:17	1	0	15	0
        119493	2026-07-01 08:19:42	1	0	15	0
        117144	2026-07-01 08:19:43	1	0	15	0
        110195	2026-07-01 08:19:50	1	0	15	0
        110116	2026-07-01 08:20:04	1	0	15	0
        117660	2026-07-01 08:20:36	1	0	15	0
        117085	2026-07-01 08:21:28	1	0	15	0
        117156	2026-07-01 08:22:25	1	0	15	0
        117817	2026-07-01 08:24:15	1	0	15	0
        117807	2026-07-01 08:24:20	1	0	15	0
        118695	2026-07-01 08:26:15	1	0	15	0
        117567	2026-07-01 08:27:14	1	0	15	0
        119263	2026-07-01 08:28:54	1	0	15	0
        116441	2026-07-01 08:29:00	1	0	15	0
        116805	2026-07-01 08:29:35	1	0	15	0
        110055	2026-07-01 08:29:47	1	0	15	0
        110457	2026-07-01 08:29:52	1	0	15	0
        117100	2026-07-01 08:30:02	1	0	15	0
        116933	2026-07-01 08:30:28	1	0	15	0
        118046	2026-07-01 08:30:47	1	0	15	0
        117091	2026-07-01 08:31:08	1	0	15	0
        117114	2026-07-01 08:31:13	1	0	15	0
        110839	2026-07-01 08:31:15	1	0	15	0
        118186	2026-07-01 08:31:27	1	0	15	0
        110807	2026-07-01 08:32:05	1	0	15	0
        118369	2026-07-01 08:32:16	1	0	15	0
        110354	2026-07-01 08:35:26	1	0	15	0
        117814	2026-07-01 08:35:51	1	0	15	0
        118427	2026-07-01 08:35:54	1	0	15	0
        117725	2026-07-01 08:35:59	1	0	15	0
        110158	2026-07-01 08:36:01	1	0	15	0
        117103	2026-07-01 08:36:28	1	0	15	0
        118458	2026-07-01 08:36:48	1	0	15	0
        117616	2026-07-01 08:36:54	1	0	15	0
        110057	2026-07-01 08:38:45	1	0	15	0
        117122	2026-07-01 08:38:49	1	0	15	0
        117630	2026-07-01 08:39:08	1	0	15	0
        110513	2026-07-01 08:39:36	1	0	15	0
        110070	2026-07-01 08:40:43	1	0	15	0
        117497	2026-07-01 08:40:53	1	0	15	0
        110854	2026-07-01 08:40:56	1	0	15	0
        110495	2026-07-01 08:41:00	1	0	15	0
        118761	2026-07-01 08:41:26	1	0	15	0
        110567	2026-07-01 08:42:47	1	0	15	0
        117849	2026-07-01 08:45:20	1	0	15	0
        117786	2026-07-01 08:46:01	1	0	15	0
        117926	2026-07-01 08:46:04	1	0	15	0
        117529	2026-07-01 08:47:08	1	0	15	0
        117528	2026-07-01 08:47:38	1	0	15	0
        116451	2026-07-01 08:47:58	1	0	15	0
        117709	2026-07-01 08:48:04	1	0	15	0
        110657	2026-07-01 08:49:40	1	0	15	0
        110436	2026-07-01 08:50:13	1	0	15	0
        110172	2026-07-01 08:50:18	1	0	15	0
        110077	2026-07-01 08:50:47	1	0	15	0
        116279	2026-07-01 08:51:04	1	0	15	0
        117236	2026-07-01 08:51:51	1	0	15	0
        117023	2026-07-01 08:52:30	1	0	15	0
        116095	2026-07-01 08:52:31	1	0	15	0
        116747	2026-07-01 08:54:38	1	0	15	0
        117692	2026-07-01 08:54:43	1	0	15	0
        110090	2026-07-01 08:55:08	1	0	15	0
        110088	2026-07-01 08:56:26	1	0	15	0
        116053	2026-07-01 08:56:48	1	0	15	0
        118782	2026-07-01 08:57:21	1	0	15	0
        117999	2026-07-01 08:57:47	1	0	15	0
        110413	2026-07-01 08:58:07	1	0	15	0
        117212	2026-07-01 08:58:12	1	0	15	0
        116902	2026-07-01 08:59:05	1	0	1	0
        116073	2026-07-01 09:00:18	1	0	15	0
        110418	2026-07-01 09:01:24	1	0	15	0
        117915	2026-07-01 09:02:14	1	0	15	0
        117634	2026-07-01 09:02:52	1	0	15	0
        117575	2026-07-01 09:02:53	1	0	15	0
        117196	2026-07-01 09:04:31	1	0	15	0
        116477	2026-07-01 09:07:40	1	0	15	0
        117337	2026-07-01 09:07:55	1	0	15	0
        110075	2026-07-01 09:23:54	1	0	15	0
        118563	2026-07-01 09:26:40	1	0	15	0
        116096	2026-07-01 09:31:43	1	0	1	0
        110834	2026-07-01 11:59:10	1	2	15	0
        110465	2026-07-01 12:00:04	1	2	15	0
        117983	2026-07-01 12:00:07	1	2	15	0
        117930	2026-07-01 12:00:08	1	2	15	0
        117981	2026-07-01 12:00:11	1	2	15	0
        110859	2026-07-01 12:00:12	1	2	15	0
        116069	2026-07-01 12:00:17	1	2	15	0
        117733	2026-07-01 12:00:20	1	2	15	0
        110063	2026-07-01 12:00:22	1	2	15	0
        118550	2026-07-01 12:00:25	1	2	15	0
        116441	2026-07-01 12:00:26	1	2	15	0
        110527	2026-07-01 12:00:28	1	2	15	0
        110354	2026-07-01 12:00:31	1	2	15	0
        110528	2026-07-01 12:00:34	1	2	15	0
        110529	2026-07-01 12:00:36	1	2	15	0
        116451	2026-07-01 12:00:39	1	2	15	0
        110495	2026-07-01 12:00:44	1	2	15	0
        110493	2026-07-01 12:00:52	1	2	15	0
        110657	2026-07-01 12:00:54	1	2	15	0
        117770	2026-07-01 12:00:55	1	2	15	0
        110808	2026-07-01 12:00:57	1	2	15	0
        116142	2026-07-01 12:00:59	1	2	15	0
        110090	2026-07-01 12:01:01	1	2	15	0
        116096	2026-07-01 12:01:05	1	2	1	0
        117046	2026-07-01 12:01:07	1	2	15	0
        117092	2026-07-01 12:01:09	1	2	15	0
        110418	2026-07-01 12:01:11	1	2	15	0
        117926	2026-07-01 12:01:13	1	2	15	0
        117224	2026-07-01 12:01:15	1	2	15	0
        116070	2026-07-01 12:01:17	1	2	15	0
        110832	2026-07-01 12:01:19	1	2	15	0
        110840	2026-07-01 12:01:20	1	2	15	0
        117742	2026-07-01 12:01:24	1	2	15	0
        110452	2026-07-01 12:01:26	1	2	15	0
        110549	2026-07-01 12:01:27	1	2	15	0
        110450	2026-07-01 12:01:29	1	2	15	0
        116990	2026-07-01 12:01:31	1	2	15	0
        117230	2026-07-01 12:01:40	1	2	1	0
        116741	2026-07-01 12:01:48	1	2	15	0
        117634	2026-07-01 12:01:50	1	2	15	0
        117915	2026-07-01 12:01:51	1	2	15	0
        110431	2026-07-01 12:01:53	1	2	15	0
        117807	2026-07-01 12:01:55	1	2	15	0
        110842	2026-07-01 12:01:57	1	2	15	0
        110113	2026-07-01 12:01:59	1	2	15	0
        119583	2026-07-01 12:02:01	1	2	15	0
        110510	2026-07-01 12:02:03	1	2	15	0
        110128	2026-07-01 12:02:04	1	2	15	0
        118458	2026-07-01 12:02:07	1	2	15	0
        110006	2026-07-01 12:02:09	1	2	15	0
        117201	2026-07-01 12:02:12	1	2	15	0
        117981	2026-07-01 12:02:14	1	2	15	0
        110074	2026-07-01 12:02:15	1	2	15	0
        116260	2026-07-01 12:02:18	1	2	15	0
        116232	2026-07-01 12:02:19	1	2	15	0
        110463	2026-07-01 12:02:22	1	2	15	0
        110807	2026-07-01 12:02:23	1	2	15	0
        117497	2026-07-01 12:02:25	1	2	15	0
        117085	2026-07-01 12:02:28	1	2	15	0
        119453	2026-07-01 12:02:30	1	2	15	0
        110436	2026-07-01 12:02:32	1	2	15	0
        110172	2026-07-01 12:02:36	1	2	15	0
        117529	2026-07-01 12:02:41	1	2	15	0
        110785	2026-07-01 12:02:46	1	2	15	0
        116824	2026-07-01 12:02:49	1	2	15	0
        110424	2026-07-01 12:02:52	1	2	15	0
        110819	2026-07-01 12:02:55	1	2	15	0
        119449	2026-07-01 12:02:55	1	2	15	0
        116778	2026-07-01 12:03:01	1	2	15	0
        117733	2026-07-01 12:03:03	1	2	15	0
        116849	2026-07-01 12:03:05	1	2	15	0
        116496	2026-07-01 12:03:08	1	2	15	0
        110376	2026-07-01 12:03:09	1	2	15	0
        110625	2026-07-01 12:03:12	1	2	15	0
        117983	2026-07-01 12:03:15	1	2	15	0
        117930	2026-07-01 12:03:29	1	2	15	0
        116551	2026-07-01 12:03:36	1	2	15	0
        117833	2026-07-01 12:03:48	1	2	15	0
        116914	2026-07-01 12:03:52	1	2	15	0
        116902	2026-07-01 12:03:57	1	2	1	0
        118761	2026-07-01 12:04:03	1	2	15	0
        110810	2026-07-01 12:04:05	1	2	15	0
        116053	2026-07-01 12:04:07	1	2	15	0
        110854	2026-07-01 12:04:09	1	2	15	0
        118593	2026-07-01 12:04:13	1	2	15	0
        117236	2026-07-01 12:04:23	1	2	15	0
        117224	2026-07-01 12:04:27	1	2	15	0
        117046	2026-07-01 12:04:29	1	2	15	0
        118563	2026-07-01 12:04:31	1	2	15	0
        110418	2026-07-01 12:04:34	1	2	15	0
        110113	2026-07-01 12:04:35	1	2	15	0
        118744	2026-07-01 12:04:37	1	2	15	0
        117129	2026-07-01 12:04:39	1	2	15	0
        110074	2026-07-01 12:04:48	1	2	15	0
        110354	2026-07-01 12:05:07	1	2	15	0
        117542	2026-07-01 12:05:09	1	2	15	0
        116778	2026-07-01 12:05:11	1	2	15	0
        116252	2026-07-01 12:05:14	1	2	15	0
        117692	2026-07-01 12:05:17	1	2	15	0
        117921	2026-07-01 12:05:19	1	2	15	0
        117982	2026-07-01 12:05:21	1	2	15	0
        110006	2026-07-01 12:05:22	1	2	15	0
        110832	2026-07-01 12:05:24	1	2	15	0
        110840	2026-07-01 12:05:26	1	2	15	0
        110197	2026-07-01 12:05:29	1	2	15	0
        117786	2026-07-01 12:05:30	1	2	15	0
        110495	2026-07-01 12:05:32	1	2	15	0
        110529	2026-07-01 12:05:34	1	2	15	0
        110493	2026-07-01 12:05:35	1	2	15	0
        110657	2026-07-01 12:05:37	1	2	15	0
        117634	2026-07-01 12:05:39	1	2	15	0
        117915	2026-07-01 12:05:40	1	2	15	0
        116849	2026-07-01 12:05:43	1	2	15	0
        116069	2026-07-01 12:05:44	1	2	15	0
        116741	2026-07-01 12:05:47	1	2	15	0
        116990	2026-07-01 12:05:54	1	2	15	0
        117770	2026-07-01 12:05:57	1	2	15	0
        118598	2026-07-01 12:05:58	1	2	15	0
        110199	2026-07-01 12:06:00	1	2	15	0
        110456	2026-07-01 12:06:02	1	2	15	0
        118207	2026-07-01 12:06:04	1	2	15	0
        117926	2026-07-01 12:06:06	1	2	15	0
        117742	2026-07-01 12:06:09	1	2	15	0
        116828	2026-07-01 12:06:12	1	2	1	0
        110431	2026-07-01 12:06:17	1	2	15	0
        110450	2026-07-01 12:06:19	1	2	15	0
        117630	2026-07-01 12:06:22	1	2	15	0
        116129	2026-07-01 12:06:24	1	2	15	0
        117807	2026-07-01 12:06:27	1	2	15	0
        116096	2026-07-01 12:06:31	1	2	1	0
        110436	2026-07-01 12:06:37	1	2	15	0
        110625	2026-07-01 12:06:39	1	2	15	0
        110834	2026-07-01 12:06:40	1	2	15	0
        116491	2026-07-01 12:06:43	1	2	15	0
        116260	2026-07-01 12:06:46	1	2	15	0
        110632	2026-07-01 12:06:47	1	2	15	0
        117529	2026-07-01 12:06:49	1	2	15	0
        110465	2026-07-01 12:06:50	1	2	15	0
        110528	2026-07-01 12:06:57	1	2	15	0
        110105	2026-07-01 12:07:00	1	2	15	0
        110819	2026-07-01 12:07:01	1	2	15	0
        116070	2026-07-01 12:07:05	1	2	15	0
        110808	2026-07-01 12:07:07	1	2	15	0
        110853	2026-07-01 12:07:11	1	2	15	0
        117201	2026-07-01 12:07:19	1	2	15	0
        117129	2026-07-01 12:07:26	1	2	15	0
        110065	2026-07-01 12:07:30	1	2	15	0
        110116	2026-07-01 12:07:32	1	2	15	0
        118741	2026-07-01 12:07:34	1	2	15	0
        116799	2026-07-01 12:07:39	1	2	15	0
        110859	2026-07-01 12:07:42	1	2	15	0
        110201	2026-07-01 12:07:43	1	2	15	0
        110424	2026-07-01 12:07:48	1	2	15	0
        116763	2026-07-01 12:07:51	1	2	15	0
        110805	2026-07-01 12:07:53	1	2	15	0
        117972	2026-07-01 12:07:55	1	2	15	0
        117575	2026-07-01 12:07:56	1	2	15	0
        110507	2026-07-01 12:07:58	1	2	15	0
        110463	2026-07-01 12:08:01	1	2	15	0
        119143	2026-07-01 12:08:03	1	2	15	0
        110356	2026-07-01 12:08:06	1	2	15	0
        110355	2026-07-01 12:08:07	1	2	15	0
        117814	2026-07-01 12:08:09	1	2	15	0
        110172	2026-07-01 12:08:11	1	2	15	0
        116824	2026-07-01 12:08:13	1	2	15	0
        116496	2026-07-01 12:08:14	1	2	15	0
        117122	2026-07-01 12:08:16	1	2	15	0
        117567	2026-07-01 12:08:18	1	2	15	0
        116551	2026-07-01 12:08:21	1	2	15	0
        118458	2026-07-01 12:08:28	1	2	15	0
        110842	2026-07-01 12:08:35	1	2	15	0
        116960	2026-07-01 12:08:37	1	2	15	0
        110060	2026-07-01 12:08:40	1	2	15	0
        119453	2026-07-01 12:08:43	1	2	15	0
        116828	2026-07-01 12:08:44	1	2	1	0
        117121	2026-07-01 12:08:56	1	2	15	0
        117156	2026-07-01 12:08:58	1	2	15	0
        118782	2026-07-01 12:09:00	1	2	15	0
        118207	2026-07-01 12:09:05	1	2	15	0
        117982	2026-07-01 12:09:17	1	2	15	0
        110131	2026-07-01 12:09:18	1	2	15	0
        117692	2026-07-01 12:09:22	1	2	15	0
        110077	2026-07-01 12:09:25	1	2	15	0
        110376	2026-07-01 12:09:28	1	2	15	0
        118732	2026-07-01 12:09:32	1	2	15	0
        110055	2026-07-01 12:09:37	1	2	15	0
        118695	2026-07-01 12:09:42	1	2	15	0
        116491	2026-07-01 12:09:44	1	2	15	0
        117337	2026-07-01 12:09:46	1	2	15	0
        110513	2026-07-01 12:09:47	1	2	15	0
        117111	2026-07-01 12:09:50	1	2	15	0
        116053	2026-07-01 12:09:53	1	2	15	0
        117921	2026-07-01 12:09:57	1	2	15	0
        117113	2026-07-01 12:09:59	1	2	15	0
        119263	2026-07-01 12:10:00	1	2	15	0
        118750	2026-07-01 12:10:05	1	2	15	0
        117100	2026-07-01 12:10:07	1	2	15	0
        117103	2026-07-01 12:10:10	1	2	15	0
        110040	2026-07-01 12:10:12	1	2	15	0
        110633	2026-07-01 12:10:14	1	2	15	0
        117838	2026-07-01 12:10:16	1	2	15	0
        117769	2026-07-01 12:10:18	1	2	15	0
        110462	2026-07-01 12:10:23	1	2	15	0
        110810	2026-07-01 12:10:26	1	2	15	0
        110549	2026-07-01 12:10:29	1	2	15	0
        117085	2026-07-01 12:10:31	1	2	15	0
        110199	2026-07-01 12:10:33	1	2	15	0
        110456	2026-07-01 12:10:35	1	2	15	0
        116073	2026-07-01 12:10:38	1	2	15	0
        110581	2026-07-01 12:10:41	1	2	15	0
        110580	2026-07-01 12:10:43	1	2	15	0
        117680	2026-07-01 12:10:46	1	2	15	0
        117723	2026-07-01 12:10:58	1	2	15	0
        117543	2026-07-01 12:11:09	1	2	15	0
        110527	2026-07-01 12:11:33	1	2	15	0
        116441	2026-07-01 12:11:40	1	2	15	0
        118101	2026-07-01 12:11:46	1	2	15	0
        110131	2026-07-01 12:12:06	1	2	15	0
        110195	2026-07-01 12:12:22	1	2	15	0
        110055	2026-07-01 12:12:29	1	2	15	0
        110370	2026-07-01 12:12:39	1	2	15	0
        118741	2026-07-01 12:13:01	1	2	15	0
        110065	2026-07-01 12:13:05	1	2	15	0
        116799	2026-07-01 12:13:08	1	2	15	0
        118046	2026-07-01 12:13:22	1	2	15	0
        117103	2026-07-01 12:13:28	1	2	15	0
        119449	2026-07-01 12:13:35	1	2	15	0
        117786	2026-07-01 12:13:46	1	2	15	0
        110105	2026-07-01 12:13:53	1	2	15	0
        110128	2026-07-01 12:14:01	1	2	15	0
        110817	2026-07-01 12:14:06	1	2	15	0
        116279	2026-07-01 12:14:08	1	2	15	0
        117900	2026-07-01 12:14:15	1	2	15	0
        110201	2026-07-01 12:14:21	1	2	15	0
        119494	2026-07-01 12:14:26	1	2	15	0
        117817	2026-07-01 12:14:29	1	2	15	0
        117092	2026-07-01 12:14:30	1	2	15	0
        118593	2026-07-01 12:14:39	1	2	15	0
        116129	2026-07-01 12:14:42	1	2	15	0
        117630	2026-07-01 12:14:45	1	2	15	0
        117236	2026-07-01 12:14:47	1	2	15	0
        117769	2026-07-01 12:15:13	1	2	15	0
        110633	2026-07-01 12:15:15	1	2	15	0
        117838	2026-07-01 12:15:16	1	2	15	0
        110852	2026-07-01 12:15:19	1	2	15	0
        116428	2026-07-01 12:15:25	1	2	15	0
        118761	2026-07-01 12:15:28	1	2	15	0
        116960	2026-07-01 12:15:32	1	2	15	0
        110040	2026-07-01 12:15:33	1	2	15	0
        119263	2026-07-01 12:15:36	1	2	15	0
        116166	2026-07-01 12:15:45	1	2	15	0
        110060	2026-07-01 12:15:48	1	2	15	0
        110195	2026-07-01 12:15:56	1	2	15	0
        118732	2026-07-01 12:15:58	1	2	15	0
        110507	2026-07-01 12:16:09	1	2	15	0
        117723	2026-07-01 12:16:19	1	2	15	0
        110116	2026-07-01 12:16:31	1	2	15	0
        110632	2026-07-01 12:16:36	1	2	15	0
        117487	2026-07-01 12:16:45	1	2	15	0
        110090	2026-07-01 12:16:57	1	2	15	0
        116142	2026-07-01 12:16:59	1	2	15	0
        117591	2026-07-01 12:17:18	1	2	15	0
        117113	2026-07-01 12:17:21	1	2	15	0
        118640	2026-07-01 12:17:27	1	2	15	0
        110378	2026-07-01 12:17:35	1	2	15	0
        117616	2026-07-01 12:17:37	1	2	15	0
        110088	2026-07-01 12:17:39	1	2	15	0
        117144	2026-07-01 12:17:41	1	2	15	0
        117543	2026-07-01 12:17:42	1	2	15	0
        117839	2026-07-01 12:17:44	1	2	15	0
        117541	2026-07-01 12:17:46	1	2	15	0
        110063	2026-07-01 12:17:48	1	2	15	0
        118744	2026-07-01 12:17:51	1	2	15	0
        118563	2026-07-01 12:17:57	1	2	15	0
        117542	2026-07-01 12:18:02	1	2	15	0
        117680	2026-07-01 12:18:10	1	2	15	0
        117835	2026-07-01 12:18:34	1	2	15	0
        117121	2026-07-01 12:18:40	1	2	15	0
        117156	2026-07-01 12:18:42	1	2	15	0
        118782	2026-07-01 12:18:45	1	2	15	0
        117814	2026-07-01 12:18:47	1	2	15	0
        110574	2026-07-01 12:18:49	1	2	15	0
        117699	2026-07-01 12:18:58	1	2	15	0
        116073	2026-07-01 12:19:05	1	2	15	0
        110475	2026-07-01 12:19:22	1	2	15	0
        116933	2026-07-01 12:19:33	1	2	15	0
        110088	2026-07-01 12:19:35	1	2	15	0
        117936	2026-07-01 12:19:36	1	2	15	0
        118640	2026-07-01 12:19:40	1	2	15	0
        110077	2026-07-01 12:19:43	1	2	15	0
        110581	2026-07-01 12:19:45	1	2	15	0
        110805	2026-07-01 12:19:48	1	2	15	0
        110580	2026-07-01 12:19:50	1	2	15	0
        117575	2026-07-01 12:19:51	1	2	15	0
        117972	2026-07-01 12:19:53	1	2	15	0
        117122	2026-07-01 12:19:55	1	2	15	0
        117709	2026-07-01 12:20:33	1	2	15	0
        117849	2026-07-01 12:20:35	1	2	15	0
        117711	2026-07-01 12:20:38	1	2	15	0
        118598	2026-07-01 12:20:43	1	2	15	0
        110492	2026-07-01 12:20:56	1	2	15	0
        117212	2026-07-01 12:21:08	1	2	15	0
        110025	2026-07-01 12:21:09	1	2	15	0
        117644	2026-07-01 12:21:13	1	2	15	0
        110075	2026-07-01 12:21:15	1	2	15	0
        117541	2026-07-01 12:21:31	1	2	15	0
        117839	2026-07-01 12:21:33	1	2	15	0
        117567	2026-07-01 12:21:39	1	2	15	0
        116252	2026-07-01 12:21:57	1	2	15	0
        116747	2026-07-01 12:22:45	1	2	15	0
        110070	2026-07-01 12:22:47	1	2	15	0
        110852	2026-07-01 12:23:11	1	2	15	0
        117528	2026-07-01 12:23:17	1	2	15	0
        117222	2026-07-01 12:23:20	1	2	15	0
        116504	2026-07-01 12:23:24	1	2	15	0
        116072	2026-07-01 12:23:43	1	2	15	0
        117924	2026-07-01 12:23:45	1	2	15	0
        110462	2026-07-01 12:23:49	1	2	15	0
        116497	2026-07-01 12:23:51	1	2	15	0
        118702	2026-07-01 12:24:01	1	2	15	0
        117497	2026-07-01 12:24:06	1	2	15	0
        117971	2026-07-01 12:24:08	1	2	15	0
        110492	2026-07-01 12:24:13	1	2	15	0
        110457	2026-07-01 12:24:15	1	2	15	0
        110088	2026-07-01 12:24:16	1	2	15	0
        119493	2026-07-01 12:24:20	1	2	15	0
        110197	2026-07-01 12:24:23	1	2	15	0
        110807	2026-07-01 12:24:29	1	2	15	0
        110510	2026-07-01 12:24:39	1	2	15	0
        116346	2026-07-01 12:24:43	1	2	15	0
        110854	2026-07-01 12:24:50	1	2	15	0
        110538	2026-07-01 12:25:05	1	2	15	0
        110084	2026-07-01 12:25:07	1	2	15	0
        116477	2026-07-01 12:25:09	1	2	15	0
        118971	2026-07-01 12:25:10	1	2	15	0
        118580	2026-07-01 12:25:12	1	2	15	0
        117144	2026-07-01 12:25:15	1	2	15	0
        110378	2026-07-01 12:25:18	1	2	15	0
        110828	2026-07-01 12:25:47	1	2	15	0
        110645	2026-07-01 12:25:50	1	2	15	0
        110196	2026-07-01 12:25:52	1	2	15	0
        116095	2026-07-01 12:26:03	1	2	15	0
        117023	2026-07-01 12:26:09	1	2	15	0
        110567	2026-07-01 12:26:11	1	2	15	0
        118493	2026-07-01 12:26:14	1	2	15	0
        116279	2026-07-01 12:26:16	1	2	15	0
        116504	2026-07-01 12:26:20	1	2	15	0
        117711	2026-07-01 12:26:22	1	2	15	0
        116748	2026-07-01 12:26:25	1	2	15	0
        110025	2026-07-01 12:26:31	1	2	15	0
        117709	2026-07-01 12:26:33	1	2	15	0
        110075	2026-07-01 12:26:34	1	2	15	0
        117849	2026-07-01 12:26:39	1	2	15	0
        110371	2026-07-01 12:26:47	1	2	15	0
        117645	2026-07-01 12:27:08	1	2	15	0
        117815	2026-07-01 12:27:09	1	2	15	0
        117841	2026-07-01 12:27:11	1	2	15	0
        110475	2026-07-01 12:27:15	1	2	15	0
        117483	2026-07-01 12:27:41	1	2	15	0
        117811	2026-07-01 12:27:45	1	2	15	0
        110070	2026-07-01 12:27:53	1	2	15	0
        119493	2026-07-01 12:27:57	1	2	15	0
        118580	2026-07-01 12:28:05	1	2	15	0
        110084	2026-07-01 12:28:07	1	2	15	0
        110538	2026-07-01 12:28:10	1	2	15	0
        117212	2026-07-01 12:28:15	1	2	15	0
        117971	2026-07-01 12:28:20	1	2	15	0
        116497	2026-07-01 12:28:25	1	2	15	0
        116072	2026-07-01 12:28:30	1	2	15	0
        117817	2026-07-01 12:28:32	1	2	15	0
        117924	2026-07-01 12:28:34	1	2	15	0
        110457	2026-07-01 12:28:36	1	2	15	0
        110574	2026-07-01 12:28:40	1	2	15	0
        116346	2026-07-01 12:28:45	1	2	15	0
        118598	2026-07-01 12:28:59	1	2	15	0
        117835	2026-07-01 12:29:08	1	2	15	0
        110116	2026-07-01 12:29:25	1	2	15	0
        116933	2026-07-01 12:29:29	1	2	15	0
        110645	2026-07-01 12:29:37	1	2	15	0
        110828	2026-07-01 12:29:40	1	2	15	0
        110196	2026-07-01 12:29:45	1	2	15	0
        110513	2026-07-01 12:29:49	1	2	15	0
        110371	2026-07-01 12:29:53	1	2	15	0
        117114	2026-07-01 12:29:58	1	2	15	0
        117616	2026-07-01 12:30:01	1	2	15	0
        110785	2026-07-01 12:30:36	1	2	15	0
        117644	2026-07-01 12:30:53	1	2	15	0
        118750	2026-07-01 12:31:15	1	2	15	0
        117936	2026-07-01 12:31:18	1	2	15	0
        116428	2026-07-01 12:31:42	1	2	15	0
        117833	2026-07-01 12:31:44	1	2	15	0
        117699	2026-07-01 12:31:52	1	2	15	0
        117043	2026-07-01 12:31:56	1	2	15	0
        116914	2026-07-01 12:33:23	1	3	15	0
        116902	2026-07-01 12:33:29	1	3	15	0
        118427	2026-07-01 12:34:30	1	3	15	0
        110085	2026-07-01 12:34:36	1	3	15	0
        117483	2026-07-01 12:34:41	1	3	1	0
        117811	2026-07-01 12:34:47	1	3	15	0
        117841	2026-07-01 12:34:50	1	3	1	0
        117815	2026-07-01 12:34:51	1	3	15	0
        117645	2026-07-01 12:34:54	1	3	15	0
        117999	2026-07-01 12:35:35	1	3	15	0
        118427	2026-07-01 12:36:09	1	3	15	0
        118695	2026-07-01 12:36:17	1	3	15	0
        117337	2026-07-01 12:36:19	1	3	15	0
        110050	2026-07-01 12:36:43	1	3	15	0
        117222	2026-07-01 12:37:06	1	3	15	0
        116451	2026-07-01 12:37:19	1	3	15	0
        117230	2026-07-01 12:37:23	1	3	1	0
        117054	2026-07-01 12:37:40	1	3	15	0
        110128	2026-07-01 12:38:41	1	3	15	0
        117196	2026-07-01 12:38:46	1	3	15	0
        117111	2026-07-01 12:39:04	1	3	15	0
        118550	2026-07-01 12:39:17	1	3	15	0
        110050	2026-07-01 12:39:57	1	3	15	0
        116748	2026-07-01 12:40:26	1	3	15	0
        110853	2026-07-01 12:40:42	1	3	15	0
        117528	2026-07-01 12:40:45	1	3	15	0
        110447	2026-07-01 12:40:47	1	3	15	0
        110816	2026-07-01 12:41:10	1	3	15	0
        110836	2026-07-01 12:41:13	1	3	15	0
        110844	2026-07-01 12:41:17	1	3	15	0
        110100	2026-07-01 12:41:47	1	3	15	0
        119157	2026-07-01 12:41:49	1	3	15	0
        116232	2026-07-01 12:41:51	1	3	15	0
        117114	2026-07-01 12:42:00	1	3	15	0
        117043	2026-07-01 12:42:36	1	3	15	0
        118101	2026-07-01 12:42:42	1	3	15	0
        117100	2026-07-01 12:42:45	1	3	15	0
        116477	2026-07-01 12:42:58	1	3	15	0
        117110	2026-07-01 12:43:13	1	3	15	0
        119282	2026-07-01 12:43:57	1	3	15	0
        110836	2026-07-01 12:44:27	1	3	15	0
        110816	2026-07-01 12:44:31	1	3	15	0
        110844	2026-07-01 12:44:35	1	3	15	0
        116763	2026-07-01 12:44:37	1	3	15	0
        118046	2026-07-01 12:44:51	1	3	15	0
        110100	2026-07-01 12:44:55	1	3	15	0
        117660	2026-07-01 12:44:57	1	3	15	0
        119157	2026-07-01 12:44:59	1	3	15	0
        118971	2026-07-01 12:45:22	1	3	15	0
        117114	2026-07-01 12:45:28	1	3	15	0
        117900	2026-07-01 12:45:53	1	3	15	0
        110817	2026-07-01 12:45:58	1	3	15	0
        110370	2026-07-01 12:46:03	1	3	15	0
        110057	2026-07-01 12:46:08	1	3	15	0
        119364	2026-07-01 12:46:12	1	3	15	0
        116297	2026-07-01 12:47:02	1	3	15	0
        117133	2026-07-01 12:48:09	1	3	15	0
        110355	2026-07-01 12:48:12	1	3	15	0
        119282	2026-07-01 12:48:16	1	3	15	0
        119272	2026-07-01 12:48:59	1	3	15	0
        118186	2026-07-01 12:49:01	1	3	15	0
        117660	2026-07-01 12:49:27	1	3	15	0
        117110	2026-07-01 12:49:30	1	3	15	0
        116747	2026-07-01 12:49:44	1	3	15	0
        118702	2026-07-01 12:49:53	1	3	15	0
        117487	2026-07-01 12:49:55	1	3	15	0
        116166	2026-07-01 12:49:58	1	3	15	0
        116297	2026-07-01 12:50:02	1	3	15	0
        116356	2026-07-01 12:50:49	1	3	15	0
        117061	2026-07-01 12:50:51	1	3	15	0
        117580	2026-07-01 12:50:52	1	3	15	0
        116805	2026-07-01 12:50:59	1	3	15	0
        119272	2026-07-01 12:51:06	1	3	15	0
        118369	2026-07-01 12:51:10	1	3	15	0
        116483	2026-07-01 12:51:20	1	3	15	0
        119364	2026-07-01 12:51:21	1	3	15	0
        118455	2026-07-01 12:51:23	1	3	15	0
        117259	2026-07-01 12:51:26	1	3	15	0
        110057	2026-07-01 12:51:28	1	3	15	0
        118186	2026-07-01 12:52:07	1	3	15	0
        117591	2026-07-01 12:52:20	1	3	15	0
        117133	2026-07-01 12:52:33	1	3	15	0
        117725	2026-07-01 12:52:46	1	3	15	0
        110833	2026-07-01 12:53:06	1	3	15	0
        116356	2026-07-01 12:53:21	1	3	15	0
        118369	2026-07-01 12:53:23	1	3	15	0
        117061	2026-07-01 12:53:24	1	3	15	0
        117580	2026-07-01 12:53:28	1	3	15	0
        116805	2026-07-01 12:53:33	1	3	15	0
        110360	2026-07-01 12:53:39	1	3	15	0
        119143	2026-07-01 12:54:26	1	3	15	0
        110452	2026-07-01 12:55:00	1	3	15	0
        116483	2026-07-01 12:55:09	1	3	15	0
        118455	2026-07-01 12:55:12	1	3	15	0
        117259	2026-07-01 12:55:15	1	3	15	0
        118493	2026-07-01 12:55:41	1	3	15	0
        117023	2026-07-01 12:55:44	1	3	15	0
        116095	2026-07-01 12:55:47	1	3	15	0
        110567	2026-07-01 12:55:49	1	3	15	0
        117725	2026-07-01 12:55:54	1	3	15	0
        118867	2026-07-01 12:57:29	1	3	15	0
        117999	2026-07-01 12:57:54	1	3	15	0
        110356	2026-07-01 12:58:01	1	3	15	0
        117196	2026-07-01 12:58:51	1	3	15	0
        117091	2026-07-01 12:58:54	1	3	15	0
        118867	2026-07-01 12:59:18	1	3	15	0
        117966	2026-07-01 12:59:20	1	3	15	0
        110085	2026-07-01 12:59:30	1	3	15	0
        117091	2026-07-01 13:00:01	1	3	15	0
        110839	2026-07-01 13:03:09	1	3	15	0
        117635	2026-07-01 13:03:57	1	3	15	0
        110839	2026-07-01 13:04:46	1	3	15	0
        116531	2026-07-01 14:25:09	1	3	15	0
        116310	2026-07-01 14:25:16	1	3	15	0
        118101	2026-07-01 16:01:17	1	1	15	0
        117043	2026-07-01 16:04:14	1	1	15	0
        117983	2026-07-01 16:04:19	1	1	15	0
        117224	2026-07-01 16:11:00	1	1	15	0
        118750	2026-07-01 16:11:53	1	1	15	0
        116914	2026-07-01 16:12:49	1	1	15	0
        116741	2026-07-01 16:32:43	1	1	15	0
        110462	2026-07-01 16:34:04	1	1	15	0
        117230	2026-07-01 16:34:14	1	1	1	0
        118593	2026-07-01 16:38:50	1	1	15	0
        118207	2026-07-01 16:40:20	1	1	15	0
        117110	2026-07-01 16:45:15	1	1	15	0
        110074	2026-07-01 16:54:33	1	1	15	0
        116479	2026-07-01 17:00:12	1	1	15	0
        117733	2026-07-01 17:00:21	1	1	15	0
        118550	2026-07-01 17:00:37	1	1	15	0
        110493	2026-07-01 17:01:10	1	1	15	0
        110529	2026-07-01 17:01:14	1	1	15	0
        116297	2026-07-01 17:01:24	1	1	15	0
        110839	2026-07-01 17:02:13	1	1	15	0
        110808	2026-07-01 17:02:15	1	1	15	0
        110834	2026-07-01 17:02:32	1	1	15	0
        116491	2026-07-01 17:03:03	1	1	15	0
        110832	2026-07-01 17:03:11	1	1	15	0
        110840	2026-07-01 17:03:45	1	1	15	0
        110853	2026-07-01 17:04:12	1	1	15	0
        110785	2026-07-01 17:04:53	1	1	15	0
        119493	2026-07-01 17:05:36	1	1	15	0
        110447	2026-07-01 17:05:38	1	1	15	0
        117054	2026-07-01 17:05:51	1	1	15	0
        110452	2026-07-01 17:06:14	1	1	15	0
        110376	2026-07-01 17:06:41	1	1	15	0
        116166	2026-07-01 17:06:50	1	1	15	0
        117635	2026-07-01 17:06:54	1	1	15	0
        110805	2026-07-01 17:07:21	1	1	15	0
        110356	2026-07-01 17:07:27	1	1	15	0
        110355	2026-07-01 17:07:28	1	1	15	0
        110810	2026-07-01 17:08:06	1	1	15	0
        117644	2026-07-01 17:08:26	1	1	15	0
        110852	2026-07-01 17:09:01	1	1	15	0
        117061	2026-07-01 17:09:13	1	1	15	0
        110625	2026-07-01 17:09:58	1	1	15	0
        117833	2026-07-01 17:10:14	1	1	15	0
        117930	2026-07-01 17:10:16	1	1	15	0
        116252	2026-07-01 17:11:43	1	1	15	0
        110510	2026-07-01 17:11:45	1	1	15	0
        110807	2026-07-01 17:12:10	1	1	15	0
        110842	2026-07-01 17:12:14	1	1	15	0
        110854	2026-07-01 17:12:26	1	1	15	0
        116763	2026-07-01 17:12:49	1	1	15	0
        110450	2026-07-01 17:13:38	1	1	15	0
        116504	2026-07-01 17:13:53	1	1	15	0
        117680	2026-07-01 17:15:17	1	1	15	0
        118971	2026-07-01 17:16:46	1	1	15	0
        116260	2026-07-01 17:17:45	1	1	15	0
        116346	2026-07-01 17:18:12	1	1	15	0
        118180	2026-07-01 17:18:21	1	1	15	0
        117111	2026-07-01 17:18:25	1	1	15	0
        110070	2026-07-01 17:18:35	1	1	15	0
        116428	2026-07-01 17:18:41	1	1	15	0
        116129	2026-07-01 17:20:38	1	1	15	0
        117591	2026-07-01 17:22:12	1	1	15	0
        118186	2026-07-01 17:25:49	1	1	15	0
        110424	2026-07-01 17:28:32	1	1	15	0
        117121	2026-07-01 17:28:53	1	1	15	0
        117567	2026-07-01 17:31:33	1	1	15	0
        110492	2026-07-01 17:32:50	1	1	15	0
        117630	2026-07-01 17:33:28	1	1	15	0
        117222	2026-07-01 17:36:04	1	1	15	0
        117144	2026-07-01 17:36:08	1	1	15	0
        118455	2026-07-01 17:36:44	1	1	15	0
        117156	2026-07-01 17:38:15	1	1	15	0
        117103	2026-07-01 17:39:41	1	1	15	0
        116497	2026-07-01 17:40:44	1	1	15	0
        116072	2026-07-01 17:40:46	1	1	15	0
        117497	2026-07-01 17:41:28	1	1	15	0
        110495	2026-07-01 17:41:31	1	1	15	0
        116805	2026-07-01 17:42:20	1	1	15	0
        118369	2026-07-01 17:42:22	1	1	15	0
        117981	2026-07-01 17:42:48	1	1	15	0
        117924	2026-07-01 17:42:49	1	1	15	0
        110833	2026-07-01 17:42:53	1	1	15	0
        117972	2026-07-01 17:42:55	1	1	15	0
        117580	2026-07-01 17:42:57	1	1	15	0
        117616	2026-07-01 17:43:05	1	1	15	0
        119272	2026-07-01 17:43:45	1	1	15	0
        110354	2026-07-01 17:43:58	1	1	15	0
        116279	2026-07-01 17:44:01	1	1	15	0
        117835	2026-07-01 17:44:13	1	1	15	0
        117543	2026-07-01 17:44:34	1	1	15	0
        117122	2026-07-01 17:44:38	1	1	15	0
        117259	2026-07-01 17:44:41	1	1	15	0
        110457	2026-07-01 17:44:56	1	1	15	0
        110528	2026-07-01 17:45:00	1	1	15	0
        116441	2026-07-01 17:46:07	1	1	15	0
        117114	2026-07-01 17:46:17	1	1	15	0
        117814	2026-07-01 17:46:47	1	1	15	0
        119453	2026-07-01 17:47:03	1	1	15	0
        110657	2026-07-01 17:47:12	1	1	15	0
        117660	2026-07-01 17:48:22	1	1	15	0
        110513	2026-07-01 17:48:53	1	1	15	0
        110195	2026-07-01 17:50:30	1	1	15	0
        117723	2026-07-01 17:51:36	1	1	15	0
        110131	2026-07-01 17:52:01	1	1	15	0
        118046	2026-07-01 17:53:11	1	1	15	0
        118702	2026-07-01 17:54:49	1	1	15	0
        117487	2026-07-01 17:54:57	1	1	15	0
        117100	2026-07-01 17:55:05	1	1	15	0
        116748	2026-07-01 17:55:42	1	1	15	0
        110158	2026-07-01 17:55:44	1	1	15	0
        117091	2026-07-01 17:55:48	1	1	15	0
        119449	2026-07-01 17:57:24	1	1	15	0
        110632	2026-07-01 17:57:34	1	1	15	0
        110088	2026-07-01 17:57:38	1	1	15	0
        110580	2026-07-01 17:58:48	1	1	15	0
        110581	2026-07-01 17:58:52	1	1	15	0
        110436	2026-07-01 18:00:17	1	1	15	0
        110819	2026-07-01 18:00:30	1	1	15	0
        110172	2026-07-01 18:00:44	1	1	15	0
        116477	2026-07-01 18:00:49	1	1	15	0
        116073	2026-07-01 18:00:56	1	1	15	0
        117201	2026-07-01 18:01:07	1	1	15	0
        110077	2026-07-01 18:01:32	1	1	15	0
        117692	2026-07-01 18:02:09	1	1	15	0
        116831	2026-07-01 18:02:24	1	1	15	0
        118992	2026-07-01 18:02:42	1	1	15	0
        116902	2026-07-01 18:02:46	1	1	15	0
        110418	2026-07-01 18:02:54	1	1	15	0
        117528	2026-07-01 18:03:17	1	1	15	0
        118563	2026-07-01 18:03:22	1	1	15	0
        117786	2026-07-01 18:03:37	1	1	15	0
        110465	2026-07-01 18:03:41	1	1	15	0
        117092	2026-07-01 18:03:46	1	1	15	0
        110463	2026-07-01 18:03:48	1	1	15	0
        110128	2026-07-01 18:03:52	1	1	15	0
        116232	2026-07-01 18:04:05	1	1	15	0
        110527	2026-07-01 18:04:40	1	1	15	0
        116053	2026-07-01 18:05:24	1	1	15	0
        110574	2026-07-01 18:05:59	1	1	15	0
        117162	2026-07-01 18:06:42	1	1	15	0
        110360	2026-07-01 18:06:46	1	1	15	0
        117817	2026-07-01 18:07:43	1	1	15	0
        116142	2026-07-01 18:08:10	1	1	15	0
        117921	2026-07-01 18:08:17	1	1	15	0
        110085	2026-07-01 18:08:38	1	1	15	0
        118695	2026-07-01 18:09:28	1	1	15	0
        117966	2026-07-01 18:09:31	1	1	15	0
        117337	2026-07-01 18:10:08	1	1	15	0
        116551	2026-07-01 18:10:27	1	1	15	0
        110105	2026-07-01 18:10:42	1	1	15	0
        116747	2026-07-01 18:11:17	1	1	15	0
        110090	2026-07-01 18:12:13	1	1	15	0
        117936	2026-07-01 18:12:30	1	1	15	0
        117529	2026-07-01 18:12:46	1	1	15	0
        116496	2026-07-01 18:13:04	1	1	15	0
        117212	2026-07-01 18:14:05	1	1	15	0
        118744	2026-07-01 18:15:07	1	1	15	0
        116451	2026-07-01 18:15:17	1	1	15	0
        117092	2026-07-01 18:15:25	1	1	15	0
        110378	2026-07-01 18:15:49	1	1	15	0
        110538	2026-07-01 18:16:40	1	1	15	0
        117196	2026-07-01 18:17:07	1	1	15	0
        110113	2026-07-01 18:18:32	1	1	15	0
        117483	2026-07-01 18:19:06	1	1	15	0
        117839	2026-07-01 18:19:10	1	1	15	0
        119143	2026-07-01 18:19:11	1	1	15	0
        117575	2026-07-01 18:19:14	1	1	15	0
        117770	2026-07-01 18:20:06	1	1	15	0
        110836	2026-07-01 18:21:05	1	1	15	0
        110844	2026-07-01 18:21:11	1	1	15	0
        110816	2026-07-01 18:21:15	1	1	15	0
        110507	2026-07-01 18:21:29	1	1	15	0
        117769	2026-07-01 18:21:51	1	1	15	0
        117838	2026-07-01 18:21:55	1	1	1	0
        116824	2026-07-01 18:22:18	1	1	15	0
        110199	2026-07-01 18:22:25	1	1	15	0
        117926	2026-07-01 18:22:47	1	1	15	0
        110116	2026-07-01 18:25:32	1	1	15	0
        110116	2026-07-01 18:28:22	1	1	15	0
        118761	2026-07-01 18:30:41	1	1	15	0
        110549	2026-07-01 18:31:33	1	1	15	0
        110431	2026-07-01 18:31:37	1	1	15	0
        117541	2026-07-01 18:31:41	1	1	15	0
        119364	2026-07-01 18:33:32	1	1	15	0
        110057	2026-07-01 18:33:34	1	1	15	0
        117849	2026-07-01 18:33:41	1	1	15	0
        117709	2026-07-01 18:33:43	1	1	15	0
        117711	2026-07-01 18:33:50	1	1	15	0
        116960	2026-07-01 18:34:47	1	1	15	0
        110370	2026-07-01 18:34:53	1	1	15	0
        117085	2026-07-01 18:34:58	1	1	15	0
        119386	2026-07-01 18:37:39	1	1	15	0
        118732	2026-07-01 18:39:29	1	1	15	0
        110100	2026-07-01 18:41:44	1	1	15	0
        117645	2026-07-01 18:41:56	1	1	15	0
        117046	2026-07-01 18:43:25	1	1	15	0
        110197	2026-07-01 18:43:29	1	1	15	0
        118580	2026-07-01 18:43:46	1	1	15	0
        110084	2026-07-01 18:43:49	1	1	15	0
        110050	2026-07-01 18:44:02	1	1	15	0
        117900	2026-07-01 18:44:08	1	1	15	0
        110817	2026-07-01 18:44:12	1	1	15	0
        118741	2026-07-01 18:44:19	1	1	15	0
        110065	2026-07-01 18:44:23	1	1	15	0
        117133	2026-07-01 18:45:01	1	1	15	0
        116799	2026-07-01 18:46:22	1	1	15	0
        118580	2026-07-01 18:46:53	1	1	15	0
        117811	2026-07-01 18:46:57	1	1	15	0
        110633	2026-07-01 18:47:00	1	1	15	0
        118782	2026-07-01 18:48:17	1	1	15	0
        110006	2026-07-01 18:49:36	1	1	15	0
        117113	2026-07-01 18:50:36	1	1	15	0
        110645	2026-07-01 18:50:39	1	1	15	0
        110828	2026-07-01 18:50:41	1	1	15	0
        119263	2026-07-01 18:51:12	1	1	15	0
        116356	2026-07-01 18:54:58	1	1	15	0
        116990	2026-07-01 18:55:11	1	1	15	0
        117236	2026-07-01 19:00:30	1	1	15	0
        117841	2026-07-01 19:01:04	1	1	1	0
        117815	2026-07-01 19:01:16	1	1	15	0
        117659	2026-07-01 19:01:19	1	1	15	0
        119583	2026-07-01 19:01:36	1	1	15	0
        110196	2026-07-01 19:01:52	1	1	15	0
        118458	2026-07-01 19:01:58	1	1	15	0
        117915	2026-07-01 19:02:19	1	1	15	0
        117634	2026-07-01 19:02:28	1	1	15	0
        119282	2026-07-01 19:03:36	1	1	15	0
        118427	2026-07-01 19:03:52	1	1	15	0
        117023	2026-07-01 19:03:57	1	1	15	0
        110201	2026-07-01 19:04:03	1	1	15	0
        117725	2026-07-01 19:04:11	1	1	15	0
        110371	2026-07-01 19:04:40	1	1	15	0
        110567	2026-07-01 19:04:45	1	1	15	0
        116095	2026-07-01 19:04:50	1	1	15	0
        118493	2026-07-01 19:05:09	1	1	15	0
        116828	2026-07-01 19:05:15	1	1	1	0
        110475	2026-07-01 19:07:58	1	1	15	0
        117971	2026-07-01 19:08:04	1	1	15	0
        110060	2026-07-01 19:08:28	1	1	15	0
        116531	2026-07-01 19:09:25	1	1	15	0
        116310	2026-07-01 19:09:34	1	1	15	0
        118598	2026-07-01 19:09:46	1	1	15	0
        110456	2026-07-01 19:10:54	1	1	15	0
        110063	2026-07-01 19:11:49	1	1	15	0
        117982	2026-07-01 19:12:13	1	1	15	0
        116096	2026-07-01 19:14:43	1	1	1	0
        117742	2026-07-01 19:14:47	1	1	1	0
        116069	2026-07-01 19:14:58	1	1	15	0
        116070	2026-07-01 19:15:04	1	1	1	0
        117807	2026-07-01 19:15:10	1	1	15	0
        110040	2026-07-01 19:15:29	1	1	15	0
        119157	2026-07-01 19:15:31	1	1	15	0
        116483	2026-07-01 19:16:08	1	1	15	0
        117999	2026-07-01 19:16:50	1	1	15	0
        110413	2026-07-01 19:17:00	1	1	15	0
        117699	2026-07-01 19:20:17	1	1	15	0
        116933	2026-07-01 19:20:22	1	1	15	0
        118867	2026-07-01 19:22:49	1	1	15	0
        117542	2026-07-01 19:31:41	1	1	15	0
        110025	2026-07-01 19:46:57	1	1	15	0
        110075	2026-07-01 19:53:51	1	1	15	0
        110055	2026-07-01 20:23:45	1	1	15	0
        117201	2026-07-02 04:49:21	1	0	15	0
        118992	2026-07-02 06:06:42	1	0	15	0
        117645	2026-07-02 06:14:46	1	0	15	0
        119070	2026-07-02 06:30:05	1	0	15	0
        110050	2026-07-02 06:39:04	1	0	15	0
        110819	2026-07-02 06:39:21	1	0	15	0
        116551	2026-07-02 06:40:36	1	0	15	0
        110465	2026-07-02 06:42:13	1	0	15	0
        116914	2026-07-02 06:43:13	1	0	15	0
        117129	2026-07-02 06:45:09	1	0	15	0
        116232	2026-07-02 06:46:02	1	0	15	0
        110580	2026-07-02 06:47:03	1	0	15	0
        110844	2026-07-02 06:47:25	1	0	15	0
        118744	2026-07-02 06:47:44	1	0	15	0
        110574	2026-07-02 06:49:30	1	0	15	0
        117983	2026-07-02 06:51:44	1	0	15	0
        116831	2026-07-02 06:53:04	1	0	15	0
        117043	2026-07-02 06:54:10	1	0	15	0
        110085	2026-07-02 06:54:36	1	0	15	0
        117111	2026-07-02 06:54:47	1	0	15	0
        110085	2026-07-02 06:55:48	1	0	15	0
        118493	2026-07-02 06:58:08	1	0	15	0
        117835	2026-07-02 06:58:14	1	0	15	0
        110527	2026-07-02 07:00:53	1	0	15	0
        118750	2026-07-02 07:00:58	1	0	15	0
        110836	2026-07-02 07:02:18	1	0	15	0
        110581	2026-07-02 07:02:28	1	0	15	0
        116741	2026-07-02 07:02:34	1	0	15	0
        117936	2026-07-02 07:02:46	1	0	15	0
        110113	2026-07-02 07:03:08	1	0	15	0
        110466	2026-07-02 07:03:53	1	0	15	0
        117966	2026-07-02 07:05:23	1	0	15	0
        118101	2026-07-02 07:05:39	1	0	15	0
        110060	2026-07-02 07:06:42	1	0	15	0
        117699	2026-07-02 07:06:53	1	0	15	0
        110549	2026-07-02 07:07:15	1	0	15	0
        116748	2026-07-02 07:07:41	1	0	15	0
        117224	2026-07-02 07:08:18	1	0	15	0
        117110	2026-07-02 07:08:45	1	0	15	0
        117092	2026-07-02 07:08:52	1	0	15	0
        117770	2026-07-02 07:10:17	1	0	15	0
        116960	2026-07-02 07:10:35	1	0	15	0
        110199	2026-07-02 07:10:44	1	0	15	0
        116751	2026-07-02 07:10:55	1	0	15	0
        116512	2026-07-02 07:10:58	1	0	15	0
        117838	2026-07-02 07:12:20	1	0	1	0
        110834	2026-07-02 07:13:04	1	0	15	0
        110842	2026-07-02 07:13:18	1	0	15	0
        116479	2026-07-02 07:14:40	1	0	15	0
        110538	2026-07-02 07:14:45	1	0	15	0
        117054	2026-07-02 07:15:07	1	0	15	0
        110529	2026-07-02 07:15:10	1	0	15	0
        117839	2026-07-02 07:15:15	1	0	15	0
        118640	2026-07-02 07:15:33	1	0	15	0
        110074	2026-07-02 07:15:59	1	0	15	0
        110371	2026-07-02 07:16:08	1	0	15	0
        118598	2026-07-02 07:16:32	1	0	15	0
        117483	2026-07-02 07:19:12	1	0	15	0
        110816	2026-07-02 07:20:43	1	0	15	0
        110065	2026-07-02 07:20:58	1	0	15	0
        118741	2026-07-02 07:21:00	1	0	15	0
        118593	2026-07-02 07:21:02	1	0	15	0
        110854	2026-07-02 07:21:05	1	0	15	0
        116491	2026-07-02 07:21:56	1	0	15	0
        110360	2026-07-02 07:22:27	1	0	15	0
        117133	2026-07-02 07:22:31	1	0	15	0
        116142	2026-07-02 07:22:33	1	0	15	0
        116496	2026-07-02 07:22:47	1	0	15	0
        116799	2026-07-02 07:23:28	1	0	15	0
        117900	2026-07-02 07:23:48	1	0	15	0
        110817	2026-07-02 07:23:53	1	0	15	0
        110462	2026-07-02 07:24:34	1	0	15	0
        110378	2026-07-02 07:24:50	1	0	15	0
        110196	2026-07-02 07:24:56	1	0	15	0
        117487	2026-07-02 07:25:19	1	0	15	0
        117769	2026-07-02 07:25:45	1	0	15	0
        117711	2026-07-02 07:26:15	1	0	15	0
        110832	2026-07-02 07:26:50	1	0	15	0
        117230	2026-07-02 07:27:03	1	0	1	0
        119449	2026-07-02 07:28:13	1	0	15	0
        110507	2026-07-02 07:29:01	1	0	15	0
        110084	2026-07-02 07:29:17	1	0	15	0
        110456	2026-07-02 07:29:23	1	0	15	0
        119272	2026-07-02 07:31:24	1	0	15	0
        110852	2026-07-02 07:31:44	1	0	15	0
        117113	2026-07-02 07:32:55	1	0	15	0
        110859	2026-07-02 07:33:46	1	0	15	0
        110625	2026-07-02 07:33:55	1	0	15	0
        118702	2026-07-02 07:34:05	1	0	15	0
        117733	2026-07-02 07:35:10	1	0	15	0
        116422	2026-07-02 07:35:20	1	0	15	0
        119453	2026-07-02 07:35:29	1	0	15	0
        117817	2026-07-02 07:35:38	1	0	15	0
        110840	2026-07-02 07:35:53	1	0	15	0
        118046	2026-07-02 07:37:17	1	0	15	0
        117259	2026-07-02 07:37:59	1	0	15	0
        110810	2026-07-02 07:38:56	1	0	15	0
        116824	2026-07-02 07:39:00	1	0	15	0
        110828	2026-07-02 07:39:06	1	0	15	0
        110645	2026-07-02 07:39:08	1	0	15	0
        110450	2026-07-02 07:39:10	1	0	15	0
        117982	2026-07-02 07:39:15	1	0	15	0
        110367	2026-07-02 07:39:36	1	0	15	0
        110567	2026-07-02 07:40:37	1	0	15	0
        118862	2026-07-02 07:40:40	1	0	15	0
        116297	2026-07-02 07:41:53	1	0	15	0
        110785	2026-07-02 07:41:57	1	0	15	0
        117981	2026-07-02 07:43:11	1	0	15	0
        110853	2026-07-02 07:43:15	1	0	15	0
        117921	2026-07-02 07:44:13	1	0	15	0
        110063	2026-07-02 07:46:03	1	0	15	0
        117972	2026-07-02 07:46:19	1	0	15	0
        110632	2026-07-02 07:46:50	1	0	15	0
        110807	2026-07-02 07:47:32	1	0	15	0
        117341	2026-07-02 07:48:09	1	0	15	0
        116537	2026-07-02 07:48:13	1	0	15	0
        118427	2026-07-02 07:48:16	1	0	15	0
        117811	2026-07-02 07:48:39	1	0	15	0
        117680	2026-07-02 07:48:43	1	0	15	0
        110393	2026-07-02 07:49:18	1	0	15	0
        110376	2026-07-02 07:49:39	1	0	15	0
        110493	2026-07-02 07:49:44	1	0	15	0
        110492	2026-07-02 07:50:01	1	0	15	0
        110356	2026-07-02 07:50:06	1	0	15	0
        110355	2026-07-02 07:50:08	1	0	15	0
        110805	2026-07-02 07:50:09	1	0	15	0
        117580	2026-07-02 07:50:13	1	0	15	0
        118550	2026-07-02 07:50:37	1	0	15	0
        110473	2026-07-02 07:50:42	1	0	15	0
        116504	2026-07-02 07:51:11	1	0	15	0
        110463	2026-07-02 07:51:21	1	0	15	0
        118369	2026-07-02 07:51:46	1	0	15	0
        117723	2026-07-02 07:51:50	1	0	15	0
        116129	2026-07-02 07:51:52	1	0	15	0
        110131	2026-07-02 07:52:50	1	0	15	0
        117061	2026-07-02 07:52:58	1	0	15	0
        117542	2026-07-02 07:53:22	1	0	15	0
        117591	2026-07-02 07:53:34	1	0	15	0
        117707	2026-07-02 07:53:43	1	0	15	0
        117841	2026-07-02 07:53:57	1	0	15	0
        116310	2026-07-02 07:54:17	1	0	15	0
        118207	2026-07-02 07:55:04	1	0	15	0
        117543	2026-07-02 07:55:09	1	0	15	0
        110025	2026-07-02 07:55:15	1	0	15	0
        117930	2026-07-02 07:55:49	1	0	15	0
        110006	2026-07-02 07:56:08	1	0	15	0
        116497	2026-07-02 07:56:14	1	0	15	0
        110197	2026-07-02 07:56:18	1	0	15	0
        116383	2026-07-02 07:56:24	1	0	15	0
        118458	2026-07-02 07:56:53	1	0	15	0
        110105	2026-07-02 07:56:57	1	0	15	0
        117725	2026-07-02 07:57:53	1	0	15	0
        116828	2026-07-02 07:58:05	1	0	1	0
        117684	2026-07-02 07:58:32	1	0	15	0
        116933	2026-07-02 07:58:52	1	0	15	0
        118455	2026-07-02 07:59:41	1	0	15	0
        110808	2026-07-02 07:59:45	1	0	15	0
        116356	2026-07-02 07:59:54	1	0	15	0
        110475	2026-07-02 08:00:07	1	0	15	0
        117660	2026-07-02 08:00:29	1	0	15	0
        110833	2026-07-02 08:00:44	1	0	15	0
        117815	2026-07-02 08:01:02	1	0	15	0
        116096	2026-07-02 08:01:11	1	0	1	0
        110201	2026-07-02 08:01:28	1	0	15	0
        117924	2026-07-02 08:01:43	1	0	15	0
        118563	2026-07-02 08:01:44	1	0	15	0
        110424	2026-07-02 08:03:15	1	0	15	0
        116472	2026-07-02 08:03:17	1	0	15	0
        116849	2026-07-02 08:03:22	1	0	15	0
        116531	2026-07-02 08:03:28	1	0	15	0
        117162	2026-07-02 08:03:49	1	0	15	0
        110158	2026-07-02 08:04:26	1	0	15	0
        116483	2026-07-02 08:05:19	1	0	15	0
        116995	2026-07-02 08:05:25	1	0	15	0
        110452	2026-07-02 08:05:31	1	0	15	0
        110528	2026-07-02 08:06:04	1	0	15	0
        116763	2026-07-02 08:06:10	1	0	15	0
        110457	2026-07-02 08:06:29	1	0	15	0
        116072	2026-07-02 08:06:36	1	0	15	0
        117635	2026-07-02 08:06:44	1	0	15	0
        116346	2026-07-02 08:07:19	1	0	15	0
        117742	2026-07-02 08:07:30	1	0	15	0
        118180	2026-07-02 08:07:45	1	0	15	0
        119364	2026-07-02 08:07:50	1	0	15	0
        110839	2026-07-02 08:07:53	1	0	15	0
        116428	2026-07-02 08:08:23	1	0	15	0
        110447	2026-07-02 08:08:38	1	0	15	0
        116069	2026-07-02 08:08:52	1	0	15	0
        110431	2026-07-02 08:09:13	1	0	15	0
        119493	2026-07-02 08:09:50	1	0	15	0
        117630	2026-07-02 08:10:18	1	0	15	0
        117222	2026-07-02 08:10:25	1	0	15	0
        117114	2026-07-02 08:10:43	1	0	15	0
        110195	2026-07-02 08:10:47	1	0	15	0
        117196	2026-07-02 08:12:29	1	0	15	0
        116070	2026-07-02 08:12:59	1	0	15	0
        118695	2026-07-02 08:13:19	1	0	15	0
        118867	2026-07-02 08:14:32	1	0	15	0
        119157	2026-07-02 08:15:34	1	0	15	0
        110055	2026-07-02 08:15:40	1	0	15	0
        110040	2026-07-02 08:16:46	1	0	15	0
        118971	2026-07-02 08:17:07	1	0	15	0
        117833	2026-07-02 08:18:04	1	0	15	0
        110070	2026-07-02 08:18:12	1	0	15	0
        116279	2026-07-02 08:18:31	1	0	15	0
        117567	2026-07-02 08:19:14	1	0	15	0
        117541	2026-07-02 08:19:18	1	0	15	0
        117528	2026-07-02 08:22:14	1	0	15	0
        110354	2026-07-02 08:24:09	1	0	15	0
        117121	2026-07-02 08:24:44	1	0	15	0
        119282	2026-07-02 08:27:09	1	0	15	0
        117807	2026-07-02 08:28:09	1	0	15	0
        117046	2026-07-02 08:29:04	1	0	15	0
        116805	2026-07-02 08:29:16	1	0	15	0
        110633	2026-07-02 08:29:47	1	0	15	0
        117709	2026-07-02 08:30:48	1	0	15	0
        117103	2026-07-02 08:30:53	1	0	15	0
        118186	2026-07-02 08:31:31	1	0	15	0
        116095	2026-07-02 08:32:18	1	0	15	0
        116252	2026-07-02 08:33:07	1	0	15	0
        110077	2026-07-02 08:33:33	1	0	15	0
        118753	2026-07-02 08:34:59	1	0	15	0
        117085	2026-07-02 08:35:12	1	0	15	0
        117849	2026-07-02 08:35:27	1	0	15	0
        117144	2026-07-02 08:35:43	1	0	15	0
        117616	2026-07-02 08:37:07	1	0	15	0
        117814	2026-07-02 08:38:56	1	0	15	0
        110090	2026-07-02 08:38:59	1	0	15	0
        110116	2026-07-02 08:39:11	1	0	15	0
        110088	2026-07-02 08:39:15	1	0	15	0
        116451	2026-07-02 08:40:12	1	0	15	0
        110513	2026-07-02 08:41:19	1	0	15	0
        119227	2026-07-02 08:43:04	1	0	15	0
        110075	2026-07-02 08:43:25	1	0	15	0
        116073	2026-07-02 08:43:46	1	0	15	0
        110495	2026-07-02 08:45:19	1	0	15	0
        117915	2026-07-02 08:45:43	1	0	15	0
        117634	2026-07-02 08:45:48	1	0	15	0
        117337	2026-07-02 08:45:59	1	0	15	0
        116902	2026-07-02 08:46:16	1	0	1	0
        110657	2026-07-02 08:46:48	1	0	15	0
        110418	2026-07-02 08:46:51	1	0	15	0
        118782	2026-07-02 08:46:54	1	0	15	0
        116747	2026-07-02 08:47:10	1	0	15	0
        110057	2026-07-02 08:47:18	1	0	15	0
        117122	2026-07-02 08:47:21	1	0	15	0
        116477	2026-07-02 08:47:46	1	0	15	0
        117156	2026-07-02 08:49:41	1	0	15	0
        117786	2026-07-02 08:52:20	1	0	15	0
        117100	2026-07-02 08:52:23	1	0	15	0
        118761	2026-07-02 08:53:16	1	0	15	0
        110436	2026-07-02 08:55:54	1	0	15	0
        117659	2026-07-02 08:56:06	1	0	15	0
        117236	2026-07-02 08:56:35	1	0	15	0
        117692	2026-07-02 08:56:55	1	0	15	0
        116053	2026-07-02 08:57:21	1	0	15	0
        110172	2026-07-02 09:07:38	1	0	15	0
        116260	2026-07-02 09:11:24	1	0	15	0
        117575	2026-07-02 09:13:08	1	0	15	0
        117529	2026-07-02 09:40:12	1	0	15	0
        117091	2026-07-02 10:01:17	1	0	15	0
        116990	2026-07-02 10:13:23	1	0	15	0
        117023	2026-07-02 10:50:08	1	0	15	0
        117224	2026-07-02 12:00:29	1	2	15	0
        110549	2026-07-02 12:00:32	1	2	15	0
        110431	2026-07-02 12:00:35	1	2	15	0
        110832	2026-07-02 12:00:38	1	2	15	0
        110463	2026-07-02 12:00:43	1	2	15	0
        117680	2026-07-02 12:00:45	1	2	15	0
        110810	2026-07-02 12:00:47	1	2	15	0
        110465	2026-07-02 12:00:52	1	2	15	0
        110842	2026-07-02 12:00:55	1	2	15	0
        110854	2026-07-02 12:01:01	1	2	15	0
        116914	2026-07-02 12:01:08	1	2	15	0
        116902	2026-07-02 12:01:13	1	2	1	0
        117983	2026-07-02 12:01:19	1	2	15	0
        117930	2026-07-02 12:01:21	1	2	15	0
        110452	2026-07-02 12:01:23	1	2	15	0
        110088	2026-07-02 12:01:25	1	2	15	0
        110456	2026-07-02 12:01:27	1	2	15	0
        117114	2026-07-02 12:01:29	1	2	15	0
        110199	2026-07-02 12:01:31	1	2	15	0
        116741	2026-07-02 12:01:33	1	2	15	0
        110840	2026-07-02 12:01:35	1	2	15	0
        117833	2026-07-02 12:01:38	1	2	15	0
        110450	2026-07-02 12:01:40	1	2	15	0
        117542	2026-07-02 12:01:44	1	2	15	0
        119453	2026-07-02 12:01:46	1	2	15	0
        117616	2026-07-02 12:01:48	1	2	15	0
        117144	2026-07-02 12:01:50	1	2	15	0
        110625	2026-07-02 12:01:52	1	2	15	0
        116279	2026-07-02 12:01:53	1	2	15	0
        110378	2026-07-02 12:01:57	1	2	15	0
        117543	2026-07-02 12:02:00	1	2	15	0
        118750	2026-07-02 12:02:02	1	2	15	0
        117110	2026-07-02 12:02:04	1	2	15	0
        110527	2026-07-02 12:02:14	1	2	15	0
        110507	2026-07-02 12:02:17	1	2	15	0
        116491	2026-07-02 12:02:24	1	2	15	0
        116252	2026-07-02 12:02:28	1	2	15	0
        117046	2026-07-02 12:02:30	1	2	15	0
        118563	2026-07-02 12:02:33	1	2	15	0
        118207	2026-07-02 12:02:48	1	2	15	0
        117817	2026-07-02 12:02:50	1	2	15	0
        110424	2026-07-02 12:02:52	1	2	15	0
        117201	2026-07-02 12:02:58	1	2	15	0
        110632	2026-07-02 12:03:01	1	2	15	0
        117841	2026-07-02 12:03:03	1	2	15	0
        117129	2026-07-02 12:03:05	1	2	15	0
        117692	2026-07-02 12:03:07	1	2	15	0
        117162	2026-07-02 12:03:09	1	2	15	0
        110785	2026-07-02 12:03:15	1	2	15	0
        117709	2026-07-02 12:03:16	1	2	15	0
        117711	2026-07-02 12:03:18	1	2	15	0
        117567	2026-07-02 12:03:21	1	2	15	0
        116232	2026-07-02 12:03:23	1	2	15	0
        110436	2026-07-02 12:03:26	1	2	15	0
        117230	2026-07-02 12:03:41	1	2	1	0
        118550	2026-07-02 12:03:47	1	2	15	0
        110447	2026-07-02 12:03:50	1	2	15	0
        116995	2026-07-02 12:03:51	1	2	15	0
        110172	2026-07-02 12:03:54	1	2	15	0
        117054	2026-07-02 12:03:57	1	2	15	0
        116069	2026-07-02 12:03:59	1	2	15	0
        117807	2026-07-02 12:04:02	1	2	15	0
        117122	2026-07-02 12:04:06	1	2	15	0
        116279	2026-07-02 12:04:09	1	2	15	0
        110529	2026-07-02 12:04:11	1	2	15	0
        110859	2026-07-02 12:04:12	1	2	15	0
        117972	2026-07-02 12:04:15	1	2	15	0
        117259	2026-07-02 12:04:16	1	2	15	0
        117541	2026-07-02 12:04:18	1	2	15	0
        110839	2026-07-02 12:04:20	1	2	15	0
        110495	2026-07-02 12:04:22	1	2	15	0
        110528	2026-07-02 12:04:24	1	2	15	0
        110657	2026-07-02 12:04:26	1	2	15	0
        117849	2026-07-02 12:04:27	1	2	15	0
        117833	2026-07-02 12:04:29	1	2	15	0
        117930	2026-07-02 12:04:31	1	2	15	0
        116990	2026-07-02 12:04:33	1	2	15	0
        110070	2026-07-02 12:04:38	1	2	15	0
        110549	2026-07-02 12:04:41	1	2	15	0
        110431	2026-07-02 12:04:44	1	2	15	0
        110450	2026-07-02 12:04:46	1	2	15	0
        116070	2026-07-02 12:04:48	1	2	15	0
        117742	2026-07-02 12:04:51	1	2	1	0
        116763	2026-07-02 12:04:57	1	2	15	0
        116747	2026-07-02 12:04:59	1	2	15	0
        117542	2026-07-02 12:05:02	1	2	15	0
        118744	2026-07-02 12:05:04	1	2	15	0
        117529	2026-07-02 12:05:06	1	2	15	0
        118101	2026-07-02 12:05:10	1	2	15	0
        110840	2026-07-02 12:05:12	1	2	15	0
        117711	2026-07-02 12:05:17	1	2	15	0
        117709	2026-07-02 12:05:19	1	2	15	0
        110456	2026-07-02 12:05:21	1	2	15	0
        110199	2026-07-02 12:05:23	1	2	15	0
        118207	2026-07-02 12:05:25	1	2	15	0
        117817	2026-07-02 12:05:27	1	2	15	0
        110418	2026-07-02 12:05:29	1	2	15	0
        117100	2026-07-02 12:05:29	1	2	15	0
        110355	2026-07-02 12:05:34	1	2	15	0
        110832	2026-07-02 12:05:42	1	2	15	0
        116491	2026-07-02 12:05:46	1	2	15	0
        117046	2026-07-02 12:05:52	1	2	15	0
        118563	2026-07-02 12:05:56	1	2	15	0
        117733	2026-07-02 12:05:59	1	2	15	0
        116831	2026-07-02 12:06:06	1	2	15	0
        117054	2026-07-02 12:06:09	1	2	15	0
        110492	2026-07-02 12:06:13	1	2	15	0
        116914	2026-07-02 12:06:20	1	2	15	0
        116902	2026-07-02 12:06:24	1	2	15	0
        110113	2026-07-02 12:06:28	1	2	15	0
        110354	2026-07-02 12:06:31	1	2	15	0
        110356	2026-07-02 12:06:39	1	2	15	0
        110465	2026-07-02 12:06:41	1	2	15	0
        110463	2026-07-02 12:06:44	1	2	15	0
        110842	2026-07-02 12:06:46	1	2	15	0
        116472	2026-07-02 12:06:48	1	2	15	0
        110854	2026-07-02 12:06:50	1	2	15	0
        117849	2026-07-02 12:06:55	1	2	15	0
        117224	2026-07-02 12:06:58	1	2	15	0
        117983	2026-07-02 12:07:02	1	2	15	0
        110105	2026-07-02 12:07:08	1	2	15	0
        110805	2026-07-02 12:07:24	1	2	15	0
        110810	2026-07-02 12:07:35	1	2	15	0
        110172	2026-07-02 12:07:39	1	2	15	0
        116741	2026-07-02 12:07:41	1	2	15	0
        117201	2026-07-02 12:07:44	1	2	15	0
        117230	2026-07-02 12:07:49	1	2	15	0
        119227	2026-07-02 12:07:51	1	2	15	0
        118550	2026-07-02 12:07:54	1	2	15	0
        110447	2026-07-02 12:07:56	1	2	15	0
        110063	2026-07-02 12:08:07	1	2	15	0
        110376	2026-07-02 12:08:14	1	2	15	0
        116799	2026-07-02 12:08:26	1	2	15	0
        110195	2026-07-02 12:08:32	1	2	15	0
        110625	2026-07-02 12:08:53	1	2	15	0
        117543	2026-07-02 12:08:59	1	2	15	0
        110529	2026-07-02 12:09:11	1	2	15	0
        110839	2026-07-02 12:09:18	1	2	15	0
        110495	2026-07-02 12:09:19	1	2	15	0
        117733	2026-07-02 12:09:22	1	2	15	0
        117111	2026-07-02 12:09:25	1	2	15	0
        110657	2026-07-02 12:09:27	1	2	15	0
        116096	2026-07-02 12:09:32	1	2	1	0
        110436	2026-07-02 12:09:40	1	2	15	0
        110355	2026-07-02 12:09:42	1	2	15	0
        110492	2026-07-02 12:09:44	1	2	15	0
        116763	2026-07-02 12:09:46	1	2	15	0
        110418	2026-07-02 12:09:47	1	2	15	0
        116747	2026-07-02 12:09:49	1	2	15	0
        116472	2026-07-02 12:09:51	1	2	15	0
        116070	2026-07-02 12:09:53	1	2	15	0
        116990	2026-07-02 12:09:55	1	2	15	0
        117742	2026-07-02 12:09:56	1	2	15	0
        116069	2026-07-02 12:10:05	1	2	15	0
        117807	2026-07-02 12:10:10	1	2	15	0
        110354	2026-07-02 12:10:12	1	2	15	0
        110356	2026-07-02 12:10:15	1	2	15	0
        110088	2026-07-02 12:10:16	1	2	15	0
        116252	2026-07-02 12:10:18	1	2	15	0
        110060	2026-07-02 12:10:20	1	2	15	0
        116960	2026-07-02 12:10:27	1	2	15	0
        110065	2026-07-02 12:10:29	1	2	15	0
        118741	2026-07-02 12:10:32	1	2	15	0
        118761	2026-07-02 12:10:34	1	2	15	0
        110528	2026-07-02 12:10:37	1	2	15	0
        117162	2026-07-02 12:10:39	1	2	15	0
        110493	2026-07-02 12:10:47	1	2	15	0
        110808	2026-07-02 12:10:49	1	2	15	0
        116995	2026-07-02 12:10:56	1	2	15	0
        110859	2026-07-02 12:11:15	1	2	15	0
        110105	2026-07-02 12:11:19	1	2	15	0
        117567	2026-07-02 12:11:21	1	2	15	0
        116073	2026-07-02 12:11:24	1	2	15	0
        117129	2026-07-02 12:12:00	1	2	15	0
        116428	2026-07-02 12:12:29	1	2	15	0
        117236	2026-07-02 12:12:31	1	2	15	0
        119453	2026-07-02 12:12:35	1	2	15	0
        118593	2026-07-02 12:12:41	1	2	15	0
        116504	2026-07-02 12:12:45	1	2	15	0
        118046	2026-07-02 12:12:48	1	2	15	0
        116142	2026-07-02 12:13:07	1	2	15	0
        110853	2026-07-02 12:13:09	1	2	15	0
        116232	2026-07-02 12:13:12	1	2	15	0
        110197	2026-07-02 12:13:14	1	2	15	0
        117770	2026-07-02 12:13:17	1	2	15	0
        117924	2026-07-02 12:13:37	1	2	15	0
        116497	2026-07-02 12:13:39	1	2	15	0
        116072	2026-07-02 12:13:41	1	2	15	0
        110457	2026-07-02 12:13:43	1	2	15	0
        116260	2026-07-02 12:13:46	1	2	15	0
        110195	2026-07-02 12:13:50	1	2	15	0
        117092	2026-07-02 12:13:52	1	2	15	0
        117786	2026-07-02 12:13:55	1	2	15	0
        117529	2026-07-02 12:14:03	1	2	15	0
        110077	2026-07-02 12:14:06	1	2	15	0
        119157	2026-07-02 12:14:09	1	2	15	0
        110462	2026-07-02 12:14:18	1	2	15	0
        117699	2026-07-02 12:14:58	1	2	15	0
        110376	2026-07-02 12:15:03	1	2	15	0
        110090	2026-07-02 12:15:08	1	2	15	0
        110065	2026-07-02 12:15:13	1	2	15	0
        118741	2026-07-02 12:15:16	1	2	15	0
        110834	2026-07-02 12:15:17	1	2	15	0
        110060	2026-07-02 12:15:18	1	2	15	0
        118971	2026-07-02 12:15:23	1	2	15	0
        116831	2026-07-02 12:15:30	1	2	15	0
        110805	2026-07-02 12:15:32	1	2	15	0
        119227	2026-07-02 12:15:36	1	2	15	0
        119157	2026-07-02 12:15:41	1	2	15	0
        116960	2026-07-02 12:15:46	1	2	15	0
        110527	2026-07-02 12:15:53	1	2	15	0
        110513	2026-07-02 12:15:59	1	2	15	0
        117337	2026-07-02 12:16:00	1	2	15	0
        116504	2026-07-02 12:16:05	1	2	15	0
        117144	2026-07-02 12:16:07	1	2	15	0
        118695	2026-07-02 12:16:09	1	2	15	0
        118750	2026-07-02 12:16:11	1	2	15	0
        117110	2026-07-02 12:16:13	1	2	15	0
        117680	2026-07-02 12:16:22	1	2	15	0
        116799	2026-07-02 12:16:39	1	2	15	0
        116751	2026-07-02 12:16:41	1	2	15	0
        110070	2026-07-02 12:16:43	1	2	15	0
        116512	2026-07-02 12:16:51	1	2	15	0
        110507	2026-07-02 12:17:02	1	2	15	0
        117121	2026-07-02 12:17:05	1	2	15	0
        117156	2026-07-02 12:17:07	1	2	15	0
        118782	2026-07-02 12:17:09	1	2	15	0
        116828	2026-07-02 12:17:12	1	2	1	0
        118640	2026-07-02 12:17:20	1	2	15	0
        117770	2026-07-02 12:17:23	1	2	15	0
        116383	2026-07-02 12:17:25	1	2	15	0
        117659	2026-07-02 12:17:41	1	2	15	0
        117259	2026-07-02 12:17:43	1	2	15	0
        117541	2026-07-02 12:17:45	1	2	15	0
        117133	2026-07-02 12:17:47	1	2	15	0
        110466	2026-07-02 12:17:49	1	2	15	0
        110085	2026-07-02 12:17:53	1	2	15	0
        118458	2026-07-02 12:17:54	1	2	15	0
        118862	2026-07-02 12:17:58	1	2	15	0
        117707	2026-07-02 12:17:59	1	2	15	0
        116260	2026-07-02 12:18:01	1	2	15	0
        116072	2026-07-02 12:18:04	1	2	15	0
        117924	2026-07-02 12:18:05	1	2	15	0
        116497	2026-07-02 12:18:07	1	2	15	0
        110457	2026-07-02 12:18:08	1	2	15	0
        117091	2026-07-02 12:18:10	1	2	15	0
        110113	2026-07-02 12:18:13	1	2	15	0
        116428	2026-07-02 12:18:15	1	2	15	0
        118761	2026-07-02 12:18:19	1	2	15	0
        118867	2026-07-02 12:18:21	1	2	15	0
        119282	2026-07-02 12:18:23	1	2	15	0
        118427	2026-07-02 12:18:25	1	2	15	0
        117684	2026-07-02 12:18:28	1	2	15	0
        110196	2026-07-02 12:18:30	1	2	15	0
        110645	2026-07-02 12:18:32	1	2	15	0
        110828	2026-07-02 12:18:34	1	2	15	0
        116537	2026-07-02 12:18:36	1	2	15	0
        110378	2026-07-02 12:18:38	1	2	15	0
        110819	2026-07-02 12:18:59	1	2	15	0
        117341	2026-07-02 12:19:12	1	2	15	0
        117630	2026-07-02 12:19:25	1	2	15	0
        116129	2026-07-02 12:19:27	1	2	15	0
        118180	2026-07-02 12:19:29	1	2	15	0
        117113	2026-07-02 12:19:36	1	2	15	0
        116849	2026-07-02 12:19:47	1	2	15	0
        110055	2026-07-02 12:19:49	1	2	15	0
        116933	2026-07-02 12:19:51	1	2	15	0
        110632	2026-07-02 12:19:53	1	2	15	0
        110063	2026-07-02 12:19:55	1	2	15	0
        116551	2026-07-02 12:19:58	1	2	15	0
        118598	2026-07-02 12:20:02	1	2	15	0
        116496	2026-07-02 12:20:05	1	2	15	0
        118862	2026-07-02 12:20:07	1	2	15	0
        117707	2026-07-02 12:20:10	1	2	15	0
        118971	2026-07-02 12:20:13	1	2	15	0
        117841	2026-07-02 12:20:21	1	2	15	0
        117091	2026-07-02 12:20:32	1	2	15	0
        117222	2026-07-02 12:20:34	1	2	15	0
        118640	2026-07-02 12:20:37	1	2	15	0
        110040	2026-07-02 12:20:40	1	2	15	0
        119272	2026-07-02 12:20:45	1	2	15	0
        117528	2026-07-02 12:20:48	1	2	15	0
        118695	2026-07-02 12:20:52	1	2	15	0
        110513	2026-07-02 12:20:54	1	2	15	0
        117111	2026-07-02 12:20:57	1	2	15	0
        117337	2026-07-02 12:20:59	1	2	15	0
        117133	2026-07-02 12:21:01	1	2	15	0
        110574	2026-07-02 12:21:03	1	2	15	0
        117921	2026-07-02 12:21:05	1	2	15	0
        117982	2026-07-02 12:21:07	1	2	15	0
        110834	2026-07-02 12:21:09	1	2	15	0
        117692	2026-07-02 12:21:12	1	2	15	0
        116537	2026-07-02 12:21:14	1	2	15	0
        116828	2026-07-02 12:21:20	1	2	1	0
        110808	2026-07-02 12:21:35	1	2	15	0
        110493	2026-07-02 12:21:37	1	2	15	0
        117915	2026-07-02 12:21:48	1	2	15	0
        117634	2026-07-02 12:21:50	1	2	15	0
        116531	2026-07-02 12:21:54	1	2	15	0
        116310	2026-07-02 12:21:56	1	2	15	0
        116422	2026-07-02 12:21:59	1	2	15	0
        117900	2026-07-02 12:22:06	1	2	15	0
        110158	2026-07-02 12:22:08	1	2	15	0
        116748	2026-07-02 12:22:10	1	2	15	0
        117121	2026-07-02 12:22:16	1	2	15	0
        117156	2026-07-02 12:22:18	1	2	15	0
        118782	2026-07-02 12:22:25	1	2	15	0
        110090	2026-07-02 12:22:50	1	2	15	0
        117122	2026-07-02 12:23:00	1	2	15	0
        116095	2026-07-02 12:23:08	1	2	15	0
        117341	2026-07-02 12:23:17	1	2	15	0
        110817	2026-07-02 12:23:18	1	2	15	0
        110567	2026-07-02 12:23:21	1	2	15	0
        117023	2026-07-02 12:23:22	1	2	15	0
        118458	2026-07-02 12:23:25	1	2	15	0
        110040	2026-07-02 12:23:28	1	2	15	0
        117103	2026-07-02 12:23:31	1	2	15	0
        110424	2026-07-02 12:23:57	1	2	15	0
        117634	2026-07-02 12:24:15	1	2	15	0
        110819	2026-07-02 12:24:20	1	2	15	0
        110055	2026-07-02 12:24:25	1	2	15	0
        116142	2026-07-02 12:24:26	1	2	15	0
        117915	2026-07-02 12:24:39	1	2	15	0
        116422	2026-07-02 12:24:41	1	2	15	0
        110462	2026-07-02 12:24:42	1	2	15	0
        116310	2026-07-02 12:24:46	1	2	15	0
        118744	2026-07-02 12:24:50	1	2	15	0
        116531	2026-07-02 12:24:56	1	2	15	0
        117982	2026-07-02 12:25:05	1	2	15	0
        117659	2026-07-02 12:25:08	1	2	15	0
        117630	2026-07-02 12:25:16	1	2	15	0
        118180	2026-07-02 12:25:18	1	2	15	0
        116129	2026-07-02 12:25:20	1	2	15	0
        117222	2026-07-02 12:25:23	1	2	15	0
        119449	2026-07-02 12:25:27	1	2	15	0
        117528	2026-07-02 12:25:32	1	2	15	0
        110006	2026-07-02 12:25:44	1	2	15	0
        116346	2026-07-02 12:26:04	1	2	15	0
        117645	2026-07-02 12:26:16	1	2	15	0
        117936	2026-07-02 12:26:19	1	2	15	0
        117815	2026-07-02 12:26:22	1	2	15	0
        117616	2026-07-02 12:26:35	1	2	15	0
        117483	2026-07-02 12:26:39	1	2	15	0
        117811	2026-07-02 12:26:43	1	2	15	0
        116451	2026-07-02 12:26:46	1	2	15	0
        117839	2026-07-02 12:26:48	1	2	15	0
        116824	2026-07-02 12:26:50	1	2	15	0
        116095	2026-07-02 12:26:56	1	2	15	0
        118493	2026-07-02 12:26:58	1	2	15	0
        110371	2026-07-02 12:27:00	1	2	15	0
        117023	2026-07-02 12:27:03	1	2	15	0
        110567	2026-07-02 12:27:06	1	2	15	0
        110077	2026-07-02 12:27:22	1	2	15	0
        116477	2026-07-02 12:27:28	1	2	15	0
        118598	2026-07-02 12:27:46	1	2	15	0
        117921	2026-07-02 12:28:09	1	2	15	0
        118427	2026-07-02 12:28:41	1	2	15	0
        110580	2026-07-02 12:28:46	1	2	15	0
        116346	2026-07-02 12:28:50	1	2	15	0
        110006	2026-07-02 12:29:04	1	2	15	0
        110075	2026-07-02 12:29:08	1	2	15	0
        110057	2026-07-02 12:29:11	1	2	15	0
        119364	2026-07-02 12:29:13	1	2	15	0
        116933	2026-07-02 12:29:17	1	2	15	0
        119493	2026-07-02 12:29:24	1	2	15	0
        110538	2026-07-02 12:29:28	1	2	15	0
        110084	2026-07-02 12:29:30	1	2	15	0
        117043	2026-07-02 12:29:37	1	2	15	0
        116512	2026-07-02 12:30:01	1	2	15	0
        118493	2026-07-02 12:30:06	1	2	15	0
        116751	2026-07-02 12:30:09	1	2	15	0
        110371	2026-07-02 12:30:14	1	2	15	0
        116824	2026-07-02 12:30:19	1	2	15	0
        110473	2026-07-02 12:30:22	1	2	15	0
        110475	2026-07-02 12:30:26	1	2	15	0
        116451	2026-07-02 12:30:51	1	2	15	0
        110131	2026-07-02 12:30:53	1	2	15	0
        117635	2026-07-02 12:30:56	1	2	15	0
        117660	2026-07-02 12:30:59	1	2	15	0
        116053	2026-07-02 12:31:02	1	2	15	0
        119493	2026-07-02 12:31:08	1	2	15	0
        119272	2026-07-02 12:31:18	1	2	15	0
        117103	2026-07-02 12:31:29	1	2	15	0
        110574	2026-07-02 12:31:34	1	2	15	0
        110466	2026-07-02 12:31:39	1	2	15	0
        110084	2026-07-02 12:32:00	1	2	15	0
        110538	2026-07-02 12:32:02	1	2	15	0
        110025	2026-07-02 12:32:05	1	2	15	0
        110197	2026-07-02 12:32:18	1	2	15	0
        117815	2026-07-02 12:32:34	1	3	15	0
        117936	2026-07-02 12:32:38	1	3	15	0
        117839	2026-07-02 12:32:54	1	3	15	0
        117483	2026-07-02 12:32:56	1	3	15	0
        117645	2026-07-02 12:32:59	1	3	15	0
        117811	2026-07-02 12:33:01	1	3	15	0
        110645	2026-07-02 12:33:03	1	3	15	0
        117684	2026-07-02 12:33:05	1	3	15	0
        110828	2026-07-02 12:33:06	1	3	15	0
        110196	2026-07-02 12:33:08	1	3	15	0
        110785	2026-07-02 12:33:11	1	3	15	0
        116477	2026-07-02 12:33:49	1	3	15	0
        117660	2026-07-02 12:34:26	1	3	15	0
        117635	2026-07-02 12:34:29	1	3	15	0
        110075	2026-07-02 12:34:45	1	3	15	0
        110116	2026-07-02 12:34:57	1	3	15	0
        118867	2026-07-02 12:35:15	1	3	15	0
        110057	2026-07-02 12:35:18	1	3	15	0
        119364	2026-07-02 12:35:26	1	3	15	0
        110025	2026-07-02 12:35:29	1	3	15	0
        119282	2026-07-02 12:36:17	1	3	15	0
        117085	2026-07-02 12:36:22	1	3	15	0
        116053	2026-07-02 12:36:26	1	3	15	0
        117814	2026-07-02 12:36:30	1	3	15	0
        110853	2026-07-02 12:36:53	1	3	15	0
        117043	2026-07-02 12:37:04	1	3	15	0
        110580	2026-07-02 12:37:11	1	3	15	0
        119449	2026-07-02 12:37:17	1	3	15	0
        110360	2026-07-02 12:38:16	1	3	15	0
        117092	2026-07-02 12:38:23	1	3	15	0
        116383	2026-07-02 12:39:06	1	3	15	0
        110131	2026-07-02 12:39:26	1	3	15	0
        117114	2026-07-02 12:39:34	1	3	15	0
        116748	2026-07-02 12:40:43	1	3	15	0
        110158	2026-07-02 12:40:45	1	3	15	0
        110816	2026-07-02 12:40:49	1	3	15	0
        110836	2026-07-02 12:40:52	1	3	15	0
        110844	2026-07-02 12:40:56	1	3	15	0
        110473	2026-07-02 12:41:17	1	3	15	0
        110475	2026-07-02 12:41:23	1	3	15	0
        116496	2026-07-02 12:41:27	1	3	15	0
        116849	2026-07-02 12:41:45	1	3	15	0
        116551	2026-07-02 12:42:07	1	3	15	0
        117575	2026-07-02 12:42:20	1	3	15	0
        117972	2026-07-02 12:42:25	1	3	15	0
        119070	2026-07-02 12:43:09	1	3	15	0
        110074	2026-07-02 12:43:13	1	3	15	0
        118455	2026-07-02 12:43:24	1	3	15	0
        116483	2026-07-02 12:43:27	1	3	15	0
        117699	2026-07-02 12:43:31	1	3	15	0
        117591	2026-07-02 12:44:19	1	3	15	0
        117725	2026-07-02 12:45:43	1	3	15	0
        110836	2026-07-02 12:45:48	1	3	15	0
        110816	2026-07-02 12:45:55	1	3	15	0
        110844	2026-07-02 12:46:01	1	3	15	0
        118593	2026-07-02 12:47:45	1	3	15	0
        117236	2026-07-02 12:47:49	1	3	15	0
        118455	2026-07-02 12:48:01	1	3	15	0
        116483	2026-07-02 12:48:03	1	3	15	0
        110074	2026-07-02 12:48:06	1	3	15	0
        119070	2026-07-02 12:48:10	1	3	15	0
        117575	2026-07-02 12:48:14	1	3	15	0
        117725	2026-07-02 12:48:24	1	3	15	0
        117114	2026-07-02 12:48:38	1	3	15	0
        117900	2026-07-02 12:49:10	1	3	15	0
        117196	2026-07-02 12:49:13	1	3	15	0
        110116	2026-07-02 12:49:29	1	3	15	0
        117085	2026-07-02 12:49:41	1	3	15	0
        110817	2026-07-02 12:50:05	1	3	15	0
        117061	2026-07-02 12:50:35	1	3	15	0
        116356	2026-07-02 12:50:39	1	3	15	0
        118369	2026-07-02 12:50:49	1	3	15	0
        116805	2026-07-02 12:50:51	1	3	15	0
        117981	2026-07-02 12:50:54	1	3	15	0
        110833	2026-07-02 12:50:55	1	3	15	0
        117580	2026-07-02 12:51:00	1	3	15	0
        117196	2026-07-02 12:51:19	1	3	15	0
        117591	2026-07-02 12:51:23	1	3	15	0
        110085	2026-07-02 12:51:50	1	3	15	0
        118753	2026-07-02 12:52:06	1	3	15	0
        116297	2026-07-02 12:52:15	1	3	15	0
        118046	2026-07-02 12:52:39	1	3	15	0
        117061	2026-07-02 12:53:06	1	3	15	0
        117981	2026-07-02 12:53:10	1	3	15	0
        118369	2026-07-02 12:53:11	1	3	15	0
        116805	2026-07-02 12:53:14	1	3	15	0
        116356	2026-07-02 12:53:16	1	3	15	0
        110201	2026-07-02 12:53:18	1	3	15	0
        110833	2026-07-02 12:53:21	1	3	15	0
        117580	2026-07-02 12:53:24	1	3	15	0
        116073	2026-07-02 12:53:36	1	3	15	0
        110050	2026-07-02 12:53:41	1	3	15	0
        110452	2026-07-02 12:53:45	1	3	15	0
        118753	2026-07-02 12:54:04	1	3	15	0
        118101	2026-07-02 12:54:21	1	3	15	0
        117100	2026-07-02 12:54:24	1	3	15	0
        117786	2026-07-02 12:56:21	1	3	15	0
        116297	2026-07-02 12:56:32	1	3	15	0
        117769	2026-07-02 12:57:39	1	3	15	0
        117838	2026-07-02 12:57:40	1	3	15	0
        110633	2026-07-02 12:57:42	1	3	15	0
        117966	2026-07-02 12:57:43	1	3	15	0
        110201	2026-07-02 12:58:02	1	3	15	0
        110050	2026-07-02 12:58:08	1	3	15	0
        116441	2026-07-02 12:58:11	1	3	15	0
        110360	2026-07-02 12:58:14	1	3	15	0
        118046	2026-07-02 12:59:58	1	3	15	0
        117838	2026-07-02 13:00:07	1	3	15	0
        117769	2026-07-02 13:00:09	1	3	15	0
        110633	2026-07-02 13:00:11	1	3	15	0
        117966	2026-07-02 13:00:13	1	3	15	0
        116166	2026-07-02 13:10:51	1	3	15	0
        110070	2026-07-02 15:20:14	1	3	15	0
        119493	2026-07-02 15:24:55	1	3	15	0
        117983	2026-07-02 16:05:33	1	1	15	0
        118750	2026-07-02 16:05:47	1	1	15	0
        116914	2026-07-02 16:06:33	1	1	15	0
        117043	2026-07-02 16:06:38	1	1	15	0
        118101	2026-07-02 16:06:44	1	1	15	0
        116741	2026-07-02 16:08:38	1	1	15	0
        117110	2026-07-02 16:10:03	1	1	15	0
        117224	2026-07-02 16:13:42	1	1	15	0
        117054	2026-07-02 16:15:44	1	1	15	0
        117129	2026-07-02 16:22:10	1	1	15	0
        117711	2026-07-02 16:31:05	1	1	15	0
        110462	2026-07-02 16:31:15	1	1	15	0
        118593	2026-07-02 16:33:14	1	1	15	0
        117733	2026-07-02 16:35:15	1	1	15	0
        117230	2026-07-02 16:37:27	1	1	1	0
        117111	2026-07-02 16:37:55	1	1	15	0
        118207	2026-07-02 16:56:36	1	1	15	0
        110852	2026-07-02 16:57:26	1	1	15	0
        110859	2026-07-02 16:57:45	1	1	15	0
        110493	2026-07-02 17:02:17	1	1	15	0
        110529	2026-07-02 17:02:21	1	1	15	0
        110834	2026-07-02 17:02:34	1	1	15	0
        116129	2026-07-02 17:02:38	1	1	15	0
        118180	2026-07-02 17:02:40	1	1	15	0
        110832	2026-07-02 17:02:42	1	1	15	0
        110840	2026-07-02 17:02:57	1	1	15	0
        110447	2026-07-02 17:03:16	1	1	15	0
        110452	2026-07-02 17:03:26	1	1	15	0
        110376	2026-07-02 17:03:42	1	1	15	0
        110853	2026-07-02 17:03:50	1	1	15	0
        116479	2026-07-02 17:04:41	1	1	15	0
        110356	2026-07-02 17:05:20	1	1	15	0
        110355	2026-07-02 17:06:10	1	1	15	0
        118702	2026-07-02 17:06:13	1	1	15	0
        116422	2026-07-02 17:07:34	1	1	15	0
        119070	2026-07-02 17:07:40	1	1	15	0
        110808	2026-07-02 17:07:42	1	1	15	0
        110839	2026-07-02 17:07:47	1	1	15	0
        117487	2026-07-02 17:07:49	1	1	15	0
        116297	2026-07-02 17:08:17	1	1	15	0
        118550	2026-07-02 17:08:25	1	1	15	0
        110450	2026-07-02 17:08:37	1	1	15	0
        117635	2026-07-02 17:08:50	1	1	15	0
        117835	2026-07-02 17:09:05	1	1	15	0
        116831	2026-07-02 17:11:17	1	1	15	0
        117196	2026-07-02 17:13:45	1	1	15	0
        117660	2026-07-02 17:14:17	1	1	15	0
        110805	2026-07-02 17:14:20	1	1	15	0
        110625	2026-07-02 17:15:15	1	1	15	0
        117930	2026-07-02 17:15:17	1	1	15	0
        110785	2026-07-02 17:15:20	1	1	15	0
        110473	2026-07-02 17:16:34	1	1	15	0
        116279	2026-07-02 17:18:13	1	1	15	0
        119453	2026-07-02 17:18:18	1	1	15	0
        116504	2026-07-02 17:19:26	1	1	15	0
        110854	2026-07-02 17:19:41	1	1	15	0
        110842	2026-07-02 17:19:45	1	1	15	0
        117680	2026-07-02 17:20:52	1	1	15	0
        118971	2026-07-02 17:21:34	1	1	15	0
        116346	2026-07-02 17:22:31	1	1	15	0
        110810	2026-07-02 17:22:52	1	1	15	0
        110465	2026-07-02 17:23:06	1	1	15	0
        117121	2026-07-02 17:30:32	1	1	15	0
        110833	2026-07-02 17:31:57	1	1	15	0
        110463	2026-07-02 17:32:46	1	1	15	0
        116491	2026-07-02 17:32:57	1	1	15	0
        117103	2026-07-02 17:33:00	1	1	15	0
        117543	2026-07-02 17:33:04	1	1	15	0
        116252	2026-07-02 17:33:11	1	1	15	0
        117259	2026-07-02 17:33:44	1	1	15	0
        117833	2026-07-02 17:34:10	1	1	15	0
        110424	2026-07-02 17:34:16	1	1	15	0
        110074	2026-07-02 17:35:09	1	1	15	0
        116428	2026-07-02 17:35:32	1	1	15	0
        117580	2026-07-02 17:36:21	1	1	15	0
        116805	2026-07-02 17:36:25	1	1	15	0
        116356	2026-07-02 17:36:27	1	1	15	0
        118369	2026-07-02 17:36:30	1	1	15	0
        117061	2026-07-02 17:36:33	1	1	15	0
        117981	2026-07-02 17:36:35	1	1	15	0
        110077	2026-07-02 17:36:36	1	1	15	0
        116512	2026-07-02 17:37:19	1	1	15	0
        116751	2026-07-02 17:37:21	1	1	15	0
        119272	2026-07-02 17:37:27	1	1	15	0
        118186	2026-07-02 17:37:35	1	1	15	0
        110492	2026-07-02 17:38:44	1	1	15	0
        110105	2026-07-02 17:39:05	1	1	15	0
        116472	2026-07-02 17:39:19	1	1	15	0
        110197	2026-07-02 17:39:47	1	1	15	0
        110580	2026-07-02 17:40:02	1	1	15	0
        110581	2026-07-02 17:40:07	1	1	15	0
        117567	2026-07-02 17:40:11	1	1	15	0
        110431	2026-07-02 17:41:41	1	1	15	0
        110549	2026-07-02 17:41:45	1	1	15	0
        110025	2026-07-02 17:42:26	1	1	15	0
        117567	2026-07-02 17:42:50	1	1	15	0
        116763	2026-07-02 17:42:52	1	1	15	0
        116073	2026-07-02 17:43:45	1	1	15	0
        118695	2026-07-02 17:44:32	1	1	15	0
        110475	2026-07-02 17:45:51	1	1	15	0
        117222	2026-07-02 17:46:02	1	1	15	0
        117162	2026-07-02 17:46:12	1	1	15	0
        117972	2026-07-02 17:46:31	1	1	15	0
        116451	2026-07-02 17:46:59	1	1	15	0
        117156	2026-07-02 17:47:22	1	1	15	0
        110131	2026-07-02 17:47:54	1	1	15	0
        116477	2026-07-02 17:48:03	1	1	15	0
        116483	2026-07-02 17:48:08	1	1	15	0
        118455	2026-07-02 17:48:10	1	1	15	0
        117144	2026-07-02 17:52:51	1	1	15	0
        110495	2026-07-02 17:53:08	1	1	15	0
        116497	2026-07-02 17:53:11	1	1	15	0
        117337	2026-07-02 17:53:37	1	1	15	0
        117723	2026-07-02 17:53:58	1	1	15	0
        110367	2026-07-02 17:54:00	1	1	15	0
        110088	2026-07-02 17:54:20	1	1	15	0
        117114	2026-07-02 17:55:11	1	1	15	0
        117849	2026-07-02 17:55:31	1	1	15	0
        117591	2026-07-02 17:55:49	1	1	15	0
        116053	2026-07-02 17:58:09	1	1	15	0
        117616	2026-07-02 17:58:28	1	1	15	0
        110632	2026-07-02 17:58:32	1	1	15	0
        117915	2026-07-02 17:58:57	1	1	15	0
        116310	2026-07-02 17:59:16	1	1	15	0
        117634	2026-07-02 17:59:22	1	1	15	0
        116531	2026-07-02 17:59:32	1	1	15	0
        119449	2026-07-02 18:00:22	1	1	15	0
        118761	2026-07-02 18:00:32	1	1	15	0
        117528	2026-07-02 18:00:59	1	1	15	0
        118563	2026-07-02 18:01:03	1	1	15	0
        117046	2026-07-02 18:01:08	1	1	15	0
        110418	2026-07-02 18:01:10	1	1	15	0
        110527	2026-07-02 18:01:18	1	1	15	0
        117709	2026-07-02 18:01:37	1	1	15	0
        110360	2026-07-02 18:02:04	1	1	15	0
        117100	2026-07-02 18:02:07	1	1	15	0
        116902	2026-07-02 18:02:11	1	1	15	0
        118640	2026-07-02 18:02:13	1	1	15	0
        118598	2026-07-02 18:02:20	1	1	15	0
        117201	2026-07-02 18:02:26	1	1	15	0
        117921	2026-07-02 18:02:54	1	1	15	0
        117692	2026-07-02 18:02:57	1	1	15	0
        116828	2026-07-02 18:03:07	1	1	1	0
        110172	2026-07-02 18:03:22	1	1	15	0
        110436	2026-07-02 18:03:32	1	1	15	0
        117786	2026-07-02 18:03:40	1	1	15	0
        110113	2026-07-02 18:03:47	1	1	15	0
        117814	2026-07-02 18:04:00	1	1	15	0
        117936	2026-07-02 18:04:28	1	1	15	0
        117966	2026-07-02 18:04:45	1	1	15	0
        110819	2026-07-02 18:04:51	1	1	15	0
        117645	2026-07-02 18:04:56	1	1	15	0
        116232	2026-07-02 18:05:04	1	1	15	0
        110574	2026-07-02 18:05:13	1	1	15	0
        117122	2026-07-02 18:05:40	1	1	15	0
        110195	2026-07-02 18:06:24	1	1	15	0
        118992	2026-07-02 18:07:05	1	1	15	0
        110084	2026-07-02 18:10:07	1	1	15	0
        117770	2026-07-02 18:10:21	1	1	15	0
        117483	2026-07-02 18:10:28	1	1	15	0
        116142	2026-07-02 18:12:21	1	1	15	0
        110513	2026-07-02 18:12:28	1	1	15	0
        117085	2026-07-02 18:13:08	1	1	15	0
        117091	2026-07-02 18:13:50	1	1	15	0
        116824	2026-07-02 18:14:03	1	1	15	0
        117529	2026-07-02 18:15:04	1	1	15	0
        116551	2026-07-02 18:17:32	1	1	15	0
        117839	2026-07-02 18:18:38	1	1	15	0
        117838	2026-07-02 18:19:04	1	1	1	0
        110538	2026-07-02 18:19:10	1	1	15	0
        116747	2026-07-02 18:19:22	1	1	15	0
        110378	2026-07-02 18:19:27	1	1	15	0
        110199	2026-07-02 18:20:34	1	1	15	0
        119227	2026-07-02 18:21:28	1	1	15	0
        110057	2026-07-02 18:21:33	1	1	15	0
        117630	2026-07-02 18:22:35	1	1	15	0
        118782	2026-07-02 18:23:00	1	1	15	0
        110657	2026-07-02 18:23:03	1	1	15	0
        116496	2026-07-02 18:23:52	1	1	15	0
        110528	2026-07-02 18:24:40	1	1	15	0
        117924	2026-07-02 18:24:43	1	1	15	0
        110457	2026-07-02 18:24:44	1	1	15	0
        116072	2026-07-02 18:24:48	1	1	15	0
        110836	2026-07-02 18:25:29	1	1	15	0
        110354	2026-07-02 18:25:33	1	1	15	0
        110816	2026-07-02 18:25:37	1	1	15	0
        110844	2026-07-02 18:25:40	1	1	15	0
        110466	2026-07-02 18:25:45	1	1	15	0
        110507	2026-07-02 18:27:17	1	1	15	0
        117769	2026-07-02 18:28:28	1	1	15	0
        117921	2026-07-02 18:29:59	1	1	15	0
        117113	2026-07-02 18:32:10	1	1	15	0
        117900	2026-07-02 18:32:42	1	1	15	0
        110817	2026-07-02 18:32:50	1	1	15	0
        116960	2026-07-02 18:33:06	1	1	15	0
        110158	2026-07-02 18:33:42	1	1	15	0
        116748	2026-07-02 18:33:45	1	1	15	0
        117092	2026-07-02 18:33:59	1	1	15	0
        116260	2026-07-02 18:35:23	1	1	15	0
        117541	2026-07-02 18:35:25	1	1	15	0
        118598	2026-07-02 18:35:31	1	1	15	0
        110085	2026-07-02 18:36:03	1	1	15	0
        117982	2026-07-02 18:38:13	1	1	15	0
        117815	2026-07-02 18:38:18	1	1	15	0
        118493	2026-07-02 18:38:22	1	1	15	0
        110371	2026-07-02 18:38:25	1	1	15	0
        117659	2026-07-02 18:38:27	1	1	15	0
        110006	2026-07-02 18:39:17	1	1	15	0
        118741	2026-07-02 18:39:45	1	1	15	0
        110065	2026-07-02 18:39:47	1	1	15	0
        116799	2026-07-02 18:40:04	1	1	15	0
        110645	2026-07-02 18:40:16	1	1	15	0
        110393	2026-07-02 18:44:20	1	1	15	0
        118862	2026-07-02 18:45:49	1	1	15	0
        119583	2026-07-02 18:48:45	1	1	15	0
        117236	2026-07-02 18:55:31	1	1	15	0
        110060	2026-07-02 18:57:21	1	1	15	0
        117811	2026-07-02 18:58:29	1	1	15	0
        117841	2026-07-02 18:58:32	1	1	15	0
        117133	2026-07-02 18:59:14	1	1	15	0
        110196	2026-07-02 19:00:22	1	1	15	0
        117684	2026-07-02 19:00:26	1	1	15	0
        118427	2026-07-02 19:00:54	1	1	15	0
        116383	2026-07-02 19:00:59	1	1	15	0
        117725	2026-07-02 19:01:31	1	1	15	0
        110201	2026-07-02 19:02:06	1	1	15	0
        116166	2026-07-02 19:02:46	1	1	15	0
        116096	2026-07-02 19:02:55	1	1	1	0
        116070	2026-07-02 19:03:04	1	1	1	0
        117742	2026-07-02 19:03:07	1	1	1	0
        116990	2026-07-02 19:03:14	1	1	15	0
        116995	2026-07-02 19:03:17	1	1	15	0
        116537	2026-07-02 19:04:59	1	1	15	0
        117341	2026-07-02 19:05:03	1	1	15	0
        110633	2026-07-02 19:05:50	1	1	15	0
        110040	2026-07-02 19:05:56	1	1	15	0
        117707	2026-07-02 19:07:07	1	1	15	0
        118744	2026-07-02 19:08:01	1	1	15	0
        117542	2026-07-02 19:08:09	1	1	15	0
        116933	2026-07-02 19:08:23	1	1	15	0
        116095	2026-07-02 19:09:08	1	1	15	0
        117023	2026-07-02 19:09:11	1	1	15	0
        110567	2026-07-02 19:09:12	1	1	15	0
        117807	2026-07-02 19:09:41	1	1	15	0
        117699	2026-07-02 19:10:36	1	1	15	0
        116069	2026-07-02 19:11:44	1	1	15	0
        110116	2026-07-02 19:11:51	1	1	15	0
        110090	2026-07-02 19:13:29	1	1	15	0
        110456	2026-07-02 19:13:34	1	1	15	0
        119157	2026-07-02 19:19:44	1	1	15	0
        118867	2026-07-02 19:19:49	1	1	15	0
        119282	2026-07-02 19:19:51	1	1	15	0
        118753	2026-07-02 19:25:35	1	1	15	0
        119364	2026-07-02 19:27:58	1	1	15	0
        117817	2026-07-02 19:34:44	1	1	15	0
        110055	2026-07-02 19:35:59	1	1	15	0
        110075	2026-07-02 20:07:11	1	1	15	0
        118046	2026-07-02 20:10:27	1	1	15	0
        110063	2026-07-02 20:12:13	1	1	15	0
        118046	2026-07-02 20:15:50	1	1	15	0
        110050	2026-07-02 20:16:16	1	1	15	0
        117201	2026-07-03 04:44:04	1	0	15	0
        119070	2026-07-03 06:24:10	1	0	15	0
        117129	2026-07-03 06:38:42	1	0	15	0
        117111	2026-07-03 06:43:09	1	0	15	0
        110473	2026-07-03 06:50:02	1	0	15	0
        118750	2026-07-03 07:05:32	1	0	15	0
        116512	2026-07-03 07:07:31	1	0	15	0
        116751	2026-07-03 07:07:33	1	0	15	0
        110074	2026-07-03 07:07:42	1	0	15	0
        117110	2026-07-03 07:09:22	1	0	15	0
        110549	2026-07-03 07:11:01	1	0	15	0
        110492	2026-07-03 07:15:28	1	0	15	0
        119272	2026-07-03 07:15:57	1	0	15	0
        110529	2026-07-03 07:17:07	1	0	15	0
        110842	2026-07-03 07:17:12	1	0	15	0
        110465	2026-07-03 07:17:48	1	0	15	0
        116479	2026-07-03 07:18:23	1	0	15	0
        110051	2026-07-03 07:19:51	1	0	15	0
        110462	2026-07-03 07:22:02	1	0	15	0
        110832	2026-07-03 07:23:10	1	0	15	0
        116741	2026-07-03 07:23:14	1	0	15	0
        116491	2026-07-03 07:26:02	1	0	15	0
        110854	2026-07-03 07:27:31	1	0	15	0
        117487	2026-07-03 07:27:55	1	0	15	0
        118593	2026-07-03 07:28:26	1	0	15	0
        116422	2026-07-03 07:29:43	1	0	15	0
        116531	2026-07-03 07:30:03	1	0	15	0
        118157	2026-07-03 07:30:46	1	0	15	0
        110785	2026-07-03 07:31:08	1	0	15	0
        110510	2026-07-03 07:31:16	1	0	15	0
        110853	2026-07-03 07:31:24	1	0	15	0
        116310	2026-07-03 07:31:28	1	0	15	0
        117162	2026-07-03 07:31:39	1	0	15	0
        110625	2026-07-03 07:32:17	1	0	15	0
        110859	2026-07-03 07:32:45	1	0	15	0
        119143	2026-07-03 07:32:57	1	0	15	0
        110840	2026-07-03 07:33:35	1	0	15	0
        116824	2026-07-03 07:35:38	1	0	15	0
        110807	2026-07-03 07:35:48	1	0	15	0
        117085	2026-07-03 07:35:58	1	0	15	0
        118563	2026-07-03 07:36:40	1	0	15	0
        110810	2026-07-03 07:37:48	1	0	15	0
        110006	2026-07-03 07:38:28	1	0	15	0
        116828	2026-07-03 07:39:10	1	0	1	0
        119449	2026-07-03 07:39:55	1	0	15	0
        116504	2026-07-03 07:40:19	1	0	15	0
        110839	2026-07-03 07:40:51	1	0	15	0
        117733	2026-07-03 07:41:40	1	0	15	0
        117224	2026-07-03 07:42:47	1	0	15	0
        110852	2026-07-03 07:43:05	1	0	15	0
        116763	2026-07-03 07:43:14	1	0	15	0
        110450	2026-07-03 07:43:23	1	0	15	0
        118971	2026-07-03 07:43:48	1	0	15	0
        110356	2026-07-03 07:43:56	1	0	15	0
        110355	2026-07-03 07:43:59	1	0	15	0
        116747	2026-07-03 07:44:04	1	0	15	0
        110424	2026-07-03 07:44:08	1	0	15	0
        117591	2026-07-03 07:44:11	1	0	15	0
        116902	2026-07-03 07:44:26	1	0	15	0
        116346	2026-07-03 07:44:41	1	0	15	0
        117850	2026-07-03 07:45:18	1	0	15	0
        117770	2026-07-03 07:45:39	1	0	15	0
        116142	2026-07-03 07:46:10	1	0	15	0
        110457	2026-07-03 07:46:35	1	0	15	0
        110025	2026-07-03 07:46:45	1	0	15	0
        110493	2026-07-03 07:47:00	1	0	15	0
        110197	2026-07-03 07:47:06	1	0	15	0
        110131	2026-07-03 07:47:10	1	0	15	0
        118101	2026-07-03 07:47:15	1	0	15	0
        110833	2026-07-03 07:47:28	1	0	15	0
        118695	2026-07-03 07:47:57	1	0	15	0
        117121	2026-07-03 07:48:06	1	0	15	0
        117219	2026-07-03 07:48:20	1	0	15	0
        117644	2026-07-03 07:48:40	1	0	15	0
        110528	2026-07-03 07:49:16	1	0	15	0
        118455	2026-07-03 07:49:17	1	0	15	0
        117921	2026-07-03 07:49:56	1	0	15	0
        119263	2026-07-03 07:50:02	1	0	15	0
        117924	2026-07-03 07:50:22	1	0	15	0
        110805	2026-07-03 07:50:29	1	0	15	0
        117692	2026-07-03 07:50:34	1	0	15	0
        110376	2026-07-03 07:51:14	1	0	15	0
        117635	2026-07-03 07:51:39	1	0	15	0
        118970	2026-07-03 07:51:41	1	0	15	0
        116297	2026-07-03 07:51:44	1	0	15	0
        117259	2026-07-03 07:51:50	1	0	15	0
        118369	2026-07-03 07:51:56	1	0	15	0
        117061	2026-07-03 07:52:02	1	0	15	0
        110475	2026-07-03 07:52:49	1	0	15	0
        117680	2026-07-03 07:52:55	1	0	15	0
        110632	2026-07-03 07:53:34	1	0	15	0
        116914	2026-07-03 07:53:41	1	0	15	0
        119227	2026-07-03 07:55:15	1	0	15	0
        116282	2026-07-03 07:55:26	1	0	15	0
        118782	2026-07-03 07:55:32	1	0	15	0
        117972	2026-07-03 07:55:41	1	0	15	0
        119364	2026-07-03 07:56:09	1	0	15	0
        117723	2026-07-03 07:56:12	1	0	15	0
        119453	2026-07-03 07:56:44	1	0	15	0
        110447	2026-07-03 07:58:05	1	0	15	0
        117575	2026-07-03 07:59:04	1	0	15	0
        117043	2026-07-03 07:59:47	1	0	15	0
        118180	2026-07-03 08:00:00	1	0	15	0
        117828	2026-07-03 08:00:47	1	0	15	0
        117833	2026-07-03 08:01:31	1	0	15	0
        117580	2026-07-03 08:02:53	1	0	15	0
        110808	2026-07-03 08:03:54	1	0	15	0
        118207	2026-07-03 08:04:06	1	0	15	0
        110183	2026-07-03 08:04:15	1	0	15	0
        117983	2026-07-03 08:04:31	1	0	15	0
        117103	2026-07-03 08:05:19	1	0	15	0
        110431	2026-07-03 08:05:23	1	0	15	0
        110354	2026-07-03 08:05:37	1	0	15	0
        117541	2026-07-03 08:06:24	1	0	15	0
        116497	2026-07-03 08:06:47	1	0	15	0
        118784	2026-07-03 08:07:01	1	0	15	0
        117543	2026-07-03 08:07:45	1	0	15	0
        117786	2026-07-03 08:07:52	1	0	15	0
        116483	2026-07-03 08:08:14	1	0	15	0
        117114	2026-07-03 08:09:37	1	0	15	0
        116472	2026-07-03 08:13:01	1	0	15	0
        110064	2026-07-03 08:13:25	1	0	1	0
        118702	2026-07-03 08:13:36	1	0	15	0
        117915	2026-07-03 08:14:00	1	0	15	0
        117634	2026-07-03 08:14:02	1	0	15	0
        110158	2026-07-03 08:15:49	1	0	15	0
        116252	2026-07-03 08:15:57	1	0	15	0
        117054	2026-07-03 08:17:19	1	0	15	0
        117528	2026-07-03 08:17:37	1	0	15	0
        117091	2026-07-03 08:17:42	1	0	15	0
        116356	2026-07-03 08:17:45	1	0	15	0
        117222	2026-07-03 08:18:27	1	0	15	0
        117567	2026-07-03 08:19:00	1	0	15	0
        117814	2026-07-03 08:19:07	1	0	15	0
        117046	2026-07-03 08:19:47	1	0	15	0
        110452	2026-07-03 08:20:27	1	0	15	0
        110077	2026-07-03 08:21:02	1	0	15	0
        116279	2026-07-03 08:21:30	1	0	15	0
        118550	2026-07-03 08:22:55	1	0	15	0
        110418	2026-07-03 08:22:58	1	0	15	0
        116260	2026-07-03 08:23:03	1	0	15	0
        116805	2026-07-03 08:24:19	1	0	15	0
        117981	2026-07-03 08:24:23	1	0	15	0
        116428	2026-07-03 08:25:50	1	0	15	0
        110088	2026-07-03 08:26:09	1	0	15	0
        117660	2026-07-03 08:26:44	1	0	15	0
        110195	2026-07-03 08:26:55	1	0	15	0
        117156	2026-07-03 08:28:41	1	0	15	0
        117616	2026-07-03 08:29:11	1	0	15	0
        117817	2026-07-03 08:29:15	1	0	15	0
        117709	2026-07-03 08:29:21	1	0	15	0
        110513	2026-07-03 08:29:56	1	0	15	0
        117595	2026-07-03 08:33:01	1	0	15	0
        117122	2026-07-03 08:34:02	1	0	15	0
        117926	2026-07-03 08:34:41	1	0	15	0
        117212	2026-07-03 08:36:14	1	0	15	0
        117849	2026-07-03 08:37:47	1	0	15	0
        110090	2026-07-03 08:37:55	1	0	15	0
        110057	2026-07-03 08:38:14	1	0	15	0
        117337	2026-07-03 08:39:05	1	0	15	0
        118186	2026-07-03 08:41:09	1	0	15	0
        110657	2026-07-03 08:43:14	1	0	15	0
        118761	2026-07-03 08:45:34	1	0	15	0
        116453	2026-07-03 08:48:21	1	0	15	0
        116129	2026-07-03 08:49:52	1	0	15	0
        117144	2026-07-03 08:51:12	1	0	15	0
        116451	2026-07-03 08:51:59	1	0	15	0
        116073	2026-07-03 08:53:17	1	0	15	0
        110172	2026-07-03 08:54:52	1	0	15	0
        110436	2026-07-03 08:54:55	1	0	15	0
        117196	2026-07-03 08:57:46	1	0	15	0
        116053	2026-07-03 09:03:12	1	0	15	0
        117529	2026-07-03 09:03:14	1	0	15	0
        117100	2026-07-03 09:04:49	1	0	15	0
        117236	2026-07-03 09:11:37	1	0	15	0
        110116	2026-07-03 09:38:32	1	0	15	0
        110463	2026-07-03 10:06:17	1	0	15	0
        117807	2026-07-03 10:33:13	1	0	15	0
        117733	2026-07-03 12:00:04	1	2	15	0
        116751	2026-07-03 12:00:07	1	2	15	0
        117054	2026-07-03 12:00:09	1	2	15	0
        110465	2026-07-03 12:00:11	1	2	15	0
        117983	2026-07-03 12:00:13	1	2	15	0
        110376	2026-07-03 12:00:15	1	2	15	0
        116512	2026-07-03 12:00:17	1	2	15	0
        110463	2026-07-03 12:00:20	1	2	15	0
        117529	2026-07-03 12:00:22	1	2	15	0
        110807	2026-07-03 12:00:24	1	2	15	0
        117212	2026-07-03 12:00:26	1	2	15	0
        110842	2026-07-03 12:00:28	1	2	15	0
        110424	2026-07-03 12:00:29	1	2	15	0
        117103	2026-07-03 12:00:32	1	2	15	0
        110785	2026-07-03 12:00:34	1	2	15	0
        116491	2026-07-03 12:00:36	1	2	15	0
        116914	2026-07-03 12:00:38	1	2	15	0
        116902	2026-07-03 12:00:41	1	2	15	0
        110625	2026-07-03 12:00:43	1	2	15	0
        116279	2026-07-03 12:00:44	1	2	15	0
        110356	2026-07-03 12:00:46	1	2	15	0
        118563	2026-07-03 12:00:55	1	2	15	0
        110436	2026-07-03 12:00:58	1	2	15	0
        117129	2026-07-03 12:01:01	1	2	15	0
        119453	2026-07-03 12:01:03	1	2	15	0
        116472	2026-07-03 12:01:06	1	2	15	0
        110172	2026-07-03 12:01:07	1	2	15	0
        110840	2026-07-03 12:01:18	1	2	15	0
        110452	2026-07-03 12:01:20	1	2	15	0
        110354	2026-07-03 12:01:21	1	2	15	0
        110450	2026-07-03 12:01:25	1	2	15	0
        117567	2026-07-03 12:01:31	1	2	15	0
        119272	2026-07-03 12:01:35	1	2	15	0
        116741	2026-07-03 12:01:38	1	2	15	0
        118180	2026-07-03 12:01:41	1	2	15	0
        110447	2026-07-03 12:01:48	1	2	15	0
        117814	2026-07-03 12:01:54	1	2	15	0
        116297	2026-07-03 12:02:00	1	2	15	0
        110805	2026-07-03 12:02:04	1	2	15	0
        117224	2026-07-03 12:02:26	1	2	15	0
        110528	2026-07-03 12:02:29	1	2	15	0
        110529	2026-07-03 12:02:32	1	2	15	0
        110493	2026-07-03 12:02:36	1	2	15	0
        117595	2026-07-03 12:02:37	1	2	15	0
        119449	2026-07-03 12:02:43	1	2	15	0
        110549	2026-07-03 12:02:52	1	2	15	0
        110839	2026-07-03 12:02:53	1	2	15	0
        117833	2026-07-03 12:02:55	1	2	15	0
        110808	2026-07-03 12:02:59	1	2	15	0
        110657	2026-07-03 12:03:02	1	2	15	0
        110356	2026-07-03 12:03:06	1	2	15	0
        110195	2026-07-03 12:03:24	1	2	15	0
        118101	2026-07-03 12:03:30	1	2	15	0
        117100	2026-07-03 12:03:33	1	2	15	0
        117828	2026-07-03 12:03:36	1	2	15	0
        110418	2026-07-03 12:03:44	1	2	15	0
        117709	2026-07-03 12:03:47	1	2	15	0
        117849	2026-07-03 12:03:49	1	2	15	0
        116491	2026-07-03 12:03:52	1	2	15	0
        117103	2026-07-03 12:03:54	1	2	15	0
        117733	2026-07-03 12:03:56	1	2	15	0
        110376	2026-07-03 12:04:04	1	2	15	0
        117110	2026-07-03 12:04:12	1	2	15	0
        116453	2026-07-03 12:04:17	1	2	15	0
        117259	2026-07-03 12:04:41	1	2	15	0
        116252	2026-07-03 12:04:43	1	2	15	0
        117541	2026-07-03 12:04:45	1	2	15	0
        117680	2026-07-03 12:05:08	1	2	15	0
        117616	2026-07-03 12:05:32	1	2	15	0
        117144	2026-07-03 12:05:34	1	2	15	0
        110088	2026-07-03 12:05:35	1	2	15	0
        110355	2026-07-03 12:05:37	1	2	15	0
        117236	2026-07-03 12:05:39	1	2	15	0
        119227	2026-07-03 12:05:40	1	2	15	0
        117156	2026-07-03 12:05:42	1	2	15	0
        110436	2026-07-03 12:05:49	1	2	15	0
        110172	2026-07-03 12:05:53	1	2	15	0
        110840	2026-07-03 12:05:58	1	2	15	0
        117054	2026-07-03 12:06:04	1	2	15	0
        110450	2026-07-03 12:06:06	1	2	15	0
        110625	2026-07-03 12:06:08	1	2	15	0
        117212	2026-07-03 12:06:10	1	2	15	0
        110493	2026-07-03 12:06:17	1	2	15	0
        110529	2026-07-03 12:06:19	1	2	15	0
        116747	2026-07-03 12:06:21	1	2	15	0
        116763	2026-07-03 12:06:23	1	2	15	0
        118101	2026-07-03 12:06:26	1	2	15	0
        117100	2026-07-03 12:06:28	1	2	15	0
        117543	2026-07-03 12:06:29	1	2	15	0
        117828	2026-07-03 12:06:32	1	2	15	0
        110839	2026-07-03 12:06:33	1	2	15	0
        117921	2026-07-03 12:06:35	1	2	15	0
        117129	2026-07-03 12:06:40	1	2	15	0
        110354	2026-07-03 12:06:41	1	2	15	0
        110657	2026-07-03 12:06:43	1	2	15	0
        118593	2026-07-03 12:06:44	1	2	15	0
        117222	2026-07-03 12:06:47	1	2	15	0
        110549	2026-07-03 12:06:49	1	2	15	0
        117692	2026-07-03 12:06:50	1	2	15	0
        110465	2026-07-03 12:06:54	1	2	15	0
        116142	2026-07-03 12:06:58	1	2	15	0
        117580	2026-07-03 12:07:02	1	2	15	0
        110808	2026-07-03 12:07:10	1	2	15	0
        110842	2026-07-03 12:07:19	1	2	15	0
        110807	2026-07-03 12:07:26	1	2	15	0
        110463	2026-07-03 12:07:30	1	2	15	0
        110424	2026-07-03 12:07:34	1	2	15	0
        116453	2026-07-03 12:07:45	1	2	15	0
        110859	2026-07-03 12:07:49	1	2	15	0
        110492	2026-07-03 12:07:59	1	2	15	0
        117926	2026-07-03 12:08:03	1	2	15	0
        117259	2026-07-03 12:08:13	1	2	15	0
        117541	2026-07-03 12:08:16	1	2	15	0
        110528	2026-07-03 12:08:19	1	2	15	0
        116252	2026-07-03 12:08:43	1	2	15	0
        117121	2026-07-03 12:08:54	1	2	15	0
        117709	2026-07-03 12:08:56	1	2	15	0
        117849	2026-07-03 12:08:58	1	2	15	0
        110510	2026-07-03 12:09:04	1	2	15	0
        110854	2026-07-03 12:09:10	1	2	15	0
        110158	2026-07-03 12:09:16	1	2	15	0
        117110	2026-07-03 12:09:27	1	2	15	0
        116828	2026-07-03 12:09:45	1	2	1	0
        116741	2026-07-03 12:10:47	1	2	15	0
        119272	2026-07-03 12:10:50	1	2	15	0
        118180	2026-07-03 12:10:52	1	2	15	0
        116142	2026-07-03 12:10:55	1	2	15	0
        110197	2026-07-03 12:10:57	1	2	15	0
        117921	2026-07-03 12:10:58	1	2	15	0
        117595	2026-07-03 12:11:03	1	2	15	0
        117122	2026-07-03 12:11:06	1	2	15	0
        110852	2026-07-03 12:11:08	1	2	15	0
        117983	2026-07-03 12:11:11	1	2	15	0
        117591	2026-07-03 12:11:16	1	2	15	0
        116279	2026-07-03 12:11:18	1	2	15	0
        117644	2026-07-03 12:11:35	1	2	15	0
        117926	2026-07-03 12:11:39	1	2	15	0
        110492	2026-07-03 12:11:48	1	2	15	0
        117337	2026-07-03 12:11:59	1	2	15	0
        116747	2026-07-03 12:12:01	1	2	15	0
        116763	2026-07-03 12:12:05	1	2	15	0
        118695	2026-07-03 12:12:08	1	2	15	0
        116472	2026-07-03 12:12:10	1	2	15	0
        110418	2026-07-03 12:12:12	1	2	15	0
        110513	2026-07-03 12:12:14	1	2	15	0
        117222	2026-07-03 12:12:20	1	2	15	0
        110510	2026-07-03 12:13:10	1	2	15	0
        116346	2026-07-03 12:13:11	1	2	15	0
        117692	2026-07-03 12:13:15	1	2	15	0
        117567	2026-07-03 12:13:17	1	2	15	0
        117644	2026-07-03 12:13:23	1	2	15	0
        110116	2026-07-03 12:13:49	1	2	15	0
        110462	2026-07-03 12:14:09	1	2	15	0
        116451	2026-07-03 12:14:13	1	2	15	0
        118550	2026-07-03 12:14:16	1	2	15	0
        110810	2026-07-03 12:14:17	1	2	15	0
        116428	2026-07-03 12:14:19	1	2	15	0
        119263	2026-07-03 12:14:21	1	2	15	0
        118761	2026-07-03 12:14:26	1	2	15	0
        118702	2026-07-03 12:14:37	1	2	15	0
        117487	2026-07-03 12:14:42	1	2	15	0
        110088	2026-07-03 12:14:49	1	2	15	0
        110447	2026-07-03 12:15:17	1	2	15	0
        116497	2026-07-03 12:15:30	1	2	15	0
        117924	2026-07-03 12:15:32	1	2	15	0
        110457	2026-07-03 12:15:34	1	2	15	0
        116260	2026-07-03 12:15:37	1	2	15	0
        116483	2026-07-03 12:15:54	1	2	15	0
        116504	2026-07-03 12:15:56	1	2	15	0
        110355	2026-07-03 12:15:58	1	2	15	0
        118455	2026-07-03 12:16:00	1	2	15	0
        117543	2026-07-03 12:16:16	1	2	15	0
        117144	2026-07-03 12:16:19	1	2	15	0
        110077	2026-07-03 12:16:22	1	2	15	0
        110853	2026-07-03 12:16:26	1	2	15	0
        116053	2026-07-03 12:16:28	1	2	15	0
        110852	2026-07-03 12:16:31	1	2	15	0
        117660	2026-07-03 12:16:35	1	2	15	0
        117786	2026-07-03 12:16:37	1	2	15	0
        116346	2026-07-03 12:16:39	1	2	15	0
        119453	2026-07-03 12:16:43	1	2	15	0
        117591	2026-07-03 12:17:18	1	2	15	0
        117528	2026-07-03 12:17:28	1	2	15	0
        117814	2026-07-03 12:17:31	1	2	15	0
        117817	2026-07-03 12:18:07	1	2	15	0
        110785	2026-07-03 12:18:11	1	2	15	0
        110632	2026-07-03 12:18:13	1	2	15	0
        116504	2026-07-03 12:18:14	1	2	15	0
        118455	2026-07-03 12:18:16	1	2	15	0
        116483	2026-07-03 12:18:18	1	2	15	0
        117156	2026-07-03 12:19:01	1	2	15	0
        118782	2026-07-03 12:19:04	1	2	15	0
        116451	2026-07-03 12:19:51	1	2	15	0
        118550	2026-07-03 12:19:53	1	2	15	0
        117723	2026-07-03 12:20:34	1	2	15	0
        116428	2026-07-03 12:20:41	1	2	15	0
        118695	2026-07-03 12:20:51	1	2	15	0
        117337	2026-07-03 12:20:52	1	2	15	0
        116497	2026-07-03 12:20:59	1	2	15	0
        110457	2026-07-03 12:21:01	1	2	15	0
        116053	2026-07-03 12:21:03	1	2	15	0
        117660	2026-07-03 12:21:06	1	2	15	0
        110431	2026-07-03 12:21:15	1	2	15	0
        110810	2026-07-03 12:22:08	1	2	15	0
        117043	2026-07-03 12:22:58	1	2	15	0
        117224	2026-07-03 12:23:05	1	2	15	0
        116422	2026-07-03 12:23:08	1	2	15	0
        118157	2026-07-03 12:23:12	1	2	15	0
        116282	2026-07-03 12:23:17	1	2	15	0
        117915	2026-07-03 12:23:18	1	2	15	0
        117616	2026-07-03 12:23:45	1	2	15	0
        118971	2026-07-03 12:24:29	1	2	15	0
        117111	2026-07-03 12:24:36	1	2	15	0
        117850	2026-07-03 12:25:34	1	2	15	0
        116824	2026-07-03 12:25:39	1	2	15	0
        110077	2026-07-03 12:25:44	1	2	15	0
        117833	2026-07-03 12:25:47	1	2	15	0
        110431	2026-07-03 12:25:53	1	2	15	0
        110090	2026-07-03 12:25:56	1	2	15	0
        110859	2026-07-03 12:26:01	1	2	15	0
        117043	2026-07-03 12:26:29	1	2	15	0
        117046	2026-07-03 12:26:45	1	2	15	0
        117085	2026-07-03 12:26:47	1	2	15	0
        116260	2026-07-03 12:27:05	1	2	15	0
        117924	2026-07-03 12:27:37	1	2	15	0
        118761	2026-07-03 12:27:38	1	2	15	0
        116282	2026-07-03 12:27:47	1	2	15	0
        118157	2026-07-03 12:27:49	1	2	15	0
        117915	2026-07-03 12:27:51	1	2	15	0
        117850	2026-07-03 12:27:54	1	2	15	0
        110632	2026-07-03 12:27:56	1	2	15	0
        117680	2026-07-03 12:27:58	1	2	15	0
        117817	2026-07-03 12:28:00	1	2	15	0
        117114	2026-07-03 12:28:23	1	2	15	0
        110090	2026-07-03 12:30:44	1	3	15	0
        117723	2026-07-03 12:30:51	1	3	15	0
        110853	2026-07-03 12:31:05	1	3	15	0
        119263	2026-07-03 12:31:13	1	3	15	0
        117121	2026-07-03 12:33:02	1	3	15	0
        118782	2026-07-03 12:33:04	1	3	15	0
        117046	2026-07-03 12:33:05	1	3	15	0
        117085	2026-07-03 12:33:08	1	3	15	0
        117529	2026-07-03 12:33:47	1	3	15	0
        110158	2026-07-03 12:33:54	1	3	15	0
        110131	2026-07-03 12:34:29	1	3	15	0
        116422	2026-07-03 12:35:11	1	3	15	0
        116914	2026-07-03 12:35:30	1	3	15	0
        116902	2026-07-03 12:35:33	1	3	15	0
        119449	2026-07-03 12:35:59	1	3	15	0
        117111	2026-07-03 12:36:30	1	3	15	0
        110513	2026-07-03 12:36:31	1	3	15	0
        117122	2026-07-03 12:37:11	1	3	15	0
        117091	2026-07-03 12:39:00	1	3	15	0
        118784	2026-07-03 12:39:37	1	3	15	0
        118207	2026-07-03 12:39:40	1	3	15	0
        118970	2026-07-03 12:39:42	1	3	15	0
        116129	2026-07-03 12:39:44	1	3	15	0
        110462	2026-07-03 12:40:39	1	3	15	0
        110195	2026-07-03 12:41:08	1	3	15	0
        110832	2026-07-03 12:41:45	1	3	15	0
        117981	2026-07-03 12:41:52	1	3	15	0
        118563	2026-07-03 12:42:30	1	3	15	0
        117528	2026-07-03 12:42:35	1	3	15	0
        117972	2026-07-03 12:43:13	1	3	15	0
        119143	2026-07-03 12:43:20	1	3	15	0
        117575	2026-07-03 12:43:31	1	3	15	0
        117091	2026-07-03 12:43:44	1	3	15	0
        117114	2026-07-03 12:43:48	1	3	15	0
        118046	2026-07-03 12:43:56	1	3	15	0
        118207	2026-07-03 12:44:16	1	3	15	0
        116129	2026-07-03 12:44:18	1	3	15	0
        118970	2026-07-03 12:44:20	1	3	15	0
        118784	2026-07-03 12:44:23	1	3	15	0
        117769	2026-07-03 12:44:27	1	3	15	0
        118593	2026-07-03 12:44:45	1	3	15	0
        110832	2026-07-03 12:45:06	1	3	15	0
        117236	2026-07-03 12:45:46	1	3	15	0
        117972	2026-07-03 12:46:14	1	3	15	0
        119143	2026-07-03 12:46:19	1	3	15	0
        110833	2026-07-03 12:46:37	1	3	15	0
        117580	2026-07-03 12:46:41	1	3	15	0
        117575	2026-07-03 12:46:49	1	3	15	0
        110057	2026-07-03 12:46:56	1	3	15	0
        110074	2026-07-03 12:46:58	1	3	15	0
        119364	2026-07-03 12:47:01	1	3	15	0
        119070	2026-07-03 12:47:03	1	3	15	0
        118971	2026-07-03 12:47:37	1	3	15	0
        110473	2026-07-03 12:49:19	1	3	15	0
        110475	2026-07-03 12:49:21	1	3	15	0
        118702	2026-07-03 12:49:24	1	3	15	0
        117487	2026-07-03 12:49:33	1	3	15	0
        117981	2026-07-03 12:49:50	1	3	15	0
        110051	2026-07-03 12:51:33	1	3	15	0
        110833	2026-07-03 12:51:58	1	3	15	0
        119070	2026-07-03 12:52:08	1	3	15	0
        110074	2026-07-03 12:52:11	1	3	15	0
        119364	2026-07-03 12:52:18	1	3	15	0
        116297	2026-07-03 12:52:30	1	3	15	0
        110057	2026-07-03 12:52:39	1	3	15	0
        116805	2026-07-03 12:52:49	1	3	15	0
        116356	2026-07-03 12:52:51	1	3	15	0
        118369	2026-07-03 12:52:54	1	3	15	0
        117061	2026-07-03 12:52:57	1	3	15	0
        110131	2026-07-03 12:53:27	1	3	15	0
        110051	2026-07-03 12:53:39	1	3	15	0
        110197	2026-07-03 12:54:09	1	3	15	0
        118369	2026-07-03 12:54:24	1	3	15	0
        116805	2026-07-03 12:55:15	1	3	15	0
        116356	2026-07-03 12:55:27	1	3	15	0
        110475	2026-07-03 12:55:32	1	3	15	0
        110473	2026-07-03 12:55:35	1	3	15	0
        117061	2026-07-03 12:55:43	1	3	15	0
        110025	2026-07-03 12:56:45	1	3	15	0
        110452	2026-07-03 12:57:03	1	3	15	0
        110116	2026-07-03 12:57:28	1	3	15	0
        110057	2026-07-03 12:58:08	1	3	15	0
        110064	2026-07-03 12:58:34	1	3	1	0
        117786	2026-07-03 12:59:20	1	3	15	0
        110025	2026-07-03 12:59:31	1	3	15	0
        110064	2026-07-03 13:00:25	1	3	1	0
        116297	2026-07-03 14:16:05	1	3	15	0
        117769	2026-07-03 15:25:52	1	3	15	0
        116451	2026-07-03 16:02:11	1	1	15	0
        117129	2026-07-03 16:07:47	1	1	15	0
        116741	2026-07-03 16:36:56	1	1	15	0
        119449	2026-07-03 16:40:12	1	1	15	0
        110074	2026-07-03 16:51:39	1	1	15	0
        119263	2026-07-03 16:52:06	1	1	15	0
        110859	2026-07-03 16:53:01	1	1	15	0
        110510	2026-07-03 17:00:25	1	1	15	0
        110810	2026-07-03 17:00:29	1	1	15	0
        117850	2026-07-03 17:01:18	1	1	15	0
        110853	2026-07-03 17:01:57	1	1	15	0
        119070	2026-07-03 17:02:45	1	1	15	0
        116252	2026-07-03 17:03:01	1	1	15	0
        116346	2026-07-03 17:03:13	1	1	15	0
        116479	2026-07-03 17:03:27	1	1	15	0
        110785	2026-07-03 17:03:34	1	1	15	0
        110355	2026-07-03 17:03:57	1	1	15	0
        110356	2026-07-03 17:04:17	1	1	15	0
        118180	2026-07-03 17:04:23	1	1	15	0
        117983	2026-07-03 17:04:55	1	1	15	0
        110452	2026-07-03 17:05:33	1	1	15	0
        110807	2026-07-03 17:05:40	1	1	15	0
        110842	2026-07-03 17:05:44	1	1	15	0
        110840	2026-07-03 17:06:02	1	1	15	0
        110529	2026-07-03 17:06:14	1	1	15	0
        110839	2026-07-03 17:06:17	1	1	15	0
        110808	2026-07-03 17:06:21	1	1	15	0
        110493	2026-07-03 17:06:25	1	1	15	0
        110376	2026-07-03 17:06:35	1	1	15	0
        110852	2026-07-03 17:07:36	1	1	15	0
        116053	2026-07-03 17:07:53	1	1	15	0
        116491	2026-07-03 17:09:29	1	1	15	0
        117103	2026-07-03 17:09:32	1	1	15	0
        116422	2026-07-03 17:10:23	1	1	15	0
        117054	2026-07-03 17:10:58	1	1	15	0
        110131	2026-07-03 17:11:36	1	1	15	0
        118157	2026-07-03 17:12:24	1	1	15	0
        116472	2026-07-03 17:13:13	1	1	15	0
        119364	2026-07-03 17:13:23	1	1	15	0
        117259	2026-07-03 17:14:28	1	1	15	0
        116504	2026-07-03 17:14:30	1	1	15	0
        119453	2026-07-03 17:14:41	1	1	15	0
        110183	2026-07-03 17:15:44	1	1	15	0
        110463	2026-07-03 17:16:21	1	1	15	0
        110465	2026-07-03 17:16:43	1	1	15	0
        117543	2026-07-03 17:16:47	1	1	15	0
        110450	2026-07-03 17:17:01	1	1	15	0
        118695	2026-07-03 17:17:48	1	1	15	0
        117833	2026-07-03 17:17:50	1	1	15	0
        110549	2026-07-03 17:18:15	1	1	15	0
        110492	2026-07-03 17:18:21	1	1	15	0
        117085	2026-07-03 17:20:22	1	1	15	0
        117567	2026-07-03 17:20:59	1	1	15	0
        110431	2026-07-03 17:21:03	1	1	15	0
        110025	2026-07-03 17:21:07	1	1	15	0
        117972	2026-07-03 17:21:48	1	1	15	0
        110197	2026-07-03 17:23:12	1	1	15	0
        117924	2026-07-03 17:26:23	1	1	15	0
        116497	2026-07-03 17:26:25	1	1	15	0
        117061	2026-07-03 17:26:27	1	1	15	0
        116805	2026-07-03 17:26:29	1	1	15	0
        118101	2026-07-03 17:26:34	1	1	15	0
        110077	2026-07-03 17:28:18	1	1	15	0
        117201	2026-07-03 17:28:20	1	1	15	0
        110513	2026-07-03 17:30:47	1	1	15	0
        110418	2026-07-03 17:30:49	1	1	15	0
        110195	2026-07-03 17:31:31	1	1	15	0
        110632	2026-07-03 17:32:55	1	1	15	0
        118046	2026-07-03 17:33:30	1	1	15	0
        117616	2026-07-03 17:33:43	1	1	15	0
        117786	2026-07-03 17:34:49	1	1	15	0
        117162	2026-07-03 17:35:01	1	1	15	0
        117921	2026-07-03 17:35:20	1	1	15	0
        117122	2026-07-03 17:35:29	1	1	15	0
        110051	2026-07-03 17:35:35	1	1	15	0
        116356	2026-07-03 17:35:55	1	1	15	0
        116142	2026-07-03 17:36:39	1	1	15	0
        117541	2026-07-03 17:37:48	1	1	15	0
        116260	2026-07-03 17:37:50	1	1	15	0
        117156	2026-07-03 17:38:38	1	1	15	0
        117580	2026-07-03 17:38:48	1	1	15	0
        118369	2026-07-03 17:38:52	1	1	15	0
        110833	2026-07-03 17:38:54	1	1	15	0
        117981	2026-07-03 17:38:56	1	1	15	0
        110473	2026-07-03 17:40:30	1	1	15	0
        110457	2026-07-03 17:41:26	1	1	15	0
        110528	2026-07-03 17:41:29	1	1	15	0
        117046	2026-07-03 17:43:42	1	1	15	0
        117528	2026-07-03 17:43:45	1	1	15	0
        110657	2026-07-03 17:44:21	1	1	15	0
        119272	2026-07-03 17:44:44	1	1	15	0
        117222	2026-07-03 17:44:48	1	1	15	0
        117660	2026-07-03 17:45:07	1	1	15	0
        117680	2026-07-03 17:48:43	1	1	15	0
        117575	2026-07-03 17:51:17	1	1	15	0
        117212	2026-07-03 17:52:04	1	1	15	0
        116129	2026-07-03 17:53:36	1	1	15	0
        110088	2026-07-03 17:53:42	1	1	15	0
        117591	2026-07-03 17:53:46	1	1	15	0
        118455	2026-07-03 17:55:58	1	1	15	0
        110090	2026-07-03 17:56:19	1	1	15	0
        117807	2026-07-03 17:56:42	1	1	15	0
        118186	2026-07-03 17:57:34	1	1	15	0
        116282	2026-07-03 17:57:38	1	1	15	0
        117634	2026-07-03 17:57:43	1	1	15	0
        117915	2026-07-03 17:57:53	1	1	15	0
        110475	2026-07-03 17:59:04	1	1	15	0
        110064	2026-07-03 17:59:12	1	1	1	0
        117814	2026-07-03 17:59:18	1	1	15	0
        116073	2026-07-03 17:59:31	1	1	15	0
        116531	2026-07-03 17:59:36	1	1	15	0
        117144	2026-07-03 17:59:40	1	1	15	0
        116310	2026-07-03 17:59:41	1	1	15	0
        110158	2026-07-03 18:01:37	1	1	15	0
        117529	2026-07-03 18:03:12	1	1	15	0
        110088	2026-07-03 18:03:37	1	1	15	0
        117100	2026-07-03 18:04:10	1	1	15	0
        110436	2026-07-03 18:05:22	1	1	15	0
        110172	2026-07-03 18:05:26	1	1	15	0
        117595	2026-07-03 18:05:40	1	1	15	0
        116428	2026-07-03 18:05:50	1	1	15	0
        118761	2026-07-03 18:06:27	1	1	15	0
        110116	2026-07-03 18:10:45	1	1	15	0
        119143	2026-07-03 18:15:02	1	1	15	0
        117236	2026-07-03 18:21:23	1	1	15	0
        117091	2026-07-03 18:26:18	1	1	15	0
        116483	2026-07-03 18:30:22	1	1	15	0
        110085	2026-07-03 18:35:38	1	1	15	0
        117219	2026-07-03 18:37:08	1	1	15	0
        110006	2026-07-03 18:38:29	1	1	15	0
        117723	2026-07-03 18:50:43	1	1	15	0
        110057	2026-07-03 19:54:08	1	1	15	0
        117817	2026-07-03 19:54:11	1	1	15	0
        117201	2026-07-04 07:25:49	1	0	15	0
        118702	2026-07-04 10:15:53	1	0	15	0
        110367	2026-07-04 10:15:57	1	0	15	0
        117487	2026-07-04 10:57:08	1	0	15	0
        117201	2026-07-04 12:07:47	1	2	15	0
        117201	2026-07-04 12:13:42	1	2	15	0
        117201	2026-07-04 16:00:20	1	3	15	0
        118702	2026-07-04 16:37:01	1	1	15	0
        110367	2026-07-04 16:37:11	1	1	15	0
        117487	2026-07-04 16:37:17	1	1	15	0
        117835	2026-07-05 09:44:00	1	0	15	0
        117201	2026-07-06 04:45:54	1	0	15	0
        119571	2026-07-06 05:50:20	1	0	15	0
        117850	2026-07-06 05:54:17	1	0	15	0
        117699	2026-07-06 06:09:50	1	0	15	0
        118992	2026-07-06 06:19:47	1	0	15	0
        117645	2026-07-06 06:26:51	1	0	15	0
        118271	2026-07-06 06:29:41	1	0	15	0
        119070	2026-07-06 06:30:09	1	0	15	0
        118598	2026-07-06 06:36:18	1	0	15	0
        110050	2026-07-06 06:36:44	1	0	15	0
        116531	2026-07-06 06:38:39	1	0	15	0
        118744	2026-07-06 06:40:29	1	0	15	0
        116831	2026-07-06 06:40:39	1	0	15	0
        110466	2026-07-06 06:41:05	1	0	15	0
        110144	2026-07-06 06:47:16	1	0	15	0
        110084	2026-07-06 06:51:23	1	0	15	0
        110574	2026-07-06 06:51:28	1	0	15	0
        116799	2026-07-06 06:52:34	1	0	15	0
        118568	2026-07-06 06:54:38	1	0	15	0
        110836	2026-07-06 06:54:43	1	0	15	0
        110060	2026-07-06 06:56:16	1	0	15	0
        116232	2026-07-06 06:56:23	1	0	15	0
        110844	2026-07-06 06:57:49	1	0	15	0
        117129	2026-07-06 06:58:08	1	0	15	0
        110633	2026-07-06 06:58:10	1	0	15	0
        118732	2026-07-06 06:58:44	1	0	15	0
        118640	2026-07-06 06:59:59	1	0	15	0
        116496	2026-07-06 07:04:26	1	0	15	0
        118997	2026-07-06 07:04:30	1	0	15	0
        117936	2026-07-06 07:05:44	1	0	15	0
        110527	2026-07-06 07:06:12	1	0	15	0
        117982	2026-07-06 07:06:21	1	0	15	0
        110581	2026-07-06 07:06:31	1	0	15	0
        110113	2026-07-06 07:07:18	1	0	15	0
        110085	2026-07-06 07:07:30	1	0	15	0
        110580	2026-07-06 07:07:58	1	0	15	0
        117900	2026-07-06 07:09:45	1	0	15	0
        110817	2026-07-06 07:09:47	1	0	15	0
        117966	2026-07-06 07:09:53	1	0	15	0
        110529	2026-07-06 07:10:28	1	0	15	0
        119453	2026-07-06 07:11:40	1	0	15	0
        110199	2026-07-06 07:12:30	1	0	15	0
        117837	2026-07-06 07:12:43	1	0	15	0
        117110	2026-07-06 07:13:26	1	0	15	0
        119494	2026-07-06 07:15:02	1	0	15	0
        110074	2026-07-06 07:15:10	1	0	15	0
        117656	2026-07-06 07:15:15	1	0	1	0
        118750	2026-07-06 07:15:23	1	0	15	0
        110085	2026-07-06 07:15:47	1	0	15	0
        117039	2026-07-06 07:16:17	1	0	15	0
        116479	2026-07-06 07:16:39	1	0	15	0
        110507	2026-07-06 07:17:33	1	0	15	0
        119449	2026-07-06 07:18:20	1	0	15	0
        117770	2026-07-06 07:18:30	1	0	15	0
        110463	2026-07-06 07:19:29	1	0	15	0
        110549	2026-07-06 07:19:45	1	0	15	0
        117092	2026-07-06 07:19:51	1	0	15	0
        117061	2026-07-06 07:19:54	1	0	15	0
        110462	2026-07-06 07:21:01	1	0	15	0
        110456	2026-07-06 07:21:22	1	0	15	0
        116824	2026-07-06 07:21:33	1	0	15	0
        117840	2026-07-06 07:21:52	1	0	15	0
        116260	2026-07-06 07:22:12	1	0	15	0
        117541	2026-07-06 07:22:40	1	0	15	0
        110510	2026-07-06 07:23:55	1	0	15	0
        110840	2026-07-06 07:24:17	1	0	15	0
        117839	2026-07-06 07:25:26	1	0	15	0
        116491	2026-07-06 07:26:28	1	0	15	0
        117121	2026-07-06 07:27:19	1	0	15	0
        116142	2026-07-06 07:27:51	1	0	15	0
        117635	2026-07-06 07:29:15	1	0	15	0
        110424	2026-07-06 07:29:37	1	0	15	0
        119386	2026-07-06 07:29:59	1	0	15	0
        110128	2026-07-06 07:30:26	1	0	15	0
        110528	2026-07-06 07:30:33	1	0	15	0
        118593	2026-07-06 07:31:09	1	0	15	0
        119272	2026-07-06 07:31:44	1	0	15	0
        119143	2026-07-06 07:32:00	1	0	15	0
        116990	2026-07-06 07:32:05	1	0	15	0
        117811	2026-07-06 07:32:21	1	0	15	0
        117817	2026-07-06 07:32:38	1	0	15	0
        117144	2026-07-06 07:32:56	1	0	15	0
        118455	2026-07-06 07:33:04	1	0	15	0
        116504	2026-07-06 07:34:53	1	0	15	0
        110116	2026-07-06 07:35:01	1	0	15	0
        117224	2026-07-06 07:35:50	1	0	15	0
        118550	2026-07-06 07:36:20	1	0	15	0
        110828	2026-07-06 07:36:34	1	0	15	0
        110645	2026-07-06 07:36:38	1	0	15	0
        110859	2026-07-06 07:36:44	1	0	15	0
        117616	2026-07-06 07:36:50	1	0	15	0
        110807	2026-07-06 07:37:44	1	0	15	0
        117580	2026-07-06 07:38:10	1	0	15	0
        116483	2026-07-06 07:38:11	1	0	15	0
        110355	2026-07-06 07:38:22	1	0	15	0
        110356	2026-07-06 07:38:24	1	0	15	0
        117259	2026-07-06 07:38:26	1	0	15	0
        110376	2026-07-06 07:38:51	1	0	15	0
        116477	2026-07-06 07:38:58	1	0	15	0
        117595	2026-07-06 07:39:14	1	0	15	0
        119006	2026-07-06 07:40:28	1	0	15	0
        110810	2026-07-06 07:40:37	1	0	15	0
        116453	2026-07-06 07:40:43	1	0	15	0
        117487	2026-07-06 07:40:50	1	0	15	0
        110450	2026-07-06 07:40:55	1	0	15	0
        117156	2026-07-06 07:41:04	1	0	15	0
        117212	2026-07-06 07:41:06	1	0	15	0
        118695	2026-07-06 07:41:14	1	0	15	0
        110088	2026-07-06 07:41:18	1	0	15	0
        116346	2026-07-06 07:41:42	1	0	15	0
        118101	2026-07-06 07:41:45	1	0	15	0
        117591	2026-07-06 07:41:54	1	0	15	0
        117769	2026-07-06 07:42:11	1	0	15	0
        117497	2026-07-06 07:42:36	1	0	15	0
        110070	2026-07-06 07:42:44	1	0	15	0
        117921	2026-07-06 07:43:03	1	0	15	0
        110063	2026-07-06 07:43:28	1	0	15	0
        116914	2026-07-06 07:44:07	1	0	15	0
        110378	2026-07-06 07:44:10	1	0	15	0
        118782	2026-07-06 07:44:18	1	0	15	0
        117680	2026-07-06 07:44:38	1	0	15	0
        110785	2026-07-06 07:44:54	1	0	15	0
        110193	2026-07-06 07:45:33	1	0	15	0
        117723	2026-07-06 07:45:49	1	0	15	0
        110131	2026-07-06 07:46:28	1	0	15	0
        116778	2026-07-06 07:47:02	1	0	15	0
        119263	2026-07-06 07:47:08	1	0	15	0
        117972	2026-07-06 07:47:12	1	0	15	0
        118180	2026-07-06 07:47:13	1	0	15	0
        118046	2026-07-06 07:47:19	1	0	15	0
        117660	2026-07-06 07:47:25	1	0	15	0
        116828	2026-07-06 07:47:40	1	0	1	0
        118369	2026-07-06 07:48:28	1	0	15	0
        110076	2026-07-06 07:48:49	1	0	15	0
        116252	2026-07-06 07:49:03	1	0	15	0
        110418	2026-07-06 07:49:09	1	0	15	0
        117046	2026-07-06 07:49:13	1	0	15	0
        117120	2026-07-06 07:49:17	1	0	15	0
        116902	2026-07-06 07:49:26	1	0	1	0
        117042	2026-07-06 07:49:32	1	0	15	0
        116451	2026-07-06 07:49:39	1	0	15	0
        110493	2026-07-06 07:49:52	1	0	15	0
        117043	2026-07-06 07:50:10	1	0	15	0
        110805	2026-07-06 07:50:19	1	0	15	0
        117920	2026-07-06 07:50:41	1	0	15	0
        117790	2026-07-06 07:50:54	1	0	15	0
        110195	2026-07-06 07:51:02	1	0	15	0
        118928	2026-07-06 07:51:30	1	0	15	0
        117924	2026-07-06 07:51:35	1	0	15	0
        110025	2026-07-06 07:51:55	1	0	15	0
        116747	2026-07-06 07:52:00	1	0	15	0
        110625	2026-07-06 07:52:07	1	0	15	0
        110492	2026-07-06 07:52:20	1	0	15	0
        110197	2026-07-06 07:52:27	1	0	15	0
        116310	2026-07-06 07:52:46	1	0	15	0
        117113	2026-07-06 07:52:52	1	0	15	0
        110852	2026-07-06 07:52:58	1	0	15	0
        110465	2026-07-06 07:53:02	1	0	15	0
        110055	2026-07-06 07:53:14	1	0	15	0
        110632	2026-07-06 07:54:08	1	0	15	0
        110842	2026-07-06 07:54:12	1	0	15	0
        116933	2026-07-06 07:54:14	1	0	15	0
        110201	2026-07-06 07:55:04	1	0	15	0
        117542	2026-07-06 07:55:26	1	0	15	0
        117711	2026-07-06 07:55:46	1	0	15	0
        117983	2026-07-06 07:55:51	1	0	15	0
        117567	2026-07-06 07:55:58	1	0	15	0
        116995	2026-07-06 07:56:20	1	0	15	0
        110105	2026-07-06 07:56:40	1	0	15	0
        110372	2026-07-06 07:56:43	1	0	15	0
        117981	2026-07-06 07:56:57	1	0	15	0
        116073	2026-07-06 07:57:03	1	0	15	0
        117965	2026-07-06 07:57:17	1	0	15	0
        117930	2026-07-06 07:57:32	1	0	15	0
        110457	2026-07-06 07:57:59	1	0	15	0
        110200	2026-07-06 07:58:04	1	0	15	0
        117709	2026-07-06 07:58:10	1	0	15	0
        119227	2026-07-06 07:58:11	1	0	15	0
        118744	2026-07-06 07:58:13	1	0	15	0
        110808	2026-07-06 07:58:39	1	0	15	0
        116356	2026-07-06 07:58:47	1	0	15	0
        110839	2026-07-06 07:58:51	1	0	15	0
        118761	2026-07-06 07:58:53	1	0	15	0
        117337	2026-07-06 07:59:01	1	0	15	0
        117196	2026-07-06 07:59:24	1	0	15	0
        117828	2026-07-06 08:00:11	1	0	15	0
        116072	2026-07-06 08:00:16	1	0	15	0
        110513	2026-07-06 08:01:08	1	0	15	0
        110090	2026-07-06 08:01:10	1	0	15	0
        117828	2026-07-06 08:01:12	1	0	15	0
        118207	2026-07-06 08:01:13	1	0	15	0
        117684	2026-07-06 08:03:08	1	0	15	0
        116763	2026-07-06 08:03:28	1	0	15	0
        116472	2026-07-06 08:03:31	1	0	15	0
        117529	2026-07-06 08:03:33	1	0	15	0
        117742	2026-07-06 08:03:35	1	0	15	0
        117815	2026-07-06 08:03:37	1	0	15	0
        110064	2026-07-06 08:03:40	1	0	1	0
        117993	2026-07-06 08:03:55	1	0	15	0
        117700	2026-07-06 08:04:00	1	0	15	0
        116805	2026-07-06 08:04:14	1	0	15	0
        119364	2026-07-06 08:04:18	1	0	15	0
        110833	2026-07-06 08:04:25	1	0	15	0
        117162	2026-07-06 08:04:34	1	0	15	0
        118563	2026-07-06 08:04:35	1	0	15	0
        117814	2026-07-06 08:06:29	1	0	15	0
        116849	2026-07-06 08:06:53	1	0	15	0
        110447	2026-07-06 08:06:55	1	0	15	0
        117926	2026-07-06 08:07:35	1	0	15	0
        117786	2026-07-06 08:07:51	1	0	15	0
        116095	2026-07-06 08:08:02	1	0	15	0
        118302	2026-07-06 08:08:06	1	0	15	0
        110172	2026-07-06 08:08:10	1	0	15	0
        110436	2026-07-06 08:08:12	1	0	15	0
        110354	2026-07-06 08:08:34	1	0	15	0
        117222	2026-07-06 08:08:48	1	0	15	0
        117733	2026-07-06 08:09:28	1	0	15	0
        117644	2026-07-06 08:09:48	1	0	15	0
        116512	2026-07-06 08:10:10	1	0	15	0
        116751	2026-07-06 08:10:14	1	0	15	0
        116497	2026-07-06 08:10:40	1	0	15	0
        116279	2026-07-06 08:11:07	1	0	15	0
        116282	2026-07-06 08:11:12	1	0	15	0
        110657	2026-07-06 08:12:59	1	0	15	0
        110452	2026-07-06 08:14:22	1	0	15	0
        117999	2026-07-06 08:14:39	1	0	15	0
        116070	2026-07-06 08:15:35	1	0	15	0
        110431	2026-07-06 08:15:39	1	0	15	0
        117114	2026-07-06 08:15:55	1	0	15	0
        117091	2026-07-06 08:17:53	1	0	15	0
        117698	2026-07-06 08:19:09	1	0	15	0
        117725	2026-07-06 08:19:11	1	0	15	0
        116053	2026-07-06 08:19:54	1	0	15	0
        117630	2026-07-06 08:20:18	1	0	15	0
        110077	2026-07-06 08:20:22	1	0	15	0
        117543	2026-07-06 08:20:24	1	0	15	0
        117528	2026-07-06 08:21:00	1	0	15	0
        118753	2026-07-06 08:21:03	1	0	15	0
        116441	2026-07-06 08:21:17	1	0	15	0
        117122	2026-07-06 08:21:43	1	0	15	0
        110040	2026-07-06 08:24:09	1	0	15	0
        118186	2026-07-06 08:28:01	1	0	15	0
        117849	2026-07-06 08:28:24	1	0	15	0
        118813	2026-07-06 08:30:48	1	0	15	0
        117236	2026-07-06 08:32:23	1	0	15	0
        110360	2026-07-06 08:34:08	1	0	15	0
        117054	2026-07-06 08:37:58	1	0	15	0
        110495	2026-07-06 08:42:34	1	0	15	0
        117111	2026-07-06 08:46:21	1	0	15	0
        110158	2026-07-06 08:57:18	1	0	15	0
        116166	2026-07-06 09:01:33	1	0	15	0
        118427	2026-07-06 09:09:43	1	0	15	0
        119493	2026-07-06 09:23:53	1	0	15	0
        116428	2026-07-06 09:37:50	1	0	15	0
        117812	2026-07-06 09:48:20	1	0	15	0
        117630	2026-07-06 11:59:37	1	2	15	0
        116995	2026-07-06 12:00:01	1	2	15	0
        116477	2026-07-06 12:00:03	1	2	15	0
        117812	2026-07-06 12:00:05	1	2	15	0
        110859	2026-07-06 12:00:06	1	2	15	0
        117841	2026-07-06 12:00:08	1	2	15	0
        118640	2026-07-06 12:00:09	1	2	15	0
        116990	2026-07-06 12:00:13	1	2	15	0
        110633	2026-07-06 12:00:15	1	2	15	0
        117770	2026-07-06 12:00:16	1	2	15	0
        110625	2026-07-06 12:00:18	1	2	15	0
        117936	2026-07-06 12:00:20	1	2	15	0
        110495	2026-07-06 12:00:22	1	2	15	0
        110528	2026-07-06 12:00:24	1	2	15	0
        117900	2026-07-06 12:00:26	1	2	15	0
        118744	2026-07-06 12:00:28	1	2	15	0
        110817	2026-07-06 12:00:31	1	2	15	0
        110063	2026-07-06 12:00:33	1	2	15	0
        117541	2026-07-06 12:00:42	1	2	15	0
        117630	2026-07-06 12:00:43	1	2	15	0
        119386	2026-07-06 12:00:47	1	2	15	0
        116252	2026-07-06 12:00:49	1	2	15	0
        117817	2026-07-06 12:00:51	1	2	15	0
        117259	2026-07-06 12:00:55	1	2	15	0
        110113	2026-07-06 12:00:58	1	2	15	0
        110172	2026-07-06 12:01:01	1	2	15	0
        117595	2026-07-06 12:01:04	1	2	15	0
        110128	2026-07-06 12:01:06	1	2	15	0
        117850	2026-07-06 12:01:08	1	2	15	0
        117920	2026-07-06 12:01:11	1	2	15	0
        116279	2026-07-06 12:01:12	1	2	15	0
        117926	2026-07-06 12:01:14	1	2	15	0
        118563	2026-07-06 12:01:16	1	2	15	0
        117983	2026-07-06 12:01:18	1	2	15	0
        110844	2026-07-06 12:01:21	1	2	15	0
        110863	2026-07-06 12:01:23	1	2	15	0
        110836	2026-07-06 12:01:24	1	2	15	0
        110810	2026-07-06 12:01:29	1	2	15	0
        110510	2026-07-06 12:01:31	1	2	15	0
        117129	2026-07-06 12:01:33	1	2	15	0
        117236	2026-07-06 12:01:35	1	2	15	0
        110452	2026-07-06 12:01:39	1	2	15	0
        110355	2026-07-06 12:01:41	1	2	15	0
        110436	2026-07-06 12:01:43	1	2	15	0
        110450	2026-07-06 12:01:45	1	2	15	0
        110356	2026-07-06 12:01:46	1	2	15	0
        110840	2026-07-06 12:01:48	1	2	15	0
        117790	2026-07-06 12:01:50	1	2	15	0
        117930	2026-07-06 12:01:52	1	2	15	0
        118593	2026-07-06 12:01:54	1	2	15	0
        119386	2026-07-06 12:01:56	1	2	15	0
        110465	2026-07-06 12:01:58	1	2	15	0
        110463	2026-07-06 12:02:00	1	2	15	0
        110807	2026-07-06 12:02:02	1	2	15	0
        110842	2026-07-06 12:02:04	1	2	15	0
        117122	2026-07-06 12:02:06	1	2	15	0
        117201	2026-07-06 12:02:09	1	2	15	0
        117723	2026-07-06 12:02:11	1	2	15	0
        110360	2026-07-06 12:02:13	1	2	15	0
        110527	2026-07-06 12:02:15	1	2	15	0
        117497	2026-07-06 12:02:17	1	2	15	0
        117656	2026-07-06 12:02:19	1	2	1	0
        116914	2026-07-06 12:02:21	1	2	15	0
        117769	2026-07-06 12:02:24	1	2	15	0
        117966	2026-07-06 12:02:25	1	2	15	0
        110529	2026-07-06 12:02:28	1	2	15	0
        110839	2026-07-06 12:02:30	1	2	15	0
        110493	2026-07-06 12:02:32	1	2	15	0
        110657	2026-07-06 12:02:34	1	2	15	0
        110808	2026-07-06 12:02:36	1	2	15	0
        110866	2026-07-06 12:02:38	1	2	15	0
        110447	2026-07-06 12:02:40	1	2	15	0
        117224	2026-07-06 12:02:43	1	2	15	0
        116282	2026-07-06 12:02:44	1	2	15	0
        117542	2026-07-06 12:02:45	1	2	15	0
        117634	2026-07-06 12:02:49	1	2	15	0
        116310	2026-07-06 12:02:51	1	2	15	0
        116531	2026-07-06 12:02:52	1	2	15	0
        118732	2026-07-06 12:02:57	1	2	15	0
        110466	2026-07-06 12:02:59	1	2	15	0
        110867	2026-07-06 12:03:01	1	2	15	0
        117543	2026-07-06 12:03:08	1	2	15	0
        110354	2026-07-06 12:03:10	1	2	15	0
        117039	2026-07-06 12:03:12	1	2	15	0
        110076	2026-07-06 12:03:15	1	2	15	0
        110549	2026-07-06 12:03:18	1	2	15	0
        110431	2026-07-06 12:03:20	1	2	15	0
        117222	2026-07-06 12:03:25	1	2	15	0
        118640	2026-07-06 12:03:27	1	2	15	0
        110492	2026-07-06 12:03:34	1	2	15	0
        110632	2026-07-06 12:03:36	1	2	15	0
        118302	2026-07-06 12:03:40	1	2	15	0
        117630	2026-07-06 12:04:03	1	2	15	0
        110356	2026-07-06 12:04:05	1	2	15	0
        110840	2026-07-06 12:04:08	1	2	15	0
        110355	2026-07-06 12:04:11	1	2	15	0
        117092	2026-07-06 12:04:13	1	2	15	0
        118750	2026-07-06 12:04:16	1	2	15	0
        117110	2026-07-06 12:04:19	1	2	15	0
        116279	2026-07-06 12:04:21	1	2	15	0
        116849	2026-07-06 12:04:22	1	2	15	0
        110158	2026-07-06 12:04:24	1	2	15	0
        110077	2026-07-06 12:04:26	1	2	15	0
        116483	2026-07-06 12:04:28	1	2	15	0
        116504	2026-07-06 12:04:31	1	2	15	0
        118455	2026-07-06 12:04:33	1	2	15	0
        110574	2026-07-06 12:04:36	1	2	15	0
        119070	2026-07-06 12:04:38	1	2	15	0
        119364	2026-07-06 12:04:41	1	2	15	0
        110074	2026-07-06 12:04:44	1	2	15	0
        116282	2026-07-06 12:04:46	1	2	15	0
        117634	2026-07-06 12:04:48	1	2	15	0
        117920	2026-07-06 12:04:52	1	2	15	0
        117850	2026-07-06 12:04:54	1	2	15	0
        110495	2026-07-06 12:04:56	1	2	15	0
        116531	2026-07-06 12:04:58	1	2	15	0
        116310	2026-07-06 12:05:01	1	2	15	0
        110528	2026-07-06 12:05:05	1	2	15	0
        116073	2026-07-06 12:05:06	1	2	15	0
        118744	2026-07-06 12:05:10	1	2	15	0
        117656	2026-07-06 12:05:13	1	2	1	0
        116902	2026-07-06 12:05:14	1	2	15	0
        116491	2026-07-06 12:05:16	1	2	15	0
        118101	2026-07-06 12:05:18	1	2	15	0
        117828	2026-07-06 12:05:20	1	2	15	0
        110633	2026-07-06 12:05:22	1	2	15	0
        117936	2026-07-06 12:05:24	1	2	15	0
        110105	2026-07-06 12:05:26	1	2	15	0
        117812	2026-07-06 12:05:28	1	2	15	0
        116995	2026-07-06 12:05:30	1	2	15	0
        110064	2026-07-06 12:05:35	1	2	1	0
        116990	2026-07-06 12:05:37	1	2	15	0
        116778	2026-07-06 12:05:38	1	2	15	0
        117528	2026-07-06 12:05:40	1	2	15	0
        117046	2026-07-06 12:05:43	1	2	15	0
        110144	2026-07-06 12:05:45	1	2	15	0
        110116	2026-07-06 12:05:48	1	2	15	0
        117196	2026-07-06 12:05:50	1	2	15	0
        117926	2026-07-06 12:05:54	1	2	15	0
        110172	2026-07-06 12:05:56	1	2	15	0
        117487	2026-07-06 12:05:58	1	2	15	0
        117120	2026-07-06 12:06:00	1	2	15	0
        117144	2026-07-06 12:06:03	1	2	15	0
        117236	2026-07-06 12:06:06	1	2	15	0
        110657	2026-07-06 12:06:10	1	2	15	0
        110529	2026-07-06 12:06:12	1	2	15	0
        110839	2026-07-06 12:06:14	1	2	15	0
        110808	2026-07-06 12:06:15	1	2	15	0
        110088	2026-07-06 12:06:18	1	2	15	0
        110378	2026-07-06 12:06:19	1	2	15	0
        110867	2026-07-06 12:06:21	1	2	15	0
        110866	2026-07-06 12:06:23	1	2	15	0
        116824	2026-07-06 12:06:27	1	2	15	0
        117635	2026-07-06 12:06:30	1	2	15	0
        116751	2026-07-06 12:06:32	1	2	15	0
        117660	2026-07-06 12:06:33	1	2	15	0
        116512	2026-07-06 12:06:35	1	2	15	0
        117567	2026-07-06 12:06:38	1	2	15	0
        117129	2026-07-06 12:06:41	1	2	15	0
        110810	2026-07-06 12:06:44	1	2	15	0
        116072	2026-07-06 12:06:49	1	2	15	0
        117924	2026-07-06 12:06:51	1	2	15	0
        116252	2026-07-06 12:06:54	1	2	15	0
        116497	2026-07-06 12:06:57	1	2	15	0
        116260	2026-07-06 12:07:00	1	2	15	0
        110457	2026-07-06 12:07:02	1	2	15	0
        117616	2026-07-06 12:07:05	1	2	15	0
        110510	2026-07-06 12:07:07	1	2	15	0
        117769	2026-07-06 12:07:09	1	2	15	0
        117966	2026-07-06 12:07:11	1	2	15	0
        118207	2026-07-06 12:07:14	1	2	15	0
        117692	2026-07-06 12:07:16	1	2	15	0
        117972	2026-07-06 12:07:17	1	2	15	0
        110785	2026-07-06 12:07:19	1	2	15	0
        117742	2026-07-06 12:07:21	1	2	15	0
        117837	2026-07-06 12:07:23	1	2	15	0
        116849	2026-07-06 12:07:24	1	2	15	0
        117723	2026-07-06 12:07:26	1	2	15	0
        110465	2026-07-06 12:07:28	1	2	15	0
        110463	2026-07-06 12:07:29	1	2	15	0
        116778	2026-07-06 12:07:49	1	2	15	0
        117111	2026-07-06 12:07:56	1	2	15	0
        117337	2026-07-06 12:07:58	1	2	15	0
        110513	2026-07-06 12:08:01	1	2	15	0
        110418	2026-07-06 12:08:02	1	2	15	0
        117497	2026-07-06 12:08:05	1	2	15	0
        117201	2026-07-06 12:08:08	1	2	15	0
        110492	2026-07-06 12:08:12	1	2	15	0
        110493	2026-07-06 12:08:15	1	2	15	0
        117196	2026-07-06 12:08:17	1	2	15	0
        117680	2026-07-06 12:08:22	1	2	15	0
        117790	2026-07-06 12:08:26	1	2	15	0
        117259	2026-07-06 12:08:28	1	2	15	0
        117698	2026-07-06 12:08:30	1	2	15	0
        110507	2026-07-06 12:08:35	1	2	15	0
        117541	2026-07-06 12:08:42	1	2	15	0
        117725	2026-07-06 12:08:44	1	2	15	0
        117046	2026-07-06 12:08:49	1	2	15	0
        117528	2026-07-06 12:08:52	1	2	15	0
        110050	2026-07-06 12:08:56	1	2	15	0
        110025	2026-07-06 12:08:57	1	2	15	0
        118695	2026-07-06 12:09:02	1	2	15	0
        110549	2026-07-06 12:09:05	1	2	15	0
        117120	2026-07-06 12:09:09	1	2	15	0
        110431	2026-07-06 12:09:12	1	2	15	0
        110158	2026-07-06 12:09:14	1	2	15	0
        110197	2026-07-06 12:09:16	1	2	15	0
        116491	2026-07-06 12:09:22	1	2	15	0
        110852	2026-07-06 12:09:28	1	2	15	0
        117733	2026-07-06 12:09:32	1	2	15	0
        118455	2026-07-06 12:09:40	1	2	15	0
        116504	2026-07-06 12:09:43	1	2	15	0
        116483	2026-07-06 12:09:45	1	2	15	0
        119070	2026-07-06 12:09:47	1	2	15	0
        110074	2026-07-06 12:09:50	1	2	15	0
        119364	2026-07-06 12:09:53	1	2	15	0
        117635	2026-07-06 12:09:56	1	2	15	0
        117039	2026-07-06 12:09:59	1	2	15	0
        117660	2026-07-06 12:10:01	1	2	15	0
        110527	2026-07-06 12:10:03	1	2	15	0
        110360	2026-07-06 12:10:05	1	2	15	0
        110064	2026-07-06 12:10:10	1	2	1	0
        110447	2026-07-06 12:10:16	1	2	15	0
        117817	2026-07-06 12:10:18	1	2	15	0
        117543	2026-07-06 12:10:20	1	2	15	0
        116095	2026-07-06 12:10:21	1	2	15	0
        110807	2026-07-06 12:10:23	1	2	15	0
        110842	2026-07-06 12:10:25	1	2	15	0
        117113	2026-07-06 12:10:27	1	2	15	0
        117807	2026-07-06 12:10:29	1	2	15	0
        117814	2026-07-06 12:10:31	1	2	15	0
        118207	2026-07-06 12:10:33	1	2	15	0
        110424	2026-07-06 12:10:35	1	2	15	0
        117786	2026-07-06 12:10:37	1	2	15	0
        110436	2026-07-06 12:10:39	1	2	15	0
        110859	2026-07-06 12:10:40	1	2	15	0
        116356	2026-07-06 12:10:42	1	2	15	0
        110128	2026-07-06 12:10:49	1	2	15	0
        116751	2026-07-06 12:10:52	1	2	15	0
        116512	2026-07-06 12:10:54	1	2	15	0
        117982	2026-07-06 12:10:58	1	2	15	0
        117921	2026-07-06 12:11:03	1	2	15	0
        117487	2026-07-06 12:11:12	1	2	15	0
        110580	2026-07-06 12:11:14	1	2	15	0
        110581	2026-07-06 12:11:17	1	2	15	0
        110090	2026-07-06 12:11:30	1	2	15	0
        117725	2026-07-06 12:11:34	1	2	15	0
        116824	2026-07-06 12:11:37	1	2	15	0
        117698	2026-07-06 12:11:42	1	2	15	0
        110144	2026-07-06 12:11:55	1	2	15	0
        118732	2026-07-06 12:11:56	1	2	15	0
        116260	2026-07-06 12:11:58	1	2	15	0
        110076	2026-07-06 12:12:00	1	2	15	0
        117091	2026-07-06 12:12:04	1	2	15	0
        110113	2026-07-06 12:12:06	1	2	15	0
        110513	2026-07-06 12:12:23	1	2	15	0
        110418	2026-07-06 12:12:24	1	2	15	0
        119006	2026-07-06 12:12:28	1	2	15	0
        116497	2026-07-06 12:12:30	1	2	15	0
        110457	2026-07-06 12:12:30	1	2	15	0
        116072	2026-07-06 12:12:38	1	2	15	0
        119449	2026-07-06 12:12:43	1	2	15	0
        117924	2026-07-06 12:12:46	1	2	15	0
        116902	2026-07-06 12:12:51	1	2	15	0
        119453	2026-07-06 12:12:56	1	2	15	0
        117733	2026-07-06 12:13:07	1	2	15	0
        110424	2026-07-06 12:13:09	1	2	15	0
        117645	2026-07-06 12:13:26	1	2	15	0
        117815	2026-07-06 12:13:29	1	2	15	0
        110055	2026-07-06 12:13:32	1	2	15	0
        118997	2026-07-06 12:13:35	1	2	15	0
        110040	2026-07-06 12:13:37	1	2	15	0
        116142	2026-07-06 12:13:42	1	2	15	0
        117222	2026-07-06 12:13:44	1	2	15	0
        117144	2026-07-06 12:13:46	1	2	15	0
        110025	2026-07-06 12:13:50	1	2	15	0
        110372	2026-07-06 12:13:51	1	2	15	0
        110632	2026-07-06 12:13:55	1	2	15	0
        110050	2026-07-06 12:13:56	1	2	15	0
        110063	2026-07-06 12:14:02	1	2	15	0
        118992	2026-07-06 12:14:04	1	2	15	0
        117156	2026-07-06 12:14:07	1	2	15	0
        117840	2026-07-06 12:14:09	1	2	15	0
        117121	2026-07-06 12:14:12	1	2	15	0
        118750	2026-07-06 12:14:15	1	2	15	0
        110105	2026-07-06 12:14:18	1	2	15	0
        117110	2026-07-06 12:14:19	1	2	15	0
        116453	2026-07-06 12:14:24	1	2	15	0
        118598	2026-07-06 12:14:27	1	2	15	0
        110199	2026-07-06 12:14:30	1	2	15	0
        110456	2026-07-06 12:14:32	1	2	15	0
        117742	2026-07-06 12:14:35	1	2	15	0
        117837	2026-07-06 12:14:37	1	2	15	0
        119227	2026-07-06 12:14:39	1	2	15	0
        117091	2026-07-06 12:14:45	1	2	15	0
        110055	2026-07-06 12:14:54	1	2	15	0
        117591	2026-07-06 12:14:57	1	2	15	0
        116232	2026-07-06 12:14:59	1	2	15	0
        110580	2026-07-06 12:15:01	1	2	15	0
        110581	2026-07-06 12:15:03	1	2	15	0
        110625	2026-07-06 12:15:05	1	2	15	0
        118563	2026-07-06 12:15:12	1	2	15	0
        116252	2026-07-06 12:15:21	1	2	15	0
        117982	2026-07-06 12:15:33	1	2	15	0
        117921	2026-07-06 12:15:38	1	2	15	0
        110088	2026-07-06 12:15:47	1	2	15	0
        110378	2026-07-06 12:15:50	1	2	15	0
        117616	2026-07-06 12:15:52	1	2	15	0
        110040	2026-07-06 12:15:54	1	2	15	0
        119453	2026-07-06 12:15:58	1	2	15	0
        117529	2026-07-06 12:16:02	1	2	15	0
        110852	2026-07-06 12:16:03	1	2	15	0
        117680	2026-07-06 12:16:06	1	2	15	0
        119143	2026-07-06 12:16:24	1	2	15	0
        116451	2026-07-06 12:16:35	1	2	15	0
        118550	2026-07-06 12:16:40	1	2	15	0
        116748	2026-07-06 12:16:48	1	2	15	0
        117092	2026-07-06 12:16:58	1	2	15	0
        110372	2026-07-06 12:17:04	1	2	15	0
        117042	2026-07-06 12:17:28	1	2	15	0
        110199	2026-07-06 12:17:30	1	2	15	0
        110456	2026-07-06 12:17:33	1	2	15	0
        110462	2026-07-06 12:17:35	1	2	15	0
        119006	2026-07-06 12:17:39	1	2	15	0
        117529	2026-07-06 12:17:42	1	2	15	0
        118598	2026-07-06 12:18:16	1	2	15	0
        117085	2026-07-06 12:18:20	1	2	15	0
        110055	2026-07-06 12:18:22	1	2	15	0
        110060	2026-07-06 12:18:30	1	2	15	0
        116914	2026-07-06 12:18:57	1	2	15	0
        116799	2026-07-06 12:19:03	1	2	15	0
        116933	2026-07-06 12:19:14	1	2	15	0
        110085	2026-07-06 12:19:22	1	2	15	0
        117840	2026-07-06 12:19:34	1	2	15	0
        117645	2026-07-06 12:19:36	1	2	15	0
        117815	2026-07-06 12:19:39	1	2	15	0
        119143	2026-07-06 12:19:41	1	2	15	0
        117684	2026-07-06 12:19:46	1	2	15	0
        110828	2026-07-06 12:19:48	1	2	15	0
        110645	2026-07-06 12:19:51	1	2	15	0
        116453	2026-07-06 12:20:00	1	2	15	0
        117114	2026-07-06 12:20:10	1	2	15	0
        117085	2026-07-06 12:20:16	1	2	15	0
        110507	2026-07-06 12:20:25	1	2	15	0
        118997	2026-07-06 12:20:31	1	2	15	0
        118813	2026-07-06 12:20:35	1	2	15	0
        117999	2026-07-06 12:20:39	1	2	15	0
        119493	2026-07-06 12:20:54	1	2	15	0
        110084	2026-07-06 12:20:56	1	2	15	0
        119272	2026-07-06 12:21:07	1	2	15	0
        110805	2026-07-06 12:21:11	1	2	15	0
        119227	2026-07-06 12:21:13	1	2	15	0
        110116	2026-07-06 12:21:18	1	2	15	0
        110090	2026-07-06 12:21:21	1	2	15	0
        119282	2026-07-06 12:21:29	1	2	15	0
        116933	2026-07-06 12:21:38	1	2	15	0
        117770	2026-07-06 12:21:54	1	2	15	0
        110466	2026-07-06 12:22:23	1	2	15	0
        117993	2026-07-06 12:22:27	1	2	15	0
        117591	2026-07-06 12:22:32	1	2	15	0
        110450	2026-07-06 12:22:40	1	2	15	0
        119493	2026-07-06 12:22:59	1	2	15	0
        116472	2026-07-06 12:23:08	1	2	15	0
        117156	2026-07-06 12:23:18	1	2	15	0
        110070	2026-07-06 12:23:19	1	2	15	0
        117121	2026-07-06 12:23:22	1	2	15	0
        110060	2026-07-06 12:23:29	1	2	15	0
        117644	2026-07-06 12:23:32	1	2	15	0
        110376	2026-07-06 12:23:34	1	2	15	0
        117814	2026-07-06 12:23:39	1	2	15	0
        110085	2026-07-06 12:23:55	1	2	15	0
        110354	2026-07-06 12:24:34	1	2	15	0
        110084	2026-07-06 12:24:39	1	2	15	0
        117043	2026-07-06 12:24:49	1	2	15	0
        117122	2026-07-06 12:24:55	1	2	15	0
        110200	2026-07-06 12:24:58	1	2	15	0
        117042	2026-07-06 12:25:07	1	2	15	0
        116451	2026-07-06 12:25:08	1	2	15	0
        118550	2026-07-06 12:25:11	1	2	15	0
        117567	2026-07-06 12:25:22	1	2	15	0
        118813	2026-07-06 12:25:26	1	2	15	0
        119272	2026-07-06 12:25:29	1	2	15	0
        116828	2026-07-06 12:25:39	1	2	1	0
        116799	2026-07-06 12:26:15	1	2	15	0
        110201	2026-07-06 12:26:30	1	2	15	0
        117965	2026-07-06 12:26:35	1	2	15	0
        117684	2026-07-06 12:27:12	1	2	15	0
        110828	2026-07-06 12:27:15	1	2	15	0
        110645	2026-07-06 12:27:17	1	2	15	0
        117644	2026-07-06 12:27:21	1	2	15	0
        117699	2026-07-06 12:27:24	1	2	15	0
        117993	2026-07-06 12:27:30	1	2	15	0
        116356	2026-07-06 12:27:33	1	2	15	0
        117043	2026-07-06 12:27:40	1	2	15	0
        110200	2026-07-06 12:27:46	1	2	15	0
        110077	2026-07-06 12:27:51	1	2	15	0
        110844	2026-07-06 12:27:56	1	2	15	0
        110836	2026-07-06 12:28:01	1	2	15	0
        110863	2026-07-06 12:28:05	1	2	15	0
        110817	2026-07-06 12:28:13	1	2	15	0
        117542	2026-07-06 12:28:18	1	2	15	0
        117224	2026-07-06 12:28:22	1	2	15	0
        119449	2026-07-06 12:28:29	1	2	15	0
        117983	2026-07-06 12:28:34	1	2	15	0
        110376	2026-07-06 12:28:39	1	2	15	0
        116428	2026-07-06 12:28:45	1	2	15	0
        118761	2026-07-06 12:28:46	1	2	15	0
        117900	2026-07-06 12:28:51	1	2	15	0
        118046	2026-07-06 12:29:25	1	2	15	0
        116477	2026-07-06 12:29:46	1	2	15	0
        116166	2026-07-06 12:30:08	1	2	15	0
        117212	2026-07-06 12:30:38	1	2	15	0
        117054	2026-07-06 12:30:41	1	2	15	0
        116828	2026-07-06 12:30:54	1	2	1	0
        118992	2026-07-06 12:31:23	1	3	15	0
        117699	2026-07-06 12:31:59	1	3	15	0
        110195	2026-07-06 12:32:14	1	3	15	0
        110574	2026-07-06 12:32:22	1	3	15	0
        110197	2026-07-06 12:32:59	1	3	15	0
        116428	2026-07-06 12:33:16	1	3	15	0
        118761	2026-07-06 12:33:19	1	3	15	0
        117711	2026-07-06 12:33:23	1	3	15	0
        117828	2026-07-06 12:34:03	1	3	15	0
        118101	2026-07-06 12:34:06	1	3	15	0
        117212	2026-07-06 12:34:12	1	3	15	0
        118302	2026-07-06 12:34:17	1	3	15	0
        116166	2026-07-06 12:34:19	1	3	15	0
        116142	2026-07-06 12:34:22	1	3	15	0
        110131	2026-07-06 12:34:29	1	3	15	0
        117972	2026-07-06 12:34:33	1	3	15	0
        117114	2026-07-06 12:35:40	1	3	15	0
        119263	2026-07-06 12:36:21	1	3	15	0
        118928	2026-07-06 12:37:04	1	3	15	0
        110195	2026-07-06 12:37:08	1	3	15	0
        117711	2026-07-06 12:37:17	1	3	15	0
        117709	2026-07-06 12:37:25	1	3	15	0
        119494	2026-07-06 12:37:27	1	3	15	0
        117849	2026-07-06 12:37:29	1	3	15	0
        117061	2026-07-06 12:38:41	1	3	15	0
        117839	2026-07-06 12:39:03	1	3	15	0
        117811	2026-07-06 12:39:04	1	3	15	0
        117841	2026-07-06 12:39:06	1	3	15	0
        117965	2026-07-06 12:39:31	1	3	15	0
        110201	2026-07-06 12:39:36	1	3	15	0
        119263	2026-07-06 12:39:40	1	3	15	0
        110785	2026-07-06 12:39:49	1	3	15	0
        116346	2026-07-06 12:39:54	1	3	15	0
        117999	2026-07-06 12:40:41	1	3	15	0
        117061	2026-07-06 12:41:47	1	3	15	0
        119494	2026-07-06 12:42:21	1	3	15	0
        117849	2026-07-06 12:42:30	1	3	15	0
        117709	2026-07-06 12:42:34	1	3	15	0
        118753	2026-07-06 12:42:44	1	3	15	0
        116346	2026-07-06 12:43:16	1	3	15	0
        118753	2026-07-06 12:43:57	1	3	15	0
        110070	2026-07-06 12:44:47	1	3	15	0
        117113	2026-07-06 12:45:00	1	3	15	0
        117786	2026-07-06 12:45:18	1	3	15	0
        116073	2026-07-06 12:46:13	1	3	15	0
        117811	2026-07-06 12:46:25	1	3	15	0
        117839	2026-07-06 12:46:26	1	3	15	0
        110805	2026-07-06 12:46:49	1	3	15	0
        110131	2026-07-06 12:48:06	1	3	15	0
        116053	2026-07-06 12:48:56	1	3	15	0
        116441	2026-07-06 12:48:58	1	3	15	0
        117114	2026-07-06 12:49:24	1	3	15	0
        117111	2026-07-06 12:49:37	1	3	15	0
        118695	2026-07-06 12:49:39	1	3	15	0
        117337	2026-07-06 12:49:42	1	3	15	0
        118593	2026-07-06 12:50:48	1	3	15	0
        118046	2026-07-06 12:50:57	1	3	15	0
        118180	2026-07-06 12:51:00	1	3	15	0
        118186	2026-07-06 12:51:50	1	3	15	0
        116805	2026-07-06 12:53:18	1	3	15	0
        118369	2026-07-06 12:53:20	1	3	15	0
        110833	2026-07-06 12:53:22	1	3	15	0
        117580	2026-07-06 12:53:24	1	3	15	0
        117981	2026-07-06 12:53:26	1	3	15	0
        116095	2026-07-06 12:53:47	1	3	15	0
        118180	2026-07-06 12:54:35	1	3	15	0
        117114	2026-07-06 12:54:50	1	3	15	0
        117981	2026-07-06 12:55:37	1	3	15	0
        110833	2026-07-06 12:55:44	1	3	15	0
        118928	2026-07-06 12:55:46	1	3	15	0
        117580	2026-07-06 12:55:48	1	3	15	0
        118369	2026-07-06 12:55:49	1	3	15	0
        116805	2026-07-06 12:55:52	1	3	15	0
        110462	2026-07-06 12:56:07	1	3	15	0
        116441	2026-07-06 12:56:16	1	3	15	0
        116053	2026-07-06 12:56:18	1	3	15	0
        110452	2026-07-06 12:56:47	1	3	15	0
        118427	2026-07-06 12:58:23	1	3	15	0
        118427	2026-07-06 12:59:59	1	3	15	0
        118782	2026-07-06 13:12:14	1	3	15	0
        118782	2026-07-06 13:17:48	1	3	15	0
        117483	2026-07-06 13:27:50	1	3	15	0
        110055	2026-07-06 16:31:21	1	1	15	0
        110859	2026-07-06 17:00:49	1	1	15	0
        110495	2026-07-06 17:01:07	1	1	15	0
        110493	2026-07-06 17:01:09	1	1	15	0
        110839	2026-07-06 17:01:11	1	1	15	0
        110529	2026-07-06 17:01:12	1	1	15	0
        110867	2026-07-06 17:01:16	1	1	15	0
        110808	2026-07-06 17:01:31	1	1	15	0
        110447	2026-07-06 17:01:39	1	1	15	0
        110840	2026-07-06 17:02:02	1	1	15	0
        116279	2026-07-06 17:02:06	1	1	15	0
        110452	2026-07-06 17:02:10	1	1	15	0
        118207	2026-07-06 17:02:15	1	1	15	0
        118750	2026-07-06 17:02:21	1	1	15	0
        119494	2026-07-06 17:02:23	1	1	15	0
        117635	2026-07-06 17:02:23	1	1	15	0
        116073	2026-07-06 17:02:27	1	1	15	0
        117039	2026-07-06 17:02:30	1	1	15	0
        110852	2026-07-06 17:02:32	1	1	15	0
        110625	2026-07-06 17:03:05	1	1	15	0
        116914	2026-07-06 17:03:14	1	1	15	0
        110376	2026-07-06 17:03:22	1	1	15	0
        110076	2026-07-06 17:03:32	1	1	15	0
        110462	2026-07-06 17:03:41	1	1	15	0
        116491	2026-07-06 17:03:54	1	1	15	0
        110833	2026-07-06 17:03:58	1	1	15	0
        110810	2026-07-06 17:04:00	1	1	15	0
        110355	2026-07-06 17:04:02	1	1	15	0
        110356	2026-07-06 17:04:04	1	1	15	0
        117043	2026-07-06 17:04:10	1	1	15	0
        117849	2026-07-06 17:04:13	1	1	15	0
        117196	2026-07-06 17:04:14	1	1	15	0
        110064	2026-07-06 17:04:21	1	1	1	0
        116252	2026-07-06 17:04:27	1	1	15	0
        110510	2026-07-06 17:04:29	1	1	15	0
        116504	2026-07-06 17:04:33	1	1	15	0
        118455	2026-07-06 17:04:35	1	1	15	0
        117222	2026-07-06 17:04:38	1	1	15	0
        117110	2026-07-06 17:04:40	1	1	15	0
        119070	2026-07-06 17:04:46	1	1	15	0
        110657	2026-07-06 17:05:31	1	1	15	0
        117733	2026-07-06 17:05:35	1	1	15	0
        110116	2026-07-06 17:05:54	1	1	15	0
        116512	2026-07-06 17:06:03	1	1	15	0
        119453	2026-07-06 17:06:32	1	1	15	0
        110866	2026-07-06 17:06:46	1	1	15	0
        117487	2026-07-06 17:06:57	1	1	15	0
        117680	2026-07-06 17:07:07	1	1	15	0
        110197	2026-07-06 17:07:35	1	1	15	0
        117924	2026-07-06 17:07:37	1	1	15	0
        117981	2026-07-06 17:07:38	1	1	15	0
        116356	2026-07-06 17:07:40	1	1	15	0
        117061	2026-07-06 17:07:41	1	1	15	0
        116805	2026-07-06 17:07:43	1	1	15	0
        119227	2026-07-06 17:07:56	1	1	15	0
        117129	2026-07-06 17:08:23	1	1	15	0
        119272	2026-07-06 17:08:36	1	1	15	0
        117972	2026-07-06 17:08:50	1	1	15	0
        116346	2026-07-06 17:08:56	1	1	15	0
        117224	2026-07-06 17:09:15	1	1	15	0
        110457	2026-07-06 17:09:21	1	1	15	0
        110528	2026-07-06 17:09:23	1	1	15	0
        117709	2026-07-06 17:09:25	1	1	15	0
        117711	2026-07-06 17:09:29	1	1	15	0
        117660	2026-07-06 17:09:33	1	1	15	0
        116053	2026-07-06 17:09:41	1	1	15	0
        116252	2026-07-06 17:09:46	1	1	15	0
        116451	2026-07-06 17:09:59	1	1	15	0
        117196	2026-07-06 17:10:01	1	1	15	0
        110463	2026-07-06 17:10:44	1	1	15	0
        110842	2026-07-06 17:10:47	1	1	15	0
        110807	2026-07-06 17:10:52	1	1	15	0
        110785	2026-07-06 17:10:55	1	1	15	0
        117543	2026-07-06 17:10:57	1	1	15	0
        116072	2026-07-06 17:11:47	1	1	15	0
        110074	2026-07-06 17:12:18	1	1	15	0
        110805	2026-07-06 17:12:25	1	1	15	0
        118180	2026-07-06 17:12:35	1	1	15	0
        117236	2026-07-06 17:13:24	1	1	15	0
        116477	2026-07-06 17:13:40	1	1	15	0
        110131	2026-07-06 17:13:47	1	1	15	0
        117644	2026-07-06 17:13:49	1	1	15	0
        117993	2026-07-06 17:13:53	1	1	15	0
        118101	2026-07-06 17:15:33	1	1	15	0
        117828	2026-07-06 17:15:34	1	1	15	0
        117162	2026-07-06 17:16:05	1	1	15	0
        116441	2026-07-06 17:16:52	1	1	15	0
        117616	2026-07-06 17:17:36	1	1	15	0
        117259	2026-07-06 17:19:29	1	1	15	0
        110090	2026-07-06 17:21:08	1	1	15	0
        117114	2026-07-06 17:21:23	1	1	15	0
        117042	2026-07-06 17:21:31	1	1	15	0
        116472	2026-07-06 17:21:45	1	1	15	0
        118928	2026-07-06 17:22:41	1	1	15	0
        116282	2026-07-06 17:22:53	1	1	15	0
        116497	2026-07-06 17:23:11	1	1	15	0
        118640	2026-07-06 17:27:15	1	1	15	0
        117120	2026-07-06 17:32:50	1	1	15	0
        119263	2026-07-06 17:37:31	1	1	15	0
        117144	2026-07-06 17:39:24	1	1	15	0
        110088	2026-07-06 17:39:39	1	1	15	0
        119364	2026-07-06 17:40:12	1	1	15	0
        110063	2026-07-06 17:42:20	1	1	15	0
        110200	2026-07-06 17:42:40	1	1	15	0
        110084	2026-07-06 17:43:36	1	1	15	0
        110465	2026-07-06 17:46:06	1	1	15	0
        110632	2026-07-06 17:46:13	1	1	15	0
        117114	2026-07-06 17:48:30	1	1	15	0
        117567	2026-07-06 17:50:11	1	1	15	0
        116902	2026-07-06 17:57:58	1	1	1	0
        110418	2026-07-06 17:58:07	1	1	15	0
        110424	2026-07-06 17:58:09	1	1	15	0
        110172	2026-07-06 17:58:18	1	1	15	0
        117121	2026-07-06 17:58:20	1	1	15	0
        117814	2026-07-06 17:58:23	1	1	15	0
        117046	2026-07-06 17:58:49	1	1	15	0
        117528	2026-07-06 17:58:52	1	1	15	0
        117790	2026-07-06 17:58:55	1	1	15	0
        118695	2026-07-06 17:59:02	1	1	15	0
        117337	2026-07-06 17:59:10	1	1	15	0
        117111	2026-07-06 17:59:13	1	1	15	0
        119449	2026-07-06 17:59:18	1	1	15	0
        118598	2026-07-06 18:01:12	1	1	15	0
        110195	2026-07-06 18:02:05	1	1	15	0
        116747	2026-07-06 18:02:20	1	1	15	0
        117698	2026-07-06 18:03:15	1	1	15	0
        110513	2026-07-06 18:03:20	1	1	15	0
        110436	2026-07-06 18:03:35	1	1	15	0
        110077	2026-07-06 18:05:14	1	1	15	0
        117926	2026-07-06 18:06:54	1	1	15	0
        117212	2026-07-06 18:07:49	1	1	15	0
        116799	2026-07-06 18:10:01	1	1	15	0
        118732	2026-07-06 18:10:49	1	1	15	0
        118997	2026-07-06 18:10:53	1	1	15	0
        110128	2026-07-06 18:10:57	1	1	15	0
        110354	2026-07-06 18:11:11	1	1	15	0
        117936	2026-07-06 18:11:29	1	1	15	0
        110527	2026-07-06 18:12:35	1	1	15	0
        110466	2026-07-06 18:15:28	1	1	15	0
        110844	2026-07-06 18:16:52	1	1	15	0
        110836	2026-07-06 18:16:58	1	1	15	0
        110113	2026-07-06 18:18:42	1	1	15	0
        110199	2026-07-06 18:20:44	1	1	15	0
        117921	2026-07-06 18:21:00	1	1	15	0
        116496	2026-07-06 18:21:41	1	1	15	0
        110431	2026-07-06 18:23:04	1	1	15	0
        110549	2026-07-06 18:23:09	1	1	15	0
        110070	2026-07-06 18:27:45	1	1	15	0
        117092	2026-07-06 18:29:12	1	1	15	0
        117156	2026-07-06 18:32:08	1	1	15	0
        116824	2026-07-06 18:32:34	1	1	15	0
        110158	2026-07-06 18:34:49	1	1	15	0
        116748	2026-07-06 18:35:33	1	1	15	0
        117591	2026-07-06 18:36:44	1	1	15	0
        110580	2026-07-06 18:36:49	1	1	15	0
        117786	2026-07-06 18:36:51	1	1	15	0
        110581	2026-07-06 18:36:52	1	1	15	0
        118563	2026-07-06 18:37:21	1	1	15	0
        117656	2026-07-06 18:42:54	1	1	1	0
        110144	2026-07-06 18:43:10	1	1	15	0
        110378	2026-07-06 18:45:03	1	1	15	0
        110085	2026-07-06 18:48:03	1	1	15	0
        110507	2026-07-06 18:48:08	1	1	15	0
        118813	2026-07-06 18:48:19	1	1	15	0
        116531	2026-07-06 18:48:24	1	1	15	0
        118302	2026-07-06 18:48:48	1	1	15	0
        117529	2026-07-06 18:50:31	1	1	15	0
        110492	2026-07-06 18:51:31	1	1	15	0
        118992	2026-07-06 18:51:35	1	1	15	0
        117113	2026-07-06 18:52:04	1	1	15	0
        117999	2026-07-06 18:52:25	1	1	15	0
        118744	2026-07-06 18:52:52	1	1	15	0
        116252	2026-07-06 18:52:59	1	1	15	0
        117680	2026-07-06 18:53:05	1	1	15	0
        117201	2026-07-06 18:53:17	1	1	15	0
        110817	2026-07-06 18:54:23	1	1	15	0
        110863	2026-07-06 18:54:28	1	1	15	0
        117900	2026-07-06 18:54:53	1	1	15	0
        110360	2026-07-06 18:55:31	1	1	15	0
        116933	2026-07-06 18:57:28	1	1	15	0
        119143	2026-07-06 18:57:58	1	1	15	0
        117723	2026-07-06 18:58:06	1	1	15	0
        119386	2026-07-06 19:00:12	1	1	15	0
        117811	2026-07-06 19:00:49	1	1	15	0
        117630	2026-07-06 19:01:19	1	1	15	0
        110645	2026-07-06 19:02:43	1	1	15	0
        117725	2026-07-06 19:02:47	1	1	15	0
        117965	2026-07-06 19:02:50	1	1	15	0
        110828	2026-07-06 19:02:53	1	1	15	0
        117684	2026-07-06 19:02:55	1	1	15	0
        110201	2026-07-06 19:03:22	1	1	15	0
        117817	2026-07-06 19:08:06	1	1	15	0
        117085	2026-07-06 19:09:38	1	1	15	0
        110060	2026-07-06 19:10:14	1	1	15	0
        117122	2026-07-06 19:18:46	1	1	15	0
        117840	2026-07-06 19:19:34	1	1	15	0
        110456	2026-07-06 19:20:42	1	1	15	0
        118761	2026-07-06 19:23:19	1	1	15	0
        117483	2026-07-06 19:28:50	1	1	1	0
        117839	2026-07-06 19:28:56	1	1	15	0
        117815	2026-07-06 19:28:57	1	1	15	0
        119282	2026-07-06 19:29:39	1	1	15	0
        118427	2026-07-06 19:29:41	1	1	15	0
        110025	2026-07-06 19:30:40	1	1	15	0
        116428	2026-07-06 19:31:05	1	1	15	0
        117692	2026-07-06 19:31:15	1	1	15	0
        117634	2026-07-06 19:31:51	1	1	15	0
        116310	2026-07-06 19:32:31	1	1	15	0
        116070	2026-07-06 19:34:58	1	1	1	0
        116778	2026-07-06 19:35:04	1	1	15	0
        117807	2026-07-06 19:35:14	1	1	15	0
        119493	2026-07-06 19:35:36	1	1	15	0
        117921	2026-07-06 19:37:24	1	1	15	0
        116142	2026-07-06 19:38:27	1	1	15	0
        110050	2026-07-06 19:41:23	1	1	15	0
        116095	2026-07-06 19:41:29	1	1	15	0
        118753	2026-07-06 19:42:01	1	1	15	0
        116849	2026-07-06 19:42:40	1	1	15	0
        116828	2026-07-06 19:43:52	1	1	1	0
        117541	2026-07-06 19:44:24	1	1	15	0
        117699	2026-07-06 19:50:36	1	1	15	0
        118550	2026-07-06 19:55:25	1	1	15	0
        110040	2026-07-06 20:00:56	1	1	15	0
        117542	2026-07-06 20:01:42	1	1	15	0
        117091	2026-07-06 20:04:39	1	1	15	0
        118369	2026-07-06 20:04:41	1	1	15	0
        116260	2026-07-06 20:04:46	1	1	15	0
        116483	2026-07-06 20:04:48	1	1	15	0
        117580	2026-07-06 20:04:51	1	1	15	0
        117129	2026-07-06 20:09:24	1	1	15	0
        117841	2026-07-06 20:15:55	1	1	15	0
        117982	2026-07-06 20:16:00	1	1	15	0
        117645	2026-07-06 20:16:03	1	1	15	0
        110372	2026-07-06 20:20:19	1	1	15	0
        116995	2026-07-06 20:20:54	1	1	15	0
        116990	2026-07-06 20:21:00	1	1	15	0
        110633	2026-07-06 20:21:03	1	1	15	0
        119006	2026-07-06 20:21:36	1	1	15	0
        117742	2026-07-06 20:26:36	1	1	15	0
        117812	2026-07-06 20:26:40	1	1	15	0
        117837	2026-07-06 20:26:41	1	1	15	0
        116166	2026-07-06 21:06:19	1	1	15	0
        116831	2026-07-06 22:22:58	1	1	15	0
        119571	2026-07-07 04:28:55	1	0	15	0
        117201	2026-07-07 04:42:55	1	0	15	0
        110093	2026-07-07 05:51:38	1	0	15	0
        116479	2026-07-07 05:54:10	1	0	15	0
        117699	2026-07-07 05:56:13	1	0	15	0
        110195	2026-07-07 05:59:13	1	0	15	0
        110063	2026-07-07 06:12:36	1	0	15	0
        118992	2026-07-07 06:25:19	1	0	15	0
        116274	2026-07-07 06:27:40	1	0	15	0
        119070	2026-07-07 06:28:05	1	0	15	0
        110650	2026-07-07 06:36:46	1	0	15	0
        118598	2026-07-07 06:37:19	1	0	15	0
        116831	2026-07-07 06:39:07	1	0	15	0
        110580	2026-07-07 06:42:22	1	0	15	0
        118744	2026-07-07 06:45:01	1	0	15	0
        117930	2026-07-07 06:45:15	1	0	15	0
        116232	2026-07-07 06:51:17	1	0	15	0
        110144	2026-07-07 06:56:00	1	0	15	0
        110074	2026-07-07 06:56:53	1	0	15	0
        116073	2026-07-07 06:57:36	1	0	15	0
        117838	2026-07-07 06:59:02	1	0	1	0
        117110	2026-07-07 06:59:08	1	0	15	0
        110549	2026-07-07 06:59:12	1	0	15	0
        117966	2026-07-07 06:59:41	1	0	15	0
        110836	2026-07-07 06:59:51	1	0	15	0
        117129	2026-07-07 07:01:09	1	0	15	0
        117936	2026-07-07 07:02:57	1	0	15	0
        117043	2026-07-07 07:03:13	1	0	15	0
        110529	2026-07-07 07:03:35	1	0	15	0
        118997	2026-07-07 07:04:39	1	0	15	0
        118640	2026-07-07 07:04:41	1	0	15	0
        110466	2026-07-07 07:05:51	1	0	15	0
        117645	2026-07-07 07:06:03	1	0	15	0
        110527	2026-07-07 07:06:20	1	0	15	0
        110834	2026-07-07 07:06:29	1	0	15	0
        118271	2026-07-07 07:07:25	1	0	15	0
        110199	2026-07-07 07:07:30	1	0	15	0
        110085	2026-07-07 07:07:51	1	0	15	0
        110844	2026-07-07 07:08:42	1	0	15	0
        117483	2026-07-07 07:09:10	1	0	1	0
        110507	2026-07-07 07:09:55	1	0	15	0
        110574	2026-07-07 07:10:01	1	0	15	0
        118101	2026-07-07 07:10:33	1	0	15	0
        116496	2026-07-07 07:12:23	1	0	15	0
        119143	2026-07-07 07:12:27	1	0	15	0
        116914	2026-07-07 07:13:27	1	0	15	0
        117770	2026-07-07 07:13:28	1	0	15	0
        110060	2026-07-07 07:14:17	1	0	15	0
        117812	2026-07-07 07:14:25	1	0	15	0
        116834	2026-07-07 07:14:29	1	0	15	0
        118750	2026-07-07 07:15:17	1	0	15	0
        119449	2026-07-07 07:17:02	1	0	15	0
        117656	2026-07-07 07:17:33	1	0	1	0
        117092	2026-07-07 07:17:39	1	0	15	0
        116824	2026-07-07 07:18:04	1	0	15	0
        110863	2026-07-07 07:18:11	1	0	15	0
        110816	2026-07-07 07:18:59	1	0	15	0
        110832	2026-07-07 07:19:07	1	0	15	0
        110113	2026-07-07 07:19:32	1	0	15	0
        119453	2026-07-07 07:20:07	1	0	15	0
        117841	2026-07-07 07:20:29	1	0	15	0
        110840	2026-07-07 07:20:49	1	0	15	0
        117837	2026-07-07 07:21:28	1	0	15	0
        118593	2026-07-07 07:24:14	1	0	15	0
        110456	2026-07-07 07:24:55	1	0	15	0
        116995	2026-07-07 07:25:00	1	0	15	0
        110462	2026-07-07 07:26:59	1	0	15	0
        117839	2026-07-07 07:27:12	1	0	15	0
        117769	2026-07-07 07:27:14	1	0	15	0
        117103	2026-07-07 07:28:01	1	0	15	0
        116491	2026-07-07 07:28:30	1	0	15	0
        119282	2026-07-07 07:29:14	1	0	15	0
        110633	2026-07-07 07:29:19	1	0	15	0
        117711	2026-07-07 07:29:56	1	0	15	0
        110842	2026-07-07 07:30:16	1	0	15	0
        110785	2026-07-07 07:30:23	1	0	15	0
        117133	2026-07-07 07:30:28	1	0	15	0
        110128	2026-07-07 07:30:41	1	0	15	0
        116741	2026-07-07 07:30:45	1	0	15	0
        117111	2026-07-07 07:31:22	1	0	15	0
        119272	2026-07-07 07:31:30	1	0	15	0
        116799	2026-07-07 07:32:26	1	0	15	0
        110050	2026-07-07 07:32:54	1	0	15	0
        110625	2026-07-07 07:33:25	1	0	15	0
        117259	2026-07-07 07:34:19	1	0	15	0
        117982	2026-07-07 07:35:16	1	0	15	0
        116512	2026-07-07 07:35:22	1	0	15	0
        116751	2026-07-07 07:35:31	1	0	15	0
        110463	2026-07-07 07:36:06	1	0	15	0
        117039	2026-07-07 07:36:21	1	0	15	0
        116483	2026-07-07 07:37:02	1	0	15	0
        117162	2026-07-07 07:37:25	1	0	15	0
        116933	2026-07-07 07:38:51	1	0	15	0
        110510	2026-07-07 07:39:15	1	0	15	0
        110859	2026-07-07 07:39:19	1	0	15	0
        110807	2026-07-07 07:39:43	1	0	15	0
        116828	2026-07-07 07:40:18	1	0	1	0
        110450	2026-07-07 07:41:11	1	0	15	0
        117811	2026-07-07 07:41:20	1	0	15	0
        110852	2026-07-07 07:41:59	1	0	15	0
        110645	2026-07-07 07:42:33	1	0	15	0
        118493	2026-07-07 07:43:00	1	0	15	0
        110810	2026-07-07 07:43:04	1	0	15	0
        110866	2026-07-07 07:43:24	1	0	15	0
        117840	2026-07-07 07:43:32	1	0	15	0
        110355	2026-07-07 07:43:38	1	0	15	0
        110356	2026-07-07 07:43:40	1	0	15	0
        117723	2026-07-07 07:43:57	1	0	15	0
        117635	2026-07-07 07:44:18	1	0	15	0
        117061	2026-07-07 07:44:42	1	0	15	0
        110378	2026-07-07 07:45:08	1	0	15	0
        110084	2026-07-07 07:46:12	1	0	15	0
        118207	2026-07-07 07:46:55	1	0	15	0
        110131	2026-07-07 07:47:29	1	0	15	0
        110424	2026-07-07 07:47:38	1	0	15	0
        110839	2026-07-07 07:49:20	1	0	15	0
        110805	2026-07-07 07:50:00	1	0	15	0
        117733	2026-07-07 07:50:24	1	0	15	0
        117981	2026-07-07 07:51:15	1	0	15	0
        110657	2026-07-07 07:51:16	1	0	15	0
        110528	2026-07-07 07:51:20	1	0	15	0
        117487	2026-07-07 07:51:35	1	0	15	0
        110370	2026-07-07 07:51:39	1	0	15	0
        110376	2026-07-07 07:52:06	1	0	15	0
        117680	2026-07-07 07:52:37	1	0	15	0
        116763	2026-07-07 07:52:52	1	0	15	0
        116990	2026-07-07 07:53:26	1	0	15	0
        117113	2026-07-07 07:53:54	1	0	15	0
        110492	2026-07-07 07:55:34	1	0	15	0
        117972	2026-07-07 07:55:50	1	0	15	0
        117120	2026-07-07 07:56:12	1	0	15	0
        117833	2026-07-07 07:56:15	1	0	15	0
        117807	2026-07-07 07:56:17	1	0	15	0
        110457	2026-07-07 07:56:32	1	0	15	0
        110493	2026-07-07 07:57:09	1	0	15	0
        117786	2026-07-07 07:58:00	1	0	15	0
        110201	2026-07-07 07:59:05	1	0	15	0
        110833	2026-07-07 07:59:10	1	0	15	0
        117591	2026-07-07 07:59:15	1	0	15	0
        118862	2026-07-07 07:59:19	1	0	15	0
        117114	2026-07-07 07:59:29	1	0	15	0
        116472	2026-07-07 08:00:10	1	0	15	0
        119227	2026-07-07 08:00:49	1	0	15	0
        117707	2026-07-07 08:00:53	1	0	15	0
        117542	2026-07-07 08:00:55	1	0	15	0
        110808	2026-07-07 08:00:57	1	0	15	0
        110197	2026-07-07 08:01:45	1	0	15	0
        110025	2026-07-07 08:02:09	1	0	15	0
        118695	2026-07-07 08:02:37	1	0	15	0
        116279	2026-07-07 08:03:04	1	0	15	0
        110055	2026-07-07 08:03:24	1	0	15	0
        116072	2026-07-07 08:03:32	1	0	15	0
        116428	2026-07-07 08:03:37	1	0	15	0
        116142	2026-07-07 08:05:29	1	0	15	0
        116451	2026-07-07 08:05:41	1	0	15	0
        117042	2026-07-07 08:05:46	1	0	15	0
        117644	2026-07-07 08:05:54	1	0	15	0
        117924	2026-07-07 08:07:11	1	0	15	0
        118455	2026-07-07 08:07:58	1	0	15	0
        117698	2026-07-07 08:08:02	1	0	15	0
        117725	2026-07-07 08:08:05	1	0	15	0
        117828	2026-07-07 08:08:08	1	0	15	0
        116787	2026-07-07 08:09:11	1	0	15	0
        110447	2026-07-07 08:09:26	1	0	15	0
        110465	2026-07-07 08:09:56	1	0	15	0
        116383	2026-07-07 08:10:00	1	0	15	0
        110632	2026-07-07 08:10:14	1	0	15	0
        117817	2026-07-07 08:10:28	1	0	15	0
        117684	2026-07-07 08:10:59	1	0	15	0
        118563	2026-07-07 08:11:03	1	0	15	0
        116356	2026-07-07 08:11:36	1	0	15	0
        117815	2026-07-07 08:12:11	1	0	15	0
        117921	2026-07-07 08:12:19	1	0	15	0
        117850	2026-07-07 08:12:48	1	0	15	0
        117054	2026-07-07 08:12:51	1	0	15	0
        116282	2026-07-07 08:12:57	1	0	15	0
        117616	2026-07-07 08:12:58	1	0	15	0
        110360	2026-07-07 08:13:08	1	0	15	0
        117222	2026-07-07 08:13:25	1	0	15	0
        118928	2026-07-07 08:13:43	1	0	15	0
        110452	2026-07-07 08:15:33	1	0	15	0
        117144	2026-07-07 08:17:07	1	0	15	0
        110354	2026-07-07 08:17:11	1	0	15	0
        117121	2026-07-07 08:17:42	1	0	15	0
        116748	2026-07-07 08:18:08	1	0	15	0
        119594	2026-07-07 08:18:41	1	0	15	0
        117742	2026-07-07 08:18:45	1	0	1	0
        119364	2026-07-07 08:18:56	1	0	15	0
        117630	2026-07-07 08:19:07	1	0	15	0
        118180	2026-07-07 08:20:08	1	0	15	0
        118186	2026-07-07 08:20:25	1	0	15	0
        117709	2026-07-07 08:21:07	1	0	15	0
        118550	2026-07-07 08:22:16	1	0	15	0
        117580	2026-07-07 08:22:58	1	0	15	0
        117660	2026-07-07 08:23:06	1	0	15	0
        116497	2026-07-07 08:23:10	1	0	15	0
        117543	2026-07-07 08:23:14	1	0	15	0
        110105	2026-07-07 08:23:34	1	0	15	0
        116805	2026-07-07 08:24:08	1	0	15	0
        117196	2026-07-07 08:25:13	1	0	15	0
        117790	2026-07-07 08:26:12	1	0	15	0
        117046	2026-07-07 08:27:15	1	0	15	0
        117567	2026-07-07 08:27:38	1	0	15	0
        110090	2026-07-07 08:28:42	1	0	15	0
        117541	2026-07-07 08:28:47	1	0	15	0
        110070	2026-07-07 08:29:23	1	0	15	0
        117497	2026-07-07 08:30:36	1	0	15	0
        116453	2026-07-07 08:31:11	1	0	15	0
        118753	2026-07-07 08:31:31	1	0	15	0
        118046	2026-07-07 08:31:36	1	0	15	0
        117983	2026-07-07 08:31:40	1	0	15	0
        110064	2026-07-07 08:33:23	1	0	1	0
        110077	2026-07-07 08:33:34	1	0	15	0
        116504	2026-07-07 08:36:15	1	0	15	0
        110088	2026-07-07 08:36:54	1	0	15	0
        116252	2026-07-07 08:37:42	1	0	15	0
        110057	2026-07-07 08:37:51	1	0	15	0
        117100	2026-07-07 08:39:42	1	0	15	0
        116260	2026-07-07 08:41:25	1	0	15	0
        118369	2026-07-07 08:41:27	1	0	15	0
        117849	2026-07-07 08:42:08	1	0	15	0
        119493	2026-07-07 08:43:21	1	0	15	0
        118971	2026-07-07 08:44:52	1	0	15	0
        117595	2026-07-07 08:45:06	1	0	15	0
        116095	2026-07-07 08:45:35	1	0	15	0
        110172	2026-07-07 08:46:05	1	0	15	0
        110436	2026-07-07 08:46:09	1	0	15	0
        116849	2026-07-07 08:47:20	1	0	15	0
        117814	2026-07-07 08:50:01	1	0	15	0
        117926	2026-07-07 08:50:14	1	0	15	0
        117529	2026-07-07 08:50:46	1	0	15	0
        117528	2026-07-07 08:51:36	1	0	15	0
        110116	2026-07-07 08:51:50	1	0	15	0
        116902	2026-07-07 08:52:10	1	0	15	0
        117091	2026-07-07 08:52:18	1	0	15	0
        118761	2026-07-07 08:53:18	1	0	15	0
        117156	2026-07-07 08:53:37	1	0	15	0
        110418	2026-07-07 08:55:43	1	0	15	0
        117085	2026-07-07 08:56:03	1	0	15	0
        117692	2026-07-07 08:56:37	1	0	15	0
        110200	2026-07-07 08:56:53	1	0	15	0
        110075	2026-07-07 08:57:27	1	0	15	0
        116053	2026-07-07 08:58:50	1	0	15	0
        118427	2026-07-07 09:01:27	1	0	15	0
        110867	2026-07-07 09:04:50	1	0	15	0
        119232	2026-07-07 09:11:01	1	0	15	0
        110513	2026-07-07 09:14:37	1	0	15	0
        118813	2026-07-07 09:22:28	1	0	15	0
        116477	2026-07-07 09:30:26	1	0	15	0
        110431	2026-07-07 09:36:36	1	0	15	0
        116441	2026-07-07 09:45:19	1	0	15	0
        117634	2026-07-07 09:56:21	1	0	15	0
        116995	2026-07-07 12:00:02	1	2	15	0
        117196	2026-07-07 12:00:04	1	2	15	0
        118971	2026-07-07 12:00:06	1	2	15	0
        117129	2026-07-07 12:00:07	1	2	15	0
        110452	2026-07-07 12:00:10	1	2	15	0
        116990	2026-07-07 12:00:11	1	2	15	0
        110465	2026-07-07 12:00:13	1	2	15	0
        117742	2026-07-07 12:00:14	1	2	15	0
        110859	2026-07-07 12:00:16	1	2	15	0
        110376	2026-07-07 12:00:18	1	2	15	0
        118271	2026-07-07 12:00:20	1	2	15	0
        117807	2026-07-07 12:00:21	1	2	15	0
        116279	2026-07-07 12:00:23	1	2	15	0
        110113	2026-07-07 12:00:25	1	2	15	0
        117595	2026-07-07 12:00:27	1	2	15	0
        110105	2026-07-07 12:00:29	1	2	15	0
        110431	2026-07-07 12:00:31	1	2	15	0
        110450	2026-07-07 12:00:33	1	2	15	0
        110832	2026-07-07 12:00:35	1	2	15	0
        116274	2026-07-07 12:00:37	1	2	15	0
        116787	2026-07-07 12:00:40	1	2	15	0
        110360	2026-07-07 12:00:42	1	2	15	0
        110527	2026-07-07 12:00:48	1	2	15	0
        116849	2026-07-07 12:00:51	1	2	15	0
        118992	2026-07-07 12:00:53	1	2	15	0
        117061	2026-07-07 12:00:55	1	2	15	0
        117580	2026-07-07 12:00:57	1	2	15	0
        110833	2026-07-07 12:00:59	1	2	15	0
        110529	2026-07-07 12:01:01	1	2	15	0
        110839	2026-07-07 12:01:02	1	2	15	0
        110867	2026-07-07 12:01:04	1	2	15	0
        110808	2026-07-07 12:01:05	1	2	15	0
        117983	2026-07-07 12:01:10	1	2	15	0
        116496	2026-07-07 12:01:12	1	2	15	0
        118640	2026-07-07 12:01:14	1	2	15	0
        118180	2026-07-07 12:01:15	1	2	15	0
        110063	2026-07-07 12:01:18	1	2	15	0
        117930	2026-07-07 12:01:20	1	2	15	0
        117201	2026-07-07 12:01:22	1	2	15	0
        118563	2026-07-07 12:01:24	1	2	15	0
        110625	2026-07-07 12:01:27	1	2	15	0
        110834	2026-07-07 12:01:28	1	2	15	0
        110549	2026-07-07 12:01:30	1	2	15	0
        117926	2026-07-07 12:01:32	1	2	15	0
        110810	2026-07-07 12:01:33	1	2	15	0
        117850	2026-07-07 12:01:35	1	2	15	0
        117833	2026-07-07 12:01:50	1	2	15	0
        117042	2026-07-07 12:01:53	1	2	15	0
        119453	2026-07-07 12:01:54	1	2	15	0
        116383	2026-07-07 12:01:56	1	2	15	0
        110172	2026-07-07 12:02:01	1	2	15	0
        110355	2026-07-07 12:02:04	1	2	15	0
        117770	2026-07-07 12:02:07	1	2	15	0
        110840	2026-07-07 12:02:07	1	2	15	0
        117966	2026-07-07 12:02:12	1	2	15	0
        117769	2026-07-07 12:02:14	1	2	15	0
        110633	2026-07-07 12:02:15	1	2	15	0
        116070	2026-07-07 12:02:17	1	2	15	0
        110356	2026-07-07 12:02:19	1	2	15	0
        117837	2026-07-07 12:02:20	1	2	15	0
        110424	2026-07-07 12:02:22	1	2	15	0
        110447	2026-07-07 12:02:24	1	2	15	0
        116491	2026-07-07 12:02:25	1	2	15	0
        110197	2026-07-07 12:02:27	1	2	15	0
        110785	2026-07-07 12:02:29	1	2	15	0
        117707	2026-07-07 12:02:41	1	2	15	0
        110492	2026-07-07 12:02:50	1	2	15	0
        110436	2026-07-07 12:02:53	1	2	15	0
        118186	2026-07-07 12:02:58	1	2	15	0
        118928	2026-07-07 12:02:59	1	2	15	0
        110128	2026-07-07 12:03:01	1	2	15	0
        110113	2026-07-07 12:03:03	1	2	15	0
        116279	2026-07-07 12:03:06	1	2	15	0
        110463	2026-07-07 12:03:07	1	2	15	0
        110528	2026-07-07 12:03:34	1	2	15	0
        116914	2026-07-07 12:03:40	1	2	15	0
        117790	2026-07-07 12:03:42	1	2	15	0
        117196	2026-07-07 12:03:46	1	2	15	0
        118101	2026-07-07 12:03:50	1	2	15	0
        117828	2026-07-07 12:03:51	1	2	15	0
        116282	2026-07-07 12:04:10	1	2	15	0
        117634	2026-07-07 12:04:11	1	2	15	0
        110632	2026-07-07 12:04:17	1	2	15	0
        117833	2026-07-07 12:04:24	1	2	15	0
        117930	2026-07-07 12:04:25	1	2	15	0
        117733	2026-07-07 12:04:27	1	2	15	0
        116787	2026-07-07 12:04:33	1	2	15	0
        116990	2026-07-07 12:04:41	1	2	15	0
        116849	2026-07-07 12:04:46	1	2	15	0
        116142	2026-07-07 12:04:49	1	2	15	0
        117103	2026-07-07 12:04:49	1	2	15	0
        118207	2026-07-07 12:04:51	1	2	15	0
        118427	2026-07-07 12:04:54	1	2	15	0
        119282	2026-07-07 12:04:58	1	2	15	0
        110105	2026-07-07 12:05:01	1	2	15	0
        118750	2026-07-07 12:05:03	1	2	15	0
        117110	2026-07-07 12:05:05	1	2	15	0
        118971	2026-07-07 12:05:07	1	2	15	0
        110077	2026-07-07 12:05:10	1	2	15	0
        110625	2026-07-07 12:05:12	1	2	15	0
        110840	2026-07-07 12:05:14	1	2	15	0
        117850	2026-07-07 12:05:16	1	2	15	0
        117707	2026-07-07 12:05:18	1	2	15	0
        116477	2026-07-07 12:05:19	1	2	15	0
        117129	2026-07-07 12:05:21	1	2	15	0
        118928	2026-07-07 12:05:23	1	2	15	0
        110832	2026-07-07 12:05:24	1	2	15	0
        118186	2026-07-07 12:05:28	1	2	15	0
        110549	2026-07-07 12:05:29	1	2	15	0
        110450	2026-07-07 12:05:31	1	2	15	0
        110431	2026-07-07 12:05:32	1	2	15	0
        117742	2026-07-07 12:05:34	1	2	15	0
        116995	2026-07-07 12:05:35	1	2	15	0
        110574	2026-07-07 12:05:39	1	2	15	0
        110356	2026-07-07 12:05:40	1	2	15	0
        110355	2026-07-07 12:05:42	1	2	15	0
        116282	2026-07-07 12:05:44	1	2	15	0
        110144	2026-07-07 12:05:47	1	2	15	0
        110529	2026-07-07 12:05:50	1	2	15	0
        117061	2026-07-07 12:05:52	1	2	15	0
        117634	2026-07-07 12:05:54	1	2	15	0
        117580	2026-07-07 12:05:57	1	2	15	0
        110833	2026-07-07 12:05:59	1	2	15	0
        116383	2026-07-07 12:06:01	1	2	15	0
        118271	2026-07-07 12:06:04	1	2	15	0
        116496	2026-07-07 12:06:06	1	2	15	0
        116274	2026-07-07 12:06:06	1	2	15	0
        117807	2026-07-07 12:06:08	1	2	15	0
        116070	2026-07-07 12:06:11	1	2	15	0
        117786	2026-07-07 12:06:13	1	2	15	0
        110867	2026-07-07 12:06:15	1	2	15	0
        118640	2026-07-07 12:06:17	1	2	15	0
        118180	2026-07-07 12:06:19	1	2	15	0
        117769	2026-07-07 12:06:21	1	2	15	0
        119594	2026-07-07 12:06:23	1	2	15	0
        110633	2026-07-07 12:06:23	1	2	15	0
        117812	2026-07-07 12:06:25	1	2	15	0
        118427	2026-07-07 12:06:27	1	2	15	0
        117966	2026-07-07 12:06:29	1	2	15	0
        117529	2026-07-07 12:06:34	1	2	15	0
        117723	2026-07-07 12:06:38	1	2	15	0
        117201	2026-07-07 12:06:41	1	2	15	0
        110839	2026-07-07 12:06:54	1	2	15	0
        110808	2026-07-07 12:06:58	1	2	15	0
        110064	2026-07-07 12:07:26	1	2	1	0
        110462	2026-07-07 12:07:33	1	2	15	0
        116491	2026-07-07 12:07:38	1	2	15	0
        117926	2026-07-07 12:07:41	1	2	15	0
        110527	2026-07-07 12:07:46	1	2	15	0
        110360	2026-07-07 12:07:49	1	2	15	0
        117630	2026-07-07 12:07:56	1	2	15	0
        119594	2026-07-07 12:08:03	1	2	15	0
        119232	2026-07-07 12:08:11	1	2	15	0
        117497	2026-07-07 12:08:15	1	2	15	0
        116232	2026-07-07 12:08:18	1	2	15	0
        117770	2026-07-07 12:08:33	1	2	15	0
        117837	2026-07-07 12:08:35	1	2	15	0
        117733	2026-07-07 12:08:38	1	2	15	0
        110852	2026-07-07 12:08:43	1	2	15	0
        117790	2026-07-07 12:08:45	1	2	15	0
        118593	2026-07-07 12:08:57	1	2	15	0
        117236	2026-07-07 12:09:15	1	2	15	0
        110834	2026-07-07 12:09:18	1	2	15	0
        110354	2026-07-07 12:09:34	1	2	15	0
        116472	2026-07-07 12:09:45	1	2	15	0
        110418	2026-07-07 12:09:48	1	2	15	0
        116763	2026-07-07 12:09:52	1	2	15	0
        116477	2026-07-07 12:09:54	1	2	15	0
        110436	2026-07-07 12:10:02	1	2	15	0
        117054	2026-07-07 12:10:08	1	2	15	0
        110064	2026-07-07 12:10:15	1	2	1	0
        110060	2026-07-07 12:10:22	1	2	15	0
        110528	2026-07-07 12:10:25	1	2	15	0
        110507	2026-07-07 12:10:29	1	2	15	0
        117103	2026-07-07 12:10:58	1	2	15	0
        117981	2026-07-07 12:11:06	1	2	15	0
        110077	2026-07-07 12:11:09	1	2	15	0
        118207	2026-07-07 12:11:11	1	2	15	0
        110465	2026-07-07 12:11:12	1	2	15	0
        110650	2026-07-07 12:11:29	1	1	15	0
        116834	2026-07-07 12:11:33	1	1	15	0
        110116	2026-07-07 12:11:35	1	1	15	0
        110093	2026-07-07 12:11:36	1	1	15	0
        110376	2026-07-07 12:11:40	1	1	15	0
        117982	2026-07-07 12:11:43	1	1	15	0
        117723	2026-07-07 12:11:52	1	1	15	0
        110172	2026-07-07 12:11:54	1	1	15	0
        118046	2026-07-07 12:11:58	1	1	15	0
        110144	2026-07-07 12:12:03	1	1	15	0
        117692	2026-07-07 12:12:14	1	1	15	0
        110574	2026-07-07 12:12:18	1	1	15	0
        117972	2026-07-07 12:12:24	1	1	15	0
        119143	2026-07-07 12:12:28	1	1	15	0
        117921	2026-07-07 12:12:58	1	1	15	0
        117120	2026-07-07 12:13:06	1	1	15	0
        116232	2026-07-07 12:13:18	1	1	15	0
        110810	2026-07-07 12:13:36	1	2	15	0
        117114	2026-07-07 12:13:47	1	2	15	0
        116142	2026-07-07 12:13:52	1	2	15	0
        117812	2026-07-07 12:14:05	1	2	15	0
        110447	2026-07-07 12:14:14	1	2	15	0
        116748	2026-07-07 12:14:17	1	2	15	0
        117054	2026-07-07 12:14:20	1	2	15	0
        117983	2026-07-07 12:14:23	1	2	15	0
        118427	2026-07-07 12:14:24	1	2	15	0
        119282	2026-07-07 12:14:25	1	2	15	0
        110852	2026-07-07 12:14:31	1	2	15	0
        110090	2026-07-07 12:14:38	1	2	15	0
        110070	2026-07-07 12:14:42	1	2	15	0
        110199	2026-07-07 12:14:44	1	2	15	0
        110456	2026-07-07 12:14:45	1	2	15	0
        110063	2026-07-07 12:14:48	1	2	15	0
        117972	2026-07-07 12:15:03	1	2	15	0
        116252	2026-07-07 12:15:05	1	2	15	0
        119143	2026-07-07 12:15:06	1	2	15	0
        116453	2026-07-07 12:15:16	1	2	15	0
        118744	2026-07-07 12:15:24	1	2	15	0
        110580	2026-07-07 12:15:26	1	2	15	0
        116933	2026-07-07 12:15:26	1	2	15	0
        110088	2026-07-07 12:15:31	1	2	15	0
        119453	2026-07-07 12:15:34	1	2	15	0
        117085	2026-07-07 12:15:40	1	2	15	0
        117144	2026-07-07 12:15:43	1	2	15	0
        118750	2026-07-07 12:15:53	1	2	15	0
        117110	2026-07-07 12:15:55	1	2	15	0
        110463	2026-07-07 12:15:56	1	2	15	0
        117616	2026-07-07 12:16:03	1	2	15	0
        117542	2026-07-07 12:16:09	1	2	15	0
        117092	2026-07-07 12:16:11	1	2	15	0
        118813	2026-07-07 12:16:21	1	2	15	0
        118992	2026-07-07 12:16:25	1	2	15	0
        116346	2026-07-07 12:16:26	1	2	15	0
        117982	2026-07-07 12:16:33	1	2	15	0
        117692	2026-07-07 12:16:35	1	2	15	0
        118695	2026-07-07 12:16:37	1	2	15	0
        117111	2026-07-07 12:16:41	1	2	15	0
        117921	2026-07-07 12:16:45	1	2	15	0
        110050	2026-07-07 12:17:00	1	2	15	0
        116095	2026-07-07 12:17:09	1	2	15	0
        118493	2026-07-07 12:17:13	1	2	15	0
        110370	2026-07-07 12:17:16	1	2	15	0
        117100	2026-07-07 12:17:20	1	2	15	0
        110492	2026-07-07 12:17:23	1	2	15	0
        116824	2026-07-07 12:17:27	1	2	15	0
        117543	2026-07-07 12:17:30	1	2	15	0
        117699	2026-07-07 12:17:32	1	2	15	0
        117656	2026-07-07 12:17:34	1	2	1	0
        117046	2026-07-07 12:17:43	1	2	15	0
        117698	2026-07-07 12:17:46	1	2	15	0
        117725	2026-07-07 12:17:48	1	2	15	0
        116763	2026-07-07 12:17:50	1	2	15	0
        110418	2026-07-07 12:17:53	1	2	15	0
        119272	2026-07-07 12:17:55	1	2	15	0
        117529	2026-07-07 12:18:04	1	2	15	0
        110842	2026-07-07 12:18:07	1	2	15	0
        110510	2026-07-07 12:18:10	1	2	15	0
        116828	2026-07-07 12:18:22	1	2	1	0
        117542	2026-07-07 12:18:38	1	2	15	0
        118744	2026-07-07 12:18:48	1	2	15	0
        117684	2026-07-07 12:18:49	1	2	15	0
        110645	2026-07-07 12:18:51	1	2	15	0
        116933	2026-07-07 12:19:01	1	2	15	0
        116914	2026-07-07 12:19:12	1	2	15	0
        117680	2026-07-07 12:19:14	1	2	15	0
        110466	2026-07-07 12:19:32	1	2	15	0
        110805	2026-07-07 12:19:44	1	2	15	0
        110199	2026-07-07 12:19:57	1	2	15	0
        110456	2026-07-07 12:20:01	1	2	15	0
        110807	2026-07-07 12:20:06	1	2	15	0
        116428	2026-07-07 12:20:09	1	2	15	0
        117698	2026-07-07 12:20:18	1	2	15	0
        117725	2026-07-07 12:20:20	1	2	15	0
        110050	2026-07-07 12:20:28	1	2	15	0
        118761	2026-07-07 12:20:32	1	2	15	0
        110370	2026-07-07 12:20:40	1	2	15	0
        117121	2026-07-07 12:20:47	1	2	15	0
        117156	2026-07-07 12:20:48	1	2	15	0
        116095	2026-07-07 12:20:51	1	2	15	0
        118493	2026-07-07 12:20:54	1	2	15	0
        116451	2026-07-07 12:20:57	1	2	15	0
        118550	2026-07-07 12:21:03	1	2	15	0
        119449	2026-07-07 12:21:05	1	2	15	0
        116748	2026-07-07 12:21:07	1	2	15	0
        117162	2026-07-07 12:21:08	1	2	15	0
        116799	2026-07-07 12:21:13	1	2	15	0
        118695	2026-07-07 12:21:18	1	2	15	0
        117111	2026-07-07 12:21:21	1	2	15	0
        110055	2026-07-07 12:21:26	1	2	15	0
        117113	2026-07-07 12:21:32	1	2	15	0
        118598	2026-07-07 12:21:36	1	2	15	0
        110354	2026-07-07 12:21:39	1	2	15	0
        110085	2026-07-07 12:21:41	1	2	15	0
        117497	2026-07-07 12:21:43	1	2	15	0
        110088	2026-07-07 12:21:45	1	2	15	0
        117144	2026-07-07 12:21:48	1	2	15	0
        118997	2026-07-07 12:21:51	1	2	15	0
        117684	2026-07-07 12:22:08	1	2	15	0
        110645	2026-07-07 12:22:11	1	2	15	0
        116751	2026-07-07 12:22:17	1	2	15	0
        110632	2026-07-07 12:22:26	1	2	15	0
        119070	2026-07-07 12:22:29	1	2	15	0
        110507	2026-07-07 12:22:29	1	2	15	0
        116504	2026-07-07 12:22:38	1	2	15	0
        117616	2026-07-07 12:22:41	1	2	15	0
        117259	2026-07-07 12:22:43	1	2	15	0
        117541	2026-07-07 12:22:46	1	2	15	0
        110657	2026-07-07 12:22:48	1	2	15	0
        117656	2026-07-07 12:22:51	1	2	1	0
        119227	2026-07-07 12:22:53	1	2	15	0
        117699	2026-07-07 12:22:56	1	2	15	0
        110060	2026-07-07 12:22:59	1	2	15	0
        116805	2026-07-07 12:23:00	1	2	15	0
        118813	2026-07-07 12:23:02	1	2	15	0
        119272	2026-07-07 12:23:03	1	2	15	0
        110513	2026-07-07 12:23:14	1	2	15	0
        110457	2026-07-07 12:23:16	1	2	15	0
        117543	2026-07-07 12:23:19	1	2	15	0
        116497	2026-07-07 12:23:23	1	2	15	0
        119364	2026-07-07 12:23:25	1	2	15	0
        117043	2026-07-07 12:23:26	1	2	15	0
        110057	2026-07-07 12:23:32	1	2	15	0
        119493	2026-07-07 12:23:39	1	2	15	0
        110084	2026-07-07 12:23:45	1	2	15	0
        110866	2026-07-07 12:23:47	1	2	15	0
        118046	2026-07-07 12:23:51	1	2	15	0
        116828	2026-07-07 12:23:55	1	2	1	0
        118563	2026-07-07 12:24:01	1	2	15	0
        110580	2026-07-07 12:24:04	1	2	15	0
        116072	2026-07-07 12:24:06	1	2	15	0
        117817	2026-07-07 12:24:08	1	2	15	0
        116824	2026-07-07 12:24:11	1	2	15	0
        117815	2026-07-07 12:24:23	1	2	15	0
        117645	2026-07-07 12:24:27	1	2	15	0
        116260	2026-07-07 12:24:37	1	2	15	0
        117924	2026-07-07 12:24:39	1	2	15	0
        110378	2026-07-07 12:24:41	1	2	15	0
        117483	2026-07-07 12:24:43	1	2	15	0
        110055	2026-07-07 12:24:45	1	2	15	0
        117841	2026-07-07 12:24:47	1	2	15	0
        117811	2026-07-07 12:24:49	1	2	15	0
        117840	2026-07-07 12:24:50	1	2	15	0
        117839	2026-07-07 12:24:52	1	2	15	0
        110075	2026-07-07 12:24:54	1	2	15	0
        116483	2026-07-07 12:24:56	1	2	15	0
        118369	2026-07-07 12:24:59	1	2	15	0
        110424	2026-07-07 12:25:01	1	2	15	0
        117162	2026-07-07 12:25:17	1	2	15	0
        117814	2026-07-07 12:25:21	1	2	15	0
        117121	2026-07-07 12:25:24	1	2	15	0
        110462	2026-07-07 12:25:27	1	2	15	0
        110466	2026-07-07 12:25:40	1	2	15	0
        116799	2026-07-07 12:25:46	1	2	15	0
        110084	2026-07-07 12:25:54	1	2	15	0
        116512	2026-07-07 12:25:59	1	2	15	0
        117092	2026-07-07 12:26:01	1	2	15	0
        116356	2026-07-07 12:26:06	1	2	15	0
        118862	2026-07-07 12:26:14	1	2	15	0
        118598	2026-07-07 12:26:26	1	2	15	0
        110805	2026-07-07 12:26:31	1	2	15	0
        116751	2026-07-07 12:26:38	1	2	15	0
        110807	2026-07-07 12:26:40	1	2	15	0
        116428	2026-07-07 12:26:44	1	2	15	0
        118761	2026-07-07 12:26:48	1	2	15	0
        118550	2026-07-07 12:26:59	1	2	15	0
        116451	2026-07-07 12:27:03	1	2	15	0
        119227	2026-07-07 12:27:08	1	2	15	0
        117849	2026-07-07 12:27:20	1	2	15	0
        110657	2026-07-07 12:27:24	1	2	15	0
        110075	2026-07-07 12:27:29	1	2	15	0
        119070	2026-07-07 12:27:34	1	2	15	0
        116483	2026-07-07 12:27:37	1	2	15	0
        116504	2026-07-07 12:27:40	1	2	15	0
        117259	2026-07-07 12:27:42	1	2	15	0
        117541	2026-07-07 12:27:44	1	2	15	0
        119364	2026-07-07 12:27:51	1	2	15	0
        110057	2026-07-07 12:27:56	1	2	15	0
        119493	2026-07-07 12:28:08	1	2	15	0
        110128	2026-07-07 12:28:27	1	2	15	0
        119232	2026-07-07 12:28:33	1	2	15	0
        116453	2026-07-07 12:28:39	1	2	15	0
        117630	2026-07-07 12:28:42	1	2	15	0
        118862	2026-07-07 12:28:47	1	2	15	0
        116072	2026-07-07 12:28:56	1	2	15	0
        116356	2026-07-07 12:28:58	1	2	15	0
        110457	2026-07-07 12:29:02	1	2	15	0
        116497	2026-07-07 12:29:05	1	2	15	0
        116805	2026-07-07 12:29:07	1	2	15	0
        117786	2026-07-07 12:29:09	1	2	15	0
        118369	2026-07-07 12:29:14	1	2	15	0
        110866	2026-07-07 12:29:20	1	2	15	0
        116260	2026-07-07 12:29:24	1	2	15	0
        117924	2026-07-07 12:29:26	1	2	15	0
        117567	2026-07-07 12:29:28	1	2	15	0
        110378	2026-07-07 12:29:30	1	2	15	0
        110201	2026-07-07 12:29:38	1	2	15	0
        110513	2026-07-07 12:29:42	1	2	15	0
        117133	2026-07-07 12:29:44	1	2	15	0
        117817	2026-07-07 12:30:02	1	2	15	0
        116902	2026-07-07 12:30:43	1	2	1	0
        117711	2026-07-07 12:30:55	1	3	15	0
        117709	2026-07-07 12:31:00	1	3	15	0
        117849	2026-07-07 12:31:09	1	3	15	0
        110090	2026-07-07 12:31:36	1	3	15	0
        110836	2026-07-07 12:31:50	1	3	15	0
        110863	2026-07-07 12:31:52	1	3	15	0
        117680	2026-07-07 12:31:56	1	3	15	0
        116512	2026-07-07 12:31:58	1	3	15	0
        110816	2026-07-07 12:31:59	1	3	15	0
        110844	2026-07-07 12:32:04	1	3	15	0
        117839	2026-07-07 12:32:19	1	3	15	0
        117811	2026-07-07 12:32:21	1	3	15	0
        117840	2026-07-07 12:32:22	1	3	15	0
        117841	2026-07-07 12:32:24	1	3	15	0
        117483	2026-07-07 12:32:26	1	3	15	0
        117814	2026-07-07 12:32:35	1	3	15	0
        117815	2026-07-07 12:32:36	1	3	15	0
        117635	2026-07-07 12:32:40	1	3	15	0
        117156	2026-07-07 12:32:42	1	3	15	0
        117039	2026-07-07 12:32:43	1	3	15	0
        117660	2026-07-07 12:32:47	1	3	15	0
        110493	2026-07-07 12:32:52	1	3	15	0
        116053	2026-07-07 12:33:08	1	3	15	0
        116834	2026-07-07 12:33:26	1	3	15	0
        117133	2026-07-07 12:33:32	1	3	15	0
        110650	2026-07-07 12:33:43	1	0	15	0
        118101	2026-07-07 12:33:49	1	0	15	0
        117828	2026-07-07 12:33:51	1	0	15	0
        117981	2026-07-07 12:33:55	1	0	15	0
        117645	2026-07-07 12:33:56	1	0	15	0
        117100	2026-07-07 12:34:03	1	3	15	0
        117711	2026-07-07 12:34:12	1	3	15	0
        110070	2026-07-07 12:35:02	1	3	15	0
        110201	2026-07-07 12:35:08	1	3	15	0
        117043	2026-07-07 12:35:14	1	3	15	0
        110195	2026-07-07 12:36:18	1	3	15	0
        117567	2026-07-07 12:36:23	1	3	15	0
        110493	2026-07-07 12:36:41	1	3	15	0
        116747	2026-07-07 12:36:47	1	3	15	0
        117709	2026-07-07 12:36:55	1	3	15	0
        116472	2026-07-07 12:37:08	1	3	15	0
        116741	2026-07-07 12:37:23	1	3	15	0
        116441	2026-07-07 12:37:25	1	3	15	0
        110859	2026-07-07 12:37:40	1	3	15	0
        110844	2026-07-07 12:37:52	1	3	15	0
        110836	2026-07-07 12:37:56	1	3	15	0
        110816	2026-07-07 12:38:01	1	3	15	0
        110863	2026-07-07 12:38:05	1	3	15	0
        118593	2026-07-07 12:38:48	1	3	15	0
        117236	2026-07-07 12:38:53	1	3	15	0
        110510	2026-07-07 12:39:16	1	3	15	0
        110842	2026-07-07 12:39:19	1	3	15	0
        110131	2026-07-07 12:39:45	1	3	15	0
        117039	2026-07-07 12:39:56	1	3	15	0
        118455	2026-07-07 12:39:58	1	3	15	0
        110074	2026-07-07 12:40:00	1	3	15	0
        117222	2026-07-07 12:40:02	1	3	15	0
        117528	2026-07-07 12:40:06	1	3	15	0
        116053	2026-07-07 12:40:35	1	3	15	0
        117660	2026-07-07 12:40:38	1	3	15	0
        117635	2026-07-07 12:40:41	1	3	15	0
        110195	2026-07-07 12:40:44	1	3	15	0
        119449	2026-07-07 12:40:47	1	3	15	0
        110093	2026-07-07 12:41:24	1	3	15	0
        117042	2026-07-07 12:41:50	1	3	15	0
        110197	2026-07-07 12:42:04	1	3	15	0
        116073	2026-07-07 12:42:32	1	3	15	0
        117936	2026-07-07 12:42:35	1	3	15	0
        110116	2026-07-07 12:42:38	1	3	15	0
        117644	2026-07-07 12:42:41	1	3	15	0
        116902	2026-07-07 12:42:48	1	3	1	0
        117114	2026-07-07 12:43:15	1	3	15	0
        118455	2026-07-07 12:43:40	1	3	15	0
        117085	2026-07-07 12:43:51	1	3	15	0
        110074	2026-07-07 12:44:03	1	3	15	0
        116741	2026-07-07 12:44:07	1	3	15	0
        116441	2026-07-07 12:44:09	1	3	15	0
        110131	2026-07-07 12:44:25	1	3	15	0
        110085	2026-07-07 12:46:11	1	3	15	0
        117644	2026-07-07 12:46:16	1	3	15	0
        117595	2026-07-07 12:46:31	1	3	15	0
        117113	2026-07-07 12:47:58	1	3	15	0
        117936	2026-07-07 12:48:18	1	3	15	0
        116073	2026-07-07 12:52:10	1	3	15	0
        118997	2026-07-07 12:52:40	1	3	15	0
        117091	2026-07-07 12:53:15	1	3	15	0
        117114	2026-07-07 12:53:47	1	3	15	0
        117046	2026-07-07 12:54:44	1	3	15	0
        117120	2026-07-07 12:54:54	1	3	15	0
        117091	2026-07-07 12:55:11	1	3	15	0
        110200	2026-07-07 12:55:22	1	3	15	0
        117528	2026-07-07 12:56:33	1	3	15	0
        110025	2026-07-07 12:56:40	1	3	15	0
        117222	2026-07-07 12:57:10	1	3	15	0
        118753	2026-07-07 12:57:23	1	3	15	0
        110452	2026-07-07 12:57:27	1	3	15	0
        110200	2026-07-07 12:57:28	1	3	15	0
        118458	2026-07-07 12:58:04	1	3	15	0
        117659	2026-07-07 12:58:06	1	3	15	0
        118753	2026-07-07 12:58:26	1	3	15	0
        110025	2026-07-07 12:59:18	1	3	15	0
        110050	2026-07-07 13:31:16	1	3	15	0
        116531	2026-07-07 13:47:57	1	3	15	0
        116310	2026-07-07 13:48:04	1	3	15	0
        117930	2026-07-07 16:01:22	1	1	15	0
        117043	2026-07-07 16:03:24	1	1	15	0
        118180	2026-07-07 16:07:10	1	1	15	0
        116073	2026-07-07 16:07:15	1	1	15	0
        117110	2026-07-07 16:07:47	1	1	15	0
        117644	2026-07-07 16:08:29	1	1	15	0
        119282	2026-07-07 16:08:43	1	1	15	0
        117129	2026-07-07 16:09:17	1	1	15	0
        116914	2026-07-07 16:13:17	1	1	15	0
        118101	2026-07-07 16:13:51	1	1	15	0
        110074	2026-07-07 16:17:04	1	1	15	0
        118750	2026-07-07 16:20:07	1	1	15	0
        116741	2026-07-07 16:30:43	1	1	15	0
        118593	2026-07-07 16:33:00	1	1	15	0
        110462	2026-07-07 16:33:53	1	1	15	0
        117039	2026-07-07 16:34:15	1	1	15	0
        117111	2026-07-07 16:35:39	1	1	15	0
        116512	2026-07-07 16:40:15	1	1	15	0
        116751	2026-07-07 16:40:19	1	1	15	0
        110128	2026-07-07 16:40:31	1	1	15	0
        117711	2026-07-07 16:41:31	1	1	15	0
        110128	2026-07-07 16:41:42	1	1	15	0
        118207	2026-07-07 16:43:17	1	1	15	0
        117635	2026-07-07 16:49:11	1	1	15	0
        117103	2026-07-07 16:50:19	1	1	15	0
        117162	2026-07-07 16:53:10	1	1	15	0
        117723	2026-07-07 16:53:13	1	1	15	0
        119449	2026-07-07 16:54:52	1	1	15	0
        110859	2026-07-07 16:56:17	1	1	15	0
        117733	2026-07-07 17:00:06	1	1	15	0
        117790	2026-07-07 17:00:13	1	1	15	0
        110493	2026-07-07 17:01:15	1	1	15	0
        110529	2026-07-07 17:01:18	1	1	15	0
        110376	2026-07-07 17:02:00	1	1	15	0
        110510	2026-07-07 17:02:09	1	1	15	0
        110842	2026-07-07 17:02:13	1	1	15	0
        110866	2026-07-07 17:02:18	1	1	15	0
        110832	2026-07-07 17:02:24	1	1	15	0
        110785	2026-07-07 17:02:28	1	1	15	0
        119070	2026-07-07 17:02:32	1	1	15	0
        116504	2026-07-07 17:02:36	1	1	15	0
        110839	2026-07-07 17:02:43	1	1	15	0
        110808	2026-07-07 17:02:48	1	1	15	0
        110840	2026-07-07 17:02:54	1	1	15	0
        110810	2026-07-07 17:02:57	1	1	15	0
        110867	2026-07-07 17:03:36	1	1	15	0
        117591	2026-07-07 17:03:52	1	1	15	0
        117680	2026-07-07 17:04:00	1	1	15	0
        110452	2026-07-07 17:04:43	1	1	15	0
        110355	2026-07-07 17:05:20	1	1	15	0
        110356	2026-07-07 17:05:25	1	1	15	0
        117259	2026-07-07 17:05:29	1	1	15	0
        117222	2026-07-07 17:05:39	1	1	15	0
        110424	2026-07-07 17:05:53	1	1	15	0
        117196	2026-07-07 17:06:14	1	1	15	0
        119272	2026-07-07 17:07:07	1	1	15	0
        110852	2026-07-07 17:08:25	1	1	15	0
        116491	2026-07-07 17:08:58	1	1	15	0
        110625	2026-07-07 17:10:53	1	1	15	0
        110144	2026-07-07 17:11:13	1	1	15	0
        119571	2026-07-07 17:11:32	1	1	15	0
        117833	2026-07-07 17:11:34	1	1	15	0
        117786	2026-07-07 17:13:08	1	1	15	0
        110807	2026-07-07 17:14:06	1	1	15	0
        117972	2026-07-07 17:14:16	1	1	15	0
        119143	2026-07-07 17:14:21	1	1	15	0
        110650	2026-07-07 17:14:58	1	1	15	0
        110805	2026-07-07 17:15:16	1	1	15	0
        110450	2026-07-07 17:15:36	1	1	15	0
        110657	2026-07-07 17:16:21	1	1	15	0
        117981	2026-07-07 17:16:24	1	1	15	0
        118455	2026-07-07 17:17:30	1	1	15	0
        110463	2026-07-07 17:17:35	1	1	15	0
        116279	2026-07-07 17:17:55	1	1	15	0
        110354	2026-07-07 17:18:02	1	1	15	0
        117114	2026-07-07 17:18:16	1	1	15	0
        116282	2026-07-07 17:18:50	1	1	15	0
        117114	2026-07-07 17:19:37	1	1	15	0
        117156	2026-07-07 17:19:58	1	1	15	0
        110465	2026-07-07 17:20:54	1	1	15	0
        117121	2026-07-07 17:23:01	1	1	15	0
        117054	2026-07-07 17:23:34	1	1	15	0
        118928	2026-07-07 17:23:38	1	1	15	0
        117828	2026-07-07 17:23:42	1	1	15	0
        110833	2026-07-07 17:24:26	1	1	15	0
        110105	2026-07-07 17:24:52	1	1	15	0
        119453	2026-07-07 17:24:55	1	1	15	0
        116472	2026-07-07 17:25:03	1	1	15	0
        116451	2026-07-07 17:25:53	1	1	15	0
        110131	2026-07-07 17:26:09	1	1	15	0
        117042	2026-07-07 17:26:57	1	1	15	0
        116356	2026-07-07 17:27:02	1	1	15	0
        117061	2026-07-07 17:27:03	1	1	15	0
        116805	2026-07-07 17:27:06	1	1	15	0
        117144	2026-07-07 17:29:34	1	1	15	0
        117567	2026-07-07 17:30:29	1	1	15	0
        116428	2026-07-07 17:30:54	1	1	15	0
        117543	2026-07-07 17:32:03	1	1	15	0
        110492	2026-07-07 17:34:07	1	1	15	0
        110064	2026-07-07 17:34:13	1	1	1	0
        118046	2026-07-07 17:38:05	1	1	15	0
        119227	2026-07-07 17:38:57	1	1	15	0
        110088	2026-07-07 17:39:13	1	1	15	0
        117849	2026-07-07 17:39:17	1	1	15	0
        117100	2026-07-07 17:39:21	1	1	15	0
        117709	2026-07-07 17:39:25	1	1	15	0
        117850	2026-07-07 17:39:34	1	1	15	0
        118186	2026-07-07 17:39:39	1	1	15	0
        118550	2026-07-07 17:43:37	1	1	15	0
        117616	2026-07-07 17:45:01	1	1	15	0
        117634	2026-07-07 17:45:18	1	1	15	0
        117497	2026-07-07 17:46:12	1	1	15	0
        118971	2026-07-07 17:46:48	1	1	15	0
        118702	2026-07-07 17:47:08	1	1	15	0
        110632	2026-07-07 17:49:49	1	1	15	0
        116252	2026-07-07 17:49:51	1	1	15	0
        110063	2026-07-07 17:50:00	1	1	15	0
        116747	2026-07-07 17:50:06	1	1	15	0
        116497	2026-07-07 17:52:05	1	1	15	0
        116072	2026-07-07 17:52:12	1	1	15	0
        117924	2026-07-07 17:52:13	1	1	15	0
        110447	2026-07-07 17:52:34	1	1	15	0
        116346	2026-07-07 17:53:08	1	1	15	0
        110195	2026-07-07 17:54:57	1	1	15	0
        116453	2026-07-07 17:56:57	1	1	15	0
        118563	2026-07-07 17:57:23	1	1	15	0
        117528	2026-07-07 17:57:26	1	1	15	0
        110077	2026-07-07 17:58:23	1	1	15	0
        110116	2026-07-07 17:58:47	1	1	15	0
        110090	2026-07-07 17:58:52	1	1	15	0
        116260	2026-07-07 17:59:34	1	1	15	0
        117692	2026-07-07 17:59:48	1	1	15	0
        119232	2026-07-07 17:59:53	1	1	15	0
        110549	2026-07-07 18:00:47	1	1	15	0
        110431	2026-07-07 18:00:52	1	1	15	0
        116232	2026-07-07 18:01:28	1	1	15	0
        110093	2026-07-07 18:02:16	1	1	15	0
        117966	2026-07-07 18:02:56	1	1	15	0
        116824	2026-07-07 18:03:50	1	1	15	0
        117983	2026-07-07 18:03:53	1	1	15	0
        117936	2026-07-07 18:04:00	1	1	15	0
        110418	2026-07-07 18:04:04	1	1	15	0
        117660	2026-07-07 18:04:21	1	1	15	0
        116053	2026-07-07 18:04:23	1	1	15	0
        116441	2026-07-07 18:04:24	1	1	15	0
        118640	2026-07-07 18:04:51	1	1	15	0
        110378	2026-07-07 18:07:22	1	1	15	0
        117814	2026-07-07 18:07:42	1	1	15	0
        110834	2026-07-07 18:07:56	1	1	15	0
        117921	2026-07-07 18:08:11	1	1	15	0
        116142	2026-07-07 18:08:13	1	1	15	0
        117120	2026-07-07 18:09:03	1	1	15	0
        117201	2026-07-07 18:09:38	1	1	15	0
        118761	2026-07-07 18:10:05	1	1	15	0
        117529	2026-07-07 18:10:22	1	1	15	0
        110527	2026-07-07 18:10:28	1	1	15	0
        110507	2026-07-07 18:11:24	1	1	15	0
        117770	2026-07-07 18:13:03	1	1	15	0
        110070	2026-07-07 18:13:37	1	1	15	0
        110574	2026-07-07 18:13:42	1	1	15	0
        117483	2026-07-07 18:13:52	1	1	15	0
        110085	2026-07-07 18:14:43	1	1	15	0
        118271	2026-07-07 18:15:19	1	1	15	0
        116274	2026-07-07 18:15:24	1	1	15	0
        117487	2026-07-07 18:15:29	1	1	15	0
        110466	2026-07-07 18:15:33	1	1	15	0
        110513	2026-07-07 18:16:02	1	1	15	0
        116831	2026-07-07 18:16:15	1	1	15	0
        116496	2026-07-07 18:16:25	1	1	15	0
        110528	2026-07-07 18:16:57	1	1	15	0
        110457	2026-07-07 18:16:59	1	1	15	0
        117656	2026-07-07 18:18:41	1	1	1	0
        118744	2026-07-07 18:18:44	1	1	15	0
        110436	2026-07-07 18:19:30	1	1	15	0
        110172	2026-07-07 18:19:53	1	1	15	0
        110113	2026-07-07 18:20:18	1	1	15	0
        117092	2026-07-07 18:20:33	1	1	15	0
        117133	2026-07-07 18:21:47	1	1	15	0
        117659	2026-07-07 18:21:55	1	1	15	0
        110199	2026-07-07 18:21:57	1	1	15	0
        110816	2026-07-07 18:23:26	1	1	15	0
        110844	2026-07-07 18:23:30	1	1	15	0
        110836	2026-07-07 18:23:32	1	1	15	0
        110863	2026-07-07 18:23:36	1	1	15	0
        116477	2026-07-07 18:24:23	1	1	15	0
        117630	2026-07-07 18:24:41	1	1	15	0
        116902	2026-07-07 18:24:48	1	1	15	0
        118427	2026-07-07 18:25:09	1	1	15	0
        117812	2026-07-07 18:25:29	1	1	15	0
        117837	2026-07-07 18:25:30	1	1	15	0
        110055	2026-07-07 18:27:40	1	1	15	0
        117046	2026-07-07 18:27:44	1	1	15	0
        118997	2026-07-07 18:27:57	1	1	15	0
        110084	2026-07-07 18:28:01	1	1	15	0
        110060	2026-07-07 18:28:33	1	1	15	0
        110580	2026-07-07 18:29:22	1	1	15	0
        117839	2026-07-07 18:29:28	1	1	15	0
        117769	2026-07-07 18:32:45	1	1	15	0
        110633	2026-07-07 18:32:48	1	1	15	0
        110197	2026-07-07 18:33:11	1	1	15	0
        116995	2026-07-07 18:33:13	1	1	15	0
        118458	2026-07-07 18:33:20	1	1	15	0
        117541	2026-07-07 18:33:22	1	1	15	0
        117645	2026-07-07 18:33:52	1	1	15	0
        116828	2026-07-07 18:33:56	1	1	1	0
        117982	2026-07-07 18:34:03	1	1	15	0
        117815	2026-07-07 18:34:05	1	1	15	0
        117236	2026-07-07 18:34:07	1	1	15	0
        110645	2026-07-07 18:36:23	1	1	15	0
        117595	2026-07-07 18:37:03	1	1	15	0
        110456	2026-07-07 18:39:08	1	1	15	0
        116933	2026-07-07 18:42:05	1	1	15	0
        118753	2026-07-07 18:43:03	1	1	15	0
        117840	2026-07-07 18:44:16	1	1	15	0
        116834	2026-07-07 18:49:11	1	1	15	0
        117841	2026-07-07 18:52:02	1	1	15	0
        117811	2026-07-07 18:52:04	1	1	15	0
        116483	2026-07-07 18:52:18	1	1	15	0
        110025	2026-07-07 18:52:33	1	1	15	0
        118992	2026-07-07 18:55:40	1	1	15	0
        117085	2026-07-07 18:55:42	1	1	15	0
        117698	2026-07-07 18:56:14	1	1	15	0
        117113	2026-07-07 18:56:52	1	1	15	0
        118695	2026-07-07 18:59:01	1	1	15	0
        118813	2026-07-07 19:00:07	1	1	15	0
        117707	2026-07-07 19:00:14	1	1	15	0
        116787	2026-07-07 19:00:19	1	1	15	0
        116849	2026-07-07 19:00:25	1	1	15	0
        116383	2026-07-07 19:00:29	1	1	15	0
        110360	2026-07-07 19:00:49	1	1	15	0
        110370	2026-07-07 19:00:55	1	1	15	0
        117684	2026-07-07 19:01:03	1	1	15	0
        118493	2026-07-07 19:01:24	1	1	15	0
        119493	2026-07-07 19:02:24	1	1	15	0
        116310	2026-07-07 19:02:43	1	1	15	0
        116531	2026-07-07 19:02:51	1	1	15	0
        117926	2026-07-07 19:03:58	1	1	15	0
        117725	2026-07-07 19:04:08	1	1	15	0
        110201	2026-07-07 19:04:43	1	1	15	0
        117817	2026-07-07 19:05:53	1	1	15	0
        118369	2026-07-07 19:09:09	1	1	15	0
        117091	2026-07-07 19:09:16	1	1	15	0
        117580	2026-07-07 19:09:18	1	1	15	0
        117742	2026-07-07 19:10:05	1	1	1	0
        119594	2026-07-07 19:10:18	1	1	15	0
        116990	2026-07-07 19:10:21	1	1	15	0
        116070	2026-07-07 19:10:24	1	1	15	0
        117807	2026-07-07 19:10:27	1	1	15	0
        117699	2026-07-07 19:11:43	1	1	15	0
        116095	2026-07-07 19:12:43	1	1	15	0
        118584	2026-07-07 19:12:59	1	1	15	0
        117699	2026-07-07 19:13:07	1	1	15	0
        117542	2026-07-07 19:14:58	1	1	15	0
        110200	2026-07-07 19:21:22	1	1	15	0
        116799	2026-07-07 19:23:47	1	1	15	0
        118598	2026-07-07 19:34:56	1	1	15	0
        110057	2026-07-07 19:41:47	1	1	15	0
        110075	2026-07-07 19:41:51	1	1	15	0
        119364	2026-07-07 19:41:53	1	1	15	0
        118862	2026-07-07 19:46:19	1	1	15	0
        117201	2026-07-08 04:48:19	1	0	15	0
        110093	2026-07-08 05:39:10	1	0	15	0
        119571	2026-07-08 06:04:43	1	0	15	0
        118992	2026-07-08 06:22:52	1	0	15	0
        116274	2026-07-08 06:28:39	1	0	15	0
        117930	2026-07-08 06:37:33	1	0	15	0
        117645	2026-07-08 06:39:17	1	0	15	0
        110809	2026-07-08 06:40:12	1	0	15	0
        117092	2026-07-08 06:40:19	1	0	15	0
        110113	2026-07-08 06:40:54	1	0	15	0
        118744	2026-07-08 06:43:47	1	0	15	0
        116232	2026-07-08 06:46:25	1	0	15	0
        119070	2026-07-08 06:46:51	1	0	15	0
        116834	2026-07-08 06:47:00	1	0	15	0
        110084	2026-07-08 06:47:24	1	0	15	0
        117656	2026-07-08 06:50:38	1	0	1	0
        110819	2026-07-08 06:52:39	1	0	15	0
        116914	2026-07-08 06:55:27	1	0	15	0
        117936	2026-07-08 06:56:18	1	0	15	0
        117129	2026-07-08 06:57:21	1	0	15	0
        117043	2026-07-08 06:58:40	1	0	15	0
        110580	2026-07-08 06:59:43	1	0	15	0
        116799	2026-07-08 07:00:00	1	0	15	0
        117769	2026-07-08 07:00:07	1	0	15	0
        110549	2026-07-08 07:00:10	1	0	15	0
        116483	2026-07-08 07:00:20	1	0	15	0
        116748	2026-07-08 07:00:34	1	0	15	0
        110650	2026-07-08 07:00:54	1	0	15	0
        110529	2026-07-08 07:00:59	1	0	15	0
        110074	2026-07-08 07:01:20	1	0	15	0
        118101	2026-07-08 07:01:25	1	0	15	0
        110863	2026-07-08 07:01:37	1	0	15	0
        118750	2026-07-08 07:01:58	1	0	15	0
        110466	2026-07-08 07:02:34	1	0	15	0
        110144	2026-07-08 07:02:50	1	0	15	0
        118271	2026-07-08 07:02:53	1	0	15	0
        119453	2026-07-08 07:04:06	1	0	15	0
        116831	2026-07-08 07:05:20	1	0	15	0
        118640	2026-07-08 07:05:24	1	0	15	0
        117837	2026-07-08 07:06:01	1	0	15	0
        118455	2026-07-08 07:07:21	1	0	15	0
        116073	2026-07-08 07:07:49	1	0	15	0
        110424	2026-07-08 07:10:03	1	0	15	0
        118598	2026-07-08 07:11:25	1	0	15	0
        118997	2026-07-08 07:12:35	1	0	15	0
        117224	2026-07-08 07:12:40	1	0	15	0
        118741	2026-07-08 07:13:37	1	0	15	0
        110633	2026-07-08 07:13:57	1	0	15	0
        117838	2026-07-08 07:13:59	1	0	1	0
        116741	2026-07-08 07:14:03	1	0	15	0
        110462	2026-07-08 07:14:07	1	0	15	0
        110574	2026-07-08 07:14:12	1	0	15	0
        117110	2026-07-08 07:14:53	1	0	15	0
        117483	2026-07-08 07:19:42	1	0	15	0
        117770	2026-07-08 07:19:45	1	0	15	0
        110834	2026-07-08 07:19:50	1	0	15	0
        110842	2026-07-08 07:20:05	1	0	15	0
        116479	2026-07-08 07:20:33	1	0	15	0
        110128	2026-07-08 07:20:41	1	0	15	0
        117659	2026-07-08 07:20:53	1	0	15	0
        119583	2026-07-08 07:23:30	1	0	15	0
        119449	2026-07-08 07:23:47	1	0	15	0
        110371	2026-07-08 07:24:37	1	0	15	0
        116496	2026-07-08 07:25:06	1	0	15	0
        110832	2026-07-08 07:25:12	1	0	15	0
        118593	2026-07-08 07:25:41	1	0	15	0
        119272	2026-07-08 07:25:47	1	0	15	0
        110060	2026-07-08 07:26:45	1	0	15	0
        110456	2026-07-08 07:27:37	1	0	15	0
        117840	2026-07-08 07:27:39	1	0	15	0
        110828	2026-07-08 07:28:50	1	0	15	0
        110645	2026-07-08 07:28:53	1	0	15	0
        110473	2026-07-08 07:29:05	1	0	15	0
        117699	2026-07-08 07:29:09	1	0	15	0
        117111	2026-07-08 07:30:11	1	0	15	0
        110507	2026-07-08 07:30:15	1	0	15	0
        118695	2026-07-08 07:30:31	1	0	15	0
        117742	2026-07-08 07:30:51	1	0	1	0
        110527	2026-07-08 07:31:18	1	0	15	0
        119282	2026-07-08 07:31:40	1	0	15	0
        110625	2026-07-08 07:32:35	1	0	15	0
        117900	2026-07-08 07:33:43	1	0	15	0
        110785	2026-07-08 07:33:47	1	0	15	0
        110840	2026-07-08 07:34:44	1	0	15	0
        117972	2026-07-08 07:35:06	1	0	15	0
        110852	2026-07-08 07:35:11	1	0	15	0
        110199	2026-07-08 07:35:27	1	0	15	0
        110867	2026-07-08 07:35:31	1	0	15	0
        117982	2026-07-08 07:36:14	1	0	15	0
        110528	2026-07-08 07:36:17	1	0	15	0
        110510	2026-07-08 07:36:23	1	0	15	0
        116995	2026-07-08 07:37:13	1	0	15	0
        118157	2026-07-08 07:39:16	1	0	15	0
        117644	2026-07-08 07:39:26	1	0	15	0
        117162	2026-07-08 07:40:02	1	0	15	0
        117841	2026-07-08 07:40:59	1	0	15	0
        118493	2026-07-08 07:41:09	1	0	15	0
        116491	2026-07-08 07:42:03	1	0	15	0
        119493	2026-07-08 07:42:24	1	0	15	0
        117259	2026-07-08 07:42:34	1	0	15	0
        110378	2026-07-08 07:43:18	1	0	15	0
        119143	2026-07-08 07:44:45	1	0	15	0
        110810	2026-07-08 07:44:49	1	0	15	0
        117711	2026-07-08 07:44:58	1	0	15	0
        116504	2026-07-08 07:45:10	1	0	15	0
        110807	2026-07-08 07:46:10	1	0	15	0
        117487	2026-07-08 07:46:15	1	0	15	0
        117815	2026-07-08 07:46:28	1	0	15	0
        117088	2026-07-08 07:48:11	1	0	15	0
        117113	2026-07-08 07:49:14	1	0	15	0
        117680	2026-07-08 07:49:17	1	0	15	0
        110376	2026-07-08 07:49:43	1	0	15	0
        110356	2026-07-08 07:49:51	1	0	15	0
        110493	2026-07-08 07:49:53	1	0	15	0
        110355	2026-07-08 07:49:54	1	0	15	0
        110463	2026-07-08 07:50:02	1	0	15	0
        116828	2026-07-08 07:51:25	1	0	1	0
        117684	2026-07-08 07:51:41	1	0	15	0
        118207	2026-07-08 07:52:01	1	0	15	0
        117635	2026-07-08 07:52:04	1	0	15	0
        110859	2026-07-08 07:52:25	1	0	15	0
        110866	2026-07-08 07:52:49	1	0	15	0
        116824	2026-07-08 07:53:04	1	0	15	0
        118427	2026-07-08 07:53:20	1	0	15	0
        110805	2026-07-08 07:53:48	1	0	15	0
        117915	2026-07-08 07:54:40	1	0	15	0
        117542	2026-07-08 07:54:50	1	0	15	0
        110535	2026-07-08 07:55:12	1	0	15	0
        110131	2026-07-08 07:55:37	1	0	15	0
        110632	2026-07-08 07:56:12	1	0	15	0
        117120	2026-07-08 07:56:17	1	0	15	0
        116778	2026-07-08 07:56:19	1	0	15	0
        116383	2026-07-08 07:56:47	1	0	15	0
        116297	2026-07-08 07:56:54	1	0	15	0
        118458	2026-07-08 07:56:58	1	0	15	0
        119364	2026-07-08 07:57:37	1	0	15	0
        110492	2026-07-08 07:57:53	1	0	15	0
        117580	2026-07-08 07:57:57	1	0	15	0
        117833	2026-07-08 07:58:02	1	0	15	0
        110197	2026-07-08 07:58:10	1	0	15	0
        118971	2026-07-08 07:58:16	1	0	15	0
        110025	2026-07-08 07:58:32	1	0	15	0
        116072	2026-07-08 07:58:37	1	0	15	0
        119227	2026-07-08 07:59:24	1	0	15	0
        110808	2026-07-08 07:59:31	1	0	15	0
        116129	2026-07-08 08:00:20	1	0	15	0
        118186	2026-07-08 08:00:47	1	0	15	0
        117807	2026-07-08 08:00:51	1	0	15	0
        117707	2026-07-08 08:01:05	1	0	15	0
        117733	2026-07-08 08:01:29	1	0	15	0
        110370	2026-07-08 08:01:50	1	0	15	0
        110447	2026-07-08 08:02:11	1	0	15	0
        117591	2026-07-08 08:02:37	1	0	15	0
        110360	2026-07-08 08:03:01	1	0	15	0
        116104	2026-07-08 08:03:33	1	0	15	0
        117061	2026-07-08 08:04:19	1	0	15	0
        117147	2026-07-08 08:05:06	1	0	15	0
        117817	2026-07-08 08:05:18	1	0	15	0
        110450	2026-07-08 08:05:43	1	0	15	0
        116356	2026-07-08 08:05:47	1	0	15	0
        118302	2026-07-08 08:06:47	1	0	15	0
        110105	2026-07-08 08:06:58	1	0	15	0
        117924	2026-07-08 08:07:21	1	0	15	0
        117993	2026-07-08 08:07:34	1	0	15	0
        110063	2026-07-08 08:07:47	1	0	15	0
        117543	2026-07-08 08:07:58	1	0	15	0
        117839	2026-07-08 08:08:02	1	0	15	0
        116142	2026-07-08 08:08:04	1	0	15	0
        118753	2026-07-08 08:08:33	1	0	15	0
        117085	2026-07-08 08:08:38	1	0	15	0
        117921	2026-07-08 08:09:14	1	0	15	0
        110452	2026-07-08 08:09:29	1	0	15	0
        117926	2026-07-08 08:09:39	1	0	15	0
        117042	2026-07-08 08:09:45	1	0	15	0
        116451	2026-07-08 08:09:50	1	0	15	0
        110657	2026-07-08 08:09:54	1	0	15	0
        116282	2026-07-08 08:10:06	1	0	15	0
        117983	2026-07-08 08:11:14	1	0	15	0
        110457	2026-07-08 08:12:03	1	0	15	0
        117630	2026-07-08 08:12:08	1	0	15	0
        116279	2026-07-08 08:12:10	1	0	15	0
        110354	2026-07-08 08:13:33	1	0	15	0
        116472	2026-07-08 08:15:00	1	0	15	0
        117222	2026-07-08 08:15:21	1	0	15	0
        118928	2026-07-08 08:15:48	1	0	15	0
        117698	2026-07-08 08:16:36	1	0	15	0
        117725	2026-07-08 08:16:41	1	0	15	0
        116763	2026-07-08 08:16:58	1	0	15	0
        110839	2026-07-08 08:17:25	1	0	15	0
        118180	2026-07-08 08:18:23	1	0	15	0
        110854	2026-07-08 08:19:12	1	0	15	0
        110011	2026-07-08 08:19:30	1	0	15	0
        117683	2026-07-08 08:19:33	1	0	15	0
        110465	2026-07-08 08:19:36	1	0	15	0
        117616	2026-07-08 08:19:53	1	0	15	0
        116849	2026-07-08 08:20:46	1	0	15	0
        110836	2026-07-08 08:20:57	1	0	15	0
        117850	2026-07-08 08:21:44	1	0	15	0
        119594	2026-07-08 08:21:53	1	0	15	0
        110833	2026-07-08 08:22:11	1	0	15	0
        110070	2026-07-08 08:25:01	1	0	15	0
        116453	2026-07-08 08:25:52	1	0	15	0
        117567	2026-07-08 08:26:59	1	0	15	0
        110055	2026-07-08 08:27:20	1	0	15	0
        116070	2026-07-08 08:28:45	1	0	1	0
        110064	2026-07-08 08:28:51	1	0	1	0
        110077	2026-07-08 08:29:35	1	0	15	0
        116497	2026-07-08 08:29:39	1	0	15	0
        116787	2026-07-08 08:29:46	1	0	15	0
        116805	2026-07-08 08:29:58	1	0	15	0
        117981	2026-07-08 08:30:00	1	0	15	0
        116512	2026-07-08 08:30:21	1	0	15	0
        116751	2026-07-08 08:30:23	1	0	15	0
        117144	2026-07-08 08:32:18	1	0	15	0
        119263	2026-07-08 08:32:20	1	0	15	0
        117541	2026-07-08 08:32:22	1	0	15	0
        118550	2026-07-08 08:33:23	1	0	15	0
        117595	2026-07-08 08:34:29	1	0	15	0
        119535	2026-07-08 08:35:11	1	0	15	0
        118369	2026-07-08 08:37:02	1	0	15	0
        117337	2026-07-08 08:37:04	1	0	15	0
        110090	2026-07-08 08:37:12	1	0	15	0
        117114	2026-07-08 08:37:48	1	0	15	0
        117709	2026-07-08 08:38:10	1	0	15	0
        117497	2026-07-08 08:39:38	1	0	15	0
        118702	2026-07-08 08:40:02	1	0	15	0
        110495	2026-07-08 08:41:42	1	0	15	0
        110116	2026-07-08 08:42:09	1	0	15	0
        117103	2026-07-08 08:43:22	1	0	15	0
        110075	2026-07-08 08:44:02	1	0	15	0
        116260	2026-07-08 08:45:04	1	0	15	0
        110513	2026-07-08 08:45:46	1	0	15	0
        110057	2026-07-08 08:46:49	1	0	15	0
        110088	2026-07-08 08:46:53	1	0	15	0
        116933	2026-07-08 08:47:32	1	0	15	0
        116252	2026-07-08 08:47:50	1	0	15	0
        116747	2026-07-08 08:49:48	1	0	15	0
        117849	2026-07-08 08:50:09	1	0	15	0
        117196	2026-07-08 08:51:48	1	0	15	0
        118046	2026-07-08 08:54:52	1	0	15	0
        110418	2026-07-08 08:55:01	1	0	15	0
        110195	2026-07-08 08:57:10	1	0	15	0
        117122	2026-07-08 08:57:42	1	0	15	0
        117236	2026-07-08 08:57:45	1	0	15	0
        116441	2026-07-08 08:59:15	1	0	15	0
        110172	2026-07-08 09:00:57	1	0	15	0
        116053	2026-07-08 09:01:29	1	0	15	0
        116477	2026-07-08 09:02:22	1	0	15	0
        117811	2026-07-08 09:05:38	1	0	15	0
        117814	2026-07-08 09:05:39	1	0	15	0
        117660	2026-07-08 09:05:52	1	0	15	0
        117529	2026-07-08 09:06:47	1	0	15	0
        119232	2026-07-08 09:13:47	1	0	15	0
        117812	2026-07-08 09:23:19	1	0	15	0
        116166	2026-07-08 10:08:53	1	0	15	0
        110431	2026-07-08 10:47:10	1	0	15	0
        116990	2026-07-08 10:49:48	1	0	15	0
        118640	2026-07-08 12:00:10	1	2	15	0
        110144	2026-07-08 12:00:13	1	2	15	0
        117930	2026-07-08 12:00:22	1	2	15	0
        117201	2026-07-08 12:00:24	1	2	15	0
        117113	2026-07-08 12:00:25	1	2	15	0
        117196	2026-07-08 12:00:30	1	2	15	0
        110463	2026-07-08 12:00:32	1	2	15	0
        117224	2026-07-08 12:00:34	1	2	15	0
        116383	2026-07-08 12:00:37	1	2	15	0
        116995	2026-07-08 12:00:38	1	2	15	0
        116070	2026-07-08 12:00:40	1	2	15	0
        116990	2026-07-08 12:00:42	1	2	15	0
        117742	2026-07-08 12:00:44	1	2	15	0
        110834	2026-07-08 12:00:46	1	2	15	0
        110832	2026-07-08 12:00:48	1	2	15	0
        110360	2026-07-08 12:00:50	1	2	15	0
        110447	2026-07-08 12:00:51	1	2	15	0
        110527	2026-07-08 12:00:53	1	2	15	0
        117833	2026-07-08 12:00:55	1	2	15	0
        110370	2026-07-08 12:00:57	1	2	15	0
        117983	2026-07-08 12:00:59	1	2	15	0
        110854	2026-07-08 12:01:00	1	2	15	0
        110465	2026-07-08 12:01:03	1	2	15	0
        110807	2026-07-08 12:01:04	1	2	15	0
        119535	2026-07-08 12:01:06	1	2	15	0
        110093	2026-07-08 12:01:08	1	2	15	0
        117900	2026-07-08 12:01:11	1	2	15	0
        117543	2026-07-08 12:01:13	1	2	15	0
        110529	2026-07-08 12:01:15	1	2	15	0
        110493	2026-07-08 12:01:17	1	2	15	0
        116849	2026-07-08 12:01:20	1	2	15	0
        116763	2026-07-08 12:01:22	1	2	15	0
        110867	2026-07-08 12:01:24	1	2	15	0
        110866	2026-07-08 12:01:26	1	2	15	0
        110808	2026-07-08 12:01:27	1	2	15	0
        110424	2026-07-08 12:01:31	1	2	15	0
        110418	2026-07-08 12:01:33	1	2	15	0
        116787	2026-07-08 12:01:35	1	2	15	0
        116252	2026-07-08 12:01:37	1	2	15	0
        110574	2026-07-08 12:01:39	1	2	15	0
        117542	2026-07-08 12:01:42	1	2	15	0
        119453	2026-07-08 12:01:44	1	2	15	0
        110090	2026-07-08 12:01:46	1	2	15	0
        116778	2026-07-08 12:01:49	1	2	15	0
        117770	2026-07-08 12:01:51	1	2	15	0
        117837	2026-07-08 12:01:53	1	2	15	0
        117812	2026-07-08 12:01:55	1	2	15	0
        118744	2026-07-08 12:01:56	1	2	15	0
        117656	2026-07-08 12:02:00	1	2	1	0
        110172	2026-07-08 12:02:06	1	2	15	0
        116914	2026-07-08 12:02:10	1	2	15	0
        110528	2026-07-08 12:02:12	1	2	15	0
        110354	2026-07-08 12:02:14	1	2	15	0
        110507	2026-07-08 12:02:15	1	2	15	0
        117129	2026-07-08 12:02:18	1	2	15	0
        118157	2026-07-08 12:02:20	1	2	15	0
        116282	2026-07-08 12:02:22	1	2	15	0
        117915	2026-07-08 12:02:24	1	2	15	0
        116279	2026-07-08 12:02:25	1	2	15	0
        110088	2026-07-08 12:02:28	1	2	15	0
        117616	2026-07-08 12:02:30	1	2	15	0
        117144	2026-07-08 12:02:31	1	2	15	0
        110378	2026-07-08 12:02:33	1	2	15	0
        117497	2026-07-08 12:02:35	1	2	15	0
        118186	2026-07-08 12:02:37	1	2	15	0
        110452	2026-07-08 12:02:39	1	2	15	0
        117595	2026-07-08 12:02:42	1	2	15	0
        110113	2026-07-08 12:02:53	1	2	15	0
        110040	2026-07-08 12:02:55	1	2	15	0
        110510	2026-07-08 12:02:58	1	2	15	0
        110810	2026-07-08 12:03:00	1	2	15	0
        110842	2026-07-08 12:03:01	1	2	15	0
        110625	2026-07-08 12:03:03	1	2	15	0
        118640	2026-07-08 12:03:06	1	2	15	0
        116073	2026-07-08 12:03:13	1	2	15	0
        117733	2026-07-08 12:03:17	1	2	15	0
        110632	2026-07-08 12:03:19	1	2	15	0
        110657	2026-07-08 12:03:26	1	2	15	0
        110839	2026-07-08 12:03:29	1	2	15	0
        116491	2026-07-08 12:03:33	1	2	15	0
        118992	2026-07-08 12:03:37	1	2	15	0
        117259	2026-07-08 12:03:41	1	2	15	0
        117541	2026-07-08 12:03:43	1	2	15	0
        118458	2026-07-08 12:03:46	1	2	15	0
        110495	2026-07-08 12:03:50	1	2	15	0
        110064	2026-07-08 12:03:56	1	2	1	0
        117833	2026-07-08 12:03:58	1	2	15	0
        117042	2026-07-08 12:03:59	1	2	15	0
        117930	2026-07-08 12:04:03	1	2	15	0
        116451	2026-07-08 12:04:05	1	2	15	0
        117644	2026-07-08 12:04:08	1	2	15	0
        117680	2026-07-08 12:04:09	1	2	15	0
        117224	2026-07-08 12:04:11	1	2	15	0
        117092	2026-07-08 12:04:15	1	2	15	0
        119232	2026-07-08 12:04:20	1	2	15	0
        117196	2026-07-08 12:04:30	1	2	15	0
        116282	2026-07-08 12:04:36	1	2	15	0
        117915	2026-07-08 12:04:40	1	2	15	0
        118157	2026-07-08 12:04:41	1	2	15	0
        118186	2026-07-08 12:04:46	1	2	15	0
        110832	2026-07-08 12:04:49	1	2	15	0
        116383	2026-07-08 12:04:51	1	2	15	0
        116824	2026-07-08 12:04:55	1	2	15	0
        110549	2026-07-08 12:04:57	1	2	15	0
        110450	2026-07-08 12:04:58	1	2	15	0
        110809	2026-07-08 12:05:01	1	2	15	0
        110105	2026-07-08 12:05:05	1	2	15	0
        110840	2026-07-08 12:05:17	1	2	15	0
        118101	2026-07-08 12:05:21	1	2	15	0
        117201	2026-07-08 12:05:26	1	2	15	0
        117103	2026-07-08 12:05:28	1	2	15	0
        116995	2026-07-08 12:05:34	1	2	15	0
        110060	2026-07-08 12:05:35	1	2	15	0
        110859	2026-07-08 12:05:38	1	2	15	0
        116070	2026-07-08 12:05:40	1	2	15	0
        117812	2026-07-08 12:05:43	1	2	15	0
        116990	2026-07-08 12:05:47	1	2	15	0
        110063	2026-07-08 12:05:49	1	2	15	0
        110128	2026-07-08 12:05:56	1	2	15	0
        110625	2026-07-08 12:05:58	1	2	15	0
        118750	2026-07-08 12:05:59	1	2	15	0
        118207	2026-07-08 12:06:02	1	2	15	0
        118971	2026-07-08 12:06:03	1	2	15	0
        110116	2026-07-08 12:06:06	1	2	15	0
        117644	2026-07-08 12:06:08	1	2	15	0
        117110	2026-07-08 12:06:10	1	2	15	0
        116491	2026-07-08 12:06:12	1	2	15	0
        117742	2026-07-08 12:06:13	1	2	15	0
        110527	2026-07-08 12:06:21	1	2	15	0
        110360	2026-07-08 12:06:23	1	2	15	0
        116787	2026-07-08 12:06:25	1	2	15	0
        116849	2026-07-08 12:06:26	1	2	15	0
        119535	2026-07-08 12:06:28	1	2	15	0
        116778	2026-07-08 12:06:32	1	2	15	0
        117567	2026-07-08 12:06:34	1	2	15	0
        117733	2026-07-08 12:06:59	1	2	15	0
        118593	2026-07-08 12:07:06	1	2	15	0
        117236	2026-07-08 12:07:11	1	2	15	0
        117840	2026-07-08 12:07:14	1	2	15	0
        110854	2026-07-08 12:07:21	1	2	15	0
        110113	2026-07-08 12:07:26	1	2	15	0
        110465	2026-07-08 12:07:40	1	2	15	0
        110463	2026-07-08 12:07:46	1	2	15	0
        110064	2026-07-08 12:07:51	1	2	1	0
        117092	2026-07-08 12:07:57	1	2	15	0
        119453	2026-07-08 12:08:07	1	2	15	0
        110510	2026-07-08 12:08:09	1	2	15	0
        110090	2026-07-08 12:08:12	1	2	15	0
        110529	2026-07-08 12:08:17	1	2	15	0
        110493	2026-07-08 12:08:19	1	2	15	0
        118302	2026-07-08 12:08:23	1	2	15	0
        110866	2026-07-08 12:08:25	1	2	15	0
        110808	2026-07-08 12:08:29	1	2	15	0
        110867	2026-07-08 12:08:32	1	2	15	0
        110055	2026-07-08 12:08:35	1	2	15	0
        118992	2026-07-08 12:08:37	1	2	15	0
        116142	2026-07-08 12:08:39	1	2	15	0
        110839	2026-07-08 12:08:40	1	2	15	0
        116747	2026-07-08 12:08:43	1	2	15	0
        110040	2026-07-08 12:08:45	1	2	15	0
        117122	2026-07-08 12:08:47	1	2	15	0
        110842	2026-07-08 12:08:50	1	2	15	0
        110807	2026-07-08 12:08:52	1	2	15	0
        117541	2026-07-08 12:08:54	1	2	15	0
        117259	2026-07-08 12:08:56	1	2	15	0
        110450	2026-07-08 12:08:58	1	2	15	0
        110172	2026-07-08 12:09:01	1	2	15	0
        119232	2026-07-08 12:09:04	1	2	15	0
        117144	2026-07-08 12:09:08	1	2	15	0
        117529	2026-07-08 12:09:11	1	2	15	0
        110070	2026-07-08 12:09:14	1	2	15	0
        116252	2026-07-08 12:09:18	1	2	15	0
        110060	2026-07-08 12:09:25	1	2	15	0
        119594	2026-07-08 12:09:32	1	2	15	0
        110354	2026-07-08 12:09:36	1	2	15	0
        110834	2026-07-08 12:09:43	1	2	15	0
        118207	2026-07-08 12:09:46	1	2	15	0
        117684	2026-07-08 12:09:49	1	2	15	0
        110828	2026-07-08 12:09:52	1	2	15	0
        110645	2026-07-08 12:09:53	1	2	15	0
        117129	2026-07-08 12:09:55	1	2	15	0
        116451	2026-07-08 12:09:57	1	2	15	0
        117103	2026-07-08 12:10:02	1	2	15	0
        117497	2026-07-08 12:10:15	1	2	15	0
        117770	2026-07-08 12:10:28	1	2	15	0
        117837	2026-07-08 12:10:31	1	2	15	0
        119594	2026-07-08 12:10:36	1	2	15	0
        118598	2026-07-08 12:10:40	1	2	15	0
        110447	2026-07-08 12:10:44	1	2	15	0
        110657	2026-07-08 12:10:48	1	2	15	0
        110495	2026-07-08 12:10:51	1	2	15	0
        110528	2026-07-08 12:10:54	1	2	15	0
        118101	2026-07-08 12:10:56	1	2	15	0
        110840	2026-07-08 12:10:58	1	2	15	0
        117543	2026-07-08 12:11:01	1	2	15	0
        117042	2026-07-08 12:11:03	1	2	15	0
        116260	2026-07-08 12:11:06	1	2	15	0
        116497	2026-07-08 12:11:08	1	2	15	0
        110376	2026-07-08 12:11:11	1	2	15	0
        116072	2026-07-08 12:11:13	1	2	15	0
        110457	2026-07-08 12:11:15	1	2	15	0
        117983	2026-07-08 12:11:28	1	2	15	0
        110355	2026-07-08 12:11:33	1	2	15	0
        110356	2026-07-08 12:11:37	1	2	15	0
        116748	2026-07-08 12:11:58	1	2	15	0
        110535	2026-07-08 12:12:11	1	2	15	0
        110632	2026-07-08 12:12:29	1	2	15	0
        110549	2026-07-08 12:12:32	1	2	15	0
        110852	2026-07-08 12:12:39	1	2	15	0
        118458	2026-07-08 12:12:43	1	2	15	0
        110088	2026-07-08 12:12:48	1	2	15	0
        117616	2026-07-08 12:12:51	1	2	15	0
        117567	2026-07-08 12:12:53	1	2	15	0
        116834	2026-07-08 12:12:56	1	2	15	0
        110378	2026-07-08 12:13:24	1	2	15	0
        116252	2026-07-08 12:13:28	1	2	15	0
        117982	2026-07-08 12:13:33	1	2	15	0
        110810	2026-07-08 12:13:36	1	2	15	0
        117680	2026-07-08 12:13:48	1	2	15	0
        110356	2026-07-08 12:14:09	1	2	15	0
        117337	2026-07-08 12:14:11	1	2	15	0
        110355	2026-07-08 12:14:15	1	2	15	0
        117921	2026-07-08 12:14:16	1	2	15	0
        118695	2026-07-08 12:14:18	1	2	15	0
        110513	2026-07-08 12:14:20	1	2	15	0
        117111	2026-07-08 12:14:22	1	2	15	0
        110197	2026-07-08 12:14:24	1	2	15	0
        110507	2026-07-08 12:14:34	1	2	15	0
        116104	2026-07-08 12:14:36	1	2	15	0
        110011	2026-07-08 12:14:38	1	2	15	0
        118997	2026-07-08 12:14:51	1	2	15	0
        116914	2026-07-08 12:15:02	1	2	15	0
        110492	2026-07-08 12:15:16	1	2	15	0
        118744	2026-07-08 12:15:19	1	2	15	0
        117656	2026-07-08 12:15:23	1	2	1	0
        110055	2026-07-08 12:15:29	1	2	15	0
        117120	2026-07-08 12:15:33	1	2	15	0
        110376	2026-07-08 12:15:39	1	2	15	0
        117114	2026-07-08 12:15:43	1	2	15	0
        110863	2026-07-08 12:15:48	1	2	15	0
        116260	2026-07-08 12:15:52	1	2	15	0
        116497	2026-07-08 12:15:54	1	2	15	0
        110457	2026-07-08 12:15:56	1	2	15	0
        116072	2026-07-08 12:16:02	1	2	15	0
        117814	2026-07-08 12:16:05	1	2	15	0
        110077	2026-07-08 12:16:29	1	2	15	0
        119143	2026-07-08 12:16:31	1	2	15	0
        117972	2026-07-08 12:16:34	1	2	15	0
        118046	2026-07-08 12:16:35	1	2	15	0
        110580	2026-07-08 12:16:51	1	2	15	0
        117707	2026-07-08 12:16:55	1	2	15	0
        117850	2026-07-08 12:16:57	1	2	15	0
        116512	2026-07-08 12:17:04	1	2	15	0
        116751	2026-07-08 12:17:08	1	2	15	0
        117147	2026-07-08 12:17:14	1	2	15	0
        110852	2026-07-08 12:17:24	1	2	15	0
        117222	2026-07-08 12:17:29	1	2	15	0
        117698	2026-07-08 12:17:38	1	2	15	0
        117725	2026-07-08 12:17:41	1	2	15	0
        117699	2026-07-08 12:17:52	1	2	15	0
        110093	2026-07-08 12:18:05	1	2	15	0
        116142	2026-07-08 12:18:23	1	2	15	0
        110492	2026-07-08 12:18:27	1	2	15	0
        117769	2026-07-08 12:18:36	1	2	15	0
        117838	2026-07-08 12:18:38	1	2	15	0
        110633	2026-07-08 12:18:39	1	2	15	0
        117645	2026-07-08 12:19:15	1	2	15	0
        117815	2026-07-08 12:19:18	1	2	15	0
        117936	2026-07-08 12:19:20	1	2	15	0
        116933	2026-07-08 12:19:25	1	2	15	0
        117982	2026-07-08 12:19:28	1	2	15	0
        117811	2026-07-08 12:19:31	1	2	15	0
        117841	2026-07-08 12:19:33	1	2	15	0
        118702	2026-07-08 12:19:55	1	2	15	0
        117921	2026-07-08 12:19:58	1	2	15	0
        117487	2026-07-08 12:20:00	1	2	15	0
        110785	2026-07-08 12:20:02	1	2	15	0
        110431	2026-07-08 12:20:09	1	2	15	0
        110195	2026-07-08 12:20:17	1	2	15	0
        116104	2026-07-08 12:20:21	1	2	15	0
        118971	2026-07-08 12:20:25	1	2	15	0
        110011	2026-07-08 12:20:33	1	2	15	0
        110863	2026-07-08 12:20:35	1	2	15	0
        117839	2026-07-08 12:20:39	1	2	15	0
        117483	2026-07-08 12:20:41	1	2	15	0
        110466	2026-07-08 12:20:44	1	2	15	0
        116274	2026-07-08 12:20:47	1	2	15	0
        117542	2026-07-08 12:20:53	1	2	15	0
        116824	2026-07-08 12:20:55	1	2	15	0
        116477	2026-07-08 12:21:08	1	2	15	0
        117162	2026-07-08 12:21:11	1	2	15	0
        117972	2026-07-08 12:21:15	1	2	15	0
        119143	2026-07-08 12:21:17	1	2	15	0
        118271	2026-07-08 12:21:19	1	2	15	0
        117088	2026-07-08 12:21:33	1	2	15	0
        116751	2026-07-08 12:21:40	1	2	15	0
        116512	2026-07-08 12:21:47	1	2	15	0
        117707	2026-07-08 12:21:53	1	2	15	0
        117850	2026-07-08 12:21:57	1	2	15	0
        110116	2026-07-08 12:22:01	1	2	15	0
        117699	2026-07-08 12:22:05	1	2	15	0
        110462	2026-07-08 12:22:10	1	2	15	0
        110809	2026-07-08 12:22:20	1	2	15	0
        117698	2026-07-08 12:22:29	1	2	15	0
        117725	2026-07-08 12:22:31	1	2	15	0
        116346	2026-07-08 12:22:35	1	2	15	0
        117147	2026-07-08 12:22:47	1	2	15	0
        116828	2026-07-08 12:22:58	1	2	1	0
        110105	2026-07-08 12:23:04	1	2	15	0
        110431	2026-07-08 12:23:13	1	2	15	0
        116232	2026-07-08 12:23:17	1	2	15	0
        116799	2026-07-08 12:23:23	1	2	15	0
        118550	2026-07-08 12:23:29	1	2	15	0
        118997	2026-07-08 12:23:48	1	2	15	0
        117591	2026-07-08 12:23:58	1	2	15	0
        117707	2026-07-08 12:24:09	1	2	15	0
        118750	2026-07-08 12:24:13	1	2	15	0
        117807	2026-07-08 12:24:17	1	2	15	0
        110828	2026-07-08 12:24:28	1	2	15	0
        117684	2026-07-08 12:24:31	1	2	15	0
        110645	2026-07-08 12:24:33	1	2	15	0
        110195	2026-07-08 12:24:37	1	2	15	0
        117926	2026-07-08 12:24:41	1	2	15	0
        117222	2026-07-08 12:24:57	1	2	15	0
        117936	2026-07-08 12:25:04	1	2	15	0
        117645	2026-07-08 12:25:06	1	2	15	0
        117815	2026-07-08 12:25:07	1	2	15	0
        119449	2026-07-08 12:25:12	1	2	15	0
        117811	2026-07-08 12:25:19	1	2	15	0
        110128	2026-07-08 12:25:21	1	2	15	0
        117841	2026-07-08 12:25:24	1	2	15	0
        118271	2026-07-08 12:25:26	1	2	15	0
        116274	2026-07-08 12:25:29	1	2	15	0
        117483	2026-07-08 12:25:31	1	2	15	0
        117900	2026-07-08 12:25:34	1	2	15	0
        110370	2026-07-08 12:25:36	1	2	15	0
        117839	2026-07-08 12:25:39	1	2	15	0
        117162	2026-07-08 12:26:16	1	2	15	0
        110131	2026-07-08 12:26:27	1	2	15	0
        110144	2026-07-08 12:26:37	1	2	15	0
        117487	2026-07-08 12:26:39	1	2	15	0
        118702	2026-07-08 12:26:42	1	2	15	0
        110535	2026-07-08 12:26:44	1	2	15	0
        110785	2026-07-08 12:26:47	1	2	15	0
        116477	2026-07-08 12:26:49	1	2	15	0
        116828	2026-07-08 12:26:53	1	2	1	0
        110650	2026-07-08 12:28:01	1	1	15	0
        110473	2026-07-08 12:28:04	1	1	15	0
        117993	2026-07-08 12:28:07	1	1	15	0
        110070	2026-07-08 12:28:18	1	1	15	0
        118493	2026-07-08 12:29:01	1	1	15	0
        116933	2026-07-08 12:29:05	1	1	15	0
        110371	2026-07-08 12:29:09	1	1	15	0
        110466	2026-07-08 12:29:12	1	1	15	0
        117817	2026-07-08 12:29:17	1	1	15	0
        117591	2026-07-08 12:29:42	1	1	15	0
        116232	2026-07-08 12:29:46	1	1	15	0
        116483	2026-07-08 12:29:59	1	1	15	0
        116504	2026-07-08 12:30:03	1	1	15	0
        118455	2026-07-08 12:30:04	1	1	15	0
        116834	2026-07-08 12:30:07	1	1	15	0
        119070	2026-07-08 12:30:12	1	1	15	0
        110074	2026-07-08 12:30:15	1	1	15	0
        110580	2026-07-08 12:30:19	1	1	15	0
        117635	2026-07-08 12:30:21	1	1	15	0
        117110	2026-07-08 12:30:22	1	1	15	0
        117660	2026-07-08 12:30:24	1	1	15	0
        116053	2026-07-08 12:30:26	1	1	15	0
        117529	2026-07-08 12:30:53	1	1	15	0
        110513	2026-07-08 12:31:05	1	1	15	0
        116453	2026-07-08 12:31:13	1	1	15	0
        116799	2026-07-08 12:31:18	1	1	15	0
        110199	2026-07-08 12:31:47	1	1	15	0
        110456	2026-07-08 12:31:50	1	1	15	0
        117814	2026-07-08 12:32:22	1	1	15	0
        117635	2026-07-08 12:32:49	1	1	15	0
        117660	2026-07-08 12:32:53	1	1	15	0
        117709	2026-07-08 12:32:56	1	1	15	0
        110057	2026-07-08 12:32:57	1	1	15	0
        119364	2026-07-08 12:33:04	1	1	15	0
        117849	2026-07-08 12:33:10	1	1	15	0
        116053	2026-07-08 12:33:12	1	1	15	0
        116453	2026-07-08 12:33:19	1	1	15	0
        117088	2026-07-08 12:33:22	1	1	15	0
        117711	2026-07-08 12:33:55	1	1	15	0
        117840	2026-07-08 12:33:58	1	1	15	0
        116483	2026-07-08 12:34:17	1	1	15	0
        119070	2026-07-08 12:34:27	1	1	15	0
        116504	2026-07-08 12:34:37	1	1	15	0
        117817	2026-07-08 12:34:40	1	1	15	0
        118455	2026-07-08 12:34:46	1	1	15	0
        110418	2026-07-08 12:34:48	1	1	15	0
        110070	2026-07-08 12:34:51	1	1	15	0
        117807	2026-07-08 12:35:23	1	1	15	0
        116763	2026-07-08 12:35:25	1	1	15	0
        116472	2026-07-08 12:35:29	1	1	15	0
        116747	2026-07-08 12:35:31	1	1	15	0
        110074	2026-07-08 12:35:43	1	1	15	0
        117711	2026-07-08 12:36:39	1	3	15	0
        118695	2026-07-08 12:36:53	1	3	15	0
        117111	2026-07-08 12:36:56	1	3	15	0
        118493	2026-07-08 12:37:09	1	3	15	0
        110131	2026-07-08 12:37:14	1	3	15	0
        110371	2026-07-08 12:37:20	1	3	15	0
        118046	2026-07-08 12:37:26	1	3	15	0
        118593	2026-07-08 12:37:32	1	3	15	0
        110633	2026-07-08 12:37:37	1	3	15	0
        117838	2026-07-08 12:37:40	1	3	15	0
        117769	2026-07-08 12:37:41	1	3	15	0
        117236	2026-07-08 12:37:43	1	3	15	0
        116741	2026-07-08 12:37:45	1	3	15	0
        116441	2026-07-08 12:37:47	1	3	15	0
        110199	2026-07-08 12:38:00	1	3	15	0
        110456	2026-07-08 12:38:02	1	3	15	0
        117114	2026-07-08 12:38:13	1	3	15	0
        110424	2026-07-08 12:38:17	1	3	15	0
        117709	2026-07-08 12:38:20	1	3	15	0
        117849	2026-07-08 12:38:23	1	3	15	0
        117085	2026-07-08 12:38:24	1	3	15	0
        110057	2026-07-08 12:39:26	1	3	15	0
        117122	2026-07-08 12:39:33	1	3	15	0
        119364	2026-07-08 12:39:39	1	3	15	0
        110077	2026-07-08 12:39:45	1	3	15	0
        118741	2026-07-08 12:40:09	1	3	15	0
        110473	2026-07-08 12:40:12	1	3	15	0
        117993	2026-07-08 12:40:14	1	3	15	0
        117337	2026-07-08 12:40:41	1	3	15	0
        116441	2026-07-08 12:40:58	1	3	15	0
        116741	2026-07-08 12:40:59	1	3	15	0
        117043	2026-07-08 12:41:11	1	3	15	0
        117926	2026-07-08 12:41:15	1	3	15	0
        118427	2026-07-08 12:41:30	1	3	15	0
        110805	2026-07-08 12:41:44	1	3	15	0
        119227	2026-07-08 12:41:50	1	3	15	0
        117085	2026-07-08 12:42:02	1	3	15	0
        110859	2026-07-08 12:42:09	1	3	15	0
        110063	2026-07-08 12:42:20	1	3	15	0
        116831	2026-07-08 12:42:43	1	3	15	0
        117595	2026-07-08 12:43:14	1	3	15	0
        110075	2026-07-08 12:43:37	1	3	15	0
        110197	2026-07-08 12:44:00	1	3	15	0
        117580	2026-07-08 12:44:03	1	3	15	0
        117061	2026-07-08 12:44:05	1	3	15	0
        117981	2026-07-08 12:44:07	1	3	15	0
        110833	2026-07-08 12:44:09	1	3	15	0
        116129	2026-07-08 12:44:14	1	3	15	0
        118928	2026-07-08 12:44:16	1	3	15	0
        110650	2026-07-08 12:44:30	1	0	15	0
        116073	2026-07-08 12:44:55	1	3	15	0
        118741	2026-07-08 12:45:40	1	3	15	0
        117630	2026-07-08 12:46:15	1	3	15	0
        118180	2026-07-08 12:46:17	1	3	15	0
        110805	2026-07-08 12:46:26	1	3	15	0
        117981	2026-07-08 12:46:30	1	3	15	0
        117061	2026-07-08 12:46:31	1	3	15	0
        110833	2026-07-08 12:46:33	1	3	15	0
        117580	2026-07-08 12:46:35	1	3	15	0
        119227	2026-07-08 12:46:39	1	3	15	0
        118046	2026-07-08 12:46:47	1	3	15	0
        117683	2026-07-08 12:47:04	1	3	15	0
        117043	2026-07-08 12:47:08	1	3	15	0
        117236	2026-07-08 12:47:12	1	3	15	0
        118550	2026-07-08 12:47:20	1	3	15	0
        110462	2026-07-08 12:47:31	1	3	15	0
        119263	2026-07-08 12:47:43	1	3	15	0
        118302	2026-07-08 12:47:47	1	3	15	0
        116297	2026-07-08 12:48:04	1	3	15	0
        118928	2026-07-08 12:49:21	1	3	15	0
        116129	2026-07-08 12:49:22	1	3	15	0
        117113	2026-07-08 12:50:06	1	3	15	0
        116279	2026-07-08 12:50:41	1	3	15	0
        117630	2026-07-08 12:51:28	1	3	15	0
        118180	2026-07-08 12:51:30	1	3	15	0
        119493	2026-07-08 12:51:35	1	3	15	0
        110085	2026-07-08 12:51:44	1	3	15	0
        118598	2026-07-08 12:51:47	1	3	15	0
        118753	2026-07-08 12:51:51	1	3	15	0
        116472	2026-07-08 12:52:05	1	3	15	0
        116748	2026-07-08 12:52:07	1	3	15	0
        116805	2026-07-08 12:52:13	1	3	15	0
        119282	2026-07-08 12:52:16	1	3	15	0
        118369	2026-07-08 12:52:18	1	3	15	0
        116356	2026-07-08 12:52:21	1	3	15	0
        117114	2026-07-08 12:52:55	1	3	15	0
        116831	2026-07-08 12:53:06	1	3	15	0
        117683	2026-07-08 12:53:17	1	3	15	0
        110574	2026-07-08 12:53:35	1	3	15	0
        110852	2026-07-08 12:53:38	1	3	15	0
        118753	2026-07-08 12:53:44	1	3	15	0
        119493	2026-07-08 12:53:56	1	3	15	0
        117924	2026-07-08 12:54:03	1	3	15	0
        118427	2026-07-08 12:54:05	1	3	15	0
        110025	2026-07-08 12:54:10	1	3	15	0
        110075	2026-07-08 12:54:18	1	3	15	0
        118369	2026-07-08 12:54:26	1	3	15	0
        116356	2026-07-08 12:54:30	1	3	15	0
        116805	2026-07-08 12:54:36	1	3	15	0
        116297	2026-07-08 12:54:54	1	3	15	0
        110452	2026-07-08 12:56:30	1	3	15	0
        119282	2026-07-08 12:56:45	1	3	15	0
        117924	2026-07-08 12:57:55	1	3	15	0
        119263	2026-07-08 12:58:04	1	3	15	0
        110025	2026-07-08 12:58:39	1	3	15	0
        119449	2026-07-08 12:59:03	1	3	15	0
        117966	2026-07-08 12:59:39	1	3	15	0
        117120	2026-07-08 12:59:42	1	3	15	0
        116310	2026-07-08 13:38:19	1	3	15	0
        116531	2026-07-08 13:51:27	1	3	15	0
        117634	2026-07-08 13:51:32	1	3	15	0
        116477	2026-07-08 15:55:40	1	3	15	0
        117930	2026-07-08 16:02:17	1	1	15	0
        116914	2026-07-08 16:07:42	1	1	15	0
        117043	2026-07-08 16:10:33	1	1	15	0
        118750	2026-07-08 16:11:46	1	1	15	0
        117224	2026-07-08 16:12:24	1	1	15	0
        118101	2026-07-08 16:14:29	1	1	15	0
        116741	2026-07-08 16:15:25	1	1	15	0
        117110	2026-07-08 16:15:42	1	1	15	0
        116073	2026-07-08 16:15:44	1	1	15	0
        117129	2026-07-08 16:16:40	1	1	15	0
        118593	2026-07-08 16:30:35	1	1	15	0
        116748	2026-07-08 16:32:29	1	1	15	0
        110462	2026-07-08 16:35:11	1	1	15	0
        110473	2026-07-08 16:35:28	1	1	15	0
        119449	2026-07-08 16:36:51	1	1	15	0
        110128	2026-07-08 16:37:13	1	1	15	0
        117644	2026-07-08 16:43:52	1	1	15	0
        117711	2026-07-08 16:55:07	1	1	15	0
        118207	2026-07-08 16:55:13	1	1	15	0
        116297	2026-07-08 17:02:13	1	1	15	0
        110452	2026-07-08 17:02:41	1	1	15	0
        110355	2026-07-08 17:02:45	1	1	15	0
        116491	2026-07-08 17:02:49	1	1	15	0
        110832	2026-07-08 17:02:56	1	1	15	0
        110840	2026-07-08 17:03:00	1	1	15	0
        110529	2026-07-08 17:03:24	1	1	15	0
        110808	2026-07-08 17:03:28	1	1	15	0
        110839	2026-07-08 17:03:31	1	1	15	0
        110376	2026-07-08 17:03:48	1	1	15	0
        119070	2026-07-08 17:04:04	1	1	15	0
        110867	2026-07-08 17:04:15	1	1	15	0
        118971	2026-07-08 17:04:34	1	1	15	0
        110852	2026-07-08 17:04:58	1	1	15	0
        110510	2026-07-08 17:05:10	1	1	15	0
        110810	2026-07-08 17:05:39	1	1	15	0
        110074	2026-07-08 17:06:16	1	1	15	0
        117733	2026-07-08 17:06:18	1	1	15	0
        110807	2026-07-08 17:07:06	1	1	15	0
        110842	2026-07-08 17:07:10	1	1	15	0
        110493	2026-07-08 17:07:19	1	1	15	0
        117683	2026-07-08 17:07:56	1	1	15	0
        110805	2026-07-08 17:08:00	1	1	15	0
        116504	2026-07-08 17:08:09	1	1	15	0
        110447	2026-07-08 17:08:17	1	1	15	0
        117972	2026-07-08 17:08:21	1	1	15	0
        110866	2026-07-08 17:08:35	1	1	15	0
        110197	2026-07-08 17:10:02	1	1	15	0
        110450	2026-07-08 17:11:36	1	1	15	0
        116279	2026-07-08 17:13:10	1	1	15	0
        117850	2026-07-08 17:13:32	1	1	15	0
        118302	2026-07-08 17:13:49	1	1	15	0
        110854	2026-07-08 17:15:43	1	1	15	0
        116451	2026-07-08 17:15:59	1	1	15	0
        118550	2026-07-08 17:16:02	1	1	15	0
        119453	2026-07-08 17:16:27	1	1	15	0
        117680	2026-07-08 17:16:32	1	1	15	0
        118928	2026-07-08 17:16:41	1	1	15	0
        116129	2026-07-08 17:16:43	1	1	15	0
        116763	2026-07-08 17:16:52	1	1	15	0
        117042	2026-07-08 17:17:16	1	1	15	0
        119143	2026-07-08 17:17:32	1	1	15	0
        117591	2026-07-08 17:17:36	1	1	15	0
        118157	2026-07-08 17:17:55	1	1	15	0
        116282	2026-07-08 17:17:57	1	1	15	0
        118186	2026-07-08 17:18:05	1	1	15	0
        118180	2026-07-08 17:18:13	1	1	15	0
        110131	2026-07-08 17:18:44	1	1	15	0
        110424	2026-07-08 17:18:58	1	1	15	0
        110625	2026-07-08 17:19:25	1	1	15	0
        117833	2026-07-08 17:19:28	1	1	15	0
        110463	2026-07-08 17:21:41	1	1	15	0
        110354	2026-07-08 17:21:43	1	1	15	0
        110025	2026-07-08 17:22:43	1	1	15	0
        117111	2026-07-08 17:22:45	1	1	15	0
        117630	2026-07-08 17:23:04	1	1	15	0
        118369	2026-07-08 17:24:39	1	1	15	0
        117983	2026-07-08 17:26:10	1	1	15	0
        110859	2026-07-08 17:26:30	1	1	15	0
        117259	2026-07-08 17:27:43	1	1	15	0
        110657	2026-07-08 17:30:19	1	1	15	0
        110077	2026-07-08 17:31:11	1	1	15	0
        117567	2026-07-08 17:31:24	1	1	15	0
        116356	2026-07-08 17:31:48	1	1	15	0
        116805	2026-07-08 17:31:53	1	1	15	0
        117061	2026-07-08 17:31:55	1	1	15	0
        116072	2026-07-08 17:31:59	1	1	15	0
        110105	2026-07-08 17:32:15	1	1	15	0
        110465	2026-07-08 17:32:33	1	1	15	0
        117543	2026-07-08 17:33:16	1	1	15	0
        110549	2026-07-08 17:33:26	1	1	15	0
        117635	2026-07-08 17:33:44	1	1	15	0
        110431	2026-07-08 17:34:31	1	1	15	0
        117616	2026-07-08 17:35:52	1	1	15	0
        110528	2026-07-08 17:37:00	1	1	15	0
        117924	2026-07-08 17:37:01	1	1	15	0
        117981	2026-07-08 17:37:04	1	1	15	0
        110457	2026-07-08 17:37:05	1	1	15	0
        117921	2026-07-08 17:37:16	1	1	15	0
        116472	2026-07-08 17:38:26	1	1	15	0
        110833	2026-07-08 17:39:57	1	1	15	0
        117580	2026-07-08 17:39:59	1	1	15	0
        117114	2026-07-08 17:40:07	1	1	15	0
        110650	2026-07-08 17:40:45	1	1	15	0
        117497	2026-07-08 17:40:49	1	1	15	0
        110495	2026-07-08 17:41:07	1	1	15	0
        117993	2026-07-08 17:41:30	1	1	15	0
        117595	2026-07-08 17:42:02	1	1	15	0
        110064	2026-07-08 17:42:53	1	1	1	0
        119263	2026-07-08 17:43:09	1	1	15	0
        110070	2026-07-08 17:43:25	1	1	15	0
        117144	2026-07-08 17:43:29	1	1	15	0
        119535	2026-07-08 17:43:42	1	1	15	0
        117709	2026-07-08 17:44:37	1	1	15	0
        116142	2026-07-08 17:44:43	1	1	15	0
        117921	2026-07-08 17:44:45	1	1	15	0
        116512	2026-07-08 17:45:40	1	1	15	0
        116751	2026-07-08 17:45:45	1	1	15	0
        116104	2026-07-08 17:48:00	1	1	15	0
        117103	2026-07-08 17:48:06	1	1	15	0
        110064	2026-07-08 17:49:37	1	1	1	0
        117162	2026-07-08 17:52:01	1	1	15	0
        110116	2026-07-08 17:52:21	1	1	15	0
        119227	2026-07-08 17:52:53	1	1	15	0
        110088	2026-07-08 17:53:30	1	1	15	0
        110090	2026-07-08 17:55:57	1	1	15	0
        110632	2026-07-08 17:56:28	1	1	15	0
        116252	2026-07-08 17:56:33	1	1	15	0
        117849	2026-07-08 17:56:35	1	1	15	0
        117120	2026-07-08 17:57:30	1	1	15	0
        116260	2026-07-08 17:58:36	1	1	15	0
        119493	2026-07-08 17:59:41	1	1	15	0
        117122	2026-07-08 18:00:07	1	1	15	0
        110418	2026-07-08 18:00:13	1	1	15	0
        110113	2026-07-08 18:00:39	1	1	15	0
        110084	2026-07-08 18:01:10	1	1	15	0
        117936	2026-07-08 18:01:16	1	1	15	0
        117817	2026-07-08 18:02:52	1	1	15	0
        117769	2026-07-08 18:03:57	1	1	15	0
        117966	2026-07-08 18:04:01	1	1	15	0
        116232	2026-07-08 18:04:08	1	1	15	0
        118744	2026-07-08 18:04:12	1	1	15	0
        118455	2026-07-08 18:04:18	1	1	15	0
        110378	2026-07-08 18:05:04	1	1	15	0
        116497	2026-07-08 18:06:53	1	1	15	0
        116346	2026-07-08 18:07:35	1	1	15	0
        117660	2026-07-08 18:07:41	1	1	15	0
        117926	2026-07-08 18:07:45	1	1	15	0
        110093	2026-07-08 18:08:07	1	1	15	0
        117837	2026-07-08 18:09:12	1	1	15	0
        116799	2026-07-08 18:09:48	1	1	15	0
        110011	2026-07-08 18:10:13	1	1	15	0
        119232	2026-07-08 18:11:34	1	1	15	0
        110144	2026-07-08 18:11:50	1	1	15	0
        116274	2026-07-08 18:13:57	1	1	15	0
        117529	2026-07-08 18:14:09	1	1	15	0
        117201	2026-07-08 18:14:48	1	1	15	0
        110574	2026-07-08 18:16:15	1	1	15	0
        110492	2026-07-08 18:16:37	1	1	15	0
        118271	2026-07-08 18:17:49	1	1	15	0
        117645	2026-07-08 18:18:26	1	1	15	0
        117529	2026-07-08 18:18:28	1	1	15	0
        116747	2026-07-08 18:18:56	1	1	15	0
        117770	2026-07-08 18:19:08	1	1	15	0
        116053	2026-07-08 18:19:49	1	1	15	0
        110834	2026-07-08 18:20:13	1	1	15	0
        110633	2026-07-08 18:21:09	1	1	15	0
        118997	2026-07-08 18:21:16	1	1	15	0
        110466	2026-07-08 18:21:27	1	1	15	0
        116483	2026-07-08 18:21:32	1	1	15	0
        110195	2026-07-08 18:21:48	1	1	15	0
        117483	2026-07-08 18:22:52	1	1	15	0
        110580	2026-07-08 18:24:09	1	1	15	0
        119364	2026-07-08 18:25:42	1	1	15	0
        110513	2026-07-08 18:25:44	1	1	15	0
        110057	2026-07-08 18:25:49	1	1	15	0
        118598	2026-07-08 18:26:37	1	1	15	0
        110063	2026-07-08 18:27:12	1	1	15	0
        110172	2026-07-08 18:27:18	1	1	15	0
        110645	2026-07-08 18:29:08	1	1	15	0
        110828	2026-07-08 18:29:10	1	1	15	0
        110507	2026-07-08 18:31:02	1	1	15	0
        118640	2026-07-08 18:31:24	1	1	15	0
        110527	2026-07-08 18:32:14	1	1	15	0
        117541	2026-07-08 18:33:12	1	1	15	0
        119583	2026-07-08 18:33:30	1	1	15	0
        118046	2026-07-08 18:34:04	1	1	15	0
        117656	2026-07-08 18:35:13	1	1	1	0
        118992	2026-07-08 18:36:17	1	1	15	0
        110085	2026-07-08 18:36:28	1	1	15	0
        117337	2026-07-08 18:36:33	1	1	15	0
        118695	2026-07-08 18:36:49	1	1	15	0
        117814	2026-07-08 18:36:57	1	1	15	0
        116496	2026-07-08 18:37:03	1	1	15	0
        117840	2026-07-08 18:37:17	1	1	15	0
        117092	2026-07-08 18:37:20	1	1	15	0
        117659	2026-07-08 18:37:23	1	1	15	0
        110199	2026-07-08 18:37:28	1	1	15	0
        110060	2026-07-08 18:37:58	1	1	15	0
        110075	2026-07-08 18:38:07	1	1	15	0
        117811	2026-07-08 18:38:13	1	1	15	0
        117699	2026-07-08 18:38:30	1	1	15	0
        117982	2026-07-08 18:38:36	1	1	15	0
        117236	2026-07-08 18:38:57	1	1	15	0
        110863	2026-07-08 18:39:23	1	1	15	0
        116995	2026-07-08 18:41:34	1	1	15	0
        116831	2026-07-08 18:43:23	1	1	15	0
        116824	2026-07-08 18:46:20	1	1	15	0
        116834	2026-07-08 18:47:42	1	1	15	0
        117815	2026-07-08 18:47:53	1	1	15	0
        116441	2026-07-08 18:48:25	1	1	15	0
        110371	2026-07-08 18:49:51	1	1	15	0
        118493	2026-07-08 18:50:08	1	1	15	0
        117698	2026-07-08 18:50:12	1	1	15	0
        117900	2026-07-08 18:51:18	1	1	15	0
        117113	2026-07-08 18:52:14	1	1	15	0
        117487	2026-07-08 18:53:44	1	1	15	0
        118702	2026-07-08 18:53:47	1	1	15	0
        118427	2026-07-08 18:56:21	1	1	15	0
        110456	2026-07-08 18:57:32	1	1	15	0
        117684	2026-07-08 18:57:39	1	1	15	0
        110360	2026-07-08 18:58:13	1	1	15	0
        116383	2026-07-08 18:59:27	1	1	15	0
        119571	2026-07-08 19:00:16	1	1	15	0
        118458	2026-07-08 19:00:33	1	1	15	0
        117725	2026-07-08 19:01:00	1	1	15	0
        110370	2026-07-08 19:01:08	1	1	15	0
        116531	2026-07-08 19:01:30	1	1	15	0
        110535	2026-07-08 19:01:33	1	1	15	0
        116310	2026-07-08 19:01:47	1	1	15	0
        119282	2026-07-08 19:02:04	1	1	15	0
        117915	2026-07-08 19:02:09	1	1	15	0
        117634	2026-07-08 19:02:15	1	1	15	0
        116990	2026-07-08 19:03:12	1	1	15	0
        117812	2026-07-08 19:03:13	1	1	15	0
        117838	2026-07-08 19:03:46	1	1	15	0
        116453	2026-07-08 19:03:51	1	1	15	0
        117542	2026-07-08 19:04:18	1	1	15	0
        117707	2026-07-08 19:04:22	1	1	15	0
        116070	2026-07-08 19:05:00	1	1	1	0
        117807	2026-07-08 19:05:07	1	1	15	0
        117742	2026-07-08 19:05:23	1	1	1	0
        116828	2026-07-08 19:05:29	1	1	1	0
        117841	2026-07-08 19:05:37	1	1	15	0
        117839	2026-07-08 19:08:19	1	1	15	0
        116778	2026-07-08 19:09:46	1	1	15	0
        119594	2026-07-08 19:11:40	1	1	15	0
        117088	2026-07-08 19:12:56	1	1	15	0
        117088	2026-07-08 19:17:22	1	1	15	0
        116849	2026-07-08 19:28:54	1	1	15	0
        116787	2026-07-08 19:28:55	1	1	15	0
        110055	2026-07-08 19:56:56	1	1	15	0
        118753	2026-07-08 19:57:03	1	1	15	0
        117085	2026-07-08 20:20:40	1	1	15	0
        117147	2026-07-08 20:20:45	1	1	15	0
        117201	2026-07-09 04:41:43	1	0	15	0
        116274	2026-07-09 06:24:01	1	0	15	0
        116479	2026-07-09 06:26:01	1	0	15	0
        118992	2026-07-09 06:28:40	1	0	15	0
        119571	2026-07-09 06:33:24	1	0	15	0
        110093	2026-07-09 06:34:24	1	0	15	0
        110809	2026-07-09 06:40:26	1	0	15	0
        116232	2026-07-09 06:40:48	1	0	15	0
        119070	2026-07-09 06:41:24	1	0	15	0
        110050	2026-07-09 06:41:53	1	0	15	0
        116831	2026-07-09 06:46:30	1	0	15	0
        110113	2026-07-09 06:46:54	1	0	15	0
        110580	2026-07-09 06:47:19	1	0	15	0
        117930	2026-07-09 06:48:26	1	0	15	0
        118744	2026-07-09 06:48:34	1	0	15	0
        116914	2026-07-09 06:49:50	1	0	15	0
        117769	2026-07-09 06:49:54	1	0	15	0
        118640	2026-07-09 06:52:37	1	0	15	0
        118782	2026-07-09 06:54:04	1	0	15	0
        117699	2026-07-09 06:54:20	1	0	15	0
        116834	2026-07-09 06:56:14	1	0	15	0
        110074	2026-07-09 06:56:16	1	0	15	0
        118101	2026-07-09 06:56:50	1	0	15	0
        118458	2026-07-09 06:59:47	1	0	15	0
        118271	2026-07-09 06:59:59	1	0	15	0
        118568	2026-07-09 07:01:14	1	0	15	0
        117936	2026-07-09 07:02:03	1	0	15	0
        118750	2026-07-09 07:03:46	1	0	15	0
        117711	2026-07-09 07:03:52	1	0	15	0
        117770	2026-07-09 07:04:41	1	0	15	0
        110462	2026-07-09 07:04:53	1	0	15	0
        117966	2026-07-09 07:04:57	1	0	15	0
        110527	2026-07-09 07:05:34	1	0	15	0
        116496	2026-07-09 07:06:22	1	0	15	0
        116990	2026-07-09 07:06:35	1	0	15	0
        110466	2026-07-09 07:06:59	1	0	15	0
        110085	2026-07-09 07:08:52	1	0	15	0
        117224	2026-07-09 07:08:56	1	0	15	0
        110529	2026-07-09 07:09:16	1	0	15	0
        110834	2026-07-09 07:09:21	1	0	15	0
        118598	2026-07-09 07:09:27	1	0	15	0
        117812	2026-07-09 07:09:58	1	0	15	0
        116799	2026-07-09 07:10:33	1	0	15	0
        110574	2026-07-09 07:10:42	1	0	15	0
        117838	2026-07-09 07:11:19	1	0	1	0
        117043	2026-07-09 07:11:24	1	0	15	0
        110633	2026-07-09 07:12:27	1	0	15	0
        110863	2026-07-09 07:13:10	1	0	15	0
        117837	2026-07-09 07:13:15	1	0	15	0
        110507	2026-07-09 07:13:19	1	0	15	0
        110060	2026-07-09 07:13:39	1	0	15	0
        119449	2026-07-09 07:15:42	1	0	15	0
        117645	2026-07-09 07:17:32	1	0	15	0
        110625	2026-07-09 07:17:46	1	0	15	0
        117983	2026-07-09 07:18:21	1	0	15	0
        118997	2026-07-09 07:18:48	1	0	15	0
        119453	2026-07-09 07:19:36	1	0	15	0
        110828	2026-07-09 07:19:45	1	0	15	0
        110645	2026-07-09 07:19:47	1	0	15	0
        110456	2026-07-09 07:20:26	1	0	15	0
        116741	2026-07-09 07:21:42	1	0	15	0
        117129	2026-07-09 07:21:44	1	0	15	0
        117110	2026-07-09 07:21:50	1	0	15	0
        117039	2026-07-09 07:22:34	1	0	15	0
        110832	2026-07-09 07:23:43	1	0	15	0
        110144	2026-07-09 07:24:28	1	0	15	0
        110424	2026-07-09 07:24:51	1	0	15	0
        110549	2026-07-09 07:24:56	1	0	15	0
        110199	2026-07-09 07:25:03	1	0	15	0
        118593	2026-07-09 07:25:38	1	0	15	0
        117656	2026-07-09 07:25:52	1	0	1	0
        117839	2026-07-09 07:25:58	1	0	15	0
        117088	2026-07-09 07:26:58	1	0	15	0
        117092	2026-07-09 07:27:46	1	0	15	0
        110785	2026-07-09 07:27:56	1	0	15	0
        110473	2026-07-09 07:28:13	1	0	15	0
        110528	2026-07-09 07:28:16	1	0	15	0
        110084	2026-07-09 07:29:27	1	0	15	0
        110867	2026-07-09 07:30:46	1	0	15	0
        110128	2026-07-09 07:31:03	1	0	15	0
        110840	2026-07-09 07:31:07	1	0	15	0
        116504	2026-07-09 07:31:54	1	0	15	0
        117815	2026-07-09 07:32:08	1	0	15	0
        110373	2026-07-09 07:33:58	1	0	15	0
        110371	2026-07-09 07:34:20	1	0	15	0
        110842	2026-07-09 07:34:51	1	0	15	0
        117483	2026-07-09 07:35:03	1	0	15	0
        110196	2026-07-09 07:35:05	1	0	15	0
        117133	2026-07-09 07:38:14	1	0	15	0
        117840	2026-07-09 07:38:17	1	0	15	0
        110084	2026-07-09 07:38:36	1	0	15	0
        110465	2026-07-09 07:38:49	1	0	15	0
        110852	2026-07-09 07:38:58	1	0	15	0
        117900	2026-07-09 07:39:58	1	0	15	0
        117723	2026-07-09 07:40:09	1	0	15	0
        117091	2026-07-09 07:40:13	1	0	15	0
        110859	2026-07-09 07:40:25	1	0	15	0
        118207	2026-07-09 07:40:39	1	0	15	0
        117921	2026-07-09 07:41:14	1	0	15	0
        110854	2026-07-09 07:41:17	1	0	15	0
        116824	2026-07-09 07:41:55	1	0	15	0
        117120	2026-07-09 07:44:11	1	0	15	0
        117580	2026-07-09 07:44:40	1	0	15	0
        118493	2026-07-09 07:44:45	1	0	15	0
        116491	2026-07-09 07:44:47	1	0	15	0
        118455	2026-07-09 07:45:34	1	0	15	0
        110450	2026-07-09 07:45:41	1	0	15	0
        110567	2026-07-09 07:45:44	1	0	15	0
        116142	2026-07-09 07:46:05	1	0	15	0
        119143	2026-07-09 07:46:11	1	0	15	0
        118695	2026-07-09 07:47:20	1	0	15	0
        119143	2026-07-09 07:47:24	1	0	15	0
        110866	2026-07-09 07:47:29	1	0	15	0
        116828	2026-07-09 07:47:35	1	0	1	0
        118157	2026-07-09 07:47:44	1	0	15	0
        110370	2026-07-09 07:47:50	1	0	15	0
        110807	2026-07-09 07:49:30	1	0	15	0
        110131	2026-07-09 07:49:44	1	0	15	0
        117259	2026-07-09 07:49:54	1	0	15	0
        110006	2026-07-09 07:50:12	1	0	15	0
        110732	2026-07-09 07:50:22	1	0	15	0
        110355	2026-07-09 07:51:13	1	0	15	0
        117982	2026-07-09 07:51:26	1	0	15	0
        117147	2026-07-09 07:51:44	1	0	15	0
        117542	2026-07-09 07:51:53	1	0	15	0
        118180	2026-07-09 07:52:10	1	0	15	0
        110463	2026-07-09 07:52:21	1	0	15	0
        110492	2026-07-09 07:52:57	1	0	15	0
        110493	2026-07-09 07:53:16	1	0	15	0
        116778	2026-07-09 07:53:52	1	0	15	0
        116297	2026-07-09 07:53:55	1	0	15	0
        116995	2026-07-09 07:55:12	1	0	15	0
        117828	2026-07-09 07:55:39	1	0	15	0
        110393	2026-07-09 07:55:53	1	0	15	0
        117841	2026-07-09 07:55:57	1	0	15	0
        116383	2026-07-09 07:56:04	1	0	15	0
        110535	2026-07-09 07:56:07	1	0	15	0
        116849	2026-07-09 07:56:10	1	0	15	0
        117833	2026-07-09 07:56:56	1	0	15	0
        117684	2026-07-09 07:57:07	1	0	15	0
        110376	2026-07-09 07:57:24	1	0	15	0
        117591	2026-07-09 07:57:30	1	0	15	0
        117972	2026-07-09 07:57:34	1	0	15	0
        116072	2026-07-09 07:57:57	1	0	15	0
        118862	2026-07-09 07:58:18	1	0	15	0
        118928	2026-07-09 07:58:51	1	0	15	0
        110810	2026-07-09 07:59:03	1	0	15	0
        116483	2026-07-09 07:59:07	1	0	15	0
        118369	2026-07-09 07:59:38	1	0	15	0
        116252	2026-07-09 07:59:58	1	0	15	0
        110055	2026-07-09 08:00:56	1	0	15	0
        118046	2026-07-09 08:01:21	1	0	15	0
        117061	2026-07-09 08:02:15	1	0	15	0
        117981	2026-07-09 08:02:16	1	0	15	0
        117111	2026-07-09 08:02:46	1	0	15	0
        119364	2026-07-09 08:03:38	1	0	15	0
        110510	2026-07-09 08:03:51	1	0	15	0
        117487	2026-07-09 08:04:07	1	0	15	0
        117790	2026-07-09 08:04:55	1	0	15	0
        117999	2026-07-09 08:05:43	1	0	15	0
        117707	2026-07-09 08:06:04	1	0	15	0
        117644	2026-07-09 08:06:09	1	0	15	0
        110495	2026-07-09 08:06:11	1	0	15	0
        110011	2026-07-09 08:06:15	1	0	15	0
        117683	2026-07-09 08:06:19	1	0	15	0
        118302	2026-07-09 08:06:22	1	0	15	0
        110431	2026-07-09 08:06:33	1	0	15	0
        110197	2026-07-09 08:06:37	1	0	15	0
        117733	2026-07-09 08:06:43	1	0	15	0
        117742	2026-07-09 08:06:53	1	0	1	0
        110025	2026-07-09 08:07:01	1	0	15	0
        110457	2026-07-09 08:08:40	1	0	15	0
        117541	2026-07-09 08:08:42	1	0	15	0
        117113	2026-07-09 08:08:44	1	0	15	0
        117114	2026-07-09 08:08:49	1	0	15	0
        110105	2026-07-09 08:11:30	1	0	15	0
        116428	2026-07-09 08:12:38	1	0	15	0
        116477	2026-07-09 08:13:19	1	0	15	0
        116070	2026-07-09 08:13:29	1	0	1	0
        110833	2026-07-09 08:13:39	1	0	15	0
        118186	2026-07-09 08:13:47	1	0	15	0
        116763	2026-07-09 08:13:49	1	0	15	0
        117543	2026-07-09 08:14:13	1	0	15	0
        117635	2026-07-09 08:14:33	1	0	15	0
        110808	2026-07-09 08:14:38	1	0	15	0
        117528	2026-07-09 08:14:52	1	0	15	0
        110452	2026-07-09 08:16:42	1	0	15	0
        116472	2026-07-09 08:17:00	1	0	15	0
        117595	2026-07-09 08:17:44	1	0	15	0
        117926	2026-07-09 08:17:48	1	0	15	0
        117680	2026-07-09 08:18:05	1	0	15	0
        116346	2026-07-09 08:18:23	1	0	15	0
        110354	2026-07-09 08:18:50	1	0	15	0
        117042	2026-07-09 08:19:31	1	0	15	0
        116451	2026-07-09 08:19:36	1	0	15	0
        117660	2026-07-09 08:20:13	1	0	15	0
        117222	2026-07-09 08:20:49	1	0	15	0
        117698	2026-07-09 08:22:35	1	0	15	0
        117725	2026-07-09 08:22:38	1	0	15	0
        116356	2026-07-09 08:23:14	1	0	15	0
        118702	2026-07-09 08:23:43	1	0	15	0
        110090	2026-07-09 08:23:46	1	0	15	0
        117850	2026-07-09 08:23:51	1	0	15	0
        117630	2026-07-09 08:23:55	1	0	15	0
        117144	2026-07-09 08:24:15	1	0	15	0
        110839	2026-07-09 08:24:34	1	0	15	0
        110063	2026-07-09 08:24:42	1	0	15	0
        117924	2026-07-09 08:24:53	1	0	15	0
        116129	2026-07-09 08:25:03	1	0	15	0
        116279	2026-07-09 08:25:44	1	0	15	0
        119594	2026-07-09 08:26:16	1	0	15	0
        119263	2026-07-09 08:26:42	1	0	15	0
        118813	2026-07-09 08:27:49	1	0	15	0
        116453	2026-07-09 08:28:39	1	0	15	0
        116497	2026-07-09 08:29:00	1	0	15	0
        116512	2026-07-09 08:30:04	1	0	15	0
        116751	2026-07-09 08:30:05	1	0	15	0
        117567	2026-07-09 08:30:21	1	0	15	0
        118741	2026-07-09 08:30:29	1	0	15	0
        116441	2026-07-09 08:30:33	1	0	15	0
        117575	2026-07-09 08:31:12	1	0	15	0
        117616	2026-07-09 08:34:07	1	0	15	0
        118971	2026-07-09 08:35:01	1	0	15	0
        119493	2026-07-09 08:35:38	1	0	15	0
        116933	2026-07-09 08:35:45	1	0	15	0
        117046	2026-07-09 08:36:10	1	0	15	0
        118563	2026-07-09 08:36:47	1	0	15	0
        117709	2026-07-09 08:36:50	1	0	15	0
        116805	2026-07-09 08:36:56	1	0	15	0
        110077	2026-07-09 08:37:38	1	0	15	0
        110064	2026-07-09 08:38:28	1	0	1	0
        117236	2026-07-09 08:39:36	1	0	15	0
        117692	2026-07-09 08:39:39	1	0	15	0
        110070	2026-07-09 08:39:58	1	0	15	0
        116751	2026-07-09 08:40:11	1	0	15	0
        110158	2026-07-09 08:41:25	1	0	15	0
        116282	2026-07-09 08:41:51	1	0	15	0
        117993	2026-07-09 08:43:05	1	0	15	0
        116095	2026-07-09 08:44:21	1	0	15	0
        110116	2026-07-09 08:45:03	1	0	15	0
        117497	2026-07-09 08:46:03	1	0	15	0
        117337	2026-07-09 08:46:25	1	0	15	0
        110088	2026-07-09 08:46:27	1	0	15	0
        116902	2026-07-09 08:47:40	1	0	15	0
        116747	2026-07-09 08:47:54	1	0	15	0
        117121	2026-07-09 08:48:14	1	0	15	0
        118761	2026-07-09 08:48:57	1	0	15	0
        110075	2026-07-09 08:49:23	1	0	15	0
        116260	2026-07-09 08:49:28	1	0	15	0
        110447	2026-07-09 08:49:30	1	0	15	0
        117103	2026-07-09 08:49:32	1	0	15	0
        117811	2026-07-09 08:50:12	1	0	15	0
        118550	2026-07-09 08:51:57	1	0	15	0
        117849	2026-07-09 08:52:02	1	0	15	0
        119535	2026-07-09 08:52:06	1	0	15	0
        117529	2026-07-09 08:52:20	1	0	15	0
        117156	2026-07-09 08:53:15	1	0	15	0
        117814	2026-07-09 08:54:14	1	0	15	0
        117196	2026-07-09 08:55:05	1	0	15	0
        110436	2026-07-09 08:55:45	1	0	15	0
        117085	2026-07-09 08:55:52	1	0	15	0
        116053	2026-07-09 08:56:30	1	0	15	0
        117817	2026-07-09 08:58:08	1	0	15	0
        110172	2026-07-09 08:58:30	1	0	15	0
        116166	2026-07-09 08:59:43	1	0	15	0
        110632	2026-07-09 08:59:52	1	0	15	0
        110418	2026-07-09 09:01:12	1	0	15	0
        117915	2026-07-09 09:02:07	1	0	15	0
        117634	2026-07-09 09:02:09	1	0	15	0
        110200	2026-07-09 09:02:36	1	0	15	0
        117122	2026-07-09 09:02:53	1	0	15	0
        116073	2026-07-09 09:03:36	1	0	15	0
        110513	2026-07-09 09:04:17	1	0	15	0
        119227	2026-07-09 09:09:33	1	0	15	0
        117100	2026-07-09 09:13:13	1	0	15	0
        117807	2026-07-09 09:16:27	1	0	15	0
        119232	2026-07-09 09:21:03	1	0	15	0
        118427	2026-07-09 09:22:55	1	0	15	0
        119583	2026-07-09 10:08:06	1	0	15	0
        117930	2026-07-09 12:00:03	1	2	15	0
        110633	2026-07-09 12:00:09	1	2	15	0
        110493	2026-07-09 12:00:12	1	2	15	0
        110529	2026-07-09 12:00:14	1	2	15	0
        116070	2026-07-09 12:00:15	1	2	15	0
        110495	2026-07-09 12:00:17	1	2	15	0
        110808	2026-07-09 12:00:20	1	2	15	0
        110866	2026-07-09 12:00:22	1	2	15	0
        110839	2026-07-09 12:00:24	1	2	15	0
        118971	2026-07-09 12:00:26	1	2	15	0
        110842	2026-07-09 12:00:27	1	2	15	0
        110807	2026-07-09 12:00:29	1	2	15	0
        110463	2026-07-09 12:00:31	1	2	15	0
        117769	2026-07-09 12:00:33	1	2	15	0
        110452	2026-07-09 12:00:34	1	2	15	0
        110549	2026-07-09 12:00:36	1	2	15	0
        110867	2026-07-09 12:00:37	1	2	15	0
        116428	2026-07-09 12:00:39	1	2	15	0
        117983	2026-07-09 12:00:40	1	2	15	0
        117966	2026-07-09 12:00:42	1	2	15	0
        117838	2026-07-09 12:00:44	1	2	15	0
        118761	2026-07-09 12:00:46	1	2	15	0
        117201	2026-07-09 12:00:48	1	2	15	0
        110834	2026-07-09 12:00:50	1	2	15	0
        110465	2026-07-09 12:00:52	1	2	15	0
        116274	2026-07-09 12:00:53	1	2	15	0
        110172	2026-07-09 12:00:55	1	2	15	0
        110436	2026-07-09 12:00:57	1	2	15	0
        119449	2026-07-09 12:00:58	1	2	15	0
        117088	2026-07-09 12:01:00	1	2	15	0
        110074	2026-07-09 12:01:04	1	2	15	0
        119364	2026-07-09 12:01:07	1	2	15	0
        110528	2026-07-09 12:01:10	1	2	15	0
        117630	2026-07-09 12:01:15	1	2	15	0
        110507	2026-07-09 12:01:19	1	2	15	0
        110055	2026-07-09 12:01:22	1	2	15	0
        116902	2026-07-09 12:01:27	1	2	15	0
        116914	2026-07-09 12:01:30	1	2	15	0
        118101	2026-07-09 12:01:32	1	2	15	0
        117828	2026-07-09 12:01:34	1	2	15	0
        117100	2026-07-09 12:01:35	1	2	15	0
        117224	2026-07-09 12:01:37	1	2	15	0
        117709	2026-07-09 12:01:39	1	2	15	0
        117849	2026-07-09 12:01:41	1	2	15	0
        110574	2026-07-09 12:01:42	1	2	15	0
        110113	2026-07-09 12:01:45	1	2	15	0
        117707	2026-07-09 12:01:47	1	2	15	0
        117850	2026-07-09 12:01:49	1	2	15	0
        119493	2026-07-09 12:01:51	1	2	15	0
        110084	2026-07-09 12:01:53	1	2	15	0
        116990	2026-07-09 12:01:55	1	2	15	0
        117742	2026-07-09 12:01:57	1	2	15	0
        116995	2026-07-09 12:01:59	1	2	15	0
        117103	2026-07-09 12:02:00	1	2	15	0
        116491	2026-07-09 12:02:02	1	2	15	0
        110832	2026-07-09 12:02:04	1	2	15	0
        119535	2026-07-09 12:02:06	1	2	15	0
        116279	2026-07-09 12:02:08	1	2	15	0
        117120	2026-07-09 12:02:11	1	2	15	0
        118744	2026-07-09 12:02:22	1	2	15	0
        117542	2026-07-09 12:02:37	1	2	15	0
        117129	2026-07-09 12:02:46	1	2	15	0
        110625	2026-07-09 12:02:48	1	2	15	0
        118207	2026-07-09 12:02:56	1	2	15	0
        117817	2026-07-09 12:02:57	1	2	15	0
        110450	2026-07-09 12:03:05	1	2	15	0
        110424	2026-07-09 12:03:08	1	2	15	0
        118750	2026-07-09 12:03:12	1	2	15	0
        117110	2026-07-09 12:03:14	1	2	15	0
        110473	2026-07-09 12:03:16	1	2	15	0
        117993	2026-07-09 12:03:17	1	2	15	0
        117656	2026-07-09 12:03:21	1	2	1	0
        117930	2026-07-09 12:03:27	1	2	15	0
        117039	2026-07-09 12:03:30	1	2	15	0
        116831	2026-07-09 12:03:32	1	2	15	0
        116828	2026-07-09 12:03:36	1	2	1	0
        117483	2026-07-09 12:03:41	1	2	15	0
        110355	2026-07-09 12:03:42	1	2	15	0
        117122	2026-07-09 12:04:03	1	2	15	0
        110093	2026-07-09 12:04:08	1	2	15	0
        118302	2026-07-09 12:04:11	1	2	15	0
        110447	2026-07-09 12:04:22	1	2	15	0
        117709	2026-07-09 12:04:36	1	2	15	0
        117849	2026-07-09 12:04:41	1	2	15	0
        118101	2026-07-09 12:04:43	1	2	15	0
        118563	2026-07-09 12:04:45	1	2	15	0
        117100	2026-07-09 12:04:47	1	2	15	0
        117828	2026-07-09 12:04:50	1	2	15	0
        110356	2026-07-09 12:04:52	1	2	15	0
        118702	2026-07-09 12:04:54	1	2	15	0
        117487	2026-07-09 12:04:56	1	2	15	0
        117850	2026-07-09 12:04:57	1	2	15	0
        110840	2026-07-09 12:05:00	1	2	15	0
        117707	2026-07-09 12:05:01	1	2	15	0
        117529	2026-07-09 12:05:08	1	2	15	0
        116142	2026-07-09 12:05:11	1	2	15	0
        117966	2026-07-09 12:05:13	1	2	15	0
        117769	2026-07-09 12:05:15	1	2	15	0
        117838	2026-07-09 12:05:16	1	2	15	0
        110633	2026-07-09 12:05:18	1	2	15	0
        110632	2026-07-09 12:05:19	1	2	15	0
        117103	2026-07-09 12:05:21	1	2	15	0
        116491	2026-07-09 12:05:23	1	2	15	0
        119493	2026-07-09 12:05:25	1	2	15	0
        110084	2026-07-09 12:05:29	1	2	15	0
        110529	2026-07-09 12:05:30	1	2	15	0
        110495	2026-07-09 12:05:33	1	2	15	0
        110493	2026-07-09 12:05:35	1	2	15	0
        110839	2026-07-09 12:05:37	1	2	15	0
        110859	2026-07-09 12:05:40	1	2	15	0
        117543	2026-07-09 12:05:42	1	2	15	0
        110808	2026-07-09 12:05:44	1	2	15	0
        110866	2026-07-09 12:05:46	1	2	15	0
        110549	2026-07-09 12:05:49	1	2	15	0
        116279	2026-07-09 12:05:51	1	2	15	0
        118971	2026-07-09 12:05:52	1	2	15	0
        117790	2026-07-09 12:05:54	1	2	15	0
        117201	2026-07-09 12:05:56	1	2	15	0
        110625	2026-07-09 12:05:59	1	2	15	0
        110064	2026-07-09 12:06:06	1	2	1	0
        110867	2026-07-09 12:06:15	1	2	15	0
        117833	2026-07-09 12:06:17	1	2	15	0
        110424	2026-07-09 12:06:19	1	2	15	0
        110810	2026-07-09 12:06:21	1	2	15	0
        116274	2026-07-09 12:06:23	1	2	15	0
        110436	2026-07-09 12:06:25	1	2	15	0
        110450	2026-07-09 12:06:26	1	2	15	0
        117497	2026-07-09 12:06:28	1	2	15	0
        110832	2026-07-09 12:06:30	1	2	15	0
        110465	2026-07-09 12:06:32	1	2	15	0
        117680	2026-07-09 12:06:34	1	2	15	0
        116428	2026-07-09 12:06:37	1	2	15	0
        118761	2026-07-09 12:06:39	1	2	15	0
        118207	2026-07-09 12:06:41	1	2	15	0
        117817	2026-07-09 12:06:44	1	2	15	0
        110863	2026-07-09 12:06:45	1	2	15	0
        117900	2026-07-09 12:06:52	1	2	15	0
        110370	2026-07-09 12:06:53	1	2	15	0
        117088	2026-07-09 12:06:56	1	2	15	0
        110463	2026-07-09 12:07:00	1	2	15	0
        116070	2026-07-09 12:07:03	1	2	15	0
        116990	2026-07-09 12:07:05	1	2	15	0
        117742	2026-07-09 12:07:07	1	2	15	0
        110807	2026-07-09 12:07:10	1	2	15	0
        116828	2026-07-09 12:07:12	1	2	1	0
        116995	2026-07-09 12:07:13	1	2	15	0
        110842	2026-07-09 12:07:15	1	2	15	0
        117567	2026-07-09 12:07:17	1	2	15	0
        110090	2026-07-09 12:07:19	1	2	15	0
        110172	2026-07-09 12:07:23	1	2	15	0
        116346	2026-07-09 12:07:24	1	2	15	0
        119453	2026-07-09 12:07:38	1	2	15	0
        117542	2026-07-09 12:07:40	1	2	15	0
        110088	2026-07-09 12:07:44	1	2	15	0
        117144	2026-07-09 12:07:46	1	2	15	0
        117616	2026-07-09 12:07:50	1	2	15	0
        117129	2026-07-09 12:07:58	1	2	15	0
        117039	2026-07-09 12:08:01	1	2	15	0
        119535	2026-07-09 12:08:04	1	2	15	0
        110006	2026-07-09 12:08:17	1	2	15	0
        118458	2026-07-09 12:08:18	1	2	15	0
        110462	2026-07-09 12:08:29	1	2	15	0
        110355	2026-07-09 12:08:31	1	2	15	0
        118744	2026-07-09 12:08:33	1	2	15	0
        117656	2026-07-09 12:08:37	1	2	1	0
        110840	2026-07-09 12:08:44	1	2	15	0
        110354	2026-07-09 12:08:46	1	2	15	0
        117092	2026-07-09 12:08:52	1	2	15	0
        118550	2026-07-09 12:08:56	1	2	15	0
        116232	2026-07-09 12:09:00	1	2	15	0
        118598	2026-07-09 12:09:02	1	2	15	0
        118741	2026-07-09 12:09:03	1	2	15	0
        110466	2026-07-09 12:09:11	1	2	15	0
        118862	2026-07-09 12:09:13	1	2	15	0
        116453	2026-07-09 12:09:16	1	2	15	0
        110105	2026-07-09 12:09:23	1	2	15	0
        117812	2026-07-09 12:09:28	1	2	15	0
        117487	2026-07-09 12:09:29	1	2	15	0
        117837	2026-07-09 12:09:33	1	2	15	0
        118702	2026-07-09 12:09:36	1	2	15	0
        110116	2026-07-09 12:09:38	1	2	15	0
        116778	2026-07-09 12:09:40	1	2	15	0
        116849	2026-07-09 12:09:57	1	2	15	0
        116902	2026-07-09 12:10:17	1	2	15	0
        116914	2026-07-09 12:10:20	1	2	15	0
        116252	2026-07-09 12:10:22	1	2	15	0
        116260	2026-07-09 12:10:24	1	2	15	0
        110785	2026-07-09 12:10:28	1	2	15	0
        110528	2026-07-09 12:10:30	1	2	15	0
        119232	2026-07-09 12:10:32	1	2	15	0
        117088	2026-07-09 12:10:42	1	2	15	0
        116763	2026-07-09 12:10:44	1	2	15	0
        110354	2026-07-09 12:10:46	1	2	15	0
        116504	2026-07-09 12:10:48	1	2	15	0
        110006	2026-07-09 12:10:49	1	2	15	0
        116346	2026-07-09 12:10:53	1	2	15	0
        110090	2026-07-09 12:10:55	1	2	15	0
        117833	2026-07-09 12:10:57	1	2	15	0
        117595	2026-07-09 12:10:59	1	2	15	0
        110834	2026-07-09 12:11:01	1	2	15	0
        117770	2026-07-09 12:11:03	1	2	15	0
        110064	2026-07-09 12:11:09	1	2	1	0
        117698	2026-07-09 12:11:11	1	2	15	0
        117725	2026-07-09 12:11:13	1	2	15	0
        110144	2026-07-09 12:11:15	1	2	15	0
        110852	2026-07-09 12:11:20	1	2	15	0
        110060	2026-07-09 12:11:24	1	2	15	0
        116799	2026-07-09 12:11:29	1	2	15	0
        117162	2026-07-09 12:11:34	1	2	15	0
        117113	2026-07-09 12:11:41	1	2	15	0
        110085	2026-07-09 12:11:46	1	2	15	0
        110510	2026-07-09 12:11:49	1	2	15	0
        110854	2026-07-09 12:11:52	1	2	15	0
        118186	2026-07-09 12:11:54	1	2	15	0
        110074	2026-07-09 12:12:10	1	2	15	0
        118992	2026-07-09 12:12:14	1	2	15	0
        110431	2026-07-09 12:12:23	1	2	15	0
        110447	2026-07-09 12:12:32	1	2	15	0
        116383	2026-07-09 12:12:34	1	2	15	0
        116747	2026-07-09 12:12:43	1	2	15	0
        110418	2026-07-09 12:12:45	1	2	15	0
        110809	2026-07-09 12:12:59	1	2	15	0
        117683	2026-07-09 12:13:08	1	2	15	0
        116282	2026-07-09 12:13:10	1	2	15	0
        118157	2026-07-09 12:13:13	1	2	15	0
        110507	2026-07-09 12:13:16	1	2	15	0
        116453	2026-07-09 12:13:18	1	2	15	0
        117790	2026-07-09 12:13:20	1	2	15	0
        116232	2026-07-09 12:13:25	1	2	15	0
        118862	2026-07-09 12:13:28	1	2	15	0
        117982	2026-07-09 12:13:30	1	2	15	0
        117921	2026-07-09 12:13:33	1	2	15	0
        117684	2026-07-09 12:13:35	1	2	15	0
        110828	2026-07-09 12:13:38	1	2	15	0
        110645	2026-07-09 12:13:40	1	2	15	0
        110196	2026-07-09 12:13:42	1	2	15	0
        118741	2026-07-09 12:13:47	1	2	15	0
        117814	2026-07-09 12:13:47	1	2	15	0
        117692	2026-07-09 12:13:53	1	2	15	0
        117915	2026-07-09 12:13:55	1	2	15	0
        117698	2026-07-09 12:14:01	1	2	15	0
        116778	2026-07-09 12:14:03	1	2	15	0
        117725	2026-07-09 12:14:05	1	2	15	0
        116252	2026-07-09 12:14:07	1	2	15	0
        117483	2026-07-09 12:14:10	1	2	15	0
        116504	2026-07-09 12:14:11	1	2	15	0
        116260	2026-07-09 12:14:14	1	2	15	0
        117999	2026-07-09 12:14:16	1	2	15	0
        117983	2026-07-09 12:14:23	1	2	15	0
        118598	2026-07-09 12:14:29	1	2	15	0
        110105	2026-07-09 12:14:32	1	2	15	0
        116451	2026-07-09 12:14:41	1	2	15	0
        118928	2026-07-09 12:14:43	1	2	15	0
        117042	2026-07-09 12:14:44	1	2	15	0
        116129	2026-07-09 12:14:47	1	2	15	0
        116831	2026-07-09 12:14:51	1	2	15	0
        117259	2026-07-09 12:14:53	1	2	15	0
        116849	2026-07-09 12:14:55	1	2	15	0
        110011	2026-07-09 12:14:57	1	2	15	0
        110510	2026-07-09 12:14:59	1	2	15	0
        110810	2026-07-09 12:15:01	1	2	15	0
        116142	2026-07-09 12:15:04	1	2	15	0
        119453	2026-07-09 12:15:10	1	2	15	0
        116073	2026-07-09 12:15:19	1	2	15	0
        110077	2026-07-09 12:15:23	1	2	15	0
        110088	2026-07-09 12:15:25	1	2	15	0
        119263	2026-07-09 12:15:29	1	2	15	0
        110431	2026-07-09 12:15:35	1	2	15	0
        110144	2026-07-09 12:15:58	1	2	15	0
        117770	2026-07-09 12:16:02	1	2	15	0
        117837	2026-07-09 12:16:08	1	2	15	0
        117812	2026-07-09 12:16:10	1	2	15	0
        117113	2026-07-09 12:16:21	1	2	15	0
        116751	2026-07-09 12:16:24	1	2	15	0
        116512	2026-07-09 12:16:26	1	2	15	0
        117680	2026-07-09 12:16:28	1	2	15	0
        110580	2026-07-09 12:16:29	1	2	15	0
        110732	2026-07-09 12:16:33	1	2	15	0
        118046	2026-07-09 12:16:34	1	2	15	0
        118458	2026-07-09 12:16:37	1	2	15	0
        119232	2026-07-09 12:16:42	1	2	15	0
        110657	2026-07-09 12:16:44	1	2	15	0
        110197	2026-07-09 12:16:55	1	2	15	0
        110376	2026-07-09 12:17:00	1	2	15	0
        110852	2026-07-09 12:17:05	1	2	15	0
        117630	2026-07-09 12:17:10	1	2	15	0
        116383	2026-07-09 12:17:15	1	2	15	0
        117926	2026-07-09 12:17:16	1	2	15	0
        118593	2026-07-09 12:17:19	1	2	15	0
        119263	2026-07-09 12:17:32	1	2	15	0
        110632	2026-07-09 12:17:35	1	2	15	0
        110466	2026-07-09 12:17:36	1	2	15	0
        117259	2026-07-09 12:17:39	1	2	15	0
        110854	2026-07-09 12:17:41	1	2	15	0
        117982	2026-07-09 12:17:47	1	2	15	0
        116142	2026-07-09 12:17:49	1	2	15	0
        117692	2026-07-09 12:17:53	1	2	15	0
        110060	2026-07-09 12:18:00	1	2	15	0
        110116	2026-07-09 12:18:06	1	2	15	0
        117529	2026-07-09 12:18:11	1	2	15	0
        116799	2026-07-09 12:18:14	1	2	15	0
        117921	2026-07-09 12:18:17	1	2	15	0
        117110	2026-07-09 12:18:19	1	2	15	0
        118750	2026-07-09 12:18:20	1	2	15	0
        117616	2026-07-09 12:18:43	1	2	15	0
        116741	2026-07-09 12:19:01	1	2	15	0
        117807	2026-07-09 12:19:04	1	2	15	0
        110011	2026-07-09 12:19:18	1	2	15	0
        117683	2026-07-09 12:19:20	1	2	15	0
        117915	2026-07-09 12:19:23	1	2	15	0
        118157	2026-07-09 12:19:25	1	2	15	0
        116282	2026-07-09 12:19:26	1	2	15	0
        118928	2026-07-09 12:19:29	1	2	15	0
        118186	2026-07-09 12:19:30	1	2	15	0
        117042	2026-07-09 12:19:44	1	2	15	0
        116451	2026-07-09 12:19:46	1	2	15	0
        117162	2026-07-09 12:20:14	1	2	15	0
        110093	2026-07-09 12:20:17	1	2	15	0
        118813	2026-07-09 12:20:27	1	2	15	0
        116129	2026-07-09 12:20:31	1	2	15	0
        117092	2026-07-09 12:20:37	1	2	15	0
        117543	2026-07-09 12:20:43	1	2	15	0
        110376	2026-07-09 12:22:01	1	2	15	0
        117567	2026-07-09 12:22:30	1	2	15	0
        117236	2026-07-09 12:22:32	1	2	15	0
        118695	2026-07-09 12:22:35	1	2	15	0
        118493	2026-07-09 12:22:37	1	2	15	0
        110371	2026-07-09 12:22:39	1	2	15	0
        116095	2026-07-09 12:22:42	1	2	15	0
        110567	2026-07-09 12:22:44	1	2	15	0
        117111	2026-07-09 12:23:02	1	2	15	0
        110513	2026-07-09 12:23:04	1	2	15	0
        110200	2026-07-09 12:23:10	1	2	15	0
        117085	2026-07-09 12:23:14	1	2	15	0
        117046	2026-07-09 12:23:16	1	2	15	0
        117924	2026-07-09 12:23:20	1	2	15	0
        116072	2026-07-09 12:23:22	1	2	15	0
        110113	2026-07-09 12:23:24	1	2	15	0
        110457	2026-07-09 12:23:26	1	2	15	0
        116497	2026-07-09 12:23:29	1	2	15	0
        117497	2026-07-09 12:23:56	1	2	15	0
        117635	2026-07-09 12:24:04	1	2	15	0
        117660	2026-07-09 12:24:07	1	2	15	0
        118568	2026-07-09 12:24:13	1	2	15	0
        110859	2026-07-09 12:24:21	1	2	15	0
        117224	2026-07-09 12:24:25	1	2	15	0
        117840	2026-07-09 12:24:38	1	2	15	0
        117841	2026-07-09 12:24:39	1	2	15	0
        117645	2026-07-09 12:24:41	1	2	15	0
        117936	2026-07-09 12:24:43	1	2	15	0
        117121	2026-07-09 12:24:44	1	2	15	0
        117156	2026-07-09 12:24:47	1	2	15	0
        117591	2026-07-09 12:24:48	1	2	15	0
        117684	2026-07-09 12:24:50	1	2	15	0
        110645	2026-07-09 12:24:52	1	2	15	0
        110196	2026-07-09 12:24:53	1	2	15	0
        110828	2026-07-09 12:24:54	1	2	15	0
        110128	2026-07-09 12:25:11	1	2	15	0
        116824	2026-07-09 12:25:14	1	2	15	0
        118992	2026-07-09 12:25:31	1	2	15	0
        110057	2026-07-09 12:25:45	1	2	15	0
        110063	2026-07-09 12:25:51	1	2	15	0
        117337	2026-07-09 12:25:53	1	2	15	0
        110199	2026-07-09 12:26:01	1	2	15	0
        110456	2026-07-09 12:26:03	1	2	15	0
        117144	2026-07-09 12:26:07	1	2	15	0
        117085	2026-07-09 12:26:11	1	2	15	0
        117046	2026-07-09 12:26:15	1	2	15	0
        110527	2026-07-09 12:26:33	1	2	15	0
        117926	2026-07-09 12:26:50	1	2	15	0
        116497	2026-07-09 12:27:26	1	2	15	0
        117924	2026-07-09 12:27:31	1	2	15	0
        110457	2026-07-09 12:27:34	1	2	15	0
        117043	2026-07-09 12:27:39	1	2	15	0
        118180	2026-07-09 12:27:43	1	2	15	0
        110085	2026-07-09 12:27:46	1	2	15	0
        118640	2026-07-09 12:27:48	1	2	15	0
        116072	2026-07-09 12:27:56	1	2	15	0
        117114	2026-07-09 12:28:13	1	2	15	0
        110070	2026-07-09 12:28:24	1	2	15	0
        116095	2026-07-09 12:28:40	1	2	15	0
        118493	2026-07-09 12:28:47	1	2	15	0
        110371	2026-07-09 12:28:51	1	2	15	0
        110567	2026-07-09 12:28:55	1	2	15	0
        110077	2026-07-09 12:28:59	1	2	15	0
        117236	2026-07-09 12:29:04	1	2	15	0
        117841	2026-07-09 12:29:08	1	2	15	0
        117840	2026-07-09 12:29:10	1	2	15	0
        117645	2026-07-09 12:29:11	1	2	15	0
        117936	2026-07-09 12:29:17	1	2	15	0
        110200	2026-07-09 12:29:45	1	2	15	0
        117528	2026-07-09 12:29:50	1	2	15	0
        117815	2026-07-09 12:29:56	1	2	15	0
        117839	2026-07-09 12:29:59	1	2	15	0
        117811	2026-07-09 12:30:01	1	2	15	0
        117156	2026-07-09 12:30:05	1	2	15	0
        117121	2026-07-09 12:30:07	1	2	15	0
        110128	2026-07-09 12:30:14	1	2	15	0
        110809	2026-07-09 12:30:24	1	2	15	0
        116166	2026-07-09 12:30:29	1	2	15	0
        118568	2026-07-09 12:30:54	1	2	15	0
        117591	2026-07-09 12:31:04	1	2	15	0
        117814	2026-07-09 12:31:09	1	2	15	0
        116073	2026-07-09 12:31:16	1	2	15	0
        119571	2026-07-09 12:31:29	1	3	15	0
        119364	2026-07-09 12:31:33	1	3	15	0
        117807	2026-07-09 12:31:52	1	3	15	0
        116477	2026-07-09 12:31:53	1	3	15	0
        117699	2026-07-09 12:32:03	1	3	15	0
        117644	2026-07-09 12:32:09	1	3	15	0
        110063	2026-07-09 12:32:21	1	3	15	0
        119594	2026-07-09 12:32:40	1	3	15	0
        117122	2026-07-09 12:32:44	1	3	15	0
        117660	2026-07-09 12:32:48	1	3	15	0
        117635	2026-07-09 12:32:51	1	3	15	0
        118782	2026-07-09 12:32:53	1	3	15	0
        118640	2026-07-09 12:32:57	1	3	15	0
        117043	2026-07-09 12:33:56	1	3	15	0
        116483	2026-07-09 12:34:32	1	3	15	0
        118455	2026-07-09 12:34:34	1	3	15	0
        119070	2026-07-09 12:34:36	1	3	15	0
        110492	2026-07-09 12:35:03	1	3	15	0
        117733	2026-07-09 12:35:07	1	3	15	0
        116763	2026-07-09 12:35:12	1	3	15	0
        116472	2026-07-09 12:35:15	1	3	15	0
        118550	2026-07-09 12:35:19	1	3	15	0
        110418	2026-07-09 12:35:22	1	3	15	0
        117528	2026-07-09 12:35:24	1	3	15	0
        116824	2026-07-09 12:35:27	1	3	15	0
        116477	2026-07-09 12:35:29	1	3	15	0
        117644	2026-07-09 12:35:31	1	3	15	0
        117541	2026-07-09 12:35:32	1	3	15	0
        116166	2026-07-09 12:35:37	1	3	15	0
        117839	2026-07-09 12:35:46	1	3	15	0
        117811	2026-07-09 12:35:47	1	3	15	0
        117815	2026-07-09 12:35:50	1	3	15	0
        110131	2026-07-09 12:35:59	1	3	15	0
        110527	2026-07-09 12:36:05	1	3	15	0
        116741	2026-07-09 12:36:46	1	3	15	0
        119449	2026-07-09 12:36:48	1	3	15	0
        117733	2026-07-09 12:36:51	1	3	15	0
        116747	2026-07-09 12:36:52	1	3	15	0
        110785	2026-07-09 12:36:58	1	3	15	0
        118302	2026-07-09 12:37:26	1	3	15	0
        118563	2026-07-09 12:37:32	1	3	15	0
        118782	2026-07-09 12:37:56	1	3	15	0
        110863	2026-07-09 12:38:03	1	3	15	0
        110492	2026-07-09 12:38:20	1	3	15	0
        117222	2026-07-09 12:38:27	1	3	15	0
        118180	2026-07-09 12:38:32	1	3	15	0
        118813	2026-07-09 12:38:34	1	3	15	0
        119070	2026-07-09 12:39:05	1	3	15	0
        116483	2026-07-09 12:39:09	1	3	15	0
        119594	2026-07-09 12:39:24	1	3	15	0
        110513	2026-07-09 12:39:44	1	3	15	0
        117111	2026-07-09 12:39:46	1	3	15	0
        118695	2026-07-09 12:39:51	1	3	15	0
        110199	2026-07-09 12:39:55	1	3	15	0
        110456	2026-07-09 12:39:58	1	3	15	0
        110580	2026-07-09 12:40:16	1	3	15	0
        110732	2026-07-09 12:40:19	1	3	15	0
        117999	2026-07-09 12:40:28	1	3	15	0
        119282	2026-07-09 12:40:36	1	3	15	0
        118427	2026-07-09 12:42:27	1	3	15	0
        119571	2026-07-09 12:42:36	1	3	15	0
        110473	2026-07-09 12:42:40	1	3	15	0
        117993	2026-07-09 12:42:44	1	3	15	0
        110197	2026-07-09 12:42:49	1	3	15	0
        117114	2026-07-09 12:43:09	1	3	15	0
        117595	2026-07-09 12:43:29	1	3	15	0
        117541	2026-07-09 12:43:53	1	3	15	0
        110370	2026-07-09 12:44:14	1	3	15	0
        119227	2026-07-09 12:44:19	1	3	15	0
        117900	2026-07-09 12:44:25	1	3	15	0
        118455	2026-07-09 12:44:38	1	3	15	0
        117196	2026-07-09 12:44:47	1	3	15	0
        117222	2026-07-09 12:44:59	1	3	15	0
        119282	2026-07-09 12:46:11	1	3	15	0
        116441	2026-07-09 12:46:46	1	3	15	0
        116053	2026-07-09 12:47:01	1	3	15	0
        110070	2026-07-09 12:47:31	1	3	15	0
        117699	2026-07-09 12:47:38	1	3	15	0
        117196	2026-07-09 12:47:47	1	3	15	0
        116512	2026-07-09 12:48:04	1	3	15	0
        116751	2026-07-09 12:48:17	1	3	15	0
        119227	2026-07-09 12:48:36	1	3	15	0
        117575	2026-07-09 12:49:20	1	3	15	0
        117972	2026-07-09 12:49:22	1	3	15	0
        119143	2026-07-09 12:49:25	1	3	15	0
        118427	2026-07-09 12:49:30	1	3	15	0
        116053	2026-07-09 12:50:09	1	3	15	0
        116441	2026-07-09 12:50:14	1	3	15	0
        110050	2026-07-09 12:50:17	1	3	15	0
        118593	2026-07-09 12:50:27	1	3	15	0
        110025	2026-07-09 12:50:41	1	3	15	0
        116472	2026-07-09 12:50:47	1	3	15	0
        118369	2026-07-09 12:50:51	1	3	15	0
        117061	2026-07-09 12:50:52	1	3	15	0
        116356	2026-07-09 12:50:54	1	3	15	0
        116805	2026-07-09 12:51:00	1	3	15	0
        117711	2026-07-09 12:51:01	1	3	15	0
        110833	2026-07-09 12:51:04	1	3	15	0
        117981	2026-07-09 12:51:05	1	3	15	0
        117580	2026-07-09 12:51:07	1	3	15	0
        110131	2026-07-09 12:51:09	1	3	15	0
        118046	2026-07-09 12:51:41	1	3	15	0
        116297	2026-07-09 12:51:56	1	3	15	0
        110462	2026-07-09 12:52:01	1	3	15	0
        117091	2026-07-09 12:52:35	1	3	15	0
        119143	2026-07-09 12:52:38	1	3	15	0
        117972	2026-07-09 12:52:41	1	3	15	0
        117120	2026-07-09 12:53:19	1	3	15	0
        117981	2026-07-09 12:53:22	1	3	15	0
        117580	2026-07-09 12:53:24	1	3	15	0
        116356	2026-07-09 12:53:25	1	3	15	0
        118369	2026-07-09 12:53:28	1	3	15	0
        110833	2026-07-09 12:53:31	1	3	15	0
        116805	2026-07-09 12:53:35	1	3	15	0
        117061	2026-07-09 12:53:37	1	3	15	0
        117711	2026-07-09 12:53:41	1	3	15	0
        110025	2026-07-09 12:53:45	1	3	15	0
        110574	2026-07-09 12:53:59	1	3	15	0
        117337	2026-07-09 12:54:03	1	3	15	0
        117091	2026-07-09 12:55:33	1	3	15	0
        116297	2026-07-09 12:55:40	1	3	15	0
        110050	2026-07-09 12:57:04	1	3	15	0
        110360	2026-07-09 12:57:54	1	3	15	0
        117575	2026-07-09 12:59:11	1	3	15	0
        110452	2026-07-09 13:00:06	1	3	15	0
        116531	2026-07-09 13:42:45	1	3	15	0
        116310	2026-07-09 14:02:21	1	3	15	0
        117634	2026-07-09 14:09:39	1	3	15	0
        110075	2026-07-09 15:04:06	1	3	15	0
        110050	2026-07-09 15:04:44	1	3	15	0
        117930	2026-07-09 16:04:25	1	1	15	0
        118750	2026-07-09 16:08:09	1	1	15	0
        116914	2026-07-09 16:08:12	1	1	15	0
        117660	2026-07-09 16:08:14	1	1	15	0
        117711	2026-07-09 16:11:13	1	1	15	0
        117043	2026-07-09 16:12:22	1	1	15	0
        117110	2026-07-09 16:23:00	1	1	15	0
        116741	2026-07-09 16:24:31	1	1	15	0
        117039	2026-07-09 16:25:16	1	1	15	0
        119449	2026-07-09 16:31:43	1	1	15	0
        117129	2026-07-09 16:33:53	1	1	15	0
        110128	2026-07-09 16:46:31	1	1	15	0
        110473	2026-07-09 16:49:00	1	1	15	0
        118207	2026-07-09 16:49:17	1	1	15	0
        110084	2026-07-09 16:51:06	1	1	15	0
        110529	2026-07-09 17:02:33	1	1	15	0
        110493	2026-07-09 17:02:37	1	1	15	0
        119070	2026-07-09 17:02:58	1	1	15	0
        110832	2026-07-09 17:03:05	1	1	15	0
        110785	2026-07-09 17:03:09	1	1	15	0
        116491	2026-07-09 17:03:22	1	1	15	0
        110852	2026-07-09 17:04:01	1	1	15	0
        110376	2026-07-09 17:04:33	1	1	15	0
        110452	2026-07-09 17:04:52	1	1	15	0
        110447	2026-07-09 17:05:13	1	1	15	0
        110810	2026-07-09 17:06:18	1	1	15	0
        110840	2026-07-09 17:06:27	1	1	15	0
        110450	2026-07-09 17:06:31	1	1	15	0
        110495	2026-07-09 17:07:38	1	1	15	0
        110356	2026-07-09 17:07:54	1	1	15	0
        117790	2026-07-09 17:07:58	1	1	15	0
        110510	2026-07-09 17:08:05	1	1	15	0
        117983	2026-07-09 17:08:10	1	1	15	0
        118180	2026-07-09 17:08:30	1	1	15	0
        110866	2026-07-09 17:08:42	1	1	15	0
        110424	2026-07-09 17:08:46	1	1	15	0
        116297	2026-07-09 17:09:12	1	1	15	0
        117111	2026-07-09 17:13:26	1	1	15	0
        110355	2026-07-09 17:13:31	1	1	15	0
        116504	2026-07-09 17:13:35	1	1	15	0
        110854	2026-07-09 17:14:32	1	1	15	0
        110842	2026-07-09 17:14:36	1	1	15	0
        116477	2026-07-09 17:15:05	1	1	15	0
        110867	2026-07-09 17:15:12	1	1	15	0
        117635	2026-07-09 17:15:23	1	1	15	0
        110197	2026-07-09 17:16:13	1	1	15	0
        110807	2026-07-09 17:17:56	1	1	15	0
        110463	2026-07-09 17:17:59	1	1	15	0
        110808	2026-07-09 17:18:13	1	1	15	0
        110839	2026-07-09 17:18:16	1	1	15	0
        110625	2026-07-09 17:19:34	1	1	15	0
        117833	2026-07-09 17:19:38	1	1	15	0
        117644	2026-07-09 17:19:44	1	1	15	0
        110131	2026-07-09 17:20:24	1	1	15	0
        116451	2026-07-09 17:21:15	1	1	15	0
        118550	2026-07-09 17:21:18	1	1	15	0
        117042	2026-07-09 17:23:46	1	1	15	0
        110465	2026-07-09 17:24:19	1	1	15	0
        110011	2026-07-09 17:25:10	1	1	15	0
        117683	2026-07-09 17:25:11	1	1	15	0
        117634	2026-07-09 17:25:16	1	1	15	0
        119453	2026-07-09 17:26:07	1	1	15	0
        110074	2026-07-09 17:27:03	1	1	15	0
        110657	2026-07-09 17:28:14	1	1	15	0
        117630	2026-07-09 17:28:41	1	1	15	0
        117162	2026-07-09 17:29:33	1	1	15	0
        116279	2026-07-09 17:29:45	1	1	15	0
        117850	2026-07-09 17:30:04	1	1	15	0
        110006	2026-07-09 17:30:52	1	1	15	0
        118928	2026-07-09 17:31:03	1	1	15	0
        118186	2026-07-09 17:31:05	1	1	15	0
        116129	2026-07-09 17:31:08	1	1	15	0
        117567	2026-07-09 17:31:41	1	1	15	0
        117926	2026-07-09 17:32:25	1	1	15	0
        117543	2026-07-09 17:32:55	1	1	15	0
        116497	2026-07-09 17:33:01	1	1	15	0
        116751	2026-07-09 17:33:45	1	1	15	0
        116512	2026-07-09 17:33:48	1	1	15	0
        117680	2026-07-09 17:34:58	1	1	15	0
        117733	2026-07-09 17:36:58	1	1	15	0
        118971	2026-07-09 17:37:23	1	1	15	0
        119263	2026-07-09 17:39:03	1	1	15	0
        116356	2026-07-09 17:39:15	1	1	15	0
        116805	2026-07-09 17:39:22	1	1	15	0
        117061	2026-07-09 17:39:25	1	1	15	0
        117222	2026-07-09 17:39:48	1	1	15	0
        110528	2026-07-09 17:40:14	1	1	15	0
        110457	2026-07-09 17:40:16	1	1	15	0
        117924	2026-07-09 17:40:17	1	1	15	0
        116072	2026-07-09 17:40:19	1	1	15	0
        117196	2026-07-09 17:42:25	1	1	15	0
        110077	2026-07-09 17:42:45	1	1	15	0
        117144	2026-07-09 17:43:03	1	1	15	0
        117972	2026-07-09 17:46:38	1	1	15	0
        119143	2026-07-09 17:46:39	1	1	15	0
        118369	2026-07-09 17:46:52	1	1	15	0
        110070	2026-07-09 17:47:20	1	1	15	0
        116282	2026-07-09 17:47:40	1	1	15	0
        118157	2026-07-09 17:47:42	1	1	15	0
        117103	2026-07-09 17:49:55	1	1	15	0
        118563	2026-07-09 17:55:10	1	1	15	0
        119535	2026-07-09 17:55:16	1	1	15	0
        117528	2026-07-09 17:55:19	1	1	15	0
        117849	2026-07-09 17:56:01	1	1	15	0
        117709	2026-07-09 17:56:06	1	1	15	0
        117497	2026-07-09 17:57:47	1	1	15	0
        118593	2026-07-09 17:58:23	1	1	15	0
        118761	2026-07-09 18:00:14	1	1	15	0
        118640	2026-07-09 18:00:40	1	1	15	0
        110513	2026-07-09 18:00:52	1	1	15	0
        116073	2026-07-09 18:01:02	1	1	15	0
        116053	2026-07-09 18:01:04	1	1	15	0
        116441	2026-07-09 18:01:05	1	1	15	0
        118695	2026-07-09 18:01:12	1	1	15	0
        117337	2026-07-09 18:01:15	1	1	15	0
        110172	2026-07-09 18:01:19	1	1	15	0
        116346	2026-07-09 18:01:20	1	1	15	0
        116902	2026-07-09 18:01:26	1	1	15	0
        110113	2026-07-09 18:01:28	1	1	15	0
        118741	2026-07-09 18:02:09	1	1	15	0
        116232	2026-07-09 18:02:13	1	1	15	0
        116260	2026-07-09 18:02:44	1	1	15	0
        118458	2026-07-09 18:03:00	1	1	15	0
        110418	2026-07-09 18:03:04	1	1	15	0
        110436	2026-07-09 18:03:06	1	1	15	0
        117936	2026-07-09 18:03:43	1	1	15	0
        117981	2026-07-09 18:03:46	1	1	15	0
        117580	2026-07-09 18:03:47	1	1	15	0
        110025	2026-07-09 18:03:50	1	1	15	0
        110833	2026-07-09 18:03:52	1	1	15	0
        117770	2026-07-09 18:04:03	1	1	15	0
        116828	2026-07-09 18:04:55	1	1	1	0
        117915	2026-07-09 18:05:51	1	1	15	0
        117966	2026-07-09 18:06:44	1	1	15	0
        117769	2026-07-09 18:06:48	1	1	15	0
        110492	2026-07-09 18:06:50	1	1	15	0
        110834	2026-07-09 18:06:54	1	1	15	0
        116834	2026-07-09 18:07:35	1	1	15	0
        119227	2026-07-09 18:07:42	1	1	15	0
        116990	2026-07-09 18:08:10	1	1	15	0
        117814	2026-07-09 18:08:27	1	1	15	0
        117811	2026-07-09 18:09:14	1	1	15	0
        117529	2026-07-09 18:10:04	1	1	15	0
        110144	2026-07-09 18:10:07	1	1	15	0
        118568	2026-07-09 18:10:41	1	1	15	0
        119571	2026-07-09 18:10:59	1	1	15	0
        110093	2026-07-09 18:11:04	1	1	15	0
        110574	2026-07-09 18:11:31	1	1	15	0
        118455	2026-07-09 18:11:52	1	1	15	0
        110809	2026-07-09 18:12:20	1	1	15	0
        117575	2026-07-09 18:12:31	1	1	15	0
        110549	2026-07-09 18:12:40	1	1	15	0
        110088	2026-07-09 18:12:44	1	1	15	0
        117616	2026-07-09 18:12:53	1	1	15	0
        118046	2026-07-09 18:13:33	1	1	15	0
        116824	2026-07-09 18:13:55	1	1	15	0
        117122	2026-07-09 18:14:26	1	1	15	0
        117838	2026-07-09 18:15:25	1	1	1	0
        118992	2026-07-09 18:16:30	1	1	15	0
        117812	2026-07-09 18:16:44	1	1	15	0
        118302	2026-07-09 18:16:45	1	1	15	0
        118598	2026-07-09 18:16:52	1	1	15	0
        116831	2026-07-09 18:17:08	1	1	15	0
        110527	2026-07-09 18:17:31	1	1	15	0
        117837	2026-07-09 18:18:04	1	1	15	0
        110085	2026-07-09 18:18:20	1	1	15	0
        117591	2026-07-09 18:18:26	1	1	15	0
        116799	2026-07-09 18:18:46	1	1	15	0
        110632	2026-07-09 18:18:51	1	1	15	0
        110732	2026-07-09 18:19:37	1	1	15	0
        118744	2026-07-09 18:20:10	1	1	15	0
        118271	2026-07-09 18:20:24	1	1	15	0
        118744	2026-07-09 18:21:34	1	1	15	0
        116496	2026-07-09 18:22:46	1	1	15	0
        116252	2026-07-09 18:23:39	1	1	15	0
        117656	2026-07-09 18:25:06	1	1	1	0
        110063	2026-07-09 18:25:13	1	1	15	0
        110580	2026-07-09 18:25:23	1	1	15	0
        119493	2026-07-09 18:25:31	1	1	15	0
        117092	2026-07-09 18:25:35	1	1	15	0
        110507	2026-07-09 18:25:48	1	1	15	0
        118598	2026-07-09 18:25:58	1	1	15	0
        117699	2026-07-09 18:26:03	1	1	15	0
        110828	2026-07-09 18:26:10	1	1	15	0
        110645	2026-07-09 18:26:11	1	1	15	0
        110354	2026-07-09 18:26:16	1	1	15	0
        110199	2026-07-09 18:26:21	1	1	15	0
        117085	2026-07-09 18:26:50	1	1	15	0
        117156	2026-07-09 18:28:51	1	1	15	0
        110431	2026-07-09 18:28:54	1	1	15	0
        116142	2026-07-09 18:29:21	1	1	15	0
        117120	2026-07-09 18:29:25	1	1	15	0
        117088	2026-07-09 18:30:44	1	1	15	0
        110057	2026-07-09 18:31:05	1	1	15	0
        119364	2026-07-09 18:31:15	1	1	15	0
        117541	2026-07-09 18:31:34	1	1	15	0
        116453	2026-07-09 18:31:45	1	1	15	0
        117114	2026-07-09 18:32:00	1	1	15	0
        110360	2026-07-09 18:32:28	1	1	15	0
        117839	2026-07-09 18:33:14	1	1	15	0
        117815	2026-07-09 18:33:21	1	1	15	0
        118813	2026-07-09 18:35:38	1	1	15	0
        118997	2026-07-09 18:36:29	1	1	15	0
        110090	2026-07-09 18:36:47	1	1	15	0
        117091	2026-07-09 18:37:09	1	1	15	0
        110090	2026-07-09 18:38:30	1	1	15	0
        117840	2026-07-09 18:39:12	1	1	15	0
        118702	2026-07-09 18:40:11	1	1	15	0
        117487	2026-07-09 18:40:13	1	1	15	0
        110116	2026-07-09 18:40:20	1	1	15	0
        117595	2026-07-09 18:44:47	1	1	15	0
        116166	2026-07-09 18:44:50	1	1	15	0
        117993	2026-07-09 18:45:25	1	1	15	0
        117201	2026-07-09 18:45:53	1	1	15	0
        110373	2026-07-09 18:46:32	1	1	15	0
        117999	2026-07-09 18:46:47	1	1	15	0
        110370	2026-07-09 18:46:57	1	1	15	0
        110196	2026-07-09 18:50:47	1	1	15	0
        110863	2026-07-09 18:50:55	1	1	15	0
        117900	2026-07-09 18:51:39	1	1	15	0
        110371	2026-07-09 18:51:44	1	1	15	0
        116274	2026-07-09 18:52:19	1	1	15	0
        110633	2026-07-09 18:53:32	1	1	15	0
        117982	2026-07-09 18:56:27	1	1	15	0
        117645	2026-07-09 18:56:30	1	1	15	0
        116383	2026-07-09 18:57:50	1	1	15	0
        118427	2026-07-09 19:00:13	1	1	15	0
        119282	2026-07-09 19:00:18	1	1	15	0
        117841	2026-07-09 19:00:23	1	1	15	0
        116483	2026-07-09 19:02:11	1	1	15	0
        117698	2026-07-09 19:02:18	1	1	15	0
        117725	2026-07-09 19:02:26	1	1	15	0
        116778	2026-07-09 19:02:53	1	1	15	0
        116531	2026-07-09 19:03:14	1	1	15	0
        116310	2026-07-09 19:03:56	1	1	15	0
        117742	2026-07-09 19:04:07	1	1	1	0
        116995	2026-07-09 19:04:11	1	1	1	0
        117807	2026-07-09 19:04:17	1	1	15	0
        110456	2026-07-09 19:04:33	1	1	15	0
        117659	2026-07-09 19:04:49	1	1	15	0
        119594	2026-07-09 19:05:49	1	1	15	0
        119232	2026-07-09 19:05:56	1	1	15	0
        110466	2026-07-09 19:07:10	1	1	15	0
        117707	2026-07-09 19:07:58	1	1	15	0
        116849	2026-07-09 19:09:05	1	1	15	0
        118493	2026-07-09 19:10:39	1	1	15	0
        110567	2026-07-09 19:10:43	1	1	15	0
        116095	2026-07-09 19:10:46	1	1	15	0
        119583	2026-07-09 19:14:44	1	1	15	0
        110200	2026-07-09 19:15:30	1	1	15	0
        110060	2026-07-09 19:30:14	1	1	15	0
        117236	2026-07-09 19:30:17	1	1	15	0
        118862	2026-07-09 19:46:06	1	1	15	0
        117817	2026-07-09 20:34:58	1	1	15	0
        117201	2026-07-10 04:51:12	1	0	15	0
        119070	2026-07-10 06:34:33	1	0	15	0
        110144	2026-07-10 06:39:04	1	0	15	0
        117039	2026-07-10 06:41:41	1	0	15	0
        110625	2026-07-10 06:47:15	1	0	15	0
        110549	2026-07-10 06:47:35	1	0	15	0
        116831	2026-07-10 06:59:51	1	0	15	0
        110842	2026-07-10 07:01:03	1	0	15	0
        110085	2026-07-10 07:02:10	1	0	15	0
        119449	2026-07-10 07:04:41	1	0	15	0
        117817	2026-07-10 07:05:59	1	0	15	0
        117103	2026-07-10 07:06:03	1	0	15	0
        110529	2026-07-10 07:09:04	1	0	15	0
        116741	2026-07-10 07:09:33	1	0	15	0
        110074	2026-07-10 07:09:37	1	0	15	0
        110074	2026-07-10 07:13:52	1	0	15	0
        118750	2026-07-10 07:15:59	1	0	15	0
        117711	2026-07-10 07:16:42	1	0	15	0
        116428	2026-07-10 07:17:30	1	0	15	0
        110832	2026-07-10 07:18:58	1	0	15	0
        117635	2026-07-10 07:19:09	1	0	15	0
        119232	2026-07-10 07:21:23	1	0	15	0
        117110	2026-07-10 07:25:23	1	0	15	0
        116479	2026-07-10 07:26:29	1	0	15	0
        119143	2026-07-10 07:26:43	1	0	15	0
        117091	2026-07-10 07:27:53	1	0	15	0
        116512	2026-07-10 07:29:45	1	0	15	0
        116751	2026-07-10 07:29:48	1	0	15	0
        117129	2026-07-10 07:30:38	1	0	15	0
        110528	2026-07-10 07:31:25	1	0	15	0
        110424	2026-07-10 07:32:08	1	0	15	0
        117733	2026-07-10 07:32:23	1	0	15	0
        110867	2026-07-10 07:32:28	1	0	15	0
        110510	2026-07-10 07:32:32	1	0	15	0
        110128	2026-07-10 07:32:42	1	0	15	0
        117921	2026-07-10 07:35:28	1	0	15	0
        110854	2026-07-10 07:35:33	1	0	15	0
        110785	2026-07-10 07:35:37	1	0	15	0
        118593	2026-07-10 07:36:10	1	0	15	0
        117224	2026-07-10 07:37:07	1	0	15	0
        110462	2026-07-10 07:37:21	1	0	15	0
        118101	2026-07-10 07:37:57	1	0	15	0
        118455	2026-07-10 07:40:36	1	0	15	0
        110463	2026-07-10 07:41:04	1	0	15	0
        118207	2026-07-10 07:42:01	1	0	15	0
        119494	2026-07-10 07:43:59	1	0	15	0
        118157	2026-07-10 07:44:05	1	0	15	0
        118971	2026-07-10 07:44:15	1	0	15	0
        110732	2026-07-10 07:44:37	1	0	15	0
        110465	2026-07-10 07:45:12	1	0	15	0
        110131	2026-07-10 07:46:05	1	0	15	0
        117121	2026-07-10 07:46:07	1	0	15	0
        116504	2026-07-10 07:46:32	1	0	15	0
        117644	2026-07-10 07:46:47	1	0	15	0
        110356	2026-07-10 07:47:18	1	0	15	0
        110355	2026-07-10 07:47:22	1	0	15	0
        117723	2026-07-10 07:47:48	1	0	15	0
        116297	2026-07-10 07:47:56	1	0	15	0
        116824	2026-07-10 07:48:00	1	0	15	0
        119263	2026-07-10 07:48:35	1	0	15	0
        117828	2026-07-10 07:49:21	1	0	15	0
        117972	2026-07-10 07:49:46	1	0	15	0
        110859	2026-07-10 07:49:49	1	0	15	0
        117528	2026-07-10 07:50:38	1	0	15	0
        118702	2026-07-10 07:51:13	1	0	15	0
        118695	2026-07-10 07:52:19	1	0	15	0
        110866	2026-07-10 07:52:40	1	0	15	0
        110447	2026-07-10 07:52:45	1	0	15	0
        116279	2026-07-10 07:53:08	1	0	15	0
        110492	2026-07-10 07:53:16	1	0	15	0
        110473	2026-07-10 07:53:25	1	0	15	0
        116491	2026-07-10 07:53:26	1	0	15	0
        110493	2026-07-10 07:53:29	1	0	15	0
        117981	2026-07-10 07:53:31	1	0	15	0
        117111	2026-07-10 07:54:00	1	0	15	0
        110657	2026-07-10 07:54:16	1	0	15	0
        110807	2026-07-10 07:54:25	1	0	15	0
        110088	2026-07-10 07:54:28	1	0	15	0
        116914	2026-07-10 07:54:33	1	0	15	0
        116129	2026-07-10 07:54:37	1	0	15	0
        117680	2026-07-10 07:55:41	1	0	15	0
        110852	2026-07-10 07:56:01	1	0	15	0
        110431	2026-07-10 07:56:22	1	0	15	0
        110840	2026-07-10 07:56:25	1	0	15	0
        117156	2026-07-10 07:57:33	1	0	15	0
        117591	2026-07-10 07:57:39	1	0	15	0
        116763	2026-07-10 07:58:12	1	0	15	0
        110376	2026-07-10 07:58:27	1	0	15	0
        110197	2026-07-10 07:58:32	1	0	15	0
        110808	2026-07-10 07:58:37	1	0	15	0
        117833	2026-07-10 07:59:01	1	0	15	0
        118563	2026-07-10 07:59:15	1	0	15	0
        110025	2026-07-10 07:59:17	1	0	15	0
        110011	2026-07-10 08:00:01	1	0	15	0
        117683	2026-07-10 08:00:03	1	0	15	0
        119227	2026-07-10 08:00:41	1	0	15	0
        117630	2026-07-10 08:00:45	1	0	15	0
        116252	2026-07-10 08:01:32	1	0	15	0
        116346	2026-07-10 08:02:04	1	0	15	0
        110457	2026-07-10 08:02:47	1	0	15	0
        117120	2026-07-10 08:02:55	1	0	15	0
        117043	2026-07-10 08:03:34	1	0	15	0
        110805	2026-07-10 08:03:55	1	0	15	0
        117487	2026-07-10 08:04:42	1	0	15	0
        116072	2026-07-10 08:05:22	1	0	15	0
        116472	2026-07-10 08:05:32	1	0	15	0
        116483	2026-07-10 08:06:18	1	0	15	0
        117924	2026-07-10 08:06:21	1	0	15	0
        117926	2026-07-10 08:06:44	1	0	15	0
        116282	2026-07-10 08:07:36	1	0	15	0
        110064	2026-07-10 08:07:45	1	0	1	0
        116805	2026-07-10 08:07:51	1	0	15	0
        117850	2026-07-10 08:08:50	1	0	15	0
        116142	2026-07-10 08:09:07	1	0	15	0
        110833	2026-07-10 08:09:11	1	0	15	0
        119364	2026-07-10 08:10:05	1	0	15	0
        117061	2026-07-10 08:10:09	1	0	15	0
        117162	2026-07-10 08:10:11	1	0	15	0
        117660	2026-07-10 08:10:31	1	0	15	0
        116531	2026-07-10 08:12:53	1	0	15	0
        116310	2026-07-10 08:13:07	1	0	15	0
        110450	2026-07-10 08:14:06	1	0	15	0
        118302	2026-07-10 08:14:53	1	0	15	0
        117259	2026-07-10 08:15:20	1	0	15	0
        118186	2026-07-10 08:15:42	1	0	15	0
        110452	2026-07-10 08:15:53	1	0	15	0
        117222	2026-07-10 08:16:04	1	0	15	0
        117543	2026-07-10 08:16:59	1	0	15	0
        116356	2026-07-10 08:17:52	1	0	15	0
        110063	2026-07-10 08:18:21	1	0	15	0
        118928	2026-07-10 08:19:16	1	0	15	0
        116451	2026-07-10 08:20:55	1	0	15	0
        117042	2026-07-10 08:21:00	1	0	15	0
        117541	2026-07-10 08:22:35	1	0	15	0
        117814	2026-07-10 08:23:52	1	0	15	0
        117709	2026-07-10 08:24:39	1	0	15	0
        117144	2026-07-10 08:26:33	1	0	15	0
        116104	2026-07-10 08:28:05	1	0	15	0
        118369	2026-07-10 08:29:40	1	0	15	0
        117114	2026-07-10 08:29:51	1	0	15	0
        110090	2026-07-10 08:31:31	1	0	15	0
        116477	2026-07-10 08:31:58	1	0	15	0
        110495	2026-07-10 08:32:35	1	0	15	0
        110070	2026-07-10 08:32:45	1	0	15	0
        117849	2026-07-10 08:34:16	1	0	15	0
        119535	2026-07-10 08:34:52	1	0	15	0
        117567	2026-07-10 08:35:23	1	0	15	0
        110077	2026-07-10 08:35:50	1	0	15	0
        116441	2026-07-10 08:37:45	1	0	15	0
        117616	2026-07-10 08:40:34	1	0	15	0
        117595	2026-07-10 08:40:53	1	0	15	0
        118180	2026-07-10 08:41:25	1	0	15	0
        110354	2026-07-10 08:41:36	1	0	15	0
        116497	2026-07-10 08:41:44	1	0	15	0
        117497	2026-07-10 08:41:53	1	0	15	0
        116747	2026-07-10 08:42:41	1	0	15	0
        110116	2026-07-10 08:43:25	1	0	15	0
        110158	2026-07-10 08:44:51	1	0	15	0
        110513	2026-07-10 08:48:47	1	0	15	0
        110172	2026-07-10 08:49:45	1	0	15	0
        110436	2026-07-10 08:49:49	1	0	15	0
        110057	2026-07-10 08:50:08	1	0	15	0
        117122	2026-07-10 08:50:10	1	0	15	0
        117337	2026-07-10 08:52:04	1	0	15	0
        110195	2026-07-10 08:52:47	1	0	15	0
        116453	2026-07-10 08:53:35	1	0	15	0
        116053	2026-07-10 08:55:50	1	0	15	0
        117236	2026-07-10 08:55:51	1	0	15	0
        110075	2026-07-10 08:57:10	1	0	15	0
        110418	2026-07-10 09:00:45	1	0	15	0
        117529	2026-07-10 09:04:23	1	0	15	0
        116748	2026-07-10 09:04:38	1	0	15	0
        118813	2026-07-10 09:10:51	1	0	15	0
        117085	2026-07-10 09:18:28	1	0	15	0
        118550	2026-07-10 09:19:19	1	0	15	0
        117575	2026-07-10 09:33:05	1	0	15	0
        117100	2026-07-10 09:37:58	1	0	15	0
        117698	2026-07-10 11:38:58	1	2	15	0
        117733	2026-07-10 12:00:06	1	2	15	0
        117129	2026-07-10 12:00:08	1	2	15	0
        110450	2026-07-10 12:00:10	1	2	15	0
        116279	2026-07-10 12:00:12	1	2	15	0
        110859	2026-07-10 12:00:14	1	2	15	0
        110452	2026-07-10 12:00:16	1	2	15	0
        110465	2026-07-10 12:00:28	1	2	15	0
        110463	2026-07-10 12:00:31	1	2	15	0
        116763	2026-07-10 12:00:35	1	2	15	0
        110418	2026-07-10 12:00:37	1	2	15	0
        116747	2026-07-10 12:00:38	1	2	15	0
        116824	2026-07-10 12:00:41	1	2	15	0
        117144	2026-07-10 12:00:43	1	2	15	0
        110088	2026-07-10 12:00:45	1	2	15	0
        110842	2026-07-10 12:00:47	1	2	15	0
        110807	2026-07-10 12:00:49	1	2	15	0
        117616	2026-07-10 12:00:51	1	2	15	0
        117723	2026-07-10 12:00:52	1	2	15	0
        118702	2026-07-10 12:00:55	1	2	15	0
        117224	2026-07-10 12:00:57	1	2	15	0
        116914	2026-07-10 12:00:59	1	2	15	0
        117543	2026-07-10 12:01:01	1	2	15	0
        117122	2026-07-10 12:01:03	1	2	15	0
        117487	2026-07-10 12:01:06	1	2	15	0
        116472	2026-07-10 12:01:07	1	2	15	0
        110158	2026-07-10 12:01:09	1	2	15	0
        117497	2026-07-10 12:01:16	1	2	15	0
        110172	2026-07-10 12:01:17	1	2	15	0
        117201	2026-07-10 12:01:26	1	2	15	0
        118302	2026-07-10 12:01:37	1	2	15	0
        116453	2026-07-10 12:01:50	1	2	15	0
        110354	2026-07-10 12:01:59	1	2	15	0
        110529	2026-07-10 12:02:04	1	2	15	0
        110493	2026-07-10 12:02:08	1	2	15	0
        110090	2026-07-10 12:02:10	1	2	15	0
        110805	2026-07-10 12:02:12	1	2	15	0
        117680	2026-07-10 12:02:14	1	2	15	0
        116748	2026-07-10 12:02:16	1	2	15	0
        110528	2026-07-10 12:02:17	1	2	15	0
        110808	2026-07-10 12:02:18	1	2	15	0
        117259	2026-07-10 12:02:21	1	2	15	0
        117541	2026-07-10 12:02:23	1	2	15	0
        110436	2026-07-10 12:02:36	1	2	15	0
        110128	2026-07-10 12:02:39	1	2	15	0
        110495	2026-07-10 12:02:44	1	2	15	0
        110356	2026-07-10 12:03:16	1	2	15	0
        110625	2026-07-10 12:03:18	1	2	15	0
        117733	2026-07-10 12:03:37	1	2	15	0
        116751	2026-07-10 12:03:41	1	2	15	0
        117529	2026-07-10 12:03:44	1	2	15	0
        116531	2026-07-10 12:03:50	1	2	15	0
        116512	2026-07-10 12:03:52	1	2	15	0
        116491	2026-07-10 12:03:54	1	2	15	0
        117103	2026-07-10 12:03:56	1	2	15	0
        119449	2026-07-10 12:03:57	1	2	15	0
        116310	2026-07-10 12:04:02	1	2	15	0
        110090	2026-07-10 12:04:05	1	2	15	0
        116748	2026-07-10 12:04:08	1	2	15	0
        118563	2026-07-10 12:04:18	1	2	15	0
        117833	2026-07-10 12:04:29	1	2	15	0
        110077	2026-07-10 12:04:35	1	2	15	0
        117085	2026-07-10 12:04:40	1	2	15	0
        118207	2026-07-10 12:04:57	1	2	15	0
        118971	2026-07-10 12:05:19	1	2	15	0
        110355	2026-07-10 12:05:23	1	2	15	0
        110840	2026-07-10 12:05:27	1	2	15	0
        110785	2026-07-10 12:05:31	1	2	15	0
        116279	2026-07-10 12:05:38	1	2	15	0
        110447	2026-07-10 12:05:43	1	2	15	0
        117224	2026-07-10 12:06:03	1	2	15	0
        117100	2026-07-10 12:06:08	1	2	15	0
        117814	2026-07-10 12:06:12	1	2	15	0
        117591	2026-07-10 12:06:19	1	2	15	0
        117828	2026-07-10 12:06:22	1	2	15	0
        118101	2026-07-10 12:06:24	1	2	15	0
        110529	2026-07-10 12:06:34	1	2	15	0
        110493	2026-07-10 12:06:38	1	2	15	0
        110495	2026-07-10 12:06:40	1	2	15	0
        110436	2026-07-10 12:06:42	1	2	15	0
        117259	2026-07-10 12:06:45	1	2	15	0
        110463	2026-07-10 12:06:46	1	2	15	0
        110465	2026-07-10 12:06:47	1	2	15	0
        117541	2026-07-10 12:06:51	1	2	15	0
        110842	2026-07-10 12:06:59	1	2	15	0
        110807	2026-07-10 12:07:01	1	2	15	0
        110808	2026-07-10 12:07:30	1	2	15	0
        117497	2026-07-10 12:07:37	1	2	15	0
        110867	2026-07-10 12:07:41	1	2	15	0
        117201	2026-07-10 12:07:46	1	2	15	0
        117144	2026-07-10 12:07:54	1	2	15	0
        117162	2026-07-10 12:07:56	1	2	15	0
        110732	2026-07-10 12:08:04	1	2	15	0
        110088	2026-07-10 12:08:06	1	2	15	0
        117616	2026-07-10 12:08:09	1	2	15	0
        118593	2026-07-10 12:08:12	1	2	15	0
        117236	2026-07-10 12:08:14	1	2	15	0
        118813	2026-07-10 12:08:16	1	2	15	0
        118928	2026-07-10 12:08:19	1	2	15	0
        116129	2026-07-10 12:08:21	1	2	15	0
        116252	2026-07-10 12:08:23	1	2	15	0
        117543	2026-07-10 12:08:25	1	2	15	0
        118101	2026-07-10 12:08:27	1	2	15	0
        117100	2026-07-10 12:08:29	1	2	15	0
        117833	2026-07-10 12:08:30	1	2	15	0
        117828	2026-07-10 12:08:32	1	2	15	0
        110840	2026-07-10 12:08:56	1	2	15	0
        119494	2026-07-10 12:09:00	1	2	15	0
        116491	2026-07-10 12:09:04	1	2	15	0
        117103	2026-07-10 12:09:07	1	2	15	0
        110195	2026-07-10 12:09:11	1	2	15	0
        110356	2026-07-10 12:09:16	1	2	15	0
        116824	2026-07-10 12:09:26	1	2	15	0
        110355	2026-07-10 12:09:33	1	2	15	0
        110450	2026-07-10 12:09:42	1	2	15	0
        110549	2026-07-10 12:09:49	1	2	15	0
        110431	2026-07-10 12:10:00	1	2	15	0
        117061	2026-07-10 12:10:06	1	2	15	0
        116531	2026-07-10 12:10:21	1	2	15	0
        116310	2026-07-10 12:10:27	1	2	15	0
        110376	2026-07-10 12:10:35	1	2	15	0
        110528	2026-07-10 12:10:41	1	2	15	0
        117630	2026-07-10 12:10:59	1	2	15	0
        110510	2026-07-10 12:11:05	1	2	15	0
        110854	2026-07-10 12:11:11	1	2	15	0
        119535	2026-07-10 12:11:15	1	2	15	0
        117683	2026-07-10 12:11:21	1	2	15	0
        110011	2026-07-10 12:11:23	1	2	15	0
        118186	2026-07-10 12:11:23	1	2	15	0
        118157	2026-07-10 12:11:29	1	2	15	0
        117850	2026-07-10 12:11:33	1	2	15	0
        110625	2026-07-10 12:11:35	1	2	15	0
        116104	2026-07-10 12:11:37	1	2	15	0
        116282	2026-07-10 12:11:39	1	2	15	0
        117061	2026-07-10 12:12:03	1	2	15	0
        117110	2026-07-10 12:12:11	1	2	15	0
        110513	2026-07-10 12:12:18	1	2	15	0
        117111	2026-07-10 12:12:22	1	2	15	0
        118695	2026-07-10 12:12:24	1	2	15	0
        117567	2026-07-10 12:12:31	1	2	15	0
        117529	2026-07-10 12:12:34	1	2	15	0
        110172	2026-07-10 12:12:51	1	2	15	0
        118180	2026-07-10 12:12:56	1	2	15	0
        110852	2026-07-10 12:13:12	1	2	15	0
        110116	2026-07-10 12:14:13	1	2	15	0
        110376	2026-07-10 12:14:24	1	2	15	0
        110492	2026-07-10 12:14:31	1	2	15	0
        110447	2026-07-10 12:15:09	1	2	15	0
        110867	2026-07-10 12:15:19	1	2	15	0
        110197	2026-07-10 12:15:36	1	2	15	0
        117698	2026-07-10 12:15:43	1	2	15	0
        116282	2026-07-10 12:15:46	1	2	15	0
        117683	2026-07-10 12:15:48	1	2	15	0
        118157	2026-07-10 12:15:49	1	2	15	0
        116477	2026-07-10 12:15:51	1	2	15	0
        118186	2026-07-10 12:15:55	1	2	15	0
        116104	2026-07-10 12:15:57	1	2	15	0
        110011	2026-07-10 12:16:00	1	2	15	0
        117850	2026-07-10 12:16:03	1	2	15	0
        117162	2026-07-10 12:16:26	1	2	15	0
        117630	2026-07-10 12:17:19	1	2	15	0
        118928	2026-07-10 12:17:22	1	2	15	0
        116129	2026-07-10 12:17:24	1	2	15	0
        118813	2026-07-10 12:17:26	1	2	15	0
        118180	2026-07-10 12:17:28	1	2	15	0
        117110	2026-07-10 12:17:37	1	2	15	0
        110510	2026-07-10 12:17:43	1	2	15	0
        117680	2026-07-10 12:17:49	1	2	15	0
        110354	2026-07-10 12:17:55	1	2	15	0
        110854	2026-07-10 12:18:01	1	2	15	0
        110549	2026-07-10 12:18:10	1	2	15	0
        110431	2026-07-10 12:18:17	1	2	15	0
        117121	2026-07-10 12:18:24	1	2	15	0
        110852	2026-07-10 12:18:28	1	2	15	0
        110457	2026-07-10 12:18:58	1	2	15	0
        116072	2026-07-10 12:19:00	1	2	15	0
        116497	2026-07-10 12:19:03	1	2	15	0
        110070	2026-07-10 12:19:30	1	2	15	0
        110492	2026-07-10 12:19:33	1	2	15	0
        110732	2026-07-10 12:19:49	1	2	15	0
        110128	2026-07-10 12:19:57	1	2	15	0
        117114	2026-07-10 12:20:03	1	2	15	0
        117924	2026-07-10 12:20:07	1	2	15	0
        110025	2026-07-10 12:20:49	1	2	15	0
        110075	2026-07-10 12:20:51	1	2	15	0
        110063	2026-07-10 12:20:56	1	2	15	0
        116477	2026-07-10 12:21:00	1	2	15	0
        118695	2026-07-10 12:21:13	1	2	15	0
        117085	2026-07-10 12:21:16	1	2	15	0
        117111	2026-07-10 12:21:17	1	2	15	0
        116297	2026-07-10 12:21:24	1	2	15	0
        117043	2026-07-10 12:21:34	1	2	15	0
        118550	2026-07-10 12:21:39	1	2	15	0
        119535	2026-07-10 12:21:47	1	2	15	0
        119364	2026-07-10 12:22:08	1	2	15	0
        110057	2026-07-10 12:22:11	1	2	15	0
        118971	2026-07-10 12:23:00	1	2	15	0
        116428	2026-07-10 12:23:04	1	2	15	0
        110785	2026-07-10 12:23:09	1	2	15	0
        117926	2026-07-10 12:23:30	1	2	15	0
        110859	2026-07-10 12:24:28	1	2	15	0
        117042	2026-07-10 12:24:34	1	2	15	0
        116451	2026-07-10 12:24:36	1	2	15	0
        119263	2026-07-10 12:24:40	1	2	15	0
        117156	2026-07-10 12:24:48	1	2	15	0
        116741	2026-07-10 12:24:52	1	2	15	0
        110805	2026-07-10 12:24:55	1	2	15	0
        116497	2026-07-10 12:25:15	1	2	15	0
        110063	2026-07-10 12:25:33	1	2	15	0
        110075	2026-07-10 12:25:47	1	2	15	0
        110025	2026-07-10 12:25:50	1	2	15	0
        117222	2026-07-10 12:25:57	1	2	15	0
        110457	2026-07-10 12:26:00	1	2	15	0
        117528	2026-07-10 12:26:03	1	2	15	0
        117924	2026-07-10 12:26:23	1	2	15	0
        116072	2026-07-10 12:26:28	1	2	15	0
        117567	2026-07-10 12:26:55	1	2	15	0
        117129	2026-07-10 12:27:16	1	2	15	0
        116428	2026-07-10 12:27:25	1	2	15	0
        110657	2026-07-10 12:27:30	1	2	15	0
        119263	2026-07-10 12:27:34	1	2	15	0
        110057	2026-07-10 12:27:45	1	2	15	0
        118302	2026-07-10 12:27:49	1	2	15	0
        119364	2026-07-10 12:27:51	1	2	15	0
        110064	2026-07-10 12:28:03	1	2	1	0
        110473	2026-07-10 12:28:10	1	2	15	0
        117121	2026-07-10 12:28:20	1	2	15	0
        116831	2026-07-10 12:28:23	1	2	15	0
        116504	2026-07-10 12:28:54	1	2	15	0
        117926	2026-07-10 12:29:16	1	2	15	0
        116451	2026-07-10 12:29:31	1	2	15	0
        117814	2026-07-10 12:30:03	1	2	15	0
        116751	2026-07-10 12:30:06	1	2	15	0
        116512	2026-07-10 12:30:08	1	2	15	0
        117156	2026-07-10 12:30:28	1	2	15	0
        110131	2026-07-10 12:30:30	1	2	15	0
        117042	2026-07-10 12:30:58	1	2	15	0
        116504	2026-07-10 12:31:05	1	2	15	0
        118563	2026-07-10 12:31:33	1	2	15	0
        110197	2026-07-10 12:31:35	1	2	15	0
        110833	2026-07-10 12:32:13	1	2	15	0
        117043	2026-07-10 12:32:17	1	2	15	0
        110657	2026-07-10 12:32:21	1	2	15	0
        117595	2026-07-10 12:32:25	1	2	15	0
        110077	2026-07-10 12:33:12	1	3	15	0
        117528	2026-07-10 12:33:55	1	3	15	0
        117222	2026-07-10 12:33:57	1	3	15	0
        110513	2026-07-10 12:34:27	1	3	15	0
        110070	2026-07-10 12:34:30	1	3	15	0
        110158	2026-07-10 12:34:47	1	3	15	0
        117644	2026-07-10 12:34:51	1	3	15	0
        118702	2026-07-10 12:35:06	1	3	15	0
        117723	2026-07-10 12:35:09	1	3	15	0
        117487	2026-07-10 12:35:12	1	3	15	0
        117122	2026-07-10 12:35:34	1	3	15	0
        118207	2026-07-10 12:35:50	1	3	15	0
        117817	2026-07-10 12:35:52	1	3	15	0
        110131	2026-07-10 12:36:03	1	3	15	0
        110116	2026-07-10 12:37:15	1	3	15	0
        110462	2026-07-10 12:37:24	1	3	15	0
        117114	2026-07-10 12:37:38	1	3	15	0
        116741	2026-07-10 12:38:26	1	3	15	0
        119449	2026-07-10 12:38:29	1	3	15	0
        117236	2026-07-10 12:38:44	1	3	15	0
        117644	2026-07-10 12:39:03	1	3	15	0
        110064	2026-07-10 12:39:09	1	3	1	0
        118593	2026-07-10 12:39:15	1	3	15	0
        110473	2026-07-10 12:39:24	1	3	15	0
        116831	2026-07-10 12:39:28	1	3	15	0
        116763	2026-07-10 12:39:33	1	3	15	0
        116914	2026-07-10 12:40:23	1	3	15	0
        118455	2026-07-10 12:41:31	1	3	15	0
        119070	2026-07-10 12:41:33	1	3	15	0
        116483	2026-07-10 12:41:38	1	3	15	0
        110074	2026-07-10 12:41:40	1	3	15	0
        119227	2026-07-10 12:41:55	1	3	15	0
        117709	2026-07-10 12:42:05	1	3	15	0
        117849	2026-07-10 12:42:08	1	3	15	0
        117711	2026-07-10 12:42:10	1	3	15	0
        110833	2026-07-10 12:42:26	1	3	15	0
        117660	2026-07-10 12:42:43	1	3	15	0
        116252	2026-07-10 12:42:51	1	3	15	0
        116053	2026-07-10 12:42:54	1	3	15	0
        116441	2026-07-10 12:43:32	1	3	15	0
        116747	2026-07-10 12:43:42	1	3	15	0
        110418	2026-07-10 12:43:54	1	3	15	0
        117337	2026-07-10 12:44:15	1	3	15	0
        116472	2026-07-10 12:44:17	1	3	15	0
        116346	2026-07-10 12:45:50	1	3	15	0
        117091	2026-07-10 12:46:21	1	3	15	0
        110195	2026-07-10 12:46:30	1	3	15	0
        110832	2026-07-10 12:46:40	1	3	15	0
        119070	2026-07-10 12:46:59	1	3	15	0
        118455	2026-07-10 12:47:08	1	3	15	0
        116483	2026-07-10 12:47:10	1	3	15	0
        110074	2026-07-10 12:47:18	1	3	15	0
        116142	2026-07-10 12:47:22	1	3	15	0
        117120	2026-07-10 12:47:25	1	3	15	0
        119227	2026-07-10 12:47:29	1	3	15	0
        116453	2026-07-10 12:47:41	1	3	15	0
        117660	2026-07-10 12:47:45	1	3	15	0
        117711	2026-07-10 12:47:50	1	3	15	0
        116297	2026-07-10 12:48:09	1	3	15	0
        116053	2026-07-10 12:48:14	1	3	15	0
        116441	2026-07-10 12:48:16	1	3	15	0
        118550	2026-07-10 12:48:32	1	3	15	0
        117114	2026-07-10 12:48:36	1	3	15	0
        117921	2026-07-10 12:48:38	1	3	15	0
        117849	2026-07-10 12:49:27	1	3	15	0
        117709	2026-07-10 12:49:32	1	3	15	0
        117591	2026-07-10 12:49:41	1	3	15	0
        117972	2026-07-10 12:49:48	1	3	15	0
        117575	2026-07-10 12:49:51	1	3	15	0
        119143	2026-07-10 12:49:58	1	3	15	0
        110832	2026-07-10 12:50:02	1	3	15	0
        117817	2026-07-10 12:50:07	1	3	15	0
        117091	2026-07-10 12:50:42	1	3	15	0
        117981	2026-07-10 12:51:04	1	3	15	0
        117580	2026-07-10 12:51:05	1	3	15	0
        116356	2026-07-10 12:51:07	1	3	15	0
        116805	2026-07-10 12:51:13	1	3	15	0
        118369	2026-07-10 12:51:15	1	3	15	0
        116346	2026-07-10 12:51:53	1	3	15	0
        117595	2026-07-10 12:52:44	1	3	15	0
        116356	2026-07-10 12:53:08	1	3	15	0
        117580	2026-07-10 12:53:10	1	3	15	0
        118369	2026-07-10 12:53:15	1	3	15	0
        116805	2026-07-10 12:53:21	1	3	15	0
        117981	2026-07-10 12:53:23	1	3	15	0
        119143	2026-07-10 12:53:33	1	3	15	0
        117972	2026-07-10 12:53:37	1	3	15	0
        117575	2026-07-10 12:53:38	1	3	15	0
        117921	2026-07-10 12:54:05	1	3	15	0
        116142	2026-07-10 12:54:07	1	3	15	0
        117120	2026-07-10 12:54:11	1	3	15	0
        117337	2026-07-10 12:56:00	1	3	15	0
        110462	2026-07-10 12:56:08	1	3	15	0
        116748	2026-07-10 12:57:04	1	3	15	0
        110452	2026-07-10 12:57:28	1	3	15	0
        117993	2026-07-10 12:57:47	1	3	15	0
        117644	2026-07-10 15:14:15	1	3	15	0
        116741	2026-07-10 16:11:32	1	1	15	0
        119449	2026-07-10 16:11:44	1	1	15	0
        117110	2026-07-10 16:27:41	1	1	15	0
        118207	2026-07-10 16:43:48	1	1	15	0
        117733	2026-07-10 16:47:50	1	1	15	0
        119070	2026-07-10 16:48:14	1	1	15	0
        110462	2026-07-10 16:54:58	1	1	15	0
        118593	2026-07-10 16:57:14	1	1	15	0
        117224	2026-07-10 17:00:04	1	1	15	0
        117222	2026-07-10 17:00:47	1	1	15	0
        116824	2026-07-10 17:00:53	1	1	15	0
        116297	2026-07-10 17:01:07	1	1	15	0
        110732	2026-07-10 17:01:26	1	1	15	0
        117591	2026-07-10 17:01:45	1	1	15	0
        110529	2026-07-10 17:01:50	1	1	15	0
        116279	2026-07-10 17:02:06	1	1	15	0
        110832	2026-07-10 17:02:21	1	1	15	0
        110805	2026-07-10 17:02:27	1	1	15	0
        117833	2026-07-10 17:03:08	1	1	15	0
        110625	2026-07-10 17:03:10	1	1	15	0
        118563	2026-07-10 17:03:12	1	1	15	0
        110463	2026-07-10 17:03:29	1	1	15	0
        110807	2026-07-10 17:03:30	1	1	15	0
        117129	2026-07-10 17:03:37	1	1	15	0
        118593	2026-07-10 17:03:44	1	1	15	0
        117921	2026-07-10 17:03:56	1	1	15	0
        110867	2026-07-10 17:04:10	1	1	15	0
        116142	2026-07-10 17:05:07	1	1	15	0
        110808	2026-07-10 17:05:45	1	1	15	0
        110376	2026-07-10 17:06:17	1	1	15	0
        117698	2026-07-10 17:07:01	1	1	15	0
        118157	2026-07-10 17:07:09	1	1	15	0
        119143	2026-07-10 17:07:11	1	1	15	0
        117972	2026-07-10 17:07:14	1	1	15	0
        118186	2026-07-10 17:08:11	1	1	15	0
        116142	2026-07-10 17:09:04	1	1	15	0
        110492	2026-07-10 17:09:13	1	1	15	0
        117683	2026-07-10 17:09:21	1	1	15	0
        116282	2026-07-10 17:09:26	1	1	15	0
        110473	2026-07-10 17:09:27	1	1	15	0
        117120	2026-07-10 17:10:28	1	1	15	0
        117121	2026-07-10 17:10:57	1	1	15	0
        116504	2026-07-10 17:11:17	1	1	15	0
        116914	2026-07-10 17:11:52	1	1	15	0
        117850	2026-07-10 17:12:48	1	1	15	0
        118928	2026-07-10 17:14:11	1	1	15	0
        116129	2026-07-10 17:14:13	1	1	15	0
        118302	2026-07-10 17:16:24	1	1	15	0
        117201	2026-07-10 17:18:44	1	1	15	0
        110465	2026-07-10 17:22:06	1	1	15	0
        117043	2026-07-10 17:22:12	1	1	15	0
        117828	2026-07-10 17:22:17	1	1	15	0
        119263	2026-07-10 17:22:23	1	1	15	0
        110447	2026-07-10 17:23:29	1	1	15	0
        117111	2026-07-10 17:23:39	1	1	15	0
        110833	2026-07-10 17:23:55	1	1	15	0
        117630	2026-07-10 17:24:41	1	1	15	0
        110657	2026-07-10 17:25:03	1	1	15	0
        110859	2026-07-10 17:25:44	1	1	15	0
        116479	2026-07-10 17:27:23	1	1	15	0
        110842	2026-07-10 17:28:10	1	1	15	0
        110128	2026-07-10 17:29:17	1	1	15	0
        110457	2026-07-10 17:30:47	1	1	15	0
        110528	2026-07-10 17:30:49	1	1	15	0
        117543	2026-07-10 17:30:53	1	1	15	0
        110493	2026-07-10 17:30:59	1	1	15	0
        117042	2026-07-10 17:31:30	1	1	15	0
        110495	2026-07-10 17:32:02	1	1	15	0
        117711	2026-07-10 17:33:13	1	1	15	0
        117259	2026-07-10 17:33:28	1	1	15	0
        118455	2026-07-10 17:33:29	1	1	15	0
        117541	2026-07-10 17:33:30	1	1	15	0
        116451	2026-07-10 17:33:56	1	1	15	0
        116477	2026-07-10 17:34:08	1	1	15	0
        110854	2026-07-10 17:34:14	1	1	15	0
        116104	2026-07-10 17:34:38	1	1	15	0
        110070	2026-07-10 17:35:15	1	1	15	0
        119227	2026-07-10 17:35:20	1	1	15	0
        110510	2026-07-10 17:35:27	1	1	15	0
        117723	2026-07-10 17:35:43	1	1	15	0
        117567	2026-07-10 17:38:17	1	1	15	0
        116491	2026-07-10 17:39:45	1	1	15	0
        117926	2026-07-10 17:40:54	1	1	15	0
        118971	2026-07-10 17:41:04	1	1	15	0
        110513	2026-07-10 17:42:25	1	1	15	0
        117849	2026-07-10 17:43:59	1	1	15	0
        117709	2026-07-10 17:47:23	1	1	15	0
        110852	2026-07-10 17:48:31	1	1	15	0
        116805	2026-07-10 17:49:52	1	1	15	0
        118369	2026-07-10 17:49:54	1	1	15	0
        117981	2026-07-10 17:49:59	1	1	15	0
        117580	2026-07-10 17:50:02	1	1	15	0
        116356	2026-07-10 17:50:10	1	1	15	0
        117061	2026-07-10 17:50:17	1	1	15	0
        117497	2026-07-10 17:50:22	1	1	15	0
        117999	2026-07-10 17:52:13	1	1	15	0
        110195	2026-07-10 17:52:23	1	1	15	0
        117993	2026-07-10 17:53:16	1	1	15	0
        119535	2026-07-10 17:55:14	1	1	15	0
        117091	2026-07-10 17:57:04	1	1	15	0
        110011	2026-07-10 17:57:53	1	1	15	0
        116072	2026-07-10 18:01:48	1	1	15	0
        117924	2026-07-10 18:01:50	1	1	15	0
        110116	2026-07-10 18:02:38	1	1	15	0
        110549	2026-07-10 18:02:45	1	1	15	0
        116346	2026-07-10 18:03:42	1	1	15	0
        110418	2026-07-10 18:04:33	1	1	15	0
        118702	2026-07-10 18:05:49	1	1	15	0
        117487	2026-07-10 18:06:00	1	1	15	0
        117122	2026-07-10 18:06:09	1	1	15	0
        116747	2026-07-10 18:07:21	1	1	15	0
        117529	2026-07-10 18:08:27	1	1	15	0
        117529	2026-07-10 18:10:14	1	1	15	0
        110075	2026-07-10 18:17:04	1	1	15	0
        116483	2026-07-10 18:18:14	1	1	15	0
        117114	2026-07-10 18:21:08	1	1	15	0
        117085	2026-07-10 18:21:12	1	1	15	0
        118695	2026-07-10 18:23:05	1	1	15	0
        117337	2026-07-10 18:23:23	1	1	15	0
        117817	2026-07-10 18:24:35	1	1	15	0
        118813	2026-07-10 18:25:45	1	1	15	0
        116310	2026-07-10 18:27:07	1	1	15	0
        116531	2026-07-10 18:27:13	1	1	15	0
        117144	2026-07-10 18:27:25	1	1	15	0
        110088	2026-07-10 18:27:50	1	1	15	0
        117616	2026-07-10 18:31:17	1	1	15	0
        110074	2026-07-10 18:32:58	1	1	15	0
        117236	2026-07-10 18:37:32	1	1	15	0
        116497	2026-07-10 18:41:18	1	1	15	0
        110090	2026-07-10 18:48:32	1	1	15	0
        117680	2026-07-10 19:06:44	1	1	15	0
        117595	2026-07-10 19:13:53	1	1	15	0
        110057	2026-07-10 19:35:26	1	1	15	0
        110025	2026-07-10 19:42:24	1	1	15	0
        119364	2026-07-10 19:42:28	1	1	15	0
        110063	2026-07-10 19:43:42	1	1	15	0
        110158	2026-07-10 20:45:19	1	1	15	0
        116748	2026-07-10 20:45:20	1	1	15	0
        116531	2026-07-11 07:52:06	1	0	15	0
        116310	2026-07-11 07:52:49	1	0	15	0
        117634	2026-07-11 07:57:12	1	0	15	0
        117201	2026-07-11 08:09:46	1	0	15	0
        116531	2026-07-11 12:04:28	1	2	15	0
        116310	2026-07-11 12:04:33	1	2	15	0
        117634	2026-07-11 12:04:40	1	2	15	0
        117634	2026-07-11 12:11:50	1	2	15	0
        116531	2026-07-11 12:11:54	1	2	15	0
        116310	2026-07-11 12:11:56	1	2	15	0
        117201	2026-07-11 12:15:01	1	2	15	0
        117201	2026-07-11 12:29:04	1	2	15	0
        117201	2026-07-11 13:41:26	1	3	15	0
        116310	2026-07-11 17:32:50	1	1	15	0
        116531	2026-07-11 17:32:56	1	1	15	0
        117634	2026-07-11 17:35:57	1	1	15	0
        116831	2026-07-13 03:06:33	1	0	15	0
        110144	2026-07-13 04:33:12	1	0	15	0
        117201	2026-07-13 04:36:25	1	0	15	0
        110535	2026-07-13 05:03:32	1	0	15	0
        118992	2026-07-13 06:20:12	1	0	15	0
        110131	2026-07-13 06:28:11	1	0	15	0
        116799	2026-07-13 06:31:30	1	0	15	0
        110809	2026-07-13 06:32:26	1	0	15	0
        119070	2026-07-13 06:37:03	1	0	15	0
        116274	2026-07-13 06:44:08	1	0	15	0
        110466	2026-07-13 06:48:05	1	0	15	0
        110549	2026-07-13 06:49:34	1	0	15	0
        118744	2026-07-13 06:50:42	1	0	15	0
        110580	2026-07-13 06:52:01	1	0	15	0
        119571	2026-07-13 06:52:42	1	0	15	0
        110371	2026-07-13 06:55:04	1	0	15	0
        117838	2026-07-13 06:57:11	1	0	1	0
        117839	2026-07-13 06:58:25	1	0	15	0
        119143	2026-07-13 06:59:12	1	0	15	0
        110844	2026-07-13 06:59:18	1	0	15	0
        117966	2026-07-13 07:00:22	1	0	15	0
        110529	2026-07-13 07:00:48	1	0	15	0
        118271	2026-07-13 07:01:00	1	0	15	0
        110065	2026-07-13 07:01:21	1	0	15	0
        118027	2026-07-13 07:01:27	1	0	15	0
        117835	2026-07-13 07:01:37	1	0	15	0
        116479	2026-07-13 07:01:56	1	0	15	0
        117770	2026-07-13 07:01:59	1	0	15	0
        110527	2026-07-13 07:02:19	1	0	15	0
        117656	2026-07-13 07:03:37	1	0	1	0
        110581	2026-07-13 07:03:51	1	0	15	0
        117936	2026-07-13 07:04:40	1	0	15	0
        110836	2026-07-13 07:06:04	1	0	15	0
        118563	2026-07-13 07:07:17	1	0	15	0
        110085	2026-07-13 07:07:55	1	0	15	0
        116751	2026-07-13 07:08:34	1	0	15	0
        118750	2026-07-13 07:08:47	1	0	15	0
        110732	2026-07-13 07:09:05	1	0	15	0
        110064	2026-07-13 07:09:16	1	0	1	0
        116960	2026-07-13 07:09:53	1	0	15	0
        117110	2026-07-13 07:10:03	1	0	15	0
        116512	2026-07-13 07:10:08	1	0	15	0
        116483	2026-07-13 07:10:11	1	0	15	0
        118180	2026-07-13 07:10:21	1	0	15	0
        110088	2026-07-13 07:10:59	1	0	15	0
        119449	2026-07-13 07:11:13	1	0	15	0
        117837	2026-07-13 07:12:20	1	0	15	0
        110538	2026-07-13 07:14:10	1	0	15	0
        117645	2026-07-13 07:14:12	1	0	15	0
        110842	2026-07-13 07:15:02	1	0	15	0
        116763	2026-07-13 07:16:45	1	0	15	0
        110832	2026-07-13 07:16:58	1	0	15	0
        117982	2026-07-13 07:17:07	1	0	15	0
        110574	2026-07-13 07:17:57	1	0	15	0
        110100	2026-07-13 07:18:09	1	0	15	0
        110863	2026-07-13 07:18:19	1	0	15	0
        116824	2026-07-13 07:18:51	1	0	15	0
        110507	2026-07-13 07:18:56	1	0	15	0
        110113	2026-07-13 07:19:11	1	0	15	0
        119535	2026-07-13 07:20:22	1	0	15	0
        117039	2026-07-13 07:20:28	1	0	15	0
        117711	2026-07-13 07:20:58	1	0	15	0
        117113	2026-07-13 07:21:14	1	0	15	0
        110510	2026-07-13 07:22:17	1	0	15	0
        110456	2026-07-13 07:22:24	1	0	15	0
        110090	2026-07-13 07:22:36	1	0	15	0
        110199	2026-07-13 07:23:01	1	0	15	0
        117541	2026-07-13 07:23:03	1	0	15	0
        118101	2026-07-13 07:23:39	1	0	15	0
        117769	2026-07-13 07:24:52	1	0	15	0
        118580	2026-07-13 07:25:54	1	0	15	0
        110084	2026-07-13 07:25:58	1	0	15	0
        116834	2026-07-13 07:26:47	1	0	15	0
        110465	2026-07-13 07:26:52	1	0	15	0
        110473	2026-07-13 07:27:00	1	0	15	0
        110819	2026-07-13 07:30:23	1	0	15	0
        116260	2026-07-13 07:30:49	1	0	15	0
        118593	2026-07-13 07:31:09	1	0	15	0
        117680	2026-07-13 07:31:21	1	0	15	0
        116496	2026-07-13 07:31:25	1	0	15	0
        110378	2026-07-13 07:31:49	1	0	15	0
        110462	2026-07-13 07:31:56	1	0	15	0
        117088	2026-07-13 07:32:00	1	0	15	0
        116990	2026-07-13 07:32:53	1	0	15	0
        117709	2026-07-13 07:32:57	1	0	15	0
        110785	2026-07-13 07:33:00	1	0	15	0
        117900	2026-07-13 07:33:03	1	0	15	0
        110424	2026-07-13 07:33:11	1	0	15	0
        117840	2026-07-13 07:33:30	1	0	15	0
        117129	2026-07-13 07:33:46	1	0	15	0
        119272	2026-07-13 07:34:19	1	0	15	0
        119494	2026-07-13 07:34:35	1	0	15	0
        117144	2026-07-13 07:34:57	1	0	15	0
        116747	2026-07-13 07:35:01	1	0	15	0
        116142	2026-07-13 07:35:23	1	0	15	0
        117811	2026-07-13 07:35:32	1	0	15	0
        116472	2026-07-13 07:35:44	1	0	15	0
        117699	2026-07-13 07:35:58	1	0	15	0
        117580	2026-07-13 07:36:37	1	0	15	0
        110633	2026-07-13 07:36:42	1	0	15	0
        110645	2026-07-13 07:36:47	1	0	15	0
        110128	2026-07-13 07:36:52	1	0	15	0
        117091	2026-07-13 07:37:11	1	0	15	0
        118867	2026-07-13 07:37:16	1	0	15	0
        118753	2026-07-13 07:37:17	1	0	15	0
        118455	2026-07-13 07:37:20	1	0	15	0
        110075	2026-07-13 07:37:31	1	0	15	0
        117483	2026-07-13 07:37:42	1	0	15	0
        117162	2026-07-13 07:37:44	1	0	15	0
        116914	2026-07-13 07:37:48	1	0	15	0
        117042	2026-07-13 07:38:00	1	0	15	0
        116451	2026-07-13 07:38:05	1	0	15	0
        119263	2026-07-13 07:38:09	1	0	15	0
        117921	2026-07-13 07:38:13	1	0	15	0
        118782	2026-07-13 07:38:36	1	0	15	0
        116491	2026-07-13 07:38:39	1	0	15	0
        117497	2026-07-13 07:38:41	1	0	15	0
        118732	2026-07-13 07:38:49	1	0	15	0
        110060	2026-07-13 07:39:11	1	0	15	0
        116497	2026-07-13 07:39:27	1	0	15	0
        110854	2026-07-13 07:39:31	1	0	15	0
        110632	2026-07-13 07:39:45	1	0	15	0
        116741	2026-07-13 07:39:52	1	0	15	0
        117121	2026-07-13 07:39:59	1	0	15	0
        117972	2026-07-13 07:40:23	1	0	15	0
        117224	2026-07-13 07:40:25	1	0	15	0
        110810	2026-07-13 07:40:27	1	0	15	0
        118598	2026-07-13 07:40:48	1	0	15	0
        116504	2026-07-13 07:41:09	1	0	15	0
        110475	2026-07-13 07:41:37	1	0	15	0
        116428	2026-07-13 07:41:42	1	0	15	0
        110457	2026-07-13 07:42:05	1	0	15	0
        110528	2026-07-13 07:43:37	1	0	15	0
        110116	2026-07-13 07:43:41	1	0	15	0
        110807	2026-07-13 07:44:17	1	0	15	0
        117543	2026-07-13 07:44:22	1	0	15	0
        117635	2026-07-13 07:44:30	1	0	15	0
        117337	2026-07-13 07:44:52	1	0	15	0
        116383	2026-07-13 07:45:04	1	0	15	0
        118584	2026-07-13 07:45:27	1	0	15	0
        117487	2026-07-13 07:45:52	1	0	15	0
        116346	2026-07-13 07:45:54	1	0	15	0
        117092	2026-07-13 07:45:58	1	0	15	0
        116477	2026-07-13 07:46:05	1	0	15	0
        117616	2026-07-13 07:46:26	1	0	15	0
        118369	2026-07-13 07:46:50	1	0	15	0
        117723	2026-07-13 07:46:58	1	0	15	0
        110355	2026-07-13 07:47:01	1	0	15	0
        110356	2026-07-13 07:47:03	1	0	15	0
        117542	2026-07-13 07:47:17	1	0	15	0
        116072	2026-07-13 07:47:25	1	0	15	0
        117742	2026-07-13 07:47:30	1	0	15	0
        110492	2026-07-13 07:47:34	1	0	15	0
        117259	2026-07-13 07:48:05	1	0	15	0
        117196	2026-07-13 07:48:14	1	0	15	0
        117807	2026-07-13 07:48:30	1	0	15	0
        110493	2026-07-13 07:48:37	1	0	15	0
        117043	2026-07-13 07:48:41	1	0	15	0
        116828	2026-07-13 07:48:48	1	0	1	0
        116787	2026-07-13 07:49:17	1	0	15	0
        117971	2026-07-13 07:49:41	1	0	15	0
        117812	2026-07-13 07:49:51	1	0	15	0
        116252	2026-07-13 07:49:57	1	0	15	0
        110201	2026-07-13 07:50:50	1	0	15	0
        117981	2026-07-13 07:51:10	1	0	15	0
        118761	2026-07-13 07:51:16	1	0	15	0
        117983	2026-07-13 07:51:18	1	0	15	0
        117061	2026-07-13 07:51:28	1	0	15	0
        116356	2026-07-13 07:51:35	1	0	15	0
        117965	2026-07-13 07:51:51	1	0	15	0
        116778	2026-07-13 07:52:06	1	0	15	0
        110070	2026-07-13 07:52:21	1	0	15	0
        110513	2026-07-13 07:52:26	1	0	15	0
        117591	2026-07-13 07:52:34	1	0	15	0
        117046	2026-07-13 07:52:39	1	0	15	0
        117120	2026-07-13 07:52:44	1	0	15	0
        110370	2026-07-13 07:52:48	1	0	15	0
        110834	2026-07-13 07:52:51	1	0	15	0
        116933	2026-07-13 07:53:03	1	0	15	0
        119364	2026-07-13 07:53:48	1	0	15	0
        110463	2026-07-13 07:53:52	1	0	15	0
        110006	2026-07-13 07:53:57	1	0	15	0
        110625	2026-07-13 07:54:20	1	0	15	0
        117833	2026-07-13 07:54:21	1	0	15	0
        110055	2026-07-13 07:54:25	1	0	15	0
        116995	2026-07-13 07:54:28	1	0	15	0
        117684	2026-07-13 07:54:41	1	0	15	0
        117528	2026-07-13 07:56:27	1	0	15	0
        110808	2026-07-13 07:56:48	1	0	15	0
        110197	2026-07-13 07:57:19	1	0	15	0
        110195	2026-07-13 07:57:23	1	0	15	0
        116849	2026-07-13 07:57:30	1	0	15	0
        117567	2026-07-13 07:57:32	1	0	15	0
        110105	2026-07-13 07:57:32	1	0	15	0
        119227	2026-07-13 07:57:37	1	0	15	0
        110657	2026-07-13 07:57:48	1	0	15	0
        110025	2026-07-13 07:57:57	1	0	15	0
        116069	2026-07-13 07:58:03	1	0	15	0
        116073	2026-07-13 07:58:10	1	0	15	0
        117930	2026-07-13 07:59:18	1	0	15	0
        117926	2026-07-13 07:59:36	1	0	15	0
        110413	2026-07-13 08:00:00	1	0	15	0
        117920	2026-07-13 08:00:58	1	0	15	0
        110450	2026-07-13 08:03:11	1	0	15	0
        110057	2026-07-13 08:03:15	1	0	15	0
        110867	2026-07-13 08:03:26	1	0	15	0
        110859	2026-07-13 08:03:30	1	0	15	0
        118207	2026-07-13 08:03:33	1	0	15	0
        110354	2026-07-13 08:03:38	1	0	15	0
        110158	2026-07-13 08:03:41	1	0	15	0
        119157	2026-07-13 08:03:44	1	0	15	0
        117092	2026-07-13 08:03:53	1	0	15	0
        116805	2026-07-13 08:05:10	1	0	15	0
        117122	2026-07-13 08:05:19	1	0	15	0
        110839	2026-07-13 08:05:22	1	0	15	0
        117924	2026-07-13 08:06:13	1	0	15	0
        117660	2026-07-13 08:06:19	1	0	15	0
        110852	2026-07-13 08:07:13	1	0	15	0
        118302	2026-07-13 08:07:18	1	0	15	0
        117114	2026-07-13 08:07:29	1	0	15	0
        110376	2026-07-13 08:07:36	1	0	15	0
        119282	2026-07-13 08:08:08	1	0	15	0
        119583	2026-07-13 08:08:36	1	0	15	0
        119594	2026-07-13 08:10:07	1	0	15	0
        117595	2026-07-13 08:10:36	1	0	15	0
        110840	2026-07-13 08:10:54	1	0	15	0
        116441	2026-07-13 08:11:17	1	0	15	0
        110452	2026-07-13 08:11:49	1	0	15	0
        117529	2026-07-13 08:12:11	1	0	15	0
        116053	2026-07-13 08:12:15	1	0	15	0
        116748	2026-07-13 08:12:38	1	0	15	0
        118550	2026-07-13 08:13:06	1	0	15	0
        117849	2026-07-13 08:14:05	1	0	15	0
        118971	2026-07-13 08:14:15	1	0	15	0
        117817	2026-07-13 08:14:57	1	0	15	0
        110050	2026-07-13 08:16:02	1	0	15	0
        117733	2026-07-13 08:16:47	1	0	15	0
        118427	2026-07-13 08:17:40	1	0	15	0
        110431	2026-07-13 08:20:56	1	0	15	0
        110077	2026-07-13 08:21:02	1	0	15	0
        117828	2026-07-13 08:21:09	1	0	15	0
        116279	2026-07-13 08:21:14	1	0	15	0
        118695	2026-07-13 08:25:53	1	0	15	0
        110805	2026-07-13 08:26:19	1	0	15	0
        116453	2026-07-13 08:27:07	1	0	15	0
        117575	2026-07-13 08:27:20	1	0	15	0
        117236	2026-07-13 08:28:33	1	0	15	0
        118046	2026-07-13 08:29:30	1	0	15	0
        117630	2026-07-13 08:29:37	1	0	15	0
        117085	2026-07-13 08:32:53	1	0	15	0
        110063	2026-07-13 08:41:24	1	0	15	0
        116166	2026-07-13 08:41:29	1	0	15	0
        110040	2026-07-13 08:45:57	1	0	15	0
        119386	2026-07-13 08:49:31	1	0	15	0
        117111	2026-07-13 08:50:37	1	0	15	0
        110436	2026-07-13 08:53:04	1	0	15	0
        110172	2026-07-13 08:53:21	1	0	15	0
        117054	2026-07-13 08:55:56	1	0	15	0
        118702	2026-07-13 09:04:56	1	0	15	0
        118458	2026-07-13 09:24:50	1	0	15	0
        110495	2026-07-13 09:26:16	1	0	15	0
        117692	2026-07-13 09:42:17	1	0	15	0
        110527	2026-07-13 12:00:04	1	2	15	0
        110529	2026-07-13 12:00:09	1	2	15	0
        110376	2026-07-13 12:00:13	1	2	15	0
        110413	2026-07-13 12:00:17	1	2	15	0
        110195	2026-07-13 12:00:21	1	2	15	0
        110465	2026-07-13 12:00:25	1	2	15	0
        110842	2026-07-13 12:00:27	1	2	15	0
        110463	2026-07-13 12:00:28	1	2	15	0
        110807	2026-07-13 12:00:30	1	2	15	0
        110832	2026-07-13 12:00:32	1	2	15	0
        110840	2026-07-13 12:00:34	1	2	15	0
        110450	2026-07-13 12:00:37	1	2	15	0
        110657	2026-07-13 12:00:39	1	2	15	0
        118744	2026-07-13 12:00:41	1	2	15	0
        117656	2026-07-13 12:00:43	1	2	1	0
        110808	2026-07-13 12:00:44	1	2	15	0
        110839	2026-07-13 12:00:47	1	2	15	0
        116995	2026-07-13 12:00:48	1	2	15	0
        116990	2026-07-13 12:00:50	1	2	15	0
        116383	2026-07-13 12:00:52	1	2	15	0
        116914	2026-07-13 12:00:54	1	2	15	0
        110055	2026-07-13 12:00:56	1	2	15	0
        110452	2026-07-13 12:00:58	1	2	15	0
        119535	2026-07-13 12:01:00	1	2	15	0
        119449	2026-07-13 12:01:03	1	2	15	0
        118563	2026-07-13 12:01:06	1	2	15	0
        110436	2026-07-13 12:01:08	1	2	15	0
        110549	2026-07-13 12:01:10	1	2	15	0
        110431	2026-07-13 12:01:12	1	2	15	0
        118992	2026-07-13 12:01:14	1	2	15	0
        110810	2026-07-13 12:01:15	1	2	15	0
        116824	2026-07-13 12:01:17	1	2	15	0
        110172	2026-07-13 12:01:19	1	2	15	0
        118458	2026-07-13 12:01:21	1	2	15	0
        110528	2026-07-13 12:01:23	1	2	15	0
        117092	2026-07-13 12:01:25	1	2	15	0
        117529	2026-07-13 12:01:27	1	2	15	0
        117972	2026-07-13 12:01:30	1	2	15	0
        116748	2026-07-13 12:01:31	1	2	15	0
        117983	2026-07-13 12:01:33	1	2	15	0
        110834	2026-07-13 12:01:35	1	2	15	0
        117120	2026-07-13 12:01:36	1	2	15	0
        116142	2026-07-13 12:01:38	1	2	15	0
        119227	2026-07-13 12:01:40	1	2	15	0
        110507	2026-07-13 12:01:41	1	2	15	0
        110805	2026-07-13 12:01:43	1	2	15	0
        110625	2026-07-13 12:01:45	1	2	15	0
        116252	2026-07-13 12:01:48	1	2	15	0
        110355	2026-07-13 12:01:51	1	2	15	0
        117567	2026-07-13 12:01:52	1	2	15	0
        110356	2026-07-13 12:01:55	1	2	15	0
        116751	2026-07-13 12:02:06	1	2	15	0
        117259	2026-07-13 12:02:10	1	2	15	0
        118455	2026-07-13 12:02:12	1	2	15	0
        117541	2026-07-13 12:02:14	1	2	15	0
        118027	2026-07-13 12:02:16	1	2	15	0
        118101	2026-07-13 12:02:20	1	2	15	0
        117770	2026-07-13 12:02:21	1	2	15	0
        117812	2026-07-13 12:02:24	1	2	15	0
        110116	2026-07-13 12:02:25	1	2	15	0
        117837	2026-07-13 12:02:28	1	2	15	0
        110510	2026-07-13 12:02:29	1	2	15	0
        110854	2026-07-13 12:02:31	1	2	15	0
        110113	2026-07-13 12:02:36	1	2	15	0
        116491	2026-07-13 12:02:41	1	2	15	0
        117110	2026-07-13 12:02:43	1	2	15	0
        110105	2026-07-13 12:02:47	1	2	15	0
        117930	2026-07-13 12:02:49	1	2	15	0
        118302	2026-07-13 12:02:56	1	2	15	0
        117113	2026-07-13 12:03:02	1	2	15	0
        110085	2026-07-13 12:03:04	1	2	15	0
        117224	2026-07-13 12:03:05	1	2	15	0
        117817	2026-07-13 12:03:15	1	2	15	0
        118584	2026-07-13 12:03:21	1	2	15	0
        110354	2026-07-13 12:03:24	1	2	15	0
        117129	2026-07-13 12:03:26	1	2	15	0
        117497	2026-07-13 12:03:28	1	2	15	0
        110199	2026-07-13 12:03:30	1	2	15	0
        117122	2026-07-13 12:03:32	1	2	15	0
        110456	2026-07-13 12:03:35	1	2	15	0
        116453	2026-07-13 12:03:37	1	2	15	0
        118744	2026-07-13 12:03:42	1	2	15	0
        117656	2026-07-13 12:03:44	1	2	1	0
        117529	2026-07-13 12:03:50	1	2	15	0
        110378	2026-07-13 12:03:54	1	2	15	0
        110088	2026-07-13 12:03:55	1	2	15	0
        117144	2026-07-13 12:03:57	1	2	15	0
        117833	2026-07-13 12:03:59	1	2	15	0
        117616	2026-07-13 12:04:01	1	2	15	0
        117680	2026-07-13 12:04:07	1	2	15	0
        117092	2026-07-13 12:04:12	1	2	15	0
        110413	2026-07-13 12:04:29	1	2	15	0
        117630	2026-07-13 12:04:37	1	2	15	0
        110840	2026-07-13 12:04:39	1	2	15	0
        110055	2026-07-13 12:04:40	1	2	15	0
        110355	2026-07-13 12:04:46	1	2	15	0
        110356	2026-07-13 12:04:47	1	2	15	0
        110633	2026-07-13 12:04:49	1	2	15	0
        117162	2026-07-13 12:04:52	1	2	15	0
        116990	2026-07-13 12:04:54	1	2	15	0
        116279	2026-07-13 12:04:57	1	2	15	0
        117259	2026-07-13 12:05:05	1	2	15	0
        118455	2026-07-13 12:05:07	1	2	15	0
        110529	2026-07-13 12:05:09	1	2	15	0
        118101	2026-07-13 12:05:11	1	2	15	0
        110657	2026-07-13 12:05:13	1	2	15	0
        110839	2026-07-13 12:05:14	1	2	15	0
        117541	2026-07-13 12:05:16	1	2	15	0
        119535	2026-07-13 12:05:18	1	2	15	0
        110808	2026-07-13 12:05:20	1	2	15	0
        110549	2026-07-13 12:05:23	1	2	15	0
        118207	2026-07-13 12:05:24	1	2	15	0
        110431	2026-07-13 12:05:26	1	2	15	0
        110832	2026-07-13 12:05:28	1	2	15	0
        110450	2026-07-13 12:05:29	1	2	15	0
        110436	2026-07-13 12:05:32	1	2	15	0
        117828	2026-07-13 12:05:34	1	2	15	0
        118580	2026-07-13 12:05:35	1	2	15	0
        110538	2026-07-13 12:05:37	1	2	15	0
        118563	2026-07-13 12:05:39	1	2	15	0
        116914	2026-07-13 12:05:42	1	2	15	0
        116748	2026-07-13 12:05:44	1	2	15	0
        117543	2026-07-13 12:05:46	1	2	15	0
        110809	2026-07-13 12:05:49	1	2	15	0
        110819	2026-07-13 12:05:52	1	2	15	0
        117120	2026-07-13 12:05:54	1	2	15	0
        110064	2026-07-13 12:05:59	1	2	1	0
        110632	2026-07-13 12:06:01	1	2	15	0
        116383	2026-07-13 12:06:04	1	2	15	0
        117983	2026-07-13 12:06:05	1	2	15	0
        110465	2026-07-13 12:06:07	1	2	15	0
        117920	2026-07-13 12:06:09	1	2	15	0
        110088	2026-07-13 12:06:10	1	2	15	0
        110463	2026-07-13 12:06:12	1	2	15	0
        110172	2026-07-13 12:06:14	1	2	15	0
        117129	2026-07-13 12:06:16	1	2	15	0
        110084	2026-07-13 12:06:18	1	2	15	0
        110473	2026-07-13 12:06:21	1	2	15	0
        110070	2026-07-13 12:06:23	1	2	15	0
        116069	2026-07-13 12:06:26	1	2	15	0
        118584	2026-07-13 12:06:28	1	2	15	0
        110842	2026-07-13 12:06:30	1	2	15	0
        117742	2026-07-13 12:06:32	1	2	15	0
        110810	2026-07-13 12:06:33	1	2	15	0
        117807	2026-07-13 12:06:34	1	2	15	0
        116995	2026-07-13 12:06:37	1	2	15	0
        116824	2026-07-13 12:06:39	1	2	15	0
        118458	2026-07-13 12:06:41	1	2	15	0
        116491	2026-07-13 12:06:44	1	2	15	0
        110370	2026-07-13 12:06:48	1	2	15	0
        110113	2026-07-13 12:06:50	1	2	15	0
        110158	2026-07-13 12:06:54	1	2	15	0
        110785	2026-07-13 12:06:57	1	2	15	0
        110492	2026-07-13 12:07:00	1	2	15	0
        110510	2026-07-13 12:07:04	1	2	15	0
        117113	2026-07-13 12:07:14	1	2	15	0
        110854	2026-07-13 12:07:18	1	2	15	0
        110424	2026-07-13 12:07:24	1	2	15	0
        116472	2026-07-13 12:07:25	1	2	15	0
        110805	2026-07-13 12:07:27	1	2	15	0
        119227	2026-07-13 12:07:29	1	2	15	0
        117982	2026-07-13 12:07:31	1	2	15	0
        117921	2026-07-13 12:07:33	1	2	15	0
        117692	2026-07-13 12:07:35	1	2	15	0
        116747	2026-07-13 12:07:37	1	2	15	0
        118180	2026-07-13 12:07:39	1	2	15	0
        110834	2026-07-13 12:07:41	1	2	15	0
        116279	2026-07-13 12:07:46	1	2	15	0
        110527	2026-07-13 12:07:55	1	2	15	0
        117201	2026-07-13 12:08:01	1	2	15	0
        110128	2026-07-13 12:08:07	1	2	15	0
        110456	2026-07-13 12:08:13	1	2	15	0
        110199	2026-07-13 12:08:16	1	2	15	0
        118207	2026-07-13 12:08:18	1	2	15	0
        116834	2026-07-13 12:08:20	1	2	15	0
        117567	2026-07-13 12:08:35	1	2	15	0
        110852	2026-07-13 12:08:40	1	2	15	0
        117817	2026-07-13 12:08:47	1	2	15	0
        110063	2026-07-13 12:08:53	1	2	15	0
        117828	2026-07-13 12:08:59	1	2	15	0
        116799	2026-07-13 12:09:10	1	2	15	0
        117542	2026-07-13 12:09:14	1	2	15	0
        110507	2026-07-13 12:09:17	1	2	15	0
        116453	2026-07-13 12:09:20	1	2	15	0
        110867	2026-07-13 12:09:23	1	2	15	0
        117595	2026-07-13 12:09:38	1	2	15	0
        117920	2026-07-13 12:09:43	1	2	15	0
        116477	2026-07-13 12:09:47	1	2	15	0
        110060	2026-07-13 12:09:52	1	2	15	0
        118427	2026-07-13 12:09:54	1	2	15	0
        116960	2026-07-13 12:09:56	1	2	15	0
        110371	2026-07-13 12:10:00	1	2	15	0
        117900	2026-07-13 12:10:01	1	2	15	0
        110863	2026-07-13 12:10:03	1	2	15	0
        116252	2026-07-13 12:10:06	1	2	15	0
        110378	2026-07-13 12:10:08	1	2	15	0
        110528	2026-07-13 12:10:10	1	2	15	0
        118580	2026-07-13 12:10:11	1	2	15	0
        110105	2026-07-13 12:10:14	1	2	15	0
        110538	2026-07-13 12:10:17	1	2	15	0
        110084	2026-07-13 12:10:20	1	2	15	0
        110077	2026-07-13 12:10:24	1	2	15	0
        110354	2026-07-13 12:10:28	1	2	15	0
        117616	2026-07-13 12:10:29	1	2	15	0
        110070	2026-07-13 12:10:32	1	2	15	0
        110807	2026-07-13 12:10:44	1	2	15	0
        117497	2026-07-13 12:11:02	1	2	15	0
        110632	2026-07-13 12:11:08	1	2	15	0
        117982	2026-07-13 12:11:14	1	2	15	0
        117224	2026-07-13 12:11:16	1	2	15	0
        117543	2026-07-13 12:11:19	1	2	15	0
        117692	2026-07-13 12:11:20	1	2	15	0
        117921	2026-07-13 12:11:23	1	2	15	0
        118992	2026-07-13 12:11:34	1	2	15	0
        110492	2026-07-13 12:11:36	1	2	15	0
        116483	2026-07-13 12:11:50	1	2	15	0
        118427	2026-07-13 12:11:53	1	2	15	0
        116142	2026-07-13 12:11:55	1	2	15	0
        116504	2026-07-13 12:11:58	1	2	15	0
        117837	2026-07-13 12:12:12	1	2	15	0
        117812	2026-07-13 12:12:13	1	2	15	0
        117770	2026-07-13 12:12:16	1	2	15	0
        117699	2026-07-13 12:12:46	1	2	15	0
        116428	2026-07-13 12:12:54	1	2	15	0
        117121	2026-07-13 12:12:56	1	2	15	0
        110625	2026-07-13 12:13:00	1	2	15	0
        117742	2026-07-13 12:13:18	1	2	15	0
        110090	2026-07-13 12:13:19	1	2	15	0
        117807	2026-07-13 12:13:21	1	2	15	0
        116453	2026-07-13 12:13:24	1	2	15	0
        118782	2026-07-13 12:13:26	1	2	15	0
        110063	2026-07-13 12:13:31	1	2	15	0
        118761	2026-07-13 12:13:35	1	2	15	0
        116069	2026-07-13 12:13:38	1	2	15	0
        118180	2026-07-13 12:13:45	1	2	15	0
        117630	2026-07-13 12:13:46	1	2	15	0
        110064	2026-07-13 12:14:14	1	2	1	0
        118593	2026-07-13 12:14:20	1	2	15	0
        117236	2026-07-13 12:14:22	1	2	15	0
        117144	2026-07-13 12:14:24	1	2	15	0
        119282	2026-07-13 12:14:35	1	2	15	0
        117201	2026-07-13 12:14:38	1	2	15	0
        110090	2026-07-13 12:14:45	1	2	15	0
        119157	2026-07-13 12:14:52	1	2	15	0
        117114	2026-07-13 12:14:54	1	2	15	0
        110197	2026-07-13 12:14:59	1	2	15	0
        110116	2026-07-13 12:15:04	1	2	15	0
        110371	2026-07-13 12:15:19	1	2	15	0
        110863	2026-07-13 12:15:21	1	2	15	0
        119386	2026-07-13 12:15:23	1	2	15	0
        117900	2026-07-13 12:15:25	1	2	15	0
        110060	2026-07-13 12:15:29	1	2	15	0
        116960	2026-07-13 12:15:31	1	2	15	0
        116799	2026-07-13 12:15:35	1	2	15	0
        110513	2026-07-13 12:15:58	1	2	15	0
        117046	2026-07-13 12:16:00	1	2	15	0
        118971	2026-07-13 12:16:03	1	2	15	0
        117733	2026-07-13 12:16:19	1	2	15	0
        117595	2026-07-13 12:16:24	1	2	15	0
        118732	2026-07-13 12:16:27	1	2	15	0
        110466	2026-07-13 12:16:30	1	2	15	0
        119386	2026-07-13 12:16:32	1	2	15	0
        118271	2026-07-13 12:16:50	1	2	15	0
        116274	2026-07-13 12:16:52	1	2	15	0
        116483	2026-07-13 12:17:02	1	2	15	0
        116504	2026-07-13 12:17:05	1	2	15	0
        110376	2026-07-13 12:17:22	1	2	15	0
        116346	2026-07-13 12:17:26	1	2	15	0
        110025	2026-07-13 12:17:27	1	2	15	0
        117542	2026-07-13 12:17:32	1	2	15	0
        110462	2026-07-13 12:17:34	1	2	15	0
        119263	2026-07-13 12:17:36	1	2	15	0
        117839	2026-07-13 12:17:41	1	2	15	0
        110077	2026-07-13 12:17:44	1	2	15	0
        119594	2026-07-13 12:17:48	1	2	15	0
        117811	2026-07-13 12:17:49	1	2	15	0
        117936	2026-07-13 12:17:52	1	2	15	0
        117645	2026-07-13 12:17:52	1	2	15	0
        117840	2026-07-13 12:17:55	1	2	15	0
        119272	2026-07-13 12:17:58	1	2	15	0
        110100	2026-07-13 12:18:02	1	2	15	0
        117733	2026-07-13 12:18:07	1	2	15	0
        117833	2026-07-13 12:18:26	1	2	15	0
        116849	2026-07-13 12:18:38	1	2	15	0
        116787	2026-07-13 12:18:42	1	2	15	0
        116778	2026-07-13 12:18:44	1	2	15	0
        110859	2026-07-13 12:18:46	1	2	15	0
        119282	2026-07-13 12:18:54	1	2	15	0
        119157	2026-07-13 12:19:02	1	2	15	0
        110819	2026-07-13 12:19:08	1	2	15	0
        117835	2026-07-13 12:19:11	1	2	15	0
        118732	2026-07-13 12:19:14	1	2	15	0
        117121	2026-07-13 12:19:24	1	2	15	0
        118782	2026-07-13 12:19:26	1	2	15	0
        117114	2026-07-13 12:19:34	1	2	15	0
        117110	2026-07-13 12:19:42	1	2	15	0
        116166	2026-07-13 12:19:47	1	2	15	0
        119594	2026-07-13 12:19:49	1	2	15	0
        117088	2026-07-13 12:19:53	1	2	15	0
        117811	2026-07-13 12:19:55	1	2	15	0
        117042	2026-07-13 12:19:59	1	2	15	0
        116451	2026-07-13 12:20:01	1	2	15	0
        116346	2026-07-13 12:20:05	1	2	15	0
        116428	2026-07-13 12:20:07	1	2	15	0
        118761	2026-07-13 12:20:09	1	2	15	0
        110025	2026-07-13 12:20:11	1	2	15	0
        117122	2026-07-13 12:20:14	1	2	15	0
        110100	2026-07-13 12:20:19	1	2	15	0
        110466	2026-07-13 12:20:23	1	2	15	0
        116778	2026-07-13 12:20:35	1	2	15	0
        119449	2026-07-13 12:21:12	1	2	15	0
        117162	2026-07-13 12:21:21	1	2	15	0
        116849	2026-07-13 12:21:26	1	2	15	0
        116787	2026-07-13 12:21:29	1	2	15	0
        110128	2026-07-13 12:21:32	1	2	15	0
        118271	2026-07-13 12:22:12	1	2	15	0
        116274	2026-07-13 12:22:17	1	2	15	0
        110732	2026-07-13 12:22:23	1	2	15	0
        110580	2026-07-13 12:22:44	1	2	15	0
        110581	2026-07-13 12:22:50	1	2	15	0
        118598	2026-07-13 12:22:57	1	2	15	0
        118550	2026-07-13 12:23:03	1	2	15	0
        116451	2026-07-13 12:23:15	1	2	15	0
        117839	2026-07-13 12:23:18	1	2	15	0
        117840	2026-07-13 12:23:20	1	2	15	0
        117936	2026-07-13 12:23:23	1	2	15	0
        117645	2026-07-13 12:23:25	1	2	15	0
        116751	2026-07-13 12:23:42	1	2	15	0
        116763	2026-07-13 12:24:04	1	2	15	0
        116072	2026-07-13 12:24:26	1	2	15	0
        110457	2026-07-13 12:24:27	1	2	15	0
        117042	2026-07-13 12:24:35	1	2	15	0
        117924	2026-07-13 12:24:37	1	2	15	0
        119070	2026-07-13 12:24:39	1	2	15	0
        116497	2026-07-13 12:24:42	1	2	15	0
        116834	2026-07-13 12:25:18	1	2	15	0
        118971	2026-07-13 12:25:25	1	2	15	0
        118744	2026-07-13 12:25:36	1	2	15	0
        110495	2026-07-13 12:26:16	1	2	15	0
        110493	2026-07-13 12:26:20	1	2	15	0
        118753	2026-07-13 12:26:28	1	2	15	0
        110836	2026-07-13 12:26:32	1	2	15	0
        117814	2026-07-13 12:26:35	1	2	15	0
        117085	2026-07-13 12:26:37	1	2	15	0
        110844	2026-07-13 12:26:42	1	2	15	0
        117054	2026-07-13 12:27:01	1	2	15	0
        117684	2026-07-13 12:27:16	1	2	15	0
        110645	2026-07-13 12:27:18	1	2	15	0
        117971	2026-07-13 12:27:19	1	2	15	0
        118753	2026-07-13 12:27:56	1	2	15	0
        119386	2026-07-13 12:28:14	1	2	15	0
        118598	2026-07-13 12:28:19	1	2	15	0
        118695	2026-07-13 12:28:22	1	2	15	0
        117337	2026-07-13 12:28:25	1	2	15	0
        110633	2026-07-13 12:28:30	1	2	15	0
        117111	2026-07-13 12:28:41	1	2	15	0
        117088	2026-07-13 12:29:12	1	2	15	0
        117926	2026-07-13 12:29:25	1	2	15	0
        117699	2026-07-13 12:29:44	1	2	15	0
        117591	2026-07-13 12:29:48	1	2	15	0
        117924	2026-07-13 12:29:56	1	2	15	0
        119070	2026-07-13 12:29:56	1	2	15	0
        110457	2026-07-13 12:30:02	1	2	15	0
        116072	2026-07-13 12:30:04	1	2	15	0
        116497	2026-07-13 12:30:06	1	2	15	0
        117046	2026-07-13 12:30:26	1	2	15	0
        110513	2026-07-13 12:30:30	1	2	15	0
        110495	2026-07-13 12:30:42	1	2	15	0
        117043	2026-07-13 12:30:45	1	2	15	0
        110493	2026-07-13 12:30:48	1	2	15	0
        117684	2026-07-13 12:31:00	1	3	15	0
        110645	2026-07-13 12:31:02	1	3	15	0
        117971	2026-07-13 12:31:06	1	3	15	0
        118027	2026-07-13 12:31:11	1	3	15	0
        117054	2026-07-13 12:31:17	1	3	15	0
        117723	2026-07-13 12:31:24	1	3	15	0
        118702	2026-07-13 12:31:26	1	3	15	0
        117487	2026-07-13 12:31:28	1	3	15	0
        110836	2026-07-13 12:31:35	1	3	15	0
        110844	2026-07-13 12:31:39	1	3	15	0
        117580	2026-07-13 12:31:42	1	3	15	0
        110475	2026-07-13 12:31:58	1	3	15	0
        119494	2026-07-13 12:32:03	1	3	15	0
        117849	2026-07-13 12:32:07	1	3	15	0
        117709	2026-07-13 12:32:21	1	3	15	0
        117711	2026-07-13 12:32:29	1	3	15	0
        117528	2026-07-13 12:32:33	1	3	15	0
        117965	2026-07-13 12:32:40	1	3	15	0
        110201	2026-07-13 12:32:44	1	3	15	0
        110065	2026-07-13 12:32:54	1	3	15	0
        119583	2026-07-13 12:33:12	1	3	15	0
        110050	2026-07-13 12:34:16	1	3	15	0
        110006	2026-07-13 12:34:21	1	3	15	0
        117591	2026-07-13 12:34:37	1	3	15	0
        117580	2026-07-13 12:35:12	1	3	15	0
        117487	2026-07-13 12:35:16	1	3	15	0
        118702	2026-07-13 12:35:18	1	3	15	0
        117723	2026-07-13 12:35:21	1	3	15	0
        110006	2026-07-13 12:35:28	1	3	15	0
        110158	2026-07-13 12:36:12	1	3	15	0
        118302	2026-07-13 12:36:35	1	3	15	0
        110065	2026-07-13 12:36:40	1	3	15	0
        110197	2026-07-13 12:36:42	1	3	15	0
        117835	2026-07-13 12:36:47	1	3	15	0
        119583	2026-07-13 12:36:51	1	3	15	0
        110050	2026-07-13 12:37:26	1	3	15	0
        110785	2026-07-13 12:37:33	1	3	15	0
        117528	2026-07-13 12:37:37	1	3	15	0
        116477	2026-07-13 12:38:20	1	3	15	0
        117965	2026-07-13 12:38:26	1	3	15	0
        110201	2026-07-13 12:39:01	1	3	15	0
        110574	2026-07-13 12:39:39	1	3	15	0
        110852	2026-07-13 12:39:43	1	3	15	0
        117849	2026-07-13 12:39:57	1	3	15	0
        117709	2026-07-13 12:40:01	1	3	15	0
        119494	2026-07-13 12:40:04	1	3	15	0
        116763	2026-07-13 12:40:19	1	3	15	0
        117680	2026-07-13 12:40:42	1	3	15	0
        116053	2026-07-13 12:40:52	1	3	15	0
        116828	2026-07-13 12:40:56	1	3	1	0
        117660	2026-07-13 12:41:02	1	3	15	0
        117711	2026-07-13 12:41:05	1	3	15	0
        116741	2026-07-13 12:41:30	1	3	15	0
        116441	2026-07-13 12:41:32	1	3	15	0
        110809	2026-07-13 12:42:22	1	3	15	0
        118046	2026-07-13 12:42:35	1	3	15	0
        110131	2026-07-13 12:42:40	1	3	15	0
        116472	2026-07-13 12:43:11	1	3	15	0
        116747	2026-07-13 12:43:14	1	3	15	0
        110424	2026-07-13 12:43:16	1	3	15	0
        110370	2026-07-13 12:43:19	1	3	15	0
        110085	2026-07-13 12:43:52	1	3	15	0
        116053	2026-07-13 12:44:03	1	3	15	0
        117660	2026-07-13 12:44:09	1	3	15	0
        116441	2026-07-13 12:44:19	1	3	15	0
        116741	2026-07-13 12:44:21	1	3	15	0
        116828	2026-07-13 12:45:19	1	3	1	0
        118046	2026-07-13 12:45:34	1	3	15	0
        110057	2026-07-13 12:45:37	1	3	15	0
        119364	2026-07-13 12:45:40	1	3	15	0
        110075	2026-07-13 12:45:43	1	3	15	0
        116260	2026-07-13 12:45:54	1	3	15	0
        117926	2026-07-13 12:46:48	1	3	15	0
        110859	2026-07-13 12:47:03	1	3	15	0
        118593	2026-07-13 12:47:55	1	3	15	0
        117236	2026-07-13 12:48:00	1	3	15	0
        118695	2026-07-13 12:48:27	1	3	15	0
        117085	2026-07-13 12:48:29	1	3	15	0
        117111	2026-07-13 12:48:31	1	3	15	0
        119272	2026-07-13 12:48:35	1	3	15	0
        117337	2026-07-13 12:48:37	1	3	15	0
        118550	2026-07-13 12:48:52	1	3	15	0
        119263	2026-07-13 12:49:31	1	3	15	0
        110131	2026-07-13 12:49:51	1	3	15	0
        117100	2026-07-13 12:50:00	1	3	15	0
        117043	2026-07-13 12:50:05	1	3	15	0
        110447	2026-07-13 12:50:10	1	3	15	0
        110462	2026-07-13 12:50:25	1	3	15	0
        116356	2026-07-13 12:50:41	1	3	15	0
        117659	2026-07-13 12:50:46	1	3	15	0
        116805	2026-07-13 12:50:48	1	3	15	0
        116260	2026-07-13 12:51:06	1	3	15	0
        110057	2026-07-13 12:51:12	1	3	15	0
        110075	2026-07-13 12:51:16	1	3	15	0
        110574	2026-07-13 12:51:18	1	3	15	0
        119364	2026-07-13 12:51:19	1	3	15	0
        118369	2026-07-13 12:51:22	1	3	15	0
        117061	2026-07-13 12:51:27	1	3	15	0
        117981	2026-07-13 12:51:28	1	3	15	0
        117575	2026-07-13 12:52:04	1	3	15	0
        117972	2026-07-13 12:52:09	1	3	15	0
        117091	2026-07-13 12:52:14	1	3	15	0
        119143	2026-07-13 12:52:23	1	3	15	0
        110732	2026-07-13 12:53:39	1	3	15	0
        110580	2026-07-13 12:53:42	1	3	15	0
        110581	2026-07-13 12:53:45	1	3	15	0
        116356	2026-07-13 12:54:08	1	3	15	0
        116166	2026-07-13 12:54:10	1	3	15	0
        117061	2026-07-13 12:54:13	1	3	15	0
        118369	2026-07-13 12:54:15	1	3	15	0
        117981	2026-07-13 12:54:17	1	3	15	0
        116805	2026-07-13 12:54:19	1	3	15	0
        110475	2026-07-13 12:55:21	1	3	15	0
        110473	2026-07-13 12:55:27	1	3	15	0
        119143	2026-07-13 12:56:12	1	3	15	0
        117575	2026-07-13 12:56:45	1	3	15	0
        117114	2026-07-13 12:58:17	1	3	15	0
        110452	2026-07-13 12:58:21	1	3	15	0
        118867	2026-07-13 12:58:49	1	3	15	0
        117091	2026-07-13 12:59:39	1	3	15	0
        118867	2026-07-13 13:00:17	1	3	15	0
        117815	2026-07-13 13:08:22	1	3	15	0
        110462	2026-07-13 13:33:11	1	3	15	0
        117111	2026-07-13 15:28:03	1	3	15	0
        118027	2026-07-13 16:08:58	1	1	15	0
        116472	2026-07-13 16:10:06	1	1	15	0
        110050	2026-07-13 16:22:23	1	1	15	0
        110859	2026-07-13 16:58:19	1	1	15	0
        117054	2026-07-13 17:01:40	1	1	15	0
        116741	2026-07-13 17:02:05	1	1	15	0
        118207	2026-07-13 17:02:32	1	1	15	0
        110834	2026-07-13 17:02:55	1	1	15	0
        117039	2026-07-13 17:03:07	1	1	15	0
        116778	2026-07-13 17:03:19	1	1	15	0
        117733	2026-07-13 17:03:24	1	1	15	0
        110832	2026-07-13 17:03:29	1	1	15	0
        110840	2026-07-13 17:03:35	1	1	15	0
        110529	2026-07-13 17:03:39	1	1	15	0
        117110	2026-07-13 17:04:14	1	1	15	0
        110376	2026-07-13 17:04:26	1	1	15	0
        116451	2026-07-13 17:04:30	1	1	15	0
        118458	2026-07-13 17:04:48	1	1	15	0
        110113	2026-07-13 17:05:00	1	1	15	0
        110625	2026-07-13 17:05:36	1	1	15	0
        117833	2026-07-13 17:05:41	1	1	15	0
        117224	2026-07-13 17:05:43	1	1	15	0
        110356	2026-07-13 17:05:56	1	1	15	0
        110355	2026-07-13 17:06:00	1	1	15	0
        118971	2026-07-13 17:06:04	1	1	15	0
        116274	2026-07-13 17:06:09	1	1	15	0
        117567	2026-07-13 17:06:21	1	1	15	0
        110854	2026-07-13 17:06:25	1	1	15	0
        110867	2026-07-13 17:06:34	1	1	15	0
        117711	2026-07-13 17:06:53	1	1	15	0
        110452	2026-07-13 17:07:20	1	1	15	0
        110809	2026-07-13 17:07:26	1	1	15	0
        119571	2026-07-13 17:07:31	1	1	15	0
        110463	2026-07-13 17:07:40	1	1	15	0
        110510	2026-07-13 17:07:42	1	1	15	0
        110807	2026-07-13 17:07:45	1	1	15	0
        110842	2026-07-13 17:07:47	1	1	15	0
        116279	2026-07-13 17:07:54	1	1	15	0
        116496	2026-07-13 17:07:58	1	1	15	0
        116491	2026-07-13 17:08:08	1	1	15	0
        119070	2026-07-13 17:08:33	1	1	15	0
        117835	2026-07-13 17:08:52	1	1	15	0
        118732	2026-07-13 17:09:21	1	1	15	0
        118271	2026-07-13 17:09:47	1	1	15	0
        116260	2026-07-13 17:09:51	1	1	15	0
        110808	2026-07-13 17:09:56	1	1	15	0
        110810	2026-07-13 17:10:00	1	1	15	0
        110839	2026-07-13 17:10:08	1	1	15	0
        110852	2026-07-13 17:10:28	1	1	15	0
        117121	2026-07-13 17:10:34	1	1	15	0
        110131	2026-07-13 17:10:35	1	1	15	0
        110465	2026-07-13 17:10:46	1	1	15	0
        117144	2026-07-13 17:11:35	1	1	15	0
        117567	2026-07-13 17:11:42	1	1	15	0
        110088	2026-07-13 17:11:46	1	1	15	0
        118550	2026-07-13 17:12:04	1	1	15	0
        117129	2026-07-13 17:12:34	1	1	15	0
        110854	2026-07-13 17:12:47	1	1	15	0
        110466	2026-07-13 17:13:02	1	1	15	0
        116477	2026-07-13 17:13:13	1	1	15	0
        116834	2026-07-13 17:13:30	1	1	15	0
        110447	2026-07-13 17:13:51	1	1	15	0
        117630	2026-07-13 17:13:57	1	1	15	0
        117723	2026-07-13 17:14:07	1	1	15	0
        116849	2026-07-13 17:15:01	1	1	15	0
        110632	2026-07-13 17:15:15	1	1	15	0
        117680	2026-07-13 17:15:18	1	1	15	0
        119386	2026-07-13 17:17:03	1	1	15	0
        117543	2026-07-13 17:18:25	1	1	15	0
        117983	2026-07-13 17:19:03	1	1	15	0
        110785	2026-07-13 17:19:09	1	1	15	0
        110116	2026-07-13 17:20:01	1	1	15	0
        118695	2026-07-13 17:20:19	1	1	15	0
        117575	2026-07-13 17:20:26	1	1	15	0
        110197	2026-07-13 17:20:36	1	1	15	0
        116763	2026-07-13 17:20:45	1	1	15	0
        116914	2026-07-13 17:20:48	1	1	15	0
        117042	2026-07-13 17:21:12	1	1	15	0
        118761	2026-07-13 17:22:06	1	1	15	0
        117337	2026-07-13 17:22:50	1	1	15	0
        117043	2026-07-13 17:23:06	1	1	15	0
        117660	2026-07-13 17:24:56	1	1	15	0
        110006	2026-07-13 17:25:31	1	1	15	0
        116166	2026-07-13 17:25:45	1	1	15	0
        110450	2026-07-13 17:25:46	1	1	15	0
        119494	2026-07-13 17:28:19	1	1	15	0
        117709	2026-07-13 17:28:22	1	1	15	0
        117849	2026-07-13 17:28:24	1	1	15	0
        118101	2026-07-13 17:28:38	1	1	15	0
        117828	2026-07-13 17:28:41	1	1	15	0
        116504	2026-07-13 17:29:01	1	1	15	0
        117497	2026-07-13 17:29:21	1	1	15	0
        117122	2026-07-13 17:29:42	1	1	15	0
        117591	2026-07-13 17:30:30	1	1	15	0
        119449	2026-07-13 17:31:35	1	1	15	0
        110475	2026-07-13 17:31:51	1	1	15	0
        110064	2026-07-13 17:32:03	1	1	1	0
        117921	2026-07-13 17:32:08	1	1	15	0
        110473	2026-07-13 17:32:19	1	1	15	0
        110354	2026-07-13 17:32:38	1	1	15	0
        118593	2026-07-13 17:32:56	1	1	15	0
        117100	2026-07-13 17:34:50	1	1	15	0
        116383	2026-07-13 17:35:00	1	1	15	0
        117201	2026-07-13 17:35:48	1	1	15	0
        110657	2026-07-13 17:35:54	1	1	15	0
        110128	2026-07-13 17:35:58	1	1	15	0
        118180	2026-07-13 17:37:10	1	1	15	0
        110105	2026-07-13 17:37:17	1	1	15	0
        110436	2026-07-13 17:37:23	1	1	15	0
        116441	2026-07-13 17:37:32	1	1	15	0
        110172	2026-07-13 17:37:35	1	1	15	0
        116053	2026-07-13 17:37:39	1	1	15	0
        119143	2026-07-13 17:37:44	1	1	15	0
        117972	2026-07-13 17:37:45	1	1	15	0
        110077	2026-07-13 17:37:47	1	1	15	0
        117061	2026-07-13 17:37:51	1	1	15	0
        116497	2026-07-13 17:37:53	1	1	15	0
        117924	2026-07-13 17:37:55	1	1	15	0
        110457	2026-07-13 17:37:57	1	1	15	0
        110528	2026-07-13 17:37:58	1	1	15	0
        116072	2026-07-13 17:38:08	1	1	15	0
        119227	2026-07-13 17:38:09	1	1	15	0
        117120	2026-07-13 17:38:16	1	1	15	0
        117529	2026-07-13 17:39:50	1	1	15	0
        116142	2026-07-13 17:39:54	1	1	15	0
        117114	2026-07-13 17:40:05	1	1	15	0
        117926	2026-07-13 17:40:41	1	1	15	0
        110805	2026-07-13 17:40:57	1	1	15	0
        119263	2026-07-13 17:41:33	1	1	15	0
        110195	2026-07-13 17:41:58	1	1	15	0
        110413	2026-07-13 17:44:08	1	1	15	0
        110549	2026-07-13 17:44:36	1	1	15	0
        117692	2026-07-13 17:44:49	1	1	15	0
        110431	2026-07-13 17:44:54	1	1	15	0
        117616	2026-07-13 17:45:00	1	1	15	0
        118302	2026-07-13 17:45:06	1	1	15	0
        116787	2026-07-13 17:45:29	1	1	15	0
        110513	2026-07-13 17:46:08	1	1	15	0
        117046	2026-07-13 17:46:57	1	1	15	0
        110424	2026-07-13 17:46:59	1	1	15	0
        110732	2026-07-13 17:47:02	1	1	15	0
        117528	2026-07-13 17:47:06	1	1	15	0
        118563	2026-07-13 17:47:09	1	1	15	0
        117814	2026-07-13 17:49:19	1	1	15	0
        116747	2026-07-13 17:50:32	1	1	15	0
        117259	2026-07-13 17:52:35	1	1	15	0
        118455	2026-07-13 17:52:40	1	1	15	0
        119272	2026-07-13 17:53:30	1	1	15	0
        119535	2026-07-13 17:54:05	1	1	15	0
        117162	2026-07-13 17:54:54	1	1	15	0
        116428	2026-07-13 17:55:15	1	1	15	0
        110378	2026-07-13 17:55:34	1	1	15	0
        116824	2026-07-13 17:55:48	1	1	15	0
        118046	2026-07-13 17:57:19	1	1	15	0
        116828	2026-07-13 18:00:30	1	1	1	0
        110492	2026-07-13 18:01:40	1	1	15	0
        117770	2026-07-13 18:02:21	1	1	15	0
        110085	2026-07-13 18:02:24	1	1	15	0
        110527	2026-07-13 18:05:09	1	1	15	0
        117936	2026-07-13 18:05:13	1	1	15	0
        110090	2026-07-13 18:05:53	1	1	15	0
        116748	2026-07-13 18:09:25	1	1	15	0
        110158	2026-07-13 18:09:36	1	1	15	0
        110371	2026-07-13 18:10:59	1	1	15	0
        118992	2026-07-13 18:13:08	1	1	15	0
        117659	2026-07-13 18:13:12	1	1	15	0
        117837	2026-07-13 18:14:55	1	1	15	0
        119583	2026-07-13 18:15:08	1	1	15	0
        110538	2026-07-13 18:17:35	1	1	15	0
        110493	2026-07-13 18:17:58	1	1	15	0
        110495	2026-07-13 18:18:00	1	1	15	0
        110025	2026-07-13 18:18:19	1	1	15	0
        110507	2026-07-13 18:19:14	1	1	15	0
        110844	2026-07-13 18:19:29	1	1	15	0
        110836	2026-07-13 18:19:34	1	1	15	0
        110863	2026-07-13 18:19:36	1	1	15	0
        117982	2026-07-13 18:19:48	1	1	15	0
        117645	2026-07-13 18:19:56	1	1	15	0
        110574	2026-07-13 18:20:02	1	1	15	0
        116799	2026-07-13 18:21:05	1	1	15	0
        116933	2026-07-13 18:21:08	1	1	15	0
        110084	2026-07-13 18:21:40	1	1	15	0
        117839	2026-07-13 18:22:23	1	1	15	0
        116805	2026-07-13 18:23:17	1	1	15	0
        118369	2026-07-13 18:23:19	1	1	15	0
        116356	2026-07-13 18:23:20	1	1	15	0
        117981	2026-07-13 18:23:22	1	1	15	0
        117580	2026-07-13 18:23:24	1	1	15	0
        110065	2026-07-13 18:23:27	1	1	15	0
        116346	2026-07-13 18:24:24	1	1	15	0
        117236	2026-07-13 18:25:23	1	1	15	0
        110199	2026-07-13 18:25:51	1	1	15	0
        116751	2026-07-13 18:27:00	1	1	15	0
        118580	2026-07-13 18:27:08	1	1	15	0
        110100	2026-07-13 18:27:35	1	1	15	0
        116960	2026-07-13 18:27:37	1	1	15	0
        117769	2026-07-13 18:28:56	1	1	15	0
        117541	2026-07-13 18:31:48	1	1	15	0
        117483	2026-07-13 18:33:52	1	1	15	0
        117840	2026-07-13 18:33:56	1	1	15	0
        110819	2026-07-13 18:35:22	1	1	15	0
        110645	2026-07-13 18:36:26	1	1	15	0
        110633	2026-07-13 18:36:37	1	1	1	0
        110060	2026-07-13 18:39:10	1	1	15	0
        117113	2026-07-13 18:39:57	1	1	15	0
        117920	2026-07-13 18:40:03	1	1	15	0
        118744	2026-07-13 18:40:19	1	1	15	0
        117656	2026-07-13 18:41:01	1	1	1	0
        118598	2026-07-13 18:42:06	1	1	15	0
        110070	2026-07-13 18:43:54	1	1	15	0
        118782	2026-07-13 18:44:38	1	1	15	0
        117811	2026-07-13 18:44:50	1	1	15	0
        117092	2026-07-13 18:47:38	1	1	15	0
        110580	2026-07-13 18:48:17	1	1	15	0
        110581	2026-07-13 18:48:21	1	1	15	0
        110456	2026-07-13 18:48:37	1	1	15	0
        117900	2026-07-13 18:48:42	1	1	15	0
        117595	2026-07-13 18:48:59	1	1	15	0
        116483	2026-07-13 18:49:38	1	1	15	0
        110370	2026-07-13 18:51:12	1	1	15	0
        117542	2026-07-13 18:51:46	1	1	15	0
        117971	2026-07-13 18:53:19	1	1	15	0
        117091	2026-07-13 18:56:04	1	1	15	0
        117085	2026-07-13 18:56:08	1	1	15	0
        117965	2026-07-13 18:58:00	1	1	15	0
        110201	2026-07-13 18:58:06	1	1	15	0
        117684	2026-07-13 18:58:14	1	1	15	0
        119364	2026-07-13 19:02:04	1	1	15	0
        118584	2026-07-13 19:05:00	1	1	15	0
        119282	2026-07-13 19:05:13	1	1	15	0
        118427	2026-07-13 19:05:15	1	1	15	0
        116995	2026-07-13 19:08:58	1	1	15	0
        117742	2026-07-13 19:09:03	1	1	1	0
        116990	2026-07-13 19:09:10	1	1	15	0
        117812	2026-07-13 19:09:12	1	1	15	0
        116070	2026-07-13 19:09:15	1	1	15	0
        119594	2026-07-13 19:09:18	1	1	15	0
        117807	2026-07-13 19:09:29	1	1	15	0
        116069	2026-07-13 19:09:33	1	1	15	0
        117815	2026-07-13 19:16:38	1	1	15	0
        110075	2026-07-13 19:16:43	1	1	15	0
        110040	2026-07-13 19:17:49	1	1	15	0
        119157	2026-07-13 19:17:56	1	1	15	0
        118867	2026-07-13 19:18:00	1	1	15	0
        118753	2026-07-13 19:20:04	1	1	15	0
        117487	2026-07-13 19:29:20	1	1	15	0
        118702	2026-07-13 19:29:23	1	1	15	0
        110063	2026-07-13 19:30:33	1	1	15	0
        110057	2026-07-13 19:36:41	1	1	15	0
        110055	2026-07-13 19:50:13	1	1	15	0
        117088	2026-07-13 20:04:59	1	1	15	0
        117699	2026-07-13 20:49:11	1	1	15	0
        117817	2026-07-13 23:29:42	1	1	15	0
        117201	2026-07-14 04:39:08	1	0	15	0
        118992	2026-07-14 06:22:47	1	0	15	0
        110360	2026-07-14 06:29:30	1	0	15	0
        118580	2026-07-14 06:31:46	1	0	15	0
        110535	2026-07-14 06:41:13	1	0	15	0
        110809	2026-07-14 06:41:22	1	0	15	0
        117269	2026-07-14 06:43:10	1	0	15	0
        116383	2026-07-14 06:46:20	1	0	15	0
        117129	2026-07-14 06:47:26	1	0	15	0
        110819	2026-07-14 06:49:07	1	0	15	0
        118744	2026-07-14 06:50:34	1	0	15	0
        117733	2026-07-14 06:52:38	1	0	15	0
        117833	2026-07-14 06:54:06	1	0	15	0
        117835	2026-07-14 06:54:58	1	0	15	0
        117656	2026-07-14 06:55:35	1	0	1	0
        118750	2026-07-14 06:57:14	1	0	15	0
        110625	2026-07-14 06:57:29	1	0	15	0
        116551	2026-07-14 06:58:16	1	0	15	0
        117838	2026-07-14 06:58:39	1	0	1	0
        117043	2026-07-14 06:58:50	1	0	15	0
        110113	2026-07-14 06:59:01	1	0	15	0
        110529	2026-07-14 06:59:24	1	0	15	0
        118640	2026-07-14 07:00:05	1	0	15	0
        110527	2026-07-14 07:00:29	1	0	15	0
        117337	2026-07-14 07:01:16	1	0	15	0
        110580	2026-07-14 07:01:56	1	0	15	0
        117936	2026-07-14 07:02:46	1	0	15	0
        110844	2026-07-14 07:03:52	1	0	15	0
        110085	2026-07-14 07:04:15	1	0	15	0
        119386	2026-07-14 07:04:32	1	0	15	0
        116960	2026-07-14 07:05:08	1	0	15	0
        117812	2026-07-14 07:05:31	1	0	15	0
        117483	2026-07-14 07:05:42	1	0	15	0
        110074	2026-07-14 07:06:10	1	0	15	0
        110549	2026-07-14 07:07:03	1	0	15	0
        110832	2026-07-14 07:08:12	1	0	15	0
        118101	2026-07-14 07:08:35	1	0	15	0
        117837	2026-07-14 07:09:27	1	0	15	0
        119449	2026-07-14 07:09:32	1	0	15	0
        116451	2026-07-14 07:10:23	1	0	15	0
        118271	2026-07-14 07:10:49	1	0	15	0
        116799	2026-07-14 07:10:56	1	0	15	0
        117982	2026-07-14 07:11:05	1	0	15	0
        116914	2026-07-14 07:11:36	1	0	15	0
        117966	2026-07-14 07:12:05	1	0	15	0
        110065	2026-07-14 07:12:37	1	0	15	0
        118027	2026-07-14 07:12:40	1	0	15	0
        119143	2026-07-14 07:13:11	1	0	15	0
        110538	2026-07-14 07:15:23	1	0	15	0
        110507	2026-07-14 07:16:18	1	0	15	0
        110128	2026-07-14 07:16:24	1	0	15	0
        117111	2026-07-14 07:17:16	1	0	15	0
        117110	2026-07-14 07:18:03	1	0	15	0
        110456	2026-07-14 07:18:08	1	0	15	0
        110581	2026-07-14 07:18:34	1	0	15	0
        110633	2026-07-14 07:20:08	1	0	15	0
        117113	2026-07-14 07:20:39	1	0	15	0
        118782	2026-07-14 07:21:09	1	0	15	0
        110462	2026-07-14 07:21:13	1	0	15	0
        117770	2026-07-14 07:21:15	1	0	15	0
        110842	2026-07-14 07:21:35	1	0	15	0
        116479	2026-07-14 07:21:56	1	0	15	0
        116741	2026-07-14 07:23:11	1	0	15	0
        118207	2026-07-14 07:23:25	1	0	15	0
        117811	2026-07-14 07:24:17	1	0	15	0
        117224	2026-07-14 07:24:45	1	0	15	0
        118563	2026-07-14 07:25:45	1	0	15	0
        117039	2026-07-14 07:26:34	1	0	15	0
        119272	2026-07-14 07:27:27	1	0	15	0
        110199	2026-07-14 07:28:27	1	0	15	0
        110785	2026-07-14 07:28:53	1	0	15	0
        110645	2026-07-14 07:28:58	1	0	15	0
        110060	2026-07-14 07:29:02	1	0	15	0
        110378	2026-07-14 07:29:08	1	0	15	0
        110373	2026-07-14 07:29:26	1	0	15	0
        118593	2026-07-14 07:30:29	1	0	15	0
        116763	2026-07-14 07:31:15	1	0	15	0
        116142	2026-07-14 07:31:22	1	0	15	0
        110436	2026-07-14 07:31:26	1	0	15	0
        110172	2026-07-14 07:31:29	1	0	15	0
        117965	2026-07-14 07:31:37	1	0	15	0
        117092	2026-07-14 07:32:02	1	0	15	0
        110457	2026-07-14 07:32:12	1	0	15	0
        117807	2026-07-14 07:32:39	1	0	15	0
        116496	2026-07-14 07:34:36	1	0	15	0
        116834	2026-07-14 07:35:00	1	0	15	0
        110852	2026-07-14 07:35:07	1	0	15	0
        110810	2026-07-14 07:35:41	1	0	15	0
        110064	2026-07-14 07:37:01	1	0	1	0
        117972	2026-07-14 07:37:46	1	0	15	0
        110863	2026-07-14 07:39:15	1	0	15	0
        110475	2026-07-14 07:39:53	1	0	15	0
        116504	2026-07-14 07:39:58	1	0	15	0
        117981	2026-07-14 07:40:00	1	0	15	0
        110854	2026-07-14 07:40:13	1	0	15	0
        117921	2026-07-14 07:40:16	1	0	15	0
        110131	2026-07-14 07:40:50	1	0	15	0
        117487	2026-07-14 07:41:06	1	0	15	0
        110450	2026-07-14 07:41:25	1	0	15	0
        117275	2026-07-14 07:41:36	1	0	15	0
        119494	2026-07-14 07:41:42	1	0	15	0
        117711	2026-07-14 07:41:51	1	0	15	0
        110528	2026-07-14 07:43:01	1	0	15	0
        119157	2026-07-14 07:43:34	1	0	15	0
        116751	2026-07-14 07:46:12	1	0	15	0
        110084	2026-07-14 07:46:15	1	0	15	0
        116491	2026-07-14 07:46:38	1	0	15	0
        117635	2026-07-14 07:46:42	1	0	15	0
        110867	2026-07-14 07:46:47	1	0	15	0
        110732	2026-07-14 07:47:02	1	0	15	0
        119227	2026-07-14 07:47:10	1	0	15	0
        110632	2026-07-14 07:47:21	1	0	15	0
        116778	2026-07-14 07:47:37	1	0	15	0
        117680	2026-07-14 07:47:45	1	0	15	0
        110463	2026-07-14 07:47:48	1	0	15	0
        110465	2026-07-14 07:47:52	1	0	15	0
        117103	2026-07-14 07:47:56	1	0	15	0
        116828	2026-07-14 07:49:09	1	0	1	0
        117088	2026-07-14 07:50:42	1	0	15	0
        117725	2026-07-14 07:50:48	1	0	15	0
        118732	2026-07-14 07:51:21	1	0	15	0
        118598	2026-07-14 07:52:23	1	0	15	0
        118369	2026-07-14 07:52:52	1	0	15	0
        117580	2026-07-14 07:52:59	1	0	15	0
        110063	2026-07-14 07:53:03	1	0	15	0
        110493	2026-07-14 07:53:09	1	0	15	0
        110040	2026-07-14 07:53:43	1	0	15	0
        110473	2026-07-14 07:53:56	1	0	15	0
        110840	2026-07-14 07:54:18	1	0	15	0
        117644	2026-07-14 07:55:45	1	0	15	0
        110492	2026-07-14 07:55:49	1	0	15	0
        110370	2026-07-14 07:56:02	1	0	15	0
        110006	2026-07-14 07:56:42	1	0	15	0
        119583	2026-07-14 07:56:47	1	0	15	0
        110657	2026-07-14 07:56:50	1	0	15	0
        110859	2026-07-14 07:57:18	1	0	15	0
        116072	2026-07-14 07:57:35	1	0	15	0
        110808	2026-07-14 07:57:39	1	0	15	0
        110807	2026-07-14 07:57:44	1	0	15	0
        116346	2026-07-14 07:58:03	1	0	15	0
        117828	2026-07-14 07:58:39	1	0	15	0
        117786	2026-07-14 07:58:40	1	0	15	0
        110057	2026-07-14 07:59:06	1	0	15	0
        117212	2026-07-14 07:59:13	1	0	15	0
        110025	2026-07-14 07:59:15	1	0	15	0
        116933	2026-07-14 07:59:23	1	0	15	0
        117542	2026-07-14 07:59:24	1	0	15	0
        110197	2026-07-14 07:59:39	1	0	15	0
        117723	2026-07-14 08:00:19	1	0	15	0
        110834	2026-07-14 08:00:31	1	0	15	0
        118971	2026-07-14 08:00:54	1	0	15	0
        119453	2026-07-14 08:01:23	1	0	15	0
        110376	2026-07-14 08:01:27	1	0	15	0
        116356	2026-07-14 08:01:37	1	0	15	0
        117815	2026-07-14 08:02:58	1	0	15	0
        110354	2026-07-14 08:03:22	1	0	15	0
        117684	2026-07-14 08:03:26	1	0	15	0
        118741	2026-07-14 08:04:07	1	0	15	0
        116805	2026-07-14 08:05:15	1	0	15	0
        110105	2026-07-14 08:05:22	1	0	15	0
        116483	2026-07-14 08:05:48	1	0	15	0
        116428	2026-07-14 08:07:21	1	0	15	0
        118550	2026-07-14 08:07:46	1	0	15	0
        117259	2026-07-14 08:08:13	1	0	15	0
        118753	2026-07-14 08:08:28	1	0	15	0
        110833	2026-07-14 08:08:34	1	0	15	0
        116824	2026-07-14 08:08:42	1	0	15	0
        116279	2026-07-14 08:08:49	1	0	15	0
        118695	2026-07-14 08:10:02	1	0	15	0
        117924	2026-07-14 08:10:13	1	0	15	0
        117630	2026-07-14 08:10:37	1	0	15	0
        117162	2026-07-14 08:10:47	1	0	15	0
        116472	2026-07-14 08:11:23	1	0	15	0
        117121	2026-07-14 08:11:49	1	0	15	0
        110839	2026-07-14 08:12:22	1	0	15	0
        119594	2026-07-14 08:13:12	1	0	15	0
        118761	2026-07-14 08:13:48	1	0	15	0
        117926	2026-07-14 08:14:29	1	0	15	0
        117114	2026-07-14 08:16:32	1	0	15	0
        117528	2026-07-14 08:16:36	1	0	15	0
        110100	2026-07-14 08:16:38	1	0	15	0
        117144	2026-07-14 08:16:53	1	0	15	0
        117543	2026-07-14 08:17:00	1	0	15	0
        117699	2026-07-14 08:17:15	1	0	15	0
        116252	2026-07-14 08:17:23	1	0	15	0
        117983	2026-07-14 08:17:25	1	0	15	0
        110452	2026-07-14 08:18:05	1	0	15	0
        119493	2026-07-14 08:18:55	1	0	15	0
        118455	2026-07-14 08:19:44	1	0	15	0
        117716	2026-07-14 08:19:55	1	0	15	0
        117046	2026-07-14 08:20:07	1	0	15	0
        116787	2026-07-14 08:22:13	1	0	15	0
        116497	2026-07-14 08:22:17	1	0	15	0
        116849	2026-07-14 08:23:22	1	0	15	0
        110424	2026-07-14 08:23:32	1	0	15	0
        117196	2026-07-14 08:24:10	1	0	15	0
        110513	2026-07-14 08:24:22	1	0	15	0
        118702	2026-07-14 08:24:41	1	0	15	0
        110805	2026-07-14 08:25:40	1	0	15	0
        110077	2026-07-14 08:26:51	1	0	15	0
        119364	2026-07-14 08:27:16	1	0	15	0
        110055	2026-07-14 08:27:25	1	0	15	0
        110070	2026-07-14 08:27:46	1	0	15	0
        118180	2026-07-14 08:27:59	1	0	15	0
        117999	2026-07-14 08:28:09	1	0	15	0
        116748	2026-07-14 08:28:13	1	0	15	0
        117595	2026-07-14 08:28:21	1	0	15	0
        110090	2026-07-14 08:28:27	1	0	15	0
        118458	2026-07-14 08:28:37	1	0	15	0
        117091	2026-07-14 08:29:08	1	0	15	0
        119535	2026-07-14 08:29:12	1	0	15	0
        119263	2026-07-14 08:29:19	1	0	15	0
        116073	2026-07-14 08:30:14	1	0	15	0
        117541	2026-07-14 08:31:03	1	0	15	0
        117993	2026-07-14 08:33:13	1	0	15	0
        117814	2026-07-14 08:34:05	1	0	15	0
        117567	2026-07-14 08:34:30	1	0	15	0
        117497	2026-07-14 08:34:54	1	0	15	0
        118046	2026-07-14 08:35:53	1	0	15	0
        110158	2026-07-14 08:36:18	1	0	15	0
        117709	2026-07-14 08:36:30	1	0	15	0
        116453	2026-07-14 08:37:50	1	0	15	0
        117920	2026-07-14 08:39:26	1	0	15	0
        110116	2026-07-14 08:41:12	1	0	15	0
        110088	2026-07-14 08:42:51	1	0	15	0
        116477	2026-07-14 08:42:56	1	0	15	0
        116069	2026-07-14 08:44:48	1	0	15	0
        110200	2026-07-14 08:46:31	1	0	15	0
        117156	2026-07-14 08:46:39	1	0	15	0
        110424	2026-07-14 08:46:46	1	0	15	0
        116095	2026-07-14 08:46:58	1	0	15	0
        110195	2026-07-14 08:47:10	1	0	15	0
        117849	2026-07-14 08:47:51	1	0	15	0
        117660	2026-07-14 08:47:55	1	0	15	0
        117054	2026-07-14 08:49:38	1	0	15	0
        116747	2026-07-14 08:50:09	1	0	15	0
        116260	2026-07-14 08:50:25	1	0	15	0
        116990	2026-07-14 08:52:01	1	0	15	0
        117122	2026-07-14 08:53:32	1	0	15	0
        117529	2026-07-14 08:55:07	1	0	15	0
        117817	2026-07-14 08:55:55	1	0	15	0
        116441	2026-07-14 08:56:50	1	0	15	0
        110418	2026-07-14 08:57:47	1	0	15	0
        116053	2026-07-14 08:58:50	1	0	15	0
        117692	2026-07-14 09:03:40	1	0	15	0
        117236	2026-07-14 09:07:32	1	0	15	0
        117575	2026-07-14 09:12:45	1	0	15	0
        117100	2026-07-14 09:17:55	1	0	15	0
        117085	2026-07-14 09:18:39	1	0	15	0
        110075	2026-07-14 09:18:48	1	0	15	0
        116166	2026-07-14 09:21:20	1	0	15	0
        110495	2026-07-14 09:35:48	1	0	15	0
        110431	2026-07-14 09:51:52	1	0	15	0
        117061	2026-07-14 10:03:55	1	0	15	0
        116990	2026-07-14 12:00:32	1	2	15	0
        116763	2026-07-14 12:00:36	1	2	15	0
        117983	2026-07-14 12:00:37	1	2	15	0
        117129	2026-07-14 12:00:40	1	2	15	0
        110113	2026-07-14 12:00:41	1	2	15	0
        116069	2026-07-14 12:00:45	1	2	15	0
        110418	2026-07-14 12:00:46	1	2	15	0
        110172	2026-07-14 12:00:49	1	2	15	0
        110507	2026-07-14 12:00:50	1	2	15	0
        110424	2026-07-14 12:00:53	1	2	15	0
        117092	2026-07-14 12:00:55	1	2	15	0
        117542	2026-07-14 12:00:57	1	2	15	0
        117224	2026-07-14 12:00:59	1	2	15	0
        118563	2026-07-14 12:01:01	1	2	15	0
        110436	2026-07-14 12:01:03	1	2	15	0
        110510	2026-07-14 12:01:05	1	2	15	0
        110854	2026-07-14 12:01:07	1	2	15	0
        118458	2026-07-14 12:01:09	1	2	15	0
        116477	2026-07-14 12:01:16	1	2	15	0
        118640	2026-07-14 12:01:18	1	2	15	0
        119594	2026-07-14 12:01:20	1	2	15	0
        119453	2026-07-14 12:01:23	1	2	15	0
        116252	2026-07-14 12:01:26	1	2	15	0
        116279	2026-07-14 12:01:28	1	2	15	0
        110463	2026-07-14 12:01:29	1	2	15	0
        110810	2026-07-14 12:01:31	1	2	15	0
        110842	2026-07-14 12:01:33	1	2	15	0
        110195	2026-07-14 12:01:36	1	2	15	0
        116383	2026-07-14 12:01:38	1	2	15	0
        110527	2026-07-14 12:01:40	1	2	15	0
        110131	2026-07-14 12:01:42	1	2	15	0
        110063	2026-07-14 12:01:44	1	2	15	0
        110116	2026-07-14 12:01:47	1	2	15	0
        110832	2026-07-14 12:01:49	1	2	15	0
        110465	2026-07-14 12:01:51	1	2	15	0
        116914	2026-07-14 12:01:53	1	2	15	0
        117039	2026-07-14 12:01:55	1	2	15	0
        110452	2026-07-14 12:01:57	1	2	15	0
        116073	2026-07-14 12:01:59	1	2	15	0
        117497	2026-07-14 12:02:06	1	2	15	0
        116428	2026-07-14 12:02:13	1	2	15	0
        117837	2026-07-14 12:02:15	1	2	15	0
        117812	2026-07-14 12:02:17	1	2	15	0
        118207	2026-07-14 12:02:20	1	2	15	0
        117103	2026-07-14 12:02:22	1	2	15	0
        117770	2026-07-14 12:02:25	1	2	15	0
        110840	2026-07-14 12:02:27	1	2	15	0
        118180	2026-07-14 12:02:30	1	2	15	0
        117920	2026-07-14 12:02:32	1	2	15	0
        117807	2026-07-14 12:02:34	1	2	15	0
        119594	2026-07-14 12:02:37	1	2	15	0
        110809	2026-07-14 12:02:41	1	2	15	0
        118101	2026-07-14 12:02:49	1	2	15	0
        117828	2026-07-14 12:02:51	1	2	15	0
        117100	2026-07-14 12:02:52	1	2	15	0
        110197	2026-07-14 12:02:55	1	2	15	0
        118750	2026-07-14 12:03:03	1	2	15	0
        117110	2026-07-14 12:03:05	1	2	15	0
        117733	2026-07-14 12:03:07	1	2	15	0
        117786	2026-07-14 12:03:09	1	2	15	0
        110064	2026-07-14 12:03:13	1	2	1	0
        110105	2026-07-14 12:03:15	1	2	15	0
        110529	2026-07-14 12:03:33	1	2	15	0
        110528	2026-07-14 12:03:38	1	2	15	0
        110808	2026-07-14 12:03:41	1	2	15	0
        110625	2026-07-14 12:03:48	1	2	15	0
        110839	2026-07-14 12:03:53	1	2	15	0
        117054	2026-07-14 12:03:57	1	2	15	0
        117644	2026-07-14 12:03:59	1	2	15	0
        117595	2026-07-14 12:04:01	1	2	15	0
        118782	2026-07-14 12:04:03	1	2	15	0
        110495	2026-07-14 12:04:05	1	2	15	0
        110657	2026-07-14 12:04:09	1	2	15	0
        110040	2026-07-14 12:04:20	1	2	15	0
        116747	2026-07-14 12:04:25	1	2	15	0
        116472	2026-07-14 12:04:27	1	2	15	0
        117129	2026-07-14 12:04:36	1	2	15	0
        117833	2026-07-14 12:04:40	1	2	15	0
        110373	2026-07-14 12:04:42	1	2	15	0
        117680	2026-07-14 12:04:45	1	2	15	0
        116069	2026-07-14 12:04:50	1	2	15	0
        116990	2026-07-14 12:04:52	1	2	15	0
        110475	2026-07-14 12:04:53	1	2	15	0
        110832	2026-07-14 12:05:02	1	2	15	0
        110172	2026-07-14 12:05:10	1	2	15	0
        116383	2026-07-14 12:05:14	1	2	15	0
        110113	2026-07-14 12:05:16	1	2	15	0
        110436	2026-07-14 12:05:26	1	2	15	0
        118640	2026-07-14 12:05:29	1	2	15	0
        118180	2026-07-14 12:05:31	1	2	15	0
        118101	2026-07-14 12:05:34	1	2	15	0
        117100	2026-07-14 12:05:36	1	2	15	0
        117828	2026-07-14 12:05:39	1	2	15	0
        110128	2026-07-14 12:05:40	1	2	15	0
        110473	2026-07-14 12:05:43	1	2	15	0
        117497	2026-07-14 12:05:44	1	2	15	0
        117567	2026-07-14 12:05:46	1	2	15	0
        110418	2026-07-14 12:05:52	1	2	15	0
        118207	2026-07-14 12:05:54	1	2	15	0
        117103	2026-07-14 12:05:56	1	2	15	0
        110842	2026-07-14 12:05:59	1	2	15	0
        119263	2026-07-14 12:06:01	1	2	15	0
        117046	2026-07-14 12:06:13	1	2	15	0
        110513	2026-07-14 12:06:15	1	2	15	0
        117926	2026-07-14 12:06:18	1	2	15	0
        110840	2026-07-14 12:06:26	1	2	15	0
        117716	2026-07-14 12:06:57	1	2	15	0
        117733	2026-07-14 12:07:04	1	2	15	0
        116472	2026-07-14 12:07:14	1	2	15	0
        116747	2026-07-14 12:07:16	1	2	15	0
        118458	2026-07-14 12:07:26	1	2	15	0
        110105	2026-07-14 12:07:28	1	2	15	0
        117833	2026-07-14 12:07:30	1	2	15	0
        110625	2026-07-14 12:07:33	1	2	15	0
        117529	2026-07-14 12:07:38	1	2	15	0
        110632	2026-07-14 12:07:43	1	2	15	0
        110549	2026-07-14 12:07:50	1	2	15	0
        110450	2026-07-14 12:07:51	1	2	15	0
        110040	2026-07-14 12:08:07	1	2	15	0
        117054	2026-07-14 12:08:11	1	2	15	0
        110373	2026-07-14 12:08:17	1	2	15	0
        110839	2026-07-14 12:08:27	1	2	15	0
        110529	2026-07-14 12:08:31	1	2	15	0
        119493	2026-07-14 12:08:33	1	2	15	0
        110538	2026-07-14 12:08:36	1	2	15	0
        110084	2026-07-14 12:08:38	1	2	15	0
        116849	2026-07-14 12:08:40	1	2	15	0
        116787	2026-07-14 12:08:42	1	2	15	0
        110808	2026-07-14 12:08:44	1	2	15	0
        119535	2026-07-14 12:08:46	1	2	15	0
        118580	2026-07-14 12:08:49	1	2	15	0
        116142	2026-07-14 12:08:52	1	2	15	0
        117595	2026-07-14 12:09:04	1	2	15	0
        110819	2026-07-14 12:09:10	1	2	15	0
        117529	2026-07-14 12:09:25	1	2	15	0
        117162	2026-07-14 12:09:35	1	2	15	0
        110527	2026-07-14 12:09:42	1	2	15	0
        110055	2026-07-14 12:10:11	1	2	15	0
        116477	2026-07-14 12:10:15	1	2	15	0
        117039	2026-07-14 12:10:20	1	2	15	0
        118761	2026-07-14 12:10:24	1	2	15	0
        110867	2026-07-14 12:10:31	1	2	15	0
        117716	2026-07-14 12:10:36	1	2	15	0
        117982	2026-07-14 12:10:41	1	2	15	0
        117692	2026-07-14 12:10:43	1	2	15	0
        117921	2026-07-14 12:10:45	1	2	15	0
        118744	2026-07-14 12:10:51	1	2	15	0
        110580	2026-07-14 12:10:54	1	2	15	0
        110732	2026-07-14 12:10:56	1	2	15	0
        118992	2026-07-14 12:10:58	1	2	15	0
        116551	2026-07-14 12:11:10	1	2	15	0
        117656	2026-07-14 12:11:13	1	2	1	0
        117644	2026-07-14 12:11:21	1	2	15	0
        110495	2026-07-14 12:11:24	1	2	15	0
        117201	2026-07-14 12:11:29	1	2	15	0
        116504	2026-07-14 12:11:32	1	2	15	0
        110465	2026-07-14 12:11:34	1	2	15	0
        117837	2026-07-14 12:11:36	1	2	15	0
        117770	2026-07-14 12:11:38	1	2	15	0
        117807	2026-07-14 12:11:39	1	2	15	0
        117812	2026-07-14 12:11:42	1	2	15	0
        110492	2026-07-14 12:11:44	1	2	15	0
        117088	2026-07-14 12:11:46	1	2	15	0
        110807	2026-07-14 12:11:49	1	2	15	0
        117122	2026-07-14 12:12:12	1	2	15	0
        116491	2026-07-14 12:12:19	1	2	15	0
        110088	2026-07-14 12:12:23	1	2	15	0
        117144	2026-07-14 12:12:31	1	2	15	0
        118750	2026-07-14 12:12:34	1	2	15	0
        117723	2026-07-14 12:12:42	1	2	15	0
        117487	2026-07-14 12:12:44	1	2	15	0
        118702	2026-07-14 12:12:45	1	2	15	0
        117196	2026-07-14 12:12:48	1	2	15	0
        117926	2026-07-14 12:12:52	1	2	15	0
        119535	2026-07-14 12:12:56	1	2	15	0
        110549	2026-07-14 12:12:59	1	2	15	0
        116166	2026-07-14 12:13:07	1	2	15	0
        110006	2026-07-14 12:13:11	1	2	15	0
        110060	2026-07-14 12:13:14	1	2	15	0
        110854	2026-07-14 12:13:43	1	2	15	0
        117630	2026-07-14 12:13:54	1	2	15	0
        110810	2026-07-14 12:13:58	1	2	15	0
        110354	2026-07-14 12:14:02	1	2	15	0
        110645	2026-07-14 12:14:03	1	2	15	0
        117684	2026-07-14 12:14:07	1	2	15	0
        118027	2026-07-14 12:14:09	1	2	15	0
        116453	2026-07-14 12:14:12	1	2	15	0
        118971	2026-07-14 12:14:20	1	2	15	0
        118992	2026-07-14 12:14:27	1	2	15	0
        110492	2026-07-14 12:14:36	1	2	15	0
        110378	2026-07-14 12:14:41	1	2	15	0
        116451	2026-07-14 12:14:45	1	2	15	0
        119272	2026-07-14 12:14:48	1	2	15	0
        117111	2026-07-14 12:14:51	1	2	15	0
        117567	2026-07-14 12:14:53	1	2	15	0
        110632	2026-07-14 12:14:55	1	2	15	0
        118695	2026-07-14 12:14:57	1	2	15	0
        117936	2026-07-14 12:15:00	1	2	15	0
        117815	2026-07-14 12:15:01	1	2	15	0
        110633	2026-07-14 12:15:03	1	2	15	0
        117337	2026-07-14 12:15:06	1	2	15	0
        116504	2026-07-14 12:15:09	1	2	15	0
        110834	2026-07-14 12:15:14	1	2	15	0
        110867	2026-07-14 12:15:17	1	2	15	0
        117269	2026-07-14 12:15:24	1	2	15	0
        117983	2026-07-14 12:15:28	1	2	15	0
        110131	2026-07-14 12:15:29	1	2	15	0
        119453	2026-07-14 12:15:31	1	2	15	0
        110463	2026-07-14 12:15:33	1	2	15	0
        117921	2026-07-14 12:15:38	1	2	15	0
        117982	2026-07-14 12:15:40	1	2	15	0
        117692	2026-07-14 12:15:41	1	2	15	0
        117656	2026-07-14 12:15:45	1	2	1	0
        110528	2026-07-14 12:15:58	1	2	15	0
        110657	2026-07-14 12:16:01	1	2	15	0
        116252	2026-07-14 12:16:09	1	2	15	0
        117543	2026-07-14 12:16:12	1	2	15	0
        116828	2026-07-14 12:16:17	1	2	1	0
        110819	2026-07-14 12:16:23	1	2	15	0
        116142	2026-07-14 12:16:25	1	2	15	0
        117259	2026-07-14 12:16:27	1	2	15	0
        117541	2026-07-14 12:16:29	1	2	15	0
        116491	2026-07-14 12:16:31	1	2	15	0
        117811	2026-07-14 12:16:33	1	2	15	0
        117924	2026-07-14 12:16:38	1	2	15	0
        110077	2026-07-14 12:16:39	1	2	15	0
        116960	2026-07-14 12:16:42	1	2	15	0
        110354	2026-07-14 12:16:44	1	2	15	0
        110055	2026-07-14 12:17:15	1	2	15	0
        116787	2026-07-14 12:17:18	1	2	15	0
        116849	2026-07-14 12:17:19	1	2	15	0
        117817	2026-07-14 12:17:24	1	2	15	0
        110006	2026-07-14 12:17:31	1	2	15	0
        119493	2026-07-14 12:17:40	1	2	15	0
        116166	2026-07-14 12:17:44	1	2	15	0
        117162	2026-07-14 12:17:47	1	2	15	0
        116551	2026-07-14 12:17:49	1	2	15	0
        118580	2026-07-14 12:17:55	1	2	15	0
        110538	2026-07-14 12:17:58	1	2	15	0
        118598	2026-07-14 12:18:01	1	2	15	0
        110088	2026-07-14 12:18:06	1	2	15	0
        110084	2026-07-14 12:18:06	1	2	15	0
        110507	2026-07-14 12:18:26	1	2	15	0
        110065	2026-07-14 12:18:30	1	2	15	0
        110085	2026-07-14 12:18:32	1	2	15	0
        117113	2026-07-14 12:18:35	1	2	15	0
        118741	2026-07-14 12:18:37	1	2	15	0
        117920	2026-07-14 12:18:39	1	2	15	0
        117684	2026-07-14 12:18:41	1	2	15	0
        110645	2026-07-14 12:18:43	1	2	15	0
        119272	2026-07-14 12:18:45	1	2	15	0
        117088	2026-07-14 12:18:46	1	2	15	0
        116073	2026-07-14 12:18:50	1	2	15	0
        117092	2026-07-14 12:18:53	1	2	15	0
        117275	2026-07-14 12:18:55	1	2	15	0
        116451	2026-07-14 12:18:58	1	2	15	0
        119263	2026-07-14 12:19:00	1	2	15	0
        110063	2026-07-14 12:19:04	1	2	15	0
        117110	2026-07-14 12:19:08	1	2	15	0
        110060	2026-07-14 12:19:10	1	2	15	0
        116453	2026-07-14 12:19:17	1	2	15	0
        116828	2026-07-14 12:19:21	1	2	1	0
        110462	2026-07-14 12:19:26	1	2	15	0
        110807	2026-07-14 12:19:28	1	2	15	0
        117269	2026-07-14 12:19:33	1	2	15	0
        110580	2026-07-14 12:19:35	1	2	15	0
        110732	2026-07-14 12:19:37	1	2	15	0
        110199	2026-07-14 12:19:38	1	2	15	0
        110456	2026-07-14 12:19:41	1	2	15	0
        118971	2026-07-14 12:19:43	1	2	15	0
        110450	2026-07-14 12:19:45	1	2	15	0
        118046	2026-07-14 12:19:47	1	2	15	0
        110863	2026-07-14 12:19:58	1	2	15	0
        117542	2026-07-14 12:20:03	1	2	15	0
        110844	2026-07-14 12:20:06	1	2	15	0
        117259	2026-07-14 12:20:11	1	2	15	0
        117541	2026-07-14 12:20:21	1	2	15	0
        117924	2026-07-14 12:20:23	1	2	15	0
        116751	2026-07-14 12:20:31	1	2	15	0
        116799	2026-07-14 12:20:39	1	2	15	0
        117201	2026-07-14 12:20:42	1	2	15	0
        118744	2026-07-14 12:20:44	1	2	15	0
        116914	2026-07-14 12:20:50	1	2	15	0
        117085	2026-07-14 12:20:52	1	2	15	0
        117814	2026-07-14 12:20:54	1	2	15	0
        110085	2026-07-14 12:20:56	1	2	15	0
        110100	2026-07-14 12:21:03	1	2	15	0
        110633	2026-07-14 12:21:12	1	2	15	0
        117121	2026-07-14 12:21:15	1	2	15	0
        110070	2026-07-14 12:21:17	1	2	15	0
        117156	2026-07-14 12:21:19	1	2	15	0
        118598	2026-07-14 12:21:34	1	2	15	0
        117815	2026-07-14 12:21:40	1	2	15	0
        117936	2026-07-14 12:21:43	1	2	15	0
        118027	2026-07-14 12:21:52	1	2	15	0
        117212	2026-07-14 12:21:59	1	2	15	0
        117993	2026-07-14 12:22:01	1	2	15	0
        117543	2026-07-14 12:22:04	1	2	15	0
        110200	2026-07-14 12:22:08	1	2	15	0
        116960	2026-07-14 12:22:10	1	2	15	0
        118782	2026-07-14 12:22:12	1	2	15	0
        110431	2026-07-14 12:22:15	1	2	15	0
        117196	2026-07-14 12:22:17	1	2	15	0
        117630	2026-07-14 12:22:37	1	2	15	0
        110100	2026-07-14 12:22:48	1	2	15	0
        117972	2026-07-14 12:22:49	1	2	15	0
        116453	2026-07-14 12:23:20	1	2	15	0
        110199	2026-07-14 12:23:23	1	2	15	0
        110456	2026-07-14 12:23:26	1	2	15	0
        110424	2026-07-14 12:23:28	1	2	15	0
        116933	2026-07-14 12:23:34	1	2	15	0
        117483	2026-07-14 12:23:37	1	2	15	0
        116428	2026-07-14 12:23:39	1	2	15	0
        118563	2026-07-14 12:23:42	1	2	15	0
        110378	2026-07-14 12:23:47	1	2	15	0
        117113	2026-07-14 12:23:50	1	2	15	0
        117114	2026-07-14 12:24:04	1	2	15	0
        117236	2026-07-14 12:24:16	1	2	15	0
        110200	2026-07-14 12:24:41	1	2	15	0
        116933	2026-07-14 12:24:52	1	2	15	0
        117817	2026-07-14 12:25:01	1	2	15	0
        117144	2026-07-14 12:25:16	1	2	15	0
        117122	2026-07-14 12:25:24	1	2	15	0
        110116	2026-07-14 12:25:29	1	2	15	0
        117811	2026-07-14 12:25:34	1	2	15	0
        110376	2026-07-14 12:25:38	1	2	15	0
        110065	2026-07-14 12:25:55	1	2	15	0
        118741	2026-07-14 12:25:57	1	2	15	0
        110863	2026-07-14 12:26:03	1	2	15	0
        110844	2026-07-14 12:26:07	1	2	15	0
        116799	2026-07-14 12:26:10	1	2	15	0
        110431	2026-07-14 12:26:20	1	2	15	0
        117212	2026-07-14 12:26:23	1	2	15	0
        117993	2026-07-14 12:26:25	1	2	15	0
        117046	2026-07-14 12:26:31	1	2	15	0
        110513	2026-07-14 12:26:33	1	2	15	0
        110197	2026-07-14 12:27:00	1	2	15	0
        110785	2026-07-14 12:27:06	1	2	15	0
        117121	2026-07-14 12:27:12	1	2	15	0
        117156	2026-07-14 12:27:30	1	2	15	0
        110090	2026-07-14 12:27:38	1	2	15	0
        117680	2026-07-14 12:28:29	1	2	15	0
        110090	2026-07-14 12:29:00	1	2	15	0
        110077	2026-07-14 12:29:05	1	2	15	0
        110834	2026-07-14 12:29:09	1	2	15	0
        110376	2026-07-14 12:29:23	1	2	15	0
        110070	2026-07-14 12:29:53	1	2	15	0
        117972	2026-07-14 12:30:11	1	2	15	0
        119157	2026-07-14 12:30:33	1	2	15	0
        118761	2026-07-14 12:30:37	1	2	15	0
        119449	2026-07-14 12:30:58	1	2	15	0
        116346	2026-07-14 12:31:18	1	2	15	0
        116095	2026-07-14 12:31:49	1	2	15	0
        110833	2026-07-14 12:33:17	1	3	15	0
        117275	2026-07-14 12:33:38	1	3	15	0
        116763	2026-07-14 12:33:48	1	3	15	0
        117528	2026-07-14 12:33:52	1	3	15	0
        116072	2026-07-14 12:33:54	1	3	15	0
        116497	2026-07-14 12:33:56	1	3	15	0
        110457	2026-07-14 12:33:58	1	3	15	0
        117224	2026-07-14 12:34:11	1	3	15	0
        116751	2026-07-14 12:35:23	1	3	15	0
        110128	2026-07-14 12:35:33	1	3	15	0
        119157	2026-07-14 12:35:39	1	3	15	0
        116346	2026-07-14 12:35:43	1	3	15	0
        117091	2026-07-14 12:35:49	1	3	15	0
        110833	2026-07-14 12:35:56	1	3	15	0
        118550	2026-07-14 12:36:01	1	3	15	0
        118695	2026-07-14 12:36:20	1	3	15	0
        117111	2026-07-14 12:36:22	1	3	15	0
        118369	2026-07-14 12:36:23	1	3	15	0
        117337	2026-07-14 12:36:26	1	3	15	0
        116053	2026-07-14 12:36:28	1	3	15	0
        117635	2026-07-14 12:36:29	1	3	15	0
        116805	2026-07-14 12:36:32	1	3	15	0
        117660	2026-07-14 12:36:44	1	3	15	0
        116095	2026-07-14 12:37:02	1	3	15	0
        118593	2026-07-14 12:37:17	1	3	15	0
        110805	2026-07-14 12:37:49	1	3	15	0
        119227	2026-07-14 12:37:53	1	3	15	0
        117091	2026-07-14 12:38:00	1	3	15	0
        117043	2026-07-14 12:38:17	1	3	15	0
        110462	2026-07-14 12:38:23	1	3	15	0
        116260	2026-07-14 12:38:38	1	3	15	0
        117711	2026-07-14 12:38:43	1	3	15	0
        118369	2026-07-14 12:38:52	1	3	15	0
        116497	2026-07-14 12:38:53	1	3	15	0
        116805	2026-07-14 12:38:57	1	3	15	0
        110457	2026-07-14 12:39:00	1	3	15	0
        116072	2026-07-14 12:39:04	1	3	15	0
        117483	2026-07-14 12:39:56	1	3	15	0
        118550	2026-07-14 12:40:15	1	3	15	0
        118702	2026-07-14 12:40:39	1	3	15	0
        117723	2026-07-14 12:40:42	1	3	15	0
        117487	2026-07-14 12:40:43	1	3	15	0
        117528	2026-07-14 12:40:46	1	3	15	0
        117660	2026-07-14 12:41:03	1	3	15	0
        117635	2026-07-14 12:41:05	1	3	15	0
        116053	2026-07-14 12:41:08	1	3	15	0
        117236	2026-07-14 12:41:21	1	3	15	0
        117814	2026-07-14 12:41:44	1	3	15	0
        116260	2026-07-14 12:41:48	1	3	15	0
        117711	2026-07-14 12:42:09	1	3	15	0
        117709	2026-07-14 12:42:12	1	3	15	0
        117849	2026-07-14 12:42:14	1	3	15	0
        117043	2026-07-14 12:42:50	1	3	15	0
        110809	2026-07-14 12:43:01	1	3	15	0
        119494	2026-07-14 12:44:35	1	3	15	0
        116748	2026-07-14 12:44:41	1	3	15	0
        117575	2026-07-14 12:44:45	1	3	15	0
        119143	2026-07-14 12:44:47	1	3	15	0
        110859	2026-07-14 12:45:19	1	3	15	0
        110805	2026-07-14 12:45:35	1	3	15	0
        119227	2026-07-14 12:45:40	1	3	15	0
        118046	2026-07-14 12:46:00	1	3	15	0
        117981	2026-07-14 12:46:03	1	3	15	0
        117061	2026-07-14 12:46:07	1	3	15	0
        117580	2026-07-14 12:46:10	1	3	15	0
        116356	2026-07-14 12:46:11	1	3	15	0
        110360	2026-07-14 12:46:13	1	3	15	0
        119449	2026-07-14 12:46:15	1	3	15	0
        117699	2026-07-14 12:46:32	1	3	15	0
        117849	2026-07-14 12:47:25	1	3	15	0
        117709	2026-07-14 12:47:29	1	3	15	0
        119494	2026-07-14 12:47:32	1	3	15	0
        117725	2026-07-14 12:47:35	1	3	15	0
        116741	2026-07-14 12:47:54	1	3	15	0
        116441	2026-07-14 12:47:56	1	3	15	0
        119143	2026-07-14 12:48:01	1	3	15	0
        110064	2026-07-14 12:48:09	1	3	1	0
        110475	2026-07-14 12:48:14	1	3	15	0
        110057	2026-07-14 12:48:14	1	3	15	0
        119364	2026-07-14 12:48:23	1	3	15	0
        110493	2026-07-14 12:48:25	1	3	15	0
        117981	2026-07-14 12:48:31	1	3	15	0
        116356	2026-07-14 12:48:34	1	3	15	0
        117580	2026-07-14 12:48:35	1	3	15	0
        117061	2026-07-14 12:48:37	1	3	15	0
        110473	2026-07-14 12:48:44	1	3	15	0
        116483	2026-07-14 12:49:00	1	3	15	0
        118455	2026-07-14 12:49:02	1	3	15	0
        110074	2026-07-14 12:49:05	1	3	15	0
        118593	2026-07-14 12:49:13	1	3	15	0
        117085	2026-07-14 12:49:34	1	3	15	0
        117114	2026-07-14 12:49:41	1	3	15	0
        117575	2026-07-14 12:49:52	1	3	15	0
        117725	2026-07-14 12:50:02	1	3	15	0
        110195	2026-07-14 12:52:11	1	3	15	0
        119364	2026-07-14 12:52:18	1	3	15	0
        110493	2026-07-14 12:52:27	1	3	15	0
        110057	2026-07-14 12:52:33	1	3	15	0
        116441	2026-07-14 12:52:40	1	3	15	0
        116741	2026-07-14 12:52:41	1	3	15	0
        110785	2026-07-14 12:52:46	1	3	15	0
        110025	2026-07-14 12:52:49	1	3	15	0
        118455	2026-07-14 12:52:56	1	3	15	0
        116483	2026-07-14 12:53:09	1	3	15	0
        110074	2026-07-14 12:53:12	1	3	15	0
        117699	2026-07-14 12:53:19	1	3	15	0
        110859	2026-07-14 12:53:22	1	3	15	0
        110452	2026-07-14 12:54:27	1	3	15	0
        118753	2026-07-14 12:55:56	1	3	15	0
        110075	2026-07-14 12:56:08	1	3	15	0
        110025	2026-07-14 12:56:25	1	3	15	0
        110360	2026-07-14 12:57:41	1	3	15	0
        110075	2026-07-14 12:58:18	1	3	15	0
        118753	2026-07-14 12:58:35	1	3	15	0
        110085	2026-07-14 14:53:36	1	3	15	0
        118750	2026-07-14 16:02:04	1	1	15	0
        117733	2026-07-14 16:02:06	1	1	15	0
        116383	2026-07-14 16:02:31	1	1	15	0
        117129	2026-07-14 16:02:45	1	1	15	0
        117043	2026-07-14 16:03:12	1	1	15	0
        110625	2026-07-14 16:03:54	1	1	15	0
        117833	2026-07-14 16:03:58	1	1	15	0
        110113	2026-07-14 16:06:06	1	1	15	0
        118101	2026-07-14 16:11:02	1	1	15	0
        116914	2026-07-14 16:11:12	1	1	15	0
        118640	2026-07-14 16:11:41	1	1	15	0
        110128	2026-07-14 16:19:02	1	1	15	0
        118782	2026-07-14 16:24:02	1	1	15	0
        118207	2026-07-14 16:24:26	1	1	15	0
        116741	2026-07-14 16:25:30	1	1	15	0
        117111	2026-07-14 16:25:36	1	1	15	0
        117337	2026-07-14 16:25:38	1	1	15	0
        117110	2026-07-14 16:25:50	1	1	15	0
        110074	2026-07-14 16:30:07	1	1	15	0
        118593	2026-07-14 16:32:06	1	1	15	0
        119449	2026-07-14 16:32:14	1	1	15	0
        116451	2026-07-14 16:34:32	1	1	15	0
        116496	2026-07-14 16:39:34	1	1	15	0
        118180	2026-07-14 16:40:11	1	1	15	0
        117711	2026-07-14 16:54:03	1	1	15	0
        116763	2026-07-14 17:00:03	1	1	15	0
        117039	2026-07-14 17:00:20	1	1	15	0
        110465	2026-07-14 17:01:52	1	1	15	0
        110834	2026-07-14 17:02:11	1	1	15	0
        110832	2026-07-14 17:02:22	1	1	15	0
        117644	2026-07-14 17:02:29	1	1	15	0
        110840	2026-07-14 17:02:40	1	1	15	0
        116491	2026-07-14 17:02:46	1	1	15	0
        117635	2026-07-14 17:03:08	1	1	15	0
        117103	2026-07-14 17:03:41	1	1	15	0
        110492	2026-07-14 17:03:44	1	1	15	0
        117212	2026-07-14 17:03:51	1	1	15	0
        110376	2026-07-14 17:04:10	1	1	15	0
        116428	2026-07-14 17:08:46	1	1	15	0
        110809	2026-07-14 17:09:39	1	1	15	0
        110105	2026-07-14 17:09:53	1	1	15	0
        110354	2026-07-14 17:12:20	1	1	15	0
        117723	2026-07-14 17:12:26	1	1	15	0
        117121	2026-07-14 17:12:38	1	1	15	0
        117630	2026-07-14 17:13:19	1	1	15	0
        116472	2026-07-14 17:13:24	1	1	15	0
        117224	2026-07-14 17:13:35	1	1	15	0
        110475	2026-07-14 17:14:17	1	1	15	0
        110436	2026-07-14 17:15:21	1	1	15	0
        110452	2026-07-14 17:17:08	1	1	15	0
        110785	2026-07-14 17:17:41	1	1	15	0
        117162	2026-07-14 17:18:36	1	1	15	0
        117921	2026-07-14 17:19:09	1	1	15	0
        110462	2026-07-14 17:21:07	1	1	15	0
        117716	2026-07-14 17:22:12	1	1	15	0
        117983	2026-07-14 17:22:46	1	1	15	0
        110172	2026-07-14 17:23:33	1	1	15	0
        116834	2026-07-14 17:25:15	1	1	15	0
        119143	2026-07-14 17:29:19	1	1	15	0
        117972	2026-07-14 17:29:35	1	1	15	0
        117786	2026-07-14 17:29:49	1	1	15	0
        118458	2026-07-14 17:30:39	1	1	15	0
        117828	2026-07-14 17:30:41	1	1	15	0
        119535	2026-07-14 17:30:53	1	1	15	0
        110197	2026-07-14 17:32:02	1	1	15	0
        116073	2026-07-14 17:34:13	1	1	15	0
        110859	2026-07-14 17:34:24	1	1	15	0
        118563	2026-07-14 17:35:05	1	1	15	0
        117100	2026-07-14 17:35:20	1	1	15	0
        117528	2026-07-14 17:35:25	1	1	15	0
        110463	2026-07-14 17:36:30	1	1	15	0
        110510	2026-07-14 17:36:33	1	1	15	0
        110842	2026-07-14 17:36:36	1	1	15	0
        110854	2026-07-14 17:36:40	1	1	15	0
        119453	2026-07-14 17:36:43	1	1	15	0
        117196	2026-07-14 17:36:45	1	1	15	0
        118761	2026-07-14 17:36:48	1	1	15	0
        110805	2026-07-14 17:36:50	1	1	15	0
        117680	2026-07-14 17:36:52	1	1	15	0
        117926	2026-07-14 17:36:53	1	1	15	0
        110513	2026-07-14 17:37:20	1	1	15	0
        110807	2026-07-14 17:37:32	1	1	15	0
        110810	2026-07-14 17:37:37	1	1	15	0
        116453	2026-07-14 17:37:57	1	1	15	0
        118971	2026-07-14 17:38:05	1	1	15	0
        118695	2026-07-14 17:38:57	1	1	15	0
        117835	2026-07-14 17:40:50	1	1	15	0
        116142	2026-07-14 17:42:19	1	1	15	0
        117196	2026-07-14 17:43:01	1	1	15	0
        110116	2026-07-14 17:43:08	1	1	15	0
        117567	2026-07-14 17:43:22	1	1	15	0
        118046	2026-07-14 17:43:35	1	1	15	0
        119272	2026-07-14 17:43:54	1	1	15	0
        117920	2026-07-14 17:44:01	1	1	15	0
        116849	2026-07-14 17:44:17	1	1	15	0
        117201	2026-07-14 17:45:15	1	1	15	0
        118550	2026-07-14 17:46:14	1	1	15	0
        110070	2026-07-14 17:46:23	1	1	15	0
        116477	2026-07-14 17:48:20	1	1	15	0
        110450	2026-07-14 17:50:08	1	1	15	0
        110131	2026-07-14 17:50:12	1	1	15	0
        117487	2026-07-14 17:50:28	1	1	15	0
        118702	2026-07-14 17:50:30	1	1	15	0
        117275	2026-07-14 17:50:45	1	1	15	0
        117814	2026-07-14 17:51:16	1	1	15	0
        117054	2026-07-14 17:51:20	1	1	15	0
        116252	2026-07-14 17:52:07	1	1	15	0
        110077	2026-07-14 17:53:07	1	1	15	0
        117849	2026-07-14 17:53:50	1	1	15	0
        119494	2026-07-14 17:53:57	1	1	15	0
        117709	2026-07-14 17:54:00	1	1	15	0
        117122	2026-07-14 17:57:27	1	1	15	0
        117543	2026-07-14 17:58:39	1	1	15	0
        117156	2026-07-14 18:00:05	1	1	15	0
        117575	2026-07-14 18:00:11	1	1	15	0
        116748	2026-07-14 18:00:33	1	1	15	0
        110819	2026-07-14 18:00:51	1	1	15	0
        117046	2026-07-14 18:01:03	1	1	15	0
        110418	2026-07-14 18:01:05	1	1	15	0
        110424	2026-07-14 18:01:07	1	1	15	0
        110360	2026-07-14 18:01:17	1	1	15	0
        110527	2026-07-14 18:02:23	1	1	15	0
        116747	2026-07-14 18:02:29	1	1	15	0
        117642	2026-07-14 18:02:40	1	1	15	0
        110836	2026-07-14 18:02:44	1	1	15	0
        110844	2026-07-14 18:02:48	1	1	15	0
        117085	2026-07-14 18:03:07	1	1	15	0
        117936	2026-07-14 18:03:18	1	1	15	0
        110495	2026-07-14 18:03:28	1	1	15	0
        110493	2026-07-14 18:03:32	1	1	15	0
        110549	2026-07-14 18:03:35	1	1	15	0
        117692	2026-07-14 18:03:41	1	1	15	0
        110431	2026-07-14 18:03:58	1	1	15	0
        118992	2026-07-14 18:04:17	1	1	15	0
        116787	2026-07-14 18:05:04	1	1	15	0
        117769	2026-07-14 18:05:31	1	1	15	0
        117966	2026-07-14 18:06:06	1	1	15	0
        118580	2026-07-14 18:06:19	1	1	15	0
        116824	2026-07-14 18:06:56	1	1	15	0
        110090	2026-07-14 18:07:27	1	1	15	0
        117812	2026-07-14 18:07:32	1	1	15	0
        116441	2026-07-14 18:08:01	1	1	15	0
        117236	2026-07-14 18:08:03	1	1	15	0
        117660	2026-07-14 18:08:08	1	1	15	0
        117144	2026-07-14 18:09:03	1	1	15	0
        116053	2026-07-14 18:09:34	1	1	15	0
        117837	2026-07-14 18:10:50	1	1	15	0
        110088	2026-07-14 18:11:37	1	1	15	0
        110378	2026-07-14 18:12:56	1	1	15	0
        117529	2026-07-14 18:13:07	1	1	15	0
        110025	2026-07-14 18:13:42	1	1	15	0
        116346	2026-07-14 18:13:58	1	1	15	0
        116960	2026-07-14 18:14:16	1	1	15	0
        110100	2026-07-14 18:14:18	1	1	15	0
        110507	2026-07-14 18:17:10	1	1	15	0
        116260	2026-07-14 18:17:19	1	1	15	0
        110538	2026-07-14 18:17:33	1	1	15	0
        118027	2026-07-14 18:17:47	1	1	15	0
        110065	2026-07-14 18:17:58	1	1	15	0
        116799	2026-07-14 18:18:34	1	1	15	0
        116828	2026-07-14 18:18:49	1	1	1	0
        119263	2026-07-14 18:18:57	1	1	15	0
        117982	2026-07-14 18:19:15	1	1	15	0
        118744	2026-07-14 18:19:57	1	1	15	0
        117656	2026-07-14 18:20:02	1	1	1	0
        110006	2026-07-14 18:24:45	1	1	15	0
        110199	2026-07-14 18:25:16	1	1	15	0
        110456	2026-07-14 18:25:21	1	1	15	0
        110633	2026-07-14 18:26:05	1	1	15	0
        110645	2026-07-14 18:26:33	1	1	15	0
        110632	2026-07-14 18:27:13	1	1	15	0
        116356	2026-07-14 18:28:26	1	1	15	0
        110084	2026-07-14 18:28:41	1	1	15	0
        110060	2026-07-14 18:29:22	1	1	15	0
        119583	2026-07-14 18:29:54	1	1	15	0
        117811	2026-07-14 18:30:43	1	1	15	0
        110529	2026-07-14 18:33:27	1	1	15	0
        116778	2026-07-14 18:34:34	1	1	15	0
        110808	2026-07-14 18:35:30	1	1	15	0
        110839	2026-07-14 18:35:33	1	1	15	0
        118455	2026-07-14 18:36:02	1	1	15	0
        116483	2026-07-14 18:36:03	1	1	15	0
        116504	2026-07-14 18:36:06	1	1	15	0
        117259	2026-07-14 18:36:08	1	1	15	0
        110867	2026-07-14 18:36:22	1	1	15	0
        117541	2026-07-14 18:38:25	1	1	15	0
        110457	2026-07-14 18:38:37	1	1	15	0
        110528	2026-07-14 18:38:39	1	1	15	0
        110863	2026-07-14 18:40:08	1	1	15	0
        117659	2026-07-14 18:41:36	1	1	15	0
        110373	2026-07-14 18:41:41	1	1	15	0
        117817	2026-07-14 18:41:46	1	1	15	0
        117580	2026-07-14 18:41:50	1	1	15	0
        110370	2026-07-14 18:41:58	1	1	15	0
        117061	2026-07-14 18:42:51	1	1	15	0
        118598	2026-07-14 18:43:14	1	1	15	0
        117595	2026-07-14 18:43:57	1	1	15	0
        116166	2026-07-14 18:44:00	1	1	15	0
        110657	2026-07-14 18:46:12	1	1	15	0
        117113	2026-07-14 18:46:21	1	1	15	0
        119227	2026-07-14 18:48:50	1	1	15	0
        118369	2026-07-14 18:49:14	1	1	15	0
        116805	2026-07-14 18:49:17	1	1	15	0
        117981	2026-07-14 18:49:19	1	1	15	0
        110833	2026-07-14 18:51:28	1	1	15	0
        110580	2026-07-14 18:54:25	1	1	15	0
        110732	2026-07-14 18:54:27	1	1	15	0
        119364	2026-07-14 18:55:55	1	1	15	0
        117815	2026-07-14 18:56:51	1	1	15	0
        110040	2026-07-14 18:59:45	1	1	15	0
        119157	2026-07-14 18:59:51	1	1	15	0
        119493	2026-07-14 18:59:54	1	1	15	0
        116933	2026-07-14 18:59:57	1	1	15	0
        118741	2026-07-14 19:00:45	1	1	15	0
        117924	2026-07-14 19:02:29	1	1	15	0
        116072	2026-07-14 19:02:33	1	1	15	0
        116497	2026-07-14 19:02:35	1	1	15	0
        110040	2026-07-14 19:04:27	1	1	15	0
        117684	2026-07-14 19:05:39	1	1	15	0
        117965	2026-07-14 19:06:10	1	1	15	0
        110064	2026-07-14 19:08:56	1	1	1	0
        117993	2026-07-14 19:09:04	1	1	15	0
        110473	2026-07-14 19:09:07	1	1	15	0
        117088	2026-07-14 19:09:39	1	1	15	0
        116095	2026-07-14 19:12:46	1	1	15	0
        110075	2026-07-14 19:14:12	1	1	15	0
        119594	2026-07-14 19:16:23	1	1	15	0
        116990	2026-07-14 19:16:28	1	1	15	0
        116070	2026-07-14 19:16:32	1	1	15	0
        116069	2026-07-14 19:16:34	1	1	15	0
        118753	2026-07-14 19:17:50	1	1	15	0
        117091	2026-07-14 19:20:06	1	1	15	0
        117092	2026-07-14 19:35:33	1	1	15	0
        110057	2026-07-14 19:38:36	1	1	15	0
        117542	2026-07-14 19:38:57	1	1	15	0
        117699	2026-07-14 19:39:06	1	1	15	0
        110195	2026-07-14 19:42:18	1	1	15	0
        110063	2026-07-14 19:44:27	1	1	15	0
        117725	2026-07-14 19:48:11	1	1	15	0
        110055	2026-07-14 20:09:30	1	1	15	0
        117201	2026-07-15 04:38:26	1	0	15	0
        118992	2026-07-15 06:22:19	1	0	15	0
        118732	2026-07-15 06:40:15	1	0	15	0
        116834	2026-07-15 06:42:11	1	0	15	0
        110050	2026-07-15 06:43:31	1	0	15	0
        118744	2026-07-15 06:44:30	1	0	15	0
        116751	2026-07-15 06:46:11	1	0	15	0
        110819	2026-07-15 06:50:01	1	0	15	0
        110113	2026-07-15 06:55:07	1	0	15	0
        116914	2026-07-15 06:55:11	1	0	15	0
        117833	2026-07-15 06:55:21	1	0	15	0
        118101	2026-07-15 06:55:34	1	0	15	0
        117699	2026-07-15 06:56:13	1	0	15	0
        117733	2026-07-15 06:56:20	1	0	15	0
        110625	2026-07-15 06:58:01	1	0	15	0
        110529	2026-07-15 06:58:55	1	0	15	0
        119070	2026-07-15 06:59:02	1	0	15	0
        110074	2026-07-15 06:59:08	1	0	15	0
        118640	2026-07-15 06:59:26	1	0	15	0
        117835	2026-07-15 07:01:19	1	0	15	0
        117769	2026-07-15 07:01:26	1	0	15	0
        116831	2026-07-15 07:02:07	1	0	15	0
        110360	2026-07-15 07:02:31	1	0	15	0
        117162	2026-07-15 07:03:34	1	0	15	0
        110060	2026-07-15 07:03:53	1	0	15	0
        117043	2026-07-15 07:05:04	1	0	15	0
        117656	2026-07-15 07:05:59	1	0	1	0
        110473	2026-07-15 07:06:27	1	0	15	0
        110462	2026-07-15 07:06:33	1	0	15	0
        110371	2026-07-15 07:06:40	1	0	15	0
        110632	2026-07-15 07:07:51	1	0	15	0
        116799	2026-07-15 07:08:14	1	0	15	0
        118997	2026-07-15 07:08:34	1	0	15	0
        117966	2026-07-15 07:09:32	1	0	15	0
        117770	2026-07-15 07:10:39	1	0	15	0
        118750	2026-07-15 07:11:02	1	0	15	0
        118593	2026-07-15 07:12:08	1	0	15	0
        117129	2026-07-15 07:12:57	1	0	15	0
        117337	2026-07-15 07:13:44	1	0	15	0
        110065	2026-07-15 07:13:46	1	0	15	0
        118580	2026-07-15 07:14:51	1	0	15	0
        110538	2026-07-15 07:15:19	1	0	15	0
        118598	2026-07-15 07:16:42	1	0	15	0
        118741	2026-07-15 07:16:44	1	0	15	0
        117837	2026-07-15 07:16:47	1	0	15	0
        116741	2026-07-15 07:17:33	1	0	15	0
        110842	2026-07-15 07:17:47	1	0	15	0
        110580	2026-07-15 07:19:50	1	0	15	0
        117838	2026-07-15 07:20:32	1	0	1	0
        116960	2026-07-15 07:21:01	1	0	15	0
        110549	2026-07-15 07:21:04	1	0	15	0
        117110	2026-07-15 07:21:47	1	0	15	0
        110581	2026-07-15 07:22:33	1	0	15	0
        110840	2026-07-15 07:22:43	1	0	15	0
        116479	2026-07-15 07:24:08	1	0	15	0
        119143	2026-07-15 07:24:24	1	0	15	0
        116747	2026-07-15 07:24:56	1	0	15	0
        110527	2026-07-15 07:25:32	1	0	15	0
        116095	2026-07-15 07:25:51	1	0	15	0
        118207	2026-07-15 07:25:54	1	0	15	0
        118027	2026-07-15 07:25:57	1	0	15	0
        110085	2026-07-15 07:26:37	1	0	15	0
        110832	2026-07-15 07:26:52	1	0	15	0
        117680	2026-07-15 07:27:13	1	0	15	0
        117711	2026-07-15 07:28:02	1	0	15	0
        110836	2026-07-15 07:28:19	1	0	15	0
        118563	2026-07-15 07:28:25	1	0	15	0
        117088	2026-07-15 07:29:27	1	0	15	0
        110199	2026-07-15 07:30:49	1	0	15	0
        116496	2026-07-15 07:31:26	1	0	15	0
        110528	2026-07-15 07:31:47	1	0	15	0
        110863	2026-07-15 07:32:07	1	0	15	0
        117039	2026-07-15 07:32:12	1	0	15	0
        117111	2026-07-15 07:32:35	1	0	15	0
        110378	2026-07-15 07:33:04	1	0	15	0
        110456	2026-07-15 07:34:09	1	0	15	0
        110810	2026-07-15 07:34:12	1	0	15	0
        110507	2026-07-15 07:34:17	1	0	15	0
        116096	2026-07-15 07:35:41	1	0	1	0
        118782	2026-07-15 07:36:44	1	0	15	0
        110128	2026-07-15 07:37:09	1	0	15	0
        110785	2026-07-15 07:38:05	1	0	15	0
        118455	2026-07-15 07:39:20	1	0	15	0
        116483	2026-07-15 07:39:22	1	0	15	0
        110633	2026-07-15 07:39:25	1	0	15	0
        117113	2026-07-15 07:39:27	1	0	15	0
        110006	2026-07-15 07:39:33	1	0	15	0
        117224	2026-07-15 07:41:27	1	0	15	0
        110355	2026-07-15 07:41:29	1	0	15	0
        110356	2026-07-15 07:41:33	1	0	15	0
        118427	2026-07-15 07:42:03	1	0	15	0
        117811	2026-07-15 07:42:14	1	0	15	0
        110064	2026-07-15 07:43:01	1	0	1	0
        116828	2026-07-15 07:44:15	1	0	1	0
        116504	2026-07-15 07:44:21	1	0	15	0
        117972	2026-07-15 07:44:39	1	0	15	0
        117259	2026-07-15 07:46:11	1	0	15	0
        116142	2026-07-15 07:46:32	1	0	15	0
        110867	2026-07-15 07:47:16	1	0	15	0
        118753	2026-07-15 07:47:36	1	0	15	0
        118867	2026-07-15 07:47:39	1	0	15	0
        116512	2026-07-15 07:47:41	1	0	15	0
        116824	2026-07-15 07:48:36	1	0	15	0
        116491	2026-07-15 07:48:41	1	0	15	0
        110431	2026-07-15 07:48:56	1	0	15	0
        110131	2026-07-15 07:49:04	1	0	15	0
        110510	2026-07-15 07:49:09	1	0	15	0
        110732	2026-07-15 07:51:26	1	0	15	0
        117121	2026-07-15 07:51:32	1	0	15	0
        118369	2026-07-15 07:51:37	1	0	15	0
        110463	2026-07-15 07:51:59	1	0	15	0
        110807	2026-07-15 07:52:02	1	0	15	0
        110805	2026-07-15 07:52:09	1	0	15	0
        110854	2026-07-15 07:52:14	1	0	15	0
        117921	2026-07-15 07:52:19	1	0	15	0
        110493	2026-07-15 07:52:24	1	0	15	0
        117815	2026-07-15 07:52:30	1	0	15	0
        110475	2026-07-15 07:53:07	1	0	15	0
        116346	2026-07-15 07:54:25	1	0	15	0
        119227	2026-07-15 07:55:27	1	0	15	0
        110447	2026-07-15 07:55:34	1	0	15	0
        116428	2026-07-15 07:55:39	1	0	15	0
        110535	2026-07-15 07:56:08	1	0	15	0
        110201	2026-07-15 07:56:36	1	0	15	0
        110492	2026-07-15 07:56:44	1	0	15	0
        110833	2026-07-15 07:56:53	1	0	15	0
        117147	2026-07-15 07:57:17	1	0	15	0
        110354	2026-07-15 07:57:22	1	0	15	0
        116356	2026-07-15 07:57:29	1	0	15	0
        117580	2026-07-15 07:57:34	1	0	15	0
        116990	2026-07-15 07:57:44	1	0	15	0
        110828	2026-07-15 07:57:53	1	0	15	0
        110859	2026-07-15 07:57:57	1	0	15	0
        110834	2026-07-15 07:58:09	1	0	15	0
        117542	2026-07-15 07:58:20	1	0	15	0
        119386	2026-07-15 07:58:39	1	0	15	0
        110452	2026-07-15 07:59:29	1	0	15	0
        110376	2026-07-15 07:59:48	1	0	15	0
        110852	2026-07-15 08:00:33	1	0	15	0
        110105	2026-07-15 08:01:30	1	0	15	0
        110465	2026-07-15 08:02:36	1	0	15	0
        119494	2026-07-15 08:02:45	1	0	15	0
        110055	2026-07-15 08:03:11	1	0	15	0
        117644	2026-07-15 08:03:16	1	0	15	0
        117828	2026-07-15 08:03:20	1	0	15	0
        117635	2026-07-15 08:04:08	1	0	15	0
        117716	2026-07-15 08:04:52	1	0	15	0
        119453	2026-07-15 08:05:05	1	0	15	0
        110100	2026-07-15 08:05:11	1	0	15	0
        117487	2026-07-15 08:05:18	1	0	15	0
        110450	2026-07-15 08:05:41	1	0	15	0
        110025	2026-07-15 08:07:14	1	0	15	0
        117924	2026-07-15 08:07:27	1	0	15	0
        117061	2026-07-15 08:07:32	1	0	15	0
        117926	2026-07-15 08:07:48	1	0	15	0
        110197	2026-07-15 08:08:28	1	0	15	0
        117054	2026-07-15 08:08:33	1	0	15	0
        118702	2026-07-15 08:09:24	1	0	15	0
        118695	2026-07-15 08:09:34	1	0	15	0
        117786	2026-07-15 08:09:42	1	0	15	0
        118550	2026-07-15 08:10:39	1	0	15	0
        117900	2026-07-15 08:10:43	1	0	15	0
        116073	2026-07-15 08:11:03	1	0	15	0
        117692	2026-07-15 08:11:32	1	0	15	0
        117807	2026-07-15 08:11:41	1	0	15	0
        117630	2026-07-15 08:11:44	1	0	15	0
        110839	2026-07-15 08:12:27	1	0	15	0
        117483	2026-07-15 08:12:53	1	0	15	0
        116069	2026-07-15 08:13:21	1	0	15	0
        117543	2026-07-15 08:14:49	1	0	15	0
        119157	2026-07-15 08:15:15	1	0	15	0
        117920	2026-07-15 08:15:34	1	0	15	0
        119594	2026-07-15 08:15:39	1	0	15	0
        117660	2026-07-15 08:15:59	1	0	15	0
        110457	2026-07-15 08:16:04	1	0	15	0
        116451	2026-07-15 08:16:30	1	0	15	0
        117042	2026-07-15 08:16:33	1	0	15	0
        116072	2026-07-15 08:17:01	1	0	15	0
        119282	2026-07-15 08:17:06	1	0	15	0
        117983	2026-07-15 08:17:26	1	0	15	0
        110808	2026-07-15 08:18:12	1	0	15	0
        116453	2026-07-15 08:19:25	1	0	15	0
        117275	2026-07-15 08:19:43	1	0	15	0
        116805	2026-07-15 08:20:07	1	0	15	0
        116787	2026-07-15 08:20:38	1	0	15	0
        118458	2026-07-15 08:20:48	1	0	15	0
        117497	2026-07-15 08:22:07	1	0	15	0
        116748	2026-07-15 08:22:25	1	0	15	0
        118971	2026-07-15 08:22:29	1	0	15	0
        119493	2026-07-15 08:22:37	1	0	15	0
        117114	2026-07-15 08:22:48	1	0	15	0
        117993	2026-07-15 08:22:58	1	0	15	0
        117196	2026-07-15 08:22:59	1	0	15	0
        117120	2026-07-15 08:24:02	1	0	15	0
        110084	2026-07-15 08:24:06	1	0	15	0
        117981	2026-07-15 08:24:54	1	0	15	0
        116849	2026-07-15 08:25:04	1	0	15	0
        118180	2026-07-15 08:25:57	1	0	15	0
        119535	2026-07-15 08:26:54	1	0	15	0
        110063	2026-07-15 08:27:34	1	0	15	0
        117725	2026-07-15 08:28:55	1	0	15	0
        116778	2026-07-15 08:29:31	1	0	15	0
        110075	2026-07-15 08:29:34	1	0	15	0
        110077	2026-07-15 08:29:52	1	0	15	0
        117659	2026-07-15 08:30:23	1	0	15	0
        116933	2026-07-15 08:31:10	1	0	15	0
        110657	2026-07-15 08:31:39	1	0	15	0
        110040	2026-07-15 08:32:15	1	0	15	0
        117144	2026-07-15 08:32:20	1	0	15	0
        117091	2026-07-15 08:32:50	1	0	15	0
        117616	2026-07-15 08:34:41	1	0	15	0
        116497	2026-07-15 08:35:01	1	0	15	0
        117814	2026-07-15 08:35:48	1	0	15	0
        119263	2026-07-15 08:35:55	1	0	15	0
        117103	2026-07-15 08:35:59	1	0	15	0
        117817	2026-07-15 08:37:00	1	0	15	0
        119583	2026-07-15 08:37:04	1	0	15	0
        117709	2026-07-15 08:38:08	1	0	15	0
        117567	2026-07-15 08:38:35	1	0	15	0
        110172	2026-07-15 08:38:53	1	0	15	0
        110436	2026-07-15 08:38:54	1	0	15	0
        110424	2026-07-15 08:39:18	1	0	15	0
        117595	2026-07-15 08:40:11	1	0	15	0
        117849	2026-07-15 08:40:18	1	0	15	0
        116279	2026-07-15 08:40:54	1	0	15	0
        119364	2026-07-15 08:41:16	1	0	15	0
        118046	2026-07-15 08:42:30	1	0	15	0
        110158	2026-07-15 08:42:43	1	0	15	0
        117541	2026-07-15 08:42:54	1	0	15	0
        110070	2026-07-15 08:44:02	1	0	15	0
        110513	2026-07-15 08:48:10	1	0	15	0
        110116	2026-07-15 08:48:17	1	0	15	0
        117085	2026-07-15 08:48:34	1	0	15	0
        116252	2026-07-15 08:48:38	1	0	15	0
        110195	2026-07-15 08:51:06	1	0	15	0
        116477	2026-07-15 08:51:46	1	0	15	0
        110057	2026-07-15 08:53:06	1	0	15	0
        117212	2026-07-15 08:53:13	1	0	15	0
        110088	2026-07-15 08:54:08	1	0	15	0
        110418	2026-07-15 08:56:56	1	0	15	0
        117236	2026-07-15 08:57:13	1	0	15	0
        110090	2026-07-15 08:57:24	1	0	15	0
        116441	2026-07-15 09:01:32	1	0	15	0
        110200	2026-07-15 09:02:02	1	0	15	0
        117575	2026-07-15 09:06:14	1	0	15	0
        117156	2026-07-15 09:10:03	1	0	15	0
        116260	2026-07-15 09:13:32	1	0	15	0
        117812	2026-07-15 09:41:59	1	0	15	0
        116166	2026-07-15 09:47:20	1	0	15	0
        117921	2026-07-15 11:59:14	1	2	15	0
        110527	2026-07-15 12:00:03	1	2	15	0
        110805	2026-07-15 12:00:07	1	2	15	0
        110113	2026-07-15 12:00:09	1	2	15	0
        110424	2026-07-15 12:00:11	1	2	15	0
        110418	2026-07-15 12:00:13	1	2	15	0
        110452	2026-07-15 12:00:24	1	2	15	0
        117983	2026-07-15 12:00:26	1	2	15	0
        110854	2026-07-15 12:00:28	1	2	15	0
        117807	2026-07-15 12:00:33	1	2	15	0
        110832	2026-07-15 12:00:40	1	2	15	0
        110510	2026-07-15 12:00:43	1	2	15	0
        118458	2026-07-15 12:00:53	1	2	15	0
        110465	2026-07-15 12:00:55	1	2	15	0
        117201	2026-07-15 12:00:56	1	2	15	0
        110842	2026-07-15 12:00:58	1	2	15	0
        110807	2026-07-15 12:01:00	1	2	15	0
        116778	2026-07-15 12:01:02	1	2	15	0
        117770	2026-07-15 12:01:04	1	2	15	0
        117497	2026-07-15 12:01:06	1	2	15	0
        117837	2026-07-15 12:01:07	1	2	15	0
        117812	2026-07-15 12:01:09	1	2	15	0
        110354	2026-07-15 12:01:10	1	2	15	0
        116914	2026-07-15 12:01:15	1	2	15	0
        119535	2026-07-15 12:01:16	1	2	15	0
        110810	2026-07-15 12:01:18	1	2	15	0
        110834	2026-07-15 12:01:20	1	2	15	0
        110840	2026-07-15 12:01:22	1	2	15	0
        118695	2026-07-15 12:01:26	1	2	15	0
        110128	2026-07-15 12:01:30	1	2	15	0
        116849	2026-07-15 12:01:32	1	2	15	0
        110529	2026-07-15 12:01:35	1	2	15	0
        118207	2026-07-15 12:01:36	1	2	15	0
        117786	2026-07-15 12:01:38	1	2	15	0
        116142	2026-07-15 12:01:40	1	2	15	0
        117120	2026-07-15 12:01:43	1	2	15	0
        116787	2026-07-15 12:01:46	1	2	15	0
        117699	2026-07-15 12:01:47	1	2	15	0
        110657	2026-07-15 12:01:49	1	2	15	0
        110493	2026-07-15 12:01:51	1	2	15	0
        116279	2026-07-15 12:01:54	1	2	15	0
        117656	2026-07-15 12:01:55	1	2	1	0
        116491	2026-07-15 12:02:03	1	2	15	0
        118992	2026-07-15 12:02:04	1	2	15	0
        110808	2026-07-15 12:02:07	1	2	15	0
        117212	2026-07-15 12:02:10	1	2	15	0
        117993	2026-07-15 12:02:11	1	2	15	0
        110528	2026-07-15 12:02:13	1	2	15	0
        118744	2026-07-15 12:02:15	1	2	15	0
        110839	2026-07-15 12:02:16	1	2	15	0
        117921	2026-07-15 12:02:18	1	2	15	0
        110105	2026-07-15 12:02:20	1	2	15	0
        117196	2026-07-15 12:02:22	1	2	15	0
        110447	2026-07-15 12:02:39	1	2	15	0
        117103	2026-07-15 12:03:00	1	2	15	0
        116960	2026-07-15 12:03:15	1	2	15	0
        117900	2026-07-15 12:03:28	1	2	15	0
        110819	2026-07-15 12:03:32	1	2	15	0
        110060	2026-07-15 12:03:37	1	2	15	0
        110863	2026-07-15 12:03:41	1	2	15	0
        110828	2026-07-15 12:03:46	1	2	15	0
        110625	2026-07-15 12:03:52	1	2	15	0
        118750	2026-07-15 12:04:02	1	2	15	0
        117110	2026-07-15 12:04:04	1	2	15	0
        117236	2026-07-15 12:04:06	1	2	15	0
        117039	2026-07-15 12:04:09	1	2	15	0
        117054	2026-07-15 12:04:11	1	2	15	0
        110354	2026-07-15 12:04:14	1	2	15	0
        117595	2026-07-15 12:04:25	1	2	15	0
        110356	2026-07-15 12:04:54	1	2	15	0
        110355	2026-07-15 12:04:56	1	2	15	0
        117733	2026-07-15 12:05:03	1	2	15	0
        110424	2026-07-15 12:05:10	1	2	15	0
        110832	2026-07-15 12:05:13	1	2	15	0
        117259	2026-07-15 12:05:14	1	2	15	0
        117541	2026-07-15 12:05:17	1	2	15	0
        110418	2026-07-15 12:05:20	1	2	15	0
        117833	2026-07-15 12:05:26	1	2	15	0
        116849	2026-07-15 12:05:32	1	2	15	0
        116787	2026-07-15 12:05:35	1	2	15	0
        117224	2026-07-15 12:05:37	1	2	15	0
        110090	2026-07-15 12:05:40	1	2	15	0
        110113	2026-07-15 12:05:42	1	2	15	0
        117103	2026-07-15 12:05:42	1	2	15	0
        110549	2026-07-15 12:05:46	1	2	15	0
        110840	2026-07-15 12:05:48	1	2	15	0
        110431	2026-07-15 12:05:51	1	2	15	0
        110450	2026-07-15 12:05:53	1	2	15	0
        117201	2026-07-15 12:05:56	1	2	15	0
        116279	2026-07-15 12:05:58	1	2	15	0
        118458	2026-07-15 12:05:59	1	2	15	0
        118695	2026-07-15 12:06:01	1	2	15	0
        110805	2026-07-15 12:06:03	1	2	15	0
        110195	2026-07-15 12:06:05	1	2	15	0
        118971	2026-07-15 12:06:08	1	2	15	0
        110657	2026-07-15 12:06:10	1	2	15	0
        110529	2026-07-15 12:06:12	1	2	15	0
        110493	2026-07-15 12:06:13	1	2	15	0
        116095	2026-07-15 12:06:15	1	2	15	0
        110050	2026-07-15 12:06:16	1	2	15	0
        117196	2026-07-15 12:06:19	1	2	15	0
        110834	2026-07-15 12:06:22	1	2	15	0
        110371	2026-07-15 12:06:25	1	2	15	0
        118101	2026-07-15 12:06:28	1	2	15	0
        117828	2026-07-15 12:06:31	1	2	15	0
        110463	2026-07-15 12:06:35	1	2	15	0
        110842	2026-07-15 12:06:38	1	2	15	0
        110807	2026-07-15 12:06:40	1	2	15	0
        118744	2026-07-15 12:06:43	1	2	15	0
        117656	2026-07-15 12:06:46	1	2	1	0
        110507	2026-07-15 12:06:53	1	2	15	0
        117129	2026-07-15 12:06:55	1	2	15	0
        110465	2026-07-15 12:06:57	1	2	15	0
        110492	2026-07-15 12:06:59	1	2	15	0
        117542	2026-07-15 12:07:06	1	2	15	0
        117807	2026-07-15 12:07:12	1	2	15	0
        119453	2026-07-15 12:07:19	1	2	15	0
        116142	2026-07-15 12:07:23	1	2	15	0
        117120	2026-07-15 12:07:26	1	2	15	0
        116960	2026-07-15 12:07:28	1	2	15	0
        110060	2026-07-15 12:07:33	1	2	15	0
        110732	2026-07-15 12:07:36	1	2	15	0
        117567	2026-07-15 12:07:46	1	2	15	0
        110356	2026-07-15 12:07:54	1	2	15	0
        117543	2026-07-15 12:07:56	1	2	15	0
        110625	2026-07-15 12:08:02	1	2	15	0
        117833	2026-07-15 12:08:05	1	2	15	0
        110355	2026-07-15 12:08:11	1	2	15	0
        110006	2026-07-15 12:08:12	1	2	15	0
        110527	2026-07-15 12:08:13	1	2	15	0
        110810	2026-07-15 12:08:17	1	2	15	0
        110456	2026-07-15 12:08:20	1	2	15	0
        119535	2026-07-15 12:08:23	1	2	15	0
        110535	2026-07-15 12:08:38	1	2	15	0
        117085	2026-07-15 12:08:40	1	2	15	0
        110100	2026-07-15 12:08:42	1	2	15	0
        110025	2026-07-15 12:08:45	1	2	15	0
        110063	2026-07-15 12:08:47	1	2	15	0
        110075	2026-07-15 12:08:54	1	2	15	0
        118207	2026-07-15 12:08:58	1	2	15	0
        117733	2026-07-15 12:09:00	1	2	15	0
        117054	2026-07-15 12:09:10	1	2	15	0
        110852	2026-07-15 12:09:12	1	2	15	0
        117921	2026-07-15 12:09:16	1	2	15	0
        117212	2026-07-15 12:09:18	1	2	15	0
        117993	2026-07-15 12:09:29	1	2	15	0
        117259	2026-07-15 12:09:32	1	2	15	0
        117541	2026-07-15 12:09:34	1	2	15	0
        110632	2026-07-15 12:09:39	1	2	15	0
        110839	2026-07-15 12:09:42	1	2	15	0
        110528	2026-07-15 12:09:42	1	2	15	0
        110863	2026-07-15 12:09:47	1	2	15	0
        117497	2026-07-15 12:09:50	1	2	15	0
        110828	2026-07-15 12:09:52	1	2	15	0
        116799	2026-07-15 12:09:56	1	2	15	0
        117129	2026-07-15 12:10:02	1	2	15	0
        110808	2026-07-15 12:10:04	1	2	15	0
        117091	2026-07-15 12:10:09	1	2	15	0
        110070	2026-07-15 12:10:13	1	2	15	0
        117630	2026-07-15 12:10:19	1	2	15	0
        116778	2026-07-15 12:10:22	1	2	15	0
        110077	2026-07-15 12:10:24	1	2	15	0
        117680	2026-07-15 12:10:27	1	2	15	0
        116477	2026-07-15 12:10:29	1	2	15	0
        117162	2026-07-15 12:10:32	1	2	15	0
        117147	2026-07-15 12:10:35	1	2	15	0
        117039	2026-07-15 12:10:43	1	2	15	0
        116748	2026-07-15 12:10:49	1	2	15	0
        110447	2026-07-15 12:11:01	1	2	15	0
        110450	2026-07-15 12:11:04	1	2	15	0
        110431	2026-07-15 12:11:06	1	2	15	0
        110549	2026-07-15 12:11:08	1	2	15	0
        117812	2026-07-15 12:11:10	1	2	15	0
        117837	2026-07-15 12:11:11	1	2	15	0
        117770	2026-07-15 12:11:13	1	2	15	0
        110100	2026-07-15 12:11:17	1	2	15	0
        117817	2026-07-15 12:11:21	1	2	15	0
        110492	2026-07-15 12:11:23	1	2	15	0
        110090	2026-07-15 12:11:37	1	2	15	0
        118180	2026-07-15 12:11:41	1	2	15	0
        118640	2026-07-15 12:11:43	1	2	15	0
        117091	2026-07-15 12:11:51	1	2	15	0
        116933	2026-07-15 12:11:55	1	2	15	0
        110510	2026-07-15 12:11:58	1	2	15	0
        110854	2026-07-15 12:12:02	1	2	15	0
        110105	2026-07-15 12:12:06	1	2	15	0
        117983	2026-07-15 12:12:40	1	2	15	0
        110199	2026-07-15 12:12:42	1	2	15	0
        116252	2026-07-15 12:13:01	1	2	15	0
        110088	2026-07-15 12:13:03	1	2	15	0
        117699	2026-07-15 12:13:09	1	2	15	0
        110128	2026-07-15 12:13:22	1	2	15	0
        110378	2026-07-15 12:13:25	1	2	15	0
        117144	2026-07-15 12:13:27	1	2	15	0
        110507	2026-07-15 12:13:31	1	2	15	0
        117110	2026-07-15 12:13:34	1	2	15	0
        118750	2026-07-15 12:13:36	1	2	15	0
        118992	2026-07-15 12:13:43	1	2	15	0
        118598	2026-07-15 12:13:48	1	2	15	0
        110456	2026-07-15 12:13:52	1	2	15	0
        117162	2026-07-15 12:13:56	1	2	15	0
        117817	2026-07-15 12:13:59	1	2	15	0
        116453	2026-07-15 12:14:04	1	2	15	0
        110025	2026-07-15 12:14:08	1	2	15	0
        110075	2026-07-15 12:14:12	1	2	15	0
        116497	2026-07-15 12:14:27	1	2	15	0
        116477	2026-07-15 12:14:31	1	2	15	0
        116072	2026-07-15 12:14:34	1	2	15	0
        116483	2026-07-15 12:14:37	1	2	15	0
        117542	2026-07-15 12:14:38	1	2	15	0
        117113	2026-07-15 12:14:39	1	2	15	0
        110457	2026-07-15 12:14:43	1	2	15	0
        117924	2026-07-15 12:14:45	1	2	15	0
        110462	2026-07-15 12:14:47	1	2	15	0
        117483	2026-07-15 12:14:50	1	2	15	0
        110852	2026-07-15 12:15:02	1	2	15	0
        110088	2026-07-15 12:15:05	1	2	15	0
        116252	2026-07-15 12:15:17	1	2	15	0
        110197	2026-07-15 12:15:27	1	2	15	0
        110085	2026-07-15 12:15:59	1	2	15	0
        118180	2026-07-15 12:16:06	1	2	15	0
        118640	2026-07-15 12:16:08	1	2	15	0
        117814	2026-07-15 12:16:11	1	2	15	0
        110463	2026-07-15 12:16:22	1	2	15	0
        117716	2026-07-15 12:16:29	1	2	15	0
        117147	2026-07-15 12:16:45	1	2	15	0
        117114	2026-07-15 12:16:52	1	2	15	0
        110199	2026-07-15 12:16:59	1	2	15	0
        110055	2026-07-15 12:17:06	1	2	15	0
        116453	2026-07-15 12:17:35	1	2	15	0
        110116	2026-07-15 12:17:54	1	2	15	0
        118580	2026-07-15 12:18:06	1	2	15	0
        119493	2026-07-15 12:18:08	1	2	15	0
        110084	2026-07-15 12:18:10	1	2	15	0
        110538	2026-07-15 12:18:12	1	2	15	0
        116451	2026-07-15 12:18:14	1	2	15	0
        118550	2026-07-15 12:18:17	1	2	15	0
        117042	2026-07-15 12:18:19	1	2	15	0
        119494	2026-07-15 12:18:57	1	2	15	0
        116166	2026-07-15 12:19:02	1	2	15	0
        117156	2026-07-15 12:19:06	1	2	15	0
        117121	2026-07-15 12:19:07	1	2	15	0
        116799	2026-07-15 12:19:44	1	2	15	0
        117567	2026-07-15 12:19:55	1	2	15	0
        116483	2026-07-15 12:19:57	1	2	15	0
        116497	2026-07-15 12:19:59	1	2	15	0
        110084	2026-07-15 12:20:02	1	2	15	0
        117924	2026-07-15 12:20:08	1	2	15	0
        116072	2026-07-15 12:20:19	1	2	15	0
        110063	2026-07-15 12:20:21	1	2	15	0
        116824	2026-07-15 12:20:31	1	2	15	0
        110785	2026-07-15 12:20:35	1	2	15	0
        110538	2026-07-15 12:20:37	1	2	15	0
        110085	2026-07-15 12:20:51	1	2	15	0
        119493	2026-07-15 12:20:54	1	2	15	0
        117616	2026-07-15 12:20:56	1	2	15	0
        117716	2026-07-15 12:21:06	1	2	15	0
        110077	2026-07-15 12:21:19	1	2	15	0
        117630	2026-07-15 12:21:23	1	2	15	0
        119453	2026-07-15 12:21:26	1	2	15	0
        118027	2026-07-15 12:21:34	1	2	15	0
        117920	2026-07-15 12:21:37	1	2	15	0
        110040	2026-07-15 12:22:14	1	2	15	0
        117144	2026-07-15 12:22:18	1	2	15	0
        110378	2026-07-15 12:22:19	1	2	15	0
        110632	2026-07-15 12:22:22	1	2	15	0
        110462	2026-07-15 12:22:36	1	2	15	0
        110867	2026-07-15 12:23:15	1	2	15	0
        110732	2026-07-15 12:23:23	1	2	15	0
        117644	2026-07-15 12:23:46	1	2	15	0
        119494	2026-07-15 12:23:50	1	2	15	0
        116451	2026-07-15 12:23:56	1	2	15	0
        117042	2026-07-15 12:24:03	1	2	15	0
        116748	2026-07-15 12:24:08	1	2	15	0
        110055	2026-07-15 12:24:14	1	2	15	0
        117926	2026-07-15 12:24:22	1	2	15	0
        117680	2026-07-15 12:24:26	1	2	15	0
        117113	2026-07-15 12:24:47	1	2	15	0
        110376	2026-07-15 12:24:53	1	2	15	0
        118580	2026-07-15 12:25:00	1	2	15	0
        117644	2026-07-15 12:25:13	1	2	15	0
        110859	2026-07-15 12:25:22	1	2	15	0
        117920	2026-07-15 12:25:32	1	2	15	0
        110116	2026-07-15 12:25:44	1	2	15	0
        116933	2026-07-15 12:26:15	1	2	15	0
        117981	2026-07-15 12:26:19	1	2	15	0
        117543	2026-07-15 12:26:21	1	2	15	0
        110535	2026-07-15 12:26:29	1	2	15	0
        118782	2026-07-15 12:26:40	1	2	15	0
        117111	2026-07-15 12:26:42	1	2	15	0
        110513	2026-07-15 12:26:43	1	2	15	0
        117900	2026-07-15 12:26:55	1	2	15	0
        110819	2026-07-15 12:27:00	1	2	15	0
        110040	2026-07-15 12:27:05	1	2	15	0
        116504	2026-07-15 12:27:09	1	2	15	0
        117814	2026-07-15 12:27:11	1	2	15	0
        110633	2026-07-15 12:27:13	1	2	15	0
        118027	2026-07-15 12:27:17	1	2	15	0
        118046	2026-07-15 12:27:48	1	2	15	0
        118598	2026-07-15 12:27:57	1	2	15	0
        117114	2026-07-15 12:28:33	1	2	15	0
        118101	2026-07-15 12:29:01	1	2	15	0
        117828	2026-07-15 12:29:03	1	2	15	0
        110867	2026-07-15 12:29:08	1	2	15	0
        116504	2026-07-15 12:29:16	1	2	15	0
        110511	2026-07-15 12:29:53	1	2	15	0
        118971	2026-07-15 12:29:59	1	2	15	0
        117487	2026-07-15 12:30:15	1	2	15	0
        118732	2026-07-15 12:30:32	1	2	15	0
        117275	2026-07-15 12:30:39	1	2	15	0
        118997	2026-07-15 12:30:42	1	2	15	0
        116166	2026-07-15 12:31:10	1	2	15	0
        110457	2026-07-15 12:31:11	1	2	15	0
        110785	2026-07-15 12:31:25	1	2	15	0
        116748	2026-07-15 12:31:33	1	2	15	0
        110376	2026-07-15 12:31:44	1	2	15	0
        110006	2026-07-15 12:31:50	1	2	15	0
        110836	2026-07-15 12:31:55	1	2	15	0
        117088	2026-07-15 12:31:59	1	2	15	0
        119386	2026-07-15 12:32:27	1	2	15	0
        116512	2026-07-15 12:32:32	1	2	15	0
        117085	2026-07-15 12:32:33	1	2	15	0
        116751	2026-07-15 12:32:37	1	2	15	0
        117659	2026-07-15 12:32:43	1	2	15	0
        116346	2026-07-15 12:33:08	1	2	15	0
        110475	2026-07-15 12:33:23	1	2	15	0
        110064	2026-07-15 12:33:30	1	2	1	0
        110473	2026-07-15 12:33:36	1	3	15	0
        118732	2026-07-15 12:33:54	1	3	15	0
        119594	2026-07-15 12:34:05	1	3	15	0
        118867	2026-07-15 12:34:45	1	3	15	0
        110511	2026-07-15 12:34:49	1	3	15	0
        110633	2026-07-15 12:35:00	1	3	15	0
        116824	2026-07-15 12:35:03	1	3	15	0
        119594	2026-07-15 12:35:16	1	3	15	0
        117711	2026-07-15 12:35:38	1	3	15	0
        119263	2026-07-15 12:36:08	1	3	15	0
        110195	2026-07-15 12:36:25	1	3	15	0
        110836	2026-07-15 12:36:33	1	3	15	0
        117487	2026-07-15 12:36:40	1	3	15	0
        117595	2026-07-15 12:36:47	1	3	15	0
        118867	2026-07-15 12:37:19	1	3	15	0
        117085	2026-07-15 12:37:24	1	3	15	0
        118741	2026-07-15 12:37:33	1	3	15	0
        110065	2026-07-15 12:37:37	1	3	15	0
        118046	2026-07-15 12:37:50	1	3	15	0
        118427	2026-07-15 12:37:57	1	3	15	0
        119386	2026-07-15 12:37:59	1	3	15	0
        110064	2026-07-15 12:38:06	1	3	1	0
        116346	2026-07-15 12:38:12	1	3	15	0
        117224	2026-07-15 12:38:15	1	3	15	0
        110360	2026-07-15 12:38:23	1	3	15	0
        110131	2026-07-15 12:38:25	1	3	15	0
        118702	2026-07-15 12:38:52	1	3	15	0
        116070	2026-07-15 12:39:09	1	3	15	0
        117659	2026-07-15 12:39:15	1	3	15	0
        117711	2026-07-15 12:39:24	1	3	15	0
        117275	2026-07-15 12:39:38	1	3	15	0
        118997	2026-07-15 12:39:54	1	3	15	0
        118593	2026-07-15 12:40:35	1	3	15	0
        116428	2026-07-15 12:40:43	1	3	15	0
        117236	2026-07-15 12:40:49	1	3	15	0
        110473	2026-07-15 12:41:12	1	3	15	0
        110201	2026-07-15 12:41:19	1	3	15	0
        117043	2026-07-15 12:41:29	1	3	15	0
        118753	2026-07-15 12:41:39	1	3	15	0
        117616	2026-07-15 12:41:46	1	3	15	0
        117849	2026-07-15 12:41:55	1	3	15	0
        117709	2026-07-15 12:41:58	1	3	15	0
        116095	2026-07-15 12:42:01	1	3	15	0
        110050	2026-07-15 12:42:03	1	3	15	0
        110371	2026-07-15 12:42:06	1	3	15	0
        116741	2026-07-15 12:42:25	1	3	15	0
        110065	2026-07-15 12:42:27	1	3	15	0
        118741	2026-07-15 12:42:31	1	3	15	0
        116441	2026-07-15 12:42:35	1	3	15	0
        118427	2026-07-15 12:42:40	1	3	15	0
        118753	2026-07-15 12:42:57	1	3	15	0
        116491	2026-07-15 12:43:32	1	3	15	0
        110200	2026-07-15 12:43:41	1	3	15	0
        116260	2026-07-15 12:43:43	1	3	15	0
        110070	2026-07-15 12:44:32	1	3	15	0
        117043	2026-07-15 12:44:50	1	3	15	0
        110475	2026-07-15 12:44:57	1	3	15	0
        119282	2026-07-15 12:45:02	1	3	15	0
        117786	2026-07-15 12:45:05	1	3	15	0
        118702	2026-07-15 12:45:12	1	3	15	0
        119070	2026-07-15 12:46:00	1	3	15	0
        118455	2026-07-15 12:46:03	1	3	15	0
        116428	2026-07-15 12:46:20	1	3	15	0
        116260	2026-07-15 12:46:26	1	3	15	0
        117529	2026-07-15 12:46:44	1	3	15	0
        117635	2026-07-15 12:47:00	1	3	15	0
        117111	2026-07-15 12:47:02	1	3	15	0
        110057	2026-07-15 12:47:05	1	3	15	0
        110074	2026-07-15 12:47:12	1	3	15	0
        116741	2026-07-15 12:47:15	1	3	15	0
        119364	2026-07-15 12:47:17	1	3	15	0
        117660	2026-07-15 12:47:19	1	3	15	0
        116441	2026-07-15 12:47:22	1	3	15	0
        116751	2026-07-15 12:47:24	1	3	15	0
        116512	2026-07-15 12:47:26	1	3	15	0
        117061	2026-07-15 12:47:45	1	3	15	0
        116356	2026-07-15 12:47:48	1	3	15	0
        116805	2026-07-15 12:47:52	1	3	15	0
        118369	2026-07-15 12:47:54	1	3	15	0
        116828	2026-07-15 12:47:58	1	3	1	0
        117580	2026-07-15 12:48:07	1	3	15	0
        110513	2026-07-15 12:48:56	1	3	15	0
        110197	2026-07-15 12:48:59	1	3	15	0
        110200	2026-07-15 12:49:07	1	3	15	0
        116356	2026-07-15 12:49:19	1	3	15	0
        118369	2026-07-15 12:49:21	1	3	15	0
        117580	2026-07-15 12:49:24	1	3	15	0
        118782	2026-07-15 12:49:26	1	3	15	0
        117156	2026-07-15 12:49:29	1	3	15	0
        116805	2026-07-15 12:49:33	1	3	15	0
        117061	2026-07-15 12:49:36	1	3	15	0
        119282	2026-07-15 12:50:07	1	3	15	0
        118593	2026-07-15 12:50:16	1	3	15	0
        116828	2026-07-15 12:50:28	1	3	1	0
        119227	2026-07-15 12:50:35	1	3	15	0
        117635	2026-07-15 12:50:47	1	3	15	0
        117660	2026-07-15 12:50:50	1	3	15	0
        118550	2026-07-15 12:51:02	1	3	15	0
        119070	2026-07-15 12:51:17	1	3	15	0
        118455	2026-07-15 12:51:25	1	3	15	0
        110074	2026-07-15 12:51:46	1	3	15	0
        110057	2026-07-15 12:51:50	1	3	15	0
        119364	2026-07-15 12:51:55	1	3	15	0
        117725	2026-07-15 12:52:03	1	3	15	0
        116914	2026-07-15 12:52:09	1	3	15	0
        116073	2026-07-15 12:52:14	1	3	15	0
        110201	2026-07-15 12:52:22	1	3	15	0
        119263	2026-07-15 12:52:51	1	3	15	0
        119227	2026-07-15 12:53:30	1	3	15	0
        117709	2026-07-15 12:53:39	1	3	15	0
        117849	2026-07-15 12:53:41	1	3	15	0
        117121	2026-07-15 12:54:37	1	3	15	0
        116053	2026-07-15 12:55:10	1	3	15	0
        117725	2026-07-15 12:55:43	1	3	15	0
        117114	2026-07-15 12:57:01	1	3	15	0
        110131	2026-07-15 12:57:18	1	3	15	0
        110360	2026-07-15 12:57:22	1	3	15	0
        116073	2026-07-15 12:57:32	1	3	15	0
        110859	2026-07-15 12:57:36	1	3	15	0
        117926	2026-07-15 12:57:40	1	3	15	0
        110085	2026-07-15 12:58:28	1	3	15	0
        110452	2026-07-15 12:58:51	1	3	15	0
        116073	2026-07-15 14:08:11	1	3	15	0
        110875	2026-07-15 14:13:37	1	3	15	0
        118640	2026-07-15 16:00:26	1	1	15	0
        118101	2026-07-15 16:01:46	1	1	15	0
        116914	2026-07-15 16:04:01	1	1	15	0
        110113	2026-07-15 16:04:27	1	1	15	0
        117043	2026-07-15 16:05:21	1	1	15	0
        117833	2026-07-15 16:08:24	1	1	15	0
        110625	2026-07-15 16:08:26	1	1	15	0
        118750	2026-07-15 16:12:08	1	1	15	0
        117811	2026-07-15 16:15:21	1	1	15	0
        117733	2026-07-15 16:15:43	1	1	15	0
        118732	2026-07-15 16:20:16	1	1	15	0
        116741	2026-07-15 16:20:29	1	1	15	0
        117129	2026-07-15 16:23:09	1	1	15	0
        110462	2026-07-15 16:23:26	1	1	15	0
        117110	2026-07-15 16:25:27	1	1	15	0
        118593	2026-07-15 16:28:32	1	1	15	0
        118207	2026-07-15 16:30:15	1	1	15	0
        117039	2026-07-15 16:34:29	1	1	15	0
        116496	2026-07-15 16:34:38	1	1	15	0
        118782	2026-07-15 16:43:33	1	1	15	0
        117162	2026-07-15 16:50:31	1	1	15	0
        110859	2026-07-15 16:57:58	1	1	15	0
        110452	2026-07-15 17:02:14	1	1	15	0
        116491	2026-07-15 17:02:35	1	1	15	0
        110875	2026-07-15 17:02:45	1	1	15	0
        110128	2026-07-15 17:02:53	1	1	15	0
        110376	2026-07-15 17:02:57	1	1	15	0
        110529	2026-07-15 17:03:25	1	1	15	0
        110105	2026-07-15 17:03:40	1	1	15	0
        117835	2026-07-15 17:03:43	1	1	15	0
        117224	2026-07-15 17:03:50	1	1	15	0
        110832	2026-07-15 17:05:43	1	1	15	0
        110805	2026-07-15 17:05:47	1	1	15	0
        110535	2026-07-15 17:05:55	1	1	15	0
        110834	2026-07-15 17:06:22	1	1	15	0
        117635	2026-07-15 17:06:30	1	1	15	0
        110810	2026-07-15 17:06:35	1	1	15	0
        119453	2026-07-15 17:06:53	1	1	15	0
        110510	2026-07-15 17:07:28	1	1	15	0
        110807	2026-07-15 17:07:37	1	1	15	0
        110842	2026-07-15 17:07:40	1	1	15	0
        110511	2026-07-15 17:08:00	1	1	15	0
        110854	2026-07-15 17:08:06	1	1	15	0
        117644	2026-07-15 17:08:47	1	1	15	0
        119386	2026-07-15 17:09:15	1	1	15	0
        117828	2026-07-15 17:09:40	1	1	15	0
        119070	2026-07-15 17:09:45	1	1	15	0
        117121	2026-07-15 17:09:51	1	1	15	0
        110131	2026-07-15 17:09:53	1	1	15	0
        117920	2026-07-15 17:09:54	1	1	15	0
        116252	2026-07-15 17:09:56	1	1	15	0
        110852	2026-07-15 17:10:07	1	1	15	0
        110785	2026-07-15 17:10:13	1	1	15	0
        116428	2026-07-15 17:10:28	1	1	15	0
        110463	2026-07-15 17:10:41	1	1	15	0
        117156	2026-07-15 17:12:10	1	1	15	0
        110356	2026-07-15 17:12:55	1	1	15	0
        110355	2026-07-15 17:12:57	1	1	15	0
        110465	2026-07-15 17:15:44	1	1	15	0
        117680	2026-07-15 17:16:08	1	1	15	0
        117111	2026-07-15 17:16:12	1	1	15	0
        118550	2026-07-15 17:16:17	1	1	15	0
        116834	2026-07-15 17:17:07	1	1	15	0
        110354	2026-07-15 17:18:33	1	1	15	0
        110200	2026-07-15 17:20:11	1	1	15	0
        110528	2026-07-15 17:21:01	1	1	15	0
        110493	2026-07-15 17:21:05	1	1	15	0
        110808	2026-07-15 17:21:12	1	1	15	0
        110839	2026-07-15 17:21:24	1	1	15	0
        117630	2026-07-15 17:21:58	1	1	15	0
        117716	2026-07-15 17:22:08	1	1	15	0
        119143	2026-07-15 17:22:21	1	1	15	0
        117921	2026-07-15 17:22:26	1	1	15	0
        110833	2026-07-15 17:22:28	1	1	15	0
        116512	2026-07-15 17:23:02	1	1	15	0
        117196	2026-07-15 17:23:04	1	1	15	0
        118180	2026-07-15 17:23:19	1	1	15	0
        110197	2026-07-15 17:23:25	1	1	15	0
        118971	2026-07-15 17:23:32	1	1	15	0
        118458	2026-07-15 17:23:42	1	1	15	0
        116504	2026-07-15 17:24:01	1	1	15	0
        110475	2026-07-15 17:24:10	1	1	15	0
        117660	2026-07-15 17:25:22	1	1	15	0
        117580	2026-07-15 17:25:48	1	1	15	0
        116824	2026-07-15 17:26:13	1	1	15	0
        117061	2026-07-15 17:27:01	1	1	15	0
        116451	2026-07-15 17:27:29	1	1	15	0
        117042	2026-07-15 17:28:10	1	1	15	0
        110492	2026-07-15 17:28:36	1	1	15	0
        110450	2026-07-15 17:29:09	1	1	15	0
        117091	2026-07-15 17:31:31	1	1	15	0
        117711	2026-07-15 17:32:04	1	1	15	0
        117543	2026-07-15 17:33:04	1	1	15	0
        110064	2026-07-15 17:33:26	1	1	1	0
        110447	2026-07-15 17:33:58	1	1	15	0
        116748	2026-07-15 17:34:05	1	1	15	0
        119535	2026-07-15 17:36:50	1	1	15	0
        117993	2026-07-15 17:37:51	1	1	15	0
        117616	2026-07-15 17:38:04	1	1	15	0
        117114	2026-07-15 17:38:08	1	1	15	0
        117103	2026-07-15 17:38:49	1	1	15	0
        110473	2026-07-15 17:38:53	1	1	15	0
        119227	2026-07-15 17:39:44	1	1	15	0
        117983	2026-07-15 17:41:14	1	1	15	0
        117120	2026-07-15 17:42:26	1	1	15	0
        117144	2026-07-15 17:43:37	1	1	15	0
        116142	2026-07-15 17:44:12	1	1	15	0
        117814	2026-07-15 17:44:36	1	1	15	0
        110732	2026-07-15 17:45:02	1	1	15	0
        118695	2026-07-15 17:45:36	1	1	15	0
        117201	2026-07-15 17:46:01	1	1	15	0
        117275	2026-07-15 17:47:18	1	1	15	0
        110074	2026-07-15 17:47:32	1	1	15	0
        118455	2026-07-15 17:47:37	1	1	15	0
        116483	2026-07-15 17:47:40	1	1	15	0
        118997	2026-07-15 17:48:29	1	1	15	0
        110195	2026-07-15 17:49:04	1	1	15	0
        110657	2026-07-15 17:49:09	1	1	15	0
        110549	2026-07-15 17:49:48	1	1	15	0
        110431	2026-07-15 17:49:52	1	1	15	0
        110077	2026-07-15 17:50:03	1	1	15	0
        110116	2026-07-15 17:50:13	1	1	15	0
        118369	2026-07-15 17:50:27	1	1	15	0
        116497	2026-07-15 17:50:30	1	1	15	0
        110084	2026-07-15 17:51:14	1	1	15	0
        110378	2026-07-15 17:52:09	1	1	15	0
        110025	2026-07-15 17:52:11	1	1	15	0
        117849	2026-07-15 17:52:13	1	1	15	0
        117786	2026-07-15 17:53:58	1	1	15	0
        116477	2026-07-15 17:55:42	1	1	15	0
        117709	2026-07-15 17:57:32	1	1	15	0
        110088	2026-07-15 17:57:47	1	1	15	0
        119493	2026-07-15 18:00:04	1	1	15	0
        110085	2026-07-15 18:01:13	1	1	15	0
        110819	2026-07-15 18:01:18	1	1	15	0
        110527	2026-07-15 18:01:28	1	1	15	0
        117259	2026-07-15 18:01:30	1	1	15	0
        118992	2026-07-15 18:01:47	1	1	15	0
        117575	2026-07-15 18:01:52	1	1	15	0
        110360	2026-07-15 18:02:05	1	1	15	0
        119263	2026-07-15 18:02:29	1	1	15	0
        117769	2026-07-15 18:02:39	1	1	15	0
        116441	2026-07-15 18:03:31	1	1	15	0
        117567	2026-07-15 18:03:43	1	1	15	0
        117212	2026-07-15 18:04:42	1	1	15	0
        110070	2026-07-15 18:05:13	1	1	15	0
        116751	2026-07-15 18:06:25	1	1	15	0
        110060	2026-07-15 18:08:32	1	1	15	0
        117966	2026-07-15 18:10:16	1	1	15	0
        117770	2026-07-15 18:10:17	1	1	15	0
        116805	2026-07-15 18:10:39	1	1	15	0
        116356	2026-07-15 18:10:41	1	1	15	0
        116831	2026-07-15 18:10:48	1	1	15	0
        116053	2026-07-15 18:11:10	1	1	15	0
        116346	2026-07-15 18:11:50	1	1	15	0
        116799	2026-07-15 18:13:13	1	1	15	0
        110632	2026-07-15 18:14:54	1	1	15	0
        116849	2026-07-15 18:15:05	1	1	15	0
        116787	2026-07-15 18:15:07	1	1	15	0
        118744	2026-07-15 18:15:59	1	1	15	0
        117656	2026-07-15 18:16:10	1	1	1	0
        117699	2026-07-15 18:16:28	1	1	15	0
        117837	2026-07-15 18:21:58	1	1	15	0
        117529	2026-07-15 18:22:04	1	1	15	0
        116166	2026-07-15 18:22:52	1	1	15	0
        110065	2026-07-15 18:23:19	1	1	15	0
        118741	2026-07-15 18:23:23	1	1	15	0
        110050	2026-07-15 18:23:36	1	1	15	0
        116960	2026-07-15 18:25:00	1	1	15	0
        110100	2026-07-15 18:25:02	1	1	15	0
        110418	2026-07-15 18:26:35	1	1	15	0
        110513	2026-07-15 18:26:36	1	1	15	0
        117046	2026-07-15 18:26:39	1	1	15	0
        110424	2026-07-15 18:26:42	1	1	15	0
        119364	2026-07-15 18:26:44	1	1	15	0
        118598	2026-07-15 18:29:49	1	1	15	0
        110090	2026-07-15 18:30:38	1	1	15	0
        110199	2026-07-15 18:31:22	1	1	15	0
        110538	2026-07-15 18:32:06	1	1	15	0
        118702	2026-07-15 18:32:31	1	1	15	0
        117487	2026-07-15 18:32:36	1	1	15	0
        116260	2026-07-15 18:32:48	1	1	15	0
        110836	2026-07-15 18:33:20	1	1	15	0
        117541	2026-07-15 18:33:22	1	1	15	0
        117595	2026-07-15 18:33:30	1	1	15	0
        110075	2026-07-15 18:34:34	1	1	15	0
        117924	2026-07-15 18:35:11	1	1	15	0
        110507	2026-07-15 18:35:24	1	1	15	0
        117236	2026-07-15 18:36:08	1	1	15	0
        116072	2026-07-15 18:38:05	1	1	15	0
        110457	2026-07-15 18:38:07	1	1	15	0
        110456	2026-07-15 18:38:25	1	1	15	0
        117113	2026-07-15 18:40:57	1	1	15	0
        110863	2026-07-15 18:43:33	1	1	15	0
        118046	2026-07-15 18:43:37	1	1	15	0
        117085	2026-07-15 18:44:24	1	1	15	0
        117147	2026-07-15 18:44:31	1	1	15	0
        110057	2026-07-15 18:46:51	1	1	15	0
        110063	2026-07-15 18:47:02	1	1	15	0
        110006	2026-07-15 18:49:34	1	1	15	0
        118027	2026-07-15 18:52:33	1	1	15	0
        116095	2026-07-15 18:52:35	1	1	15	0
        110633	2026-07-15 18:53:37	1	1	15	0
        117972	2026-07-15 18:57:57	1	1	15	0
        117542	2026-07-15 18:58:29	1	1	15	0
        119583	2026-07-15 19:00:45	1	1	15	0
        117659	2026-07-15 19:01:45	1	1	15	0
        117725	2026-07-15 19:06:01	1	1	15	0
        110201	2026-07-15 19:06:58	1	1	15	0
        110828	2026-07-15 19:07:02	1	1	15	0
        117900	2026-07-15 19:07:07	1	1	15	0
        110371	2026-07-15 19:07:19	1	1	15	0
        110040	2026-07-15 19:07:29	1	1	15	0
        119157	2026-07-15 19:07:34	1	1	15	0
        117807	2026-07-15 19:07:58	1	1	15	0
        119594	2026-07-15 19:08:03	1	1	15	0
        117812	2026-07-15 19:08:06	1	1	15	0
        116070	2026-07-15 19:08:11	1	1	15	0
        119282	2026-07-15 19:10:21	1	1	15	0
        117817	2026-07-15 19:10:26	1	1	15	0
        119494	2026-07-15 19:10:42	1	1	15	0
        110055	2026-07-15 19:18:06	1	1	15	0
        118580	2026-07-15 19:18:10	1	1	15	0
        118867	2026-07-15 19:21:37	1	1	15	0
        118427	2026-07-15 19:21:38	1	1	15	0
        116828	2026-07-15 19:21:41	1	1	1	0
        117497	2026-07-15 19:25:13	1	1	15	0
        116778	2026-07-15 19:26:34	1	1	15	0
        117054	2026-07-15 19:38:13	1	1	15	0
        116069	2026-07-15 19:40:56	1	1	15	0
        116453	2026-07-15 19:50:26	1	1	15	0
        117201	2026-07-16 04:39:28	1	0	15	0
        117835	2026-07-16 05:08:07	1	0	15	0
        118992	2026-07-16 06:17:33	1	0	15	0
        119070	2026-07-16 06:30:30	1	0	15	0
        118744	2026-07-16 06:41:00	1	0	15	0
        110050	2026-07-16 06:41:59	1	0	15	0
        116512	2026-07-16 06:42:35	1	0	15	0
        116751	2026-07-16 06:42:36	1	0	15	0
        117770	2026-07-16 06:47:14	1	0	15	0
        116831	2026-07-16 06:50:41	1	0	15	0
        117129	2026-07-16 06:52:32	1	0	15	0
        116799	2026-07-16 06:53:21	1	0	15	0
        117769	2026-07-16 06:53:31	1	0	15	0
        117337	2026-07-16 06:55:25	1	0	15	0
        118997	2026-07-16 06:56:27	1	0	15	0
        110074	2026-07-16 06:57:14	1	0	15	0
        118750	2026-07-16 06:57:21	1	0	15	0
        118101	2026-07-16 07:00:01	1	0	15	0
        116741	2026-07-16 07:00:05	1	0	15	0
        117838	2026-07-16 07:00:49	1	0	1	0
        110844	2026-07-16 07:01:28	1	0	15	0
        118458	2026-07-16 07:03:17	1	0	15	0
        117656	2026-07-16 07:03:41	1	0	1	0
        110360	2026-07-16 07:04:58	1	0	15	0
        118580	2026-07-16 07:05:03	1	0	15	0
        110529	2026-07-16 07:05:07	1	0	15	0
        110817	2026-07-16 07:05:11	1	0	15	0
        117133	2026-07-16 07:05:29	1	0	15	0
        117054	2026-07-16 07:06:01	1	0	15	0
        110084	2026-07-16 07:07:09	1	0	15	0
        117966	2026-07-16 07:07:26	1	0	15	0
        117043	2026-07-16 07:08:19	1	0	15	0
        117224	2026-07-16 07:08:21	1	0	15	0
        118493	2026-07-16 07:08:28	1	0	15	0
        117528	2026-07-16 07:08:49	1	0	15	0
        110527	2026-07-16 07:09:00	1	0	15	0
        110511	2026-07-16 07:09:10	1	0	15	0
        118563	2026-07-16 07:09:34	1	0	15	0
        110549	2026-07-16 07:09:37	1	0	15	0
        110060	2026-07-16 07:10:30	1	0	15	0
        117837	2026-07-16 07:11:45	1	0	15	0
        110842	2026-07-16 07:11:50	1	0	15	0
        110633	2026-07-16 07:12:07	1	0	15	0
        119449	2026-07-16 07:12:21	1	0	15	0
        110113	2026-07-16 07:13:01	1	0	15	0
        118640	2026-07-16 07:13:31	1	0	15	0
        110371	2026-07-16 07:17:40	1	0	15	0
        116914	2026-07-16 07:18:56	1	0	15	0
        116834	2026-07-16 07:19:00	1	0	15	0
        110840	2026-07-16 07:19:42	1	0	15	0
        118598	2026-07-16 07:20:01	1	0	15	0
        116479	2026-07-16 07:20:05	1	0	15	0
        118741	2026-07-16 07:20:24	1	0	15	0
        110065	2026-07-16 07:20:26	1	0	15	0
        118593	2026-07-16 07:21:13	1	0	15	0
        110832	2026-07-16 07:21:52	1	0	15	0
        116960	2026-07-16 07:22:59	1	0	15	0
        110580	2026-07-16 07:24:43	1	0	15	0
        110507	2026-07-16 07:25:45	1	0	15	0
        117113	2026-07-16 07:25:48	1	0	15	0
        110581	2026-07-16 07:26:10	1	0	15	0
        117039	2026-07-16 07:28:45	1	0	15	0
        117162	2026-07-16 07:29:07	1	0	15	0
        110199	2026-07-16 07:29:10	1	0	15	0
        110535	2026-07-16 07:29:32	1	0	15	0
        118207	2026-07-16 07:29:49	1	0	15	0
        110828	2026-07-16 07:30:02	1	0	15	0
        116496	2026-07-16 07:30:20	1	0	15	0
        110144	2026-07-16 07:30:31	1	0	15	0
        117110	2026-07-16 07:30:57	1	0	15	0
        119272	2026-07-16 07:31:17	1	0	15	0
        118369	2026-07-16 07:32:43	1	0	15	0
        110852	2026-07-16 07:32:48	1	0	15	0
        110863	2026-07-16 07:33:30	1	0	15	0
        118027	2026-07-16 07:34:43	1	0	15	0
        116095	2026-07-16 07:34:46	1	0	15	0
        110528	2026-07-16 07:34:58	1	0	15	0
        110465	2026-07-16 07:35:12	1	0	15	0
        110810	2026-07-16 07:35:16	1	0	15	0
        110785	2026-07-16 07:35:51	1	0	15	0
