        118548	2026-07-01 06:11:40	1	0	15	0
        118146	2026-07-01 06:20:12	1	0	15	0
        117775	2026-07-01 06:30:50	1	0	1	0
        118801	2026-07-01 06:34:22	1	0	15	0
        118160	2026-07-01 06:39:46	1	0	15	0
        118326	2026-07-01 06:40:26	1	0	15	0
        118251	2026-07-01 06:51:19	1	0	1	0
        116442	2026-07-01 06:51:53	1	0	15	0
        110188	2026-07-01 06:52:16	1	0	15	0
        117727	2026-07-01 07:03:16	1	0	15	0
        117273	2026-07-01 07:03:44	1	0	15	0
        117090	2026-07-01 07:11:48	1	0	15	0
        110794	2026-07-01 07:16:21	1	0	15	0
        116825	2026-07-01 07:16:30	1	0	15	0
        110068	2026-07-01 07:17:21	1	0	1	0
        117185	2026-07-01 07:22:31	1	0	15	0
        116192	2026-07-01 07:22:58	1	0	15	0
        116509	2026-07-01 07:23:05	1	0	15	0
        119206	2026-07-01 07:26:57	1	0	15	0
        116202	2026-07-01 07:28:24	1	0	15	0
        110534	2026-07-01 07:28:41	1	0	15	0
        118509	2026-07-01 07:29:00	1	0	15	0
        110454	2026-07-01 07:30:29	1	0	15	0
        116844	2026-07-01 07:31:17	1	0	15	0
             1	2026-07-01 07:33:35	1	0	1	0
        117656	2026-07-01 07:34:41	1	0	15	0
        116007	2026-07-01 07:38:26	1	0	1	0
        116622	2026-07-01 07:39:04	1	0	1	0
        110426	2026-07-01 07:40:07	1	0	15	0
        118143	2026-07-01 07:42:18	1	0	15	0
        110542	2026-07-01 07:43:58	1	0	15	0
        118479	2026-07-01 07:47:12	1	0	15	0
        110531	2026-07-01 07:47:55	1	0	15	0
        110472	2026-07-01 07:49:25	1	0	15	0
        110641	2026-07-01 07:55:03	1	0	15	0
        116434	2026-07-01 07:55:08	1	0	1	0
        110362	2026-07-01 07:56:29	1	0	1	0
        116152	2026-07-01 07:56:44	1	0	15	0
        110530	2026-07-01 07:57:02	1	0	15	0
        116263	2026-07-01 07:58:45	1	0	15	0
        110115	2026-07-01 08:00:00	1	0	15	0
        116466	2026-07-01 08:00:50	1	0	1	0
        119117	2026-07-01 08:02:47	1	0	1	0
        116690	2026-07-01 08:05:55	1	0	15	0
        116735	2026-07-01 08:06:51	1	0	15	0
        118298	2026-07-01 08:09:03	1	0	1	0
        119393	2026-07-01 08:09:43	1	0	15	0
        117518	2026-07-01 08:09:47	1	0	15	0
        116487	2026-07-01 08:11:59	1	0	1	0
        110045	2026-07-01 08:14:24	1	0	15	0
        116159	2026-07-01 08:16:33	1	0	15	0
        118125	2026-07-01 08:20:00	1	0	15	0
        116524	2026-07-01 08:22:24	1	0	15	0
        119077	2026-07-01 08:26:24	1	0	1	0
        110064	2026-07-01 08:26:42	1	0	15	0
        116738	2026-07-01 08:33:20	1	0	15	0
        110124	2026-07-01 08:36:10	1	0	15	0
        119376	2026-07-01 08:37:17	1	0	15	0
        110359	2026-07-01 08:37:21	1	0	15	0
        118398	2026-07-01 08:39:11	1	0	15	0
        117398	2026-07-01 08:40:32	1	0	15	0
        110149	2026-07-01 08:42:09	1	0	15	0
        118694	2026-07-01 08:42:35	1	0	15	0
        119392	2026-07-01 08:45:06	1	0	15	0
        110429	2026-07-01 08:45:12	1	0	15	0
        116476	2026-07-01 08:50:00	1	0	15	0
        116829	2026-07-01 08:51:57	1	0	15	0
        118083	2026-07-01 08:54:01	1	0	15	0
        110534	2026-07-01 12:00:07	1	0	15	0
        119376	2026-07-01 12:00:14	1	0	15	0
        110359	2026-07-01 12:00:19	1	0	15	0
        116159	2026-07-01 12:00:37	1	0	15	0
        117656	2026-07-01 12:00:54	1	0	15	0
        117775	2026-07-01 12:01:01	1	0	15	0
        110188	2026-07-01 12:01:06	1	0	15	0
        116829	2026-07-01 12:01:24	1	0	1	0
        110542	2026-07-01 12:01:34	1	2	15	0
        118298	2026-07-01 12:01:57	1	2	1	0
        110359	2026-07-01 12:03:27	1	2	15	0
        110534	2026-07-01 12:03:33	1	2	15	0
        119376	2026-07-01 12:03:37	1	2	15	0
        119117	2026-07-01 12:03:44	1	2	1	0
        116524	2026-07-01 12:03:55	1	2	15	0
        117656	2026-07-01 12:04:02	1	2	15	0
        110188	2026-07-01 12:04:11	1	2	15	0
        116476	2026-07-01 12:04:17	1	2	15	0
        110045	2026-07-01 12:04:24	1	2	15	0
        116263	2026-07-01 12:04:52	1	2	15	0
        119206	2026-07-01 12:04:57	1	2	15	0
        118160	2026-07-01 12:05:11	1	2	15	0
        118251	2026-07-01 12:05:16	1	2	1	0
        110429	2026-07-01 12:05:30	1	2	15	0
        118326	2026-07-01 12:05:36	1	2	15	0
        116487	2026-07-01 12:05:49	1	2	1	0
        110542	2026-07-01 12:06:00	1	2	15	0
        116192	2026-07-01 12:06:13	1	2	15	0
        117090	2026-07-01 12:06:19	1	2	15	0
        118398	2026-07-01 12:06:35	1	2	15	0
        116829	2026-07-01 12:06:40	1	2	1	0
        110068	2026-07-01 12:07:02	1	2	1	0
        119206	2026-07-01 12:07:48	1	2	15	0
        118160	2026-07-01 12:07:56	1	2	15	0
        116487	2026-07-01 12:08:06	1	2	1	0
        116263	2026-07-01 12:08:12	1	2	15	0
        116690	2026-07-01 12:08:18	1	2	15	0
        110426	2026-07-01 12:08:23	1	2	15	0
        110530	2026-07-01 12:08:40	1	2	15	0
        116202	2026-07-01 12:08:45	1	2	15	0
        116622	2026-07-01 12:08:55	1	2	1	0
        116509	2026-07-01 12:09:01	1	2	15	0
        110045	2026-07-01 12:09:09	1	2	15	0
        119117	2026-07-01 12:09:13	1	2	1	0
        116152	2026-07-01 12:09:19	1	2	15	0
        118251	2026-07-01 12:09:27	1	2	1	0
        116434	2026-07-01 12:09:49	1	2	1	0
        116524	2026-07-01 12:10:01	1	2	15	0
        118548	2026-07-01 12:10:04	1	2	15	0
        116442	2026-07-01 12:10:17	1	2	15	0
        110068	2026-07-01 12:10:22	1	2	1	0
        110641	2026-07-01 12:10:58	1	2	15	0
        117090	2026-07-01 12:11:04	1	2	15	0
        116192	2026-07-01 12:11:12	1	2	15	0
        116690	2026-07-01 12:11:20	1	2	15	0
        116202	2026-07-01 12:11:27	1	2	15	0
        116622	2026-07-01 12:11:37	1	2	1	0
        118398	2026-07-01 12:11:49	1	2	15	0
        110426	2026-07-01 12:11:55	1	2	15	0
        118298	2026-07-01 12:12:00	1	2	1	0
        117185	2026-07-01 12:12:06	1	2	15	0
        116159	2026-07-01 12:12:19	1	2	15	0
        110530	2026-07-01 12:12:38	1	2	15	0
        116509	2026-07-01 12:12:55	1	2	15	0
        117775	2026-07-01 12:13:09	1	2	1	0
        116152	2026-07-01 12:13:40	1	2	15	0
        118548	2026-07-01 12:13:45	1	2	15	0
        116738	2026-07-01 12:15:02	1	2	15	0
        110641	2026-07-01 12:15:30	1	2	15	0
        110794	2026-07-01 12:15:43	1	2	15	0
        119393	2026-07-01 12:15:56	1	2	15	0
        119077	2026-07-01 12:16:20	1	2	1	0
        118509	2026-07-01 12:16:41	1	2	15	0
        117727	2026-07-01 12:17:45	1	2	15	0
        119393	2026-07-01 12:18:15	1	2	15	0
        119077	2026-07-01 12:18:29	1	2	1	0
        118509	2026-07-01 12:18:35	1	2	15	0
        116844	2026-07-01 12:19:35	1	2	15	0
        110531	2026-07-01 12:19:57	1	2	15	0
        116825	2026-07-01 12:20:08	1	2	15	0
        116007	2026-07-01 12:20:22	1	2	1	0
        110064	2026-07-01 12:20:32	1	2	15	0
        110115	2026-07-01 12:20:39	1	2	15	0
        110124	2026-07-01 12:22:14	1	2	1	0
        110454	2026-07-01 12:22:32	1	2	15	0
        110064	2026-07-01 12:23:32	1	2	15	0
        116844	2026-07-01 12:23:51	1	2	15	0
        118125	2026-07-01 12:24:14	1	2	15	0
        116735	2026-07-01 12:24:22	1	2	15	0
        110531	2026-07-01 12:24:26	1	2	15	0
        116007	2026-07-01 12:26:29	1	2	1	0
        110454	2026-07-01 12:26:41	1	2	15	0
        118083	2026-07-01 12:26:46	1	2	15	0
        118083	2026-07-01 12:29:52	1	2	15	0
        116825	2026-07-01 12:30:56	1	3	15	0
        116442	2026-07-01 12:31:16	1	3	15	0
        110149	2026-07-01 12:32:49	1	3	15	0
        118326	2026-07-01 12:33:26	1	3	15	0
        116476	2026-07-01 12:35:49	1	3	15	0
        110806	2026-07-01 12:37:27	1	3	15	0
        118801	2026-07-01 12:38:28	1	3	15	0
        110472	2026-07-01 12:40:01	1	3	15	0
        118146	2026-07-01 12:42:25	1	3	15	0
        117398	2026-07-01 12:42:36	1	3	15	0
        110124	2026-07-01 12:42:50	1	3	1	0
        116466	2026-07-01 12:43:54	1	3	1	0
        110472	2026-07-01 12:44:51	1	3	15	0
        118143	2026-07-01 12:45:48	1	3	15	0
        118143	2026-07-01 12:50:02	1	3	15	0
        110794	2026-07-01 12:50:16	1	3	15	0
        118801	2026-07-01 12:51:26	1	3	15	0
        117398	2026-07-01 12:51:31	1	3	15	0
        118146	2026-07-01 12:51:55	1	3	15	0
        110149	2026-07-01 12:52:34	1	3	15	0
        117518	2026-07-01 12:52:40	1	3	15	0
        116434	2026-07-01 12:52:52	1	3	1	0
        117185	2026-07-01 12:52:58	1	3	15	0
        118298	2026-07-01 12:53:02	1	3	1	0
        116466	2026-07-01 12:54:02	1	3	1	0
        119392	2026-07-01 12:54:26	1	3	15	0
        110115	2026-07-01 12:54:58	1	3	15	0
        117727	2026-07-01 12:55:03	1	3	15	0
        116738	2026-07-01 12:55:08	1	3	15	0
        110429	2026-07-01 12:55:35	1	3	15	0
        117518	2026-07-01 12:56:10	1	3	15	0
        118125	2026-07-01 12:56:47	1	3	15	0
        118694	2026-07-01 12:57:01	1	3	1	0
        116735	2026-07-01 12:57:08	1	3	15	0
        119392	2026-07-01 12:59:21	1	3	15	0
        118585	2026-07-01 13:29:14	1	3	15	0
        117273	2026-07-01 16:03:20	1	1	15	0
        116192	2026-07-01 16:29:15	1	1	15	0
        118146	2026-07-01 16:34:56	1	1	15	0
        116442	2026-07-01 16:48:13	1	1	15	0
        118251	2026-07-01 16:51:52	1	1	1	0
        110472	2026-07-01 16:54:31	1	1	15	0
        110641	2026-07-01 17:02:13	1	1	15	0
        110362	2026-07-01 17:02:17	1	1	1	0
        110794	2026-07-01 17:02:22	1	1	15	0
        119206	2026-07-01 17:02:30	1	1	15	0
        116622	2026-07-01 17:02:52	1	1	1	0
        116690	2026-07-01 17:02:58	1	1	15	0
        110806	2026-07-01 17:03:02	1	1	15	0
        110534	2026-07-01 17:03:37	1	1	15	0
        110454	2026-07-01 17:03:43	1	1	15	0
        110531	2026-07-01 17:04:04	1	1	15	0
        110542	2026-07-01 17:04:55	1	1	15	0
        118160	2026-07-01 17:07:05	1	1	15	0
        117090	2026-07-01 17:07:10	1	1	15	0
        110426	2026-07-01 17:07:20	1	1	15	0
        110530	2026-07-01 17:07:42	1	1	15	0
        119393	2026-07-01 17:10:04	1	1	15	0
        116844	2026-07-01 17:17:04	1	1	15	0
        119077	2026-07-01 17:18:41	1	1	1	0
        116263	2026-07-01 17:19:29	1	1	15	0
        116487	2026-07-01 17:20:48	1	1	1	0
        118548	2026-07-01 17:27:19	1	1	15	0
        117185	2026-07-01 17:28:24	1	1	15	0
        118585	2026-07-01 17:30:06	1	1	15	0
        110068	2026-07-01 17:31:08	1	1	1	0
        116152	2026-07-01 17:31:12	1	1	15	0
        117518	2026-07-01 17:32:41	1	1	15	0
        116202	2026-07-01 17:32:55	1	1	15	0
        119117	2026-07-01 17:35:03	1	1	1	0
        119376	2026-07-01 17:37:18	1	1	15	0
        116509	2026-07-01 17:38:01	1	1	15	0
        116159	2026-07-01 17:46:02	1	1	15	0
        118398	2026-07-01 17:46:23	1	1	15	0
        119392	2026-07-01 17:47:41	1	1	15	0
        116007	2026-07-01 17:49:48	1	1	1	0
        116476	2026-07-01 17:50:09	1	1	15	0
        116735	2026-07-01 17:50:17	1	1	15	0
        110045	2026-07-01 17:50:35	1	1	15	0
        118801	2026-07-01 17:51:00	1	1	15	0
        118083	2026-07-01 17:55:08	1	1	15	0
        117398	2026-07-01 17:56:40	1	1	15	0
        110359	2026-07-01 18:00:24	1	1	15	0
        118125	2026-07-01 18:00:28	1	1	15	0
        116524	2026-07-01 18:04:19	1	1	15	0
        118326	2026-07-01 18:04:54	1	1	15	0
        110188	2026-07-01 18:09:29	1	1	15	0
        116738	2026-07-01 18:18:22	1	1	15	0
        116825	2026-07-01 18:19:11	1	1	15	0
        116466	2026-07-01 18:20:21	1	1	1	0
        118509	2026-07-01 18:30:17	1	1	15	0
        117727	2026-07-01 18:32:15	1	1	15	0
        116434	2026-07-01 18:32:21	1	1	1	0
        110149	2026-07-01 18:34:12	1	1	15	0
        117775	2026-07-01 18:46:36	1	1	1	0
        110124	2026-07-01 18:46:50	1	1	15	0
        116511	2026-07-01 18:46:56	1	1	15	0
        110461	2026-07-01 18:47:01	1	1	1	0
        110115	2026-07-01 18:50:05	1	1	15	0
        110429	2026-07-01 18:50:13	1	1	15	0
        110064	2026-07-01 18:56:57	1	1	15	0
        118143	2026-07-01 19:12:30	1	1	15	0
        116829	2026-07-01 19:15:26	1	1	15	0
        118298	2026-07-01 19:16:40	1	1	1	0
        118548	2026-07-02 06:10:42	1	0	15	0
        118146	2026-07-02 06:22:18	1	0	15	0
        118326	2026-07-02 06:23:28	1	0	15	0
        117273	2026-07-02 06:23:36	1	0	15	0
        118160	2026-07-02 06:39:20	1	0	15	0
        117239	2026-07-02 06:49:43	1	0	15	0
        118801	2026-07-02 06:54:07	1	0	15	0
        117090	2026-07-02 06:57:34	1	0	15	0
        116442	2026-07-02 07:01:11	1	0	15	0
        116825	2026-07-02 07:01:29	1	0	15	0
        110477	2026-07-02 07:01:56	1	0	15	0
        110188	2026-07-02 07:02:58	1	0	15	0
        110068	2026-07-02 07:03:27	1	0	1	0
        116202	2026-07-02 07:06:45	1	0	15	0
        110472	2026-07-02 07:07:57	1	0	15	0
        118585	2026-07-02 07:08:17	1	0	15	0
        117656	2026-07-02 07:09:02	1	0	15	0
        116690	2026-07-02 07:15:32	1	0	15	0
        110794	2026-07-02 07:16:07	1	0	15	0
        117727	2026-07-02 07:16:42	1	0	15	0
        110454	2026-07-02 07:18:33	1	0	15	0
        110429	2026-07-02 07:22:32	1	0	15	0
        117775	2026-07-02 07:23:11	1	0	15	0
        116192	2026-07-02 07:24:03	1	0	15	0
        116844	2026-07-02 07:31:38	1	0	15	0
        119206	2026-07-02 07:33:12	1	0	15	0
        118509	2026-07-02 07:35:35	1	0	15	0
        118729	2026-07-02 07:35:47	1	0	15	0
        116007	2026-07-02 07:36:49	1	0	1	0
        110426	2026-07-02 07:37:15	1	0	15	0
        117274	2026-07-02 07:38:26	1	0	15	0
        116159	2026-07-02 07:42:30	1	0	15	0
        110362	2026-07-02 07:43:22	1	0	1	0
        110149	2026-07-02 07:46:45	1	0	15	0
        119117	2026-07-02 07:46:49	1	0	1	0
        110530	2026-07-02 07:50:24	1	0	15	0
        110806	2026-07-02 07:50:36	1	0	15	0
        116622	2026-07-02 07:51:32	1	0	1	0
        118143	2026-07-02 07:51:51	1	0	15	0
        118125	2026-07-02 07:54:20	1	0	15	0
        116466	2026-07-02 07:54:25	1	0	1	0
        110531	2026-07-02 07:54:53	1	0	15	0
        116524	2026-07-02 07:55:12	1	0	15	0
        117185	2026-07-02 07:55:22	1	0	15	0
        110641	2026-07-02 08:00:08	1	0	15	0
        116487	2026-07-02 08:01:04	1	0	15	0
        110534	2026-07-02 08:02:56	1	0	15	0
        119406	2026-07-02 08:04:19	1	0	15	0
        116511	2026-07-02 08:06:22	1	0	15	0
        110461	2026-07-02 08:06:27	1	0	1	0
        118694	2026-07-02 08:09:05	1	0	15	0
        117518	2026-07-02 08:10:33	1	0	15	0
        116263	2026-07-02 08:11:17	1	0	15	0
        119077	2026-07-02 08:11:55	1	0	1	0
        116735	2026-07-02 08:16:51	1	0	15	0
        116738	2026-07-02 08:23:08	1	0	15	0
        110115	2026-07-02 08:24:05	1	0	15	0
        110646	2026-07-02 08:24:34	1	0	15	0
        110124	2026-07-02 08:25:57	1	0	1	0
        110361	2026-07-02 08:26:34	1	0	1	0
        110064	2026-07-02 08:28:46	1	0	15	0
        110149	2026-07-02 08:29:41	1	0	15	0
        118398	2026-07-02 08:30:50	1	0	15	0
        119376	2026-07-02 08:37:09	1	0	15	0
        116434	2026-07-02 08:43:24	1	0	1	0
        116829	2026-07-02 08:46:07	1	0	1	0
        119392	2026-07-02 08:47:14	1	0	15	0
        118083	2026-07-02 08:49:42	1	0	15	0
        110359	2026-07-02 08:49:57	1	0	15	0
        116476	2026-07-02 08:51:31	1	0	15	0
        116712	2026-07-02 09:04:43	1	0	15	0
        117398	2026-07-02 09:22:32	1	0	15	0
        110454	2026-07-02 12:00:03	1	0	15	0
        110534	2026-07-02 12:00:09	1	0	15	0
        119117	2026-07-02 12:00:37	1	0	1	0
        117775	2026-07-02 12:00:43	1	2	1	0
        110045	2026-07-02 12:01:10	1	2	15	0
        110362	2026-07-02 12:01:45	1	2	1	0
        110641	2026-07-02 12:01:51	1	2	15	0
        116434	2026-07-02 12:01:56	1	2	1	0
        110542	2026-07-02 12:02:03	1	2	15	0
        110361	2026-07-02 12:02:07	1	2	1	0
        116442	2026-07-02 12:02:13	1	2	15	0
        110530	2026-07-02 12:02:17	1	2	15	0
        116192	2026-07-02 12:02:23	1	2	15	0
        117090	2026-07-02 12:02:28	1	2	15	0
        118548	2026-07-02 12:02:33	1	2	15	0
        119406	2026-07-02 12:02:38	1	2	15	0
        119077	2026-07-02 12:02:43	1	2	1	0
        116263	2026-07-02 12:02:58	1	2	15	0
        118398	2026-07-02 12:03:26	1	2	15	0
        119376	2026-07-02 12:03:38	1	2	15	0
        110454	2026-07-02 12:03:43	1	2	15	0
        110534	2026-07-02 12:03:47	1	2	15	0
        117727	2026-07-02 12:04:23	1	2	15	0
        116738	2026-07-02 12:04:28	1	2	15	0
        110794	2026-07-02 12:04:34	1	2	15	0
        116622	2026-07-02 12:05:06	1	2	1	0
        110646	2026-07-02 12:05:12	1	2	15	0
        110806	2026-07-02 12:05:16	1	2	15	0
        110531	2026-07-02 12:05:22	1	2	15	0
        116712	2026-07-02 12:05:27	1	2	15	0
        117656	2026-07-02 12:05:31	1	2	15	0
        116690	2026-07-02 12:05:35	1	2	15	0
        110188	2026-07-02 12:05:39	1	2	15	0
        110426	2026-07-02 12:05:44	1	2	15	0
        116202	2026-07-02 12:05:48	1	2	15	0
        119117	2026-07-02 12:05:52	1	2	1	0
        116476	2026-07-02 12:05:59	1	2	15	0
        117274	2026-07-02 12:06:05	1	2	1	0
        119406	2026-07-02 12:06:12	1	2	15	0
        118548	2026-07-02 12:06:18	1	2	15	0
        110362	2026-07-02 12:06:21	1	2	1	0
        110641	2026-07-02 12:06:28	1	2	15	0
        119376	2026-07-02 12:06:33	1	2	15	0
        119077	2026-07-02 12:06:37	1	2	1	0
        117518	2026-07-02 12:06:44	1	2	15	0
        110530	2026-07-02 12:06:58	1	2	15	0
        110045	2026-07-02 12:07:21	1	2	15	0
        116712	2026-07-02 12:07:25	1	2	15	0
        116466	2026-07-02 12:07:34	1	2	1	0
        116263	2026-07-02 12:07:48	1	2	15	0
        118398	2026-07-02 12:07:52	1	2	15	0
        110542	2026-07-02 12:08:00	1	2	15	0
        117398	2026-07-02 12:08:15	1	2	15	0
        117185	2026-07-02 12:08:21	1	2	15	0
        116192	2026-07-02 12:08:39	1	2	15	0
        117090	2026-07-02 12:08:45	1	2	15	0
        116202	2026-07-02 12:08:53	1	2	15	0
        117656	2026-07-02 12:08:59	1	2	15	0
        110188	2026-07-02 12:09:05	1	2	15	0
        116690	2026-07-02 12:09:12	1	2	15	0
        110531	2026-07-02 12:09:19	1	2	15	0
        110426	2026-07-02 12:09:25	1	2	15	0
        117518	2026-07-02 12:09:29	1	2	15	0
        116622	2026-07-02 12:09:40	1	2	1	0
        110646	2026-07-02 12:09:46	1	2	15	0
        110806	2026-07-02 12:09:50	1	2	15	0
        116829	2026-07-02 12:09:54	1	2	1	0
        110361	2026-07-02 12:10:26	1	2	1	0
        116829	2026-07-02 12:11:42	1	2	1	0
        116096	2026-07-02 12:11:48	1	2	15	0
        117775	2026-07-02 12:12:29	1	2	1	0
        117398	2026-07-02 12:12:48	1	2	15	0
        117274	2026-07-02 12:13:05	1	2	1	0
        110149	2026-07-02 12:14:39	1	2	15	0
        110124	2026-07-02 12:14:49	1	2	15	0
        119206	2026-07-02 12:16:09	1	2	15	0
        110477	2026-07-02 12:18:16	1	2	15	0
        118509	2026-07-02 12:18:45	1	2	15	0
        118083	2026-07-02 12:18:56	1	2	15	0
        119206	2026-07-02 12:19:48	1	2	15	0
        110461	2026-07-02 12:20:56	1	2	1	0
        118509	2026-07-02 12:21:02	1	2	15	0
        110359	2026-07-02 12:21:07	1	2	15	0
        118125	2026-07-02 12:21:11	1	2	15	0
        110429	2026-07-02 12:21:30	1	2	15	0
        116511	2026-07-02 12:21:43	1	2	15	0
        118083	2026-07-02 12:22:31	1	2	15	0
        116159	2026-07-02 12:24:02	1	2	15	0
        110359	2026-07-02 12:24:32	1	2	15	0
        118125	2026-07-02 12:24:40	1	2	15	0
        110477	2026-07-02 12:25:07	1	2	15	0
        116442	2026-07-02 12:26:00	1	0	15	0
        118160	2026-07-02 12:26:53	1	2	15	0
        116844	2026-07-02 12:27:02	1	2	15	0
        116159	2026-07-02 12:27:26	1	2	15	0
        118146	2026-07-02 12:29:34	1	2	15	0
        117727	2026-07-02 12:29:38	1	2	15	0
        118160	2026-07-02 12:29:48	1	2	15	0
        116844	2026-07-02 12:30:11	1	2	15	0
        118326	2026-07-02 12:30:54	1	2	15	0
        116738	2026-07-02 12:31:32	1	2	15	0
        110064	2026-07-02 12:32:02	1	2	15	0
        110429	2026-07-02 12:32:30	1	2	15	0
        118326	2026-07-02 12:35:28	1	3	15	0
        110064	2026-07-02 12:35:30	1	3	15	0
        118585	2026-07-02 12:36:39	1	3	15	0
        110794	2026-07-02 12:36:44	1	3	15	0
        110068	2026-07-02 12:38:08	1	3	1	0
        116524	2026-07-02 12:38:29	1	3	15	0
        110472	2026-07-02 12:38:38	1	3	15	0
        117239	2026-07-02 12:38:43	1	3	15	0
        118585	2026-07-02 12:39:11	1	3	15	0
        118146	2026-07-02 12:39:57	1	3	15	0
        110124	2026-07-02 12:40:29	1	3	1	0
        116476	2026-07-02 12:41:27	1	3	15	0
        110068	2026-07-02 12:41:33	1	3	1	0
        116007	2026-07-02 12:41:39	1	3	1	0
        116466	2026-07-02 12:41:44	1	3	1	0
        117185	2026-07-02 12:42:25	1	3	15	0
        116434	2026-07-02 12:42:54	1	3	1	0
        110149	2026-07-02 12:45:57	1	3	15	0
        110461	2026-07-02 12:46:14	1	3	1	0
        116735	2026-07-02 12:46:20	1	3	15	0
        118694	2026-07-02 12:46:28	1	3	15	0
        118729	2026-07-02 12:46:33	1	3	15	0
        110472	2026-07-02 12:46:44	1	3	15	0
        116524	2026-07-02 12:46:49	1	3	15	0
        117239	2026-07-02 12:47:01	1	3	15	0
        110115	2026-07-02 12:47:41	1	3	15	0
        116007	2026-07-02 12:47:52	1	3	1	0
        118694	2026-07-02 12:49:03	1	3	15	0
        116735	2026-07-02 12:50:25	1	3	15	0
        118143	2026-07-02 12:50:53	1	3	15	0
        118729	2026-07-02 12:50:57	1	3	15	0
        118143	2026-07-02 12:54:56	1	3	15	0
        117273	2026-07-02 12:56:08	1	3	15	0
        116511	2026-07-02 12:56:49	1	3	15	0
        119392	2026-07-02 12:57:04	1	3	15	0
        116825	2026-07-02 12:57:56	1	3	15	0
        119392	2026-07-02 12:59:23	1	3	15	0
        110115	2026-07-02 12:59:33	1	3	15	0
        117273	2026-07-02 12:59:49	1	3	15	0
        116152	2026-07-02 13:01:04	1	3	15	0
        116825	2026-07-02 13:01:58	1	3	15	0
        116442	2026-07-02 16:05:35	1	1	15	0
        117239	2026-07-02 16:05:51	1	1	15	0
        110472	2026-07-02 16:08:50	1	1	15	0
        117273	2026-07-02 16:09:46	1	1	15	0
        116007	2026-07-02 16:46:12	1	1	1	0
        117775	2026-07-02 16:46:16	1	1	1	0
        116844	2026-07-02 16:52:34	1	1	15	0
        110641	2026-07-02 17:02:21	1	1	15	0
        110362	2026-07-02 17:03:16	1	1	1	0
        110542	2026-07-02 17:03:22	1	1	15	0
        110361	2026-07-02 17:03:41	1	1	15	0
        116690	2026-07-02 17:04:57	1	1	15	0
        110806	2026-07-02 17:05:04	1	1	15	0
        116622	2026-07-02 17:05:10	1	1	1	0
        110646	2026-07-02 17:05:16	1	1	15	0
        110426	2026-07-02 17:05:27	1	1	15	0
        119206	2026-07-02 17:05:47	1	1	15	0
        110531	2026-07-02 17:06:41	1	1	15	0
        110454	2026-07-02 17:07:05	1	1	15	0
        118160	2026-07-02 17:07:25	1	1	15	0
        110534	2026-07-02 17:07:32	1	1	15	0
        110045	2026-07-02 17:11:20	1	1	15	0
        119077	2026-07-02 17:12:08	1	1	1	0
        117727	2026-07-02 17:12:26	1	1	15	0
        117185	2026-07-02 17:15:25	1	1	15	0
        117090	2026-07-02 17:16:04	1	1	15	0
        116192	2026-07-02 17:16:10	1	1	15	0
        116466	2026-07-02 17:20:52	1	1	1	0
        118146	2026-07-02 17:24:34	1	1	15	0
        116735	2026-07-02 17:25:29	1	1	15	0
        116524	2026-07-02 17:31:26	1	1	15	0
        118398	2026-07-02 17:33:14	1	1	15	0
        116263	2026-07-02 17:33:24	1	1	15	0
        110068	2026-07-02 17:36:36	1	1	1	0
        116152	2026-07-02 17:36:39	1	1	15	0
        110530	2026-07-02 17:38:14	1	1	15	0
        117518	2026-07-02 17:38:37	1	1	15	0
        116202	2026-07-02 17:38:48	1	1	15	0
        118548	2026-07-02 17:41:59	1	1	15	0
        110794	2026-07-02 17:42:46	1	1	15	0
        110064	2026-07-02 17:48:07	1	1	15	0
        110359	2026-07-02 17:50:10	1	1	15	0
        118083	2026-07-02 17:50:38	1	1	15	0
        118143	2026-07-02 17:50:49	1	1	15	0
        118585	2026-07-02 17:51:12	1	1	15	0
        118125	2026-07-02 17:51:40	1	1	15	0
        119392	2026-07-02 17:56:45	1	1	15	0
        116476	2026-07-02 18:00:52	1	1	15	0
        117398	2026-07-02 18:00:56	1	1	15	0
        116712	2026-07-02 18:02:06	1	1	15	0
        110188	2026-07-02 18:03:06	1	1	15	0
        119376	2026-07-02 18:04:05	1	1	15	0
        116825	2026-07-02 18:05:00	1	1	15	0
        118326	2026-07-02 18:06:18	1	1	15	0
        116738	2026-07-02 18:07:06	1	1	15	0
        119406	2026-07-02 18:09:37	1	1	15	0
        110477	2026-07-02 18:10:20	1	1	15	0
        110429	2026-07-02 18:26:21	1	1	15	0
        117398	2026-07-02 18:26:24	1	1	15	0
        110115	2026-07-02 18:29:37	1	1	15	0
        118509	2026-07-02 18:31:35	1	1	15	0
        116434	2026-07-02 18:33:35	1	1	1	0
        110124	2026-07-02 18:36:35	1	1	15	0
        116511	2026-07-02 18:36:44	1	1	15	0
        110461	2026-07-02 18:36:50	1	1	1	0
        119117	2026-07-02 18:52:19	1	1	1	0
        117656	2026-07-02 19:08:32	1	1	15	0
        117274	2026-07-02 19:10:13	1	1	1	0
        116829	2026-07-02 19:15:50	1	1	1	0
        116829	2026-07-02 19:17:11	1	1	1	0
        118566	2026-07-02 19:20:01	1	1	15	0
        118729	2026-07-02 20:09:35	1	1	15	0
        118694	2026-07-02 20:09:41	1	1	1	0
        110149	2026-07-02 20:09:53	1	1	15	0
        118548	2026-07-03 06:05:37	1	0	15	0
        117775	2026-07-03 06:17:28	1	0	1	0
        118146	2026-07-03 06:21:50	1	0	15	0
        118160	2026-07-03 06:36:48	1	0	15	0
        116442	2026-07-03 06:45:58	1	0	15	0
        117451	2026-07-03 06:53:22	1	0	15	0
        117090	2026-07-03 06:56:28	1	0	15	0
        118251	2026-07-03 07:01:43	1	0	1	0
        110454	2026-07-03 07:08:54	1	0	15	0
        110472	2026-07-03 07:10:21	1	0	15	0
        116152	2026-07-03 07:12:56	1	0	15	0
        110794	2026-07-03 07:13:34	1	0	15	0
        110068	2026-07-03 07:14:45	1	0	1	0
        116192	2026-07-03 07:14:54	1	0	15	0
        116690	2026-07-03 07:17:22	1	0	15	0
        117727	2026-07-03 07:21:18	1	0	15	0
        116202	2026-07-03 07:21:30	1	0	15	0
        119206	2026-07-03 07:25:36	1	0	15	0
        117185	2026-07-03 07:32:11	1	0	15	0
        116844	2026-07-03 07:33:22	1	0	15	0
        116159	2026-07-03 07:36:38	1	0	15	0
        110542	2026-07-03 07:39:04	1	0	15	0
        117273	2026-07-03 07:39:38	1	0	15	0
        110426	2026-07-03 07:40:30	1	0	15	0
        110362	2026-07-03 07:40:49	1	0	1	0
        110530	2026-07-03 07:45:08	1	0	15	0
        118801	2026-07-03 07:45:55	1	0	15	0
        110531	2026-07-03 07:46:42	1	0	15	0
        116738	2026-07-03 07:47:03	1	0	15	0
        110534	2026-07-03 07:48:54	1	0	15	0
        116524	2026-07-03 07:49:33	1	0	15	0
        119117	2026-07-03 07:50:13	1	0	1	0
        116466	2026-07-03 07:50:53	1	0	1	0
        118125	2026-07-03 07:51:38	1	0	1	0
        110806	2026-07-03 07:52:53	1	0	15	0
        116487	2026-07-03 07:56:42	1	0	1	0
        119077	2026-07-03 07:56:49	1	0	1	0
        117242	2026-07-03 07:56:54	1	0	1	0
        116622	2026-07-03 07:58:38	1	0	1	0
        116263	2026-07-03 08:01:22	1	0	15	0
        117239	2026-07-03 08:03:57	1	0	15	0
        110646	2026-07-03 08:05:35	1	0	15	0
        110045	2026-07-03 08:09:49	1	0	15	0
        110149	2026-07-03 08:17:12	1	0	15	0
        117518	2026-07-03 08:17:47	1	0	15	0
        110124	2026-07-03 08:19:36	1	0	1	0
        116434	2026-07-03 08:22:14	1	0	1	0
        116712	2026-07-03 08:25:10	1	0	15	0
        110429	2026-07-03 08:27:37	1	0	15	0
        117398	2026-07-03 08:30:35	1	0	15	0
        118729	2026-07-03 08:36:00	1	0	15	0
        110361	2026-07-03 08:36:48	1	0	1	0
        119376	2026-07-03 08:38:20	1	0	15	0
        119406	2026-07-03 08:39:17	1	0	15	0
        119392	2026-07-03 08:46:12	1	0	15	0
        118398	2026-07-03 08:46:51	1	0	15	0
        110359	2026-07-03 08:50:28	1	0	15	0
        118083	2026-07-03 08:54:18	1	0	15	0
        116511	2026-07-03 09:01:58	1	0	15	0
        118694	2026-07-03 09:37:42	1	0	15	0
        118398	2026-07-03 12:00:36	1	2	15	0
        110531	2026-07-03 12:00:40	1	2	15	0
        116622	2026-07-03 12:00:45	1	2	1	0
        118251	2026-07-03 12:00:52	1	2	1	0
        116690	2026-07-03 12:00:58	1	2	15	0
        110426	2026-07-03 12:01:02	1	2	15	0
        116263	2026-07-03 12:01:08	1	2	15	0
        117775	2026-07-03 12:01:10	1	2	1	0
        118083	2026-07-03 12:01:17	1	2	15	0
        110530	2026-07-03 12:01:21	1	2	15	0
        110646	2026-07-03 12:01:31	1	2	15	0
        119376	2026-07-03 12:01:37	1	2	15	0
        110806	2026-07-03 12:01:41	1	2	15	0
        110542	2026-07-03 12:01:45	1	2	15	0
        116202	2026-07-03 12:01:51	1	2	15	0
        110045	2026-07-03 12:02:04	1	2	15	0
        110534	2026-07-03 12:02:08	1	2	15	0
        118548	2026-07-03 12:02:17	1	2	15	0
        110454	2026-07-03 12:02:21	1	2	15	0
        117518	2026-07-03 12:02:41	1	2	15	0
        110124	2026-07-03 12:02:45	1	2	1	0
        117242	2026-07-03 12:02:50	1	2	1	0
        116442	2026-07-03 12:02:56	1	2	15	0
        110362	2026-07-03 12:03:02	1	2	1	0
        110149	2026-07-03 12:03:08	1	2	15	0
        116192	2026-07-03 12:03:33	1	2	15	0
        117090	2026-07-03 12:03:38	1	2	15	0
        116712	2026-07-03 12:04:19	1	2	15	0
        116690	2026-07-03 12:04:53	1	2	15	0
        110531	2026-07-03 12:04:57	1	2	15	0
        110426	2026-07-03 12:05:08	1	2	15	0
        116202	2026-07-03 12:05:15	1	2	15	0
        119406	2026-07-03 12:05:19	1	2	15	0
        119077	2026-07-03 12:05:22	1	2	1	0
        116738	2026-07-03 12:05:28	1	2	15	0
        119376	2026-07-03 12:05:32	1	2	15	0
        110542	2026-07-03 12:05:41	1	2	15	0
        110534	2026-07-03 12:05:47	1	2	15	0
        110454	2026-07-03 12:05:53	1	2	15	0
        117398	2026-07-03 12:05:58	1	2	15	0
        118083	2026-07-03 12:06:05	1	2	15	0
        118251	2026-07-03 12:06:09	1	2	1	0
        117518	2026-07-03 12:06:16	1	2	15	0
        116263	2026-07-03 12:06:20	1	2	15	0
        118398	2026-07-03 12:06:25	1	2	15	0
        117242	2026-07-03 12:06:35	1	2	1	0
        116622	2026-07-03 12:06:40	1	2	1	0
        110806	2026-07-03 12:06:46	1	2	15	0
        110646	2026-07-03 12:06:50	1	2	15	0
        117090	2026-07-03 12:06:53	1	2	15	0
        116192	2026-07-03 12:06:58	1	2	15	0
        118548	2026-07-03 12:07:03	1	2	15	0
        110429	2026-07-03 12:07:10	1	2	15	0
        110530	2026-07-03 12:07:15	1	2	15	0
        116735	2026-07-03 12:07:48	1	2	15	0
        119077	2026-07-03 12:08:06	1	2	1	0
        117775	2026-07-03 12:08:30	1	2	1	0
        119406	2026-07-03 12:08:36	1	2	15	0
        116152	2026-07-03 12:08:41	1	2	15	0
        116487	2026-07-03 12:08:56	1	2	1	0
        119206	2026-07-03 12:09:02	1	2	15	0
        116466	2026-07-03 12:09:07	1	2	1	0
        117185	2026-07-03 12:09:13	1	2	15	0
        116712	2026-07-03 12:09:17	1	2	15	0
        116434	2026-07-03 12:09:22	1	2	1	0
        117727	2026-07-03 12:09:28	1	2	15	0
        110149	2026-07-03 12:10:25	1	2	15	0
        110045	2026-07-03 12:10:48	1	2	15	0
        110362	2026-07-03 12:11:07	1	2	1	0
        116487	2026-07-03 12:11:13	1	2	1	0
        119206	2026-07-03 12:12:05	1	2	15	0
        116152	2026-07-03 12:12:14	1	2	15	0
        117451	2026-07-03 12:12:58	1	2	15	0
        110124	2026-07-03 12:16:27	1	2	1	0
        110068	2026-07-03 12:17:33	1	2	1	0
        110429	2026-07-03 12:17:53	1	2	15	0
        116442	2026-07-03 12:19:56	1	0	15	0
        110068	2026-07-03 12:21:21	1	2	1	0
        118125	2026-07-03 12:22:11	1	2	15	0
        110359	2026-07-03 12:22:33	1	2	15	0
        110472	2026-07-03 12:24:07	1	2	15	0
        110359	2026-07-03 12:25:16	1	2	15	0
        118125	2026-07-03 12:25:22	1	2	15	0
        116844	2026-07-03 12:26:35	1	2	15	0
        110472	2026-07-03 12:29:35	1	2	15	0
        116844	2026-07-03 12:30:03	1	2	15	0
        116738	2026-07-03 12:33:58	1	3	15	0
        117727	2026-07-03 12:34:01	1	3	15	0
        116434	2026-07-03 12:34:11	1	3	1	0
        117185	2026-07-03 12:34:17	1	3	15	0
        116466	2026-07-03 12:34:23	1	3	1	0
        118146	2026-07-03 12:34:55	1	3	15	0
        118694	2026-07-03 12:37:20	1	3	15	0
        116511	2026-07-03 12:37:54	1	3	15	0
        118801	2026-07-03 12:38:20	1	3	15	0
        119117	2026-07-03 12:39:54	1	3	1	0
        117451	2026-07-03 12:41:37	1	3	15	0
        119117	2026-07-03 12:43:30	1	3	1	0
        117398	2026-07-03 12:44:58	1	3	15	0
        110794	2026-07-03 12:46:39	1	3	15	0
        118160	2026-07-03 12:47:23	1	3	15	0
        118801	2026-07-03 12:48:27	1	3	15	0
        116735	2026-07-03 12:48:33	1	3	15	0
        118160	2026-07-03 12:48:39	1	3	15	0
        118694	2026-07-03 12:48:45	1	3	15	0
        116511	2026-07-03 12:49:10	1	3	15	0
        110794	2026-07-03 12:51:17	1	3	15	0
        118146	2026-07-03 12:51:22	1	3	15	0
        110115	2026-07-03 12:51:35	1	3	15	0
        119392	2026-07-03 12:54:33	1	3	15	0
        119392	2026-07-03 12:58:16	1	3	15	0
        117090	2026-07-03 15:31:26	1	3	15	0
        116263	2026-07-03 15:39:02	1	3	15	0
        116735	2026-07-03 15:53:35	1	3	15	0
        118251	2026-07-03 16:09:34	1	1	1	0
        110472	2026-07-03 16:17:06	1	1	15	0
        116159	2026-07-03 16:17:09	1	1	15	0
        118146	2026-07-03 16:29:41	1	1	15	0
        116844	2026-07-03 16:38:04	1	1	15	0
        117273	2026-07-03 16:43:52	1	1	15	0
        117451	2026-07-03 16:44:44	1	1	15	0
        118801	2026-07-03 16:47:23	1	1	15	0
        110794	2026-07-03 16:58:03	1	1	15	0
        119206	2026-07-03 17:01:31	1	1	15	0
        110531	2026-07-03 17:02:19	1	1	15	0
        118160	2026-07-03 17:03:09	1	1	15	0
        110362	2026-07-03 17:03:14	1	1	1	0
        116690	2026-07-03 17:03:20	1	1	15	0
        110806	2026-07-03 17:03:28	1	1	15	0
        110534	2026-07-03 17:04:00	1	1	15	0
        110530	2026-07-03 17:04:11	1	1	15	0
        110646	2026-07-03 17:04:41	1	1	15	0
        110361	2026-07-03 17:04:46	1	1	1	0
        110115	2026-07-03 17:14:12	1	1	15	0
        110429	2026-07-03 17:14:19	1	1	15	0
        117185	2026-07-03 17:16:12	1	1	15	0
        110045	2026-07-03 17:16:55	1	1	15	0
        116202	2026-07-03 17:18:18	1	1	15	0
        117518	2026-07-03 17:18:23	1	1	15	0
        117727	2026-07-03 17:27:28	1	1	15	0
        119117	2026-07-03 17:37:20	1	1	1	0
        118548	2026-07-03 17:44:00	1	1	15	0
        117398	2026-07-03 17:47:41	1	1	15	0
        116466	2026-07-03 18:05:27	1	1	1	0
        110124	2026-07-03 18:06:24	1	1	15	0
        118083	2026-07-03 18:06:31	1	1	15	0
        116511	2026-07-03 18:06:36	1	1	15	0
        116434	2026-07-03 18:07:18	1	1	1	0
        110149	2026-07-03 18:43:09	1	1	15	0
        118729	2026-07-03 18:51:25	1	1	15	0
        118694	2026-07-03 18:51:30	1	1	15	0
        119376	2026-07-03 18:56:14	1	1	15	0
        116487	2026-07-03 18:56:59	1	1	1	0
        110068	2026-07-03 19:04:32	1	1	1	0
        119406	2026-07-03 19:04:37	1	1	15	0
        118694	2026-07-04 10:00:24	1	0	1	0
        118694	2026-07-04 12:17:34	1	2	1	0
        118694	2026-07-04 13:00:11	1	3	1	0
        118694	2026-07-04 16:01:42	1	1	15	0
        118548	2026-07-06 06:04:58	1	0	15	0
        118146	2026-07-06 06:14:30	1	0	15	0
        118326	2026-07-06 06:22:05	1	0	1	0
        119443	2026-07-06 06:30:32	1	0	15	0
        110045	2026-07-06 06:36:34	1	0	15	0
        118160	2026-07-06 06:38:05	1	0	15	0
        117727	2026-07-06 06:38:34	1	0	15	0
        117775	2026-07-06 06:45:08	1	0	15	0
        118251	2026-07-06 06:47:09	1	0	1	0
        116202	2026-07-06 06:55:57	1	0	15	0
        110115	2026-07-06 07:00:40	1	0	15	0
        110429	2026-07-06 07:02:53	1	0	15	0
        117090	2026-07-06 07:03:45	1	0	15	0
        116509	2026-07-06 07:06:29	1	0	15	0
        117239	2026-07-06 07:09:06	1	0	15	0
        119117	2026-07-06 07:10:14	1	0	1	0
        118509	2026-07-06 07:11:52	1	0	15	0
        116735	2026-07-06 07:13:35	1	0	15	0
        116152	2026-07-06 07:14:50	1	0	15	0
        118585	2026-07-06 07:15:54	1	0	15	0
        110794	2026-07-06 07:19:05	1	0	15	0
        116007	2026-07-06 07:19:13	1	0	1	0
        117185	2026-07-06 07:19:47	1	0	15	0
        119376	2026-07-06 07:20:37	1	0	15	0
        110472	2026-07-06 07:20:54	1	0	15	0
        118125	2026-07-06 07:21:41	1	0	1	0
        116159	2026-07-06 07:25:02	1	0	15	0
        116192	2026-07-06 07:25:51	1	0	15	0
        116442	2026-07-06 07:28:44	1	0	15	0
        110426	2026-07-06 07:32:40	1	0	15	0
        116690	2026-07-06 07:36:44	1	0	15	0
        116712	2026-07-06 07:36:47	1	0	15	0
        110534	2026-07-06 07:38:05	1	0	15	0
        110362	2026-07-06 07:38:53	1	0	1	0
        110124	2026-07-06 07:40:04	1	0	1	0
        118398	2026-07-06 07:41:09	1	0	15	0
        110188	2026-07-06 07:42:55	1	0	15	0
        118143	2026-07-06 07:46:09	1	0	15	0
        117242	2026-07-06 07:47:07	1	0	1	0
        110531	2026-07-06 07:47:27	1	0	15	0
        116825	2026-07-06 07:47:38	1	0	15	0
        110806	2026-07-06 07:48:12	1	0	15	0
        116487	2026-07-06 07:48:30	1	0	15	0
        110542	2026-07-06 07:49:56	1	0	15	0
        116622	2026-07-06 07:50:26	1	0	1	0
        119393	2026-07-06 07:52:55	1	0	15	0
        110530	2026-07-06 07:53:00	1	0	15	0
        110359	2026-07-06 07:53:37	1	0	15	0
        117977	2026-07-06 07:53:46	1	0	15	0
        116524	2026-07-06 07:54:02	1	0	15	0
        110149	2026-07-06 07:54:52	1	0	15	0
        116511	2026-07-06 07:55:14	1	0	15	0
        110461	2026-07-06 07:55:19	1	0	1	0
        119077	2026-07-06 07:56:00	1	0	1	0
        116790	2026-07-06 07:56:35	1	0	15	0
        110641	2026-07-06 07:56:41	1	0	15	0
        119406	2026-07-06 07:57:19	1	0	15	0
        117273	2026-07-06 07:57:31	1	0	15	0
        116844	2026-07-06 07:57:35	1	0	15	0
        118729	2026-07-06 08:10:07	1	0	15	0
        118694	2026-07-06 08:11:59	1	0	1	0
        117518	2026-07-06 08:12:56	1	0	15	0
        118566	2026-07-06 08:13:06	1	0	1	0
        116829	2026-07-06 08:13:35	1	0	1	0
        119392	2026-07-06 08:13:41	1	0	15	0
        118083	2026-07-06 08:15:50	1	0	15	0
        110454	2026-07-06 08:16:38	1	0	15	0
        117398	2026-07-06 08:17:44	1	0	15	0
        116263	2026-07-06 08:20:43	1	0	15	0
        117274	2026-07-06 08:51:29	1	0	1	0
        110361	2026-07-06 09:14:04	1	0	1	0
        110362	2026-07-06 12:00:31	1	0	1	0
        116825	2026-07-06 12:00:44	1	2	15	0
        110361	2026-07-06 12:00:52	1	2	1	0
        110641	2026-07-06 12:00:59	1	2	15	0
        117274	2026-07-06 12:01:04	1	2	1	0
        117977	2026-07-06 12:01:11	1	2	15	0
        110542	2026-07-06 12:01:16	1	2	15	0
        117775	2026-07-06 12:01:25	1	2	1	0
        119393	2026-07-06 12:01:33	1	2	15	0
        116263	2026-07-06 12:01:38	1	2	15	0
        119443	2026-07-06 12:01:43	1	2	15	0
        118251	2026-07-06 12:01:47	1	2	1	0
        117518	2026-07-06 12:01:54	1	2	15	0
        110188	2026-07-06 12:01:57	1	2	15	0
        117398	2026-07-06 12:02:02	1	2	15	0
        119376	2026-07-06 12:02:07	1	2	15	0
        119117	2026-07-06 12:02:11	1	2	1	0
        110794	2026-07-06 12:02:59	1	2	15	0
        118160	2026-07-06 12:03:29	1	2	15	0
        116524	2026-07-06 12:03:39	1	2	15	0
        117239	2026-07-06 12:03:48	1	2	15	0
        110045	2026-07-06 12:04:01	1	2	15	0
        117090	2026-07-06 12:04:11	1	2	15	0
        116442	2026-07-06 12:04:16	1	2	15	0
        116192	2026-07-06 12:04:25	1	2	15	0
        117977	2026-07-06 12:04:39	1	2	15	0
        118548	2026-07-06 12:04:54	1	2	15	0
        118801	2026-07-06 12:04:59	1	2	15	0
        118398	2026-07-06 12:05:04	1	2	15	0
        116825	2026-07-06 12:05:10	1	2	15	0
        116511	2026-07-06 12:05:23	1	2	15	0
        110641	2026-07-06 12:05:31	1	2	15	0
        110362	2026-07-06 12:05:37	1	2	1	0
        110188	2026-07-06 12:05:44	1	2	15	0
        119376	2026-07-06 12:05:53	1	2	15	0
        117398	2026-07-06 12:05:56	1	2	15	0
        118160	2026-07-06 12:06:00	1	2	15	0
        117274	2026-07-06 12:06:05	1	2	1	0
        116690	2026-07-06 12:06:13	1	2	15	0
        119117	2026-07-06 12:06:18	1	2	1	0
        110361	2026-07-06 12:06:23	1	2	1	0
        110542	2026-07-06 12:06:32	1	2	15	0
        116487	2026-07-06 12:06:39	1	2	1	0
        116152	2026-07-06 12:07:01	1	2	15	0
        117518	2026-07-06 12:07:23	1	2	15	0
        116829	2026-07-06 12:07:55	1	2	1	0
        117239	2026-07-06 12:08:00	1	2	15	0
        116524	2026-07-06 12:08:04	1	2	15	0
        110530	2026-07-06 12:08:11	1	2	15	0
        110531	2026-07-06 12:08:23	1	2	15	0
        110806	2026-07-06 12:08:28	1	2	15	0
        116202	2026-07-06 12:08:34	1	2	15	0
        110426	2026-07-06 12:08:39	1	2	15	0
        116622	2026-07-06 12:08:43	1	2	1	0
        116070	2026-07-06 12:08:51	1	2	15	0
        110124	2026-07-06 12:08:56	1	2	15	0
        118251	2026-07-06 12:09:01	1	2	1	0
        119393	2026-07-06 12:09:06	1	2	15	0
        119443	2026-07-06 12:09:11	1	2	15	0
        116263	2026-07-06 12:09:16	1	2	15	0
        118548	2026-07-06 12:09:22	1	2	15	0
        116844	2026-07-06 12:09:28	1	2	15	0
        117273	2026-07-06 12:09:42	1	2	15	0
        116487	2026-07-06 12:10:00	1	2	1	0
        116790	2026-07-06 12:10:07	1	2	15	0
        116152	2026-07-06 12:10:21	1	2	15	0
        118398	2026-07-06 12:10:26	1	2	15	0
        116509	2026-07-06 12:10:41	1	2	15	0
        116202	2026-07-06 12:11:40	1	2	15	0
        110426	2026-07-06 12:11:45	1	2	15	0
        116690	2026-07-06 12:11:53	1	2	15	0
        117090	2026-07-06 12:12:00	1	2	15	0
        116192	2026-07-06 12:12:05	1	2	15	0
        110531	2026-07-06 12:12:11	1	2	15	0
        117775	2026-07-06 12:12:19	1	2	1	0
        116829	2026-07-06 12:12:24	1	2	1	0
        116070	2026-07-06 12:12:27	1	2	1	0
        116844	2026-07-06 12:12:33	1	2	15	0
        118566	2026-07-06 12:12:41	1	2	15	0
        110045	2026-07-06 12:12:54	1	2	15	0
        117273	2026-07-06 12:13:03	1	2	15	0
        116790	2026-07-06 12:13:25	1	2	15	0
        116712	2026-07-06 12:13:48	1	2	15	0
        116442	2026-07-06 12:14:26	1	2	15	0
        110429	2026-07-06 12:14:32	1	2	15	0
        118083	2026-07-06 12:14:39	1	2	15	0
        119406	2026-07-06 12:15:53	1	2	15	0
        118729	2026-07-06 12:16:02	1	2	15	0
        116735	2026-07-06 12:16:08	1	2	15	0
        118694	2026-07-06 12:16:21	1	2	1	0
        116712	2026-07-06 12:16:30	1	2	15	0
        118566	2026-07-06 12:17:04	1	2	15	0
        110359	2026-07-06 12:17:38	1	2	15	0
        118125	2026-07-06 12:17:55	1	2	15	0
        118083	2026-07-06 12:18:04	1	2	15	0
        110472	2026-07-06 12:19:49	1	2	15	0
        118509	2026-07-06 12:20:06	1	2	15	0
        110359	2026-07-06 12:20:39	1	2	15	0
        118125	2026-07-06 12:20:43	1	2	15	0
        119406	2026-07-06 12:21:58	1	2	15	0
        118509	2026-07-06 12:24:21	1	2	15	0
        116007	2026-07-06 12:24:37	1	2	1	0
        110429	2026-07-06 12:24:48	1	2	15	0
        116509	2026-07-06 12:25:04	1	2	15	0
        117185	2026-07-06 12:29:39	1	2	15	0
        116511	2026-07-06 12:32:08	1	3	15	0
        118326	2026-07-06 12:32:20	1	3	15	0
        110794	2026-07-06 12:34:28	1	3	15	0
        118143	2026-07-06 12:34:34	1	3	15	0
        110461	2026-07-06 12:34:50	1	3	1	0
        118146	2026-07-06 12:35:13	1	3	15	0
        110472	2026-07-06 12:35:20	1	3	15	0
        110454	2026-07-06 12:36:24	1	3	15	0
        118143	2026-07-06 12:37:13	1	3	15	0
        110124	2026-07-06 12:37:36	1	3	15	0
        110454	2026-07-06 12:39:33	1	3	15	0
        118326	2026-07-06 12:39:55	1	3	15	0
        118585	2026-07-06 12:40:57	1	3	15	0
        116622	2026-07-06 12:41:13	1	3	1	0
        110530	2026-07-06 12:41:19	1	3	15	0
        110806	2026-07-06 12:41:25	1	3	15	0
        118585	2026-07-06 12:45:39	1	3	15	0
        110461	2026-07-06 12:46:16	1	3	1	0
        118146	2026-07-06 12:47:42	1	3	15	0
        118729	2026-07-06 12:48:02	1	3	15	0
        118694	2026-07-06 12:48:06	1	3	15	0
        116735	2026-07-06 12:48:10	1	3	15	0
        116159	2026-07-06 12:48:45	1	3	15	0
        116007	2026-07-06 12:48:53	1	3	1	0
        119077	2026-07-06 12:49:08	1	3	1	0
        110115	2026-07-06 12:50:45	1	3	15	0
        110534	2026-07-06 12:50:51	1	3	15	0
        119077	2026-07-06 12:51:23	1	3	1	0
        117185	2026-07-06 12:52:48	1	3	15	0
        110534	2026-07-06 12:53:17	1	3	15	0
        119392	2026-07-06 12:56:32	1	3	15	0
        116159	2026-07-06 12:56:50	1	3	15	0
        110115	2026-07-06 12:57:44	1	3	15	0
        119392	2026-07-06 12:58:33	1	3	15	0
        110362	2026-07-06 17:00:28	1	1	1	0
        110641	2026-07-06 17:00:39	1	1	15	0
        110361	2026-07-06 17:00:44	1	1	15	0
        110472	2026-07-06 17:01:24	1	1	15	0
        110045	2026-07-06 17:01:28	1	1	15	0
        116735	2026-07-06 17:01:40	1	1	15	0
        116442	2026-07-06 17:01:51	1	1	15	0
        117273	2026-07-06 17:01:59	1	1	15	0
        116159	2026-07-06 17:02:05	1	1	15	0
        110534	2026-07-06 17:02:10	1	1	15	0
        110542	2026-07-06 17:02:21	1	1	15	0
        119117	2026-07-06 17:02:36	1	1	1	0
        110454	2026-07-06 17:02:50	1	1	15	0
        116524	2026-07-06 17:02:57	1	1	15	0
        117239	2026-07-06 17:03:00	1	1	15	0
        110806	2026-07-06 17:03:10	1	1	15	0
        110359	2026-07-06 17:03:17	1	1	15	0
        118146	2026-07-06 17:03:38	1	1	15	0
        110531	2026-07-06 17:03:57	1	1	15	0
        116690	2026-07-06 17:04:00	1	1	15	0
        119077	2026-07-06 17:04:43	1	1	1	0
        116622	2026-07-06 17:05:18	1	1	1	0
        118801	2026-07-06 17:05:39	1	1	15	0
        118125	2026-07-06 17:05:44	1	1	15	0
        119443	2026-07-06 17:06:07	1	1	15	0
        118160	2026-07-06 17:06:26	1	1	15	0
        119393	2026-07-06 17:06:30	1	1	15	0
        118251	2026-07-06 17:06:34	1	1	1	0
        116152	2026-07-06 17:06:55	1	1	15	0
        110530	2026-07-06 17:07:26	1	1	15	0
        110426	2026-07-06 17:07:33	1	1	15	0
        110115	2026-07-06 17:07:39	1	1	15	0
        118398	2026-07-06 17:08:19	1	1	15	0
        116263	2026-07-06 17:08:24	1	1	15	0
        117242	2026-07-06 17:11:39	1	1	1	0
        117977	2026-07-06 17:13:34	1	1	15	0
        116712	2026-07-06 17:13:40	1	1	15	0
        118585	2026-07-06 17:15:27	1	1	15	0
        119376	2026-07-06 17:19:48	1	1	15	0
        119392	2026-07-06 17:20:05	1	1	15	0
        118548	2026-07-06 17:22:52	1	1	15	0
        118143	2026-07-06 17:23:10	1	1	15	0
        116192	2026-07-06 17:23:44	1	1	15	0
        110149	2026-07-06 17:26:04	1	1	15	0
        118083	2026-07-06 17:39:23	1	1	15	0
        117398	2026-07-06 18:02:34	1	1	15	0
        116007	2026-07-06 18:10:03	1	1	1	0
        118509	2026-07-06 18:15:57	1	1	15	0
        110429	2026-07-06 18:16:08	1	1	15	0
        110188	2026-07-06 18:27:06	1	1	15	0
        116844	2026-07-06 18:48:53	1	1	15	0
        117518	2026-07-06 18:51:10	1	1	15	0
        116202	2026-07-06 18:51:16	1	1	15	0
        117090	2026-07-06 18:51:20	1	1	15	0
        110794	2026-07-06 18:58:41	1	1	15	0
        119406	2026-07-06 19:28:27	1	1	15	0
        116487	2026-07-06 19:28:52	1	1	1	0
        118326	2026-07-06 19:29:16	1	1	15	0
        116790	2026-07-06 19:48:48	1	1	15	0
        117727	2026-07-06 20:05:36	1	1	15	0
        118566	2026-07-06 20:21:58	1	1	15	0
        117274	2026-07-06 20:27:11	1	1	15	0
        116829	2026-07-06 20:27:20	1	1	1	0
        118729	2026-07-06 20:33:50	1	1	15	0
        118694	2026-07-06 20:33:54	1	1	15	0
        110461	2026-07-06 20:50:21	1	1	1	0
        116511	2026-07-06 20:50:27	1	1	15	0
        110124	2026-07-06 21:06:18	1	1	15	0
        118326	2026-07-07 06:23:52	1	0	15	0
        118146	2026-07-07 06:38:10	1	0	15	0
        119443	2026-07-07 06:41:56	1	0	15	0
        118160	2026-07-07 06:42:44	1	0	15	0
        116442	2026-07-07 06:46:15	1	0	15	0
        116825	2026-07-07 06:50:59	1	0	15	0
        118801	2026-07-07 06:59:44	1	0	15	0
        117273	2026-07-07 07:05:25	1	0	15	0
        117090	2026-07-07 07:07:58	1	0	15	0
        119117	2026-07-07 07:11:19	1	0	1	0
        117451	2026-07-07 07:11:38	1	0	15	0
        110794	2026-07-07 07:15:01	1	0	15	0
        118585	2026-07-07 07:19:30	1	0	15	0
        118509	2026-07-07 07:19:59	1	0	15	0
        116202	2026-07-07 07:20:19	1	0	15	0
        119206	2026-07-07 07:25:09	1	0	15	0
        116192	2026-07-07 07:27:29	1	0	15	0
        116735	2026-07-07 07:27:44	1	0	15	0
        110429	2026-07-07 07:31:21	1	0	15	0
        118251	2026-07-07 07:35:12	1	0	1	0
        118125	2026-07-07 07:38:49	1	0	15	0
        110426	2026-07-07 07:41:11	1	0	15	0
        117239	2026-07-07 07:41:16	1	0	15	0
        110188	2026-07-07 07:44:54	1	0	15	0
        110362	2026-07-07 07:45:33	1	0	1	0
        110806	2026-07-07 07:48:00	1	0	15	0
        110542	2026-07-07 07:50:01	1	0	15	0
        110531	2026-07-07 07:50:39	1	0	15	0
        119077	2026-07-07 07:51:16	1	0	1	0
        116690	2026-07-07 07:51:38	1	0	15	0
        110641	2026-07-07 07:53:03	1	0	15	0
        116844	2026-07-07 07:53:46	1	0	15	0
        116622	2026-07-07 07:54:54	1	0	1	0
        119406	2026-07-07 07:55:26	1	0	15	0
        116152	2026-07-07 07:56:49	1	0	15	0
        118143	2026-07-07 07:57:14	1	0	15	0
        118729	2026-07-07 07:57:21	1	0	15	0
        116159	2026-07-07 07:58:16	1	0	15	0
        117977	2026-07-07 08:04:58	1	0	15	0
        110454	2026-07-07 08:07:39	1	0	15	0
        110534	2026-07-07 08:08:52	1	0	15	0
        116524	2026-07-07 08:13:52	1	0	15	0
        110115	2026-07-07 08:16:11	1	0	15	0
        117518	2026-07-07 08:19:59	1	0	15	0
        116007	2026-07-07 08:24:53	1	0	1	0
        110045	2026-07-07 08:26:17	1	0	15	0
        118694	2026-07-07 08:31:20	1	0	1	0
        110124	2026-07-07 08:34:21	1	0	1	0
        119392	2026-07-07 08:34:27	1	0	15	0
        116738	2026-07-07 08:35:11	1	0	15	0
        110472	2026-07-07 08:35:40	1	0	15	0
        110646	2026-07-07 08:39:42	1	0	15	0
        119376	2026-07-07 08:40:07	1	0	15	0
        116263	2026-07-07 08:43:45	1	0	15	0
        117274	2026-07-07 08:45:12	1	0	1	0
        116511	2026-07-07 08:46:09	1	0	15	0
        110461	2026-07-07 08:46:14	1	0	1	0
        117398	2026-07-07 08:47:29	1	0	15	0
        116712	2026-07-07 08:52:47	1	0	15	0
        110359	2026-07-07 08:54:01	1	0	15	0
        118083	2026-07-07 08:56:29	1	0	15	0
        116829	2026-07-07 08:56:43	1	0	1	0
        118398	2026-07-07 09:04:46	1	0	15	0
        118298	2026-07-07 09:59:41	1	0	1	0
        110873	2026-07-07 11:24:13	1	0	1	0
        119117	2026-07-07 12:00:06	1	0	1	0
        118143	2026-07-07 12:00:11	1	2	15	0
        118398	2026-07-07 12:00:20	1	2	15	0
        119376	2026-07-07 12:00:29	1	2	15	0
        119392	2026-07-07 12:00:41	1	2	15	0
        116263	2026-07-07 12:00:48	1	2	15	0
        119443	2026-07-07 12:00:53	1	2	15	0
        110362	2026-07-07 12:00:57	1	2	1	0
        110641	2026-07-07 12:01:03	1	2	15	0
        110534	2026-07-07 12:01:08	1	2	15	0
        110454	2026-07-07 12:01:13	1	2	15	0
        117274	2026-07-07 12:01:17	1	2	1	0
        117977	2026-07-07 12:01:23	1	2	15	0
        110188	2026-07-07 12:01:29	1	2	15	0
        110045	2026-07-07 12:01:34	1	2	15	0
        110361	2026-07-07 12:01:41	1	2	1	0
        110794	2026-07-07 12:01:47	1	2	15	0
        119406	2026-07-07 12:02:09	1	2	15	0
        119376	2026-07-07 12:02:29	1	2	15	0
        118143	2026-07-07 12:02:34	1	2	15	0
        119117	2026-07-07 12:02:37	1	2	1	0
        110542	2026-07-07 12:02:44	1	2	15	0
        119392	2026-07-07 12:02:48	1	2	15	0
        116825	2026-07-07 12:02:56	1	2	15	0
        116192	2026-07-07 12:03:01	1	2	15	0
        118509	2026-07-07 12:03:05	1	2	15	0
        117090	2026-07-07 12:03:12	1	2	15	0
        116690	2026-07-07 12:03:20	1	2	15	0
        110531	2026-07-07 12:03:24	1	2	15	0
        110426	2026-07-07 12:03:28	1	2	15	0
        116622	2026-07-07 12:03:34	1	2	1	0
        110806	2026-07-07 12:03:40	1	2	15	0
        110646	2026-07-07 12:03:43	1	2	15	0
        116829	2026-07-07 12:03:47	1	2	1	0
        117977	2026-07-07 12:04:09	1	2	15	0
        110359	2026-07-07 12:04:25	1	2	15	0
        117273	2026-07-07 12:04:34	1	2	15	0
        116442	2026-07-07 12:04:43	1	2	15	0
        117274	2026-07-07 12:05:13	1	2	1	0
        110534	2026-07-07 12:05:21	1	2	15	0
        110454	2026-07-07 12:05:25	1	2	15	0
        110188	2026-07-07 12:05:29	1	2	15	0
        116825	2026-07-07 12:05:39	1	2	15	0
        119443	2026-07-07 12:05:48	1	2	15	0
        116263	2026-07-07 12:05:54	1	2	15	0
        110641	2026-07-07 12:05:59	1	2	15	0
        116152	2026-07-07 12:06:06	1	2	15	0
        110542	2026-07-07 12:06:12	1	2	15	0
        118398	2026-07-07 12:06:19	1	2	15	0
        119406	2026-07-07 12:06:28	1	2	15	0
        116192	2026-07-07 12:06:40	1	2	15	0
        117090	2026-07-07 12:06:44	1	2	15	0
        118509	2026-07-07 12:07:11	1	2	15	0
        110531	2026-07-07 12:07:37	1	2	15	0
        116690	2026-07-07 12:07:42	1	2	15	0
        110359	2026-07-07 12:07:46	1	2	15	0
        110426	2026-07-07 12:07:50	1	2	15	0
        118251	2026-07-07 12:07:55	1	2	1	0
        116844	2026-07-07 12:08:09	1	2	15	0
        117273	2026-07-07 12:08:27	1	2	15	0
        117398	2026-07-07 12:09:20	1	2	15	0
        116152	2026-07-07 12:09:27	1	2	15	0
        110362	2026-07-07 12:09:40	1	2	1	0
        110873	2026-07-07 12:09:45	1	2	1	0
        119206	2026-07-07 12:09:54	1	2	15	0
        116202	2026-07-07 12:10:50	1	2	15	0
        118160	2026-07-07 12:11:19	1	2	15	0
        110429	2026-07-07 12:12:35	1	2	15	0
        116844	2026-07-07 12:12:53	1	2	15	0
        110806	2026-07-07 12:12:59	1	2	15	0
        116622	2026-07-07 12:13:05	1	2	1	0
        110646	2026-07-07 12:13:15	1	2	15	0
        118298	2026-07-07 12:13:19	1	2	1	0
        119206	2026-07-07 12:13:34	1	2	15	0
        118160	2026-07-07 12:14:07	1	2	15	0
        118251	2026-07-07 12:14:13	1	2	1	0
        116829	2026-07-07 12:14:43	1	2	1	0
        116007	2026-07-07 12:15:54	1	2	1	0
        116442	2026-07-07 12:16:04	1	2	15	0
        116738	2026-07-07 12:16:38	1	2	15	0
        116007	2026-07-07 12:17:02	1	2	1	0
        118298	2026-07-07 12:17:06	1	2	1	0
        116712	2026-07-07 12:19:44	1	2	15	0
        118801	2026-07-07 12:20:07	1	2	15	0
        116712	2026-07-07 12:22:19	1	2	15	0
        118694	2026-07-07 12:22:40	1	2	15	0
        118729	2026-07-07 12:22:46	1	2	15	0
        118083	2026-07-07 12:23:06	1	2	15	0
        117518	2026-07-07 12:23:11	1	2	15	0
        116202	2026-07-07 12:23:25	1	2	15	0
        118125	2026-07-07 12:23:51	1	2	15	0
        118083	2026-07-07 12:26:00	1	2	15	0
        110115	2026-07-07 12:26:49	1	2	15	0
        116735	2026-07-07 12:26:55	1	2	15	0
        117518	2026-07-07 12:27:14	1	2	15	0
        118125	2026-07-07 12:27:22	1	2	15	0
        110794	2026-07-07 12:27:27	1	2	15	0
        118326	2026-07-07 12:28:02	1	2	15	0
        110045	2026-07-07 12:28:46	1	2	15	0
        116524	2026-07-07 12:28:54	1	2	15	0
        110472	2026-07-07 12:29:03	1	2	15	0
        117239	2026-07-07 12:29:07	1	2	15	0
        116511	2026-07-07 12:33:33	1	3	15	0
        110461	2026-07-07 12:33:43	1	3	1	0
        117239	2026-07-07 12:33:53	1	3	15	0
        110472	2026-07-07 12:33:57	1	3	15	0
        116524	2026-07-07 12:34:03	1	3	15	0
        110429	2026-07-07 12:35:28	1	3	15	0
        118326	2026-07-07 12:35:33	1	3	15	0
        116735	2026-07-07 12:35:46	1	3	15	0
        116159	2026-07-07 12:37:33	1	3	15	0
        110124	2026-07-07 12:39:28	1	3	15	0
        117398	2026-07-07 12:39:39	1	3	15	0
        118146	2026-07-07 12:39:59	1	3	15	0
        119077	2026-07-07 12:40:59	1	3	1	0
        118585	2026-07-07 12:43:41	1	3	15	0
        118801	2026-07-07 12:45:35	1	3	15	0
        110873	2026-07-07 12:46:22	1	3	1	0
        116511	2026-07-07 12:46:28	1	3	15	0
        118585	2026-07-07 12:47:01	1	3	15	0
        119077	2026-07-07 12:48:47	1	3	1	0
        116159	2026-07-07 12:50:22	1	3	15	0
        118146	2026-07-07 12:50:38	1	3	15	0
        116738	2026-07-07 12:50:56	1	3	15	0
        110461	2026-07-07 12:51:15	1	3	1	0
        110124	2026-07-07 12:53:06	1	3	1	0
        118729	2026-07-07 12:56:53	1	3	15	0
        118694	2026-07-07 12:57:01	1	3	15	0
        110115	2026-07-07 12:59:32	1	3	15	0
        110641	2026-07-07 15:44:15	1	3	15	0
        116442	2026-07-07 16:03:19	1	1	15	0
        117273	2026-07-07 16:04:07	1	1	15	0
        119443	2026-07-07 16:08:53	1	1	15	0
        117451	2026-07-07 16:13:28	1	1	15	0
        118146	2026-07-07 16:24:04	1	1	15	0
        116735	2026-07-07 16:32:18	1	1	15	0
        116712	2026-07-07 16:37:13	1	1	15	0
        110794	2026-07-07 16:38:18	1	1	15	0
        117239	2026-07-07 16:41:46	1	1	15	0
        116192	2026-07-07 16:44:04	1	1	15	0
        119206	2026-07-07 16:52:56	1	1	15	0
        119077	2026-07-07 16:55:29	1	1	1	0
        116007	2026-07-07 16:56:09	1	1	1	0
        110188	2026-07-07 16:56:27	1	1	15	0
        117090	2026-07-07 17:00:51	1	1	15	0
        116159	2026-07-07 17:01:05	1	1	15	0
        118160	2026-07-07 17:01:08	1	1	15	0
        110362	2026-07-07 17:01:18	1	1	1	0
        110361	2026-07-07 17:01:25	1	1	15	0
        110454	2026-07-07 17:02:48	1	1	15	0
        110534	2026-07-07 17:02:53	1	1	15	0
        116690	2026-07-07 17:02:59	1	1	15	0
        110531	2026-07-07 17:03:03	1	1	15	0
        110806	2026-07-07 17:03:07	1	1	15	0
        110542	2026-07-07 17:03:11	1	1	15	0
        116844	2026-07-07 17:03:16	1	1	15	0
        110426	2026-07-07 17:05:18	1	1	15	0
        118801	2026-07-07 17:05:46	1	1	15	0
        116622	2026-07-07 17:07:20	1	1	1	0
        110646	2026-07-07 17:12:31	1	1	15	0
        116152	2026-07-07 17:12:36	1	1	15	0
        118298	2026-07-07 17:14:55	1	1	1	0
        110045	2026-07-07 17:15:39	1	1	15	0
        117977	2026-07-07 17:18:00	1	1	15	0
        118251	2026-07-07 17:23:32	1	1	1	0
        110873	2026-07-07 17:30:20	1	1	1	0
        116524	2026-07-07 17:32:23	1	1	15	0
        110429	2026-07-07 17:32:28	1	1	15	0
        117518	2026-07-07 17:34:07	1	1	15	0
        116202	2026-07-07 17:34:12	1	1	15	0
        119392	2026-07-07 17:35:21	1	1	15	0
        110472	2026-07-07 17:36:09	1	1	15	0
        118143	2026-07-07 17:36:54	1	1	15	0
        118585	2026-07-07 17:49:06	1	1	15	0
        110359	2026-07-07 17:50:11	1	1	15	0
        118125	2026-07-07 17:53:04	1	1	15	0
        110115	2026-07-07 17:58:12	1	1	15	0
        118083	2026-07-07 18:00:14	1	1	15	0
        118398	2026-07-07 18:01:15	1	1	15	0
        116263	2026-07-07 18:01:20	1	1	15	0
        119117	2026-07-07 18:02:17	1	1	1	0
        116825	2026-07-07 18:03:26	1	1	15	0
        118326	2026-07-07 18:04:18	1	1	15	0
        119406	2026-07-07 18:05:30	1	1	15	0
        119376	2026-07-07 18:09:39	1	1	15	0
        116738	2026-07-07 18:14:50	1	1	15	0
        118509	2026-07-07 18:19:16	1	1	15	0
        117398	2026-07-07 18:24:15	1	1	15	0
        110461	2026-07-07 18:36:50	1	1	1	0
        110124	2026-07-07 18:37:05	1	1	15	0
        116511	2026-07-07 18:37:11	1	1	15	0
        118729	2026-07-07 18:38:17	1	1	15	0
        118694	2026-07-07 18:38:23	1	1	15	0
        117274	2026-07-07 19:10:50	1	1	1	0
        116829	2026-07-07 19:11:02	1	1	1	0
        118548	2026-07-08 06:00:36	1	0	15	0
        117775	2026-07-08 06:05:36	1	0	15	0
        119443	2026-07-08 06:34:41	1	0	15	0
        118146	2026-07-08 06:35:56	1	0	15	0
        118326	2026-07-08 06:42:13	1	0	15	0
        116442	2026-07-08 06:46:17	1	0	15	0
        118160	2026-07-08 06:46:48	1	0	15	0
        118585	2026-07-08 06:50:55	1	0	15	0
        119406	2026-07-08 06:51:48	1	0	15	0
        118801	2026-07-08 07:01:12	1	0	15	0
        117090	2026-07-08 07:01:22	1	0	15	0
        116152	2026-07-08 07:02:58	1	0	15	0
        118509	2026-07-08 07:03:30	1	0	15	0
        118251	2026-07-08 07:04:23	1	0	1	0
        110472	2026-07-08 07:09:39	1	0	15	0
        119117	2026-07-08 07:13:36	1	0	1	0
        110794	2026-07-08 07:13:45	1	0	15	0
        117239	2026-07-08 07:16:40	1	0	15	0
        117273	2026-07-08 07:18:00	1	0	15	0
        110454	2026-07-08 07:22:31	1	0	15	0
        116690	2026-07-08 07:22:49	1	0	15	0
        116192	2026-07-08 07:23:56	1	0	15	0
        117451	2026-07-08 07:25:20	1	0	15	0
        110361	2026-07-08 07:32:55	1	0	15	0
        110426	2026-07-08 07:34:29	1	0	15	0
        110534	2026-07-08 07:34:33	1	0	15	0
        116007	2026-07-08 07:36:16	1	0	1	0
        116825	2026-07-08 07:36:23	1	0	15	0
        119206	2026-07-08 07:38:20	1	0	15	0
        110149	2026-07-08 07:38:46	1	0	15	0
        116202	2026-07-08 07:39:09	1	0	15	0
        118125	2026-07-08 07:41:27	1	0	15	0
        110873	2026-07-08 07:42:16	1	0	1	0
        117267	2026-07-08 07:42:37	1	0	15	0
        119077	2026-07-08 07:44:16	1	0	1	0
        110115	2026-07-08 07:44:48	1	0	15	0
        110188	2026-07-08 07:44:53	1	0	15	0
        110542	2026-07-08 07:45:58	1	0	15	0
        110531	2026-07-08 07:46:52	1	0	15	0
        110429	2026-07-08 07:46:56	1	0	15	0
        116622	2026-07-08 07:51:39	1	0	1	0
        110806	2026-07-08 07:52:32	1	0	15	0
        110362	2026-07-08 07:52:56	1	0	1	0
        116829	2026-07-08 07:54:57	1	0	1	0
        110068	2026-07-08 07:55:12	1	0	1	0
        116844	2026-07-08 07:55:50	1	0	15	0
        118143	2026-07-08 07:57:45	1	0	15	0
        110530	2026-07-08 07:58:05	1	0	15	0
        116735	2026-07-08 08:00:21	1	0	15	0
        119393	2026-07-08 08:02:26	1	0	15	0
        116511	2026-07-08 08:02:53	1	0	15	0
        110461	2026-07-08 08:02:58	1	0	1	0
        116524	2026-07-08 08:06:02	1	0	15	0
        118694	2026-07-08 08:09:16	1	0	15	0
        110359	2026-07-08 08:11:21	1	0	15	0
        117977	2026-07-08 08:12:56	1	0	15	0
        116738	2026-07-08 08:14:36	1	0	15	0
        117518	2026-07-08 08:15:27	1	0	15	0
        110124	2026-07-08 08:19:45	1	0	15	0
        110646	2026-07-08 08:23:33	1	0	15	0
        117274	2026-07-08 08:25:56	1	0	1	0
        119376	2026-07-08 08:36:22	1	0	15	0
        117398	2026-07-08 08:41:30	1	0	15	0
        119392	2026-07-08 08:43:52	1	0	15	0
        116712	2026-07-08 08:46:11	1	0	15	0
        118398	2026-07-08 08:49:19	1	0	15	0
        118083	2026-07-08 08:55:57	1	0	15	0
        116159	2026-07-08 11:29:35	1	0	15	0
        117775	2026-07-08 12:00:18	1	2	1	0
        117977	2026-07-08 12:00:25	1	2	15	0
        110362	2026-07-08 12:00:31	1	2	1	0
        110361	2026-07-08 12:00:36	1	2	1	0
        119376	2026-07-08 12:00:42	1	2	15	0
        110188	2026-07-08 12:01:10	1	2	15	0
        117274	2026-07-08 12:01:25	1	2	1	0
        117273	2026-07-08 12:01:53	1	2	15	0
        118509	2026-07-08 12:01:58	1	2	15	0
        119393	2026-07-08 12:02:18	1	2	15	0
        118251	2026-07-08 12:02:23	1	2	1	0
        119117	2026-07-08 12:02:34	1	2	1	0
        119443	2026-07-08 12:02:42	1	2	15	0
        118548	2026-07-08 12:02:46	1	2	15	0
        116491	2026-07-08 12:02:58	1	2	15	0
        117977	2026-07-08 12:03:11	1	2	15	0
        110359	2026-07-08 12:03:22	1	2	15	0
        116825	2026-07-08 12:03:41	1	2	15	0
        116152	2026-07-08 12:03:46	1	2	15	0
        117273	2026-07-08 12:04:50	1	2	15	0
        110188	2026-07-08 12:04:59	1	2	15	0
        110124	2026-07-08 12:05:23	1	2	1	0
        110454	2026-07-08 12:05:29	1	2	15	0
        117398	2026-07-08 12:05:43	1	2	15	0
        116442	2026-07-08 12:06:02	1	2	15	0
        117239	2026-07-08 12:06:05	1	2	15	0
        119393	2026-07-08 12:06:14	1	2	15	0
        118509	2026-07-08 12:06:19	1	2	15	0
        118251	2026-07-08 12:06:24	1	2	1	0
        119443	2026-07-08 12:06:36	1	2	15	0
        116152	2026-07-08 12:06:40	1	2	15	0
        116192	2026-07-08 12:06:44	1	2	15	0
        119406	2026-07-08 12:06:50	1	2	15	0
        117090	2026-07-08 12:06:54	1	2	15	0
        117775	2026-07-08 12:06:58	1	2	1	0
        110426	2026-07-08 12:07:04	1	2	15	0
        110531	2026-07-08 12:07:17	1	2	15	0
        110359	2026-07-08 12:07:23	1	2	15	0
        119117	2026-07-08 12:07:27	1	2	1	0
        110806	2026-07-08 12:07:33	1	2	15	0
        116622	2026-07-08 12:07:42	1	2	1	0
        116825	2026-07-08 12:08:11	1	2	15	0
        119206	2026-07-08 12:08:16	1	2	15	0
        110794	2026-07-08 12:08:24	1	2	15	0
        118548	2026-07-08 12:08:27	1	2	15	0
        119406	2026-07-08 12:09:07	1	2	15	0
        116192	2026-07-08 12:09:17	1	2	15	0
        117090	2026-07-08 12:09:20	1	2	15	0
        110530	2026-07-08 12:09:25	1	2	15	0
        118398	2026-07-08 12:09:30	1	2	15	0
        117274	2026-07-08 12:09:34	1	2	1	0
        110362	2026-07-08 12:09:41	1	2	1	0
        110361	2026-07-08 12:09:46	1	2	1	0
        116829	2026-07-08 12:09:51	1	2	1	0
        110454	2026-07-08 12:10:08	1	2	15	0
        110542	2026-07-08 12:10:37	1	2	15	0
        110531	2026-07-08 12:11:15	1	2	15	0
        110426	2026-07-08 12:11:22	1	2	15	0
        116690	2026-07-08 12:11:59	1	2	15	0
        119206	2026-07-08 12:12:23	1	2	15	0
        110806	2026-07-08 12:12:30	1	2	15	0
        116829	2026-07-08 12:12:35	1	2	15	0
        116622	2026-07-08 12:12:44	1	2	1	0
        118398	2026-07-08 12:13:37	1	2	15	0
        116738	2026-07-08 12:13:46	1	2	15	0
        110429	2026-07-08 12:14:06	1	2	15	0
        110530	2026-07-08 12:14:27	1	2	15	0
        116690	2026-07-08 12:14:36	1	2	15	0
        110542	2026-07-08 12:14:42	1	2	15	0
        110068	2026-07-08 12:15:34	1	2	1	0
        110646	2026-07-08 12:15:43	1	2	15	0
        116007	2026-07-08 12:17:31	1	2	1	0
        117451	2026-07-08 12:17:58	1	2	15	0
        110068	2026-07-08 12:18:16	1	2	1	0
        117451	2026-07-08 12:19:47	1	2	15	0
        118326	2026-07-08 12:20:34	1	2	15	0
        118694	2026-07-08 12:21:00	1	2	15	0
        118083	2026-07-08 12:22:10	1	2	15	0
        118694	2026-07-08 12:22:21	1	2	1	0
        119376	2026-07-08 12:22:27	1	2	15	0
        116442	2026-07-08 12:24:10	1	0	15	0
        110461	2026-07-08 12:24:31	1	0	1	0
        118083	2026-07-08 12:24:44	1	2	15	0
        110115	2026-07-08 12:24:50	1	2	15	0
        118125	2026-07-08 12:24:57	1	2	15	0
        117518	2026-07-08 12:25:49	1	2	15	0
        116202	2026-07-08 12:25:54	1	2	15	0
        116735	2026-07-08 12:25:59	1	2	15	0
        117267	2026-07-08 12:26:03	1	2	15	0
        116844	2026-07-08 12:27:14	1	2	15	0
        118160	2026-07-08 12:27:18	1	2	15	0
        117518	2026-07-08 12:28:43	1	2	15	0
        116202	2026-07-08 12:28:48	1	2	15	0
        118125	2026-07-08 12:29:04	1	2	1	0
        118146	2026-07-08 12:29:53	1	2	15	0
        118160	2026-07-08 12:30:04	1	2	15	0
        116844	2026-07-08 12:30:08	1	2	15	0
        116712	2026-07-08 12:33:26	1	3	15	0
        116511	2026-07-08 12:33:56	1	3	15	0
        110429	2026-07-08 12:34:07	1	3	15	0
        110115	2026-07-08 12:34:48	1	3	1	0
        116712	2026-07-08 12:34:55	1	3	15	0
        116735	2026-07-08 12:35:14	1	3	15	0
        117267	2026-07-08 12:35:18	1	3	15	0
        110472	2026-07-08 12:36:29	1	3	15	0
        116524	2026-07-08 12:36:36	1	3	15	0
        117239	2026-07-08 12:36:40	1	3	15	0
        110646	2026-07-08 12:36:47	1	3	15	0
        118585	2026-07-08 12:36:52	1	3	15	0
        118326	2026-07-08 12:37:19	1	3	15	0
        110124	2026-07-08 12:37:31	1	3	15	0
        116159	2026-07-08 12:37:41	1	3	15	0
        117398	2026-07-08 12:38:07	1	3	15	0
        116738	2026-07-08 12:38:26	1	3	15	0
        110149	2026-07-08 12:39:28	1	3	15	0
        110534	2026-07-08 12:40:19	1	3	15	0
        110472	2026-07-08 12:41:42	1	3	15	0
        116159	2026-07-08 12:41:45	1	3	15	0
        116524	2026-07-08 12:41:48	1	3	15	0
        116007	2026-07-08 12:42:30	1	3	1	0
        118585	2026-07-08 12:42:40	1	3	15	0
        110534	2026-07-08 12:43:28	1	3	15	0
        118146	2026-07-08 12:44:11	1	3	15	0
        110461	2026-07-08 12:46:51	1	3	1	0
        110794	2026-07-08 12:47:57	1	3	15	0
        110149	2026-07-08 12:50:22	1	3	15	0
        116511	2026-07-08 12:51:40	1	3	15	0
        119077	2026-07-08 12:51:48	1	3	1	0
        119077	2026-07-08 12:53:13	1	3	1	0
        118143	2026-07-08 12:56:11	1	3	15	0
        119392	2026-07-08 12:57:29	1	3	15	0
        118143	2026-07-08 12:58:32	1	3	15	0
        119392	2026-07-08 12:59:30	1	3	15	0
        119206	2026-07-08 15:00:58	1	3	15	0
        116007	2026-07-08 15:55:47	1	3	1	0
        116442	2026-07-08 16:03:18	1	1	15	0
        119406	2026-07-08 16:08:58	1	1	15	0
        110472	2026-07-08 16:11:53	1	1	15	0
        118251	2026-07-08 16:14:37	1	1	1	0
        119443	2026-07-08 16:14:44	1	1	15	0
        117239	2026-07-08 16:17:05	1	1	15	0
        119117	2026-07-08 16:19:39	1	1	1	0
        118146	2026-07-08 16:24:50	1	1	15	0
        110794	2026-07-08 16:35:12	1	1	15	0
        117451	2026-07-08 16:47:41	1	1	15	0
        117267	2026-07-08 16:50:47	1	1	15	0
        110188	2026-07-08 16:57:50	1	1	15	0
        116152	2026-07-08 16:58:58	1	1	15	0
        116690	2026-07-08 17:02:42	1	1	15	0
        110426	2026-07-08 17:02:47	1	1	15	0
        110362	2026-07-08 17:03:17	1	1	1	0
        110542	2026-07-08 17:03:24	1	1	15	0
        118585	2026-07-08 17:04:00	1	1	15	0
        110454	2026-07-08 17:04:05	1	1	15	0
        110534	2026-07-08 17:06:48	1	1	15	0
        110361	2026-07-08 17:06:56	1	1	1	0
        116622	2026-07-08 17:08:13	1	1	1	0
        116844	2026-07-08 17:09:18	1	1	15	0
        110359	2026-07-08 17:11:29	1	1	15	0
        110806	2026-07-08 17:12:25	1	1	15	0
        110646	2026-07-08 17:12:29	1	1	15	0
        110531	2026-07-08 17:12:37	1	1	15	0
        110068	2026-07-08 17:12:56	1	1	1	0
        110530	2026-07-08 17:13:10	1	1	15	0
        116524	2026-07-08 17:14:31	1	1	15	0
        116735	2026-07-08 17:14:49	1	1	15	0
        117977	2026-07-08 17:17:27	1	1	15	0
        118125	2026-07-08 17:32:30	1	1	15	0
        119376	2026-07-08 17:36:21	1	1	15	0
        118548	2026-07-08 17:38:27	1	1	15	0
        117775	2026-07-08 17:41:44	1	1	15	0
        116738	2026-07-08 17:43:22	1	1	15	0
        119392	2026-07-08 17:50:02	1	1	15	0
        118143	2026-07-08 17:51:12	1	1	15	0
        118160	2026-07-08 17:51:17	1	1	15	0
        110461	2026-07-08 17:55:47	1	1	1	0
        116511	2026-07-08 17:55:53	1	1	15	0
        117090	2026-07-08 17:56:04	1	1	15	0
        116192	2026-07-08 17:56:08	1	1	15	0
        118326	2026-07-08 18:01:14	1	1	15	0
        118509	2026-07-08 18:03:21	1	1	15	0
        116159	2026-07-08 18:03:42	1	1	15	0
        118083	2026-07-08 18:14:08	1	1	15	0
        119393	2026-07-08 18:16:30	1	1	15	0
        117518	2026-07-08 18:16:35	1	1	15	0
        116202	2026-07-08 18:16:40	1	1	15	0
        118398	2026-07-08 18:18:43	1	1	15	0
        116825	2026-07-08 18:36:05	1	1	15	0
        110429	2026-07-08 18:47:16	1	1	15	0
        110149	2026-07-08 18:51:16	1	1	15	0
        118694	2026-07-08 18:53:36	1	1	1	0
        117398	2026-07-08 18:56:02	1	1	15	0
        117274	2026-07-08 19:05:43	1	1	1	0
        116829	2026-07-08 19:12:07	1	1	1	0
        116712	2026-07-08 19:56:01	1	1	15	0
        118548	2026-07-09 06:04:54	1	0	15	0
        117451	2026-07-09 06:08:04	1	0	15	0
        110361	2026-07-09 06:23:48	1	0	15	0
        117273	2026-07-09 06:25:12	1	0	15	0
        118146	2026-07-09 06:27:48	1	0	15	0
        117775	2026-07-09 06:28:59	1	0	15	0
        118326	2026-07-09 06:36:44	1	0	15	0
        118160	2026-07-09 06:42:13	1	0	15	0
        119443	2026-07-09 06:44:30	1	0	15	0
        116442	2026-07-09 06:48:41	1	0	15	0
        117090	2026-07-09 06:58:05	1	0	15	0
        116735	2026-07-09 07:04:10	1	0	15	0
        110472	2026-07-09 07:08:48	1	0	15	0
        110068	2026-07-09 07:10:59	1	0	1	0
        116825	2026-07-09 07:11:05	1	0	15	0
        116690	2026-07-09 07:18:57	1	0	15	0
        110794	2026-07-09 07:20:39	1	0	15	0
        118585	2026-07-09 07:22:59	1	0	15	0
        119393	2026-07-09 07:25:11	1	0	15	0
        110531	2026-07-09 07:26:22	1	0	15	0
        110873	2026-07-09 07:38:35	1	0	1	0
        110362	2026-07-09 07:40:13	1	0	1	0
        116202	2026-07-09 07:41:26	1	0	15	0
        110454	2026-07-09 07:41:29	1	0	15	0
        110429	2026-07-09 07:42:11	1	0	15	0
        116159	2026-07-09 07:46:09	1	0	15	0
        110806	2026-07-09 07:47:06	1	0	15	0
        116844	2026-07-09 07:47:22	1	0	15	0
        110534	2026-07-09 07:49:19	1	0	15	0
        119206	2026-07-09 07:50:09	1	0	15	0
        110188	2026-07-09 07:50:27	1	0	15	0
        116622	2026-07-09 07:51:06	1	0	1	0
        116509	2026-07-09 07:52:14	1	0	15	0
        110530	2026-07-09 07:53:06	1	0	15	0
        116790	2026-07-09 07:55:23	1	0	15	0
        118143	2026-07-09 07:58:02	1	0	15	0
        117977	2026-07-09 08:03:44	1	0	15	0
        117274	2026-07-09 08:04:36	1	0	1	0
        116128	2026-07-09 08:05:03	1	0	15	0
        117267	2026-07-09 08:05:09	1	0	15	0
        118694	2026-07-09 08:08:39	1	0	15	0
        117239	2026-07-09 08:11:52	1	0	15	0
        118298	2026-07-09 08:12:00	1	0	15	0
        116738	2026-07-09 08:12:35	1	0	15	0
        116511	2026-07-09 08:16:11	1	0	15	0
        110461	2026-07-09 08:16:17	1	0	1	0
        116524	2026-07-09 08:18:44	1	0	15	0
        117518	2026-07-09 08:22:45	1	0	15	0
        110115	2026-07-09 08:24:48	1	0	1	0
        119406	2026-07-09 08:29:06	1	0	15	0
        116263	2026-07-09 08:30:48	1	0	15	0
        110646	2026-07-09 08:36:26	1	0	15	0
        110124	2026-07-09 08:36:50	1	0	15	0
        116712	2026-07-09 08:45:32	1	0	15	0
        116152	2026-07-09 08:46:37	1	0	15	0
        118083	2026-07-09 08:51:36	1	0	15	0
        118398	2026-07-09 08:51:43	1	0	15	0
        110359	2026-07-09 08:54:30	1	0	15	0
        119392	2026-07-09 08:57:20	1	0	15	0
        116829	2026-07-09 09:08:58	1	0	15	0
        119376	2026-07-09 09:11:10	1	0	15	0
        118801	2026-07-09 10:23:31	1	0	15	0
        110359	2026-07-09 12:00:03	1	0	15	0
        110534	2026-07-09 12:00:17	1	0	15	0
        119376	2026-07-09 12:00:52	1	0	15	0
        110806	2026-07-09 12:00:57	1	0	15	0
        110646	2026-07-09 12:01:17	1	0	15	0
        117090	2026-07-09 12:01:21	1	0	15	0
        117775	2026-07-09 12:01:28	1	0	1	0
        110362	2026-07-09 12:01:32	1	0	1	0
        117274	2026-07-09 12:01:36	1	0	1	0
        116825	2026-07-09 12:01:42	1	2	15	0
        116712	2026-07-09 12:01:47	1	2	15	0
        118548	2026-07-09 12:02:10	1	2	15	0
        110188	2026-07-09 12:02:18	1	2	15	0
        110530	2026-07-09 12:02:23	1	2	15	0
        116263	2026-07-09 12:02:43	1	2	15	0
        116442	2026-07-09 12:03:00	1	2	15	0
        110359	2026-07-09 12:03:22	1	2	15	0
        110534	2026-07-09 12:03:28	1	2	15	0
        118298	2026-07-09 12:03:43	1	2	1	0
        116509	2026-07-09 12:03:49	1	2	15	0
        116712	2026-07-09 12:04:39	1	2	15	0
        119376	2026-07-09 12:04:43	1	2	15	0
        118801	2026-07-09 12:04:47	1	2	15	0
        116690	2026-07-09 12:05:00	1	2	15	0
        110794	2026-07-09 12:05:05	1	2	15	0
        117090	2026-07-09 12:05:11	1	2	15	0
        116622	2026-07-09 12:05:15	1	2	1	0
        117775	2026-07-09 12:05:39	1	2	1	0
        118398	2026-07-09 12:05:45	1	2	15	0
        110461	2026-07-09 12:05:50	1	2	1	0
        110531	2026-07-09 12:05:56	1	2	15	0
        116825	2026-07-09 12:06:04	1	2	15	0
        110188	2026-07-09 12:06:08	1	2	15	0
        118548	2026-07-09 12:06:19	1	2	15	0
        116152	2026-07-09 12:06:29	1	2	15	0
        110454	2026-07-09 12:06:34	1	2	15	0
        117977	2026-07-09 12:06:45	1	2	15	0
        117274	2026-07-09 12:07:09	1	2	1	0
        119393	2026-07-09 12:07:20	1	2	15	0
        119443	2026-07-09 12:07:25	1	2	15	0
        118160	2026-07-09 12:07:30	1	2	15	0
        110472	2026-07-09 12:07:40	1	2	15	0
        110646	2026-07-09 12:07:44	1	2	15	0
        116690	2026-07-09 12:09:12	1	2	15	0
        116622	2026-07-09 12:09:22	1	2	1	0
        110531	2026-07-09 12:09:28	1	2	15	0
        117977	2026-07-09 12:09:33	1	2	15	0
        110068	2026-07-09 12:09:37	1	2	1	0
        110454	2026-07-09 12:09:43	1	2	15	0
        116829	2026-07-09 12:10:04	1	2	1	0
        116152	2026-07-09 12:10:08	1	2	15	0
        118326	2026-07-09 12:10:33	1	2	15	0
        118160	2026-07-09 12:10:48	1	2	15	0
        116738	2026-07-09 12:11:00	1	2	15	0
        110362	2026-07-09 12:11:06	1	2	1	0
        110068	2026-07-09 12:12:18	1	2	1	0
        119393	2026-07-09 12:12:25	1	2	15	0
        116263	2026-07-09 12:12:30	1	2	15	0
        119443	2026-07-09 12:12:34	1	2	15	0
        118398	2026-07-09 12:12:40	1	2	15	0
        110429	2026-07-09 12:14:01	1	2	15	0
        116128	2026-07-09 12:15:02	1	2	15	0
        118326	2026-07-09 12:15:24	1	2	15	0
        116829	2026-07-09 12:16:09	1	2	1	0
        119406	2026-07-09 12:16:28	1	2	15	0
        119206	2026-07-09 12:16:40	1	2	15	0
        116844	2026-07-09 12:18:06	1	2	15	0
        116442	2026-07-09 12:18:33	1	0	15	0
        118083	2026-07-09 12:18:42	1	0	15	0
        116128	2026-07-09 12:18:57	1	0	15	0
        119206	2026-07-09 12:19:04	1	0	15	0
        118083	2026-07-09 12:20:52	1	2	15	0
        117267	2026-07-09 12:21:17	1	2	15	0
        118694	2026-07-09 12:21:22	1	2	15	0
        116159	2026-07-09 12:21:52	1	2	15	0
        110873	2026-07-09 12:23:35	1	2	1	0
        110429	2026-07-09 12:23:58	1	2	15	0
        118585	2026-07-09 12:24:56	1	2	15	0
        118585	2026-07-09 12:27:12	1	2	15	0
        116509	2026-07-09 12:27:21	1	2	15	0
        118298	2026-07-09 12:27:29	1	2	1	0
        110530	2026-07-09 12:28:09	1	2	15	0
        118801	2026-07-09 12:28:23	1	2	15	0
        116844	2026-07-09 12:31:22	1	3	15	0
        119406	2026-07-09 12:32:32	1	3	15	0
        118694	2026-07-09 12:35:00	1	3	15	0
        117267	2026-07-09 12:35:04	1	3	15	0
        117518	2026-07-09 12:35:14	1	3	15	0
        116202	2026-07-09 12:35:17	1	3	15	0
        110461	2026-07-09 12:35:28	1	3	1	0
        118146	2026-07-09 12:36:05	1	3	15	0
        110794	2026-07-09 12:37:42	1	3	15	0
        117518	2026-07-09 12:38:03	1	3	15	0
        116202	2026-07-09 12:38:07	1	3	15	0
        110115	2026-07-09 12:40:20	1	3	1	0
        110426	2026-07-09 12:42:00	1	3	15	0
        116738	2026-07-09 12:43:47	1	3	15	0
        117239	2026-07-09 12:46:51	1	3	15	0
        110472	2026-07-09 12:46:55	1	3	15	0
        116524	2026-07-09 12:47:00	1	3	15	0
        118143	2026-07-09 12:48:47	1	3	15	0
        118143	2026-07-09 12:50:25	1	3	15	0
        117239	2026-07-09 12:50:34	1	3	15	0
        116524	2026-07-09 12:50:38	1	3	15	0
        119392	2026-07-09 12:51:04	1	3	15	0
        118146	2026-07-09 12:51:10	1	3	15	0
        117267	2026-07-09 12:53:38	1	3	15	0
        119392	2026-07-09 12:54:22	1	3	15	0
        110115	2026-07-09 12:54:58	1	3	1	0
        110873	2026-07-09 13:17:42	1	3	1	0
        116442	2026-07-09 16:03:21	1	1	15	0
        117273	2026-07-09 16:05:55	1	1	15	0
        119443	2026-07-09 16:08:01	1	1	15	0
        117451	2026-07-09 16:13:43	1	1	15	0
        118548	2026-07-09 16:14:20	1	1	15	0
        118146	2026-07-09 16:30:38	1	1	15	0
        110794	2026-07-09 16:35:37	1	1	15	0
        110472	2026-07-09 16:42:05	1	1	15	0
        118160	2026-07-09 16:46:27	1	1	15	0
        110361	2026-07-09 17:01:24	1	1	15	0
        119206	2026-07-09 17:01:30	1	1	15	0
        116509	2026-07-09 17:03:35	1	1	15	0
        110362	2026-07-09 17:04:14	1	1	1	0
        116690	2026-07-09 17:04:20	1	1	15	0
        116844	2026-07-09 17:04:24	1	1	15	0
        116622	2026-07-09 17:08:26	1	1	1	0
        117267	2026-07-09 17:08:32	1	1	15	0
        116735	2026-07-09 17:08:39	1	1	15	0
        110534	2026-07-09 17:08:44	1	1	15	0
        110454	2026-07-09 17:08:48	1	1	15	0
        118694	2026-07-09 17:09:21	1	1	15	0
        116128	2026-07-09 17:10:08	1	1	15	0
        116712	2026-07-09 17:12:33	1	1	15	0
        117239	2026-07-09 17:12:59	1	1	15	0
        110426	2026-07-09 17:13:17	1	1	15	0
        110531	2026-07-09 17:16:29	1	1	15	0
        117977	2026-07-09 17:21:07	1	1	15	0
        116524	2026-07-09 17:25:14	1	1	15	0
        118801	2026-07-09 17:31:54	1	1	15	0
        110873	2026-07-09 17:36:46	1	1	1	0
        110115	2026-07-09 17:39:56	1	1	1	0
        110646	2026-07-09 17:40:03	1	1	15	0
        118143	2026-07-09 17:43:20	1	1	15	0
        116738	2026-07-09 17:43:49	1	1	15	0
        118585	2026-07-09 17:52:38	1	1	15	0
        118083	2026-07-09 17:53:57	1	1	15	0
        119392	2026-07-09 18:00:31	1	1	15	0
        118398	2026-07-09 18:02:18	1	1	15	0
        116263	2026-07-09 18:02:23	1	1	15	0
        110068	2026-07-09 18:05:01	1	1	1	0
        116152	2026-07-09 18:05:05	1	1	15	0
        118326	2026-07-09 18:06:02	1	1	15	0
        110429	2026-07-09 18:06:38	1	1	15	0
        119406	2026-07-09 18:06:43	1	1	15	0
        117090	2026-07-09 18:06:50	1	1	15	0
        117518	2026-07-09 18:06:54	1	1	15	0
        116202	2026-07-09 18:07:00	1	1	15	0
        110359	2026-07-09 18:07:05	1	1	15	0
        119393	2026-07-09 18:07:13	1	1	15	0
        119376	2026-07-09 18:07:19	1	1	15	0
        110530	2026-07-09 18:07:23	1	1	15	0
        118298	2026-07-09 18:15:38	1	1	1	0
        116825	2026-07-09 18:15:46	1	1	15	0
        110188	2026-07-09 18:21:25	1	1	15	0
        110149	2026-07-09 18:40:05	1	1	15	0
        117775	2026-07-09 18:44:53	1	1	1	0
        110124	2026-07-09 18:45:01	1	1	15	0
        116511	2026-07-09 18:45:10	1	1	15	0
        110461	2026-07-09 18:45:16	1	1	1	0
        116790	2026-07-09 19:02:12	1	1	15	0
        117274	2026-07-09 19:04:41	1	1	15	0
        116829	2026-07-09 19:18:19	1	1	15	0
        116070	2026-07-09 19:18:21	1	1	15	0
        118548	2026-07-10 06:04:16	1	0	15	0
        118801	2026-07-10 06:26:04	1	0	15	0
        118146	2026-07-10 06:29:15	1	0	15	0
        117775	2026-07-10 06:34:28	1	0	15	0
        119443	2026-07-10 06:36:09	1	0	15	0
        116442	2026-07-10 06:41:51	1	0	15	0
        118160	2026-07-10 06:45:45	1	0	15	0
        110472	2026-07-10 06:56:41	1	0	15	0
        117090	2026-07-10 07:01:05	1	0	15	0
        117451	2026-07-10 07:02:24	1	0	15	0
        116202	2026-07-10 07:02:31	1	0	15	0
        116152	2026-07-10 07:07:30	1	0	15	0
        110794	2026-07-10 07:08:31	1	0	15	0
        118585	2026-07-10 07:09:33	1	0	15	0
        119393	2026-07-10 07:19:13	1	0	15	0
        116690	2026-07-10 07:21:38	1	0	15	0
        116192	2026-07-10 07:22:16	1	0	15	0
        119206	2026-07-10 07:23:50	1	0	15	0
        116159	2026-07-10 07:23:55	1	0	15	0
        116735	2026-07-10 07:26:06	1	0	15	0
        117185	2026-07-10 07:26:11	1	0	15	0
        110188	2026-07-10 07:26:24	1	0	15	0
        110531	2026-07-10 07:31:41	1	0	15	0
        119077	2026-07-10 07:32:24	1	0	1	0
        110362	2026-07-10 07:34:16	1	0	1	0
        110426	2026-07-10 07:38:13	1	0	15	0
        110461	2026-07-10 07:38:44	1	0	1	0
        110873	2026-07-10 07:42:57	1	0	1	0
        110454	2026-07-10 07:43:45	1	0	15	0
        116509	2026-07-10 07:43:55	1	0	15	0
        110542	2026-07-10 07:45:50	1	0	15	0
        110429	2026-07-10 07:51:51	1	0	15	0
        110534	2026-07-10 07:52:57	1	0	15	0
        110530	2026-07-10 07:53:29	1	0	15	0
        116844	2026-07-10 07:53:33	1	0	15	0
        110115	2026-07-10 07:56:01	1	0	15	0
        116622	2026-07-10 07:58:46	1	0	1	0
        119117	2026-07-10 08:04:10	1	0	1	0
        116128	2026-07-10 08:05:52	1	0	15	0
        110646	2026-07-10 08:06:49	1	0	15	0
        117267	2026-07-10 08:07:56	1	0	15	0
        118694	2026-07-10 08:08:00	1	0	1	0
        117977	2026-07-10 08:09:40	1	0	15	0
        110149	2026-07-10 08:13:47	1	0	15	0
        116007	2026-07-10 08:15:08	1	0	1	0
        117518	2026-07-10 08:17:55	1	0	15	0
        116524	2026-07-10 08:18:24	1	0	15	0
        110068	2026-07-10 08:18:41	1	0	1	0
        110361	2026-07-10 08:19:52	1	0	15	0
        116738	2026-07-10 08:24:47	1	0	15	0
        117239	2026-07-10 08:25:34	1	0	15	0
        119406	2026-07-10 08:28:48	1	0	15	0
        118398	2026-07-10 08:34:08	1	0	15	0
        116263	2026-07-10 08:34:13	1	0	15	0
        116712	2026-07-10 08:34:42	1	0	15	0
        110124	2026-07-10 08:35:45	1	0	15	0
        118083	2026-07-10 08:42:57	1	0	15	0
        119376	2026-07-10 08:43:47	1	0	15	0
        119392	2026-07-10 08:45:04	1	0	15	0
        117273	2026-07-10 08:50:20	1	0	15	0
        118298	2026-07-10 08:57:29	1	0	1	0
        110359	2026-07-10 08:58:04	1	0	15	0
        110646	2026-07-10 12:00:07	1	0	15	0
        119117	2026-07-10 12:00:11	1	0	1	0
        110359	2026-07-10 12:00:17	1	2	15	0
        110534	2026-07-10 12:00:22	1	2	15	0
        110362	2026-07-10 12:00:28	1	2	1	0
        117775	2026-07-10 12:00:32	1	2	1	0
        110531	2026-07-10 12:00:38	1	2	15	0
        117090	2026-07-10 12:00:55	1	2	15	0
        119206	2026-07-10 12:02:11	1	2	15	0
        110188	2026-07-10 12:02:16	1	2	15	0
        110794	2026-07-10 12:02:54	1	2	15	0
        117451	2026-07-10 12:02:59	1	2	15	0
        119376	2026-07-10 12:03:09	1	2	15	0
        118298	2026-07-10 12:03:16	1	2	1	0
        110359	2026-07-10 12:03:29	1	2	15	0
        119117	2026-07-10 12:03:35	1	2	1	0
        110534	2026-07-10 12:03:44	1	2	15	0
        110454	2026-07-10 12:03:50	1	2	15	0
        110542	2026-07-10 12:03:54	1	2	15	0
        118548	2026-07-10 12:04:00	1	2	15	0
        117090	2026-07-10 12:04:03	1	2	15	0
        117273	2026-07-10 12:04:08	1	2	15	0
        117185	2026-07-10 12:04:16	1	2	15	0
        110124	2026-07-10 12:04:28	1	2	15	0
        110531	2026-07-10 12:05:04	1	2	15	0
        119206	2026-07-10 12:05:42	1	2	15	0
        116442	2026-07-10 12:05:47	1	2	15	0
        116007	2026-07-10 12:06:14	1	2	1	0
        117775	2026-07-10 12:06:18	1	2	1	0
        118298	2026-07-10 12:06:31	1	2	1	0
        116509	2026-07-10 12:06:37	1	2	15	0
        110068	2026-07-10 12:06:43	1	2	1	0
        117518	2026-07-10 12:06:51	1	2	15	0
        116622	2026-07-10 12:06:59	1	2	1	0
        110362	2026-07-10 12:07:07	1	2	1	0
        110426	2026-07-10 12:07:14	1	2	15	0
        116202	2026-07-10 12:07:20	1	2	15	0
        116690	2026-07-10 12:07:26	1	2	15	0
        119376	2026-07-10 12:07:30	1	2	15	0
        110454	2026-07-10 12:07:40	1	2	15	0
        117273	2026-07-10 12:08:04	1	2	15	0
        118694	2026-07-10 12:08:11	1	2	1	0
        110542	2026-07-10 12:08:19	1	2	15	0
        118548	2026-07-10 12:08:31	1	2	15	0
        119077	2026-07-10 12:08:55	1	2	1	0
        116152	2026-07-10 12:09:15	1	2	15	0
        110794	2026-07-10 12:09:36	1	2	15	0
        110068	2026-07-10 12:10:10	1	2	1	0
        119393	2026-07-10 12:10:32	1	2	15	0
        118160	2026-07-10 12:10:37	1	2	15	0
        110426	2026-07-10 12:10:56	1	2	15	0
        116622	2026-07-10 12:11:05	1	2	1	0
        117518	2026-07-10 12:11:16	1	2	15	0
        116202	2026-07-10 12:11:21	1	2	15	0
        116690	2026-07-10 12:11:26	1	2	15	0
        118160	2026-07-10 12:12:14	1	2	15	0
        116152	2026-07-10 12:12:19	1	2	15	0
        116007	2026-07-10 12:12:59	1	2	1	0
        119393	2026-07-10 12:13:04	1	2	15	0
        116509	2026-07-10 12:13:07	1	2	15	0
        116263	2026-07-10 12:13:40	1	2	15	0
        119443	2026-07-10 12:13:44	1	2	15	0
        118083	2026-07-10 12:13:48	1	2	15	0
        118398	2026-07-10 12:14:01	1	2	15	0
        118694	2026-07-10 12:16:44	1	2	15	0
        116844	2026-07-10 12:17:17	1	2	15	0
        118083	2026-07-10 12:17:24	1	2	15	0
        119443	2026-07-10 12:17:28	1	2	15	0
        118398	2026-07-10 12:17:33	1	2	15	0
        116263	2026-07-10 12:17:37	1	2	15	0
        110149	2026-07-10 12:18:36	1	2	15	0
        116738	2026-07-10 12:19:06	1	2	15	0
        110124	2026-07-10 12:19:41	1	2	15	0
        116844	2026-07-10 12:20:04	1	2	15	0
        117977	2026-07-10 12:21:19	1	2	15	0
        110646	2026-07-10 12:23:35	1	2	15	0
        116128	2026-07-10 12:23:49	1	2	15	0
        110115	2026-07-10 12:24:11	1	2	1	0
        116735	2026-07-10 12:24:19	1	2	15	0
        117267	2026-07-10 12:24:22	1	2	15	0
        117977	2026-07-10 12:24:27	1	2	15	0
        110530	2026-07-10 12:24:38	1	2	15	0
        116738	2026-07-10 12:25:09	1	2	15	0
        116442	2026-07-10 12:26:39	1	0	15	0
        119077	2026-07-10 12:27:06	1	0	1	0
        116128	2026-07-10 12:28:35	1	0	15	0
        110115	2026-07-10 12:28:42	1	0	1	0
        110461	2026-07-10 12:28:49	1	2	1	0
        110530	2026-07-10 12:28:55	1	2	15	0
        117185	2026-07-10 12:30:17	1	3	15	0
        118146	2026-07-10 12:30:48	1	3	15	0
        110361	2026-07-10 12:32:14	1	3	1	0
        119406	2026-07-10 12:33:09	1	3	15	0
        110472	2026-07-10 12:34:23	1	3	15	0
        117398	2026-07-10 12:37:13	1	3	15	0
        110461	2026-07-10 12:38:17	1	3	1	0
        110472	2026-07-10 12:38:53	1	3	15	0
        119406	2026-07-10 12:39:48	1	3	15	0
        117398	2026-07-10 12:41:03	1	3	15	0
        116712	2026-07-10 12:42:37	1	3	15	0
        116159	2026-07-10 12:43:26	1	3	15	0
        118146	2026-07-10 12:44:44	1	3	15	0
        116192	2026-07-10 12:47:05	1	3	15	0
        110188	2026-07-10 12:47:38	1	3	15	0
        110429	2026-07-10 12:47:41	1	3	15	0
        110361	2026-07-10 12:48:43	1	3	1	0
        116159	2026-07-10 12:49:12	1	3	15	0
        116712	2026-07-10 12:49:16	1	3	15	0
        118801	2026-07-10 12:49:23	1	3	15	0
        110149	2026-07-10 12:49:47	1	3	15	0
        116192	2026-07-10 12:51:14	1	3	15	0
        118801	2026-07-10 12:54:14	1	3	15	0
        119392	2026-07-10 12:54:51	1	3	15	0
        118585	2026-07-10 12:56:03	1	3	15	0
        117267	2026-07-10 12:57:19	1	3	15	0
        119392	2026-07-10 12:57:32	1	3	15	0
        116735	2026-07-10 12:57:45	1	3	15	0
        118585	2026-07-10 12:59:06	1	3	15	0
        118146	2026-07-10 15:36:31	1	3	15	0
        119376	2026-07-10 15:46:52	1	3	15	0
        116442	2026-07-10 16:03:17	1	1	15	0
        116152	2026-07-10 16:30:16	1	1	15	0
        116159	2026-07-10 16:46:27	1	1	15	0
        110472	2026-07-10 16:47:22	1	1	15	0
        110794	2026-07-10 16:52:20	1	1	15	0
        116844	2026-07-10 16:59:30	1	1	15	0
        110362	2026-07-10 17:01:18	1	1	1	0
        110361	2026-07-10 17:01:44	1	1	15	0
        116622	2026-07-10 17:02:31	1	1	1	0
        110426	2026-07-10 17:02:39	1	1	15	0
        110542	2026-07-10 17:02:55	1	1	15	0
        110454	2026-07-10 17:03:49	1	1	15	0
        119117	2026-07-10 17:04:55	1	1	1	0
        119443	2026-07-10 17:05:20	1	1	15	0
        116128	2026-07-10 17:08:52	1	1	15	0
        110530	2026-07-10 17:09:11	1	1	15	0
        116735	2026-07-10 17:10:25	1	1	15	0
        116192	2026-07-10 17:12:47	1	1	15	0
        117090	2026-07-10 17:12:53	1	1	15	0
        110429	2026-07-10 17:14:59	1	1	15	0
        118160	2026-07-10 17:15:28	1	1	15	0
        117398	2026-07-10 17:18:43	1	1	15	0
        119077	2026-07-10 17:19:35	1	1	1	0
        119393	2026-07-10 17:22:25	1	1	15	0
        117977	2026-07-10 17:26:09	1	1	15	0
        110188	2026-07-10 17:27:51	1	1	15	0
        116738	2026-07-10 17:29:38	1	1	15	0
        117267	2026-07-10 17:37:10	1	1	15	0
        116263	2026-07-10 17:39:44	1	1	15	0
        118083	2026-07-10 17:42:26	1	1	15	0
        118398	2026-07-10 17:42:51	1	1	15	0
        119406	2026-07-10 17:46:04	1	1	15	0
        116712	2026-07-10 17:47:52	1	1	15	0
        119392	2026-07-10 17:48:21	1	1	15	0
        110359	2026-07-10 18:01:08	1	1	15	0
        117518	2026-07-10 18:03:42	1	1	15	0
        116202	2026-07-10 18:03:48	1	1	15	0
        110149	2026-07-10 18:06:05	1	1	15	0
        110461	2026-07-10 18:08:22	1	1	1	0
        110124	2026-07-10 19:13:54	1	1	15	0
        117775	2026-07-10 19:14:04	1	1	1	0
        118585	2026-07-10 19:59:35	1	1	15	0
        116007	2026-07-10 20:45:43	1	1	1	0
        118548	2026-07-13 06:07:27	1	0	15	0
        117775	2026-07-13 06:18:30	1	0	15	0
        110045	2026-07-13 06:19:30	1	0	15	0
        116202	2026-07-13 06:35:22	1	0	15	0
        116442	2026-07-13 06:41:02	1	0	15	0
        118146	2026-07-13 06:47:34	1	0	15	0
        117090	2026-07-13 06:52:31	1	0	15	0
        118585	2026-07-13 06:58:26	1	0	15	0
        119443	2026-07-13 07:05:21	1	0	15	0
        116509	2026-07-13 07:12:58	1	0	15	0
        110794	2026-07-13 07:16:40	1	0	15	0
        110362	2026-07-13 07:21:30	1	0	1	0
        119206	2026-07-13 07:21:37	1	0	15	0
        116152	2026-07-13 07:23:15	1	0	15	0
        110115	2026-07-13 07:25:40	1	0	1	0
        110188	2026-07-13 07:26:45	1	0	15	0
        116192	2026-07-13 07:26:57	1	0	15	0
        110454	2026-07-13 07:27:30	1	0	15	0
        116735	2026-07-13 07:28:10	1	0	15	0
        116524	2026-07-13 07:29:15	1	0	15	0
        110534	2026-07-13 07:30:41	1	0	15	0
        116690	2026-07-13 07:30:45	1	0	15	0
        119393	2026-07-13 07:33:09	1	0	15	0
        116466	2026-07-13 07:34:30	1	0	1	0
        110149	2026-07-13 07:37:55	1	0	15	0
        118125	2026-07-13 07:38:03	1	0	15	0
        118251	2026-07-13 07:38:23	1	0	1	0
        117185	2026-07-13 07:38:45	1	0	15	0
        110472	2026-07-13 07:39:47	1	0	15	0
        110542	2026-07-13 07:41:41	1	0	15	0
        110531	2026-07-13 07:42:12	1	0	15	0
        116159	2026-07-13 07:42:47	1	0	15	0
        110426	2026-07-13 07:43:34	1	0	15	0
        110873	2026-07-13 07:46:19	1	0	1	0
        119392	2026-07-13 07:46:25	1	0	15	0
        110530	2026-07-13 07:47:46	1	0	15	0
        117273	2026-07-13 07:48:49	1	0	15	0
        116622	2026-07-13 07:48:55	1	0	1	0
        116844	2026-07-13 07:49:23	1	0	15	0
        110641	2026-07-13 07:49:46	1	0	15	0
        110359	2026-07-13 07:51:24	1	0	15	0
        116487	2026-07-13 07:54:30	1	0	1	0
        119117	2026-07-13 07:56:33	1	0	1	0
        118801	2026-07-13 07:56:39	1	0	15	0
        117239	2026-07-13 07:56:45	1	0	15	0
        117518	2026-07-13 07:56:49	1	0	15	0
        116434	2026-07-13 07:57:07	1	0	1	0
        117977	2026-07-13 07:58:05	1	0	15	0
        117267	2026-07-13 07:58:34	1	0	15	0
        110429	2026-07-13 07:58:46	1	0	15	0
        119406	2026-07-13 07:59:45	1	0	15	0
        116738	2026-07-13 08:03:17	1	0	15	0
        116712	2026-07-13 08:03:40	1	0	15	0
        118694	2026-07-13 08:05:09	1	0	1	0
        118398	2026-07-13 08:05:16	1	0	15	0
        116128	2026-07-13 08:11:48	1	0	15	0
        118298	2026-07-13 08:13:25	1	0	1	0
        117274	2026-07-13 08:15:47	1	0	15	0
        116511	2026-07-13 08:15:54	1	0	15	0
        110461	2026-07-13 08:15:59	1	0	1	0
        110124	2026-07-13 08:16:16	1	0	15	0
        110646	2026-07-13 08:19:18	1	0	15	0
        118729	2026-07-13 08:26:32	1	0	15	0
        117398	2026-07-13 08:49:52	1	0	15	0
        110542	2026-07-13 12:00:22	1	0	15	0
        110534	2026-07-13 12:00:28	1	0	15	0
        110454	2026-07-13 12:00:50	1	0	15	0
        110149	2026-07-13 12:00:54	1	0	15	0
        110359	2026-07-13 12:00:57	1	0	15	0
        110472	2026-07-13 12:01:02	1	0	15	0
        110362	2026-07-13 12:01:13	1	0	1	0
        110794	2026-07-13 12:01:36	1	2	15	0
        117775	2026-07-13 12:01:50	1	2	1	0
        116487	2026-07-13 12:02:02	1	2	1	0
        119117	2026-07-13 12:02:22	1	2	1	0
        116690	2026-07-13 12:02:38	1	2	15	0
        110426	2026-07-13 12:02:42	1	2	15	0
        116622	2026-07-13 12:02:46	1	2	1	0
        110531	2026-07-13 12:02:54	1	2	15	0
        116442	2026-07-13 12:02:59	1	2	15	0
        118251	2026-07-13 12:03:04	1	2	1	0
        119443	2026-07-13 12:03:11	1	2	15	0
        119393	2026-07-13 12:03:15	1	2	15	0
        117274	2026-07-13 12:03:25	1	2	1	0
        116202	2026-07-13 12:03:33	1	2	15	0
        116487	2026-07-13 12:03:40	1	2	1	0
        117518	2026-07-13 12:03:52	1	2	15	0
        110359	2026-07-13 12:03:56	1	2	15	0
        110534	2026-07-13 12:04:02	1	2	15	0
        110188	2026-07-13 12:04:05	1	2	15	0
        110454	2026-07-13 12:04:11	1	2	15	0
        118125	2026-07-13 12:04:19	1	2	1	0
        119392	2026-07-13 12:04:25	1	2	15	0
        116509	2026-07-13 12:04:47	1	2	15	0
        118298	2026-07-13 12:04:50	1	2	1	0
        116434	2026-07-13 12:05:01	1	2	1	0
        116007	2026-07-13 12:05:03	1	2	1	0
        117775	2026-07-13 12:05:13	1	2	1	0
        118398	2026-07-13 12:05:22	1	2	15	0
        116738	2026-07-13 12:05:27	1	2	15	0
        118548	2026-07-13 12:05:32	1	2	15	0
        110068	2026-07-13 12:05:37	1	2	1	0
        119393	2026-07-13 12:05:43	1	2	15	0
        118251	2026-07-13 12:05:47	1	2	1	0
        119117	2026-07-13 12:05:50	1	2	1	0
        110045	2026-07-13 12:06:14	1	2	15	0
        110542	2026-07-13 12:06:21	1	2	15	0
        116202	2026-07-13 12:06:25	1	2	15	0
        116622	2026-07-13 12:06:29	1	2	1	0
        117518	2026-07-13 12:06:40	1	2	15	0
        116070	2026-07-13 12:06:49	1	2	15	0
        110531	2026-07-13 12:07:00	1	2	15	0
        119392	2026-07-13 12:07:07	1	2	15	0
        110361	2026-07-13 12:07:11	1	2	15	0
        118125	2026-07-13 12:07:16	1	2	15	0
        110362	2026-07-13 12:07:25	1	2	1	0
        116152	2026-07-13 12:07:31	1	2	15	0
        110873	2026-07-13 12:07:36	1	2	1	0
        110188	2026-07-13 12:07:42	1	2	15	0
        110429	2026-07-13 12:07:48	1	2	15	0
        110115	2026-07-13 12:07:57	1	2	1	0
        117185	2026-07-13 12:08:12	1	2	15	0
        118801	2026-07-13 12:08:32	1	2	15	0
        118398	2026-07-13 12:09:08	1	2	15	0
        116511	2026-07-13 12:09:36	1	2	15	0
        117090	2026-07-13 12:10:10	1	2	15	0
        117398	2026-07-13 12:11:14	1	2	15	0
        117977	2026-07-13 12:11:48	1	2	15	0
        118729	2026-07-13 12:11:55	1	2	15	0
        118694	2026-07-13 12:12:06	1	2	1	0
        116007	2026-07-13 12:12:09	1	2	1	0
        110045	2026-07-13 12:12:31	1	2	15	0
        110115	2026-07-13 12:12:37	1	2	1	0
        117090	2026-07-13 12:13:18	1	2	15	0
        116152	2026-07-13 12:13:24	1	2	15	0
        110068	2026-07-13 12:13:28	1	2	1	0
        118548	2026-07-13 12:13:34	1	2	15	0
        110426	2026-07-13 12:13:39	1	2	15	0
        116690	2026-07-13 12:13:44	1	2	15	0
        116070	2026-07-13 12:13:48	1	2	15	0
        116442	2026-07-13 12:13:55	1	0	15	0
        110641	2026-07-13 12:13:59	1	0	15	0
        117977	2026-07-13 12:14:23	1	0	15	0
        110149	2026-07-13 12:15:23	1	2	15	0
        116738	2026-07-13 12:15:41	1	2	15	0
        117273	2026-07-13 12:16:31	1	2	15	0
        116511	2026-07-13 12:17:07	1	2	15	0
        116466	2026-07-13 12:18:58	1	2	1	0
        117273	2026-07-13 12:19:16	1	2	15	0
        118729	2026-07-13 12:19:20	1	2	15	0
        118694	2026-07-13 12:19:26	1	2	1	0
        110472	2026-07-13 12:19:46	1	2	15	0
        117274	2026-07-13 12:19:58	1	2	1	0
        119443	2026-07-13 12:20:07	1	2	15	0
        119406	2026-07-13 12:21:01	1	2	15	0
        110124	2026-07-13 12:21:15	1	2	1	0
        110429	2026-07-13 12:22:42	1	2	15	0
        116844	2026-07-13 12:27:25	1	2	15	0
        110461	2026-07-13 12:28:29	1	2	1	0
        110641	2026-07-13 12:29:19	1	2	15	0
        119406	2026-07-13 12:31:36	1	3	15	0
        117267	2026-07-13 12:32:00	1	3	15	0
        116735	2026-07-13 12:32:07	1	3	15	0
        116712	2026-07-13 12:32:50	1	3	15	0
        119206	2026-07-13 12:35:59	1	3	15	0
        116192	2026-07-13 12:38:01	1	3	15	0
        119206	2026-07-13 12:38:15	1	3	15	0
        116128	2026-07-13 12:39:25	1	1	15	0
        116712	2026-07-13 12:40:04	1	1	15	0
        110124	2026-07-13 12:40:32	1	1	1	0
        116192	2026-07-13 12:41:11	1	3	15	0
        116159	2026-07-13 12:41:14	1	3	15	0
        116466	2026-07-13 12:41:31	1	3	1	0
        110646	2026-07-13 12:41:38	1	3	15	0
        116128	2026-07-13 12:42:30	1	3	15	0
        117185	2026-07-13 12:42:45	1	3	15	0
        118146	2026-07-13 12:43:01	1	3	15	0
        116434	2026-07-13 12:44:21	1	3	1	0
        116509	2026-07-13 12:44:28	1	3	15	0
        118298	2026-07-13 12:44:35	1	3	1	0
        116159	2026-07-13 12:45:11	1	3	15	0
        116844	2026-07-13 12:45:48	1	3	15	0
        116738	2026-07-13 12:46:16	1	3	15	0
        110646	2026-07-13 12:47:15	1	3	15	0
        110530	2026-07-13 12:48:24	1	3	15	0
        110461	2026-07-13 12:48:46	1	3	1	0
        118146	2026-07-13 12:48:52	1	3	15	0
        118585	2026-07-13 12:49:37	1	3	15	0
        116735	2026-07-13 12:50:09	1	3	15	0
        117267	2026-07-13 12:50:13	1	3	15	0
        110530	2026-07-13 12:50:18	1	3	15	0
        118585	2026-07-13 12:51:39	1	3	15	0
        110794	2026-07-13 12:52:34	1	3	15	0
        118801	2026-07-13 12:54:31	1	3	15	0
        110472	2026-07-13 17:02:21	1	1	15	0
        117775	2026-07-13 17:02:38	1	1	1	0
        119206	2026-07-13 17:03:09	1	1	15	0
        110068	2026-07-13 17:03:16	1	1	1	0
        116622	2026-07-13 17:03:19	1	1	1	0
        116690	2026-07-13 17:03:27	1	1	15	0
        116128	2026-07-13 17:03:56	1	1	15	0
        110542	2026-07-13 17:04:03	1	1	15	0
        110454	2026-07-13 17:04:08	1	1	15	0
        116442	2026-07-13 17:04:14	1	1	15	0
        110641	2026-07-13 17:04:43	1	1	15	0
        110362	2026-07-13 17:04:44	1	1	1	0
        110361	2026-07-13 17:04:53	1	1	15	0
        110534	2026-07-13 17:04:58	1	1	15	0
        110531	2026-07-13 17:05:10	1	1	15	0
        110359	2026-07-13 17:05:48	1	1	15	0
        119117	2026-07-13 17:05:52	1	1	1	0
        110426	2026-07-13 17:05:58	1	1	15	0
        116152	2026-07-13 17:06:01	1	1	15	0
        117273	2026-07-13 17:06:20	1	1	15	0
        110530	2026-07-13 17:06:30	1	1	15	0
        117977	2026-07-13 17:06:45	1	1	15	0
        117090	2026-07-13 17:07:18	1	1	15	0
        116192	2026-07-13 17:07:23	1	1	15	0
        118801	2026-07-13 17:08:02	1	1	15	0
        110646	2026-07-13 17:10:41	1	1	15	0
        119392	2026-07-13 17:12:03	1	1	15	0
        119443	2026-07-13 17:12:15	1	1	15	0
        119393	2026-07-13 17:12:18	1	1	15	0
        118251	2026-07-13 17:12:23	1	1	1	0
        118398	2026-07-13 17:12:36	1	1	15	0
        110794	2026-07-13 17:13:30	1	1	15	0
        110115	2026-07-13 17:14:17	1	1	15	0
        117185	2026-07-13 17:14:25	1	1	15	0
        118125	2026-07-13 17:17:22	1	1	15	0
        118548	2026-07-13 17:20:20	1	1	15	0
        116159	2026-07-13 17:20:43	1	1	15	0
        117267	2026-07-13 17:26:17	1	1	15	0
        116735	2026-07-13 17:26:22	1	1	15	0
        116712	2026-07-13 17:28:45	1	1	15	0
        116844	2026-07-13 17:32:19	1	1	15	0
        110188	2026-07-13 17:33:08	1	1	15	0
        117398	2026-07-13 17:35:15	1	1	15	0
        116738	2026-07-13 17:36:43	1	1	15	0
        110045	2026-07-13 17:38:45	1	1	15	0
        110149	2026-07-13 17:54:46	1	1	15	0
        118729	2026-07-13 17:55:49	1	1	15	0
        118694	2026-07-13 17:55:53	1	1	15	0
        117518	2026-07-13 18:01:35	1	1	15	0
        116202	2026-07-13 18:01:42	1	1	15	0
        110873	2026-07-13 18:03:32	1	1	1	0
        118146	2026-07-13 18:03:57	1	1	15	0
        110461	2026-07-13 18:06:27	1	1	1	0
        119406	2026-07-13 18:07:33	1	1	15	0
        118298	2026-07-13 18:09:30	1	1	1	0
        116509	2026-07-13 18:09:36	1	1	15	0
        116434	2026-07-13 18:09:39	1	1	1	0
        116466	2026-07-13 18:09:44	1	1	1	0
        116007	2026-07-13 18:09:49	1	1	1	0
        116487	2026-07-13 18:33:51	1	1	1	0
        110124	2026-07-13 18:48:58	1	1	15	0
        116511	2026-07-13 18:49:09	1	1	15	0
        110429	2026-07-13 18:49:25	1	1	15	0
        118585	2026-07-13 18:50:04	1	1	15	0
        117274	2026-07-13 19:10:12	1	1	1	0
        118548	2026-07-14 06:10:26	1	0	15	0
        117775	2026-07-14 06:15:09	1	0	15	0
        118146	2026-07-14 06:23:22	1	0	15	0
        117451	2026-07-14 06:32:40	1	0	15	0
        119443	2026-07-14 06:33:28	1	0	15	0
        118160	2026-07-14 06:36:11	1	0	15	0
        118801	2026-07-14 06:47:25	1	0	15	0
        117090	2026-07-14 06:53:53	1	0	15	0
        118585	2026-07-14 06:56:34	1	0	15	0
        116202	2026-07-14 06:57:04	1	0	15	0
        116442	2026-07-14 06:59:34	1	0	15	0
        110472	2026-07-14 07:07:01	1	0	15	0
        110794	2026-07-14 07:10:06	1	0	15	0
        116825	2026-07-14 07:11:30	1	0	15	0
        110873	2026-07-14 07:11:36	1	0	1	0
        117273	2026-07-14 07:11:43	1	0	15	0
        118251	2026-07-14 07:16:07	1	0	1	0
        110426	2026-07-14 07:24:53	1	0	15	0
        116735	2026-07-14 07:30:48	1	0	15	0
        116690	2026-07-14 07:32:45	1	0	15	0
        110362	2026-07-14 07:33:41	1	0	1	0
        116192	2026-07-14 07:34:38	1	0	15	0
        110534	2026-07-14 07:34:55	1	0	15	0
        116159	2026-07-14 07:35:19	1	0	15	0
        117239	2026-07-14 07:35:47	1	0	15	0
        110454	2026-07-14 07:38:57	1	0	15	0
        110531	2026-07-14 07:39:21	1	0	15	0
        116524	2026-07-14 07:40:43	1	0	15	0
        110188	2026-07-14 07:41:56	1	0	15	0
        119206	2026-07-14 07:42:42	1	0	15	0
        116466	2026-07-14 07:43:49	1	0	1	0
        117267	2026-07-14 07:46:19	1	0	15	0
        110542	2026-07-14 07:47:01	1	0	15	0
        110429	2026-07-14 07:49:23	1	0	15	0
        116738	2026-07-14 07:49:59	1	0	15	0
        116622	2026-07-14 07:52:29	1	0	1	0
        110641	2026-07-14 07:52:40	1	0	15	0
        116487	2026-07-14 07:53:03	1	0	1	0
        119117	2026-07-14 07:53:13	1	0	1	0
        117274	2026-07-14 07:53:48	1	0	1	0
        119393	2026-07-14 07:53:55	1	0	15	0
        110115	2026-07-14 07:54:49	1	0	1	0
        110530	2026-07-14 07:56:11	1	0	15	0
        110149	2026-07-14 07:58:53	1	0	15	0
        118509	2026-07-14 08:01:19	1	0	15	0
        110068	2026-07-14 08:05:18	1	0	1	0
        119077	2026-07-14 08:08:40	1	0	1	0
        110361	2026-07-14 08:08:47	1	0	15	0
        117977	2026-07-14 08:11:39	1	0	15	0
        118298	2026-07-14 08:12:42	1	0	1	0
        116007	2026-07-14 08:15:28	1	0	1	0
        117518	2026-07-14 08:22:16	1	0	15	0
        110045	2026-07-14 08:25:24	1	0	15	0
        118694	2026-07-14 08:27:09	1	0	1	0
        116263	2026-07-14 08:30:47	1	0	15	0
        110646	2026-07-14 08:33:22	1	0	15	0
        119406	2026-07-14 08:34:41	1	0	15	0
        116509	2026-07-14 08:34:45	1	0	15	0
        110124	2026-07-14 08:37:36	1	0	15	0
        119376	2026-07-14 08:38:19	1	0	15	0
        118398	2026-07-14 08:41:09	1	0	15	0
        116434	2026-07-14 08:44:46	1	0	1	0
        116712	2026-07-14 08:54:02	1	0	15	0
        118083	2026-07-14 08:55:23	1	0	15	0
        116511	2026-07-14 08:57:26	1	0	15	0
        110359	2026-07-14 09:00:02	1	0	15	0
        118729	2026-07-14 09:17:11	1	0	15	0
        116128	2026-07-14 11:40:05	1	0	15	0
        119393	2026-07-14 12:00:08	1	2	15	0
        117977	2026-07-14 12:00:13	1	2	15	0
        117775	2026-07-14 12:00:19	1	2	1	0
        116070	2026-07-14 12:00:30	1	2	15	0
        118251	2026-07-14 12:00:45	1	2	1	0
        110362	2026-07-14 12:00:50	1	2	1	0
        117274	2026-07-14 12:01:05	1	2	1	0
        116263	2026-07-14 12:01:13	1	2	15	0
        119443	2026-07-14 12:01:24	1	2	15	0
        119117	2026-07-14 12:01:35	1	2	1	0
        119376	2026-07-14 12:01:41	1	2	15	0
        110454	2026-07-14 12:02:06	1	2	15	0
        110534	2026-07-14 12:02:11	1	2	15	0
        110646	2026-07-14 12:02:25	1	2	15	0
        119393	2026-07-14 12:02:37	1	2	15	0
        110542	2026-07-14 12:02:41	1	2	15	0
        117775	2026-07-14 12:02:48	1	2	1	0
        116442	2026-07-14 12:02:57	1	2	15	0
        110359	2026-07-14 12:03:15	1	2	15	0
        117273	2026-07-14 12:03:17	1	2	15	0
        119376	2026-07-14 12:03:33	1	2	15	0
        110045	2026-07-14 12:04:02	1	2	15	0
        116263	2026-07-14 12:04:11	1	2	15	0
        118251	2026-07-14 12:04:15	1	2	1	0
        116466	2026-07-14 12:04:46	1	2	1	0
        116007	2026-07-14 12:04:57	1	2	1	0
        116070	2026-07-14 12:05:16	1	2	15	0
        110534	2026-07-14 12:05:23	1	2	15	0
        117274	2026-07-14 12:05:28	1	2	1	0
        117977	2026-07-14 12:05:34	1	2	15	0
        110454	2026-07-14 12:05:38	1	2	15	0
        110361	2026-07-14 12:05:42	1	2	15	0
        119077	2026-07-14 12:05:52	1	2	1	0
        110542	2026-07-14 12:05:59	1	2	15	0
        118398	2026-07-14 12:06:28	1	2	15	0
        117273	2026-07-14 12:06:38	1	2	15	0
        110359	2026-07-14 12:06:49	1	2	15	0
        116690	2026-07-14 12:06:55	1	2	15	0
        116202	2026-07-14 12:06:59	1	2	15	0
        119443	2026-07-14 12:07:05	1	2	15	0
        117518	2026-07-14 12:07:09	1	2	15	0
        110426	2026-07-14 12:07:17	1	2	15	0
        118729	2026-07-14 12:07:21	1	2	15	0
        118694	2026-07-14 12:07:25	1	2	1	0
        116622	2026-07-14 12:07:33	1	2	1	0
        110531	2026-07-14 12:07:39	1	2	15	0
        110362	2026-07-14 12:07:44	1	2	1	0
        119117	2026-07-14 12:07:51	1	2	1	0
        116509	2026-07-14 12:07:57	1	2	15	0
        110646	2026-07-14 12:08:10	1	2	15	0
        110641	2026-07-14 12:08:15	1	2	15	0
        110149	2026-07-14 12:08:26	1	2	15	0
        118548	2026-07-14 12:08:34	1	2	15	0
        116738	2026-07-14 12:08:42	1	2	15	0
        116690	2026-07-14 12:09:17	1	2	15	0
        116202	2026-07-14 12:09:22	1	2	15	0
        116434	2026-07-14 12:09:35	1	2	1	0
        110149	2026-07-14 12:10:01	1	2	15	0
        110426	2026-07-14 12:10:19	1	2	15	0
        117451	2026-07-14 12:10:27	1	2	15	0
        116622	2026-07-14 12:10:37	1	2	1	0
        110361	2026-07-14 12:10:51	1	2	15	0
        117518	2026-07-14 12:10:57	1	2	15	0
        116192	2026-07-14 12:11:02	1	2	15	0
        117090	2026-07-14 12:11:05	1	2	15	0
        119406	2026-07-14 12:11:13	1	2	15	0
        110429	2026-07-14 12:11:19	1	2	15	0
        118548	2026-07-14 12:11:27	1	2	15	0
        119206	2026-07-14 12:11:34	1	2	15	0
        110531	2026-07-14 12:11:41	1	2	15	0
        118160	2026-07-14 12:11:55	1	2	15	0
        110068	2026-07-14 12:12:15	1	2	1	0
        118509	2026-07-14 12:12:21	1	2	15	0
        116442	2026-07-14 12:12:39	1	0	15	0
        110045	2026-07-14 12:13:29	1	2	15	0
        110188	2026-07-14 12:14:08	1	2	15	0
        116128	2026-07-14 12:14:17	1	2	15	0
        110641	2026-07-14 12:14:39	1	2	15	0
        117451	2026-07-14 12:14:44	1	2	15	0
        118398	2026-07-14 12:14:54	1	2	15	0
        116192	2026-07-14 12:15:08	1	2	15	0
        119406	2026-07-14 12:15:12	1	2	15	0
        117090	2026-07-14 12:15:22	1	2	15	0
        119206	2026-07-14 12:15:28	1	2	15	0
        116509	2026-07-14 12:15:38	1	2	15	0
        116434	2026-07-14 12:15:39	1	2	1	0
        118509	2026-07-14 12:15:58	1	2	15	0
        110068	2026-07-14 12:16:16	1	2	1	0
        118160	2026-07-14 12:16:22	1	2	15	0
        110188	2026-07-14 12:17:16	1	2	15	0
        118729	2026-07-14 12:17:46	1	2	15	0
        118694	2026-07-14 12:17:51	1	2	15	0
        117267	2026-07-14 12:17:56	1	2	15	0
        116735	2026-07-14 12:18:03	1	2	15	0
        110429	2026-07-14 12:18:09	1	2	15	0
        116128	2026-07-14 12:18:21	1	0	15	0
        118146	2026-07-14 12:20:10	1	2	15	0
        110124	2026-07-14 12:20:18	1	2	1	0
        116738	2026-07-14 12:22:25	1	2	15	0
        110472	2026-07-14 12:24:28	1	2	15	0
        110115	2026-07-14 12:27:15	1	2	1	0
        118083	2026-07-14 12:30:54	1	3	15	0
        110794	2026-07-14 12:32:29	1	3	15	0
        117267	2026-07-14 12:33:29	1	3	15	0
        116735	2026-07-14 12:33:33	1	3	15	0
        118083	2026-07-14 12:36:02	1	3	15	0
        110124	2026-07-14 12:41:01	1	3	1	0
        110472	2026-07-14 12:41:09	1	3	15	0
        117239	2026-07-14 12:41:13	1	3	15	0
        116524	2026-07-14 12:41:20	1	3	15	0
        118801	2026-07-14 12:41:25	1	3	15	0
        110115	2026-07-14 12:41:57	1	3	1	0
        116511	2026-07-14 12:42:04	1	3	15	0
        116712	2026-07-14 12:42:42	1	3	15	0
        110794	2026-07-14 12:42:56	1	3	15	0
        117239	2026-07-14 12:45:19	1	3	15	0
        116524	2026-07-14 12:45:25	1	3	15	0
        116712	2026-07-14 12:46:48	1	3	15	0
        110530	2026-07-14 12:47:44	1	3	15	0
        116159	2026-07-14 12:47:51	1	3	15	0
        110530	2026-07-14 12:50:50	1	3	15	0
        118146	2026-07-14 12:52:15	1	3	15	0
        118801	2026-07-14 12:52:41	1	3	15	0
        119077	2026-07-14 12:52:48	1	3	1	0
        116159	2026-07-14 12:53:17	1	3	15	0
        118585	2026-07-14 12:54:47	1	3	15	0
        116466	2026-07-14 12:55:53	1	3	1	0
        116511	2026-07-14 12:56:49	1	3	15	0
        118585	2026-07-14 12:59:14	1	3	15	0
        117273	2026-07-14 15:59:59	1	3	15	0
        117451	2026-07-14 16:04:36	1	1	15	0
        116442	2026-07-14 16:04:43	1	1	15	0
        119443	2026-07-14 16:06:29	1	1	15	0
        110472	2026-07-14 16:08:08	1	1	15	0
        118801	2026-07-14 16:29:05	1	1	15	0
        118251	2026-07-14 16:43:08	1	1	1	0
        117090	2026-07-14 16:47:35	1	1	15	0
        116192	2026-07-14 16:47:41	1	1	15	0
        116159	2026-07-14 16:48:49	1	1	15	0
        110794	2026-07-14 16:56:59	1	1	15	0
        117239	2026-07-14 16:57:52	1	1	15	0
        119206	2026-07-14 17:00:28	1	1	15	0
        110362	2026-07-14 17:00:42	1	1	1	0
        110641	2026-07-14 17:00:48	1	1	15	0
        110361	2026-07-14 17:00:54	1	1	15	0
        110534	2026-07-14 17:03:01	1	1	15	0
        110542	2026-07-14 17:03:08	1	1	15	0
        116622	2026-07-14 17:03:15	1	1	1	0
        110149	2026-07-14 17:03:21	1	1	15	0
        110531	2026-07-14 17:03:39	1	1	15	0
        116735	2026-07-14 17:03:46	1	1	15	0
        117267	2026-07-14 17:03:52	1	1	15	0
        119393	2026-07-14 17:04:26	1	1	15	0
        118160	2026-07-14 17:04:31	1	1	15	0
        110454	2026-07-14 17:04:38	1	1	15	0
        118548	2026-07-14 17:04:42	1	1	15	0
        110426	2026-07-14 17:04:52	1	1	15	0
        110530	2026-07-14 17:04:58	1	1	15	0
        116690	2026-07-14 17:05:05	1	1	15	0
        110646	2026-07-14 17:05:55	1	1	15	0
        118509	2026-07-14 17:06:02	1	1	15	0
        116487	2026-07-14 17:07:52	1	1	15	0
        110068	2026-07-14 17:08:12	1	1	1	0
        119077	2026-07-14 17:09:19	1	1	1	0
        116128	2026-07-14 17:10:09	1	1	15	0
        110188	2026-07-14 17:12:51	1	1	15	0
        117977	2026-07-14 17:18:45	1	1	15	0
        119117	2026-07-14 17:38:02	1	1	1	0
        116524	2026-07-14 17:46:59	1	1	15	0
        118694	2026-07-14 17:47:09	1	1	1	0
        118729	2026-07-14 17:47:15	1	1	15	0
        119376	2026-07-14 17:48:49	1	1	15	0
        118146	2026-07-14 17:50:33	1	1	15	0
        119406	2026-07-14 17:52:30	1	1	15	0
        110115	2026-07-14 17:53:30	1	1	1	0
        116712	2026-07-14 17:54:20	1	1	15	0
        116738	2026-07-14 17:55:38	1	1	15	0
        110429	2026-07-14 17:56:22	1	1	15	0
        118083	2026-07-14 18:00:14	1	1	15	0
        116434	2026-07-14 18:00:27	1	1	1	0
        116202	2026-07-14 18:00:38	1	1	15	0
        117518	2026-07-14 18:00:42	1	1	15	0
        116466	2026-07-14 18:00:47	1	1	1	0
        110359	2026-07-14 18:01:30	1	1	15	0
        116263	2026-07-14 18:02:35	1	1	15	0
        118398	2026-07-14 18:02:40	1	1	15	0
        118585	2026-07-14 18:43:27	1	1	15	0
        117775	2026-07-14 18:43:51	1	1	1	0
        110124	2026-07-14 18:43:58	1	1	15	0
        116511	2026-07-14 18:44:04	1	1	15	0
        117274	2026-07-14 19:09:13	1	1	1	0
        118548	2026-07-15 06:01:25	1	0	15	0
        117775	2026-07-15 06:31:52	1	0	15	0
        119443	2026-07-15 06:34:26	1	0	15	0
        118160	2026-07-15 06:43:23	1	0	15	0
        117451	2026-07-15 06:48:50	1	0	15	0
        118251	2026-07-15 06:53:04	1	0	1	0
        116442	2026-07-15 06:53:54	1	0	15	0
        119406	2026-07-15 06:59:36	1	0	15	0
        117090	2026-07-15 06:59:40	1	0	15	0
        110472	2026-07-15 07:04:22	1	0	15	0
        117273	2026-07-15 07:06:00	1	0	15	0
        117239	2026-07-15 07:11:14	1	0	15	0
        110794	2026-07-15 07:13:44	1	0	15	0
        118801	2026-07-15 07:21:48	1	0	15	0
        116192	2026-07-15 07:27:12	1	0	15	0
        116202	2026-07-15 07:28:23	1	0	15	0
        117727	2026-07-15 07:29:21	1	0	15	0
        116524	2026-07-15 07:30:37	1	0	15	0
        118585	2026-07-15 07:31:05	1	0	15	0
        110362	2026-07-15 07:31:54	1	0	1	0
        116690	2026-07-15 07:32:02	1	0	15	0
        116159	2026-07-15 07:34:42	1	0	15	0
        110534	2026-07-15 07:37:04	1	0	15	0
        110426	2026-07-15 07:37:28	1	0	15	0
        119393	2026-07-15 07:44:13	1	0	15	0
        110531	2026-07-15 07:44:18	1	0	15	0
        110641	2026-07-15 07:45:28	1	0	15	0
        110542	2026-07-15 07:46:34	1	0	15	0
        110361	2026-07-15 07:49:17	1	0	15	0
        110188	2026-07-15 07:49:24	1	0	15	0
        110068	2026-07-15 07:50:21	1	0	1	0
        116844	2026-07-15 07:51:24	1	0	15	0
        110873	2026-07-15 07:52:35	1	0	1	0
        117267	2026-07-15 07:53:06	1	0	15	0
        119206	2026-07-15 07:53:32	1	0	15	0
        110530	2026-07-15 07:56:53	1	0	15	0
        117274	2026-07-15 07:58:10	1	0	1	0
        116434	2026-07-15 08:01:04	1	0	1	0
        116735	2026-07-15 08:02:52	1	0	15	0
        110115	2026-07-15 08:04:12	1	0	1	0
        116487	2026-07-15 08:10:30	1	0	1	0
        119117	2026-07-15 08:11:30	1	0	1	0
        116007	2026-07-15 08:12:53	1	0	1	0
        110045	2026-07-15 08:13:37	1	0	15	0
        118298	2026-07-15 08:14:42	1	0	1	0
        117518	2026-07-15 08:15:10	1	0	15	0
        116738	2026-07-15 08:17:24	1	0	15	0
        116511	2026-07-15 08:18:16	1	0	15	0
        110461	2026-07-15 08:18:22	1	0	1	0
        118398	2026-07-15 08:18:30	1	0	15	0
        110429	2026-07-15 08:20:54	1	0	15	0
        119077	2026-07-15 08:28:30	1	0	1	0
        116263	2026-07-15 08:28:38	1	0	15	0
        118729	2026-07-15 08:29:47	1	0	15	0
        110646	2026-07-15 08:31:14	1	0	15	0
        117977	2026-07-15 08:31:32	1	0	15	0
        110124	2026-07-15 08:33:19	1	0	1	0
        116152	2026-07-15 08:34:35	1	0	15	0
        119376	2026-07-15 08:38:07	1	0	15	0
        117398	2026-07-15 08:45:49	1	0	15	0
        119392	2026-07-15 08:47:23	1	0	15	0
        116712	2026-07-15 08:49:50	1	0	15	0
        110454	2026-07-15 08:55:23	1	0	15	0
        118083	2026-07-15 08:55:34	1	0	15	0
        110359	2026-07-15 08:56:00	1	0	15	0
        110534	2026-07-15 12:00:48	1	2	15	0
        110362	2026-07-15 12:01:07	1	2	1	0
        110641	2026-07-15 12:01:13	1	2	15	0
        110361	2026-07-15 12:01:16	1	2	15	0
        110454	2026-07-15 12:01:24	1	2	15	0
        110646	2026-07-15 12:01:29	1	2	15	0
        110188	2026-07-15 12:01:34	1	2	15	0
        110542	2026-07-15 12:01:44	1	2	15	0
        116202	2026-07-15 12:01:49	1	2	15	0
        116690	2026-07-15 12:01:53	1	2	15	0
        110794	2026-07-15 12:02:09	1	2	15	0
        116007	2026-07-15 12:02:16	1	2	1	0
        116434	2026-07-15 12:02:22	1	2	1	0
        110115	2026-07-15 12:02:25	1	2	1	0
        119117	2026-07-15 12:02:30	1	2	1	0
        117775	2026-07-15 12:02:36	1	2	1	0
        116192	2026-07-15 12:02:45	1	2	15	0
        117090	2026-07-15 12:02:52	1	2	15	0
        110531	2026-07-15 12:03:26	1	2	15	0
        118548	2026-07-15 12:03:33	1	2	15	0
        110068	2026-07-15 12:03:35	1	2	1	0
        116442	2026-07-15 12:03:43	1	2	15	0
        110534	2026-07-15 12:03:50	1	2	15	0
        119206	2026-07-15 12:03:58	1	2	15	0
        117398	2026-07-15 12:04:23	1	2	15	0
        116511	2026-07-15 12:04:34	1	2	15	0
        118251	2026-07-15 12:04:38	1	2	1	0
        117977	2026-07-15 12:04:44	1	2	15	0
        117518	2026-07-15 12:04:49	1	2	15	0
        118160	2026-07-15 12:04:54	1	2	15	0
        110426	2026-07-15 12:05:04	1	2	15	0
        118083	2026-07-15 12:05:07	1	2	15	0
        110188	2026-07-15 12:05:15	1	2	15	0
        116263	2026-07-15 12:05:19	1	2	15	0
        119443	2026-07-15 12:05:24	1	2	15	0
        119393	2026-07-15 12:05:28	1	2	15	0
        118398	2026-07-15 12:05:32	1	2	15	0
        116152	2026-07-15 12:05:38	1	2	15	0
        110542	2026-07-15 12:05:42	1	2	15	0
        117273	2026-07-15 12:05:49	1	2	15	0
        110359	2026-07-15 12:05:53	1	2	15	0
        110454	2026-07-15 12:06:08	1	2	15	0
        110641	2026-07-15 12:06:13	1	2	15	0
        110362	2026-07-15 12:06:17	1	2	1	0
        119117	2026-07-15 12:06:20	1	2	1	0
        119077	2026-07-15 12:06:23	1	2	1	0
        110361	2026-07-15 12:06:26	1	2	1	0
        110646	2026-07-15 12:07:34	1	2	15	0
        117977	2026-07-15 12:07:53	1	2	15	0
        117090	2026-07-15 12:08:00	1	2	15	0
        116192	2026-07-15 12:08:05	1	2	15	0
        118160	2026-07-15 12:08:10	1	2	15	0
        119393	2026-07-15 12:08:20	1	2	15	0
        116263	2026-07-15 12:08:26	1	2	15	0
        118251	2026-07-15 12:08:31	1	2	1	0
        110531	2026-07-15 12:08:39	1	2	15	0
        119443	2026-07-15 12:08:44	1	2	15	0
        119206	2026-07-15 12:08:49	1	2	15	0
        117518	2026-07-15 12:08:55	1	2	15	0
        118398	2026-07-15 12:09:00	1	2	15	0
        110068	2026-07-15 12:09:04	1	2	1	0
        118298	2026-07-15 12:09:09	1	2	1	0
        110426	2026-07-15 12:09:16	1	2	15	0
        118083	2026-07-15 12:09:21	1	2	15	0
        110124	2026-07-15 12:09:26	1	2	1	0
        116152	2026-07-15 12:09:35	1	2	15	0
        118548	2026-07-15 12:09:44	1	2	15	0
        117775	2026-07-15 12:09:49	1	2	1	0
        110359	2026-07-15 12:10:01	1	2	15	0
        117273	2026-07-15 12:10:04	1	2	15	0
        116738	2026-07-15 12:10:13	1	2	15	0
        117727	2026-07-15 12:10:17	1	2	15	0
        110045	2026-07-15 12:11:04	1	2	15	0
        116007	2026-07-15 12:12:39	1	2	1	0
        116434	2026-07-15 12:12:41	1	2	1	0
        110115	2026-07-15 12:12:46	1	2	1	0
        119406	2026-07-15 12:13:06	1	2	15	0
        110530	2026-07-15 12:13:20	1	2	15	0
        117451	2026-07-15 12:13:27	1	2	15	0
        116442	2026-07-15 12:13:47	1	0	15	0
        110429	2026-07-15 12:14:39	1	2	15	0
        118298	2026-07-15 12:16:06	1	2	1	0
        116690	2026-07-15 12:16:43	1	2	15	0
        116202	2026-07-15 12:16:49	1	2	15	0
        117451	2026-07-15 12:16:56	1	2	15	0
        116487	2026-07-15 12:17:05	1	2	1	0
        119406	2026-07-15 12:18:18	1	2	15	0
        117274	2026-07-15 12:18:30	1	2	1	0
        116487	2026-07-15 12:19:14	1	2	1	0
        110461	2026-07-15 12:20:33	1	2	1	0
        119376	2026-07-15 12:21:31	1	2	15	0
        119376	2026-07-15 12:23:54	1	2	15	0
        119077	2026-07-15 12:24:40	1	2	1	0
        116844	2026-07-15 12:25:29	1	2	15	0
        110045	2026-07-15 12:25:40	1	2	15	0
        110429	2026-07-15 12:25:59	1	2	15	0
        116844	2026-07-15 12:28:36	1	2	15	0
        116712	2026-07-15 12:29:34	1	2	15	0
        116735	2026-07-15 12:30:10	1	2	15	0
        110794	2026-07-15 12:31:19	1	3	15	0
        116712	2026-07-15 12:32:22	1	3	15	0
        110124	2026-07-15 12:33:46	1	3	1	0
        116511	2026-07-15 12:36:38	1	3	15	0
        116735	2026-07-15 12:36:49	1	3	15	0
        110472	2026-07-15 12:37:29	1	3	15	0
        117274	2026-07-15 12:37:33	1	3	1	0
        110461	2026-07-15 12:40:39	1	3	1	0
        117398	2026-07-15 12:41:01	1	3	15	0
        116159	2026-07-15 12:42:13	1	3	15	0
        110472	2026-07-15 12:42:20	1	3	15	0
        116738	2026-07-15 12:42:41	1	3	15	0
        117727	2026-07-15 12:42:44	1	3	15	0
        118729	2026-07-15 12:46:31	1	3	15	0
        116159	2026-07-15 12:48:46	1	3	15	0
        118585	2026-07-15 12:49:06	1	3	15	0
        118729	2026-07-15 12:50:15	1	3	15	0
        117239	2026-07-15 12:53:49	1	3	15	0
        116524	2026-07-15 12:53:52	1	3	15	0
        119392	2026-07-15 12:54:36	1	3	15	0
        118585	2026-07-15 12:56:31	1	3	15	0
        116524	2026-07-15 12:57:07	1	3	15	0
        117239	2026-07-15 12:57:11	1	3	15	0
        119392	2026-07-15 12:57:21	1	3	15	0
        110646	2026-07-15 14:10:19	1	3	15	0
        117273	2026-07-15 16:02:41	1	1	15	0
        117451	2026-07-15 16:02:44	1	1	15	0
        119406	2026-07-15 16:02:48	1	1	15	0
        110472	2026-07-15 16:05:09	1	1	15	0
        116442	2026-07-15 16:10:33	1	1	15	0
        117239	2026-07-15 16:11:07	1	1	15	0
        118251	2026-07-15 16:18:16	1	1	1	0
        119443	2026-07-15 16:18:22	1	1	15	0
        110794	2026-07-15 16:35:07	1	1	15	0
        116159	2026-07-15 16:38:33	1	1	15	0
        117727	2026-07-15 16:51:32	1	1	15	0
        110045	2026-07-15 17:05:00	1	1	15	0
        110641	2026-07-15 17:05:12	1	1	15	0
        110362	2026-07-15 17:05:20	1	1	1	0
        110361	2026-07-15 17:05:26	1	1	15	0
        110534	2026-07-15 17:06:02	1	1	15	0
        110454	2026-07-15 17:06:08	1	1	15	0
        110542	2026-07-15 17:06:13	1	1	15	0
        119206	2026-07-15 17:07:40	1	1	15	0
        116524	2026-07-15 17:08:37	1	1	15	0
        116690	2026-07-15 17:10:29	1	1	15	0
        110426	2026-07-15 17:12:51	1	1	15	0
        110531	2026-07-15 17:13:39	1	1	15	0
        118398	2026-07-15 17:16:16	1	1	15	0
        119117	2026-07-15 17:16:28	1	1	1	0
        116735	2026-07-15 17:17:26	1	1	15	0
        117267	2026-07-15 17:17:31	1	1	15	0
        118160	2026-07-15 17:17:36	1	1	15	0
        117090	2026-07-15 17:18:37	1	1	15	0
        116192	2026-07-15 17:18:52	1	1	15	0
        116487	2026-07-15 17:19:23	1	1	1	0
        116007	2026-07-15 17:21:34	1	1	1	0
        116844	2026-07-15 17:22:21	1	1	15	0
        110068	2026-07-15 17:22:40	1	1	1	0
        110188	2026-07-15 17:23:14	1	1	15	0
        116738	2026-07-15 17:24:14	1	1	15	0
        117775	2026-07-15 17:24:15	1	1	1	0
        110115	2026-07-15 17:25:25	1	1	1	0
        117518	2026-07-15 17:28:28	1	1	15	0
        116202	2026-07-15 17:28:32	1	1	15	0
        118548	2026-07-15 17:31:53	1	1	15	0
        119393	2026-07-15 17:32:48	1	1	15	0
        116263	2026-07-15 17:33:43	1	1	15	0
        119077	2026-07-15 17:33:46	1	1	1	0
        116434	2026-07-15 17:33:52	1	1	1	0
        119376	2026-07-15 17:41:17	1	1	15	0
        118585	2026-07-15 17:48:09	1	1	15	0
        117398	2026-07-15 17:48:22	1	1	15	0
        117977	2026-07-15 17:49:24	1	1	15	0
        119392	2026-07-15 17:50:09	1	1	15	0
        118083	2026-07-15 17:56:00	1	1	15	0
        116712	2026-07-15 17:57:36	1	1	15	0
        116152	2026-07-15 17:59:41	1	1	15	0
        110359	2026-07-15 18:00:52	1	1	15	0
        118729	2026-07-15 18:10:25	1	1	15	0
        110429	2026-07-15 18:12:58	1	1	15	0
        110124	2026-07-15 18:33:27	1	1	1	0
        116511	2026-07-15 18:33:32	1	1	15	0
        110461	2026-07-15 18:33:38	1	1	1	0
        117274	2026-07-15 19:38:52	1	1	1	0
        118548	2026-07-16 06:01:17	1	0	15	0
        118801	2026-07-16 06:14:29	1	0	15	0
        117775	2026-07-16 06:17:27	1	0	1	0
        117451	2026-07-16 06:27:07	1	0	15	0
        119443	2026-07-16 06:31:41	1	0	15	0
        118160	2026-07-16 06:42:14	1	0	15	0
        118251	2026-07-16 06:49:19	1	0	1	0
        110534	2026-07-16 06:56:01	1	0	15	0
        117239	2026-07-16 06:56:40	1	0	15	0
        116202	2026-07-16 06:57:31	1	0	15	0
        117090	2026-07-16 07:06:24	1	0	15	0
        117273	2026-07-16 07:10:36	1	0	15	0
        118585	2026-07-16 07:10:59	1	0	15	0
        110472	2026-07-16 07:17:11	1	0	15	0
        110794	2026-07-16 07:17:41	1	0	15	0
        116442	2026-07-16 07:18:28	1	0	15	0
        116159	2026-07-16 07:25:32	1	0	15	0
        110426	2026-07-16 07:27:43	1	0	15	0
        110362	2026-07-16 07:27:59	1	0	1	0
        116152	2026-07-16 07:29:36	1	0	15	0
        116192	2026-07-16 07:29:41	1	0	15	0
        110188	2026-07-16 07:32:38	1	0	15	0
        110454	2026-07-16 07:34:13	1	0	15	0
        117185	2026-07-16 07:34:16	1	0	15	0
        110873	2026-07-16 07:34:35	1	0	1	0
        110531	2026-07-16 07:35:09	1	0	15	0
