        117727	2026-03-01 14:43:31	1	3	15	0
        118143	2026-03-01 15:25:23	1	3	15	0
        118143	2026-03-01 17:17:57	1	1	15	0
        117727	2026-03-01 18:20:03	1	1	15	0
        118548	2026-03-02 06:03:47	1	0	15	0
        117775	2026-03-02 06:27:56	1	0	15	0
        118326	2026-03-02 06:40:34	1	0	15	0
        118298	2026-03-02 06:42:07	1	0	1	0
        116434	2026-03-02 06:42:10	1	0	1	0
        110045	2026-03-02 06:42:32	1	0	15	0
        116466	2026-03-02 06:52:20	1	0	1	0
        117242	2026-03-02 06:56:10	1	0	1	0
        117185	2026-03-02 06:59:11	1	0	15	0
        117398	2026-03-02 07:00:35	1	0	15	0
        116829	2026-03-02 07:05:32	1	0	1	0
        118566	2026-03-02 07:06:21	1	0	15	0
        117727	2026-03-02 07:07:47	1	0	15	0
        117631	2026-03-02 07:10:07	1	0	15	0
        116953	2026-03-02 07:10:51	1	0	15	0
        118251	2026-03-02 07:12:12	1	0	1	0
        116487	2026-03-02 07:14:05	1	0	15	0
        118585	2026-03-02 07:19:14	1	0	15	0
        117090	2026-03-02 07:21:51	1	0	15	0
        116152	2026-03-02 07:22:31	1	0	15	0
        117687	2026-03-02 07:25:13	1	0	15	0
        116825	2026-03-02 07:25:54	1	0	15	0
        119206	2026-03-02 07:27:15	1	0	15	0
        117656	2026-03-02 07:29:25	1	0	15	0
        116712	2026-03-02 07:30:38	1	0	15	0
        116511	2026-03-02 07:30:59	1	0	15	0
        116192	2026-03-02 07:31:10	1	0	15	0
        110046	2026-03-02 07:31:25	1	0	15	0
        118301	2026-03-02 07:31:42	1	0	15	0
        117092	2026-03-02 07:31:48	1	0	15	0
        116509	2026-03-02 07:32:14	1	0	15	0
        118509	2026-03-02 07:38:12	1	0	15	0
        110429	2026-03-02 07:42:24	1	0	15	0
        119376	2026-03-02 07:44:23	1	0	15	0
        117977	2026-03-02 07:44:28	1	0	15	0
        110477	2026-03-02 07:45:38	1	0	15	0
        116263	2026-03-02 07:46:12	1	0	15	0
        118143	2026-03-02 07:46:42	1	0	15	0
        116790	2026-03-02 07:47:33	1	0	15	0
        116202	2026-03-02 07:49:10	1	0	15	0
        116738	2026-03-02 07:53:14	1	0	15	0
        119443	2026-03-02 07:53:34	1	0	15	0
        119117	2026-03-02 07:53:41	1	0	1	0
        118407	2026-03-02 07:54:18	1	0	15	0
        116844	2026-03-02 07:54:30	1	0	15	0
        117274	2026-03-02 08:00:33	1	0	15	0
        119393	2026-03-02 08:13:34	1	0	15	0
        110068	2026-03-02 08:17:56	1	0	1	0
        117518	2026-03-02 08:18:03	1	0	15	0
        119077	2026-03-02 08:20:22	1	0	15	0
        118801	2026-03-02 08:36:06	1	0	15	0
        118398	2026-03-02 08:38:16	1	0	15	0
        119392	2026-03-02 09:18:48	1	0	15	0
             1	2026-03-02 11:00:08	1	0	1	0
        116192	2026-03-02 12:00:38	1	2	15	0
        117631	2026-03-02 12:00:56	1	2	15	0
        118407	2026-03-02 12:01:09	1	2	15	0
        116096	2026-03-02 12:01:13	1	2	15	0
        116712	2026-03-02 12:01:18	1	2	15	0
        119117	2026-03-02 12:01:32	1	2	1	0
        119206	2026-03-02 12:01:38	1	2	15	0
        117090	2026-03-02 12:01:45	1	2	15	0
        110429	2026-03-02 12:01:56	1	2	15	0
        116152	2026-03-02 12:02:03	1	2	15	0
        119376	2026-03-02 12:02:41	1	2	15	0
        118251	2026-03-02 12:02:53	1	2	1	0
        119443	2026-03-02 12:03:00	1	2	15	0
        119393	2026-03-02 12:03:04	1	2	15	0
        116263	2026-03-02 12:03:09	1	2	15	0
        117092	2026-03-02 12:03:13	1	2	15	0
        116192	2026-03-02 12:03:23	1	2	15	0
        117631	2026-03-02 12:03:30	1	2	15	0
        116712	2026-03-02 12:03:36	1	2	15	0
        116953	2026-03-02 12:03:51	1	2	15	0
        119206	2026-03-02 12:04:18	1	2	15	0
        118298	2026-03-02 12:04:29	1	2	1	0
        118301	2026-03-02 12:04:34	1	2	15	0
        116509	2026-03-02 12:04:40	1	2	15	0
        110477	2026-03-02 12:04:49	1	2	15	0
        116466	2026-03-02 12:04:54	1	2	1	0
        119376	2026-03-02 12:05:15	1	2	15	0
        117092	2026-03-02 12:05:22	1	2	15	0
        119117	2026-03-02 12:05:28	1	2	1	0
        116096	2026-03-02 12:05:34	1	2	15	0
        117242	2026-03-02 12:05:46	1	2	1	0
        110046	2026-03-02 12:06:01	1	2	15	0
        116434	2026-03-02 12:06:07	1	2	1	0
        117185	2026-03-02 12:06:15	1	2	15	0
        117274	2026-03-02 12:07:04	1	2	15	0
        116829	2026-03-02 12:07:11	1	2	15	0
        116070	2026-03-02 12:07:17	1	2	15	0
        116953	2026-03-02 12:07:23	1	2	15	0
        119393	2026-03-02 12:07:39	1	2	15	0
        118251	2026-03-02 12:07:43	1	2	1	0
        117090	2026-03-02 12:07:49	1	2	15	0
        118566	2026-03-02 12:07:54	1	2	15	0
        116263	2026-03-02 12:07:59	1	2	15	0
        119443	2026-03-02 12:08:03	1	2	15	0
        116152	2026-03-02 12:08:07	1	2	15	0
        116790	2026-03-02 12:08:20	1	2	15	0
        110068	2026-03-02 12:08:50	1	2	1	0
        118548	2026-03-02 12:08:56	1	2	15	0
        118801	2026-03-02 12:09:02	1	2	15	0
        110046	2026-03-02 12:09:23	1	2	15	0
        116829	2026-03-02 12:09:38	1	2	15	0
        116070	2026-03-02 12:09:43	1	2	15	0
        117274	2026-03-02 12:10:02	1	2	15	0
        110477	2026-03-02 12:10:21	1	2	15	0
        117727	2026-03-02 12:11:05	1	2	15	0
        110045	2026-03-02 12:12:30	1	2	15	0
        116790	2026-03-02 12:12:38	1	2	15	0
        118398	2026-03-02 12:13:07	1	2	15	0
        117656	2026-03-02 12:13:11	1	2	15	0
        110068	2026-03-02 12:13:22	1	2	1	0
        118548	2026-03-02 12:13:29	1	2	15	0
        116738	2026-03-02 12:13:33	1	2	15	0
        116511	2026-03-02 12:13:48	1	2	15	0
        117656	2026-03-02 12:16:10	1	2	15	0
        118301	2026-03-02 12:16:23	1	2	15	0
        116825	2026-03-02 12:16:30	1	2	15	0
        117775	2026-03-02 12:16:42	1	2	15	0
        118326	2026-03-02 12:18:25	1	2	15	0
        117185	2026-03-02 12:19:44	1	2	15	0
        116825	2026-03-02 12:20:54	1	2	15	0
        118326	2026-03-02 12:21:39	1	2	15	0
        118407	2026-03-02 12:22:17	1	2	15	0
        117977	2026-03-02 12:22:36	1	2	15	0
        118143	2026-03-02 12:22:48	1	2	15	0
        110115	2026-03-02 12:22:55	1	2	15	0
        110124	2026-03-02 12:24:22	1	2	15	0
        117775	2026-03-02 12:25:06	1	2	15	0
        117977	2026-03-02 12:25:21	1	2	15	0
        118143	2026-03-02 12:25:30	1	2	15	0
        116844	2026-03-02 12:26:02	1	2	15	0
        110045	2026-03-02 12:26:26	1	2	15	0
        118398	2026-03-02 12:26:34	1	2	15	0
        117687	2026-03-02 12:26:50	1	2	15	0
        118566	2026-03-02 12:27:08	1	2	15	0
        117727	2026-03-02 12:27:18	1	2	15	0
        110115	2026-03-02 12:29:11	1	2	15	0
        116844	2026-03-02 12:29:30	1	2	15	0
        119077	2026-03-02 12:29:36	1	2	15	0
        117242	2026-03-02 12:30:12	1	2	1	0
        117687	2026-03-02 12:30:19	1	3	15	0
        117518	2026-03-02 12:30:55	1	3	15	0
        119077	2026-03-02 12:33:07	1	3	15	0
        116509	2026-03-02 12:33:40	1	3	15	0
        116434	2026-03-02 12:33:44	1	3	1	0
        118298	2026-03-02 12:33:48	1	3	1	0
        116466	2026-03-02 12:33:53	1	3	1	0
        117518	2026-03-02 12:34:10	1	3	15	0
        118585	2026-03-02 12:38:03	1	3	15	0
        118585	2026-03-02 12:40:06	1	3	15	0
        110124	2026-03-02 12:40:56	1	3	15	0
        118509	2026-03-02 12:42:15	1	3	15	0
        119392	2026-03-02 12:44:19	1	3	15	0
        118509	2026-03-02 12:46:01	1	3	15	0
        116202	2026-03-02 12:47:34	1	3	15	0
        119392	2026-03-02 12:48:23	1	3	15	0
        116202	2026-03-02 12:50:35	1	3	15	0
        116738	2026-03-02 12:52:03	1	3	15	0
        118801	2026-03-02 12:52:09	1	3	15	0
        116511	2026-03-02 12:53:07	1	3	15	0
        116487	2026-03-02 15:44:14	1	3	15	0
        117398	2026-03-02 15:52:26	1	3	15	0
        110477	2026-03-02 17:02:35	1	1	15	0
        118326	2026-03-02 17:05:53	1	1	15	0
        116953	2026-03-02 17:05:58	1	1	15	0
        116825	2026-03-02 17:06:03	1	1	15	0
        119376	2026-03-02 17:06:20	1	1	15	0
        118509	2026-03-02 17:06:57	1	1	15	0
        118251	2026-03-02 17:07:04	1	1	1	0
        116152	2026-03-02 17:07:23	1	1	15	0
        117185	2026-03-02 17:07:34	1	1	15	0
        117656	2026-03-02 17:10:51	1	1	15	0
        119077	2026-03-02 17:10:56	1	1	15	0
        110045	2026-03-02 17:11:09	1	1	15	0
        118801	2026-03-02 17:13:33	1	1	15	0
        116511	2026-03-02 17:13:38	1	1	15	0
        116509	2026-03-02 17:13:42	1	1	15	0
        116844	2026-03-02 17:16:58	1	1	15	0
        116712	2026-03-02 17:19:01	1	1	15	0
        117631	2026-03-02 17:19:51	1	1	15	0
        116192	2026-03-02 17:19:56	1	1	15	0
        118398	2026-03-02 17:21:12	1	1	15	0
        116263	2026-03-02 17:21:17	1	1	15	0
        119443	2026-03-02 17:21:28	1	1	15	0
        119393	2026-03-02 17:21:36	1	1	15	0
        119117	2026-03-02 17:21:43	1	1	1	0
        117518	2026-03-02 17:21:57	1	1	15	0
        118301	2026-03-02 17:27:20	1	1	15	0
        116096	2026-03-02 17:28:09	1	1	15	0
        116070	2026-03-02 17:28:17	1	1	15	0
        116202	2026-03-02 17:32:39	1	1	15	0
        118407	2026-03-02 17:32:56	1	1	15	0
        117242	2026-03-02 17:33:03	1	1	1	0
        118566	2026-03-02 17:35:32	1	1	15	0
        116790	2026-03-02 17:37:33	1	1	15	0
        117092	2026-03-02 17:45:44	1	1	15	0
        119206	2026-03-02 17:49:41	1	1	15	0
        117090	2026-03-02 17:50:48	1	1	15	0
        110046	2026-03-02 17:52:51	1	1	15	0
        117977	2026-03-02 17:55:02	1	1	15	0
        118143	2026-03-02 18:01:54	1	1	15	0
        116466	2026-03-02 18:07:19	1	1	1	0
        119392	2026-03-02 18:08:35	1	1	15	0
        110124	2026-03-02 18:09:27	1	1	15	0
        118298	2026-03-02 18:09:33	1	1	1	0
        116434	2026-03-02 18:10:03	1	1	1	0
        110068	2026-03-02 18:11:42	1	1	1	0
        118548	2026-03-02 18:11:46	1	1	15	0
        117274	2026-03-02 18:13:56	1	1	15	0
        117775	2026-03-02 18:21:29	1	1	15	0
        110429	2026-03-02 18:22:16	1	1	15	0
        110115	2026-03-02 18:27:35	1	1	15	0
        116738	2026-03-02 18:27:44	1	1	15	0
        117727	2026-03-02 18:27:49	1	1	15	0
        118585	2026-03-02 18:29:59	1	1	15	0
        116829	2026-03-02 18:58:19	1	1	15	0
        117687	2026-03-02 20:07:59	1	1	15	0
        118548	2026-03-03 06:06:51	1	0	15	0
        116953	2026-03-03 06:36:36	1	0	15	0
        118160	2026-03-03 06:39:36	1	0	15	0
        118326	2026-03-03 06:40:44	1	0	15	0
        116509	2026-03-03 06:41:48	1	0	15	0
        110045	2026-03-03 06:48:14	1	0	15	0
        118406	2026-03-03 06:48:20	1	0	15	0
        110046	2026-03-03 06:52:04	1	0	15	0
        117656	2026-03-03 06:59:13	1	0	15	0
        118585	2026-03-03 07:05:45	1	0	15	0
        117631	2026-03-03 07:09:32	1	0	15	0
        117090	2026-03-03 07:10:25	1	0	15	0
        117185	2026-03-03 07:10:57	1	0	15	0
        116487	2026-03-03 07:11:08	1	0	15	0
        118301	2026-03-03 07:17:17	1	0	15	0
        118251	2026-03-03 07:18:53	1	0	1	0
        116825	2026-03-03 07:24:14	1	0	15	0
        117775	2026-03-03 07:28:52	1	0	15	0
        110477	2026-03-03 07:38:46	1	0	15	0
        119206	2026-03-03 07:39:33	1	0	15	0
        116192	2026-03-03 07:43:30	1	0	15	0
        118509	2026-03-03 07:44:34	1	0	15	0
        117242	2026-03-03 07:50:29	1	0	1	0
        116096	2026-03-03 07:54:58	1	0	15	0
        117687	2026-03-03 07:55:07	1	0	15	0
        116790	2026-03-03 07:58:30	1	0	15	0
        116844	2026-03-03 07:59:40	1	0	15	0
        110429	2026-03-03 08:00:01	1	0	15	0
        118760	2026-03-03 08:00:15	1	0	15	0
        118143	2026-03-03 08:00:38	1	0	15	0
        119117	2026-03-03 08:03:44	1	0	1	0
        110188	2026-03-03 08:04:11	1	0	15	0
        119443	2026-03-03 08:06:32	1	0	15	0
        117274	2026-03-03 08:08:06	1	0	15	0
        110124	2026-03-03 08:09:50	1	0	15	0
        117518	2026-03-03 08:14:44	1	0	15	0
        116738	2026-03-03 08:15:38	1	0	15	0
        117092	2026-03-03 08:19:48	1	0	15	0
        116712	2026-03-03 08:20:08	1	0	15	0
        117398	2026-03-03 08:21:09	1	0	15	0
        118801	2026-03-03 08:21:27	1	0	15	0
        116466	2026-03-03 08:22:31	1	0	1	0
        119406	2026-03-03 08:23:47	1	0	15	0
        116434	2026-03-03 08:23:53	1	0	1	0
        116511	2026-03-03 08:25:08	1	0	15	0
        117727	2026-03-03 08:25:39	1	0	15	0
        118298	2026-03-03 08:27:40	1	0	1	0
        119077	2026-03-03 08:31:19	1	0	15	0
        117977	2026-03-03 08:34:20	1	0	15	0
        118083	2026-03-03 08:35:07	1	0	15	0
        110068	2026-03-03 08:38:09	1	0	1	0
        116007	2026-03-03 08:38:45	1	0	1	0
        119392	2026-03-03 08:40:27	1	0	15	0
        116476	2026-03-03 08:40:58	1	0	15	0
        119393	2026-03-03 08:41:15	1	0	15	0
        116263	2026-03-03 08:41:26	1	0	15	0
        116152	2026-03-03 08:44:49	1	0	15	0
        110115	2026-03-03 08:44:55	1	0	15	0
        118407	2026-03-03 08:46:39	1	0	15	0
        118398	2026-03-03 08:52:00	1	0	15	0
        119376	2026-03-03 08:54:05	1	0	15	0
        118566	2026-03-03 08:57:26	1	0	15	0
        116829	2026-03-03 09:05:42	1	0	15	0
        116509	2026-03-03 11:59:45	1	0	15	0
        117631	2026-03-03 12:00:08	1	0	15	0
        116192	2026-03-03 12:00:16	1	0	15	0
        117090	2026-03-03 12:00:19	1	0	15	0
        117775	2026-03-03 12:00:23	1	0	15	0
        119376	2026-03-03 12:00:32	1	0	15	0
        118298	2026-03-03 12:00:36	1	0	1	0
        117274	2026-03-03 12:01:03	1	2	15	0
        116152	2026-03-03 12:01:22	1	2	15	0
        110429	2026-03-03 12:01:50	1	2	15	0
        116070	2026-03-03 12:02:01	1	2	1	0
        118160	2026-03-03 12:02:09	1	2	15	0
        116953	2026-03-03 12:02:33	1	2	15	0
        116790	2026-03-03 12:02:37	1	2	15	0
        117631	2026-03-03 12:03:12	1	2	15	0
        116192	2026-03-03 12:03:16	1	2	15	0
        117090	2026-03-03 12:03:19	1	2	15	0
        119376	2026-03-03 12:03:24	1	2	15	0
        116070	2026-03-03 12:03:42	1	2	15	0
        110477	2026-03-03 12:03:48	1	2	15	0
        116509	2026-03-03 12:03:52	1	2	15	0
        117274	2026-03-03 12:04:03	1	2	15	0
        119393	2026-03-03 12:04:11	1	2	15	0
        118251	2026-03-03 12:04:15	1	2	1	0
        119443	2026-03-03 12:04:21	1	2	15	0
        116263	2026-03-03 12:04:25	1	2	15	0
        117775	2026-03-03 12:04:36	1	2	15	0
        110068	2026-03-03 12:05:04	1	2	1	0
        118548	2026-03-03 12:05:10	1	2	15	0
        119077	2026-03-03 12:05:14	1	2	15	0
        118083	2026-03-03 12:05:18	1	2	15	0
        118398	2026-03-03 12:05:22	1	2	15	0
        118160	2026-03-03 12:05:40	1	2	15	0
        116152	2026-03-03 12:05:45	1	2	15	0
        116712	2026-03-03 12:06:08	1	2	15	0
        116829	2026-03-03 12:06:18	1	2	15	0
        116953	2026-03-03 12:06:34	1	2	15	0
        116790	2026-03-03 12:06:38	1	2	15	0
        110477	2026-03-03 12:07:14	1	2	15	0
        116829	2026-03-03 12:07:21	1	2	15	0
        119206	2026-03-03 12:07:25	1	2	15	0
        118407	2026-03-03 12:07:30	1	2	15	0
        119443	2026-03-03 12:07:41	1	2	15	0
        116263	2026-03-03 12:07:45	1	2	15	0
        116476	2026-03-03 12:07:49	1	2	15	0
        117687	2026-03-03 12:07:54	1	2	15	0
        118406	2026-03-03 12:07:59	1	2	15	0
        117185	2026-03-03 12:08:03	1	2	15	0
        118251	2026-03-03 12:08:08	1	2	1	0
        118083	2026-03-03 12:08:14	1	2	15	0
        116825	2026-03-03 12:08:23	1	2	15	0
        118398	2026-03-03 12:08:34	1	2	15	0
        118143	2026-03-03 12:09:17	1	2	15	0
        119206	2026-03-03 12:10:11	1	2	15	0
        118407	2026-03-03 12:10:16	1	2	15	0
        117687	2026-03-03 12:10:22	1	2	15	0
        118801	2026-03-03 12:10:38	1	2	15	0
        116825	2026-03-03 12:10:49	1	2	15	0
        116844	2026-03-03 12:10:58	1	2	15	0
        117518	2026-03-03 12:11:03	1	2	15	0
        118301	2026-03-03 12:12:47	1	2	15	0
        116007	2026-03-03 12:12:52	1	2	1	0
        116712	2026-03-03 12:13:13	1	2	15	0
        110045	2026-03-03 12:13:30	1	2	15	0
        118143	2026-03-03 12:13:49	1	2	15	0
        110068	2026-03-03 12:13:53	1	2	1	0
        119393	2026-03-03 12:13:59	1	2	15	0
        118548	2026-03-03 12:14:03	1	2	15	0
        116466	2026-03-03 12:14:11	1	2	1	0
        118760	2026-03-03 12:14:17	1	2	15	0
        116844	2026-03-03 12:14:22	1	2	15	0
        117518	2026-03-03 12:15:12	1	2	15	0
        118566	2026-03-03 12:15:22	1	2	15	0
        110124	2026-03-03 12:16:00	1	2	15	0
        117242	2026-03-03 12:16:28	1	2	1	0
        116511	2026-03-03 12:16:52	1	2	15	0
        117727	2026-03-03 12:16:56	1	2	15	0
        116738	2026-03-03 12:17:00	1	2	15	0
        119117	2026-03-03 12:17:17	1	2	1	0
        118760	2026-03-03 12:18:12	1	2	15	0
        117656	2026-03-03 12:18:17	1	2	15	0
        119406	2026-03-03 12:19:14	1	2	15	0
        118326	2026-03-03 12:19:18	1	2	15	0
        110429	2026-03-03 12:19:25	1	2	15	0
        110046	2026-03-03 12:19:46	1	2	15	0
        117242	2026-03-03 12:19:58	1	2	1	0
        117977	2026-03-03 12:20:56	1	2	15	0
        110124	2026-03-03 12:21:35	1	2	15	0
        110045	2026-03-03 12:22:23	1	2	15	0
        119117	2026-03-03 12:22:56	1	2	1	0
        117977	2026-03-03 12:23:46	1	2	15	0
        119406	2026-03-03 12:24:38	1	2	15	0
        117656	2026-03-03 12:25:04	1	2	15	0
        110188	2026-03-03 12:25:59	1	2	15	0
        116007	2026-03-03 12:26:07	1	2	1	0
        116509	2026-03-03 12:26:30	1	2	15	0
        118298	2026-03-03 12:26:33	1	2	1	0
        116466	2026-03-03 12:26:52	1	2	1	0
        118566	2026-03-03 12:27:04	1	2	15	0
        116434	2026-03-03 12:28:04	1	2	1	0
        110115	2026-03-03 12:28:24	1	2	15	0
        110188	2026-03-03 12:28:52	1	2	15	0
        118326	2026-03-03 12:30:54	1	3	15	0
        117185	2026-03-03 12:31:29	1	3	15	0
        118406	2026-03-03 12:31:34	1	3	15	0
        116738	2026-03-03 12:32:54	1	3	15	0
        119077	2026-03-03 12:34:07	1	3	15	0
        110046	2026-03-03 12:34:47	1	3	15	0
        118801	2026-03-03 12:36:29	1	3	15	0
        116476	2026-03-03 12:36:58	1	3	15	0
        118509	2026-03-03 12:38:23	1	3	15	0
        117727	2026-03-03 12:39:03	1	3	15	0
        117092	2026-03-03 12:39:53	1	3	15	0
        117092	2026-03-03 12:42:26	1	3	15	0
        110115	2026-03-03 12:42:30	1	3	15	0
        118509	2026-03-03 12:42:34	1	3	15	0
        116511	2026-03-03 12:43:16	1	3	15	0
        118301	2026-03-03 12:53:19	1	3	15	0
        119392	2026-03-03 12:54:13	1	3	15	0
        119392	2026-03-03 12:56:41	1	3	15	0
        116434	2026-03-03 12:57:51	1	3	1	0
        116487	2026-03-03 15:35:04	1	3	15	0
        118326	2026-03-03 16:01:08	1	1	15	0
        117185	2026-03-03 16:16:23	1	1	15	0
        116953	2026-03-03 16:16:30	1	1	15	0
        117090	2026-03-03 16:22:24	1	1	15	0
        116509	2026-03-03 16:22:28	1	1	15	0
        116825	2026-03-03 16:31:43	1	1	15	0
        118406	2026-03-03 16:41:25	1	1	15	0
        117398	2026-03-03 16:43:52	1	1	15	0
        110477	2026-03-03 16:46:07	1	1	15	0
        117656	2026-03-03 16:55:58	1	1	15	0
        117631	2026-03-03 16:59:42	1	1	15	0
        116192	2026-03-03 17:00:04	1	1	15	0
        118301	2026-03-03 17:01:03	1	1	15	0
        118509	2026-03-03 17:02:53	1	1	15	0
        110045	2026-03-03 17:03:08	1	1	15	0
        119206	2026-03-03 17:08:31	1	1	15	0
        116511	2026-03-03 17:11:06	1	1	15	0
        118801	2026-03-03 17:23:47	1	1	15	0
        116466	2026-03-03 17:30:55	1	1	1	0
        116844	2026-03-03 17:31:11	1	1	15	0
        119077	2026-03-03 17:34:11	1	1	15	0
        110188	2026-03-03 17:41:23	1	1	15	0
        117274	2026-03-03 17:42:10	1	1	15	0
        118083	2026-03-03 17:42:22	1	1	15	0
        116263	2026-03-03 17:44:05	1	1	15	0
        116712	2026-03-03 17:44:43	1	1	15	0
        116476	2026-03-03 17:47:54	1	1	15	0
        117977	2026-03-03 17:48:36	1	1	15	0
        118760	2026-03-03 17:54:38	1	1	15	0
        110124	2026-03-03 17:55:04	1	1	15	0
        116790	2026-03-03 17:57:19	1	1	15	0
        110046	2026-03-03 17:58:30	1	1	15	0
        117775	2026-03-03 17:58:50	1	1	15	0
        116738	2026-03-03 17:59:11	1	1	15	0
        118398	2026-03-03 18:00:00	1	1	15	0
        117242	2026-03-03 18:03:49	1	1	1	0
        118251	2026-03-03 18:07:00	1	1	1	0
        119443	2026-03-03 18:07:06	1	1	15	0
        119393	2026-03-03 18:07:10	1	1	15	0
        118160	2026-03-03 18:07:24	1	1	15	0
        117518	2026-03-03 18:07:29	1	1	15	0
        116829	2026-03-03 18:13:07	1	1	15	0
        118585	2026-03-03 18:15:34	1	1	15	0
        118298	2026-03-03 18:16:38	1	1	1	0
        119392	2026-03-03 18:16:44	1	1	15	0
        119376	2026-03-03 18:18:11	1	1	15	0
        110115	2026-03-03 18:21:50	1	1	15	0
        110429	2026-03-03 18:22:03	1	1	15	0
        118566	2026-03-03 18:22:50	1	1	15	0
        117727	2026-03-03 18:23:14	1	1	15	0
        116434	2026-03-03 18:23:16	1	1	1	0
        118548	2026-03-03 18:26:52	1	1	15	0
        110068	2026-03-03 18:27:02	1	1	1	0
        119117	2026-03-03 18:27:22	1	1	1	0
        116152	2026-03-03 18:43:33	1	1	15	0
        118143	2026-03-03 19:04:27	1	1	15	0
        119406	2026-03-03 19:10:13	1	1	15	0
        118407	2026-03-03 19:21:23	1	1	15	0
        117687	2026-03-03 19:53:42	1	1	15	0
        116007	2026-03-03 22:34:46	1	1	1	0
        118548	2026-03-04 06:03:20	1	0	15	0
        116487	2026-03-04 06:17:36	1	0	15	0
        118326	2026-03-04 06:39:36	1	0	15	0
        118160	2026-03-04 06:48:34	1	0	15	0
        118406	2026-03-04 06:52:08	1	0	15	0
        116509	2026-03-04 06:52:55	1	0	15	0
        117656	2026-03-04 06:56:54	1	0	15	0
        117090	2026-03-04 07:13:30	1	0	15	0
        117185	2026-03-04 07:14:25	1	0	15	0
        118251	2026-03-04 07:15:07	1	0	1	0
        118301	2026-03-04 07:16:27	1	0	15	0
        110045	2026-03-04 07:24:03	1	0	15	0
        116152	2026-03-04 07:28:59	1	0	15	0
        110477	2026-03-04 07:32:59	1	0	15	0
        118585	2026-03-04 07:34:56	1	0	15	0
        116192	2026-03-04 07:37:05	1	0	15	0
        117631	2026-03-04 07:40:03	1	0	15	0
        118509	2026-03-04 07:48:30	1	0	15	0
        119206	2026-03-04 07:50:27	1	0	15	0
        116263	2026-03-04 07:50:57	1	0	15	0
        117242	2026-03-04 07:53:13	1	0	1	0
        117727	2026-03-04 07:55:25	1	0	15	0
        117775	2026-03-04 07:55:36	1	0	15	0
        118143	2026-03-04 07:56:53	1	0	15	0
        118407	2026-03-04 07:57:20	1	0	15	0
        119117	2026-03-04 07:59:29	1	0	1	0
        110429	2026-03-04 08:01:29	1	0	15	0
        110124	2026-03-04 08:03:16	1	0	15	0
        116953	2026-03-04 08:04:59	1	0	15	0
        116844	2026-03-04 08:05:20	1	0	15	0
        117518	2026-03-04 08:08:57	1	0	15	0
        116790	2026-03-04 08:11:15	1	0	15	0
        116202	2026-03-04 08:12:49	1	0	15	0
        116466	2026-03-04 08:12:58	1	0	1	0
        110068	2026-03-04 08:14:48	1	0	1	0
        117092	2026-03-04 08:14:54	1	0	15	0
        116738	2026-03-04 08:16:39	1	0	15	0
        118760	2026-03-04 08:17:07	1	0	15	0
        116825	2026-03-04 08:19:25	1	0	15	0
        117687	2026-03-04 08:20:29	1	0	15	0
        116096	2026-03-04 08:25:13	1	0	15	0
        119406	2026-03-04 08:26:15	1	0	15	0
        110188	2026-03-04 08:27:37	1	0	15	0
        116829	2026-03-04 08:37:11	1	0	15	0
        118801	2026-03-04 08:39:09	1	0	15	0
        110115	2026-03-04 08:39:40	1	0	15	0
        119392	2026-03-04 08:40:06	1	0	15	0
        116712	2026-03-04 08:40:28	1	0	15	0
        116434	2026-03-04 08:40:48	1	0	1	0
        117977	2026-03-04 08:41:15	1	0	15	0
        119077	2026-03-04 08:44:23	1	0	15	0
        118566	2026-03-04 08:44:35	1	0	15	0
        119443	2026-03-04 08:45:58	1	0	15	0
        119376	2026-03-04 08:46:03	1	0	15	0
        117274	2026-03-04 08:46:40	1	0	15	0
        118298	2026-03-04 08:48:31	1	0	1	0
        116476	2026-03-04 08:50:12	1	0	15	0
        116511	2026-03-04 08:53:49	1	0	15	0
        118083	2026-03-04 08:57:48	1	0	15	0
        118398	2026-03-04 08:57:54	1	0	15	0
        117687	2026-03-04 11:58:06	1	0	15	0
        117631	2026-03-04 12:00:13	1	0	15	0
        117775	2026-03-04 12:00:18	1	0	15	0
        116712	2026-03-04 12:00:41	1	0	15	0
        118407	2026-03-04 12:00:54	1	0	15	0
        118760	2026-03-04 12:01:02	1	0	15	0
        117242	2026-03-04 12:01:09	1	0	1	0
        118509	2026-03-04 12:01:14	1	2	15	0
        119117	2026-03-04 12:01:17	1	2	1	0
        117687	2026-03-04 12:01:24	1	2	15	0
        116825	2026-03-04 12:01:32	1	2	15	0
        116007	2026-03-04 12:01:48	1	2	1	0
        116434	2026-03-04 12:02:04	1	2	1	0
        116192	2026-03-04 12:02:24	1	2	15	0
        117090	2026-03-04 12:02:28	1	2	15	0
        116738	2026-03-04 12:02:32	1	2	15	0
        117274	2026-03-04 12:02:37	1	2	15	0
        119206	2026-03-04 12:02:43	1	2	15	0
        116476	2026-03-04 12:02:52	1	2	15	0
        118760	2026-03-04 12:02:56	1	2	15	0
        117775	2026-03-04 12:03:12	1	2	15	0
        117631	2026-03-04 12:03:20	1	2	15	0
        119376	2026-03-04 12:03:34	1	2	15	0
        116263	2026-03-04 12:03:38	1	2	15	0
        118251	2026-03-04 12:03:43	1	2	1	0
        119443	2026-03-04 12:03:50	1	2	15	0
        118298	2026-03-04 12:03:54	1	2	1	0
        110429	2026-03-04 12:04:00	1	2	15	0
        118160	2026-03-04 12:04:04	1	2	15	0
        117687	2026-03-04 12:04:10	1	2	15	0
        118398	2026-03-04 12:04:15	1	2	15	0
        117727	2026-03-04 12:04:22	1	2	15	0
        119117	2026-03-04 12:04:46	1	2	1	0
        116509	2026-03-04 12:04:57	1	2	15	0
        116953	2026-03-04 12:05:02	1	2	15	0
        118801	2026-03-04 12:05:08	1	2	15	0
        118301	2026-03-04 12:05:12	1	2	15	0
        119206	2026-03-04 12:05:26	1	2	15	0
        116825	2026-03-04 12:05:30	1	2	15	0
        110068	2026-03-04 12:05:49	1	2	1	0
        116192	2026-03-04 12:05:56	1	2	15	0
        117090	2026-03-04 12:06:00	1	2	15	0
        118548	2026-03-04 12:06:05	1	2	15	0
        118509	2026-03-04 12:06:12	1	2	15	0
        118160	2026-03-04 12:06:15	1	2	15	0
        117274	2026-03-04 12:06:24	1	2	15	0
        116466	2026-03-04 12:06:37	1	2	1	0
        119376	2026-03-04 12:06:44	1	2	15	0
        118326	2026-03-04 12:06:47	1	2	15	0
        110477	2026-03-04 12:07:11	1	2	15	0
        118160	2026-03-04 12:07:30	1	2	15	0
        116152	2026-03-04 12:07:47	1	2	15	0
        116790	2026-03-04 12:07:52	1	2	15	0
        119406	2026-03-04 12:07:57	1	2	15	0
        116263	2026-03-04 12:08:05	1	2	15	0
        119443	2026-03-04 12:08:17	1	2	15	0
        118398	2026-03-04 12:08:24	1	2	15	0
        118251	2026-03-04 12:08:38	1	2	1	0
        116096	2026-03-04 12:09:03	1	2	15	0
        116829	2026-03-04 12:09:11	1	2	15	0
        110188	2026-03-04 12:09:36	1	2	15	0
        117656	2026-03-04 12:09:40	1	2	15	0
        116953	2026-03-04 12:10:07	1	2	15	0
        110068	2026-03-04 12:10:40	1	2	1	0
        118548	2026-03-04 12:10:46	1	2	15	0
        116152	2026-03-04 12:10:49	1	2	15	0
        118566	2026-03-04 12:11:06	1	2	15	0
        116829	2026-03-04 12:11:18	1	2	15	0
        116096	2026-03-04 12:11:22	1	2	15	0
        116790	2026-03-04 12:11:27	1	2	15	0
        110477	2026-03-04 12:11:33	1	2	15	0
        119077	2026-03-04 12:11:53	1	2	15	0
        117242	2026-03-04 12:12:22	1	2	1	0
        118407	2026-03-04 12:12:29	1	2	15	0
        117656	2026-03-04 12:12:48	1	2	15	0
        110188	2026-03-04 12:12:54	1	2	15	0
        116511	2026-03-04 12:13:01	1	2	15	0
        116007	2026-03-04 12:14:11	1	2	1	0
        119406	2026-03-04 12:14:17	1	2	15	0
        118301	2026-03-04 12:15:31	1	2	15	0
        116844	2026-03-04 12:16:30	1	2	15	0
        116509	2026-03-04 12:18:18	1	2	15	0
        116844	2026-03-04 12:20:15	1	2	15	0
        118406	2026-03-04 12:20:26	1	2	15	0
        117185	2026-03-04 12:20:31	1	2	15	0
        119077	2026-03-04 12:21:48	1	2	15	0
        116007	2026-03-04 12:22:23	1	2	1	0
        118566	2026-03-04 12:23:12	1	2	15	0
        118298	2026-03-04 12:23:16	1	2	1	0
        118083	2026-03-04 12:23:35	1	2	15	0
        116434	2026-03-04 12:23:53	1	2	1	0
        110429	2026-03-04 12:23:59	1	2	15	0
        116466	2026-03-04 12:24:31	1	2	1	0
        116738	2026-03-04 12:25:58	1	2	15	0
        118083	2026-03-04 12:26:12	1	2	15	0
        116712	2026-03-04 12:26:39	1	2	15	0
        117727	2026-03-04 12:26:54	1	2	15	0
        118143	2026-03-04 12:27:44	1	2	15	0
        118143	2026-03-04 12:30:08	1	3	15	0
        110124	2026-03-04 12:31:20	1	3	15	0
        117977	2026-03-04 12:31:31	1	3	15	0
        110045	2026-03-04 12:32:01	1	3	15	0
        117518	2026-03-04 12:32:23	1	3	15	0
        110115	2026-03-04 12:33:32	1	3	15	0
        117977	2026-03-04 12:34:06	1	3	15	0
        117518	2026-03-04 12:36:34	1	3	15	0
        118406	2026-03-04 12:37:37	1	3	15	0
        117185	2026-03-04 12:37:40	1	3	15	0
        116476	2026-03-04 12:37:54	1	3	15	0
        116511	2026-03-04 12:41:58	1	3	15	0
        110045	2026-03-04 12:42:34	1	3	15	0
        110115	2026-03-04 12:42:56	1	3	15	0
        118326	2026-03-04 12:43:14	1	3	15	0
        117092	2026-03-04 12:43:22	1	3	15	0
        116202	2026-03-04 12:43:40	1	3	15	0
        110124	2026-03-04 12:44:06	1	3	15	0
        117092	2026-03-04 12:46:06	1	3	15	0
        116202	2026-03-04 12:46:33	1	3	15	0
        119392	2026-03-04 12:51:14	1	3	15	0
        118585	2026-03-04 12:54:27	1	3	15	0
        119392	2026-03-04 12:54:59	1	3	15	0
        118585	2026-03-04 12:55:27	1	3	15	0
        118801	2026-03-04 12:56:03	1	3	15	0
        116487	2026-03-04 15:32:20	1	3	15	0
        119406	2026-03-04 15:32:26	1	3	15	0
        118326	2026-03-04 16:09:28	1	1	15	0
        110477	2026-03-04 16:40:48	1	1	15	0
        116152	2026-03-04 16:45:36	1	1	15	0
        118301	2026-03-04 16:53:11	1	1	15	0
        116509	2026-03-04 16:55:49	1	1	15	0
        110115	2026-03-04 16:56:46	1	1	15	0
        119206	2026-03-04 17:03:21	1	1	15	0
        117656	2026-03-04 17:05:21	1	1	15	0
        118251	2026-03-04 17:05:28	1	1	1	0
        116263	2026-03-04 17:06:08	1	1	15	0
        118509	2026-03-04 17:10:29	1	1	15	0
        118548	2026-03-04 17:14:16	1	1	15	0
        117518	2026-03-04 17:14:24	1	1	15	0
        116202	2026-03-04 17:14:32	1	1	15	0
        117631	2026-03-04 17:14:43	1	1	15	0
        117090	2026-03-04 17:14:48	1	1	15	0
        118585	2026-03-04 17:15:50	1	1	15	0
        118160	2026-03-04 17:28:13	1	1	15	0
        116790	2026-03-04 17:29:15	1	1	15	0
        116825	2026-03-04 17:30:21	1	1	15	0
        110429	2026-03-04 17:30:27	1	1	15	0
        118801	2026-03-04 17:32:26	1	1	15	0
        110068	2026-03-04 17:34:21	1	1	1	0
        119117	2026-03-04 17:34:28	1	1	1	0
        116844	2026-03-04 17:36:15	1	1	15	0
        110045	2026-03-04 17:36:38	1	1	15	0
        116096	2026-03-04 17:37:10	1	1	15	0
        110046	2026-03-04 17:40:33	1	1	15	0
        116192	2026-03-04 17:40:55	1	1	15	0
        119077	2026-03-04 17:41:08	1	1	15	0
        116466	2026-03-04 17:43:53	1	1	1	0
        116476	2026-03-04 17:51:28	1	1	15	0
        116434	2026-03-04 17:51:42	1	1	1	0
        118298	2026-03-04 17:52:03	1	1	1	0
        116511	2026-03-04 17:53:04	1	1	15	0
        110188	2026-03-04 17:57:23	1	1	15	0
        118083	2026-03-04 17:57:29	1	1	15	0
        119443	2026-03-04 17:58:44	1	1	15	0
        118398	2026-03-04 17:58:48	1	1	15	0
        117092	2026-03-04 17:59:24	1	1	15	0
        119392	2026-03-04 17:59:42	1	1	15	0
        116712	2026-03-04 18:01:24	1	1	15	0
        118566	2026-03-04 18:02:34	1	1	15	0
        119376	2026-03-04 18:04:46	1	1	15	0
        118760	2026-03-04 18:05:08	1	1	15	0
        116829	2026-03-04 18:10:26	1	1	15	0
        117274	2026-03-04 18:11:36	1	1	15	0
        110124	2026-03-04 18:11:41	1	1	15	0
        117242	2026-03-04 18:13:53	1	1	1	0
        118407	2026-03-04 18:13:59	1	1	15	0
        117977	2026-03-04 18:21:43	1	1	15	0
        117775	2026-03-04 18:32:23	1	1	15	0
        117687	2026-03-04 18:39:16	1	1	15	0
        117727	2026-03-04 18:45:54	1	1	15	0
        116738	2026-03-04 18:46:14	1	1	15	0
        118143	2026-03-04 18:56:34	1	1	15	0
        118548	2026-03-05 06:03:41	1	0	15	0
        116487	2026-03-05 06:15:00	1	0	15	0
        117656	2026-03-05 06:44:23	1	0	15	0
        118326	2026-03-05 06:45:20	1	0	15	0
        118298	2026-03-05 06:55:41	1	0	1	0
        118160	2026-03-05 06:56:31	1	0	15	0
        118585	2026-03-05 07:04:08	1	0	15	0
        117185	2026-03-05 07:14:04	1	0	15	0
        116825	2026-03-05 07:15:37	1	0	15	0
        117090	2026-03-05 07:20:01	1	0	15	0
        116202	2026-03-05 07:24:29	1	0	15	0
        118251	2026-03-05 07:27:13	1	0	1	0
        110477	2026-03-05 07:32:53	1	0	15	0
        116192	2026-03-05 07:36:39	1	0	15	0
        119206	2026-03-05 07:39:02	1	0	15	0
        116953	2026-03-05 07:39:18	1	0	15	0
        117631	2026-03-05 07:42:31	1	0	15	0
        116509	2026-03-05 07:42:58	1	0	15	0
        117775	2026-03-05 07:45:05	1	0	15	0
        118509	2026-03-05 07:45:55	1	0	15	0
        117242	2026-03-05 07:49:18	1	0	1	0
        119117	2026-03-05 07:53:54	1	0	1	0
        110429	2026-03-05 07:54:18	1	0	15	0
        118301	2026-03-05 07:58:18	1	0	15	0
        118143	2026-03-05 08:01:32	1	0	15	0
        116844	2026-03-05 08:01:58	1	0	15	0
        116466	2026-03-05 08:05:48	1	0	1	0
        117398	2026-03-05 08:05:55	1	0	15	0
        110068	2026-03-05 08:06:05	1	0	1	0
        110124	2026-03-05 08:07:22	1	0	15	0
        116790	2026-03-05 08:08:02	1	0	15	0
        110188	2026-03-05 08:10:06	1	0	15	0
        119406	2026-03-05 08:14:45	1	0	15	0
        117092	2026-03-05 08:14:50	1	0	15	0
        110064	2026-03-05 08:17:29	1	0	15	0
        118760	2026-03-05 08:19:18	1	0	15	0
        117518	2026-03-05 08:20:32	1	0	15	0
        117727	2026-03-05 08:21:15	1	0	15	0
        116096	2026-03-05 08:26:49	1	0	15	0
        116434	2026-03-05 08:29:22	1	0	1	0
        116738	2026-03-05 08:32:06	1	0	15	0
        116712	2026-03-05 08:32:10	1	0	15	0
        118801	2026-03-05 08:32:50	1	0	15	0
        119077	2026-03-05 08:36:45	1	0	15	0
        116263	2026-03-05 08:37:34	1	0	15	0
        119443	2026-03-05 08:40:50	1	0	15	0
        119376	2026-03-05 08:41:04	1	0	15	0
        119392	2026-03-05 08:41:47	1	0	15	0
        117687	2026-03-05 08:42:51	1	0	15	0
        116829	2026-03-05 08:43:00	1	0	15	0
        116476	2026-03-05 08:44:05	1	0	15	0
        117977	2026-03-05 08:45:18	1	0	15	0
        117274	2026-03-05 08:47:27	1	0	15	0
        118566	2026-03-05 08:49:54	1	0	15	0
        118407	2026-03-05 08:50:41	1	0	15	0
        118398	2026-03-05 08:52:17	1	0	15	0
        118083	2026-03-05 08:57:16	1	0	15	0
        116511	2026-03-05 08:59:00	1	0	15	0
        119117	2026-03-05 12:00:43	1	0	1	0
        110429	2026-03-05 12:00:50	1	2	15	0
        118301	2026-03-05 12:00:57	1	2	15	0
        116192	2026-03-05 12:01:28	1	2	15	0
        117631	2026-03-05 12:01:31	1	2	15	0
        117775	2026-03-05 12:01:35	1	2	15	0
        117090	2026-03-05 12:01:39	1	2	15	0
        117242	2026-03-05 12:01:43	1	2	1	0
        117687	2026-03-05 12:01:49	1	2	15	0
        116202	2026-03-05 12:02:09	1	2	15	0
        116953	2026-03-05 12:02:15	1	2	15	0
        116790	2026-03-05 12:02:19	1	2	15	0
        110477	2026-03-05 12:02:24	1	2	15	0
        116476	2026-03-05 12:02:36	1	2	15	0
        119206	2026-03-05 12:03:10	1	2	15	0
        116712	2026-03-05 12:03:22	1	2	15	0
        117242	2026-03-05 12:04:10	1	2	1	0
        117687	2026-03-05 12:04:17	1	2	15	0
        117185	2026-03-05 12:04:26	1	2	15	0
        119376	2026-03-05 12:04:31	1	2	15	0
        116192	2026-03-05 12:04:36	1	2	15	0
        117631	2026-03-05 12:04:40	1	2	15	0
        117090	2026-03-05 12:04:44	1	2	15	0
        119117	2026-03-05 12:04:52	1	2	1	0
        116953	2026-03-05 12:05:44	1	2	15	0
        116790	2026-03-05 12:05:51	1	2	15	0
        110477	2026-03-05 12:05:56	1	2	15	0
        118398	2026-03-05 12:06:00	1	2	15	0
        119206	2026-03-05 12:06:08	1	2	15	0
        118548	2026-03-05 12:06:19	1	2	15	0
        119406	2026-03-05 12:06:25	1	2	15	0
        110068	2026-03-05 12:06:30	1	2	1	0
        118801	2026-03-05 12:06:47	1	2	15	0
        118251	2026-03-05 12:06:53	1	2	1	0
        116263	2026-03-05 12:07:00	1	2	15	0
        119443	2026-03-05 12:07:04	1	2	15	0
        116096	2026-03-05 12:07:08	1	2	15	0
        116829	2026-03-05 12:07:11	1	2	15	0
        117274	2026-03-05 12:07:16	1	2	15	0
        118760	2026-03-05 12:07:25	1	2	15	0
        119376	2026-03-05 12:08:04	1	2	15	0
        116466	2026-03-05 12:08:17	1	2	1	0
        118301	2026-03-05 12:08:24	1	2	15	0
        116434	2026-03-05 12:08:42	1	2	1	0
        116511	2026-03-05 12:08:48	1	2	15	0
        116509	2026-03-05 12:08:55	1	2	15	0
        116712	2026-03-05 12:08:57	1	2	15	0
        110068	2026-03-05 12:09:07	1	2	1	0
        118398	2026-03-05 12:09:22	1	2	15	0
        118548	2026-03-05 12:09:27	1	2	15	0
        119406	2026-03-05 12:09:33	1	2	15	0
        118566	2026-03-05 12:09:39	1	2	15	0
        118407	2026-03-05 12:10:05	1	2	15	0
        117775	2026-03-05 12:10:21	1	2	15	0
        117727	2026-03-05 12:10:27	1	2	15	0
        116738	2026-03-05 12:10:34	1	2	15	0
        116829	2026-03-05 12:10:53	1	2	15	0
        116096	2026-03-05 12:10:56	1	2	15	0
        119443	2026-03-05 12:11:03	1	2	15	0
        116263	2026-03-05 12:11:07	1	2	15	0
        118760	2026-03-05 12:11:25	1	2	15	0
        118509	2026-03-05 12:11:40	1	2	15	0
        117274	2026-03-05 12:11:44	1	2	15	0
        119077	2026-03-05 12:13:51	1	2	15	0
        117656	2026-03-05 12:15:48	1	2	15	0
        110188	2026-03-05 12:15:51	1	2	15	0
        117977	2026-03-05 12:18:08	1	2	15	0
        118509	2026-03-05 12:19:17	1	2	15	0
        118143	2026-03-05 12:19:52	1	2	15	0
        116844	2026-03-05 12:19:57	1	2	15	0
        117977	2026-03-05 12:21:10	1	2	15	0
        118143	2026-03-05 12:21:15	1	2	15	0
        118083	2026-03-05 12:21:28	1	2	15	0
        117656	2026-03-05 12:22:06	1	2	15	0
        110188	2026-03-05 12:22:10	1	2	15	0
        116844	2026-03-05 12:22:35	1	2	15	0
        116434	2026-03-05 12:22:57	1	2	1	0
        116509	2026-03-05 12:23:19	1	2	15	0
        110429	2026-03-05 12:24:03	1	2	15	0
        118407	2026-03-05 12:24:16	1	2	15	0
        116825	2026-03-05 12:24:20	1	2	15	0
        118326	2026-03-05 12:24:25	1	2	15	0
        118083	2026-03-05 12:24:33	1	2	15	0
        117185	2026-03-05 12:25:51	1	2	15	0
        118326	2026-03-05 12:30:49	1	3	15	0
        116825	2026-03-05 12:30:59	1	3	15	0
        118566	2026-03-05 12:31:43	1	3	15	0
        118801	2026-03-05 12:33:43	1	3	15	0
        119077	2026-03-05 12:36:40	1	3	15	0
        116476	2026-03-05 12:37:53	1	3	15	0
        118160	2026-03-05 12:39:28	1	3	15	0
        117092	2026-03-05 12:40:55	1	3	15	0
        118160	2026-03-05 12:42:02	1	3	15	0
        117518	2026-03-05 12:42:44	1	3	15	0
        110064	2026-03-05 12:43:24	1	3	15	0
        117092	2026-03-05 12:43:37	1	3	15	0
        117518	2026-03-05 12:46:09	1	3	15	0
        110124	2026-03-05 12:46:33	1	3	15	0
        117727	2026-03-05 12:47:27	1	3	15	0
        116466	2026-03-05 12:47:56	1	3	1	0
        110064	2026-03-05 12:48:46	1	3	15	0
        116738	2026-03-05 12:49:03	1	3	15	0
        116511	2026-03-05 12:49:07	1	3	15	0
        118585	2026-03-05 12:51:26	1	3	15	0
        119392	2026-03-05 12:52:24	1	3	15	0
        118585	2026-03-05 12:52:57	1	3	15	0
        119392	2026-03-05 12:55:02	1	3	15	0
        110124	2026-03-05 13:00:07	1	3	15	0
        116487	2026-03-05 15:31:58	1	3	15	0
        118326	2026-03-05 16:05:54	1	1	15	0
        117185	2026-03-05 16:16:53	1	1	15	0
        116825	2026-03-05 16:17:38	1	1	15	0
        118548	2026-03-05 16:17:44	1	1	15	0
        116712	2026-03-05 16:36:07	1	1	15	0
        116953	2026-03-05 16:40:48	1	1	15	0
        110477	2026-03-05 16:40:59	1	1	15	0
        117398	2026-03-05 16:43:20	1	1	15	0
        119206	2026-03-05 17:08:18	1	1	15	0
        118301	2026-03-05 17:09:10	1	1	15	0
        118509	2026-03-05 17:13:02	1	1	15	0
        116509	2026-03-05 17:20:13	1	1	15	0
        110188	2026-03-05 17:21:47	1	1	15	0
        117631	2026-03-05 17:22:05	1	1	15	0
        117090	2026-03-05 17:22:08	1	1	15	0
        118760	2026-03-05 17:23:42	1	1	15	0
        117092	2026-03-05 17:25:26	1	1	15	0
        110045	2026-03-05 17:27:03	1	1	15	0
        116096	2026-03-05 17:29:14	1	1	15	0
        119117	2026-03-05 17:29:35	1	1	1	0
        116790	2026-03-05 17:31:48	1	1	15	0
        110064	2026-03-05 17:32:36	1	1	15	0
        117242	2026-03-05 17:35:11	1	1	1	0
        119077	2026-03-05 17:40:15	1	1	15	0
        116844	2026-03-05 17:41:01	1	1	15	0
        116192	2026-03-05 17:41:47	1	1	15	0
        118801	2026-03-05 17:42:40	1	1	15	0
        116511	2026-03-05 17:44:03	1	1	15	0
        119376	2026-03-05 17:45:01	1	1	15	0
        116476	2026-03-05 17:49:09	1	1	15	0
        116263	2026-03-05 17:52:33	1	1	15	0
        117977	2026-03-05 17:52:38	1	1	15	0
        119443	2026-03-05 17:53:10	1	1	15	0
        118398	2026-03-05 17:53:13	1	1	15	0
        117518	2026-03-05 17:53:17	1	1	15	0
        117656	2026-03-05 17:54:29	1	1	15	0
        119406	2026-03-05 17:57:39	1	1	15	0
        118585	2026-03-05 18:00:15	1	1	15	0
        118083	2026-03-05 18:01:43	1	1	15	0
        118566	2026-03-05 18:03:45	1	1	15	0
        119392	2026-03-05 18:03:50	1	1	15	0
        118160	2026-03-05 18:11:13	1	1	15	0
        110046	2026-03-05 18:11:24	1	1	15	0
        116466	2026-03-05 18:32:00	1	1	1	0
        117274	2026-03-05 18:35:36	1	1	15	0
        117687	2026-03-05 18:37:30	1	1	15	0
        118407	2026-03-05 18:48:36	1	1	15	0
        110429	2026-03-05 19:12:21	1	1	15	0
        118143	2026-03-05 19:18:51	1	1	15	0
        116738	2026-03-05 19:18:57	1	1	15	0
        116434	2026-03-05 19:24:59	1	1	1	0
        117727	2026-03-05 19:27:32	1	1	15	0
        110124	2026-03-05 19:27:39	1	1	15	0
        110068	2026-03-05 19:40:45	1	1	1	0
        116007	2026-03-05 21:50:59	1	1	1	0
        116738	2026-03-06 05:54:50	1	0	15	0
        110188	2026-03-06 05:59:16	1	0	15	0
        118509	2026-03-06 06:07:11	1	0	15	0
        118548	2026-03-06 06:08:11	1	0	15	0
        117242	2026-03-06 06:22:07	1	0	1	0
        118326	2026-03-06 06:44:29	1	0	15	0
        118160	2026-03-06 06:57:54	1	0	15	0
        117185	2026-03-06 07:02:17	1	0	15	0
        117775	2026-03-06 07:07:17	1	0	15	0
        117090	2026-03-06 07:09:42	1	0	15	0
        116152	2026-03-06 07:13:10	1	0	15	0
        110045	2026-03-06 07:14:43	1	0	15	0
        118251	2026-03-06 07:20:37	1	0	1	0
        116487	2026-03-06 07:23:35	1	0	15	0
        117656	2026-03-06 07:25:47	1	0	15	0
        116192	2026-03-06 07:33:58	1	0	15	0
        116953	2026-03-06 07:34:11	1	0	15	0
        110477	2026-03-06 07:47:05	1	0	15	0
        119206	2026-03-06 07:54:21	1	0	15	0
        118301	2026-03-06 07:54:25	1	0	15	0
        119117	2026-03-06 07:55:01	1	0	1	0
        117631	2026-03-06 07:57:07	1	0	15	0
        118143	2026-03-06 07:59:49	1	0	15	0
        117398	2026-03-06 08:01:09	1	0	15	0
        110115	2026-03-06 08:03:55	1	0	15	0
        116844	2026-03-06 08:07:31	1	0	15	0
        117518	2026-03-06 08:08:41	1	0	15	0
        110124	2026-03-06 08:10:14	1	0	15	0
        116790	2026-03-06 08:12:34	1	0	15	0
        110064	2026-03-06 08:13:18	1	0	15	0
        119077	2026-03-06 08:13:39	1	0	15	0
        116825	2026-03-06 08:18:51	1	0	15	0
        110124	2026-03-06 08:19:34	1	0	15	0
        117092	2026-03-06 08:20:54	1	0	15	0
        110068	2026-03-06 08:23:03	1	0	1	0
        117977	2026-03-06 08:29:38	1	0	15	0
        119406	2026-03-06 08:30:04	1	0	15	0
        116263	2026-03-06 08:30:28	1	0	15	0
        116096	2026-03-06 08:34:29	1	0	15	0
        118585	2026-03-06 08:35:17	1	0	15	0
        117687	2026-03-06 08:42:27	1	0	15	0
        119392	2026-03-06 08:46:59	1	0	15	0
        119443	2026-03-06 08:49:32	1	0	15	0
        119376	2026-03-06 08:50:50	1	0	15	0
        116829	2026-03-06 08:53:09	1	0	15	0
        116511	2026-03-06 08:56:06	1	0	15	0
        117274	2026-03-06 08:59:42	1	0	15	0
        118083	2026-03-06 09:00:16	1	0	15	0
        116476	2026-03-06 09:01:56	1	0	15	0
        118801	2026-03-06 09:11:08	1	0	15	0
        118398	2026-03-06 09:45:09	1	0	15	0
        117775	2026-03-06 12:00:12	1	2	15	0
        119117	2026-03-06 12:00:19	1	2	1	0
        119376	2026-03-06 12:00:26	1	2	15	0
        116152	2026-03-06 12:00:35	1	2	15	0
        119206	2026-03-06 12:00:39	1	2	15	0
        110068	2026-03-06 12:00:44	1	2	1	0
        118548	2026-03-06 12:00:50	1	2	15	0
        117090	2026-03-06 12:00:54	1	2	15	0
        110064	2026-03-06 12:01:01	1	2	15	0
        117274	2026-03-06 12:01:24	1	2	15	0
        116829	2026-03-06 12:01:28	1	2	15	0
        118509	2026-03-06 12:01:33	1	2	15	0
        117090	2026-03-06 12:02:12	1	2	15	0
        117775	2026-03-06 12:02:31	1	2	15	0
        116476	2026-03-06 12:02:35	1	2	15	0
        117687	2026-03-06 12:02:41	1	2	15	0
        117242	2026-03-06 12:02:51	1	2	1	0
        117775	2026-03-06 12:03:35	1	2	15	0
        118251	2026-03-06 12:04:24	1	2	1	0
        116263	2026-03-06 12:04:30	1	2	15	0
        118083	2026-03-06 12:04:33	1	2	15	0
        119443	2026-03-06 12:04:38	1	2	15	0
        119206	2026-03-06 12:04:42	1	2	15	0
        116152	2026-03-06 12:04:53	1	2	15	0
        119376	2026-03-06 12:04:57	1	2	15	0
        116829	2026-03-06 12:05:01	1	2	15	0
        117274	2026-03-06 12:05:06	1	2	15	0
        110064	2026-03-06 12:05:18	1	2	15	0
        118509	2026-03-06 12:05:28	1	2	15	0
        110068	2026-03-06 12:05:35	1	2	1	0
        118548	2026-03-06 12:05:41	1	2	15	0
        119117	2026-03-06 12:05:45	1	2	1	0
        116953	2026-03-06 12:05:52	1	2	15	0
        117687	2026-03-06 12:05:56	1	2	15	0
        117518	2026-03-06 12:06:00	1	2	15	0
        116790	2026-03-06 12:07:38	1	2	15	0
        110477	2026-03-06 12:07:45	1	2	15	0
        116476	2026-03-06 12:07:50	1	2	15	0
        118083	2026-03-06 12:08:01	1	2	15	0
        116263	2026-03-06 12:08:11	1	2	15	0
        118251	2026-03-06 12:08:39	1	2	1	0
        119443	2026-03-06 12:08:48	1	2	15	0
        116509	2026-03-06 12:09:04	1	2	15	0
        118298	2026-03-06 12:09:07	1	2	1	0
        116825	2026-03-06 12:09:25	1	2	15	0
        117092	2026-03-06 12:09:42	1	2	15	0
        118566	2026-03-06 12:10:12	1	2	15	0
        117518	2026-03-06 12:10:21	1	2	15	0
        116953	2026-03-06 12:10:58	1	2	15	0
        117092	2026-03-06 12:11:28	1	2	15	0
        116790	2026-03-06 12:12:02	1	2	15	0
        110477	2026-03-06 12:12:07	1	2	15	0
        118801	2026-03-06 12:12:43	1	2	15	0
        118398	2026-03-06 12:13:05	1	2	15	0
        116825	2026-03-06 12:13:18	1	2	15	0
        116511	2026-03-06 12:13:45	1	2	15	0
        116844	2026-03-06 12:13:54	1	2	15	0
        110124	2026-03-06 12:14:29	1	2	15	0
        116738	2026-03-06 12:15:56	1	2	15	0
        117185	2026-03-06 12:18:05	1	2	15	0
        118407	2026-03-06 12:19:03	1	2	15	0
        110045	2026-03-06 12:20:11	1	2	15	0
        117656	2026-03-06 12:20:41	1	2	15	0
        110045	2026-03-06 12:23:11	1	2	15	0
        110115	2026-03-06 12:23:27	1	2	15	0
        117656	2026-03-06 12:23:59	1	2	15	0
        118801	2026-03-06 12:24:05	1	2	15	0
        117242	2026-03-06 12:24:44	1	2	1	0
        118326	2026-03-06 12:27:05	1	2	15	0
        118143	2026-03-06 12:28:28	1	2	15	0
        119406	2026-03-06 12:28:55	1	2	15	0
        116844	2026-03-06 12:29:58	1	2	15	0
        118143	2026-03-06 12:30:22	1	2	15	0
        118398	2026-03-06 12:30:30	1	2	15	0
        117977	2026-03-06 12:32:09	1	3	15	0
        116192	2026-03-06 12:32:25	1	3	15	0
        117631	2026-03-06 12:32:29	1	3	15	0
        118326	2026-03-06 12:33:56	1	3	15	0
        119406	2026-03-06 12:35:07	1	3	15	0
        116192	2026-03-06 12:35:11	1	3	15	0
        117631	2026-03-06 12:35:15	1	3	15	0
        117977	2026-03-06 12:36:45	1	3	15	0
        118160	2026-03-06 12:40:00	1	3	15	0
        118160	2026-03-06 12:42:55	1	3	15	0
        119077	2026-03-06 12:43:27	1	3	15	0
        110115	2026-03-06 12:43:57	1	3	15	0
        116738	2026-03-06 12:44:03	1	3	15	0
        119077	2026-03-06 12:47:37	1	3	15	0
        118585	2026-03-06 12:50:52	1	3	15	0
        118566	2026-03-06 12:51:36	1	3	15	0
        110124	2026-03-06 12:51:46	1	3	15	0
        117185	2026-03-06 12:52:12	1	3	15	0
        119392	2026-03-06 12:53:42	1	3	15	0
        118585	2026-03-06 12:54:08	1	3	15	0
        119392	2026-03-06 12:55:48	1	3	15	0
        116511	2026-03-06 12:56:58	1	3	15	0
        117185	2026-03-06 15:30:36	1	3	15	0
        116487	2026-03-06 15:33:01	1	3	15	0
        119376	2026-03-06 15:53:41	1	3	15	0
        118083	2026-03-06 16:00:08	1	3	15	0
        118326	2026-03-06 16:01:20	1	1	15	0
        110045	2026-03-06 16:38:21	1	1	15	0
        119443	2026-03-06 16:40:27	1	1	15	0
        118509	2026-03-06 16:48:08	1	1	15	0
        116509	2026-03-06 17:01:16	1	1	15	0
        117631	2026-03-06 17:14:04	1	1	15	0
        117090	2026-03-06 17:14:09	1	1	15	0
        116192	2026-03-06 17:14:15	1	1	15	0
        116844	2026-03-06 17:20:49	1	1	15	0
        119117	2026-03-06 17:36:52	1	1	1	0
        118566	2026-03-06 17:39:03	1	1	15	0
        118251	2026-03-06 17:41:35	1	1	1	0
        116263	2026-03-06 17:41:42	1	1	15	0
        118801	2026-03-06 17:45:48	1	1	15	0
        117092	2026-03-06 17:51:22	1	1	15	0
        117518	2026-03-06 17:53:42	1	1	15	0
        110477	2026-03-06 17:54:49	1	1	15	0
        116790	2026-03-06 17:57:25	1	1	15	0
        118398	2026-03-06 18:02:38	1	1	15	0
        110115	2026-03-06 18:03:27	1	1	15	0
        110046	2026-03-06 18:05:05	1	1	15	0
        116738	2026-03-06 18:15:08	1	1	15	0
        119406	2026-03-06 18:19:51	1	1	15	0
        116825	2026-03-06 18:25:28	1	1	15	0
        116096	2026-03-06 18:25:30	1	1	15	0
        117242	2026-03-06 18:27:10	1	1	1	0
        117977	2026-03-06 18:28:53	1	1	15	0
        110068	2026-03-06 18:35:19	1	1	1	0
        117687	2026-03-06 18:37:25	1	1	15	0
        118407	2026-03-06 18:42:12	1	1	15	0
        118160	2026-03-06 18:48:49	1	1	15	0
        116829	2026-03-06 18:52:33	1	1	15	0
        110124	2026-03-06 18:59:16	1	1	15	0
        116511	2026-03-06 18:59:22	1	1	15	0
        117775	2026-03-06 18:59:32	1	1	15	0
        118585	2026-03-06 19:27:51	1	1	15	0
        118143	2026-03-06 20:06:47	1	1	15	0
        116738	2026-03-07 07:35:59	1	0	15	0
        117090	2026-03-07 10:00:56	1	0	15	0
        117090	2026-03-07 15:03:34	1	3	15	0
        116738	2026-03-08 08:16:49	1	0	15	0
        116738	2026-03-08 08:26:20	1	0	15	0
        116487	2026-03-09 05:58:34	1	0	15	0
        118146	2026-03-09 06:08:30	1	0	15	0
        118548	2026-03-09 06:09:14	1	0	15	0
        117631	2026-03-09 06:19:18	1	0	15	0
        119393	2026-03-09 06:24:37	1	0	15	0
        116152	2026-03-09 06:28:21	1	0	15	0
        117775	2026-03-09 06:30:50	1	0	15	0
        118326	2026-03-09 06:35:48	1	0	15	0
        118160	2026-03-09 06:37:16	1	0	15	0
        118251	2026-03-09 06:37:38	1	0	1	0
        110064	2026-03-09 06:39:11	1	0	15	0
        116953	2026-03-09 06:41:54	1	0	15	0
        119206	2026-03-09 06:43:43	1	0	15	0
        110068	2026-03-09 06:43:49	1	0	1	0
        116511	2026-03-09 06:45:03	1	0	15	0
        117242	2026-03-09 06:46:44	1	0	1	0
        119392	2026-03-09 06:47:58	1	0	15	0
        116712	2026-03-09 06:51:19	1	0	15	0
        110429	2026-03-09 06:52:00	1	0	15	0
        110046	2026-03-09 06:52:55	1	0	15	0
        118760	2026-03-09 06:53:00	1	0	15	0
        110045	2026-03-09 06:53:29	1	0	15	0
        117090	2026-03-09 06:55:55	1	0	15	0
        119443	2026-03-09 06:56:27	1	0	15	0
        117656	2026-03-09 07:05:39	1	0	15	0
        117185	2026-03-09 07:08:09	1	0	15	0
        118301	2026-03-09 07:09:10	1	0	15	0
        118509	2026-03-09 07:11:07	1	0	15	0
        117518	2026-03-09 07:11:56	1	0	15	0
        118585	2026-03-09 07:13:04	1	0	15	0
        116825	2026-03-09 07:15:04	1	0	15	0
        116263	2026-03-09 07:17:11	1	0	15	0
        117274	2026-03-09 07:19:30	1	0	15	0
        110115	2026-03-09 07:20:10	1	0	15	0
        119406	2026-03-09 07:21:13	1	0	15	0
        119406	2026-03-09 07:22:29	1	0	15	0
        117092	2026-03-09 07:23:29	1	0	15	0
        116096	2026-03-09 07:24:52	1	0	15	0
        118566	2026-03-09 07:27:30	1	0	15	0
        110124	2026-03-09 07:33:14	1	0	15	0
        110477	2026-03-09 07:34:22	1	0	15	0
        116192	2026-03-09 07:35:09	1	0	15	0
        117727	2026-03-09 07:35:16	1	0	15	0
        116509	2026-03-09 07:36:48	1	0	15	0
        116844	2026-03-09 07:37:20	1	0	15	0
        117977	2026-03-09 07:39:03	1	0	15	0
        117687	2026-03-09 07:40:02	1	0	15	0
        116202	2026-03-09 07:40:08	1	0	15	0
        118407	2026-03-09 07:41:09	1	0	15	0
        119077	2026-03-09 07:41:53	1	0	15	0
        110188	2026-03-09 07:44:22	1	0	15	0
        118143	2026-03-09 07:45:43	1	0	15	0
        119376	2026-03-09 07:49:35	1	0	15	0
        116738	2026-03-09 07:54:21	1	0	15	0
        116790	2026-03-09 07:54:38	1	0	15	0
        118083	2026-03-09 07:57:14	1	0	15	0
        117398	2026-03-09 08:12:36	1	0	15	0
        118298	2026-03-09 08:13:16	1	0	15	0
        118398	2026-03-09 08:19:55	1	0	15	0
        116829	2026-03-09 08:23:34	1	0	15	0
        117775	2026-03-09 12:00:10	1	2	15	0
        117631	2026-03-09 12:00:14	1	2	15	0
        117090	2026-03-09 12:00:18	1	2	15	0
        119376	2026-03-09 12:00:22	1	2	15	0
        118760	2026-03-09 12:00:55	1	2	15	0
        117274	2026-03-09 12:01:03	1	2	15	0
        116825	2026-03-09 12:01:25	1	2	15	0
        116152	2026-03-09 12:01:49	1	2	15	0
        117656	2026-03-09 12:01:59	1	2	15	0
        110188	2026-03-09 12:02:02	1	2	15	0
        116712	2026-03-09 12:02:52	1	2	15	0
        118760	2026-03-09 12:02:58	1	2	15	0
        117090	2026-03-09 12:03:15	1	2	15	0
        117631	2026-03-09 12:03:18	1	2	15	0
        118301	2026-03-09 12:03:23	1	2	15	0
        119376	2026-03-09 12:03:28	1	2	15	0
        117687	2026-03-09 12:03:37	1	2	15	0
        119077	2026-03-09 12:03:50	1	2	15	0
        119206	2026-03-09 12:04:00	1	2	15	0
        116825	2026-03-09 12:04:18	1	2	15	0
        117185	2026-03-09 12:04:40	1	2	15	0
        117242	2026-03-09 12:05:03	1	2	1	0
        117727	2026-03-09 12:05:11	1	2	15	0
        119393	2026-03-09 12:05:14	1	2	15	0
        118251	2026-03-09 12:05:20	1	2	1	0
        116263	2026-03-09 12:05:27	1	2	15	0
        119443	2026-03-09 12:05:32	1	2	15	0
        116152	2026-03-09 12:05:37	1	2	15	0
        116712	2026-03-09 12:05:55	1	2	15	0
        118160	2026-03-09 12:06:08	1	2	15	0
        117775	2026-03-09 12:06:19	1	2	15	0
        117977	2026-03-09 12:06:24	1	2	15	0
        119206	2026-03-09 12:06:29	1	2	15	0
        118083	2026-03-09 12:07:02	1	2	15	0
        116511	2026-03-09 12:07:12	1	2	15	0
        117656	2026-03-09 12:07:29	1	2	15	0
        110188	2026-03-09 12:07:33	1	2	15	0
        117687	2026-03-09 12:08:12	1	2	15	0
        117242	2026-03-09 12:08:16	1	2	1	0
        110045	2026-03-09 12:08:28	1	2	15	0
        118326	2026-03-09 12:08:39	1	2	15	0
        116738	2026-03-09 12:08:57	1	2	15	0
        118160	2026-03-09 12:09:00	1	2	15	0
        119443	2026-03-09 12:09:19	1	2	15	0
        110429	2026-03-09 12:09:23	1	2	15	0
        110064	2026-03-09 12:09:29	1	2	15	0
        116263	2026-03-09 12:09:34	1	2	15	0
        118251	2026-03-09 12:09:39	1	2	1	0
        119393	2026-03-09 12:09:46	1	2	15	0
        110477	2026-03-09 12:09:50	1	2	15	0
        118146	2026-03-09 12:09:54	1	2	15	0
        116096	2026-03-09 12:09:58	1	2	15	0
        116829	2026-03-09 12:10:05	1	2	15	0
        118083	2026-03-09 12:10:26	1	2	15	0
        117092	2026-03-09 12:10:46	1	2	15	0
        118398	2026-03-09 12:11:16	1	2	15	0
        117274	2026-03-09 12:12:59	1	2	15	0
        118801	2026-03-09 12:13:08	1	2	15	0
        116953	2026-03-09 12:13:16	1	2	15	0
        116790	2026-03-09 12:13:19	1	2	15	0
        117092	2026-03-09 12:13:27	1	2	15	0
        118548	2026-03-09 12:13:47	1	2	15	0
        118509	2026-03-09 12:13:52	1	2	15	0
        116829	2026-03-09 12:13:58	1	2	15	0
        116096	2026-03-09 12:14:02	1	2	15	0
        110068	2026-03-09 12:14:05	1	2	1	0
        110477	2026-03-09 12:14:29	1	2	15	0
        118326	2026-03-09 12:14:38	1	2	15	0
        110064	2026-03-09 12:14:52	1	2	15	0
        118301	2026-03-09 12:15:32	1	2	15	0
        118398	2026-03-09 12:15:35	1	2	15	0
        119406	2026-03-09 12:16:56	1	2	15	0
        110068	2026-03-09 12:17:44	1	2	1	0
        118509	2026-03-09 12:17:50	1	2	15	0
        116844	2026-03-09 12:17:55	1	2	15	0
        116953	2026-03-09 12:18:02	1	2	15	0
        116790	2026-03-09 12:18:05	1	2	15	0
        110045	2026-03-09 12:18:17	1	2	15	0
        116192	2026-03-09 12:19:47	1	2	15	0
        118407	2026-03-09 12:21:00	1	2	15	0
        118548	2026-03-09 12:21:07	1	2	15	0
        118566	2026-03-09 12:22:03	1	2	15	0
        116192	2026-03-09 12:22:09	1	2	15	0
        119406	2026-03-09 12:22:26	1	2	15	0
        116844	2026-03-09 12:24:24	1	2	15	0
        118407	2026-03-09 12:24:33	1	2	15	0
        117185	2026-03-09 12:25:05	1	2	15	0
        118298	2026-03-09 12:27:07	1	2	1	0
        116509	2026-03-09 12:27:13	1	2	15	0
        119077	2026-03-09 12:27:45	1	2	15	0
        110115	2026-03-09 12:29:06	1	2	15	0
        118143	2026-03-09 12:30:10	1	3	15	0
        116738	2026-03-09 12:31:44	1	3	15	0
        117727	2026-03-09 12:33:02	1	3	15	0
        117977	2026-03-09 12:33:23	1	3	15	0
        118143	2026-03-09 12:35:24	1	3	15	0
        110124	2026-03-09 12:35:52	1	3	15	0
        118146	2026-03-09 12:37:15	1	3	15	0
        118566	2026-03-09 12:38:24	1	3	15	0
        116511	2026-03-09 12:39:59	1	3	15	0
        116509	2026-03-09 12:40:15	1	3	15	0
        116202	2026-03-09 12:42:55	1	3	15	0
        117518	2026-03-09 12:43:18	1	3	15	0
        110124	2026-03-09 12:46:57	1	3	15	0
        110429	2026-03-09 12:47:04	1	3	15	0
        117518	2026-03-09 12:47:12	1	3	15	0
        116202	2026-03-09 12:47:16	1	3	15	0
        118298	2026-03-09 12:48:21	1	3	1	0
        110115	2026-03-09 12:48:32	1	3	15	0
        119392	2026-03-09 12:53:04	1	3	15	0
        119392	2026-03-09 12:56:41	1	3	15	0
        118801	2026-03-09 12:57:11	1	3	15	0
        116487	2026-03-09 16:05:08	1	1	15	0
        116509	2026-03-09 16:12:38	1	1	15	0
        117398	2026-03-09 16:29:11	1	1	15	0
        116511	2026-03-09 18:00:40	1	1	15	0
        119206	2026-03-09 18:01:34	1	1	15	0
        110064	2026-03-09 18:02:33	1	1	15	0
        117242	2026-03-09 18:02:40	1	1	1	0
        118326	2026-03-09 18:02:46	1	1	15	0
        116953	2026-03-09 18:02:51	1	1	15	0
        118760	2026-03-09 18:05:09	1	1	15	0
        117185	2026-03-09 18:06:22	1	1	15	0
        119392	2026-03-09 18:06:26	1	1	15	0
        117631	2026-03-09 18:06:32	1	1	15	0
        117775	2026-03-09 18:09:41	1	1	15	0
        116152	2026-03-09 18:10:21	1	1	15	0
        110068	2026-03-09 18:10:35	1	1	1	0
        118548	2026-03-09 18:10:41	1	1	15	0
        118251	2026-03-09 18:11:12	1	1	1	0
        119443	2026-03-09 18:11:18	1	1	15	0
        119393	2026-03-09 18:11:23	1	1	15	0
        116712	2026-03-09 18:13:12	1	1	15	0
        118301	2026-03-09 18:17:22	1	1	15	0
        118509	2026-03-09 18:17:36	1	1	15	0
        117090	2026-03-09 18:19:41	1	1	15	0
        116825	2026-03-09 18:20:30	1	1	15	0
        110429	2026-03-09 18:21:46	1	1	15	0
        118146	2026-03-09 18:21:57	1	1	15	0
        118298	2026-03-09 18:25:15	1	1	1	0
        117092	2026-03-09 18:31:59	1	1	15	0
        116096	2026-03-09 18:37:01	1	1	15	0
        110477	2026-03-09 18:37:06	1	1	15	0
        117656	2026-03-09 18:40:16	1	1	15	0
        116844	2026-03-09 18:43:13	1	1	15	0
        118801	2026-03-09 18:44:22	1	1	15	0
        119406	2026-03-09 18:45:49	1	1	15	0
        116192	2026-03-09 18:49:54	1	1	15	0
        119376	2026-03-09 18:51:15	1	1	15	0
        118566	2026-03-09 18:54:30	1	1	15	0
        119077	2026-03-09 19:00:38	1	1	15	0
        118398	2026-03-09 19:00:58	1	1	15	0
        116263	2026-03-09 19:01:02	1	1	15	0
        110188	2026-03-09 19:01:06	1	1	15	0
        116202	2026-03-09 19:02:11	1	1	15	0
        118083	2026-03-09 19:02:25	1	1	15	0
        118407	2026-03-09 19:04:06	1	1	15	0
        118160	2026-03-09 19:06:20	1	1	15	0
        117518	2026-03-09 19:06:26	1	1	15	0
        116738	2026-03-09 19:06:42	1	1	15	0
        116790	2026-03-09 19:06:49	1	1	15	0
        117274	2026-03-09 19:07:49	1	1	15	0
        116829	2026-03-09 19:09:09	1	1	15	0
        117687	2026-03-09 19:11:02	1	1	15	0
        110115	2026-03-09 19:48:36	1	1	15	0
        117727	2026-03-09 19:48:43	1	1	15	0
        118143	2026-03-09 20:01:28	1	1	15	0
        110046	2026-03-09 20:02:59	1	1	15	0
        110124	2026-03-09 20:04:07	1	1	15	0
        118585	2026-03-09 20:04:43	1	1	15	0
        118548	2026-03-10 05:57:43	1	0	15	0
        117775	2026-03-10 06:03:30	1	0	15	0
        116487	2026-03-10 06:07:55	1	0	15	0
        118146	2026-03-10 06:18:03	1	0	15	0
        118760	2026-03-10 06:28:45	1	0	15	0
        118326	2026-03-10 06:34:51	1	0	15	0
        116152	2026-03-10 06:34:57	1	0	15	0
        118301	2026-03-10 06:36:17	1	0	15	0
        110064	2026-03-10 06:39:46	1	0	15	0
        116825	2026-03-10 06:40:04	1	0	15	0
        116712	2026-03-10 06:40:14	1	0	15	0
        118251	2026-03-10 06:43:54	1	0	1	0
        119392	2026-03-10 06:43:58	1	0	15	0
        117092	2026-03-10 06:45:18	1	0	15	0
        116096	2026-03-10 06:45:21	1	0	15	0
        119206	2026-03-10 06:48:27	1	0	15	0
        117090	2026-03-10 06:49:32	1	0	15	0
        110477	2026-03-10 06:54:27	1	0	15	0
        117656	2026-03-10 06:54:49	1	0	15	0
        118585	2026-03-10 06:54:53	1	0	15	0
        117631	2026-03-10 06:56:34	1	0	15	0
        110068	2026-03-10 06:56:38	1	0	1	0
        119443	2026-03-10 06:57:19	1	0	15	0
        116202	2026-03-10 06:57:44	1	0	15	0
        119406	2026-03-10 06:57:52	1	0	15	0
        117518	2026-03-10 06:59:26	1	0	15	0
        118160	2026-03-10 07:00:48	1	0	15	0
        116953	2026-03-10 07:01:14	1	0	15	0
        119077	2026-03-10 07:02:38	1	0	15	0
        118509	2026-03-10 07:03:57	1	0	15	0
        117185	2026-03-10 07:04:01	1	0	15	0
        117242	2026-03-10 07:08:12	1	0	1	0
        116263	2026-03-10 07:15:56	1	0	15	0
        117727	2026-03-10 07:21:50	1	0	15	0
        116738	2026-03-10 07:23:56	1	0	15	0
        119393	2026-03-10 07:24:00	1	0	15	0
        116829	2026-03-10 07:24:20	1	0	15	0
        116790	2026-03-10 07:24:38	1	0	15	0
        110115	2026-03-10 07:25:32	1	0	15	0
        118566	2026-03-10 07:29:26	1	0	15	0
        119117	2026-03-10 07:30:28	1	0	1	0
        110124	2026-03-10 07:31:40	1	0	15	0
        116192	2026-03-10 07:33:13	1	0	15	0
        110188	2026-03-10 07:36:25	1	0	15	0
        116844	2026-03-10 07:37:17	1	0	15	0
        117687	2026-03-10 07:46:19	1	0	15	0
        119376	2026-03-10 07:51:08	1	0	15	0
        117977	2026-03-10 07:53:09	1	0	15	0
        118083	2026-03-10 07:55:56	1	0	15	0
        118398	2026-03-10 07:56:04	1	0	15	0
        118143	2026-03-10 07:57:07	1	0	15	0
        117274	2026-03-10 07:57:18	1	0	15	0
        116511	2026-03-10 08:01:19	1	0	15	0
        118801	2026-03-10 08:42:34	1	0	15	0
        117398	2026-03-10 08:53:01	1	0	15	0
        116511	2026-03-10 12:00:08	1	0	15	0
        116096	2026-03-10 12:00:18	1	0	15	0
        118509	2026-03-10 12:00:25	1	0	15	0
        110068	2026-03-10 12:00:29	1	0	1	0
        119117	2026-03-10 12:00:32	1	0	1	0
        118548	2026-03-10 12:00:39	1	2	15	0
        110124	2026-03-10 12:00:53	1	2	15	0
        117274	2026-03-10 12:01:10	1	2	15	0
        119206	2026-03-10 12:01:15	1	2	15	0
        118160	2026-03-10 12:01:19	1	2	15	0
        117631	2026-03-10 12:01:23	1	2	15	0
        117090	2026-03-10 12:01:28	1	2	15	0
        116192	2026-03-10 12:01:32	1	2	15	0
        116152	2026-03-10 12:01:36	1	2	15	0
        117977	2026-03-10 12:01:40	1	2	15	0
        118301	2026-03-10 12:01:48	1	2	15	0
        110188	2026-03-10 12:02:02	1	2	15	0
        117656	2026-03-10 12:02:05	1	2	15	0
        119077	2026-03-10 12:02:22	1	2	15	0
        116825	2026-03-10 12:03:37	1	2	15	0
        118160	2026-03-10 12:03:44	1	2	15	0
        117274	2026-03-10 12:04:02	1	2	15	0
        116738	2026-03-10 12:04:07	1	2	15	0
        118509	2026-03-10 12:04:10	1	2	15	0
        119376	2026-03-10 12:04:15	1	2	15	0
        116829	2026-03-10 12:04:22	1	2	15	0
        116192	2026-03-10 12:04:40	1	2	15	0
        117631	2026-03-10 12:04:44	1	2	15	0
        119393	2026-03-10 12:04:48	1	2	15	0
        110068	2026-03-10 12:04:53	1	2	1	0
        118251	2026-03-10 12:05:04	1	2	1	0
        116152	2026-03-10 12:05:10	1	2	15	0
        119206	2026-03-10 12:05:13	1	2	15	0
        118548	2026-03-10 12:05:18	1	2	15	0
        119117	2026-03-10 12:05:21	1	2	1	0
        118407	2026-03-10 12:05:27	1	2	15	0
        116844	2026-03-10 12:05:30	1	2	15	0
        110064	2026-03-10 12:05:38	1	2	15	0
        117656	2026-03-10 12:05:43	1	2	15	0
        116263	2026-03-10 12:05:47	1	2	15	0
        110188	2026-03-10 12:05:51	1	2	15	0
        119443	2026-03-10 12:05:56	1	2	15	0
        117090	2026-03-10 12:05:59	1	2	15	0
        116829	2026-03-10 12:06:03	1	2	15	0
        116096	2026-03-10 12:06:10	1	2	15	0
        117687	2026-03-10 12:06:22	1	2	15	0
        117242	2026-03-10 12:06:26	1	2	1	0
        118398	2026-03-10 12:06:44	1	2	15	0
        119376	2026-03-10 12:07:03	1	2	15	0
        117977	2026-03-10 12:07:08	1	2	15	0
        118083	2026-03-10 12:07:17	1	2	15	0
        119406	2026-03-10 12:07:23	1	2	15	0
        117775	2026-03-10 12:07:26	1	2	15	0
        118801	2026-03-10 12:07:30	1	2	15	0
        116825	2026-03-10 12:07:46	1	2	15	0
        117185	2026-03-10 12:07:57	1	2	15	0
        116202	2026-03-10 12:10:31	1	2	15	0
        116712	2026-03-10 12:10:36	1	2	15	0
        118083	2026-03-10 12:11:02	1	2	15	0
        118251	2026-03-10 12:11:32	1	2	1	0
        119443	2026-03-10 12:11:40	1	2	15	0
        119393	2026-03-10 12:11:45	1	2	15	0
        116263	2026-03-10 12:11:49	1	2	15	0
        118398	2026-03-10 12:11:52	1	2	15	0
        117518	2026-03-10 12:11:58	1	2	15	0
        117727	2026-03-10 12:12:24	1	2	15	0
        116738	2026-03-10 12:12:28	1	2	15	0
        118326	2026-03-10 12:13:22	1	2	15	0
        119406	2026-03-10 12:14:10	1	2	15	0
        116712	2026-03-10 12:14:20	1	2	15	0
        117775	2026-03-10 12:14:37	1	2	15	0
        117518	2026-03-10 12:15:06	1	2	15	0
        118301	2026-03-10 12:16:07	1	2	15	0
        118566	2026-03-10 12:16:39	1	2	15	0
        117185	2026-03-10 12:16:56	1	2	15	0
        118801	2026-03-10 12:17:00	1	2	15	0
        110064	2026-03-10 12:18:00	1	2	15	0
        110477	2026-03-10 12:18:08	1	2	15	0
        118407	2026-03-10 12:18:35	1	2	15	0
        117687	2026-03-10 12:21:25	1	2	15	0
        118760	2026-03-10 12:22:42	1	2	15	0
        117242	2026-03-10 12:23:55	1	2	1	0
        118326	2026-03-10 12:24:01	1	2	15	0
        110477	2026-03-10 12:24:09	1	2	15	0
        119077	2026-03-10 12:24:59	1	2	15	0
        118760	2026-03-10 12:25:09	1	2	15	0
        116844	2026-03-10 12:25:45	1	2	15	0
        116953	2026-03-10 12:27:39	1	2	15	0
        116790	2026-03-10 12:27:43	1	2	15	0
        116953	2026-03-10 12:32:26	1	3	15	0
        116790	2026-03-10 12:32:29	1	3	15	0
        118566	2026-03-10 12:34:31	1	3	15	0
        116511	2026-03-10 12:38:53	1	3	15	0
        110124	2026-03-10 12:39:03	1	3	15	0
        116202	2026-03-10 12:39:11	1	3	15	0
        118143	2026-03-10 12:41:45	1	3	15	0
        117727	2026-03-10 12:43:51	1	3	15	0
        118143	2026-03-10 12:44:35	1	3	15	0
        118585	2026-03-10 12:47:02	1	3	15	0
        119392	2026-03-10 12:47:28	1	3	15	0
        117092	2026-03-10 12:48:09	1	3	15	0
        118585	2026-03-10 12:48:15	1	3	15	0
        117092	2026-03-10 12:49:41	1	3	15	0
        119392	2026-03-10 12:50:46	1	3	15	0
        116487	2026-03-10 16:05:40	1	1	15	0
        117398	2026-03-10 16:48:09	1	1	15	0
        117185	2026-03-10 16:52:48	1	1	15	0
        117727	2026-03-10 17:03:36	1	1	15	0
        116202	2026-03-10 17:06:58	1	1	15	0
        116152	2026-03-10 17:21:26	1	1	15	0
        118801	2026-03-10 17:44:16	1	1	15	0
        119406	2026-03-10 17:52:24	1	1	15	0
        116511	2026-03-10 17:56:05	1	1	15	0
        116712	2026-03-10 18:00:36	1	1	15	0
        118146	2026-03-10 18:00:56	1	1	15	0
        110064	2026-03-10 18:01:03	1	1	15	0
        116825	2026-03-10 18:01:40	1	1	15	0
        110477	2026-03-10 18:01:57	1	1	15	0
        117092	2026-03-10 18:02:01	1	1	15	0
        119206	2026-03-10 18:02:20	1	1	15	0
        118760	2026-03-10 18:03:08	1	1	15	0
        118509	2026-03-10 18:06:27	1	1	15	0
        119392	2026-03-10 18:06:57	1	1	15	0
        117631	2026-03-10 18:07:16	1	1	15	0
        117090	2026-03-10 18:07:20	1	1	15	0
        118301	2026-03-10 18:07:36	1	1	15	0
        118326	2026-03-10 18:09:11	1	1	15	0
        116096	2026-03-10 18:12:58	1	1	15	0
        117656	2026-03-10 18:13:30	1	1	15	0
        119077	2026-03-10 18:14:35	1	1	15	0
        119443	2026-03-10 18:17:04	1	1	15	0
        118548	2026-03-10 18:23:46	1	1	15	0
        116738	2026-03-10 18:27:20	1	1	15	0
        116953	2026-03-10 18:28:11	1	1	15	0
        118160	2026-03-10 18:32:21	1	1	15	0
        110115	2026-03-10 18:32:56	1	1	15	0
        118251	2026-03-10 18:33:14	1	1	1	0
        119393	2026-03-10 18:33:20	1	1	15	0
        117518	2026-03-10 18:36:21	1	1	15	0
        116192	2026-03-10 18:36:28	1	1	15	0
        116844	2026-03-10 18:38:06	1	1	15	0
        110188	2026-03-10 18:39:49	1	1	15	0
        110068	2026-03-10 18:41:31	1	1	1	0
        119117	2026-03-10 18:42:17	1	1	1	0
        116790	2026-03-10 18:48:53	1	1	15	0
        119376	2026-03-10 18:51:59	1	1	15	0
        118566	2026-03-10 18:54:16	1	1	15	0
        118083	2026-03-10 18:58:50	1	1	15	0
        116263	2026-03-10 18:58:53	1	1	15	0
        118398	2026-03-10 18:59:15	1	1	15	0
        116829	2026-03-10 19:03:49	1	1	15	0
        117977	2026-03-10 19:12:12	1	1	15	0
        117242	2026-03-10 19:13:36	1	1	1	0
        118407	2026-03-10 19:19:18	1	1	15	0
        117274	2026-03-10 19:27:21	1	1	15	0
        110124	2026-03-10 19:50:11	1	1	15	0
        117775	2026-03-10 19:50:50	1	1	15	0
        117687	2026-03-10 20:12:09	1	1	15	0
        118143	2026-03-10 20:16:22	1	1	15	0
        118585	2026-03-11 00:29:27	1	0	15	0
        118146	2026-03-11 06:11:53	1	0	15	0
        117631	2026-03-11 06:25:47	1	0	15	0
        110045	2026-03-11 06:28:45	1	0	15	0
        117090	2026-03-11 06:34:18	1	0	15	0
        118326	2026-03-11 06:36:40	1	0	15	0
        117775	2026-03-11 06:37:58	1	0	15	0
        118760	2026-03-11 06:38:21	1	0	15	0
        117092	2026-03-11 06:38:37	1	0	15	0
        116152	2026-03-11 06:41:47	1	0	15	0
        118251	2026-03-11 06:42:29	1	0	1	0
        117656	2026-03-11 06:44:31	1	0	15	0
        118160	2026-03-11 06:44:40	1	0	15	0
        110068	2026-03-11 06:56:09	1	0	1	0
        118301	2026-03-11 06:56:13	1	0	15	0
        116263	2026-03-11 06:59:04	1	0	15	0
        119406	2026-03-11 06:59:54	1	0	15	0
        116953	2026-03-11 07:00:55	1	0	15	0
        116096	2026-03-11 07:01:29	1	0	15	0
        116790	2026-03-11 07:01:47	1	0	15	0
        119117	2026-03-11 07:02:24	1	0	1	0
        116738	2026-03-11 07:04:58	1	0	15	0
        118509	2026-03-11 07:05:06	1	0	15	0
        119077	2026-03-11 07:05:44	1	0	15	0
        119393	2026-03-11 07:05:49	1	0	15	0
        117518	2026-03-11 07:05:53	1	0	15	0
        117185	2026-03-11 07:06:03	1	0	15	0
        110477	2026-03-11 07:08:08	1	0	15	0
        116844	2026-03-11 07:08:24	1	0	15	0
        116825	2026-03-11 07:10:47	1	0	15	0
        116712	2026-03-11 07:10:53	1	0	15	0
        117242	2026-03-11 07:16:22	1	0	1	0
        110064	2026-03-11 07:21:02	1	0	15	0
        119443	2026-03-11 07:21:08	1	0	15	0
        116829	2026-03-11 07:21:51	1	0	15	0
        118566	2026-03-11 07:30:39	1	0	15	0
        116192	2026-03-11 07:31:58	1	0	15	0
        116202	2026-03-11 07:40:47	1	0	15	0
        117977	2026-03-11 07:43:17	1	0	15	0
        119392	2026-03-11 07:43:28	1	0	15	0
        110124	2026-03-11 07:45:04	1	0	15	0
        110188	2026-03-11 07:46:02	1	0	15	0
        110646	2026-03-11 07:47:40	1	0	15	0
        118398	2026-03-11 07:47:49	1	0	15	0
        119376	2026-03-11 07:48:41	1	0	15	0
        117727	2026-03-11 07:49:58	1	0	15	0
        117398	2026-03-11 07:50:24	1	0	15	0
        118585	2026-03-11 07:51:34	1	0	15	0
        118407	2026-03-11 07:57:17	1	0	15	0
        118143	2026-03-11 08:00:30	1	0	15	0
        118083	2026-03-11 08:01:02	1	0	15	0
        117687	2026-03-11 08:18:41	1	0	15	0
        118801	2026-03-11 08:21:07	1	0	15	0
        116511	2026-03-11 08:26:57	1	0	15	0
        117274	2026-03-11 08:41:43	1	0	15	0
        110115	2026-03-11 08:45:58	1	0	15	0
        118326	2026-03-11 11:59:13	1	0	15	0
        117775	2026-03-11 12:00:07	1	2	15	0
        117090	2026-03-11 12:00:12	1	2	15	0
        117631	2026-03-11 12:00:15	1	2	15	0
        116192	2026-03-11 12:00:19	1	2	15	0
        110064	2026-03-11 12:00:23	1	2	15	0
        110646	2026-03-11 12:00:27	1	2	15	0
        116829	2026-03-11 12:00:31	1	2	15	0
        116511	2026-03-11 12:00:35	1	2	15	0
        117185	2026-03-11 12:00:38	1	2	15	0
        116738	2026-03-11 12:00:43	1	2	15	0
        117727	2026-03-11 12:00:46	1	2	15	0
        119376	2026-03-11 12:00:50	1	2	15	0
        116096	2026-03-11 12:00:54	1	2	15	0
        118801	2026-03-11 12:00:58	1	2	15	0
        118398	2026-03-11 12:01:02	1	2	15	0
        116953	2026-03-11 12:01:07	1	2	15	0
        117274	2026-03-11 12:01:14	1	2	15	0
        116790	2026-03-11 12:01:17	1	2	15	0
        117977	2026-03-11 12:01:21	1	2	15	0
        118160	2026-03-11 12:01:27	1	2	15	0
        119393	2026-03-11 12:02:12	1	2	15	0
        110477	2026-03-11 12:02:16	1	2	15	0
        118251	2026-03-11 12:02:19	1	2	1	0
        116263	2026-03-11 12:02:26	1	2	15	0
        119443	2026-03-11 12:02:31	1	2	15	0
        119117	2026-03-11 12:02:46	1	2	1	0
        110188	2026-03-11 12:02:52	1	2	15	0
        117656	2026-03-11 12:02:58	1	2	15	0
        119376	2026-03-11 12:03:18	1	2	15	0
        116152	2026-03-11 12:03:34	1	2	15	0
        116829	2026-03-11 12:03:42	1	2	15	0
        116096	2026-03-11 12:03:48	1	2	15	0
        117090	2026-03-11 12:04:00	1	2	15	0
        116192	2026-03-11 12:04:06	1	2	15	0
        117274	2026-03-11 12:04:12	1	2	15	0
        110064	2026-03-11 12:04:48	1	2	15	0
        117631	2026-03-11 12:05:01	1	2	15	0
        118160	2026-03-11 12:05:15	1	2	15	0
        116953	2026-03-11 12:05:30	1	2	15	0
        116790	2026-03-11 12:05:33	1	2	15	0
        116825	2026-03-11 12:05:41	1	2	15	0
        118301	2026-03-11 12:06:11	1	2	15	0
        117656	2026-03-11 12:06:23	1	2	15	0
        110188	2026-03-11 12:06:31	1	2	15	0
        118251	2026-03-11 12:06:46	1	2	1	0
        119393	2026-03-11 12:06:53	1	2	15	0
        119443	2026-03-11 12:06:56	1	2	15	0
        116263	2026-03-11 12:07:00	1	2	15	0
        110477	2026-03-11 12:07:05	1	2	15	0
        118398	2026-03-11 12:07:09	1	2	15	0
        116825	2026-03-11 12:07:57	1	2	15	0
        110646	2026-03-11 12:08:02	1	2	15	0
        118326	2026-03-11 12:08:07	1	2	15	0
        119117	2026-03-11 12:08:17	1	2	1	0
        118083	2026-03-11 12:08:28	1	2	15	0
        118760	2026-03-11 12:09:00	1	2	15	0
        116844	2026-03-11 12:09:13	1	2	15	0
        116152	2026-03-11 12:09:21	1	2	15	0
        118407	2026-03-11 12:10:57	1	2	15	0
        118509	2026-03-11 12:11:12	1	2	15	0
        110068	2026-03-11 12:11:16	1	2	1	0
        119406	2026-03-11 12:11:22	1	2	15	0
        118083	2026-03-11 12:13:15	1	2	15	0
        117775	2026-03-11 12:14:17	1	2	15	0
        119077	2026-03-11 12:14:24	1	2	15	0
        118326	2026-03-11 12:14:29	1	2	15	0
        116202	2026-03-11 12:14:39	1	2	15	0
        119406	2026-03-11 12:14:46	1	2	15	0
        118509	2026-03-11 12:14:49	1	2	15	0
        110068	2026-03-11 12:14:55	1	2	1	0
        118301	2026-03-11 12:15:18	1	2	15	0
        110045	2026-03-11 12:15:38	1	2	15	0
        117185	2026-03-11 12:16:34	1	2	15	0
        117092	2026-03-11 12:17:03	1	2	15	0
        116712	2026-03-11 12:17:19	1	2	15	0
        110124	2026-03-11 12:17:26	1	2	15	0
        110045	2026-03-11 12:17:46	1	2	15	0
        119077	2026-03-11 12:18:13	1	2	15	0
        118143	2026-03-11 12:18:26	1	2	15	0
        117092	2026-03-11 12:19:13	1	2	15	0
        118407	2026-03-11 12:21:04	1	2	15	0
        118566	2026-03-11 12:21:12	1	2	15	0
        116202	2026-03-11 12:22:01	1	2	15	0
        116844	2026-03-11 12:22:56	1	2	15	0
        118143	2026-03-11 12:23:59	1	2	15	0
        110115	2026-03-11 12:25:09	1	2	15	0
        117977	2026-03-11 12:25:20	1	2	15	0
        116738	2026-03-11 12:25:58	1	2	15	0
        117727	2026-03-11 12:26:02	1	2	15	0
        116511	2026-03-11 12:26:07	1	2	15	0
        118801	2026-03-11 12:26:10	1	2	15	0
        116712	2026-03-11 12:26:39	1	2	15	0
        118760	2026-03-11 12:29:59	1	2	15	0
        110115	2026-03-11 12:32:07	1	3	15	0
        118566	2026-03-11 12:32:24	1	3	15	0
        110124	2026-03-11 12:37:13	1	3	15	0
        117518	2026-03-11 12:44:39	1	3	15	0
        117518	2026-03-11 12:48:06	1	3	15	0
        119392	2026-03-11 12:50:43	1	3	15	0
        118585	2026-03-11 12:54:18	1	3	15	0
        118585	2026-03-11 12:55:19	1	3	15	0
        119392	2026-03-11 12:57:25	1	3	15	0
        110115	2026-03-11 15:22:47	1	3	15	0
        117775	2026-03-11 16:03:18	1	1	15	0
        117185	2026-03-11 16:04:05	1	1	15	0
        117398	2026-03-11 16:06:29	1	1	15	0
        110045	2026-03-11 16:39:50	1	1	15	0
        117727	2026-03-11 16:53:00	1	1	15	0
        117518	2026-03-11 17:18:26	1	1	15	0
        118801	2026-03-11 17:28:24	1	1	15	0
        116511	2026-03-11 17:31:18	1	1	15	0
        118326	2026-03-11 18:01:39	1	1	15	0
        118760	2026-03-11 18:03:03	1	1	15	0
        118146	2026-03-11 18:06:14	1	1	15	0
        117092	2026-03-11 18:06:35	1	1	15	0
        116096	2026-03-11 18:07:16	1	1	15	0
        116790	2026-03-11 18:07:43	1	1	15	0
        118509	2026-03-11 18:08:24	1	1	15	0
        119077	2026-03-11 18:08:42	1	1	15	0
        110477	2026-03-11 18:09:01	1	1	15	0
        117656	2026-03-11 18:09:52	1	1	15	0
        119117	2026-03-11 18:10:45	1	1	1	0
        117631	2026-03-11 18:11:11	1	1	15	0
        110046	2026-03-11 18:12:54	1	1	15	0
        118301	2026-03-11 18:13:50	1	1	15	0
        110068	2026-03-11 18:14:16	1	1	1	0
        116152	2026-03-11 18:14:20	1	1	15	0
        110064	2026-03-11 18:23:03	1	1	15	0
        116844	2026-03-11 18:28:19	1	1	15	0
        110646	2026-03-11 18:28:41	1	1	15	0
        118251	2026-03-11 18:37:51	1	1	1	0
        119393	2026-03-11 18:37:57	1	1	15	0
        119443	2026-03-11 18:38:03	1	1	15	0
        116712	2026-03-11 18:43:44	1	1	15	0
        116192	2026-03-11 18:45:17	1	1	15	0
        110188	2026-03-11 18:48:49	1	1	15	0
        119392	2026-03-11 18:50:18	1	1	15	0
        119376	2026-03-11 18:53:33	1	1	15	0
        118398	2026-03-11 18:54:11	1	1	15	0
        116263	2026-03-11 18:54:17	1	1	15	0
        116202	2026-03-11 18:56:31	1	1	15	0
        118566	2026-03-11 18:56:45	1	1	15	0
        118083	2026-03-11 19:01:04	1	1	15	0
        116263	2026-03-11 19:02:30	1	1	15	0
        117977	2026-03-11 19:03:01	1	1	15	0
        118407	2026-03-11 19:03:57	1	1	15	0
        117242	2026-03-11 19:04:04	1	1	1	0
        118585	2026-03-11 19:07:36	1	1	15	0
        118160	2026-03-11 19:10:50	1	1	15	0
        116738	2026-03-11 19:12:34	1	1	15	0
        118143	2026-03-11 19:17:48	1	1	15	0
        117090	2026-03-11 19:19:45	1	1	15	0
        116829	2026-03-11 19:31:22	1	1	15	0
        110124	2026-03-11 19:40:18	1	1	15	0
        119406	2026-03-11 19:44:13	1	1	15	0
        117687	2026-03-11 23:36:45	1	1	15	0
        117274	2026-03-11 23:37:09	1	1	15	0
        118548	2026-03-12 06:05:31	1	0	15	0
        118146	2026-03-12 06:17:10	1	0	15	0
        118760	2026-03-12 06:29:02	1	0	15	0
        117631	2026-03-12 06:36:10	1	0	15	0
        118326	2026-03-12 06:36:57	1	0	15	0
        117090	2026-03-12 06:41:20	1	0	15	0
        117977	2026-03-12 06:42:26	1	0	15	0
        110068	2026-03-12 06:44:49	1	0	1	0
        116152	2026-03-12 06:48:47	1	0	15	0
        119117	2026-03-12 06:51:43	1	0	1	0
        118251	2026-03-12 06:53:48	1	0	1	0
        119077	2026-03-12 06:53:59	1	0	15	0
        118301	2026-03-12 06:54:50	1	0	15	0
        118160	2026-03-12 06:56:24	1	0	15	0
        117092	2026-03-12 06:56:44	1	0	15	0
        117242	2026-03-12 07:01:05	1	0	1	0
        110429	2026-03-12 07:02:28	1	0	15	0
        117656	2026-03-12 07:03:00	1	0	15	0
        118585	2026-03-12 07:04:10	1	0	15	0
        116096	2026-03-12 07:05:07	1	0	15	0
        116953	2026-03-12 07:07:35	1	0	15	0
        117185	2026-03-12 07:10:04	1	0	15	0
        116790	2026-03-12 07:11:04	1	0	15	0
        119392	2026-03-12 07:11:31	1	0	15	0
        118509	2026-03-12 07:14:52	1	0	15	0
        116487	2026-03-12 07:15:22	1	0	15	0
        110477	2026-03-12 07:15:44	1	0	15	0
        119393	2026-03-12 07:17:22	1	0	15	0
        117518	2026-03-12 07:17:26	1	0	15	0
        116825	2026-03-12 07:18:48	1	0	15	0
        116844	2026-03-12 07:19:04	1	0	15	0
        118407	2026-03-12 07:22:49	1	0	15	0
        116202	2026-03-12 07:22:55	1	0	15	0
        116263	2026-03-12 07:26:59	1	0	15	0
        119443	2026-03-12 07:27:53	1	0	15	0
        118566	2026-03-12 07:30:33	1	0	15	0
        116712	2026-03-12 07:33:40	1	0	15	0
        116192	2026-03-12 07:38:21	1	0	15	0
        117727	2026-03-12 07:40:03	1	0	15	0
        110064	2026-03-12 07:41:05	1	0	15	0
        118143	2026-03-12 07:43:43	1	0	15	0
        110188	2026-03-12 07:45:41	1	0	15	0
        119376	2026-03-12 07:54:09	1	0	15	0
        116738	2026-03-12 07:56:00	1	0	15	0
        118083	2026-03-12 07:57:14	1	0	15	0
        117274	2026-03-12 07:58:50	1	0	15	0
        116511	2026-03-12 08:01:32	1	0	15	0
        117775	2026-03-12 08:03:29	1	0	15	0
        110115	2026-03-12 08:08:00	1	0	15	0
        110124	2026-03-12 08:11:18	1	0	15	0
        110045	2026-03-12 08:16:50	1	0	15	0
        117398	2026-03-12 08:26:16	1	0	15	0
        118398	2026-03-12 08:35:59	1	0	15	0
        117631	2026-03-12 12:00:14	1	0	15	0
        118398	2026-03-12 12:00:18	1	0	15	0
        119376	2026-03-12 12:00:23	1	0	15	0
        118548	2026-03-12 12:00:27	1	0	15	0
        118326	2026-03-12 12:00:32	1	0	15	0
        116712	2026-03-12 12:01:04	1	0	15	0
        110064	2026-03-12 12:01:08	1	0	15	0
        117775	2026-03-12 12:01:28	1	0	15	0
        118160	2026-03-12 12:02:05	1	0	15	0
        116712	2026-03-12 12:02:10	1	0	15	0
        116825	2026-03-12 12:02:52	1	0	15	0
        119077	2026-03-12 12:02:55	1	0	15	0
        118326	2026-03-12 12:04:08	1	2	15	0
        117631	2026-03-12 12:04:14	1	2	15	0
        118548	2026-03-12 12:04:25	1	2	15	0
        119376	2026-03-12 12:04:32	1	2	15	0
        118160	2026-03-12 12:04:38	1	2	15	0
        117185	2026-03-12 12:04:49	1	2	15	0
        118509	2026-03-12 12:05:27	1	2	15	0
        116263	2026-03-12 12:05:38	1	2	15	0
        118398	2026-03-12 12:05:42	1	2	15	0
        116790	2026-03-12 12:05:46	1	2	15	0
        117775	2026-03-12 12:06:12	1	2	15	0
        110045	2026-03-12 12:07:03	1	2	15	0
        116192	2026-03-12 12:07:09	1	2	15	0
        116202	2026-03-12 12:07:14	1	2	15	0
        116738	2026-03-12 12:07:28	1	2	15	0
        117727	2026-03-12 12:07:31	1	2	15	0
        117092	2026-03-12 12:08:10	1	2	15	0
        118509	2026-03-12 12:08:22	1	2	15	0
        116263	2026-03-12 12:08:25	1	2	15	0
        118566	2026-03-12 12:08:34	1	2	15	0
        116096	2026-03-12 12:08:55	1	2	15	0
        110064	2026-03-12 12:08:59	1	2	15	0
        116953	2026-03-12 12:09:07	1	2	15	0
        110115	2026-03-12 12:09:11	1	2	15	0
        116070	2026-03-12 12:09:17	1	2	15	0
        118146	2026-03-12 12:09:21	1	2	15	0
        118301	2026-03-12 12:09:25	1	2	15	0
        117092	2026-03-12 12:10:28	1	2	15	0
        116070	2026-03-12 12:10:38	1	2	15	0
        116096	2026-03-12 12:10:43	1	2	15	0
        116202	2026-03-12 12:10:52	1	2	15	0
        116192	2026-03-12 12:10:57	1	2	15	0
        118083	2026-03-12 12:11:10	1	2	15	0
        118760	2026-03-12 12:12:28	1	2	15	0
        110188	2026-03-12 12:12:40	1	2	15	0
        117656	2026-03-12 12:12:43	1	2	15	0
        116953	2026-03-12 12:12:52	1	2	15	0
        118760	2026-03-12 12:13:54	1	2	15	0
        119077	2026-03-12 12:14:11	1	2	15	0
        110477	2026-03-12 12:15:22	1	2	15	0
        116790	2026-03-12 12:15:27	1	2	15	0
        116152	2026-03-12 12:15:33	1	2	15	0
        118566	2026-03-12 12:15:49	1	2	15	0
        110045	2026-03-12 12:15:56	1	2	15	0
        118083	2026-03-12 12:16:24	1	2	15	0
        110188	2026-03-12 12:16:28	1	2	15	0
        117656	2026-03-12 12:16:30	1	2	15	0
        110115	2026-03-12 12:18:06	1	2	15	0
        117727	2026-03-12 12:18:45	1	2	15	0
        116738	2026-03-12 12:18:50	1	2	15	0
        110429	2026-03-12 12:19:04	1	2	15	0
        116152	2026-03-12 12:19:31	1	2	15	0
        110477	2026-03-12 12:20:33	1	2	15	0
        116844	2026-03-12 12:25:15	1	2	15	0
        118301	2026-03-12 12:25:26	1	2	15	0
        118146	2026-03-12 12:25:46	1	2	15	0
        110124	2026-03-12 12:26:55	1	2	15	0
        116844	2026-03-12 12:28:25	1	2	15	0
        118143	2026-03-12 12:30:53	1	3	15	0
        119443	2026-03-12 12:31:40	1	3	15	0
        118251	2026-03-12 12:31:45	1	3	1	0
        118143	2026-03-12 12:36:25	1	3	15	0
        119443	2026-03-12 12:38:43	1	3	15	0
        118251	2026-03-12 12:38:52	1	3	1	0
        119393	2026-03-12 12:40:43	1	3	15	0
        119393	2026-03-12 12:42:13	1	3	15	0
        116511	2026-03-12 12:42:39	1	3	15	0
        117185	2026-03-12 12:43:18	1	3	15	0
        117274	2026-03-12 12:43:56	1	3	15	0
        117274	2026-03-12 12:47:47	1	3	15	0
        110429	2026-03-12 12:48:53	1	3	15	0
        117518	2026-03-12 12:49:49	1	3	15	0
        119392	2026-03-12 12:52:59	1	3	15	0
        117518	2026-03-12 12:53:19	1	3	15	0
        110124	2026-03-12 12:54:34	1	3	15	0
        119392	2026-03-12 12:56:16	1	3	15	0
        118585	2026-03-12 12:58:56	1	3	15	0
        118585	2026-03-12 13:00:30	1	3	15	0
        117398	2026-03-12 16:15:47	1	1	15	0
        117185	2026-03-12 16:28:42	1	1	15	0
        116511	2026-03-12 17:07:19	1	1	15	0
        117727	2026-03-12 17:09:23	1	1	15	0
        110429	2026-03-12 18:02:07	1	1	15	0
        118326	2026-03-12 18:02:14	1	1	15	0
        117656	2026-03-12 18:03:37	1	1	15	0
        118146	2026-03-12 18:03:59	1	1	15	0
        116953	2026-03-12 18:04:26	1	1	15	0
        118760	2026-03-12 18:05:09	1	1	15	0
        110068	2026-03-12 18:05:59	1	1	1	0
        117631	2026-03-12 18:07:13	1	1	15	0
        117090	2026-03-12 18:07:18	1	1	15	0
        118301	2026-03-12 18:08:08	1	1	15	0
        116096	2026-03-12 18:09:27	1	1	15	0
        117092	2026-03-12 18:09:53	1	1	15	0
        116790	2026-03-12 18:14:15	1	1	15	0
        118548	2026-03-12 18:15:02	1	1	15	0
        110046	2026-03-12 18:15:13	1	1	15	0
        119392	2026-03-12 18:15:28	1	1	15	0
        119077	2026-03-12 18:16:05	1	1	15	0
        110477	2026-03-12 18:16:09	1	1	15	0
        110045	2026-03-12 18:17:40	1	1	15	0
        116825	2026-03-12 18:22:20	1	1	15	0
        119117	2026-03-12 18:28:07	1	1	1	0
        118251	2026-03-12 18:29:59	1	1	1	0
        119393	2026-03-12 18:30:16	1	1	15	0
        117518	2026-03-12 18:30:21	1	1	15	0
        119443	2026-03-12 18:30:28	1	1	15	0
        116192	2026-03-12 18:43:40	1	1	15	0
        116152	2026-03-12 18:47:11	1	1	15	0
        110115	2026-03-12 18:47:24	1	1	15	0
        116202	2026-03-12 18:48:32	1	1	15	0
        116263	2026-03-12 18:49:17	1	1	15	0
        110064	2026-03-12 18:49:36	1	1	15	0
        119376	2026-03-12 18:55:52	1	1	15	0
        119376	2026-03-12 18:57:06	1	1	15	0
        116070	2026-03-12 18:57:23	1	1	15	0
        118160	2026-03-12 19:00:53	1	1	15	0
        118083	2026-03-12 19:01:00	1	1	15	0
        118398	2026-03-12 19:01:57	1	1	15	0
        110188	2026-03-12 19:04:12	1	1	15	0
        118566	2026-03-12 19:05:56	1	1	15	0
        116738	2026-03-12 19:09:01	1	1	15	0
        116844	2026-03-12 19:09:18	1	1	15	0
        118143	2026-03-12 19:15:15	1	1	15	0
        110124	2026-03-12 19:16:52	1	1	15	0
        117775	2026-03-12 19:17:03	1	1	15	0
        116712	2026-03-12 19:21:49	1	1	15	0
        118585	2026-03-12 19:26:54	1	1	15	0
        117274	2026-03-12 19:42:39	1	1	15	0
        117775	2026-03-13 06:52:52	1	0	15	0
        117727	2026-03-13 07:44:07	1	0	15	0
        118801	2026-03-13 07:50:45	1	0	15	0
        117656	2026-03-13 07:51:34	1	0	15	0
        117398	2026-03-13 07:54:09	1	0	15	0
        110429	2026-03-13 07:56:53	1	0	15	0
        110188	2026-03-13 08:09:21	1	0	15	0
        110124	2026-03-13 08:33:18	1	0	15	0
        116511	2026-03-13 08:39:50	1	0	15	0
        116476	2026-03-13 08:59:48	1	0	15	0
        117775	2026-03-13 12:06:37	1	2	15	0
        117775	2026-03-13 12:11:40	1	2	15	0
        118801	2026-03-13 12:12:08	1	2	15	0
        117727	2026-03-13 12:20:14	1	2	15	0
        110124	2026-03-13 12:23:11	1	2	15	0
        116511	2026-03-13 12:23:14	1	2	15	0
        110429	2026-03-13 12:23:24	1	2	15	0
        116511	2026-03-13 12:38:28	1	3	15	0
        117727	2026-03-13 12:38:32	1	3	15	0
        110429	2026-03-13 12:38:39	1	3	15	0
        117656	2026-03-13 12:42:02	1	3	15	0
        110188	2026-03-13 12:42:09	1	3	15	0
        110124	2026-03-13 12:42:21	1	3	15	0
        117656	2026-03-13 12:44:10	1	3	15	0
        110188	2026-03-13 12:46:07	1	3	15	0
        118801	2026-03-13 12:55:29	1	3	15	0
        117398	2026-03-13 16:06:52	1	1	15	0
        117656	2026-03-13 17:26:31	1	1	15	0
        110188	2026-03-13 17:26:35	1	1	15	0
        118801	2026-03-13 17:28:23	1	1	15	0
        110429	2026-03-13 17:36:12	1	1	15	0
        110046	2026-03-13 17:52:25	1	1	15	0
        116511	2026-03-13 17:52:38	1	1	15	0
        117727	2026-03-13 18:00:42	1	1	15	0
        110124	2026-03-13 18:00:56	1	1	15	0
        117775	2026-03-13 18:09:31	1	1	15	0
        116738	2026-03-16 00:44:49	1	0	15	0
        116738	2026-03-16 01:41:40	1	0	15	0
        118146	2026-03-17 05:55:10	1	0	15	0
        118548	2026-03-17 06:00:15	1	0	15	0
        116829	2026-03-17 06:24:15	1	0	15	0
        116825	2026-03-17 06:40:13	1	0	15	0
        118301	2026-03-17 06:40:44	1	0	15	0
        118251	2026-03-17 06:41:33	1	0	1	0
        117090	2026-03-17 06:43:01	1	0	15	0
        119077	2026-03-17 06:47:22	1	0	15	0
        110068	2026-03-17 06:50:22	1	0	1	0
        116096	2026-03-17 06:52:46	1	0	15	0
        119117	2026-03-17 06:53:49	1	0	1	0
        116509	2026-03-17 06:54:53	1	0	15	0
        118160	2026-03-17 06:57:58	1	0	15	0
        117631	2026-03-17 06:58:03	1	0	15	0
        116953	2026-03-17 06:58:09	1	0	15	0
        116466	2026-03-17 06:58:58	1	0	1	0
        110477	2026-03-17 07:00:47	1	0	15	0
        117092	2026-03-17 07:03:46	1	0	15	0
        118760	2026-03-17 07:05:09	1	0	15	0
        119206	2026-03-17 07:06:16	1	0	15	0
        110064	2026-03-17 07:09:48	1	0	15	0
        117687	2026-03-17 07:13:06	1	0	15	0
        119443	2026-03-17 07:14:45	1	0	15	0
        119393	2026-03-17 07:16:25	1	0	15	0
        117518	2026-03-17 07:16:29	1	0	15	0
        118585	2026-03-17 07:18:00	1	0	15	0
        117656	2026-03-17 07:19:51	1	0	15	0
        116152	2026-03-17 07:21:16	1	0	15	0
        116202	2026-03-17 07:21:51	1	0	15	0
        116790	2026-03-17 07:24:24	1	0	15	0
        110115	2026-03-17 07:29:04	1	0	15	0
        116192	2026-03-17 07:32:59	1	0	15	0
        110188	2026-03-17 07:38:50	1	0	15	0
        118143	2026-03-17 07:41:30	1	0	15	0
        117977	2026-03-17 07:43:56	1	0	15	0
        118407	2026-03-17 07:56:06	1	0	15	0
        116434	2026-03-17 07:57:34	1	0	1	0
        110429	2026-03-17 08:06:02	1	0	15	0
        118298	2026-03-17 08:07:10	1	0	1	0
        119392	2026-03-17 08:08:23	1	0	15	0
        110124	2026-03-17 08:26:29	1	0	15	0
        116511	2026-03-17 08:26:33	1	0	15	0
        117398	2026-03-17 08:54:01	1	0	15	0
        119077	2026-03-17 12:00:24	1	0	15	0
        119443	2026-03-17 12:00:28	1	0	15	0
        118251	2026-03-17 12:00:33	1	0	1	0
        119393	2026-03-17 12:00:39	1	2	15	0
        116509	2026-03-17 12:00:45	1	2	15	0
        118298	2026-03-17 12:00:49	1	2	1	0
        117977	2026-03-17 12:00:56	1	2	15	0
        118301	2026-03-17 12:01:03	1	2	15	0
        116096	2026-03-17 12:01:07	1	2	15	0
        116070	2026-03-17 12:01:14	1	2	15	0
        116511	2026-03-17 12:01:58	1	2	15	0
        118143	2026-03-17 12:02:13	1	2	15	0
        116953	2026-03-17 12:02:46	1	2	15	0
        116790	2026-03-17 12:02:58	1	2	15	0
        110477	2026-03-17 12:03:04	1	2	15	0
        116070	2026-03-17 12:03:11	1	2	15	0
        116096	2026-03-17 12:03:15	1	2	15	0
        116192	2026-03-17 12:03:29	1	2	15	0
        117631	2026-03-17 12:03:33	1	2	15	0
        119117	2026-03-17 12:03:37	1	2	1	0
        118407	2026-03-17 12:04:32	1	2	15	0
        116434	2026-03-17 12:04:36	1	2	1	0
        116152	2026-03-17 12:04:44	1	2	15	0
        117977	2026-03-17 12:04:51	1	2	15	0
        110068	2026-03-17 12:05:00	1	2	1	0
        118548	2026-03-17 12:05:06	1	2	15	0
        118143	2026-03-17 12:05:17	1	2	15	0
        119393	2026-03-17 12:05:25	1	2	15	0
        119443	2026-03-17 12:05:30	1	2	15	0
        119077	2026-03-17 12:05:36	1	2	15	0
        118251	2026-03-17 12:05:41	1	2	1	0
        118585	2026-03-17 12:06:27	1	2	15	0
        116152	2026-03-17 12:07:16	1	2	15	0
        110124	2026-03-17 12:07:43	1	2	15	0
        117631	2026-03-17 12:07:56	1	2	15	0
        116192	2026-03-17 12:07:59	1	2	15	0
        118585	2026-03-17 12:08:12	1	2	15	0
        118160	2026-03-17 12:09:12	1	2	15	0
        110064	2026-03-17 12:11:01	1	2	15	0
        119117	2026-03-17 12:11:22	1	2	1	0
        110068	2026-03-17 12:11:29	1	2	1	0
        118548	2026-03-17 12:11:36	1	2	15	0
        118160	2026-03-17 12:11:39	1	2	15	0
        118407	2026-03-17 12:12:53	1	2	15	0
        116825	2026-03-17 12:13:43	1	2	15	0
        110064	2026-03-17 12:14:01	1	2	15	0
        116202	2026-03-17 12:14:15	1	2	15	0
        118301	2026-03-17 12:15:59	1	2	15	0
        116825	2026-03-17 12:16:22	1	2	15	0
        117092	2026-03-17 12:17:55	1	2	15	0
        110429	2026-03-17 12:18:33	1	2	15	0
        117092	2026-03-17 12:21:54	1	2	15	0
        118760	2026-03-17 12:24:33	1	2	15	0
        117518	2026-03-17 12:24:45	1	2	15	0
        118760	2026-03-17 12:25:52	1	2	15	0
        117656	2026-03-17 12:28:11	1	2	15	0
        117656	2026-03-17 12:31:08	1	3	15	0
        110477	2026-03-17 12:31:23	1	3	15	0
        116790	2026-03-17 12:31:46	1	3	15	0
        116953	2026-03-17 12:32:00	1	3	15	0
        116466	2026-03-17 12:37:08	1	3	1	0
        116434	2026-03-17 12:37:16	1	3	1	0
        110115	2026-03-17 12:37:36	1	3	15	0
        116509	2026-03-17 12:37:42	1	3	15	0
        118298	2026-03-17 12:37:46	1	3	1	0
        117518	2026-03-17 12:43:07	1	3	15	0
        110115	2026-03-17 12:44:20	1	3	15	0
        116466	2026-03-17 12:44:30	1	3	1	0
        117687	2026-03-17 12:45:44	1	3	15	0
        110429	2026-03-17 12:46:08	1	3	15	0
        117687	2026-03-17 12:48:51	1	3	15	0
        119392	2026-03-17 12:49:19	1	3	15	0
        110124	2026-03-17 12:50:48	1	3	15	0
        119392	2026-03-17 12:52:10	1	3	15	0
        116202	2026-03-17 12:56:04	1	3	15	0
        117398	2026-03-17 16:34:53	1	1	15	0
        110477	2026-03-17 18:01:52	1	1	15	0
        118146	2026-03-17 18:04:13	1	1	15	0
        116096	2026-03-17 18:04:46	1	1	15	0
        119077	2026-03-17 18:07:49	1	1	15	0
        118251	2026-03-17 18:08:56	1	1	1	0
        118760	2026-03-17 18:09:12	1	1	15	0
        110064	2026-03-17 18:10:44	1	1	15	0
        117631	2026-03-17 18:13:29	1	1	15	0
        118548	2026-03-17 18:13:33	1	1	15	0
        110068	2026-03-17 18:13:36	1	1	1	0
        118301	2026-03-17 18:13:42	1	1	15	0
        116511	2026-03-17 18:13:48	1	1	15	0
        110124	2026-03-17 18:13:55	1	1	15	0
        118298	2026-03-17 18:17:30	1	1	1	0
        119117	2026-03-17 18:20:18	1	1	1	0
        116466	2026-03-17 18:21:53	1	1	1	0
        116434	2026-03-17 18:21:58	1	1	1	0
        116509	2026-03-17 18:22:04	1	1	15	0
        117656	2026-03-17 18:24:02	1	1	15	0
        116152	2026-03-17 18:25:26	1	1	15	0
        116790	2026-03-17 18:30:59	1	1	15	0
        117090	2026-03-17 18:34:46	1	1	15	0
        116192	2026-03-17 18:34:50	1	1	15	0
        119443	2026-03-17 18:34:57	1	1	15	0
        119393	2026-03-17 18:35:01	1	1	15	0
        117518	2026-03-17 18:35:09	1	1	15	0
        117092	2026-03-17 18:36:59	1	1	15	0
        116953	2026-03-17 18:38:34	1	1	15	0
        116825	2026-03-17 18:38:58	1	1	15	0
        119376	2026-03-17 18:42:35	1	1	15	0
        118160	2026-03-17 18:55:24	1	1	15	0
        119392	2026-03-17 19:02:44	1	1	15	0
        118585	2026-03-17 19:09:19	1	1	15	0
        118143	2026-03-17 19:15:58	1	1	15	0
        116202	2026-03-17 19:19:04	1	1	15	0
        110115	2026-03-17 19:19:56	1	1	15	0
        110429	2026-03-17 19:20:02	1	1	15	0
        117977	2026-03-17 19:41:54	1	1	15	0
        118407	2026-03-17 19:43:20	1	1	15	0
        117687	2026-03-17 19:47:14	1	1	15	0
        118548	2026-03-18 06:01:52	1	0	15	0
        118146	2026-03-18 06:02:59	1	0	15	0
        118160	2026-03-18 06:44:14	1	0	15	0
        117631	2026-03-18 06:44:24	1	0	15	0
        118301	2026-03-18 06:44:35	1	0	15	0
        117656	2026-03-18 06:47:25	1	0	15	0
        110068	2026-03-18 06:49:01	1	0	1	0
        116466	2026-03-18 06:52:29	1	0	1	0
        119077	2026-03-18 06:52:44	1	0	15	0
        110477	2026-03-18 06:54:19	1	0	15	0
        116509	2026-03-18 06:55:20	1	0	15	0
        110064	2026-03-18 06:59:53	1	0	15	0
        118760	2026-03-18 07:00:42	1	0	15	0
        116712	2026-03-18 07:02:57	1	0	15	0
        116096	2026-03-18 07:03:53	1	0	15	0
        116825	2026-03-18 07:04:33	1	0	15	0
        117092	2026-03-18 07:06:14	1	0	15	0
        119117	2026-03-18 07:06:24	1	0	1	0
        118251	2026-03-18 07:11:56	1	0	15	0
        119443	2026-03-18 07:15:50	1	0	15	0
        116953	2026-03-18 07:17:58	1	0	15	0
        117518	2026-03-18 07:22:11	1	0	15	0
        119393	2026-03-18 07:24:45	1	0	15	0
        118585	2026-03-18 07:29:00	1	0	15	0
        116192	2026-03-18 07:32:00	1	0	15	0
        110188	2026-03-18 07:35:35	1	0	15	0
        110646	2026-03-18 07:36:30	1	0	15	0
        117977	2026-03-18 07:36:36	1	0	15	0
        119406	2026-03-18 07:40:14	1	0	15	0
        116202	2026-03-18 07:43:24	1	0	15	0
        117687	2026-03-18 07:45:35	1	0	15	0
        117242	2026-03-18 07:50:23	1	0	1	0
        116434	2026-03-18 07:53:50	1	0	1	0
        116790	2026-03-18 07:56:59	1	0	15	0
        116152	2026-03-18 07:59:30	1	0	15	0
        118143	2026-03-18 08:01:48	1	0	15	0
        118801	2026-03-18 08:06:10	1	0	15	0
        118298	2026-03-18 08:15:02	1	0	1	0
        116829	2026-03-18 08:20:06	1	0	15	0
        116007	2026-03-18 08:29:44	1	0	1	0
        117398	2026-03-18 08:36:14	1	0	15	0
        117090	2026-03-18 08:39:22	1	0	15	0
        116511	2026-03-18 08:45:20	1	0	15	0
        118407	2026-03-18 08:48:15	1	0	15	0
        110064	2026-03-18 12:00:23	1	2	15	0
        118251	2026-03-18 12:00:51	1	2	1	0
        110068	2026-03-18 12:01:12	1	2	1	0
        117631	2026-03-18 12:01:19	1	2	15	0
        116192	2026-03-18 12:01:25	1	2	15	0
        119393	2026-03-18 12:01:28	1	2	15	0
        118160	2026-03-18 12:01:33	1	2	15	0
        119406	2026-03-18 12:01:38	1	2	15	0
        118548	2026-03-18 12:01:43	1	2	15	0
        119443	2026-03-18 12:01:48	1	2	15	0
        110646	2026-03-18 12:01:53	1	2	15	0
        119117	2026-03-18 12:02:12	1	2	1	0
        116434	2026-03-18 12:02:20	1	2	1	0
        116152	2026-03-18 12:02:54	1	2	15	0
        118407	2026-03-18 12:03:05	1	2	15	0
        119077	2026-03-18 12:03:11	1	2	15	0
        117092	2026-03-18 12:03:51	1	2	15	0
        118160	2026-03-18 12:04:11	1	2	15	0
        119393	2026-03-18 12:04:35	1	2	15	0
        118251	2026-03-18 12:04:40	1	2	1	0
        116192	2026-03-18 12:04:46	1	2	15	0
        117631	2026-03-18 12:04:50	1	2	15	0
        110068	2026-03-18 12:04:54	1	2	1	0
        119443	2026-03-18 12:05:02	1	2	15	0
        118548	2026-03-18 12:05:05	1	2	15	0
        119406	2026-03-18 12:05:11	1	2	15	0
        116152	2026-03-18 12:05:23	1	2	15	0
        119117	2026-03-18 12:05:30	1	2	1	0
        110646	2026-03-18 12:05:37	1	2	15	0
        116007	2026-03-18 12:06:11	1	2	1	0
        118301	2026-03-18 12:06:19	1	2	15	0
        117092	2026-03-18 12:06:26	1	2	15	0
        119077	2026-03-18 12:06:41	1	2	15	0
        117656	2026-03-18 12:06:49	1	2	15	0
        110188	2026-03-18 12:06:51	1	2	15	0
        118801	2026-03-18 12:09:22	1	2	15	0
        116825	2026-03-18 12:09:57	1	2	15	0
        116511	2026-03-18 12:10:09	1	2	15	0
        116953	2026-03-18 12:10:32	1	2	15	0
        116790	2026-03-18 12:10:37	1	2	15	0
        110477	2026-03-18 12:10:42	1	2	15	0
        117656	2026-03-18 12:10:54	1	2	15	0
        110188	2026-03-18 12:10:58	1	2	15	0
        116434	2026-03-18 12:14:46	1	2	1	0
        116829	2026-03-18 12:15:35	1	2	1	0
        118298	2026-03-18 12:15:51	1	2	1	0
        116509	2026-03-18 12:15:57	1	2	15	0
        110477	2026-03-18 12:16:09	1	2	15	0
        116953	2026-03-18 12:16:46	1	2	15	0
        110064	2026-03-18 12:17:09	1	2	15	0
        116829	2026-03-18 12:17:54	1	2	1	0
        116825	2026-03-18 12:18:00	1	2	15	0
        116790	2026-03-18 12:18:05	1	2	15	0
        116007	2026-03-18 12:18:49	1	2	1	0
        116096	2026-03-18 12:19:50	1	2	15	0
        118760	2026-03-18 12:20:14	1	2	15	0
        118146	2026-03-18 12:20:31	1	2	15	0
        118407	2026-03-18 12:21:32	1	2	15	0
        116712	2026-03-18 12:22:48	1	2	15	0
        116096	2026-03-18 12:24:38	1	2	1	0
        118760	2026-03-18 12:24:47	1	2	15	0
        117090	2026-03-18 12:26:49	1	2	15	0
        116712	2026-03-18 12:26:54	1	2	15	0
        118301	2026-03-18 12:29:10	1	2	15	0
        117090	2026-03-18 12:29:27	1	2	15	0
        117518	2026-03-18 12:30:30	1	3	15	0
        118146	2026-03-18 12:32:27	1	3	15	0
        116509	2026-03-18 12:32:48	1	3	15	0
        118585	2026-03-18 12:33:57	1	3	15	0
        117518	2026-03-18 12:34:09	1	3	15	0
        118585	2026-03-18 12:35:20	1	3	15	0
        116511	2026-03-18 12:43:29	1	3	15	0
        117242	2026-03-18 12:45:21	1	3	1	0
        116202	2026-03-18 12:45:39	1	3	15	0
        116202	2026-03-18 12:48:51	1	3	15	0
        117687	2026-03-18 12:51:39	1	3	15	0
        117977	2026-03-18 12:52:04	1	3	15	0
        117687	2026-03-18 12:53:06	1	3	15	0
        117242	2026-03-18 12:53:19	1	3	1	0
        117977	2026-03-18 12:54:10	1	3	15	0
        118143	2026-03-18 12:55:46	1	3	15	0
        118143	2026-03-18 12:58:40	1	3	15	0
        118801	2026-03-18 12:59:42	1	3	15	0
        117398	2026-03-18 17:05:39	1	1	15	0
        116007	2026-03-18 17:11:12	1	1	1	0
        117518	2026-03-18 17:18:56	1	1	15	0
        118801	2026-03-18 17:25:24	1	1	15	0
        116511	2026-03-18 17:28:01	1	1	15	0
        118548	2026-03-18 18:00:07	1	1	15	0
        110064	2026-03-18 18:00:39	1	1	15	0
        118146	2026-03-18 18:01:22	1	1	15	0
        110477	2026-03-18 18:02:21	1	1	15	0
        118160	2026-03-18 18:04:49	1	1	15	0
        118760	2026-03-18 18:05:30	1	1	15	0
        119406	2026-03-18 18:06:22	1	1	15	0
        116434	2026-03-18 18:06:26	1	1	1	0
        117656	2026-03-18 18:06:45	1	1	15	0
        110068	2026-03-18 18:07:37	1	1	1	0
        117631	2026-03-18 18:07:40	1	1	15	0
        119077	2026-03-18 18:08:07	1	1	15	0
        118301	2026-03-18 18:08:11	1	1	15	0
        116825	2026-03-18 18:08:32	1	1	15	0
        116712	2026-03-18 18:09:44	1	1	15	0
        110046	2026-03-18 18:10:57	1	1	15	0
        117092	2026-03-18 18:19:30	1	1	15	0
        119117	2026-03-18 18:21:38	1	1	1	0
        116953	2026-03-18 18:35:56	1	1	15	0
        110646	2026-03-18 18:36:08	1	1	15	0
        117242	2026-03-18 18:37:03	1	1	1	0
        116192	2026-03-18 18:41:14	1	1	15	0
        119393	2026-03-18 18:41:40	1	1	15	0
        118251	2026-03-18 18:41:46	1	1	1	0
        119443	2026-03-18 18:41:52	1	1	15	0
        110188	2026-03-18 18:52:15	1	1	15	0
        116790	2026-03-18 19:01:13	1	1	15	0
        116152	2026-03-18 19:01:33	1	1	15	0
        117090	2026-03-18 19:02:53	1	1	15	0
        118585	2026-03-18 19:03:56	1	1	15	0
        118143	2026-03-18 19:09:08	1	1	15	0
        116829	2026-03-18 19:11:06	1	1	15	0
        117687	2026-03-18 20:14:12	1	1	15	0
        110124	2026-03-18 20:43:45	1	1	15	0
        116466	2026-03-18 20:44:01	1	1	15	0
        116096	2026-03-18 21:35:18	1	1	15	0
        116070	2026-03-18 21:35:24	1	1	1	0
        117977	2026-03-18 23:07:02	1	1	15	0
        118548	2026-03-19 06:06:45	1	0	15	0
        117656	2026-03-19 06:08:14	1	0	15	0
        118146	2026-03-19 06:28:30	1	0	15	0
        119206	2026-03-19 06:41:25	1	0	15	0
        117631	2026-03-19 06:42:43	1	0	15	0
        118160	2026-03-19 06:42:48	1	0	15	0
        118301	2026-03-19 06:43:55	1	0	15	0
        118251	2026-03-19 06:52:31	1	0	1	0
        118760	2026-03-19 06:52:55	1	0	15	0
        118760	2026-03-19 06:53:56	1	0	15	0
        117090	2026-03-19 06:55:46	1	0	15	0
        116152	2026-03-19 06:55:52	1	0	15	0
        119117	2026-03-19 06:59:29	1	0	1	0
        110477	2026-03-19 07:00:18	1	0	15	0
        119077	2026-03-19 07:02:48	1	0	15	0
        119392	2026-03-19 07:08:29	1	0	15	0
        116096	2026-03-19 07:09:58	1	0	15	0
        116953	2026-03-19 07:10:44	1	0	15	0
        117092	2026-03-19 07:13:35	1	0	15	0
        110646	2026-03-19 07:17:53	1	0	15	0
        119443	2026-03-19 07:28:37	1	0	15	0
        116192	2026-03-19 07:29:02	1	0	15	0
        116712	2026-03-19 07:30:19	1	0	15	0
        116825	2026-03-19 07:30:43	1	0	15	0
        116202	2026-03-19 07:32:28	1	0	15	0
        117518	2026-03-19 07:32:53	1	0	15	0
        110064	2026-03-19 07:36:29	1	0	15	0
        110188	2026-03-19 07:37:55	1	0	15	0
        119393	2026-03-19 07:39:26	1	0	15	0
        116790	2026-03-19 07:39:42	1	0	15	0
        116487	2026-03-19 07:43:30	1	0	15	0
        118143	2026-03-19 07:44:31	1	0	15	0
        117242	2026-03-19 07:50:09	1	0	1	0
        116511	2026-03-19 07:52:05	1	0	15	0
        118585	2026-03-19 07:55:24	1	0	15	0
        118801	2026-03-19 07:57:26	1	0	15	0
        110124	2026-03-19 08:06:41	1	0	15	0
        116829	2026-03-19 08:27:36	1	0	15	0
        117687	2026-03-19 09:42:25	1	0	15	0
        117090	2026-03-19 12:00:11	1	2	15	0
        110646	2026-03-19 12:00:16	1	2	15	0
        110477	2026-03-19 12:00:21	1	2	15	0
        119117	2026-03-19 12:01:28	1	2	1	0
        117656	2026-03-19 12:02:05	1	2	15	0
        116152	2026-03-19 12:02:09	1	2	15	0
        110188	2026-03-19 12:02:13	1	2	15	0
        116825	2026-03-19 12:02:40	1	2	15	0
        118160	2026-03-19 12:02:46	1	2	15	0
        116096	2026-03-19 12:02:51	1	2	15	0
        116953	2026-03-19 12:02:56	1	2	15	0
        117631	2026-03-19 12:03:00	1	2	15	0
        116192	2026-03-19 12:03:05	1	2	15	0
        118548	2026-03-19 12:03:42	1	2	15	0
        117090	2026-03-19 12:03:51	1	2	15	0
        119117	2026-03-19 12:04:47	1	2	15	0
        118160	2026-03-19 12:04:52	1	2	15	0
        110646	2026-03-19 12:05:11	1	2	15	0
        116825	2026-03-19 12:05:16	1	2	15	0
        116096	2026-03-19 12:05:39	1	2	15	0
        117242	2026-03-19 12:05:43	1	2	1	0
        116790	2026-03-19 12:05:50	1	2	15	0
        118407	2026-03-19 12:05:54	1	2	15	0
        110477	2026-03-19 12:05:59	1	2	15	0
        116152	2026-03-19 12:06:08	1	2	15	0
        116192	2026-03-19 12:06:13	1	2	15	0
        117631	2026-03-19 12:06:20	1	2	15	0
        116953	2026-03-19 12:06:24	1	2	15	0
        110188	2026-03-19 12:06:31	1	2	15	0
        117656	2026-03-19 12:06:39	1	2	15	0
        119077	2026-03-19 12:07:32	1	2	15	0
        119393	2026-03-19 12:08:37	1	2	15	0
        118251	2026-03-19 12:08:43	1	2	1	0
        119443	2026-03-19 12:08:50	1	2	15	0
        119077	2026-03-19 12:09:08	1	2	15	0
        116829	2026-03-19 12:09:14	1	2	15	0
        119206	2026-03-19 12:09:36	1	2	15	0
        117977	2026-03-19 12:10:05	1	2	15	0
        116202	2026-03-19 12:10:36	1	2	15	0
        119206	2026-03-19 12:12:10	1	2	15	0
        118760	2026-03-19 12:12:33	1	2	15	0
        118548	2026-03-19 12:14:29	1	2	15	0
        117977	2026-03-19 12:14:35	1	2	15	0
        116202	2026-03-19 12:15:01	1	2	15	0
        117242	2026-03-19 12:15:10	1	2	1	0
        116829	2026-03-19 12:16:09	1	2	15	0
        118407	2026-03-19 12:17:50	1	2	15	0
        110064	2026-03-19 12:17:56	1	2	15	0
        118760	2026-03-19 12:19:15	1	2	15	0
        110064	2026-03-19 12:19:52	1	2	15	0
        110124	2026-03-19 12:22:01	1	2	15	0
        116790	2026-03-19 12:22:37	1	2	15	0
        116511	2026-03-19 12:22:41	1	2	15	0
        116712	2026-03-19 12:25:40	1	2	15	0
        118585	2026-03-19 12:25:45	1	2	15	0
        119393	2026-03-19 12:26:36	1	2	15	0
        119443	2026-03-19 12:26:41	1	2	15	0
        118251	2026-03-19 12:26:47	1	2	1	0
        118585	2026-03-19 12:27:33	1	2	15	0
        116712	2026-03-19 12:27:45	1	2	15	0
        117092	2026-03-19 12:37:58	1	3	15	0
        117092	2026-03-19 12:39:48	1	3	15	0
        110124	2026-03-19 12:41:20	1	3	15	0
        116511	2026-03-19 12:42:18	1	3	15	0
        117687	2026-03-19 12:49:43	1	3	15	0
        117518	2026-03-19 12:51:09	1	3	15	0
        119392	2026-03-19 12:53:55	1	3	15	0
        117518	2026-03-19 12:54:38	1	3	15	0
        118143	2026-03-19 12:55:26	1	3	15	0
        119392	2026-03-19 12:57:56	1	3	15	0
        118143	2026-03-19 12:58:43	1	3	15	0
        117687	2026-03-19 12:59:31	1	3	15	0
        116487	2026-03-19 16:04:03	1	1	15	0
        116511	2026-03-19 17:28:03	1	1	15	0
        119206	2026-03-19 18:00:47	1	1	15	0
        110477	2026-03-19 18:02:10	1	1	15	0
        118301	2026-03-19 18:06:23	1	1	15	0
        117631	2026-03-19 18:15:18	1	1	15	0
        118760	2026-03-19 18:15:28	1	1	15	0
        118146	2026-03-19 18:16:27	1	1	15	0
        117656	2026-03-19 18:17:17	1	1	15	0
        119117	2026-03-19 18:17:35	1	1	1	0
        119077	2026-03-19 18:17:42	1	1	15	0
        110646	2026-03-19 18:20:25	1	1	15	0
        119392	2026-03-19 18:26:17	1	1	15	0
        116825	2026-03-19 18:33:06	1	1	15	0
        116096	2026-03-19 18:33:15	1	1	1	0
        110064	2026-03-19 18:37:00	1	1	15	0
        117090	2026-03-19 18:41:36	1	1	15	0
        116192	2026-03-19 18:41:40	1	1	15	0
        118251	2026-03-19 18:44:27	1	1	1	0
        119393	2026-03-19 18:44:33	1	1	15	0
        118160	2026-03-19 18:44:37	1	1	15	0
        117518	2026-03-19 18:44:43	1	1	15	0
        116712	2026-03-19 18:46:04	1	1	15	0
        119443	2026-03-19 18:46:34	1	1	15	0
        116152	2026-03-19 18:46:43	1	1	15	0
        118548	2026-03-19 19:00:56	1	1	15	0
        110188	2026-03-19 19:03:12	1	1	15	0
        117092	2026-03-19 19:04:31	1	1	15	0
        118585	2026-03-19 19:10:33	1	1	15	0
        116829	2026-03-19 19:14:46	1	1	15	0
        118143	2026-03-19 19:15:49	1	1	15	0
        110124	2026-03-19 19:23:52	1	1	15	0
        116790	2026-03-19 19:28:48	1	1	15	0
        117977	2026-03-19 19:32:19	1	1	15	0
        118407	2026-03-19 19:39:16	1	1	15	0
        117727	2026-03-20 09:03:59	1	0	15	0
        116738	2026-03-20 09:04:04	1	0	15	0
        110124	2026-03-20 09:48:39	1	0	15	0
        110045	2026-03-20 10:14:21	1	0	15	0
        110045	2026-03-20 12:34:13	1	3	15	0
        116738	2026-03-20 12:34:18	1	3	15	0
        117727	2026-03-20 12:34:23	1	3	15	0
        110124	2026-03-20 12:36:24	1	3	15	0
        110124	2026-03-20 13:04:34	1	3	15	0
        117727	2026-03-20 15:23:57	1	3	15	0
        116738	2026-03-20 15:24:01	1	3	15	0
        110429	2026-03-20 15:24:08	1	3	15	0
        117775	2026-03-23 05:37:26	1	0	15	0
        117451	2026-03-23 05:40:33	1	0	15	0
        116844	2026-03-23 05:54:25	1	0	15	0
        110064	2026-03-23 05:55:40	1	0	15	0
        118125	2026-03-23 06:00:41	1	0	15	0
        117090	2026-03-23 06:02:34	1	0	15	0
        116096	2026-03-23 06:02:44	1	0	15	0
        118143	2026-03-23 06:03:18	1	0	15	0
        117631	2026-03-23 06:04:51	1	0	15	0
        118326	2026-03-23 06:06:51	1	0	15	0
        110461	2026-03-23 06:08:33	1	0	15	0
        110124	2026-03-23 06:08:47	1	0	15	0
        117687	2026-03-23 06:09:21	1	0	15	0
        117727	2026-03-23 06:10:56	1	0	15	0
        117273	2026-03-23 06:11:29	1	0	15	0
        116738	2026-03-23 06:11:47	1	0	15	0
        116735	2026-03-23 06:12:07	1	0	15	0
        118251	2026-03-23 06:15:48	1	0	1	0
        117977	2026-03-23 06:15:58	1	0	15	0
        117656	2026-03-23 06:17:05	1	0	15	0
        110429	2026-03-23 06:19:05	1	0	15	0
        110188	2026-03-23 06:19:26	1	0	15	0
        110046	2026-03-23 06:21:42	1	0	15	0
        118407	2026-03-23 06:23:54	1	0	15	0
        118760	2026-03-23 06:24:15	1	0	15	0
        117242	2026-03-23 06:29:32	1	0	1	0
        118301	2026-03-23 06:32:16	1	0	15	0
        110115	2026-03-23 06:33:11	1	0	15	0
        118160	2026-03-23 06:34:18	1	0	15	0
        119077	2026-03-23 06:36:00	1	0	15	0
        119117	2026-03-23 06:40:33	1	0	1	0
        110068	2026-03-23 06:40:46	1	0	1	0
        116790	2026-03-23 06:41:26	1	0	15	0
        118548	2026-03-23 06:42:29	1	0	15	0
        116254	2026-03-23 06:43:48	1	0	15	0
        116152	2026-03-23 06:45:51	1	0	15	0
        118801	2026-03-23 06:48:20	1	0	15	0
        119376	2026-03-23 06:49:15	1	0	15	0
        118566	2026-03-23 06:50:11	1	0	15	0
        110477	2026-03-23 06:50:20	1	0	15	0
        118729	2026-03-23 06:51:09	1	0	15	0
        117267	2026-03-23 06:51:15	1	0	15	0
        116829	2026-03-23 06:51:24	1	0	15	0
        118509	2026-03-23 06:57:15	1	0	15	0
        116953	2026-03-23 06:58:13	1	0	15	0
        116509	2026-03-23 06:59:31	1	0	15	0
        118083	2026-03-23 07:01:10	1	0	15	0
        119406	2026-03-23 07:02:01	1	0	15	0
        116466	2026-03-23 07:06:05	1	0	1	0
        110646	2026-03-23 07:08:54	1	0	15	0
        119393	2026-03-23 07:18:55	1	0	15	0
        116825	2026-03-23 07:22:43	1	0	15	0
        119206	2026-03-23 07:23:43	1	0	15	0
        118585	2026-03-23 07:36:31	1	0	15	0
        116192	2026-03-23 07:41:22	1	0	15	0
        117274	2026-03-23 07:47:03	1	0	15	0
        116007	2026-03-23 07:47:33	1	0	1	0
        116434	2026-03-23 07:49:37	1	0	1	0
        118398	2026-03-23 07:58:24	1	0	15	0
        119392	2026-03-23 08:01:05	1	0	15	0
        116476	2026-03-23 08:19:43	1	0	15	0
        117398	2026-03-23 08:23:43	1	0	15	0
        110115	2026-03-23 11:49:04	1	0	15	0
        117631	2026-03-23 12:00:19	1	0	15	0
        117090	2026-03-23 12:00:22	1	2	15	0
        116192	2026-03-23 12:00:26	1	2	15	0
        118251	2026-03-23 12:00:31	1	2	1	0
        116953	2026-03-23 12:00:42	1	2	15	0
        117656	2026-03-23 12:00:46	1	2	15	0
        110188	2026-03-23 12:00:49	1	2	15	0
        119376	2026-03-23 12:00:55	1	2	15	0
        119393	2026-03-23 12:01:00	1	2	15	0
        119117	2026-03-23 12:01:03	1	2	1	0
        118548	2026-03-23 12:01:09	1	2	15	0
        118160	2026-03-23 12:01:14	1	2	15	0
        119443	2026-03-23 12:01:18	1	2	15	0
        116844	2026-03-23 12:01:20	1	2	15	0
        110068	2026-03-23 12:01:23	1	2	1	0
        119406	2026-03-23 12:01:29	1	2	15	0
        116152	2026-03-23 12:01:32	1	2	15	0
        116263	2026-03-23 12:01:37	1	2	15	0
        119077	2026-03-23 12:01:41	1	2	15	0
        116096	2026-03-23 12:01:46	1	2	15	0
        117727	2026-03-23 12:01:54	1	2	15	0
        117656	2026-03-23 12:02:42	1	2	15	0
        118509	2026-03-23 12:02:48	1	2	15	0
        117274	2026-03-23 12:02:56	1	2	15	0
        116953	2026-03-23 12:03:07	1	2	15	0
        116192	2026-03-23 12:03:10	1	2	15	0
        117631	2026-03-23 12:03:18	1	2	15	0
        117090	2026-03-23 12:03:22	1	2	15	0
        119077	2026-03-23 12:03:30	1	2	15	0
        119376	2026-03-23 12:03:41	1	2	15	0
        110064	2026-03-23 12:03:57	1	2	15	0
        119206	2026-03-23 12:04:03	1	2	15	0
        110646	2026-03-23 12:04:08	1	2	15	0
        116509	2026-03-23 12:04:20	1	2	15	0
        118160	2026-03-23 12:04:24	1	2	15	0
        116152	2026-03-23 12:04:30	1	2	15	0
        116096	2026-03-23 12:04:43	1	2	15	0
        119406	2026-03-23 12:05:15	1	2	15	0
        116844	2026-03-23 12:05:19	1	2	15	0
        110068	2026-03-23 12:05:23	1	2	1	0
        118566	2026-03-23 12:05:29	1	2	15	0
        116738	2026-03-23 12:05:34	1	2	15	0
        118509	2026-03-23 12:05:38	1	2	15	0
        118548	2026-03-23 12:05:42	1	2	15	0
        117274	2026-03-23 12:05:47	1	2	15	0
        110188	2026-03-23 12:05:50	1	2	15	0
        118760	2026-03-23 12:06:01	1	2	15	0
        118251	2026-03-23 12:06:07	1	2	1	0
        118301	2026-03-23 12:06:13	1	2	15	0
        116263	2026-03-23 12:06:17	1	2	15	0
        119393	2026-03-23 12:06:23	1	2	15	0
        119443	2026-03-23 12:06:27	1	2	15	0
        110646	2026-03-23 12:06:33	1	2	15	0
        119206	2026-03-23 12:06:44	1	2	15	0
        117398	2026-03-23 12:06:50	1	2	15	0
        118398	2026-03-23 12:06:57	1	2	15	0
        118083	2026-03-23 12:07:40	1	2	15	0
        116434	2026-03-23 12:08:00	1	2	1	0
        110064	2026-03-23 12:08:15	1	2	15	0
        110477	2026-03-23 12:08:20	1	2	15	0
        116790	2026-03-23 12:08:24	1	2	15	0
        118760	2026-03-23 12:08:30	1	2	15	0
        116476	2026-03-23 12:09:45	1	2	15	0
        117092	2026-03-23 12:10:05	1	2	15	0
        118083	2026-03-23 12:10:18	1	2	15	0
        117398	2026-03-23 12:10:52	1	2	15	0
        118398	2026-03-23 12:10:58	1	2	15	0
        110124	2026-03-23 12:11:29	1	2	15	0
        116825	2026-03-23 12:12:04	1	2	15	0
        117092	2026-03-23 12:13:20	1	2	15	0
        118301	2026-03-23 12:13:59	1	2	15	0
        110477	2026-03-23 12:14:04	1	2	15	0
        117775	2026-03-23 12:14:23	1	2	15	0
        116007	2026-03-23 12:14:41	1	2	1	0
        116434	2026-03-23 12:14:45	1	2	1	0
        116466	2026-03-23 12:14:57	1	2	1	0
        116509	2026-03-23 12:15:03	1	2	15	0
        110149	2026-03-23 12:15:15	1	2	15	0
        117273	2026-03-23 12:15:23	1	2	15	0
        117451	2026-03-23 12:15:28	1	2	15	0
        116735	2026-03-23 12:15:31	1	2	15	0
        117267	2026-03-23 12:15:36	1	2	15	0
        117727	2026-03-23 12:15:44	1	2	15	0
        116825	2026-03-23 12:16:01	1	2	15	0
        110429	2026-03-23 12:16:10	1	2	15	0
        118326	2026-03-23 12:17:28	1	2	15	0
        116790	2026-03-23 12:19:10	1	2	15	0
        117775	2026-03-23 12:19:14	1	2	15	0
        117451	2026-03-23 12:19:30	1	2	15	0
        118801	2026-03-23 12:19:38	1	2	15	0
        116735	2026-03-23 12:19:44	1	2	15	0
        117267	2026-03-23 12:19:48	1	2	15	0
        117273	2026-03-23 12:19:54	1	2	15	0
        118566	2026-03-23 12:20:04	1	2	15	0
        118407	2026-03-23 12:20:35	1	2	15	0
        117242	2026-03-23 12:20:40	1	2	1	0
        118585	2026-03-23 12:20:46	1	2	15	0
        110149	2026-03-23 12:21:27	1	2	15	0
        116738	2026-03-23 12:21:31	1	2	15	0
        118585	2026-03-23 12:22:02	1	2	15	0
        116829	2026-03-23 12:25:29	1	2	15	0
        117242	2026-03-23 12:26:08	1	2	1	0
        118407	2026-03-23 12:26:14	1	2	15	0
        116829	2026-03-23 12:30:01	1	3	15	0
        118801	2026-03-23 12:30:19	1	3	15	0
        118326	2026-03-23 12:33:57	1	3	15	0
        116476	2026-03-23 12:36:12	1	3	15	0
        110429	2026-03-23 12:37:47	1	3	15	0
        116007	2026-03-23 12:44:10	1	3	1	0
        116466	2026-03-23 12:44:25	1	3	15	0
        110124	2026-03-23 12:46:26	1	3	15	0
        119392	2026-03-23 12:52:36	1	3	15	0
        118143	2026-03-23 12:53:34	1	3	15	0
        119392	2026-03-23 12:55:53	1	3	15	0
        118143	2026-03-23 12:56:04	1	3	15	0
        119117	2026-03-23 15:39:27	1	3	1	0
        116007	2026-03-23 17:05:03	1	1	15	0
        116509	2026-03-23 17:09:50	1	1	15	0
        118801	2026-03-23 17:12:27	1	1	15	0
        116442	2026-03-23 17:18:46	1	1	15	0
        117398	2026-03-23 17:20:09	1	1	15	0
        116476	2026-03-23 17:38:38	1	1	15	0
        110064	2026-03-23 17:57:55	1	1	15	0
        117727	2026-03-23 17:59:58	1	1	15	0
        116434	2026-03-23 18:00:04	1	1	1	0
        116735	2026-03-23 18:00:07	1	1	15	0
        116466	2026-03-23 18:00:13	1	1	1	0
        117451	2026-03-23 18:00:19	1	1	15	0
        117273	2026-03-23 18:00:22	1	1	15	0
        117267	2026-03-23 18:00:26	1	1	15	0
        117090	2026-03-23 18:00:30	1	1	15	0
        118509	2026-03-23 18:00:51	1	1	15	0
        117150	2026-03-23 18:01:28	1	1	15	0
        118160	2026-03-23 18:01:34	1	1	15	0
        118326	2026-03-23 18:01:38	1	1	15	0
        116825	2026-03-23 18:01:44	1	1	15	0
        118083	2026-03-23 18:02:17	1	1	15	0
        110477	2026-03-23 18:02:32	1	1	15	0
        119376	2026-03-23 18:03:20	1	1	15	0
        119206	2026-03-23 18:04:22	1	1	15	0
        116152	2026-03-23 18:04:26	1	1	15	0
        117631	2026-03-23 18:04:40	1	1	15	0
        119117	2026-03-23 18:04:44	1	1	1	0
        116263	2026-03-23 18:05:30	1	1	15	0
        117656	2026-03-23 18:06:17	1	1	15	0
        110149	2026-03-23 18:07:12	1	1	15	0
        119406	2026-03-23 18:07:32	1	1	15	0
        118548	2026-03-23 18:07:37	1	1	15	0
        118125	2026-03-23 18:07:44	1	1	15	0
        110068	2026-03-23 18:07:50	1	1	1	0
        110646	2026-03-23 18:08:03	1	1	15	0
        119077	2026-03-23 18:09:00	1	1	15	0
        118760	2026-03-23 18:09:05	1	1	15	0
        118301	2026-03-23 18:09:10	1	1	15	0
        116096	2026-03-23 18:09:41	1	1	15	0
        119443	2026-03-23 18:11:32	1	1	15	0
        117092	2026-03-23 18:12:02	1	1	15	0
        118566	2026-03-23 18:12:47	1	1	15	0
        118251	2026-03-23 18:14:20	1	1	1	0
        110429	2026-03-23 18:14:33	1	1	15	0
        110188	2026-03-23 18:14:58	1	1	15	0
        118143	2026-03-23 18:15:25	1	1	15	0
        119393	2026-03-23 18:18:09	1	1	15	0
        117518	2026-03-23 18:18:15	1	1	15	0
        116844	2026-03-23 18:30:30	1	1	15	0
        116192	2026-03-23 18:33:45	1	1	15	0
        117274	2026-03-23 18:35:46	1	1	15	0
        116738	2026-03-23 18:38:55	1	1	15	0
        118585	2026-03-23 18:43:04	1	1	15	0
        110124	2026-03-23 18:53:50	1	1	15	0
        117775	2026-03-23 18:53:56	1	1	15	0
        118398	2026-03-23 18:54:40	1	1	15	0
        116790	2026-03-23 19:01:03	1	1	15	0
        119392	2026-03-23 19:02:20	1	1	15	0
        117242	2026-03-23 19:29:51	1	1	1	0
        118407	2026-03-23 19:29:58	1	1	15	0
        116829	2026-03-23 19:42:01	1	1	15	0
        110068	2026-03-24 06:20:10	1	0	1	0
        116953	2026-03-24 06:23:03	1	0	15	0
        117242	2026-03-24 06:24:33	1	0	1	0
        117775	2026-03-24 06:30:19	1	0	15	0
        110064	2026-03-24 06:38:59	1	0	15	0
        117451	2026-03-24 06:40:25	1	0	15	0
        118326	2026-03-24 06:43:38	1	0	15	0
        118760	2026-03-24 06:43:47	1	0	15	0
        116735	2026-03-24 06:44:26	1	0	15	0
        118301	2026-03-24 06:44:44	1	0	15	0
        118251	2026-03-24 06:46:45	1	0	1	0
        117656	2026-03-24 06:47:59	1	0	15	0
        119077	2026-03-24 06:48:18	1	0	15	0
        117398	2026-03-24 06:49:52	1	0	15	0
        117090	2026-03-24 06:50:51	1	0	15	0
        116202	2026-03-24 06:50:59	1	0	15	0
        119406	2026-03-24 06:52:43	1	0	15	0
        119117	2026-03-24 06:53:25	1	0	1	0
        117631	2026-03-24 06:54:57	1	0	15	0
        110641	2026-03-24 06:56:20	1	0	15	0
        110359	2026-03-24 06:57:23	1	0	15	0
        117273	2026-03-24 06:57:29	1	0	15	0
        118160	2026-03-24 06:57:34	1	0	15	0
        110362	2026-03-24 06:57:47	1	0	15	0
        117239	2026-03-24 07:02:16	1	0	15	0
        110477	2026-03-24 07:02:39	1	0	15	0
        116509	2026-03-24 07:04:06	1	0	15	0
        110429	2026-03-24 07:04:10	1	0	15	0
        116487	2026-03-24 07:05:47	1	0	15	0
        118125	2026-03-24 07:07:32	1	0	15	0
        118509	2026-03-24 07:09:06	1	0	15	0
        117267	2026-03-24 07:10:33	1	0	15	0
        119393	2026-03-24 07:20:33	1	0	15	0
        117518	2026-03-24 07:20:38	1	0	15	0
        117092	2026-03-24 07:20:42	1	0	15	0
        117150	2026-03-24 07:23:13	1	0	15	0
        110646	2026-03-24 07:24:34	1	0	15	0
        110472	2026-03-24 07:27:59	1	0	15	0
        116152	2026-03-24 07:31:27	1	0	15	0
        116007	2026-03-24 07:31:59	1	0	1	0
        116844	2026-03-24 07:32:51	1	0	15	0
        118566	2026-03-24 07:34:46	1	0	15	0
        116825	2026-03-24 07:35:01	1	0	15	0
        116442	2026-03-24 07:35:29	1	0	15	0
        117727	2026-03-24 07:36:33	1	0	15	0
        118729	2026-03-24 07:36:50	1	0	15	0
        110188	2026-03-24 07:39:19	1	0	15	0
        118694	2026-03-24 07:45:10	1	0	15	0
        118083	2026-03-24 07:46:52	1	0	15	0
        118143	2026-03-24 07:47:28	1	0	15	0
        116738	2026-03-24 07:47:42	1	0	15	0
        119443	2026-03-24 07:47:54	1	0	15	0
        119376	2026-03-24 07:49:07	1	0	15	0
        116524	2026-03-24 07:50:31	1	0	15	0
        118585	2026-03-24 07:53:27	1	0	15	0
        117274	2026-03-24 07:54:00	1	0	15	0
        118801	2026-03-24 07:56:47	1	0	15	0
        116466	2026-03-24 07:56:52	1	0	1	0
        116712	2026-03-24 07:58:27	1	0	15	0
        110461	2026-03-24 08:01:37	1	0	15	0
        116434	2026-03-24 08:10:22	1	0	1	0
        116790	2026-03-24 08:11:00	1	0	15	0
        110124	2026-03-24 08:23:54	1	0	1	0
        116511	2026-03-24 08:29:05	1	0	15	0
        110115	2026-03-24 08:29:10	1	0	15	0
        118398	2026-03-24 08:31:15	1	0	15	0
        110045	2026-03-24 08:37:34	1	0	15	0
        116476	2026-03-24 09:01:26	1	0	15	0
        117239	2026-03-24 12:00:10	1	1	15	0
        110472	2026-03-24 12:00:13	1	1	15	0
        117631	2026-03-24 12:00:18	1	2	15	0
        117090	2026-03-24 12:00:22	1	2	15	0
        116825	2026-03-24 12:00:25	1	2	15	0
        110646	2026-03-24 12:00:31	1	2	15	0
        116524	2026-03-24 12:00:35	1	2	15	0
        118083	2026-03-24 12:00:40	1	2	15	0
        118301	2026-03-24 12:00:44	1	2	15	0
        116434	2026-03-24 12:00:48	1	2	1	0
        117398	2026-03-24 12:00:51	1	2	15	0
        118251	2026-03-24 12:00:56	1	2	1	0
        119393	2026-03-24 12:01:02	1	2	15	0
        119443	2026-03-24 12:01:07	1	2	15	0
        118398	2026-03-24 12:01:11	1	2	15	0
        117727	2026-03-24 12:01:24	1	2	15	0
        110641	2026-03-24 12:01:30	1	2	15	0
        110045	2026-03-24 12:01:48	1	2	15	0
        117775	2026-03-24 12:01:55	1	2	15	0
        110362	2026-03-24 12:02:01	1	2	15	0
        118160	2026-03-24 12:02:07	1	2	15	0
        119376	2026-03-24 12:02:13	1	2	15	0
        118694	2026-03-24 12:02:58	1	1	15	0
        110064	2026-03-24 12:03:03	1	1	15	0
        118083	2026-03-24 12:03:21	1	1	15	0
        116487	2026-03-24 12:03:25	1	1	15	0
        117090	2026-03-24 12:03:28	1	1	15	0
        117631	2026-03-24 12:03:31	1	1	15	0
        117656	2026-03-24 12:03:35	1	1	15	0
        116476	2026-03-24 12:04:24	1	2	15	0
        116509	2026-03-24 12:04:58	1	2	15	0
        110188	2026-03-24 12:05:02	1	2	15	0
        117273	2026-03-24 12:05:11	1	2	15	0
        119376	2026-03-24 12:05:15	1	2	15	0
        110359	2026-03-24 12:05:25	1	2	15	0
        116152	2026-03-24 12:05:32	1	2	15	0
        110064	2026-03-24 12:05:46	1	2	15	0
        119117	2026-03-24 12:05:48	1	2	1	0
        116738	2026-03-24 12:05:58	1	2	15	0
        118301	2026-03-24 12:06:04	1	2	15	0
        110045	2026-03-24 12:06:11	1	2	15	0
        116487	2026-03-24 12:06:15	1	2	15	0
        110068	2026-03-24 12:06:20	1	2	1	0
        116007	2026-03-24 12:06:50	1	2	1	0
        116434	2026-03-24 12:07:15	1	2	1	0
        117398	2026-03-24 12:07:27	1	2	15	0
        118566	2026-03-24 12:07:33	1	2	15	0
        118801	2026-03-24 12:07:47	1	2	15	0
        117656	2026-03-24 12:07:56	1	2	15	0
        110188	2026-03-24 12:07:59	1	2	15	0
        118125	2026-03-24 12:08:36	1	2	15	0
        116152	2026-03-24 12:08:47	1	2	15	0
        116844	2026-03-24 12:08:58	1	2	15	0
        118398	2026-03-24 12:09:30	1	2	15	0
        118251	2026-03-24 12:09:41	1	2	1	0
        110068	2026-03-24 12:09:46	1	2	1	0
        110477	2026-03-24 12:10:14	1	2	15	0
        116953	2026-03-24 12:10:19	1	2	15	0
        116790	2026-03-24 12:10:24	1	2	15	0
        119117	2026-03-24 12:10:44	1	2	1	0
        110646	2026-03-24 12:10:52	1	2	15	0
        116735	2026-03-24 12:11:13	1	2	15	0
        117267	2026-03-24 12:11:16	1	2	15	0
        110641	2026-03-24 12:11:47	1	2	15	0
        110362	2026-03-24 12:11:54	1	2	15	0
        116844	2026-03-24 12:12:07	1	2	15	0
        110429	2026-03-24 12:12:30	1	2	15	0
        118729	2026-03-24 12:13:24	1	2	15	0
        118125	2026-03-24 12:13:41	1	2	15	0
        118694	2026-03-24 12:13:58	1	0	15	0
        116953	2026-03-24 12:14:23	1	2	15	0
        119393	2026-03-24 12:14:46	1	2	15	0
        119443	2026-03-24 12:15:04	1	2	15	0
        117185	2026-03-24 12:15:44	1	2	15	0
        118566	2026-03-24 12:15:48	1	2	15	0
        116202	2026-03-24 12:15:57	1	2	15	0
        110477	2026-03-24 12:16:10	1	2	15	0
        118509	2026-03-24 12:16:58	1	2	15	0
        110124	2026-03-24 12:17:26	1	2	15	0
        110461	2026-03-24 12:17:47	1	2	15	0
        116442	2026-03-24 12:18:32	1	2	15	0
        117518	2026-03-24 12:18:40	1	2	15	0
        118509	2026-03-24 12:19:35	1	2	15	0
        116509	2026-03-24 12:20:06	1	2	15	0
        116511	2026-03-24 12:20:33	1	2	15	0
        117727	2026-03-24 12:20:51	1	2	15	0
        116738	2026-03-24 12:20:54	1	2	15	0
        117518	2026-03-24 12:22:02	1	2	15	0
        116735	2026-03-24 12:22:09	1	2	15	0
        117267	2026-03-24 12:22:12	1	2	15	0
        118760	2026-03-24 12:23:07	1	2	15	0
        117150	2026-03-24 12:23:24	1	2	15	0
        117451	2026-03-24 12:23:28	1	2	15	0
        116466	2026-03-24 12:23:43	1	2	1	0
        118326	2026-03-24 12:23:49	1	2	15	0
        110124	2026-03-24 12:23:59	1	2	1	0
        119392	2026-03-24 12:24:05	1	2	15	0
        119077	2026-03-24 12:24:16	1	2	15	0
        116790	2026-03-24 12:26:06	1	2	15	0
        119077	2026-03-24 12:27:15	1	2	15	0
        118801	2026-03-24 12:28:50	1	2	15	0
        116434	2026-03-24 12:28:53	1	2	1	0
        116007	2026-03-24 12:29:02	1	2	1	0
        117092	2026-03-24 12:29:14	1	2	15	0
        118326	2026-03-24 12:30:10	1	2	15	0
        119406	2026-03-24 12:30:20	1	2	15	0
        117775	2026-03-24 12:30:35	1	2	15	0
        117092	2026-03-24 12:30:57	1	2	15	0
        117451	2026-03-24 12:31:09	1	2	15	0
        117150	2026-03-24 12:31:12	1	2	15	0
        110429	2026-03-24 12:32:51	1	3	15	0
        116442	2026-03-24 12:33:17	1	3	15	0
        119406	2026-03-24 12:33:23	1	3	15	0
        117242	2026-03-24 12:33:39	1	3	1	0
        118760	2026-03-24 12:34:10	1	3	15	0
        116476	2026-03-24 12:34:53	1	3	15	0
        116511	2026-03-24 12:35:04	1	3	15	0
        116825	2026-03-24 12:36:24	1	3	15	0
        110461	2026-03-24 12:37:47	1	3	15	0
        117273	2026-03-24 12:38:45	1	3	15	0
        110359	2026-03-24 12:38:49	1	3	15	0
        116466	2026-03-24 12:40:33	1	3	15	0
        117242	2026-03-24 12:42:06	1	3	1	0
        116712	2026-03-24 12:42:16	1	3	15	0
        116202	2026-03-24 12:43:13	1	3	15	0
        110115	2026-03-24 12:44:06	1	3	15	0
        116712	2026-03-24 12:45:33	1	3	15	0
        117185	2026-03-24 12:48:04	1	3	15	0
        110472	2026-03-24 12:48:14	1	3	15	0
        117239	2026-03-24 12:48:27	1	3	15	0
        116524	2026-03-24 12:48:31	1	3	15	0
        110115	2026-03-24 12:48:47	1	3	15	0
        118729	2026-03-24 12:49:23	1	0	15	0
        118143	2026-03-24 12:50:36	1	3	15	0
        118143	2026-03-24 12:54:23	1	3	15	0
        117274	2026-03-24 12:58:08	1	3	15	0
        117274	2026-03-24 12:59:30	1	3	15	0
        118585	2026-03-24 13:01:21	1	3	15	0
        118585	2026-03-24 13:02:49	1	3	15	0
        119117	2026-03-24 13:21:56	1	3	1	0
        110472	2026-03-24 16:54:45	1	1	15	0
        117239	2026-03-24 16:55:41	1	1	15	0
        116524	2026-03-24 17:05:20	1	1	15	0
        116442	2026-03-24 17:14:11	1	1	15	0
        117185	2026-03-24 17:22:05	1	1	15	0
        118801	2026-03-24 17:48:44	1	1	15	0
        117398	2026-03-24 17:50:45	1	1	15	0
        116509	2026-03-24 17:57:12	1	1	15	0
        118326	2026-03-24 18:00:16	1	1	15	0
        116476	2026-03-24 18:01:13	1	1	15	0
        110477	2026-03-24 18:03:32	1	1	15	0
        116825	2026-03-24 18:03:44	1	1	15	0
        110362	2026-03-24 18:05:55	1	1	15	0
        110641	2026-03-24 18:06:01	1	1	15	0
        119077	2026-03-24 18:06:41	1	1	15	0
        119406	2026-03-24 18:08:23	1	1	15	0
        118301	2026-03-24 18:08:35	1	1	15	0
        117451	2026-03-24 18:10:35	1	1	15	0
        117656	2026-03-24 18:11:04	1	1	15	0
        116735	2026-03-24 18:12:14	1	1	15	0
        117267	2026-03-24 18:12:21	1	1	15	0
        117273	2026-03-24 18:13:33	1	1	15	0
        110359	2026-03-24 18:13:36	1	1	15	0
        117242	2026-03-24 18:13:57	1	1	1	0
        117631	2026-03-24 18:16:39	1	1	15	0
        118760	2026-03-24 18:21:09	1	1	15	0
        110429	2026-03-24 18:21:22	1	1	15	0
        116487	2026-03-24 18:24:37	1	1	15	0
        117150	2026-03-24 18:28:12	1	1	15	0
        110045	2026-03-24 18:28:28	1	1	15	0
        118125	2026-03-24 18:28:43	1	1	15	0
        116152	2026-03-24 18:33:56	1	1	15	0
        110064	2026-03-24 18:36:28	1	1	15	0
        116202	2026-03-24 18:37:46	1	1	15	0
        110188	2026-03-24 18:43:14	1	1	15	0
        110068	2026-03-24 18:44:09	1	1	1	0
        110115	2026-03-24 18:44:24	1	1	15	0
        110646	2026-03-24 18:44:29	1	1	15	0
        116953	2026-03-24 18:44:40	1	1	15	0
        118083	2026-03-24 18:49:44	1	1	15	0
        119376	2026-03-24 18:50:21	1	1	15	0
        116844	2026-03-24 18:50:52	1	1	15	0
        117090	2026-03-24 18:55:00	1	1	15	0
        118509	2026-03-24 18:56:24	1	1	15	0
        116738	2026-03-24 19:00:25	1	1	15	0
        116790	2026-03-24 19:02:32	1	1	15	0
        119392	2026-03-24 19:03:00	1	1	15	0
        116466	2026-03-24 19:03:09	1	1	1	0
        117727	2026-03-24 19:03:15	1	1	15	0
        118398	2026-03-24 19:04:32	1	1	15	0
        118729	2026-03-24 19:06:50	1	1	15	0
        118694	2026-03-24 19:06:53	1	1	15	0
        118585	2026-03-24 19:10:10	1	1	15	0
        119443	2026-03-24 19:11:04	1	1	15	0
        118251	2026-03-24 19:11:24	1	1	1	0
        119393	2026-03-24 19:11:34	1	1	15	0
        118566	2026-03-24 19:11:39	1	1	15	0
        117518	2026-03-24 19:11:44	1	1	15	0
        118143	2026-03-24 19:20:35	1	1	15	0
        116712	2026-03-24 19:22:19	1	1	15	0
        110124	2026-03-24 19:38:22	1	1	1	0
        116511	2026-03-24 19:38:30	1	1	15	0
        117775	2026-03-24 19:38:35	1	1	15	0
        110461	2026-03-24 19:38:41	1	1	15	0
        117092	2026-03-24 19:52:33	1	1	15	0
        116434	2026-03-24 20:21:40	1	1	1	0
        116007	2026-03-24 21:41:12	1	1	1	0
        117451	2026-03-25 06:05:30	1	0	15	0
        117092	2026-03-25 06:10:44	1	0	15	0
        117775	2026-03-25 06:29:23	1	0	15	0
        118251	2026-03-25 06:37:58	1	0	1	0
        118326	2026-03-25 06:38:28	1	0	15	0
        118301	2026-03-25 06:40:09	1	0	15	0
        110068	2026-03-25 06:40:26	1	0	1	0
        118760	2026-03-25 06:43:27	1	0	15	0
        116735	2026-03-25 06:43:45	1	0	15	0
        119077	2026-03-25 06:45:20	1	0	15	0
        118160	2026-03-25 06:47:31	1	0	15	0
        117631	2026-03-25 06:51:10	1	0	15	0
        110149	2026-03-25 06:51:51	1	0	15	0
        110641	2026-03-25 06:53:12	1	0	15	0
        117273	2026-03-25 06:54:23	1	0	15	0
        110359	2026-03-25 06:54:27	1	0	15	0
        119406	2026-03-25 06:55:55	1	0	15	0
        118548	2026-03-25 06:57:57	1	0	15	0
        116202	2026-03-25 06:58:44	1	0	15	0
        116953	2026-03-25 07:00:25	1	0	15	0
        110362	2026-03-25 07:00:39	1	0	15	0
        117090	2026-03-25 07:03:46	1	0	15	0
        110429	2026-03-25 07:03:59	1	0	15	0
        117656	2026-03-25 07:04:07	1	0	15	0
        119206	2026-03-25 07:04:31	1	0	15	0
        110477	2026-03-25 07:07:43	1	0	15	0
        118125	2026-03-25 07:07:55	1	0	15	0
        110646	2026-03-25 07:09:29	1	0	15	0
        118509	2026-03-25 07:10:11	1	0	15	0
        117518	2026-03-25 07:20:09	1	0	15	0
        117239	2026-03-25 07:22:33	1	0	15	0
        118729	2026-03-25 07:23:44	1	0	15	0
        118694	2026-03-25 07:23:48	1	0	15	0
        119117	2026-03-25 07:28:36	1	0	15	0
        110472	2026-03-25 07:29:42	1	0	15	0
        119392	2026-03-25 07:30:23	1	0	15	0
        116844	2026-03-25 07:32:39	1	0	15	0
        116738	2026-03-25 07:33:06	1	0	15	0
        118585	2026-03-25 07:37:43	1	0	15	0
        117242	2026-03-25 07:39:17	1	0	1	0
        116192	2026-03-25 07:41:57	1	0	15	0
        117150	2026-03-25 07:43:23	1	0	15	0
        110188	2026-03-25 07:44:52	1	0	15	0
        117727	2026-03-25 07:45:33	1	0	15	0
        116152	2026-03-25 07:46:39	1	0	15	0
        110064	2026-03-25 07:46:48	1	0	15	0
        119376	2026-03-25 07:48:18	1	0	15	0
        116263	2026-03-25 07:51:16	1	0	15	0
        118083	2026-03-25 07:54:04	1	0	15	0
        110461	2026-03-25 07:54:49	1	0	15	0
        119443	2026-03-25 07:55:51	1	0	15	0
        116487	2026-03-25 07:56:19	1	0	15	0
        116524	2026-03-25 08:00:45	1	0	15	0
        116790	2026-03-25 08:02:46	1	0	15	0
        116825	2026-03-25 08:03:35	1	0	15	0
        116511	2026-03-25 08:13:57	1	0	15	0
        116434	2026-03-25 08:29:07	1	0	1	0
        117274	2026-03-25 08:32:34	1	0	15	0
        116007	2026-03-25 08:36:23	1	0	1	0
        116476	2026-03-25 08:54:02	1	0	15	0
        116829	2026-03-25 09:13:25	1	0	15	0
        118398	2026-03-25 09:38:41	1	0	15	0
        118760	2026-03-25 11:59:02	1	0	15	0
        117775	2026-03-25 11:59:10	1	0	15	0
        110429	2026-03-25 11:59:20	1	0	15	0
        118326	2026-03-25 12:00:29	1	2	15	0
        117775	2026-03-25 12:00:36	1	2	15	0
        117451	2026-03-25 12:00:41	1	2	15	0
        110646	2026-03-25 12:00:47	1	2	15	0
        117150	2026-03-25 12:00:52	1	2	15	0
        117274	2026-03-25 12:00:58	1	2	15	0
        116953	2026-03-25 12:01:02	1	2	15	0
        116735	2026-03-25 12:01:06	1	2	15	0
        119376	2026-03-25 12:01:12	1	2	15	0
        116790	2026-03-25 12:01:17	1	2	15	0
        117631	2026-03-25 12:01:28	1	2	15	0
        117242	2026-03-25 12:01:34	1	2	1	0
        119443	2026-03-25 12:01:40	1	2	15	0
        117090	2026-03-25 12:01:45	1	2	15	0
        118251	2026-03-25 12:01:51	1	2	1	0
        116263	2026-03-25 12:01:57	1	2	15	0
        118160	2026-03-25 12:02:00	1	2	15	0
        110362	2026-03-25 12:02:12	1	2	15	0
        118760	2026-03-25 12:02:18	1	2	15	0
        110149	2026-03-25 12:02:29	1	2	15	0
        110641	2026-03-25 12:02:39	1	2	15	0
        116192	2026-03-25 12:02:51	1	2	15	0
        116524	2026-03-25 12:03:12	1	2	15	0
        110472	2026-03-25 12:03:22	1	2	15	0
        118301	2026-03-25 12:03:57	1	2	15	0
        118160	2026-03-25 12:04:04	1	2	15	0
        116953	2026-03-25 12:05:04	1	2	15	0
        116790	2026-03-25 12:05:07	1	2	15	0
        119376	2026-03-25 12:05:11	1	2	15	0
        116152	2026-03-25 12:05:21	1	2	15	0
        117090	2026-03-25 12:05:26	1	2	15	0
        117631	2026-03-25 12:05:32	1	2	15	0
        119406	2026-03-25 12:05:36	1	2	15	0
        116263	2026-03-25 12:05:39	1	2	15	0
        117775	2026-03-25 12:05:44	1	2	15	0
        117092	2026-03-25 12:05:54	1	2	15	0
        118548	2026-03-25 12:05:58	1	2	15	0
        110068	2026-03-25 12:06:02	1	2	1	0
        119077	2026-03-25 12:06:08	1	2	15	0
        110477	2026-03-25 12:06:12	1	2	15	0
        116192	2026-03-25 12:06:18	1	2	15	0
        116509	2026-03-25 12:06:22	1	2	15	0
        116825	2026-03-25 12:06:29	1	2	15	0
        117274	2026-03-25 12:06:33	1	2	15	0
        119206	2026-03-25 12:06:39	1	2	15	0
        116735	2026-03-25 12:07:05	1	2	15	0
        117451	2026-03-25 12:07:10	1	2	15	0
        117150	2026-03-25 12:07:14	1	2	15	0
        118301	2026-03-25 12:07:23	1	2	15	0
        110472	2026-03-25 12:07:46	1	0	15	0
        118083	2026-03-25 12:07:52	1	0	15	0
        116524	2026-03-25 12:08:10	1	0	15	0
        118251	2026-03-25 12:08:15	1	0	1	0
        110646	2026-03-25 12:08:24	1	2	15	0
        117092	2026-03-25 12:08:27	1	2	15	0
        116511	2026-03-25 12:08:32	1	2	15	0
        116487	2026-03-25 12:08:37	1	2	15	0
        110461	2026-03-25 12:08:42	1	2	15	0
        119077	2026-03-25 12:09:00	1	2	15	0
        116476	2026-03-25 12:09:05	1	2	15	0
        119206	2026-03-25 12:09:09	1	2	15	0
        116152	2026-03-25 12:09:31	1	2	15	0
        119443	2026-03-25 12:09:35	1	2	15	0
        118398	2026-03-25 12:09:39	1	2	15	0
        116825	2026-03-25 12:09:47	1	2	15	0
        110149	2026-03-25 12:09:50	1	2	15	0
        119406	2026-03-25 12:09:58	1	2	15	0
        110068	2026-03-25 12:10:37	1	2	1	0
        118548	2026-03-25 12:10:51	1	2	15	0
        118398	2026-03-25 12:11:16	1	2	15	0
        110477	2026-03-25 12:11:25	1	2	15	0
        116738	2026-03-25 12:11:29	1	2	15	0
        110362	2026-03-25 12:11:42	1	2	15	0
        118509	2026-03-25 12:12:06	1	2	15	0
        110641	2026-03-25 12:12:30	1	2	15	0
        110361	2026-03-25 12:12:35	1	2	15	0
        110068	2026-03-25 12:12:56	1	2	1	0
        118326	2026-03-25 12:13:04	1	2	15	0
        118083	2026-03-25 12:13:34	1	2	15	0
        116487	2026-03-25 12:13:39	1	2	15	0
        116844	2026-03-25 12:13:54	1	2	15	0
        116829	2026-03-25 12:15:08	1	2	15	0
        116476	2026-03-25 12:17:05	1	2	15	0
        117518	2026-03-25 12:17:34	1	2	15	0
        116509	2026-03-25 12:17:52	1	2	15	0
        116829	2026-03-25 12:18:02	1	2	15	0
        110429	2026-03-25 12:18:16	1	2	15	0
        118509	2026-03-25 12:18:44	1	2	15	0
        116844	2026-03-25 12:18:47	1	2	15	0
        116434	2026-03-25 12:21:05	1	2	1	0
        118729	2026-03-25 12:26:08	1	2	15	0
        118694	2026-03-25 12:26:13	1	2	15	0
        116738	2026-03-25 12:26:26	1	2	15	0
        119117	2026-03-25 12:26:44	1	2	1	0
        118125	2026-03-25 12:28:19	1	2	15	0
        117242	2026-03-25 12:29:17	1	2	1	0
        118125	2026-03-25 12:32:13	1	3	15	0
        117273	2026-03-25 12:32:31	1	3	15	0
        110359	2026-03-25 12:32:36	1	3	15	0
        119117	2026-03-25 12:32:39	1	3	1	0
        118729	2026-03-25 12:32:46	1	3	15	0
        118694	2026-03-25 12:32:50	1	3	15	0
        117656	2026-03-25 12:34:39	1	3	15	0
        117518	2026-03-25 12:36:42	1	3	15	0
        110188	2026-03-25 12:36:51	1	3	15	0
        117273	2026-03-25 12:37:21	1	3	15	0
        110359	2026-03-25 12:37:25	1	3	15	0
        117727	2026-03-25 12:37:39	1	3	15	0
        116007	2026-03-25 12:38:12	1	3	1	0
        117656	2026-03-25 12:39:03	1	3	15	0
        110188	2026-03-25 12:39:09	1	3	15	0
        116434	2026-03-25 12:41:45	1	3	1	0
        116511	2026-03-25 12:48:57	1	3	15	0
        110461	2026-03-25 12:49:02	1	3	15	0
        117727	2026-03-25 12:49:09	1	3	15	0
        116202	2026-03-25 12:50:05	1	3	15	0
        116202	2026-03-25 12:53:03	1	3	15	0
        119392	2026-03-25 12:53:21	1	3	15	0
        116007	2026-03-25 12:56:48	1	3	1	0
        119392	2026-03-25 12:56:54	1	3	15	0
        118585	2026-03-25 13:14:10	1	3	15	0
        118585	2026-03-25 13:16:57	1	3	15	0
        110472	2026-03-25 16:37:32	1	1	15	0
        116509	2026-03-25 16:39:51	1	1	15	0
        116524	2026-03-25 17:06:52	1	1	15	0
        117518	2026-03-25 17:20:04	1	1	15	0
        116476	2026-03-25 17:54:43	1	1	15	0
        110641	2026-03-25 18:00:42	1	1	15	0
        110362	2026-03-25 18:01:16	1	1	15	0
        118251	2026-03-25 18:02:57	1	1	1	0
        117273	2026-03-25 18:03:03	1	1	15	0
        119077	2026-03-25 18:03:08	1	1	15	0
        116735	2026-03-25 18:03:15	1	1	15	0
        117451	2026-03-25 18:03:20	1	1	15	0
        119206	2026-03-25 18:04:13	1	1	15	0
        118160	2026-03-25 18:07:11	1	1	15	0
        118760	2026-03-25 18:07:34	1	1	15	0
        110646	2026-03-25 18:08:05	1	1	15	0
        110477	2026-03-25 18:08:32	1	1	15	0
        117656	2026-03-25 18:08:40	1	1	15	0
        118301	2026-03-25 18:08:46	1	1	15	0
        118125	2026-03-25 18:11:29	1	1	15	0
        110359	2026-03-25 18:11:33	1	1	15	0
        119406	2026-03-25 18:15:26	1	1	15	0
        110068	2026-03-25 18:16:04	1	1	1	0
        116953	2026-03-25 18:16:45	1	1	15	0
        117631	2026-03-25 18:18:07	1	1	15	0
        118548	2026-03-25 18:19:16	1	1	15	0
        118509	2026-03-25 18:24:31	1	1	15	0
        119117	2026-03-25 18:29:54	1	1	1	0
        118729	2026-03-25 18:39:51	1	1	15	0
        118694	2026-03-25 18:39:54	1	1	15	0
        116844	2026-03-25 18:40:47	1	1	15	0
        116192	2026-03-25 18:43:36	1	1	15	0
        110064	2026-03-25 18:45:24	1	1	15	0
        117150	2026-03-25 18:46:11	1	1	15	0
        119376	2026-03-25 18:50:44	1	1	15	0
        119392	2026-03-25 18:51:04	1	1	15	0
        110149	2026-03-25 18:54:25	1	1	15	0
        118083	2026-03-25 18:54:38	1	1	15	0
        118326	2026-03-25 19:01:33	1	1	15	0
        117092	2026-03-25 19:01:47	1	1	15	0
        116152	2026-03-25 19:02:46	1	1	15	0
        118398	2026-03-25 19:04:01	1	1	15	0
        116263	2026-03-25 19:04:07	1	1	15	0
        119443	2026-03-25 19:04:17	1	1	15	0
        110429	2026-03-25 19:04:41	1	1	15	0
        116790	2026-03-25 19:04:57	1	1	15	0
        116487	2026-03-25 19:05:04	1	1	15	0
        116829	2026-03-25 19:05:39	1	1	15	0
        117090	2026-03-25 19:08:12	1	1	15	0
        116738	2026-03-25 19:26:22	1	1	15	0
        116202	2026-03-25 19:27:43	1	1	15	0
        116434	2026-03-25 19:36:39	1	1	1	0
        117242	2026-03-25 19:44:45	1	1	1	0
        117727	2026-03-25 19:52:33	1	1	15	0
        117775	2026-03-25 19:52:43	1	1	15	0
        110188	2026-03-25 19:53:52	1	1	15	0
        118585	2026-03-25 20:01:06	1	1	15	0
        110461	2026-03-25 20:02:05	1	1	15	0
        116511	2026-03-25 20:02:14	1	1	15	0
        117274	2026-03-25 20:06:42	1	1	15	0
        116007	2026-03-25 20:10:13	1	1	1	0
        118548	2026-03-26 06:16:16	1	0	15	0
        117775	2026-03-26 06:40:46	1	0	15	0
        118326	2026-03-26 06:41:34	1	0	15	0
        117451	2026-03-26 06:45:35	1	0	15	0
        117656	2026-03-26 06:45:45	1	0	15	0
        118160	2026-03-26 06:47:13	1	0	15	0
        110068	2026-03-26 06:55:03	1	0	1	0
        110362	2026-03-26 06:57:01	1	0	15	0
        110641	2026-03-26 06:57:04	1	0	15	0
        119117	2026-03-26 06:57:44	1	0	1	0
        117631	2026-03-26 07:00:46	1	0	15	0
        117273	2026-03-26 07:01:12	1	0	15	0
        110359	2026-03-26 07:01:16	1	0	15	0
        119406	2026-03-26 07:01:21	1	0	15	0
        118760	2026-03-26 07:04:06	1	0	15	0
        118301	2026-03-26 07:05:52	1	0	15	0
        110477	2026-03-26 07:09:04	1	0	15	0
        119206	2026-03-26 07:16:40	1	0	15	0
        116509	2026-03-26 07:16:53	1	0	15	0
        116442	2026-03-26 07:20:05	1	0	15	0
        110149	2026-03-26 07:25:34	1	0	15	0
        116825	2026-03-26 07:27:44	1	0	15	0
        116192	2026-03-26 07:33:09	1	0	15	0
        116844	2026-03-26 07:33:29	1	0	15	0
        117092	2026-03-26 07:33:42	1	0	15	0
        118729	2026-03-26 07:34:35	1	0	15	0
        118566	2026-03-26 07:34:46	1	0	15	0
        118509	2026-03-26 07:35:18	1	0	15	0
        116434	2026-03-26 07:40:32	1	0	1	0
        117239	2026-03-26 07:42:29	1	0	15	0
        118125	2026-03-26 07:45:37	1	0	15	0
        110429	2026-03-26 07:47:05	1	0	15	0
        119393	2026-03-26 07:47:27	1	0	15	0
        117518	2026-03-26 07:47:32	1	0	15	0
        110188	2026-03-26 07:49:25	1	0	15	0
        116735	2026-03-26 07:49:48	1	0	15	0
        110472	2026-03-26 07:54:34	1	0	15	0
        117727	2026-03-26 07:57:28	1	0	15	0
        116790	2026-03-26 07:59:06	1	0	15	0
        117242	2026-03-26 08:00:40	1	0	1	0
        118143	2026-03-26 08:02:22	1	0	15	0
        119392	2026-03-26 08:03:25	1	0	15	0
        117150	2026-03-26 08:05:08	1	0	15	0
        119376	2026-03-26 08:05:21	1	0	15	0
        116263	2026-03-26 08:06:48	1	0	15	0
        116152	2026-03-26 08:16:45	1	0	15	0
        116202	2026-03-26 08:16:49	1	0	15	0
        116466	2026-03-26 08:19:09	1	0	1	0
        116738	2026-03-26 08:20:05	1	0	15	0
        116712	2026-03-26 08:22:29	1	0	15	0
        110064	2026-03-26 08:32:35	1	0	15	0
        110045	2026-03-26 08:35:41	1	0	15	0
        116511	2026-03-26 08:43:50	1	0	15	0
        117274	2026-03-26 08:45:44	1	0	15	0
        118585	2026-03-26 09:00:21	1	0	15	0
        116524	2026-03-26 09:05:19	1	0	15	0
        116829	2026-03-26 09:09:43	1	0	15	0
        117398	2026-03-26 09:10:03	1	0	15	0
        116476	2026-03-26 09:13:19	1	0	15	0
        118398	2026-03-26 10:33:58	1	0	15	0
        119117	2026-03-26 12:00:02	1	0	1	0
        119376	2026-03-26 12:00:08	1	2	15	0
        110064	2026-03-26 12:00:47	1	2	15	0
        116825	2026-03-26 12:00:52	1	2	15	0
        117274	2026-03-26 12:01:09	1	2	15	0
        116442	2026-03-26 12:01:16	1	2	15	0
        110472	2026-03-26 12:01:22	1	2	15	0
        118301	2026-03-26 12:01:29	1	2	15	0
        110359	2026-03-26 12:01:40	1	2	15	0
        117273	2026-03-26 12:01:45	1	2	15	0
        116524	2026-03-26 12:02:20	1	2	15	0
        117239	2026-03-26 12:02:25	1	2	15	0
        116509	2026-03-26 12:02:31	1	2	15	0
        110068	2026-03-26 12:02:35	1	2	1	0
        119406	2026-03-26 12:02:41	1	2	15	0
        110477	2026-03-26 12:02:46	1	2	15	0
        116825	2026-03-26 12:02:49	1	2	15	0
        118548	2026-03-26 12:02:52	1	2	15	0
        117631	2026-03-26 12:03:06	1	2	15	0
        116192	2026-03-26 12:03:10	1	2	15	0
        117274	2026-03-26 12:03:14	1	2	15	0
        116476	2026-03-26 12:03:57	1	2	15	0
        116442	2026-03-26 12:04:20	1	0	15	0
        110472	2026-03-26 12:04:24	1	0	15	0
        116263	2026-03-26 12:04:35	1	0	15	0
        118301	2026-03-26 12:04:39	1	0	15	0
        118548	2026-03-26 12:05:00	1	0	15	0
        119206	2026-03-26 12:05:08	1	0	15	0
        117977	2026-03-26 12:05:29	1	0	15	0
        118125	2026-03-26 12:05:43	1	0	15	0
        118326	2026-03-26 12:06:03	1	0	15	0
        117631	2026-03-26 12:06:11	1	0	15	0
        119117	2026-03-26 12:06:14	1	0	1	0
        110068	2026-03-26 12:06:17	1	0	1	0
        116192	2026-03-26 12:06:23	1	2	15	0
        110429	2026-03-26 12:06:28	1	2	15	0
        117239	2026-03-26 12:06:41	1	0	15	0
        116524	2026-03-26 12:06:48	1	0	15	0
        116829	2026-03-26 12:06:53	1	2	15	0
        116070	2026-03-26 12:07:00	1	2	15	0
        118760	2026-03-26 12:07:31	1	1	15	0
        116953	2026-03-26 12:07:38	1	2	15	0
        116790	2026-03-26 12:07:44	1	2	15	0
        119376	2026-03-26 12:07:51	1	2	15	0
        110477	2026-03-26 12:08:12	1	2	15	0
        116263	2026-03-26 12:08:26	1	2	15	0
        119393	2026-03-26 12:08:37	1	2	15	0
        118160	2026-03-26 12:08:41	1	2	15	0
        119392	2026-03-26 12:08:45	1	2	15	0
        117977	2026-03-26 12:08:52	1	2	15	0
        119406	2026-03-26 12:09:01	1	2	15	0
        119206	2026-03-26 12:09:13	1	2	15	0
        118125	2026-03-26 12:10:13	1	2	15	0
        118160	2026-03-26 12:10:16	1	2	15	0
        110362	2026-03-26 12:10:25	1	2	15	0
        110641	2026-03-26 12:10:32	1	2	15	0
        117727	2026-03-26 12:10:37	1	2	15	0
        117185	2026-03-26 12:10:46	1	2	15	0
        119393	2026-03-26 12:11:18	1	2	15	0
        118326	2026-03-26 12:11:43	1	2	15	0
        118398	2026-03-26 12:11:51	1	2	15	0
        116829	2026-03-26 12:11:54	1	2	15	0
        116070	2026-03-26 12:11:58	1	2	15	0
        119392	2026-03-26 12:12:04	1	2	15	0
        118760	2026-03-26 12:12:18	1	2	15	0
        116476	2026-03-26 12:12:29	1	2	15	0
        116152	2026-03-26 12:12:37	1	2	15	0
        118566	2026-03-26 12:13:10	1	2	15	0
        116738	2026-03-26 12:13:45	1	2	15	0
        116511	2026-03-26 12:14:46	1	2	15	0
        116152	2026-03-26 12:15:17	1	2	15	0
        118398	2026-03-26 12:15:53	1	2	15	0
        116790	2026-03-26 12:15:58	1	2	15	0
        116953	2026-03-26 12:16:29	1	2	15	0
        118729	2026-03-26 12:17:53	1	2	15	0
        116844	2026-03-26 12:17:57	1	2	15	0
        117092	2026-03-26 12:18:50	1	2	15	0
        110641	2026-03-26 12:19:01	1	2	15	0
        110064	2026-03-26 12:19:09	1	2	15	0
        117398	2026-03-26 12:19:16	1	2	15	0
        110362	2026-03-26 12:19:23	1	2	15	0
        117518	2026-03-26 12:22:34	1	2	15	0
        116844	2026-03-26 12:22:38	1	2	15	0
        117150	2026-03-26 12:22:43	1	2	15	0
        117451	2026-03-26 12:22:46	1	2	15	0
        117656	2026-03-26 12:23:48	1	2	15	0
        110188	2026-03-26 12:24:04	1	2	15	0
        117398	2026-03-26 12:24:42	1	2	15	0
        117518	2026-03-26 12:26:11	1	2	15	0
        117656	2026-03-26 12:26:16	1	2	15	0
        116735	2026-03-26 12:26:25	1	2	15	0
        116509	2026-03-26 12:26:29	1	2	15	0
        110188	2026-03-26 12:26:32	1	2	15	0
        118566	2026-03-26 12:27:19	1	2	15	0
        117092	2026-03-26 12:27:50	1	2	15	0
        116509	2026-03-26 12:30:32	1	3	15	0
        110429	2026-03-26 12:31:09	1	3	15	0
        117451	2026-03-26 12:31:33	1	3	15	0
        116735	2026-03-26 12:31:40	1	3	15	0
        117150	2026-03-26 12:31:45	1	3	15	0
        116466	2026-03-26 12:31:50	1	3	1	0
        116712	2026-03-26 12:33:12	1	3	15	0
        118801	2026-03-26 12:39:03	1	3	15	0
        118509	2026-03-26 12:40:12	1	3	15	0
        118143	2026-03-26 12:41:14	1	3	15	0
        116712	2026-03-26 12:42:02	1	3	15	0
        118143	2026-03-26 12:43:20	1	3	15	0
        118509	2026-03-26 12:43:24	1	3	15	0
        117242	2026-03-26 12:47:48	1	3	1	0
        116202	2026-03-26 12:48:47	1	3	15	0
        117727	2026-03-26 12:50:30	1	3	15	0
        116738	2026-03-26 12:50:34	1	3	15	0
        116511	2026-03-26 12:50:38	1	3	15	0
        110461	2026-03-26 12:50:45	1	3	15	0
        116202	2026-03-26 12:51:44	1	3	15	0
        117242	2026-03-26 12:52:12	1	3	1	0
        117273	2026-03-26 12:52:20	1	3	15	0
        110359	2026-03-26 12:52:25	1	3	15	0
        116466	2026-03-26 12:54:00	1	3	1	0
        117185	2026-03-26 12:54:14	1	3	15	0
        118585	2026-03-26 13:05:12	1	3	15	0
        118585	2026-03-26 13:07:57	1	3	15	0
        116509	2026-03-26 16:22:43	1	1	15	0
        116442	2026-03-26 16:36:32	1	1	15	0
        117239	2026-03-26 16:55:35	1	1	15	0
        117185	2026-03-26 17:30:39	1	1	15	0
        116007	2026-03-26 17:34:57	1	1	1	0
        116466	2026-03-26 17:35:02	1	1	1	0
        110472	2026-03-26 17:56:42	1	1	15	0
        110362	2026-03-26 18:01:01	1	1	15	0
        110641	2026-03-26 18:01:27	1	1	15	0
        118326	2026-03-26 18:01:33	1	1	15	0
        117656	2026-03-26 18:02:21	1	1	15	0
        118160	2026-03-26 18:05:04	1	1	15	0
        116476	2026-03-26 18:06:21	1	1	15	0
        117273	2026-03-26 18:06:26	1	1	15	0
        110359	2026-03-26 18:06:29	1	1	15	0
        118760	2026-03-26 18:07:38	1	1	15	0
        119117	2026-03-26 18:09:43	1	1	1	0
        117631	2026-03-26 18:10:13	1	1	15	0
        117398	2026-03-26 18:10:17	1	1	15	0
        116524	2026-03-26 18:10:34	1	1	15	0
        110477	2026-03-26 18:12:52	1	1	15	0
        117451	2026-03-26 18:13:03	1	1	15	0
        119206	2026-03-26 18:16:08	1	1	15	0
        118301	2026-03-26 18:22:28	1	1	15	0
        116825	2026-03-26 18:27:12	1	1	15	0
        116192	2026-03-26 18:39:40	1	1	15	0
        118566	2026-03-26 18:40:51	1	1	15	0
        117727	2026-03-26 18:42:47	1	1	15	0
        116844	2026-03-26 18:44:55	1	1	15	0
        110149	2026-03-26 18:47:04	1	1	15	0
        110429	2026-03-26 18:47:12	1	1	15	0
        116511	2026-03-26 18:51:16	1	1	15	0
        110461	2026-03-26 18:51:22	1	1	15	0
        110188	2026-03-26 18:54:28	1	1	15	0
        118509	2026-03-26 18:57:46	1	1	15	0
        118125	2026-03-26 18:58:40	1	1	15	0
        116735	2026-03-26 18:59:21	1	1	15	0
        119393	2026-03-26 19:00:01	1	1	15	0
        116263	2026-03-26 19:00:09	1	1	15	0
        117518	2026-03-26 19:00:15	1	1	15	0
        117150	2026-03-26 19:00:26	1	1	15	0
        116953	2026-03-26 19:01:14	1	1	15	0
        116790	2026-03-26 19:01:23	1	1	15	0
        110068	2026-03-26 19:01:43	1	1	1	0
        116152	2026-03-26 19:01:49	1	1	15	0
        118398	2026-03-26 19:02:48	1	1	15	0
        119376	2026-03-26 19:02:58	1	1	15	0
        118585	2026-03-26 19:03:52	1	1	15	0
        110064	2026-03-26 19:04:54	1	1	15	0
        119392	2026-03-26 19:06:39	1	1	15	0
        116202	2026-03-26 19:15:00	1	1	15	0
        118143	2026-03-26 19:16:25	1	1	15	0
        119406	2026-03-26 19:20:36	1	1	15	0
        116738	2026-03-26 19:23:28	1	1	15	0
        116434	2026-03-26 19:24:03	1	1	1	0
        116738	2026-03-26 19:26:18	1	1	15	0
        117092	2026-03-26 19:42:48	1	1	15	0
        116712	2026-03-26 20:32:08	1	1	15	0
        118548	2026-03-26 21:03:46	1	1	15	0
        117242	2026-03-26 21:22:01	1	1	1	0
        110045	2026-03-27 06:00:12	1	0	15	0
        117239	2026-03-27 07:12:30	1	0	15	0
        116442	2026-03-27 07:27:57	1	0	15	0
        116476	2026-03-27 08:12:35	1	0	15	0
        116524	2026-03-27 08:17:17	1	0	15	0
        118801	2026-03-27 08:18:19	1	0	15	0
        110429	2026-03-27 08:23:10	1	0	15	0
        117398	2026-03-27 08:24:23	1	0	15	0
        110472	2026-03-27 08:45:52	1	0	15	0
        116476	2026-03-27 12:00:08	1	0	15	0
        116524	2026-03-27 12:00:31	1	2	15	0
        117239	2026-03-27 12:00:36	1	2	15	0
        110472	2026-03-27 12:00:41	1	2	15	0
        116442	2026-03-27 12:01:17	1	2	15	0
        116524	2026-03-27 12:04:35	1	0	15	0
        117239	2026-03-27 12:04:50	1	0	15	0
        110472	2026-03-27 12:04:58	1	0	15	0
        116442	2026-03-27 12:05:08	1	0	15	0
        117398	2026-03-27 12:07:04	1	2	15	0
        118801	2026-03-27 12:07:18	1	2	15	0
        110429	2026-03-27 12:07:24	1	2	15	0
        117398	2026-03-27 12:23:56	1	2	15	0
        118801	2026-03-27 12:34:37	1	3	15	0
        110429	2026-03-27 12:38:02	1	3	15	0
        116476	2026-03-27 12:58:21	1	3	15	0
        116442	2026-03-27 15:04:48	1	1	15	0
        118801	2026-03-27 16:52:59	1	1	15	0
        117239	2026-03-27 16:54:36	1	1	15	0
        116524	2026-03-27 17:25:29	1	1	15	0
        110429	2026-03-27 17:46:50	1	1	15	0
        110472	2026-03-27 18:01:43	1	1	15	0
        118585	2026-03-30 06:17:05	1	0	15	0
        117775	2026-03-30 06:20:21	1	0	15	0
        116434	2026-03-30 06:21:05	1	0	1	0
        110068	2026-03-30 06:28:55	1	0	1	0
        117727	2026-03-30 06:31:48	1	0	15	0
        118251	2026-03-30 06:33:01	1	0	1	0
        118326	2026-03-30 06:39:09	1	0	15	0
        118548	2026-03-30 06:39:52	1	0	15	0
        118160	2026-03-30 06:39:57	1	0	15	0
        117631	2026-03-30 06:40:00	1	0	15	0
        117451	2026-03-30 06:43:14	1	0	15	0
        116825	2026-03-30 06:43:57	1	0	15	0
        110362	2026-03-30 06:44:00	1	0	15	0
        119077	2026-03-30 06:44:41	1	0	15	0
        116202	2026-03-30 06:45:39	1	0	15	0
        110361	2026-03-30 06:46:10	1	0	15	0
        118760	2026-03-30 06:50:58	1	0	15	0
        117090	2026-03-30 06:51:39	1	0	15	0
        110641	2026-03-30 06:52:06	1	0	15	0
        110477	2026-03-30 06:55:40	1	0	15	0
        117092	2026-03-30 06:57:49	1	0	15	0
        116735	2026-03-30 06:58:30	1	0	15	0
        118301	2026-03-30 07:00:00	1	0	15	0
        117239	2026-03-30 07:00:56	1	0	15	0
        110064	2026-03-30 07:01:04	1	0	15	0
        117267	2026-03-30 07:03:56	1	0	15	0
        119206	2026-03-30 07:04:12	1	0	15	0
        116509	2026-03-30 07:04:28	1	0	15	0
        116738	2026-03-30 07:04:31	1	0	15	0
        116712	2026-03-30 07:04:39	1	0	15	0
        117185	2026-03-30 07:05:02	1	0	15	0
        118566	2026-03-30 07:10:23	1	0	15	0
        116524	2026-03-30 07:11:50	1	0	15	0
        110429	2026-03-30 07:14:18	1	0	15	0
        110115	2026-03-30 07:14:49	1	0	15	0
        117273	2026-03-30 07:14:54	1	0	15	0
        110359	2026-03-30 07:15:01	1	0	15	0
        117518	2026-03-30 07:15:12	1	0	15	0
        116466	2026-03-30 07:16:18	1	0	1	0
        117150	2026-03-30 07:18:23	1	0	15	0
        116790	2026-03-30 07:18:28	1	0	15	0
        116442	2026-03-30 07:18:33	1	0	15	0
        117398	2026-03-30 07:18:42	1	0	15	0
        110188	2026-03-30 07:22:47	1	0	15	0
        117242	2026-03-30 07:22:57	1	0	1	0
        110646	2026-03-30 07:24:26	1	0	15	0
        110472	2026-03-30 07:24:50	1	0	15	0
        119443	2026-03-30 07:26:04	1	0	15	0
        110124	2026-03-30 07:26:16	1	0	1	0
        118509	2026-03-30 07:27:06	1	0	15	0
        118125	2026-03-30 07:30:48	1	0	15	0
        119393	2026-03-30 07:34:12	1	0	15	0
        118398	2026-03-30 07:34:43	1	0	15	0
        116844	2026-03-30 07:36:56	1	0	15	0
        116487	2026-03-30 07:37:06	1	0	15	0
        116192	2026-03-30 07:37:43	1	0	15	0
        119392	2026-03-30 07:43:27	1	0	15	0
        118143	2026-03-30 07:44:55	1	0	15	0
        117977	2026-03-30 07:46:05	1	0	15	0
        119376	2026-03-30 07:48:04	1	0	15	0
        117687	2026-03-30 07:49:18	1	0	15	0
        118801	2026-03-30 07:51:08	1	0	15	0
        117274	2026-03-30 07:53:07	1	0	15	0
        110461	2026-03-30 07:53:13	1	0	15	0
        118083	2026-03-30 07:53:19	1	0	15	0
        118729	2026-03-30 07:53:27	1	0	15	0
        119117	2026-03-30 07:55:38	1	0	1	0
        116476	2026-03-30 08:14:10	1	0	15	0
        116829	2026-03-30 08:15:26	1	0	1	0
        118298	2026-03-30 08:32:37	1	0	1	0
        116192	2026-03-30 12:00:04	1	0	15	0
        117631	2026-03-30 12:00:07	1	0	15	0
        117090	2026-03-30 12:00:12	1	0	15	0
        119117	2026-03-30 12:00:16	1	0	15	0
        117775	2026-03-30 12:00:23	1	0	15	0
        118083	2026-03-30 12:00:27	1	0	15	0
        118326	2026-03-30 12:00:34	1	0	15	0
        118298	2026-03-30 12:00:39	1	0	1	0
        116476	2026-03-30 12:00:53	1	2	15	0
        116790	2026-03-30 12:00:58	1	2	15	0
        118398	2026-03-30 12:01:01	1	2	15	0
        119376	2026-03-30 12:01:05	1	2	15	0
        118548	2026-03-30 12:01:09	1	2	15	0
        110068	2026-03-30 12:01:12	1	2	1	0
        116738	2026-03-30 12:01:18	1	2	15	0
        118160	2026-03-30 12:01:22	1	2	15	0
        117727	2026-03-30 12:01:26	1	2	15	0
        116159	2026-03-30 12:02:13	1	2	15	0
        110115	2026-03-30 12:02:25	1	2	15	0
        118125	2026-03-30 12:02:30	1	2	15	0
        117092	2026-03-30 12:02:48	1	2	15	0
        116790	2026-03-30 12:03:09	1	2	15	0
        117631	2026-03-30 12:03:15	1	2	15	0
        116192	2026-03-30 12:03:19	1	2	15	0
        117090	2026-03-30 12:03:22	1	2	15	0
        117274	2026-03-30 12:03:25	1	2	15	0
        118801	2026-03-30 12:03:30	1	2	15	0
        118160	2026-03-30 12:03:46	1	2	15	0
        116829	2026-03-30 12:04:02	1	2	15	0
        116509	2026-03-30 12:04:14	1	2	15	0
        117398	2026-03-30 12:04:52	1	2	15	0
        116487	2026-03-30 12:05:08	1	2	15	0
        119077	2026-03-30 12:05:13	1	2	15	0
        119376	2026-03-30 12:05:17	1	2	15	0
        117092	2026-03-30 12:05:23	1	2	15	0
        118548	2026-03-30 12:05:29	1	2	15	0
        110068	2026-03-30 12:05:35	1	2	1	0
        118083	2026-03-30 12:05:41	1	2	15	0
        119117	2026-03-30 12:05:46	1	2	1	0
        116829	2026-03-30 12:05:52	1	2	15	0
        116476	2026-03-30 12:05:57	1	2	15	0
        117977	2026-03-30 12:06:06	1	2	15	0
        118398	2026-03-30 12:06:12	1	2	15	0
        110064	2026-03-30 12:06:33	1	2	15	0
        110646	2026-03-30 12:06:43	1	2	15	0
        117273	2026-03-30 12:07:14	1	2	15	0
        110359	2026-03-30 12:07:18	1	2	15	0
        116712	2026-03-30 12:07:29	1	2	15	0
        119206	2026-03-30 12:07:33	1	2	15	0
        110472	2026-03-30 12:08:00	1	2	15	0
        118125	2026-03-30 12:08:16	1	2	15	0
        110477	2026-03-30 12:08:21	1	2	15	0
        117775	2026-03-30 12:08:30	1	2	15	0
        117451	2026-03-30 12:08:34	1	2	15	0
        116442	2026-03-30 12:09:38	1	2	15	0
        117977	2026-03-30 12:09:55	1	2	15	0
        110115	2026-03-30 12:10:01	1	2	15	0
        117398	2026-03-30 12:10:06	1	2	15	0
        117451	2026-03-30 12:10:12	1	2	15	0
        117274	2026-03-30 12:10:16	1	2	15	0
        116487	2026-03-30 12:11:06	1	2	15	0
        119077	2026-03-30 12:11:09	1	2	15	0
        110361	2026-03-30 12:11:26	1	2	15	0
        116442	2026-03-30 12:12:07	1	0	15	0
        110472	2026-03-30 12:12:20	1	0	15	0
        110477	2026-03-30 12:12:28	1	0	15	0
        116434	2026-03-30 12:12:45	1	0	1	0
        118566	2026-03-30 12:12:51	1	0	15	0
        110064	2026-03-30 12:13:07	1	0	15	0
        117150	2026-03-30 12:13:14	1	0	15	0
        110646	2026-03-30 12:13:18	1	0	15	0
        116509	2026-03-30 12:13:40	1	0	15	0
        118729	2026-03-30 12:15:12	1	2	15	0
        110429	2026-03-30 12:16:00	1	2	15	0
        117242	2026-03-30 12:16:10	1	2	15	0
        117687	2026-03-30 12:16:15	1	2	15	0
        119393	2026-03-30 12:16:21	1	2	15	0
        119443	2026-03-30 12:16:25	1	2	15	0
        118251	2026-03-30 12:16:27	1	2	1	0
        116738	2026-03-30 12:16:34	1	2	15	0
        116825	2026-03-30 12:16:49	1	2	15	0
        118566	2026-03-30 12:17:01	1	2	15	0
        110641	2026-03-30 12:17:50	1	2	15	0
        110362	2026-03-30 12:18:01	1	2	15	0
        116825	2026-03-30 12:19:30	1	2	15	0
        119443	2026-03-30 12:20:49	1	2	15	0
        119393	2026-03-30 12:20:55	1	2	15	0
        118251	2026-03-30 12:21:01	1	2	15	0
        117273	2026-03-30 12:21:48	1	2	15	0
        110359	2026-03-30 12:21:53	1	2	15	0
        116511	2026-03-30 12:24:45	1	2	15	0
        110461	2026-03-30 12:24:50	1	2	15	0
        116844	2026-03-30 12:24:59	1	2	15	0
        110188	2026-03-30 12:25:03	1	2	15	0
        117185	2026-03-30 12:25:19	1	2	15	0
        117727	2026-03-30 12:25:23	1	2	15	0
        116735	2026-03-30 12:26:13	1	2	15	0
        117267	2026-03-30 12:26:17	1	2	15	0
        118509	2026-03-30 12:27:59	1	2	15	0
        110188	2026-03-30 12:28:47	1	2	15	0
        110362	2026-03-30 12:29:10	1	2	15	0
        110641	2026-03-30 12:29:15	1	2	15	0
        116466	2026-03-30 12:30:07	1	3	15	0
        118298	2026-03-30 12:30:27	1	3	1	0
        116712	2026-03-30 12:30:34	1	3	15	0
        117150	2026-03-30 12:30:40	1	3	15	0
        116434	2026-03-30 12:30:46	1	3	1	0
        118729	2026-03-30 12:31:04	1	3	15	0
        116735	2026-03-30 12:31:47	1	3	15	0
        117267	2026-03-30 12:31:51	1	3	15	0
        116844	2026-03-30 12:32:40	1	3	15	0
        117687	2026-03-30 12:32:45	1	3	15	0
        110429	2026-03-30 12:33:25	1	3	15	0
        118509	2026-03-30 12:33:31	1	3	15	0
        110361	2026-03-30 12:34:57	1	3	15	0
        118143	2026-03-30 12:36:06	1	3	15	0
        117242	2026-03-30 12:36:25	1	3	15	0
        116466	2026-03-30 12:37:40	1	3	15	0
        118326	2026-03-30 12:38:16	1	3	15	0
        117185	2026-03-30 12:38:28	1	3	15	0
        117518	2026-03-30 12:39:36	1	3	15	0
        116202	2026-03-30 12:41:15	1	3	15	0
        117518	2026-03-30 12:42:06	1	3	15	0
        116202	2026-03-30 12:46:17	1	3	15	0
        116511	2026-03-30 12:46:35	1	3	15	0
        110124	2026-03-30 12:47:03	1	3	1	0
        110461	2026-03-30 12:47:47	1	3	15	0
        118143	2026-03-30 12:49:55	1	3	15	0
        118760	2026-03-30 12:53:01	1	3	15	0
        119392	2026-03-30 12:53:14	1	3	15	0
        110124	2026-03-30 12:53:30	1	3	1	0
        118760	2026-03-30 12:54:11	1	3	15	0
        119392	2026-03-30 12:56:02	1	3	15	0
        118585	2026-03-30 12:59:31	1	3	15	0
        118585	2026-03-30 13:02:40	1	3	15	0
        116159	2026-03-30 13:05:02	1	3	15	0
        118801	2026-03-30 13:07:27	1	3	15	0
        118298	2026-03-30 15:57:22	1	3	1	0
        116442	2026-03-30 17:09:01	1	1	15	0
        117239	2026-03-30 17:09:05	1	1	15	0
        117185	2026-03-30 17:12:44	1	1	15	0
        116476	2026-03-30 17:15:17	1	1	15	0
        116509	2026-03-30 17:18:39	1	1	15	0
        117398	2026-03-30 17:19:42	1	1	15	0
        116511	2026-03-30 17:29:28	1	1	15	0
        110472	2026-03-30 17:31:43	1	1	15	0
        116159	2026-03-30 17:34:35	1	1	15	0
        116524	2026-03-30 17:39:04	1	1	15	0
        118801	2026-03-30 17:55:51	1	1	15	0
        110361	2026-03-30 18:01:33	1	1	15	0
        110064	2026-03-30 18:01:44	1	1	15	0
        110641	2026-03-30 18:01:50	1	1	15	0
        110477	2026-03-30 18:01:55	1	1	15	0
        110362	2026-03-30 18:02:07	1	1	15	0
        118760	2026-03-30 18:02:24	1	1	15	0
        116825	2026-03-30 18:02:29	1	1	15	0
        118160	2026-03-30 18:03:04	1	1	15	0
        117451	2026-03-30 18:03:35	1	1	15	0
        116712	2026-03-30 18:03:49	1	1	15	0
        118326	2026-03-30 18:04:52	1	1	15	0
        117092	2026-03-30 18:07:18	1	1	15	0
        110068	2026-03-30 18:09:40	1	1	1	0
        117631	2026-03-30 18:09:46	1	1	15	0
        116735	2026-03-30 18:11:03	1	1	15	0
        117267	2026-03-30 18:11:09	1	1	15	0
        119077	2026-03-30 18:12:47	1	1	15	0
        118548	2026-03-30 18:12:54	1	1	15	0
        117273	2026-03-30 18:16:21	1	1	15	0
        110359	2026-03-30 18:16:24	1	1	15	0
        118301	2026-03-30 18:16:47	1	1	15	0
        110429	2026-03-30 18:21:32	1	1	15	0
        110115	2026-03-30 18:26:15	1	1	15	0
        110646	2026-03-30 18:26:21	1	1	15	0
        117150	2026-03-30 18:28:10	1	1	15	0
        118566	2026-03-30 18:32:59	1	1	15	0
        117687	2026-03-30 18:34:05	1	1	15	0
        117242	2026-03-30 18:34:14	1	1	1	0
        118251	2026-03-30 18:35:30	1	1	1	0
        119393	2026-03-30 18:35:34	1	1	15	0
        119443	2026-03-30 18:35:39	1	1	15	0
        116790	2026-03-30 18:36:06	1	1	15	0
        116192	2026-03-30 18:37:13	1	1	15	0
        117090	2026-03-30 18:37:19	1	1	15	0
        118585	2026-03-30 18:42:38	1	1	15	0
        110188	2026-03-30 18:43:00	1	1	15	0
        118398	2026-03-30 18:43:31	1	1	15	0
        117977	2026-03-30 18:45:17	1	1	15	0
        119376	2026-03-30 18:48:26	1	1	15	0
        116844	2026-03-30 18:48:48	1	1	15	0
        119392	2026-03-30 18:48:56	1	1	15	0
        118125	2026-03-30 18:50:36	1	1	15	0
        110461	2026-03-30 18:51:13	1	1	15	0
        118729	2026-03-30 18:51:29	1	1	15	0
        118083	2026-03-30 18:55:16	1	1	15	0
        116466	2026-03-30 19:02:50	1	1	1	0
        119117	2026-03-30 19:02:55	1	1	1	0
        117775	2026-03-30 19:06:52	1	1	15	0
        117727	2026-03-30 19:06:59	1	1	15	0
        118509	2026-03-30 19:07:06	1	1	15	0
        116434	2026-03-30 19:08:25	1	1	1	0
        110124	2026-03-30 19:08:31	1	1	1	0
        116829	2026-03-30 19:11:11	1	1	15	0
        117274	2026-03-30 19:11:19	1	1	15	0
        116487	2026-03-30 19:26:11	1	1	15	0
        116202	2026-03-30 19:41:05	1	1	15	0
        118143	2026-03-30 19:41:11	1	1	15	0
        117518	2026-03-30 19:41:17	1	1	15	0
        118548	2026-03-31 05:41:20	1	0	15	0
        117775	2026-03-31 06:13:32	1	0	15	0
        118326	2026-03-31 06:35:42	1	0	15	0
        117656	2026-03-31 06:42:59	1	0	15	0
        116735	2026-03-31 06:46:33	1	0	15	0
        117090	2026-03-31 06:47:36	1	0	15	0
        117631	2026-03-31 06:48:04	1	0	15	0
        118251	2026-03-31 06:48:11	1	0	1	0
        110641	2026-03-31 06:53:15	1	0	15	0
        110477	2026-03-31 06:54:39	1	0	15	0
        118125	2026-03-31 06:54:44	1	0	15	0
        117451	2026-03-31 06:56:29	1	0	15	0
        116442	2026-03-31 06:58:01	1	0	15	0
        118160	2026-03-31 06:59:09	1	0	15	0
        118760	2026-03-31 06:59:14	1	0	15	0
        116738	2026-03-31 07:00:58	1	0	15	0
        110064	2026-03-31 07:02:39	1	0	15	0
        117092	2026-03-31 07:03:00	1	0	15	0
        116953	2026-03-31 07:04:13	1	0	15	0
        116202	2026-03-31 07:04:35	1	0	15	0
        118729	2026-03-31 07:04:44	1	0	15	0
        110361	2026-03-31 07:04:48	1	0	15	0
        110362	2026-03-31 07:06:59	1	0	15	0
        110359	2026-03-31 07:13:51	1	0	15	0
        116466	2026-03-31 07:14:55	1	0	1	0
        119077	2026-03-31 07:15:27	1	0	15	0
        116825	2026-03-31 07:16:45	1	0	15	0
        110646	2026-03-31 07:18:22	1	0	15	0
        117273	2026-03-31 07:22:36	1	0	15	0
        117242	2026-03-31 07:23:14	1	0	1	0
        116712	2026-03-31 07:24:07	1	0	15	0
        119443	2026-03-31 07:24:55	1	0	15	0
        119393	2026-03-31 07:26:04	1	0	15	0
        117518	2026-03-31 07:26:08	1	0	15	0
        117267	2026-03-31 07:27:58	1	0	15	0
        116790	2026-03-31 07:29:36	1	0	15	0
        110429	2026-03-31 07:31:58	1	0	15	0
        110188	2026-03-31 07:34:06	1	0	15	0
        116159	2026-03-31 07:35:35	1	0	15	0
        116844	2026-03-31 07:36:37	1	0	15	0
        110472	2026-03-31 07:37:25	1	0	15	0
        118301	2026-03-31 07:38:14	1	0	15	0
        119206	2026-03-31 07:41:35	1	0	15	0
        118509	2026-03-31 07:42:11	1	0	15	0
        119376	2026-03-31 07:44:19	1	0	15	0
        118398	2026-03-31 07:44:25	1	0	15	0
        116263	2026-03-31 07:44:29	1	0	15	0
        116152	2026-03-31 07:45:47	1	0	15	0
        118398	2026-03-31 07:46:18	1	0	15	0
        116263	2026-03-31 07:46:21	1	0	15	0
        118083	2026-03-31 07:48:02	1	0	15	0
        117150	2026-03-31 07:50:00	1	0	15	0
        117727	2026-03-31 07:52:08	1	0	15	0
        119392	2026-03-31 07:52:43	1	0	15	0
        116192	2026-03-31 07:54:29	1	0	15	0
        116524	2026-03-31 08:03:19	1	0	15	0
        118298	2026-03-31 08:11:49	1	0	1	0
        117398	2026-03-31 08:12:42	1	0	15	0
        110045	2026-03-31 08:18:51	1	0	15	0
        116511	2026-03-31 08:36:03	1	0	15	0
        110461	2026-03-31 08:36:08	1	0	15	0
        116829	2026-03-31 08:38:47	1	0	15	0
        116476	2026-03-31 08:44:42	1	0	15	0
        117274	2026-03-31 09:34:53	1	0	15	0
        110045	2026-03-31 12:00:20	1	2	15	0
        116476	2026-03-31 12:00:33	1	2	15	0
        117727	2026-03-31 12:00:44	1	2	15	0
        110429	2026-03-31 12:01:04	1	2	15	0
        110064	2026-03-31 12:01:12	1	2	15	0
        117242	2026-03-31 12:01:58	1	2	1	0
        116825	2026-03-31 12:02:04	1	2	15	0
        110646	2026-03-31 12:02:58	1	2	15	0
        118509	2026-03-31 12:03:17	1	2	15	0
        110361	2026-03-31 12:03:34	1	2	15	0
        117398	2026-03-31 12:03:53	1	2	15	0
        116790	2026-03-31 12:03:58	1	2	15	0
        110477	2026-03-31 12:04:05	1	2	15	0
        118251	2026-03-31 12:04:10	1	2	1	0
        119393	2026-03-31 12:04:20	1	2	15	0
        118160	2026-03-31 12:04:24	1	2	15	0
        117656	2026-03-31 12:04:33	1	2	15	0
        110188	2026-03-31 12:04:40	1	2	15	0
        116712	2026-03-31 12:04:46	1	2	15	0
        118729	2026-03-31 12:04:52	1	2	15	0
        118548	2026-03-31 12:04:58	1	2	15	0
        116263	2026-03-31 12:05:04	1	2	15	0
        116825	2026-03-31 12:05:14	1	2	15	0
        117775	2026-03-31 12:06:20	1	2	15	0
        117631	2026-03-31 12:06:25	1	2	15	0
        119392	2026-03-31 12:07:16	1	2	15	0
        119206	2026-03-31 12:07:36	1	2	15	0
        119077	2026-03-31 12:07:57	1	2	15	0
        119393	2026-03-31 12:08:27	1	2	15	0
        118251	2026-03-31 12:08:31	1	2	1	0
        117656	2026-03-31 12:08:39	1	2	15	0
        110188	2026-03-31 12:08:45	1	2	15	0
        118083	2026-03-31 12:08:52	1	2	15	0
        119376	2026-03-31 12:08:58	1	2	15	0
        118160	2026-03-31 12:09:04	1	2	15	0
        118509	2026-03-31 12:09:09	1	2	15	0
        118398	2026-03-31 12:09:13	1	2	15	0
        116263	2026-03-31 12:09:18	1	2	15	0
        117398	2026-03-31 12:09:31	1	2	15	0
        116442	2026-03-31 12:09:40	1	2	15	0
        118548	2026-03-31 12:09:45	1	2	15	0
        117631	2026-03-31 12:09:51	1	2	15	0
        116790	2026-03-31 12:10:06	1	2	15	0
        110472	2026-03-31 12:10:13	1	2	15	0
        117274	2026-03-31 12:10:19	1	2	15	0
        119206	2026-03-31 12:10:23	1	2	15	0
        116829	2026-03-31 12:10:29	1	2	15	0
        119392	2026-03-31 12:10:34	1	2	15	0
        110477	2026-03-31 12:11:08	1	2	15	0
        118729	2026-03-31 12:11:17	1	2	15	0
        119077	2026-03-31 12:11:30	1	2	15	0
        119376	2026-03-31 12:11:42	1	2	15	0
        118083	2026-03-31 12:11:46	1	2	15	0
        118398	2026-03-31 12:11:55	1	2	15	0
        116712	2026-03-31 12:12:16	1	2	15	0
        110461	2026-03-31 12:12:26	1	2	15	0
        116829	2026-03-31 12:12:33	1	2	15	0
        116476	2026-03-31 12:12:39	1	2	15	0
        116524	2026-03-31 12:12:52	1	2	15	0
        116442	2026-03-31 12:13:15	1	0	15	0
        118298	2026-03-31 12:13:22	1	0	1	0
        116953	2026-03-31 12:13:28	1	2	15	0
        117274	2026-03-31 12:13:39	1	2	15	0
        116738	2026-03-31 12:14:01	1	2	15	0
        110359	2026-03-31 12:14:21	1	2	15	0
        117273	2026-03-31 12:14:27	1	2	15	0
        116466	2026-03-31 12:14:33	1	2	1	0
        116192	2026-03-31 12:15:19	1	2	15	0
        110646	2026-03-31 12:15:23	1	2	15	0
        117090	2026-03-31 12:15:27	1	2	15	0
        119443	2026-03-31 12:16:05	1	2	15	0
        110472	2026-03-31 12:17:27	1	0	15	0
        116524	2026-03-31 12:17:45	1	0	15	0
        116953	2026-03-31 12:18:03	1	0	15	0
        116152	2026-03-31 12:18:30	1	0	15	0
        116192	2026-03-31 12:18:51	1	0	15	0
        110045	2026-03-31 12:18:57	1	0	15	0
        117090	2026-03-31 12:19:00	1	0	15	0
        116738	2026-03-31 12:19:18	1	0	15	0
        117273	2026-03-31 12:19:35	1	0	15	0
        110359	2026-03-31 12:19:39	1	0	15	0
        117727	2026-03-31 12:19:43	1	0	15	0
        117242	2026-03-31 12:20:40	1	2	1	0
        116152	2026-03-31 12:21:15	1	2	15	0
        118407	2026-03-31 12:22:36	1	2	15	0
        110641	2026-03-31 12:23:14	1	2	15	0
        116511	2026-03-31 12:24:36	1	2	15	0
        110362	2026-03-31 12:24:55	1	2	15	0
        110064	2026-03-31 12:25:12	1	2	15	0
        110429	2026-03-31 12:25:43	1	2	15	0
        117775	2026-03-31 12:25:50	1	2	15	0
        116466	2026-03-31 12:26:50	1	2	1	0
        118125	2026-03-31 12:27:08	1	2	15	0
        116159	2026-03-31 12:28:08	1	2	15	0
        116844	2026-03-31 12:28:22	1	2	15	0
        117451	2026-03-31 12:30:08	1	3	15	0
        117150	2026-03-31 12:30:13	1	3	15	0
        118125	2026-03-31 12:30:41	1	3	15	0
        118301	2026-03-31 12:30:58	1	3	15	0
        116844	2026-03-31 12:31:17	1	3	15	0
        110641	2026-03-31 12:32:53	1	3	15	0
        110362	2026-03-31 12:33:00	1	3	15	0
        118760	2026-03-31 12:33:12	1	3	15	0
        119443	2026-03-31 12:34:18	1	3	15	0
        118298	2026-03-31 12:34:52	1	3	1	0
        116511	2026-03-31 12:35:33	1	3	15	0
        118301	2026-03-31 12:36:16	1	3	15	0
        118760	2026-03-31 12:36:31	1	3	15	0
        117267	2026-03-31 12:37:48	1	3	15	0
        118326	2026-03-31 12:39:59	1	3	15	0
        117451	2026-03-31 12:40:28	1	3	15	0
        117150	2026-03-31 12:40:32	1	3	15	0
        116159	2026-03-31 12:43:43	1	3	15	0
        110461	2026-03-31 12:43:48	1	3	15	0
        117267	2026-03-31 12:46:07	1	3	15	0
        118326	2026-03-31 12:49:34	1	3	15	0
        116202	2026-03-31 12:50:03	1	3	15	0
        117518	2026-03-31 12:50:21	1	3	15	0
        117239	2026-03-31 12:53:47	1	3	15	0
        116202	2026-03-31 12:54:10	1	3	15	0
        117518	2026-03-31 12:54:16	1	3	15	0
        110361	2026-03-31 12:58:31	1	3	15	0
        116192	2026-03-31 15:08:43	1	3	15	0
        118125	2026-03-31 16:06:36	1	1	15	0
        117775	2026-03-31 16:12:07	1	1	15	0
        110472	2026-03-31 16:47:05	1	1	15	0
        116442	2026-03-31 16:56:28	1	1	15	0
        116159	2026-03-31 16:58:56	1	1	15	0
        117727	2026-03-31 17:07:17	1	1	15	0
        110045	2026-03-31 17:38:22	1	1	15	0
        116476	2026-03-31 17:44:23	1	1	15	0
        118326	2026-03-31 18:00:14	1	1	15	0
        118760	2026-03-31 18:02:55	1	1	15	0
        117239	2026-03-31 18:03:05	1	1	15	0
        116524	2026-03-31 18:03:12	1	1	15	0
        110361	2026-03-31 18:03:45	1	1	15	0
        117631	2026-03-31 18:03:53	1	1	15	0
        117090	2026-03-31 18:03:57	1	1	15	0
        110064	2026-03-31 18:04:36	1	1	15	0
        117451	2026-03-31 18:05:32	1	1	15	0
        110429	2026-03-31 18:07:42	1	1	15	0
        110362	2026-03-31 18:09:40	1	1	15	0
        110641	2026-03-31 18:09:44	1	1	15	0
        117398	2026-03-31 18:10:38	1	1	15	0
        117656	2026-03-31 18:10:43	1	1	15	0
        116511	2026-03-31 18:10:59	1	1	15	0
        118160	2026-03-31 18:12:21	1	1	15	0
        110646	2026-03-31 18:18:32	1	1	15	0
        119077	2026-03-31 18:20:49	1	1	15	0
        110477	2026-03-31 18:21:27	1	1	15	0
        118298	2026-03-31 18:24:09	1	1	1	0
        117150	2026-03-31 18:25:25	1	1	15	0
        116509	2026-03-31 18:25:36	1	1	15	0
        116953	2026-03-31 18:25:47	1	1	15	0
        117273	2026-03-31 18:27:29	1	1	15	0
        110359	2026-03-31 18:27:33	1	1	15	0
        116825	2026-03-31 18:31:58	1	1	15	0
        116712	2026-03-31 18:32:13	1	1	15	0
        117267	2026-03-31 18:33:49	1	1	15	0
        110461	2026-03-31 18:33:57	1	1	15	0
        118729	2026-03-31 18:34:02	1	1	15	0
        116466	2026-03-31 18:35:15	1	1	1	0
        116434	2026-03-31 18:35:19	1	1	1	0
        118251	2026-03-31 18:37:45	1	1	1	0
        119393	2026-03-31 18:38:00	1	1	15	0
        119443	2026-03-31 18:38:05	1	1	15	0
        110188	2026-03-31 18:39:06	1	1	15	0
        116844	2026-03-31 18:39:50	1	1	15	0
        117518	2026-03-31 18:40:52	1	1	15	0
        119206	2026-03-31 18:41:09	1	1	15	0
        119376	2026-03-31 18:43:53	1	1	15	0
        118301	2026-03-31 18:45:12	1	1	15	0
        117242	2026-03-31 18:45:53	1	1	1	0
        118398	2026-03-31 18:46:04	1	1	15	0
        118509	2026-03-31 18:50:29	1	1	15	0
        118083	2026-03-31 18:50:45	1	1	15	0
        116790	2026-03-31 18:51:57	1	1	15	0
        116202	2026-03-31 18:52:31	1	1	15	0
        119392	2026-03-31 18:53:24	1	1	15	0
        116738	2026-03-31 18:58:54	1	1	15	0
        116263	2026-03-31 19:11:02	1	1	15	0
        116152	2026-03-31 19:12:37	1	1	15	0
        116829	2026-03-31 19:13:16	1	1	15	0
        118548	2026-03-31 19:31:42	1	1	15	0
        117274	2026-03-31 19:40:40	1	1	15	0
