        117835	2026-05-04 04:39:33	1	0	15	0
        117201	2026-05-04 04:46:40	1	0	15	0
        118568	2026-05-04 05:16:18	1	0	15	0
        116834	2026-05-04 05:16:24	1	0	15	0
        110144	2026-05-04 05:16:40	1	0	15	0
        110093	2026-05-04 05:23:16	1	0	15	0
        116799	2026-05-04 05:57:07	1	0	15	0
        117120	2026-05-04 06:00:42	1	0	15	0
        116831	2026-05-04 06:07:27	1	0	15	0
        110535	2026-05-04 06:13:46	1	0	15	0
        110051	2026-05-04 06:19:01	1	0	15	0
        110580	2026-05-04 06:29:17	1	0	15	0
        116741	2026-05-04 06:34:44	1	0	15	0
        110360	2026-05-04 06:35:31	1	0	15	0
        118744	2026-05-04 06:36:11	1	0	15	0
        110567	2026-05-04 06:36:31	1	0	15	0
        110006	2026-05-04 06:38:44	1	0	15	0
        119364	2026-05-04 06:39:46	1	0	15	0
        110817	2026-05-04 06:39:55	1	0	15	0
        119571	2026-05-04 06:40:47	1	0	15	0
        116551	2026-05-04 06:40:57	1	0	15	0
        110465	2026-05-04 06:41:21	1	0	15	0
        110632	2026-05-04 06:41:42	1	0	15	0
        110196	2026-05-04 06:43:28	1	0	15	0
        118750	2026-05-04 06:44:39	1	0	15	0
        117088	2026-05-04 06:44:49	1	0	15	0
        117999	2026-05-04 06:45:52	1	0	15	0
        110809	2026-05-04 06:46:25	1	0	15	0
        119070	2026-05-04 06:46:30	1	0	15	0
        118414	2026-05-04 06:46:45	1	0	15	0
        118992	2026-05-04 06:46:50	1	0	15	0
        118997	2026-05-04 06:46:53	1	0	15	0
        110512	2026-05-04 06:47:08	1	0	15	0
        110074	2026-05-04 06:47:33	1	0	15	0
        118550	2026-05-04 06:47:42	1	0	15	0
        119365	2026-05-04 06:49:54	1	0	15	0
        110493	2026-05-04 06:50:01	1	0	15	0
        117497	2026-05-04 06:50:10	1	0	15	0
        119340	2026-05-04 06:50:18	1	0	15	0
        110128	2026-05-04 06:50:26	1	0	15	0
        117733	2026-05-04 06:50:43	1	0	15	0
        117965	2026-05-04 06:51:19	1	0	15	0
        117849	2026-05-04 06:51:33	1	0	15	0
        110818	2026-05-04 06:52:49	1	0	15	0
        110808	2026-05-04 06:53:21	1	0	15	0
        110527	2026-05-04 06:53:25	1	0	15	0
        110378	2026-05-04 06:53:55	1	0	15	0
        117837	2026-05-04 06:54:12	1	0	15	0
        116748	2026-05-04 06:54:18	1	0	15	0
        118221	2026-05-04 06:54:24	1	0	15	0
        116835	2026-05-04 06:54:30	1	0	15	0
        118455	2026-05-04 06:54:48	1	0	15	0
        117110	2026-05-04 06:55:22	1	0	15	0
        118829	2026-05-04 06:55:30	1	0	15	0
        116337	2026-05-04 06:55:38	1	0	15	0
        116451	2026-05-04 06:55:57	1	0	15	0
        117042	2026-05-04 06:56:01	1	0	15	0
        117707	2026-05-04 06:56:13	1	0	15	0
        117591	2026-05-04 06:58:02	1	0	15	0
        110581	2026-05-04 06:58:06	1	0	15	0
        117483	2026-05-04 06:58:44	1	0	15	0
        110430	2026-05-04 06:59:43	1	0	15	0
        118580	2026-05-04 07:00:18	1	0	15	0
        110510	2026-05-04 07:00:29	1	0	15	0
        116492	2026-05-04 07:00:51	1	0	15	0
        110025	2026-05-04 07:01:22	1	0	15	0
        116142	2026-05-04 07:02:43	1	0	15	0
        118695	2026-05-04 07:03:09	1	0	15	0
        110113	2026-05-04 07:04:01	1	0	15	0
        117129	2026-05-04 07:04:09	1	0	15	0
        117660	2026-05-04 07:04:40	1	0	15	0
        117742	2026-05-04 07:04:49	1	0	15	0
        116483	2026-05-04 07:05:49	1	0	15	0
        117114	2026-05-04 07:06:07	1	0	15	0
        117924	2026-05-04 07:06:13	1	0	15	0
        118563	2026-05-04 07:07:15	1	0	15	0
        110549	2026-05-04 07:07:37	1	0	15	0
        118640	2026-05-04 07:07:57	1	0	15	0
        117811	2026-05-04 07:08:02	1	0	15	0
        117966	2026-05-04 07:09:58	1	0	15	0
        110094	2026-05-04 07:10:28	1	0	15	0
        117694	2026-05-04 07:11:32	1	0	15	0
        110116	2026-05-04 07:12:36	1	0	15	0
        118862	2026-05-04 07:14:11	1	0	15	0
        117769	2026-05-04 07:15:11	1	0	15	0
        110032	2026-05-04 07:15:13	1	0	15	0
        116252	2026-05-04 07:15:16	1	0	15	0
        116479	2026-05-04 07:15:26	1	0	15	0
        118971	2026-05-04 07:15:36	1	0	15	0
        110485	2026-05-04 07:15:51	1	0	15	0
        110462	2026-05-04 07:16:27	1	0	15	0
        117644	2026-05-04 07:16:35	1	0	15	0
        117921	2026-05-04 07:16:46	1	0	15	0
        110475	2026-05-04 07:16:50	1	0	15	0
        119157	2026-05-04 07:17:33	1	0	15	0
        110393	2026-05-04 07:17:37	1	0	15	0
        117982	2026-05-04 07:17:42	1	0	15	0
        110819	2026-05-04 07:18:12	1	0	15	0
        117341	2026-05-04 07:18:16	1	0	15	0
        110424	2026-05-04 07:18:21	1	0	15	0
        116537	2026-05-04 07:18:26	1	0	15	0
        110053	2026-05-04 07:18:30	1	0	15	0
        110032	2026-05-04 07:18:43	1	0	15	0
        110511	2026-05-04 07:18:45	1	0	15	0
        110357	2026-05-04 07:18:48	1	0	15	0
        110495	2026-05-04 07:18:57	1	0	15	0
        119449	2026-05-04 07:19:18	1	0	15	0
        116346	2026-05-04 07:19:36	1	0	15	0
        118101	2026-05-04 07:21:06	1	0	15	0
        116073	2026-05-04 07:21:23	1	0	15	0
        110785	2026-05-04 07:21:47	1	0	15	0
        119104	2026-05-04 07:22:44	1	0	15	0
        116902	2026-05-04 07:23:32	1	0	15	0
        119494	2026-05-04 07:23:35	1	0	15	0
        117487	2026-05-04 07:24:00	1	0	15	0
        119535	2026-05-04 07:24:06	1	0	15	0
        110090	2026-05-04 07:24:09	1	0	15	0
        110070	2026-05-04 07:24:49	1	0	15	0
        119107	2026-05-04 07:25:26	1	0	15	0
        117642	2026-05-04 07:25:54	1	0	15	0
        110574	2026-05-04 07:26:11	1	0	15	0
        116274	2026-05-04 07:26:27	1	0	15	0
        116824	2026-05-04 07:26:35	1	0	15	0
        110538	2026-05-04 07:27:35	1	0	15	0
        116383	2026-05-04 07:28:09	1	0	15	0
        110355	2026-05-04 07:29:31	1	0	15	0
        110356	2026-05-04 07:29:33	1	0	15	0
        110083	2026-05-04 07:30:18	1	0	15	0
        118867	2026-05-04 07:30:43	1	0	15	0
        118180	2026-05-04 07:31:02	1	0	15	0
        118970	2026-05-04 07:31:06	1	0	15	0
        117680	2026-05-04 07:31:12	1	0	15	0
        118043	2026-05-04 07:31:26	1	0	15	0
        117236	2026-05-04 07:31:31	1	0	15	0
        110457	2026-05-04 07:32:06	1	0	15	0
        118702	2026-05-04 07:32:43	1	0	15	0
        110810	2026-05-04 07:32:53	1	0	15	0
        116497	2026-05-04 07:33:58	1	0	15	0
        117121	2026-05-04 07:34:04	1	0	15	0
        118782	2026-05-04 07:34:05	1	0	15	0
        117039	2026-05-04 07:34:15	1	0	15	0
        117232	2026-05-04 07:34:22	1	0	15	0
        119494	2026-05-04 07:35:13	1	0	15	0
        119493	2026-05-04 07:35:49	1	0	15	0
        118302	2026-05-04 07:35:52	1	0	15	0
        117061	2026-05-04 07:36:34	1	0	15	0
        110732	2026-05-04 07:36:49	1	0	15	0
        118369	2026-05-04 07:36:56	1	0	15	0
        116747	2026-05-04 07:36:59	1	0	15	0
        119475	2026-05-04 07:37:01	1	0	15	0
        110463	2026-05-04 07:37:05	1	0	15	0
        110050	2026-05-04 07:37:10	1	0	15	0
        110820	2026-05-04 07:37:44	1	0	15	0
        110807	2026-05-04 07:37:52	1	0	15	0
        117969	2026-05-04 07:38:05	1	0	15	0
        110413	2026-05-04 07:38:07	1	0	15	0
        117542	2026-05-04 07:38:23	1	0	15	0
        117807	2026-05-04 07:38:30	1	0	15	0
        116512	2026-05-04 07:38:55	1	0	15	0
        116751	2026-05-04 07:38:57	1	0	15	0
        116356	2026-05-04 07:39:05	1	0	15	0
        117122	2026-05-04 07:39:10	1	0	15	0
        119594	2026-05-04 07:39:16	1	0	15	0
        110131	2026-05-04 07:39:33	1	0	15	0
        118458	2026-05-04 07:39:40	1	0	15	0
        110195	2026-05-04 07:39:54	1	0	15	0
        119494	2026-05-04 07:39:57	1	0	15	0
        117567	2026-05-04 07:39:59	1	0	15	0
        110377	2026-05-04 07:40:04	1	0	15	0
        118046	2026-05-04 07:40:13	1	0	15	0
        117224	2026-05-04 07:40:20	1	0	15	0
        117270	2026-05-04 07:41:54	1	0	15	0
        110201	2026-05-04 07:42:03	1	0	15	0
        117981	2026-05-04 07:43:04	1	0	15	0
        117144	2026-05-04 07:43:39	1	0	15	0
        116763	2026-05-04 07:43:55	1	0	15	0
        116778	2026-05-04 07:44:16	1	0	15	0
        117635	2026-05-04 07:44:18	1	0	15	0
        117162	2026-05-04 07:44:20	1	0	15	0
        117543	2026-05-04 07:44:36	1	0	15	0
        117723	2026-05-04 07:44:41	1	0	15	0
        117529	2026-05-04 07:44:43	1	0	15	0
        116828	2026-05-04 07:44:44	1	0	1	0
        110084	2026-05-04 07:45:36	1	0	15	0
        119227	2026-05-04 07:45:41	1	0	15	0
        110805	2026-05-04 07:45:56	1	0	15	0
        119263	2026-05-04 07:46:14	1	0	15	0
        116995	2026-05-04 07:46:42	1	0	15	0
        117091	2026-05-04 07:46:46	1	0	15	0
        116072	2026-05-04 07:48:04	1	0	15	0
        110418	2026-05-04 07:48:06	1	0	15	0
        116428	2026-05-04 07:48:10	1	0	15	0
        118584	2026-05-04 07:48:23	1	0	15	0
        117023	2026-05-04 07:48:25	1	0	15	0
        116260	2026-05-04 07:49:33	1	0	15	0
        118928	2026-05-04 07:49:39	1	0	15	0
        118427	2026-05-04 07:50:03	1	0	15	0
        117983	2026-05-04 07:50:08	1	0	15	0
        116493	2026-05-04 07:50:11	1	0	15	0
        110456	2026-05-04 07:50:45	1	0	15	0
        110816	2026-05-04 07:50:50	1	0	15	0
        117930	2026-05-04 07:50:54	1	0	15	0
        110421	2026-05-04 07:51:02	1	0	15	0
        117528	2026-05-04 07:51:08	1	0	15	0
        117972	2026-05-04 07:51:34	1	0	15	0
        116805	2026-05-04 07:51:52	1	0	15	0
        110077	2026-05-04 07:52:16	1	0	15	0
        117616	2026-05-04 07:52:23	1	0	15	0
        119282	2026-05-04 07:52:29	1	0	15	0
        116787	2026-05-04 07:52:41	1	0	15	0
        116297	2026-05-04 07:53:04	1	0	15	0
        117786	2026-05-04 07:53:31	1	0	15	0
        117828	2026-05-04 07:53:34	1	0	15	0
        110197	2026-05-04 07:54:08	1	0	15	0
        110447	2026-05-04 07:54:16	1	0	15	0
        118593	2026-05-04 07:54:21	1	0	15	0
        110372	2026-05-04 07:55:16	1	0	15	0
        110514	2026-05-04 07:55:29	1	0	15	0
        110452	2026-05-04 07:55:47	1	0	15	0
        110431	2026-05-04 07:56:17	1	0	15	0
        110200	2026-05-04 07:56:34	1	0	15	0
        116069	2026-05-04 07:56:43	1	0	15	0
        119602	2026-05-04 07:59:35	1	0	15	0
        117814	2026-05-04 08:02:12	1	0	15	0
        116070	2026-05-04 08:02:27	1	0	1	0
        110055	2026-05-04 08:02:33	1	0	15	0
        117790	2026-05-04 08:03:13	1	0	15	0
        116472	2026-05-04 08:04:14	1	0	15	0
        110513	2026-05-04 08:04:20	1	0	15	0
        116282	2026-05-04 08:05:04	1	0	15	0
        117043	2026-05-04 08:07:02	1	0	15	0
        116849	2026-05-04 08:07:05	1	0	15	0
        110060	2026-05-04 08:07:43	1	0	15	0
        117046	2026-05-04 08:07:45	1	0	15	0
        117699	2026-05-04 08:08:42	1	0	15	0
        117692	2026-05-04 08:08:46	1	0	15	0
        117817	2026-05-04 08:09:24	1	0	15	0
        117630	2026-05-04 08:12:03	1	0	15	0
        117085	2026-05-04 08:14:17	1	0	15	0
        116166	2026-05-04 08:21:07	1	0	15	0
        116477	2026-05-04 08:22:23	1	0	15	0
        117196	2026-05-04 08:23:34	1	0	15	0
        119272	2026-05-04 08:24:08	1	0	15	0
        118761	2026-05-04 08:51:34	1	0	15	0
        116441	2026-05-04 08:58:43	1	0	15	0
        116835	2026-05-04 11:55:21	1	2	15	0
        116260	2026-05-04 12:00:03	1	2	15	0
        110457	2026-05-04 12:00:04	1	2	15	0
        117924	2026-05-04 12:00:07	1	2	15	0
        116497	2026-05-04 12:00:08	1	2	15	0
        116072	2026-05-04 12:00:10	1	2	15	0
        116751	2026-05-04 12:00:12	1	2	15	0
        110372	2026-05-04 12:00:14	1	2	15	0
        116512	2026-05-04 12:00:15	1	2	15	0
        117224	2026-05-04 12:00:18	1	2	15	0
        110421	2026-05-04 12:00:19	1	2	15	0
        116835	2026-05-04 12:00:22	1	2	15	0
        110113	2026-05-04 12:00:24	1	2	15	0
        116383	2026-05-04 12:00:26	1	2	15	0
        118829	2026-05-04 12:00:28	1	2	15	0
        110465	2026-05-04 12:00:29	1	2	15	0
        119535	2026-05-04 12:00:31	1	2	15	0
        117642	2026-05-04 12:00:33	1	2	15	0
        118992	2026-05-04 12:00:35	1	2	15	0
        117969	2026-05-04 12:00:39	1	2	15	0
        110413	2026-05-04 12:00:40	1	2	15	0
        110452	2026-05-04 12:00:42	1	2	15	0
        110128	2026-05-04 12:00:45	1	2	15	0
        110463	2026-05-04 12:00:46	1	2	15	0
        110538	2026-05-04 12:00:58	1	2	15	0
        116787	2026-05-04 12:01:01	1	2	15	0
        117828	2026-05-04 12:01:03	1	2	15	0
        118101	2026-05-04 12:01:05	1	2	15	0
        118414	2026-05-04 12:01:10	1	2	15	0
        110116	2026-05-04 12:01:20	1	2	15	0
        110447	2026-05-04 12:01:27	1	2	15	0
        117983	2026-05-04 12:01:28	1	2	15	0
        118458	2026-05-04 12:01:31	1	2	15	0
        110360	2026-05-04 12:01:41	1	2	15	0
        116902	2026-05-04 12:01:48	1	2	15	0
        116479	2026-05-04 12:01:53	1	2	15	0
        117144	2026-05-04 12:01:55	1	2	15	0
        119571	2026-05-04 12:02:00	1	2	15	0
        118992	2026-05-04 12:02:03	1	2	15	0
        116451	2026-05-04 12:02:06	1	2	15	0
        117042	2026-05-04 12:02:08	1	2	15	0
        110094	2026-05-04 12:02:12	1	2	15	0
        110051	2026-05-04 12:02:19	1	2	15	0
        110077	2026-05-04 12:02:22	1	2	15	0
        119107	2026-05-04 12:02:27	1	2	15	0
        119340	2026-05-04 12:02:30	1	2	15	0
        110070	2026-05-04 12:02:32	1	2	15	0
        110535	2026-05-04 12:02:33	1	2	15	0
        119449	2026-05-04 12:02:36	1	2	15	0
        116252	2026-05-04 12:02:38	1	2	15	0
        117567	2026-05-04 12:02:40	1	2	15	0
        117497	2026-05-04 12:02:42	1	2	15	0
        110378	2026-05-04 12:02:44	1	2	15	0
        117616	2026-05-04 12:02:45	1	2	15	0
        118414	2026-05-04 12:02:47	1	2	15	0
        117543	2026-05-04 12:02:49	1	2	15	0
        110084	2026-05-04 12:02:52	1	2	15	0
        110820	2026-05-04 12:02:54	1	2	15	0
        110816	2026-05-04 12:02:56	1	2	15	0
        110818	2026-05-04 12:02:59	1	2	15	0
        116537	2026-05-04 12:03:01	1	2	15	0
        116497	2026-05-04 12:03:02	1	2	15	0
        110032	2026-05-04 12:03:07	1	2	15	0
        116337	2026-05-04 12:03:09	1	2	15	0
        116072	2026-05-04 12:03:11	1	2	15	0
        117924	2026-05-04 12:03:12	1	2	15	0
        116260	2026-05-04 12:03:13	1	2	15	0
        118862	2026-05-04 12:03:15	1	2	15	0
        116824	2026-05-04 12:03:17	1	2	15	0
        118101	2026-05-04 12:03:19	1	2	15	0
        117828	2026-05-04 12:03:21	1	2	15	0
        117039	2026-05-04 12:03:22	1	2	15	0
        110457	2026-05-04 12:03:23	1	2	15	0
        117232	2026-05-04 12:03:26	1	2	15	0
        117341	2026-05-04 12:03:28	1	2	15	0
        117999	2026-05-04 12:03:33	1	2	15	0
        116477	2026-05-04 12:03:37	1	2	15	0
        118563	2026-05-04 12:03:39	1	2	15	0
        110549	2026-05-04 12:03:49	1	2	15	0
        117680	2026-05-04 12:03:51	1	2	15	0
        110424	2026-05-04 12:03:53	1	2	15	0
        118221	2026-05-04 12:03:55	1	2	15	0
        110084	2026-05-04 12:03:57	1	2	15	0
        117122	2026-05-04 12:03:59	1	2	15	0
        116835	2026-05-04 12:04:01	1	2	15	0
        110372	2026-05-04 12:04:03	1	2	15	0
        118043	2026-05-04 12:04:04	1	2	15	0
        117930	2026-05-04 12:04:06	1	2	15	0
        110511	2026-05-04 12:04:08	1	2	15	0
        110510	2026-05-04 12:04:10	1	2	15	0
        116849	2026-05-04 12:04:12	1	2	15	0
        116551	2026-05-04 12:04:15	1	2	15	0
        119535	2026-05-04 12:04:16	1	2	15	0
        116778	2026-05-04 12:04:19	1	2	15	0
        117529	2026-05-04 12:04:21	1	2	15	0
        117814	2026-05-04 12:04:23	1	2	15	0
        110527	2026-05-04 12:04:28	1	2	15	0
        110809	2026-05-04 12:04:37	1	2	15	0
        118750	2026-05-04 12:05:11	1	2	15	0
        117110	2026-05-04 12:05:14	1	2	15	0
        117790	2026-05-04 12:05:29	1	2	15	0
        116787	2026-05-04 12:05:31	1	2	15	0
        110538	2026-05-04 12:05:36	1	2	15	0
        116252	2026-05-04 12:05:39	1	2	15	0
        110377	2026-05-04 12:05:40	1	2	15	0
        117707	2026-05-04 12:05:44	1	2	15	0
        117635	2026-05-04 12:05:55	1	2	15	0
        117660	2026-05-04 12:05:56	1	2	15	0
        117786	2026-05-04 12:06:02	1	2	15	0
        110462	2026-05-04 12:06:05	1	2	15	0
        116274	2026-05-04 12:06:22	1	2	15	0
        117196	2026-05-04 12:06:27	1	2	15	0
        117201	2026-05-04 12:06:31	1	2	15	0
        110465	2026-05-04 12:06:36	1	2	15	0
        117236	2026-05-04 12:06:38	1	2	15	0
        116383	2026-05-04 12:06:42	1	2	15	0
        110113	2026-05-04 12:06:44	1	2	15	0
        110463	2026-05-04 12:06:46	1	2	15	0
        116849	2026-05-04 12:06:50	1	2	15	0
        118829	2026-05-04 12:06:52	1	2	15	0
        118221	2026-05-04 12:07:03	1	2	15	0
        110431	2026-05-04 12:07:09	1	2	15	0
        116537	2026-05-04 12:07:14	1	2	15	0
        116337	2026-05-04 12:07:17	1	2	15	0
        116748	2026-05-04 12:07:19	1	2	15	0
        116451	2026-05-04 12:07:23	1	2	15	0
        117042	2026-05-04 12:07:35	1	2	15	0
        117930	2026-05-04 12:07:38	1	2	15	0
        116477	2026-05-04 12:07:39	1	2	15	0
        118862	2026-05-04 12:07:44	1	2	15	0
        119364	2026-05-04 12:07:46	1	2	15	0
        110493	2026-05-04 12:07:48	1	2	15	0
        110495	2026-05-04 12:07:51	1	2	15	0
        118928	2026-05-04 12:07:54	1	2	15	0
        117341	2026-05-04 12:07:54	1	2	15	0
        116282	2026-05-04 12:07:56	1	2	15	0
        116129	2026-05-04 12:07:59	1	2	15	0
        119263	2026-05-04 12:08:04	1	2	15	0
        110374	2026-05-04 12:08:09	1	2	15	0
        110370	2026-05-04 12:08:13	1	2	15	0
        110424	2026-05-04 12:08:17	1	2	15	0
        110373	2026-05-04 12:08:18	1	2	15	0
        117971	2026-05-04 12:08:22	1	2	15	0
        117529	2026-05-04 12:08:26	1	2	15	0
        110632	2026-05-04 12:08:37	1	2	15	0
        116551	2026-05-04 12:08:41	1	2	15	0
        110070	2026-05-04 12:08:42	1	2	15	0
        119340	2026-05-04 12:08:47	1	2	15	0
        110357	2026-05-04 12:08:49	1	2	15	0
        110456	2026-05-04 12:08:54	1	2	15	0
        117707	2026-05-04 12:09:02	1	2	15	0
        116995	2026-05-04 12:09:05	1	2	15	0
        119107	2026-05-04 12:09:12	1	2	15	0
        118971	2026-05-04 12:09:17	1	2	15	0
        117770	2026-05-04 12:09:23	1	2	15	0
        117837	2026-05-04 12:09:25	1	2	15	0
        110094	2026-05-04 12:09:28	1	2	15	0
        117642	2026-05-04 12:09:31	1	2	15	0
        118458	2026-05-04 12:09:37	1	2	15	0
        117969	2026-05-04 12:09:41	1	2	15	0
        110413	2026-05-04 12:09:44	1	2	15	0
        110090	2026-05-04 12:09:46	1	2	15	0
        116751	2026-05-04 12:09:58	1	2	15	0
        116512	2026-05-04 12:09:59	1	2	15	0
        110116	2026-05-04 12:10:06	1	2	15	0
        118043	2026-05-04 12:10:12	1	2	15	0
        117723	2026-05-04 12:10:21	1	2	15	0
        117814	2026-05-04 12:10:32	1	2	15	0
        119594	2026-05-04 12:10:36	1	2	15	0
        116824	2026-05-04 12:10:40	1	2	15	0
        117129	2026-05-04 12:10:45	1	2	15	0
        117769	2026-05-04 12:10:51	1	2	15	0
        117487	2026-05-04 12:10:58	1	2	15	0
        117091	2026-05-04 12:11:00	1	2	15	0
        117120	2026-05-04 12:11:01	1	2	15	0
        110197	2026-05-04 12:11:06	1	2	15	0
        119602	2026-05-04 12:11:09	1	2	15	0
        110201	2026-05-04 12:11:11	1	2	15	0
        117790	2026-05-04 12:11:41	1	2	15	0
        116902	2026-05-04 12:11:44	1	2	15	0
        110128	2026-05-04 12:11:46	1	2	15	0
        116356	2026-05-04 12:11:50	1	2	15	0
        118369	2026-05-04 12:11:53	1	2	15	0
        116805	2026-05-04 12:11:56	1	2	15	0
        117981	2026-05-04 12:12:00	1	2	15	0
        117061	2026-05-04 12:12:01	1	2	15	0
        117591	2026-05-04 12:12:04	1	2	15	0
        117201	2026-05-04 12:12:06	1	2	15	0
        110051	2026-05-04 12:12:10	1	2	15	0
        110032	2026-05-04 12:12:13	1	2	15	0
        116274	2026-05-04 12:12:16	1	2	15	0
        117769	2026-05-04 12:12:18	1	2	15	0
        119594	2026-05-04 12:12:19	1	2	15	0
        117196	2026-05-04 12:12:22	1	2	15	0
        116778	2026-05-04 12:12:25	1	2	15	0
        110495	2026-05-04 12:12:26	1	2	15	0
        110493	2026-05-04 12:12:28	1	2	15	0
        117630	2026-05-04 12:12:31	1	2	15	0
        117680	2026-05-04 12:12:43	1	2	15	0
        118702	2026-05-04 12:12:51	1	2	15	0
        117162	2026-05-04 12:12:56	1	2	15	0
        116166	2026-05-04 12:13:07	1	2	15	0
        110810	2026-05-04 12:13:09	1	2	15	0
        117660	2026-05-04 12:13:15	1	2	15	0
        117635	2026-05-04 12:13:19	1	2	15	0
        117110	2026-05-04 12:13:20	1	2	15	0
        110456	2026-05-04 12:13:22	1	2	15	0
        110357	2026-05-04 12:13:25	1	2	15	0
        110808	2026-05-04 12:13:28	1	2	15	0
        118971	2026-05-04 12:13:31	1	2	15	0
        116073	2026-05-04 12:13:33	1	2	15	0
        117742	2026-05-04 12:13:35	1	2	15	0
        118046	2026-05-04 12:13:37	1	2	15	0
        116070	2026-05-04 12:13:41	1	2	15	0
        116990	2026-05-04 12:13:43	1	2	15	0
        116069	2026-05-04 12:13:46	1	2	15	0
        117088	2026-05-04 12:13:49	1	2	15	0
        117807	2026-05-04 12:14:02	1	2	15	0
        117236	2026-05-04 12:14:08	1	2	15	0
        110360	2026-05-04 12:14:23	1	2	15	0
        110527	2026-05-04 12:14:27	1	2	15	0
        110378	2026-05-04 12:14:31	1	2	15	0
        116828	2026-05-04 12:14:36	1	2	1	0
        116995	2026-05-04 12:14:37	1	2	1	0
        110355	2026-05-04 12:14:45	1	2	15	0
        117543	2026-05-04 12:14:46	1	2	15	0
        119449	2026-05-04 12:14:48	1	2	15	0
        117542	2026-05-04 12:14:56	1	2	15	0
        118750	2026-05-04 12:14:59	1	2	15	0
        110356	2026-05-04 12:15:01	1	2	15	0
        118928	2026-05-04 12:15:03	1	2	15	0
        116282	2026-05-04 12:15:06	1	2	15	0
        116129	2026-05-04 12:15:08	1	2	15	0
        119493	2026-05-04 12:15:10	1	2	15	0
        117723	2026-05-04 12:15:13	1	2	15	0
        117129	2026-05-04 12:15:22	1	2	15	0
        117487	2026-05-04 12:15:26	1	2	15	0
        116356	2026-05-04 12:15:28	1	2	15	0
        117120	2026-05-04 12:15:31	1	2	15	0
        118369	2026-05-04 12:15:33	1	2	15	0
        117981	2026-05-04 12:15:34	1	2	15	0
        117061	2026-05-04 12:15:37	1	2	15	0
        116805	2026-05-04 12:15:39	1	2	15	0
        110535	2026-05-04 12:15:42	1	2	15	0
        119364	2026-05-04 12:15:43	1	2	15	0
        117733	2026-05-04 12:15:48	1	2	15	0
        119365	2026-05-04 12:15:50	1	2	15	0
        116493	2026-05-04 12:15:52	1	2	15	0
        117999	2026-05-04 12:15:55	1	2	15	0
        110195	2026-05-04 12:15:56	1	2	15	0
        110201	2026-05-04 12:16:00	1	2	15	0
        110581	2026-05-04 12:16:14	1	2	15	0
        110580	2026-05-04 12:16:16	1	2	15	0
        110732	2026-05-04 12:16:20	1	2	15	0
        117837	2026-05-04 12:16:21	1	2	15	0
        119104	2026-05-04 12:16:27	1	2	15	0
        116142	2026-05-04 12:16:33	1	2	15	0
        117921	2026-05-04 12:16:33	1	2	15	0
        116070	2026-05-04 12:16:37	1	2	15	0
        117982	2026-05-04 12:16:41	1	2	15	0
        116069	2026-05-04 12:16:42	1	2	15	0
        117770	2026-05-04 12:16:46	1	2	15	0
        117742	2026-05-04 12:16:49	1	2	15	0
        116990	2026-05-04 12:16:56	1	2	15	0
        117807	2026-05-04 12:16:57	1	2	15	0
        118563	2026-05-04 12:16:59	1	2	15	0
        110819	2026-05-04 12:17:06	1	2	15	0
        117567	2026-05-04 12:17:09	1	2	15	0
        110817	2026-05-04 12:17:12	1	2	15	0
        110090	2026-05-04 12:17:23	1	2	15	0
        117144	2026-05-04 12:17:26	1	2	15	0
        116428	2026-05-04 12:17:30	1	2	15	0
        118761	2026-05-04 12:17:34	1	2	15	0
        110418	2026-05-04 12:17:36	1	2	15	0
        117046	2026-05-04 12:17:38	1	2	15	0
        119282	2026-05-04 12:17:41	1	2	15	0
        110785	2026-05-04 12:17:52	1	2	15	0
        110356	2026-05-04 12:18:01	1	2	15	0
        117616	2026-05-04 12:18:02	1	2	15	0
        119602	2026-05-04 12:18:04	1	2	15	0
        117692	2026-05-04 12:18:08	1	2	15	0
        117270	2026-05-04 12:18:13	1	2	15	0
        119263	2026-05-04 12:18:15	1	2	15	0
        118744	2026-05-04 12:18:30	1	2	15	0
        110808	2026-05-04 12:18:41	1	2	15	0
        117983	2026-05-04 12:18:53	1	2	15	0
        117699	2026-05-04 12:18:57	1	2	15	0
        116748	2026-05-04 12:19:10	1	2	15	0
        110077	2026-05-04 12:19:18	1	2	15	0
        110090	2026-05-04 12:19:28	1	2	15	0
        118550	2026-05-04 12:19:39	1	2	15	0
        117630	2026-05-04 12:19:56	1	2	15	0
        110055	2026-05-04 12:20:00	1	2	15	0
        110462	2026-05-04 12:20:04	1	2	15	0
        117694	2026-05-04 12:20:09	1	2	15	0
        117733	2026-05-04 12:20:12	1	2	15	0
        110377	2026-05-04 12:20:15	1	2	15	0
        119365	2026-05-04 12:20:17	1	2	15	0
        116493	2026-05-04 12:20:20	1	2	15	0
        110430	2026-05-04 12:20:22	1	2	15	0
        117162	2026-05-04 12:20:39	1	2	15	0
        110090	2026-05-04 12:20:45	1	2	15	0
        118702	2026-05-04 12:20:55	1	2	15	0
        116142	2026-05-04 12:21:02	1	2	15	0
        119282	2026-05-04 12:21:05	1	2	15	0
        110195	2026-05-04 12:21:13	1	2	15	0
        118302	2026-05-04 12:21:17	1	2	15	0
        117982	2026-05-04 12:21:23	1	2	15	0
        117088	2026-05-04 12:21:27	1	2	15	0
        110418	2026-05-04 12:21:30	1	2	15	0
        117046	2026-05-04 12:21:34	1	2	15	0
        116428	2026-05-04 12:21:36	1	2	15	0
        110819	2026-05-04 12:21:38	1	2	15	0
        110817	2026-05-04 12:21:39	1	2	15	0
        119104	2026-05-04 12:21:48	1	2	15	0
        118761	2026-05-04 12:21:54	1	2	15	0
        110055	2026-05-04 12:22:09	1	2	15	0
        118744	2026-05-04 12:22:15	1	2	15	0
        110430	2026-05-04 12:22:34	1	2	15	0
        110511	2026-05-04 12:22:40	1	2	15	0
        110510	2026-05-04 12:22:43	1	2	15	0
        117921	2026-05-04 12:23:00	1	2	15	0
        119493	2026-05-04 12:23:04	1	2	15	0
        110732	2026-05-04 12:23:37	1	2	15	0
        110581	2026-05-04 12:23:41	1	2	15	0
        110580	2026-05-04 12:23:44	1	2	15	0
        110816	2026-05-04 12:23:46	1	2	15	0
        110818	2026-05-04 12:23:51	1	2	15	0
        110820	2026-05-04 12:23:55	1	2	15	0
        110512	2026-05-04 12:24:08	1	2	15	0
        110514	2026-05-04 12:24:09	1	2	15	0
        110200	2026-05-04 12:24:12	1	2	15	0
        110060	2026-05-04 12:24:23	1	2	15	0
        119475	2026-05-04 12:24:25	1	2	15	0
        118550	2026-05-04 12:24:31	1	2	15	0
        116799	2026-05-04 12:24:35	1	2	15	0
        117497	2026-05-04 12:24:41	1	2	15	0
        110809	2026-05-04 12:24:53	1	2	15	0
        117591	2026-05-04 12:25:19	1	2	15	0
        110447	2026-05-04 12:25:28	1	2	15	0
        117232	2026-05-04 12:26:04	1	2	15	0
        110632	2026-05-04 12:26:06	1	2	15	0
        110355	2026-05-04 12:26:09	1	2	15	0
        117043	2026-05-04 12:26:12	1	2	15	0
        117039	2026-05-04 12:26:14	1	2	15	0
        110513	2026-05-04 12:26:16	1	2	15	0
        110567	2026-05-04 12:26:38	1	2	15	0
        110645	2026-05-04 12:26:42	1	2	15	0
        117542	2026-05-04 12:27:32	1	2	15	0
        117121	2026-05-04 12:27:48	1	2	15	0
        118782	2026-05-04 12:27:51	1	2	15	0
        110514	2026-05-04 12:28:39	1	2	15	0
        110200	2026-05-04 12:28:41	1	2	15	0
        110512	2026-05-04 12:28:44	1	2	15	0
        110810	2026-05-04 12:28:48	1	2	15	0
        110060	2026-05-04 12:28:51	1	2	15	0
        118997	2026-05-04 12:28:55	1	2	15	0
        119475	2026-05-04 12:29:04	1	2	15	0
        110370	2026-05-04 12:29:53	1	2	15	0
        110374	2026-05-04 12:29:57	1	2	15	0
        110373	2026-05-04 12:30:02	1	2	15	0
        116799	2026-05-04 12:30:13	1	2	15	0
        116479	2026-05-04 12:30:44	1	2	15	0
        110513	2026-05-04 12:30:48	1	2	15	0
        118695	2026-05-04 12:30:50	1	2	15	0
        117085	2026-05-04 12:30:52	1	2	15	0
        117692	2026-05-04 12:30:56	1	2	15	0
        117043	2026-05-04 12:32:00	1	3	15	0
        117270	2026-05-04 12:32:05	1	3	15	0
        118640	2026-05-04 12:32:30	1	3	15	0
        118180	2026-05-04 12:32:34	1	3	15	0
        116441	2026-05-04 12:32:36	1	3	15	0
        117699	2026-05-04 12:32:44	1	3	15	0
        116828	2026-05-04 12:32:51	1	3	1	0
        117528	2026-05-04 12:32:57	1	3	15	0
        117023	2026-05-04 12:33:15	1	3	15	0
        117483	2026-05-04 12:33:39	1	3	1	0
        117966	2026-05-04 12:33:49	1	3	15	0
        117811	2026-05-04 12:33:54	1	3	15	0
        117838	2026-05-04 12:33:56	1	3	15	0
        110549	2026-05-04 12:34:03	1	3	15	0
        117121	2026-05-04 12:35:25	1	3	15	0
        118046	2026-05-04 12:36:05	1	3	15	0
        118695	2026-05-04 12:36:09	1	3	15	0
        117085	2026-05-04 12:36:10	1	3	15	0
        116472	2026-05-04 12:36:13	1	3	15	0
        119571	2026-05-04 12:36:28	1	3	15	0
        116441	2026-05-04 12:37:00	1	3	15	0
        118997	2026-05-04 12:37:13	1	3	15	0
        116741	2026-05-04 12:37:34	1	3	15	0
        117528	2026-05-04 12:37:49	1	3	15	0
        117114	2026-05-04 12:37:58	1	3	15	0
        118580	2026-05-04 12:38:54	1	3	15	0
        117966	2026-05-04 12:39:04	1	3	15	0
        117483	2026-05-04 12:39:06	1	3	15	0
        117900	2026-05-04 12:39:11	1	3	15	0
        118302	2026-05-04 12:39:14	1	3	15	0
        117811	2026-05-04 12:39:16	1	3	15	0
        117838	2026-05-04 12:39:18	1	3	15	0
        118493	2026-05-04 12:39:21	1	3	15	0
        110371	2026-05-04 12:39:26	1	3	15	0
        110197	2026-05-04 12:39:34	1	3	15	0
        117971	2026-05-04 12:39:55	1	3	15	0
        110196	2026-05-04 12:39:57	1	3	15	0
        118640	2026-05-04 12:40:37	1	3	15	0
        116492	2026-05-04 12:41:01	1	3	15	0
        117965	2026-05-04 12:41:10	1	3	15	0
        117849	2026-05-04 12:41:13	1	3	15	0
        119494	2026-05-04 12:41:17	1	3	15	0
        119157	2026-05-04 12:41:49	1	3	15	0
        117023	2026-05-04 12:42:57	1	3	15	0
        110645	2026-05-04 12:43:04	1	3	15	0
        110567	2026-05-04 12:43:10	1	3	15	0
        116492	2026-05-04 12:43:14	1	3	15	0
        110196	2026-05-04 12:43:19	1	3	15	0
        117965	2026-05-04 12:43:24	1	3	15	0
        110371	2026-05-04 12:43:32	1	3	15	0
        116828	2026-05-04 12:43:38	1	3	1	0
        117817	2026-05-04 12:43:46	1	3	15	0
        116279	2026-05-04 12:43:49	1	3	15	0
        118493	2026-05-04 12:43:54	1	3	15	0
        117900	2026-05-04 12:43:59	1	3	15	0
        110574	2026-05-04 12:44:04	1	3	15	0
        118782	2026-05-04 12:44:09	1	3	15	0
        110485	2026-05-04 12:44:11	1	3	15	0
        117644	2026-05-04 12:44:16	1	3	15	0
        110785	2026-05-04 12:44:24	1	3	15	0
        117114	2026-05-04 12:44:50	1	3	15	0
        117122	2026-05-04 12:45:01	1	3	15	0
        117224	2026-05-04 12:45:16	1	3	15	0
        110421	2026-05-04 12:45:19	1	3	15	0
        116073	2026-05-04 12:45:30	1	3	15	0
        110131	2026-05-04 12:45:39	1	3	15	0
        116346	2026-05-04 12:45:41	1	3	15	0
        117644	2026-05-04 12:45:57	1	3	15	0
        116297	2026-05-04 12:46:40	1	3	15	0
        119070	2026-05-04 12:46:58	1	3	15	0
        118455	2026-05-04 12:47:01	1	3	15	0
        119494	2026-05-04 12:47:03	1	3	15	0
        110074	2026-05-04 12:47:06	1	3	15	0
        119157	2026-05-04 12:47:10	1	3	15	0
        117849	2026-05-04 12:47:12	1	3	15	0
        110083	2026-05-04 12:47:37	1	3	15	0
        118593	2026-05-04 12:48:08	1	3	15	0
        116346	2026-05-04 12:48:14	1	3	15	0
        117694	2026-05-04 12:48:22	1	3	15	0
        117972	2026-05-04 12:48:28	1	3	15	0
        116053	2026-05-04 12:48:32	1	3	15	0
        118180	2026-05-04 12:48:47	1	3	15	0
        118580	2026-05-04 12:48:54	1	3	15	0
        110485	2026-05-04 12:48:58	1	3	15	0
        110475	2026-05-04 12:49:02	1	3	15	0
        110574	2026-05-04 12:49:07	1	3	15	0
        110053	2026-05-04 12:49:53	1	3	15	0
        110431	2026-05-04 12:50:03	1	3	15	0
        110083	2026-05-04 12:50:10	1	3	15	0
        117817	2026-05-04 12:50:15	1	3	15	0
        110475	2026-05-04 12:50:22	1	3	15	0
        117091	2026-05-04 12:50:26	1	3	15	0
        110025	2026-05-04 12:50:29	1	3	15	0
        116297	2026-05-04 12:50:36	1	3	15	0
        116166	2026-05-04 12:50:44	1	3	15	0
        116472	2026-05-04 12:51:21	1	3	15	0
        110452	2026-05-04 12:51:25	1	3	15	0
        110006	2026-05-04 12:51:36	1	3	15	0
        118867	2026-05-04 12:51:42	1	3	15	0
        116741	2026-05-04 12:52:25	1	3	15	0
        116483	2026-05-04 12:52:38	1	3	15	0
        110050	2026-05-04 12:53:03	1	3	15	0
        119070	2026-05-04 12:53:15	1	3	15	0
        110074	2026-05-04 12:53:17	1	3	15	0
        118455	2026-05-04 12:53:19	1	3	15	0
        118593	2026-05-04 12:53:27	1	3	15	0
        110006	2026-05-04 12:53:41	1	3	15	0
        110025	2026-05-04 12:53:46	1	3	15	0
        110805	2026-05-04 12:54:25	1	3	15	0
        119227	2026-05-04 12:54:27	1	3	15	0
        110050	2026-05-04 12:55:07	1	3	15	0
        110131	2026-05-04 12:55:14	1	3	15	0
        117972	2026-05-04 12:55:21	1	3	15	0
        116483	2026-05-04 12:55:46	1	3	15	0
        118867	2026-05-04 12:55:48	1	3	15	0
        117230	2026-05-04 12:57:22	1	3	15	0
        110053	2026-05-04 12:57:55	1	3	15	0
        110805	2026-05-04 12:58:21	1	3	15	0
        119227	2026-05-04 12:58:27	1	3	15	0
        117926	2026-05-04 12:58:51	1	3	15	0
        110183	2026-05-04 13:08:10	1	3	15	0
        117786	2026-05-04 13:10:50	1	3	15	0
        118917	2026-05-04 13:10:55	1	3	15	0
        110807	2026-05-04 14:12:24	1	3	15	0
        118917	2026-05-04 16:17:08	1	1	15	0
        116297	2026-05-04 17:02:40	1	1	15	0
        116479	2026-05-04 17:02:54	1	1	15	0
        117224	2026-05-04 17:04:07	1	1	15	0
        116279	2026-05-04 17:04:22	1	1	15	0
        110785	2026-05-04 17:04:42	1	1	15	0
        118180	2026-05-04 17:05:17	1	1	15	0
        110549	2026-05-04 17:05:32	1	1	15	0
        110377	2026-05-04 17:05:51	1	1	15	0
        116902	2026-05-04 17:06:39	1	1	15	0
        117043	2026-05-04 17:06:43	1	1	15	0
        110452	2026-05-04 17:08:31	1	1	15	0
        110431	2026-05-04 17:08:36	1	1	15	0
        119365	2026-05-04 17:09:14	1	1	15	0
        117930	2026-05-04 17:09:27	1	1	15	0
        110421	2026-05-04 17:09:30	1	1	15	0
        110094	2026-05-04 17:10:12	1	1	15	0
        116824	2026-05-04 17:10:41	1	1	15	0
        117236	2026-05-04 17:10:53	1	1	15	0
        117630	2026-05-04 17:12:08	1	1	15	0
        118928	2026-05-04 17:13:07	1	1	15	0
        116282	2026-05-04 17:13:17	1	1	15	0
        116129	2026-05-04 17:13:20	1	1	15	0
        110418	2026-05-04 17:14:01	1	1	15	0
        118695	2026-05-04 17:14:03	1	1	15	0
        117790	2026-05-04 17:14:10	1	1	15	0
        116472	2026-05-04 17:14:11	1	1	15	0
        117232	2026-05-04 17:14:22	1	1	15	0
        110197	2026-05-04 17:14:32	1	1	15	0
        110447	2026-05-04 17:14:45	1	1	15	0
        116763	2026-05-04 17:15:16	1	1	15	0
        118101	2026-05-04 17:15:25	1	1	15	0
        117828	2026-05-04 17:15:29	1	1	15	0
        117121	2026-05-04 17:15:55	1	1	15	0
        119493	2026-05-04 17:17:04	1	1	15	0
        116428	2026-05-04 17:17:55	1	1	15	0
        118593	2026-05-04 17:19:50	1	1	15	0
        118761	2026-05-04 17:22:12	1	1	15	0
        119272	2026-05-04 17:22:44	1	1	15	0
        117692	2026-05-04 17:24:20	1	1	15	0
        117642	2026-05-04 17:25:59	1	1	15	0
        110819	2026-05-04 17:27:16	1	1	15	0
        118563	2026-05-04 17:28:05	1	1	15	0
        117046	2026-05-04 17:28:11	1	1	15	0
        117528	2026-05-04 17:28:14	1	1	15	0
        110567	2026-05-04 17:29:03	1	1	15	0
        110817	2026-05-04 17:29:46	1	1	15	0
        110424	2026-05-04 17:29:51	1	1	15	0
        117983	2026-05-04 17:30:02	1	1	15	0
        110816	2026-05-04 17:32:49	1	1	15	0
        110820	2026-05-04 17:32:56	1	1	15	0
        110818	2026-05-04 17:33:02	1	1	15	0
        117786	2026-05-04 17:33:09	1	1	15	0
        117814	2026-05-04 17:34:54	1	1	15	0
        119365	2026-05-04 17:38:38	1	1	15	0
        117900	2026-05-04 17:39:34	1	1	15	0
        118046	2026-05-04 17:45:58	1	1	15	0
        117926	2026-05-04 17:49:01	1	1	15	0
        110373	2026-05-04 17:49:54	1	1	15	0
        110370	2026-05-04 17:50:02	1	1	15	0
        118493	2026-05-04 17:55:11	1	1	15	0
        110371	2026-05-04 17:55:18	1	1	15	0
        118782	2026-05-04 17:55:47	1	1	15	0
        110513	2026-05-04 18:01:00	1	1	15	0
        118580	2026-05-04 18:01:13	1	1	15	0
        119340	2026-05-04 18:01:55	1	1	15	0
        117483	2026-05-04 18:02:20	1	1	15	0
        110574	2026-05-04 18:02:28	1	1	15	0
        118550	2026-05-04 18:02:33	1	1	15	0
        117733	2026-05-04 18:02:58	1	1	15	0
        118829	2026-05-04 18:03:12	1	1	15	0
        116551	2026-05-04 18:03:51	1	1	15	0
        117201	2026-05-04 18:04:05	1	1	15	0
        118744	2026-05-04 18:04:15	1	1	15	0
        110527	2026-05-04 18:04:52	1	1	15	0
        110360	2026-05-04 18:04:56	1	1	15	0
        118997	2026-05-04 18:05:25	1	1	15	0
        116799	2026-05-04 18:05:31	1	1	15	0
        118750	2026-05-04 18:05:35	1	1	15	0
        116741	2026-05-04 18:05:53	1	1	15	0
        110374	2026-05-04 18:07:13	1	1	15	0
        117085	2026-05-04 18:07:18	1	1	15	0
        116748	2026-05-04 18:07:35	1	1	15	0
        110809	2026-05-04 18:07:51	1	1	15	0
        110074	2026-05-04 18:07:56	1	1	15	0
        118455	2026-05-04 18:07:58	1	1	15	0
        117837	2026-05-04 18:08:01	1	1	15	0
        117770	2026-05-04 18:08:03	1	1	15	0
        117966	2026-05-04 18:08:05	1	1	15	0
        119070	2026-05-04 18:08:09	1	1	15	0
        117591	2026-05-04 18:08:13	1	1	15	0
        110493	2026-05-04 18:08:16	1	1	15	0
        110808	2026-05-04 18:08:19	1	1	15	0
        110195	2026-05-04 18:08:44	1	1	15	0
        117088	2026-05-04 18:08:50	1	1	15	0
        117811	2026-05-04 18:09:10	1	1	15	0
        118640	2026-05-04 18:09:38	1	1	15	0
        117042	2026-05-04 18:10:42	1	1	15	0
        116451	2026-05-04 18:10:46	1	1	15	0
        118221	2026-05-04 18:12:56	1	1	15	0
        117971	2026-05-04 18:13:35	1	1	15	0
        117497	2026-05-04 18:14:24	1	1	15	0
        110051	2026-05-04 18:15:53	1	1	15	0
        110485	2026-05-04 18:16:06	1	1	15	0
        117644	2026-05-04 18:16:15	1	1	15	0
        118971	2026-05-04 18:16:55	1	1	15	0
        116747	2026-05-04 18:17:25	1	1	15	0
        110510	2026-05-04 18:17:46	1	1	15	0
        116337	2026-05-04 18:18:33	1	1	15	0
        116492	2026-05-04 18:18:40	1	1	15	0
        110475	2026-05-04 18:19:37	1	1	15	0
        117982	2026-05-04 18:20:05	1	1	15	0
        117921	2026-05-04 18:20:17	1	1	15	0
        116142	2026-05-04 18:20:19	1	1	15	0
        117120	2026-05-04 18:21:11	1	1	15	0
        110378	2026-05-04 18:21:16	1	1	15	0
        110512	2026-05-04 18:21:37	1	1	15	0
        119365	2026-05-04 18:23:06	1	1	15	0
        110511	2026-05-04 18:23:15	1	1	15	0
        117091	2026-05-04 18:23:42	1	1	15	0
        117114	2026-05-04 18:24:26	1	1	15	0
        110495	2026-05-04 18:25:08	1	1	15	0
        110462	2026-05-04 18:25:21	1	1	15	0
        117921	2026-05-04 18:25:39	1	1	15	0
        118992	2026-05-04 18:26:30	1	1	15	0
        119535	2026-05-04 18:26:34	1	1	15	0
        117341	2026-05-04 18:27:17	1	1	15	0
        116537	2026-05-04 18:27:18	1	1	15	0
        110430	2026-05-04 18:27:21	1	1	15	0
        116274	2026-05-04 18:28:13	1	1	15	0
        116346	2026-05-04 18:28:40	1	1	15	0
        117849	2026-05-04 18:28:53	1	1	15	0
        119494	2026-05-04 18:28:57	1	1	15	0
        116383	2026-05-04 18:30:05	1	1	15	0
        110514	2026-05-04 18:30:40	1	1	15	0
        110053	2026-05-04 18:32:08	1	1	15	0
        119449	2026-05-04 18:32:33	1	1	15	0
        110581	2026-05-04 18:33:35	1	1	15	0
        110580	2026-05-04 18:33:39	1	1	15	0
        110732	2026-05-04 18:33:43	1	1	15	0
        119157	2026-05-04 18:34:46	1	1	15	0
        117680	2026-05-04 18:34:57	1	1	15	0
        118043	2026-05-04 18:35:52	1	1	15	0
        118702	2026-05-04 18:36:01	1	1	15	0
        117529	2026-05-04 18:36:09	1	1	15	0
        118414	2026-05-04 18:36:14	1	1	15	0
        116751	2026-05-04 18:36:22	1	1	15	0
        116512	2026-05-04 18:36:24	1	1	15	0
        110356	2026-05-04 18:36:45	1	1	15	0
        110070	2026-05-04 18:40:48	1	1	15	0
        117769	2026-05-04 18:43:56	1	1	15	0
        117838	2026-05-04 18:43:58	1	1	15	0
        110128	2026-05-04 18:44:13	1	1	15	0
        116497	2026-05-04 18:45:29	1	1	15	0
        110457	2026-05-04 18:45:31	1	1	15	0
        117694	2026-05-04 18:46:44	1	1	15	0
        110116	2026-05-04 18:46:50	1	1	15	0
        117129	2026-05-04 18:46:55	1	1	15	0
        119594	2026-05-04 18:47:02	1	1	15	0
        117807	2026-05-04 18:47:07	1	1	15	0
        110083	2026-05-04 18:48:00	1	1	15	0
        110357	2026-05-04 18:48:05	1	1	15	0
        110456	2026-05-04 18:48:09	1	1	15	0
        110538	2026-05-04 18:48:16	1	1	15	0
        117567	2026-05-04 18:49:03	1	1	15	0
        110032	2026-05-04 18:50:07	1	1	15	0
        110355	2026-05-04 18:50:33	1	1	15	0
        118458	2026-05-04 18:50:42	1	1	15	0
        110632	2026-05-04 18:50:48	1	1	15	0
        110805	2026-05-04 18:51:11	1	1	15	0
        110810	2026-05-04 18:51:18	1	1	15	0
        110807	2026-05-04 18:51:43	1	1	15	0
        110201	2026-05-04 18:51:55	1	1	15	0
        117039	2026-05-04 18:53:06	1	1	15	0
        116356	2026-05-04 18:53:09	1	1	15	0
        117660	2026-05-04 18:53:12	1	1	15	0
        117635	2026-05-04 18:53:14	1	1	15	0
        119263	2026-05-04 18:53:54	1	1	15	0
        110084	2026-05-04 18:53:59	1	1	15	0
        116252	2026-05-04 18:54:02	1	1	15	0
        117707	2026-05-04 18:54:05	1	1	15	0
        116787	2026-05-04 18:54:32	1	1	15	0
        117969	2026-05-04 18:54:35	1	1	15	0
        110393	2026-05-04 18:54:38	1	1	15	0
        110413	2026-05-04 18:54:40	1	1	15	0
        117144	2026-05-04 18:54:48	1	1	15	0
        119475	2026-05-04 18:55:02	1	1	15	0
        116483	2026-05-04 18:55:42	1	1	15	0
        117616	2026-05-04 18:56:26	1	1	15	0
        116073	2026-05-04 18:59:47	1	1	15	0
        110465	2026-05-04 19:00:06	1	1	15	0
        110463	2026-05-04 19:00:09	1	1	15	0
        117122	2026-05-04 19:00:14	1	1	15	0
        117543	2026-05-04 19:00:17	1	1	15	0
        117817	2026-05-04 19:00:56	1	1	15	0
        110060	2026-05-04 19:01:05	1	1	15	0
        110535	2026-05-04 19:01:17	1	1	15	0
        118427	2026-05-04 19:01:39	1	1	15	0
        116493	2026-05-04 19:01:45	1	1	15	0
        116778	2026-05-04 19:01:47	1	1	15	0
        119282	2026-05-04 19:01:51	1	1	15	0
        117723	2026-05-04 19:02:16	1	1	15	0
        117162	2026-05-04 19:02:20	1	1	15	0
        117061	2026-05-04 19:02:24	1	1	15	0
        117487	2026-05-04 19:02:26	1	1	15	0
        116477	2026-05-04 19:02:28	1	1	15	0
        118302	2026-05-04 19:02:31	1	1	15	0
        117196	2026-05-04 19:02:49	1	1	15	0
        116849	2026-05-04 19:03:05	1	1	15	0
        119571	2026-05-04 19:03:29	1	1	15	0
        119227	2026-05-04 19:03:34	1	1	15	0
        116828	2026-05-04 19:04:16	1	1	1	0
        110131	2026-05-04 19:04:22	1	1	15	0
        117230	2026-05-04 19:04:40	1	1	15	0
        117924	2026-05-04 19:04:41	1	1	15	0
        117981	2026-05-04 19:04:43	1	1	15	0
        116072	2026-05-04 19:04:46	1	1	15	0
        116805	2026-05-04 19:04:50	1	1	15	0
        118369	2026-05-04 19:04:52	1	1	15	0
        116260	2026-05-04 19:04:53	1	1	15	0
        119107	2026-05-04 19:05:07	1	1	15	0
        116070	2026-05-04 19:05:11	1	1	1	0
        116990	2026-05-04 19:05:18	1	1	15	0
        118862	2026-05-04 19:05:38	1	1	15	0
        110077	2026-05-04 19:05:56	1	1	15	0
        117270	2026-05-04 19:06:47	1	1	15	0
        117023	2026-05-04 19:07:31	1	1	15	0
        117684	2026-05-04 19:08:37	1	1	15	0
        110050	2026-05-04 19:08:40	1	1	15	0
        110196	2026-05-04 19:08:43	1	1	15	0
        110645	2026-05-04 19:08:47	1	1	15	0
        117965	2026-05-04 19:08:50	1	1	15	0
        118584	2026-05-04 19:08:52	1	1	15	0
        110372	2026-05-04 19:09:08	1	1	15	0
        117999	2026-05-04 19:09:11	1	1	15	0
        116831	2026-05-04 19:10:48	1	1	15	0
        117972	2026-05-04 19:11:58	1	1	15	0
        117742	2026-05-04 19:14:04	1	1	15	0
        118867	2026-05-04 19:14:28	1	1	15	0
        116441	2026-05-04 19:15:20	1	1	15	0
        117110	2026-05-04 19:15:23	1	1	15	0
        116053	2026-05-04 19:15:26	1	1	15	0
        119364	2026-05-04 19:16:23	1	1	15	0
        110093	2026-05-04 19:17:20	1	1	15	0
        117542	2026-05-04 19:19:20	1	1	15	0
        119602	2026-05-04 19:21:23	1	1	15	0
        116166	2026-05-04 19:21:50	1	1	15	0
        116995	2026-05-04 19:22:06	1	1	15	0
        110055	2026-05-04 19:24:10	1	1	15	0
        116069	2026-05-04 19:29:30	1	1	15	0
        110025	2026-05-04 19:29:31	1	1	15	0
        110090	2026-05-04 19:32:11	1	1	15	0
        117699	2026-05-04 19:38:39	1	1	15	0
        119104	2026-05-04 19:51:35	1	1	15	0
        116835	2026-05-04 19:51:43	1	1	15	0
        110183	2026-05-04 19:51:48	1	1	15	0
        110200	2026-05-04 19:52:28	1	1	15	0
        110006	2026-05-04 20:18:06	1	1	15	0
        117201	2026-05-05 04:50:16	1	0	15	0
        119571	2026-05-05 05:51:25	1	0	15	0
        110093	2026-05-05 06:13:29	1	0	15	0
        110051	2026-05-05 06:14:00	1	0	15	0
        116831	2026-05-05 06:15:07	1	0	15	0
        117840	2026-05-05 06:26:29	1	0	15	0
        110810	2026-05-05 06:28:37	1	0	15	0
        110809	2026-05-05 06:31:48	1	0	15	0
        118992	2026-05-05 06:34:40	1	0	15	0
        118414	2026-05-05 06:34:44	1	0	15	0
        117120	2026-05-05 06:36:36	1	0	15	0
        116799	2026-05-05 06:37:41	1	0	15	0
        117999	2026-05-05 06:38:07	1	0	15	0
        110732	2026-05-05 06:38:12	1	0	15	0
        110131	2026-05-05 06:38:47	1	0	15	0
        110432	2026-05-05 06:38:51	1	0	15	0
        118750	2026-05-05 06:40:44	1	0	15	0
        119070	2026-05-05 06:43:37	1	0	15	0
        116073	2026-05-05 06:46:08	1	0	15	0
        110819	2026-05-05 06:46:12	1	0	15	0
        110493	2026-05-05 06:46:47	1	0	15	0
        117054	2026-05-05 06:48:08	1	0	15	0
        118744	2026-05-05 06:50:25	1	0	15	0
        117635	2026-05-05 06:51:10	1	0	15	0
        116232	2026-05-05 06:52:26	1	0	15	0
        110580	2026-05-05 06:54:11	1	0	15	0
        110645	2026-05-05 06:54:38	1	0	15	0
        116747	2026-05-05 06:54:48	1	0	15	0
        110535	2026-05-05 06:55:17	1	0	15	0
        117591	2026-05-05 06:55:21	1	0	15	0
        117733	2026-05-05 06:56:35	1	0	15	0
        110527	2026-05-05 06:57:05	1	0	15	0
        110456	2026-05-05 06:58:11	1	0	15	0
        117839	2026-05-05 06:58:16	1	0	15	0
        116346	2026-05-05 06:58:27	1	0	15	0
        117837	2026-05-05 06:58:37	1	0	15	0
        117838	2026-05-05 06:58:53	1	0	15	0
        110113	2026-05-05 06:59:19	1	0	15	0
        110465	2026-05-05 06:59:33	1	0	15	0
        118997	2026-05-05 06:59:40	1	0	15	0
        110462	2026-05-05 07:02:09	1	0	15	0
        117811	2026-05-05 07:02:43	1	0	15	0
        117129	2026-05-05 07:03:09	1	0	15	0
        110060	2026-05-05 07:03:52	1	0	15	0
        110549	2026-05-05 07:03:58	1	0	15	0
        110510	2026-05-05 07:04:02	1	0	15	0
        110807	2026-05-05 07:04:33	1	0	15	0
        117497	2026-05-05 07:04:39	1	0	15	0
        110378	2026-05-05 07:05:04	1	0	15	0
        117230	2026-05-05 07:06:02	1	0	15	0
        110511	2026-05-05 07:06:04	1	0	15	0
        117023	2026-05-05 07:06:31	1	0	15	0
        117900	2026-05-05 07:06:36	1	0	15	0
        110817	2026-05-05 07:06:40	1	0	15	0
        118584	2026-05-05 07:07:33	1	0	15	0
        118580	2026-05-05 07:08:24	1	0	15	0
        118455	2026-05-05 07:08:32	1	0	15	0
        110581	2026-05-05 07:08:37	1	0	15	0
        117770	2026-05-05 07:10:12	1	0	1	0
        117487	2026-05-05 07:10:18	1	0	15	0
        110128	2026-05-05 07:10:23	1	0	15	0
        118640	2026-05-05 07:10:42	1	0	15	0
        117694	2026-05-05 07:11:12	1	0	15	0
        110808	2026-05-05 07:11:17	1	0	15	0
        116479	2026-05-05 07:11:32	1	0	15	0
        110357	2026-05-05 07:13:00	1	0	15	0
        117103	2026-05-05 07:13:04	1	0	15	0
        118550	2026-05-05 07:13:21	1	0	15	0
        110360	2026-05-05 07:13:25	1	0	15	0
        110475	2026-05-05 07:14:11	1	0	15	0
        117039	2026-05-05 07:14:17	1	0	15	0
        117114	2026-05-05 07:14:32	1	0	15	0
        117232	2026-05-05 07:14:39	1	0	15	0
        116142	2026-05-05 07:14:51	1	0	15	0
        117849	2026-05-05 07:14:54	1	0	15	0
        117042	2026-05-05 07:15:28	1	0	15	0
        116451	2026-05-05 07:15:31	1	0	15	0
        110074	2026-05-05 07:15:41	1	0	15	0
        116828	2026-05-05 07:15:50	1	0	1	0
        117337	2026-05-05 07:16:48	1	0	15	0
        116129	2026-05-05 07:16:52	1	0	15	0
        117921	2026-05-05 07:17:07	1	0	15	0
        116493	2026-05-05 07:18:38	1	0	15	0
        116741	2026-05-05 07:18:48	1	0	15	0
        116483	2026-05-05 07:19:53	1	0	15	0
        118046	2026-05-05 07:19:55	1	0	15	0
        118101	2026-05-05 07:20:04	1	0	15	0
        119263	2026-05-05 07:20:15	1	0	15	0
        117077	2026-05-05 07:20:23	1	0	15	0
        116453	2026-05-05 07:20:27	1	0	15	0
        117483	2026-05-05 07:20:45	1	0	15	0
        110430	2026-05-05 07:21:49	1	0	15	0
        117642	2026-05-05 07:22:52	1	0	15	0
        118695	2026-05-05 07:23:10	1	0	15	0
        119364	2026-05-05 07:23:12	1	0	15	0
        119107	2026-05-05 07:23:18	1	0	15	0
        110785	2026-05-05 07:24:02	1	0	15	0
        110574	2026-05-05 07:24:23	1	0	15	0
        110538	2026-05-05 07:24:26	1	0	15	0
        110457	2026-05-05 07:25:08	1	0	15	0
        117110	2026-05-05 07:26:16	1	0	15	0
        110116	2026-05-05 07:26:43	1	0	15	0
        110447	2026-05-05 07:26:49	1	0	15	0
        116763	2026-05-05 07:27:32	1	0	15	0
        117088	2026-05-05 07:27:54	1	0	15	0
        117982	2026-05-05 07:28:59	1	0	15	0
        117769	2026-05-05 07:29:01	1	0	15	0
        117680	2026-05-05 07:29:06	1	0	15	0
        118971	2026-05-05 07:30:33	1	0	15	0
        110025	2026-05-05 07:30:50	1	0	15	0
        117814	2026-05-05 07:31:02	1	0	15	0
        118043	2026-05-05 07:31:34	1	0	15	0
        117196	2026-05-05 07:32:13	1	0	15	0
        118732	2026-05-05 07:33:31	1	0	15	0
        116512	2026-05-05 07:33:35	1	0	15	0
        116751	2026-05-05 07:33:37	1	0	15	0
        110424	2026-05-05 07:33:38	1	0	15	0
        119157	2026-05-05 07:33:40	1	0	15	0
        116453	2026-05-05 07:33:54	1	0	15	0
        110100	2026-05-05 07:34:45	1	0	15	0
        110371	2026-05-05 07:34:51	1	0	15	0
        110355	2026-05-05 07:34:55	1	0	15	0
        110356	2026-05-05 07:34:57	1	0	15	0
        118458	2026-05-05 07:35:14	1	0	15	0
        117144	2026-05-05 07:35:36	1	0	15	0
        110495	2026-05-05 07:35:55	1	0	15	0
        117924	2026-05-05 07:36:59	1	0	15	0
        110070	2026-05-05 07:37:23	1	0	15	0
        118369	2026-05-05 07:39:05	1	0	15	0
        117162	2026-05-05 07:39:24	1	0	15	0
        116274	2026-05-05 07:39:51	1	0	15	0
        117723	2026-05-05 07:39:59	1	0	15	0
        110463	2026-05-05 07:40:24	1	0	15	0
        118427	2026-05-05 07:40:28	1	0	15	0
        117969	2026-05-05 07:40:32	1	0	15	0
        117543	2026-05-05 07:40:38	1	0	15	0
        116356	2026-05-05 07:40:42	1	0	15	0
        117965	2026-05-05 07:40:48	1	0	15	0
        116095	2026-05-05 07:41:05	1	0	15	0
        110421	2026-05-05 07:41:47	1	0	15	0
        119449	2026-05-05 07:42:15	1	0	15	0
        117542	2026-05-05 07:42:37	1	0	15	0
        110077	2026-05-05 07:42:40	1	0	15	0
        117270	2026-05-05 07:42:43	1	0	15	0
        117061	2026-05-05 07:42:59	1	0	15	0
        110485	2026-05-05 07:43:07	1	0	15	0
        116053	2026-05-05 07:43:30	1	0	15	0
        116383	2026-05-05 07:45:07	1	0	15	0
        117699	2026-05-05 07:45:09	1	0	15	0
        110050	2026-05-05 07:45:26	1	0	15	0
        116252	2026-05-05 07:45:33	1	0	15	0
        119493	2026-05-05 07:45:41	1	0	15	0
        117742	2026-05-05 07:45:46	1	0	15	0
        110431	2026-05-05 07:45:53	1	0	15	0
        117541	2026-05-05 07:46:12	1	0	15	0
        116497	2026-05-05 07:46:13	1	0	15	0
        110816	2026-05-05 07:47:31	1	0	15	0
        110413	2026-05-05 07:48:58	1	0	15	0
        117660	2026-05-05 07:49:11	1	0	15	0
        110172	2026-05-05 07:49:49	1	0	15	0
        116477	2026-05-05 07:49:55	1	0	15	0
        116990	2026-05-05 07:50:04	1	0	15	0
        110567	2026-05-05 07:50:34	1	0	15	0
        116282	2026-05-05 07:51:08	1	0	15	0
        110456	2026-05-05 07:51:10	1	0	15	0
        110062	2026-05-05 07:51:11	1	0	15	0
        119594	2026-05-05 07:51:14	1	0	15	0
        118593	2026-05-05 07:52:02	1	0	15	0
        110372	2026-05-05 07:52:07	1	0	15	0
        117567	2026-05-05 07:52:15	1	0	15	0
        110418	2026-05-05 07:52:34	1	0	15	0
        117236	2026-05-05 07:53:06	1	0	15	0
        110657	2026-05-05 07:53:08	1	0	15	0
        117828	2026-05-05 07:53:36	1	0	15	0
        117529	2026-05-05 07:53:42	1	0	15	0
        117833	2026-05-05 07:54:02	1	0	15	0
        116260	2026-05-05 07:55:08	1	0	15	0
        110196	2026-05-05 07:55:13	1	0	15	0
        117981	2026-05-05 07:55:16	1	0	15	0
        110506	2026-05-05 07:55:19	1	0	15	0
        117224	2026-05-05 07:55:28	1	0	15	0
        110377	2026-05-05 07:55:31	1	0	15	0
        116805	2026-05-05 07:55:48	1	0	15	0
        110201	2026-05-05 07:55:59	1	0	15	0
        117817	2026-05-05 07:56:46	1	0	15	0
        117684	2026-05-05 07:57:06	1	0	15	0
        116297	2026-05-05 07:57:12	1	0	15	0
        116072	2026-05-05 07:57:49	1	0	15	0
        117790	2026-05-05 07:57:56	1	0	15	0
        117971	2026-05-05 07:58:00	1	0	15	0
        117786	2026-05-05 07:58:04	1	0	15	0
        110511	2026-05-05 07:58:09	1	0	15	0
        117616	2026-05-05 07:58:17	1	0	15	0
        119272	2026-05-05 07:58:24	1	0	15	0
        110393	2026-05-05 07:58:41	1	0	15	0
        117122	2026-05-05 07:58:52	1	0	15	0
        117926	2026-05-05 07:59:29	1	0	15	0
        110452	2026-05-05 07:59:43	1	0	15	0
        117807	2026-05-05 07:59:54	1	0	15	0
        117930	2026-05-05 08:00:07	1	0	15	0
        119602	2026-05-05 08:00:17	1	0	15	0
        116995	2026-05-05 08:01:04	1	0	15	0
        110183	2026-05-05 08:01:49	1	0	15	0
        117111	2026-05-05 08:02:17	1	0	15	0
        116070	2026-05-05 08:03:16	1	0	15	0
        110805	2026-05-05 08:03:43	1	0	15	0
        119227	2026-05-05 08:03:50	1	0	15	0
        116279	2026-05-05 08:04:07	1	0	15	0
        119282	2026-05-05 08:04:39	1	0	15	0
        110200	2026-05-05 08:05:09	1	0	15	0
        116441	2026-05-05 08:05:32	1	0	15	0
        119535	2026-05-05 08:05:59	1	0	15	0
        118180	2026-05-05 08:07:35	1	0	15	0
        118928	2026-05-05 08:09:18	1	0	15	0
        117630	2026-05-05 08:11:56	1	0	15	0
        110055	2026-05-05 08:16:15	1	0	15	0
        117841	2026-05-05 08:18:44	1	0	15	0
        117100	2026-05-05 08:21:00	1	0	15	0
        116069	2026-05-05 08:34:04	1	0	15	0
        117645	2026-05-05 08:56:42	1	0	15	0
        117091	2026-05-05 09:48:01	1	0	15	0
        118702	2026-05-05 11:25:12	1	2	15	0
        116995	2026-05-05 12:00:37	1	2	15	0
        117837	2026-05-05 12:00:40	1	2	15	0
        117224	2026-05-05 12:00:42	1	2	15	0
        110465	2026-05-05 12:00:46	1	2	15	0
        117770	2026-05-05 12:00:46	1	2	15	0
        117930	2026-05-05 12:00:49	1	2	15	0
        116069	2026-05-05 12:00:51	1	2	15	0
        110452	2026-05-05 12:00:52	1	2	15	0
        110807	2026-05-05 12:00:55	1	2	15	0
        117926	2026-05-05 12:00:56	1	2	15	0
        117630	2026-05-05 12:00:59	1	2	15	0
        116477	2026-05-05 12:01:01	1	2	15	0
        118101	2026-05-05 12:01:04	1	2	15	0
        117828	2026-05-05 12:01:05	1	2	15	0
        117100	2026-05-05 12:01:09	1	2	15	0
        110424	2026-05-05 12:01:09	1	2	15	0
        119107	2026-05-05 12:01:16	1	2	15	0
        110113	2026-05-05 12:01:19	1	2	15	0
        117833	2026-05-05 12:01:22	1	2	15	0
        117497	2026-05-05 12:01:24	1	2	15	0
        110463	2026-05-05 12:01:28	1	2	15	0
        110510	2026-05-05 12:01:30	1	2	15	0
        116279	2026-05-05 12:01:32	1	2	15	0
        110360	2026-05-05 12:01:34	1	2	15	0
        110527	2026-05-05 12:01:37	1	2	15	0
        110418	2026-05-05 12:01:39	1	2	15	0
        116763	2026-05-05 12:01:46	1	2	15	0
        117042	2026-05-05 12:01:48	1	2	15	0
        116451	2026-05-05 12:01:50	1	2	15	0
        117790	2026-05-05 12:01:52	1	2	15	0
        110538	2026-05-05 12:01:53	1	2	15	0
        110172	2026-05-05 12:01:56	1	2	15	0
        117232	2026-05-05 12:01:59	1	2	15	0
        119535	2026-05-05 12:02:02	1	2	15	0
        117054	2026-05-05 12:02:04	1	2	15	0
        117201	2026-05-05 12:02:07	1	2	15	0
        116252	2026-05-05 12:02:09	1	2	15	0
        117543	2026-05-05 12:02:13	1	2	15	0
        117723	2026-05-05 12:02:36	1	2	15	0
        117236	2026-05-05 12:02:39	1	2	15	0
        117196	2026-05-05 12:03:03	1	2	15	0
        110462	2026-05-05 12:03:09	1	2	15	0
        117039	2026-05-05 12:03:13	1	2	15	0
        110549	2026-05-05 12:03:21	1	2	15	0
        117567	2026-05-05 12:03:31	1	2	15	0
        118750	2026-05-05 12:03:35	1	2	15	0
        110377	2026-05-05 12:03:44	1	2	15	0
        118101	2026-05-05 12:03:49	1	2	15	0
        110424	2026-05-05 12:03:52	1	2	15	0
        117828	2026-05-05 12:03:55	1	2	15	0
        117100	2026-05-05 12:03:56	1	2	15	0
        117833	2026-05-05 12:03:58	1	2	15	0
        117930	2026-05-05 12:04:00	1	2	15	0
        116232	2026-05-05 12:04:08	1	2	15	0
        110816	2026-05-05 12:04:15	1	2	15	0
        116069	2026-05-05 12:04:19	1	2	15	0
        116995	2026-05-05 12:04:25	1	2	15	0
        110183	2026-05-05 12:04:49	1	2	15	0
        117542	2026-05-05 12:04:56	1	2	15	0
        117630	2026-05-05 12:05:01	1	2	15	0
        110421	2026-05-05 12:05:04	1	2	15	0
        119107	2026-05-05 12:05:12	1	2	15	0
        117926	2026-05-05 12:05:15	1	2	15	0
        117742	2026-05-05 12:05:17	1	2	15	0
        118702	2026-05-05 12:05:20	1	2	15	0
        117054	2026-05-05 12:05:23	1	2	15	0
        110355	2026-05-05 12:05:25	1	2	15	0
        110356	2026-05-05 12:05:27	1	2	15	0
        110357	2026-05-05 12:05:29	1	2	15	0
        110128	2026-05-05 12:05:33	1	2	15	0
        110116	2026-05-05 12:05:40	1	2	15	0
        118928	2026-05-05 12:05:44	1	2	15	0
        116129	2026-05-05 12:05:46	1	2	15	0
        116279	2026-05-05 12:06:01	1	2	15	0
        117529	2026-05-05 12:06:02	1	2	15	0
        116477	2026-05-05 12:06:05	1	2	15	0
        110493	2026-05-05 12:06:07	1	2	15	0
        110495	2026-05-05 12:06:09	1	2	15	0
        110657	2026-05-05 12:06:11	1	2	15	0
        117196	2026-05-05 12:06:13	1	2	15	0
        110055	2026-05-05 12:06:23	1	2	15	0
        116990	2026-05-05 12:06:25	1	2	15	0
        119594	2026-05-05 12:06:28	1	2	15	0
        117807	2026-05-05 12:06:30	1	2	15	0
        117770	2026-05-05 12:06:34	1	2	15	0
        117837	2026-05-05 12:06:36	1	2	15	0
        117230	2026-05-05 12:06:41	1	2	15	0
        116451	2026-05-05 12:06:43	1	2	15	0
        116741	2026-05-05 12:06:45	1	2	15	0
        117042	2026-05-05 12:06:49	1	2	15	0
        110172	2026-05-05 12:07:05	1	2	15	0
        110060	2026-05-05 12:07:14	1	2	15	0
        110062	2026-05-05 12:07:18	1	2	15	0
        110070	2026-05-05 12:07:20	1	2	15	0
        118043	2026-05-05 12:07:22	1	2	15	0
        110810	2026-05-05 12:07:26	1	2	15	0
        116282	2026-05-05 12:07:29	1	2	15	0
        117567	2026-05-05 12:07:32	1	2	15	0
        110360	2026-05-05 12:07:38	1	2	15	0
        110527	2026-05-05 12:07:43	1	2	15	0
        119594	2026-05-05 12:07:49	1	2	15	0
        110463	2026-05-05 12:08:09	1	2	15	0
        110510	2026-05-05 12:08:11	1	2	15	0
        117680	2026-05-05 12:08:11	1	2	15	0
        117201	2026-05-05 12:08:23	1	2	15	0
        110183	2026-05-05 12:08:28	1	2	15	0
        110807	2026-05-05 12:08:30	1	2	15	0
        119263	2026-05-05 12:08:31	1	2	15	0
        110465	2026-05-05 12:08:39	1	2	15	0
        117497	2026-05-05 12:08:41	1	2	15	0
        110511	2026-05-05 12:08:43	1	2	15	0
        117969	2026-05-05 12:08:45	1	2	15	0
        110393	2026-05-05 12:08:50	1	2	15	0
        110418	2026-05-05 12:08:56	1	2	15	0
        116763	2026-05-05 12:09:01	1	2	15	0
        110431	2026-05-05 12:09:04	1	2	15	0
        118458	2026-05-05 12:09:10	1	2	15	0
        117742	2026-05-05 12:09:14	1	2	15	0
        116990	2026-05-05 12:09:17	1	2	15	0
        117807	2026-05-05 12:09:19	1	2	15	0
        116070	2026-05-05 12:09:22	1	2	15	0
        118744	2026-05-05 12:09:23	1	2	15	0
        110785	2026-05-05 12:09:25	1	2	15	0
        117542	2026-05-05 12:09:29	1	2	15	0
        117543	2026-05-05 12:09:38	1	2	15	0
        116252	2026-05-05 12:09:41	1	2	15	0
        117642	2026-05-05 12:09:46	1	2	15	0
        110413	2026-05-05 12:09:48	1	2	15	0
        118550	2026-05-05 12:09:57	1	2	15	0
        117723	2026-05-05 12:10:03	1	2	15	0
        118917	2026-05-05 12:10:05	1	2	15	0
        110356	2026-05-05 12:10:07	1	2	15	0
        110355	2026-05-05 12:10:09	1	2	15	0
        110357	2026-05-05 12:10:11	1	2	15	0
        110816	2026-05-05 12:10:13	1	2	15	0
        117733	2026-05-05 12:10:17	1	2	15	0
        117144	2026-05-05 12:10:20	1	2	15	0
        110378	2026-05-05 12:10:22	1	2	15	0
        117999	2026-05-05 12:10:24	1	2	15	0
        119535	2026-05-05 12:10:30	1	2	15	0
        116274	2026-05-05 12:10:41	1	2	15	0
        117616	2026-05-05 12:10:43	1	2	15	0
        118992	2026-05-05 12:10:45	1	2	15	0
        117230	2026-05-05 12:10:55	1	2	15	0
        110430	2026-05-05 12:11:01	1	2	15	0
        116232	2026-05-05 12:11:17	1	2	15	0
        116741	2026-05-05 12:11:22	1	2	15	0
        117122	2026-05-05 12:11:24	1	2	15	0
        110462	2026-05-05 12:11:30	1	2	15	0
        117694	2026-05-05 12:11:54	1	2	15	0
        117969	2026-05-05 12:12:02	1	2	15	0
        118744	2026-05-05 12:12:05	1	2	15	0
        110495	2026-05-05 12:12:07	1	2	15	0
        110657	2026-05-05 12:12:09	1	2	15	0
        110493	2026-05-05 12:12:11	1	2	15	0
        117162	2026-05-05 12:12:13	1	2	15	0
        110372	2026-05-05 12:12:16	1	2	15	0
        110200	2026-05-05 12:12:19	1	2	15	0
        119263	2026-05-05 12:12:24	1	2	15	0
        110070	2026-05-05 12:12:27	1	2	15	0
        110062	2026-05-05 12:12:31	1	2	15	0
        117114	2026-05-05 12:12:54	1	2	15	0
        110055	2026-05-05 12:13:11	1	2	15	0
        110732	2026-05-05 12:13:16	1	2	15	0
        110051	2026-05-05 12:13:22	1	2	15	0
        110581	2026-05-05 12:13:25	1	2	15	0
        110580	2026-05-05 12:13:25	1	2	15	0
        117699	2026-05-05 12:13:46	1	2	15	0
        110819	2026-05-05 12:13:50	1	2	15	0
        118971	2026-05-05 12:13:55	1	2	15	0
        110456	2026-05-05 12:13:58	1	2	15	0
        110116	2026-05-05 12:14:03	1	2	15	0
        118928	2026-05-05 12:14:07	1	2	15	0
        116282	2026-05-05 12:14:10	1	2	15	0
        116129	2026-05-05 12:14:11	1	2	15	0
        110084	2026-05-05 12:14:13	1	2	15	0
        118580	2026-05-05 12:14:16	1	2	15	0
        118180	2026-05-05 12:14:18	1	2	15	0
        117999	2026-05-05 12:14:21	1	2	15	0
        116493	2026-05-05 12:14:26	1	2	15	0
        117077	2026-05-05 12:14:28	1	2	15	0
        116751	2026-05-05 12:14:30	1	2	15	0
        110430	2026-05-05 12:14:36	1	2	15	0
        116512	2026-05-05 12:14:38	1	2	15	0
        117023	2026-05-05 12:14:42	1	2	15	0
        116095	2026-05-05 12:14:46	1	2	15	0
        118550	2026-05-05 12:14:49	1	2	15	0
        117733	2026-05-05 12:14:51	1	2	15	0
        110371	2026-05-05 12:14:51	1	2	15	0
        110372	2026-05-05 12:15:02	1	2	15	0
        110200	2026-05-05 12:15:06	1	2	15	0
        117088	2026-05-05 12:15:08	1	2	15	0
        110077	2026-05-05 12:15:11	1	2	15	0
        118732	2026-05-05 12:15:14	1	2	15	0
        110084	2026-05-05 12:15:31	1	2	15	0
        117786	2026-05-05 12:15:40	1	2	15	0
        118458	2026-05-05 12:15:43	1	2	15	0
        118043	2026-05-05 12:15:45	1	2	15	0
        110431	2026-05-05 12:16:01	1	2	15	0
        116274	2026-05-05 12:16:03	1	2	15	0
        119272	2026-05-05 12:16:41	1	2	15	0
        110128	2026-05-05 12:16:48	1	2	15	0
        110817	2026-05-05 12:16:52	1	2	15	0
        110051	2026-05-05 12:17:08	1	2	15	0
        117841	2026-05-05 12:17:25	1	2	15	0
        116483	2026-05-05 12:17:30	1	2	15	0
        116072	2026-05-05 12:17:32	1	2	15	0
        116497	2026-05-05 12:17:34	1	2	15	0
        116260	2026-05-05 12:17:37	1	2	15	0
        117541	2026-05-05 12:17:38	1	2	15	0
        118732	2026-05-05 12:17:41	1	2	15	0
        117077	2026-05-05 12:17:43	1	2	15	0
        116493	2026-05-05 12:17:45	1	2	15	0
        117924	2026-05-05 12:17:46	1	2	15	0
        110457	2026-05-05 12:17:47	1	2	15	0
        110808	2026-05-05 12:17:50	1	2	15	0
        110456	2026-05-05 12:17:52	1	2	15	0
        117840	2026-05-05 12:17:54	1	2	15	0
        117645	2026-05-05 12:17:56	1	2	15	0
        110819	2026-05-05 12:17:57	1	2	15	0
        110378	2026-05-05 12:18:06	1	2	15	0
        118992	2026-05-05 12:18:22	1	2	15	0
        117694	2026-05-05 12:18:32	1	2	15	0
        117023	2026-05-05 12:18:44	1	2	15	0
        116095	2026-05-05 12:18:48	1	2	15	0
        117162	2026-05-05 12:18:54	1	2	15	0
        117483	2026-05-05 12:18:56	1	2	15	0
        116142	2026-05-05 12:18:58	1	2	15	0
        117839	2026-05-05 12:18:59	1	2	15	0
        118750	2026-05-05 12:19:04	1	2	15	0
        110371	2026-05-05 12:19:04	1	2	15	0
        117921	2026-05-05 12:19:12	1	2	15	0
        117982	2026-05-05 12:19:14	1	2	15	0
        119449	2026-05-05 12:19:26	1	2	15	0
        118971	2026-05-05 12:19:29	1	2	15	0
        119157	2026-05-05 12:19:45	1	2	15	0
        119282	2026-05-05 12:19:56	1	2	15	0
        117769	2026-05-05 12:20:08	1	2	15	0
        117838	2026-05-05 12:20:09	1	2	15	0
        118640	2026-05-05 12:20:22	1	2	15	0
        118702	2026-05-05 12:20:27	1	2	15	0
        117811	2026-05-05 12:20:31	1	2	15	0
        110817	2026-05-05 12:20:37	1	2	15	0
        118695	2026-05-05 12:20:44	1	2	15	0
        117111	2026-05-05 12:20:46	1	2	15	0
        117529	2026-05-05 12:20:49	1	2	15	0
        110060	2026-05-05 12:21:00	1	2	15	0
        118180	2026-05-05 12:21:09	1	2	15	0
        110581	2026-05-05 12:21:27	1	2	15	0
        110580	2026-05-05 12:21:29	1	2	15	0
        117483	2026-05-05 12:21:33	1	2	15	0
        110377	2026-05-05 12:21:37	1	2	15	0
        116751	2026-05-05 12:21:42	1	2	15	0
        116512	2026-05-05 12:21:43	1	2	15	0
        110393	2026-05-05 12:21:46	1	2	15	0
        110413	2026-05-05 12:21:49	1	2	15	0
        117642	2026-05-05 12:22:03	1	2	15	0
        119157	2026-05-05 12:22:09	1	2	15	0
        119282	2026-05-05 12:22:13	1	2	15	0
        119272	2026-05-05 12:22:17	1	2	15	0
        117129	2026-05-05 12:22:19	1	2	15	0
        110732	2026-05-05 12:22:26	1	2	15	0
        117840	2026-05-05 12:22:32	1	2	15	0
        118593	2026-05-05 12:22:36	1	2	15	0
        118046	2026-05-05 12:22:40	1	2	15	0
        118580	2026-05-05 12:22:47	1	2	15	0
        117811	2026-05-05 12:22:53	1	2	15	0
        116483	2026-05-05 12:22:55	1	2	15	0
        110457	2026-05-05 12:22:57	1	2	15	0
        117924	2026-05-05 12:22:59	1	2	15	0
        117541	2026-05-05 12:23:00	1	2	15	0
        117091	2026-05-05 12:23:07	1	2	15	0
        116497	2026-05-05 12:23:10	1	2	15	0
        116260	2026-05-05 12:23:12	1	2	15	0
        116072	2026-05-05 12:23:14	1	2	15	0
        116828	2026-05-05 12:23:17	1	2	1	0
        117645	2026-05-05 12:23:48	1	0	15	0
        117982	2026-05-05 12:23:53	1	0	15	0
        118997	2026-05-05 12:24:15	1	0	15	0
        117841	2026-05-05 12:24:21	1	0	15	0
        117921	2026-05-05 12:24:23	1	0	15	0
        117114	2026-05-05 12:24:28	1	0	15	0
        116142	2026-05-05 12:24:32	1	0	15	0
        117270	2026-05-05 12:24:54	1	0	15	0
        118640	2026-05-05 12:25:02	1	0	15	0
        110113	2026-05-05 12:25:05	1	0	15	0
        116828	2026-05-05 12:25:13	1	0	1	0
        117144	2026-05-05 12:25:48	1	2	15	0
        117122	2026-05-05 12:25:50	1	2	15	0
        117091	2026-05-05 12:25:55	1	2	15	0
        117849	2026-05-05 12:26:04	1	2	15	0
        117769	2026-05-05 12:26:09	1	2	15	0
        117838	2026-05-05 12:26:10	1	2	15	0
        117839	2026-05-05 12:26:12	1	2	15	0
        119494	2026-05-05 12:26:19	1	2	15	0
        117635	2026-05-05 12:26:31	1	2	15	0
        117660	2026-05-05 12:26:34	1	2	15	0
        119449	2026-05-05 12:26:36	1	2	15	0
        110808	2026-05-05 12:26:38	1	2	15	0
        110475	2026-05-05 12:26:40	1	2	15	0
        110511	2026-05-05 12:26:44	1	2	15	0
        117699	2026-05-05 12:27:25	1	2	15	0
        117817	2026-05-05 12:27:43	1	2	15	0
        116799	2026-05-05 12:27:59	1	2	15	0
        119493	2026-05-05 12:28:02	1	2	15	0
        117120	2026-05-05 12:28:11	1	2	15	0
        117487	2026-05-05 12:28:13	1	2	15	0
        117129	2026-05-05 12:28:21	1	2	15	0
        117270	2026-05-05 12:28:31	1	2	15	0
        117680	2026-05-05 12:28:50	1	2	15	0
        110538	2026-05-05 12:29:13	1	2	15	0
        117616	2026-05-05 12:29:52	1	2	15	0
        110485	2026-05-05 12:30:13	1	2	15	0
        110574	2026-05-05 12:30:18	1	2	15	0
        110785	2026-05-05 12:31:12	1	3	15	0
        117635	2026-05-05 12:31:19	1	3	15	0
        117660	2026-05-05 12:31:20	1	3	15	0
        117110	2026-05-05 12:31:48	1	3	15	0
        116441	2026-05-05 12:31:52	1	3	15	0
        116053	2026-05-05 12:31:54	1	3	15	0
        117487	2026-05-05 12:32:04	1	3	15	0
        117120	2026-05-05 12:32:08	1	3	15	0
        110485	2026-05-05 12:34:32	1	3	15	0
        117039	2026-05-05 12:35:47	1	3	15	0
        117232	2026-05-05 12:35:54	1	3	15	0
        110574	2026-05-05 12:36:29	1	3	15	0
        117088	2026-05-05 12:37:02	1	3	15	0
        110050	2026-05-05 12:37:05	1	3	15	0
        117971	2026-05-05 12:37:14	1	3	15	0
        110645	2026-05-05 12:37:16	1	3	15	0
        110201	2026-05-05 12:37:19	1	3	15	0
        117337	2026-05-05 12:37:21	1	3	15	0
        110196	2026-05-05 12:37:27	1	3	15	0
        117684	2026-05-05 12:37:29	1	3	15	0
        117849	2026-05-05 12:37:34	1	3	15	0
        116799	2026-05-05 12:37:56	1	3	15	0
        117817	2026-05-05 12:38:00	1	3	15	0
        110100	2026-05-05 12:38:04	1	3	15	0
        117965	2026-05-05 12:38:13	1	3	15	0
        116441	2026-05-05 12:38:24	1	3	15	0
        116053	2026-05-05 12:38:26	1	3	15	0
        117110	2026-05-05 12:38:29	1	3	15	0
        110050	2026-05-05 12:39:42	1	3	15	0
        110475	2026-05-05 12:39:47	1	3	15	0
        110100	2026-05-05 12:39:56	1	3	15	0
        110025	2026-05-05 12:40:54	1	3	15	0
        117971	2026-05-05 12:41:22	1	3	15	0
        110645	2026-05-05 12:41:26	1	3	15	0
        110196	2026-05-05 12:41:32	1	3	15	0
        110131	2026-05-05 12:41:36	1	3	15	0
        117684	2026-05-05 12:41:42	1	3	15	0
        117965	2026-05-05 12:41:48	1	3	15	0
        110050	2026-05-05 12:41:53	1	3	15	0
        116346	2026-05-05 12:42:16	1	3	15	0
        117103	2026-05-05 12:42:22	1	3	15	0
        110201	2026-05-05 12:42:31	1	3	15	0
        110549	2026-05-05 12:43:49	1	3	15	0
        110025	2026-05-05 12:45:24	1	3	15	0
        117591	2026-05-05 12:45:29	1	3	15	0
        116346	2026-05-05 12:45:54	1	3	15	0
        117103	2026-05-05 12:45:56	1	3	15	0
        117236	2026-05-05 12:46:15	1	3	15	0
        110074	2026-05-05 12:48:49	1	3	15	0
        119070	2026-05-05 12:48:51	1	3	15	0
        118455	2026-05-05 12:48:54	1	3	15	0
        119364	2026-05-05 12:48:56	1	3	15	0
        110805	2026-05-05 12:49:01	1	3	15	0
        118046	2026-05-05 12:49:36	1	3	15	0
        118593	2026-05-05 12:49:40	1	3	15	0
        118695	2026-05-05 12:49:48	1	3	15	0
        117111	2026-05-05 12:49:50	1	3	15	0
        117591	2026-05-05 12:50:15	1	3	15	0
        117966	2026-05-05 12:50:32	1	3	15	0
        116356	2026-05-05 12:51:09	1	3	15	0
        118369	2026-05-05 12:51:12	1	3	15	0
        117981	2026-05-05 12:51:13	1	3	15	0
        117061	2026-05-05 12:51:15	1	3	15	0
        116805	2026-05-05 12:51:22	1	3	15	0
        117224	2026-05-05 12:51:27	1	3	15	0
        110421	2026-05-05 12:51:28	1	3	15	0
        117849	2026-05-05 12:51:34	1	3	15	0
        117337	2026-05-05 12:51:45	1	3	15	0
        110452	2026-05-05 12:52:53	1	3	15	0
        118455	2026-05-05 12:54:17	1	3	15	0
        119070	2026-05-05 12:54:21	1	3	15	0
        119364	2026-05-05 12:54:24	1	3	15	0
        110074	2026-05-05 12:54:26	1	3	15	0
        110077	2026-05-05 12:54:29	1	3	15	0
        116453	2026-05-05 12:54:32	1	3	15	0
        110805	2026-05-05 12:55:07	1	3	15	0
        116356	2026-05-05 12:55:15	1	3	15	0
        117061	2026-05-05 12:55:16	1	3	15	0
        118369	2026-05-05 12:55:18	1	3	15	0
        116805	2026-05-05 12:55:19	1	3	15	0
        117981	2026-05-05 12:55:21	1	3	15	0
        117786	2026-05-05 12:57:47	1	3	15	0
        110131	2026-05-05 12:58:50	1	3	15	0
        116453	2026-05-05 13:00:09	1	3	15	0
        118997	2026-05-05 13:02:31	1	3	15	0
        118917	2026-05-05 13:04:44	1	3	15	0
        117091	2026-05-05 13:43:51	1	3	15	0
        118917	2026-05-05 17:00:45	1	1	15	0
        116297	2026-05-05 17:01:32	1	1	15	0
        110377	2026-05-05 17:05:43	1	1	15	0
        118180	2026-05-05 17:06:45	1	1	15	0
        110431	2026-05-05 17:07:11	1	1	15	0
        116282	2026-05-05 17:07:26	1	1	15	0
        110549	2026-05-05 17:07:31	1	1	15	0
        116279	2026-05-05 17:07:39	1	1	15	0
        110785	2026-05-05 17:07:45	1	1	15	0
        117224	2026-05-05 17:07:51	1	1	15	0
        117930	2026-05-05 17:09:06	1	1	15	0
        110452	2026-05-05 17:09:20	1	1	15	0
        117833	2026-05-05 17:09:22	1	1	15	0
        110421	2026-05-05 17:09:24	1	1	15	0
        117111	2026-05-05 17:09:51	1	1	15	0
        117337	2026-05-05 17:09:54	1	1	15	0
        118695	2026-05-05 17:10:01	1	1	15	0
        110817	2026-05-05 17:12:10	1	1	15	0
        117926	2026-05-05 17:13:16	1	1	15	0
        118928	2026-05-05 17:14:05	1	1	15	0
        116129	2026-05-05 17:14:07	1	1	15	0
        110819	2026-05-05 17:17:12	1	1	15	0
        117232	2026-05-05 17:17:31	1	1	15	0
        119272	2026-05-05 17:17:47	1	1	15	0
        117236	2026-05-05 17:18:25	1	1	15	0
        117965	2026-05-05 17:20:46	1	1	15	0
        117642	2026-05-05 17:21:29	1	1	15	0
        110393	2026-05-05 17:21:30	1	1	15	0
        117236	2026-05-05 17:22:38	1	1	15	0
        110567	2026-05-05 17:22:51	1	1	15	0
        117630	2026-05-05 17:29:33	1	1	15	0
        110816	2026-05-05 17:30:25	1	1	15	0
        117790	2026-05-05 17:36:41	1	1	15	0
        118101	2026-05-05 17:38:19	1	1	15	0
        117828	2026-05-05 17:38:20	1	1	15	0
        117100	2026-05-05 17:38:51	1	1	15	0
        110201	2026-05-05 17:39:05	1	1	15	0
        116763	2026-05-05 17:40:18	1	1	15	0
        110418	2026-05-05 17:40:21	1	1	15	0
        117966	2026-05-05 17:40:44	1	1	15	0
        117162	2026-05-05 17:42:13	1	1	15	0
        110424	2026-05-05 17:42:18	1	1	15	0
        117786	2026-05-05 17:47:09	1	1	15	0
        110172	2026-05-05 17:47:12	1	1	15	0
        117635	2026-05-05 18:01:24	1	1	15	0
        118750	2026-05-05 18:01:26	1	1	15	0
        116232	2026-05-05 18:01:51	1	1	15	0
        119571	2026-05-05 18:02:14	1	1	15	0
        110809	2026-05-05 18:02:23	1	1	15	0
        116346	2026-05-05 18:02:29	1	1	15	0
        110113	2026-05-05 18:02:31	1	1	15	0
        118744	2026-05-05 18:04:30	1	1	15	0
        117733	2026-05-05 18:04:36	1	1	15	0
        110465	2026-05-05 18:04:40	1	1	15	0
        117054	2026-05-05 18:04:44	1	1	15	0
        110093	2026-05-05 18:04:48	1	1	15	0
        110527	2026-05-05 18:04:53	1	1	15	0
        117201	2026-05-05 18:04:59	1	1	15	0
        110462	2026-05-05 18:05:10	1	1	15	0
        119070	2026-05-05 18:05:15	1	1	15	0
        116799	2026-05-05 18:05:30	1	1	15	0
        110807	2026-05-05 18:05:36	1	1	15	0
        116073	2026-05-05 18:06:33	1	1	15	0
        110574	2026-05-05 18:06:37	1	1	15	0
        118744	2026-05-05 18:07:08	1	1	15	0
        118593	2026-05-05 18:07:14	1	1	15	0
        117811	2026-05-05 18:08:02	1	1	15	0
        117839	2026-05-05 18:08:17	1	1	15	0
        117230	2026-05-05 18:08:42	1	1	15	0
        117971	2026-05-05 18:10:33	1	1	15	0
        110196	2026-05-05 18:10:37	1	1	15	0
        118640	2026-05-05 18:10:54	1	1	15	0
        110511	2026-05-05 18:11:11	1	1	15	0
        110493	2026-05-05 18:11:18	1	1	15	0
        110456	2026-05-05 18:11:46	1	1	15	0
        117591	2026-05-05 18:13:19	1	1	15	0
        117770	2026-05-05 18:13:24	1	1	15	0
        117837	2026-05-05 18:13:30	1	1	1	0
        110456	2026-05-05 18:14:00	1	1	15	0
        117497	2026-05-05 18:14:49	1	1	15	0
        110084	2026-05-05 18:15:12	1	1	15	0
        118580	2026-05-05 18:15:21	1	1	15	0
        110360	2026-05-05 18:15:27	1	1	15	0
        118550	2026-05-05 18:15:32	1	1	15	0
        117039	2026-05-05 18:15:57	1	1	15	0
        110475	2026-05-05 18:17:00	1	1	15	0
        110131	2026-05-05 18:17:12	1	1	15	0
        117840	2026-05-05 18:20:29	1	1	15	0
        117483	2026-05-05 18:20:39	1	1	1	0
        117838	2026-05-05 18:20:41	1	1	15	0
        110371	2026-05-05 18:21:17	1	1	15	0
        116095	2026-05-05 18:21:25	1	1	15	0
        117042	2026-05-05 18:21:32	1	1	15	0
        116451	2026-05-05 18:21:36	1	1	15	0
        117849	2026-05-05 18:24:11	1	1	15	0
        117120	2026-05-05 18:24:27	1	1	15	0
        110378	2026-05-05 18:24:50	1	1	15	0
        116741	2026-05-05 18:24:53	1	1	15	0
        117705	2026-05-05 18:24:56	1	1	15	0
        118992	2026-05-05 18:24:59	1	1	15	0
        117103	2026-05-05 18:25:32	1	1	15	0
        118997	2026-05-05 18:25:58	1	1	15	0
        110645	2026-05-05 18:27:26	1	1	15	0
        110538	2026-05-05 18:28:00	1	1	15	0
        110051	2026-05-05 18:28:21	1	1	15	0
        117921	2026-05-05 18:30:18	1	1	15	0
        116142	2026-05-05 18:30:24	1	1	15	0
        117114	2026-05-05 18:30:27	1	1	15	0
        117088	2026-05-05 18:30:30	1	1	15	0
        118414	2026-05-05 18:31:38	1	1	15	0
        117680	2026-05-05 18:33:13	1	1	15	0
        110808	2026-05-05 18:33:29	1	1	15	0
        117196	2026-05-05 18:33:36	1	1	15	0
        110060	2026-05-05 18:34:11	1	1	15	0
        110810	2026-05-05 18:34:19	1	1	15	0
        118043	2026-05-05 18:34:36	1	1	15	0
        118971	2026-05-05 18:34:50	1	1	15	0
        110581	2026-05-05 18:35:16	1	1	15	0
        110580	2026-05-05 18:35:18	1	1	15	0
        110732	2026-05-05 18:35:22	1	1	15	0
        110116	2026-05-05 18:35:25	1	1	15	0
        116252	2026-05-05 18:35:30	1	1	15	0
        118732	2026-05-05 18:35:47	1	1	15	0
        110510	2026-05-05 18:36:20	1	1	15	0
        110355	2026-05-05 18:36:26	1	1	15	0
        119263	2026-05-05 18:36:28	1	1	15	0
        110495	2026-05-05 18:36:48	1	1	15	0
        117144	2026-05-05 18:36:55	1	1	15	0
        118455	2026-05-05 18:38:36	1	1	15	0
        110074	2026-05-05 18:38:44	1	1	15	0
        117129	2026-05-05 18:40:35	1	1	15	0
        116751	2026-05-05 18:40:59	1	1	15	0
        116512	2026-05-05 18:41:01	1	1	15	0
        110463	2026-05-05 18:41:12	1	1	15	0
        117541	2026-05-05 18:41:17	1	1	15	0
        117982	2026-05-05 18:41:35	1	1	15	0
        118458	2026-05-05 18:42:42	1	1	15	0
        116274	2026-05-05 18:42:45	1	1	15	0
        110356	2026-05-05 18:43:15	1	1	15	0
        117077	2026-05-05 18:43:20	1	1	15	0
        117723	2026-05-05 18:43:35	1	1	15	0
        117487	2026-05-05 18:44:00	1	1	15	0
        110357	2026-05-05 18:44:23	1	1	15	0
        110485	2026-05-05 18:45:49	1	1	15	0
        116493	2026-05-05 18:45:58	1	1	15	0
        117969	2026-05-05 18:46:28	1	1	15	0
        117999	2026-05-05 18:46:33	1	1	15	0
        110457	2026-05-05 18:47:00	1	1	15	0
        117110	2026-05-05 18:47:29	1	1	15	0
        110100	2026-05-05 18:49:17	1	1	15	0
        117694	2026-05-05 18:51:35	1	1	15	0
        117567	2026-05-05 18:52:24	1	1	15	0
        116356	2026-05-05 18:53:41	1	1	15	0
        119157	2026-05-05 18:54:11	1	1	15	0
        117567	2026-05-05 18:55:22	1	1	15	0
        110657	2026-05-05 18:55:30	1	1	15	0
        116053	2026-05-05 18:58:21	1	1	15	0
        117660	2026-05-05 18:58:26	1	1	15	0
        116477	2026-05-05 18:58:51	1	1	15	0
        117769	2026-05-05 18:59:10	1	1	15	0
        117742	2026-05-05 18:59:13	1	1	15	0
        116990	2026-05-05 18:59:15	1	1	15	0
        117807	2026-05-05 18:59:53	1	1	15	0
        119594	2026-05-05 18:59:57	1	1	15	0
        117543	2026-05-05 19:00:06	1	1	15	0
        110070	2026-05-05 19:00:11	1	1	15	0
        117616	2026-05-05 19:00:28	1	1	15	0
        117122	2026-05-05 19:00:40	1	1	15	0
        117841	2026-05-05 19:00:55	1	1	15	0
        117061	2026-05-05 19:01:19	1	1	15	0
        117981	2026-05-05 19:01:21	1	1	15	0
        116497	2026-05-05 19:01:23	1	1	15	0
        117924	2026-05-05 19:01:25	1	1	15	0
        116441	2026-05-05 19:01:28	1	1	15	0
        116805	2026-05-05 19:01:31	1	1	15	0
        118369	2026-05-05 19:01:33	1	1	15	0
        116072	2026-05-05 19:01:37	1	1	15	0
        117684	2026-05-05 19:01:39	1	1	15	0
        117529	2026-05-05 19:01:47	1	1	15	0
        110535	2026-05-05 19:02:00	1	1	15	0
        117645	2026-05-05 19:02:07	1	1	15	0
        110062	2026-05-05 19:02:37	1	1	15	0
        118584	2026-05-05 19:02:40	1	1	15	0
        117023	2026-05-05 19:02:43	1	1	15	0
        119282	2026-05-05 19:02:57	1	1	15	0
        119535	2026-05-05 19:03:10	1	1	15	0
        118702	2026-05-05 19:03:19	1	1	15	0
        119494	2026-05-05 19:03:25	1	1	15	0
        119449	2026-05-05 19:03:44	1	1	15	0
        110077	2026-05-05 19:04:05	1	1	15	0
        117270	2026-05-05 19:05:47	1	1	15	0
        116828	2026-05-05 19:06:58	1	1	1	0
        116483	2026-05-05 19:08:34	1	1	15	0
        110050	2026-05-05 19:08:59	1	1	15	0
        110128	2026-05-05 19:09:06	1	1	15	0
        110805	2026-05-05 19:09:30	1	1	15	0
        119227	2026-05-05 19:09:35	1	1	15	0
        117085	2026-05-05 19:09:40	1	1	15	0
        118046	2026-05-05 19:09:41	1	1	15	0
        116069	2026-05-05 19:11:32	1	1	15	0
        116070	2026-05-05 19:11:36	1	1	1	0
        116995	2026-05-05 19:11:45	1	1	15	0
        117817	2026-05-05 19:12:53	1	1	15	0
        110430	2026-05-05 19:12:56	1	1	15	0
        110200	2026-05-05 19:12:59	1	1	15	0
        119493	2026-05-05 19:16:40	1	1	15	0
        119107	2026-05-05 19:17:33	1	1	15	0
        116260	2026-05-05 19:18:40	1	1	15	0
        117699	2026-05-05 19:20:39	1	1	15	0
        119364	2026-05-05 19:24:00	1	1	15	0
        110372	2026-05-05 19:26:54	1	1	15	0
        110183	2026-05-05 19:26:57	1	1	15	0
        110055	2026-05-05 19:32:04	1	1	15	0
        117542	2026-05-05 19:48:43	1	1	15	0
        110413	2026-05-05 19:50:17	1	1	15	0
        117201	2026-05-06 05:03:46	1	0	15	0
        110093	2026-05-06 05:45:10	1	0	15	0
        117694	2026-05-06 06:23:30	1	0	15	0
        110809	2026-05-06 06:26:50	1	0	15	0
        116831	2026-05-06 06:28:24	1	0	15	0
        118997	2026-05-06 06:29:17	1	0	15	0
        110084	2026-05-06 06:32:51	1	0	15	0
        118992	2026-05-06 06:38:09	1	0	15	0
        118414	2026-05-06 06:38:13	1	0	15	0
        110732	2026-05-06 06:42:33	1	0	15	0
        117840	2026-05-06 06:42:58	1	0	15	0
        117092	2026-05-06 06:44:56	1	0	15	0
        110360	2026-05-06 06:46:28	1	0	15	0
        110580	2026-05-06 06:47:36	1	0	15	0
        118744	2026-05-06 06:48:04	1	0	15	0
        110574	2026-05-06 06:48:33	1	0	15	0
        117483	2026-05-06 06:51:02	1	0	1	0
        118750	2026-05-06 06:51:08	1	0	15	0
        110051	2026-05-06 06:51:43	1	0	15	0
        110632	2026-05-06 06:52:03	1	0	15	0
        110432	2026-05-06 06:52:51	1	0	15	0
        119070	2026-05-06 06:53:03	1	0	15	0
        117838	2026-05-06 06:53:24	1	0	1	0
        117770	2026-05-06 06:53:48	1	0	15	0
        116232	2026-05-06 06:55:08	1	0	15	0
        110493	2026-05-06 06:55:15	1	0	15	0
        117635	2026-05-06 06:55:29	1	0	15	0
        117591	2026-05-06 06:55:49	1	0	15	0
        117088	2026-05-06 06:56:01	1	0	15	0
        118640	2026-05-06 06:57:32	1	0	15	0
        110535	2026-05-06 06:57:40	1	0	15	0
        118580	2026-05-06 06:58:14	1	0	15	0
        117733	2026-05-06 06:58:39	1	0	15	0
        110074	2026-05-06 06:58:43	1	0	15	0
        117966	2026-05-06 06:59:19	1	0	15	0
        110462	2026-05-06 06:59:43	1	0	15	0
        110113	2026-05-06 06:59:47	1	0	15	0
        117644	2026-05-06 06:59:51	1	0	15	0
        117110	2026-05-06 06:59:55	1	0	15	0
        117817	2026-05-06 07:01:44	1	0	15	0
        117129	2026-05-06 07:01:51	1	0	15	0
        110581	2026-05-06 07:03:26	1	0	15	0
        117039	2026-05-06 07:03:34	1	0	15	0
        117232	2026-05-06 07:03:39	1	0	15	0
        110465	2026-05-06 07:03:44	1	0	15	0
        110807	2026-05-06 07:04:04	1	0	15	0
        119449	2026-05-06 07:04:10	1	0	15	0
        110378	2026-05-06 07:05:11	1	0	15	0
        119494	2026-05-06 07:05:15	1	0	15	0
        110527	2026-05-06 07:06:35	1	0	15	0
        110645	2026-05-06 07:06:40	1	0	15	0
        117054	2026-05-06 07:07:15	1	0	15	0
        116346	2026-05-06 07:07:25	1	0	15	0
        117230	2026-05-06 07:07:31	1	0	15	0
        117120	2026-05-06 07:07:47	1	0	15	0
        117837	2026-05-06 07:08:29	1	0	15	0
        117982	2026-05-06 07:08:32	1	0	15	0
        110549	2026-05-06 07:09:21	1	0	15	0
        117103	2026-05-06 07:09:34	1	0	15	0
        110131	2026-05-06 07:10:08	1	0	15	0
        117337	2026-05-06 07:10:52	1	0	15	0
        118101	2026-05-06 07:11:09	1	0	15	0
        110808	2026-05-06 07:11:51	1	0	15	0
        110511	2026-05-06 07:12:12	1	0	15	0
        110463	2026-05-06 07:12:15	1	0	15	0
        117487	2026-05-06 07:12:23	1	0	15	0
        110538	2026-05-06 07:12:27	1	0	15	0
        117811	2026-05-06 07:12:44	1	0	15	0
        117705	2026-05-06 07:14:25	1	0	15	0
        118550	2026-05-06 07:15:58	1	0	15	0
        116741	2026-05-06 07:16:01	1	0	15	0
        110810	2026-05-06 07:16:12	1	0	15	0
        110475	2026-05-06 07:17:48	1	0	15	0
        116142	2026-05-06 07:17:52	1	0	15	0
        110100	2026-05-06 07:18:01	1	0	15	0
        118732	2026-05-06 07:18:34	1	0	15	0
        110510	2026-05-06 07:18:48	1	0	15	0
        117645	2026-05-06 07:19:01	1	0	15	0
        117497	2026-05-06 07:21:36	1	0	15	0
        116451	2026-05-06 07:22:59	1	0	15	0
        117042	2026-05-06 07:23:01	1	0	15	0
        116763	2026-05-06 07:23:13	1	0	15	0
        118458	2026-05-06 07:24:53	1	0	15	0
        119107	2026-05-06 07:24:58	1	0	15	0
        116483	2026-05-06 07:25:51	1	0	15	0
        110357	2026-05-06 07:26:06	1	0	15	0
        117196	2026-05-06 07:26:27	1	0	15	0
        117023	2026-05-06 07:26:40	1	0	15	0
        110424	2026-05-06 07:26:56	1	0	15	0
        116805	2026-05-06 07:27:06	1	0	15	0
        117921	2026-05-06 07:27:35	1	0	15	0
        118971	2026-05-06 07:28:18	1	0	15	0
        110128	2026-05-06 07:28:20	1	0	15	0
        119535	2026-05-06 07:29:01	1	0	15	0
        117680	2026-05-06 07:29:16	1	0	15	0
        116512	2026-05-06 07:30:03	1	0	15	0
        116751	2026-05-06 07:30:04	1	0	15	0
        117642	2026-05-06 07:30:07	1	0	15	0
        116073	2026-05-06 07:30:46	1	0	15	0
        110457	2026-05-06 07:32:22	1	0	15	0
        117900	2026-05-06 07:32:32	1	0	15	0
        118046	2026-05-06 07:33:20	1	0	15	0
        110785	2026-05-06 07:33:23	1	0	15	0
        117769	2026-05-06 07:33:39	1	0	15	0
        110817	2026-05-06 07:33:44	1	0	15	0
        117270	2026-05-06 07:33:50	1	0	15	0
        117061	2026-05-06 07:34:12	1	0	15	0
        117122	2026-05-06 07:34:15	1	0	15	0
        116828	2026-05-06 07:34:18	1	0	1	0
        117742	2026-05-06 07:35:20	1	0	15	0
        110447	2026-05-06 07:36:54	1	0	15	0
        116990	2026-05-06 07:37:27	1	0	15	0
        110116	2026-05-06 07:38:14	1	0	15	0
        119493	2026-05-06 07:39:12	1	0	15	0
        116129	2026-05-06 07:39:20	1	0	15	0
        118695	2026-05-06 07:39:24	1	0	15	0
        117616	2026-05-06 07:39:57	1	0	15	0
        116356	2026-05-06 07:40:10	1	0	15	0
        116748	2026-05-06 07:40:12	1	0	15	0
        110456	2026-05-06 07:40:14	1	0	15	0
        110371	2026-05-06 07:40:44	1	0	15	0
        110355	2026-05-06 07:41:08	1	0	15	0
        110356	2026-05-06 07:41:10	1	0	15	0
        116383	2026-05-06 07:42:07	1	0	15	0
        117839	2026-05-06 07:42:55	1	0	15	0
        116995	2026-05-06 07:43:21	1	0	15	0
        116252	2026-05-06 07:43:38	1	0	15	0
        110376	2026-05-06 07:43:51	1	0	15	0
        118369	2026-05-06 07:43:58	1	0	15	0
        118455	2026-05-06 07:44:25	1	0	15	0
        119364	2026-05-06 07:44:28	1	0	15	0
        117541	2026-05-06 07:44:38	1	0	15	0
        117144	2026-05-06 07:45:00	1	0	15	0
        110201	2026-05-06 07:45:03	1	0	15	0
        116282	2026-05-06 07:45:26	1	0	15	0
        117162	2026-05-06 07:45:54	1	0	15	0
        118302	2026-05-06 07:46:25	1	0	15	0
        117660	2026-05-06 07:46:41	1	0	15	0
        117114	2026-05-06 07:47:04	1	0	15	0
        119272	2026-05-06 07:47:12	1	0	15	0
        110377	2026-05-06 07:47:51	1	0	15	0
        117841	2026-05-06 07:48:46	1	0	15	0
        117567	2026-05-06 07:48:53	1	0	15	0
        117849	2026-05-06 07:49:14	1	0	15	0
        116069	2026-05-06 07:49:30	1	0	15	0
        117723	2026-05-06 07:50:36	1	0	15	0
        117224	2026-05-06 07:50:43	1	0	15	0
        116477	2026-05-06 07:50:49	1	0	15	0
        110070	2026-05-06 07:51:50	1	0	15	0
        117828	2026-05-06 07:51:52	1	0	15	0
        117543	2026-05-06 07:51:54	1	0	15	0
        110431	2026-05-06 07:51:59	1	0	15	0
        117542	2026-05-06 07:53:22	1	0	15	0
        118928	2026-05-06 07:53:23	1	0	15	0
        117924	2026-05-06 07:53:28	1	0	15	0
        117930	2026-05-06 07:53:30	1	0	15	0
        117814	2026-05-06 07:53:44	1	0	15	0
        110805	2026-05-06 07:53:48	1	0	15	0
        119227	2026-05-06 07:53:50	1	0	15	0
        117236	2026-05-06 07:53:55	1	0	15	0
        119263	2026-05-06 07:54:12	1	0	15	0
        110025	2026-05-06 07:54:38	1	0	15	0
        118593	2026-05-06 07:55:10	1	0	15	0
        117529	2026-05-06 07:55:50	1	0	15	0
        110413	2026-05-06 07:55:54	1	0	15	0
        116849	2026-05-06 07:55:59	1	0	15	0
        110200	2026-05-06 07:56:17	1	0	15	0
        116053	2026-05-06 07:56:33	1	0	15	0
        110421	2026-05-06 07:56:58	1	0	15	0
        117815	2026-05-06 07:57:04	1	0	15	0
        116072	2026-05-06 07:57:11	1	0	15	0
        117981	2026-05-06 07:57:17	1	0	15	0
        117833	2026-05-06 07:57:52	1	0	15	0
        110657	2026-05-06 07:58:47	1	0	15	0
        117790	2026-05-06 07:58:53	1	0	15	0
        118867	2026-05-06 07:59:04	1	0	15	0
        110818	2026-05-06 08:00:13	1	0	15	0
        116070	2026-05-06 08:01:43	1	0	15	0
        110077	2026-05-06 08:02:18	1	0	15	0
        119602	2026-05-06 08:02:29	1	0	15	0
        119157	2026-05-06 08:03:11	1	0	15	0
        116297	2026-05-06 08:03:50	1	0	15	0
        117807	2026-05-06 08:04:04	1	0	15	0
        117971	2026-05-06 08:04:48	1	0	15	0
        117111	2026-05-06 08:05:59	1	0	15	0
        116497	2026-05-06 08:06:16	1	0	15	0
        117926	2026-05-06 08:07:12	1	0	15	0
        117699	2026-05-06 08:07:25	1	0	15	0
        110452	2026-05-06 08:09:09	1	0	15	0
        110418	2026-05-06 08:09:47	1	0	15	0
        110183	2026-05-06 08:09:58	1	0	15	0
        110050	2026-05-06 08:12:23	1	0	15	0
        116453	2026-05-06 08:12:56	1	0	15	0
        110055	2026-05-06 08:13:26	1	0	15	0
        116787	2026-05-06 08:14:44	1	0	15	0
        116441	2026-05-06 08:16:55	1	0	15	0
        117786	2026-05-06 08:20:01	1	0	15	0
        118180	2026-05-06 08:20:11	1	0	15	0
        110172	2026-05-06 08:26:09	1	0	15	0
        110810	2026-05-06 08:30:02	1	0	15	0
        117100	2026-05-06 08:39:25	1	0	15	0
        110495	2026-05-06 08:57:09	1	0	15	0
        116279	2026-05-06 09:08:28	1	0	15	0
        117833	2026-05-06 12:00:08	1	2	15	0
        110465	2026-05-06 12:00:10	1	2	15	0
        110462	2026-05-06 12:00:12	1	2	15	0
        117815	2026-05-06 12:00:14	1	2	15	0
        119535	2026-05-06 12:00:18	1	2	15	0
        117201	2026-05-06 12:00:20	1	2	15	0
        110128	2026-05-06 12:00:23	1	2	15	0
        110510	2026-05-06 12:00:25	1	2	15	0
        110810	2026-05-06 12:00:27	1	2	15	0
        116383	2026-05-06 12:00:29	1	2	15	0
        110807	2026-05-06 12:00:31	1	2	15	0
        110463	2026-05-06 12:00:32	1	2	15	0
        117849	2026-05-06 12:00:35	1	2	15	0
        119494	2026-05-06 12:00:40	1	2	15	0
        119263	2026-05-06 12:01:00	1	2	15	0
        117930	2026-05-06 12:01:04	1	2	15	0
        110452	2026-05-06 12:01:09	1	2	15	0
        117926	2026-05-06 12:01:11	1	2	15	0
        117224	2026-05-06 12:01:14	1	2	15	0
        110421	2026-05-06 12:01:15	1	2	15	0
        117705	2026-05-06 12:01:18	1	2	15	0
        117088	2026-05-06 12:01:21	1	2	15	0
        117543	2026-05-06 12:01:23	1	2	15	0
        117770	2026-05-06 12:01:25	1	2	15	0
        117837	2026-05-06 12:01:27	1	2	15	0
        117039	2026-05-06 12:01:28	1	2	15	0
        117232	2026-05-06 12:01:31	1	2	15	0
        110527	2026-05-06 12:01:33	1	2	15	0
        117144	2026-05-06 12:01:45	1	2	15	0
        118101	2026-05-06 12:01:49	1	2	15	0
        110424	2026-05-06 12:01:52	1	2	15	0
        117828	2026-05-06 12:01:55	1	2	15	0
        116069	2026-05-06 12:02:12	1	2	15	0
        117497	2026-05-06 12:02:21	1	2	15	0
        116274	2026-05-06 12:03:01	1	2	15	0
        110376	2026-05-06 12:03:09	1	2	15	0
        118458	2026-05-06 12:03:13	1	2	15	0
        117833	2026-05-06 12:03:22	1	2	15	0
        117790	2026-05-06 12:03:24	1	2	15	0
        110785	2026-05-06 12:03:26	1	2	15	0
        118580	2026-05-06 12:03:34	1	2	15	0
        110084	2026-05-06 12:03:36	1	2	15	0
        110538	2026-05-06 12:03:39	1	2	15	0
        116383	2026-05-06 12:03:54	1	2	15	0
        116252	2026-05-06 12:03:59	1	2	15	0
        117567	2026-05-06 12:04:02	1	2	15	0
        118750	2026-05-06 12:04:06	1	2	15	0
        110113	2026-05-06 12:04:10	1	2	15	0
        117110	2026-05-06 12:04:12	1	2	15	0
        117815	2026-05-06 12:04:14	1	2	15	0
        116279	2026-05-06 12:04:18	1	2	15	0
        117930	2026-05-06 12:04:19	1	2	15	0
        117196	2026-05-06 12:04:25	1	2	15	0
        110580	2026-05-06 12:04:28	1	2	15	0
        110581	2026-05-06 12:04:30	1	2	15	0
        116741	2026-05-06 12:04:32	1	2	15	0
        117705	2026-05-06 12:04:34	1	2	15	0
        110732	2026-05-06 12:04:36	1	2	15	0
        119272	2026-05-06 12:04:41	1	2	15	0
        110084	2026-05-06 12:04:44	1	2	15	0
        110355	2026-05-06 12:04:46	1	2	15	0
        119227	2026-05-06 12:04:48	1	2	15	0
        110805	2026-05-06 12:04:50	1	2	15	0
        118101	2026-05-06 12:04:53	1	2	15	0
        117828	2026-05-06 12:04:55	1	2	15	0
        110356	2026-05-06 12:04:57	1	2	15	0
        110424	2026-05-06 12:04:58	1	2	15	0
        117926	2026-05-06 12:05:01	1	2	15	0
        117770	2026-05-06 12:05:03	1	2	15	0
        117837	2026-05-06 12:05:04	1	2	15	0
        117236	2026-05-06 12:05:11	1	2	15	0
        116232	2026-05-06 12:05:30	1	2	15	0
        116346	2026-05-06 12:05:44	1	2	15	0
        117023	2026-05-06 12:05:55	1	2	15	0
        117900	2026-05-06 12:06:00	1	2	15	0
        110462	2026-05-06 12:06:04	1	2	15	0
        116069	2026-05-06 12:06:08	1	2	15	0
        117591	2026-05-06 12:06:16	1	2	15	0
        117201	2026-05-06 12:06:24	1	2	15	0
        117129	2026-05-06 12:06:30	1	2	15	0
        110172	2026-05-06 12:06:34	1	2	15	0
        119535	2026-05-06 12:06:37	1	2	15	0
        110632	2026-05-06 12:06:40	1	2	15	0
        119272	2026-05-06 12:06:45	1	2	15	0
        110465	2026-05-06 12:06:53	1	2	15	0
        117122	2026-05-06 12:06:57	1	2	15	0
        110495	2026-05-06 12:06:58	1	2	15	0
        110657	2026-05-06 12:07:01	1	2	15	0
        117924	2026-05-06 12:07:02	1	2	15	0
        110457	2026-05-06 12:07:04	1	2	15	0
        117616	2026-05-06 12:07:06	1	2	15	0
        110538	2026-05-06 12:07:07	1	2	15	0
        116072	2026-05-06 12:07:10	1	2	15	0
        118580	2026-05-06 12:07:12	1	2	15	0
        117541	2026-05-06 12:07:14	1	2	15	0
        119364	2026-05-06 12:07:17	1	2	15	0
        110493	2026-05-06 12:07:19	1	2	15	0
        110456	2026-05-06 12:07:21	1	2	15	0
        116497	2026-05-06 12:07:23	1	2	15	0
        110357	2026-05-06 12:07:25	1	2	15	0
        117230	2026-05-06 12:07:29	1	2	15	0
        116451	2026-05-06 12:07:32	1	2	15	0
        117042	2026-05-06 12:07:33	1	2	15	0
        110376	2026-05-06 12:07:35	1	2	15	0
        118302	2026-05-06 12:07:37	1	2	15	0
        116995	2026-05-06 12:07:39	1	2	15	0
        117742	2026-05-06 12:07:41	1	2	15	0
        117543	2026-05-06 12:07:42	1	2	15	0
        117196	2026-05-06 12:07:44	1	2	15	0
        116453	2026-05-06 12:07:47	1	2	15	0
        116279	2026-05-06 12:07:48	1	2	15	0
        110527	2026-05-06 12:07:54	1	2	15	0
        118458	2026-05-06 12:07:55	1	2	15	0
        117807	2026-05-06 12:07:58	1	2	15	0
        117162	2026-05-06 12:08:02	1	2	15	0
        117270	2026-05-06 12:08:04	1	2	15	0
        110463	2026-05-06 12:08:11	1	2	15	0
        116990	2026-05-06 12:08:14	1	2	15	0
        116070	2026-05-06 12:08:23	1	2	15	0
        116274	2026-05-06 12:08:31	1	2	15	0
        110128	2026-05-06 12:08:33	1	2	15	0
        110077	2026-05-06 12:08:36	1	2	15	0
        118695	2026-05-06 12:08:38	1	2	15	0
        117337	2026-05-06 12:08:40	1	2	15	0
        117111	2026-05-06 12:08:41	1	2	15	0
        119263	2026-05-06 12:08:43	1	2	15	0
        110055	2026-05-06 12:08:45	1	2	15	0
        118992	2026-05-06 12:08:48	1	2	15	0
        119157	2026-05-06 12:08:49	1	2	15	0
        110051	2026-05-06 12:08:54	1	2	15	0
        117642	2026-05-06 12:08:56	1	2	15	0
        117680	2026-05-06 12:08:58	1	2	15	0
        117114	2026-05-06 12:09:01	1	2	15	0
        117103	2026-05-06 12:09:03	1	2	15	0
        110413	2026-05-06 12:09:05	1	2	15	0
        116828	2026-05-06 12:09:07	1	2	1	0
        116453	2026-05-06 12:09:17	1	2	15	0
        110113	2026-05-06 12:09:33	1	2	15	0
        117023	2026-05-06 12:09:35	1	2	15	0
        116232	2026-05-06 12:09:40	1	2	15	0
        117900	2026-05-06 12:09:43	1	2	15	0
        110549	2026-05-06 12:09:45	1	2	15	0
        110377	2026-05-06 12:09:57	1	2	15	0
        119449	2026-05-06 12:10:00	1	2	15	0
        117790	2026-05-06 12:10:12	1	2	15	0
        118640	2026-05-06 12:10:14	1	2	15	0
        118180	2026-05-06 12:10:16	1	2	15	0
        116070	2026-05-06 12:10:25	1	2	15	0
        116995	2026-05-06 12:10:28	1	2	15	0
        116990	2026-05-06 12:10:30	1	2	15	0
        117807	2026-05-06 12:10:33	1	2	15	0
        117742	2026-05-06 12:10:36	1	2	15	0
        110810	2026-05-06 12:10:38	1	2	15	0
        116282	2026-05-06 12:10:40	1	2	15	0
        116849	2026-05-06 12:10:46	1	2	15	0
        116787	2026-05-06 12:10:50	1	2	15	0
        117497	2026-05-06 12:10:52	1	2	15	0
        119494	2026-05-06 12:10:55	1	2	15	0
        118992	2026-05-06 12:11:08	1	2	15	0
        110495	2026-05-06 12:11:19	1	2	15	0
        110657	2026-05-06 12:11:23	1	2	15	0
        117236	2026-05-06 12:11:27	1	2	15	0
        117723	2026-05-06 12:11:32	1	2	15	0
        119364	2026-05-06 12:11:34	1	2	15	0
        110493	2026-05-06 12:11:37	1	2	15	0
        118550	2026-05-06 12:11:40	1	2	15	0
        116129	2026-05-06 12:11:44	1	2	15	0
        118928	2026-05-06 12:11:46	1	2	15	0
        117541	2026-05-06 12:11:49	1	2	15	0
        110456	2026-05-06 12:11:52	1	2	15	0
        116497	2026-05-06 12:12:04	1	2	15	0
        117129	2026-05-06 12:12:07	1	2	15	0
        116072	2026-05-06 12:12:15	1	2	15	0
        110457	2026-05-06 12:12:17	1	2	15	0
        117924	2026-05-06 12:12:19	1	2	15	0
        116451	2026-05-06 12:12:21	1	2	15	0
        117042	2026-05-06 12:12:24	1	2	15	0
        117230	2026-05-06 12:12:31	1	2	15	0
        110378	2026-05-06 12:12:35	1	2	15	0
        118046	2026-05-06 12:12:40	1	2	15	0
        117103	2026-05-06 12:12:44	1	2	15	0
        117811	2026-05-06 12:12:48	1	2	15	0
        110431	2026-05-06 12:12:51	1	2	15	0
        117642	2026-05-06 12:12:55	1	2	15	0
        117054	2026-05-06 12:13:01	1	2	15	0
        110055	2026-05-06 12:13:03	1	2	15	0
        116073	2026-05-06 12:13:06	1	2	15	0
        117849	2026-05-06 12:13:09	1	2	15	0
        110093	2026-05-06 12:13:14	1	2	15	0
        116252	2026-05-06 12:13:20	1	2	15	0
        110418	2026-05-06 12:13:22	1	2	15	0
        117529	2026-05-06 12:13:25	1	2	15	0
        117839	2026-05-06 12:13:27	1	2	15	0
        110172	2026-05-06 12:13:30	1	2	15	0
        116053	2026-05-06 12:13:32	1	2	15	0
        117694	2026-05-06 12:13:35	1	2	15	0
        110580	2026-05-06 12:13:48	1	2	15	0
        110581	2026-05-06 12:13:50	1	2	15	0
        116831	2026-05-06 12:13:58	1	2	15	0
        118997	2026-05-06 12:14:04	1	2	15	0
        110100	2026-05-06 12:14:10	1	2	15	0
        110805	2026-05-06 12:14:31	1	2	15	0
        119227	2026-05-06 12:14:36	1	2	15	0
        118750	2026-05-06 12:14:40	1	2	15	0
        117110	2026-05-06 12:14:42	1	2	15	0
        110732	2026-05-06 12:14:54	1	2	15	0
        116282	2026-05-06 12:15:18	1	2	15	0
        117054	2026-05-06 12:15:27	1	2	15	0
        117529	2026-05-06 12:15:30	1	2	15	0
        117144	2026-05-06 12:15:49	1	2	15	0
        116748	2026-05-06 12:15:54	1	2	15	0
        117487	2026-05-06 12:15:55	1	2	15	0
        117616	2026-05-06 12:15:57	1	2	15	0
        117120	2026-05-06 12:15:57	1	2	15	0
        117542	2026-05-06 12:16:01	1	2	15	0
        117839	2026-05-06 12:16:03	1	2	15	0
        117811	2026-05-06 12:16:05	1	2	15	0
        118744	2026-05-06 12:16:06	1	2	15	0
        117162	2026-05-06 12:16:08	1	2	15	0
        117270	2026-05-06 12:16:10	1	2	15	0
        117567	2026-05-06 12:16:16	1	2	15	0
        110377	2026-05-06 12:16:18	1	2	15	0
        117723	2026-05-06 12:16:23	1	2	15	0
        116849	2026-05-06 12:16:26	1	2	15	0
        116512	2026-05-06 12:16:34	1	2	15	0
        116751	2026-05-06 12:16:36	1	2	15	0
        117769	2026-05-06 12:16:39	1	2	15	0
        110051	2026-05-06 12:16:44	1	2	15	0
        117838	2026-05-06 12:16:48	1	2	15	0
        117966	2026-05-06 12:16:49	1	2	15	0
        118550	2026-05-06 12:16:52	1	2	15	0
        119157	2026-05-06 12:16:54	1	2	15	0
        110808	2026-05-06 12:16:56	1	2	15	0
        110645	2026-05-06 12:16:58	1	2	15	0
        117483	2026-05-06 12:17:01	1	2	15	0
        117092	2026-05-06 12:17:03	1	2	15	0
        116787	2026-05-06 12:17:05	1	2	15	0
        118971	2026-05-06 12:17:14	1	2	15	0
        110070	2026-05-06 12:17:18	1	2	15	0
        110378	2026-05-06 12:17:28	1	2	15	0
        117982	2026-05-06 12:17:45	1	2	15	0
        116142	2026-05-06 12:17:50	1	2	15	0
        117921	2026-05-06 12:17:53	1	2	15	0
        117122	2026-05-06 12:18:11	1	2	15	0
        117786	2026-05-06 12:18:26	1	2	15	0
        116053	2026-05-06 12:18:32	1	2	15	0
        110431	2026-05-06 12:18:36	1	2	15	0
        117567	2026-05-06 12:19:35	1	2	15	0
        117971	2026-05-06 12:19:42	1	2	15	0
        110371	2026-05-06 12:19:48	1	2	15	0
        110645	2026-05-06 12:19:53	1	2	15	0
        116763	2026-05-06 12:19:57	1	2	15	0
        110511	2026-05-06 12:20:10	1	2	15	0
        116129	2026-05-06 12:20:15	1	2	15	0
        118928	2026-05-06 12:20:17	1	2	15	0
        117483	2026-05-06 12:20:21	1	2	15	0
        116741	2026-05-06 12:20:23	1	2	15	0
        110100	2026-05-06 12:20:26	1	2	15	0
        118180	2026-05-06 12:20:29	1	2	15	0
        118640	2026-05-06 12:20:33	1	2	15	0
        119449	2026-05-06 12:20:35	1	2	15	0
        110355	2026-05-06 12:21:05	1	2	15	0
        118744	2026-05-06 12:21:17	1	2	15	0
        117092	2026-05-06 12:22:18	1	2	15	0
        117120	2026-05-06 12:22:22	1	2	15	0
        117487	2026-05-06 12:22:26	1	2	15	0
        116748	2026-05-06 12:22:28	1	2	15	0
        117921	2026-05-06 12:22:34	1	2	15	0
        117982	2026-05-06 12:22:35	1	2	15	0
        116142	2026-05-06 12:22:36	1	2	15	0
        117645	2026-05-06 12:22:39	1	2	15	0
        117840	2026-05-06 12:22:43	1	2	15	0
        117971	2026-05-06 12:22:47	1	2	15	0
        110371	2026-05-06 12:22:50	1	2	15	0
        110632	2026-05-06 12:22:56	1	2	15	0
        110093	2026-05-06 12:23:35	1	2	15	0
        117088	2026-05-06 12:23:39	1	2	15	0
        116831	2026-05-06 12:23:47	1	2	15	0
        110413	2026-05-06 12:24:28	1	2	15	0
        117680	2026-05-06 12:24:58	1	2	15	0
        117733	2026-05-06 12:25:16	1	2	15	0
        110808	2026-05-06 12:25:46	1	2	15	0
        116512	2026-05-06 12:26:10	1	2	15	0
        117224	2026-05-06 12:26:32	1	2	15	0
        110421	2026-05-06 12:26:36	1	2	15	0
        117733	2026-05-06 12:27:44	1	2	15	0
        117699	2026-05-06 12:27:59	1	2	15	0
        118302	2026-05-06 12:28:11	1	2	15	0
        116751	2026-05-06 12:28:35	1	2	15	0
        117542	2026-05-06 12:29:13	1	2	15	0
        110475	2026-05-06 12:29:29	1	2	15	0
        117645	2026-05-06 12:29:43	1	2	15	0
        117840	2026-05-06 12:29:45	1	2	15	0
        117039	2026-05-06 12:30:32	1	3	15	0
        117232	2026-05-06 12:30:39	1	3	15	0
        110574	2026-05-06 12:31:09	1	3	15	0
        110077	2026-05-06 12:32:10	1	3	15	0
        117817	2026-05-06 12:32:33	1	3	15	0
        117699	2026-05-06 12:33:09	1	3	15	0
        110183	2026-05-06 12:33:18	1	3	15	0
        116346	2026-05-06 12:33:31	1	3	15	0
        119594	2026-05-06 12:33:43	1	3	15	0
        117660	2026-05-06 12:34:02	1	3	15	0
        117635	2026-05-06 12:34:04	1	3	15	0
        110070	2026-05-06 12:34:09	1	3	15	0
        116073	2026-05-06 12:34:25	1	3	15	0
        119493	2026-05-06 12:34:43	1	3	15	0
        119594	2026-05-06 12:35:07	1	3	15	0
        110785	2026-05-06 12:35:29	1	3	15	0
        117966	2026-05-06 12:36:01	1	3	15	0
        117838	2026-05-06 12:36:02	1	3	15	0
        117769	2026-05-06 12:36:03	1	3	15	0
        118732	2026-05-06 12:36:18	1	3	15	0
        118593	2026-05-06 12:36:43	1	3	15	0
        110475	2026-05-06 12:36:55	1	3	15	0
        110574	2026-05-06 12:37:03	1	3	15	0
        117660	2026-05-06 12:37:09	1	3	15	0
        117635	2026-05-06 12:37:12	1	3	15	0
        118732	2026-05-06 12:37:44	1	3	15	0
        110510	2026-05-06 12:37:52	1	3	15	0
        110807	2026-05-06 12:37:59	1	3	15	0
        117841	2026-05-06 12:38:19	1	3	15	0
        116441	2026-05-06 12:38:40	1	3	15	0
        116477	2026-05-06 12:38:41	1	3	15	0
        117817	2026-05-06 12:38:47	1	3	15	0
        110131	2026-05-06 12:39:23	1	3	15	0
        110357	2026-05-06 12:40:08	1	3	15	0
        117841	2026-05-06 12:41:14	1	3	15	0
        117591	2026-05-06 12:41:41	1	3	15	0
        117497	2026-05-06 12:41:46	1	3	15	0
        110200	2026-05-06 12:42:00	1	3	15	0
        117114	2026-05-06 12:42:27	1	3	15	0
        116441	2026-05-06 12:43:05	1	3	15	0
        119493	2026-05-06 12:43:31	1	3	15	0
        117111	2026-05-06 12:44:25	1	3	15	0
        118695	2026-05-06 12:44:27	1	3	15	0
        116828	2026-05-06 12:44:30	1	3	1	0
        110200	2026-05-06 12:44:38	1	3	15	0
        118971	2026-05-06 12:45:01	1	3	15	0
        110549	2026-05-06 12:45:06	1	3	15	0
        116477	2026-05-06 12:45:10	1	3	15	0
        117337	2026-05-06 12:46:17	1	3	15	0
        110360	2026-05-06 12:46:51	1	1	15	0
        118046	2026-05-06 12:47:08	1	3	15	0
        116483	2026-05-06 12:47:16	1	3	15	0
        119070	2026-05-06 12:47:18	1	3	15	0
        118455	2026-05-06 12:47:21	1	3	15	0
        110074	2026-05-06 12:47:24	1	3	15	0
        110131	2026-05-06 12:49:24	1	3	15	0
        110050	2026-05-06 12:49:58	1	3	15	0
        110201	2026-05-06 12:50:03	1	3	15	0
        118867	2026-05-06 12:50:10	1	3	15	0
        110418	2026-05-06 12:50:13	1	3	15	0
        110025	2026-05-06 12:50:18	1	3	15	0
        116763	2026-05-06 12:50:29	1	3	15	0
        119070	2026-05-06 12:52:11	1	3	15	0
        110074	2026-05-06 12:52:16	1	3	15	0
        116483	2026-05-06 12:52:19	1	3	15	0
        118455	2026-05-06 12:52:21	1	3	15	0
        118593	2026-05-06 12:53:12	1	3	15	0
        118867	2026-05-06 12:53:15	1	3	15	0
        110452	2026-05-06 12:54:01	1	3	15	0
        110025	2026-05-06 12:54:13	1	3	15	0
        116805	2026-05-06 12:54:22	1	3	15	0
        110050	2026-05-06 12:54:27	1	3	15	0
        116356	2026-05-06 12:54:33	1	3	15	0
        118369	2026-05-06 12:54:36	1	3	15	0
        117981	2026-05-06 12:54:38	1	3	15	0
        117061	2026-05-06 12:54:41	1	3	15	0
        110356	2026-05-06 12:54:44	1	3	15	0
        110183	2026-05-06 12:54:47	1	3	15	0
        110201	2026-05-06 12:54:48	1	3	15	0
        117694	2026-05-06 12:54:57	1	3	15	0
        116297	2026-05-06 12:55:00	1	3	15	0
        117644	2026-05-06 12:55:06	1	3	15	0
        116260	2026-05-06 12:55:45	1	3	15	0
        110511	2026-05-06 12:56:43	1	3	15	0
        116805	2026-05-06 12:56:53	1	3	15	0
        116356	2026-05-06 12:56:55	1	3	15	0
        118369	2026-05-06 12:56:57	1	3	15	0
        117061	2026-05-06 12:57:00	1	3	15	0
        117981	2026-05-06 12:57:02	1	3	15	0
        117644	2026-05-06 12:57:06	1	3	15	0
        116297	2026-05-06 12:58:06	1	3	15	0
        117786	2026-05-06 12:59:58	1	3	15	0
        110360	2026-05-06 13:02:12	1	3	15	0
        118702	2026-05-06 13:47:22	1	3	15	0
        119375	2026-05-06 16:00:01	1	1	15	0
        116297	2026-05-06 16:31:27	1	1	15	0
        119375	2026-05-06 16:47:36	1	1	15	0
        110201	2026-05-06 17:00:58	1	1	15	0
        116346	2026-05-06 17:02:56	1	1	15	0
        110431	2026-05-06 17:04:48	1	1	15	0
        116763	2026-05-06 17:04:54	1	1	15	0
        110376	2026-05-06 17:05:00	1	1	15	0
        110377	2026-05-06 17:05:02	1	1	15	0
        116129	2026-05-06 17:05:54	1	1	15	0
        118928	2026-05-06 17:05:55	1	1	15	0
        110549	2026-05-06 17:06:53	1	1	15	0
        118180	2026-05-06 17:06:58	1	1	15	0
        110452	2026-05-06 17:07:13	1	1	15	0
        117224	2026-05-06 17:08:26	1	1	15	0
        117926	2026-05-06 17:09:19	1	1	15	0
        119272	2026-05-06 17:09:51	1	1	15	0
        116282	2026-05-06 17:10:04	1	1	15	0
        110785	2026-05-06 17:10:21	1	1	15	0
        116279	2026-05-06 17:18:17	1	1	15	0
        117900	2026-05-06 17:20:57	1	1	15	0
        110371	2026-05-06 17:21:03	1	1	15	0
        110818	2026-05-06 17:21:08	1	1	15	0
        117833	2026-05-06 17:26:30	1	1	15	0
        110421	2026-05-06 17:26:32	1	1	15	0
        117930	2026-05-06 17:26:34	1	1	15	0
        117111	2026-05-06 17:28:31	1	1	15	0
        117642	2026-05-06 17:29:32	1	1	15	0
        110418	2026-05-06 17:40:03	1	1	15	0
        117232	2026-05-06 17:40:11	1	1	15	0
        117100	2026-05-06 17:40:41	1	1	15	0
        117790	2026-05-06 17:41:03	1	1	15	0
        110424	2026-05-06 17:41:13	1	1	15	0
        118101	2026-05-06 17:41:15	1	1	15	0
        117828	2026-05-06 17:41:17	1	1	15	0
        118593	2026-05-06 17:42:34	1	1	15	0
        117236	2026-05-06 17:43:14	1	1	15	0
        117786	2026-05-06 17:58:05	1	1	15	0
        118414	2026-05-06 18:00:22	1	1	15	0
        117770	2026-05-06 18:00:29	1	1	15	0
        110113	2026-05-06 18:00:49	1	1	15	0
        117201	2026-05-06 18:01:03	1	1	15	0
        118867	2026-05-06 18:01:13	1	1	15	0
        110574	2026-05-06 18:01:38	1	1	15	0
        118750	2026-05-06 18:01:44	1	1	15	0
        117635	2026-05-06 18:01:47	1	1	15	0
        117110	2026-05-06 18:01:49	1	1	15	0
        117966	2026-05-06 18:02:03	1	1	15	0
        117483	2026-05-06 18:02:07	1	1	15	0
        117838	2026-05-06 18:02:09	1	1	15	0
        116232	2026-05-06 18:03:17	1	1	15	0
        118640	2026-05-06 18:03:49	1	1	15	0
        117644	2026-05-06 18:04:36	1	1	15	0
        110809	2026-05-06 18:04:58	1	1	15	0
        110084	2026-05-06 18:05:04	1	1	15	0
        118580	2026-05-06 18:05:20	1	1	15	0
        110462	2026-05-06 18:06:05	1	1	15	0
        110493	2026-05-06 18:06:12	1	1	15	0
        118992	2026-05-06 18:06:29	1	1	15	0
        110495	2026-05-06 18:06:39	1	1	15	0
        117591	2026-05-06 18:06:50	1	1	15	0
        110645	2026-05-06 18:07:08	1	1	15	0
        117054	2026-05-06 18:07:31	1	1	15	0
        110807	2026-05-06 18:07:50	1	1	15	0
        110051	2026-05-06 18:07:54	1	1	15	0
        117981	2026-05-06 18:08:01	1	1	15	0
        117129	2026-05-06 18:08:36	1	1	15	0
        117971	2026-05-06 18:09:27	1	1	15	0
        117039	2026-05-06 18:10:49	1	1	15	0
        110527	2026-05-06 18:11:04	1	1	15	0
        117230	2026-05-06 18:12:21	1	1	15	0
        110055	2026-05-06 18:13:38	1	1	15	0
        118744	2026-05-06 18:14:18	1	1	15	0
        110074	2026-05-06 18:15:05	1	1	15	0
        119070	2026-05-06 18:15:10	1	1	15	0
        117103	2026-05-06 18:15:13	1	1	15	0
        110360	2026-05-06 18:15:16	1	1	15	0
        110538	2026-05-06 18:15:59	1	1	15	0
        118550	2026-05-06 18:16:18	1	1	15	0
        110475	2026-05-06 18:16:27	1	1	15	0
        116741	2026-05-06 18:17:02	1	1	15	0
        110465	2026-05-06 18:18:16	1	1	15	0
        110463	2026-05-06 18:18:22	1	1	15	0
        117092	2026-05-06 18:19:59	1	1	15	0
        119449	2026-05-06 18:20:19	1	1	15	0
        117694	2026-05-06 18:21:58	1	1	15	0
        117811	2026-05-06 18:23:09	1	1	15	0
        110808	2026-05-06 18:23:31	1	1	15	0
        117982	2026-05-06 18:23:37	1	1	15	0
        117645	2026-05-06 18:23:39	1	1	15	0
        110100	2026-05-06 18:23:54	1	1	15	0
        118997	2026-05-06 18:24:24	1	1	15	0
        110580	2026-05-06 18:25:31	1	1	15	0
        110581	2026-05-06 18:25:34	1	1	15	0
        110732	2026-05-06 18:25:37	1	1	15	0
        117196	2026-05-06 18:27:06	1	1	15	0
        118458	2026-05-06 18:28:01	1	1	15	0
        117817	2026-05-06 18:28:03	1	1	15	0
        117921	2026-05-06 18:28:08	1	1	15	0
        116828	2026-05-06 18:28:13	1	1	1	0
        117840	2026-05-06 18:29:19	1	1	15	0
        118971	2026-05-06 18:29:40	1	1	15	0
        117733	2026-05-06 18:30:01	1	1	15	0
        117837	2026-05-06 18:31:01	1	1	15	0
        118732	2026-05-06 18:31:54	1	1	15	0
        116512	2026-05-06 18:31:58	1	1	15	0
        116751	2026-05-06 18:32:01	1	1	15	0
        110378	2026-05-06 18:32:26	1	1	15	0
        117497	2026-05-06 18:32:58	1	1	15	0
        118046	2026-05-06 18:33:46	1	1	15	0
        117042	2026-05-06 18:34:25	1	1	15	0
        116451	2026-05-06 18:34:29	1	1	15	0
        117023	2026-05-06 18:35:08	1	1	15	0
        110632	2026-05-06 18:35:17	1	1	15	0
        110357	2026-05-06 18:36:18	1	1	15	0
        110457	2026-05-06 18:36:46	1	1	15	0
        117122	2026-05-06 18:38:56	1	1	15	0
        118584	2026-05-06 18:40:00	1	1	15	0
        117122	2026-05-06 18:40:09	1	1	15	0
        116805	2026-05-06 18:40:23	1	1	15	0
        117061	2026-05-06 18:40:36	1	1	15	0
        119535	2026-05-06 18:41:29	1	1	15	0
        110510	2026-05-06 18:41:41	1	1	15	0
        117616	2026-05-06 18:41:47	1	1	15	0
        110810	2026-05-06 18:41:49	1	1	15	0
        110128	2026-05-06 18:41:57	1	1	15	0
        119493	2026-05-06 18:43:15	1	1	15	0
        116383	2026-05-06 18:44:17	1	1	15	0
        110355	2026-05-06 18:45:06	1	1	15	0
        110511	2026-05-06 18:45:58	1	1	15	0
        116831	2026-05-06 18:46:22	1	1	15	0
        117487	2026-05-06 18:46:29	1	1	15	0
        118455	2026-05-06 18:46:55	1	1	15	0
        117541	2026-05-06 18:46:57	1	1	15	0
        116274	2026-05-06 18:47:07	1	1	15	0
        119494	2026-05-06 18:47:34	1	1	15	0
        117849	2026-05-06 18:49:02	1	1	15	0
        117144	2026-05-06 18:49:15	1	1	15	0
        116356	2026-05-06 18:50:00	1	1	15	0
        118369	2026-05-06 18:50:06	1	1	15	0
        118302	2026-05-06 18:50:23	1	1	15	0
        116483	2026-05-06 18:51:43	1	1	15	0
        119227	2026-05-06 18:51:53	1	1	15	0
        117270	2026-05-06 18:52:35	1	1	15	0
        117567	2026-05-06 18:52:45	1	1	15	0
        110356	2026-05-06 18:52:55	1	1	15	0
        117543	2026-05-06 18:52:58	1	1	15	0
        117723	2026-05-06 18:53:03	1	1	15	0
        110805	2026-05-06 18:53:30	1	1	15	0
        117114	2026-05-06 18:54:09	1	1	15	0
        119263	2026-05-06 18:54:23	1	1	15	0
        110050	2026-05-06 18:54:37	1	1	15	0
        117088	2026-05-06 18:54:49	1	1	15	0
        116252	2026-05-06 18:54:54	1	1	15	0
        117841	2026-05-06 18:55:01	1	1	15	0
        117162	2026-05-06 18:56:02	1	1	15	0
        117769	2026-05-06 18:56:08	1	1	15	0
        117839	2026-05-06 18:56:10	1	1	15	0
        110050	2026-05-06 18:56:47	1	1	15	0
        118702	2026-05-06 18:57:07	1	1	15	0
        116073	2026-05-06 18:57:25	1	1	15	0
        119364	2026-05-06 18:57:51	1	1	15	0
        110657	2026-05-06 18:58:25	1	1	15	0
        117815	2026-05-06 18:58:38	1	1	15	0
        110093	2026-05-06 18:59:11	1	1	15	0
        116787	2026-05-06 19:00:27	1	1	15	0
        116477	2026-05-06 19:00:36	1	1	15	0
        110131	2026-05-06 19:00:39	1	1	15	0
        110535	2026-05-06 19:01:13	1	1	15	0
        116453	2026-05-06 19:01:42	1	1	15	0
        117684	2026-05-06 19:02:05	1	1	15	0
        117088	2026-05-06 19:02:11	1	1	15	0
        110456	2026-05-06 19:02:42	1	1	15	0
        116260	2026-05-06 19:03:16	1	1	15	0
        116072	2026-05-06 19:03:19	1	1	15	0
        117924	2026-05-06 19:03:20	1	1	15	0
        116497	2026-05-06 19:03:23	1	1	15	0
        116748	2026-05-06 19:04:11	1	1	15	0
        110070	2026-05-06 19:04:28	1	1	15	0
        110200	2026-05-06 19:05:57	1	1	15	0
        117529	2026-05-06 19:06:00	1	1	15	0
        110077	2026-05-06 19:07:42	1	1	15	0
        116990	2026-05-06 19:08:42	1	1	15	0
        116070	2026-05-06 19:08:45	1	1	15	0
        117542	2026-05-06 19:09:20	1	1	15	0
        110025	2026-05-06 19:11:27	1	1	15	0
        116995	2026-05-06 19:11:55	1	1	15	0
        116441	2026-05-06 19:17:15	1	1	15	0
        117660	2026-05-06 19:17:23	1	1	15	0
        116053	2026-05-06 19:17:26	1	1	15	0
        119594	2026-05-06 19:18:12	1	1	15	0
        117742	2026-05-06 19:18:15	1	1	15	0
        117807	2026-05-06 19:18:18	1	1	15	0
        116069	2026-05-06 19:18:23	1	1	15	0
        118867	2026-05-06 19:20:14	1	1	15	0
        117699	2026-05-06 19:24:20	1	1	15	0
        119602	2026-05-06 19:26:09	1	1	15	0
        110413	2026-05-06 19:26:13	1	1	15	0
        116142	2026-05-06 20:00:06	1	1	15	0
        117120	2026-05-06 20:00:09	1	1	15	0
        110183	2026-05-06 20:26:34	1	1	15	0
        118695	2026-05-06 20:29:15	1	1	15	0
        117337	2026-05-06 20:29:18	1	1	15	0
        117201	2026-05-07 05:04:47	1	0	15	0
        110093	2026-05-07 05:23:03	1	0	15	0
        116479	2026-05-07 05:23:28	1	0	15	0
        116831	2026-05-07 05:25:47	1	0	15	0
        117694	2026-05-07 06:19:45	1	0	15	0
        110506	2026-05-07 06:24:35	1	0	15	0
        110809	2026-05-07 06:35:35	1	0	15	0
        118750	2026-05-07 06:37:40	1	0	15	0
        110432	2026-05-07 06:38:55	1	0	15	0
        118414	2026-05-07 06:41:49	1	0	15	0
        110465	2026-05-07 06:42:35	1	0	15	0
        118732	2026-05-07 06:42:45	1	0	15	0
        110732	2026-05-07 06:48:32	1	0	15	0
        117196	2026-05-07 06:49:38	1	0	15	0
        117129	2026-05-07 06:50:38	1	0	15	0
        119107	2026-05-07 06:51:31	1	0	15	0
        117230	2026-05-07 06:52:38	1	0	15	0
        110580	2026-05-07 06:54:48	1	0	15	0
        110462	2026-05-07 06:55:09	1	0	15	0
        116232	2026-05-07 06:55:22	1	0	15	0
        117635	2026-05-07 06:55:49	1	0	15	0
        119070	2026-05-07 06:56:10	1	0	15	0
        110360	2026-05-07 06:57:24	1	0	15	0
        117483	2026-05-07 06:57:34	1	0	1	0
        110084	2026-05-07 06:57:56	1	0	15	0
        117054	2026-05-07 06:58:31	1	0	15	0
        118997	2026-05-07 06:58:41	1	0	15	0
        110493	2026-05-07 06:58:48	1	0	15	0
        110158	2026-05-07 06:58:59	1	0	15	0
        117733	2026-05-07 06:59:53	1	0	15	0
        110535	2026-05-07 07:00:23	1	0	15	0
        118744	2026-05-07 07:00:26	1	0	15	0
        117770	2026-05-07 07:00:51	1	0	15	0
        110131	2026-05-07 07:00:53	1	0	15	0
        117091	2026-05-07 07:01:07	1	0	15	0
        119365	2026-05-07 07:01:43	1	0	15	0
        117591	2026-05-07 07:02:10	1	0	15	0
        117840	2026-05-07 07:03:18	1	0	15	0
        110492	2026-05-07 07:03:36	1	0	15	0
        110807	2026-05-07 07:03:52	1	0	15	0
        110456	2026-05-07 07:05:21	1	0	15	0
        117092	2026-05-07 07:05:46	1	0	15	0
        119449	2026-05-07 07:05:49	1	0	15	0
        110510	2026-05-07 07:06:00	1	0	15	0
        110632	2026-05-07 07:06:05	1	0	15	0
        110549	2026-05-07 07:06:10	1	0	15	0
        110574	2026-05-07 07:06:51	1	0	15	0
        118640	2026-05-07 07:07:38	1	0	15	0
        117103	2026-05-07 07:08:53	1	0	15	0
        110113	2026-05-07 07:09:30	1	0	15	0
        117837	2026-05-07 07:10:39	1	0	15	0
        118580	2026-05-07 07:10:45	1	0	15	0
        110511	2026-05-07 07:11:06	1	0	15	0
        117660	2026-05-07 07:12:32	1	0	15	0
        110808	2026-05-07 07:13:57	1	0	15	0
        110581	2026-05-07 07:14:16	1	0	15	0
        117838	2026-05-07 07:14:24	1	0	15	0
        116142	2026-05-07 07:14:37	1	0	15	0
        110074	2026-05-07 07:15:01	1	0	15	0
        118493	2026-05-07 07:15:28	1	0	15	0
        117644	2026-05-07 07:16:40	1	0	15	0
        117982	2026-05-07 07:17:21	1	0	15	0
        117120	2026-05-07 07:17:49	1	0	15	0
        110475	2026-05-07 07:17:58	1	0	15	0
        110785	2026-05-07 07:18:05	1	0	15	0
        110538	2026-05-07 07:18:07	1	0	15	0
        110378	2026-05-07 07:19:05	1	0	15	0
        118101	2026-05-07 07:19:38	1	0	15	0
        117705	2026-05-07 07:20:02	1	0	15	0
        117497	2026-05-07 07:20:40	1	0	15	0
        117966	2026-05-07 07:20:42	1	0	15	0
        117110	2026-05-07 07:20:45	1	0	15	0
        117972	2026-05-07 07:20:50	1	0	15	0
        110527	2026-05-07 07:21:20	1	0	15	0
        110457	2026-05-07 07:22:21	1	0	15	0
        117162	2026-05-07 07:23:20	1	0	15	0
        119493	2026-05-07 07:23:29	1	0	15	0
        119494	2026-05-07 07:24:22	1	0	15	0
        117769	2026-05-07 07:25:52	1	0	15	0
        110463	2026-05-07 07:25:59	1	0	15	0
        117815	2026-05-07 07:26:21	1	0	15	0
        117811	2026-05-07 07:28:26	1	0	15	0
        117921	2026-05-07 07:28:33	1	0	15	0
        117114	2026-05-07 07:28:50	1	0	15	0
        110495	2026-05-07 07:29:36	1	0	15	0
        119535	2026-05-07 07:29:59	1	0	15	0
        116441	2026-05-07 07:30:54	1	0	15	0
        117269	2026-05-07 07:31:03	1	0	15	0
        110424	2026-05-07 07:31:11	1	0	15	0
        118458	2026-05-07 07:31:49	1	0	15	0
        118427	2026-05-07 07:31:58	1	0	15	0
        110355	2026-05-07 07:32:19	1	0	15	0
        117270	2026-05-07 07:32:38	1	0	15	0
        117900	2026-05-07 07:32:42	1	0	15	0
        117487	2026-05-07 07:32:49	1	0	15	0
        116741	2026-05-07 07:32:52	1	0	15	0
        110116	2026-05-07 07:32:59	1	0	15	0
        110070	2026-05-07 07:34:02	1	0	15	0
        110357	2026-05-07 07:35:33	1	0	15	0
        117121	2026-05-07 07:36:25	1	0	15	0
        118302	2026-05-07 07:36:37	1	0	15	0
        117111	2026-05-07 07:36:41	1	0	15	0
        116346	2026-05-07 07:36:43	1	0	15	0
        117742	2026-05-07 07:36:55	1	0	15	0
        117680	2026-05-07 07:37:01	1	0	15	0
        116073	2026-05-07 07:37:11	1	0	15	0
        110810	2026-05-07 07:37:15	1	0	15	0
        118971	2026-05-07 07:38:16	1	0	15	0
        117042	2026-05-07 07:38:49	1	0	15	0
        116451	2026-05-07 07:38:58	1	0	15	0
        118917	2026-05-07 07:39:20	1	0	15	0
        116824	2026-05-07 07:39:27	1	0	15	0
        117642	2026-05-07 07:39:40	1	0	15	0
        119594	2026-05-07 07:39:52	1	0	15	0
        110077	2026-05-07 07:40:02	1	0	15	0
        117061	2026-05-07 07:40:05	1	0	15	0
        116356	2026-05-07 07:40:07	1	0	15	0
        110100	2026-05-07 07:40:10	1	0	15	0
        117542	2026-05-07 07:40:32	1	0	15	0
        118455	2026-05-07 07:40:39	1	0	15	0
        117567	2026-05-07 07:41:29	1	0	15	0
        116356	2026-05-07 07:41:36	1	0	15	0
        118369	2026-05-07 07:41:59	1	0	15	0
        119364	2026-05-07 07:42:15	1	0	15	0
        116383	2026-05-07 07:42:21	1	0	15	0
        116828	2026-05-07 07:43:44	1	0	1	0
        110447	2026-05-07 07:43:53	1	0	15	0
        117817	2026-05-07 07:44:08	1	0	15	0
        116990	2026-05-07 07:44:16	1	0	15	0
        116483	2026-05-07 07:45:04	1	0	15	0
        110413	2026-05-07 07:45:24	1	0	15	0
        117337	2026-05-07 07:45:46	1	0	15	0
        117971	2026-05-07 07:45:48	1	0	15	0
        110006	2026-05-07 07:45:56	1	0	15	0
        118550	2026-05-07 07:46:15	1	0	15	0
        110567	2026-05-07 07:46:31	1	0	15	0
        117224	2026-05-07 07:48:02	1	0	15	0
        116129	2026-05-07 07:48:09	1	0	15	0
        110421	2026-05-07 07:48:10	1	0	15	0
        117616	2026-05-07 07:48:32	1	0	15	0
        116512	2026-05-07 07:49:13	1	0	15	0
        116751	2026-05-07 07:49:14	1	0	15	0
        117144	2026-05-07 07:49:39	1	0	15	0
        119263	2026-05-07 07:49:42	1	0	15	0
        118593	2026-05-07 07:49:49	1	0	15	0
        116995	2026-05-07 07:50:01	1	0	15	0
        116282	2026-05-07 07:50:06	1	0	15	0
        118046	2026-05-07 07:50:25	1	0	15	0
        110377	2026-05-07 07:52:02	1	0	15	0
        117543	2026-05-07 07:52:25	1	0	15	0
        117723	2026-05-07 07:52:29	1	0	15	0
        117930	2026-05-07 07:53:01	1	0	15	0
        117122	2026-05-07 07:53:02	1	0	15	0
        110431	2026-05-07 07:53:09	1	0	15	0
        117088	2026-05-07 07:53:12	1	0	15	0
        117841	2026-05-07 07:53:46	1	0	15	0
        116763	2026-05-07 07:54:02	1	0	15	0
        117849	2026-05-07 07:54:11	1	0	15	0
        110657	2026-05-07 07:54:23	1	0	15	0
        117833	2026-05-07 07:54:56	1	0	15	0
        110376	2026-05-07 07:55:05	1	0	15	0
        110025	2026-05-07 07:55:10	1	0	15	0
        110090	2026-05-07 07:55:31	1	0	15	0
        110055	2026-05-07 07:55:41	1	0	15	0
        118702	2026-05-07 07:56:53	1	0	15	0
        110183	2026-05-07 07:56:59	1	0	15	0
        116069	2026-05-07 07:57:33	1	0	15	0
        110128	2026-05-07 07:57:35	1	0	15	0
        118695	2026-05-07 07:57:51	1	0	15	0
        117981	2026-05-07 07:58:09	1	0	15	0
        117790	2026-05-07 07:58:22	1	0	15	0
        110805	2026-05-07 07:58:24	1	0	15	0
        117828	2026-05-07 07:58:32	1	0	15	0
        110050	2026-05-07 07:58:35	1	0	15	0
        117630	2026-05-07 07:58:38	1	0	15	0
        110372	2026-05-07 07:58:43	1	0	15	0
        116072	2026-05-07 07:59:16	1	0	15	0
        117926	2026-05-07 07:59:29	1	0	15	0
        116805	2026-05-07 07:59:33	1	0	15	0
        116070	2026-05-07 07:59:35	1	0	15	0
        118867	2026-05-07 07:59:41	1	0	15	0
        119227	2026-05-07 08:00:17	1	0	15	0
        110201	2026-05-07 08:00:48	1	0	15	0
        117807	2026-05-07 08:01:05	1	0	15	0
        117924	2026-05-07 08:02:01	1	0	15	0
        117699	2026-05-07 08:02:42	1	0	15	0
        118928	2026-05-07 08:03:56	1	0	15	0
        116053	2026-05-07 08:04:09	1	0	15	0
        116279	2026-05-07 08:04:16	1	0	15	0
        117236	2026-05-07 08:06:44	1	0	15	0
        117529	2026-05-07 08:07:38	1	0	15	0
        110418	2026-05-07 08:08:52	1	0	15	0
        116252	2026-05-07 08:11:06	1	0	15	0
        110452	2026-05-07 08:14:27	1	0	15	0
        117100	2026-05-07 08:20:05	1	0	15	0
        116497	2026-05-07 08:21:49	1	0	15	0
        117541	2026-05-07 08:30:55	1	0	15	0
        116260	2026-05-07 08:32:19	1	0	15	0
        116477	2026-05-07 08:35:32	1	0	15	0
        117839	2026-05-07 08:35:38	1	0	15	0
        110172	2026-05-07 08:46:01	1	0	15	0
        118180	2026-05-07 11:20:37	1	2	15	0
        110050	2026-05-07 11:27:58	1	2	15	0
        116995	2026-05-07 12:00:03	1	2	15	0
        117930	2026-05-07 12:00:05	1	2	15	0
        117224	2026-05-07 12:00:07	1	2	15	0
        117833	2026-05-07 12:00:09	1	2	15	0
        117770	2026-05-07 12:00:12	1	2	15	0
        117837	2026-05-07 12:00:14	1	2	15	0
        119107	2026-05-07 12:00:16	1	2	15	0
        116072	2026-05-07 12:00:21	1	2	15	0
        110457	2026-05-07 12:00:24	1	2	15	0
        116260	2026-05-07 12:00:26	1	2	15	0
        116497	2026-05-07 12:00:28	1	2	15	0
        117541	2026-05-07 12:00:29	1	2	15	0
        117924	2026-05-07 12:00:31	1	2	15	0
        110465	2026-05-07 12:00:33	1	2	15	0
        110462	2026-05-07 12:00:34	1	2	15	0
        110463	2026-05-07 12:00:37	1	2	15	0
        119449	2026-05-07 12:00:38	1	2	15	0
        110360	2026-05-07 12:00:40	1	2	15	0
        118744	2026-05-07 12:00:42	1	2	15	0
        110527	2026-05-07 12:00:43	1	2	15	0
        117122	2026-05-07 12:00:45	1	2	15	0
        119365	2026-05-07 12:00:48	1	2	15	0
        110113	2026-05-07 12:00:51	1	2	15	0
        117196	2026-05-07 12:00:53	1	2	15	0
        110452	2026-05-07 12:00:56	1	2	15	0
        118101	2026-05-07 12:00:58	1	2	15	0
        117817	2026-05-07 12:01:00	1	2	15	0
        117100	2026-05-07 12:01:02	1	2	15	0
        110090	2026-05-07 12:01:05	1	2	15	0
        117828	2026-05-07 12:01:05	1	2	15	0
        116252	2026-05-07 12:01:08	1	2	15	0
        119535	2026-05-07 12:01:13	1	2	15	0
        110128	2026-05-07 12:01:16	1	2	15	0
        116763	2026-05-07 12:01:18	1	2	15	0
        110418	2026-05-07 12:01:21	1	2	15	0
        117644	2026-05-07 12:01:34	1	2	15	0
        110810	2026-05-07 12:01:36	1	2	15	0
        117129	2026-05-07 12:01:39	1	2	15	0
        117543	2026-05-07 12:01:52	1	2	15	0
        110549	2026-05-07 12:01:54	1	2	15	0
        110172	2026-05-07 12:02:45	1	2	15	0
        110421	2026-05-07 12:02:48	1	2	15	0
        117926	2026-05-07 12:02:53	1	2	15	0
        110006	2026-05-07 12:03:02	1	2	15	0
        116497	2026-05-07 12:03:19	1	2	15	0
        117924	2026-05-07 12:03:21	1	2	15	0
        116260	2026-05-07 12:03:22	1	2	15	0
        110457	2026-05-07 12:03:25	1	2	15	0
        116072	2026-05-07 12:03:29	1	2	15	0
        117839	2026-05-07 12:03:30	1	2	15	0
        117811	2026-05-07 12:03:32	1	2	15	0
        117541	2026-05-07 12:03:34	1	2	15	0
        116995	2026-05-07 12:03:35	1	2	15	0
        117815	2026-05-07 12:03:37	1	2	15	0
        117833	2026-05-07 12:03:39	1	2	15	0
        117930	2026-05-07 12:03:41	1	2	15	0
        116252	2026-05-07 12:03:43	1	2	15	0
        110113	2026-05-07 12:03:45	1	2	15	0
        118101	2026-05-07 12:03:47	1	2	15	0
        117100	2026-05-07 12:03:50	1	2	15	0
        117828	2026-05-07 12:03:53	1	2	15	0
        117567	2026-05-07 12:03:55	1	2	15	0
        117644	2026-05-07 12:04:00	1	2	15	0
        117201	2026-05-07 12:04:06	1	2	15	0
        110006	2026-05-07 12:04:11	1	2	15	0
        116069	2026-05-07 12:04:22	1	2	15	0
        116741	2026-05-07 12:04:25	1	2	15	0
        117742	2026-05-07 12:04:30	1	2	15	0
        116990	2026-05-07 12:04:34	1	2	15	0
        117837	2026-05-07 12:04:36	1	2	15	0
        117770	2026-05-07 12:04:39	1	2	15	0
        118750	2026-05-07 12:04:42	1	2	15	0
        117110	2026-05-07 12:04:44	1	2	15	0
        117815	2026-05-07 12:04:46	1	2	15	0
        118971	2026-05-07 12:04:54	1	2	15	0
        110077	2026-05-07 12:04:55	1	2	15	0
        117337	2026-05-07 12:04:58	1	2	15	0
        117111	2026-05-07 12:05:01	1	2	15	0
        118695	2026-05-07 12:05:03	1	2	15	0
        117790	2026-05-07 12:05:05	1	2	15	0
        118640	2026-05-07 12:05:06	1	2	15	0
        117642	2026-05-07 12:05:08	1	2	15	0
        110158	2026-05-07 12:05:16	1	2	15	0
        117144	2026-05-07 12:05:36	1	2	15	0
        117680	2026-05-07 12:05:50	1	2	15	0
        110378	2026-05-07 12:05:58	1	2	15	0
        110424	2026-05-07 12:06:07	1	2	15	0
        110465	2026-05-07 12:06:11	1	2	15	0
        110355	2026-05-07 12:06:28	1	2	15	0
        117616	2026-05-07 12:06:30	1	2	15	0
        119365	2026-05-07 12:06:32	1	2	15	0
        110632	2026-05-07 12:06:35	1	2	15	0
        110785	2026-05-07 12:06:37	1	2	15	0
        110376	2026-05-07 12:06:40	1	2	15	0
        117926	2026-05-07 12:06:48	1	2	15	0
        117699	2026-05-07 12:07:04	1	2	15	0
        116070	2026-05-07 12:07:11	1	2	15	0
        110527	2026-05-07 12:07:26	1	2	15	0
        117817	2026-05-07 12:07:41	1	2	15	0
        117694	2026-05-07 12:07:44	1	2	15	0
        117972	2026-05-07 12:07:48	1	2	15	0
        117811	2026-05-07 12:07:55	1	2	15	0
        117839	2026-05-07 12:07:57	1	2	15	0
        110418	2026-05-07 12:08:01	1	2	15	0
        116763	2026-05-07 12:08:03	1	2	15	0
        119263	2026-05-07 12:08:04	1	2	15	0
        116824	2026-05-07 12:08:08	1	2	15	0
        116990	2026-05-07 12:08:12	1	2	15	0
        117742	2026-05-07 12:08:14	1	2	15	0
        116070	2026-05-07 12:08:15	1	2	15	0
        116069	2026-05-07 12:08:19	1	2	15	0
        118640	2026-05-07 12:08:23	1	2	15	0
        117966	2026-05-07 12:08:27	1	2	15	0
        117838	2026-05-07 12:08:29	1	2	15	0
        117201	2026-05-07 12:08:31	1	2	15	0
        110172	2026-05-07 12:08:33	1	2	15	0
        117769	2026-05-07 12:08:34	1	2	15	0
        110360	2026-05-07 12:08:37	1	2	15	0
        110055	2026-05-07 12:08:43	1	2	15	0
        117849	2026-05-07 12:08:48	1	2	15	0
        119494	2026-05-07 12:08:51	1	2	15	0
        110493	2026-05-07 12:08:55	1	2	15	0
        110495	2026-05-07 12:08:57	1	2	15	0
        116279	2026-05-07 12:09:01	1	2	15	0
        119107	2026-05-07 12:09:06	1	2	15	0
        119535	2026-05-07 12:09:09	1	2	15	0
        110424	2026-05-07 12:09:15	1	2	15	0
        110090	2026-05-07 12:09:32	1	2	15	0
        117129	2026-05-07 12:09:35	1	2	15	0
        110376	2026-05-07 12:09:49	1	2	15	0
        117114	2026-05-07 12:09:56	1	2	15	0
        116451	2026-05-07 12:10:01	1	2	15	0
        117230	2026-05-07 12:10:05	1	2	15	0
        117121	2026-05-07 12:10:09	1	2	15	0
        117110	2026-05-07 12:10:11	1	2	15	0
        117042	2026-05-07 12:10:13	1	2	15	0
        116831	2026-05-07 12:10:16	1	2	15	0
        118867	2026-05-07 12:10:35	1	2	15	0
        116073	2026-05-07 12:10:45	1	2	15	0
        110116	2026-05-07 12:10:53	1	2	15	0
        116824	2026-05-07 12:11:01	1	2	15	0
        117642	2026-05-07 12:11:10	1	2	15	0
        118917	2026-05-07 12:11:24	1	2	15	0
        117529	2026-05-07 12:11:26	1	2	15	0
        118414	2026-05-07 12:11:29	1	2	15	0
        116142	2026-05-07 12:11:34	1	2	15	0
        110495	2026-05-07 12:11:38	1	2	15	0
        110493	2026-05-07 12:11:40	1	2	15	0
        110100	2026-05-07 12:11:43	1	2	15	0
        117630	2026-05-07 12:11:44	1	2	15	0
        117982	2026-05-07 12:11:47	1	2	15	0
        117921	2026-05-07 12:11:49	1	2	15	0
        117790	2026-05-07 12:11:52	1	2	15	0
        119594	2026-05-07 12:12:01	1	2	15	0
        117849	2026-05-07 12:12:13	1	2	15	0
        119494	2026-05-07 12:12:18	1	2	15	0
        110356	2026-05-07 12:12:23	1	2	15	0
        110158	2026-05-07 12:12:25	1	2	15	0
        110377	2026-05-07 12:12:31	1	2	15	0
        117088	2026-05-07 12:12:58	1	2	15	0
        116279	2026-05-07 12:13:00	1	2	15	0
        117120	2026-05-07 12:13:06	1	2	15	0
        118867	2026-05-07 12:13:12	1	2	15	0
        119594	2026-05-07 12:13:18	1	2	15	0
        110070	2026-05-07 12:13:22	1	2	15	0
        118414	2026-05-07 12:13:40	1	2	15	0
        117769	2026-05-07 12:13:45	1	2	15	0
        117838	2026-05-07 12:13:47	1	2	15	0
        117966	2026-05-07 12:13:48	1	2	15	0
        117900	2026-05-07 12:13:50	1	2	15	0
        110567	2026-05-07 12:13:52	1	2	15	0
        117971	2026-05-07 12:13:54	1	2	15	0
        118493	2026-05-07 12:13:56	1	2	15	0
        110201	2026-05-07 12:13:58	1	2	15	0
        118550	2026-05-07 12:14:02	1	2	15	0
        118744	2026-05-07 12:14:05	1	2	15	0
        110475	2026-05-07 12:14:06	1	2	15	0
        110183	2026-05-07 12:14:11	1	2	15	0
        117926	2026-05-07 12:14:17	1	2	15	0
        117543	2026-05-07 12:14:22	1	2	15	0
        117120	2026-05-07 12:14:28	1	2	15	0
        116451	2026-05-07 12:14:38	1	2	15	0
        117144	2026-05-07 12:14:42	1	2	15	0
        117680	2026-05-07 12:14:45	1	2	15	0
        110810	2026-05-07 12:14:54	1	2	15	0
        117230	2026-05-07 12:15:04	1	2	15	0
        118917	2026-05-07 12:15:07	1	2	15	0
        117042	2026-05-07 12:15:08	1	2	15	0
        117982	2026-05-07 12:15:13	1	2	15	0
        117807	2026-05-07 12:15:18	1	2	15	0
        110372	2026-05-07 12:15:24	1	2	15	0
        117694	2026-05-07 12:15:52	1	2	15	0
        117972	2026-05-07 12:15:56	1	2	15	0
        117971	2026-05-07 12:16:05	1	2	15	0
        110567	2026-05-07 12:16:11	1	2	15	0
        117900	2026-05-07 12:16:15	1	2	15	0
        119449	2026-05-07 12:16:17	1	2	15	0
        116741	2026-05-07 12:16:19	1	2	15	0
        118493	2026-05-07 12:16:22	1	2	15	0
        110201	2026-05-07 12:16:28	1	2	15	0
        119263	2026-05-07 12:16:30	1	2	15	0
        110413	2026-05-07 12:16:32	1	2	15	0
        117542	2026-05-07 12:16:35	1	2	15	0
        117567	2026-05-07 12:16:39	1	2	15	0
        110456	2026-05-07 12:16:41	1	2	15	0
        110357	2026-05-07 12:16:42	1	2	15	0
        110378	2026-05-07 12:16:46	1	2	15	0
        119493	2026-05-07 12:16:52	1	2	15	0
        110808	2026-05-07 12:16:54	1	2	15	0
        110377	2026-05-07 12:17:16	1	2	15	0
        110100	2026-05-07 12:17:23	1	2	15	0
        117630	2026-05-07 12:17:27	1	2	15	0
        117122	2026-05-07 12:17:31	1	2	15	0
        110116	2026-05-07 12:17:36	1	2	15	0
        118458	2026-05-07 12:17:42	1	2	15	0
        118302	2026-05-07 12:17:54	1	2	15	0
        117088	2026-05-07 12:18:00	1	2	15	0
        118750	2026-05-07 12:18:18	1	2	15	0
        110492	2026-05-07 12:18:24	1	2	15	0
        117723	2026-05-07 12:18:29	1	2	15	0
        118702	2026-05-07 12:18:31	1	2	15	0
        110055	2026-05-07 12:18:34	1	2	15	0
        117092	2026-05-07 12:18:36	1	2	15	0
        117162	2026-05-07 12:18:39	1	2	15	0
        117270	2026-05-07 12:18:43	1	2	15	0
        116142	2026-05-07 12:18:47	1	2	15	0
        117487	2026-05-07 12:18:53	1	2	15	0
        110580	2026-05-07 12:19:22	1	2	15	0
        110581	2026-05-07 12:19:26	1	2	15	0
        110732	2026-05-07 12:19:27	1	2	15	0
        118971	2026-05-07 12:19:30	1	2	15	0
        118550	2026-05-07 12:19:38	1	2	15	0
        119493	2026-05-07 12:19:45	1	2	15	0
        117591	2026-05-07 12:19:49	1	2	15	0
        110355	2026-05-07 12:20:09	1	2	15	0
        117807	2026-05-07 12:20:15	1	2	15	0
        110413	2026-05-07 12:20:24	1	2	15	0
        117483	2026-05-07 12:20:39	1	2	15	0
        110492	2026-05-07 12:21:14	1	2	15	0
        110511	2026-05-07 12:21:40	1	2	15	0
        116831	2026-05-07 12:21:51	1	2	15	0
        116828	2026-05-07 12:21:57	1	2	1	0
        110456	2026-05-07 12:22:04	1	2	15	0
        117270	2026-05-07 12:22:11	1	2	15	0
        117733	2026-05-07 12:22:14	1	2	15	0
        118732	2026-05-07 12:22:16	1	2	15	0
        110372	2026-05-07 12:22:21	1	2	15	0
        110475	2026-05-07 12:22:37	1	2	15	0
        117616	2026-05-07 12:22:44	1	2	15	0
        110357	2026-05-07 12:22:50	1	2	15	0
        118458	2026-05-07 12:23:21	1	2	15	0
        110657	2026-05-07 12:23:24	1	2	15	0
        119364	2026-05-07 12:23:27	1	2	15	0
        117840	2026-05-07 12:23:30	1	2	15	0
        117487	2026-05-07 12:23:36	1	2	15	0
        118046	2026-05-07 12:23:40	1	2	15	0
        117723	2026-05-07 12:23:56	1	2	15	0
        117162	2026-05-07 12:23:58	1	2	15	0
        118702	2026-05-07 12:24:01	1	2	15	0
        110510	2026-05-07 12:24:29	1	2	15	0
        110807	2026-05-07 12:24:31	1	2	15	0
        116477	2026-05-07 12:24:45	1	2	15	0
        110077	2026-05-07 12:25:17	1	2	15	0
        117483	2026-05-07 12:25:25	1	2	1	0
        110538	2026-05-07 12:25:44	1	2	15	0
        118580	2026-05-07 12:25:47	1	2	15	0
        110084	2026-05-07 12:25:50	1	2	15	0
        110632	2026-05-07 12:25:53	1	2	15	0
        117733	2026-05-07 12:26:07	1	2	15	0
        118997	2026-05-07 12:26:30	1	2	15	0
        117103	2026-05-07 12:26:44	1	2	15	0
        110084	2026-05-07 12:26:56	1	2	15	0
        118732	2026-05-07 12:27:02	1	2	15	0
        118593	2026-05-07 12:27:46	1	2	15	0
        110785	2026-05-07 12:28:03	1	2	15	0
        117092	2026-05-07 12:28:09	1	2	15	0
        117591	2026-05-07 12:28:19	1	2	15	0
        116751	2026-05-07 12:28:44	1	2	15	0
        116512	2026-05-07 12:28:45	1	2	15	0
        110510	2026-05-07 12:28:51	1	2	15	0
        110538	2026-05-07 12:28:54	1	2	15	0
        110807	2026-05-07 12:28:58	1	2	15	0
        117497	2026-05-07 12:29:03	1	2	15	0
        116828	2026-05-07 12:29:06	1	2	1	0
        117054	2026-05-07 12:29:16	1	2	15	0
        110657	2026-05-07 12:29:23	1	2	15	0
        119364	2026-05-07 12:29:27	1	2	15	0
        117840	2026-05-07 12:29:30	1	2	15	0
        117103	2026-05-07 12:29:44	1	2	15	0
        110809	2026-05-07 12:30:03	1	2	15	0
        118928	2026-05-07 12:30:20	1	2	15	0
        117542	2026-05-07 12:30:22	1	2	15	0
        116129	2026-05-07 12:30:24	1	2	15	0
        116282	2026-05-07 12:30:26	1	2	15	0
        118180	2026-05-07 12:30:41	1	2	15	0
        110421	2026-05-07 12:30:59	1	2	15	0
        117224	2026-05-07 12:31:01	1	2	15	0
        110128	2026-05-07 12:31:21	1	2	15	0
        118997	2026-05-07 12:31:37	1	2	15	0
        117269	2026-05-07 12:32:06	1	2	15	0
        110574	2026-05-07 12:32:18	1	2	15	0
        117660	2026-05-07 12:32:23	1	2	15	0
        117635	2026-05-07 12:32:26	1	2	15	0
        117054	2026-05-07 12:32:47	1	2	15	0
        117061	2026-05-07 12:32:57	1	2	15	0
        117981	2026-05-07 12:32:59	1	2	15	0
        117114	2026-05-07 12:33:13	1	2	15	0
        117497	2026-05-07 12:33:36	1	2	15	0
        116477	2026-05-07 12:33:48	1	2	15	0
        117699	2026-05-07 12:34:13	1	2	15	0
        116282	2026-05-07 12:34:16	1	2	15	0
        116129	2026-05-07 12:34:19	1	2	15	0
        118928	2026-05-07 12:34:21	1	2	15	0
        118180	2026-05-07 12:34:23	1	2	15	0
        117269	2026-05-07 12:34:34	1	2	15	0
        110809	2026-05-07 12:34:52	1	2	15	0
        117529	2026-05-07 12:35:11	1	2	15	0
        110808	2026-05-07 12:35:14	1	2	15	0
        118695	2026-05-07 12:35:28	1	2	15	0
        117111	2026-05-07 12:35:30	1	2	15	0
        117921	2026-05-07 12:35:42	1	2	15	0
        117660	2026-05-07 12:36:01	1	2	15	0
        117635	2026-05-07 12:36:04	1	2	15	0
        110131	2026-05-07 12:36:11	1	2	15	0
        116073	2026-05-07 12:36:16	1	2	15	0
        117061	2026-05-07 12:36:27	1	3	15	0
        117981	2026-05-07 12:36:29	1	3	15	0
        117121	2026-05-07 12:37:08	1	3	15	0
        117088	2026-05-07 12:37:14	1	3	15	0
        110574	2026-05-07 12:37:25	1	3	15	0
        110549	2026-05-07 12:37:45	1	3	15	0
        110511	2026-05-07 12:38:21	1	3	15	0
        118302	2026-05-07 12:39:20	1	3	15	0
        110462	2026-05-07 12:39:26	1	3	15	0
        117497	2026-05-07 12:40:29	1	3	15	0
        110431	2026-05-07 12:40:46	1	3	15	0
        116346	2026-05-07 12:40:51	1	3	15	0
        110025	2026-05-07 12:40:58	1	3	15	0
        116441	2026-05-07 12:41:28	1	3	15	0
        116053	2026-05-07 12:41:30	1	3	15	0
        110581	2026-05-07 12:42:22	1	3	15	0
        110580	2026-05-07 12:42:24	1	3	15	0
        110732	2026-05-07 12:42:27	1	3	15	0
        117337	2026-05-07 12:42:30	1	3	15	0
        110463	2026-05-07 12:43:06	1	3	15	0
        110070	2026-05-07 12:43:21	1	3	15	0
        117236	2026-05-07 12:43:27	1	3	15	0
        116346	2026-05-07 12:44:51	1	3	15	0
        110025	2026-05-07 12:44:57	1	3	15	0
        116441	2026-05-07 12:46:20	1	3	15	0
        116053	2026-05-07 12:46:21	1	3	15	0
        110131	2026-05-07 12:46:31	1	3	15	0
        117236	2026-05-07 12:47:20	1	3	15	0
        117841	2026-05-07 12:49:03	1	3	15	0
        116453	2026-05-07 12:49:09	1	3	15	0
        118593	2026-05-07 12:49:57	1	3	15	0
        118046	2026-05-07 12:50:12	1	3	15	0
        116453	2026-05-07 12:50:35	1	3	15	0
        110431	2026-05-07 12:50:54	1	3	15	0
        117786	2026-05-07 12:51:12	1	3	15	0
        110074	2026-05-07 12:52:24	1	3	15	0
        110805	2026-05-07 12:52:27	1	3	15	0
        119227	2026-05-07 12:52:30	1	3	15	0
        119070	2026-05-07 12:52:32	1	3	15	0
        118580	2026-05-07 12:53:28	1	3	15	0
        116356	2026-05-07 12:54:15	1	3	15	0
        116805	2026-05-07 12:54:19	1	3	15	0
        118369	2026-05-07 12:54:21	1	3	15	0
        117091	2026-05-07 12:54:44	1	3	15	0
        110452	2026-05-07 12:54:47	1	3	15	0
        116483	2026-05-07 12:54:57	1	3	15	0
        118455	2026-05-07 12:55:00	1	3	15	0
        117841	2026-05-07 12:56:21	1	3	15	0
        119227	2026-05-07 12:57:25	1	3	15	0
        110805	2026-05-07 12:57:28	1	3	15	0
        110074	2026-05-07 12:57:31	1	3	15	0
        119070	2026-05-07 12:57:34	1	3	15	0
        116483	2026-05-07 12:57:37	1	3	15	0
        118455	2026-05-07 12:57:40	1	3	15	0
        116356	2026-05-07 12:57:43	1	3	15	0
        118369	2026-05-07 12:57:46	1	3	15	0
        116805	2026-05-07 12:57:47	1	3	15	0
        117091	2026-05-07 12:57:53	1	3	15	0
        116512	2026-05-07 12:58:28	1	3	15	0
        116751	2026-05-07 12:58:32	1	3	15	0
        110183	2026-05-07 12:58:54	1	3	15	0
        117645	2026-05-07 13:10:27	1	3	15	0
        118414	2026-05-07 15:32:08	1	3	15	0
        117230	2026-05-07 16:13:16	1	1	15	0
        117644	2026-05-07 16:58:07	1	1	15	0
        116279	2026-05-07 17:00:26	1	1	15	0
        110201	2026-05-07 17:01:02	1	1	15	0
        117100	2026-05-07 17:02:03	1	1	15	0
        110785	2026-05-07 17:04:48	1	1	15	0
        117630	2026-05-07 17:05:57	1	1	15	0
        117833	2026-05-07 17:07:30	1	1	15	0
        117930	2026-05-07 17:07:32	1	1	15	0
        118180	2026-05-07 17:08:01	1	1	15	0
        110431	2026-05-07 17:08:32	1	1	15	0
        110549	2026-05-07 17:08:36	1	1	15	0
        110452	2026-05-07 17:09:26	1	1	15	0
        110418	2026-05-07 17:11:09	1	1	15	0
        110377	2026-05-07 17:12:01	1	1	15	0
        110376	2026-05-07 17:12:11	1	1	15	0
        110421	2026-05-07 17:12:56	1	1	15	0
        118917	2026-05-07 17:13:34	1	1	15	0
        117790	2026-05-07 17:13:44	1	1	15	0
        116763	2026-05-07 17:14:10	1	1	15	0
        117121	2026-05-07 17:14:17	1	1	15	0
        117926	2026-05-07 17:16:27	1	1	15	0
        117786	2026-05-07 17:18:05	1	1	15	0
        118928	2026-05-07 17:18:35	1	1	15	0
        116129	2026-05-07 17:18:38	1	1	15	0
        117111	2026-05-07 17:19:58	1	1	15	0
        110424	2026-05-07 17:21:01	1	1	15	0
        110567	2026-05-07 17:26:57	1	1	15	0
        110172	2026-05-07 17:29:46	1	1	15	0
        117828	2026-05-07 17:29:57	1	1	15	0
        118101	2026-05-07 17:29:59	1	1	15	0
        117224	2026-05-07 17:32:37	1	1	15	0
        116252	2026-05-07 17:35:29	1	1	15	0
        118593	2026-05-07 17:38:19	1	1	15	0
        118046	2026-05-07 17:38:41	1	1	15	0
        116824	2026-05-07 17:44:59	1	1	15	0
        117642	2026-05-07 17:50:09	1	1	15	0
        117236	2026-05-07 17:54:52	1	1	15	0
        118640	2026-05-07 18:00:08	1	1	15	0
        118750	2026-05-07 18:01:42	1	1	15	0
        117635	2026-05-07 18:01:45	1	1	15	0
        117054	2026-05-07 18:03:37	1	1	15	0
        117201	2026-05-07 18:03:50	1	1	15	0
        118550	2026-05-07 18:03:54	1	1	15	0
        117269	2026-05-07 18:05:11	1	1	15	0
        116232	2026-05-07 18:06:25	1	1	15	0
        110360	2026-05-07 18:06:33	1	1	15	0
        110574	2026-05-07 18:07:04	1	1	15	0
        110493	2026-05-07 18:07:09	1	1	15	0
        119365	2026-05-07 18:07:27	1	1	15	0
        110492	2026-05-07 18:07:46	1	1	15	0
        117129	2026-05-07 18:08:02	1	1	15	0
        110809	2026-05-07 18:08:27	1	1	15	0
        118997	2026-05-07 18:08:32	1	1	15	0
        117733	2026-05-07 18:09:26	1	1	15	0
        117483	2026-05-07 18:10:36	1	1	1	0
        110084	2026-05-07 18:11:43	1	1	15	0
        110158	2026-05-07 18:12:13	1	1	15	0
        110511	2026-05-07 18:12:21	1	1	15	0
        118458	2026-05-07 18:12:30	1	1	15	0
        110462	2026-05-07 18:13:11	1	1	15	0
        117660	2026-05-07 18:13:21	1	1	15	0
        119449	2026-05-07 18:13:50	1	1	15	0
        118732	2026-05-07 18:14:43	1	1	15	0
        117838	2026-05-07 18:15:34	1	1	1	0
        117966	2026-05-07 18:15:40	1	1	15	0
        110475	2026-05-07 18:17:25	1	1	15	0
        110378	2026-05-07 18:20:20	1	1	15	0
        110465	2026-05-07 18:20:28	1	1	15	0
        110527	2026-05-07 18:23:28	1	1	15	0
        110131	2026-05-07 18:23:59	1	1	15	0
        117840	2026-05-07 18:24:12	1	1	15	0
        110808	2026-05-07 18:24:47	1	1	15	0
        116990	2026-05-07 18:25:44	1	1	15	0
        117815	2026-05-07 18:26:17	1	1	15	0
        110463	2026-05-07 18:27:11	1	1	15	0
        119493	2026-05-07 18:28:25	1	1	15	0
        110538	2026-05-07 18:28:30	1	1	15	0
        117487	2026-05-07 18:28:50	1	1	15	0
        118744	2026-05-07 18:29:34	1	1	15	0
        117162	2026-05-07 18:31:07	1	1	15	0
        119535	2026-05-07 18:31:23	1	1	15	0
        117092	2026-05-07 18:33:09	1	1	15	0
        116741	2026-05-07 18:33:47	1	1	15	0
        110495	2026-05-07 18:34:48	1	1	15	0
        110807	2026-05-07 18:35:31	1	1	15	0
        117091	2026-05-07 18:35:56	1	1	15	0
        117694	2026-05-07 18:36:25	1	1	15	0
        117497	2026-05-07 18:36:30	1	1	15	0
        110456	2026-05-07 18:36:34	1	1	15	0
        119494	2026-05-07 18:36:47	1	1	15	0
        110457	2026-05-07 18:36:56	1	1	15	0
        116453	2026-05-07 18:37:28	1	1	15	0
        117591	2026-05-07 18:37:47	1	1	15	0
        110580	2026-05-07 18:37:52	1	1	15	0
        110581	2026-05-07 18:37:55	1	1	15	0
        110732	2026-05-07 18:38:01	1	1	15	0
        117849	2026-05-07 18:38:29	1	1	15	0
        110810	2026-05-07 18:39:52	1	1	15	0
        118971	2026-05-07 18:40:22	1	1	15	0
        117971	2026-05-07 18:40:29	1	1	15	0
        118493	2026-05-07 18:40:34	1	1	15	0
        117900	2026-05-07 18:40:40	1	1	15	0
        117542	2026-05-07 18:40:45	1	1	15	0
        117680	2026-05-07 18:40:48	1	1	15	0
        117811	2026-05-07 18:41:02	1	1	15	0
        110074	2026-05-07 18:42:07	1	1	15	0
        110632	2026-05-07 18:42:20	1	1	15	0
        117120	2026-05-07 18:42:39	1	1	15	0
        110070	2026-05-07 18:44:58	1	1	15	0
        117921	2026-05-07 18:45:38	1	1	15	0
        117567	2026-05-07 18:46:37	1	1	15	0
        118302	2026-05-07 18:46:51	1	1	15	0
        110100	2026-05-07 18:47:12	1	1	15	0
        116356	2026-05-07 18:48:05	1	1	15	0
        116512	2026-05-07 18:50:05	1	1	15	0
        116751	2026-05-07 18:50:07	1	1	15	0
        117114	2026-05-07 18:50:16	1	1	15	0
        116346	2026-05-07 18:50:20	1	1	15	0
        110100	2026-05-07 18:50:25	1	1	15	0
        117103	2026-05-07 18:50:32	1	1	15	0
        110116	2026-05-07 18:50:40	1	1	15	0
        119107	2026-05-07 18:53:36	1	1	15	0
        117616	2026-05-07 18:53:48	1	1	15	0
        118580	2026-05-07 18:54:59	1	1	15	0
        117972	2026-05-07 18:55:26	1	1	15	0
        116995	2026-05-07 18:56:01	1	1	15	0
        117769	2026-05-07 18:56:12	1	1	15	0
        117122	2026-05-07 18:57:04	1	1	15	0
        117144	2026-05-07 18:57:14	1	1	15	0
        110357	2026-05-07 18:57:17	1	1	15	0
        110413	2026-05-07 18:57:42	1	1	15	0
        110805	2026-05-07 18:58:07	1	1	15	0
        119227	2026-05-07 18:58:13	1	1	15	0
        110355	2026-05-07 18:58:34	1	1	15	0
        117541	2026-05-07 18:59:02	1	1	15	0
        110510	2026-05-07 18:59:44	1	1	15	0
        116477	2026-05-07 19:00:09	1	1	15	0
        117541	2026-05-07 19:00:12	1	1	15	0
        117543	2026-05-07 19:00:16	1	1	15	0
        110077	2026-05-07 19:00:35	1	1	15	0
        110356	2026-05-07 19:01:22	1	1	15	0
        116441	2026-05-07 19:01:50	1	1	15	0
        116053	2026-05-07 19:01:54	1	1	15	0
        117839	2026-05-07 19:01:58	1	1	15	0
        117088	2026-05-07 19:02:09	1	1	15	0
        110055	2026-05-07 19:03:05	1	1	15	0
        117088	2026-05-07 19:03:54	1	1	15	0
        110183	2026-05-07 19:06:04	1	1	15	0
        116073	2026-05-07 19:06:10	1	1	15	0
        117270	2026-05-07 19:06:53	1	1	15	0
        118702	2026-05-07 19:07:12	1	1	15	0
        117723	2026-05-07 19:07:16	1	1	15	0
        110090	2026-05-07 19:07:27	1	1	15	0
        116828	2026-05-07 19:08:04	1	1	1	0
        110090	2026-05-07 19:08:49	1	1	15	0
        117042	2026-05-07 19:10:24	1	1	15	0
        116451	2026-05-07 19:10:28	1	1	15	0
        118867	2026-05-07 19:10:44	1	1	15	0
        117061	2026-05-07 19:12:18	1	1	15	0
        116072	2026-05-07 19:12:27	1	1	15	0
        117924	2026-05-07 19:12:44	1	1	15	0
        116260	2026-05-07 19:12:47	1	1	15	0
        116483	2026-05-07 19:13:04	1	1	15	0
        117981	2026-05-07 19:13:21	1	1	15	0
        110657	2026-05-07 19:13:24	1	1	15	0
        110025	2026-05-07 19:13:57	1	1	15	0
        110006	2026-05-07 19:14:51	1	1	15	0
        117982	2026-05-07 19:15:02	1	1	15	0
        119594	2026-05-07 19:15:17	1	1	15	0
        117742	2026-05-07 19:15:21	1	1	15	0
        116070	2026-05-07 19:15:24	1	1	15	0
        117645	2026-05-07 19:15:26	1	1	15	0
        117841	2026-05-07 19:15:29	1	1	15	0
        117337	2026-05-07 19:15:40	1	1	15	0
        118695	2026-05-07 19:15:43	1	1	15	0
        116805	2026-05-07 19:16:07	1	1	15	0
        118369	2026-05-07 19:16:08	1	1	15	0
        117807	2026-05-07 19:16:42	1	1	15	0
        116069	2026-05-07 19:17:33	1	1	15	0
        118455	2026-05-07 19:20:34	1	1	15	0
        116497	2026-05-07 19:20:39	1	1	15	0
        116142	2026-05-07 19:25:50	1	1	15	0
        117699	2026-05-07 19:25:55	1	1	15	0
        119263	2026-05-07 19:26:07	1	1	15	0
        117529	2026-05-07 19:29:38	1	1	15	0
        110128	2026-05-07 19:30:46	1	1	15	0
        119070	2026-05-07 19:31:40	1	1	15	0
        119364	2026-05-07 19:31:43	1	1	15	0
        117817	2026-05-07 19:31:45	1	1	15	0
        116831	2026-05-07 21:31:26	1	1	15	0
        110093	2026-05-07 22:39:03	1	1	15	0
        118563	2026-05-08 07:06:13	1	0	15	0
        117121	2026-05-08 07:19:25	1	0	15	0
        110549	2026-05-08 07:19:28	1	0	15	0
        117111	2026-05-08 07:25:19	1	0	15	0
        110197	2026-05-08 07:29:37	1	0	15	0
        110424	2026-05-08 07:33:34	1	0	15	0
        118493	2026-05-08 07:33:40	1	0	15	0
        118695	2026-05-08 07:34:47	1	0	15	0
        110201	2026-05-08 07:37:34	1	0	15	0
        110535	2026-05-08 07:39:01	1	0	15	0
        110371	2026-05-08 07:39:22	1	0	15	0
        119272	2026-05-08 07:40:19	1	0	15	0
        116763	2026-05-08 07:41:31	1	0	15	0
        116902	2026-05-08 07:43:31	1	0	15	0
        110370	2026-05-08 07:44:31	1	0	15	0
        117224	2026-05-08 07:45:18	1	0	15	0
        117091	2026-05-08 07:45:44	1	0	15	0
        117900	2026-05-08 07:46:36	1	0	15	0
        110817	2026-05-08 07:46:41	1	0	15	0
        110196	2026-05-08 07:46:47	1	0	15	0
        117528	2026-05-08 07:51:51	1	0	15	0
        118928	2026-05-08 07:54:01	1	0	15	0
        118970	2026-05-08 07:54:42	1	0	15	0
        118761	2026-05-08 07:55:02	1	0	15	0
        118593	2026-05-08 07:55:10	1	0	15	0
        118101	2026-05-08 07:55:42	1	0	15	0
        110431	2026-05-08 07:56:46	1	0	15	0
        117930	2026-05-08 07:56:52	1	0	15	0
        116129	2026-05-08 07:56:58	1	0	15	0
        110421	2026-05-08 07:57:20	1	0	15	0
        117828	2026-05-08 07:57:39	1	0	15	0
        117236	2026-05-08 07:57:58	1	0	15	0
        116282	2026-05-08 07:58:06	1	0	15	0
        118046	2026-05-08 07:58:46	1	0	15	0
        117926	2026-05-08 07:59:16	1	0	15	0
        110567	2026-05-08 08:01:57	1	0	15	0
        117692	2026-05-08 08:02:30	1	0	15	0
        117833	2026-05-08 08:02:33	1	0	15	0
        117642	2026-05-08 08:04:03	1	0	15	0
        116824	2026-05-08 08:04:19	1	0	15	0
        110452	2026-05-08 08:04:51	1	0	15	0
        110418	2026-05-08 08:06:46	1	0	15	0
        117814	2026-05-08 08:10:08	1	0	15	0
        118917	2026-05-08 08:10:17	1	0	15	0
        110447	2026-05-08 08:10:43	1	0	15	0
        118782	2026-05-08 08:11:43	1	0	15	0
        110513	2026-05-08 08:12:43	1	0	15	0
        118784	2026-05-08 08:15:28	1	0	15	0
        116428	2026-05-08 08:16:43	1	0	15	0
        117337	2026-05-08 08:17:26	1	0	15	0
        116095	2026-05-08 08:18:50	1	0	15	0
        110195	2026-05-08 08:20:18	1	0	15	0
        118180	2026-05-08 08:22:12	1	0	15	0
        116747	2026-05-08 08:23:08	1	0	15	0
        117630	2026-05-08 08:27:53	1	0	15	0
        117786	2026-05-08 08:30:13	1	0	15	0
        117085	2026-05-08 08:33:35	1	0	15	0
        110172	2026-05-08 08:41:00	1	0	15	0
        110376	2026-05-08 08:41:10	1	0	15	0
        117043	2026-05-08 08:45:33	1	0	15	0
        117790	2026-05-08 09:02:46	1	0	15	0
        117100	2026-05-08 09:16:29	1	0	15	0
        117965	2026-05-08 09:29:38	1	0	15	0
        110377	2026-05-08 11:55:32	1	2	15	0
        117224	2026-05-08 12:00:25	1	2	15	0
        117930	2026-05-08 12:00:29	1	2	15	0
        117926	2026-05-08 12:00:35	1	2	15	0
        110418	2026-05-08 12:01:16	1	2	15	0
        116763	2026-05-08 12:01:18	1	2	15	0
        117814	2026-05-08 12:01:30	1	2	15	0
        117085	2026-05-08 12:01:35	1	2	15	0
        117236	2026-05-08 12:01:37	1	2	15	0
        118917	2026-05-08 12:01:45	1	2	15	0
        117642	2026-05-08 12:02:15	1	2	15	0
        110447	2026-05-08 12:02:34	1	2	15	0
        116747	2026-05-08 12:02:58	1	2	15	0
        118046	2026-05-08 12:03:02	1	2	15	0
        110172	2026-05-08 12:04:08	1	2	15	0
        117528	2026-05-08 12:04:12	1	2	15	0
        110421	2026-05-08 12:04:14	1	2	15	0
        117043	2026-05-08 12:04:23	1	2	15	0
        117930	2026-05-08 12:04:36	1	2	15	0
        117926	2026-05-08 12:04:39	1	2	15	0
        110513	2026-05-08 12:04:41	1	2	15	0
        117814	2026-05-08 12:04:47	1	2	15	0
        117224	2026-05-08 12:05:52	1	2	15	0
        110424	2026-05-08 12:05:58	1	2	15	0
        118695	2026-05-08 12:06:05	1	2	15	0
        117337	2026-05-08 12:06:07	1	2	15	0
        117111	2026-05-08 12:06:10	1	2	15	0
        117100	2026-05-08 12:06:13	1	2	15	0
        110418	2026-05-08 12:06:15	1	2	15	0
        116763	2026-05-08 12:06:17	1	2	15	0
        117085	2026-05-08 12:06:18	1	2	15	0
        118917	2026-05-08 12:06:20	1	2	15	0
        117236	2026-05-08 12:06:22	1	2	15	0
        110371	2026-05-08 12:06:37	1	2	15	0
        118493	2026-05-08 12:06:40	1	2	15	0
        110201	2026-05-08 12:06:42	1	2	15	0
        117900	2026-05-08 12:06:45	1	2	15	0
        110370	2026-05-08 12:06:47	1	2	15	0
        116095	2026-05-08 12:06:49	1	2	15	0
        110817	2026-05-08 12:06:51	1	2	15	0
        110567	2026-05-08 12:06:53	1	2	15	0
        117790	2026-05-08 12:06:56	1	2	15	0
        116902	2026-05-08 12:07:00	1	2	15	0
        118761	2026-05-08 12:07:12	1	2	15	0
        118970	2026-05-08 12:07:40	1	2	15	0
        118928	2026-05-08 12:07:42	1	2	15	0
        110196	2026-05-08 12:08:10	1	2	15	0
        117965	2026-05-08 12:08:15	1	2	15	0
        118784	2026-05-08 12:08:34	1	2	15	0
        117786	2026-05-08 12:09:04	1	2	15	0
        116095	2026-05-08 12:09:35	1	2	15	0
        110371	2026-05-08 12:09:40	1	2	15	0
        110370	2026-05-08 12:09:46	1	2	15	0
        110201	2026-05-08 12:10:00	1	2	15	0
        110567	2026-05-08 12:10:02	1	2	15	0
        117965	2026-05-08 12:10:06	1	2	15	0
        110196	2026-05-08 12:10:10	1	2	15	0
        110817	2026-05-08 12:10:12	1	2	15	0
        117900	2026-05-08 12:10:17	1	2	15	0
        118493	2026-05-08 12:10:22	1	2	15	0
        110393	2026-05-08 12:10:43	1	2	15	0
        118928	2026-05-08 12:11:31	1	2	15	0
        118970	2026-05-08 12:11:33	1	2	15	0
        116282	2026-05-08 12:11:37	1	2	15	0
        117630	2026-05-08 12:11:41	1	2	15	0
        118784	2026-05-08 12:11:50	1	2	15	0
        117833	2026-05-08 12:12:07	1	2	15	0
        110431	2026-05-08 12:12:15	1	2	15	0
        110172	2026-05-08 12:12:30	1	2	15	0
        110197	2026-05-08 12:14:13	1	2	15	0
        116282	2026-05-08 12:14:29	1	2	15	0
        118046	2026-05-08 12:14:35	1	2	15	0
        118593	2026-05-08 12:14:41	1	2	15	0
        110447	2026-05-08 12:14:44	1	2	15	0
        110195	2026-05-08 12:14:47	1	2	15	0
        117630	2026-05-08 12:14:52	1	2	15	0
        117833	2026-05-08 12:15:20	1	2	15	0
        117091	2026-05-08 12:15:53	1	2	15	0
        117043	2026-05-08 12:15:54	1	2	15	0
        110424	2026-05-08 12:16:03	1	2	15	0
        110549	2026-05-08 12:19:06	1	2	15	0
        117692	2026-05-08 12:19:10	1	2	15	0
        110431	2026-05-08 12:19:15	1	2	15	0
        110376	2026-05-08 12:19:36	1	2	15	0
        110377	2026-05-08 12:19:41	1	2	15	0
        117091	2026-05-08 12:19:51	1	2	15	0
        118695	2026-05-08 12:20:40	1	2	15	0
        116747	2026-05-08 12:20:41	1	2	15	0
        110452	2026-05-08 12:21:16	1	2	15	0
        118761	2026-05-08 12:21:53	1	2	15	0
        110197	2026-05-08 12:22:23	1	2	15	0
        116428	2026-05-08 12:22:41	1	2	15	0
        110376	2026-05-08 12:24:04	1	2	15	0
        110377	2026-05-08 12:24:09	1	2	15	0
        116279	2026-05-08 12:24:15	1	2	15	0
        110549	2026-05-08 12:24:42	1	2	15	0
        117692	2026-05-08 12:24:44	1	2	15	0
        117121	2026-05-08 12:25:53	1	2	15	0
        118782	2026-05-08 12:25:56	1	2	15	0
        118593	2026-05-08 12:27:34	1	2	15	0
        117828	2026-05-08 12:27:58	1	2	15	0
        118101	2026-05-08 12:27:59	1	2	15	0
        117100	2026-05-08 12:28:57	1	2	15	0
        116824	2026-05-08 12:29:00	1	2	15	0
        110452	2026-05-08 12:30:20	1	3	15	0
        117337	2026-05-08 12:30:42	1	3	15	0
        118101	2026-05-08 12:30:57	1	3	15	0
        117828	2026-05-08 12:31:01	1	3	15	0
        117121	2026-05-08 12:31:02	1	3	15	0
        118782	2026-05-08 12:31:04	1	3	15	0
        116824	2026-05-08 12:31:08	1	3	15	0
        118563	2026-05-08 12:31:37	1	3	15	0
        110421	2026-05-08 12:31:40	1	3	15	0
        117528	2026-05-08 12:31:44	1	3	15	0
        117790	2026-05-08 12:31:46	1	3	15	0
        116902	2026-05-08 12:31:49	1	3	15	0
        116428	2026-05-08 12:34:22	1	3	15	0
        117786	2026-05-08 12:37:07	1	3	15	0
        117046	2026-05-08 12:37:32	1	3	15	0
        118563	2026-05-08 12:39:01	1	3	15	0
        110195	2026-05-08 12:44:31	1	3	15	0
        116129	2026-05-08 12:44:41	1	3	15	0
        118180	2026-05-08 12:44:43	1	3	15	0
        119272	2026-05-08 12:44:46	1	3	15	0
        110513	2026-05-08 12:45:24	1	3	15	0
        117642	2026-05-08 12:47:05	1	3	15	0
        116129	2026-05-08 12:52:18	1	3	15	0
        119272	2026-05-08 12:52:22	1	3	15	0
        118180	2026-05-08 12:52:29	1	3	15	0
        110393	2026-05-08 12:58:54	1	3	15	0
        116902	2026-05-08 17:01:10	1	1	1	0
        117043	2026-05-08 17:01:16	1	1	15	0
        117828	2026-05-08 17:01:21	1	1	15	0
        110393	2026-05-08 17:01:26	1	1	15	0
        116279	2026-05-08 17:01:29	1	1	15	0
        110549	2026-05-08 17:01:34	1	1	15	0
        117930	2026-05-08 17:01:37	1	1	15	0
        118563	2026-05-08 17:01:39	1	1	15	0
        110197	2026-05-08 17:02:11	1	1	15	0
        110447	2026-05-08 17:02:15	1	1	15	0
        117100	2026-05-08 17:02:18	1	1	15	0
        117900	2026-05-08 17:02:26	1	1	15	0
        110377	2026-05-08 17:03:48	1	1	15	0
        110201	2026-05-08 17:03:55	1	1	15	0
        110376	2026-05-08 17:04:03	1	1	15	0
        110424	2026-05-08 17:04:59	1	1	15	0
        118784	2026-05-08 17:05:29	1	1	15	0
        117965	2026-05-08 17:05:49	1	1	15	0
        110196	2026-05-08 17:05:54	1	1	15	0
        116095	2026-05-08 17:05:58	1	1	15	0
        110371	2026-05-08 17:06:04	1	1	15	0
        118180	2026-05-08 17:06:10	1	1	15	0
        118493	2026-05-08 17:06:23	1	1	15	0
        117630	2026-05-08 17:06:28	1	1	15	0
        110817	2026-05-08 17:07:15	1	1	15	0
        117224	2026-05-08 17:07:50	1	1	15	0
        116282	2026-05-08 17:09:39	1	1	15	0
        118928	2026-05-08 17:09:42	1	1	15	0
        118970	2026-05-08 17:09:44	1	1	15	0
        116129	2026-05-08 17:09:46	1	1	15	0
        119272	2026-05-08 17:11:42	1	1	15	0
        117814	2026-05-08 17:11:44	1	1	15	0
        110567	2026-05-08 17:14:58	1	1	15	0
        110513	2026-05-08 17:15:05	1	1	15	0
        117692	2026-05-08 17:20:15	1	1	15	0
        110195	2026-05-08 17:20:40	1	1	15	0
        118593	2026-05-08 17:25:15	1	1	15	0
        116763	2026-05-08 17:25:57	1	1	15	0
        110418	2026-05-08 17:26:57	1	1	15	0
        117121	2026-05-08 17:27:24	1	1	15	0
        118782	2026-05-08 17:28:07	1	1	15	0
        110172	2026-05-08 17:35:39	1	1	15	0
        117085	2026-05-08 17:48:20	1	1	15	0
        118046	2026-05-08 18:37:03	1	1	15	0
        117046	2026-05-08 20:19:13	1	1	15	0
        110535	2026-05-11 04:14:34	1	0	15	0
        117201	2026-05-11 04:44:53	1	0	15	0
        116995	2026-05-11 04:49:48	1	0	15	0
        117835	2026-05-11 04:54:04	1	0	15	0
        110144	2026-05-11 05:29:09	1	0	15	0
        119571	2026-05-11 05:34:32	1	0	15	0
        118568	2026-05-11 05:35:53	1	0	15	0
        116834	2026-05-11 05:40:07	1	0	15	0
        119107	2026-05-11 06:08:07	1	0	15	0
        116479	2026-05-11 06:11:57	1	0	15	0
        117232	2026-05-11 06:18:07	1	0	15	0
        116477	2026-05-11 06:23:05	1	0	15	0
        110809	2026-05-11 06:30:44	1	0	15	0
        116799	2026-05-11 06:34:14	1	0	15	0
        110549	2026-05-11 06:37:08	1	0	15	0
        110732	2026-05-11 06:38:08	1	0	15	0
        110527	2026-05-11 06:44:21	1	0	15	0
        118744	2026-05-11 06:44:27	1	0	15	0
        117129	2026-05-11 06:45:50	1	0	15	0
        116748	2026-05-11 06:46:33	1	0	15	0
        119070	2026-05-11 06:46:57	1	0	15	0
        116504	2026-05-11 06:49:48	1	0	15	0
        110510	2026-05-11 06:50:07	1	0	15	0
        118271	2026-05-11 06:50:12	1	0	15	0
        117230	2026-05-11 06:51:19	1	0	15	0
        117113	2026-05-11 06:51:28	1	0	15	0
        117645	2026-05-11 06:51:34	1	0	15	0
        110493	2026-05-11 06:51:57	1	0	15	0
        117733	2026-05-11 06:52:01	1	0	15	0
        110580	2026-05-11 06:54:13	1	0	15	0
        117837	2026-05-11 06:54:44	1	0	15	0
        110632	2026-05-11 06:55:07	1	0	15	0
        110360	2026-05-11 06:55:16	1	0	15	0
        110473	2026-05-11 06:55:40	1	0	15	0
        110088	2026-05-11 06:55:40	1	0	15	0
        118750	2026-05-11 06:56:06	1	0	15	0
        119006	2026-05-11 06:56:22	1	0	15	0
        116960	2026-05-11 06:56:24	1	0	15	0
        117196	2026-05-11 06:57:21	1	0	15	0
        110574	2026-05-11 06:57:45	1	0	15	0
        117212	2026-05-11 06:58:04	1	0	15	0
        110465	2026-05-11 06:59:26	1	0	15	0
        110105	2026-05-11 06:59:34	1	0	15	0
        117920	2026-05-11 06:59:51	1	0	15	0
        110466	2026-05-11 06:59:57	1	0	15	0
        117483	2026-05-11 07:00:06	1	0	15	0
        118640	2026-05-11 07:00:33	1	0	15	0
        110462	2026-05-11 07:01:00	1	0	15	0
        117966	2026-05-11 07:01:06	1	0	15	0
        110807	2026-05-11 07:01:19	1	0	15	0
        118563	2026-05-11 07:02:20	1	0	15	0
        116346	2026-05-11 07:04:50	1	0	15	0
        119453	2026-05-11 07:05:13	1	0	15	0
        118580	2026-05-11 07:05:59	1	0	15	0
        110808	2026-05-11 07:06:06	1	0	15	0
        117591	2026-05-11 07:06:44	1	0	15	0
        117711	2026-05-11 07:07:28	1	0	15	0
        118207	2026-05-11 07:07:33	1	0	15	0
        119364	2026-05-11 07:07:47	1	0	15	0
        110354	2026-05-11 07:08:34	1	0	15	0
        117812	2026-05-11 07:08:54	1	0	15	0
        110581	2026-05-11 07:10:29	1	0	15	0
        110424	2026-05-11 07:11:02	1	0	15	0
        110633	2026-05-11 07:11:06	1	0	15	0
        110158	2026-05-11 07:12:34	1	0	15	0
        110378	2026-05-11 07:13:39	1	0	15	0
        117162	2026-05-11 07:14:09	1	0	15	0
        110090	2026-05-11 07:14:41	1	0	15	0
        117541	2026-05-11 07:14:43	1	0	15	0
        110475	2026-05-11 07:15:40	1	0	15	0
        117103	2026-05-11 07:15:45	1	0	15	0
        117972	2026-05-11 07:16:06	1	0	15	0
        117838	2026-05-11 07:17:06	1	0	1	0
        117770	2026-05-11 07:17:15	1	0	15	0
        116252	2026-05-11 07:17:36	1	0	15	0
        110456	2026-05-11 07:18:42	1	0	15	0
        117850	2026-05-11 07:18:48	1	0	15	0
        118101	2026-05-11 07:19:55	1	0	15	0
        110538	2026-05-11 07:20:39	1	0	15	0
        116933	2026-05-11 07:20:47	1	0	15	0
        110511	2026-05-11 07:21:17	1	0	15	0
        110492	2026-05-11 07:21:39	1	0	15	0
        110507	2026-05-11 07:23:43	1	0	15	0
        110025	2026-05-11 07:25:35	1	0	15	0
        110063	2026-05-11 07:25:45	1	0	15	0
        110197	2026-05-11 07:25:58	1	0	15	0
        110785	2026-05-11 07:26:33	1	0	15	0
        117644	2026-05-11 07:27:07	1	0	15	0
        116512	2026-05-11 07:27:36	1	0	15	0
        116751	2026-05-11 07:27:38	1	0	15	0
        117092	2026-05-11 07:28:21	1	0	15	0
        118302	2026-05-11 07:28:54	1	0	15	0
        117259	2026-05-11 07:29:01	1	0	15	0
        110457	2026-05-11 07:29:07	1	0	15	0
        118753	2026-05-11 07:29:34	1	0	15	0
        110116	2026-05-11 07:29:52	1	0	15	0
        117121	2026-05-11 07:30:24	1	0	15	0
        110357	2026-05-11 07:31:10	1	0	15	0
        117088	2026-05-11 07:31:22	1	0	15	0
        116990	2026-05-11 07:31:27	1	0	15	0
        117769	2026-05-11 07:32:07	1	0	15	0
        118046	2026-05-11 07:32:26	1	0	15	0
        117709	2026-05-11 07:32:50	1	0	15	0
        118550	2026-05-11 07:33:20	1	0	15	0
        119493	2026-05-11 07:33:47	1	0	15	0
        110463	2026-05-11 07:33:51	1	0	15	0
        116902	2026-05-11 07:34:24	1	0	15	0
        110645	2026-05-11 07:34:35	1	0	15	0
        118369	2026-05-11 07:34:55	1	0	15	0
        110447	2026-05-11 07:35:09	1	0	15	0
        119494	2026-05-11 07:35:15	1	0	15	0
        119535	2026-05-11 07:35:20	1	0	15	0
        117680	2026-05-11 07:36:10	1	0	15	0
        117270	2026-05-11 07:36:34	1	0	15	0
        116805	2026-05-11 07:36:48	1	0	15	0
        117144	2026-05-11 07:36:53	1	0	15	0
        117487	2026-05-11 07:37:55	1	0	15	0
        119272	2026-05-11 07:38:26	1	0	15	0
        110810	2026-05-11 07:38:44	1	0	15	0
        116441	2026-05-11 07:38:50	1	0	15	0
        116383	2026-05-11 07:39:10	1	0	15	0
        117616	2026-05-11 07:39:15	1	0	15	0
        117595	2026-05-11 07:39:34	1	0	15	0
        117698	2026-05-11 07:39:48	1	0	15	0
        110418	2026-05-11 07:40:49	1	0	15	0
        117700	2026-05-11 07:41:14	1	0	15	0
        116428	2026-05-11 07:41:29	1	0	15	0
        117061	2026-05-11 07:42:10	1	0	15	0
        116356	2026-05-11 07:42:16	1	0	15	0
        117723	2026-05-11 07:42:29	1	0	15	0
        118695	2026-05-11 07:43:10	1	0	15	0
        119449	2026-05-11 07:44:18	1	0	15	0
        117111	2026-05-11 07:44:23	1	0	15	0
        110356	2026-05-11 07:44:28	1	0	15	0
        110355	2026-05-11 07:44:51	1	0	15	0
        116129	2026-05-11 07:45:02	1	0	15	0
        110567	2026-05-11 07:45:07	1	0	15	0
        110077	2026-05-11 07:45:09	1	0	15	0
        116297	2026-05-11 07:45:24	1	0	15	0
        116763	2026-05-11 07:45:40	1	0	15	0
        118180	2026-05-11 07:46:04	1	0	15	0
        117543	2026-05-11 07:46:55	1	0	15	0
        117114	2026-05-11 07:46:59	1	0	15	0
        117224	2026-05-11 07:47:09	1	0	15	0
        117849	2026-05-11 07:48:20	1	0	15	0
        110818	2026-05-11 07:48:49	1	0	15	0
        110084	2026-05-11 07:49:43	1	0	15	0
        117981	2026-05-11 07:49:53	1	0	15	0
        110421	2026-05-11 07:50:27	1	0	15	0
        110377	2026-05-11 07:51:10	1	0	15	0
        117817	2026-05-11 07:51:18	1	0	15	0
        117828	2026-05-11 07:51:22	1	0	15	0
        110006	2026-05-11 07:51:33	1	0	15	0
        118813	2026-05-11 07:51:40	1	0	15	0
        110816	2026-05-11 07:51:48	1	0	15	0
        117122	2026-05-11 07:51:53	1	0	15	0
        116072	2026-05-11 07:53:02	1	0	15	0
        117839	2026-05-11 07:53:33	1	0	15	0
        117926	2026-05-11 07:54:04	1	0	15	0
        117983	2026-05-11 07:54:26	1	0	15	0
        110376	2026-05-11 07:54:36	1	0	15	0
        110805	2026-05-11 07:54:55	1	0	15	0
        117337	2026-05-11 07:55:03	1	0	15	0
        117790	2026-05-11 07:55:10	1	0	15	0
        117222	2026-05-11 07:55:14	1	0	15	0
        117924	2026-05-11 07:55:18	1	0	15	0
        117965	2026-05-11 07:55:21	1	0	15	0
        110055	2026-05-11 07:56:08	1	0	15	0
        117046	2026-05-11 07:56:37	1	0	15	0
        117120	2026-05-11 07:56:39	1	0	15	0
        117833	2026-05-11 07:57:06	1	0	15	0
        117529	2026-05-11 07:57:15	1	0	15	0
        110452	2026-05-11 07:58:24	1	0	15	0
        117692	2026-05-11 07:58:27	1	0	15	0
        117930	2026-05-11 07:58:31	1	0	15	0
        117236	2026-05-11 07:59:29	1	0	15	0
        110657	2026-05-11 07:59:42	1	0	15	0
        117528	2026-05-11 07:59:46	1	0	15	0
        117156	2026-05-11 08:03:59	1	0	15	0
        117811	2026-05-11 08:04:03	1	0	15	0
        119282	2026-05-11 08:04:07	1	0	15	0
        110513	2026-05-11 08:04:26	1	0	15	0
        117807	2026-05-11 08:04:33	1	0	15	0
        117815	2026-05-11 08:05:22	1	0	15	0
        118782	2026-05-11 08:06:49	1	0	15	0
        117575	2026-05-11 08:07:26	1	0	15	0
        110070	2026-05-11 08:08:30	1	0	15	0
        117659	2026-05-11 08:09:46	1	0	15	0
        117786	2026-05-11 08:11:59	1	0	15	0
        110085	2026-05-11 08:15:15	1	0	15	0
        116828	2026-05-11 08:15:58	1	0	1	0
        116070	2026-05-11 08:16:05	1	0	1	0
        116472	2026-05-11 08:17:16	1	0	15	0
        117630	2026-05-11 08:18:03	1	0	15	0
        117814	2026-05-11 08:18:07	1	0	15	0
        116824	2026-05-11 08:18:11	1	0	15	0
        110040	2026-05-11 08:18:17	1	0	15	0
        117993	2026-05-11 08:18:55	1	0	15	0
        118702	2026-05-11 08:19:17	1	0	15	0
        110172	2026-05-11 08:27:07	1	0	15	0
        118458	2026-05-11 08:29:50	1	0	15	0
        116747	2026-05-11 08:33:17	1	0	15	0
        117043	2026-05-11 08:41:50	1	0	15	0
        118427	2026-05-11 08:45:39	1	0	15	0
        116453	2026-05-11 08:53:37	1	0	15	0
        116260	2026-05-11 09:19:03	1	0	15	0
        117091	2026-05-11 10:18:11	1	0	15	0
        116995	2026-05-11 12:00:03	1	2	15	0
        117770	2026-05-11 12:00:06	1	2	15	0
        117837	2026-05-11 12:00:08	1	2	15	0
        117156	2026-05-11 12:00:10	1	2	15	0
        117121	2026-05-11 12:00:12	1	2	15	0
        110452	2026-05-11 12:00:15	1	2	15	0
        117644	2026-05-11 12:00:16	1	2	15	0
        110816	2026-05-11 12:00:18	1	2	15	0
        117224	2026-05-11 12:00:24	1	2	15	0
        117212	2026-05-11 12:00:26	1	2	15	0
        110465	2026-05-11 12:00:28	1	2	15	0
        110810	2026-05-11 12:00:30	1	2	15	0
        117270	2026-05-11 12:00:34	1	2	15	0
        110360	2026-05-11 12:00:45	1	2	15	0
        117849	2026-05-11 12:00:49	1	2	15	0
        110421	2026-05-11 12:00:52	1	2	15	0
        110456	2026-05-11 12:00:54	1	2	15	0
        117983	2026-05-11 12:00:56	1	2	15	0
        117930	2026-05-11 12:00:58	1	2	15	0
        117088	2026-05-11 12:01:01	1	2	15	0
        110527	2026-05-11 12:01:07	1	2	15	0
        110088	2026-05-11 12:01:12	1	2	15	0
        117144	2026-05-11 12:01:14	1	2	15	0
        110378	2026-05-11 12:01:16	1	2	15	0
        116477	2026-05-11 12:01:25	1	2	15	0
        119453	2026-05-11 12:01:28	1	2	15	0
        117926	2026-05-11 12:01:35	1	2	15	0
        117616	2026-05-11 12:01:38	1	2	15	0
        117543	2026-05-11 12:01:45	1	2	15	0
        110462	2026-05-11 12:01:48	1	2	15	0
        116252	2026-05-11 12:01:51	1	2	15	0
        117113	2026-05-11 12:02:02	1	2	15	0
        110055	2026-05-11 12:02:04	1	2	15	0
        110085	2026-05-11 12:02:06	1	2	15	0
        116453	2026-05-11 12:02:09	1	2	15	0
        110424	2026-05-11 12:02:10	1	2	15	0
        117122	2026-05-11 12:02:13	1	2	15	0
        117236	2026-05-11 12:02:15	1	2	15	0
        110807	2026-05-11 12:02:17	1	2	15	0
        110463	2026-05-11 12:02:18	1	2	15	0
        110090	2026-05-11 12:02:20	1	2	15	0
        110354	2026-05-11 12:02:24	1	2	15	0
        110818	2026-05-11 12:02:30	1	2	15	0
        117770	2026-05-11 12:02:32	1	2	15	0
        117837	2026-05-11 12:02:33	1	2	15	0
        117644	2026-05-11 12:02:43	1	2	15	0
        117936	2026-05-11 12:02:46	1	2	15	0
        117849	2026-05-11 12:02:52	1	2	15	0
        116902	2026-05-11 12:03:02	1	2	15	0
        116751	2026-05-11 12:03:05	1	2	15	0
        116763	2026-05-11 12:03:06	1	2	15	0
        110418	2026-05-11 12:03:09	1	2	15	0
        117786	2026-05-11 12:03:11	1	2	15	0
        117790	2026-05-11 12:03:13	1	2	15	0
        117483	2026-05-11 12:03:14	1	2	15	0
        117839	2026-05-11 12:03:16	1	2	15	0
        117645	2026-05-11 12:03:18	1	2	15	0
        117212	2026-05-11 12:03:20	1	2	15	0
        117595	2026-05-11 12:03:23	1	2	15	0
        119535	2026-05-11 12:03:27	1	2	15	0
        116799	2026-05-11 12:03:31	1	2	15	0
        110376	2026-05-11 12:03:39	1	2	15	0
        110377	2026-05-11 12:03:41	1	2	15	0
        110172	2026-05-11 12:03:46	1	2	15	0
        110447	2026-05-11 12:03:51	1	2	15	0
        116748	2026-05-11 12:04:02	1	2	15	0
        110158	2026-05-11 12:04:04	1	2	15	0
        118180	2026-05-11 12:04:13	1	2	15	0
        116995	2026-05-11 12:04:14	1	2	15	0
        117815	2026-05-11 12:04:16	1	2	15	0
        116477	2026-05-11 12:04:19	1	2	15	0
        118640	2026-05-11 12:04:21	1	2	15	0
        117224	2026-05-11 12:04:23	1	2	15	0
        110456	2026-05-11 12:04:25	1	2	15	0
        117046	2026-05-11 12:04:27	1	2	15	0
        118563	2026-05-11 12:04:29	1	2	15	0
        117930	2026-05-11 12:04:30	1	2	15	0
        117270	2026-05-11 12:04:33	1	2	15	0
        117733	2026-05-11 12:04:36	1	2	15	0
        110006	2026-05-11 12:04:40	1	2	15	0
        117833	2026-05-11 12:04:57	1	2	15	0
        110785	2026-05-11 12:05:02	1	2	15	0
        117259	2026-05-11 12:05:17	1	2	15	0
        117541	2026-05-11 12:05:20	1	2	15	0
        116512	2026-05-11 12:05:28	1	2	15	0
        119449	2026-05-11 12:05:32	1	2	15	0
        117807	2026-05-11 12:05:38	1	2	15	0
        116990	2026-05-11 12:05:40	1	2	15	0
        117591	2026-05-11 12:05:42	1	2	15	0
        116070	2026-05-11 12:05:44	1	2	15	0
        119453	2026-05-11 12:05:49	1	2	15	0
        118750	2026-05-11 12:05:51	1	2	15	0
        110805	2026-05-11 12:05:54	1	2	15	0
        110510	2026-05-11 12:05:57	1	2	15	0
        117926	2026-05-11 12:06:02	1	2	15	0
        117483	2026-05-11 12:06:05	1	2	15	0
        117839	2026-05-11 12:06:07	1	2	15	0
        117113	2026-05-11 12:06:09	1	2	15	0
        110006	2026-05-11 12:06:26	1	2	15	0
        110816	2026-05-11 12:06:32	1	2	15	0
        117092	2026-05-11 12:06:47	1	2	15	0
        118458	2026-05-11 12:06:51	1	2	15	0
        119006	2026-05-11 12:06:57	1	2	15	0
        116960	2026-05-11 12:07:01	1	2	15	0
        117043	2026-05-11 12:07:07	1	2	15	0
        117232	2026-05-11 12:07:11	1	2	15	0
        110657	2026-05-11 12:07:15	1	2	15	0
        119364	2026-05-11 12:07:20	1	2	15	0
        110493	2026-05-11 12:07:24	1	2	15	0
        117236	2026-05-11 12:07:27	1	2	15	0
        118702	2026-05-11 12:07:29	1	2	15	0
        110105	2026-05-11 12:07:30	1	2	15	0
        117972	2026-05-11 12:07:37	1	2	15	0
        117088	2026-05-11 12:08:00	1	2	15	0
        117733	2026-05-11 12:08:05	1	2	15	0
        119143	2026-05-11 12:08:07	1	2	15	0
        110360	2026-05-11 12:08:10	1	2	15	0
        117575	2026-05-11 12:08:12	1	2	15	0
        110088	2026-05-11 12:08:15	1	2	15	0
        117144	2026-05-11 12:08:16	1	2	15	0
        117616	2026-05-11 12:08:21	1	2	15	0
        116252	2026-05-11 12:08:23	1	2	15	0
        110513	2026-05-11 12:08:25	1	2	15	0
        110378	2026-05-11 12:08:28	1	2	15	0
        117936	2026-05-11 12:08:30	1	2	15	0
        110376	2026-05-11 12:08:33	1	2	15	0
        110377	2026-05-11 12:08:37	1	2	15	0
        110424	2026-05-11 12:08:39	1	2	15	0
        117201	2026-05-11 12:08:41	1	2	15	0
        118180	2026-05-11 12:08:44	1	2	15	0
        110510	2026-05-11 12:08:52	1	2	15	0
        110810	2026-05-11 12:08:55	1	2	15	0
        117529	2026-05-11 12:08:58	1	2	15	0
        117645	2026-05-11 12:09:04	1	2	15	0
        117630	2026-05-11 12:09:11	1	2	15	0
        119535	2026-05-11 12:09:13	1	2	15	0
        117541	2026-05-11 12:09:17	1	2	15	0
        117259	2026-05-11 12:09:24	1	2	15	0
        110116	2026-05-11 12:09:30	1	2	15	0
        110462	2026-05-11 12:09:35	1	2	15	0
        110527	2026-05-11 12:09:40	1	2	15	0
        116902	2026-05-11 12:09:47	1	2	15	0
        117790	2026-05-11 12:09:49	1	2	15	0
        118640	2026-05-11 12:09:51	1	2	15	0
        117230	2026-05-11 12:09:55	1	2	15	0
        110447	2026-05-11 12:09:58	1	2	15	0
        119006	2026-05-11 12:10:05	1	2	15	0
        116960	2026-05-11 12:10:08	1	2	15	0
        116990	2026-05-11 12:10:18	1	2	15	0
        117807	2026-05-11 12:10:20	1	2	15	0
        118744	2026-05-11 12:10:24	1	2	15	0
        117983	2026-05-11 12:10:27	1	2	15	0
        110421	2026-05-11 12:10:36	1	2	15	0
        110809	2026-05-11 12:10:55	1	2	15	0
        118458	2026-05-11 12:11:03	1	2	15	0
        110492	2026-05-11 12:11:05	1	2	15	0
        110172	2026-05-11 12:11:09	1	2	15	0
        116824	2026-05-11 12:11:20	1	2	15	0
        110355	2026-05-11 12:11:22	1	2	15	0
        110357	2026-05-11 12:11:24	1	2	15	0
        116799	2026-05-11 12:11:28	1	2	15	0
        110356	2026-05-11 12:11:30	1	2	15	0
        117111	2026-05-11 12:11:40	1	2	15	0
        118207	2026-05-11 12:11:50	1	2	15	0
        117698	2026-05-11 12:11:51	1	2	15	0
        118550	2026-05-11 12:11:53	1	2	15	0
        110040	2026-05-11 12:11:59	1	2	15	0
        110513	2026-05-11 12:12:04	1	2	15	0
        118744	2026-05-11 12:12:07	1	2	15	0
        110465	2026-05-11 12:12:17	1	2	15	0
        117920	2026-05-11 12:12:20	1	2	15	0
        117850	2026-05-11 12:12:23	1	2	15	0
        110105	2026-05-11 12:12:27	1	2	15	0
        117487	2026-05-11 12:12:30	1	2	15	0
        117723	2026-05-11 12:12:32	1	2	15	0
        117232	2026-05-11 12:12:35	1	2	15	0
        110055	2026-05-11 12:12:37	1	2	15	0
        117043	2026-05-11 12:12:38	1	2	15	0
        118702	2026-05-11 12:12:43	1	2	15	0
        119364	2026-05-11 12:12:44	1	2	15	0
        110493	2026-05-11 12:12:47	1	2	15	0
        110657	2026-05-11 12:12:49	1	2	15	0
        110463	2026-05-11 12:12:51	1	2	15	0
        116129	2026-05-11 12:12:54	1	2	15	0
        119272	2026-05-11 12:13:02	1	2	15	0
        118813	2026-05-11 12:13:04	1	2	15	0
        110632	2026-05-11 12:13:06	1	2	15	0
        117630	2026-05-11 12:13:08	1	2	15	0
        116763	2026-05-11 12:13:11	1	2	15	0
        110418	2026-05-11 12:13:13	1	2	15	0
        117529	2026-05-11 12:13:15	1	2	15	0
        110466	2026-05-11 12:13:18	1	2	15	0
        116824	2026-05-11 12:13:21	1	2	15	0
        119107	2026-05-11 12:13:23	1	2	15	0
        118695	2026-05-11 12:13:32	1	2	15	0
        117337	2026-05-11 12:13:34	1	2	15	0
        110077	2026-05-11 12:13:38	1	2	15	0
        110063	2026-05-11 12:13:40	1	2	15	0
        116453	2026-05-11 12:13:43	1	2	15	0
        110732	2026-05-11 12:13:51	1	2	15	0
        110581	2026-05-11 12:13:53	1	2	15	0
        110580	2026-05-11 12:13:55	1	2	15	0
        110090	2026-05-11 12:13:56	1	2	15	0
        119449	2026-05-11 12:14:01	1	2	15	0
        117230	2026-05-11 12:14:13	1	2	15	0
        116428	2026-05-11 12:14:35	1	2	15	0
        116512	2026-05-11 12:14:43	1	2	15	0
        117543	2026-05-11 12:14:58	1	2	15	0
        110808	2026-05-11 12:15:27	1	2	15	0
        110805	2026-05-11 12:15:32	1	2	15	0
        117129	2026-05-11 12:15:37	1	2	15	0
        116751	2026-05-11 12:15:38	1	2	15	0
        110818	2026-05-11 12:15:44	1	2	15	0
        117698	2026-05-11 12:15:52	1	2	15	0
        110549	2026-05-11 12:15:57	1	2	15	0
        110492	2026-05-11 12:16:03	1	2	15	0
        117487	2026-05-11 12:16:08	1	2	15	0
        117723	2026-05-11 12:16:13	1	2	15	0
        117850	2026-05-11 12:16:34	1	2	15	0
        117920	2026-05-11 12:16:36	1	2	15	0
        118207	2026-05-11 12:16:37	1	2	15	0
        117815	2026-05-11 12:16:39	1	2	15	0
        117092	2026-05-11 12:16:48	1	2	15	0
        110809	2026-05-11 12:16:50	1	2	15	0
        110070	2026-05-11 12:17:08	1	2	15	0
        117120	2026-05-11 12:17:33	1	2	15	0
        117528	2026-05-11 12:17:35	1	2	15	0
        117222	2026-05-11 12:17:38	1	2	15	0
        119107	2026-05-11 12:17:44	1	2	15	0
        116472	2026-05-11 12:17:46	1	2	15	0
        116747	2026-05-11 12:17:48	1	2	15	0
        117680	2026-05-11 12:17:50	1	2	15	0
        110040	2026-05-11 12:18:01	1	2	15	0
        110538	2026-05-11 12:18:04	1	2	15	0
        117575	2026-05-11 12:18:07	1	2	15	0
        117972	2026-05-11 12:18:09	1	2	15	0
        119493	2026-05-11 12:18:10	1	2	15	0
        116933	2026-05-11 12:18:13	1	2	15	0
        110084	2026-05-11 12:18:15	1	2	15	0
        110197	2026-05-11 12:18:18	1	2	15	0
        117201	2026-05-11 12:18:20	1	2	15	0
        118580	2026-05-11 12:18:22	1	2	15	0
        116129	2026-05-11 12:18:37	1	2	15	0
        118813	2026-05-11 12:18:39	1	2	15	0
        118550	2026-05-11 12:18:41	1	2	15	0
        110567	2026-05-11 12:18:51	1	2	15	0
        119272	2026-05-11 12:19:02	1	2	15	0
        117814	2026-05-11 12:19:34	1	2	15	0
        110507	2026-05-11 12:19:48	1	2	15	0
        116472	2026-05-11 12:20:01	1	2	15	0
        116747	2026-05-11 12:20:04	1	2	15	0
        116346	2026-05-11 12:20:07	1	2	15	0
        118046	2026-05-11 12:20:14	1	2	15	0
        119143	2026-05-11 12:20:32	1	2	15	0
        110354	2026-05-11 12:20:33	1	2	15	0
        119493	2026-05-11 12:20:35	1	2	15	0
        117122	2026-05-11 12:20:53	1	2	15	0
        119070	2026-05-11 12:20:56	1	2	15	0
        117924	2026-05-11 12:20:57	1	2	15	0
        116072	2026-05-11 12:21:00	1	2	15	0
        116504	2026-05-11 12:21:04	1	2	15	0
        110457	2026-05-11 12:21:06	1	2	15	0
        118580	2026-05-11 12:21:19	1	2	15	0
        117812	2026-05-11 12:21:22	1	2	15	0
        117120	2026-05-11 12:21:26	1	2	15	0
        117222	2026-05-11 12:21:29	1	2	15	0
        117528	2026-05-11 12:21:32	1	2	15	0
        110732	2026-05-11 12:21:40	1	2	15	0
        110581	2026-05-11 12:21:46	1	2	15	0
        110580	2026-05-11 12:21:49	1	2	15	0
        110084	2026-05-11 12:21:52	1	2	15	0
        117129	2026-05-11 12:21:58	1	2	15	0
        118302	2026-05-11 12:22:05	1	2	15	0
        117814	2026-05-11 12:23:19	1	2	15	0
        117162	2026-05-11 12:23:29	1	2	15	0
        110567	2026-05-11 12:23:47	1	2	15	0
        116828	2026-05-11 12:23:59	1	2	1	0
        110632	2026-05-11 12:24:06	1	2	15	0
        110507	2026-05-11 12:24:09	1	2	15	0
        110356	2026-05-11 12:24:14	1	2	15	0
        110357	2026-05-11 12:24:18	1	2	15	0
        117114	2026-05-11 12:24:21	1	2	15	0
        110355	2026-05-11 12:24:23	1	2	15	0
        118750	2026-05-11 12:24:26	1	2	15	0
        116428	2026-05-11 12:25:04	1	2	15	0
        117924	2026-05-11 12:25:09	1	2	15	0
        116072	2026-05-11 12:25:22	1	2	15	0
        110457	2026-05-11 12:25:24	1	2	15	0
        119070	2026-05-11 12:25:29	1	2	15	0
        116504	2026-05-11 12:25:33	1	2	15	0
        117700	2026-05-11 12:26:14	1	2	15	0
        117812	2026-05-11 12:26:25	1	2	15	0
        117162	2026-05-11 12:26:55	1	2	15	0
        110085	2026-05-11 12:27:01	1	2	15	0
        117811	2026-05-11 12:27:44	1	2	15	0
        117769	2026-05-11 12:27:58	1	2	15	0
        110475	2026-05-11 12:28:09	1	2	15	0
        117103	2026-05-11 12:28:34	1	2	15	0
        117091	2026-05-11 12:28:39	1	2	15	0
        117700	2026-05-11 12:29:37	1	2	15	0
        117817	2026-05-11 12:29:43	1	2	15	0
        117769	2026-05-11 12:29:48	1	2	15	0
        116297	2026-05-11 12:29:55	1	2	15	0
        117684	2026-05-11 12:30:32	1	2	15	0
        110645	2026-05-11 12:30:37	1	2	15	0
        117965	2026-05-11 12:30:40	1	2	15	0
        110785	2026-05-11 12:30:48	1	2	15	0
        110511	2026-05-11 12:30:50	1	2	15	0
        116356	2026-05-11 12:31:06	1	2	15	0
        117061	2026-05-11 12:31:09	1	2	15	0
        117981	2026-05-11 12:31:10	1	2	15	0
        116805	2026-05-11 12:31:12	1	2	15	0
        118369	2026-05-11 12:31:14	1	2	15	0
        110077	2026-05-11 12:31:19	1	2	15	0
        116346	2026-05-11 12:32:04	1	2	15	0
        117103	2026-05-11 12:32:21	1	2	15	0
        110808	2026-05-11 12:32:28	1	2	15	0
        117692	2026-05-11 12:32:38	1	2	15	0
        117811	2026-05-11 12:33:10	1	2	15	0
        117684	2026-05-11 12:33:26	1	2	15	0
        117680	2026-05-11 12:33:31	1	2	15	0
        117965	2026-05-11 12:33:36	1	2	15	0
        110645	2026-05-11 12:33:39	1	2	15	0
        117981	2026-05-11 12:33:44	1	2	15	0
        118369	2026-05-11 12:33:47	1	2	15	0
        117061	2026-05-11 12:33:48	1	2	15	0
        116805	2026-05-11 12:33:51	1	2	15	0
        116356	2026-05-11 12:33:53	1	2	15	0
        110574	2026-05-11 12:34:12	1	2	15	0
        116748	2026-05-11 12:34:24	1	2	15	0
        110632	2026-05-11 12:35:30	1	3	15	0
        118753	2026-05-11 12:35:49	1	3	15	0
        110070	2026-05-11 12:36:14	1	3	15	0
        117091	2026-05-11 12:36:29	1	3	15	0
        110475	2026-05-11 12:36:32	1	3	15	0
        110158	2026-05-11 12:36:44	1	3	15	0
        117595	2026-05-11 12:36:47	1	3	15	0
        110063	2026-05-11 12:37:06	1	3	15	0
        116297	2026-05-11 12:37:29	1	3	15	0
        116933	2026-05-11 12:37:58	1	3	15	0
        118695	2026-05-11 12:38:02	1	3	15	0
        117111	2026-05-11 12:38:04	1	3	15	0
        117337	2026-05-11 12:38:06	1	3	15	0
        110466	2026-05-11 12:38:07	1	3	15	0
        118563	2026-05-11 12:38:17	1	3	15	0
        117817	2026-05-11 12:38:21	1	3	15	0
        116441	2026-05-11 12:39:02	1	3	15	0
        117114	2026-05-11 12:40:22	1	3	15	0
        119494	2026-05-11 12:40:28	1	3	15	0
        110574	2026-05-11 12:40:37	1	3	15	0
        110197	2026-05-11 12:41:01	1	3	15	0
        118302	2026-05-11 12:41:55	1	3	15	0
        117121	2026-05-11 12:42:08	1	3	15	0
        117156	2026-05-11 12:42:10	1	3	15	0
        118782	2026-05-11 12:42:13	1	3	15	0
        116828	2026-05-11 12:42:32	1	3	1	0
        116441	2026-05-11 12:42:46	1	3	15	0
        110511	2026-05-11 12:43:12	1	3	15	0
        117692	2026-05-11 12:43:15	1	3	15	0
        110549	2026-05-11 12:43:18	1	3	15	0
        117709	2026-05-11 12:45:00	1	3	15	0
        117711	2026-05-11 12:45:03	1	3	15	0
        119494	2026-05-11 12:45:12	1	3	15	0
        110473	2026-05-11 12:49:05	1	3	15	0
        117993	2026-05-11 12:49:08	1	3	15	0
        117659	2026-05-11 12:49:10	1	3	15	0
        118427	2026-05-11 12:49:20	1	3	15	0
        117838	2026-05-11 12:49:27	1	3	15	0
        110633	2026-05-11 12:49:29	1	3	15	0
        118046	2026-05-11 12:49:42	1	3	15	0
        117786	2026-05-11 12:50:31	1	3	15	0
        119282	2026-05-11 12:50:42	1	3	15	0
        110538	2026-05-11 12:50:46	1	3	15	0
        118782	2026-05-11 12:51:52	1	3	15	0
        117838	2026-05-11 12:51:57	1	3	15	0
        110807	2026-05-11 12:51:59	1	3	15	0
        110633	2026-05-11 12:52:09	1	3	15	0
        110452	2026-05-11 12:52:44	1	3	15	0
        118427	2026-05-11 12:53:35	1	3	15	0
        119282	2026-05-11 12:53:42	1	3	15	0
        117711	2026-05-11 12:53:55	1	3	15	0
        117709	2026-05-11 12:54:24	1	3	15	0
        117659	2026-05-11 12:54:28	1	3	15	0
        110473	2026-05-11 12:54:51	1	3	15	0
        117993	2026-05-11 12:54:52	1	3	15	0
        117591	2026-05-11 12:55:16	1	3	15	0
        118753	2026-05-11 12:55:25	1	3	15	0
        116260	2026-05-11 12:55:36	1	3	15	0
        118271	2026-05-11 12:55:42	1	3	15	0
        110116	2026-05-11 12:56:09	1	3	15	0
        110025	2026-05-11 12:56:16	1	3	15	0
        117046	2026-05-11 12:56:34	1	3	15	0
        110025	2026-05-11 12:58:47	1	3	15	0
        116260	2026-05-11 12:58:51	1	3	15	0
        118271	2026-05-11 13:00:42	1	3	15	0
        116166	2026-05-11 13:14:06	1	3	15	0
        110377	2026-05-11 17:01:50	1	1	15	0
        110376	2026-05-11 17:01:54	1	1	15	0
        117236	2026-05-11 17:05:19	1	1	15	0
        110785	2026-05-11 17:05:39	1	1	15	0
        117111	2026-05-11 17:05:45	1	1	15	0
        110549	2026-05-11 17:06:25	1	1	15	0
        116297	2026-05-11 17:07:02	1	1	15	0
        117222	2026-05-11 17:07:49	1	1	15	0
        110452	2026-05-11 17:08:51	1	1	15	0
        117224	2026-05-11 17:09:27	1	1	15	0
        110447	2026-05-11 17:10:36	1	1	15	0
        117930	2026-05-11 17:11:28	1	1	15	0
        117926	2026-05-11 17:13:13	1	1	15	0
        117790	2026-05-11 17:13:21	1	1	15	0
        117698	2026-05-11 17:13:24	1	1	15	0
        116763	2026-05-11 17:13:27	1	1	15	0
        117232	2026-05-11 17:13:36	1	1	15	0
        118180	2026-05-11 17:14:20	1	1	15	0
        117043	2026-05-11 17:14:23	1	1	15	0
        116902	2026-05-11 17:14:26	1	1	15	0
        110567	2026-05-11 17:15:21	1	1	15	0
        110816	2026-05-11 17:15:24	1	1	15	0
        117965	2026-05-11 17:15:25	1	1	15	0
        116428	2026-05-11 17:16:31	1	1	15	0
        110421	2026-05-11 17:17:18	1	1	15	0
        116472	2026-05-11 17:21:04	1	1	15	0
        117630	2026-05-11 17:21:12	1	1	15	0
        117983	2026-05-11 17:21:17	1	1	15	0
        118813	2026-05-11 17:21:37	1	1	15	0
        116129	2026-05-11 17:21:42	1	1	15	0
        116824	2026-05-11 17:22:50	1	1	15	0
        117692	2026-05-11 17:26:48	1	1	15	0
        117920	2026-05-11 17:31:14	1	1	15	0
        117850	2026-05-11 17:31:20	1	1	15	0
        119272	2026-05-11 17:31:45	1	1	15	0
        117644	2026-05-11 17:33:35	1	1	15	0
        110818	2026-05-11 17:34:40	1	1	15	0
        117156	2026-05-11 17:35:07	1	1	15	0
        110424	2026-05-11 17:36:58	1	1	15	0
        110418	2026-05-11 17:37:01	1	1	15	0
        118563	2026-05-11 17:39:27	1	1	15	0
        117046	2026-05-11 17:39:33	1	1	15	0
        117528	2026-05-11 17:39:37	1	1	15	0
        117786	2026-05-11 17:39:40	1	1	15	0
        116747	2026-05-11 17:40:56	1	1	15	0
        110513	2026-05-11 17:49:38	1	1	15	0
        117121	2026-05-11 17:49:45	1	1	15	0
        118640	2026-05-11 18:00:29	1	1	15	0
        117814	2026-05-11 18:00:57	1	1	15	0
        119571	2026-05-11 18:01:07	1	1	15	0
        117936	2026-05-11 18:01:12	1	1	15	0
        118750	2026-05-11 18:01:43	1	1	15	0
        110360	2026-05-11 18:01:48	1	1	15	0
        110527	2026-05-11 18:02:04	1	1	15	0
        117201	2026-05-11 18:02:13	1	1	15	0
        117483	2026-05-11 18:02:20	1	1	15	0
        118744	2026-05-11 18:02:44	1	1	15	0
        117770	2026-05-11 18:03:05	1	1	15	0
        110493	2026-05-11 18:03:09	1	1	15	0
        110574	2026-05-11 18:03:15	1	1	15	0
        110809	2026-05-11 18:03:38	1	1	15	0
        116995	2026-05-11 18:03:55	1	1	15	0
        117837	2026-05-11 18:03:56	1	1	15	0
        117212	2026-05-11 18:04:00	1	1	15	0
        116799	2026-05-11 18:04:04	1	1	15	0
        118550	2026-05-11 18:04:35	1	1	15	0
        116477	2026-05-11 18:04:56	1	1	15	0
        117230	2026-05-11 18:05:32	1	1	15	0
        110473	2026-05-11 18:07:38	1	1	15	0
        116346	2026-05-11 18:08:01	1	1	15	0
        118271	2026-05-11 18:10:28	1	1	15	0
        110466	2026-05-11 18:10:32	1	1	15	0
        110462	2026-05-11 18:11:32	1	1	15	0
        117711	2026-05-11 18:12:00	1	1	15	0
        118580	2026-05-11 18:12:18	1	1	15	0
        119453	2026-05-11 18:12:25	1	1	15	0
        110808	2026-05-11 18:12:51	1	1	15	0
        118207	2026-05-11 18:13:42	1	1	15	0
        110807	2026-05-11 18:15:14	1	1	15	0
        118782	2026-05-11 18:15:19	1	1	15	0
        117113	2026-05-11 18:15:39	1	1	15	0
        119006	2026-05-11 18:15:45	1	1	15	0
        117103	2026-05-11 18:16:26	1	1	15	0
        110354	2026-05-11 18:17:19	1	1	15	0
        116748	2026-05-11 18:17:38	1	1	15	0
        117645	2026-05-11 18:19:44	1	1	15	0
        110633	2026-05-11 18:19:50	1	1	15	0
        110475	2026-05-11 18:19:54	1	1	15	0
        110538	2026-05-11 18:20:46	1	1	15	0
        117733	2026-05-11 18:20:50	1	1	15	0
        117129	2026-05-11 18:21:27	1	1	15	0
        110378	2026-05-11 18:23:54	1	1	15	0
        119493	2026-05-11 18:25:16	1	1	15	0
        110084	2026-05-11 18:25:18	1	1	15	0
        110197	2026-05-11 18:25:21	1	1	15	0
        110507	2026-05-11 18:25:32	1	1	15	0
        118580	2026-05-11 18:25:36	1	1	15	0
        117838	2026-05-11 18:25:40	1	1	15	0
        116960	2026-05-11 18:28:03	1	1	15	0
        119070	2026-05-11 18:30:49	1	1	15	0
        116504	2026-05-11 18:30:53	1	1	15	0
        110116	2026-05-11 18:31:31	1	1	15	0
        117972	2026-05-11 18:31:44	1	1	15	0
        110511	2026-05-11 18:31:49	1	1	15	0
        117575	2026-05-11 18:31:54	1	1	15	0
        119143	2026-05-11 18:31:55	1	1	15	0
        117092	2026-05-11 18:31:59	1	1	15	0
        116933	2026-05-11 18:32:01	1	1	15	0
        117812	2026-05-11 18:32:28	1	1	15	0
        116990	2026-05-11 18:32:32	1	1	15	0
        116070	2026-05-11 18:32:37	1	1	15	0
        110465	2026-05-11 18:32:40	1	1	15	0
        116252	2026-05-11 18:32:56	1	1	15	0
        117088	2026-05-11 18:34:32	1	1	15	0
        116512	2026-05-11 18:34:40	1	1	15	0
        116751	2026-05-11 18:34:43	1	1	15	0
        110492	2026-05-11 18:34:47	1	1	15	0
        117541	2026-05-11 18:34:49	1	1	15	0
        117259	2026-05-11 18:34:53	1	1	15	0
        117769	2026-05-11 18:34:57	1	1	15	0
        110632	2026-05-11 18:35:23	1	1	15	0
        110510	2026-05-11 18:35:31	1	1	15	0
        117088	2026-05-11 18:35:55	1	1	15	0
        118753	2026-05-11 18:36:07	1	1	15	0
        119535	2026-05-11 18:36:13	1	1	15	0
        117162	2026-05-11 18:37:46	1	1	15	0
        110025	2026-05-11 18:38:22	1	1	15	0
        110810	2026-05-11 18:38:25	1	1	15	0
        117700	2026-05-11 18:38:47	1	1	15	0
        110632	2026-05-11 18:39:02	1	1	15	0
        117680	2026-05-11 18:39:40	1	1	15	0
        117144	2026-05-11 18:39:48	1	1	15	0
        117616	2026-05-11 18:41:32	1	1	15	0
        110088	2026-05-11 18:41:38	1	1	15	0
        110463	2026-05-11 18:41:50	1	1	15	0
        117595	2026-05-11 18:44:15	1	1	15	0
        110456	2026-05-11 18:44:45	1	1	15	0
        110355	2026-05-11 18:44:51	1	1	15	0
        117120	2026-05-11 18:45:39	1	1	15	0
        116441	2026-05-11 18:46:19	1	1	15	0
        110356	2026-05-11 18:46:22	1	1	15	0
        110090	2026-05-11 18:48:02	1	1	15	0
        117543	2026-05-11 18:49:16	1	1	15	0
        117114	2026-05-11 18:49:39	1	1	15	0
        119494	2026-05-11 18:50:01	1	1	15	0
        117849	2026-05-11 18:50:08	1	1	15	0
        117709	2026-05-11 18:50:09	1	1	15	0
        110090	2026-05-11 18:50:13	1	1	15	0
        117723	2026-05-11 18:51:57	1	1	15	0
        117487	2026-05-11 18:52:00	1	1	15	0
        117270	2026-05-11 18:52:39	1	1	15	0
        110357	2026-05-11 18:52:43	1	1	15	0
        110457	2026-05-11 18:52:46	1	1	15	0
        117684	2026-05-11 18:53:10	1	1	15	0
        117122	2026-05-11 18:53:29	1	1	15	0
        119364	2026-05-11 18:53:56	1	1	15	0
        110805	2026-05-11 18:54:07	1	1	15	0
        117061	2026-05-11 18:55:53	1	1	15	0
        116805	2026-05-11 18:55:55	1	1	15	0
        116356	2026-05-11 18:55:57	1	1	15	0
        119449	2026-05-11 18:57:39	1	1	15	0
        110657	2026-05-11 19:00:28	1	1	15	0
        117981	2026-05-11 19:00:31	1	1	15	0
        118369	2026-05-11 19:00:32	1	1	15	0
        110070	2026-05-11 19:00:35	1	1	15	0
        116828	2026-05-11 19:00:44	1	1	1	0
        116260	2026-05-11 19:00:50	1	1	15	0
        117807	2026-05-11 19:01:07	1	1	15	0
        117839	2026-05-11 19:01:11	1	1	15	0
        117811	2026-05-11 19:01:13	1	1	15	0
        117815	2026-05-11 19:01:16	1	1	15	0
        117659	2026-05-11 19:01:35	1	1	15	0
        118302	2026-05-11 19:01:58	1	1	15	0
        118427	2026-05-11 19:02:18	1	1	15	0
        119282	2026-05-11 19:02:23	1	1	15	0
        110085	2026-05-11 19:02:40	1	1	15	0
        118458	2026-05-11 19:03:09	1	1	15	0
        117591	2026-05-11 19:03:13	1	1	15	0
        118046	2026-05-11 19:03:30	1	1	15	0
        118702	2026-05-11 19:03:46	1	1	15	0
        117924	2026-05-11 19:03:51	1	1	15	0
        116072	2026-05-11 19:03:54	1	1	15	0
        117817	2026-05-11 19:03:59	1	1	15	0
        117993	2026-05-11 19:06:14	1	1	15	0
        116453	2026-05-11 19:06:37	1	1	15	0
        117575	2026-05-11 19:07:59	1	1	15	0
        117529	2026-05-11 19:08:33	1	1	15	0
        110077	2026-05-11 19:10:55	1	1	15	0
        116166	2026-05-11 19:13:40	1	1	15	0
        110580	2026-05-11 19:14:35	1	1	15	0
        110732	2026-05-11 19:14:40	1	1	15	0
        110581	2026-05-11 19:14:42	1	1	15	0
        110055	2026-05-11 19:17:49	1	1	15	0
        117091	2026-05-11 19:20:22	1	1	15	0
        119107	2026-05-11 19:36:29	1	1	15	0
        117337	2026-05-11 19:38:50	1	1	15	0
        118695	2026-05-11 19:38:53	1	1	15	0
        110006	2026-05-11 19:42:04	1	1	15	0
        110063	2026-05-11 19:53:17	1	1	15	0
        117201	2026-05-12 04:51:07	1	0	15	0
        110535	2026-05-12 05:38:29	1	0	15	0
        119070	2026-05-12 06:30:53	1	0	15	0
        110809	2026-05-12 06:35:14	1	0	15	0
        118427	2026-05-12 06:41:34	1	0	15	0
        117230	2026-05-12 06:42:14	1	0	15	0
        110732	2026-05-12 06:46:45	1	0	15	0
        117742	2026-05-12 06:46:51	1	0	15	0
        118750	2026-05-12 06:47:49	1	0	15	0
        116799	2026-05-12 06:49:55	1	0	15	0
        110549	2026-05-12 06:50:27	1	0	15	0
        110580	2026-05-12 06:50:34	1	0	15	0
        110462	2026-05-12 06:50:52	1	0	15	0
        116274	2026-05-12 06:50:56	1	0	15	0
        117839	2026-05-12 06:51:57	1	0	15	0
        117660	2026-05-12 06:52:25	1	0	15	0
        110493	2026-05-12 06:52:48	1	0	15	0
        116232	2026-05-12 06:53:51	1	0	15	0
        119143	2026-05-12 06:54:36	1	0	15	0
        117936	2026-05-12 06:55:06	1	0	15	0
        117259	2026-05-12 06:55:40	1	0	15	0
        110466	2026-05-12 06:55:43	1	0	15	0
        110360	2026-05-12 06:56:07	1	0	15	0
        118744	2026-05-12 06:56:11	1	0	15	0
        117054	2026-05-12 06:56:50	1	0	15	0
        110105	2026-05-12 06:57:07	1	0	15	0
        116960	2026-05-12 06:57:15	1	0	15	0
        117711	2026-05-12 06:57:30	1	0	15	0
        117733	2026-05-12 06:59:12	1	0	15	0
        117497	2026-05-12 07:00:45	1	0	15	0
        117129	2026-05-12 07:00:49	1	0	15	0
        110632	2026-05-12 07:00:57	1	0	15	0
        117645	2026-05-12 07:01:02	1	0	15	0
        110807	2026-05-12 07:01:19	1	0	15	0
        116504	2026-05-12 07:01:23	1	0	15	0
        110527	2026-05-12 07:02:39	1	0	15	0
        118271	2026-05-12 07:03:27	1	0	15	0
        110633	2026-05-12 07:03:41	1	0	15	0
        117591	2026-05-12 07:05:19	1	0	15	0
        117837	2026-05-12 07:05:44	1	0	15	0
        117483	2026-05-12 07:06:00	1	0	1	0
        117966	2026-05-12 07:07:00	1	0	15	0
        117770	2026-05-12 07:07:02	1	0	15	0
        117232	2026-05-12 07:07:06	1	0	15	0
        116995	2026-05-12 07:07:13	1	0	15	0
        110581	2026-05-12 07:07:16	1	0	15	0
        110473	2026-05-12 07:07:26	1	0	15	0
        110574	2026-05-12 07:07:38	1	0	15	0
        110538	2026-05-12 07:08:19	1	0	15	0
        118640	2026-05-12 07:08:45	1	0	15	0
        119006	2026-05-12 07:08:48	1	0	15	0
        110510	2026-05-12 07:08:52	1	0	15	0
        119494	2026-05-12 07:09:41	1	0	15	0
        110645	2026-05-12 07:10:17	1	0	15	0
        117811	2026-05-12 07:11:00	1	0	15	0
        110354	2026-05-12 07:12:04	1	0	15	0
        119571	2026-05-12 07:12:49	1	0	15	0
        110511	2026-05-12 07:15:11	1	0	15	0
        116496	2026-05-12 07:16:02	1	0	15	0
        118207	2026-05-12 07:17:12	1	0	15	0
        117092	2026-05-12 07:18:18	1	0	15	0
        110378	2026-05-12 07:19:24	1	0	15	0
        110456	2026-05-12 07:19:48	1	0	15	0
        116346	2026-05-12 07:21:22	1	0	15	0
        117270	2026-05-12 07:21:39	1	0	15	0
        110424	2026-05-12 07:23:19	1	0	15	0
        117103	2026-05-12 07:23:33	1	0	15	0
        116512	2026-05-12 07:23:56	1	0	15	0
        117850	2026-05-12 07:24:35	1	0	15	0
        110084	2026-05-12 07:24:44	1	0	15	0
        110507	2026-05-12 07:24:48	1	0	15	0
        116751	2026-05-12 07:24:52	1	0	15	0
        116483	2026-05-12 07:25:07	1	0	15	0
        110808	2026-05-12 07:25:33	1	0	15	0
        117642	2026-05-12 07:26:09	1	0	15	0
        110492	2026-05-12 07:26:38	1	0	15	0
        119453	2026-05-12 07:26:49	1	0	15	0
        110465	2026-05-12 07:27:11	1	0	15	0
        117838	2026-05-12 07:27:15	1	0	1	0
        116252	2026-05-12 07:29:23	1	0	15	0
        117487	2026-05-12 07:30:33	1	0	15	0
        110060	2026-05-12 07:31:05	1	0	15	0
        119272	2026-05-12 07:31:56	1	0	15	0
        116441	2026-05-12 07:32:24	1	0	15	0
        110810	2026-05-12 07:32:30	1	0	15	0
        110495	2026-05-12 07:32:35	1	0	15	0
        110805	2026-05-12 07:34:14	1	0	15	0
        119227	2026-05-12 07:34:18	1	0	15	0
        117920	2026-05-12 07:34:22	1	0	15	0
        118550	2026-05-12 07:34:26	1	0	15	0
        119107	2026-05-12 07:35:15	1	0	15	0
        116477	2026-05-12 07:35:22	1	0	15	0
        117723	2026-05-12 07:36:33	1	0	15	0
        117972	2026-05-12 07:37:22	1	0	15	0
        110785	2026-05-12 07:37:49	1	0	15	0
        110057	2026-05-12 07:38:07	1	0	15	0
        110063	2026-05-12 07:38:21	1	0	15	0
        110457	2026-05-12 07:38:26	1	0	15	0
        118302	2026-05-12 07:38:40	1	0	15	0
        119364	2026-05-12 07:39:17	1	0	15	0
        110376	2026-05-12 07:39:40	1	0	15	0
        118046	2026-05-12 07:40:11	1	0	15	0
        116763	2026-05-12 07:40:13	1	0	15	0
        110025	2026-05-12 07:40:15	1	0	15	0
        110197	2026-05-12 07:40:36	1	0	15	0
        110447	2026-05-12 07:40:38	1	0	15	0
        110356	2026-05-12 07:40:53	1	0	15	0
        110357	2026-05-12 07:40:55	1	0	15	0
        110355	2026-05-12 07:40:58	1	0	15	0
        117061	2026-05-12 07:41:05	1	0	15	0
        116356	2026-05-12 07:41:08	1	0	15	0
        117616	2026-05-12 07:41:11	1	0	15	0
        110116	2026-05-12 07:41:30	1	0	15	0
        110090	2026-05-12 07:42:23	1	0	15	0
        117111	2026-05-12 07:42:46	1	0	15	0
        118180	2026-05-12 07:43:10	1	0	15	0
        110070	2026-05-12 07:43:27	1	0	15	0
        117162	2026-05-12 07:43:31	1	0	15	0
        110201	2026-05-12 07:43:39	1	0	15	0
        110475	2026-05-12 07:43:57	1	0	15	0
        117817	2026-05-12 07:44:24	1	0	15	0
        117769	2026-05-12 07:45:02	1	0	15	0
        110817	2026-05-12 07:45:40	1	0	15	0
        118455	2026-05-12 07:45:44	1	0	15	0
        117815	2026-05-12 07:45:51	1	0	15	0
        118369	2026-05-12 07:46:10	1	0	15	0
        119493	2026-05-12 07:48:02	1	0	15	0
        110085	2026-05-12 07:48:09	1	0	15	0
        110088	2026-05-12 07:48:16	1	0	15	0
        117924	2026-05-12 07:48:38	1	0	15	0
        110567	2026-05-12 07:49:00	1	0	15	0
        117088	2026-05-12 07:49:08	1	0	15	0
        110371	2026-05-12 07:49:18	1	0	15	0
        117981	2026-05-12 07:49:31	1	0	15	0
        110077	2026-05-12 07:50:19	1	0	15	0
        110195	2026-05-12 07:50:31	1	0	15	0
        117091	2026-05-12 07:50:37	1	0	15	0
        117113	2026-05-12 07:51:21	1	0	15	0
        117224	2026-05-12 07:51:31	1	0	15	0
        110196	2026-05-12 07:52:11	1	0	15	0
        118753	2026-05-12 07:52:41	1	0	15	0
        110377	2026-05-12 07:52:46	1	0	15	0
        117680	2026-05-12 07:53:02	1	0	15	0
        117114	2026-05-12 07:54:07	1	0	15	0
        117790	2026-05-12 07:54:37	1	0	15	0
        117156	2026-05-12 07:55:13	1	0	15	0
        117144	2026-05-12 07:55:24	1	0	15	0
        117709	2026-05-12 07:55:48	1	0	15	0
        110421	2026-05-12 07:55:51	1	0	15	0
        110050	2026-05-12 07:56:38	1	0	15	0
        116828	2026-05-12 07:56:51	1	0	1	0
        118702	2026-05-12 07:56:58	1	0	15	0
        117212	2026-05-12 07:57:13	1	0	15	0
        117965	2026-05-12 07:57:35	1	0	15	0
        117222	2026-05-12 07:57:38	1	0	15	0
        117698	2026-05-12 07:57:41	1	0	15	0
        110513	2026-05-12 07:57:46	1	0	15	0
        110065	2026-05-12 07:57:48	1	0	15	0
        117120	2026-05-12 07:57:59	1	0	15	0
        116279	2026-05-12 07:58:24	1	0	15	0
        117930	2026-05-12 07:58:27	1	0	15	0
        118862	2026-05-12 07:59:00	1	0	15	0
        117926	2026-05-12 07:59:38	1	0	15	0
        116933	2026-05-12 07:59:56	1	0	15	0
        118458	2026-05-12 08:00:22	1	0	15	0
        119449	2026-05-12 08:00:31	1	0	15	0
        117833	2026-05-12 08:00:41	1	0	15	0
        117529	2026-05-12 08:00:47	1	0	15	0
        116072	2026-05-12 08:01:19	1	0	15	0
        117814	2026-05-12 08:01:54	1	0	15	0
        117993	2026-05-12 08:02:27	1	0	15	0
        119594	2026-05-12 08:02:36	1	0	15	0
        116297	2026-05-12 08:02:40	1	0	15	0
        116805	2026-05-12 08:03:11	1	0	15	0
        117543	2026-05-12 08:04:56	1	0	15	0
        118695	2026-05-12 08:05:53	1	0	15	0
        110172	2026-05-12 08:07:39	1	0	15	0
        117122	2026-05-12 08:07:42	1	0	15	0
        110511	2026-05-12 08:07:45	1	0	15	0
        117812	2026-05-12 08:08:16	1	0	15	0
        117575	2026-05-12 08:08:34	1	0	15	0
        117807	2026-05-12 08:09:50	1	0	15	0
        117541	2026-05-12 08:10:47	1	0	15	0
        116070	2026-05-12 08:13:07	1	0	15	0
        116069	2026-05-12 08:13:17	1	0	15	0
        117630	2026-05-12 08:14:10	1	0	15	0
        117236	2026-05-12 08:14:42	1	0	15	0
        110418	2026-05-12 08:14:45	1	0	15	0
        110463	2026-05-12 08:14:50	1	0	15	0
        117849	2026-05-12 08:15:16	1	0	15	0
        110393	2026-05-12 08:16:05	1	0	15	0
        118593	2026-05-12 08:16:56	1	0	15	0
        117786	2026-05-12 08:17:36	1	0	15	0
        119282	2026-05-12 08:19:45	1	0	15	0
        110055	2026-05-12 08:23:40	1	0	15	0
        117595	2026-05-12 08:25:51	1	0	15	0
        118813	2026-05-12 08:28:42	1	0	15	0
        117100	2026-05-12 08:31:46	1	0	15	0
        116095	2026-05-12 08:35:20	1	0	15	0
        117337	2026-05-12 08:38:17	1	0	15	0
        117043	2026-05-12 08:47:08	1	0	15	0
        110040	2026-05-12 08:47:13	1	0	15	0
        119535	2026-05-12 09:04:30	1	0	15	0
        116166	2026-05-12 09:20:20	1	0	15	0
        116070	2026-05-12 12:00:01	1	2	15	0
        110810	2026-05-12 12:00:12	1	2	15	0
        110085	2026-05-12 12:00:16	1	2	15	0
        110462	2026-05-12 12:00:19	1	2	15	0
        117483	2026-05-12 12:00:23	1	2	15	0
        117930	2026-05-12 12:00:26	1	2	15	0
        117833	2026-05-12 12:00:27	1	2	15	0
        117811	2026-05-12 12:00:29	1	2	15	0
        117645	2026-05-12 12:00:30	1	2	15	0
        110465	2026-05-12 12:00:32	1	2	15	0
        119227	2026-05-12 12:00:34	1	2	15	0
        117212	2026-05-12 12:00:36	1	2	15	0
        110805	2026-05-12 12:00:37	1	2	15	0
        118744	2026-05-12 12:00:40	1	2	15	0
        110090	2026-05-12 12:00:41	1	2	15	0
        117224	2026-05-12 12:00:43	1	2	15	0
        119453	2026-05-12 12:00:46	1	2	15	0
        117815	2026-05-12 12:00:48	1	2	15	0
        117129	2026-05-12 12:00:56	1	2	15	0
        117770	2026-05-12 12:01:04	1	2	15	0
        117837	2026-05-12 12:01:06	1	2	15	0
        116995	2026-05-12 12:01:07	1	2	15	0
        110511	2026-05-12 12:01:10	1	2	15	0
        110172	2026-05-12 12:01:12	1	2	15	0
        110495	2026-05-12 12:01:13	1	2	15	0
        110493	2026-05-12 12:01:15	1	2	15	0
        117839	2026-05-12 12:01:17	1	2	15	0
        117595	2026-05-12 12:01:31	1	2	15	0
        116512	2026-05-12 12:01:34	1	2	15	0
        116751	2026-05-12 12:01:36	1	2	15	0
        110463	2026-05-12 12:01:38	1	2	15	0
        117100	2026-05-12 12:01:42	1	2	15	0
        116070	2026-05-12 12:01:50	1	2	15	0
        110507	2026-05-12 12:01:54	1	2	15	0
        117543	2026-05-12 12:02:14	1	2	15	0
        117497	2026-05-12 12:02:39	1	2	15	0
        118862	2026-05-12 12:02:47	1	2	15	0
        110807	2026-05-12 12:02:51	1	2	15	0
        117733	2026-05-12 12:02:57	1	2	15	0
        110077	2026-05-12 12:03:03	1	2	15	0
        118813	2026-05-12 12:03:11	1	2	15	0
        118180	2026-05-12 12:03:16	1	2	15	0
        119272	2026-05-12 12:03:18	1	2	15	0
        110513	2026-05-12 12:03:20	1	2	15	0
        117680	2026-05-12 12:03:25	1	2	15	0
        117483	2026-05-12 12:03:30	1	2	15	0
        117839	2026-05-12 12:03:32	1	2	15	0
        117926	2026-05-12 12:03:34	1	2	15	0
        117811	2026-05-12 12:03:36	1	2	15	0
        117645	2026-05-12 12:03:38	1	2	15	0
        116496	2026-05-12 12:03:40	1	2	15	0
        116069	2026-05-12 12:03:42	1	2	15	0
        117129	2026-05-12 12:03:44	1	2	15	0
        117201	2026-05-12 12:03:46	1	2	15	0
        117812	2026-05-12 12:03:48	1	2	15	0
        117212	2026-05-12 12:03:51	1	2	15	0
        117833	2026-05-12 12:03:52	1	2	15	0
        117930	2026-05-12 12:03:55	1	2	15	0
        110785	2026-05-12 12:03:58	1	2	15	0
        118744	2026-05-12 12:04:00	1	2	15	0
        117092	2026-05-12 12:04:02	1	2	15	0
        117120	2026-05-12 12:04:08	1	2	15	0
        116933	2026-05-12 12:04:12	1	2	15	0
        110510	2026-05-12 12:04:17	1	2	15	0
        119453	2026-05-12 12:04:19	1	2	15	0
        110355	2026-05-12 12:04:23	1	2	15	0
        110356	2026-05-12 12:04:25	1	2	15	0
        117815	2026-05-12 12:04:26	1	2	15	0
        119107	2026-05-12 12:04:33	1	2	15	0
        116346	2026-05-12 12:05:04	1	2	15	0
        117630	2026-05-12 12:05:08	1	2	15	0
        110172	2026-05-12 12:05:14	1	2	15	0
        117088	2026-05-12 12:05:20	1	2	15	0
        118640	2026-05-12 12:05:29	1	2	15	0
        110421	2026-05-12 12:05:33	1	2	15	0
        110090	2026-05-12 12:05:35	1	2	15	0
        110116	2026-05-12 12:05:40	1	2	15	0
        117043	2026-05-12 12:05:45	1	2	15	0
        117232	2026-05-12 12:05:50	1	2	15	0
        110063	2026-05-12 12:05:52	1	2	15	0
        119227	2026-05-12 12:05:55	1	2	15	0
        110805	2026-05-12 12:05:57	1	2	15	0
        110492	2026-05-12 12:05:59	1	2	15	0
        110105	2026-05-12 12:06:01	1	2	15	0
        118862	2026-05-12 12:06:08	1	2	15	0
        117733	2026-05-12 12:06:13	1	2	15	0
        110808	2026-05-12 12:06:20	1	2	15	0
        118550	2026-05-12 12:06:24	1	2	15	0
        117230	2026-05-12 12:06:27	1	2	15	0
        116252	2026-05-12 12:06:29	1	2	15	0
        117259	2026-05-12 12:06:32	1	2	15	0
        117541	2026-05-12 12:06:33	1	2	15	0
        116995	2026-05-12 12:06:35	1	2	15	0
        117770	2026-05-12 12:06:37	1	2	15	0
        117837	2026-05-12 12:06:40	1	2	15	0
        116799	2026-05-12 12:06:44	1	2	15	0
        110040	2026-05-12 12:06:46	1	2	15	0
        110378	2026-05-12 12:06:48	1	2	15	0
        110088	2026-05-12 12:06:50	1	2	15	0
        117616	2026-05-12 12:06:53	1	2	15	0
        117497	2026-05-12 12:06:55	1	2	15	0
        116504	2026-05-12 12:06:58	1	2	15	0
        119272	2026-05-12 12:07:00	1	2	15	0
        118813	2026-05-12 12:07:03	1	2	15	0
        119449	2026-05-12 12:07:05	1	2	15	0
        118180	2026-05-12 12:07:12	1	2	15	0
        116069	2026-05-12 12:07:15	1	2	15	0
        110507	2026-05-12 12:07:20	1	2	15	0
        110495	2026-05-12 12:07:21	1	2	15	0
        110493	2026-05-12 12:07:23	1	2	15	0
        117144	2026-05-12 12:07:26	1	2	15	0
        118640	2026-05-12 12:07:28	1	2	15	0
        116346	2026-05-12 12:07:33	1	2	15	0
        117812	2026-05-12 12:07:36	1	2	15	0
        110465	2026-05-12 12:07:40	1	2	15	0
        116232	2026-05-12 12:07:45	1	2	15	0
        117591	2026-05-12 12:08:10	1	2	15	0
        117201	2026-05-12 12:08:18	1	2	15	0
        110354	2026-05-12 12:08:27	1	2	15	0
        117769	2026-05-12 12:08:33	1	2	15	0
        117838	2026-05-12 12:08:34	1	2	15	0
        117966	2026-05-12 12:08:36	1	2	15	0
        110633	2026-05-12 12:08:38	1	2	15	0
        110510	2026-05-12 12:08:40	1	2	15	0
        117936	2026-05-12 12:08:43	1	2	15	0
        110511	2026-05-12 12:08:45	1	2	15	0
        110355	2026-05-12 12:08:50	1	2	15	0
        117162	2026-05-12 12:08:52	1	2	15	0
        117723	2026-05-12 12:08:53	1	2	15	0
        117487	2026-05-12 12:08:58	1	2	15	0
        117595	2026-05-12 12:08:59	1	2	15	0
        116504	2026-05-12 12:09:04	1	2	15	0
        110088	2026-05-12 12:09:06	1	2	15	0
        110356	2026-05-12 12:09:10	1	2	15	0
        119107	2026-05-12 12:09:16	1	2	15	0
        110085	2026-05-12 12:09:21	1	2	15	0
        116933	2026-05-12 12:09:23	1	2	15	0
        117236	2026-05-12 12:09:24	1	2	15	0
        117092	2026-05-12 12:09:27	1	2	15	0
        110732	2026-05-12 12:09:35	1	2	15	0
        110580	2026-05-12 12:09:37	1	2	15	0
        110077	2026-05-12 12:09:40	1	2	15	0
        110581	2026-05-12 12:09:43	1	2	15	0
        116512	2026-05-12 12:09:48	1	2	15	0
        110632	2026-05-12 12:09:50	1	2	15	0
        116751	2026-05-12 12:09:50	1	2	15	0
        117222	2026-05-12 12:09:54	1	2	15	0
        116252	2026-05-12 12:09:59	1	2	15	0
        117259	2026-05-12 12:10:04	1	2	15	0
        117541	2026-05-12 12:10:06	1	2	15	0
        110492	2026-05-12 12:10:19	1	2	15	0
        117817	2026-05-12 12:10:24	1	2	15	0
        117680	2026-05-12 12:10:44	1	2	15	0
        110070	2026-05-12 12:10:56	1	2	15	0
        118271	2026-05-12 12:11:00	1	2	15	0
        110466	2026-05-12 12:11:04	1	2	15	0
        116274	2026-05-12 12:11:05	1	2	15	0
        117936	2026-05-12 12:11:07	1	2	15	0
        110060	2026-05-12 12:11:09	1	2	15	0
        116960	2026-05-12 12:11:14	1	2	15	0
        119006	2026-05-12 12:11:18	1	2	15	0
        117230	2026-05-12 12:11:21	1	2	15	0
        118550	2026-05-12 12:11:25	1	2	15	0
        116477	2026-05-12 12:11:32	1	2	15	0
        117790	2026-05-12 12:11:34	1	2	15	0
        110809	2026-05-12 12:11:36	1	2	15	0
        110538	2026-05-12 12:11:44	1	2	15	0
        110377	2026-05-12 12:11:48	1	2	15	0
        110463	2026-05-12 12:11:52	1	2	15	0
        117575	2026-05-12 12:11:57	1	2	15	0
        119143	2026-05-12 12:12:00	1	2	15	0
        110807	2026-05-12 12:12:05	1	2	15	0
        119493	2026-05-12 12:12:13	1	2	15	0
        119535	2026-05-12 12:12:18	1	2	15	0
        110105	2026-05-12 12:12:37	1	2	15	0
        110354	2026-05-12 12:12:50	1	2	15	0
        116166	2026-05-12 12:12:53	1	2	15	0
        118207	2026-05-12 12:12:55	1	2	15	0
        117113	2026-05-12 12:13:26	1	2	15	0
        117543	2026-05-12 12:13:32	1	2	15	0
        117122	2026-05-12 12:13:37	1	2	15	0
        119493	2026-05-12 12:13:49	1	2	15	0
        110378	2026-05-12 12:13:50	1	2	15	0
        110538	2026-05-12 12:13:56	1	2	15	0
        110063	2026-05-12 12:14:05	1	2	15	0
        110808	2026-05-12 12:14:11	1	2	15	0
        117162	2026-05-12 12:14:40	1	2	15	0
        117487	2026-05-12 12:14:45	1	2	15	0
        117786	2026-05-12 12:14:47	1	2	15	0
        117817	2026-05-12 12:14:55	1	2	15	0
        117723	2026-05-12 12:14:57	1	2	15	0
        110810	2026-05-12 12:15:03	1	2	15	0
        119143	2026-05-12 12:15:06	1	2	15	0
        110462	2026-05-12 12:15:09	1	2	15	0
        117630	2026-05-12 12:15:12	1	2	15	0
        118271	2026-05-12 12:15:15	1	2	15	0
        110466	2026-05-12 12:15:18	1	2	15	0
        116496	2026-05-12 12:15:19	1	2	15	0
        116274	2026-05-12 12:15:21	1	2	15	0
        117270	2026-05-12 12:15:23	1	2	15	0
        110376	2026-05-12 12:15:28	1	2	15	0
        117769	2026-05-12 12:15:40	1	2	15	0
        117838	2026-05-12 12:15:41	1	2	15	0
        117966	2026-05-12 12:15:43	1	2	15	0
        110633	2026-05-12 12:15:45	1	2	15	0
        117591	2026-05-12 12:15:47	1	2	15	0
        110060	2026-05-12 12:15:50	1	2	15	0
        116960	2026-05-12 12:15:52	1	2	15	0
        119006	2026-05-12 12:15:53	1	2	15	0
        116232	2026-05-12 12:15:56	1	2	15	0
        116477	2026-05-12 12:15:59	1	2	15	0
        117790	2026-05-12 12:16:00	1	2	15	0
        110817	2026-05-12 12:16:29	1	2	15	0
        118207	2026-05-12 12:16:31	1	2	15	0
        118458	2026-05-12 12:16:37	1	2	15	0
        116356	2026-05-12 12:16:40	1	2	15	0
        117981	2026-05-12 12:16:43	1	2	15	0
        117575	2026-05-12 12:16:46	1	2	15	0
        117222	2026-05-12 12:16:48	1	2	15	0
        116805	2026-05-12 12:16:50	1	2	15	0
        118369	2026-05-12 12:16:52	1	2	15	0
        110580	2026-05-12 12:16:53	1	2	15	0
        117061	2026-05-12 12:16:56	1	2	15	0
        117144	2026-05-12 12:16:57	1	2	15	0
        119535	2026-05-12 12:17:16	1	2	15	0
        118917	2026-05-12 12:17:21	1	2	15	0
        110732	2026-05-12 12:17:49	1	2	15	0
        110581	2026-05-12 12:17:53	1	2	15	0
        117926	2026-05-12 12:18:03	1	2	15	0
        117088	2026-05-12 12:18:07	1	2	15	0
        110116	2026-05-12 12:18:22	1	2	15	0
        110632	2026-05-12 12:18:43	1	2	15	0
        110376	2026-05-12 12:19:13	1	2	15	0
        116166	2026-05-12 12:19:19	1	2	15	0
        117236	2026-05-12 12:19:23	1	2	15	0
        118593	2026-05-12 12:19:27	1	2	15	0
        117270	2026-05-12 12:19:32	1	2	15	0
        118046	2026-05-12 12:19:35	1	2	15	0
        117122	2026-05-12 12:19:38	1	2	15	0
        116799	2026-05-12 12:19:43	1	2	15	0
        110549	2026-05-12 12:19:46	1	2	15	0
        116356	2026-05-12 12:19:49	1	2	15	0
        118369	2026-05-12 12:19:53	1	2	15	0
        117061	2026-05-12 12:19:56	1	2	15	0
        117981	2026-05-12 12:19:58	1	2	15	0
        116805	2026-05-12 12:20:01	1	2	15	0
        110809	2026-05-12 12:20:15	1	2	15	0
        110817	2026-05-12 12:20:38	1	2	15	0
        118302	2026-05-12 12:20:48	1	2	15	0
        117642	2026-05-12 12:21:05	1	2	15	0
        110393	2026-05-12 12:21:08	1	2	15	0
        116072	2026-05-12 12:22:17	1	2	15	0
        117924	2026-05-12 12:22:19	1	2	15	0
        110457	2026-05-12 12:22:20	1	2	15	0
        118458	2026-05-12 12:22:25	1	2	15	0
        110357	2026-05-12 12:22:44	1	2	15	0
        110456	2026-05-12 12:22:46	1	2	15	0
        110377	2026-05-12 12:22:57	1	2	15	0
        117993	2026-05-12 12:23:04	1	2	15	0
        110645	2026-05-12 12:23:19	1	2	15	0
        117120	2026-05-12 12:24:25	1	2	15	0
        117711	2026-05-12 12:24:37	1	2	15	0
        118753	2026-05-12 12:24:53	1	2	15	0
        110065	2026-05-12 12:25:40	1	2	15	0
        118741	2026-05-12 12:25:42	1	2	15	0
        119449	2026-05-12 12:25:47	1	2	15	0
        117224	2026-05-12 12:26:48	1	2	15	0
        110421	2026-05-12 12:26:50	1	2	15	0
        117924	2026-05-12 12:26:52	1	2	15	0
        116072	2026-05-12 12:26:53	1	2	15	0
        110456	2026-05-12 12:26:55	1	2	15	0
        110457	2026-05-12 12:26:58	1	2	15	0
        110357	2026-05-12 12:27:01	1	2	15	0
        117642	2026-05-12 12:27:14	1	2	15	0
        110393	2026-05-12 12:27:17	1	2	15	0
        110549	2026-05-12 12:27:26	1	2	15	0
        110785	2026-05-12 12:27:32	1	2	15	0
        117742	2026-05-12 12:27:50	1	2	15	0
        117807	2026-05-12 12:27:52	1	2	15	0
        118753	2026-05-12 12:28:43	1	2	15	0
        110574	2026-05-12 12:29:23	1	2	15	0
        117529	2026-05-12 12:29:49	1	2	15	0
        117616	2026-05-12 12:30:08	1	2	15	0
        110645	2026-05-12 12:30:18	1	2	15	0
        117103	2026-05-12 12:30:27	1	2	15	0
        110475	2026-05-12 12:31:10	1	2	15	0
        110473	2026-05-12 12:31:17	1	2	15	0
        117993	2026-05-12 12:31:23	1	2	15	0
        118741	2026-05-12 12:31:41	1	2	15	0
        110065	2026-05-12 12:31:45	1	2	15	0
        117920	2026-05-12 12:31:46	1	2	15	0
        117698	2026-05-12 12:31:48	1	2	15	0
        117850	2026-05-12 12:31:50	1	2	15	0
        117711	2026-05-12 12:32:06	1	2	15	0
        117807	2026-05-12 12:32:09	1	2	15	0
        117742	2026-05-12 12:32:11	1	2	15	0
        117114	2026-05-12 12:32:49	1	2	15	0
        116279	2026-05-12 12:33:13	1	2	15	0
        110196	2026-05-12 12:33:21	1	2	15	0
        117965	2026-05-12 12:33:32	1	2	15	0
        116763	2026-05-12 12:33:35	1	2	15	0
        117103	2026-05-12 12:33:38	1	2	15	0
        117091	2026-05-12 12:33:40	1	2	15	0
        117529	2026-05-12 12:34:34	1	3	15	0
        110418	2026-05-12 12:34:39	1	3	15	0
        117849	2026-05-12 12:34:42	1	3	15	0
        117709	2026-05-12 12:34:46	1	3	15	0
        119494	2026-05-12 12:34:50	1	3	15	0
        117698	2026-05-12 12:35:02	1	3	15	0
        117920	2026-05-12 12:35:04	1	3	15	0
        117850	2026-05-12 12:35:07	1	3	15	0
        119594	2026-05-12 12:35:13	1	3	15	0
        110574	2026-05-12 12:35:23	1	3	15	0
        116828	2026-05-12 12:36:06	1	3	1	0
        116279	2026-05-12 12:36:51	1	3	15	0
        117043	2026-05-12 12:37:07	1	3	15	0
        117232	2026-05-12 12:37:16	1	3	15	0
        110513	2026-05-12 12:37:18	1	3	15	0
        118046	2026-05-12 12:37:21	1	3	15	0
        118593	2026-05-12 12:37:24	1	3	15	0
        110070	2026-05-12 12:38:00	1	3	15	0
        110050	2026-05-12 12:38:35	1	3	15	0
        116095	2026-05-12 12:38:39	1	3	15	0
        110201	2026-05-12 12:38:44	1	3	15	0
        117965	2026-05-12 12:38:49	1	3	15	0
        110196	2026-05-12 12:38:53	1	3	15	0
        119594	2026-05-12 12:38:59	1	3	15	0
        110567	2026-05-12 12:39:04	1	3	15	0
        110371	2026-05-12 12:39:06	1	3	15	0
        117849	2026-05-12 12:39:16	1	3	15	0
        117709	2026-05-12 12:39:21	1	3	15	0
        117091	2026-05-12 12:39:24	1	3	15	0
        119494	2026-05-12 12:39:34	1	3	15	0
        110475	2026-05-12 12:39:55	1	3	15	0
        118695	2026-05-12 12:40:05	1	3	15	0
        117111	2026-05-12 12:40:07	1	3	15	0
        117113	2026-05-12 12:40:58	1	3	15	0
        118302	2026-05-12 12:41:48	1	3	15	0
        117156	2026-05-12 12:42:42	1	3	15	0
        117114	2026-05-12 12:42:53	1	3	15	0
        116990	2026-05-12 12:43:24	1	3	15	0
        110527	2026-05-12 12:44:15	1	3	15	0
        110360	2026-05-12 12:44:42	1	3	15	0
        110418	2026-05-12 12:44:55	1	3	15	0
        116763	2026-05-12 12:44:58	1	3	15	0
        110055	2026-05-12 12:46:23	1	3	15	0
        110084	2026-05-12 12:46:26	1	3	15	0
        110371	2026-05-12 12:46:48	1	3	15	0
        110567	2026-05-12 12:46:51	1	3	15	0
        110201	2026-05-12 12:46:56	1	3	15	0
        116441	2026-05-12 12:46:58	1	3	15	0
        117660	2026-05-12 12:47:01	1	3	15	0
        110473	2026-05-12 12:47:04	1	3	15	0
        116095	2026-05-12 12:47:17	1	3	15	0
        117337	2026-05-12 12:47:43	1	3	15	0
        110084	2026-05-12 12:47:50	1	3	15	0
        110055	2026-05-12 12:48:09	1	3	15	0
        117111	2026-05-12 12:48:27	1	3	15	0
        118695	2026-05-12 12:48:29	1	3	15	0
        110050	2026-05-12 12:48:55	1	3	15	0
        110040	2026-05-12 12:49:11	1	3	15	0
        117660	2026-05-12 12:49:40	1	3	15	0
        116441	2026-05-12 12:49:48	1	3	15	0
        119282	2026-05-12 12:49:50	1	3	15	0
        117054	2026-05-12 12:49:53	1	3	15	0
        117156	2026-05-12 12:51:06	1	3	15	0
        110527	2026-05-12 12:51:13	1	3	15	0
        116297	2026-05-12 12:51:57	1	3	15	0
        118750	2026-05-12 12:52:17	1	3	15	0
        117054	2026-05-12 12:52:34	1	3	15	0
        119282	2026-05-12 12:52:37	1	3	15	0
        116828	2026-05-12 12:53:02	1	3	1	0
        119070	2026-05-12 12:53:17	1	3	15	0
        116483	2026-05-12 12:53:19	1	3	15	0
        118455	2026-05-12 12:53:21	1	3	15	0
        110057	2026-05-12 12:53:23	1	3	15	0
        110195	2026-05-12 12:54:13	1	3	15	0
        117786	2026-05-12 12:55:02	1	3	15	0
        116297	2026-05-12 12:55:11	1	3	15	0
        118750	2026-05-12 12:56:23	1	3	15	0
        110360	2026-05-12 12:58:03	1	3	15	0
        116483	2026-05-12 12:58:10	1	3	15	0
        118455	2026-05-12 12:58:13	1	3	15	0
        119070	2026-05-12 12:58:23	1	3	15	0
        110057	2026-05-12 12:58:33	1	3	15	0
        110195	2026-05-12 12:58:52	1	3	15	0
        117337	2026-05-12 12:59:07	1	3	15	0
        116260	2026-05-12 13:15:11	1	3	15	0
        118753	2026-05-12 14:15:16	1	3	15	0
        110527	2026-05-12 15:02:28	1	3	15	0
        118180	2026-05-12 17:00:47	1	1	15	0
        110805	2026-05-12 17:01:05	1	1	15	0
        116297	2026-05-12 17:02:36	1	1	15	0
        118813	2026-05-12 17:03:03	1	1	15	0
        117965	2026-05-12 17:03:28	1	1	15	0
        110196	2026-05-12 17:03:32	1	1	15	0
        110549	2026-05-12 17:03:38	1	1	15	0
        117222	2026-05-12 17:03:42	1	1	15	0
        117630	2026-05-12 17:06:22	1	1	15	0
        110201	2026-05-12 17:06:32	1	1	15	0
        119272	2026-05-12 17:06:59	1	1	15	0
        117698	2026-05-12 17:08:27	1	1	15	0
        110377	2026-05-12 17:08:40	1	1	15	0
        117156	2026-05-12 17:11:10	1	1	15	0
        110376	2026-05-12 17:13:59	1	1	15	0
        117642	2026-05-12 17:14:27	1	1	15	0
        117111	2026-05-12 17:14:34	1	1	15	0
        117926	2026-05-12 17:15:24	1	1	15	0
        110785	2026-05-12 17:16:28	1	1	15	0
        117224	2026-05-12 17:16:45	1	1	15	0
        117833	2026-05-12 17:17:37	1	1	15	0
        117930	2026-05-12 17:17:40	1	1	15	0
        110040	2026-05-12 17:17:55	1	1	15	0
        116441	2026-05-12 17:18:27	1	1	15	0
        117920	2026-05-12 17:18:37	1	1	15	0
        117850	2026-05-12 17:18:41	1	1	15	0
        110421	2026-05-12 17:22:07	1	1	15	0
        117595	2026-05-12 17:23:13	1	1	15	0
        118917	2026-05-12 17:47:10	1	1	15	0
        117100	2026-05-12 17:47:12	1	1	15	0
        117043	2026-05-12 17:47:28	1	1	15	0
        117232	2026-05-12 17:47:32	1	1	15	0
        116763	2026-05-12 17:47:46	1	1	15	0
        117236	2026-05-12 17:48:04	1	1	15	0
        110393	2026-05-12 17:49:28	1	1	15	0
        110195	2026-05-12 17:49:40	1	1	15	0
        118741	2026-05-12 17:50:03	1	1	15	0
        110065	2026-05-12 17:50:06	1	1	15	0
        117091	2026-05-12 17:51:24	1	1	15	0
        110513	2026-05-12 17:54:16	1	1	15	0
        110462	2026-05-12 17:55:51	1	1	15	0
        117786	2026-05-12 17:56:04	1	1	15	0
        116095	2026-05-12 17:58:59	1	1	15	0
        110371	2026-05-12 17:59:05	1	1	15	0
        117936	2026-05-12 18:01:27	1	1	15	0
        117790	2026-05-12 18:02:32	1	1	15	0
        117201	2026-05-12 18:02:55	1	1	15	0
        117054	2026-05-12 18:03:01	1	1	15	0
        116232	2026-05-12 18:03:42	1	1	15	0
        116799	2026-05-12 18:04:10	1	1	15	0
        117733	2026-05-12 18:04:33	1	1	15	0
        117230	2026-05-12 18:04:38	1	1	15	0
        110574	2026-05-12 18:04:43	1	1	15	0
        118750	2026-05-12 18:04:48	1	1	15	0
        119070	2026-05-12 18:05:10	1	1	15	0
        117711	2026-05-12 18:06:21	1	1	15	0
        117483	2026-05-12 18:06:30	1	1	15	0
        110809	2026-05-12 18:06:38	1	1	15	0
        117770	2026-05-12 18:07:16	1	1	15	0
        110360	2026-05-12 18:08:04	1	1	15	0
        118640	2026-05-12 18:08:15	1	1	15	0
        110418	2026-05-12 18:08:35	1	1	15	0
        110085	2026-05-12 18:09:03	1	1	15	0
        117966	2026-05-12 18:09:11	1	1	15	0
        110493	2026-05-12 18:09:27	1	1	15	0
        110473	2026-05-12 18:09:58	1	1	15	0
        117129	2026-05-12 18:10:01	1	1	15	0
        110538	2026-05-12 18:10:37	1	1	15	0
        110172	2026-05-12 18:10:44	1	1	15	0
        116504	2026-05-12 18:10:48	1	1	15	0
        117645	2026-05-12 18:11:24	1	1	15	0
        117811	2026-05-12 18:11:27	1	1	15	0
        110633	2026-05-12 18:11:31	1	1	15	0
        117839	2026-05-12 18:11:34	1	1	15	0
        117660	2026-05-12 18:11:37	1	1	15	0
        110466	2026-05-12 18:12:07	1	1	15	0
        117837	2026-05-12 18:14:45	1	1	15	0
        119006	2026-05-12 18:17:19	1	1	15	0
        116960	2026-05-12 18:17:22	1	1	15	0
        118207	2026-05-12 18:19:47	1	1	15	0
        118271	2026-05-12 18:20:40	1	1	15	0
        110511	2026-05-12 18:20:50	1	1	15	0
        117815	2026-05-12 18:23:14	1	1	15	0
        117092	2026-05-12 18:23:40	1	1	15	0
        119143	2026-05-12 18:23:46	1	1	15	0
        110084	2026-05-12 18:23:52	1	1	15	0
        110197	2026-05-12 18:23:56	1	1	15	0
        119107	2026-05-12 18:24:05	1	1	15	0
        116496	2026-05-12 18:24:36	1	1	15	0
        110105	2026-05-12 18:26:47	1	1	15	0
        119453	2026-05-12 18:27:22	1	1	15	0
        110507	2026-05-12 18:27:36	1	1	15	0
        117103	2026-05-12 18:27:53	1	1	15	0
        110492	2026-05-12 18:28:09	1	1	15	0
        119494	2026-05-12 18:28:14	1	1	15	0
        110354	2026-05-12 18:29:01	1	1	15	0
        110808	2026-05-12 18:29:35	1	1	15	0
        116512	2026-05-12 18:29:53	1	1	15	0
        110465	2026-05-12 18:30:03	1	1	15	0
        116751	2026-05-12 18:30:37	1	1	15	0
        110378	2026-05-12 18:31:14	1	1	15	0
        117212	2026-05-12 18:32:12	1	1	15	0
        117497	2026-05-12 18:32:13	1	1	15	0
        119571	2026-05-12 18:32:24	1	1	15	0
        110807	2026-05-12 18:32:49	1	1	15	0
        110495	2026-05-12 18:32:57	1	1	15	0
        110055	2026-05-12 18:33:37	1	1	15	0
        116483	2026-05-12 18:36:16	1	1	15	0
        117270	2026-05-12 18:36:22	1	1	15	0
        117742	2026-05-12 18:37:13	1	1	15	0
        118550	2026-05-12 18:38:00	1	1	15	0
        117487	2026-05-12 18:38:19	1	1	15	0
        117723	2026-05-12 18:38:24	1	1	15	0
        118046	2026-05-12 18:38:45	1	1	15	0
        116477	2026-05-12 18:39:15	1	1	15	0
        116346	2026-05-12 18:39:26	1	1	15	0
        110060	2026-05-12 18:39:58	1	1	15	0
        116252	2026-05-12 18:40:32	1	1	15	0
        110810	2026-05-12 18:40:53	1	1	15	0
        116995	2026-05-12 18:41:05	1	1	15	0
        110632	2026-05-12 18:41:13	1	1	15	0
        110355	2026-05-12 18:41:23	1	1	15	0
        110475	2026-05-12 18:41:33	1	1	15	0
        117659	2026-05-12 18:42:06	1	1	15	0
        110456	2026-05-12 18:42:54	1	1	15	0
        117769	2026-05-12 18:44:35	1	1	15	0
        117838	2026-05-12 18:44:39	1	1	1	0
        110116	2026-05-12 18:45:29	1	1	15	0
        110356	2026-05-12 18:49:08	1	1	15	0
        117162	2026-05-12 18:49:13	1	1	15	0
        110025	2026-05-12 18:49:30	1	1	15	0
        110510	2026-05-12 18:50:25	1	1	15	0
        117680	2026-05-12 18:51:08	1	1	15	0
        110457	2026-05-12 18:54:00	1	1	15	0
        110357	2026-05-12 18:54:02	1	1	15	0
        117120	2026-05-12 18:55:37	1	1	15	0
        117061	2026-05-12 18:56:31	1	1	15	0
        116356	2026-05-12 18:56:32	1	1	15	0
        118702	2026-05-12 18:56:38	1	1	15	0
        118302	2026-05-12 18:58:32	1	1	15	0
        118455	2026-05-12 18:58:50	1	1	15	0
        117259	2026-05-12 18:59:17	1	1	15	0
        119227	2026-05-12 18:59:56	1	1	15	0
        117541	2026-05-12 19:00:22	1	1	15	0
        117113	2026-05-12 19:00:45	1	1	15	0
        116166	2026-05-12 19:01:35	1	1	15	0
        117849	2026-05-12 19:01:52	1	1	15	0
        117709	2026-05-12 19:01:56	1	1	15	0
        117981	2026-05-12 19:02:11	1	1	15	0
        118369	2026-05-12 19:02:15	1	1	15	0
        116805	2026-05-12 19:02:21	1	1	15	0
        119282	2026-05-12 19:02:46	1	1	15	0
        118593	2026-05-12 19:02:59	1	1	15	0
        119493	2026-05-12 19:03:16	1	1	15	0
        117817	2026-05-12 19:03:29	1	1	15	0
        119535	2026-05-12 19:03:32	1	1	15	0
        110050	2026-05-12 19:04:35	1	1	15	0
        110077	2026-05-12 19:04:59	1	1	15	0
        118695	2026-05-12 19:05:11	1	1	15	0
        118458	2026-05-12 19:05:13	1	1	15	0
        117337	2026-05-12 19:05:15	1	1	15	0
        117616	2026-05-12 19:05:23	1	1	15	0
        116933	2026-05-12 19:05:38	1	1	15	0
        110070	2026-05-12 19:06:14	1	1	15	0
        116072	2026-05-12 19:06:19	1	1	15	0
        117924	2026-05-12 19:06:20	1	1	15	0
        116260	2026-05-12 19:06:22	1	1	15	0
        117088	2026-05-12 19:07:52	1	1	15	0
        117972	2026-05-12 19:08:19	1	1	15	0
        117575	2026-05-12 19:08:23	1	1	15	0
        110463	2026-05-12 19:08:26	1	1	15	0
        119449	2026-05-12 19:09:03	1	1	15	0
        117529	2026-05-12 19:10:07	1	1	15	0
        117122	2026-05-12 19:10:53	1	1	15	0
        117993	2026-05-12 19:11:16	1	1	15	0
        118593	2026-05-12 19:12:11	1	1	15	0
        116069	2026-05-12 19:12:46	1	1	15	0
        119594	2026-05-12 19:12:52	1	1	15	0
        117591	2026-05-12 19:12:56	1	1	15	0
        117812	2026-05-12 19:12:59	1	1	15	0
        110581	2026-05-12 19:13:01	1	1	15	0
        110732	2026-05-12 19:13:07	1	1	15	0
        116070	2026-05-12 19:13:16	1	1	1	0
        117807	2026-05-12 19:13:23	1	1	15	0
        116990	2026-05-12 19:13:25	1	1	15	0
        110580	2026-05-12 19:13:30	1	1	15	0
        110088	2026-05-12 19:13:58	1	1	15	0
        118862	2026-05-12 19:16:16	1	1	15	0
        117144	2026-05-12 19:16:44	1	1	15	0
        117543	2026-05-12 19:17:11	1	1	15	0
        117114	2026-05-12 19:24:07	1	1	15	0
        110063	2026-05-12 19:34:35	1	1	15	0
        110057	2026-05-12 19:34:41	1	1	15	0
        110090	2026-05-12 19:35:09	1	1	15	0
        119107	2026-05-12 19:41:02	1	1	15	0
        117201	2026-05-13 04:55:03	1	0	15	0
        116069	2026-05-13 06:02:01	1	0	15	0
        116831	2026-05-13 06:20:32	1	0	15	0
        116232	2026-05-13 06:23:41	1	0	15	0
        110574	2026-05-13 06:31:51	1	0	15	0
        118750	2026-05-13 06:33:09	1	0	15	0
        119070	2026-05-13 06:36:27	1	0	15	0
        116834	2026-05-13 06:36:59	1	0	15	0
        118744	2026-05-13 06:42:53	1	0	15	0
        116799	2026-05-13 06:43:14	1	0	15	0
        110580	2026-05-13 06:44:44	1	0	15	0
        110367	2026-05-13 06:49:03	1	0	15	0
        110493	2026-05-13 06:54:38	1	0	15	0
        117936	2026-05-13 06:56:53	1	0	15	0
        117645	2026-05-13 06:56:56	1	0	15	0
        116504	2026-05-13 06:57:23	1	0	15	0
        117711	2026-05-13 06:57:25	1	0	15	0
        110732	2026-05-13 06:57:28	1	0	15	0
        118271	2026-05-13 06:57:45	1	0	15	0
        116274	2026-05-13 06:57:48	1	0	15	0
        117839	2026-05-13 06:57:49	1	0	15	0
        117113	2026-05-13 06:58:02	1	0	15	0
        118563	2026-05-13 06:59:49	1	0	15	0
        110807	2026-05-13 06:59:58	1	0	15	0
        117120	2026-05-13 07:00:02	1	0	15	0
        110466	2026-05-13 07:00:08	1	0	15	0
        117129	2026-05-13 07:03:02	1	0	15	0
        117966	2026-05-13 07:03:05	1	0	15	0
        117230	2026-05-13 07:03:09	1	0	15	0
        116496	2026-05-13 07:03:12	1	0	15	0
        118640	2026-05-13 07:05:40	1	0	15	0
        116960	2026-05-13 07:07:45	1	0	15	0
        110527	2026-05-13 07:08:07	1	0	15	0
        117838	2026-05-13 07:08:28	1	0	1	0
        117591	2026-05-13 07:09:25	1	0	15	0
        117232	2026-05-13 07:09:54	1	0	15	0
        119453	2026-05-13 07:10:25	1	0	15	0
        110495	2026-05-13 07:10:57	1	0	15	0
        119157	2026-05-13 07:11:07	1	0	15	0
        110105	2026-05-13 07:11:12	1	0	15	0
        117497	2026-05-13 07:11:34	1	0	15	0
        110065	2026-05-13 07:11:37	1	0	15	0
        110581	2026-05-13 07:12:35	1	0	15	0
        110549	2026-05-13 07:12:45	1	0	15	0
        110538	2026-05-13 07:13:11	1	0	15	0
        117103	2026-05-13 07:14:00	1	0	15	0
        110378	2026-05-13 07:14:42	1	0	15	0
        118580	2026-05-13 07:14:57	1	0	15	0
        117811	2026-05-13 07:16:04	1	0	15	0
        110456	2026-05-13 07:16:08	1	0	15	0
        117733	2026-05-13 07:16:25	1	0	15	0
        110475	2026-05-13 07:16:27	1	0	15	0
        116512	2026-05-13 07:16:56	1	0	15	0
        118207	2026-05-13 07:17:10	1	0	15	0
        116751	2026-05-13 07:17:17	1	0	15	0
        116995	2026-05-13 07:17:25	1	0	15	0
        110357	2026-05-13 07:19:13	1	0	15	0
        117709	2026-05-13 07:22:41	1	0	15	0
        110085	2026-05-13 07:23:04	1	0	15	0
        110354	2026-05-13 07:23:35	1	0	15	0
        119143	2026-05-13 07:23:39	1	0	15	0
        116933	2026-05-13 07:23:44	1	0	15	0
        119494	2026-05-13 07:24:04	1	0	15	0
        117162	2026-05-13 07:24:28	1	0	15	0
        117487	2026-05-13 07:25:30	1	0	15	0
        117680	2026-05-13 07:25:52	1	0	15	0
        110632	2026-05-13 07:25:59	1	0	15	0
        118455	2026-05-13 07:26:09	1	0	15	0
        119107	2026-05-13 07:26:19	1	0	15	0
        117092	2026-05-13 07:26:24	1	0	15	0
        110492	2026-05-13 07:26:45	1	0	15	0
        110645	2026-05-13 07:27:26	1	0	15	0
        110808	2026-05-13 07:27:31	1	0	15	0
        110060	2026-05-13 07:29:07	1	0	15	0
        116346	2026-05-13 07:29:13	1	0	15	0
        110510	2026-05-13 07:30:46	1	0	15	0
        110463	2026-05-13 07:31:21	1	0	15	0
        110063	2026-05-13 07:31:24	1	0	15	0
        117270	2026-05-13 07:31:29	1	0	15	0
        117111	2026-05-13 07:32:17	1	0	15	0
        110465	2026-05-13 07:33:21	1	0	15	0
        110810	2026-05-13 07:34:20	1	0	15	0
        110507	2026-05-13 07:35:28	1	0	15	0
        118302	2026-05-13 07:35:35	1	0	15	0
        118369	2026-05-13 07:36:04	1	0	15	0
        117850	2026-05-13 07:37:24	1	0	15	0
        110088	2026-05-13 07:38:52	1	0	15	0
        110050	2026-05-13 07:39:05	1	0	15	0
        110462	2026-05-13 07:39:26	1	0	15	0
        118550	2026-05-13 07:39:37	1	0	15	0
        117920	2026-05-13 07:39:41	1	0	15	0
        119006	2026-05-13 07:40:18	1	0	15	0
        117595	2026-05-13 07:41:39	1	0	15	0
        117114	2026-05-13 07:41:41	1	0	15	0
        110633	2026-05-13 07:41:45	1	0	15	0
        116356	2026-05-13 07:41:51	1	0	15	0
        117541	2026-05-13 07:42:06	1	0	15	0
        110376	2026-05-13 07:42:14	1	0	15	0
        117616	2026-05-13 07:42:42	1	0	15	0
        116383	2026-05-13 07:43:26	1	0	15	0
        116763	2026-05-13 07:44:32	1	0	15	0
        110355	2026-05-13 07:44:41	1	0	15	0
        110356	2026-05-13 07:44:45	1	0	15	0
        116483	2026-05-13 07:44:49	1	0	15	0
        110473	2026-05-13 07:44:54	1	0	15	0
        110201	2026-05-13 07:45:21	1	0	15	0
        116748	2026-05-13 07:46:09	1	0	15	0
        116441	2026-05-13 07:46:34	1	0	15	0
        117900	2026-05-13 07:46:53	1	0	15	0
        110371	2026-05-13 07:46:59	1	0	15	0
        110817	2026-05-13 07:47:03	1	0	15	0
        119364	2026-05-13 07:47:18	1	0	15	0
        117644	2026-05-13 07:47:39	1	0	15	0
        119493	2026-05-13 07:47:47	1	0	15	0
        117769	2026-05-13 07:48:14	1	0	15	0
        117121	2026-05-13 07:48:50	1	0	15	0
        117965	2026-05-13 07:48:57	1	0	15	0
        110567	2026-05-13 07:49:01	1	0	15	0
        117061	2026-05-13 07:49:22	1	0	15	0
        117259	2026-05-13 07:49:31	1	0	15	0
        110057	2026-05-13 07:49:58	1	0	15	0
        119571	2026-05-13 07:50:36	1	0	15	0
        116472	2026-05-13 07:50:45	1	0	15	0
        110805	2026-05-13 07:50:52	1	0	15	0
        116828	2026-05-13 07:51:11	1	0	1	0
        110447	2026-05-13 07:51:34	1	0	15	0
        110377	2026-05-13 07:51:49	1	0	15	0
        117088	2026-05-13 07:52:23	1	0	15	0
        117723	2026-05-13 07:52:28	1	0	15	0
        116902	2026-05-13 07:52:33	1	0	15	0
        118503	2026-05-13 07:52:43	1	0	15	0
        110006	2026-05-13 07:53:23	1	0	15	0
        117817	2026-05-13 07:54:12	1	0	15	0
        117122	2026-05-13 07:54:26	1	0	15	0
        117983	2026-05-13 07:54:31	1	0	15	0
        116072	2026-05-13 07:54:46	1	0	15	0
        117930	2026-05-13 07:55:28	1	0	15	0
        117236	2026-05-13 07:55:45	1	0	15	0
        117812	2026-05-13 07:55:59	1	0	15	0
        116428	2026-05-13 07:56:04	1	0	15	0
        119449	2026-05-13 07:56:07	1	0	15	0
        110070	2026-05-13 07:56:37	1	0	15	0
        110025	2026-05-13 07:56:52	1	0	15	0
        110197	2026-05-13 07:56:58	1	0	15	0
        117660	2026-05-13 07:57:28	1	0	15	0
        117684	2026-05-13 07:57:32	1	0	15	0
        116990	2026-05-13 07:57:37	1	0	15	0
        117981	2026-05-13 07:57:39	1	0	15	0
        117144	2026-05-13 07:58:30	1	0	15	0
        118458	2026-05-13 07:58:56	1	0	15	0
        117849	2026-05-13 07:59:02	1	0	15	0
        110418	2026-05-13 07:59:18	1	0	15	0
        117692	2026-05-13 07:59:32	1	0	15	0
        117543	2026-05-13 07:59:45	1	0	15	0
        110090	2026-05-13 07:59:46	1	0	15	0
        110457	2026-05-13 07:59:50	1	0	15	0
        119386	2026-05-13 07:59:55	1	0	15	0
        117054	2026-05-13 07:59:58	1	0	15	0
        117833	2026-05-13 08:00:00	1	0	15	0
        117924	2026-05-13 08:00:04	1	0	15	0
        116252	2026-05-13 08:00:16	1	0	15	0
        117046	2026-05-13 08:00:32	1	0	15	0
        117091	2026-05-13 08:00:55	1	0	15	0
        110421	2026-05-13 08:02:27	1	0	15	0
        117212	2026-05-13 08:02:33	1	0	15	0
        116260	2026-05-13 08:02:49	1	0	15	0
        117528	2026-05-13 08:02:52	1	0	15	0
        117529	2026-05-13 08:03:01	1	0	15	0
        118917	2026-05-13 08:03:57	1	0	15	0
        116129	2026-05-13 08:04:10	1	0	15	0
        116166	2026-05-13 08:05:03	1	0	15	0
        119594	2026-05-13 08:05:17	1	0	15	0
        116297	2026-05-13 08:05:22	1	0	15	0
        117156	2026-05-13 08:05:31	1	0	15	0
        110657	2026-05-13 08:05:36	1	0	15	0
        117630	2026-05-13 08:06:39	1	0	15	0
        110452	2026-05-13 08:06:44	1	0	15	0
        110393	2026-05-13 08:06:55	1	0	15	0
        117224	2026-05-13 08:06:59	1	0	15	0
        117815	2026-05-13 08:07:18	1	0	15	0
        119535	2026-05-13 08:07:44	1	0	15	0
        117993	2026-05-13 08:08:09	1	0	15	0
        116824	2026-05-13 08:08:57	1	0	15	0
        116805	2026-05-13 08:09:01	1	0	15	0
        118782	2026-05-13 08:09:03	1	0	15	0
        117222	2026-05-13 08:09:38	1	0	15	0
        118695	2026-05-13 08:10:21	1	0	15	0
        118593	2026-05-13 08:11:10	1	0	15	0
        110077	2026-05-13 08:11:12	1	0	15	0
        118753	2026-05-13 08:12:16	1	0	15	0
        117085	2026-05-13 08:13:50	1	0	15	0
        116279	2026-05-13 08:16:00	1	0	15	0
        119282	2026-05-13 08:16:05	1	0	15	0
        110513	2026-05-13 08:17:39	1	0	15	0
        110055	2026-05-13 08:20:48	1	0	15	0
        118180	2026-05-13 08:22:16	1	0	15	0
        110040	2026-05-13 08:22:37	1	0	15	0
        117814	2026-05-13 08:23:00	1	0	15	0
        110195	2026-05-13 08:23:28	1	0	15	0
        118046	2026-05-13 08:25:19	1	0	15	0
        119227	2026-05-13 08:28:25	1	0	15	0
        117337	2026-05-13 08:29:25	1	0	15	0
        117786	2026-05-13 08:33:10	1	0	15	0
        116747	2026-05-13 08:37:42	1	0	15	0
        118813	2026-05-13 08:38:46	1	0	15	0
        117043	2026-05-13 08:40:13	1	0	15	0
        117575	2026-05-13 08:42:33	1	0	15	0
        116453	2026-05-13 08:45:11	1	0	15	0
        110172	2026-05-13 08:48:27	1	0	15	0
        118427	2026-05-13 08:55:49	1	0	15	0
        117926	2026-05-13 09:01:12	1	0	15	0
        116477	2026-05-13 09:13:03	1	0	15	0
        117833	2026-05-13 12:00:05	1	2	15	0
        117103	2026-05-13 12:00:07	1	2	15	0
        117113	2026-05-13 12:00:10	1	2	15	0
        110538	2026-05-13 12:00:13	1	2	15	0
        116356	2026-05-13 12:00:15	1	2	15	0
        118917	2026-05-13 12:00:19	1	2	15	0
        110452	2026-05-13 12:00:20	1	2	15	0
        116383	2026-05-13 12:00:22	1	2	15	0
        117711	2026-05-13 12:00:24	1	2	15	0
        117061	2026-05-13 12:00:26	1	2	15	0
        117936	2026-05-13 12:00:28	1	2	15	0
        116483	2026-05-13 12:00:30	1	2	15	0
        118455	2026-05-13 12:00:32	1	2	15	0
        116805	2026-05-13 12:00:36	1	2	15	0
        117144	2026-05-13 12:00:38	1	2	15	0
        119453	2026-05-13 12:00:40	1	2	15	0
        117930	2026-05-13 12:00:42	1	2	15	0
        117981	2026-05-13 12:00:44	1	2	15	0
        118695	2026-05-13 12:00:46	1	2	15	0
        119107	2026-05-13 12:00:48	1	2	15	0
        110088	2026-05-13 12:00:51	1	2	15	0
        117497	2026-05-13 12:00:54	1	2	15	0
        110805	2026-05-13 12:00:56	1	2	15	0
        117630	2026-05-13 12:00:59	1	2	15	0
        110172	2026-05-13 12:01:02	1	2	15	0
        117212	2026-05-13 12:01:04	1	2	15	0
        117224	2026-05-13 12:01:07	1	2	15	0
        110201	2026-05-13 12:01:11	1	2	15	0
        116933	2026-05-13 12:01:15	1	2	15	0
        117644	2026-05-13 12:01:17	1	2	15	0
        110050	2026-05-13 12:01:19	1	2	15	0
        110567	2026-05-13 12:01:22	1	2	15	0
        116252	2026-05-13 12:01:25	1	2	15	0
        116512	2026-05-13 12:01:27	1	2	15	0
        116751	2026-05-13 12:01:28	1	2	15	0
        110527	2026-05-13 12:01:38	1	2	15	0
        116763	2026-05-13 12:01:43	1	2	15	0
        117046	2026-05-13 12:01:48	1	2	15	0
        110418	2026-05-13 12:01:50	1	2	15	0
        117616	2026-05-13 12:01:52	1	2	15	0
        117543	2026-05-13 12:01:55	1	2	15	0
        110465	2026-05-13 12:01:56	1	2	15	0
        116902	2026-05-13 12:01:59	1	2	15	0
        117528	2026-05-13 12:02:03	1	2	15	0
        110463	2026-05-13 12:02:05	1	2	15	0
        117926	2026-05-13 12:02:08	1	2	15	0
        118563	2026-05-13 12:02:12	1	2	15	0
        110393	2026-05-13 12:02:21	1	2	15	0
        117733	2026-05-13 12:02:23	1	2	15	0
        110421	2026-05-13 12:02:26	1	2	15	0
        118458	2026-05-13 12:02:28	1	2	15	0
        110447	2026-05-13 12:02:33	1	2	15	0
        116831	2026-05-13 12:02:40	1	2	15	0
        117201	2026-05-13 12:02:41	1	2	15	0
        116356	2026-05-13 12:02:47	1	2	15	0
        119449	2026-05-13 12:02:52	1	2	15	0
        117061	2026-05-13 12:02:53	1	2	15	0
        117529	2026-05-13 12:02:57	1	2	15	0
        116805	2026-05-13 12:03:03	1	2	15	0
        110354	2026-05-13 12:03:04	1	2	15	0
        117924	2026-05-13 12:03:06	1	2	15	0
        117122	2026-05-13 12:03:08	1	2	15	0
        116072	2026-05-13 12:03:11	1	2	15	0
        110457	2026-05-13 12:03:12	1	2	15	0
        117541	2026-05-13 12:03:14	1	2	15	0
        117833	2026-05-13 12:03:17	1	2	15	0
        117644	2026-05-13 12:03:19	1	2	15	0
        117103	2026-05-13 12:03:22	1	2	15	0
        110070	2026-05-13 12:03:25	1	2	15	0
        118580	2026-05-13 12:03:30	1	2	15	0
        119493	2026-05-13 12:03:34	1	2	15	0
        110055	2026-05-13 12:03:36	1	2	15	0
        117236	2026-05-13 12:03:39	1	2	15	0
        119006	2026-05-13 12:03:42	1	2	15	0
        110057	2026-05-13 12:03:46	1	2	15	0
        118455	2026-05-13 12:03:53	1	2	15	0
        119364	2026-05-13 12:03:56	1	2	15	0
        110493	2026-05-13 12:03:59	1	2	15	0
        116483	2026-05-13 12:04:02	1	2	15	0
        119157	2026-05-13 12:04:04	1	2	15	0
        110657	2026-05-13 12:04:07	1	2	15	0
        110060	2026-05-13 12:04:10	1	2	15	0
        116960	2026-05-13 12:04:18	1	2	15	0
        110473	2026-05-13 12:04:20	1	2	15	0
        110050	2026-05-13 12:04:22	1	2	15	0
        110810	2026-05-13 12:04:26	1	2	15	0
        117487	2026-05-13 12:04:28	1	2	15	0
        117120	2026-05-13 12:04:30	1	2	15	0
        116383	2026-05-13 12:04:32	1	2	15	0
        116496	2026-05-13 12:04:34	1	2	15	0
        117900	2026-05-13 12:04:36	1	2	15	0
        110567	2026-05-13 12:04:37	1	2	15	0
        110817	2026-05-13 12:04:42	1	2	15	0
        110201	2026-05-13 12:04:44	1	2	15	0
        116477	2026-05-13 12:04:50	1	2	15	0
        117930	2026-05-13 12:04:53	1	2	15	0
        117046	2026-05-13 12:04:55	1	2	15	0
        116763	2026-05-13 12:04:58	1	2	15	0
        110418	2026-05-13 12:05:00	1	2	15	0
        117966	2026-05-13 12:05:02	1	2	15	0
        117838	2026-05-13 12:05:03	1	2	15	0
        117769	2026-05-13 12:05:05	1	2	15	0
        110633	2026-05-13 12:05:06	1	2	15	0
        118750	2026-05-13 12:05:08	1	2	15	0
        110538	2026-05-13 12:05:11	1	2	15	0
        110371	2026-05-13 12:05:13	1	2	15	0
        117723	2026-05-13 12:05:17	1	2	15	0
        119493	2026-05-13 12:05:20	1	2	15	0
        110376	2026-05-13 12:05:21	1	2	15	0
        116279	2026-05-13 12:05:26	1	2	15	0
        110377	2026-05-13 12:05:27	1	2	15	0
        117270	2026-05-13 12:05:30	1	2	15	0
        117162	2026-05-13 12:05:32	1	2	15	0
        110495	2026-05-13 12:05:34	1	2	15	0
        118369	2026-05-13 12:05:36	1	2	15	0
        117043	2026-05-13 12:05:39	1	2	15	0
        117232	2026-05-13 12:05:41	1	2	15	0
        117680	2026-05-13 12:05:43	1	2	15	0
        110510	2026-05-13 12:05:45	1	2	15	0
        117983	2026-05-13 12:05:47	1	2	15	0
        116799	2026-05-13 12:05:55	1	2	15	0
        118563	2026-05-13 12:05:59	1	2	15	0
        117926	2026-05-13 12:06:04	1	2	15	0
        110055	2026-05-13 12:06:07	1	2	15	0
        110105	2026-05-13 12:06:09	1	2	15	0
        110060	2026-05-13 12:06:19	1	2	15	0
        119493	2026-05-13 12:06:21	1	2	15	0
        119594	2026-05-13 12:06:27	1	2	15	0
        110462	2026-05-13 12:06:31	1	2	15	0
        110632	2026-05-13 12:06:33	1	2	15	0
        110581	2026-05-13 12:06:43	1	2	15	0
        116990	2026-05-13 12:06:48	1	2	15	0
        116069	2026-05-13 12:06:51	1	2	15	0
        110580	2026-05-13 12:06:53	1	2	15	0
        110732	2026-05-13 12:06:55	1	2	15	0
        110633	2026-05-13 12:06:57	1	2	15	0
        116070	2026-05-13 12:06:58	1	2	15	0
        110040	2026-05-13 12:07:01	1	2	15	0
        117966	2026-05-13 12:07:09	1	2	15	0
        117129	2026-05-13 12:07:10	1	2	15	0
        117838	2026-05-13 12:07:14	1	2	15	0
        119535	2026-05-13 12:07:16	1	2	15	0
        119157	2026-05-13 12:07:18	1	2	15	0
        117769	2026-05-13 12:07:22	1	2	15	0
        117113	2026-05-13 12:07:25	1	2	15	0
        110172	2026-05-13 12:07:27	1	2	15	0
        119107	2026-05-13 12:07:29	1	2	15	0
        116512	2026-05-13 12:07:44	1	2	15	0
        116751	2026-05-13 12:07:46	1	2	15	0
        119006	2026-05-13 12:07:47	1	2	15	0
        118580	2026-05-13 12:07:49	1	2	15	0
        110070	2026-05-13 12:07:51	1	2	15	0
        118550	2026-05-13 12:07:53	1	2	15	0
        117230	2026-05-13 12:07:55	1	2	15	0
        110393	2026-05-13 12:08:01	1	2	15	0
        110495	2026-05-13 12:08:03	1	2	15	0
        118369	2026-05-13 12:08:06	1	2	15	0
        117092	2026-05-13 12:08:07	1	2	15	0
        119282	2026-05-13 12:08:10	1	2	15	0
        117201	2026-05-13 12:08:17	1	2	15	0
        117236	2026-05-13 12:08:19	1	2	15	0
        119594	2026-05-13 12:08:21	1	2	15	0
        116472	2026-05-13 12:08:26	1	2	15	0
        116747	2026-05-13 12:08:28	1	2	15	0
        117660	2026-05-13 12:08:35	1	2	15	0
        116496	2026-05-13 12:08:40	1	2	15	0
        117120	2026-05-13 12:08:42	1	2	15	0
        110040	2026-05-13 12:08:45	1	2	15	0
        117487	2026-05-13 12:08:46	1	2	15	0
        117224	2026-05-13 12:08:55	1	2	15	0
        110817	2026-05-13 12:08:58	1	2	15	0
        116279	2026-05-13 12:09:01	1	2	15	0
        110807	2026-05-13 12:09:03	1	2	15	0
        117528	2026-05-13 12:09:07	1	2	15	0
        110421	2026-05-13 12:09:09	1	2	15	0
        110371	2026-05-13 12:09:12	1	2	15	0
        117900	2026-05-13 12:09:14	1	2	15	0
        117711	2026-05-13 12:09:16	1	2	15	0
        116477	2026-05-13 12:09:18	1	2	15	0
        119453	2026-05-13 12:09:21	1	2	15	0
        110507	2026-05-13 12:09:26	1	2	15	0
        110447	2026-05-13 12:09:32	1	2	15	0
        110057	2026-05-13 12:09:39	1	2	15	0
        119364	2026-05-13 12:09:42	1	2	15	0
        116070	2026-05-13 12:09:44	1	2	15	0
        116990	2026-05-13 12:09:51	1	2	15	0
        117591	2026-05-13 12:09:53	1	2	15	0
        116960	2026-05-13 12:09:55	1	2	15	0
        110060	2026-05-13 12:09:57	1	2	15	0
        110493	2026-05-13 12:09:59	1	2	15	0
        110657	2026-05-13 12:10:01	1	2	15	0
        110465	2026-05-13 12:10:03	1	2	15	0
        117129	2026-05-13 12:10:07	1	2	15	0
        110527	2026-05-13 12:10:11	1	2	15	0
        117723	2026-05-13 12:10:15	1	2	15	0
        117088	2026-05-13 12:10:18	1	2	15	0
        110376	2026-05-13 12:10:56	1	2	15	0
        110377	2026-05-13 12:11:02	1	2	15	0
        117543	2026-05-13 12:11:06	1	2	15	0
        116069	2026-05-13 12:11:07	1	2	15	0
        110105	2026-05-13 12:11:11	1	2	15	0
        117786	2026-05-13 12:11:13	1	2	15	0
        110354	2026-05-13 12:11:15	1	2	15	0
        110580	2026-05-13 12:11:19	1	2	15	0
        110581	2026-05-13 12:11:22	1	2	15	0
        110732	2026-05-13 12:11:25	1	2	15	0
        116232	2026-05-13 12:11:40	1	2	15	0
        118741	2026-05-13 12:11:42	1	2	15	0
        110088	2026-05-13 12:11:49	1	2	15	0
        117616	2026-05-13 12:11:51	1	2	15	0
        110356	2026-05-13 12:11:54	1	2	15	0
        110355	2026-05-13 12:11:56	1	2	15	0
        119449	2026-05-13 12:12:00	1	2	15	0
        117692	2026-05-13 12:12:19	1	2	15	0
        110549	2026-05-13 12:12:21	1	2	15	0
        117270	2026-05-13 12:12:25	1	2	15	0
        110808	2026-05-13 12:12:29	1	2	15	0
        117162	2026-05-13 12:12:33	1	2	15	0
        118640	2026-05-13 12:12:51	1	2	15	0
        118180	2026-05-13 12:12:53	1	2	15	0
        118550	2026-05-13 12:13:00	1	2	15	0
        117230	2026-05-13 12:13:05	1	2	15	0
        116129	2026-05-13 12:13:07	1	2	15	0
        117660	2026-05-13 12:13:08	1	2	15	0
        110805	2026-05-13 12:13:12	1	2	15	0
        110195	2026-05-13 12:13:14	1	2	15	0
        116252	2026-05-13 12:13:17	1	2	15	0
        117591	2026-05-13 12:13:27	1	2	15	0
        118750	2026-05-13 12:13:32	1	2	15	0
        117680	2026-05-13 12:13:34	1	2	15	0
        117144	2026-05-13 12:13:37	1	2	15	0
        118271	2026-05-13 12:13:51	1	2	15	0
        117497	2026-05-13 12:13:55	1	2	15	0
        117122	2026-05-13 12:13:57	1	2	15	0
        110077	2026-05-13 12:14:01	1	2	15	0
        110466	2026-05-13 12:14:04	1	2	15	0
        110510	2026-05-13 12:14:06	1	2	15	0
        116274	2026-05-13 12:14:09	1	2	15	0
        119143	2026-05-13 12:14:11	1	2	15	0
        119282	2026-05-13 12:14:15	1	2	15	0
        116995	2026-05-13 12:14:17	1	2	15	0
        110356	2026-05-13 12:14:19	1	2	15	0
        110355	2026-05-13 12:14:21	1	2	15	0
        116828	2026-05-13 12:14:24	1	2	1	0
        110632	2026-05-13 12:14:30	1	2	15	0
        116252	2026-05-13 12:14:34	1	2	15	0
        117595	2026-05-13 12:14:36	1	2	15	0
        119535	2026-05-13 12:14:40	1	2	15	0
        110810	2026-05-13 12:14:44	1	2	15	0
        117849	2026-05-13 12:14:54	1	2	15	0
        110090	2026-05-13 12:15:04	1	2	15	0
        110807	2026-05-13 12:15:07	1	2	15	0
        118302	2026-05-13 12:15:14	1	2	15	0
        110462	2026-05-13 12:15:38	1	2	15	0
        117222	2026-05-13 12:16:30	1	2	15	0
        116995	2026-05-13 12:17:19	1	2	15	0
        117983	2026-05-13 12:17:29	1	2	15	0
        117088	2026-05-13 12:17:36	1	2	15	0
        118813	2026-05-13 12:17:49	1	2	15	0
        119494	2026-05-13 12:18:07	1	2	15	0
        117709	2026-05-13 12:18:12	1	2	15	0
        110197	2026-05-13 12:18:27	1	2	15	0
        116346	2026-05-13 12:18:31	1	2	15	0
        110090	2026-05-13 12:18:33	1	2	15	0
        118271	2026-05-13 12:18:36	1	2	15	0
        117630	2026-05-13 12:18:39	1	2	15	0
        110808	2026-05-13 12:18:41	1	2	15	0
        118046	2026-05-13 12:18:43	1	2	15	0
        110463	2026-05-13 12:18:47	1	2	15	0
        118593	2026-05-13 12:18:48	1	2	15	0
        118753	2026-05-13 12:18:59	1	2	15	0
        110065	2026-05-13 12:19:08	1	2	15	0
        116453	2026-05-13 12:19:10	1	2	15	0
        110195	2026-05-13 12:19:16	1	2	15	0
        116824	2026-05-13 12:19:45	1	2	15	0
        117541	2026-05-13 12:19:49	1	2	15	0
        117259	2026-05-13 12:19:51	1	2	15	0
        118640	2026-05-13 12:20:04	1	2	15	0
        117111	2026-05-13 12:20:09	1	2	15	0
        118695	2026-05-13 12:20:12	1	2	15	0
        117337	2026-05-13 12:20:13	1	2	15	0
        117092	2026-05-13 12:20:16	1	2	15	0
        116453	2026-05-13 12:20:21	1	2	15	0
        117814	2026-05-13 12:20:24	1	2	15	0
        110090	2026-05-13 12:20:32	1	2	15	0
        117965	2026-05-13 12:20:45	1	2	15	0
        117684	2026-05-13 12:20:47	1	2	15	0
        110645	2026-05-13 12:20:51	1	2	15	0
        116129	2026-05-13 12:21:13	1	2	15	0
        118180	2026-05-13 12:21:15	1	2	15	0
        116799	2026-05-13 12:21:29	1	2	15	0
        117733	2026-05-13 12:21:45	1	2	15	0
        116232	2026-05-13 12:21:50	1	2	15	0
        118741	2026-05-13 12:21:52	1	2	15	0
        118302	2026-05-13 12:22:02	1	2	15	0
        119386	2026-05-13 12:22:11	1	2	15	0
        116346	2026-05-13 12:22:33	1	2	15	0
        117595	2026-05-13 12:22:51	1	2	15	0
        110492	2026-05-13 12:23:03	1	2	15	0
        117575	2026-05-13 12:23:09	1	2	15	0
        119143	2026-05-13 12:23:11	1	2	15	0
        117812	2026-05-13 12:23:14	1	2	15	0
        117259	2026-05-13 12:23:18	1	2	15	0
        117121	2026-05-13 12:23:20	1	2	15	0
        117156	2026-05-13 12:23:23	1	2	15	0
        118813	2026-05-13 12:23:25	1	2	15	0
        119494	2026-05-13 12:23:27	1	2	15	0
        118782	2026-05-13 12:23:28	1	2	15	0
        117849	2026-05-13 12:23:31	1	2	15	0
        110065	2026-05-13 12:23:33	1	2	15	0
        117709	2026-05-13 12:23:35	1	2	15	0
        117965	2026-05-13 12:23:38	1	2	15	0
        117684	2026-05-13 12:23:39	1	2	15	0
        110645	2026-05-13 12:23:42	1	2	15	0
        116824	2026-05-13 12:23:45	1	2	15	0
        117814	2026-05-13 12:24:03	1	2	15	0
        117043	2026-05-13 12:24:06	1	2	15	0
        117232	2026-05-13 12:24:11	1	2	15	0
        117529	2026-05-13 12:24:18	1	2	15	0
        117114	2026-05-13 12:24:22	1	2	15	0
        117790	2026-05-13 12:24:39	1	2	15	0
        119386	2026-05-13 12:24:56	1	2	15	0
        110513	2026-05-13 12:25:10	1	2	15	0
        116274	2026-05-13 12:25:23	1	2	15	0
        110466	2026-05-13 12:25:24	1	2	15	0
        116260	2026-05-13 12:25:35	1	2	15	0
        110378	2026-05-13 12:25:38	1	2	15	0
        118458	2026-05-13 12:25:48	1	2	15	0
        110492	2026-05-13 12:26:36	1	2	15	0
        110063	2026-05-13 12:26:46	1	2	15	0
        116902	2026-05-13 12:26:51	1	2	15	0
        110197	2026-05-13 12:26:57	1	2	15	0
        117839	2026-05-13 12:27:06	1	2	15	0
        117811	2026-05-13 12:27:09	1	2	15	0
        117815	2026-05-13 12:27:12	1	2	15	0
        117645	2026-05-13 12:27:15	1	2	15	0
        117936	2026-05-13 12:27:17	1	2	15	0
        117786	2026-05-13 12:27:26	1	2	15	0
        116260	2026-05-13 12:28:26	1	2	15	0
        110378	2026-05-13 12:28:30	1	2	15	0
        117121	2026-05-13 12:28:53	1	2	15	0
        117156	2026-05-13 12:28:55	1	2	15	0
        118782	2026-05-13 12:28:57	1	2	15	0
        117575	2026-05-13 12:29:04	1	2	15	0
        117222	2026-05-13 12:29:07	1	2	15	0
        117812	2026-05-13 12:29:09	1	2	15	0
        118753	2026-05-13 12:29:10	1	2	15	0
        117811	2026-05-13 12:30:03	1	3	15	0
        117645	2026-05-13 12:30:05	1	3	15	0
        117815	2026-05-13 12:30:08	1	3	15	0
        117839	2026-05-13 12:30:10	1	3	15	0
        116828	2026-05-13 12:30:19	1	3	1	0
        116831	2026-05-13 12:30:56	1	3	15	0
        117920	2026-05-13 12:31:42	1	3	15	0
        110367	2026-05-13 12:31:44	1	3	15	0
        117850	2026-05-13 12:31:50	1	3	15	0
        117692	2026-05-13 12:32:05	1	3	15	0
        110549	2026-05-13 12:32:06	1	3	15	0
        116933	2026-05-13 12:32:34	1	3	15	0
        110085	2026-05-13 12:32:39	1	3	15	0
        117817	2026-05-13 12:32:45	1	3	15	0
        110507	2026-05-13 12:33:18	1	3	15	0
        110063	2026-05-13 12:33:40	1	3	15	0
        117114	2026-05-13 12:33:53	1	3	15	0
        110085	2026-05-13 12:34:03	1	3	15	0
        110077	2026-05-13 12:34:37	1	3	15	0
        118744	2026-05-13 12:35:11	1	3	15	0
        117920	2026-05-13 12:35:50	1	3	15	0
        117850	2026-05-13 12:36:26	1	3	15	0
        110367	2026-05-13 12:36:28	1	3	15	0
        110456	2026-05-13 12:36:32	1	3	15	0
        110357	2026-05-13 12:36:35	1	3	15	0
        117817	2026-05-13 12:36:48	1	3	15	0
        116428	2026-05-13 12:36:56	1	3	15	0
        119070	2026-05-13 12:38:04	1	3	15	0
        119227	2026-05-13 12:38:06	1	3	15	0
        117091	2026-05-13 12:38:30	1	3	15	0
        118917	2026-05-13 12:39:02	1	3	15	0
        117085	2026-05-13 12:39:06	1	3	15	0
        116297	2026-05-13 12:39:13	1	3	15	0
        117111	2026-05-13 12:39:53	1	3	15	0
        118046	2026-05-13 12:39:57	1	3	15	0
        118593	2026-05-13 12:39:59	1	3	15	0
        116504	2026-05-13 12:40:11	1	3	15	0
        118427	2026-05-13 12:40:22	1	3	15	0
        116428	2026-05-13 12:41:22	1	3	15	0
        118744	2026-05-13 12:41:33	1	3	15	0
        116297	2026-05-13 12:42:30	1	3	15	0
        110456	2026-05-13 12:42:35	1	3	15	0
        110357	2026-05-13 12:42:38	1	3	15	0
        117993	2026-05-13 12:42:51	1	3	15	0
        110473	2026-05-13 12:42:54	1	3	15	0
        117054	2026-05-13 12:44:08	1	3	15	0
        119227	2026-05-13 12:44:15	1	3	15	0
        119070	2026-05-13 12:44:21	1	3	15	0
        110452	2026-05-13 12:44:26	1	3	15	0
        118427	2026-05-13 12:44:36	1	3	15	0
        117091	2026-05-13 12:44:43	1	3	15	0
        117085	2026-05-13 12:44:44	1	3	15	0
        116748	2026-05-13 12:45:47	1	3	15	0
        117054	2026-05-13 12:46:45	1	3	15	0
        116441	2026-05-13 12:46:48	1	3	15	0
        110574	2026-05-13 12:47:11	1	3	15	0
        117212	2026-05-13 12:49:49	1	3	15	0
        116748	2026-05-13 12:50:45	1	3	15	0
        118207	2026-05-13 12:50:49	1	3	15	0
        116747	2026-05-13 12:51:12	1	3	15	0
        116472	2026-05-13 12:51:17	1	3	15	0
        117337	2026-05-13 12:51:31	1	3	15	0
        110513	2026-05-13 12:52:12	1	3	15	0
        110085	2026-05-13 12:52:44	1	3	15	0
        116441	2026-05-13 12:52:56	1	3	15	0
        117993	2026-05-13 12:53:25	1	3	15	0
        117212	2026-05-13 12:53:31	1	3	15	0
        118503	2026-05-13 12:53:41	1	3	15	0
        117981	2026-05-13 12:53:59	1	3	15	0
        117924	2026-05-13 12:54:20	1	3	15	0
        110574	2026-05-13 12:54:24	1	3	15	0
        110457	2026-05-13 12:54:29	1	3	15	0
        116072	2026-05-13 12:54:37	1	3	15	0
        118207	2026-05-13 12:54:56	1	3	15	0
        118503	2026-05-13 12:55:12	1	3	15	0
        110475	2026-05-13 12:57:00	1	3	15	0
        110025	2026-05-13 12:57:05	1	3	15	0
        110475	2026-05-13 12:58:57	1	3	15	0
        110025	2026-05-13 12:59:01	1	3	15	0
        117698	2026-05-13 13:11:48	1	3	15	0
        118180	2026-05-13 15:00:21	1	3	15	0
        117733	2026-05-13 15:48:45	1	3	15	0
        116297	2026-05-13 17:01:16	1	1	15	0
        117850	2026-05-13 17:01:41	1	1	15	0
        117698	2026-05-13 17:03:31	1	1	15	0
        116129	2026-05-13 17:03:49	1	1	15	0
        118813	2026-05-13 17:03:52	1	1	15	0
        110549	2026-05-13 17:05:23	1	1	15	0
        117920	2026-05-13 17:05:30	1	1	15	0
        110452	2026-05-13 17:05:36	1	1	15	0
        110377	2026-05-13 17:06:16	1	1	15	0
        110376	2026-05-13 17:06:20	1	1	15	0
        117222	2026-05-13 17:06:43	1	1	15	0
        117630	2026-05-13 17:08:46	1	1	15	0
        118695	2026-05-13 17:08:57	1	1	15	0
        110393	2026-05-13 17:09:14	1	1	15	0
        116824	2026-05-13 17:09:26	1	1	15	0
        117156	2026-05-13 17:10:01	1	1	15	0
        117121	2026-05-13 17:10:03	1	1	15	0
        110447	2026-05-13 17:13:26	1	1	15	0
        110197	2026-05-13 17:13:30	1	1	15	0
        116279	2026-05-13 17:16:13	1	1	15	0
        110201	2026-05-13 17:19:47	1	1	15	0
        116902	2026-05-13 17:21:29	1	1	15	0
        117043	2026-05-13 17:21:46	1	1	15	0
        117232	2026-05-13 17:21:51	1	1	15	0
        117046	2026-05-13 17:21:53	1	1	15	0
        117111	2026-05-13 17:24:10	1	1	15	0
        117965	2026-05-13 17:24:14	1	1	15	0
        117224	2026-05-13 17:24:21	1	1	15	0
        117833	2026-05-13 17:25:11	1	1	15	0
        110421	2026-05-13 17:25:59	1	1	15	0
        117983	2026-05-13 17:26:04	1	1	15	0
        118563	2026-05-13 17:26:40	1	1	15	0
        110371	2026-05-13 17:28:04	1	1	15	0
        110567	2026-05-13 17:28:12	1	1	15	0
        118917	2026-05-13 17:29:42	1	1	15	0
        118782	2026-05-13 17:31:56	1	1	15	0
        116428	2026-05-13 17:32:14	1	1	15	0
        117528	2026-05-13 17:32:16	1	1	15	0
        117930	2026-05-13 17:32:59	1	1	15	0
        117790	2026-05-13 17:33:08	1	1	15	0
        116763	2026-05-13 17:33:10	1	1	15	0
        110418	2026-05-13 17:33:22	1	1	15	0
        116472	2026-05-13 17:33:24	1	1	15	0
        117236	2026-05-13 17:33:31	1	1	15	0
        117541	2026-05-13 17:33:42	1	1	15	0
        117692	2026-05-13 17:33:53	1	1	15	0
        117786	2026-05-13 17:35:03	1	1	15	0
        118593	2026-05-13 17:35:18	1	1	15	0
        117337	2026-05-13 17:36:29	1	1	15	0
        110513	2026-05-13 17:38:15	1	1	15	0
        110195	2026-05-13 17:42:22	1	1	15	0
        117790	2026-05-13 17:52:26	1	1	15	0
        117926	2026-05-13 17:54:40	1	1	15	0
        117936	2026-05-13 18:01:14	1	1	15	0
        117201	2026-05-13 18:02:32	1	1	15	0
        118750	2026-05-13 18:03:48	1	1	15	0
        116799	2026-05-13 18:04:12	1	1	15	0
        110574	2026-05-13 18:04:22	1	1	15	0
        119070	2026-05-13 18:05:08	1	1	15	0
        118640	2026-05-13 18:05:58	1	1	15	0
        117814	2026-05-13 18:06:46	1	1	15	0
        118271	2026-05-13 18:07:48	1	1	15	0
        110466	2026-05-13 18:07:53	1	1	15	0
        116274	2026-05-13 18:07:58	1	1	15	0
        116232	2026-05-13 18:08:37	1	1	15	0
        117645	2026-05-13 18:08:45	1	1	15	0
        110493	2026-05-13 18:08:54	1	1	15	0
        117644	2026-05-13 18:09:23	1	1	15	0
        110527	2026-05-13 18:09:30	1	1	15	0
        117966	2026-05-13 18:11:26	1	1	15	0
        117838	2026-05-13 18:11:29	1	1	1	0
        117839	2026-05-13 18:11:35	1	1	15	0
        116496	2026-05-13 18:12:18	1	1	15	0
        117103	2026-05-13 18:12:40	1	1	15	0
        118744	2026-05-13 18:13:25	1	1	15	0
        117230	2026-05-13 18:16:09	1	1	15	0
        110367	2026-05-13 18:16:57	1	1	15	0
        117129	2026-05-13 18:17:11	1	1	15	0
        118207	2026-05-13 18:17:45	1	1	15	0
        110538	2026-05-13 18:18:04	1	1	15	0
        116960	2026-05-13 18:18:09	1	1	15	0
        117811	2026-05-13 18:19:11	1	1	15	0
        110807	2026-05-13 18:20:45	1	1	15	0
        110065	2026-05-13 18:21:17	1	1	15	0
        118741	2026-05-13 18:21:20	1	1	15	0
        110357	2026-05-13 18:21:30	1	1	15	0
        119453	2026-05-13 18:21:58	1	1	15	0
        116512	2026-05-13 18:22:36	1	1	15	0
        116751	2026-05-13 18:22:40	1	1	15	0
        116995	2026-05-13 18:26:58	1	1	15	0
        117092	2026-05-13 18:27:25	1	1	15	0
        117120	2026-05-13 18:28:01	1	1	15	0
        116747	2026-05-13 18:28:57	1	1	15	0
        110492	2026-05-13 18:29:01	1	1	15	0
        116346	2026-05-13 18:29:05	1	1	15	0
        117591	2026-05-13 18:30:04	1	1	15	0
        110732	2026-05-13 18:30:14	1	1	15	0
        110580	2026-05-13 18:30:17	1	1	15	0
        110581	2026-05-13 18:30:19	1	1	15	0
        110354	2026-05-13 18:30:22	1	1	15	0
        117497	2026-05-13 18:30:53	1	1	15	0
        110808	2026-05-13 18:31:54	1	1	15	0
        117680	2026-05-13 18:32:07	1	1	15	0
        118046	2026-05-13 18:32:15	1	1	15	0
        117085	2026-05-13 18:32:52	1	1	15	0
        117711	2026-05-13 18:33:10	1	1	15	0
        118580	2026-05-13 18:34:21	1	1	15	0
        110060	2026-05-13 18:35:55	1	1	15	0
        119493	2026-05-13 18:36:02	1	1	15	0
        116069	2026-05-13 18:36:17	1	1	15	0
        110465	2026-05-13 18:37:14	1	1	15	0
        110463	2026-05-13 18:37:18	1	1	15	0
        117709	2026-05-13 18:37:22	1	1	15	0
        110475	2026-05-13 18:37:38	1	1	15	0
        118702	2026-05-13 18:38:37	1	1	15	0
        117487	2026-05-13 18:38:42	1	1	15	0
        118550	2026-05-13 18:38:47	1	1	15	0
        110507	2026-05-13 18:39:07	1	1	15	0
        110810	2026-05-13 18:39:16	1	1	15	0
        110088	2026-05-13 18:39:44	1	1	15	0
        117162	2026-05-13 18:40:24	1	1	15	0
        110462	2026-05-13 18:40:46	1	1	15	0
        110632	2026-05-13 18:41:10	1	1	15	0
        110378	2026-05-13 18:41:19	1	1	15	0
        117815	2026-05-13 18:42:07	1	1	15	0
        110105	2026-05-13 18:42:26	1	1	15	0
        116383	2026-05-13 18:44:28	1	1	15	0
        110473	2026-05-13 18:45:18	1	1	15	0
        117091	2026-05-13 18:45:31	1	1	15	0
        110633	2026-05-13 18:46:48	1	1	15	0
        117616	2026-05-13 18:47:22	1	1	15	0
        110495	2026-05-13 18:47:58	1	1	15	0
        110645	2026-05-13 18:48:51	1	1	15	0
        110510	2026-05-13 18:48:57	1	1	15	0
        117769	2026-05-13 18:49:17	1	1	15	0
        110805	2026-05-13 18:50:22	1	1	15	0
        117270	2026-05-13 18:50:28	1	1	15	0
        117259	2026-05-13 18:50:33	1	1	15	0
        110050	2026-05-13 18:50:41	1	1	15	0
        117114	2026-05-13 18:50:46	1	1	15	0
        110355	2026-05-13 18:51:18	1	1	15	0
        110356	2026-05-13 18:51:25	1	1	15	0
        110085	2026-05-13 18:51:40	1	1	15	0
        116483	2026-05-13 18:51:51	1	1	15	0
        117723	2026-05-13 18:52:12	1	1	15	0
        110456	2026-05-13 18:52:15	1	1	15	0
        116933	2026-05-13 18:52:22	1	1	15	0
        118503	2026-05-13 18:52:53	1	1	15	0
        116748	2026-05-13 18:53:14	1	1	15	0
        118302	2026-05-13 18:53:18	1	1	15	0
        117088	2026-05-13 18:55:21	1	1	15	0
        117122	2026-05-13 18:55:50	1	1	15	0
        110172	2026-05-13 18:58:19	1	1	15	0
        117660	2026-05-13 18:58:43	1	1	15	0
        117684	2026-05-13 18:59:14	1	1	15	0
        117849	2026-05-13 18:59:25	1	1	15	0
        117144	2026-05-13 18:59:29	1	1	15	0
        118458	2026-05-13 19:00:20	1	1	15	0
        116356	2026-05-13 19:00:22	1	1	15	0
        117061	2026-05-13 19:00:24	1	1	15	0
        117543	2026-05-13 19:00:27	1	1	15	0
        116805	2026-05-13 19:00:29	1	1	15	0
        119143	2026-05-13 19:00:32	1	1	15	0
        117575	2026-05-13 19:00:33	1	1	15	0
        117212	2026-05-13 19:00:37	1	1	15	0
        119386	2026-05-13 19:00:40	1	1	15	0
        110090	2026-05-13 19:01:27	1	1	15	0
        110457	2026-05-13 19:01:31	1	1	15	0
        119006	2026-05-13 19:01:36	1	1	15	0
        117054	2026-05-13 19:02:15	1	1	15	0
        116252	2026-05-13 19:02:32	1	1	15	0
        119535	2026-05-13 19:02:55	1	1	15	0
        116477	2026-05-13 19:03:07	1	1	15	0
        116260	2026-05-13 19:03:32	1	1	15	0
        116072	2026-05-13 19:03:36	1	1	15	0
        117924	2026-05-13 19:03:38	1	1	15	0
        119571	2026-05-13 19:03:52	1	1	15	0
        119364	2026-05-13 19:04:00	1	1	15	0
        110657	2026-05-13 19:05:31	1	1	15	0
        119157	2026-05-13 19:06:33	1	1	15	0
        110040	2026-05-13 19:06:35	1	1	15	0
        118753	2026-05-13 19:07:14	1	1	15	0
        110055	2026-05-13 19:07:53	1	1	15	0
        117993	2026-05-13 19:07:57	1	1	15	0
        116990	2026-05-13 19:08:39	1	1	15	0
        119594	2026-05-13 19:08:44	1	1	15	0
        116441	2026-05-13 19:08:49	1	1	15	0
        118427	2026-05-13 19:09:17	1	1	15	0
        119282	2026-05-13 19:09:19	1	1	15	0
        110077	2026-05-13 19:09:26	1	1	15	0
        110063	2026-05-13 19:09:31	1	1	15	0
        110057	2026-05-13 19:09:42	1	1	15	0
        119364	2026-05-13 19:09:47	1	1	15	0
        118455	2026-05-13 19:10:04	1	1	15	0
        110025	2026-05-13 19:10:38	1	1	15	0
        117595	2026-05-13 19:11:50	1	1	15	0
        117812	2026-05-13 19:12:11	1	1	15	0
        116070	2026-05-13 19:12:15	1	1	1	0
        119227	2026-05-13 19:13:18	1	1	15	0
        119449	2026-05-13 19:17:16	1	1	15	0
        110070	2026-05-13 19:17:21	1	1	15	0
        117981	2026-05-13 19:18:26	1	1	15	0
        118369	2026-05-13 19:18:31	1	1	15	0
        116831	2026-05-13 19:18:42	1	1	15	0
        117817	2026-05-13 19:59:05	1	1	15	0
        119107	2026-05-13 20:10:18	1	1	15	0
        116453	2026-05-13 21:17:33	1	1	15	0
        117201	2026-05-14 04:54:59	1	0	15	0
        116831	2026-05-14 05:51:33	1	0	15	0
        118750	2026-05-14 06:27:50	1	0	15	0
        110809	2026-05-14 06:34:28	1	0	15	0
        119070	2026-05-14 06:39:08	1	0	15	0
        117733	2026-05-14 06:45:54	1	0	15	0
        110732	2026-05-14 06:45:58	1	0	15	0
        110580	2026-05-14 06:47:23	1	0	15	0
        116232	2026-05-14 06:47:29	1	0	15	0
        119571	2026-05-14 06:47:34	1	0	15	0
        117129	2026-05-14 06:47:38	1	0	15	0
        110574	2026-05-14 06:49:06	1	0	15	0
        116504	2026-05-14 06:49:41	1	0	15	0
        117936	2026-05-14 06:50:19	1	0	15	0
        110193	2026-05-14 06:51:23	1	0	15	0
        110360	2026-05-14 06:52:52	1	0	15	0
        110462	2026-05-14 06:53:28	1	0	15	0
        116274	2026-05-14 06:53:33	1	0	15	0
        110493	2026-05-14 06:55:14	1	0	15	0
        118271	2026-05-14 06:55:50	1	0	15	0
        116995	2026-05-14 06:57:28	1	0	15	0
        110549	2026-05-14 06:57:44	1	0	15	0
        117969	2026-05-14 06:58:46	1	0	15	0
        117230	2026-05-14 06:59:21	1	0	15	0
        119494	2026-05-14 06:59:46	1	0	15	0
        117838	2026-05-14 07:01:09	1	0	1	0
        117054	2026-05-14 07:02:39	1	0	15	0
        118744	2026-05-14 07:02:49	1	0	15	0
        110807	2026-05-14 07:02:57	1	0	15	0
        110473	2026-05-14 07:03:22	1	0	15	0
        110475	2026-05-14 07:03:51	1	0	15	0
        117110	2026-05-14 07:04:26	1	0	15	0
        116496	2026-05-14 07:05:09	1	0	15	0
        117966	2026-05-14 07:06:27	1	0	15	0
        117232	2026-05-14 07:07:24	1	0	15	0
        110527	2026-05-14 07:07:48	1	0	15	0
        110456	2026-05-14 07:08:09	1	0	15	0
        117591	2026-05-14 07:08:59	1	0	15	0
        110581	2026-05-14 07:09:52	1	0	15	0
        110100	2026-05-14 07:10:01	1	0	15	0
        118640	2026-05-14 07:10:03	1	0	15	0
        116799	2026-05-14 07:10:28	1	0	15	0
        110633	2026-05-14 07:10:32	1	0	15	0
        118207	2026-05-14 07:11:54	1	0	15	0
        110158	2026-05-14 07:11:59	1	0	15	0
        110105	2026-05-14 07:12:15	1	0	15	0
        118580	2026-05-14 07:13:16	1	0	15	0
        119453	2026-05-14 07:13:25	1	0	15	0
        119143	2026-05-14 07:13:29	1	0	15	0
        110538	2026-05-14 07:13:32	1	0	15	0
        110511	2026-05-14 07:13:33	1	0	15	0
        117497	2026-05-14 07:13:55	1	0	15	0
        116512	2026-05-14 07:14:29	1	0	15	0
        116751	2026-05-14 07:14:33	1	0	15	0
        117645	2026-05-14 07:16:08	1	0	15	0
        117483	2026-05-14 07:16:11	1	0	15	0
        117839	2026-05-14 07:16:12	1	0	15	0
        118455	2026-05-14 07:16:18	1	0	15	0
        118741	2026-05-14 07:17:08	1	0	15	0
        110466	2026-05-14 07:17:25	1	0	15	0
        117770	2026-05-14 07:17:51	1	0	15	0
        118458	2026-05-14 07:18:24	1	0	15	0
        117769	2026-05-14 07:20:36	1	0	15	0
        110378	2026-05-14 07:20:54	1	0	15	0
        110510	2026-05-14 07:21:46	1	0	15	0
        117259	2026-05-14 07:22:04	1	0	15	0
        110065	2026-05-14 07:22:23	1	0	15	0
        110492	2026-05-14 07:23:15	1	0	15	0
        117680	2026-05-14 07:25:01	1	0	15	0
        117817	2026-05-14 07:25:36	1	0	15	0
        117162	2026-05-14 07:26:01	1	0	15	0
        110465	2026-05-14 07:26:26	1	0	15	0
        110357	2026-05-14 07:26:37	1	0	15	0
        118563	2026-05-14 07:27:43	1	0	15	0
        117103	2026-05-14 07:27:56	1	0	15	0
        118702	2026-05-14 07:28:06	1	0	15	0
        119449	2026-05-14 07:28:35	1	0	15	0
        117120	2026-05-14 07:28:48	1	0	15	0
        110808	2026-05-14 07:28:56	1	0	15	0
        117850	2026-05-14 07:29:03	1	0	15	0
        110084	2026-05-14 07:30:43	1	0	15	0
        110632	2026-05-14 07:30:49	1	0	15	0
        110810	2026-05-14 07:31:56	1	0	15	0
        116346	2026-05-14 07:32:08	1	0	15	0
        117900	2026-05-14 07:32:12	1	0	15	0
        110817	2026-05-14 07:32:14	1	0	15	0
        110060	2026-05-14 07:32:59	1	0	15	0
        116828	2026-05-14 07:33:07	1	0	1	0
        117487	2026-05-14 07:33:48	1	0	15	0
        118503	2026-05-14 07:33:51	1	0	15	0
        117709	2026-05-14 07:34:11	1	0	15	0
        117270	2026-05-14 07:34:37	1	0	15	0
        119535	2026-05-14 07:35:08	1	0	15	0
        118427	2026-05-14 07:35:24	1	0	15	0
        117113	2026-05-14 07:35:46	1	0	15	0
        117543	2026-05-14 07:35:48	1	0	15	0
        118302	2026-05-14 07:36:01	1	0	15	0
        117043	2026-05-14 07:36:14	1	0	15	0
        110356	2026-05-14 07:36:51	1	0	15	0
        110355	2026-05-14 07:36:55	1	0	15	0
        110070	2026-05-14 07:37:02	1	0	15	0
        116483	2026-05-14 07:37:50	1	0	15	0
        117092	2026-05-14 07:38:07	1	0	15	0
        110354	2026-05-14 07:38:17	1	0	15	0
        110463	2026-05-14 07:38:54	1	0	15	0
        116902	2026-05-14 07:39:37	1	0	15	0
        117972	2026-05-14 07:40:27	1	0	15	0
        110116	2026-05-14 07:40:36	1	0	15	0
        116748	2026-05-14 07:41:01	1	0	15	0
        119493	2026-05-14 07:41:22	1	0	15	0
        117088	2026-05-14 07:41:34	1	0	15	0
        116297	2026-05-14 07:42:21	1	0	15	0
        117920	2026-05-14 07:42:50	1	0	15	0
        110025	2026-05-14 07:42:54	1	0	15	0
        117091	2026-05-14 07:43:18	1	0	15	0
        110197	2026-05-14 07:44:03	1	0	15	0
        117616	2026-05-14 07:44:09	1	0	15	0
        119364	2026-05-14 07:45:24	1	0	15	0
        110088	2026-05-14 07:45:28	1	0	15	0
        110376	2026-05-14 07:45:48	1	0	15	0
        110457	2026-05-14 07:45:52	1	0	15	0
        116356	2026-05-14 07:46:13	1	0	15	0
        119272	2026-05-14 07:46:35	1	0	15	0
        110057	2026-05-14 07:46:45	1	0	15	0
        110063	2026-05-14 07:46:53	1	0	15	0
        117981	2026-05-14 07:46:55	1	0	15	0
        110367	2026-05-14 07:46:58	1	0	15	0
        110567	2026-05-14 07:48:17	1	0	15	0
        110196	2026-05-14 07:48:20	1	0	15	0
        110201	2026-05-14 07:48:51	1	0	15	0
        116763	2026-05-14 07:49:02	1	0	15	0
        117528	2026-05-14 07:49:45	1	0	15	0
        119227	2026-05-14 07:49:47	1	0	15	0
        117965	2026-05-14 07:50:02	1	0	15	0
        117224	2026-05-14 07:50:06	1	0	15	0
        110090	2026-05-14 07:50:17	1	0	15	0
        118593	2026-05-14 07:50:26	1	0	15	0
        116990	2026-05-14 07:50:31	1	0	15	0
        110421	2026-05-14 07:50:35	1	0	15	0
        118550	2026-05-14 07:51:39	1	0	15	0
        117114	2026-05-14 07:51:58	1	0	15	0
        110077	2026-05-14 07:52:02	1	0	15	0
        117723	2026-05-14 07:52:05	1	0	15	0
        110377	2026-05-14 07:52:20	1	0	15	0
        117144	2026-05-14 07:53:15	1	0	15	0
        116933	2026-05-14 07:53:17	1	0	15	0
        118369	2026-05-14 07:53:18	1	0	15	0
        117061	2026-05-14 07:53:33	1	0	15	0
        117121	2026-05-14 07:54:01	1	0	15	0
        117212	2026-05-14 07:54:03	1	0	15	0
        117924	2026-05-14 07:54:16	1	0	15	0
        116428	2026-05-14 07:54:42	1	0	15	0
        116129	2026-05-14 07:54:45	1	0	15	0
        119386	2026-05-14 07:54:47	1	0	15	0
        110431	2026-05-14 07:54:50	1	0	15	0
        110816	2026-05-14 07:55:09	1	0	15	0
        116805	2026-05-14 07:55:58	1	0	15	0
        110371	2026-05-14 07:56:09	1	0	15	0
        119107	2026-05-14 07:56:28	1	0	15	0
        117993	2026-05-14 07:56:31	1	0	15	0
        117111	2026-05-14 07:56:39	1	0	15	0
        110805	2026-05-14 07:56:57	1	0	15	0
        110050	2026-05-14 07:57:25	1	0	15	0
        117926	2026-05-14 07:57:30	1	0	15	0
        110507	2026-05-14 07:57:50	1	0	15	0
        116260	2026-05-14 07:57:54	1	0	15	0
        117660	2026-05-14 07:58:24	1	0	15	0
        117849	2026-05-14 07:58:28	1	0	15	0
        116166	2026-05-14 07:58:38	1	0	15	0
        117790	2026-05-14 07:58:42	1	0	15	0
        117815	2026-05-14 07:58:52	1	0	15	0
        116477	2026-05-14 07:58:59	1	0	15	0
        117807	2026-05-14 07:59:07	1	0	15	0
        117833	2026-05-14 07:59:12	1	0	15	0
        110418	2026-05-14 08:00:20	1	0	15	0
        110055	2026-05-14 08:00:48	1	0	15	0
        116072	2026-05-14 08:01:08	1	0	15	0
        117156	2026-05-14 08:01:11	1	0	15	0
        117630	2026-05-14 08:01:13	1	0	15	0
        117930	2026-05-14 08:01:15	1	0	15	0
        110810	2026-05-14 08:02:06	1	0	15	0
        110657	2026-05-14 08:02:28	1	0	15	0
        117698	2026-05-14 08:02:33	1	0	15	0
        116472	2026-05-14 08:02:55	1	0	15	0
        117337	2026-05-14 08:05:31	1	0	15	0
        110452	2026-05-14 08:06:27	1	0	15	0
        110447	2026-05-14 08:07:40	1	0	15	0
        118813	2026-05-14 08:08:32	1	0	15	0
        117222	2026-05-14 08:08:41	1	0	15	0
        118753	2026-05-14 08:09:13	1	0	15	0
        110183	2026-05-14 08:09:17	1	0	15	0
        117100	2026-05-14 08:10:04	1	0	15	0
        118180	2026-05-14 08:10:34	1	0	15	0
        117999	2026-05-14 08:10:43	1	0	15	0
        118782	2026-05-14 08:11:21	1	0	15	0
        116252	2026-05-14 08:11:45	1	0	15	0
        110513	2026-05-14 08:12:08	1	0	15	0
        110040	2026-05-14 08:12:39	1	0	15	0
        117122	2026-05-14 08:12:47	1	0	15	0
        117692	2026-05-14 08:12:57	1	0	15	0
        119594	2026-05-14 08:13:22	1	0	15	0
        118046	2026-05-14 08:15:47	1	0	15	0
        117046	2026-05-14 08:18:16	1	0	15	0
        117786	2026-05-14 08:18:38	1	0	15	0
        117711	2026-05-14 08:19:36	1	0	15	0
        110172	2026-05-14 08:20:26	1	0	15	0
        116453	2026-05-14 08:20:50	1	0	15	0
        116069	2026-05-14 08:20:54	1	0	15	0
        117814	2026-05-14 08:21:09	1	0	15	0
        117236	2026-05-14 08:24:59	1	0	15	0
        110495	2026-05-14 08:25:56	1	0	15	0
        117575	2026-05-14 08:29:40	1	0	15	0
        117812	2026-05-14 08:33:10	1	0	15	0
        116747	2026-05-14 08:39:01	1	0	15	0
        118695	2026-05-14 08:44:02	1	0	15	0
        117085	2026-05-14 08:44:37	1	0	15	0
        110085	2026-05-14 08:47:36	1	0	15	0
        116441	2026-05-14 08:51:16	1	0	15	0
        117659	2026-05-14 09:00:15	1	0	15	0
        118917	2026-05-14 09:15:10	1	0	15	0
        117966	2026-05-14 12:00:02	1	2	15	0
        117769	2026-05-14 12:00:05	1	2	15	0
        110633	2026-05-14 12:00:06	1	2	15	0
        117936	2026-05-14 12:00:08	1	2	15	0
        110201	2026-05-14 12:00:12	1	2	15	0
        110816	2026-05-14 12:00:14	1	2	15	0
        110452	2026-05-14 12:00:16	1	2	15	0
        117930	2026-05-14 12:00:18	1	2	15	0
        117969	2026-05-14 12:00:20	1	2	15	0
        119143	2026-05-14 12:00:21	1	2	15	0
        117972	2026-05-14 12:00:23	1	2	15	0
        110070	2026-05-14 12:00:24	1	2	15	0
        117838	2026-05-14 12:00:26	1	2	15	0
        118563	2026-05-14 12:00:27	1	2	15	0
        110172	2026-05-14 12:00:31	1	2	15	0
        117224	2026-05-14 12:00:33	1	2	15	0
        110810	2026-05-14 12:00:34	1	2	15	0
        110808	2026-05-14 12:00:37	1	2	15	0
        110462	2026-05-14 12:00:40	1	2	15	0
        110510	2026-05-14 12:00:42	1	2	15	0
        110511	2026-05-14 12:00:44	1	2	15	0
        116763	2026-05-14 12:01:03	1	2	15	0
        117046	2026-05-14 12:01:04	1	2	15	0
        110418	2026-05-14 12:01:08	1	2	15	0
        117786	2026-05-14 12:01:12	1	2	15	0
        110378	2026-05-14 12:01:14	1	2	15	0
        117144	2026-05-14 12:01:16	1	2	15	0
        117543	2026-05-14 12:01:18	1	2	15	0
        110063	2026-05-14 12:01:24	1	2	15	0
        110088	2026-05-14 12:01:27	1	2	15	0
        110158	2026-05-14 12:01:30	1	2	15	0
        119453	2026-05-14 12:01:32	1	2	15	0
        116902	2026-05-14 12:01:34	1	2	15	0
        117616	2026-05-14 12:01:36	1	2	15	0
        116472	2026-05-14 12:01:38	1	2	15	0
        116747	2026-05-14 12:01:40	1	2	15	0
        110632	2026-05-14 12:01:42	1	2	15	0
        116748	2026-05-14 12:01:45	1	2	15	0
        117575	2026-05-14 12:01:46	1	2	15	0
        117122	2026-05-14 12:01:53	1	2	15	0
        117769	2026-05-14 12:02:05	1	2	15	0
        117528	2026-05-14 12:02:12	1	2	15	0
        117212	2026-05-14 12:02:31	1	2	15	0
        117966	2026-05-14 12:02:33	1	2	15	0
        110421	2026-05-14 12:02:37	1	2	15	0
        117969	2026-05-14 12:02:43	1	2	15	0
        117838	2026-05-14 12:02:46	1	2	15	0
        110633	2026-05-14 12:02:49	1	2	15	0
        117936	2026-05-14 12:02:50	1	2	15	0
        110060	2026-05-14 12:02:55	1	2	15	0
        110201	2026-05-14 12:02:56	1	2	15	0
        110100	2026-05-14 12:02:59	1	2	15	0
        116799	2026-05-14 12:03:02	1	2	15	0
        110817	2026-05-14 12:03:11	1	2	15	0
        117900	2026-05-14 12:03:14	1	2	15	0
        117129	2026-05-14 12:03:19	1	2	15	0
        116069	2026-05-14 12:03:32	1	2	15	0
        117529	2026-05-14 12:03:34	1	2	15	0
        116995	2026-05-14 12:03:36	1	2	15	0
        116990	2026-05-14 12:03:38	1	2	15	0
        117770	2026-05-14 12:03:41	1	2	15	0
        117812	2026-05-14 12:03:42	1	2	15	0
        116070	2026-05-14 12:03:45	1	2	15	0
        116260	2026-05-14 12:03:46	1	2	15	0
        117924	2026-05-14 12:03:48	1	2	15	0
        116072	2026-05-14 12:03:50	1	2	15	0
        117733	2026-05-14 12:03:52	1	2	15	0
        110457	2026-05-14 12:03:55	1	2	15	0
        116496	2026-05-14 12:03:57	1	2	15	0
        116453	2026-05-14 12:04:01	1	2	15	0
        117680	2026-05-14 12:04:02	1	2	15	0
        117930	2026-05-14 12:04:17	1	2	15	0
        110355	2026-05-14 12:04:28	1	2	15	0
        110158	2026-05-14 12:04:34	1	2	15	0
        116748	2026-05-14 12:04:35	1	2	15	0
        110356	2026-05-14 12:04:44	1	2	15	0
        110354	2026-05-14 12:05:06	1	2	15	0
        117046	2026-05-14 12:05:12	1	2	15	0
        116428	2026-05-14 12:05:14	1	2	15	0
        110172	2026-05-14 12:05:16	1	2	15	0
        118750	2026-05-14 12:05:18	1	2	15	0
        117110	2026-05-14 12:05:20	1	2	15	0
        117529	2026-05-14 12:05:25	1	2	15	0
        119535	2026-05-14 12:05:27	1	2	15	0
        110816	2026-05-14 12:05:50	1	2	15	0
        110817	2026-05-14 12:05:55	1	2	15	0
        110040	2026-05-14 12:05:59	1	2	15	0
        117723	2026-05-14 12:06:03	1	2	15	0
        117224	2026-05-14 12:06:06	1	2	15	0
        110513	2026-05-14 12:06:07	1	2	15	0
        117900	2026-05-14 12:06:09	1	2	15	0
        119272	2026-05-14 12:06:18	1	2	15	0
        117833	2026-05-14 12:06:20	1	2	15	0
        117733	2026-05-14 12:06:22	1	2	15	0
        110581	2026-05-14 12:06:24	1	2	15	0
        117212	2026-05-14 12:06:26	1	2	15	0
        110580	2026-05-14 12:06:28	1	2	15	0
        110732	2026-05-14 12:06:30	1	2	15	0
        117575	2026-05-14 12:06:33	1	2	15	0
        110371	2026-05-14 12:06:38	1	2	15	0
        118695	2026-05-14 12:07:01	1	2	15	0
        117337	2026-05-14 12:07:03	1	2	15	0
        117230	2026-05-14 12:07:07	1	2	15	0
        117111	2026-05-14 12:07:10	1	2	15	0
        117236	2026-05-14 12:07:12	1	2	15	0
        116070	2026-05-14 12:07:14	1	2	15	0
        116069	2026-05-14 12:07:16	1	2	15	0
        117812	2026-05-14 12:07:18	1	2	15	0
        117770	2026-05-14 12:07:19	1	2	15	0
        116477	2026-05-14 12:07:20	1	2	15	0
        116990	2026-05-14 12:07:22	1	2	15	0
        117091	2026-05-14 12:07:35	1	2	15	0
        116072	2026-05-14 12:07:37	1	2	15	0
        110457	2026-05-14 12:07:39	1	2	15	0
        116496	2026-05-14 12:07:42	1	2	15	0
        117924	2026-05-14 12:07:46	1	2	15	0
        116260	2026-05-14 12:07:48	1	2	15	0
        110808	2026-05-14 12:07:50	1	2	15	0
        116995	2026-05-14 12:07:52	1	2	15	0
        117591	2026-05-14 12:07:54	1	2	15	0
        116346	2026-05-14 12:07:56	1	2	15	0
        117103	2026-05-14 12:07:58	1	2	15	0
        118563	2026-05-14 12:08:01	1	2	15	0
        110100	2026-05-14 12:08:03	1	2	15	0
        110060	2026-05-14 12:08:07	1	2	15	0
        110040	2026-05-14 12:08:09	1	2	15	0
        110077	2026-05-14 12:08:13	1	2	15	0
        110355	2026-05-14 12:08:18	1	2	15	0
        110356	2026-05-14 12:08:20	1	2	15	0
        110462	2026-05-14 12:08:22	1	2	15	0
        116799	2026-05-14 12:08:27	1	2	15	0
        110492	2026-05-14 12:08:37	1	2	15	0
        110511	2026-05-14 12:08:47	1	2	15	0
        110809	2026-05-14 12:08:54	1	2	15	0
        110465	2026-05-14 12:08:59	1	2	15	0
        117497	2026-05-14 12:09:03	1	2	15	0
        110807	2026-05-14 12:09:05	1	2	15	0
        110463	2026-05-14 12:09:07	1	2	15	0
        110510	2026-05-14 12:09:08	1	2	15	0
        118427	2026-05-14 12:09:11	1	2	15	0
        116129	2026-05-14 12:09:13	1	2	15	0
        118813	2026-05-14 12:09:16	1	2	15	0
        118744	2026-05-14 12:09:18	1	2	15	0
        116252	2026-05-14 12:09:19	1	2	15	0
        116346	2026-05-14 12:09:24	1	2	15	0
        116428	2026-05-14 12:09:27	1	2	15	0
        110354	2026-05-14 12:09:31	1	2	15	0
        110371	2026-05-14 12:09:39	1	2	15	0
        117692	2026-05-14 12:09:45	1	2	15	0
        117061	2026-05-14 12:09:48	1	2	15	0
        117129	2026-05-14 12:09:51	1	2	15	0
        110513	2026-05-14 12:09:53	1	2	15	0
        117528	2026-05-14 12:09:57	1	2	15	0
        110431	2026-05-14 12:10:02	1	2	15	0
        117103	2026-05-14 12:10:04	1	2	15	0
        117043	2026-05-14 12:10:10	1	2	15	0
        117091	2026-05-14 12:10:16	1	2	15	0
        118427	2026-05-14 12:10:20	1	2	15	0
        117543	2026-05-14 12:10:21	1	2	15	0
        110377	2026-05-14 12:10:37	1	2	15	0
        110376	2026-05-14 12:10:39	1	2	15	0
        110088	2026-05-14 12:10:41	1	2	15	0
        117616	2026-05-14 12:10:48	1	2	15	0
        110378	2026-05-14 12:10:49	1	2	15	0
        110538	2026-05-14 12:10:51	1	2	15	0
        118580	2026-05-14 12:10:52	1	2	15	0
        110063	2026-05-14 12:11:03	1	2	15	0
        117236	2026-05-14 12:11:05	1	2	15	0
        110057	2026-05-14 12:11:08	1	2	15	0
        119453	2026-05-14 12:11:10	1	2	15	0
        116252	2026-05-14 12:11:13	1	2	15	0
        117723	2026-05-14 12:11:14	1	2	15	0
        117054	2026-05-14 12:11:16	1	2	15	0
        118640	2026-05-14 12:11:19	1	2	15	0
        118180	2026-05-14 12:11:20	1	2	15	0
        119535	2026-05-14 12:11:22	1	2	15	0
        117122	2026-05-14 12:11:24	1	2	15	0
        117144	2026-05-14 12:11:26	1	2	15	0
        116129	2026-05-14 12:11:35	1	2	15	0
        118813	2026-05-14 12:11:39	1	2	15	0
        117711	2026-05-14 12:11:42	1	2	15	0
        117061	2026-05-14 12:12:02	1	2	15	0
        110063	2026-05-14 12:12:16	1	2	15	0
        117698	2026-05-14 12:12:20	1	2	15	0
        110549	2026-05-14 12:12:24	1	2	15	0
        110492	2026-05-14 12:12:27	1	2	15	0
        117232	2026-05-14 12:12:38	1	2	15	0
        116356	2026-05-14 12:13:12	1	2	15	0
        117497	2026-05-14 12:13:22	1	2	15	0
        117088	2026-05-14 12:13:27	1	2	15	0
        110807	2026-05-14 12:13:50	1	2	15	0
        118369	2026-05-14 12:13:58	1	2	15	0
        116805	2026-05-14 12:14:01	1	2	15	0
        117981	2026-05-14 12:14:03	1	2	15	0
        110105	2026-05-14 12:14:05	1	2	15	0
        110357	2026-05-14 12:14:11	1	2	15	0
        110456	2026-05-14 12:14:15	1	2	15	0
        118744	2026-05-14 12:14:59	1	2	15	0
        117487	2026-05-14 12:15:01	1	2	15	0
        117920	2026-05-14 12:15:03	1	2	15	0
        118207	2026-05-14 12:15:06	1	2	15	0
        117850	2026-05-14 12:15:08	1	2	15	0
        110367	2026-05-14 12:15:10	1	2	15	0
        117999	2026-05-14 12:15:11	1	2	15	0
        110810	2026-05-14 12:15:13	1	2	15	0
        117680	2026-05-14 12:15:15	1	2	15	0
        117698	2026-05-14 12:15:17	1	2	15	0
        110466	2026-05-14 12:15:31	1	2	15	0
        110376	2026-05-14 12:15:36	1	2	15	0
        110377	2026-05-14 12:15:41	1	2	15	0
        118271	2026-05-14 12:15:49	1	2	15	0
        118369	2026-05-14 12:15:54	1	2	15	0
        119143	2026-05-14 12:15:55	1	2	15	0
        116356	2026-05-14 12:15:57	1	2	15	0
        117981	2026-05-14 12:16:00	1	2	15	0
        116274	2026-05-14 12:16:01	1	2	15	0
        110465	2026-05-14 12:16:06	1	2	15	0
        110527	2026-05-14 12:16:10	1	2	15	0
        110360	2026-05-14 12:16:12	1	2	15	0
        119449	2026-05-14 12:16:15	1	2	15	0
        117121	2026-05-14 12:16:18	1	2	15	0
        117156	2026-05-14 12:16:21	1	2	15	0
        118782	2026-05-14 12:16:23	1	2	15	0
        110057	2026-05-14 12:16:26	1	2	15	0
        117230	2026-05-14 12:16:34	1	2	15	0
        117660	2026-05-14 12:16:37	1	2	15	0
        118550	2026-05-14 12:16:38	1	2	15	0
        117113	2026-05-14 12:17:06	1	2	15	0
        118580	2026-05-14 12:17:22	1	2	15	0
        110538	2026-05-14 12:17:24	1	2	15	0
        116805	2026-05-14 12:17:28	1	2	15	0
        117833	2026-05-14 12:17:44	1	2	15	0
        117222	2026-05-14 12:17:49	1	2	15	0
        118750	2026-05-14 12:17:55	1	2	15	0
        117110	2026-05-14 12:17:56	1	2	15	0
        118046	2026-05-14 12:18:33	1	2	15	0
        118695	2026-05-14 12:18:48	1	2	15	0
        110493	2026-05-14 12:18:54	1	2	15	0
        110657	2026-05-14 12:19:00	1	2	15	0
        110495	2026-05-14 12:19:02	1	2	15	0
        119364	2026-05-14 12:19:05	1	2	15	0
        118302	2026-05-14 12:19:18	1	2	15	0
        118207	2026-05-14 12:19:25	1	2	15	0
        110105	2026-05-14 12:19:27	1	2	15	0
        117850	2026-05-14 12:19:31	1	2	15	0
        117920	2026-05-14 12:19:34	1	2	15	0
        117487	2026-05-14 12:19:40	1	2	15	0
        110367	2026-05-14 12:19:42	1	2	15	0
        117270	2026-05-14 12:19:44	1	2	15	0
        118180	2026-05-14 12:19:46	1	2	15	0
        117162	2026-05-14 12:19:48	1	2	15	0
        118640	2026-05-14 12:19:51	1	2	15	0
        118458	2026-05-14 12:20:07	1	2	15	0
        118271	2026-05-14 12:20:13	1	2	15	0
        116274	2026-05-14 12:20:16	1	2	15	0
        118550	2026-05-14 12:20:18	1	2	15	0
        117660	2026-05-14 12:20:20	1	2	15	0
        117630	2026-05-14 12:20:23	1	2	15	0
        119386	2026-05-14 12:20:26	1	2	15	0
        117711	2026-05-14 12:20:41	1	2	15	0
        116483	2026-05-14 12:21:28	1	2	15	0
        116504	2026-05-14 12:21:31	1	2	15	0
        119386	2026-05-14 12:21:34	1	2	15	0
        110632	2026-05-14 12:21:47	1	2	15	0
        110466	2026-05-14 12:22:01	1	2	15	0
        110077	2026-05-14 12:22:14	1	2	15	0
        110116	2026-05-14 12:22:19	1	2	15	0
        116453	2026-05-14 12:22:28	1	2	15	0
        110580	2026-05-14 12:22:33	1	2	15	0
        110581	2026-05-14 12:22:35	1	2	15	0
        110732	2026-05-14 12:22:38	1	2	15	0
        117926	2026-05-14 12:22:39	1	2	15	0
        110495	2026-05-14 12:22:42	1	2	15	0
        110657	2026-05-14 12:22:44	1	2	15	0
        110493	2026-05-14 12:22:46	1	2	15	0
        119364	2026-05-14 12:22:48	1	2	15	0
        110055	2026-05-14 12:22:51	1	2	15	0
        116933	2026-05-14 12:23:07	1	2	15	0
        117088	2026-05-14 12:23:11	1	2	15	0
        117121	2026-05-14 12:23:24	1	2	15	0
        117156	2026-05-14 12:23:25	1	2	15	0
        110527	2026-05-14 12:23:31	1	2	15	0
        110065	2026-05-14 12:23:34	1	2	15	0
        118782	2026-05-14 12:23:42	1	2	15	0
        118741	2026-05-14 12:23:45	1	2	15	0
        116232	2026-05-14 12:23:46	1	2	15	0
        117092	2026-05-14 12:23:51	1	2	15	0
        110507	2026-05-14 12:23:53	1	2	15	0
        110050	2026-05-14 12:23:55	1	2	15	0
        116504	2026-05-14 12:24:05	1	2	15	0
        116483	2026-05-14 12:24:06	1	2	15	0
        117692	2026-05-14 12:24:10	1	2	15	0
        117630	2026-05-14 12:24:14	1	2	15	0
        119107	2026-05-14 12:24:26	1	2	15	0
        116166	2026-05-14 12:24:32	1	2	15	0
        110360	2026-05-14 12:24:37	1	2	15	0
        117085	2026-05-14 12:24:53	1	2	15	0
        118503	2026-05-14 12:25:35	1	2	15	0
        117222	2026-05-14 12:25:43	1	2	15	0
        117814	2026-05-14 12:25:52	1	2	15	0
        116477	2026-05-14 12:26:21	1	2	15	0
        110050	2026-05-14 12:26:25	1	2	15	0
        110065	2026-05-14 12:26:30	1	2	15	0
        118741	2026-05-14 12:26:37	1	2	15	0
        117926	2026-05-14 12:26:41	1	2	15	0
        110055	2026-05-14 12:26:44	1	2	15	0
        118458	2026-05-14 12:26:48	1	2	15	0
        119594	2026-05-14 12:26:53	1	2	15	0
        117839	2026-05-14 12:27:06	1	2	15	0
        117815	2026-05-14 12:27:08	1	2	15	0
        116902	2026-05-14 12:27:13	1	2	15	0
        118503	2026-05-14 12:27:16	1	2	15	0
        110431	2026-05-14 12:27:39	1	2	15	0
        118593	2026-05-14 12:27:50	1	2	15	0
        119594	2026-05-14 12:28:01	1	2	15	0
        117114	2026-05-14 12:28:20	1	2	15	0
        119449	2026-05-14 12:28:22	1	2	15	0
        110357	2026-05-14 12:28:38	1	2	15	0
        110456	2026-05-14 12:28:41	1	2	15	0
        110070	2026-05-14 12:29:03	1	2	15	0
        116166	2026-05-14 12:29:16	1	2	15	0
        119107	2026-05-14 12:29:31	1	2	15	0
        117999	2026-05-14 12:30:10	1	2	15	0
        116763	2026-05-14 12:30:32	1	2	15	0
        117232	2026-05-14 12:30:49	1	2	15	0
        117043	2026-05-14 12:30:52	1	2	15	0
        110197	2026-05-14 12:30:56	1	2	15	0
        110549	2026-05-14 12:31:31	1	2	15	0
        110463	2026-05-14 12:31:45	1	2	15	0
        119493	2026-05-14 12:31:57	1	2	15	0
        110475	2026-05-14 12:32:39	1	2	15	0
        110473	2026-05-14 12:32:45	1	2	15	0
        117814	2026-05-14 12:33:32	1	3	15	0
        110196	2026-05-14 12:33:38	1	3	15	0
        117965	2026-05-14 12:33:43	1	3	15	0
        110574	2026-05-14 12:33:47	1	3	15	0
        117092	2026-05-14 12:34:09	1	3	15	0
        119272	2026-05-14 12:34:22	1	3	15	0
        117162	2026-05-14 12:34:55	1	3	15	0
        117270	2026-05-14 12:34:58	1	3	15	0
        116512	2026-05-14 12:35:15	1	3	15	0
        116751	2026-05-14 12:35:18	1	3	15	0
        110085	2026-05-14 12:35:43	1	3	15	0
        117839	2026-05-14 12:35:56	1	3	15	0
        118046	2026-05-14 12:36:01	1	3	15	0
        117815	2026-05-14 12:36:13	1	3	15	0
        117483	2026-05-14 12:37:00	1	3	15	0
        117790	2026-05-14 12:37:27	1	3	15	0
        117786	2026-05-14 12:37:29	1	3	15	0
        117111	2026-05-14 12:37:49	1	3	15	0
        110116	2026-05-14 12:38:11	1	3	15	0
        117645	2026-05-14 12:38:32	1	3	15	0
        117113	2026-05-14 12:38:39	1	3	15	0
        117965	2026-05-14 12:38:49	1	3	15	0
        110507	2026-05-14 12:38:53	1	3	15	0
        110196	2026-05-14 12:38:57	1	3	15	0
        110574	2026-05-14 12:39:10	1	3	15	0
        110084	2026-05-14 12:39:21	1	3	15	0
        116512	2026-05-14 12:39:25	1	3	15	0
        116751	2026-05-14 12:39:28	1	3	15	0
        119493	2026-05-14 12:39:36	1	3	15	0
        117483	2026-05-14 12:39:42	1	3	15	0
        117114	2026-05-14 12:39:55	1	3	15	0
        117645	2026-05-14 12:40:20	1	3	15	0
        110085	2026-05-14 12:40:25	1	3	15	0
        116828	2026-05-14 12:40:30	1	3	1	0
        110084	2026-05-14 12:40:47	1	3	15	0
        117709	2026-05-14 12:43:30	1	3	15	0
        117849	2026-05-14 12:43:36	1	3	15	0
        119494	2026-05-14 12:43:44	1	3	15	0
        116441	2026-05-14 12:44:48	1	3	15	0
        116933	2026-05-14 12:45:05	1	3	15	0
        117100	2026-05-14 12:46:08	1	3	15	0
        118917	2026-05-14 12:46:10	1	3	15	0
        110475	2026-05-14 12:46:58	1	3	15	0
        110473	2026-05-14 12:47:02	1	3	15	0
        119070	2026-05-14 12:47:07	1	3	15	0
        119227	2026-05-14 12:47:09	1	3	15	0
        118455	2026-05-14 12:47:11	1	3	15	0
        110805	2026-05-14 12:47:12	1	3	15	0
        117259	2026-05-14 12:47:15	1	3	15	0
        117817	2026-05-14 12:47:17	1	3	15	0
        117709	2026-05-14 12:47:47	1	3	15	0
        117849	2026-05-14 12:48:02	1	3	15	0
        110452	2026-05-14 12:48:20	1	3	15	0
        116747	2026-05-14 12:48:41	1	3	15	0
        116472	2026-05-14 12:48:45	1	3	15	0
        116828	2026-05-14 12:48:59	1	3	1	0
        117337	2026-05-14 12:49:15	1	3	15	0
        116297	2026-05-14 12:49:20	1	3	15	0
        117120	2026-05-14 12:49:42	1	3	15	0
        110090	2026-05-14 12:49:59	1	3	15	0
        110567	2026-05-14 12:50:39	1	3	15	0
        116441	2026-05-14 12:51:31	1	3	15	0
        118917	2026-05-14 12:51:41	1	3	15	0
        117100	2026-05-14 12:51:45	1	3	15	0
        119494	2026-05-14 12:51:52	1	3	15	0
        118302	2026-05-14 12:52:02	1	3	15	0
        119070	2026-05-14 12:52:08	1	3	15	0
        119227	2026-05-14 12:52:10	1	3	15	0
        118455	2026-05-14 12:52:11	1	3	15	0
        110805	2026-05-14 12:52:15	1	3	15	0
        117259	2026-05-14 12:52:16	1	3	15	0
        117591	2026-05-14 12:52:20	1	3	15	0
        110183	2026-05-14 12:52:22	1	3	15	0
        116297	2026-05-14 12:52:27	1	3	15	0
        117817	2026-05-14 12:53:03	1	3	15	0
        110090	2026-05-14 12:53:30	1	3	15	0
        117120	2026-05-14 12:53:37	1	3	15	0
        117972	2026-05-14 12:53:48	1	3	15	0
        110197	2026-05-14 12:53:52	1	3	15	0
        116232	2026-05-14 12:54:16	1	3	15	0
        110567	2026-05-14 12:54:26	1	3	15	0
        110025	2026-05-14 12:55:18	1	3	15	0
        110421	2026-05-14 12:55:42	1	3	15	0
        110085	2026-05-14 12:55:46	1	3	15	0
        118593	2026-05-14 12:55:52	1	3	15	0
        110006	2026-05-14 12:56:55	1	3	15	0
        110183	2026-05-14 12:58:17	1	3	15	0
        118753	2026-05-14 12:58:20	1	3	15	0
        110025	2026-05-14 12:58:29	1	3	15	0
        110006	2026-05-14 12:58:34	1	3	15	0
        118753	2026-05-14 12:59:20	1	3	15	0
        116297	2026-05-14 17:00:37	1	1	15	0
        117222	2026-05-14 17:03:54	1	1	15	0
        110377	2026-05-14 17:05:07	1	1	15	0
        110376	2026-05-14 17:05:18	1	1	15	0
        110452	2026-05-14 17:05:41	1	1	15	0
        117833	2026-05-14 17:05:45	1	1	15	0
        110421	2026-05-14 17:05:47	1	1	15	0
        118917	2026-05-14 17:05:49	1	1	15	0
        117930	2026-05-14 17:05:51	1	1	15	0
        116902	2026-05-14 17:05:52	1	1	15	0
        117232	2026-05-14 17:05:56	1	1	15	0
        117043	2026-05-14 17:05:59	1	1	15	0
        117926	2026-05-14 17:06:51	1	1	15	0
        110549	2026-05-14 17:07:08	1	1	15	0
        110431	2026-05-14 17:07:12	1	1	15	0
        117121	2026-05-14 17:07:23	1	1	15	0
        118782	2026-05-14 17:07:27	1	1	15	0
        117698	2026-05-14 17:07:30	1	1	15	0
        117100	2026-05-14 17:07:34	1	1	15	0
        117224	2026-05-14 17:07:37	1	1	15	0
        116763	2026-05-14 17:07:44	1	1	15	0
        117111	2026-05-14 17:08:12	1	1	15	0
        117337	2026-05-14 17:08:25	1	1	15	0
        116472	2026-05-14 17:08:28	1	1	15	0
        117630	2026-05-14 17:12:51	1	1	15	0
        118180	2026-05-14 17:13:02	1	1	15	0
        117156	2026-05-14 17:14:42	1	1	15	0
        116129	2026-05-14 17:16:32	1	1	15	0
        118813	2026-05-14 17:16:37	1	1	15	0
        117692	2026-05-14 17:16:54	1	1	15	0
        116428	2026-05-14 17:16:58	1	1	15	0
        110567	2026-05-14 17:18:07	1	1	15	0
        117900	2026-05-14 17:18:09	1	1	15	0
        110817	2026-05-14 17:18:10	1	1	15	0
        117965	2026-05-14 17:18:26	1	1	15	0
        110196	2026-05-14 17:18:29	1	1	15	0
        110371	2026-05-14 17:18:31	1	1	15	0
        110816	2026-05-14 17:18:34	1	1	15	0
        110201	2026-05-14 17:18:38	1	1	15	0
        117814	2026-05-14 17:19:27	1	1	15	0
        110197	2026-05-14 17:19:58	1	1	15	0
        110172	2026-05-14 17:24:05	1	1	15	0
        117786	2026-05-14 17:24:08	1	1	15	0
        119272	2026-05-14 17:24:19	1	1	15	0
        116747	2026-05-14 17:25:09	1	1	15	0
        118550	2026-05-14 17:26:26	1	1	15	0
        110513	2026-05-14 17:41:31	1	1	15	0
        118046	2026-05-14 17:47:01	1	1	15	0
        118695	2026-05-14 17:51:21	1	1	15	0
        117046	2026-05-14 17:53:25	1	1	15	0
        118593	2026-05-14 17:53:31	1	1	15	0
        117236	2026-05-14 17:53:35	1	1	15	0
        117528	2026-05-14 17:53:39	1	1	15	0
        118563	2026-05-14 17:53:51	1	1	15	0
        110462	2026-05-14 18:00:57	1	1	15	0
        110360	2026-05-14 18:01:06	1	1	15	0
        117850	2026-05-14 18:01:37	1	1	15	0
        117920	2026-05-14 18:01:39	1	1	15	0
        116232	2026-05-14 18:01:46	1	1	15	0
        110493	2026-05-14 18:01:58	1	1	15	0
        118750	2026-05-14 18:02:38	1	1	15	0
        117936	2026-05-14 18:03:16	1	1	15	0
        119070	2026-05-14 18:03:55	1	1	15	0
        116504	2026-05-14 18:03:59	1	1	15	0
        117230	2026-05-14 18:04:15	1	1	15	0
        110574	2026-05-14 18:05:17	1	1	15	0
        110527	2026-05-14 18:08:04	1	1	15	0
        117483	2026-05-14 18:08:44	1	1	1	0
        117969	2026-05-14 18:09:31	1	1	15	0
        117110	2026-05-14 18:09:50	1	1	15	0
        117529	2026-05-14 18:10:37	1	1	15	0
        110633	2026-05-14 18:12:58	1	1	15	0
        110158	2026-05-14 18:13:39	1	1	15	0
        118207	2026-05-14 18:14:43	1	1	15	0
        117733	2026-05-14 18:16:42	1	1	15	0
        116995	2026-05-14 18:17:07	1	1	15	0
        116496	2026-05-14 18:18:14	1	1	15	0
        110466	2026-05-14 18:18:19	1	1	15	0
        118458	2026-05-14 18:18:27	1	1	15	0
        117839	2026-05-14 18:18:39	1	1	15	0
        117770	2026-05-14 18:18:41	1	1	15	0
        117645	2026-05-14 18:18:46	1	1	15	0
        117815	2026-05-14 18:18:49	1	1	15	0
        110475	2026-05-14 18:18:56	1	1	15	0
        110473	2026-05-14 18:18:59	1	1	15	0
        110511	2026-05-14 18:20:20	1	1	15	0
        110580	2026-05-14 18:20:46	1	1	15	0
        110581	2026-05-14 18:20:49	1	1	15	0
        117591	2026-05-14 18:20:54	1	1	15	0
        110732	2026-05-14 18:20:58	1	1	15	0
        116799	2026-05-14 18:21:17	1	1	15	0
        117966	2026-05-14 18:21:20	1	1	15	0
        117838	2026-05-14 18:21:24	1	1	15	0
        117769	2026-05-14 18:21:25	1	1	15	0
        119453	2026-05-14 18:22:04	1	1	15	0
        110065	2026-05-14 18:22:38	1	1	15	0
        118741	2026-05-14 18:22:40	1	1	15	0
        110100	2026-05-14 18:22:42	1	1	15	0
        116751	2026-05-14 18:23:06	1	1	15	0
        116512	2026-05-14 18:23:09	1	1	15	0
        110378	2026-05-14 18:25:18	1	1	15	0
        110465	2026-05-14 18:28:29	1	1	15	0
        110084	2026-05-14 18:28:36	1	1	15	0
        110538	2026-05-14 18:28:40	1	1	15	0
        118580	2026-05-14 18:28:44	1	1	15	0
        110060	2026-05-14 18:31:09	1	1	15	0
        117790	2026-05-14 18:32:53	1	1	15	0
        119449	2026-05-14 18:34:32	1	1	15	0
        118455	2026-05-14 18:35:02	1	1	15	0
        117259	2026-05-14 18:35:10	1	1	15	0
        117270	2026-05-14 18:35:27	1	1	15	0
        116274	2026-05-14 18:35:44	1	1	15	0
        118503	2026-05-14 18:36:22	1	1	15	0
        118427	2026-05-14 18:36:29	1	1	15	0
        118271	2026-05-14 18:36:35	1	1	15	0
        110105	2026-05-14 18:36:38	1	1	15	0
        117680	2026-05-14 18:37:06	1	1	15	0
        110807	2026-05-14 18:37:28	1	1	15	0
        116483	2026-05-14 18:39:08	1	1	15	0
        117120	2026-05-14 18:39:24	1	1	15	0
        119143	2026-05-14 18:39:42	1	1	15	0
        110355	2026-05-14 18:40:22	1	1	15	0
        110354	2026-05-14 18:40:26	1	1	15	0
        110463	2026-05-14 18:40:48	1	1	15	0
        117497	2026-05-14 18:41:14	1	1	15	0
        116252	2026-05-14 18:43:18	1	1	15	0
        119494	2026-05-14 18:43:21	1	1	15	0
        116748	2026-05-14 18:43:24	1	1	15	0
        110357	2026-05-14 18:43:26	1	1	15	0
        117113	2026-05-14 18:43:40	1	1	15	0
        110456	2026-05-14 18:43:44	1	1	15	0
        110810	2026-05-14 18:45:10	1	1	15	0
        110808	2026-05-14 18:45:15	1	1	15	0
        119493	2026-05-14 18:46:42	1	1	15	0
        110492	2026-05-14 18:46:48	1	1	15	0
        117709	2026-05-14 18:47:55	1	1	15	0
        117543	2026-05-14 18:48:07	1	1	15	0
        119535	2026-05-14 18:48:10	1	1	15	0
        110050	2026-05-14 18:49:41	1	1	15	0
        117817	2026-05-14 18:50:04	1	1	15	0
        117088	2026-05-14 18:50:42	1	1	15	0
        110040	2026-05-14 18:51:32	1	1	15	0
        118302	2026-05-14 18:52:02	1	1	15	0
        118702	2026-05-14 18:53:23	1	1	15	0
        110367	2026-05-14 18:53:27	1	1	15	0
        117092	2026-05-14 18:53:31	1	1	15	0
        118744	2026-05-14 18:53:35	1	1	15	0
        116933	2026-05-14 18:53:44	1	1	15	0
        110457	2026-05-14 18:54:23	1	1	15	0
        116990	2026-05-14 18:55:54	1	1	15	0
        110805	2026-05-14 18:56:03	1	1	15	0
        119227	2026-05-14 18:56:10	1	1	15	0
        110510	2026-05-14 18:58:28	1	1	15	0
        117575	2026-05-14 18:58:59	1	1	15	0
        117972	2026-05-14 18:59:03	1	1	15	0
        117144	2026-05-14 19:00:01	1	1	15	0
        110632	2026-05-14 19:00:06	1	1	15	0
        117616	2026-05-14 19:00:11	1	1	15	0
        117575	2026-05-14 19:00:14	1	1	15	0
        117849	2026-05-14 19:00:19	1	1	15	0
        116069	2026-05-14 19:00:22	1	1	15	0
        116070	2026-05-14 19:00:24	1	1	1	0
        117812	2026-05-14 19:00:32	1	1	15	0
        119571	2026-05-14 19:00:39	1	1	15	0
        110495	2026-05-14 19:00:53	1	1	15	0
        110657	2026-05-14 19:00:59	1	1	15	0
        117061	2026-05-14 19:01:09	1	1	15	0
        118369	2026-05-14 19:01:17	1	1	15	0
        119386	2026-05-14 19:01:23	1	1	15	0
        116356	2026-05-14 19:01:28	1	1	15	0
        117212	2026-05-14 19:01:58	1	1	15	0
        117981	2026-05-14 19:02:01	1	1	15	0
        117924	2026-05-14 19:02:03	1	1	15	0
        110507	2026-05-14 19:02:06	1	1	15	0
        116072	2026-05-14 19:02:08	1	1	15	0
        116441	2026-05-14 19:02:11	1	1	15	0
        117660	2026-05-14 19:02:12	1	1	15	0
        117711	2026-05-14 19:02:18	1	1	15	0
        118753	2026-05-14 19:02:26	1	1	15	0
        110077	2026-05-14 19:02:57	1	1	15	0
        110088	2026-05-14 19:03:38	1	1	15	0
        117122	2026-05-14 19:05:33	1	1	15	0
        117993	2026-05-14 19:06:43	1	1	15	0
        116453	2026-05-14 19:06:49	1	1	15	0
        116346	2026-05-14 19:06:55	1	1	15	0
        117103	2026-05-14 19:06:57	1	1	15	0
        117723	2026-05-14 19:07:13	1	1	15	0
        117807	2026-05-14 19:07:27	1	1	15	0
        110025	2026-05-14 19:09:13	1	1	15	0
        119107	2026-05-14 19:09:21	1	1	15	0
        110116	2026-05-14 19:10:10	1	1	15	0
        110183	2026-05-14 19:10:42	1	1	15	0
        117114	2026-05-14 19:11:46	1	1	15	0
        117999	2026-05-14 19:12:06	1	1	15	0
        116166	2026-05-14 19:14:21	1	1	15	0
        116828	2026-05-14 19:14:31	1	1	1	0
        119364	2026-05-14 19:15:41	1	1	15	0
        116805	2026-05-14 19:16:03	1	1	15	0
        116260	2026-05-14 19:16:05	1	1	15	0
        110057	2026-05-14 19:17:26	1	1	15	0
        119594	2026-05-14 19:20:12	1	1	15	0
        117091	2026-05-14 19:21:57	1	1	15	0
        110085	2026-05-14 19:23:06	1	1	15	0
        119594	2026-05-14 19:25:53	1	1	15	0
        117162	2026-05-14 19:28:20	1	1	15	0
        117487	2026-05-14 19:28:28	1	1	15	0
        110090	2026-05-14 19:31:55	1	1	15	0
        110063	2026-05-14 19:32:53	1	1	15	0
        110090	2026-05-14 19:32:59	1	1	15	0
        110055	2026-05-14 19:45:38	1	1	15	0
        116477	2026-05-14 19:56:18	1	1	15	0
        110549	2026-05-15 06:35:39	1	0	15	0
        117232	2026-05-15 07:15:46	1	0	15	0
        118970	2026-05-15 07:22:04	1	0	15	0
        117850	2026-05-15 07:39:19	1	0	15	0
        116902	2026-05-15 07:41:09	1	0	15	0
        118046	2026-05-15 07:41:12	1	0	15	0
        116763	2026-05-15 07:43:31	1	0	15	0
        117337	2026-05-15 07:46:57	1	0	15	0
        117965	2026-05-15 07:48:30	1	0	15	0
        116297	2026-05-15 07:48:33	1	0	15	0
        110421	2026-05-15 07:49:05	1	0	15	0
        117698	2026-05-15 07:49:34	1	0	15	0
        117121	2026-05-15 07:51:08	1	0	15	0
        110196	2026-05-15 07:53:55	1	0	15	0
        117930	2026-05-15 07:54:00	1	0	15	0
        110377	2026-05-15 07:54:04	1	0	15	0
        110371	2026-05-15 07:54:22	1	0	15	0
        118593	2026-05-15 07:55:21	1	0	15	0
        110376	2026-05-15 07:56:30	1	0	15	0
        110201	2026-05-15 07:58:03	1	0	15	0
        117224	2026-05-15 07:58:33	1	0	15	0
        119272	2026-05-15 07:59:26	1	0	15	0
        118813	2026-05-15 07:59:31	1	0	15	0
        118782	2026-05-15 07:59:58	1	0	15	0
        117528	2026-05-15 08:00:17	1	0	15	0
        117692	2026-05-15 08:01:09	1	0	15	0
        117111	2026-05-15 08:01:18	1	0	15	0
        118563	2026-05-15 08:01:31	1	0	15	0
        110418	2026-05-15 08:02:14	1	0	15	0
        117833	2026-05-15 08:03:21	1	0	15	0
        117642	2026-05-15 08:04:02	1	0	15	0
        116824	2026-05-15 08:04:12	1	0	15	0
        117236	2026-05-15 08:05:06	1	0	15	0
        110447	2026-05-15 08:05:08	1	0	15	0
        117900	2026-05-15 08:05:10	1	0	15	0
        117043	2026-05-15 08:05:15	1	0	15	0
        110817	2026-05-15 08:05:18	1	0	15	0
        117630	2026-05-15 08:07:54	1	0	15	0
        116428	2026-05-15 08:08:46	1	0	15	0
        117222	2026-05-15 08:09:58	1	0	15	0
        118180	2026-05-15 08:10:13	1	0	15	0
        117156	2026-05-15 08:10:16	1	0	15	0
        110452	2026-05-15 08:11:06	1	0	15	0
        110197	2026-05-15 08:12:18	1	0	15	0
        118784	2026-05-15 08:13:14	1	0	15	0
        117926	2026-05-15 08:13:19	1	0	15	0
        116129	2026-05-15 08:13:23	1	0	15	0
        110195	2026-05-15 08:15:38	1	0	15	0
        117814	2026-05-15 08:17:24	1	0	15	0
        110172	2026-05-15 08:18:55	1	0	15	0
        116472	2026-05-15 08:19:03	1	0	15	0
        117920	2026-05-15 08:19:51	1	0	15	0
        110513	2026-05-15 08:21:09	1	0	15	0
        110431	2026-05-15 08:22:10	1	0	15	0
        116279	2026-05-15 08:22:54	1	0	15	0
        117046	2026-05-15 08:33:36	1	0	15	0
        118917	2026-05-15 08:35:58	1	0	15	0
        117786	2026-05-15 08:38:10	1	0	15	0
        117100	2026-05-15 09:00:15	1	0	15	0
        117144	2026-05-15 11:11:22	1	2	15	0
        117114	2026-05-15 11:41:16	1	2	15	0
        117144	2026-05-15 11:57:45	1	2	15	0
        116763	2026-05-15 12:00:17	1	2	15	0
        110418	2026-05-15 12:00:19	1	2	15	0
        116428	2026-05-15 12:00:22	1	2	15	0
        117224	2026-05-15 12:00:47	1	2	15	0
        117236	2026-05-15 12:00:51	1	2	15	0
        117833	2026-05-15 12:00:53	1	2	15	0
        118593	2026-05-15 12:00:55	1	2	15	0
        110452	2026-05-15 12:00:59	1	2	15	0
        110172	2026-05-15 12:01:02	1	2	15	0
        117926	2026-05-15 12:01:03	1	2	15	0
        117965	2026-05-15 12:01:09	1	2	15	0
        110196	2026-05-15 12:01:14	1	2	15	0
        117900	2026-05-15 12:01:16	1	2	15	0
        117930	2026-05-15 12:01:29	1	2	15	0
        117222	2026-05-15 12:01:45	1	2	15	0
        117046	2026-05-15 12:01:50	1	2	15	0
        117786	2026-05-15 12:01:53	1	2	15	0
        110817	2026-05-15 12:02:10	1	2	15	0
        116824	2026-05-15 12:02:17	1	2	15	0
        117100	2026-05-15 12:02:18	1	2	15	0
        110447	2026-05-15 12:02:23	1	2	15	0
        117642	2026-05-15 12:02:37	1	2	15	0
        110421	2026-05-15 12:02:43	1	2	15	0
        117528	2026-05-15 12:03:14	1	2	15	0
        117043	2026-05-15 12:03:22	1	2	15	0
        117232	2026-05-15 12:03:26	1	2	15	0
        117833	2026-05-15 12:03:28	1	2	15	0
        116902	2026-05-15 12:03:56	1	2	15	0
        116763	2026-05-15 12:04:17	1	2	15	0
        117046	2026-05-15 12:04:19	1	2	15	0
        110418	2026-05-15 12:04:21	1	2	15	0
        117965	2026-05-15 12:04:44	1	2	15	0
        118563	2026-05-15 12:04:50	1	2	15	0
        118917	2026-05-15 12:04:54	1	2	15	0
        117085	2026-05-15 12:04:57	1	2	15	0
        116428	2026-05-15 12:05:01	1	2	15	0
        110196	2026-05-15 12:05:04	1	2	15	0
        110817	2026-05-15 12:05:06	1	2	15	0
        117900	2026-05-15 12:05:09	1	2	15	0
        117930	2026-05-15 12:05:12	1	2	15	0
        117222	2026-05-15 12:05:18	1	2	15	0
        116129	2026-05-15 12:05:38	1	2	15	0
        118813	2026-05-15 12:05:43	1	2	15	0
        116824	2026-05-15 12:05:46	1	2	15	0
        118970	2026-05-15 12:05:48	1	2	15	0
        118784	2026-05-15 12:05:51	1	2	15	0
        117121	2026-05-15 12:05:57	1	2	15	0
        118782	2026-05-15 12:06:00	1	2	15	0
        117156	2026-05-15 12:06:03	1	2	15	0
        118046	2026-05-15 12:06:05	1	2	15	0
        117043	2026-05-15 12:06:11	1	2	15	0
        117232	2026-05-15 12:06:14	1	2	15	0
        116279	2026-05-15 12:07:11	1	2	15	0
        119272	2026-05-15 12:07:23	1	2	15	0
        117100	2026-05-15 12:07:47	1	2	15	0
        116279	2026-05-15 12:10:13	1	2	15	0
        117121	2026-05-15 12:10:45	1	2	15	0
        118782	2026-05-15 12:10:51	1	2	15	0
        110195	2026-05-15 12:10:55	1	2	15	0
        118563	2026-05-15 12:11:01	1	2	15	0
        118917	2026-05-15 12:11:40	1	2	15	0
        117085	2026-05-15 12:11:44	1	2	15	0
        116129	2026-05-15 12:11:48	1	2	15	0
        118813	2026-05-15 12:11:50	1	2	15	0
        118970	2026-05-15 12:11:53	1	2	15	0
        118784	2026-05-15 12:11:55	1	2	15	0
        110377	2026-05-15 12:13:34	1	2	15	0
        110447	2026-05-15 12:13:37	1	2	15	0
        117156	2026-05-15 12:13:41	1	2	15	0
        117698	2026-05-15 12:14:15	1	2	15	0
        117920	2026-05-15 12:14:27	1	2	15	0
        117850	2026-05-15 12:14:36	1	2	15	0
        110172	2026-05-15 12:14:40	1	2	15	0
        116297	2026-05-15 12:16:36	1	2	15	0
        117698	2026-05-15 12:16:56	1	2	15	0
        110376	2026-05-15 12:17:37	1	2	15	0
        116902	2026-05-15 12:17:51	1	2	15	0
        117337	2026-05-15 12:18:50	1	2	15	0
        117630	2026-05-15 12:19:26	1	2	15	0
        117814	2026-05-15 12:19:32	1	2	15	0
        110376	2026-05-15 12:19:50	1	2	15	0
        117850	2026-05-15 12:21:03	1	2	15	0
        117091	2026-05-15 12:21:13	1	2	15	0
        117920	2026-05-15 12:21:31	1	2	15	0
        117642	2026-05-15 12:21:50	1	2	15	0
        117114	2026-05-15 12:22:12	1	2	15	0
        117790	2026-05-15 12:22:43	1	2	15	0
        116472	2026-05-15 12:22:49	1	2	15	0
        110431	2026-05-15 12:23:36	1	2	15	0
        110371	2026-05-15 12:24:27	1	2	15	0
        110201	2026-05-15 12:24:34	1	2	15	0
        110377	2026-05-15 12:24:38	1	2	15	0
        110197	2026-05-15 12:25:40	1	2	15	0
        117630	2026-05-15 12:26:17	1	2	15	0
        110431	2026-05-15 12:26:33	1	2	15	0
        117814	2026-05-15 12:26:40	1	2	15	0
        110452	2026-05-15 12:28:19	1	2	15	0
        110371	2026-05-15 12:30:03	1	3	15	0
        110201	2026-05-15 12:30:10	1	3	15	0
        110195	2026-05-15 12:34:05	1	3	15	0
        110549	2026-05-15 12:34:18	1	3	15	0
        117692	2026-05-15 12:34:21	1	3	15	0
        118046	2026-05-15 12:34:29	1	3	15	0
        118180	2026-05-15 12:36:40	1	3	15	0
        110549	2026-05-15 12:39:09	1	3	15	0
        117692	2026-05-15 12:39:15	1	3	15	0
        117224	2026-05-15 12:39:17	1	3	15	0
        110421	2026-05-15 12:39:19	1	3	15	0
        117528	2026-05-15 12:39:20	1	3	15	0
        118180	2026-05-15 12:40:19	1	3	15	0
        117111	2026-05-15 12:40:34	1	3	15	0
        117337	2026-05-15 12:42:54	1	3	15	0
        117926	2026-05-15 12:43:01	1	3	15	0
        117111	2026-05-15 12:43:13	1	3	15	0
        116472	2026-05-15 12:43:15	1	3	15	0
        117114	2026-05-15 12:43:19	1	3	15	0
        110197	2026-05-15 12:45:37	1	3	15	0
        117114	2026-05-15 12:46:12	1	3	15	0
        116297	2026-05-15 12:54:06	1	3	15	0
        117114	2026-05-15 14:56:09	1	3	15	0
        110371	2026-05-15 15:29:58	1	3	15	0
        118970	2026-05-15 16:06:47	1	1	15	0
        116297	2026-05-15 16:15:04	1	1	15	0
        110196	2026-05-15 17:01:14	1	1	15	0
        117965	2026-05-15 17:01:16	1	1	15	0
        110201	2026-05-15 17:01:48	1	1	15	0
        117222	2026-05-15 17:02:03	1	1	15	0
        118784	2026-05-15 17:02:43	1	1	15	0
        117630	2026-05-15 17:03:36	1	1	15	0
        117698	2026-05-15 17:03:51	1	1	15	0
        117091	2026-05-15 17:04:19	1	1	15	0
        118180	2026-05-15 17:04:58	1	1	15	0
        117850	2026-05-15 17:05:25	1	1	15	0
        117920	2026-05-15 17:05:28	1	1	15	0
        110431	2026-05-15 17:06:07	1	1	15	0
        110376	2026-05-15 17:06:12	1	1	15	0
        110817	2026-05-15 17:06:25	1	1	15	0
        117900	2026-05-15 17:06:31	1	1	15	0
        117232	2026-05-15 17:06:49	1	1	15	0
        116129	2026-05-15 17:07:42	1	1	15	0
        118813	2026-05-15 17:07:46	1	1	15	0
        110377	2026-05-15 17:08:07	1	1	15	0
        117833	2026-05-15 17:08:48	1	1	15	0
        117528	2026-05-15 17:08:51	1	1	15	0
        110421	2026-05-15 17:08:54	1	1	15	0
        116472	2026-05-15 17:09:19	1	1	15	0
        117100	2026-05-15 17:09:24	1	1	15	0
        110452	2026-05-15 17:11:08	1	1	15	0
        117111	2026-05-15 17:13:17	1	1	15	0
        110195	2026-05-15 17:15:18	1	1	15	0
        110513	2026-05-15 17:15:38	1	1	15	0
        117814	2026-05-15 17:16:40	1	1	15	0
        117926	2026-05-15 17:17:10	1	1	15	0
        117786	2026-05-15 17:17:57	1	1	15	0
        116428	2026-05-15 17:25:00	1	1	15	0
        117236	2026-05-15 17:26:03	1	1	15	0
        117085	2026-05-15 17:48:41	1	1	15	0
        118046	2026-05-15 17:48:43	1	1	15	0
        117337	2026-05-15 17:56:42	1	1	15	0
        117790	2026-05-15 18:47:53	1	1	15	0
        116799	2026-05-17 23:02:23	1	1	15	0
        110093	2026-05-17 23:10:55	1	1	15	0
        116479	2026-05-17 23:24:14	1	1	15	0
        116831	2026-05-17 23:28:12	1	1	15	0
        117201	2026-05-18 06:26:06	1	0	15	0
        118997	2026-05-18 06:26:53	1	0	15	0
        116274	2026-05-18 06:27:04	1	0	15	0
        119070	2026-05-18 06:30:51	1	0	15	0
        116479	2026-05-18 06:31:33	1	0	15	0
        116834	2026-05-18 06:32:04	1	0	15	0
        119143	2026-05-18 06:34:54	1	0	15	0
        119571	2026-05-18 06:35:08	1	0	15	0
        110574	2026-05-18 06:39:10	1	0	15	0
        118046	2026-05-18 06:39:48	1	0	15	0
        110462	2026-05-18 06:42:29	1	0	15	0
        117733	2026-05-18 06:42:49	1	0	15	0
        117835	2026-05-18 06:43:57	1	0	15	0
        110580	2026-05-18 06:45:07	1	0	15	0
        119493	2026-05-18 06:47:13	1	0	15	0
        110421	2026-05-18 06:47:23	1	0	15	0
        117054	2026-05-18 06:49:21	1	0	15	0
        110535	2026-05-18 06:49:55	1	0	15	0
        117838	2026-05-18 06:50:12	1	0	1	0
        118568	2026-05-18 06:51:03	1	0	15	0
        110128	2026-05-18 06:51:29	1	0	15	0
        118744	2026-05-18 06:51:36	1	0	15	0
        110085	2026-05-18 06:52:04	1	0	15	0
        110549	2026-05-18 06:53:17	1	0	15	0
        117699	2026-05-18 06:53:28	1	0	15	0
        110809	2026-05-18 06:54:16	1	0	15	0
        117088	2026-05-18 06:54:25	1	0	15	0
        116504	2026-05-18 06:55:02	1	0	15	0
        117222	2026-05-18 06:55:33	1	0	15	0
        118271	2026-05-18 06:55:36	1	0	15	0
        110527	2026-05-18 06:55:45	1	0	15	0
        118221	2026-05-18 06:56:19	1	0	15	0
        110493	2026-05-18 06:56:26	1	0	15	0
        110632	2026-05-18 06:57:02	1	0	15	0
        110144	2026-05-18 06:57:18	1	0	15	0
        110360	2026-05-18 06:57:46	1	0	15	0
        117769	2026-05-18 06:58:14	1	0	15	0
        110113	2026-05-18 06:59:03	1	0	15	0
        116960	2026-05-18 06:59:43	1	0	15	0
        110158	2026-05-18 06:59:47	1	0	15	0
        117936	2026-05-18 06:59:56	1	0	15	0
        110732	2026-05-18 07:00:27	1	0	15	0
        117230	2026-05-18 07:00:52	1	0	15	0
        116748	2026-05-18 07:01:18	1	0	15	0
        117591	2026-05-18 07:01:47	1	0	15	0
        117232	2026-05-18 07:02:41	1	0	15	0
        117039	2026-05-18 07:02:43	1	0	15	0
        118493	2026-05-18 07:03:39	1	0	15	0
        110807	2026-05-18 07:03:43	1	0	15	0
        117770	2026-05-18 07:03:47	1	0	15	0
        116422	2026-05-18 07:03:57	1	0	15	0
        116741	2026-05-18 07:04:20	1	0	15	0
        117711	2026-05-18 07:04:39	1	0	15	0
        116383	2026-05-18 07:04:48	1	0	15	0
        110060	2026-05-18 07:06:22	1	0	15	0
        117966	2026-05-18 07:06:26	1	0	15	0
        117129	2026-05-18 07:06:28	1	0	15	0
        117103	2026-05-18 07:06:36	1	0	15	0
        110084	2026-05-18 07:06:38	1	0	15	0
        110065	2026-05-18 07:06:53	1	0	15	0
        117497	2026-05-18 07:07:26	1	0	15	0
        117837	2026-05-18 07:07:36	1	0	15	0
        117092	2026-05-18 07:08:08	1	0	15	0
        117993	2026-05-18 07:08:12	1	0	15	0
        117645	2026-05-18 07:09:01	1	0	15	0
        110510	2026-05-18 07:09:20	1	0	15	0
        117212	2026-05-18 07:11:10	1	0	15	0
        116073	2026-05-18 07:12:26	1	0	15	0
        117219	2026-05-18 07:12:38	1	0	15	0
        110378	2026-05-18 07:12:52	1	0	15	0
        117915	2026-05-18 07:14:09	1	0	15	0
        117634	2026-05-18 07:14:11	1	0	15	0
        118580	2026-05-18 07:14:13	1	0	15	0
        117147	2026-05-18 07:14:25	1	0	15	0
        118207	2026-05-18 07:14:34	1	0	15	0
        117541	2026-05-18 07:16:12	1	0	15	0
        117839	2026-05-18 07:16:53	1	0	15	0
        119453	2026-05-18 07:17:28	1	0	15	0
        110465	2026-05-18 07:17:59	1	0	15	0
        110131	2026-05-18 07:18:09	1	0	15	0
        110105	2026-05-18 07:18:29	1	0	15	0
        118640	2026-05-18 07:18:32	1	0	15	0
        110581	2026-05-18 07:19:57	1	0	15	0
        110116	2026-05-18 07:20:40	1	0	15	0
        117921	2026-05-18 07:20:54	1	0	15	0
        118550	2026-05-18 07:22:05	1	0	15	0
        117259	2026-05-18 07:22:13	1	0	15	0
        117635	2026-05-18 07:22:48	1	0	15	0
        110511	2026-05-18 07:23:16	1	0	15	0
        118563	2026-05-18 07:23:30	1	0	15	0
        116142	2026-05-18 07:23:43	1	0	15	0
        110456	2026-05-18 07:24:24	1	0	15	0
        116512	2026-05-18 07:24:38	1	0	15	0
        118455	2026-05-18 07:24:40	1	0	15	0
        116751	2026-05-18 07:24:56	1	0	15	0
        110538	2026-05-18 07:25:13	1	0	15	0
        119494	2026-05-18 07:25:22	1	0	15	0
        110088	2026-05-18 07:25:25	1	0	15	0
        110633	2026-05-18 07:25:35	1	0	15	0
        110357	2026-05-18 07:25:50	1	0	15	0
        116104	2026-05-18 07:26:32	1	0	15	0
        110810	2026-05-18 07:27:09	1	0	15	0
        110100	2026-05-18 07:28:10	1	0	15	0
        110057	2026-05-18 07:28:11	1	0	15	0
        116483	2026-05-18 07:28:14	1	0	15	0
        110063	2026-05-18 07:28:22	1	0	15	0
        116995	2026-05-18 07:28:25	1	0	15	0
        117811	2026-05-18 07:28:37	1	0	15	0
        110785	2026-05-18 07:28:39	1	0	15	0
        110463	2026-05-18 07:28:42	1	0	15	0
        117487	2026-05-18 07:28:48	1	0	15	0
        110808	2026-05-18 07:28:51	1	0	15	0
        110196	2026-05-18 07:29:20	1	0	15	0
        117043	2026-05-18 07:29:46	1	0	15	0
        117920	2026-05-18 07:30:00	1	0	15	0
        117840	2026-05-18 07:30:12	1	0	15	0
        116763	2026-05-18 07:30:15	1	0	15	0
        117817	2026-05-18 07:30:41	1	0	15	0
        116346	2026-05-18 07:30:49	1	0	15	0
        110070	2026-05-18 07:30:51	1	0	15	0
        117270	2026-05-18 07:30:58	1	0	15	0
        117841	2026-05-18 07:31:03	1	0	15	0
        117110	2026-05-18 07:31:14	1	0	15	0
        117972	2026-05-18 07:31:19	1	0	15	0
        116451	2026-05-18 07:32:40	1	0	15	0
        118971	2026-05-18 07:33:06	1	0	15	0
        117114	2026-05-18 07:33:19	1	0	15	0
        119107	2026-05-18 07:33:24	1	0	15	0
        117680	2026-05-18 07:33:27	1	0	15	0
        117196	2026-05-18 07:33:29	1	0	15	0
        117122	2026-05-18 07:33:32	1	0	15	0
        117644	2026-05-18 07:33:48	1	0	15	0
        117483	2026-05-18 07:34:03	1	0	15	0
        110507	2026-05-18 07:34:20	1	0	15	0
        110025	2026-05-18 07:34:33	1	0	15	0
        117162	2026-05-18 07:34:59	1	0	15	0
        110197	2026-05-18 07:35:15	1	0	15	0
        118101	2026-05-18 07:35:35	1	0	15	0
        110475	2026-05-18 07:36:36	1	0	15	0
        110492	2026-05-18 07:36:41	1	0	15	0
        117930	2026-05-18 07:36:45	1	0	15	0
        117742	2026-05-18 07:37:20	1	0	15	0
        119364	2026-05-18 07:37:29	1	0	15	0
        118928	2026-05-18 07:37:59	1	0	15	0
        110372	2026-05-18 07:38:19	1	0	15	0
        110355	2026-05-18 07:38:55	1	0	15	0
        110356	2026-05-18 07:38:57	1	0	15	0
        116828	2026-05-18 07:39:04	1	0	1	0
        118753	2026-05-18 07:39:10	1	0	15	0
        110090	2026-05-18 07:39:13	1	0	15	0
        116260	2026-05-18 07:39:19	1	0	15	0
        110050	2026-05-18 07:39:33	1	0	15	0
        118782	2026-05-18 07:39:38	1	0	15	0
        118157	2026-05-18 07:39:43	1	0	15	0
        118427	2026-05-18 07:40:03	1	0	15	0
        119386	2026-05-18 07:42:02	1	0	15	0
        116282	2026-05-18 07:42:13	1	0	15	0
        110006	2026-05-18 07:42:44	1	0	15	0
        116428	2026-05-18 07:44:18	1	0	15	0
        116356	2026-05-18 07:44:32	1	0	15	0
        118702	2026-05-18 07:45:03	1	0	15	0
        116902	2026-05-18 07:45:41	1	0	15	0
        117144	2026-05-18 07:45:47	1	0	15	0
        116824	2026-05-18 07:46:45	1	0	15	0
        119263	2026-05-18 07:47:20	1	0	15	0
        116933	2026-05-18 07:48:03	1	0	15	0
        117567	2026-05-18 07:48:25	1	0	15	0
        119232	2026-05-18 07:48:31	1	0	15	0
        117542	2026-05-18 07:48:44	1	0	15	0
        116297	2026-05-18 07:48:54	1	0	15	0
        117705	2026-05-18 07:49:14	1	0	15	0
        117061	2026-05-18 07:49:35	1	0	15	0
        110424	2026-05-18 07:49:39	1	0	15	0
        118180	2026-05-18 07:50:17	1	0	15	0
        110193	2026-05-18 07:51:36	1	0	15	0
        110816	2026-05-18 07:51:57	1	0	15	0
        117683	2026-05-18 07:52:23	1	0	15	0
        116129	2026-05-18 07:52:33	1	0	15	0
        116072	2026-05-18 07:52:54	1	0	15	0
        117900	2026-05-18 07:53:06	1	0	15	0
        110817	2026-05-18 07:53:16	1	0	15	0
        110805	2026-05-18 07:53:37	1	0	15	0
        119227	2026-05-18 07:53:41	1	0	15	0
        117814	2026-05-18 07:53:49	1	0	15	0
        117595	2026-05-18 07:53:51	1	0	15	0
        119282	2026-05-18 07:53:54	1	0	15	0
        117849	2026-05-18 07:53:56	1	0	15	0
        117121	2026-05-18 07:54:02	1	0	15	0
        110377	2026-05-18 07:54:21	1	0	15	0
        117156	2026-05-18 07:54:42	1	0	15	0
        117790	2026-05-18 07:55:08	1	0	15	0
        117337	2026-05-18 07:55:27	1	0	15	0
        117046	2026-05-18 07:55:30	1	0	15	0
        117528	2026-05-18 07:55:35	1	0	15	0
        110513	2026-05-18 07:55:56	1	0	15	0
        110195	2026-05-18 07:58:44	1	0	15	0
        117529	2026-05-18 07:58:59	1	0	15	0
        117709	2026-05-18 07:59:04	1	0	15	0
        117833	2026-05-18 07:59:07	1	0	15	0
        118813	2026-05-18 07:59:09	1	0	15	0
        110376	2026-05-18 07:59:10	1	0	15	0
        110418	2026-05-18 07:59:13	1	0	15	0
        117924	2026-05-18 07:59:15	1	0	15	0
        117807	2026-05-18 07:59:17	1	0	15	0
        116990	2026-05-18 07:59:20	1	0	15	0
        117684	2026-05-18 07:59:21	1	0	15	0
        118695	2026-05-18 07:59:24	1	0	15	0
        117786	2026-05-18 07:59:26	1	0	15	0
        117926	2026-05-18 07:59:28	1	0	15	0
        117723	2026-05-18 07:59:30	1	0	15	0
        110452	2026-05-18 07:59:32	1	0	15	0
        110055	2026-05-18 07:59:38	1	0	15	0
        110201	2026-05-18 07:59:52	1	0	15	0
        116787	2026-05-18 07:59:53	1	0	15	0
        117983	2026-05-18 07:59:56	1	0	15	0
        117543	2026-05-18 08:00:21	1	0	15	0
        110077	2026-05-18 08:00:27	1	0	15	0
        110354	2026-05-18 08:00:29	1	0	15	0
        110657	2026-05-18 08:01:33	1	0	15	0
        117091	2026-05-18 08:01:47	1	0	15	0
        116805	2026-05-18 08:03:45	1	0	15	0
        117113	2026-05-18 08:04:10	1	0	15	0
        118741	2026-05-18 08:06:06	1	0	15	0
        119594	2026-05-18 08:07:46	1	0	15	0
        110436	2026-05-18 08:08:47	1	0	15	0
        110040	2026-05-18 08:09:02	1	0	15	0
        110172	2026-05-18 08:09:10	1	0	15	0
        118302	2026-05-18 08:10:09	1	0	15	0
        116477	2026-05-18 08:11:33	1	0	15	0
        116070	2026-05-18 08:11:37	1	0	15	0
        117236	2026-05-18 08:13:21	1	0	15	0
        117630	2026-05-18 08:16:22	1	0	15	0
        117575	2026-05-18 08:16:26	1	0	15	0
        118970	2026-05-18 08:19:01	1	0	15	0
        117965	2026-05-18 08:19:19	1	0	15	0
        118784	2026-05-18 08:21:43	1	0	15	0
        116747	2026-05-18 08:21:56	1	0	15	0
        116069	2026-05-18 08:22:15	1	0	15	0
        118593	2026-05-18 08:22:25	1	0	15	0
        110431	2026-05-18 08:24:37	1	0	15	0
        119449	2026-05-18 08:26:36	1	0	15	0
        116472	2026-05-18 08:28:35	1	0	15	0
        117982	2026-05-18 08:31:59	1	0	15	0
        116496	2026-05-18 08:32:14	1	0	15	0
        117812	2026-05-18 08:34:34	1	0	15	0
        118503	2026-05-18 08:35:07	1	0	15	0
        110076	2026-05-18 08:38:49	1	0	15	0
        116279	2026-05-18 08:39:50	1	0	15	0
        118369	2026-05-18 09:08:58	1	0	15	0
        116166	2026-05-18 09:12:44	1	0	15	0
        118761	2026-05-18 09:32:49	1	0	15	0
        110832	2026-05-18 09:42:05	1	0	15	0
        110833	2026-05-18 09:42:12	1	0	15	0
        110834	2026-05-18 09:43:12	1	0	15	0
        116453	2026-05-18 09:57:38	1	0	15	0
        110084	2026-05-18 11:51:46	1	2	15	0
        116512	2026-05-18 12:00:45	1	2	15	0
        116751	2026-05-18 12:00:47	1	2	15	0
        110372	2026-05-18 12:01:00	1	2	15	0
        110198	2026-05-18 12:01:03	1	2	15	0
        110506	2026-05-18 12:01:12	1	2	15	0
        110055	2026-05-18 12:01:15	1	2	15	0
        118971	2026-05-18 12:01:19	1	2	15	0
        117840	2026-05-18 12:01:22	1	2	15	0
        117983	2026-05-18 12:01:23	1	2	15	0
        117811	2026-05-18 12:01:27	1	2	15	0
        117930	2026-05-18 12:01:29	1	2	15	0
        117833	2026-05-18 12:01:31	1	2	15	0
        117129	2026-05-18 12:01:34	1	2	15	0
        117839	2026-05-18 12:01:36	1	2	15	0
        110436	2026-05-18 12:01:37	1	2	15	0
        117201	2026-05-18 12:01:39	1	2	15	0
        118503	2026-05-18 12:01:42	1	2	15	0
        117645	2026-05-18 12:01:44	1	2	15	0
        117966	2026-05-18 12:01:45	1	2	15	0
        116383	2026-05-18 12:01:46	1	2	15	0
        116995	2026-05-18 12:01:48	1	2	15	0
        117769	2026-05-18 12:01:50	1	2	15	0
        117936	2026-05-18 12:01:52	1	2	15	0
        117742	2026-05-18 12:01:53	1	2	15	0
        116070	2026-05-18 12:01:55	1	2	15	0
        116763	2026-05-18 12:01:58	1	2	15	0
        110418	2026-05-18 12:02:00	1	2	15	0
        117838	2026-05-18 12:02:01	1	2	15	0
        110633	2026-05-18 12:02:03	1	2	15	0
        110128	2026-05-18 12:02:05	1	2	15	0
        110172	2026-05-18 12:02:09	1	2	15	0
        110816	2026-05-18 12:02:11	1	2	15	0
        110355	2026-05-18 12:02:14	1	2	15	0
        110356	2026-05-18 12:02:16	1	2	15	0
        117770	2026-05-18 12:02:18	1	2	15	0
        118563	2026-05-18 12:02:20	1	2	15	0
        117837	2026-05-18 12:02:22	1	2	15	0
        117232	2026-05-18 12:02:29	1	2	15	0
        117790	2026-05-18 12:02:31	1	2	15	0
        116902	2026-05-18 12:02:37	1	2	15	0
        116453	2026-05-18 12:02:46	1	2	15	0
        110810	2026-05-18 12:02:49	1	2	15	0
        118640	2026-05-18 12:02:54	1	2	15	0
        110424	2026-05-18 12:02:56	1	2	15	0
        117039	2026-05-18 12:02:58	1	2	15	0
        116831	2026-05-18 12:03:10	1	2	15	0
        116824	2026-05-18 12:03:14	1	2	15	0
        116504	2026-05-18 12:03:16	1	2	15	0
        117926	2026-05-18 12:03:18	1	2	15	0
        117711	2026-05-18 12:03:22	1	2	15	0
        110657	2026-05-18 12:03:24	1	2	15	0
        117817	2026-05-18 12:03:25	1	2	15	0
        110456	2026-05-18 12:03:27	1	2	15	0
        110493	2026-05-18 12:03:28	1	2	15	0
        110357	2026-05-18 12:03:30	1	2	15	0
        117833	2026-05-18 12:03:39	1	2	15	0
        110105	2026-05-18 12:03:42	1	2	15	0
        110452	2026-05-18 12:03:46	1	2	15	0
        110421	2026-05-18 12:03:48	1	2	15	0
        110158	2026-05-18 12:03:51	1	2	15	0
        116279	2026-05-18 12:03:53	1	2	15	0
        110195	2026-05-18 12:03:54	1	2	15	0
        119594	2026-05-18 12:03:57	1	2	15	0
        110193	2026-05-18 12:04:00	1	2	15	0
        117807	2026-05-18 12:04:01	1	2	15	0
        116748	2026-05-18 12:04:11	1	2	15	0
        116483	2026-05-18 12:04:18	1	2	15	0
        118369	2026-05-18 12:04:21	1	2	15	0
        117129	2026-05-18 12:04:21	1	2	15	0
        110808	2026-05-18 12:04:25	1	2	15	0
        117061	2026-05-18 12:04:28	1	2	15	0
        116356	2026-05-18 12:04:28	1	2	15	0
        116805	2026-05-18 12:04:31	1	2	15	0
        110833	2026-05-18 12:04:33	1	2	15	0
        116072	2026-05-18 12:04:36	1	2	15	0
        117924	2026-05-18 12:04:37	1	2	15	0
        117270	2026-05-18 12:04:39	1	2	15	0
        116260	2026-05-18 12:04:41	1	2	15	0
        117541	2026-05-18 12:04:42	1	2	15	0
        117259	2026-05-18 12:04:44	1	2	15	0
        116747	2026-05-18 12:04:46	1	2	15	0
        116472	2026-05-18 12:04:48	1	2	15	0
        118503	2026-05-18 12:04:49	1	2	15	0
        116383	2026-05-18 12:04:51	1	2	15	0
        110113	2026-05-18 12:04:54	1	2	15	0
        117567	2026-05-18 12:04:59	1	2	15	0
        110463	2026-05-18 12:05:01	1	2	15	0
        110785	2026-05-18 12:05:04	1	2	15	0
        110354	2026-05-18 12:05:06	1	2	15	0
        110632	2026-05-18 12:05:08	1	2	15	0
        117839	2026-05-18 12:05:11	1	2	15	0
        116763	2026-05-18 12:05:13	1	2	15	0
        110418	2026-05-18 12:05:15	1	2	15	0
        117811	2026-05-18 12:05:16	1	2	15	0
        117645	2026-05-18 12:05:19	1	2	15	0
        110065	2026-05-18 12:05:21	1	2	15	0
        116453	2026-05-18 12:05:23	1	2	15	0
        117930	2026-05-18 12:05:24	1	2	15	0
        110077	2026-05-18 12:05:27	1	2	15	0
        110817	2026-05-18 12:05:30	1	2	15	0
        117900	2026-05-18 12:05:32	1	2	15	0
        117497	2026-05-18 12:05:34	1	2	15	0
        118221	2026-05-18 12:05:36	1	2	15	0
        117635	2026-05-18 12:05:37	1	2	15	0
        117110	2026-05-18 12:05:39	1	2	15	0
        110063	2026-05-18 12:05:40	1	2	15	0
        110832	2026-05-18 12:05:43	1	2	15	0
        116069	2026-05-18 12:05:47	1	2	15	0
        116990	2026-05-18 12:05:52	1	2	15	0
        110090	2026-05-18 12:05:54	1	2	15	0
        117088	2026-05-18 12:05:56	1	2	15	0
        110834	2026-05-18 12:05:58	1	2	15	0
        117085	2026-05-18 12:06:01	1	2	15	0
        117966	2026-05-18 12:06:03	1	2	15	0
        117838	2026-05-18 12:06:05	1	2	15	0
        117337	2026-05-18 12:06:07	1	2	15	0
        116279	2026-05-18 12:06:08	1	2	15	0
        117769	2026-05-18 12:06:10	1	2	15	0
        110633	2026-05-18 12:06:12	1	2	15	0
        117936	2026-05-18 12:06:13	1	2	15	0
        117201	2026-05-18 12:06:17	1	2	15	0
        110581	2026-05-18 12:06:19	1	2	15	0
        110580	2026-05-18 12:06:22	1	2	15	0
        110372	2026-05-18 12:06:22	1	2	15	0
        119232	2026-05-18 12:06:25	1	2	15	0
        110732	2026-05-18 12:06:27	1	2	15	0
        110462	2026-05-18 12:06:28	1	2	15	0
        116995	2026-05-18 12:06:31	1	2	15	0
        117742	2026-05-18 12:06:34	1	2	15	0
        119263	2026-05-18 12:06:36	1	2	15	0
        110355	2026-05-18 12:06:37	1	2	15	0
        117543	2026-05-18 12:06:42	1	2	15	0
        110356	2026-05-18 12:06:44	1	2	15	0
        117144	2026-05-18 12:06:46	1	2	15	0
        117122	2026-05-18 12:06:48	1	2	15	0
        117926	2026-05-18 12:06:50	1	2	15	0
        110088	2026-05-18 12:06:53	1	2	15	0
        119449	2026-05-18 12:06:56	1	2	15	0
        119453	2026-05-18 12:06:59	1	2	15	0
        119107	2026-05-18 12:07:00	1	2	15	0
        116834	2026-05-18 12:07:01	1	2	15	0
        110809	2026-05-18 12:07:03	1	2	15	0
        117542	2026-05-18 12:07:13	1	2	15	0
        116824	2026-05-18 12:07:15	1	2	15	0
        116166	2026-05-18 12:07:17	1	2	15	0
        110492	2026-05-18 12:07:19	1	2	15	0
        116260	2026-05-18 12:07:25	1	2	15	0
        118302	2026-05-18 12:07:27	1	2	15	0
        117259	2026-05-18 12:07:29	1	2	15	0
        110816	2026-05-18 12:07:31	1	2	15	0
        110465	2026-05-18 12:07:31	1	2	15	0
        110510	2026-05-18 12:07:33	1	2	15	0
        110511	2026-05-18 12:07:35	1	2	15	0
        118640	2026-05-18 12:07:39	1	2	15	0
        117147	2026-05-18 12:07:41	1	2	15	0
        110354	2026-05-18 12:07:43	1	2	15	0
        116129	2026-05-18 12:07:48	1	2	15	0
        118970	2026-05-18 12:07:50	1	2	15	0
        118928	2026-05-18 12:07:52	1	2	15	0
        117680	2026-05-18 12:07:53	1	2	15	0
        116073	2026-05-18 12:07:55	1	2	15	0
        116477	2026-05-18 12:07:59	1	2	15	0
        116799	2026-05-18 12:08:03	1	2	15	0
        110507	2026-05-18 12:08:07	1	2	15	0
        110817	2026-05-18 12:08:10	1	2	15	0
        117900	2026-05-18 12:08:12	1	2	15	0
        110436	2026-05-18 12:08:14	1	2	15	0
        110376	2026-05-18 12:08:17	1	2	15	0
        110377	2026-05-18 12:08:21	1	2	15	0
        118271	2026-05-18 12:08:24	1	2	15	0
        117817	2026-05-18 12:08:26	1	2	15	0
        116741	2026-05-18 12:08:34	1	2	15	0
        110832	2026-05-18 12:09:00	1	2	15	0
        110105	2026-05-18 12:09:05	1	2	15	0
        117786	2026-05-18 12:09:08	1	2	15	0
        118744	2026-05-18 12:09:31	1	2	15	0
        117790	2026-05-18 12:09:33	1	2	15	0
        116902	2026-05-18 12:09:36	1	2	1	0
        117113	2026-05-18 12:09:43	1	2	15	0
        117497	2026-05-18 12:09:45	1	2	15	0
        110085	2026-05-18 12:09:48	1	2	15	0
        110090	2026-05-18 12:09:57	1	2	15	0
        116960	2026-05-18 12:10:11	1	2	15	0
        110113	2026-05-18 12:10:18	1	2	15	0
        110172	2026-05-18 12:10:31	1	2	15	0
        110657	2026-05-18 12:10:34	1	2	15	0
        110116	2026-05-18 12:10:36	1	2	15	0
        110493	2026-05-18 12:10:39	1	2	15	0
        110065	2026-05-18 12:10:44	1	2	15	0
        110131	2026-05-18 12:10:46	1	2	15	0
        110456	2026-05-18 12:10:48	1	2	15	0
        110492	2026-05-18 12:10:50	1	2	15	0
        110357	2026-05-18 12:10:52	1	2	15	0
        117635	2026-05-18 12:10:55	1	2	15	0
        117110	2026-05-18 12:10:57	1	2	15	0
        118221	2026-05-18 12:10:58	1	2	15	0
        117043	2026-05-18 12:11:01	1	2	15	0
        118753	2026-05-18 12:11:14	1	2	15	0
        117091	2026-05-18 12:11:18	1	2	15	0
        117709	2026-05-18 12:11:22	1	2	15	0
        110195	2026-05-18 12:11:24	1	2	15	0
        119107	2026-05-18 12:11:29	1	2	15	0
        117711	2026-05-18 12:11:32	1	2	15	0
        117849	2026-05-18 12:11:34	1	2	15	0
        116232	2026-05-18 12:11:41	1	2	15	0
        118741	2026-05-18 12:11:45	1	2	15	0
        110063	2026-05-18 12:11:58	1	2	15	0
        118753	2026-05-18 12:12:15	1	2	15	0
        118928	2026-05-18 12:12:26	1	2	15	0
        118970	2026-05-18 12:12:28	1	2	15	0
        116129	2026-05-18 12:12:29	1	2	15	0
        117212	2026-05-18 12:12:33	1	2	15	0
        117644	2026-05-18 12:12:36	1	2	15	0
        117993	2026-05-18 12:12:38	1	2	15	0
        117770	2026-05-18 12:12:44	1	2	15	0
        117837	2026-05-18 12:12:45	1	2	15	0
        110834	2026-05-18 12:12:46	1	2	15	0
        110807	2026-05-18 12:12:53	1	2	15	0
        119494	2026-05-18 12:12:57	1	2	15	0
        117061	2026-05-18 12:13:03	1	2	15	0
        118563	2026-05-18 12:13:06	1	2	15	0
        110100	2026-05-18 12:13:08	1	2	15	0
        116356	2026-05-18 12:13:13	1	2	15	0
        118369	2026-05-18 12:13:16	1	2	15	0
        116805	2026-05-18 12:13:20	1	2	15	0
        110833	2026-05-18 12:13:22	1	2	15	0
        117222	2026-05-18 12:13:26	1	2	15	0
        116142	2026-05-18 12:13:30	1	2	15	0
        117091	2026-05-18 12:13:36	1	2	15	0
        110465	2026-05-18 12:13:41	1	2	15	0
        117567	2026-05-18 12:13:44	1	2	15	0
        110510	2026-05-18 12:13:47	1	2	15	0
        117219	2026-05-18 12:13:48	1	2	15	0
        116422	2026-05-18 12:13:51	1	2	15	0
        118744	2026-05-18 12:13:58	1	2	15	0
        110040	2026-05-18 12:14:00	1	2	15	0
        116428	2026-05-18 12:14:17	1	2	15	0
        110809	2026-05-18 12:14:19	1	2	15	0
        117595	2026-05-18 12:14:27	1	2	15	0
        116960	2026-05-18 12:14:29	1	2	15	0
        110100	2026-05-18 12:14:31	1	2	15	0
        117046	2026-05-18 12:14:33	1	2	15	0
        118761	2026-05-18 12:14:35	1	2	15	0
        116990	2026-05-18 12:14:38	1	2	15	0
        116069	2026-05-18 12:14:40	1	2	15	0
        110732	2026-05-18 12:14:42	1	2	15	0
        110581	2026-05-18 12:14:44	1	2	15	0
        110580	2026-05-18 12:14:46	1	2	15	0
        110084	2026-05-18 12:14:51	1	2	15	0
        117921	2026-05-18 12:14:53	1	2	15	0
        117982	2026-05-18 12:14:55	1	2	15	0
        117692	2026-05-18 12:14:57	1	2	15	0
        116073	2026-05-18 12:14:58	1	2	15	0
        110376	2026-05-18 12:15:02	1	2	15	0
        110377	2026-05-18 12:15:04	1	2	15	0
        118207	2026-05-18 12:15:07	1	2	15	0
        118784	2026-05-18 12:15:08	1	2	15	0
        117630	2026-05-18 12:15:13	1	2	15	0
        110006	2026-05-18 12:15:15	1	2	15	0
        110360	2026-05-18 12:15:19	1	2	15	0
        110463	2026-05-18 12:15:20	1	2	15	0
        110527	2026-05-18 12:15:26	1	2	15	0
        110810	2026-05-18 12:15:29	1	2	15	0
        110040	2026-05-18 12:15:33	1	2	15	0
        116799	2026-05-18 12:15:36	1	2	15	0
        119386	2026-05-18 12:15:44	1	2	15	0
        117529	2026-05-18 12:15:53	1	2	15	0
        117644	2026-05-18 12:15:56	1	2	15	0
        117212	2026-05-18 12:16:01	1	2	15	0
        118550	2026-05-18 12:16:03	1	2	15	0
        117993	2026-05-18 12:16:07	1	2	15	0
        119494	2026-05-18 12:16:11	1	2	15	0
        117230	2026-05-18 12:16:13	1	2	15	0
        117196	2026-05-18 12:16:16	1	2	15	0
        117709	2026-05-18 12:16:19	1	2	15	0
        118741	2026-05-18 12:16:20	1	2	15	0
        118580	2026-05-18 12:16:23	1	2	15	0
        117088	2026-05-18 12:16:25	1	2	15	0
        117236	2026-05-18 12:16:27	1	2	15	0
        117849	2026-05-18 12:16:29	1	2	15	0
        117219	2026-05-18 12:16:31	1	2	15	0
        116232	2026-05-18 12:16:32	1	2	15	0
        119386	2026-05-18 12:16:53	1	2	15	0
        110197	2026-05-18 12:17:06	1	2	15	0
        116422	2026-05-18 12:17:15	1	2	15	0
        110632	2026-05-18 12:17:18	1	2	15	0
        110093	2026-05-18 12:17:45	1	2	15	0
        118157	2026-05-18 12:17:50	1	2	15	0
        116282	2026-05-18 12:17:51	1	2	15	0
        117915	2026-05-18 12:17:53	1	2	15	0
        117683	2026-05-18 12:17:55	1	2	15	0
        117634	2026-05-18 12:17:57	1	2	15	0
        117733	2026-05-18 12:17:58	1	2	15	0
        118207	2026-05-18 12:18:15	1	2	15	0
        110006	2026-05-18 12:18:21	1	2	15	0
        117337	2026-05-18 12:18:25	1	2	15	0
        110131	2026-05-18 12:18:39	1	2	15	0
        118784	2026-05-18 12:18:47	1	2	15	0
        110088	2026-05-18 12:18:52	1	2	15	0
        117543	2026-05-18 12:18:54	1	2	15	0
        117144	2026-05-18 12:18:57	1	2	15	0
        117122	2026-05-18 12:18:59	1	2	15	0
        116104	2026-05-18 12:19:02	1	2	15	0
        117983	2026-05-18 12:19:31	1	2	15	0
        116834	2026-05-18 12:19:45	1	2	15	0
        117147	2026-05-18 12:19:49	1	2	15	0
        116741	2026-05-18 12:19:52	1	2	15	0
        117680	2026-05-18 12:19:54	1	2	15	0
        118813	2026-05-18 12:20:03	1	2	15	0
        118180	2026-05-18 12:20:06	1	2	15	0
        117542	2026-05-18 12:20:16	1	2	15	0
        110128	2026-05-18 12:20:18	1	2	15	0
        116483	2026-05-18 12:20:27	1	2	15	0
        116072	2026-05-18 12:20:32	1	2	15	0
        119232	2026-05-18 12:20:34	1	2	15	0
        110457	2026-05-18 12:20:36	1	2	15	0
        117541	2026-05-18 12:20:39	1	2	15	0
        118271	2026-05-18 12:20:41	1	2	15	0
        110511	2026-05-18 12:20:43	1	2	15	0
        118550	2026-05-18 12:20:58	1	2	15	0
        117236	2026-05-18 12:20:59	1	2	15	0
        117230	2026-05-18 12:21:01	1	2	15	0
        117529	2026-05-18 12:21:04	1	2	15	0
        110574	2026-05-18 12:21:11	1	2	15	0
        110070	2026-05-18 12:21:17	1	2	15	0
        119263	2026-05-18 12:21:20	1	2	15	0
        110025	2026-05-18 12:21:25	1	2	15	0
        117196	2026-05-18 12:21:41	1	2	15	0
        117921	2026-05-18 12:21:45	1	2	15	0
        117982	2026-05-18 12:21:47	1	2	15	0
        117733	2026-05-18 12:21:51	1	2	15	0
        117723	2026-05-18 12:21:54	1	2	15	0
        118702	2026-05-18 12:21:58	1	2	15	0
        117487	2026-05-18 12:22:00	1	2	15	0
        116282	2026-05-18 12:22:13	1	2	15	0
        118157	2026-05-18 12:22:15	1	2	15	0
        117683	2026-05-18 12:22:16	1	2	15	0
        117634	2026-05-18 12:22:18	1	2	15	0
        117915	2026-05-18 12:22:20	1	2	15	0
        116428	2026-05-18 12:22:22	1	2	15	0
        117046	2026-05-18 12:22:25	1	2	15	0
        118761	2026-05-18 12:22:27	1	2	15	0
        118568	2026-05-18 12:22:29	1	2	15	0
        117920	2026-05-18 12:22:31	1	2	15	0
        117630	2026-05-18 12:22:34	1	2	15	0
        110462	2026-05-18 12:22:38	1	2	15	0
        110431	2026-05-18 12:22:54	1	2	15	0
        110538	2026-05-18 12:22:56	1	2	15	0
        116142	2026-05-18 12:23:00	1	2	15	0
        117232	2026-05-18 12:23:46	1	2	15	0
        117039	2026-05-18 12:23:49	1	2	15	0
        118046	2026-05-18 12:23:53	1	2	15	0
        117114	2026-05-18 12:24:18	1	2	15	0
        110378	2026-05-18 12:24:21	1	2	15	0
        119594	2026-05-18 12:24:25	1	2	15	0
        117054	2026-05-18 12:24:28	1	2	15	0
        117807	2026-05-18 12:24:30	1	2	15	0
        117814	2026-05-18 12:24:32	1	2	15	0
        119449	2026-05-18 12:24:34	1	2	15	0
        118180	2026-05-18 12:24:38	1	2	15	0
        118813	2026-05-18 12:24:40	1	2	15	0
        110025	2026-05-18 12:24:43	1	2	15	0
        116496	2026-05-18 12:24:45	1	2	15	0
        117924	2026-05-18 12:24:49	1	2	15	0
        110457	2026-05-18 12:24:55	1	2	15	0
        110507	2026-05-18 12:25:14	1	2	15	0
        110538	2026-05-18 12:25:56	1	2	15	0
        117042	2026-05-18 12:26:04	1	2	15	0
        117591	2026-05-18 12:26:13	1	2	15	0
        110057	2026-05-18 12:26:20	1	2	15	0
        119364	2026-05-18 12:26:23	1	2	15	0
        110574	2026-05-18 12:26:35	1	2	15	0
        117814	2026-05-18 12:26:38	1	2	15	0
        116496	2026-05-18 12:26:44	1	2	15	0
        117920	2026-05-18 12:26:47	1	2	15	0
        110050	2026-05-18 12:26:53	1	2	15	0
        110785	2026-05-18 12:26:57	1	2	15	0
        118593	2026-05-18 12:27:03	1	2	15	0
        117270	2026-05-18 12:27:05	1	2	15	0
        117113	2026-05-18 12:27:08	1	2	15	0
        117054	2026-05-18 12:27:18	1	2	15	0
        110808	2026-05-18 12:27:37	1	2	15	0
        116104	2026-05-18 12:27:45	1	2	15	0
        117723	2026-05-18 12:27:57	1	2	15	0
        118702	2026-05-18 12:28:02	1	2	15	0
        117487	2026-05-18 12:28:04	1	2	15	0
        110077	2026-05-18 12:28:06	1	2	15	0
        110549	2026-05-18 12:28:29	1	2	15	0
        110421	2026-05-18 12:28:31	1	2	15	0
        117121	2026-05-18 12:28:55	1	2	15	0
        118782	2026-05-18 12:29:00	1	2	15	0
        117840	2026-05-18 12:29:05	1	2	15	0
        117092	2026-05-18 12:29:31	1	2	15	0
        117699	2026-05-18 12:29:41	1	2	15	0
        117814	2026-05-18 12:29:49	1	2	15	0
        110424	2026-05-18 12:30:03	1	2	15	0
        116451	2026-05-18 12:30:13	1	2	15	0
        116346	2026-05-18 12:30:36	1	2	15	0
        110197	2026-05-18 12:30:59	1	2	15	0
        110513	2026-05-18 12:31:12	1	2	15	0
        118101	2026-05-18 12:31:16	1	2	15	0
        110050	2026-05-18 12:31:44	1	2	15	0
        117103	2026-05-18 12:31:59	1	2	15	0
        117841	2026-05-18 12:32:07	1	2	15	0
        117043	2026-05-18 12:32:13	1	2	15	0
        119493	2026-05-18 12:32:23	1	2	15	0
        110084	2026-05-18 12:32:37	1	2	15	0
        116933	2026-05-18 12:32:58	1	2	15	0
        116477	2026-05-18 12:33:12	1	2	15	0
        118971	2026-05-18 12:33:27	1	2	15	0
        117042	2026-05-18 12:33:37	1	2	15	0
        116451	2026-05-18 12:33:46	1	2	15	0
        110158	2026-05-18 12:33:53	1	2	15	0
        116748	2026-05-18 12:33:55	1	2	15	0
        117699	2026-05-18 12:33:57	1	2	15	0
        117121	2026-05-18 12:34:02	1	2	15	0
        118782	2026-05-18 12:34:08	1	2	15	0
        117114	2026-05-18 12:34:32	1	2	15	0
        119493	2026-05-18 12:34:37	1	2	15	0
        116297	2026-05-18 12:34:48	1	2	15	0
        117684	2026-05-18 12:35:10	1	2	15	0
        110196	2026-05-18 12:35:15	1	2	15	0
        110201	2026-05-18 12:35:18	1	2	15	0
        117965	2026-05-18 12:35:22	1	2	15	0
        117841	2026-05-18 12:35:24	1	2	15	0
        117483	2026-05-18 12:35:25	1	2	15	0
        118580	2026-05-18 12:35:29	1	2	15	0
        119282	2026-05-18 12:35:32	1	2	15	0
        117162	2026-05-18 12:35:34	1	2	15	0
        116346	2026-05-18 12:35:36	1	2	15	0
        117103	2026-05-18 12:35:42	1	2	15	0
        117591	2026-05-18 12:36:11	1	2	15	0
        110093	2026-05-18 12:36:17	1	2	15	0
        110807	2026-05-18 12:36:33	1	2	15	0
        110070	2026-05-18 12:37:24	1	3	15	0
        110475	2026-05-18 12:37:29	1	3	15	0
        117698	2026-05-18 12:37:35	1	3	15	0
        117483	2026-05-18 12:37:41	1	3	15	0
        117786	2026-05-18 12:38:19	1	3	15	0
        118427	2026-05-18 12:38:23	1	3	15	0
        117684	2026-05-18 12:38:40	1	3	15	0
        110196	2026-05-18 12:38:44	1	3	15	0
        116297	2026-05-18 12:38:50	1	3	15	0
        110076	2026-05-18 12:39:16	1	3	15	0
        118593	2026-05-18 12:40:04	1	3	15	0
        118302	2026-05-18 12:40:26	1	3	15	0
        116166	2026-05-18 12:40:30	1	3	15	0
        110378	2026-05-18 12:40:37	1	3	15	0
        116933	2026-05-18 12:41:11	1	3	15	0
        116828	2026-05-18 12:41:13	1	3	1	0
        110473	2026-05-18 12:41:15	1	3	15	0
        119282	2026-05-18 12:41:19	1	3	15	0
        110513	2026-05-18 12:41:34	1	3	15	0
        119453	2026-05-18 12:41:40	1	3	15	0
        110060	2026-05-18 12:41:51	1	3	15	0
        118493	2026-05-18 12:42:14	1	3	15	0
        117023	2026-05-18 12:42:16	1	3	15	0
        110055	2026-05-18 12:42:18	1	3	15	0
        116751	2026-05-18 12:42:48	1	3	15	0
        116512	2026-05-18 12:42:50	1	3	15	0
        117162	2026-05-18 12:42:54	1	3	15	0
        110360	2026-05-18 12:43:11	1	3	15	0
        110527	2026-05-18 12:43:18	1	3	15	0
        118568	2026-05-18 12:45:12	1	3	15	0
        118101	2026-05-18 12:45:23	1	3	15	0
        116504	2026-05-18 12:45:52	1	3	15	0
        118427	2026-05-18 12:46:14	1	3	15	0
        110116	2026-05-18 12:46:21	1	3	15	0
        117595	2026-05-18 12:46:33	1	3	15	0
        118493	2026-05-18 12:46:43	1	3	15	0
        117575	2026-05-18 12:47:09	1	3	15	0
        117972	2026-05-18 12:47:11	1	3	15	0
        119143	2026-05-18 12:47:13	1	3	15	0
        116828	2026-05-18 12:47:45	1	3	1	0
        116747	2026-05-18 12:47:53	1	3	15	0
        116472	2026-05-18 12:47:57	1	3	15	0
        110060	2026-05-18 12:48:11	1	3	15	0
        118997	2026-05-18 12:48:30	1	3	15	0
        110805	2026-05-18 12:49:04	1	3	15	0
        118455	2026-05-18 12:49:11	1	3	15	0
        119070	2026-05-18 12:49:13	1	3	15	0
        119364	2026-05-18 12:49:23	1	3	15	0
        119227	2026-05-18 12:49:26	1	3	15	0
        110057	2026-05-18 12:49:44	1	3	15	0
        119143	2026-05-18 12:50:19	1	3	15	0
        117972	2026-05-18 12:50:22	1	3	15	0
        110201	2026-05-18 12:50:29	1	3	15	0
        110431	2026-05-18 12:50:52	1	3	15	0
        110452	2026-05-18 12:50:57	1	3	15	0
        110475	2026-05-18 12:51:40	1	3	15	0
        110076	2026-05-18 12:52:46	1	3	15	0
        110549	2026-05-18 12:52:59	1	3	15	0
        118997	2026-05-18 12:53:57	1	3	15	0
        110805	2026-05-18 12:54:10	1	3	15	0
        119070	2026-05-18 12:54:19	1	3	15	0
        118455	2026-05-18 12:54:22	1	3	15	0
        119227	2026-05-18 12:54:24	1	3	15	0
        117528	2026-05-18 12:54:28	1	3	15	0
        117222	2026-05-18 12:54:31	1	3	15	0
        118695	2026-05-18 12:54:40	1	3	15	0
        117575	2026-05-18 12:54:54	1	3	15	0
        116831	2026-05-18 12:55:31	1	3	15	0
        117120	2026-05-18 12:55:34	1	3	15	0
        118917	2026-05-18 12:56:39	1	3	15	0
        110085	2026-05-18 12:58:19	1	3	15	0
        118695	2026-05-18 12:58:51	1	3	15	0
        117528	2026-05-18 12:58:55	1	3	15	0
        116787	2026-05-18 12:59:57	1	3	15	0
        116787	2026-05-18 13:01:04	1	3	15	0
        110128	2026-05-18 14:06:38	1	3	15	0
        117811	2026-05-18 15:18:46	1	3	15	0
        116297	2026-05-18 17:02:45	1	1	15	0
        118970	2026-05-18 17:04:05	1	1	15	0
        118180	2026-05-18 17:04:58	1	1	15	0
        110196	2026-05-18 17:05:29	1	1	15	0
        117698	2026-05-18 17:05:56	1	1	15	0
        110816	2026-05-18 17:06:20	1	1	15	0
        116279	2026-05-18 17:07:01	1	1	15	0
        110785	2026-05-18 17:07:14	1	1	15	0
        116824	2026-05-18 17:07:28	1	1	15	0
        118157	2026-05-18 17:09:58	1	1	15	0
        117683	2026-05-18 17:10:01	1	1	15	0
        116282	2026-05-18 17:10:05	1	1	15	0
        118782	2026-05-18 17:13:22	1	1	15	0
        116422	2026-05-18 17:13:26	1	1	15	0
        117219	2026-05-18 17:13:27	1	1	15	0
        110197	2026-05-18 17:13:40	1	1	15	0
        110376	2026-05-18 17:13:51	1	1	15	0
        110377	2026-05-18 17:13:56	1	1	15	0
        117121	2026-05-18 17:14:25	1	1	15	0
        116129	2026-05-18 17:14:48	1	1	15	0
        118928	2026-05-18 17:14:50	1	1	15	0
        118493	2026-05-18 17:14:59	1	1	15	0
        117900	2026-05-18 17:15:01	1	1	15	0
        110817	2026-05-18 17:15:03	1	1	15	0
        110452	2026-05-18 17:15:14	1	1	15	0
        118207	2026-05-18 17:17:50	1	1	15	0
        110201	2026-05-18 17:19:08	1	1	15	0
        110076	2026-05-18 17:19:27	1	1	15	0
        118784	2026-05-18 17:19:42	1	1	15	0
        117833	2026-05-18 17:25:00	1	1	15	0
        117930	2026-05-18 17:25:02	1	1	15	0
        110421	2026-05-18 17:25:04	1	1	15	0
        117528	2026-05-18 17:25:07	1	1	15	0
        117113	2026-05-18 17:25:50	1	1	15	0
        117983	2026-05-18 17:26:00	1	1	15	0
        110431	2026-05-18 17:26:31	1	1	15	0
        117692	2026-05-18 17:27:55	1	1	15	0
        117920	2026-05-18 17:29:26	1	1	15	0
        118761	2026-05-18 17:30:13	1	1	15	0
        116472	2026-05-18 17:30:49	1	1	15	0
        118101	2026-05-18 17:30:58	1	1	15	0
        110424	2026-05-18 17:31:02	1	1	15	0
        116428	2026-05-18 17:31:05	1	1	15	0
        116763	2026-05-18 17:31:08	1	1	15	0
        110172	2026-05-18 17:31:10	1	1	15	0
        117232	2026-05-18 17:31:16	1	1	15	0
        116902	2026-05-18 17:31:23	1	1	1	0
        117043	2026-05-18 17:31:35	1	1	15	0
        117337	2026-05-18 17:33:04	1	1	15	0
        118917	2026-05-18 17:33:45	1	1	15	0
        117814	2026-05-18 17:33:50	1	1	15	0
        110436	2026-05-18 17:35:25	1	1	15	0
        117926	2026-05-18 17:35:38	1	1	15	0
        118695	2026-05-18 17:37:32	1	1	15	0
        110418	2026-05-18 17:39:12	1	1	15	0
        118813	2026-05-18 17:41:50	1	1	15	0
        110549	2026-05-18 17:43:49	1	1	15	0
        117786	2026-05-18 17:44:40	1	1	15	0
        118593	2026-05-18 17:46:05	1	1	15	0
        117236	2026-05-18 17:46:11	1	1	15	0
        118563	2026-05-18 17:46:34	1	1	15	0
        117054	2026-05-18 18:00:58	1	1	15	0
        110113	2026-05-18 18:01:28	1	1	15	0
        110834	2026-05-18 18:03:17	1	1	15	0
        116504	2026-05-18 18:03:49	1	1	15	0
        119070	2026-05-18 18:03:51	1	1	15	0
        117835	2026-05-18 18:04:33	1	1	15	0
        118744	2026-05-18 18:04:37	1	1	15	0
        116232	2026-05-18 18:04:40	1	1	15	0
        119143	2026-05-18 18:04:50	1	1	15	0
        110574	2026-05-18 18:04:53	1	1	15	0
        110493	2026-05-18 18:05:03	1	1	15	0
        110527	2026-05-18 18:05:14	1	1	15	0
        117770	2026-05-18 18:05:20	1	1	15	0
        110198	2026-05-18 18:05:27	1	1	15	0
        110506	2026-05-18 18:05:33	1	1	15	0
        117915	2026-05-18 18:06:00	1	1	15	0
        117634	2026-05-18 18:06:04	1	1	15	0
        116741	2026-05-18 18:06:14	1	1	15	0
        110360	2026-05-18 18:06:18	1	1	15	0
        117733	2026-05-18 18:06:25	1	1	15	0
        117838	2026-05-18 18:06:53	1	1	1	0
        117936	2026-05-18 18:06:59	1	1	15	0
        110085	2026-05-18 18:07:03	1	1	15	0
        117966	2026-05-18 18:07:50	1	1	15	0
        118997	2026-05-18 18:08:00	1	1	15	0
        116496	2026-05-18 18:08:09	1	1	15	0
        117711	2026-05-18 18:08:18	1	1	15	0
        117230	2026-05-18 18:08:25	1	1	15	0
        116383	2026-05-18 18:08:43	1	1	15	0
        117993	2026-05-18 18:09:12	1	1	15	0
        117837	2026-05-18 18:09:35	1	1	15	0
        118271	2026-05-18 18:09:37	1	1	15	0
        110809	2026-05-18 18:10:26	1	1	15	0
        117591	2026-05-18 18:10:34	1	1	15	0
        119493	2026-05-18 18:10:58	1	1	15	0
        110462	2026-05-18 18:11:53	1	1	15	0
        117156	2026-05-18 18:11:58	1	1	15	0
        117120	2026-05-18 18:16:07	1	1	15	0
        117212	2026-05-18 18:17:09	1	1	15	0
        117046	2026-05-18 18:18:10	1	1	15	0
        117103	2026-05-18 18:18:46	1	1	15	0
        119453	2026-05-18 18:19:17	1	1	15	0
        117790	2026-05-18 18:19:29	1	1	15	0
        116960	2026-05-18 18:19:36	1	1	15	0
        110065	2026-05-18 18:19:38	1	1	15	0
        116747	2026-05-18 18:19:44	1	1	15	0
        116748	2026-05-18 18:20:51	1	1	15	0
        117129	2026-05-18 18:21:09	1	1	15	0
        116834	2026-05-18 18:21:58	1	1	15	0
        118640	2026-05-18 18:23:08	1	1	15	0
        110158	2026-05-18 18:23:11	1	1	15	0
        117259	2026-05-18 18:23:26	1	1	15	0
        117541	2026-05-18 18:23:27	1	1	15	0
        118580	2026-05-18 18:23:31	1	1	15	0
        116799	2026-05-18 18:24:52	1	1	15	0
        110055	2026-05-18 18:25:07	1	1	15	0
        110084	2026-05-18 18:25:11	1	1	15	0
        110538	2026-05-18 18:25:20	1	1	15	0
        117635	2026-05-18 18:25:45	1	1	15	0
        110060	2026-05-18 18:26:19	1	1	15	0
        110633	2026-05-18 18:27:50	1	1	15	0
        118221	2026-05-18 18:27:56	1	1	15	0
        117497	2026-05-18 18:28:02	1	1	15	0
        116751	2026-05-18 18:29:02	1	1	15	0
        116512	2026-05-18 18:29:04	1	1	15	0
        116104	2026-05-18 18:29:22	1	1	15	0
        117088	2026-05-18 18:29:25	1	1	15	0
        110378	2026-05-18 18:29:30	1	1	15	0
        117839	2026-05-18 18:29:33	1	1	15	0
        110513	2026-05-18 18:29:35	1	1	15	0
        110195	2026-05-18 18:30:26	1	1	15	0
        118455	2026-05-18 18:30:57	1	1	15	0
        117645	2026-05-18 18:31:02	1	1	15	0
        116995	2026-05-18 18:31:38	1	1	15	0
        110093	2026-05-18 18:32:03	1	1	15	0
        110473	2026-05-18 18:32:28	1	1	15	0
        110511	2026-05-18 18:32:36	1	1	15	0
        117972	2026-05-18 18:33:12	1	1	15	0
        117644	2026-05-18 18:33:23	1	1	15	0
        110070	2026-05-18 18:33:41	1	1	15	0
        110808	2026-05-18 18:33:56	1	1	15	0
        118550	2026-05-18 18:34:18	1	1	15	0
        117110	2026-05-18 18:34:57	1	1	15	0
        110105	2026-05-18 18:35:03	1	1	15	0
        116346	2026-05-18 18:35:17	1	1	15	0
        110100	2026-05-18 18:35:42	1	1	15	0
        116451	2026-05-18 18:35:51	1	1	15	0
        117042	2026-05-18 18:35:56	1	1	15	0
        117196	2026-05-18 18:36:02	1	1	15	0
        110507	2026-05-18 18:36:07	1	1	15	0
        117483	2026-05-18 18:36:28	1	1	15	0
        110810	2026-05-18 18:36:54	1	1	15	0
        117817	2026-05-18 18:37:34	1	1	15	0
        118971	2026-05-18 18:37:40	1	1	15	0
        117840	2026-05-18 18:37:49	1	1	15	0
        110456	2026-05-18 18:38:30	1	1	15	0
        110465	2026-05-18 18:38:46	1	1	15	0
        118568	2026-05-18 18:38:52	1	1	15	0
        110580	2026-05-18 18:40:51	1	1	15	0
        110581	2026-05-18 18:40:54	1	1	15	0
        110732	2026-05-18 18:40:58	1	1	15	0
        110475	2026-05-18 18:41:29	1	1	15	0
        110807	2026-05-18 18:41:45	1	1	15	0
        117122	2026-05-18 18:42:07	1	1	15	0
        110492	2026-05-18 18:42:18	1	1	15	0
        117114	2026-05-18 18:42:51	1	1	15	0
        118427	2026-05-18 18:43:05	1	1	15	0
        110355	2026-05-18 18:43:24	1	1	15	0
        117699	2026-05-18 18:44:36	1	1	15	0
        110088	2026-05-18 18:45:11	1	1	15	0
        110463	2026-05-18 18:45:24	1	1	15	0
        117144	2026-05-18 18:46:04	1	1	15	0
        110632	2026-05-18 18:46:07	1	1	15	0
        117769	2026-05-18 18:47:46	1	1	15	0
        119571	2026-05-18 18:48:20	1	1	15	0
        116933	2026-05-18 18:48:48	1	1	15	0
        110372	2026-05-18 18:48:55	1	1	15	0
        110116	2026-05-18 18:49:05	1	1	15	0
        117705	2026-05-18 18:49:11	1	1	15	0
        117039	2026-05-18 18:49:30	1	1	15	0
        117567	2026-05-18 18:49:39	1	1	15	0
        117680	2026-05-18 18:49:51	1	1	15	0
        110510	2026-05-18 18:50:28	1	1	15	0
        110832	2026-05-18 18:50:33	1	1	15	0
        116356	2026-05-18 18:51:59	1	1	15	0
        110356	2026-05-18 18:52:08	1	1	15	0
        119263	2026-05-18 18:52:17	1	1	15	0
        117222	2026-05-18 18:52:53	1	1	15	0
        110025	2026-05-18 18:53:07	1	1	15	0
        110050	2026-05-18 18:53:14	1	1	15	0
        110090	2026-05-18 18:53:22	1	1	15	0
        116483	2026-05-18 18:53:40	1	1	15	0
        110805	2026-05-18 18:53:47	1	1	15	0
        119227	2026-05-18 18:53:50	1	1	15	0
        117270	2026-05-18 18:56:53	1	1	15	0
        110040	2026-05-18 18:57:01	1	1	15	0
        119386	2026-05-18 18:57:12	1	1	15	0
        116073	2026-05-18 18:58:20	1	1	15	0
        119449	2026-05-18 18:58:43	1	1	15	0
        110040	2026-05-18 18:59:59	1	1	15	0
        117684	2026-05-18 19:00:16	1	1	15	0
        118741	2026-05-18 19:00:21	1	1	15	0
        117924	2026-05-18 19:00:27	1	1	15	0
        116072	2026-05-18 19:00:29	1	1	15	0
        110357	2026-05-18 19:00:31	1	1	15	0
        117061	2026-05-18 19:00:47	1	1	15	0
        110833	2026-05-18 19:00:51	1	1	15	0
        118369	2026-05-18 19:00:55	1	1	15	0
        116805	2026-05-18 19:01:14	1	1	15	0
        110657	2026-05-18 19:01:15	1	1	15	0
        110457	2026-05-18 19:01:18	1	1	15	0
        116787	2026-05-18 19:01:34	1	1	15	0
        118503	2026-05-18 19:01:41	1	1	15	0
        117849	2026-05-18 19:01:47	1	1	15	0
        110354	2026-05-18 19:02:05	1	1	15	0
        118753	2026-05-18 19:02:26	1	1	15	0
        116166	2026-05-18 19:02:28	1	1	15	0
        118302	2026-05-18 19:02:33	1	1	15	0
        116453	2026-05-18 19:03:22	1	1	15	0
        119232	2026-05-18 19:03:29	1	1	15	0
        116142	2026-05-18 19:03:53	1	1	15	0
        117543	2026-05-18 19:03:54	1	1	15	0
        117575	2026-05-18 19:04:01	1	1	15	0
        117982	2026-05-18 19:04:03	1	1	15	0
        117921	2026-05-18 19:04:06	1	1	15	0
        119494	2026-05-18 19:04:18	1	1	15	0
        117709	2026-05-18 19:04:23	1	1	15	0
        117270	2026-05-18 19:04:25	1	1	15	0
        110063	2026-05-18 19:04:35	1	1	15	0
        110077	2026-05-18 19:04:48	1	1	15	0
        116260	2026-05-18 19:05:39	1	1	15	0
        116828	2026-05-18 19:05:49	1	1	1	0
        116990	2026-05-18 19:05:55	1	1	15	0
        119594	2026-05-18 19:06:01	1	1	15	0
        117812	2026-05-18 19:06:06	1	1	15	0
        116069	2026-05-18 19:06:08	1	1	15	0
        117742	2026-05-18 19:06:18	1	1	15	0
        117807	2026-05-18 19:06:20	1	1	15	0
        116070	2026-05-18 19:06:24	1	1	1	0
        117841	2026-05-18 19:06:30	1	1	15	0
        116477	2026-05-18 19:07:11	1	1	15	0
        119282	2026-05-18 19:08:49	1	1	15	0
        110006	2026-05-18 19:10:26	1	1	15	0
        110057	2026-05-18 19:10:48	1	1	15	0
        119364	2026-05-18 19:10:58	1	1	15	0
        117201	2026-05-18 19:12:04	1	1	15	0
        117595	2026-05-18 19:16:03	1	1	15	0
        110131	2026-05-18 19:16:26	1	1	15	0
        117529	2026-05-18 19:16:49	1	1	15	0
        117542	2026-05-18 19:19:41	1	1	15	0
        117085	2026-05-18 19:24:18	1	1	15	0
        117147	2026-05-18 19:26:13	1	1	15	0
        117723	2026-05-18 19:30:05	1	1	15	0
        117487	2026-05-18 19:32:24	1	1	15	0
        117162	2026-05-18 19:32:26	1	1	15	0
        118702	2026-05-18 19:32:53	1	1	15	0
        119107	2026-05-18 19:45:42	1	1	15	0
        117091	2026-05-18 19:58:01	1	1	15	0
        116831	2026-05-18 20:15:42	1	1	15	0
        117201	2026-05-19 04:53:47	1	0	15	0
        116831	2026-05-19 05:32:34	1	0	15	0
        110093	2026-05-19 05:39:51	1	0	15	0
        110144	2026-05-19 06:12:26	1	0	15	0
        110574	2026-05-19 06:22:32	1	0	15	0
        118427	2026-05-19 06:28:46	1	0	15	0
        116422	2026-05-19 06:33:37	1	0	15	0
        119571	2026-05-19 06:34:43	1	0	15	0
        110809	2026-05-19 06:34:47	1	0	15	0
        110580	2026-05-19 06:37:47	1	0	15	0
        119070	2026-05-19 06:45:58	1	0	15	0
        118568	2026-05-19 06:47:46	1	0	15	0
        119143	2026-05-19 06:48:33	1	0	15	0
        110832	2026-05-19 06:50:31	1	0	15	0
        117042	2026-05-19 06:53:23	1	0	15	0
        116451	2026-05-19 06:53:31	1	0	15	0
        117835	2026-05-19 06:57:51	1	0	15	0
        110493	2026-05-19 06:58:46	1	0	15	0
        110065	2026-05-19 06:59:19	1	0	15	0
        118744	2026-05-19 06:59:23	1	0	15	0
        117733	2026-05-19 07:00:34	1	0	15	0
        110128	2026-05-19 07:00:45	1	0	15	0
        110834	2026-05-19 07:03:01	1	0	15	0
        110732	2026-05-19 07:04:38	1	0	15	0
        118271	2026-05-19 07:04:56	1	0	15	0
        118046	2026-05-19 07:07:06	1	0	15	0
        117039	2026-05-19 07:08:32	1	0	15	0
        117232	2026-05-19 07:08:37	1	0	15	0
        117936	2026-05-19 07:08:52	1	0	15	0
        116960	2026-05-19 07:09:13	1	0	15	0
        110549	2026-05-19 07:09:55	1	0	15	0
        110085	2026-05-19 07:10:29	1	0	15	0
        117230	2026-05-19 07:10:33	1	0	15	0
        116496	2026-05-19 07:10:52	1	0	15	0
        117850	2026-05-19 07:10:55	1	0	15	0
        118563	2026-05-19 07:11:21	1	0	15	0
        110360	2026-05-19 07:11:41	1	0	15	0
        110462	2026-05-19 07:11:45	1	0	15	0
        110466	2026-05-19 07:12:34	1	0	15	0
        110527	2026-05-19 07:12:49	1	0	15	0
        117966	2026-05-19 07:14:21	1	0	15	0
        110581	2026-05-19 07:14:44	1	0	15	0
        110819	2026-05-19 07:14:59	1	0	15	0
        110085	2026-05-19 07:15:04	1	0	15	0
        117591	2026-05-19 07:15:47	1	0	15	0
        116741	2026-05-19 07:15:57	1	0	15	0
        117222	2026-05-19 07:17:10	1	0	15	0
        118997	2026-05-19 07:17:19	1	0	15	0
        119453	2026-05-19 07:17:24	1	0	15	0
        110113	2026-05-19 07:17:35	1	0	15	0
        117103	2026-05-19 07:18:03	1	0	15	0
        117162	2026-05-19 07:18:10	1	0	15	0
        116834	2026-05-19 07:18:44	1	0	15	0
        117769	2026-05-19 07:18:52	1	0	15	0
        118455	2026-05-19 07:19:31	1	0	15	0
        117259	2026-05-19 07:19:33	1	0	15	0
        117770	2026-05-19 07:19:50	1	0	15	0
        118971	2026-05-19 07:20:00	1	0	15	0
        117635	2026-05-19 07:20:47	1	0	15	0
        118640	2026-05-19 07:21:01	1	0	15	0
        117092	2026-05-19 07:22:26	1	0	15	0
        110074	2026-05-19 07:22:41	1	0	15	0
        116346	2026-05-19 07:22:50	1	0	15	0
        118207	2026-05-19 07:23:26	1	0	15	0
        110473	2026-05-19 07:23:42	1	0	15	0
        117811	2026-05-19 07:24:56	1	0	15	0
        110456	2026-05-19 07:25:30	1	0	15	0
        116260	2026-05-19 07:25:49	1	0	15	0
        118186	2026-05-19 07:25:59	1	0	15	0
        110807	2026-05-19 07:26:17	1	0	15	0
        117088	2026-05-19 07:26:21	1	0	15	0
        117711	2026-05-19 07:27:57	1	0	15	0
        110538	2026-05-19 07:28:28	1	0	15	0
        110511	2026-05-19 07:28:45	1	0	15	0
        110475	2026-05-19 07:29:35	1	0	15	0
        117487	2026-05-19 07:30:48	1	0	15	0
        117129	2026-05-19 07:31:07	1	0	15	0
        110492	2026-05-19 07:31:21	1	0	15	0
        110808	2026-05-19 07:31:30	1	0	15	0
        110158	2026-05-19 07:32:35	1	0	15	0
        117705	2026-05-19 07:33:35	1	0	15	0
        117270	2026-05-19 07:33:40	1	0	15	0
        118550	2026-05-19 07:33:44	1	0	15	0
        116763	2026-05-19 07:33:59	1	0	15	0
        118302	2026-05-19 07:34:38	1	0	15	0
        110632	2026-05-19 07:34:45	1	0	15	0
        116483	2026-05-19 07:35:16	1	0	15	0
        118458	2026-05-19 07:36:00	1	0	15	0
        110357	2026-05-19 07:38:22	1	0	15	0
        110463	2026-05-19 07:38:27	1	0	15	0
        118493	2026-05-19 07:38:54	1	0	15	0
        110196	2026-05-19 07:38:58	1	0	15	0
        118221	2026-05-19 07:39:15	1	0	15	0
        117680	2026-05-19 07:39:23	1	0	15	0
        118157	2026-05-19 07:39:42	1	0	15	0
        116383	2026-05-19 07:39:50	1	0	15	0
        116799	2026-05-19 07:39:55	1	0	15	0
        117839	2026-05-19 07:39:57	1	0	15	0
        118369	2026-05-19 07:40:13	1	0	15	0
        117043	2026-05-19 07:40:40	1	0	15	0
        117841	2026-05-19 07:41:23	1	0	15	0
        110495	2026-05-19 07:41:35	1	0	15	0
        117983	2026-05-19 07:41:49	1	0	15	0
        117224	2026-05-19 07:42:11	1	0	15	0
        117921	2026-05-19 07:42:48	1	0	15	0
        110100	2026-05-19 07:42:49	1	0	15	0
        110006	2026-05-19 07:42:56	1	0	15	0
        110810	2026-05-19 07:43:00	1	0	15	0
        110785	2026-05-19 07:43:52	1	0	15	0
        117972	2026-05-19 07:44:05	1	0	15	0
        116902	2026-05-19 07:44:18	1	0	1	0
        119272	2026-05-19 07:44:28	1	0	15	0
        116479	2026-05-19 07:44:59	1	0	15	0
        110507	2026-05-19 07:45:03	1	0	15	0
        110465	2026-05-19 07:45:21	1	0	15	0
        117616	2026-05-19 07:46:10	1	0	15	0
        110060	2026-05-19 07:46:16	1	0	15	0
        110088	2026-05-19 07:46:27	1	0	15	0
        110421	2026-05-19 07:46:32	1	0	15	0
        117900	2026-05-19 07:47:04	1	0	15	0
        110817	2026-05-19 07:47:09	1	0	15	0
        110447	2026-05-19 07:47:23	1	0	15	0
        117121	2026-05-19 07:47:28	1	0	15	0
        116104	2026-05-19 07:47:54	1	0	15	0
        118101	2026-05-19 07:48:00	1	0	15	0
        117692	2026-05-19 07:48:04	1	0	15	0
        110050	2026-05-19 07:48:33	1	0	15	0
        118750	2026-05-19 07:48:52	1	0	15	0
        117061	2026-05-19 07:48:53	1	0	15	0
        116356	2026-05-19 07:49:01	1	0	15	0
        117812	2026-05-19 07:49:29	1	0	15	0
        117930	2026-05-19 07:49:35	1	0	15	0
        117567	2026-05-19 07:49:40	1	0	15	0
        110457	2026-05-19 07:50:04	1	0	15	0
        117122	2026-05-19 07:50:36	1	0	15	0
        116933	2026-05-19 07:50:39	1	0	15	0
        118928	2026-05-19 07:51:38	1	0	15	0
        117110	2026-05-19 07:51:44	1	0	15	0
        117698	2026-05-19 07:52:18	1	0	15	0
        117542	2026-05-19 07:52:31	1	0	15	0
        116142	2026-05-19 07:52:38	1	0	15	0
        117114	2026-05-19 07:52:51	1	0	15	0
        117840	2026-05-19 07:53:20	1	0	15	0
        110816	2026-05-19 07:53:55	1	0	15	0
        118580	2026-05-19 07:54:02	1	0	15	0
        116995	2026-05-19 07:54:09	1	0	15	0
        116453	2026-05-19 07:54:18	1	0	15	0
        117849	2026-05-19 07:54:24	1	0	15	0
        110377	2026-05-19 07:54:29	1	0	15	0
        116072	2026-05-19 07:54:36	1	0	15	0
        117981	2026-05-19 07:54:38	1	0	15	0
        116824	2026-05-19 07:54:43	1	0	15	0
        110131	2026-05-19 07:55:27	1	0	15	0
        110025	2026-05-19 07:55:31	1	0	15	0
        110197	2026-05-19 07:55:54	1	0	15	0
        117786	2026-05-19 07:56:06	1	0	15	0
        117924	2026-05-19 07:56:31	1	0	15	0
        110367	2026-05-19 07:56:49	1	0	15	0
        117828	2026-05-19 07:57:06	1	0	15	0
        117723	2026-05-19 07:57:13	1	0	15	0
        118862	2026-05-19 07:57:23	1	0	15	0
        116787	2026-05-19 07:57:27	1	0	15	0
        110063	2026-05-19 07:58:02	1	0	15	0
        117915	2026-05-19 07:58:07	1	0	15	0
        117634	2026-05-19 07:58:09	1	0	15	0
        118593	2026-05-19 07:58:21	1	0	15	0
        110088	2026-05-19 07:58:32	1	0	15	0
        119364	2026-05-19 07:58:33	1	0	15	0
        117997	2026-05-19 07:58:48	1	0	15	0
        116297	2026-05-19 07:59:04	1	0	15	0
        110090	2026-05-19 07:59:36	1	0	15	0
        117156	2026-05-19 08:01:00	1	0	15	0
        110657	2026-05-19 08:01:04	1	0	15	0
        119594	2026-05-19 08:01:10	1	0	15	0
        116441	2026-05-19 08:01:15	1	0	15	0
        116805	2026-05-19 08:01:18	1	0	15	0
        118813	2026-05-19 08:01:34	1	0	15	0
        119494	2026-05-19 08:01:38	1	0	15	0
        117699	2026-05-19 08:02:19	1	0	15	0
        119535	2026-05-19 08:02:23	1	0	15	0
        117660	2026-05-19 08:02:37	1	0	15	0
        116497	2026-05-19 08:02:42	1	0	15	0
        117113	2026-05-19 08:02:51	1	0	15	0
        110201	2026-05-19 08:03:56	1	0	15	0
        110077	2026-05-19 08:04:00	1	0	15	0
        117707	2026-05-19 08:04:24	1	0	15	0
        119263	2026-05-19 08:04:26	1	0	15	0
        117814	2026-05-19 08:04:42	1	0	15	0
        117833	2026-05-19 08:04:44	1	0	15	0
        110452	2026-05-19 08:06:22	1	0	15	0
        117926	2026-05-19 08:06:58	1	0	15	0
        118761	2026-05-19 08:07:04	1	0	15	0
        117807	2026-05-19 08:08:19	1	0	15	0
        117085	2026-05-19 08:08:22	1	0	15	0
        116166	2026-05-19 08:08:26	1	0	15	0
        110810	2026-05-19 08:08:44	1	0	15	0
        118782	2026-05-19 08:09:08	1	0	15	0
        117645	2026-05-19 08:10:00	1	0	15	0
        110645	2026-05-19 08:10:03	1	0	15	0
        116428	2026-05-19 08:14:05	1	0	15	0
        117982	2026-05-19 08:15:00	1	0	15	0
        116282	2026-05-19 08:15:34	1	0	15	0
        119449	2026-05-19 08:15:50	1	0	15	0
        117236	2026-05-19 08:16:18	1	0	15	0
        117219	2026-05-19 08:16:23	1	0	15	0
        110833	2026-05-19 08:16:47	1	0	15	0
        116129	2026-05-19 08:16:50	1	0	15	0
        117196	2026-05-19 08:16:52	1	0	15	0
        117920	2026-05-19 08:18:21	1	0	15	0
        117337	2026-05-19 08:18:31	1	0	15	0
        117709	2026-05-19 08:22:22	1	0	15	0
        110195	2026-05-19 08:23:58	1	0	15	0
        117543	2026-05-19 08:26:15	1	0	15	0
        119493	2026-05-19 08:28:55	1	0	15	0
        117595	2026-05-19 08:31:49	1	0	15	0
        117046	2026-05-19 08:33:41	1	0	15	0
        110436	2026-05-19 08:35:10	1	0	15	0
        110172	2026-05-19 08:35:18	1	0	15	0
        116095	2026-05-19 08:35:20	1	0	15	0
        110354	2026-05-19 08:35:22	1	0	15	0
        117630	2026-05-19 08:35:25	1	0	15	0
        110431	2026-05-19 08:36:16	1	0	15	0
        110513	2026-05-19 08:36:36	1	0	15	0
        118695	2026-05-19 08:39:24	1	0	15	0
        118753	2026-05-19 08:40:11	1	0	15	0
        110076	2026-05-19 08:40:32	1	0	15	0
        117817	2026-05-19 08:41:05	1	0	15	0
        117091	2026-05-19 08:41:22	1	0	15	0
        110418	2026-05-19 08:42:09	1	0	15	0
        110116	2026-05-19 08:42:49	1	0	15	0
        110084	2026-05-19 08:54:12	1	0	15	0
        116747	2026-05-19 08:58:10	1	0	15	0
        117100	2026-05-19 09:06:54	1	0	15	0
        110040	2026-05-19 09:09:35	1	0	15	0
        110836	2026-05-19 09:11:41	1	0	15	0
        117770	2026-05-19 09:12:15	1	0	1	0
        117528	2026-05-19 09:15:06	1	0	15	0
        117575	2026-05-19 09:26:01	1	0	15	0
        119232	2026-05-19 09:38:52	1	0	15	0
        117497	2026-05-19 09:55:24	1	0	15	0
        118180	2026-05-19 10:58:25	1	0	15	0
        110006	2026-05-19 11:56:34	1	2	15	0
        117733	2026-05-19 12:00:05	1	2	15	0
        119535	2026-05-19 12:00:08	1	2	15	0
        117833	2026-05-19 12:00:13	1	2	15	0
        117840	2026-05-19 12:00:16	1	2	15	0
        116260	2026-05-19 12:00:19	1	2	15	0
        110113	2026-05-19 12:00:44	1	2	15	0
        117926	2026-05-19 12:00:54	1	2	15	0
        116453	2026-05-19 12:00:55	1	2	15	0
        110527	2026-05-19 12:00:58	1	2	15	0
        110452	2026-05-19 12:01:01	1	2	15	0
        110819	2026-05-19 12:01:05	1	2	15	0
        110436	2026-05-19 12:01:08	1	2	15	0
        117699	2026-05-19 12:01:17	1	2	15	0
        117769	2026-05-19 12:01:20	1	2	15	0
        110172	2026-05-19 12:01:22	1	2	15	0
        117201	2026-05-19 12:01:24	1	2	15	0
        117966	2026-05-19 12:01:28	1	2	15	0
        117232	2026-05-19 12:01:34	1	2	15	0
        110456	2026-05-19 12:01:36	1	2	15	0
        110810	2026-05-19 12:02:01	1	2	15	0
        110463	2026-05-19 12:02:05	1	2	15	0
        116453	2026-05-19 12:02:08	1	2	15	0
        117997	2026-05-19 12:02:11	1	2	15	0
        119453	2026-05-19 12:02:12	1	2	15	0
        117039	2026-05-19 12:02:15	1	2	15	0
        116496	2026-05-19 12:02:29	1	2	15	0
        116297	2026-05-19 12:02:33	1	2	15	0
        110197	2026-05-19 12:02:36	1	2	15	0
        117122	2026-05-19 12:02:40	1	2	15	0
        117196	2026-05-19 12:02:48	1	2	15	0
        117497	2026-05-19 12:02:52	1	2	15	0
        117222	2026-05-19 12:02:55	1	2	15	0
        110580	2026-05-19 12:02:58	1	2	15	0
        110581	2026-05-19 12:03:00	1	2	15	0
        110732	2026-05-19 12:03:05	1	2	15	0
        116787	2026-05-19 12:03:06	1	2	15	0
        117733	2026-05-19 12:03:11	1	2	15	0
        116805	2026-05-19 12:03:15	1	2	15	0
        116356	2026-05-19 12:03:17	1	2	15	0
        118369	2026-05-19 12:03:19	1	2	15	0
        117061	2026-05-19 12:03:22	1	2	15	0
        117981	2026-05-19 12:03:24	1	2	15	0
        117543	2026-05-19 12:03:26	1	2	15	0
        117833	2026-05-19 12:03:28	1	2	15	0
        117807	2026-05-19 12:03:30	1	2	15	0
        117812	2026-05-19 12:03:32	1	2	15	0
        116995	2026-05-19 12:03:33	1	2	15	0
        116990	2026-05-19 12:03:36	1	2	15	0
        117156	2026-05-19 12:03:38	1	2	15	0
        110431	2026-05-19 12:03:40	1	2	15	0
        110090	2026-05-19 12:03:42	1	2	15	0
        110116	2026-05-19 12:03:45	1	2	15	0
        117680	2026-05-19 12:03:48	1	2	15	0
        117616	2026-05-19 12:03:50	1	2	15	0
        119571	2026-05-19 12:03:51	1	2	15	0
        118744	2026-05-19 12:03:55	1	2	15	0
        117542	2026-05-19 12:03:57	1	2	15	0
        117835	2026-05-19 12:03:59	1	2	15	0
        110088	2026-05-19 12:04:02	1	2	15	0
        117567	2026-05-19 12:04:07	1	2	15	0
        110465	2026-05-19 12:04:07	1	2	15	0
        110093	2026-05-19 12:04:12	1	2	15	0
        110807	2026-05-19 12:04:21	1	2	15	0
        110833	2026-05-19 12:04:36	1	2	15	0
        116479	2026-05-19 12:04:44	1	2	15	0
        110065	2026-05-19 12:04:48	1	2	15	0
        117224	2026-05-19 12:04:50	1	2	15	0
        110421	2026-05-19 12:04:53	1	2	15	0
        116799	2026-05-19 12:04:56	1	2	15	0
        117930	2026-05-19 12:04:59	1	2	15	0
        116497	2026-05-19 12:05:00	1	2	15	0
        110645	2026-05-19 12:05:01	1	2	15	0
        110457	2026-05-19 12:05:05	1	2	15	0
        117924	2026-05-19 12:05:07	1	2	15	0
        110832	2026-05-19 12:05:08	1	2	15	0
        118750	2026-05-19 12:05:11	1	2	15	0
        116072	2026-05-19 12:05:14	1	2	15	0
        117769	2026-05-19 12:05:16	1	2	15	0
        117966	2026-05-19 12:05:17	1	2	15	0
        110128	2026-05-19 12:05:19	1	2	15	0
        110456	2026-05-19 12:05:21	1	2	15	0
        118046	2026-05-19 12:05:23	1	2	15	0
        116933	2026-05-19 12:05:27	1	2	15	0
        116356	2026-05-19 12:05:29	1	2	15	0
        116483	2026-05-19 12:05:32	1	2	15	0
        118369	2026-05-19 12:05:34	1	2	15	0
        117981	2026-05-19 12:05:36	1	2	15	0
        116748	2026-05-19 12:05:38	1	2	15	0
        116805	2026-05-19 12:05:40	1	2	15	0
        116834	2026-05-19 12:05:42	1	2	15	0
        117046	2026-05-19 12:05:44	1	2	15	0
        117061	2026-05-19 12:05:48	1	2	15	0
        117487	2026-05-19 12:05:50	1	2	15	0
        118563	2026-05-19 12:05:53	1	2	15	0
        117591	2026-05-19 12:05:56	1	2	15	0
        116428	2026-05-19 12:05:58	1	2	15	0
        110816	2026-05-19 12:06:01	1	2	15	0
        118761	2026-05-19 12:06:07	1	2	15	0
        117222	2026-05-19 12:06:10	1	2	15	0
        116741	2026-05-19 12:06:13	1	2	15	0
        110833	2026-05-19 12:06:15	1	2	15	0
        117196	2026-05-19 12:06:17	1	2	15	0
        110113	2026-05-19 12:06:19	1	2	15	0
        117129	2026-05-19 12:06:22	1	2	15	0
        117497	2026-05-19 12:06:25	1	2	15	0
        110172	2026-05-19 12:06:27	1	2	15	0
        117201	2026-05-19 12:06:29	1	2	15	0
        116496	2026-05-19 12:06:31	1	2	15	0
        110834	2026-05-19 12:06:35	1	2	15	0
        118744	2026-05-19 12:06:48	1	2	15	0
        118101	2026-05-19 12:06:53	1	2	15	0
        117828	2026-05-19 12:06:54	1	2	15	0
        118928	2026-05-19 12:07:04	1	2	15	0
        110418	2026-05-19 12:07:07	1	2	15	0
        116763	2026-05-19 12:07:09	1	2	15	0
        119535	2026-05-19 12:07:11	1	2	15	0
        119272	2026-05-19 12:07:14	1	2	15	0
        116787	2026-05-19 12:07:16	1	2	15	0
        118813	2026-05-19 12:07:18	1	2	15	0
        116129	2026-05-19 12:07:20	1	2	15	0
        116990	2026-05-19 12:07:28	1	2	15	0
        117807	2026-05-19 12:07:30	1	2	15	0
        117692	2026-05-19 12:07:32	1	2	15	0
        117982	2026-05-19 12:07:34	1	2	15	0
        117921	2026-05-19 12:07:36	1	2	15	0
        116260	2026-05-19 12:07:39	1	2	15	0
        110060	2026-05-19 12:07:40	1	2	15	0
        119006	2026-05-19 12:07:43	1	2	15	0
        110100	2026-05-19 12:07:45	1	2	15	0
        117630	2026-05-19 12:07:48	1	2	15	0
        116960	2026-05-19 12:07:50	1	2	15	0
        118180	2026-05-19 12:07:51	1	2	15	0
        117983	2026-05-19 12:07:53	1	2	15	0
        117683	2026-05-19 12:07:55	1	2	15	0
        118271	2026-05-19 12:07:57	1	2	15	0
        110466	2026-05-19 12:07:59	1	2	15	0
        116748	2026-05-19 12:08:01	1	2	15	0
        110158	2026-05-19 12:08:03	1	2	15	0
        116142	2026-05-19 12:08:05	1	2	15	0
        110354	2026-05-19 12:08:07	1	2	15	0
        117812	2026-05-19 12:08:10	1	2	15	0
        116995	2026-05-19 12:08:12	1	2	15	0
        110511	2026-05-19 12:08:13	1	2	15	0
        119364	2026-05-19 12:08:15	1	2	15	0
        110495	2026-05-19 12:08:18	1	2	15	0
        110493	2026-05-19 12:08:20	1	2	15	0
        110657	2026-05-19 12:08:22	1	2	15	0
        110808	2026-05-19 12:08:24	1	2	15	0
        117930	2026-05-19 12:08:26	1	2	15	0
        116747	2026-05-19 12:08:28	1	2	15	0
        116902	2026-05-19 12:08:34	1	2	1	0
        117770	2026-05-19 12:08:40	1	2	15	0
        117705	2026-05-19 12:08:48	1	2	15	0
        110065	2026-05-19 12:08:51	1	2	15	0
        116799	2026-05-19 12:08:54	1	2	15	0
        117543	2026-05-19 12:08:57	1	2	15	0
        117270	2026-05-19 12:09:10	1	2	15	0
        110462	2026-05-19 12:09:18	1	2	15	0
        117634	2026-05-19 12:09:24	1	2	15	0
        117915	2026-05-19 12:09:26	1	2	15	0
        116104	2026-05-19 12:09:28	1	2	15	0
        117219	2026-05-19 12:09:29	1	2	15	0
        110527	2026-05-19 12:09:30	1	2	15	0
        118157	2026-05-19 12:09:34	1	2	15	0
        116422	2026-05-19 12:09:36	1	2	15	0
        119263	2026-05-19 12:09:38	1	2	15	0
        117129	2026-05-19 12:09:41	1	2	15	0
        116282	2026-05-19 12:09:43	1	2	15	0
        117900	2026-05-19 12:09:46	1	2	15	0
        110817	2026-05-19 12:09:49	1	2	15	0
        110436	2026-05-19 12:09:58	1	2	15	0
        116497	2026-05-19 12:10:04	1	2	15	0
        116960	2026-05-19 12:10:09	1	2	15	0
        110060	2026-05-19 12:10:14	1	2	15	0
        117924	2026-05-19 12:10:18	1	2	15	0
        110100	2026-05-19 12:10:18	1	2	15	0
        110457	2026-05-19 12:10:21	1	2	15	0
        116072	2026-05-19 12:10:24	1	2	15	0
        116483	2026-05-19 12:10:26	1	2	15	0
        119006	2026-05-19 12:10:29	1	2	15	0
        110832	2026-05-19 12:10:30	1	2	15	0
        110377	2026-05-19 12:10:33	1	2	15	0
        110354	2026-05-19 12:10:37	1	2	15	0
        110816	2026-05-19 12:10:39	1	2	15	0
        117542	2026-05-19 12:10:48	1	2	15	0
        117645	2026-05-19 12:10:50	1	2	15	0
        117841	2026-05-19 12:10:51	1	2	15	0
        117811	2026-05-19 12:10:54	1	2	15	0
        117839	2026-05-19 12:10:55	1	2	15	0
        117770	2026-05-19 12:10:58	1	2	15	0
        118458	2026-05-19 12:11:03	1	2	15	0
        117997	2026-05-19 12:11:14	1	2	15	0
        117100	2026-05-19 12:11:16	1	2	15	0
        117630	2026-05-19 12:11:19	1	2	15	0
        119453	2026-05-19 12:11:22	1	2	15	0
        117817	2026-05-19 12:11:41	1	2	15	0
        117616	2026-05-19 12:11:45	1	2	15	0
        110513	2026-05-19 12:11:49	1	2	15	0
        110093	2026-05-19 12:11:56	1	2	15	0
        117692	2026-05-19 12:12:03	1	2	15	0
        117921	2026-05-19 12:12:06	1	2	15	0
        117920	2026-05-19 12:12:15	1	2	15	0
        110465	2026-05-19 12:12:18	1	2	15	0
        110463	2026-05-19 12:12:21	1	2	15	0
        110807	2026-05-19 12:12:25	1	2	15	0
        110810	2026-05-19 12:12:28	1	2	15	0
        117850	2026-05-19 12:12:32	1	2	15	0
        117707	2026-05-19 12:12:34	1	2	15	0
        110580	2026-05-19 12:12:36	1	2	15	0
        110581	2026-05-19 12:12:37	1	2	15	0
        110732	2026-05-19 12:12:40	1	2	15	0
        110809	2026-05-19 12:12:43	1	2	15	0
        110495	2026-05-19 12:12:54	1	2	15	0
        110493	2026-05-19 12:12:56	1	2	15	0
        110657	2026-05-19 12:12:58	1	2	15	0
        119364	2026-05-19 12:13:00	1	2	15	0
        110492	2026-05-19 12:13:06	1	2	15	0
        118563	2026-05-19 12:13:08	1	2	15	0
        118493	2026-05-19 12:13:14	1	2	15	0
        110040	2026-05-19 12:13:16	1	2	15	0
        116095	2026-05-19 12:13:19	1	2	15	0
        117046	2026-05-19 12:13:21	1	2	15	0
        116428	2026-05-19 12:13:23	1	2	15	0
        118761	2026-05-19 12:13:26	1	2	15	0
        117219	2026-05-19 12:13:28	1	2	15	0
        117487	2026-05-19 12:13:30	1	2	15	0
        116282	2026-05-19 12:13:32	1	2	15	0
        118157	2026-05-19 12:13:33	1	2	15	0
        117634	2026-05-19 12:13:36	1	2	15	0
        116422	2026-05-19 12:13:37	1	2	15	0
        117915	2026-05-19 12:13:40	1	2	15	0
        110785	2026-05-19 12:13:43	1	2	15	0
        117645	2026-05-19 12:13:46	1	2	15	0
        117839	2026-05-19 12:13:47	1	2	15	0
        117841	2026-05-19 12:13:49	1	2	15	0
        117811	2026-05-19 12:13:51	1	2	15	0
        117567	2026-05-19 12:13:54	1	2	15	0
        118180	2026-05-19 12:13:58	1	2	15	0
        116142	2026-05-19 12:13:58	1	2	15	0
        118928	2026-05-19 12:14:01	1	2	15	0
        117900	2026-05-19 12:14:02	1	2	15	0
        110817	2026-05-19 12:14:04	1	2	15	0
        118750	2026-05-19 12:14:06	1	2	15	0
        116129	2026-05-19 12:14:10	1	2	15	0
        119272	2026-05-19 12:14:17	1	2	15	0
        118813	2026-05-19 12:14:19	1	2	15	0
        118550	2026-05-19 12:14:21	1	2	15	0
        117230	2026-05-19 12:14:24	1	2	15	0
        117591	2026-05-19 12:14:26	1	2	15	0
        110834	2026-05-19 12:14:29	1	2	15	0
        118493	2026-05-19 12:14:35	1	2	15	0
        110040	2026-05-19 12:14:38	1	2	15	0
        117705	2026-05-19 12:14:42	1	2	15	0
        116095	2026-05-19 12:14:45	1	2	15	0
        117711	2026-05-19 12:15:05	1	2	15	0
        117849	2026-05-19 12:15:13	1	2	15	0
        117709	2026-05-19 12:15:16	1	2	15	0
        117920	2026-05-19 12:15:20	1	2	15	0
        117926	2026-05-19 12:15:23	1	2	15	0
        117786	2026-05-19 12:15:27	1	2	15	0
        110632	2026-05-19 12:15:30	1	2	15	0
        117850	2026-05-19 12:15:35	1	2	15	0
        117707	2026-05-19 12:15:38	1	2	15	0
        117817	2026-05-19 12:15:42	1	2	15	0
        117723	2026-05-19 12:15:45	1	2	15	0
        110367	2026-05-19 12:15:50	1	2	15	0
        117982	2026-05-19 12:15:53	1	2	15	0
        110131	2026-05-19 12:15:56	1	2	15	0
        118862	2026-05-19 12:15:59	1	2	15	0
        119494	2026-05-19 12:16:09	1	2	15	0
        110088	2026-05-19 12:16:14	1	2	15	0
        110116	2026-05-19 12:16:17	1	2	15	0
        110128	2026-05-19 12:16:22	1	2	15	0
        110574	2026-05-19 12:16:27	1	2	15	0
        117162	2026-05-19 12:16:31	1	2	15	0
        118744	2026-05-19 12:16:44	1	2	15	0
        116451	2026-05-19 12:16:58	1	2	15	0
        117042	2026-05-19 12:17:01	1	2	15	0
        117114	2026-05-19 12:17:03	1	2	15	0
        117814	2026-05-19 12:17:08	1	2	15	0
        110462	2026-05-19 12:17:23	1	2	15	0
        118640	2026-05-19 12:17:27	1	2	15	0
        116383	2026-05-19 12:17:29	1	2	15	0
        116824	2026-05-19 12:17:36	1	2	15	0
        119263	2026-05-19 12:17:41	1	2	15	0
        117983	2026-05-19 12:17:48	1	2	15	0
        119494	2026-05-19 12:17:50	1	2	15	0
        110447	2026-05-19 12:17:59	1	2	15	0
        116933	2026-05-19 12:18:05	1	2	15	0
        118302	2026-05-19 12:18:21	1	2	15	0
        116166	2026-05-19 12:18:33	1	2	15	0
        110808	2026-05-19 12:19:05	1	2	15	0
        118971	2026-05-19 12:19:10	1	2	15	0
        110077	2026-05-19 12:19:15	1	2	15	0
        116104	2026-05-19 12:19:19	1	2	15	0
        117337	2026-05-19 12:19:28	1	2	15	0
        119263	2026-05-19 12:19:47	1	2	15	0
        110367	2026-05-19 12:20:01	1	2	15	0
        110549	2026-05-19 12:20:05	1	2	15	0
        110513	2026-05-19 12:20:09	1	2	15	0
        118550	2026-05-19 12:20:11	1	2	15	0
        117230	2026-05-19 12:20:14	1	2	15	0
        118221	2026-05-19 12:20:16	1	2	15	0
        110158	2026-05-19 12:20:18	1	2	15	0
        110090	2026-05-19 12:20:20	1	2	15	0
        118862	2026-05-19 12:20:21	1	2	15	0
        117723	2026-05-19 12:20:23	1	2	15	0
        116383	2026-05-19 12:20:25	1	2	15	0
        118640	2026-05-19 12:20:26	1	2	15	0
        117835	2026-05-19 12:20:29	1	2	15	0
        116834	2026-05-19 12:21:00	1	2	15	0
        110492	2026-05-19 12:21:07	1	2	15	0
        117711	2026-05-19 12:21:10	1	2	15	0
        118695	2026-05-19 12:21:15	1	2	15	0
        116479	2026-05-19 12:21:37	1	2	15	0
        117840	2026-05-19 12:21:41	1	2	15	0
        110197	2026-05-19 12:21:45	1	2	15	0
        110574	2026-05-19 12:21:55	1	2	15	0
        116451	2026-05-19 12:22:03	1	2	15	0
        116824	2026-05-19 12:22:15	1	2	15	0
        117113	2026-05-19 12:22:52	1	2	15	0
        110377	2026-05-19 12:23:03	1	2	15	0
        118971	2026-05-19 12:23:11	1	2	15	0
        117100	2026-05-19 12:23:15	1	2	15	0
        117042	2026-05-19 12:23:21	1	2	15	0
        117699	2026-05-19 12:23:26	1	2	15	0
        117709	2026-05-19 12:23:33	1	2	15	0
        117849	2026-05-19 12:23:35	1	2	15	0
        116166	2026-05-19 12:23:42	1	2	15	0
        110447	2026-05-19 12:23:47	1	2	15	0
        117162	2026-05-19 12:23:53	1	2	15	0
        118753	2026-05-19 12:24:34	1	2	15	0
        117113	2026-05-19 12:25:51	1	2	15	0
        117122	2026-05-19 12:26:00	1	2	15	0
        117680	2026-05-19 12:26:04	1	2	15	0
        117595	2026-05-19 12:26:08	1	2	15	0
        117088	2026-05-19 12:26:11	1	2	15	0
        110475	2026-05-19 12:26:20	1	2	15	0
        110473	2026-05-19 12:26:24	1	2	15	0
        110195	2026-05-19 12:26:30	1	2	15	0
        118221	2026-05-19 12:26:50	1	2	15	0
        110360	2026-05-19 12:27:03	1	2	15	0
        118695	2026-05-19 12:27:09	1	2	15	0
        118458	2026-05-19 12:27:12	1	2	15	0
        117224	2026-05-19 12:27:14	1	2	15	0
        110421	2026-05-19 12:27:16	1	2	15	0
        119449	2026-05-19 12:27:20	1	2	15	0
        118753	2026-05-19 12:28:41	1	2	15	0
        110819	2026-05-19 12:28:52	1	2	15	0
        117039	2026-05-19 12:28:57	1	2	15	0
        110077	2026-05-19 12:29:01	1	2	15	0
        117232	2026-05-19 12:29:06	1	2	15	0
        117043	2026-05-19 12:29:10	1	2	15	0
        117236	2026-05-19 12:29:15	1	2	15	0
        118568	2026-05-19 12:30:01	1	2	15	0
        117814	2026-05-19 12:30:04	1	2	15	0
        118271	2026-05-19 12:30:08	1	2	15	0
        110466	2026-05-19 12:30:12	1	2	15	0
        110131	2026-05-19 12:30:14	1	2	15	0
        110507	2026-05-19 12:31:31	1	3	15	0
        110025	2026-05-19 12:32:30	1	3	15	0
        119493	2026-05-19 12:32:38	1	3	15	0
        110084	2026-05-19 12:32:42	1	3	15	0
        110538	2026-05-19 12:32:45	1	3	15	0
        118580	2026-05-19 12:32:49	1	3	15	0
        119571	2026-05-19 12:32:54	1	3	15	0
        116441	2026-05-19 12:32:59	1	3	15	0
        110074	2026-05-19 12:33:00	1	3	15	0
        117660	2026-05-19 12:33:03	1	3	15	0
        117635	2026-05-19 12:33:04	1	3	15	0
        110076	2026-05-19 12:33:09	1	3	15	0
        117110	2026-05-19 12:33:27	1	3	15	0
        118593	2026-05-19 12:33:38	1	3	15	0
        110063	2026-05-19 12:34:47	1	3	15	0
        110195	2026-05-19 12:35:23	1	3	15	0
        110475	2026-05-19 12:35:37	1	3	15	0
        117043	2026-05-19 12:36:02	1	3	15	0
        110084	2026-05-19 12:36:15	1	3	15	0
        117660	2026-05-19 12:36:21	1	3	15	0
        117635	2026-05-19 12:36:24	1	3	15	0
        118046	2026-05-19 12:36:28	1	3	15	0
        117236	2026-05-19 12:36:32	1	3	15	0
        110025	2026-05-19 12:36:40	1	3	15	0
        110507	2026-05-19 12:36:55	1	3	15	0
        116441	2026-05-19 12:36:59	1	3	15	0
        116512	2026-05-19 12:37:13	1	3	15	0
        116751	2026-05-19 12:37:15	1	3	15	0
        117595	2026-05-19 12:37:27	1	3	15	0
        117114	2026-05-19 12:37:32	1	3	15	0
        118101	2026-05-19 12:37:34	1	3	15	0
        117828	2026-05-19 12:37:37	1	3	15	0
        117088	2026-05-19 12:37:39	1	3	15	0
        110431	2026-05-19 12:37:42	1	3	15	0
        116831	2026-05-19 12:38:24	1	3	15	0
        110785	2026-05-19 12:38:31	1	3	15	0
        116741	2026-05-19 12:38:49	1	3	15	0
        118568	2026-05-19 12:39:20	1	3	15	0
        110549	2026-05-19 12:39:35	1	3	15	0
        118580	2026-05-19 12:39:40	1	3	15	0
        110538	2026-05-19 12:39:46	1	3	15	0
        117092	2026-05-19 12:39:51	1	3	15	0
        110511	2026-05-19 12:40:10	1	3	15	0
        119493	2026-05-19 12:41:00	1	3	15	0
        117121	2026-05-19 12:41:11	1	3	15	0
        117156	2026-05-19 12:41:12	1	3	15	0
        118782	2026-05-19 12:41:15	1	3	15	0
        110196	2026-05-19 12:41:26	1	3	15	0
        117684	2026-05-19 12:41:28	1	3	15	0
        117971	2026-05-19 12:41:32	1	3	15	0
        110645	2026-05-19 12:41:33	1	3	15	0
        110050	2026-05-19 12:41:34	1	3	15	0
        117483	2026-05-19 12:41:43	1	3	15	0
        110074	2026-05-19 12:41:57	1	3	15	0
        117972	2026-05-19 12:42:11	1	3	15	0
        117575	2026-05-19 12:42:15	1	3	15	0
        119143	2026-05-19 12:42:19	1	3	15	0
        116902	2026-05-19 12:42:44	1	3	15	0
        118302	2026-05-19 12:42:48	1	3	15	0
        116747	2026-05-19 12:42:51	1	3	15	0
        117528	2026-05-19 12:43:09	1	3	15	0
        110196	2026-05-19 12:43:22	1	3	15	0
        117684	2026-05-19 12:43:25	1	3	15	0
        110418	2026-05-19 12:44:03	1	3	15	0
        116763	2026-05-19 12:44:05	1	3	15	0
        110473	2026-05-19 12:44:10	1	3	15	0
        110050	2026-05-19 12:44:30	1	3	15	0
        117337	2026-05-19 12:44:49	1	3	15	0
        118917	2026-05-19 12:45:13	1	3	15	0
        110063	2026-05-19 12:46:01	1	3	15	0
        119449	2026-05-19 12:46:30	1	3	15	0
        118782	2026-05-19 12:46:43	1	3	15	0
        117121	2026-05-19 12:46:49	1	3	15	0
        119143	2026-05-19 12:46:52	1	3	15	0
        117972	2026-05-19 12:46:55	1	3	15	0
        118593	2026-05-19 12:47:29	1	3	15	0
        110452	2026-05-19 12:47:38	1	3	15	0
        116831	2026-05-19 12:47:55	1	3	15	0
        110085	2026-05-19 12:48:00	1	3	15	0
        118997	2026-05-19 12:48:49	1	3	15	0
        110076	2026-05-19 12:49:07	1	3	15	0
        116297	2026-05-19 12:49:13	1	3	15	0
        119070	2026-05-19 12:49:49	1	3	15	0
        110809	2026-05-19 12:49:54	1	3	15	0
        118455	2026-05-19 12:49:56	1	3	15	0
        117259	2026-05-19 12:49:59	1	3	15	0
        117575	2026-05-19 12:51:06	1	3	15	0
        117528	2026-05-19 12:51:31	1	3	15	0
        116512	2026-05-19 12:52:16	1	3	15	0
        116751	2026-05-19 12:52:20	1	3	15	0
        117270	2026-05-19 12:52:27	1	3	15	0
        110085	2026-05-19 12:52:54	1	3	15	0
        110201	2026-05-19 12:54:05	1	3	15	0
        118207	2026-05-19 12:54:11	1	3	15	0
        116346	2026-05-19 12:54:14	1	3	15	0
        117103	2026-05-19 12:54:18	1	3	15	0
        119594	2026-05-19 12:54:22	1	3	15	0
        118455	2026-05-19 12:55:05	1	3	15	0
        119070	2026-05-19 12:55:07	1	3	15	0
        117259	2026-05-19 12:55:10	1	3	15	0
        119594	2026-05-19 12:56:33	1	3	15	0
        110006	2026-05-19 12:57:07	1	3	15	0
        118997	2026-05-19 12:57:27	1	3	15	0
        118207	2026-05-19 12:57:31	1	3	15	0
        116346	2026-05-19 12:57:32	1	3	15	0
        117103	2026-05-19 12:57:35	1	3	15	0
        117786	2026-05-19 12:57:37	1	3	15	0
        110201	2026-05-19 12:58:23	1	3	15	0
        110006	2026-05-19 12:58:54	1	3	15	0
        116279	2026-05-19 12:58:59	1	3	15	0
        110055	2026-05-19 13:01:02	1	3	15	0
        117965	2026-05-19 13:05:57	1	3	15	0
        117770	2026-05-19 15:20:35	1	3	15	0
        117113	2026-05-19 15:53:37	1	3	15	0
        110076	2026-05-19 16:15:01	1	1	15	0
        116297	2026-05-19 17:01:20	1	1	15	0
        117930	2026-05-19 17:01:26	1	1	15	0
        117983	2026-05-19 17:01:28	1	1	15	0
        110421	2026-05-19 17:01:30	1	1	15	0
        110785	2026-05-19 17:01:32	1	1	15	0
        116282	2026-05-19 17:01:34	1	1	15	0
        118157	2026-05-19 17:01:36	1	1	15	0
        117683	2026-05-19 17:01:38	1	1	15	0
        117833	2026-05-19 17:01:41	1	1	15	0
        110197	2026-05-19 17:01:45	1	1	15	0
        117224	2026-05-19 17:01:50	1	1	15	0
        117997	2026-05-19 17:01:58	1	1	15	0
        117828	2026-05-19 17:02:25	1	1	15	0
        118101	2026-05-19 17:02:28	1	1	15	0
        118917	2026-05-19 17:02:40	1	1	15	0
        110447	2026-05-19 17:02:44	1	1	15	0
        117528	2026-05-19 17:02:47	1	1	15	0
        117100	2026-05-19 17:02:52	1	1	15	0
        116279	2026-05-19 17:03:12	1	1	15	0
        110431	2026-05-19 17:03:19	1	1	15	0
        117156	2026-05-19 17:03:21	1	1	15	0
        117121	2026-05-19 17:03:35	1	1	15	0
        110452	2026-05-19 17:03:42	1	1	15	0
        117043	2026-05-19 17:03:48	1	1	15	0
        117232	2026-05-19 17:03:52	1	1	15	0
        110819	2026-05-19 17:04:30	1	1	15	0
        116902	2026-05-19 17:04:34	1	1	15	0
        110816	2026-05-19 17:04:44	1	1	15	0
        110201	2026-05-19 17:05:08	1	1	15	0
        117692	2026-05-19 17:06:01	1	1	15	0
        116763	2026-05-19 17:06:03	1	1	15	0
        110418	2026-05-19 17:06:05	1	1	15	0
        110817	2026-05-19 17:06:08	1	1	15	0
        117920	2026-05-19 17:06:10	1	1	15	0
        117850	2026-05-19 17:06:14	1	1	15	0
        117900	2026-05-19 17:06:31	1	1	15	0
        117786	2026-05-19 17:07:32	1	1	15	0
        110549	2026-05-19 17:07:56	1	1	15	0
        118493	2026-05-19 17:08:24	1	1	15	0
        117926	2026-05-19 17:09:36	1	1	15	0
        118782	2026-05-19 17:11:08	1	1	15	0
        117630	2026-05-19 17:11:27	1	1	15	0
        117965	2026-05-19 17:11:38	1	1	15	0
        110196	2026-05-19 17:11:42	1	1	15	0
        118186	2026-05-19 17:11:55	1	1	15	0
        117915	2026-05-19 17:12:13	1	1	15	0
        116422	2026-05-19 17:14:50	1	1	15	0
        117219	2026-05-19 17:14:52	1	1	15	0
        118180	2026-05-19 17:15:35	1	1	15	0
        116428	2026-05-19 17:15:50	1	1	15	0
        117814	2026-05-19 17:18:26	1	1	15	0
        118928	2026-05-19 17:20:02	1	1	15	0
        116129	2026-05-19 17:20:09	1	1	15	0
        118813	2026-05-19 17:20:12	1	1	15	0
        119272	2026-05-19 17:20:15	1	1	15	0
        110513	2026-05-19 17:26:39	1	1	15	0
        110436	2026-05-19 17:27:09	1	1	15	0
        110172	2026-05-19 17:27:13	1	1	15	0
        116824	2026-05-19 17:45:27	1	1	15	0
        110195	2026-05-19 17:45:44	1	1	15	0
        117835	2026-05-19 18:01:18	1	1	15	0
        117222	2026-05-19 18:01:21	1	1	15	0
        118744	2026-05-19 18:02:13	1	1	15	0
        110809	2026-05-19 18:02:29	1	1	15	0
        110832	2026-05-19 18:02:33	1	1	15	0
        117483	2026-05-19 18:02:58	1	1	15	0
        110574	2026-05-19 18:03:02	1	1	15	0
        119070	2026-05-19 18:04:12	1	1	15	0
        116747	2026-05-19 18:04:29	1	1	15	0
        119571	2026-05-19 18:05:13	1	1	15	0
        110493	2026-05-19 18:05:17	1	1	15	0
        118568	2026-05-19 18:05:21	1	1	15	0
        119143	2026-05-19 18:06:39	1	1	15	0
        118550	2026-05-19 18:07:14	1	1	15	0
        117196	2026-05-19 18:07:18	1	1	15	0
        110834	2026-05-19 18:08:34	1	1	15	0
        117733	2026-05-19 18:09:09	1	1	15	0
        117230	2026-05-19 18:09:42	1	1	15	0
        116990	2026-05-19 18:10:07	1	1	15	0
        117660	2026-05-19 18:10:13	1	1	15	0
        118750	2026-05-19 18:10:18	1	1	15	0
        117042	2026-05-19 18:10:24	1	1	15	0
        116451	2026-05-19 18:10:26	1	1	15	0
        117039	2026-05-19 18:10:38	1	1	15	0
        118593	2026-05-19 18:11:11	1	1	15	0
        116741	2026-05-19 18:11:22	1	1	15	0
        110093	2026-05-19 18:11:37	1	1	15	0
        116960	2026-05-19 18:12:45	1	1	15	0
        110065	2026-05-19 18:12:49	1	1	15	0
        118271	2026-05-19 18:13:09	1	1	15	0
        116496	2026-05-19 18:13:52	1	1	15	0
        118997	2026-05-19 18:14:05	1	1	15	0
        110527	2026-05-19 18:14:47	1	1	15	0
        117591	2026-05-19 18:15:43	1	1	15	0
        119535	2026-05-19 18:16:48	1	1	15	0
        118640	2026-05-19 18:17:02	1	1	15	0
        110085	2026-05-19 18:18:00	1	1	15	0
        116095	2026-05-19 18:18:17	1	1	15	0
        110113	2026-05-19 18:18:26	1	1	15	0
        119453	2026-05-19 18:18:30	1	1	15	0
        116512	2026-05-19 18:19:31	1	1	15	0
        116751	2026-05-19 18:19:34	1	1	15	0
        117769	2026-05-19 18:19:51	1	1	15	0
        119006	2026-05-19 18:19:56	1	1	15	0
        119594	2026-05-19 18:19:59	1	1	15	0
        117966	2026-05-19 18:20:02	1	1	15	0
        117635	2026-05-19 18:20:06	1	1	15	0
        118695	2026-05-19 18:20:16	1	1	15	0
        118046	2026-05-19 18:20:19	1	1	15	0
        117337	2026-05-19 18:20:21	1	1	15	0
        117103	2026-05-19 18:20:29	1	1	15	0
        118971	2026-05-19 18:21:39	1	1	15	0
        110581	2026-05-19 18:22:10	1	1	15	0
        110580	2026-05-19 18:22:13	1	1	15	0
        110732	2026-05-19 18:22:18	1	1	15	0
        118207	2026-05-19 18:24:52	1	1	15	0
        117497	2026-05-19 18:24:58	1	1	15	0
        117201	2026-05-19 18:25:08	1	1	15	0
        118455	2026-05-19 18:25:11	1	1	15	0
        117259	2026-05-19 18:25:13	1	1	15	0
        116346	2026-05-19 18:28:08	1	1	15	0
        110511	2026-05-19 18:29:19	1	1	15	0
        110456	2026-05-19 18:29:24	1	1	15	0
        117092	2026-05-19 18:29:55	1	1	15	0
        110807	2026-05-19 18:30:32	1	1	15	0
        117236	2026-05-19 18:30:46	1	1	15	0
        118563	2026-05-19 18:30:55	1	1	15	0
        117046	2026-05-19 18:31:00	1	1	15	0
        118761	2026-05-19 18:32:10	1	1	15	0
        117711	2026-05-19 18:32:49	1	1	15	0
        110538	2026-05-19 18:33:49	1	1	15	0
        110084	2026-05-19 18:33:56	1	1	15	0
        110492	2026-05-19 18:34:12	1	1	15	0
        116483	2026-05-19 18:36:09	1	1	15	0
        110074	2026-05-19 18:36:11	1	1	15	0
        110466	2026-05-19 18:36:40	1	1	15	0
        118302	2026-05-19 18:36:48	1	1	15	0
        117680	2026-05-19 18:37:18	1	1	15	0
        110475	2026-05-19 18:39:57	1	1	15	0
        110473	2026-05-19 18:40:01	1	1	15	0
        116383	2026-05-19 18:40:10	1	1	15	0
        119493	2026-05-19 18:40:14	1	1	15	0
        117487	2026-05-19 18:40:25	1	1	15	0
        117705	2026-05-19 18:40:31	1	1	15	0
        118221	2026-05-19 18:40:59	1	1	15	0
        118458	2026-05-19 18:41:05	1	1	15	0
        110128	2026-05-19 18:42:33	1	1	15	0
        110100	2026-05-19 18:42:52	1	1	15	0
        117270	2026-05-19 18:43:03	1	1	15	0
        110100	2026-05-19 18:44:59	1	1	15	0
        117811	2026-05-19 18:45:24	1	1	15	0
        117839	2026-05-19 18:45:26	1	1	15	0
        117085	2026-05-19 18:45:34	1	1	15	0
        110060	2026-05-19 18:46:26	1	1	15	0
        110040	2026-05-19 18:46:38	1	1	15	0
        118753	2026-05-19 18:47:14	1	1	15	0
        116260	2026-05-19 18:48:21	1	1	15	0
        110465	2026-05-19 18:49:08	1	1	15	0
        110463	2026-05-19 18:49:13	1	1	15	0
        110088	2026-05-19 18:50:06	1	1	15	0
        117616	2026-05-19 18:50:23	1	1	15	0
        117088	2026-05-19 18:50:58	1	1	15	0
        117122	2026-05-19 18:51:41	1	1	15	0
        116799	2026-05-19 18:51:55	1	1	15	0
        110808	2026-05-19 18:52:02	1	1	15	0
        110507	2026-05-19 18:52:33	1	1	15	0
        117567	2026-05-19 18:52:43	1	1	15	0
        117091	2026-05-19 18:54:30	1	1	15	0
        110131	2026-05-19 18:56:26	1	1	15	0
        116453	2026-05-19 18:56:53	1	1	15	0
        110158	2026-05-19 18:58:06	1	1	15	0
        110050	2026-05-19 18:58:30	1	1	15	0
        117684	2026-05-19 18:58:37	1	1	15	0
        110495	2026-05-19 18:58:41	1	1	15	0
        110810	2026-05-19 18:59:00	1	1	15	0
        110357	2026-05-19 18:59:22	1	1	15	0
        116453	2026-05-19 18:59:27	1	1	15	0
        116070	2026-05-19 19:00:04	1	1	15	0
        116787	2026-05-19 19:00:14	1	1	15	0
        116356	2026-05-19 19:00:29	1	1	15	0
        119263	2026-05-19 19:00:30	1	1	15	0
        117061	2026-05-19 19:00:32	1	1	15	0
        117981	2026-05-19 19:00:35	1	1	15	0
        110457	2026-05-19 19:00:36	1	1	15	0
        110833	2026-05-19 19:00:38	1	1	15	0
        110116	2026-05-19 19:00:40	1	1	15	0
        118369	2026-05-19 19:00:43	1	1	15	0
        116805	2026-05-19 19:00:45	1	1	15	0
        117924	2026-05-19 19:00:47	1	1	15	0
        110657	2026-05-19 19:00:48	1	1	15	0
        116072	2026-05-19 19:00:51	1	1	15	0
        117817	2026-05-19 19:00:53	1	1	15	0
        117543	2026-05-19 19:00:55	1	1	15	0
        116995	2026-05-19 19:00:57	1	1	15	0
        119364	2026-05-19 19:01:15	1	1	15	0
        110645	2026-05-19 19:01:42	1	1	15	0
        110077	2026-05-19 19:02:26	1	1	15	0
        118580	2026-05-19 19:02:33	1	1	15	0
        117840	2026-05-19 19:03:09	1	1	15	0
        110354	2026-05-19 19:03:14	1	1	15	0
        117921	2026-05-19 19:03:48	1	1	15	0
        117841	2026-05-19 19:04:31	1	1	15	0
        117645	2026-05-19 19:04:54	1	1	15	0
        117707	2026-05-19 19:05:03	1	1	15	0
        117972	2026-05-19 19:05:35	1	1	15	0
        117162	2026-05-19 19:05:59	1	1	15	0
        117129	2026-05-19 19:06:02	1	1	15	0
        116142	2026-05-19 19:06:36	1	1	15	0
        110050	2026-05-19 19:06:42	1	1	15	0
        110063	2026-05-19 19:07:07	1	1	15	0
        118862	2026-05-19 19:07:13	1	1	15	0
        117699	2026-05-19 19:07:36	1	1	15	0
        110367	2026-05-19 19:07:57	1	1	15	0
        119232	2026-05-19 19:08:14	1	1	15	0
        116497	2026-05-19 19:08:42	1	1	15	0
        116142	2026-05-19 19:08:46	1	1	15	0
        117982	2026-05-19 19:09:01	1	1	15	0
        117575	2026-05-19 19:09:13	1	1	15	0
        110055	2026-05-19 19:09:43	1	1	15	0
        110090	2026-05-19 19:10:36	1	1	15	0
        116748	2026-05-19 19:10:52	1	1	15	0
        116441	2026-05-19 19:15:38	1	1	15	0
        119494	2026-05-19 19:16:18	1	1	15	0
        117709	2026-05-19 19:16:24	1	1	15	0
        117812	2026-05-19 19:16:27	1	1	15	0
        117807	2026-05-19 19:16:29	1	1	15	0
        116834	2026-05-19 19:16:33	1	1	15	0
        117595	2026-05-19 19:17:01	1	1	15	0
        110025	2026-05-19 19:18:04	1	1	15	0
        119449	2026-05-19 19:18:28	1	1	15	0
        117114	2026-05-19 19:18:41	1	1	15	0
        117849	2026-05-19 19:21:38	1	1	15	0
        116166	2026-05-19 19:22:35	1	1	15	0
        117723	2026-05-19 19:31:39	1	1	15	0
        116933	2026-05-19 19:39:59	1	1	15	0
        117201	2026-05-20 05:02:25	1	0	15	0
        116834	2026-05-20 06:23:29	1	0	15	0
        119571	2026-05-20 06:30:34	1	0	15	0
        119070	2026-05-20 06:31:52	1	0	15	0
        110580	2026-05-20 06:33:07	1	0	15	0
        116232	2026-05-20 06:33:25	1	0	15	0
        116422	2026-05-20 06:35:01	1	0	15	0
        110060	2026-05-20 06:36:47	1	0	15	0
        110809	2026-05-20 06:36:56	1	0	15	0
        116831	2026-05-20 06:38:33	1	0	15	0
        117838	2026-05-20 06:40:00	1	0	1	0
        117054	2026-05-20 06:42:49	1	0	15	0
        118744	2026-05-20 06:44:03	1	0	15	0
        117835	2026-05-20 06:46:37	1	0	15	0
        110834	2026-05-20 06:47:37	1	0	15	0
        118568	2026-05-20 06:49:56	1	0	15	0
        110633	2026-05-20 06:50:01	1	0	15	0
        110131	2026-05-20 06:50:20	1	0	15	0
        116504	2026-05-20 06:53:05	1	0	15	0
        117129	2026-05-20 06:53:36	1	0	15	0
        110832	2026-05-20 06:53:50	1	0	15	0
        117591	2026-05-20 06:54:11	1	0	15	0
        117644	2026-05-20 06:54:19	1	0	15	0
        116741	2026-05-20 06:54:24	1	0	15	0
        110574	2026-05-20 06:54:33	1	0	15	0
        117222	2026-05-20 06:55:20	1	0	15	0
        110493	2026-05-20 06:55:36	1	0	15	0
        117224	2026-05-20 06:57:03	1	0	15	0
        110084	2026-05-20 06:57:07	1	0	15	0
        110511	2026-05-20 06:58:15	1	0	15	0
        117936	2026-05-20 06:58:46	1	0	15	0
        117635	2026-05-20 06:59:08	1	0	15	0
        119143	2026-05-20 06:59:33	1	0	15	0
        118271	2026-05-20 06:59:47	1	0	15	0
        117230	2026-05-20 06:59:56	1	0	15	0
        117483	2026-05-20 07:00:03	1	0	15	0
        117645	2026-05-20 07:00:17	1	0	15	0
        116441	2026-05-20 07:00:37	1	0	15	0
        110128	2026-05-20 07:01:07	1	0	15	0
        117733	2026-05-20 07:01:32	1	0	15	0
        110549	2026-05-20 07:01:53	1	0	15	0
        110065	2026-05-20 07:02:06	1	0	15	0
        110510	2026-05-20 07:02:19	1	0	15	0
        110538	2026-05-20 07:02:28	1	0	15	0
        117839	2026-05-20 07:02:56	1	0	15	0
        117212	2026-05-20 07:03:03	1	0	15	0
        117769	2026-05-20 07:03:34	1	0	15	0
        110113	2026-05-20 07:05:27	1	0	15	0
        110085	2026-05-20 07:05:30	1	0	15	0
        117120	2026-05-20 07:05:34	1	0	15	0
        110465	2026-05-20 07:05:37	1	0	15	0
        110535	2026-05-20 07:06:04	1	0	15	0
        117966	2026-05-20 07:06:17	1	0	15	0
        110732	2026-05-20 07:07:36	1	0	15	0
        116479	2026-05-20 07:08:05	1	0	15	0
        110807	2026-05-20 07:08:32	1	0	15	0
        118640	2026-05-20 07:09:11	1	0	15	0
        118997	2026-05-20 07:09:29	1	0	15	0
        110527	2026-05-20 07:10:10	1	0	15	0
        117542	2026-05-20 07:10:46	1	0	15	0
        110810	2026-05-20 07:11:08	1	0	15	0
        116346	2026-05-20 07:11:25	1	0	15	0
        110473	2026-05-20 07:12:37	1	0	15	0
        110581	2026-05-20 07:12:45	1	0	15	0
        117770	2026-05-20 07:13:00	1	0	15	0
        110632	2026-05-20 07:13:03	1	0	15	0
        116512	2026-05-20 07:13:08	1	0	15	0
        116751	2026-05-20 07:13:09	1	0	15	0
        118580	2026-05-20 07:15:09	1	0	15	0
        117219	2026-05-20 07:15:13	1	0	15	0
        110074	2026-05-20 07:15:21	1	0	15	0
        116496	2026-05-20 07:15:44	1	0	15	0
        119006	2026-05-20 07:15:58	1	0	15	0
        117497	2026-05-20 07:16:02	1	0	15	0
        110785	2026-05-20 07:16:11	1	0	15	0
        116799	2026-05-20 07:16:41	1	0	15	0
        116142	2026-05-20 07:18:18	1	0	15	0
        110507	2026-05-20 07:19:03	1	0	15	0
        118455	2026-05-20 07:19:33	1	0	15	0
        117680	2026-05-20 07:19:36	1	0	15	0
        117837	2026-05-20 07:19:40	1	0	15	0
        110378	2026-05-20 07:20:34	1	0	15	0
        117162	2026-05-20 07:21:24	1	0	15	0
        116073	2026-05-20 07:21:29	1	0	15	0
        110456	2026-05-20 07:22:55	1	0	15	0
        110006	2026-05-20 07:23:58	1	0	15	0
        110457	2026-05-20 07:24:07	1	0	15	0
        117088	2026-05-20 07:24:28	1	0	15	0
        117259	2026-05-20 07:24:50	1	0	15	0
        110424	2026-05-20 07:25:02	1	0	15	0
        117114	2026-05-20 07:25:09	1	0	15	0
        110360	2026-05-20 07:25:12	1	0	15	0
        110492	2026-05-20 07:25:40	1	0	15	0
        117840	2026-05-20 07:26:24	1	0	15	0
        118207	2026-05-20 07:26:30	1	0	15	0
        110466	2026-05-20 07:26:34	1	0	15	0
        117541	2026-05-20 07:27:00	1	0	15	0
        110463	2026-05-20 07:27:31	1	0	15	0
        118862	2026-05-20 07:27:35	1	0	15	0
        110105	2026-05-20 07:27:40	1	0	15	0
        117709	2026-05-20 07:27:55	1	0	15	0
        118550	2026-05-20 07:28:42	1	0	15	0
        110462	2026-05-20 07:28:47	1	0	15	0
        117972	2026-05-20 07:28:56	1	0	15	0
        117969	2026-05-20 07:29:33	1	0	15	0
        110447	2026-05-20 07:30:08	1	0	15	0
        118046	2026-05-20 07:31:09	1	0	15	0
        116828	2026-05-20 07:31:45	1	0	1	0
        117121	2026-05-20 07:32:12	1	0	15	0
        110355	2026-05-20 07:32:51	1	0	15	0
        110356	2026-05-20 07:32:54	1	0	15	0
        110357	2026-05-20 07:32:56	1	0	15	0
        118157	2026-05-20 07:33:00	1	0	15	0
        117921	2026-05-20 07:33:04	1	0	15	0
        116104	2026-05-20 07:33:20	1	0	15	0
        117270	2026-05-20 07:33:40	1	0	15	0
        110645	2026-05-20 07:33:45	1	0	15	0
        117705	2026-05-20 07:33:57	1	0	15	0
        110070	2026-05-20 07:34:13	1	0	15	0
        116383	2026-05-20 07:34:17	1	0	15	0
        116252	2026-05-20 07:34:48	1	0	15	0
        110475	2026-05-20 07:35:11	1	0	15	0
        117103	2026-05-20 07:35:22	1	0	15	0
        117699	2026-05-20 07:37:04	1	0	15	0
        110421	2026-05-20 07:37:08	1	0	15	0
        118302	2026-05-20 07:37:46	1	0	15	0
        119364	2026-05-20 07:37:51	1	0	15	0
        117529	2026-05-20 07:38:52	1	0	15	0
        117543	2026-05-20 07:38:54	1	0	15	0
        116428	2026-05-20 07:39:36	1	0	15	0
        116763	2026-05-20 07:39:38	1	0	15	0
        110063	2026-05-20 07:40:46	1	0	15	0
        117981	2026-05-20 07:40:50	1	0	15	0
        110057	2026-05-20 07:40:50	1	0	15	0
        117487	2026-05-20 07:41:10	1	0	15	0
        116483	2026-05-20 07:41:15	1	0	15	0
        117850	2026-05-20 07:41:23	1	0	15	0
        110025	2026-05-20 07:41:49	1	0	15	0
        110354	2026-05-20 07:42:05	1	0	15	0
        117997	2026-05-20 07:42:42	1	0	15	0
        110462	2026-05-20 07:42:46	1	0	15	0
        110197	2026-05-20 07:42:46	1	0	15	0
        118458	2026-05-20 07:43:14	1	0	15	0
        119386	2026-05-20 07:44:18	1	0	15	0
        110808	2026-05-20 07:44:21	1	0	15	0
        118101	2026-05-20 07:44:26	1	0	15	0
        118928	2026-05-20 07:44:57	1	0	15	0
        117039	2026-05-20 07:45:18	1	0	15	0
        117061	2026-05-20 07:45:24	1	0	15	0
        117232	2026-05-20 07:45:28	1	0	15	0
        110418	2026-05-20 07:45:32	1	0	15	0
        118180	2026-05-20 07:46:12	1	0	15	0
        119227	2026-05-20 07:46:15	1	0	15	0
        119494	2026-05-20 07:46:39	1	0	15	0
        117575	2026-05-20 07:46:53	1	0	15	0
        119263	2026-05-20 07:46:59	1	0	15	0
        118221	2026-05-20 07:47:06	1	0	15	0
        117841	2026-05-20 07:47:27	1	0	15	0
        110116	2026-05-20 07:48:25	1	0	15	0
        117683	2026-05-20 07:48:42	1	0	15	0
        117091	2026-05-20 07:48:49	1	0	15	0
        119107	2026-05-20 07:49:01	1	0	15	0
        118695	2026-05-20 07:49:08	1	0	15	0
        110805	2026-05-20 07:49:13	1	0	15	0
        110077	2026-05-20 07:50:11	1	0	15	0
        118369	2026-05-20 07:50:12	1	0	15	0
        110372	2026-05-20 07:50:23	1	0	15	0
        117790	2026-05-20 07:50:31	1	0	15	0
        118753	2026-05-20 07:50:32	1	0	15	0
        110088	2026-05-20 07:50:35	1	0	15	0
        119449	2026-05-20 07:50:53	1	0	15	0
        117965	2026-05-20 07:50:59	1	0	15	0
        117156	2026-05-20 07:51:16	1	0	15	0
        117711	2026-05-20 07:51:30	1	0	15	0
        117982	2026-05-20 07:51:35	1	0	15	0
        110495	2026-05-20 07:52:19	1	0	15	0
        118782	2026-05-20 07:52:23	1	0	15	0
        117815	2026-05-20 07:52:50	1	0	15	0
        117915	2026-05-20 07:53:26	1	0	15	0
        117634	2026-05-20 07:53:29	1	0	15	0
        110377	2026-05-20 07:53:31	1	0	15	0
        117811	2026-05-20 07:53:34	1	0	15	0
        117616	2026-05-20 07:54:15	1	0	15	0
        116995	2026-05-20 07:54:20	1	0	15	0
        117723	2026-05-20 07:55:09	1	0	15	0
        116297	2026-05-20 07:55:15	1	0	15	0
        117567	2026-05-20 07:55:21	1	0	15	0
        117236	2026-05-20 07:55:27	1	0	15	0
        110836	2026-05-20 07:55:33	1	0	15	0
        117920	2026-05-20 07:55:37	1	0	15	0
        117930	2026-05-20 07:56:13	1	0	15	0
        110201	2026-05-20 07:56:46	1	0	15	0
        116166	2026-05-20 07:57:19	1	0	15	0
        118593	2026-05-20 07:57:41	1	0	15	0
        116805	2026-05-20 07:57:56	1	0	15	0
        118761	2026-05-20 07:58:20	1	0	15	0
        119272	2026-05-20 07:58:55	1	0	15	0
        117144	2026-05-20 07:59:00	1	0	15	0
        116072	2026-05-20 07:59:01	1	0	15	0
        116787	2026-05-20 07:59:08	1	0	15	0
        117684	2026-05-20 07:59:11	1	0	15	0
        118813	2026-05-20 07:59:16	1	0	15	0
        110833	2026-05-20 07:59:23	1	0	15	0
        110090	2026-05-20 08:00:01	1	0	15	0
        117692	2026-05-20 08:00:10	1	0	15	0
        117833	2026-05-20 08:00:57	1	0	15	0
        118186	2026-05-20 08:01:13	1	0	15	0
        116453	2026-05-20 08:02:02	1	0	15	0
        116282	2026-05-20 08:02:07	1	0	15	0
        117113	2026-05-20 08:03:17	1	0	15	0
        110050	2026-05-20 08:03:25	1	0	15	0
        117828	2026-05-20 08:03:35	1	0	15	0
        117924	2026-05-20 08:04:15	1	0	15	0
        119535	2026-05-20 08:04:36	1	0	15	0
        116129	2026-05-20 08:04:40	1	0	15	0
        110100	2026-05-20 08:04:57	1	0	15	0
        116070	2026-05-20 08:05:27	1	0	1	0
        119594	2026-05-20 08:06:36	1	0	15	0
        110055	2026-05-20 08:06:41	1	0	15	0
        110431	2026-05-20 08:06:46	1	0	15	0
        116990	2026-05-20 08:07:15	1	0	15	0
        110657	2026-05-20 08:07:22	1	0	15	0
        117196	2026-05-20 08:07:34	1	0	15	0
        117122	2026-05-20 08:07:46	1	0	15	0
        117786	2026-05-20 08:08:37	1	0	15	0
        110436	2026-05-20 08:08:53	1	0	15	0
        110172	2026-05-20 08:08:58	1	0	15	0
        116279	2026-05-20 08:10:18	1	0	15	0
        117993	2026-05-20 08:11:12	1	0	15	0
        117807	2026-05-20 08:12:11	1	0	15	0
        119493	2026-05-20 08:12:47	1	0	15	0
        116849	2026-05-20 08:13:35	1	0	15	0
        118971	2026-05-20 08:14:41	1	0	15	0
        117595	2026-05-20 08:15:05	1	0	15	0
        117092	2026-05-20 08:15:16	1	0	15	0
        110452	2026-05-20 08:15:23	1	0	15	0
        116933	2026-05-20 08:15:56	1	0	15	0
        116497	2026-05-20 08:16:55	1	0	15	0
        117630	2026-05-20 08:24:41	1	0	15	0
        117926	2026-05-20 08:26:25	1	0	15	0
        117817	2026-05-20 08:29:03	1	0	15	0
        118427	2026-05-20 08:31:33	1	0	15	0
        117085	2026-05-20 08:32:41	1	0	15	0
        119232	2026-05-20 08:32:58	1	0	15	0
        110076	2026-05-20 08:40:09	1	0	15	0
        117337	2026-05-20 08:42:11	1	0	15	0
        110040	2026-05-20 08:43:15	1	0	15	0
        117100	2026-05-20 08:45:34	1	0	15	0
        116477	2026-05-20 08:47:32	1	0	15	0
        118917	2026-05-20 09:26:54	1	0	15	0
        116995	2026-05-20 12:00:02	1	2	15	0
        116831	2026-05-20 12:00:05	1	2	15	0
        116070	2026-05-20 12:00:06	1	2	15	0
        110128	2026-05-20 12:00:09	1	2	15	0
        117920	2026-05-20 12:00:11	1	2	15	0
        117850	2026-05-20 12:00:12	1	2	15	0
        116990	2026-05-20 12:00:15	1	2	15	0
        110377	2026-05-20 12:00:17	1	2	15	0
        117807	2026-05-20 12:00:20	1	2	15	0
        117770	2026-05-20 12:00:22	1	2	15	0
        117997	2026-05-20 12:00:24	1	2	15	0
        110355	2026-05-20 12:00:26	1	2	15	0
        110356	2026-05-20 12:00:29	1	2	15	0
        118753	2026-05-20 12:00:35	1	2	15	0
        117833	2026-05-20 12:01:00	1	2	15	0
        117635	2026-05-20 12:01:04	1	2	15	0
        117039	2026-05-20 12:01:07	1	2	15	0
        110527	2026-05-20 12:01:17	1	2	15	0
        116070	2026-05-20 12:01:20	1	2	15	0
        110452	2026-05-20 12:01:25	1	2	15	0
        110463	2026-05-20 12:01:27	1	2	15	0
        110807	2026-05-20 12:01:28	1	2	15	0
        117497	2026-05-20 12:01:30	1	2	15	0
        118186	2026-05-20 12:01:32	1	2	15	0
        119107	2026-05-20 12:01:37	1	2	15	0
        118640	2026-05-20 12:01:40	1	2	15	0
        117837	2026-05-20 12:01:43	1	2	15	0
        118157	2026-05-20 12:01:52	1	2	15	0
        117683	2026-05-20 12:01:55	1	2	15	0
        117915	2026-05-20 12:01:57	1	2	15	0
        117634	2026-05-20 12:01:59	1	2	15	0
        117196	2026-05-20 12:02:01	1	2	15	0
        110424	2026-05-20 12:02:03	1	2	15	0
        110810	2026-05-20 12:02:05	1	2	15	0
        117100	2026-05-20 12:02:07	1	2	15	0
        116441	2026-05-20 12:02:16	1	2	15	0
        116282	2026-05-20 12:02:18	1	2	15	0
        117219	2026-05-20 12:02:20	1	2	15	0
        116422	2026-05-20 12:02:21	1	2	15	0
        117616	2026-05-20 12:02:24	1	2	15	0
        110088	2026-05-20 12:02:26	1	2	15	0
        117529	2026-05-20 12:02:31	1	2	15	0
        110378	2026-05-20 12:02:37	1	2	15	0
        117232	2026-05-20 12:02:41	1	2	15	0
        119263	2026-05-20 12:02:44	1	2	15	0
        117144	2026-05-20 12:02:46	1	2	15	0
        116297	2026-05-20 12:02:48	1	2	15	0
        116787	2026-05-20 12:02:50	1	2	15	0
        116849	2026-05-20 12:02:59	1	2	15	0
        117201	2026-05-20 12:03:03	1	2	15	0
        110473	2026-05-20 12:03:05	1	2	15	0
        117993	2026-05-20 12:03:07	1	2	15	0
        110354	2026-05-20 12:03:09	1	2	15	0
        116828	2026-05-20 12:03:11	1	2	1	0
        117103	2026-05-20 12:03:17	1	2	15	0
        117786	2026-05-20 12:03:19	1	2	15	0
        117122	2026-05-20 12:03:22	1	2	15	0
        119535	2026-05-20 12:03:23	1	2	15	0
        110465	2026-05-20 12:03:28	1	2	15	0
        116763	2026-05-20 12:03:29	1	2	15	0
        110418	2026-05-20 12:03:31	1	2	15	0
        117567	2026-05-20 12:03:34	1	2	15	0
        110632	2026-05-20 12:03:36	1	2	15	0
        110436	2026-05-20 12:03:39	1	2	15	0
        110090	2026-05-20 12:03:46	1	2	15	0
        117920	2026-05-20 12:03:50	1	2	15	0
        117850	2026-05-20 12:03:52	1	2	15	0
        117683	2026-05-20 12:03:55	1	2	15	0
        118157	2026-05-20 12:03:57	1	2	15	0
        116282	2026-05-20 12:03:58	1	2	15	0
        117807	2026-05-20 12:04:00	1	2	15	0
        116990	2026-05-20 12:04:02	1	2	15	0
        116995	2026-05-20 12:04:04	1	2	15	0
        116422	2026-05-20 12:04:06	1	2	15	0
        117219	2026-05-20 12:04:07	1	2	15	0
        117770	2026-05-20 12:04:08	1	2	15	0
        117915	2026-05-20 12:04:10	1	2	15	0
        117634	2026-05-20 12:04:12	1	2	15	0
        118186	2026-05-20 12:04:14	1	2	15	0
        117997	2026-05-20 12:04:15	1	2	15	0
        117711	2026-05-20 12:04:16	1	2	15	0
        110360	2026-05-20 12:04:18	1	2	15	0
        117236	2026-05-20 12:04:20	1	2	15	0
        117930	2026-05-20 12:04:22	1	2	15	0
        118997	2026-05-20 12:04:24	1	2	15	0
        117680	2026-05-20 12:04:26	1	2	15	0
        110172	2026-05-20 12:04:29	1	2	15	0
        110466	2026-05-20 12:04:31	1	2	15	0
        110063	2026-05-20 12:04:32	1	2	15	0
        110113	2026-05-20 12:04:35	1	2	15	0
        118271	2026-05-20 12:04:38	1	2	15	0
        110832	2026-05-20 12:04:41	1	2	15	0
        117926	2026-05-20 12:04:43	1	2	15	0
        110105	2026-05-20 12:04:47	1	2	15	0
        118101	2026-05-20 12:05:01	1	2	15	0
        117828	2026-05-20 12:05:02	1	2	15	0
        110377	2026-05-20 12:05:10	1	2	15	0
        116252	2026-05-20 12:05:15	1	2	15	0
        116787	2026-05-20 12:05:23	1	2	15	0
        116849	2026-05-20 12:05:25	1	2	15	0
        117497	2026-05-20 12:05:28	1	2	15	0
        119263	2026-05-20 12:05:28	1	2	15	0
        116279	2026-05-20 12:05:33	1	2	15	0
        110424	2026-05-20 12:05:39	1	2	15	0
        117100	2026-05-20 12:05:42	1	2	15	0
        110354	2026-05-20 12:05:45	1	2	15	0
        116477	2026-05-20 12:05:48	1	2	15	0
        117837	2026-05-20 12:05:50	1	2	15	0
        110070	2026-05-20 12:05:54	1	2	15	0
        118744	2026-05-20 12:05:56	1	2	15	0
        117541	2026-05-20 12:06:00	1	2	15	0
        117121	2026-05-20 12:06:04	1	2	15	0
        117156	2026-05-20 12:06:05	1	2	15	0
        118782	2026-05-20 12:06:08	1	2	15	0
        117259	2026-05-20 12:06:11	1	2	15	0
        118640	2026-05-20 12:06:13	1	2	15	0
        118427	2026-05-20 12:06:17	1	2	15	0
        110421	2026-05-20 12:06:19	1	2	15	0
        110131	2026-05-20 12:06:40	1	2	15	0
        110418	2026-05-20 12:06:53	1	2	15	0
        116763	2026-05-20 12:06:56	1	2	15	0
        117114	2026-05-20 12:07:08	1	2	15	0
        110357	2026-05-20 12:07:09	1	2	15	0
        110456	2026-05-20 12:07:14	1	2	15	0
        110495	2026-05-20 12:07:16	1	2	15	0
        110657	2026-05-20 12:07:21	1	2	15	0
        110493	2026-05-20 12:07:23	1	2	15	0
        110808	2026-05-20 12:07:25	1	2	15	0
        118180	2026-05-20 12:07:27	1	2	15	0
        116441	2026-05-20 12:07:28	1	2	15	0
        117790	2026-05-20 12:07:31	1	2	15	0
        116831	2026-05-20 12:07:35	1	2	15	0
        110077	2026-05-20 12:07:36	1	2	15	0
        117212	2026-05-20 12:07:39	1	2	15	0
        117054	2026-05-20 12:07:41	1	2	15	0
        119535	2026-05-20 12:07:43	1	2	15	0
        116428	2026-05-20 12:07:45	1	2	15	0
        118761	2026-05-20 12:07:48	1	2	15	0
        110057	2026-05-20 12:07:50	1	2	15	0
        119364	2026-05-20 12:07:52	1	2	15	0
        118917	2026-05-20 12:08:02	1	2	15	0
        110549	2026-05-20 12:08:06	1	2	15	0
        110431	2026-05-20 12:08:09	1	2	15	0
        117091	2026-05-20 12:08:14	1	2	15	0
        117723	2026-05-20 12:08:17	1	2	15	0
        116166	2026-05-20 12:08:19	1	2	15	0
        119449	2026-05-20 12:08:20	1	2	15	0
        118302	2026-05-20 12:08:24	1	2	15	0
        116252	2026-05-20 12:08:26	1	2	15	0
        117630	2026-05-20 12:08:27	1	2	15	0
        119386	2026-05-20 12:08:31	1	2	15	0
        110436	2026-05-20 12:08:33	1	2	15	0
        116799	2026-05-20 12:08:37	1	2	15	0
        117575	2026-05-20 12:08:40	1	2	15	0
        117616	2026-05-20 12:08:42	1	2	15	0
        110088	2026-05-20 12:08:44	1	2	15	0
        119143	2026-05-20 12:08:46	1	2	15	0
        117924	2026-05-20 12:08:55	1	2	15	0
        116497	2026-05-20 12:08:56	1	2	15	0
        110457	2026-05-20 12:08:58	1	2	15	0
        117039	2026-05-20 12:09:00	1	2	15	0
        117232	2026-05-20 12:09:05	1	2	15	0
        117635	2026-05-20 12:09:06	1	2	15	0
        117224	2026-05-20 12:09:08	1	2	15	0
        119107	2026-05-20 12:09:11	1	2	15	0
        116072	2026-05-20 12:09:21	1	2	15	0
        117144	2026-05-20 12:09:23	1	2	15	0
        117972	2026-05-20 12:09:25	1	2	15	0
        117201	2026-05-20 12:09:30	1	2	15	0
        110131	2026-05-20 12:09:35	1	2	15	0
        110832	2026-05-20 12:09:39	1	2	15	0
        117236	2026-05-20 12:09:51	1	2	15	0
        118427	2026-05-20 12:09:54	1	2	15	0
        117103	2026-05-20 12:10:04	1	2	15	0
        110807	2026-05-20 12:10:07	1	2	15	0
        110172	2026-05-20 12:10:10	1	2	15	0
        118744	2026-05-20 12:10:12	1	2	15	0
        117259	2026-05-20 12:10:16	1	2	15	0
        117541	2026-05-20 12:10:19	1	2	15	0
        117529	2026-05-20 12:10:32	1	2	15	0
        110466	2026-05-20 12:10:41	1	2	15	0
        110732	2026-05-20 12:10:49	1	2	15	0
        110507	2026-05-20 12:10:53	1	2	15	0
        110581	2026-05-20 12:10:55	1	2	15	0
        110580	2026-05-20 12:10:58	1	2	15	0
        117129	2026-05-20 12:11:00	1	2	15	0
        110006	2026-05-20 12:11:04	1	2	15	0
        117711	2026-05-20 12:11:09	1	2	15	0
        117543	2026-05-20 12:11:23	1	2	15	0
        119143	2026-05-20 12:11:28	1	2	15	0
        110360	2026-05-20 12:11:33	1	2	15	0
        110527	2026-05-20 12:11:36	1	2	15	0
        117091	2026-05-20 12:11:41	1	2	15	0
        117733	2026-05-20 12:11:44	1	2	15	0
        118782	2026-05-20 12:11:46	1	2	15	0
        117121	2026-05-20 12:11:48	1	2	15	0
        117156	2026-05-20 12:11:50	1	2	15	0
        110463	2026-05-20 12:11:52	1	2	15	0
        116751	2026-05-20 12:11:53	1	2	15	0
        116512	2026-05-20 12:11:55	1	2	15	0
        110511	2026-05-20 12:12:00	1	2	15	0
        110063	2026-05-20 12:12:07	1	2	15	0
        117575	2026-05-20 12:12:09	1	2	15	0
        116483	2026-05-20 12:12:11	1	2	15	0
        118180	2026-05-20 12:12:13	1	2	15	0
        117972	2026-05-20 12:12:15	1	2	15	0
        116104	2026-05-20 12:12:16	1	2	15	0
        110128	2026-05-20 12:12:19	1	2	15	0
        110105	2026-05-20 12:12:21	1	2	15	0
        117224	2026-05-20 12:12:24	1	2	15	0
        117790	2026-05-20 12:12:26	1	2	15	0
        117723	2026-05-20 12:12:28	1	2	15	0
        117212	2026-05-20 12:12:31	1	2	15	0
        117054	2026-05-20 12:12:33	1	2	15	0
        110116	2026-05-20 12:13:04	1	2	15	0
        117630	2026-05-20 12:13:08	1	2	15	0
        117567	2026-05-20 12:13:10	1	2	15	0
        110113	2026-05-20 12:13:13	1	2	15	0
        110057	2026-05-20 12:13:18	1	2	15	0
        119364	2026-05-20 12:13:25	1	2	15	0
        119006	2026-05-20 12:13:28	1	2	15	0
        118862	2026-05-20 12:13:30	1	2	15	0
        117088	2026-05-20 12:13:32	1	2	15	0
        110810	2026-05-20 12:13:34	1	2	15	0
        116428	2026-05-20 12:13:36	1	2	15	0
        117591	2026-05-20 12:13:38	1	2	15	0
        118271	2026-05-20 12:13:40	1	2	15	0
        110100	2026-05-20 12:13:42	1	2	15	0
        110060	2026-05-20 12:13:44	1	2	15	0
        110510	2026-05-20 12:13:46	1	2	15	0
        110632	2026-05-20 12:13:52	1	2	15	0
        110355	2026-05-20 12:14:15	1	2	15	0
        110356	2026-05-20 12:14:19	1	2	15	0
        110431	2026-05-20 12:14:24	1	2	15	0
        110549	2026-05-20 12:14:26	1	2	15	0
        116933	2026-05-20 12:14:43	1	2	15	0
        110538	2026-05-20 12:14:59	1	2	15	0
        119493	2026-05-20 12:15:02	1	2	15	0
        110084	2026-05-20 12:15:04	1	2	15	0
        118580	2026-05-20 12:15:06	1	2	15	0
        110457	2026-05-20 12:15:12	1	2	15	0
        116072	2026-05-20 12:15:13	1	2	15	0
        117924	2026-05-20 12:15:18	1	2	15	0
        116497	2026-05-20 12:15:21	1	2	15	0
        110495	2026-05-20 12:15:25	1	2	15	0
        110657	2026-05-20 12:15:28	1	2	15	0
        110493	2026-05-20 12:15:29	1	2	15	0
        110808	2026-05-20 12:15:31	1	2	15	0
        110357	2026-05-20 12:15:33	1	2	15	0
        110456	2026-05-20 12:15:36	1	2	15	0
        116748	2026-05-20 12:15:37	1	2	15	0
        117487	2026-05-20 12:15:39	1	2	15	0
        116483	2026-05-20 12:15:49	1	2	15	0
        110492	2026-05-20 12:15:57	1	2	15	0
        110465	2026-05-20 12:16:39	1	2	15	0
        116751	2026-05-20 12:16:48	1	2	15	0
        117680	2026-05-20 12:17:07	1	2	15	0
        117982	2026-05-20 12:17:11	1	2	15	0
        117692	2026-05-20 12:17:12	1	2	15	0
        117921	2026-05-20 12:17:13	1	2	15	0
        110378	2026-05-20 12:17:29	1	2	15	0
        118862	2026-05-20 12:17:37	1	2	15	0
        116799	2026-05-20 12:17:38	1	2	15	0
        117230	2026-05-20 12:18:04	1	2	15	0
        118550	2026-05-20 12:18:06	1	2	15	0
        117129	2026-05-20 12:18:20	1	2	15	0
        117595	2026-05-20 12:18:25	1	2	15	0
        110084	2026-05-20 12:18:29	1	2	15	0
        110538	2026-05-20 12:18:33	1	2	15	0
        117162	2026-05-20 12:19:06	1	2	15	0
        116166	2026-05-20 12:19:08	1	2	15	0
        117270	2026-05-20 12:19:11	1	2	15	0
        117591	2026-05-20 12:19:13	1	2	15	0
        110633	2026-05-20 12:19:17	1	2	15	0
        116828	2026-05-20 12:19:55	1	2	1	0
        116512	2026-05-20 12:20:21	1	2	15	0
        117841	2026-05-20 12:20:26	1	2	15	0
        117483	2026-05-20 12:20:28	1	2	15	0
        117839	2026-05-20 12:20:32	1	2	15	0
        117645	2026-05-20 12:20:32	1	2	15	0
        117936	2026-05-20 12:20:35	1	2	15	0
        117840	2026-05-20 12:20:37	1	2	15	0
        110070	2026-05-20 12:20:39	1	2	15	0
        119006	2026-05-20 12:20:50	1	2	15	0
        119493	2026-05-20 12:20:52	1	2	15	0
        116346	2026-05-20 12:20:54	1	2	15	0
        110507	2026-05-20 12:20:59	1	2	15	0
        118580	2026-05-20 12:21:02	1	2	15	0
        118458	2026-05-20 12:21:04	1	2	15	0
        118695	2026-05-20 12:21:08	1	2	15	0
        110197	2026-05-20 12:21:10	1	2	15	0
        110421	2026-05-20 12:21:12	1	2	15	0
        117120	2026-05-20 12:21:14	1	2	15	0
        118046	2026-05-20 12:21:16	1	2	15	0
        110060	2026-05-20 12:21:23	1	2	15	0
        110473	2026-05-20 12:21:25	1	2	15	0
        117993	2026-05-20 12:21:27	1	2	15	0
        117982	2026-05-20 12:21:29	1	2	15	0
        117921	2026-05-20 12:21:31	1	2	15	0
        117692	2026-05-20 12:21:33	1	2	15	0
        110077	2026-05-20 12:21:37	1	2	15	0
        110492	2026-05-20 12:21:39	1	2	15	0
        110074	2026-05-20 12:21:41	1	2	15	0
        110633	2026-05-20 12:21:44	1	2	15	0
        116142	2026-05-20 12:21:47	1	2	15	0
        118753	2026-05-20 12:22:29	1	2	15	0
        117222	2026-05-20 12:22:33	1	2	15	0
        117088	2026-05-20 12:22:36	1	2	15	0
        116933	2026-05-20 12:22:39	1	2	15	0
        117969	2026-05-20 12:22:42	1	2	15	0
        110076	2026-05-20 12:22:47	1	2	15	0
        116346	2026-05-20 12:22:50	1	2	15	0
        118761	2026-05-20 12:22:53	1	2	15	0
        118207	2026-05-20 12:23:06	1	2	15	0
        118917	2026-05-20 12:23:10	1	2	15	0
        116496	2026-05-20 12:23:15	1	2	15	0
        110100	2026-05-20 12:23:19	1	2	15	0
        117815	2026-05-20 12:23:28	1	2	15	0
        117811	2026-05-20 12:23:33	1	2	15	0
        117838	2026-05-20 12:23:35	1	2	15	0
        117966	2026-05-20 12:23:52	1	2	15	0
        117769	2026-05-20 12:23:55	1	2	15	0
        117487	2026-05-20 12:24:03	1	2	15	0
        117230	2026-05-20 12:24:18	1	2	15	0
        118550	2026-05-20 12:24:21	1	2	15	0
        110074	2026-05-20 12:24:28	1	2	15	0
        118928	2026-05-20 12:24:35	1	2	15	0
        116129	2026-05-20 12:24:37	1	2	15	0
        117930	2026-05-20 12:24:39	1	2	15	0
        116279	2026-05-20 12:24:41	1	2	15	0
        110581	2026-05-20 12:24:50	1	2	15	0
        110580	2026-05-20 12:24:53	1	2	15	0
        110732	2026-05-20 12:24:56	1	2	15	0
        118813	2026-05-20 12:24:57	1	2	15	0
        119272	2026-05-20 12:25:02	1	2	15	0
        116073	2026-05-20 12:25:03	1	2	15	0
        110785	2026-05-20 12:25:08	1	2	15	0
        117645	2026-05-20 12:25:20	1	2	15	0
        117936	2026-05-20 12:25:33	1	2	15	0
        118207	2026-05-20 12:25:43	1	2	15	0
        110090	2026-05-20 12:25:51	1	2	15	0
        117114	2026-05-20 12:26:07	1	2	15	0
        110076	2026-05-20 12:26:26	1	2	15	0
        116496	2026-05-20 12:26:31	1	2	15	0
        119449	2026-05-20 12:26:36	1	2	15	0
        117811	2026-05-20 12:26:39	1	2	15	0
        117969	2026-05-20 12:26:41	1	2	15	0
        118221	2026-05-20 12:27:22	1	2	15	0
        118302	2026-05-20 12:27:35	1	2	15	0
        117833	2026-05-20 12:27:43	1	2	15	0
        118695	2026-05-20 12:27:58	1	2	15	0
        118458	2026-05-20 12:28:00	1	2	15	0
        116741	2026-05-20 12:28:12	1	2	15	0
        117542	2026-05-20 12:29:03	1	2	15	0
        110065	2026-05-20 12:29:16	1	2	15	0
        117699	2026-05-20 12:29:20	1	2	15	0
        117815	2026-05-20 12:29:27	1	2	15	0
        117966	2026-05-20 12:29:29	1	2	15	0
        117769	2026-05-20 12:29:31	1	2	15	0
        117838	2026-05-20 12:29:32	1	2	15	0
        118568	2026-05-20 12:29:35	1	2	15	0
        110116	2026-05-20 12:29:58	1	2	15	0
        119272	2026-05-20 12:30:05	1	2	15	0
        118928	2026-05-20 12:30:07	1	2	15	0
        118813	2026-05-20 12:30:10	1	2	15	0
        116129	2026-05-20 12:30:11	1	2	15	0
        118997	2026-05-20 12:30:17	1	2	15	0
        116477	2026-05-20 12:30:23	1	2	15	0
        116142	2026-05-20 12:30:26	1	2	15	0
        117542	2026-05-20 12:30:27	1	2	15	0
        117733	2026-05-20 12:30:43	1	2	15	0
        117270	2026-05-20 12:30:49	1	2	15	0
        117595	2026-05-20 12:30:53	1	2	15	0
        117092	2026-05-20 12:30:56	1	2	15	0
        116453	2026-05-20 12:30:58	1	2	15	0
        117162	2026-05-20 12:31:00	1	2	15	0
        110462	2026-05-20 12:31:02	1	2	15	0
        118221	2026-05-20 12:31:18	1	2	15	0
        117122	2026-05-20 12:31:33	1	2	15	0
        117543	2026-05-20 12:32:04	1	2	15	0
        118593	2026-05-20 12:32:07	1	2	15	0
        117483	2026-05-20 12:32:50	1	2	15	0
        117841	2026-05-20 12:32:53	1	2	15	0
        117839	2026-05-20 12:32:54	1	2	15	0
        117840	2026-05-20 12:32:59	1	2	15	0
        117828	2026-05-20 12:33:08	1	2	15	0
        118101	2026-05-20 12:33:10	1	2	15	0
        118598	2026-05-20 12:33:32	1	2	15	0
        110085	2026-05-20 12:33:33	1	2	15	0
        117222	2026-05-20 12:33:45	1	2	15	0
        117817	2026-05-20 12:33:53	1	2	15	0
        116453	2026-05-20 12:33:57	1	2	15	0
        110462	2026-05-20 12:34:04	1	2	15	0
        110574	2026-05-20 12:34:45	1	2	15	0
        117699	2026-05-20 12:34:59	1	2	15	0
        110077	2026-05-20 12:35:48	1	3	15	0
        117120	2026-05-20 12:35:51	1	3	15	0
        118971	2026-05-20 12:36:11	1	3	15	0
        117644	2026-05-20 12:36:25	1	3	15	0
        110065	2026-05-20 12:36:48	1	3	15	0
        110006	2026-05-20 12:38:15	1	3	15	0
        117965	2026-05-20 12:38:53	1	3	15	0
        117684	2026-05-20 12:38:56	1	3	15	0
        110201	2026-05-20 12:38:59	1	3	15	0
        110040	2026-05-20 12:39:02	1	3	15	0
        110645	2026-05-20 12:39:04	1	3	15	0
        117817	2026-05-20 12:39:14	1	3	15	0
        110574	2026-05-20 12:40:04	1	3	15	0
        117644	2026-05-20 12:40:14	1	3	15	0
        119386	2026-05-20 12:40:43	1	3	15	0
        118568	2026-05-20 12:40:51	1	3	15	0
        116073	2026-05-20 12:41:10	1	3	15	0
        118593	2026-05-20 12:41:26	1	3	15	0
        117684	2026-05-20 12:42:07	1	3	15	0
        118046	2026-05-20 12:42:09	1	3	15	0
        117965	2026-05-20 12:42:12	1	3	15	0
        110040	2026-05-20 12:42:15	1	3	15	0
        110645	2026-05-20 12:42:18	1	3	15	0
        110201	2026-05-20 12:42:26	1	3	15	0
        116741	2026-05-20 12:42:42	1	3	15	0
        110050	2026-05-20 12:43:31	1	3	15	0
        110805	2026-05-20 12:43:35	1	3	15	0
        117337	2026-05-20 12:43:39	1	3	15	0
        119227	2026-05-20 12:43:42	1	3	15	0
        110025	2026-05-20 12:43:45	1	3	15	0
        117926	2026-05-20 12:43:53	1	3	15	0
        118455	2026-05-20 12:44:01	1	3	15	0
        119070	2026-05-20 12:44:05	1	3	15	0
        119594	2026-05-20 12:44:08	1	3	15	0
        119594	2026-05-20 12:45:08	1	3	15	0
        116504	2026-05-20 12:45:26	1	3	15	0
        110511	2026-05-20 12:46:25	1	3	15	0
        110025	2026-05-20 12:46:49	1	3	15	0
        119227	2026-05-20 12:46:54	1	3	15	0
        110197	2026-05-20 12:47:05	1	3	15	0
        110785	2026-05-20 12:47:06	1	3	15	0
        110805	2026-05-20 12:48:09	1	3	15	0
        116504	2026-05-20 12:48:13	1	3	15	0
        117092	2026-05-20 12:48:45	1	3	15	0
        119070	2026-05-20 12:49:13	1	3	15	0
        118455	2026-05-20 12:49:19	1	3	15	0
        110452	2026-05-20 12:50:46	1	3	15	0
        117085	2026-05-20 12:50:57	1	3	15	0
        110085	2026-05-20 12:53:01	1	3	15	0
        116297	2026-05-20 12:53:06	1	3	15	0
        116805	2026-05-20 12:53:27	1	3	15	0
        117061	2026-05-20 12:53:30	1	3	15	0
        118369	2026-05-20 12:53:33	1	3	15	0
        110833	2026-05-20 12:53:35	1	3	15	0
        117981	2026-05-20 12:53:38	1	3	15	0
        118593	2026-05-20 12:53:42	1	3	15	0
        110050	2026-05-20 12:54:10	1	3	15	0
        117085	2026-05-20 12:54:20	1	3	15	0
        117337	2026-05-20 12:55:04	1	3	15	0
        118971	2026-05-20 12:56:29	1	3	15	0
        117786	2026-05-20 12:56:44	1	3	15	0
        110055	2026-05-20 12:56:50	1	3	15	0
        118369	2026-05-20 12:57:04	1	3	15	0
        117061	2026-05-20 12:57:07	1	3	15	0
        116805	2026-05-20 12:57:11	1	3	15	0
        110475	2026-05-20 12:57:12	1	3	15	0
        110833	2026-05-20 12:57:17	1	3	15	0
        117981	2026-05-20 12:57:20	1	3	15	0
        110055	2026-05-20 12:59:16	1	3	15	0
        110475	2026-05-20 12:59:35	1	3	15	0
        117113	2026-05-20 12:59:49	1	3	15	0
        116282	2026-05-20 15:46:00	1	3	15	0
        116297	2026-05-20 17:01:17	1	1	15	0
        117997	2026-05-20 17:01:23	1	1	15	0
        117683	2026-05-20 17:02:23	1	1	15	0
        118157	2026-05-20 17:02:28	1	1	15	0
        110201	2026-05-20 17:03:22	1	1	15	0
        117915	2026-05-20 17:04:11	1	1	15	0
        117634	2026-05-20 17:04:15	1	1	15	0
        110452	2026-05-20 17:04:33	1	1	15	0
        118186	2026-05-20 17:05:21	1	1	15	0
        119272	2026-05-20 17:06:40	1	1	15	0
        116279	2026-05-20 17:07:06	1	1	15	0
        110836	2026-05-20 17:08:15	1	1	15	0
        110431	2026-05-20 17:12:00	1	1	15	0
        110377	2026-05-20 17:12:05	1	1	15	0
        117224	2026-05-20 17:12:10	1	1	15	0
        110785	2026-05-20 17:13:30	1	1	15	0
        118180	2026-05-20 17:14:05	1	1	15	0
        116422	2026-05-20 17:15:01	1	1	15	0
        117219	2026-05-20 17:15:03	1	1	15	0
        117121	2026-05-20 17:20:46	1	1	15	0
        117156	2026-05-20 17:20:49	1	1	15	0
        118782	2026-05-20 17:20:50	1	1	15	0
        118928	2026-05-20 17:20:52	1	1	15	0
        118813	2026-05-20 17:20:54	1	1	15	0
        116129	2026-05-20 17:20:56	1	1	15	0
        110549	2026-05-20 17:21:44	1	1	15	0
        117692	2026-05-20 17:21:46	1	1	15	0
        116428	2026-05-20 17:22:14	1	1	15	0
        118761	2026-05-20 17:23:47	1	1	15	0
        117926	2026-05-20 17:24:21	1	1	15	0
        117833	2026-05-20 17:24:34	1	1	15	0
        117930	2026-05-20 17:24:36	1	1	15	0
        110421	2026-05-20 17:24:38	1	1	15	0
        110076	2026-05-20 17:25:55	1	1	15	0
        117965	2026-05-20 17:26:50	1	1	15	0
        118917	2026-05-20 17:27:58	1	1	15	0
        117828	2026-05-20 17:29:11	1	1	15	0
        118101	2026-05-20 17:29:12	1	1	15	0
        117232	2026-05-20 17:29:17	1	1	15	0
        117790	2026-05-20 17:29:49	1	1	15	0
        116763	2026-05-20 17:30:09	1	1	15	0
        110424	2026-05-20 17:30:30	1	1	15	0
        110418	2026-05-20 17:30:35	1	1	15	0
        117337	2026-05-20 17:31:13	1	1	15	0
        117920	2026-05-20 17:31:26	1	1	15	0
        117850	2026-05-20 17:31:29	1	1	15	0
        110436	2026-05-20 17:35:18	1	1	15	0
        116104	2026-05-20 17:35:35	1	1	15	0
        117786	2026-05-20 17:35:45	1	1	15	0
        118593	2026-05-20 17:36:06	1	1	15	0
        110172	2026-05-20 17:39:35	1	1	15	0
        118695	2026-05-20 17:41:28	1	1	15	0
        110513	2026-05-20 17:47:40	1	1	15	0
        110197	2026-05-20 17:48:24	1	1	15	0
        117054	2026-05-20 17:58:38	1	1	15	0
        117100	2026-05-20 18:00:19	1	1	15	0
        110050	2026-05-20 18:00:37	1	1	15	0
        116741	2026-05-20 18:01:07	1	1	15	0
        118744	2026-05-20 18:01:10	1	1	15	0
        117635	2026-05-20 18:01:17	1	1	15	0
        110832	2026-05-20 18:01:19	1	1	15	0
        117222	2026-05-20 18:02:08	1	1	15	0
        117085	2026-05-20 18:02:30	1	1	15	0
        110834	2026-05-20 18:03:37	1	1	15	0
        119070	2026-05-20 18:03:42	1	1	15	0
        116504	2026-05-20 18:03:45	1	1	15	0
        116232	2026-05-20 18:03:59	1	1	15	0
        110060	2026-05-20 18:04:14	1	1	15	0
        110574	2026-05-20 18:05:04	1	1	15	0
        117230	2026-05-20 18:05:23	1	1	15	0
        117817	2026-05-20 18:05:39	1	1	15	0
        118568	2026-05-20 18:05:44	1	1	15	0
        117769	2026-05-20 18:05:46	1	1	15	0
        117838	2026-05-20 18:05:47	1	1	15	0
        117966	2026-05-20 18:06:04	1	1	15	0
        117936	2026-05-20 18:06:07	1	1	15	0
        117644	2026-05-20 18:06:19	1	1	15	0
        110633	2026-05-20 18:07:11	1	1	15	0
        118271	2026-05-20 18:07:18	1	1	15	0
        119571	2026-05-20 18:07:32	1	1	15	0
        117483	2026-05-20 18:07:38	1	1	15	0
        110113	2026-05-20 18:08:41	1	1	15	0
        118640	2026-05-20 18:09:38	1	1	15	0
        110493	2026-05-20 18:10:42	1	1	15	0
        117770	2026-05-20 18:11:04	1	1	15	0
        117201	2026-05-20 18:11:28	1	1	15	0
        117733	2026-05-20 18:12:25	1	1	15	0
        110465	2026-05-20 18:12:48	1	1	15	0
        117092	2026-05-20 18:12:55	1	1	15	0
        117542	2026-05-20 18:12:59	1	1	15	0
        110807	2026-05-20 18:13:56	1	1	15	0
        117645	2026-05-20 18:14:32	1	1	15	0
        119143	2026-05-20 18:15:27	1	1	15	0
        117236	2026-05-20 18:15:34	1	1	15	0
        110527	2026-05-20 18:16:50	1	1	15	0
        116748	2026-05-20 18:17:05	1	1	15	0
        117129	2026-05-20 18:17:38	1	1	15	0
        116799	2026-05-20 18:17:43	1	1	15	0
        110538	2026-05-20 18:19:40	1	1	15	0
        110084	2026-05-20 18:19:51	1	1	15	0
        116496	2026-05-20 18:20:53	1	1	15	0
        110511	2026-05-20 18:20:57	1	1	15	0
        110507	2026-05-20 18:21:22	1	1	15	0
        110510	2026-05-20 18:23:09	1	1	15	0
        116512	2026-05-20 18:23:22	1	1	15	0
        110810	2026-05-20 18:23:38	1	1	15	0
        116751	2026-05-20 18:23:43	1	1	15	0
        117497	2026-05-20 18:24:07	1	1	15	0
        117837	2026-05-20 18:24:24	1	1	15	0
        110360	2026-05-20 18:26:25	1	1	15	0
        117840	2026-05-20 18:27:45	1	1	15	0
        119006	2026-05-20 18:28:26	1	1	15	0
        110645	2026-05-20 18:29:07	1	1	15	0
        116441	2026-05-20 18:29:10	1	1	15	0
        110128	2026-05-20 18:29:39	1	1	15	0
        116252	2026-05-20 18:30:35	1	1	15	0
        118550	2026-05-20 18:31:17	1	1	15	0
        110100	2026-05-20 18:31:21	1	1	15	0
        118207	2026-05-20 18:31:24	1	1	15	0
        117541	2026-05-20 18:31:27	1	1	15	0
        117259	2026-05-20 18:31:29	1	1	15	0
        116073	2026-05-20 18:31:32	1	1	15	0
        117591	2026-05-20 18:32:35	1	1	15	0
        117114	2026-05-20 18:33:00	1	1	15	0
        110378	2026-05-20 18:33:14	1	1	15	0
        110466	2026-05-20 18:33:26	1	1	15	0
        110463	2026-05-20 18:35:23	1	1	15	0
        110355	2026-05-20 18:35:28	1	1	15	0
        116142	2026-05-20 18:36:27	1	1	15	0
        117103	2026-05-20 18:36:44	1	1	15	0
        117680	2026-05-20 18:37:45	1	1	15	0
        117921	2026-05-20 18:38:08	1	1	15	0
        116142	2026-05-20 18:38:17	1	1	15	0
        117120	2026-05-20 18:38:57	1	1	15	0
        117543	2026-05-20 18:39:46	1	1	15	0
        110357	2026-05-20 18:39:51	1	1	15	0
        110065	2026-05-20 18:39:54	1	1	15	0
        110070	2026-05-20 18:40:37	1	1	15	0
        110462	2026-05-20 18:40:48	1	1	15	0
        110131	2026-05-20 18:41:20	1	1	15	0
        110632	2026-05-20 18:41:27	1	1	15	0
        117699	2026-05-20 18:42:40	1	1	15	0
        110492	2026-05-20 18:43:13	1	1	15	0
        116346	2026-05-20 18:43:18	1	1	15	0
        110456	2026-05-20 18:43:56	1	1	15	0
        118455	2026-05-20 18:45:13	1	1	15	0
        110074	2026-05-20 18:45:18	1	1	15	0
        110105	2026-05-20 18:45:23	1	1	15	0
        118458	2026-05-20 18:45:42	1	1	15	0
        110354	2026-05-20 18:46:59	1	1	15	0
        118997	2026-05-20 18:47:47	1	1	15	0
        117039	2026-05-20 18:47:51	1	1	15	0
        117162	2026-05-20 18:49:15	1	1	15	0
        110805	2026-05-20 18:49:19	1	1	15	0
        118302	2026-05-20 18:49:32	1	1	15	0
        119227	2026-05-20 18:50:36	1	1	15	0
        118046	2026-05-20 18:50:41	1	1	15	0
        110077	2026-05-20 18:51:17	1	1	15	0
        117088	2026-05-20 18:51:27	1	1	15	0
        117487	2026-05-20 18:51:46	1	1	15	0
        117091	2026-05-20 18:51:56	1	1	15	0
        110356	2026-05-20 18:52:16	1	1	15	0
        116831	2026-05-20 18:52:43	1	1	15	0
        110372	2026-05-20 18:53:58	1	1	15	0
        117972	2026-05-20 18:54:18	1	1	15	0
        119449	2026-05-20 18:55:00	1	1	15	0
        110088	2026-05-20 18:55:17	1	1	15	0
        117529	2026-05-20 18:55:32	1	1	15	0
        116166	2026-05-20 18:56:37	1	1	15	0
        110808	2026-05-20 18:56:48	1	1	15	0
        110495	2026-05-20 18:56:50	1	1	15	0
        116483	2026-05-20 18:58:19	1	1	15	0
        118580	2026-05-20 18:59:04	1	1	15	0
        119263	2026-05-20 18:59:33	1	1	15	0
        117815	2026-05-20 18:59:50	1	1	15	0
        110116	2026-05-20 19:00:33	1	1	15	0
        119386	2026-05-20 19:00:48	1	1	15	0
        119535	2026-05-20 19:01:02	1	1	15	0
        117982	2026-05-20 19:01:13	1	1	15	0
        118971	2026-05-20 19:01:17	1	1	15	0
        117711	2026-05-20 19:01:19	1	1	15	0
        110040	2026-05-20 19:01:28	1	1	15	0
        117567	2026-05-20 19:01:30	1	1	15	0
        110657	2026-05-20 19:01:34	1	1	15	0
        110457	2026-05-20 19:01:36	1	1	15	0
        110732	2026-05-20 19:01:40	1	1	15	0
        117144	2026-05-20 19:02:01	1	1	15	0
        116849	2026-05-20 19:02:15	1	1	15	0
        116787	2026-05-20 19:02:19	1	1	15	0
        118427	2026-05-20 19:02:27	1	1	15	0
        110581	2026-05-20 19:02:33	1	1	15	0
        110580	2026-05-20 19:02:35	1	1	15	0
        117723	2026-05-20 19:02:42	1	1	15	0
        118369	2026-05-20 19:03:21	1	1	15	0
        116805	2026-05-20 19:03:23	1	1	15	0
        117811	2026-05-20 19:04:09	1	1	15	0
        117839	2026-05-20 19:04:11	1	1	15	0
        117684	2026-05-20 19:04:13	1	1	15	0
        117841	2026-05-20 19:04:17	1	1	15	0
        117122	2026-05-20 19:04:43	1	1	15	0
        117061	2026-05-20 19:04:47	1	1	15	0
        117981	2026-05-20 19:04:49	1	1	15	0
        117616	2026-05-20 19:04:50	1	1	15	0
        110833	2026-05-20 19:04:52	1	1	15	0
        116828	2026-05-20 19:05:07	1	1	1	0
        117993	2026-05-20 19:05:37	1	1	15	0
        117212	2026-05-20 19:05:43	1	1	15	0
        118221	2026-05-20 19:06:42	1	1	15	0
        116072	2026-05-20 19:07:34	1	1	15	0
        117924	2026-05-20 19:07:36	1	1	15	0
        117575	2026-05-20 19:07:47	1	1	15	0
        117270	2026-05-20 19:07:58	1	1	15	0
        116453	2026-05-20 19:08:32	1	1	15	0
        116933	2026-05-20 19:08:48	1	1	15	0
        116990	2026-05-20 19:08:59	1	1	15	0
        116070	2026-05-20 19:09:04	1	1	15	0
        117575	2026-05-20 19:09:06	1	1	15	0
        116995	2026-05-20 19:09:15	1	1	15	0
        110055	2026-05-20 19:09:18	1	1	15	0
        119594	2026-05-20 19:09:24	1	1	15	0
        117807	2026-05-20 19:09:28	1	1	15	0
        117113	2026-05-20 19:09:38	1	1	15	0
        119493	2026-05-20 19:09:43	1	1	15	0
        110085	2026-05-20 19:09:46	1	1	15	0
        116477	2026-05-20 19:12:16	1	1	15	0
        116497	2026-05-20 19:13:32	1	1	15	0
        117595	2026-05-20 19:14:19	1	1	15	0
        117969	2026-05-20 19:14:38	1	1	15	0
        119107	2026-05-20 19:14:54	1	1	15	0
        110090	2026-05-20 19:15:30	1	1	15	0
        118753	2026-05-20 19:15:48	1	1	15	0
        110057	2026-05-20 19:21:29	1	1	15	0
        119364	2026-05-20 19:21:38	1	1	15	0
        110063	2026-05-20 19:21:46	1	1	15	0
        110475	2026-05-20 19:22:48	1	1	15	0
        110473	2026-05-20 19:22:52	1	1	15	0
        110025	2026-05-20 19:27:57	1	1	15	0
        116834	2026-05-20 19:29:56	1	1	15	0
        118862	2026-05-20 19:32:52	1	1	15	0
        110144	2026-05-21 04:21:07	1	0	15	0
        117201	2026-05-21 04:55:18	1	0	15	0
        110535	2026-05-21 05:35:59	1	0	15	0
        116831	2026-05-21 06:03:17	1	0	15	0
        117835	2026-05-21 06:08:31	1	0	15	0
        118992	2026-05-21 06:20:24	1	0	15	0
        118414	2026-05-21 06:21:03	1	0	15	0
        116232	2026-05-21 06:24:08	1	0	15	0
        119571	2026-05-21 06:34:29	1	0	15	0
        116422	2026-05-21 06:35:03	1	0	15	0
        119070	2026-05-21 06:36:38	1	0	15	0
        119449	2026-05-21 06:39:20	1	0	15	0
        117129	2026-05-21 06:40:56	1	0	15	0
        117120	2026-05-21 06:41:09	1	0	15	0
        110580	2026-05-21 06:41:19	1	0	15	0
        118744	2026-05-21 06:41:41	1	0	15	0
        117147	2026-05-21 06:42:34	1	0	15	0
        110549	2026-05-21 06:44:17	1	0	15	0
        110506	2026-05-21 06:51:09	1	0	15	0
        118568	2026-05-21 06:51:17	1	0	15	0
        118271	2026-05-21 06:51:52	1	0	15	0
        116834	2026-05-21 06:52:30	1	0	15	0
        117936	2026-05-21 06:53:53	1	0	15	0
        117196	2026-05-21 06:54:05	1	0	15	0
        117972	2026-05-21 06:54:56	1	0	15	0
        110832	2026-05-21 06:55:39	1	0	15	0
        117770	2026-05-21 06:56:16	1	0	15	0
        117837	2026-05-21 06:56:19	1	0	15	0
        117838	2026-05-21 06:56:38	1	0	1	0
        117645	2026-05-21 06:57:04	1	0	15	0
        110574	2026-05-21 06:57:08	1	0	15	0
        110493	2026-05-21 06:57:28	1	0	15	0
        110360	2026-05-21 06:57:43	1	0	15	0
        117983	2026-05-21 06:58:11	1	0	15	0
        117591	2026-05-21 06:58:24	1	0	15	0
        117222	2026-05-21 06:58:51	1	0	15	0
        117635	2026-05-21 06:59:48	1	0	15	0
        116504	2026-05-21 07:00:04	1	0	15	0
        117054	2026-05-21 07:00:22	1	0	15	0
        110084	2026-05-21 07:00:54	1	0	15	0
        117230	2026-05-21 07:02:26	1	0	15	0
        117769	2026-05-21 07:02:28	1	0	15	0
        118997	2026-05-21 07:03:07	1	0	15	0
        110065	2026-05-21 07:04:42	1	0	15	0
        117483	2026-05-21 07:04:48	1	0	15	0
        110060	2026-05-21 07:05:32	1	0	15	0
        118640	2026-05-21 07:05:58	1	0	15	0
        116741	2026-05-21 07:06:48	1	0	15	0
        117042	2026-05-21 07:06:51	1	0	15	0
        119006	2026-05-21 07:07:03	1	0	15	0
        110807	2026-05-21 07:07:11	1	0	15	0
        118458	2026-05-21 07:07:36	1	0	15	0
        116496	2026-05-21 07:07:56	1	0	15	0
        110581	2026-05-21 07:08:01	1	0	15	0
        110785	2026-05-21 07:08:06	1	0	15	0
        117839	2026-05-21 07:08:09	1	0	15	0
        119453	2026-05-21 07:08:24	1	0	15	0
        118455	2026-05-21 07:09:43	1	0	15	0
        117833	2026-05-21 07:10:33	1	0	15	0
        117088	2026-05-21 07:10:44	1	0	15	0
        117982	2026-05-21 07:11:27	1	0	15	0
        110074	2026-05-21 07:11:37	1	0	15	0
        110511	2026-05-21 07:11:48	1	0	15	0
        110732	2026-05-21 07:12:10	1	0	15	0
        119263	2026-05-21 07:12:14	1	0	15	0
        116799	2026-05-21 07:12:19	1	0	15	0
        110085	2026-05-21 07:13:42	1	0	15	0
        110527	2026-05-21 07:13:47	1	0	15	0
        116751	2026-05-21 07:14:27	1	0	15	0
        116441	2026-05-21 07:14:50	1	0	15	0
        116479	2026-05-21 07:16:03	1	0	15	0
        110510	2026-05-21 07:16:07	1	0	15	0
        110131	2026-05-21 07:16:12	1	0	15	0
        110834	2026-05-21 07:16:19	1	0	15	0
        110538	2026-05-21 07:16:25	1	0	15	0
        110357	2026-05-21 07:17:35	1	0	15	0
        110810	2026-05-21 07:19:45	1	0	15	0
        117039	2026-05-21 07:20:26	1	0	15	0
        117103	2026-05-21 07:20:50	1	0	15	0
        110462	2026-05-21 07:21:19	1	0	15	0
        117733	2026-05-21 07:21:45	1	0	15	0
        119143	2026-05-21 07:22:33	1	0	15	0
        117541	2026-05-21 07:22:34	1	0	15	0
        110424	2026-05-21 07:22:45	1	0	15	0
        117121	2026-05-21 07:22:57	1	0	15	0
        117811	2026-05-21 07:23:10	1	0	15	0
        110633	2026-05-21 07:23:15	1	0	15	0
        117711	2026-05-21 07:24:06	1	0	15	0
        117259	2026-05-21 07:25:30	1	0	15	0
        110063	2026-05-21 07:25:50	1	0	15	0
        110632	2026-05-21 07:25:54	1	0	15	0
        117981	2026-05-21 07:25:56	1	0	15	0
        110457	2026-05-21 07:25:58	1	0	15	0
        110116	2026-05-21 07:26:00	1	0	15	0
        110105	2026-05-21 07:26:07	1	0	15	0
        119493	2026-05-21 07:26:17	1	0	15	0
        110466	2026-05-21 07:26:30	1	0	15	0
        110128	2026-05-21 07:26:33	1	0	15	0
        117113	2026-05-21 07:27:58	1	0	15	0
        117543	2026-05-21 07:27:59	1	0	15	0
        110465	2026-05-21 07:29:48	1	0	15	0
        117921	2026-05-21 07:29:55	1	0	15	0
        117709	2026-05-21 07:29:57	1	0	15	0
        110418	2026-05-21 07:30:25	1	0	15	0
        118046	2026-05-21 07:30:41	1	0	15	0
        110378	2026-05-21 07:30:56	1	0	15	0
        118580	2026-05-21 07:31:02	1	0	15	0
        119494	2026-05-21 07:31:36	1	0	15	0
        119535	2026-05-21 07:31:40	1	0	15	0
        118563	2026-05-21 07:31:53	1	0	15	0
        116346	2026-05-21 07:32:11	1	0	15	0
        110507	2026-05-21 07:32:27	1	0	15	0
        117091	2026-05-21 07:33:08	1	0	15	0
        116763	2026-05-21 07:33:46	1	0	15	0
        117497	2026-05-21 07:34:13	1	0	15	0
        117162	2026-05-21 07:34:44	1	0	15	0
        110456	2026-05-21 07:34:52	1	0	15	0
        110025	2026-05-21 07:35:19	1	0	15	0
        110492	2026-05-21 07:35:50	1	0	15	0
        110197	2026-05-21 07:36:01	1	0	15	0
        116902	2026-05-21 07:36:05	1	0	15	0
        117219	2026-05-21 07:36:08	1	0	15	0
        110070	2026-05-21 07:36:24	1	0	15	0
        110463	2026-05-21 07:37:12	1	0	15	0
        118157	2026-05-21 07:37:25	1	0	15	0
        110495	2026-05-21 07:37:39	1	0	15	0
        119107	2026-05-21 07:39:51	1	0	15	0
        118302	2026-05-21 07:40:16	1	0	15	0
        116095	2026-05-21 07:40:18	1	0	15	0
        118427	2026-05-21 07:40:26	1	0	15	0
        117840	2026-05-21 07:40:52	1	0	15	0
        116142	2026-05-21 07:41:00	1	0	15	0
        117683	2026-05-21 07:41:09	1	0	15	0
        110100	2026-05-21 07:42:14	1	0	15	0
        116787	2026-05-21 07:42:33	1	0	15	0
        110475	2026-05-21 07:42:44	1	0	15	0
        117997	2026-05-21 07:42:51	1	0	15	0
        119364	2026-05-21 07:43:02	1	0	15	0
        117616	2026-05-21 07:43:20	1	0	15	0
        117900	2026-05-21 07:43:34	1	0	15	0
        116483	2026-05-21 07:43:59	1	0	15	0
        110355	2026-05-21 07:44:09	1	0	15	0
        110356	2026-05-21 07:44:11	1	0	15	0
        117487	2026-05-21 07:44:34	1	0	15	0
        117850	2026-05-21 07:44:39	1	0	15	0
        118550	2026-05-21 07:44:53	1	0	15	0
        116828	2026-05-21 07:45:11	1	0	1	0
        117528	2026-05-21 07:46:34	1	0	15	0
        117114	2026-05-21 07:46:48	1	0	15	0
        119386	2026-05-21 07:47:01	1	0	15	0
        116104	2026-05-21 07:47:09	1	0	15	0
        117915	2026-05-21 07:47:15	1	0	15	0
        117634	2026-05-21 07:47:16	1	0	15	0
        117122	2026-05-21 07:47:42	1	0	15	0
        118180	2026-05-21 07:47:55	1	0	15	0
        116933	2026-05-21 07:47:58	1	0	15	0
        117841	2026-05-21 07:47:59	1	0	15	0
        119227	2026-05-21 07:48:57	1	0	15	0
        116297	2026-05-21 07:49:20	1	0	15	0
        110077	2026-05-21 07:49:44	1	0	15	0
        110473	2026-05-21 07:49:48	1	0	15	0
        116824	2026-05-21 07:49:51	1	0	15	0
        118369	2026-05-21 07:49:56	1	0	15	0
        116282	2026-05-21 07:50:14	1	0	15	0
        110196	2026-05-21 07:50:22	1	0	15	0
        116747	2026-05-21 07:50:34	1	0	15	0
        118928	2026-05-21 07:51:11	1	0	15	0
        110657	2026-05-21 07:52:00	1	0	15	0
        110805	2026-05-21 07:52:04	1	0	15	0
        116428	2026-05-21 07:52:41	1	0	15	0
        118207	2026-05-21 07:53:00	1	0	15	0
        110808	2026-05-21 07:53:03	1	0	15	0
        110377	2026-05-21 07:53:26	1	0	15	0
        117630	2026-05-21 07:53:32	1	0	15	0
        117061	2026-05-21 07:53:36	1	0	15	0
        117567	2026-05-21 07:53:42	1	0	15	0
        110354	2026-05-21 07:54:04	1	0	15	0
        110836	2026-05-21 07:54:16	1	0	15	0
        110158	2026-05-21 07:55:22	1	0	15	0
        110816	2026-05-21 07:55:31	1	0	15	0
        116166	2026-05-21 07:55:51	1	0	15	0
        117815	2026-05-21 07:56:05	1	0	15	0
        117680	2026-05-21 07:56:08	1	0	15	0
        116129	2026-05-21 07:56:19	1	0	15	0
        116073	2026-05-21 07:56:24	1	0	15	0
        117043	2026-05-21 07:56:30	1	0	15	0
        110447	2026-05-21 07:56:35	1	0	15	0
        117046	2026-05-21 07:56:38	1	0	15	0
        117212	2026-05-21 07:56:40	1	0	15	0
        118862	2026-05-21 07:57:22	1	0	15	0
        110413	2026-05-21 07:57:26	1	0	15	0
        116072	2026-05-21 07:57:37	1	0	15	0
        117930	2026-05-21 07:58:00	1	0	15	0
        110088	2026-05-21 07:58:03	1	0	15	0
        116778	2026-05-21 07:58:10	1	0	15	0
        117236	2026-05-21 07:58:35	1	0	15	0
        116383	2026-05-21 07:58:49	1	0	15	0
        118593	2026-05-21 07:59:14	1	0	15	0
        117156	2026-05-21 07:59:18	1	0	15	0
        117723	2026-05-21 07:59:54	1	0	15	0
        117144	2026-05-21 07:59:56	1	0	15	0
        117924	2026-05-21 07:59:59	1	0	15	0
        116252	2026-05-21 08:00:01	1	0	15	0
        117926	2026-05-21 08:00:03	1	0	15	0
        117595	2026-05-21 08:00:07	1	0	15	0
        110421	2026-05-21 08:00:19	1	0	15	0
        110172	2026-05-21 08:00:27	1	0	15	0
        110436	2026-05-21 08:00:28	1	0	15	0
        117085	2026-05-21 08:00:30	1	0	15	0
        116805	2026-05-21 08:00:41	1	0	15	0
        118761	2026-05-21 08:00:57	1	0	15	0
        116990	2026-05-21 08:01:07	1	0	15	0
        117684	2026-05-21 08:01:31	1	0	15	0
        117542	2026-05-21 08:01:36	1	0	15	0
        110833	2026-05-21 08:01:45	1	0	15	0
        116453	2026-05-21 08:03:03	1	0	15	0
        110452	2026-05-21 08:03:43	1	0	15	0
        117659	2026-05-21 08:05:43	1	0	15	0
        117814	2026-05-21 08:05:54	1	0	15	0
        117920	2026-05-21 08:05:59	1	0	15	0
        110055	2026-05-21 08:06:05	1	0	15	0
        117699	2026-05-21 08:06:55	1	0	15	0
        117849	2026-05-21 08:07:15	1	0	15	0
        117965	2026-05-21 08:08:33	1	0	15	0
        118782	2026-05-21 08:08:52	1	0	15	0
        116279	2026-05-21 08:10:31	1	0	15	0
        110090	2026-05-21 08:10:46	1	0	15	0
        110431	2026-05-21 08:10:54	1	0	15	0
        118971	2026-05-21 08:11:52	1	0	15	0
        117828	2026-05-21 08:11:56	1	0	15	0
        117092	2026-05-21 08:12:16	1	0	15	0
        116477	2026-05-21 08:13:40	1	0	15	0
        116849	2026-05-21 08:13:57	1	0	15	0
        117786	2026-05-21 08:17:04	1	0	15	0
        110513	2026-05-21 08:18:46	1	0	15	0
        119232	2026-05-21 08:19:26	1	0	15	0
        117993	2026-05-21 08:20:30	1	0	15	0
        117807	2026-05-21 08:20:33	1	0	15	0
        116497	2026-05-21 08:22:23	1	0	15	0
        117575	2026-05-21 08:22:27	1	0	15	0
        118813	2026-05-21 08:25:43	1	0	15	0
        116069	2026-05-21 08:25:46	1	0	15	0
        116995	2026-05-21 08:25:48	1	0	15	0
        118186	2026-05-21 08:25:50	1	0	15	0
        110195	2026-05-21 08:25:58	1	0	15	0
        118753	2026-05-21 08:27:31	1	0	15	0
        117742	2026-05-21 08:28:42	1	0	15	0
        117817	2026-05-21 08:40:30	1	0	15	0
        117692	2026-05-21 08:42:12	1	0	15	0
        118917	2026-05-21 08:49:36	1	0	15	0
        117529	2026-05-21 08:57:42	1	0	15	0
        110201	2026-05-21 08:58:06	1	0	15	0
        117770	2026-05-21 12:00:03	1	2	15	0
        117742	2026-05-21 12:00:07	1	2	15	0
        110105	2026-05-21 12:00:09	1	2	15	0
        110452	2026-05-21 12:00:11	1	2	15	0
        117837	2026-05-21 12:00:13	1	2	15	0
        110834	2026-05-21 12:00:15	1	2	15	0
        110465	2026-05-21 12:00:18	1	2	15	0
        110063	2026-05-21 12:00:20	1	2	15	0
        110360	2026-05-21 12:00:26	1	2	15	0
        110355	2026-05-21 12:00:38	1	2	15	0
        119143	2026-05-21 12:00:44	1	2	15	0
        110527	2026-05-21 12:00:55	1	2	15	0
        116279	2026-05-21 12:01:00	1	2	15	0
        116252	2026-05-21 12:01:04	1	2	15	0
        110436	2026-05-21 12:01:06	1	2	15	0
        117616	2026-05-21 12:01:10	1	2	15	0
        110088	2026-05-21 12:01:12	1	2	15	0
        110810	2026-05-21 12:01:14	1	2	15	0
        117769	2026-05-21 12:01:16	1	2	15	0
        117144	2026-05-21 12:01:18	1	2	15	0
        110463	2026-05-21 12:01:20	1	2	15	0
        117201	2026-05-21 12:01:22	1	2	15	0
        117659	2026-05-21 12:01:24	1	2	15	0
        116453	2026-05-21 12:01:26	1	2	15	0
        117567	2026-05-21 12:01:28	1	2	15	0
        110632	2026-05-21 12:01:30	1	2	15	0
        110633	2026-05-21 12:01:32	1	2	15	0
        118563	2026-05-21 12:01:34	1	2	15	0
        110172	2026-05-21 12:01:38	1	2	15	0
        119535	2026-05-21 12:01:40	1	2	15	0
        117838	2026-05-21 12:01:42	1	2	15	0
        110447	2026-05-21 12:01:44	1	2	15	0
        117222	2026-05-21 12:01:47	1	2	15	0
        110090	2026-05-21 12:01:49	1	2	15	0
        116504	2026-05-21 12:01:53	1	2	15	0
        116483	2026-05-21 12:01:55	1	2	15	0
        110116	2026-05-21 12:01:58	1	2	15	0
        117114	2026-05-21 12:02:02	1	2	15	0
        119227	2026-05-21 12:02:05	1	2	15	0
        110805	2026-05-21 12:02:07	1	2	15	0
        116496	2026-05-21 12:02:10	1	2	15	0
        116828	2026-05-21 12:02:13	1	2	1	0
        117595	2026-05-21 12:02:20	1	2	15	0
        110195	2026-05-21 12:02:24	1	2	15	0
        110128	2026-05-21 12:02:27	1	2	15	0
        116763	2026-05-21 12:02:33	1	2	15	0
        116477	2026-05-21 12:02:35	1	2	15	0
        117828	2026-05-21 12:02:37	1	2	15	0
        110424	2026-05-21 12:02:37	1	2	15	0
        116824	2026-05-21 12:02:44	1	2	15	0
        117926	2026-05-21 12:02:46	1	2	15	0
        116073	2026-05-21 12:02:49	1	2	15	0
        117039	2026-05-21 12:02:52	1	2	15	0
        117635	2026-05-21 12:02:55	1	2	15	0
        117497	2026-05-21 12:03:12	1	2	15	0
        117680	2026-05-21 12:03:14	1	2	15	0
        117543	2026-05-21 12:03:16	1	2	15	0
        117122	2026-05-21 12:03:18	1	2	15	0
        117930	2026-05-21 12:03:21	1	2	15	0
        110105	2026-05-21 12:03:24	1	2	15	0
        116232	2026-05-21 12:03:29	1	2	15	0
        116828	2026-05-21 12:03:30	1	2	1	0
        117838	2026-05-21 12:03:33	1	2	15	0
        117769	2026-05-21 12:03:35	1	2	15	0
        117770	2026-05-21 12:03:37	1	2	15	0
        110633	2026-05-21 12:03:39	1	2	15	0
        117837	2026-05-21 12:03:40	1	2	15	0
        110807	2026-05-21 12:03:41	1	2	15	0
        117742	2026-05-21 12:03:42	1	2	15	0
        117230	2026-05-21 12:03:46	1	2	15	0
        117129	2026-05-21 12:03:48	1	2	15	0
        117232	2026-05-21 12:03:52	1	2	15	0
        118550	2026-05-21 12:03:54	1	2	15	0
        118992	2026-05-21 12:03:56	1	2	15	0
        118458	2026-05-21 12:03:59	1	2	15	0
        110077	2026-05-21 12:04:03	1	2	15	0
        116453	2026-05-21 12:04:05	1	2	15	0
        117833	2026-05-21 12:04:08	1	2	15	0
        110354	2026-05-21 12:04:13	1	2	15	0
        116279	2026-05-21 12:04:18	1	2	15	0
        116902	2026-05-21 12:04:25	1	2	15	0
        116747	2026-05-21 12:04:26	1	2	15	0
        116483	2026-05-21 12:04:34	1	2	15	0
        116504	2026-05-21 12:04:37	1	2	15	0
        116778	2026-05-21 12:04:39	1	2	15	0
        110357	2026-05-21 12:04:54	1	2	15	0
        110456	2026-05-21 12:04:56	1	2	15	0
        117591	2026-05-21 12:04:58	1	2	15	0
        117817	2026-05-21 12:05:05	1	2	15	0
        119107	2026-05-21 12:05:30	1	2	15	0
        110436	2026-05-21 12:05:33	1	2	15	0
        117993	2026-05-21 12:05:35	1	2	15	0
        117088	2026-05-21 12:05:41	1	2	15	0
        110424	2026-05-21 12:05:44	1	2	15	0
        117828	2026-05-21 12:05:45	1	2	15	0
        117085	2026-05-21 12:05:56	1	2	15	0
        117091	2026-05-21 12:06:00	1	2	15	0
        110465	2026-05-21 12:06:03	1	2	15	0
        119453	2026-05-21 12:06:06	1	2	15	0
        110507	2026-05-21 12:06:11	1	2	15	0
        110360	2026-05-21 12:06:13	1	2	15	0
        110527	2026-05-21 12:06:15	1	2	15	0
        118563	2026-05-21 12:06:18	1	2	15	0
        110785	2026-05-21 12:06:22	1	2	15	0
        117982	2026-05-21 12:06:24	1	2	15	0
        117692	2026-05-21 12:06:29	1	2	15	0
        117921	2026-05-21 12:06:31	1	2	15	0
        110657	2026-05-21 12:06:33	1	2	15	0
        117113	2026-05-21 12:06:34	1	2	15	0
        116933	2026-05-21 12:06:38	1	2	15	0
        110495	2026-05-21 12:06:40	1	2	15	0
        110493	2026-05-21 12:06:42	1	2	15	0
        110808	2026-05-21 12:06:45	1	2	15	0
        117222	2026-05-21 12:06:47	1	2	15	0
        110834	2026-05-21 12:06:49	1	2	15	0
        110085	2026-05-21 12:06:52	1	2	15	0
        117529	2026-05-21 12:07:03	1	2	15	0
        110055	2026-05-21 12:07:06	1	2	15	0
        110356	2026-05-21 12:07:08	1	2	15	0
        117926	2026-05-21 12:07:10	1	2	15	0
        116824	2026-05-21 12:07:12	1	2	15	0
        119535	2026-05-21 12:07:14	1	2	15	0
        117129	2026-05-21 12:07:20	1	2	15	0
        110581	2026-05-21 12:07:23	1	2	15	0
        110580	2026-05-21 12:07:26	1	2	15	0
        117230	2026-05-21 12:07:29	1	2	15	0
        110732	2026-05-21 12:07:31	1	2	15	0
        118550	2026-05-21 12:07:34	1	2	15	0
        119263	2026-05-21 12:07:35	1	2	15	0
        110462	2026-05-21 12:07:36	1	2	15	0
        117920	2026-05-21 12:07:41	1	2	15	0
        117850	2026-05-21 12:07:43	1	2	15	0
        117595	2026-05-21 12:07:45	1	2	15	0
        117997	2026-05-21 12:07:47	1	2	15	0
        110063	2026-05-21 12:07:51	1	2	15	0
        117733	2026-05-21 12:07:53	1	2	15	0
        117699	2026-05-21 12:07:55	1	2	15	0
        110172	2026-05-21 12:08:00	1	2	15	0
        117930	2026-05-21 12:08:02	1	2	15	0
        117833	2026-05-21 12:08:04	1	2	15	0
        110057	2026-05-21 12:08:09	1	2	15	0
        119364	2026-05-21 12:08:16	1	2	15	0
        110377	2026-05-21 12:08:27	1	2	15	0
        110431	2026-05-21 12:08:33	1	2	15	0
        118744	2026-05-21 12:08:36	1	2	15	0
        117635	2026-05-21 12:08:39	1	2	15	0
        110421	2026-05-21 12:08:41	1	2	15	0
        117039	2026-05-21 12:08:42	1	2	15	0
        117144	2026-05-21 12:08:54	1	2	15	0
        117196	2026-05-21 12:08:56	1	2	15	0
        110475	2026-05-21 12:08:59	1	2	15	0
        110473	2026-05-21 12:09:03	1	2	15	0
        117201	2026-05-21 12:09:05	1	2	15	0
        116496	2026-05-21 12:09:07	1	2	15	0
        118917	2026-05-21 12:09:08	1	2	15	0
        110055	2026-05-21 12:09:12	1	2	15	0
        116849	2026-05-21 12:09:14	1	2	15	0
        118458	2026-05-21 12:09:16	1	2	15	0
        116787	2026-05-21 12:09:17	1	2	15	0
        116346	2026-05-21 12:09:19	1	2	15	0
        119227	2026-05-21 12:09:21	1	2	15	0
        110088	2026-05-21 12:09:23	1	2	15	0
        117497	2026-05-21 12:09:26	1	2	15	0
        117120	2026-05-21 12:09:28	1	2	15	0
        110195	2026-05-21 12:09:42	1	2	15	0
        110832	2026-05-21 12:09:44	1	2	15	0
        117616	2026-05-21 12:09:48	1	2	15	0
        117092	2026-05-21 12:09:53	1	2	15	0
        119107	2026-05-21 12:10:02	1	2	15	0
        117920	2026-05-21 12:10:15	1	2	15	0
        117850	2026-05-21 12:10:17	1	2	15	0
        117997	2026-05-21 12:10:21	1	2	15	0
        117043	2026-05-21 12:10:29	1	2	15	0
        110807	2026-05-21 12:10:32	1	2	15	0
        117542	2026-05-21 12:10:35	1	2	15	0
        117259	2026-05-21 12:10:37	1	2	15	0
        118455	2026-05-21 12:10:39	1	2	15	0
        117541	2026-05-21 12:10:43	1	2	15	0
        117733	2026-05-21 12:10:46	1	2	15	0
        110356	2026-05-21 12:10:58	1	2	15	0
        117046	2026-05-21 12:11:06	1	2	15	0
        118992	2026-05-21 12:11:10	1	2	15	0
        117236	2026-05-21 12:11:11	1	2	15	0
        117091	2026-05-21 12:11:13	1	2	15	0
        119364	2026-05-21 12:11:19	1	2	15	0
        110463	2026-05-21 12:11:23	1	2	15	0
        116346	2026-05-21 12:11:30	1	2	15	0
        110462	2026-05-21 12:11:44	1	2	15	0
        119143	2026-05-21 12:11:49	1	2	15	0
        118744	2026-05-21 12:12:06	1	2	15	0
        110077	2026-05-21 12:12:13	1	2	15	0
        116252	2026-05-21 12:12:17	1	2	15	0
        117692	2026-05-21 12:12:23	1	2	15	0
        117567	2026-05-21 12:12:24	1	2	15	0
        117921	2026-05-21 12:12:25	1	2	15	0
        110507	2026-05-21 12:12:32	1	2	15	0
        117543	2026-05-21 12:12:37	1	2	15	0
        117122	2026-05-21 12:12:40	1	2	15	0
        118568	2026-05-21 12:12:43	1	2	15	0
        118917	2026-05-21 12:13:01	1	2	15	0
        117212	2026-05-21 12:13:06	1	2	15	0
        117054	2026-05-21 12:13:09	1	2	15	0
        110377	2026-05-21 12:13:12	1	2	15	0
        110808	2026-05-21 12:13:14	1	2	15	0
        110657	2026-05-21 12:13:16	1	2	15	0
        110495	2026-05-21 12:13:19	1	2	15	0
        110493	2026-05-21 12:13:21	1	2	15	0
        118157	2026-05-21 12:13:23	1	2	15	0
        116282	2026-05-21 12:13:25	1	2	15	0
        117683	2026-05-21 12:13:27	1	2	15	0
        117915	2026-05-21 12:13:29	1	2	15	0
        117634	2026-05-21 12:13:31	1	2	15	0
        117541	2026-05-21 12:13:33	1	2	15	0
        117259	2026-05-21 12:13:35	1	2	15	0
        118455	2026-05-21 12:13:37	1	2	15	0
        117817	2026-05-21 12:13:39	1	2	15	0
        118186	2026-05-21 12:13:42	1	2	15	0
        116751	2026-05-21 12:13:43	1	2	15	0
        110447	2026-05-21 12:13:45	1	2	15	0
        117982	2026-05-21 12:13:55	1	2	15	0
        118997	2026-05-21 12:14:03	1	2	15	0
        110492	2026-05-21 12:14:22	1	2	15	0
        117983	2026-05-21 12:14:25	1	2	15	0
        110418	2026-05-21 12:14:27	1	2	15	0
        117993	2026-05-21 12:14:31	1	2	15	0
        116990	2026-05-21 12:14:32	1	2	15	0
        116995	2026-05-21 12:14:35	1	2	15	0
        110832	2026-05-21 12:14:38	1	2	15	0
        117807	2026-05-21 12:14:40	1	2	15	0
        116070	2026-05-21 12:14:43	1	2	15	0
        110354	2026-05-21 12:14:46	1	2	15	0
        119386	2026-05-21 12:14:47	1	2	15	0
        110197	2026-05-21 12:14:50	1	2	15	0
        117786	2026-05-21 12:14:53	1	2	15	0
        118427	2026-05-21 12:14:57	1	2	15	0
        116104	2026-05-21 12:14:59	1	2	15	0
        118414	2026-05-21 12:15:01	1	2	15	0
        116933	2026-05-21 12:15:03	1	2	15	0
        117054	2026-05-21 12:15:16	1	2	15	0
        110128	2026-05-21 12:15:19	1	2	15	0
        117529	2026-05-21 12:15:21	1	2	15	0
        117212	2026-05-21 12:15:25	1	2	15	0
        110810	2026-05-21 12:15:31	1	2	15	0
        117088	2026-05-21 12:15:36	1	2	15	0
        116282	2026-05-21 12:15:39	1	2	15	0
        118157	2026-05-21 12:15:43	1	2	15	0
        117683	2026-05-21 12:15:49	1	2	15	0
        117634	2026-05-21 12:15:51	1	2	15	0
        117046	2026-05-21 12:15:54	1	2	15	0
        117236	2026-05-21 12:15:56	1	2	15	0
        117915	2026-05-21 12:15:58	1	2	15	0
        117103	2026-05-21 12:16:01	1	2	15	0
        119493	2026-05-21 12:16:07	1	2	15	0
        110538	2026-05-21 12:16:08	1	2	15	0
        116849	2026-05-21 12:16:13	1	2	15	0
        116787	2026-05-21 12:16:15	1	2	15	0
        118186	2026-05-21 12:16:17	1	2	15	0
        116070	2026-05-21 12:16:19	1	2	15	0
        110084	2026-05-21 12:16:24	1	2	15	0
        118580	2026-05-21 12:16:38	1	2	15	0
        110513	2026-05-21 12:16:59	1	2	15	0
        116142	2026-05-21 12:17:25	1	2	15	0
        117680	2026-05-21 12:17:30	1	2	15	0
        117487	2026-05-21 12:17:42	1	2	15	0
        117807	2026-05-21 12:17:54	1	2	15	0
        116995	2026-05-21 12:17:56	1	2	15	0
        116990	2026-05-21 12:17:59	1	2	15	0
        110418	2026-05-21 12:18:05	1	2	15	0
        117723	2026-05-21 12:18:25	1	2	15	0
        119493	2026-05-21 12:18:45	1	2	15	0
        110084	2026-05-21 12:18:49	1	2	15	0
        110538	2026-05-21 12:18:52	1	2	15	0
        118971	2026-05-21 12:18:56	1	2	15	0
        110492	2026-05-21 12:19:06	1	2	15	0
        117103	2026-05-21 12:19:08	1	2	15	0
        119449	2026-05-21 12:19:12	1	2	15	0
        118580	2026-05-21 12:19:14	1	2	15	0
        116129	2026-05-21 12:19:19	1	2	15	0
        118207	2026-05-21 12:19:22	1	2	15	0
        117542	2026-05-21 12:19:23	1	2	15	0
        118813	2026-05-21 12:19:26	1	2	15	0
        118753	2026-05-21 12:19:30	1	2	15	0
        117219	2026-05-21 12:19:34	1	2	15	0
        116422	2026-05-21 12:19:35	1	2	15	0
        118928	2026-05-21 12:19:36	1	2	15	0
        110413	2026-05-21 12:19:40	1	2	15	0
        110355	2026-05-21 12:19:55	1	2	15	0
        116104	2026-05-21 12:20:06	1	2	15	0
        118593	2026-05-21 12:20:10	1	2	15	0
        110574	2026-05-21 12:20:16	1	2	15	0
        110378	2026-05-21 12:20:19	1	2	15	0
        117591	2026-05-21 12:20:25	1	2	15	0
        117699	2026-05-21 12:20:34	1	2	15	0
        118180	2026-05-21 12:20:39	1	2	15	0
        116428	2026-05-21 12:20:49	1	2	15	0
        118761	2026-05-21 12:20:52	1	2	15	0
        110070	2026-05-21 12:21:03	1	2	15	0
        117114	2026-05-21 12:21:09	1	2	15	0
        118302	2026-05-21 12:21:13	1	2	15	0
        110511	2026-05-21 12:21:26	1	2	15	0
        110510	2026-05-21 12:21:29	1	2	15	0
        118046	2026-05-21 12:21:36	1	2	15	0
        116069	2026-05-21 12:21:46	1	2	15	0
        116232	2026-05-21 12:22:51	1	2	15	0
        116422	2026-05-21 12:23:02	1	2	15	0
        117219	2026-05-21 12:23:07	1	2	15	0
        117645	2026-05-21 12:23:10	1	2	15	0
        117840	2026-05-21 12:23:12	1	2	15	0
        117815	2026-05-21 12:23:15	1	2	15	0
        117841	2026-05-21 12:23:17	1	2	15	0
        117092	2026-05-21 12:23:27	1	2	15	0
        110074	2026-05-21 12:23:32	1	2	15	0
        118928	2026-05-21 12:23:37	1	2	15	0
        116129	2026-05-21 12:23:38	1	2	15	0
        110413	2026-05-21 12:23:52	1	2	15	0
        118207	2026-05-21 12:23:53	1	2	15	0
        118813	2026-05-21 12:24:01	1	2	15	0
        118180	2026-05-21 12:24:06	1	2	15	0
        117723	2026-05-21 12:24:14	1	2	15	0
        116297	2026-05-21 12:24:19	1	2	15	0
        117936	2026-05-21 12:24:56	1	2	15	0
        110378	2026-05-21 12:25:03	1	2	15	0
        110549	2026-05-21 12:25:11	1	2	15	0
        110510	2026-05-21 12:25:19	1	2	15	0
        110060	2026-05-21 12:25:24	1	2	15	0
        110785	2026-05-21 12:25:32	1	2	15	0
        117114	2026-05-21 12:25:38	1	2	15	0
        116069	2026-05-21 12:25:54	1	2	15	0
        117483	2026-05-21 12:26:19	1	2	1	0
        117839	2026-05-21 12:26:28	1	2	15	0
        117811	2026-05-21 12:26:32	1	2	15	0
        116428	2026-05-21 12:27:00	1	2	15	0
        117528	2026-05-21 12:27:05	1	2	15	0
        117983	2026-05-21 12:27:11	1	2	15	0
        110074	2026-05-21 12:27:12	1	2	15	0
        116747	2026-05-21 12:27:25	1	2	15	0
        110090	2026-05-21 12:27:27	1	2	15	0
        119453	2026-05-21 12:27:32	1	2	15	0
        116902	2026-05-21 12:27:34	1	2	15	0
        116477	2026-05-21 12:27:37	1	2	15	0
        119263	2026-05-21 12:27:39	1	2	15	0
        110574	2026-05-21 12:27:55	1	2	15	0
        118753	2026-05-21 12:28:09	1	2	15	0
        118761	2026-05-21 12:28:11	1	2	15	0
        110116	2026-05-21 12:28:45	1	2	15	0
        117815	2026-05-21 12:29:27	1	2	15	0
        117711	2026-05-21 12:29:46	1	2	15	0
        117043	2026-05-21 12:29:52	1	2	15	0
        110473	2026-05-21 12:29:57	1	2	15	0
        117162	2026-05-21 12:30:13	1	2	15	0
        119386	2026-05-21 12:30:28	1	2	15	0
        117840	2026-05-21 12:30:33	1	2	15	0
        117487	2026-05-21 12:30:35	1	2	15	0
        117936	2026-05-21 12:30:37	1	2	15	0
        117120	2026-05-21 12:30:39	1	2	15	0
        118271	2026-05-21 12:31:16	1	2	15	0
        110466	2026-05-21 12:31:19	1	2	15	0
        110131	2026-05-21 12:31:21	1	2	15	0
        118221	2026-05-21 12:31:52	1	2	15	0
        110065	2026-05-21 12:32:08	1	2	15	0
        116799	2026-05-21 12:32:11	1	2	15	0
        117630	2026-05-21 12:32:20	1	2	15	0
        110085	2026-05-21 12:32:43	1	2	15	0
        110357	2026-05-21 12:32:53	1	2	15	0
        110456	2026-05-21 12:32:55	1	2	15	0
        118997	2026-05-21 12:33:27	1	2	15	0
        117645	2026-05-21 12:33:36	1	2	15	0
        117841	2026-05-21 12:33:37	1	2	15	0
        117659	2026-05-21 12:33:38	1	2	15	0
        117811	2026-05-21 12:34:01	1	2	15	0
        117483	2026-05-21 12:34:04	1	2	15	0
        117839	2026-05-21 12:34:06	1	2	15	0
        118271	2026-05-21 12:34:10	1	2	15	0
        117630	2026-05-21 12:34:12	1	2	15	0
        110466	2026-05-21 12:34:16	1	2	15	0
        118221	2026-05-21 12:34:21	1	2	15	0
        110060	2026-05-21 12:34:28	1	2	15	0
        110475	2026-05-21 12:34:43	1	3	15	0
        110473	2026-05-21 12:34:48	1	3	15	0
        117162	2026-05-21 12:34:51	1	3	15	0
        110131	2026-05-21 12:35:01	1	3	15	0
        117528	2026-05-21 12:35:10	1	3	15	0
        117156	2026-05-21 12:35:21	1	3	15	0
        117121	2026-05-21 12:35:24	1	3	15	0
        118782	2026-05-21 12:35:31	1	3	15	0
        116142	2026-05-21 12:35:36	1	3	15	0
        117085	2026-05-21 12:35:42	1	3	15	0
        117711	2026-05-21 12:35:47	1	3	15	0
        110065	2026-05-21 12:36:05	1	3	15	0
        116799	2026-05-21 12:36:08	1	3	15	0
        117684	2026-05-21 12:36:30	1	3	15	0
        117965	2026-05-21 12:36:33	1	3	15	0
        110201	2026-05-21 12:37:04	1	3	15	0
        117100	2026-05-21 12:37:53	1	3	15	0
        117814	2026-05-21 12:38:03	1	3	15	0
        110025	2026-05-21 12:38:08	1	3	15	0
        119449	2026-05-21 12:39:07	1	3	15	0
        119006	2026-05-21 12:39:11	1	3	15	0
        117114	2026-05-21 12:39:48	1	3	15	0
        110511	2026-05-21 12:40:04	1	3	15	0
        110197	2026-05-21 12:40:09	1	3	15	0
        116073	2026-05-21 12:40:15	1	3	15	0
        117121	2026-05-21 12:40:39	1	3	15	0
        117156	2026-05-21 12:40:41	1	3	15	0
        118782	2026-05-21 12:40:44	1	3	15	0
        110581	2026-05-21 12:40:49	1	3	15	0
        110580	2026-05-21 12:40:50	1	3	15	0
        110732	2026-05-21 12:40:53	1	3	15	0
        110100	2026-05-21 12:41:04	1	3	15	0
        119006	2026-05-21 12:41:14	1	3	15	0
        117965	2026-05-21 12:41:20	1	3	15	0
        117684	2026-05-21 12:41:22	1	3	15	0
        110201	2026-05-21 12:41:27	1	3	15	0
        110549	2026-05-21 12:41:31	1	3	15	0
        118046	2026-05-21 12:41:36	1	3	15	0
        119070	2026-05-21 12:42:07	1	3	15	0
        118427	2026-05-21 12:42:09	1	3	15	0
        118593	2026-05-21 12:42:18	1	3	15	0
        118414	2026-05-21 12:42:24	1	3	15	0
        110100	2026-05-21 12:42:47	1	3	15	0
        116166	2026-05-21 12:42:54	1	3	15	0
        110025	2026-05-21 12:43:11	1	3	15	0
        118302	2026-05-21 12:43:50	1	3	15	0
        116741	2026-05-21 12:44:10	1	3	15	0
        116441	2026-05-21 12:44:12	1	3	15	0
        119494	2026-05-21 12:44:27	1	3	15	0
        117709	2026-05-21 12:44:32	1	3	15	0
        117849	2026-05-21 12:44:34	1	3	15	0
        110070	2026-05-21 12:45:21	1	3	15	0
        110100	2026-05-21 12:45:28	1	3	15	0
        117849	2026-05-21 12:46:20	1	3	15	0
        117709	2026-05-21 12:46:24	1	3	15	0
        119494	2026-05-21 12:46:29	1	3	15	0
        116751	2026-05-21 12:47:08	1	3	15	0
        119070	2026-05-21 12:47:26	1	3	15	0
        118568	2026-05-21 12:49:56	1	3	15	0
        116166	2026-05-21 12:50:50	1	3	15	0
        110452	2026-05-21 12:51:49	1	3	15	0
        118369	2026-05-21 12:51:52	1	3	15	0
        116805	2026-05-21 12:51:56	1	3	15	0
        117061	2026-05-21 12:51:58	1	3	15	0
        117981	2026-05-21 12:52:07	1	3	15	0
        110457	2026-05-21 12:52:10	1	3	15	0
        110833	2026-05-21 12:52:12	1	3	15	0
        116072	2026-05-21 12:52:14	1	3	15	0
        117924	2026-05-21 12:52:16	1	3	15	0
        116497	2026-05-21 12:52:17	1	3	15	0
        110632	2026-05-21 12:52:19	1	3	15	0
        117814	2026-05-21 12:52:37	1	3	15	0
        116741	2026-05-21 12:52:42	1	3	15	0
        116441	2026-05-21 12:52:44	1	3	15	0
        110376	2026-05-21 12:52:51	1	3	15	0
        117575	2026-05-21 12:53:11	1	3	15	0
        117786	2026-05-21 12:55:01	1	3	15	0
        117981	2026-05-21 12:55:10	1	3	15	0
        117061	2026-05-21 12:55:11	1	3	15	0
        110833	2026-05-21 12:55:22	1	3	15	0
        117924	2026-05-21 12:55:30	1	3	15	0
        116497	2026-05-21 12:55:34	1	3	15	0
        116072	2026-05-21 12:55:35	1	3	15	0
        116805	2026-05-21 12:55:38	1	3	15	0
        118369	2026-05-21 12:55:43	1	3	15	0
        110457	2026-05-21 12:55:51	1	3	15	0
        110431	2026-05-21 12:56:21	1	3	15	0
        116297	2026-05-21 12:56:36	1	3	15	0
        110421	2026-05-21 12:56:50	1	3	15	0
        117575	2026-05-21 12:57:12	1	3	15	0
        118971	2026-05-21 12:58:06	1	3	15	0
        117337	2026-05-21 12:59:00	1	3	15	0
        118180	2026-05-21 13:40:07	1	3	15	0
        116824	2026-05-21 15:13:10	1	3	15	0
        116297	2026-05-21 17:02:52	1	1	15	0
        117997	2026-05-21 17:04:15	1	1	15	0
        116129	2026-05-21 17:04:41	1	1	15	0
        118928	2026-05-21 17:04:43	1	1	15	0
        117850	2026-05-21 17:06:20	1	1	15	0
        117920	2026-05-21 17:06:23	1	1	15	0
        116422	2026-05-21 17:07:17	1	1	15	0
        117219	2026-05-21 17:07:19	1	1	15	0
        110452	2026-05-21 17:08:39	1	1	15	0
        118782	2026-05-21 17:08:55	1	1	15	0
        117156	2026-05-21 17:10:56	1	1	15	0
        110431	2026-05-21 17:11:02	1	1	15	0
        110376	2026-05-21 17:11:34	1	1	15	0
        110377	2026-05-21 17:11:39	1	1	15	0
        118157	2026-05-21 17:12:26	1	1	15	0
        117683	2026-05-21 17:12:28	1	1	15	0
        116282	2026-05-21 17:12:30	1	1	15	0
        117630	2026-05-21 17:12:43	1	1	15	0
        118186	2026-05-21 17:13:22	1	1	15	0
        117915	2026-05-21 17:13:33	1	1	15	0
        117634	2026-05-21 17:13:35	1	1	15	0
        110447	2026-05-21 17:15:00	1	1	15	0
        116428	2026-05-21 17:15:21	1	1	15	0
        118593	2026-05-21 17:15:41	1	1	15	0
        117926	2026-05-21 17:16:15	1	1	15	0
        117965	2026-05-21 17:16:45	1	1	15	0
        118813	2026-05-21 17:20:32	1	1	15	0
        117121	2026-05-21 17:21:22	1	1	15	0
        116279	2026-05-21 17:21:32	1	1	15	0
        117692	2026-05-21 17:25:38	1	1	15	0
        117828	2026-05-21 17:31:04	1	1	15	0
        117100	2026-05-21 17:31:06	1	1	15	0
        117043	2026-05-21 17:31:24	1	1	15	0
        117232	2026-05-21 17:31:32	1	1	15	0
        110549	2026-05-21 17:32:13	1	1	15	0
        110513	2026-05-21 17:34:11	1	1	15	0
        110785	2026-05-21 17:35:02	1	1	15	0
        117814	2026-05-21 17:35:40	1	1	15	0
        110421	2026-05-21 17:35:47	1	1	15	0
        117930	2026-05-21 17:35:50	1	1	15	0
        117833	2026-05-21 17:35:52	1	1	15	0
        117983	2026-05-21 17:35:55	1	1	15	0
        110195	2026-05-21 17:36:59	1	1	15	0
        118563	2026-05-21 17:38:07	1	1	15	0
        116902	2026-05-21 17:38:39	1	1	1	0
        117113	2026-05-21 17:40:26	1	1	15	0
        117786	2026-05-21 17:43:37	1	1	15	0
        110418	2026-05-21 17:46:48	1	1	15	0
        117528	2026-05-21 17:46:50	1	1	15	0
        110424	2026-05-21 17:46:58	1	1	15	0
        118917	2026-05-21 17:47:15	1	1	15	0
        110436	2026-05-21 17:47:18	1	1	15	0
        110172	2026-05-21 17:52:51	1	1	15	0
        117236	2026-05-21 17:55:26	1	1	15	0
        116104	2026-05-21 17:55:49	1	1	15	0
        116747	2026-05-21 17:55:58	1	1	15	0
        117635	2026-05-21 18:01:03	1	1	15	0
        110832	2026-05-21 18:03:01	1	1	15	0
        117837	2026-05-21 18:03:05	1	1	15	0
        117770	2026-05-21 18:03:07	1	1	15	0
        110493	2026-05-21 18:03:44	1	1	15	0
        116232	2026-05-21 18:03:50	1	1	15	0
        117129	2026-05-21 18:04:04	1	1	15	0
        118271	2026-05-21 18:04:51	1	1	15	0
        117835	2026-05-21 18:04:57	1	1	15	0
        119070	2026-05-21 18:05:09	1	1	15	0
        116504	2026-05-21 18:05:14	1	1	15	0
        119449	2026-05-21 18:05:24	1	1	15	0
        110574	2026-05-21 18:05:49	1	1	15	0
        117733	2026-05-21 18:06:28	1	1	15	0
        119493	2026-05-21 18:07:06	1	1	15	0
        110360	2026-05-21 18:07:10	1	1	15	0
        116741	2026-05-21 18:07:35	1	1	15	0
        118458	2026-05-21 18:08:16	1	1	15	0
        116496	2026-05-21 18:08:20	1	1	15	0
        117936	2026-05-21 18:08:54	1	1	15	0
        117769	2026-05-21 18:09:01	1	1	15	0
        117838	2026-05-21 18:09:04	1	1	15	0
        118427	2026-05-21 18:10:08	1	1	15	0
        116496	2026-05-21 18:10:58	1	1	15	0
        117645	2026-05-21 18:11:21	1	1	15	0
        119453	2026-05-21 18:11:51	1	1	15	0
        117483	2026-05-21 18:13:36	1	1	15	0
        110511	2026-05-21 18:13:38	1	1	15	0
        117042	2026-05-21 18:13:58	1	1	15	0
        110527	2026-05-21 18:14:04	1	1	15	0
        117230	2026-05-21 18:14:08	1	1	15	0
        117790	2026-05-21 18:14:22	1	1	15	0
        117982	2026-05-21 18:14:40	1	1	15	0
        110074	2026-05-21 18:14:46	1	1	15	0
        116799	2026-05-21 18:14:50	1	1	15	0
        118455	2026-05-21 18:15:40	1	1	15	0
        110085	2026-05-21 18:16:46	1	1	15	0
        116441	2026-05-21 18:19:20	1	1	15	0
        110834	2026-05-21 18:19:44	1	1	15	0
        116751	2026-05-21 18:20:10	1	1	15	0
        118997	2026-05-21 18:22:35	1	1	15	0
        117039	2026-05-21 18:23:10	1	1	15	0
        117201	2026-05-21 18:25:05	1	1	15	0
        110633	2026-05-21 18:25:52	1	1	15	0
        117541	2026-05-21 18:27:31	1	1	15	0
        117259	2026-05-21 18:27:33	1	1	15	0
        116834	2026-05-21 18:27:39	1	1	15	0
        118992	2026-05-21 18:28:05	1	1	15	0
        110810	2026-05-21 18:28:23	1	1	15	0
        117088	2026-05-21 18:28:45	1	1	15	0
        117085	2026-05-21 18:29:15	1	1	15	0
        117711	2026-05-21 18:30:10	1	1	15	0
        110378	2026-05-21 18:30:32	1	1	15	0
        110538	2026-05-21 18:30:44	1	1	15	0
        110084	2026-05-21 18:30:47	1	1	15	0
        110807	2026-05-21 18:30:50	1	1	15	0
        118580	2026-05-21 18:31:06	1	1	15	0
        110201	2026-05-21 18:32:29	1	1	15	0
        117972	2026-05-21 18:32:52	1	1	15	0
        110507	2026-05-21 18:34:00	1	1	15	0
        110465	2026-05-21 18:35:05	1	1	15	0
        117543	2026-05-21 18:36:07	1	1	15	0
        110197	2026-05-21 18:36:36	1	1	15	0
        117222	2026-05-21 18:36:41	1	1	15	0
        110462	2026-05-21 18:38:30	1	1	15	0
        119571	2026-05-21 18:38:37	1	1	15	0
        110128	2026-05-21 18:38:41	1	1	15	0
        119535	2026-05-21 18:39:33	1	1	15	0
        117337	2026-05-21 18:39:59	1	1	15	0
        119263	2026-05-21 18:40:25	1	1	15	0
        117046	2026-05-21 18:40:41	1	1	15	0
        118761	2026-05-21 18:40:43	1	1	15	0
        117120	2026-05-21 18:41:32	1	1	15	0
        110510	2026-05-21 18:42:10	1	1	15	0
        110060	2026-05-21 18:42:15	1	1	15	0
        110463	2026-05-21 18:43:14	1	1	15	0
        110492	2026-05-21 18:43:30	1	1	15	0
        110632	2026-05-21 18:43:53	1	1	15	0
        117497	2026-05-21 18:44:23	1	1	15	0
        110466	2026-05-21 18:44:45	1	1	15	0
        116252	2026-05-21 18:45:11	1	1	15	0
        110355	2026-05-21 18:45:38	1	1	15	0
        110356	2026-05-21 18:45:53	1	1	15	0
        119143	2026-05-21 18:46:21	1	1	15	0
        110457	2026-05-21 18:46:33	1	1	15	0
        110357	2026-05-21 18:46:40	1	1	15	0
        110116	2026-05-21 18:47:00	1	1	15	0
        118550	2026-05-21 18:47:50	1	1	15	0
        117840	2026-05-21 18:48:00	1	1	15	0
        110475	2026-05-21 18:48:20	1	1	15	0
        116142	2026-05-21 18:48:26	1	1	15	0
        117921	2026-05-21 18:48:29	1	1	15	0
        110025	2026-05-21 18:49:46	1	1	15	0
        118568	2026-05-21 18:49:53	1	1	15	0
        117811	2026-05-21 18:50:15	1	1	15	0
        117839	2026-05-21 18:50:19	1	1	15	0
        117841	2026-05-21 18:50:21	1	1	15	0
        117114	2026-05-21 18:51:00	1	1	15	0
        110473	2026-05-21 18:51:49	1	1	15	0
        117122	2026-05-21 18:53:11	1	1	15	0
        119227	2026-05-21 18:53:17	1	1	15	0
        116828	2026-05-21 18:53:34	1	1	1	0
        117616	2026-05-21 18:54:05	1	1	15	0
        110354	2026-05-21 18:54:12	1	1	15	0
        118414	2026-05-21 18:55:04	1	1	15	0
        117567	2026-05-21 18:55:35	1	1	15	0
        118302	2026-05-21 18:56:31	1	1	15	0
        110100	2026-05-21 18:57:57	1	1	15	0
        110065	2026-05-21 18:58:14	1	1	15	0
        118221	2026-05-21 18:58:24	1	1	15	0
        116483	2026-05-21 18:58:27	1	1	15	0
        116073	2026-05-21 18:58:34	1	1	15	0
        117680	2026-05-21 18:59:06	1	1	15	0
        110070	2026-05-21 18:59:33	1	1	15	0
        119107	2026-05-21 18:59:41	1	1	15	0
        110456	2026-05-21 18:59:46	1	1	15	0
        110535	2026-05-21 19:00:29	1	1	15	0
        118744	2026-05-21 19:00:45	1	1	15	0
        117815	2026-05-21 19:00:49	1	1	15	0
        117659	2026-05-21 19:00:51	1	1	15	0
        117092	2026-05-21 19:01:03	1	1	15	0
        117993	2026-05-21 19:01:10	1	1	15	0
        116933	2026-05-21 19:01:19	1	1	15	0
        117699	2026-05-21 19:01:21	1	1	15	0
        110413	2026-05-21 19:01:24	1	1	15	0
        117542	2026-05-21 19:01:29	1	1	15	0
        110077	2026-05-21 19:01:34	1	1	15	0
        116477	2026-05-21 19:02:08	1	1	15	0
        110088	2026-05-21 19:02:10	1	1	15	0
        117817	2026-05-21 19:02:12	1	1	15	0
        117144	2026-05-21 19:02:13	1	1	15	0
        116070	2026-05-21 19:02:24	1	1	15	0
        117212	2026-05-21 19:02:27	1	1	15	0
        116990	2026-05-21 19:02:30	1	1	15	0
        110131	2026-05-21 19:02:32	1	1	15	0
        110808	2026-05-21 19:02:36	1	1	15	0
        117595	2026-05-21 19:03:22	1	1	15	0
        118971	2026-05-21 19:04:00	1	1	15	0
        116787	2026-05-21 19:04:58	1	1	15	0
        116497	2026-05-21 19:05:01	1	1	15	0
        116072	2026-05-21 19:05:05	1	1	15	0
        117924	2026-05-21 19:05:08	1	1	15	0
        117061	2026-05-21 19:05:11	1	1	15	0
        110495	2026-05-21 19:05:12	1	1	15	0
        110657	2026-05-21 19:05:15	1	1	15	0
        116166	2026-05-21 19:05:33	1	1	15	0
        110050	2026-05-21 19:06:06	1	1	15	0
        117684	2026-05-21 19:06:08	1	1	15	0
        116805	2026-05-21 19:06:26	1	1	15	0
        118369	2026-05-21 19:06:29	1	1	15	0
        117981	2026-05-21 19:06:31	1	1	15	0
        110833	2026-05-21 19:06:32	1	1	15	0
        117742	2026-05-21 19:07:52	1	1	15	0
        117807	2026-05-21 19:07:55	1	1	15	0
        116995	2026-05-21 19:08:00	1	1	15	0
        116453	2026-05-21 19:08:12	1	1	15	0
        118753	2026-05-21 19:08:15	1	1	15	0
        110063	2026-05-21 19:08:21	1	1	15	0
        110090	2026-05-21 19:08:29	1	1	15	0
        117575	2026-05-21 19:09:20	1	1	15	0
        110055	2026-05-21 19:10:22	1	1	15	0
        116346	2026-05-21 19:10:32	1	1	15	0
        117103	2026-05-21 19:10:35	1	1	15	0
        116069	2026-05-21 19:11:07	1	1	15	0
        117054	2026-05-21 19:13:00	1	1	15	0
        119232	2026-05-21 19:14:19	1	1	15	0
        117487	2026-05-21 19:16:21	1	1	15	0
        117723	2026-05-21 19:16:26	1	1	15	0
        117162	2026-05-21 19:16:29	1	1	15	0
        119364	2026-05-21 19:16:56	1	1	15	0
        110732	2026-05-21 19:19:12	1	1	15	0
        117591	2026-05-21 19:19:22	1	1	15	0
        110580	2026-05-21 19:19:31	1	1	15	0
        110581	2026-05-21 19:19:41	1	1	15	0
        119006	2026-05-21 19:20:32	1	1	15	0
        117091	2026-05-21 19:21:42	1	1	15	0
        119386	2026-05-21 19:22:11	1	1	15	0
        118046	2026-05-21 19:41:02	1	1	15	0
        110057	2026-05-21 19:42:31	1	1	15	0
        117224	2026-05-22 06:14:18	1	0	15	0
        119571	2026-05-22 06:25:31	1	0	15	0
        110549	2026-05-22 06:41:19	1	0	15	0
        117997	2026-05-22 06:52:29	1	0	15	0
        110144	2026-05-22 07:06:06	1	0	15	0
        116422	2026-05-22 07:13:21	1	0	15	0
        117121	2026-05-22 07:15:15	1	0	15	0
        117983	2026-05-22 07:23:52	1	0	15	0
        110424	2026-05-22 07:26:44	1	0	15	0
        117850	2026-05-22 07:28:09	1	0	15	0
        116824	2026-05-22 07:28:27	1	0	15	0
        118157	2026-05-22 07:30:26	1	0	15	0
        118563	2026-05-22 07:33:34	1	0	15	0
        110785	2026-05-22 07:35:14	1	0	15	0
        117219	2026-05-22 07:35:26	1	0	15	0
        118782	2026-05-22 07:37:25	1	0	15	0
        116902	2026-05-22 07:37:43	1	0	15	0
        117232	2026-05-22 07:39:17	1	0	15	0
        117683	2026-05-22 07:42:06	1	0	15	0
        119272	2026-05-22 07:43:51	1	0	15	0
        116747	2026-05-22 07:45:56	1	0	15	0
        110447	2026-05-22 07:47:27	1	0	15	0
        110421	2026-05-22 07:48:13	1	0	15	0
        110431	2026-05-22 07:50:28	1	0	15	0
        116428	2026-05-22 07:50:43	1	0	15	0
        116282	2026-05-22 07:51:37	1	0	15	0
        117828	2026-05-22 07:52:06	1	0	15	0
        116297	2026-05-22 07:52:50	1	0	15	0
        110377	2026-05-22 07:55:14	1	0	15	0
        117236	2026-05-22 07:57:26	1	0	15	0
        110201	2026-05-22 07:57:32	1	0	15	0
        118917	2026-05-22 07:57:38	1	0	15	0
        110376	2026-05-22 07:57:45	1	0	15	0
        117926	2026-05-22 07:57:55	1	0	15	0
        118593	2026-05-22 07:58:27	1	0	15	0
        110418	2026-05-22 07:58:57	1	0	15	0
        118813	2026-05-22 07:59:26	1	0	15	0
        117692	2026-05-22 07:59:40	1	0	15	0
        110197	2026-05-22 08:00:17	1	0	15	0
        117833	2026-05-22 08:00:38	1	0	15	0
        118761	2026-05-22 08:00:56	1	0	15	0
        118928	2026-05-22 08:02:21	1	0	15	0
        117634	2026-05-22 08:03:09	1	0	15	0
        117915	2026-05-22 08:03:11	1	0	15	0
        117091	2026-05-22 08:04:17	1	0	15	0
        117930	2026-05-22 08:04:47	1	0	15	0
        117528	2026-05-22 08:05:52	1	0	15	0
        117046	2026-05-22 08:06:44	1	0	15	0
        110452	2026-05-22 08:06:55	1	0	15	0
        110436	2026-05-22 08:08:32	1	0	15	0
        110172	2026-05-22 08:08:35	1	0	15	0
        116129	2026-05-22 08:08:45	1	0	15	0
        118046	2026-05-22 08:09:18	1	0	15	0
        117337	2026-05-22 08:10:05	1	0	15	0
        117790	2026-05-22 08:13:23	1	0	15	0
        117814	2026-05-22 08:14:02	1	0	15	0
        117786	2026-05-22 08:23:26	1	0	15	0
        117085	2026-05-22 08:25:11	1	0	15	0
        118101	2026-05-22 08:25:37	1	0	15	0
        110513	2026-05-22 08:27:48	1	0	15	0
        118186	2026-05-22 08:30:44	1	0	15	0
        119232	2026-05-22 08:38:34	1	0	15	0
        110076	2026-05-22 08:45:35	1	0	15	0
        116279	2026-05-22 09:00:21	1	0	15	0
        117114	2026-05-22 09:57:46	1	0	15	0
        118101	2026-05-22 12:00:35	1	2	15	0
        117828	2026-05-22 12:00:39	1	2	15	0
        110424	2026-05-22 12:00:43	1	2	15	0
        117232	2026-05-22 12:00:52	1	2	15	0
        110452	2026-05-22 12:01:04	1	2	15	0
        110172	2026-05-22 12:01:12	1	2	15	0
        117926	2026-05-22 12:01:27	1	2	15	0
        116279	2026-05-22 12:01:37	1	2	15	0
        117983	2026-05-22 12:01:39	1	2	15	0
        110436	2026-05-22 12:01:41	1	2	15	0
        116747	2026-05-22 12:02:04	1	2	15	0
        118157	2026-05-22 12:02:18	1	2	15	0
        117930	2026-05-22 12:02:21	1	2	15	0
        117683	2026-05-22 12:02:23	1	2	15	0
        117634	2026-05-22 12:02:25	1	2	15	0
        118186	2026-05-22 12:02:28	1	2	15	0
        116282	2026-05-22 12:02:30	1	2	15	0
        117915	2026-05-22 12:02:32	1	2	15	0
        119272	2026-05-22 12:02:35	1	2	15	0
        110076	2026-05-22 12:02:37	1	2	15	0
        110447	2026-05-22 12:02:45	1	2	15	0
        117833	2026-05-22 12:02:48	1	2	15	0
        117528	2026-05-22 12:02:53	1	2	15	0
        117121	2026-05-22 12:03:04	1	2	15	0
        116902	2026-05-22 12:03:11	1	2	15	0
        117091	2026-05-22 12:03:15	1	2	15	0
        118101	2026-05-22 12:03:18	1	2	15	0
        118782	2026-05-22 12:03:21	1	2	15	0
        110424	2026-05-22 12:03:33	1	2	15	0
        117828	2026-05-22 12:03:38	1	2	15	0
        117114	2026-05-22 12:03:44	1	2	15	0
        117790	2026-05-22 12:04:11	1	2	15	0
        117236	2026-05-22 12:04:37	1	2	15	0
        110421	2026-05-22 12:04:50	1	2	15	0
        110513	2026-05-22 12:05:03	1	2	15	0
        117232	2026-05-22 12:05:08	1	2	15	0
        117683	2026-05-22 12:05:16	1	2	15	0
        118157	2026-05-22 12:05:18	1	2	15	0
        116282	2026-05-22 12:05:20	1	2	15	0
        117634	2026-05-22 12:05:22	1	2	15	0
        117915	2026-05-22 12:05:23	1	2	15	0
        118186	2026-05-22 12:05:26	1	2	15	0
        110418	2026-05-22 12:05:28	1	2	15	0
        117833	2026-05-22 12:05:30	1	2	15	0
        117692	2026-05-22 12:05:32	1	2	15	0
        117046	2026-05-22 12:05:42	1	2	15	0
        118593	2026-05-22 12:05:45	1	2	15	0
        116279	2026-05-22 12:06:03	1	2	15	0
        117930	2026-05-22 12:06:05	1	2	15	0
        117926	2026-05-22 12:06:16	1	2	15	0
        110172	2026-05-22 12:06:20	1	2	15	0
        110436	2026-05-22 12:06:22	1	2	15	0
        117236	2026-05-22 12:07:23	1	2	15	0
        118782	2026-05-22 12:07:40	1	2	15	0
        116824	2026-05-22 12:07:45	1	2	15	0
        117121	2026-05-22 12:07:50	1	2	15	0
        118917	2026-05-22 12:08:14	1	2	15	0
        117814	2026-05-22 12:08:59	1	2	15	0
        110421	2026-05-22 12:09:06	1	2	15	0
        117528	2026-05-22 12:09:22	1	2	15	0
        110376	2026-05-22 12:09:34	1	2	15	0
        110377	2026-05-22 12:09:39	1	2	15	0
        117114	2026-05-22 12:09:57	1	2	15	0
        117692	2026-05-22 12:10:04	1	2	15	0
        110195	2026-05-22 12:10:19	1	2	15	0
        110418	2026-05-22 12:10:29	1	2	15	0
        117091	2026-05-22 12:10:34	1	2	15	0
        117786	2026-05-22 12:10:57	1	2	15	0
        117790	2026-05-22 12:11:08	1	2	15	0
        116824	2026-05-22 12:11:19	1	2	15	0
        117224	2026-05-22 12:11:43	1	2	15	0
        110513	2026-05-22 12:12:09	1	2	15	0
        110549	2026-05-22 12:12:21	1	2	15	0
        110431	2026-05-22 12:12:26	1	2	15	0
        118917	2026-05-22 12:12:32	1	2	15	0
        110447	2026-05-22 12:13:33	1	2	15	0
        119272	2026-05-22 12:14:08	1	2	15	0
        110076	2026-05-22 12:14:11	1	2	15	0
        117224	2026-05-22 12:18:10	1	2	15	0
        110785	2026-05-22 12:18:35	1	2	15	0
        118046	2026-05-22 12:18:46	1	2	15	0
        117983	2026-05-22 12:19:01	1	2	15	0
        118563	2026-05-22 12:19:14	1	2	15	0
        110549	2026-05-22 12:21:15	1	2	15	0
        110431	2026-05-22 12:21:20	1	2	15	0
        110201	2026-05-22 12:23:16	1	2	15	0
        117046	2026-05-22 12:24:39	1	2	15	0
        116747	2026-05-22 12:24:45	1	2	15	0
        116902	2026-05-22 12:24:48	1	2	15	0
        116428	2026-05-22 12:25:07	1	2	15	0
        118761	2026-05-22 12:25:08	1	2	15	0
        118813	2026-05-22 12:26:21	1	2	15	0
        118563	2026-05-22 12:31:41	1	3	15	0
        116428	2026-05-22 12:31:56	1	3	15	0
        118761	2026-05-22 12:31:58	1	3	15	0
        110201	2026-05-22 12:32:23	1	3	15	0
        117850	2026-05-22 12:32:51	1	3	15	0
        118928	2026-05-22 12:33:54	1	3	15	0
        117219	2026-05-22 12:33:58	1	3	15	0
        116422	2026-05-22 12:33:59	1	3	15	0
        116129	2026-05-22 12:34:03	1	3	15	0
        110197	2026-05-22 12:34:19	1	3	15	0
        110376	2026-05-22 12:34:37	1	3	15	0
        110377	2026-05-22 12:34:39	1	3	15	0
        118813	2026-05-22 12:34:57	1	3	15	0
        110195	2026-05-22 12:35:18	1	3	15	0
        117850	2026-05-22 12:36:37	1	3	15	0
        116422	2026-05-22 12:37:27	1	3	15	0
        117219	2026-05-22 12:37:31	1	3	15	0
        118928	2026-05-22 12:37:34	1	3	15	0
        116129	2026-05-22 12:37:37	1	3	15	0
        110785	2026-05-22 12:38:40	1	3	15	0
        118046	2026-05-22 12:39:40	1	3	15	0
        117337	2026-05-22 12:44:03	1	3	15	0
        117814	2026-05-22 12:45:48	1	3	15	0
        116297	2026-05-22 12:48:39	1	3	15	0
        117997	2026-05-22 12:49:06	1	3	15	0
        117786	2026-05-22 12:49:25	1	3	15	0
        117814	2026-05-22 12:50:31	1	3	15	0
        116297	2026-05-22 12:51:17	1	3	15	0
        110197	2026-05-22 12:53:33	1	3	15	0
        117997	2026-05-22 12:53:38	1	3	15	0
        117337	2026-05-22 12:53:43	1	3	15	0
        118593	2026-05-22 13:14:20	1	3	15	0
        117114	2026-05-22 14:54:50	1	3	15	0
        116297	2026-05-22 15:34:20	1	3	15	0
        117850	2026-05-22 17:00:23	1	1	15	0
        117219	2026-05-22 17:00:25	1	1	15	0
        116422	2026-05-22 17:00:30	1	1	15	0
        117997	2026-05-22 17:00:32	1	1	15	0
        118157	2026-05-22 17:01:14	1	1	15	0
        110785	2026-05-22 17:01:28	1	1	15	0
        117983	2026-05-22 17:01:49	1	1	15	0
        110549	2026-05-22 17:02:09	1	1	15	0
        116279	2026-05-22 17:02:35	1	1	15	0
        117930	2026-05-22 17:02:43	1	1	15	0
        118186	2026-05-22 17:03:07	1	1	15	0
        118782	2026-05-22 17:04:56	1	1	15	0
        117121	2026-05-22 17:05:03	1	1	15	0
        116129	2026-05-22 17:06:19	1	1	15	0
        116282	2026-05-22 17:07:49	1	1	15	0
        117915	2026-05-22 17:07:51	1	1	15	0
        117634	2026-05-22 17:07:53	1	1	15	0
        110377	2026-05-22 17:08:07	1	1	15	0
        110376	2026-05-22 17:08:14	1	1	15	0
        118917	2026-05-22 17:10:01	1	1	15	0
        110447	2026-05-22 17:11:04	1	1	15	0
        110197	2026-05-22 17:11:07	1	1	15	0
        117828	2026-05-22 17:13:44	1	1	15	0
        116902	2026-05-22 17:13:48	1	1	15	0
        117091	2026-05-22 17:13:56	1	1	15	0
        116824	2026-05-22 17:14:03	1	1	15	0
        117683	2026-05-22 17:15:02	1	1	15	0
        110418	2026-05-22 17:16:12	1	1	15	0
        110424	2026-05-22 17:16:15	1	1	15	0
        118593	2026-05-22 17:18:39	1	1	15	0
        118928	2026-05-22 17:19:26	1	1	15	0
        119272	2026-05-22 17:19:30	1	1	15	0
        110172	2026-05-22 17:22:01	1	1	15	0
        110436	2026-05-22 17:22:12	1	1	15	0
        118813	2026-05-22 17:27:11	1	1	15	0
        118563	2026-05-22 17:37:24	1	1	15	0
        117046	2026-05-22 17:37:32	1	1	15	0
        117236	2026-05-22 17:37:39	1	1	15	0
        117046	2026-05-22 17:44:52	1	1	15	0
        119571	2026-05-22 17:45:31	1	1	15	0
        110076	2026-05-22 17:49:00	1	1	15	0
        117224	2026-05-22 18:00:06	1	1	15	0
        118046	2026-05-22 18:02:54	1	1	15	0
        116747	2026-05-22 18:02:57	1	1	15	0
        110356	2026-05-24 12:48:09	1	3	15	0
        118369	2026-05-24 16:03:32	1	1	15	0
        110356	2026-05-24 18:12:30	1	1	15	0
        118369	2026-05-24 19:15:27	1	1	15	0
        117201	2026-05-25 04:48:20	1	0	15	0
        116831	2026-05-25 06:02:02	1	0	15	0
        116232	2026-05-25 06:05:42	1	0	15	0
        118369	2026-05-25 06:07:35	1	0	15	0
        118992	2026-05-25 06:20:26	1	0	15	0
        118414	2026-05-25 06:20:40	1	0	15	0
        110144	2026-05-25 06:27:09	1	0	15	0
        116834	2026-05-25 06:29:41	1	0	15	0
        119070	2026-05-25 06:37:51	1	0	15	0
        116422	2026-05-25 06:38:28	1	0	15	0
        110809	2026-05-25 06:39:28	1	0	15	0
        117113	2026-05-25 06:40:34	1	0	15	0
        118744	2026-05-25 06:41:06	1	0	15	0
        118568	2026-05-25 06:45:16	1	0	15	0
        110832	2026-05-25 06:48:52	1	0	15	0
        110549	2026-05-25 06:49:31	1	0	15	0
        118997	2026-05-25 06:50:20	1	0	15	0
        118046	2026-05-25 06:50:50	1	0	15	0
        117147	2026-05-25 06:51:07	1	0	15	0
        110473	2026-05-25 06:51:14	1	0	15	0
        118732	2026-05-25 06:51:21	1	0	15	0
        118750	2026-05-25 06:51:39	1	0	15	0
        117483	2026-05-25 06:52:15	1	0	15	0
        110574	2026-05-25 06:52:31	1	0	15	0
        118550	2026-05-25 06:52:36	1	0	15	0
        110063	2026-05-25 06:52:44	1	0	15	0
        110074	2026-05-25 06:54:52	1	0	15	0
        110065	2026-05-25 06:54:56	1	0	15	0
        110085	2026-05-25 06:55:44	1	0	15	0
        118640	2026-05-25 06:55:51	1	0	15	0
        117129	2026-05-25 06:56:04	1	0	15	0
        119453	2026-05-25 06:56:18	1	0	15	0
        110493	2026-05-25 06:57:02	1	0	15	0
        117222	2026-05-25 06:57:47	1	0	15	0
        110113	2026-05-25 06:58:12	1	0	15	0
        117733	2026-05-25 06:58:19	1	0	15	0
        118271	2026-05-25 06:58:51	1	0	15	0
        116828	2026-05-25 06:59:17	1	0	1	0
        116799	2026-05-25 06:59:40	1	0	15	0
        117591	2026-05-25 06:59:45	1	0	15	0
        117835	2026-05-25 06:59:55	1	0	15	0
        117936	2026-05-25 07:00:17	1	0	15	0
        110527	2026-05-25 07:02:22	1	0	15	0
        117811	2026-05-25 07:02:30	1	0	15	0
        119143	2026-05-25 07:02:45	1	0	15	0
        117972	2026-05-25 07:03:35	1	0	15	0
        116497	2026-05-25 07:04:06	1	0	15	0
        117635	2026-05-25 07:04:11	1	0	15	0
        116504	2026-05-25 07:05:23	1	0	15	0
        110105	2026-05-25 07:05:35	1	0	15	0
        110465	2026-05-25 07:06:46	1	0	15	0
        116496	2026-05-25 07:07:29	1	0	15	0
        110581	2026-05-25 07:07:34	1	0	15	0
        117110	2026-05-25 07:07:46	1	0	15	0
        117039	2026-05-25 07:09:23	1	0	15	0
        117232	2026-05-25 07:09:30	1	0	15	0
        110198	2026-05-25 07:09:33	1	0	15	0
        117645	2026-05-25 07:09:36	1	0	15	0
        116346	2026-05-25 07:09:38	1	0	15	0
        110510	2026-05-25 07:09:42	1	0	15	0
        116252	2026-05-25 07:10:13	1	0	15	0
        118455	2026-05-25 07:10:33	1	0	15	0
        110463	2026-05-25 07:10:37	1	0	15	0
        117839	2026-05-25 07:10:58	1	0	15	0
        117921	2026-05-25 07:12:26	1	0	15	0
        117997	2026-05-25 07:12:36	1	0	15	0
        110196	2026-05-25 07:12:41	1	0	15	0
        110462	2026-05-25 07:13:08	1	0	15	0
        118580	2026-05-25 07:13:26	1	0	15	0
        117837	2026-05-25 07:13:33	1	0	15	0
        110070	2026-05-25 07:13:40	1	0	15	0
        110633	2026-05-25 07:14:17	1	0	15	0
        116479	2026-05-25 07:14:37	1	0	15	0
        110834	2026-05-25 07:14:51	1	0	15	0
        110424	2026-05-25 07:15:04	1	0	15	0
        110378	2026-05-25 07:15:14	1	0	15	0
        117103	2026-05-25 07:15:19	1	0	15	0
        119493	2026-05-25 07:15:44	1	0	15	0
        110094	2026-05-25 07:16:10	1	0	15	0
        110632	2026-05-25 07:16:13	1	0	15	0
        117259	2026-05-25 07:16:19	1	0	15	0
        117680	2026-05-25 07:16:28	1	0	15	0
        117042	2026-05-25 07:16:49	1	0	15	0
        116451	2026-05-25 07:16:55	1	0	15	0
        110456	2026-05-25 07:17:00	1	0	15	0
        117162	2026-05-25 07:18:14	1	0	15	0
        110090	2026-05-25 07:18:48	1	0	15	0
        117982	2026-05-25 07:18:51	1	0	15	0
        117770	2026-05-25 07:18:55	1	0	15	0
        110732	2026-05-25 07:19:02	1	0	15	0
        110807	2026-05-25 07:19:14	1	0	15	0
        110538	2026-05-25 07:19:28	1	0	15	0
        110088	2026-05-25 07:19:34	1	0	15	0
        118207	2026-05-25 07:19:42	1	0	15	0
        119494	2026-05-25 07:20:06	1	0	15	0
        117969	2026-05-25 07:20:07	1	0	15	0
        117920	2026-05-25 07:20:18	1	0	15	0
        110466	2026-05-25 07:22:22	1	0	15	0
        110158	2026-05-25 07:22:48	1	0	15	0
        117497	2026-05-25 07:23:24	1	0	15	0
        110356	2026-05-25 07:23:50	1	0	15	0
        110355	2026-05-25 07:23:56	1	0	15	0
        117769	2026-05-25 07:24:18	1	0	15	0
        116053	2026-05-25 07:24:47	1	0	15	0
        110116	2026-05-25 07:24:50	1	0	15	0
        119364	2026-05-25 07:25:01	1	0	15	0
        110457	2026-05-25 07:25:04	1	0	15	0
        110808	2026-05-25 07:25:07	1	0	15	0
        110084	2026-05-25 07:25:08	1	0	15	0
        110193	2026-05-25 07:25:16	1	0	15	0
        110810	2026-05-25 07:25:47	1	0	15	0
        119157	2026-05-25 07:26:19	1	0	15	0
        117541	2026-05-25 07:26:26	1	0	15	0
        117212	2026-05-25 07:26:30	1	0	15	0
        116763	2026-05-25 07:27:11	1	0	15	0
        110354	2026-05-25 07:27:21	1	0	15	0
        119107	2026-05-25 07:28:58	1	0	15	0
        117085	2026-05-25 07:29:56	1	0	15	0
        117122	2026-05-25 07:30:11	1	0	15	0
        117542	2026-05-25 07:30:14	1	0	15	0
        116483	2026-05-25 07:30:54	1	0	15	0
        117709	2026-05-25 07:31:41	1	0	15	0
        116142	2026-05-25 07:32:04	1	0	15	0
        118971	2026-05-25 07:32:31	1	0	15	0
        117616	2026-05-25 07:32:37	1	0	15	0
        110492	2026-05-25 07:32:58	1	0	15	0
        118493	2026-05-25 07:33:08	1	0	15	0
        117981	2026-05-25 07:33:22	1	0	15	0
        116805	2026-05-25 07:33:43	1	0	15	0
        116902	2026-05-25 07:36:45	1	0	15	0
        117993	2026-05-25 07:36:49	1	0	15	0
        118157	2026-05-25 07:36:51	1	0	15	0
        118186	2026-05-25 07:37:02	1	0	15	0
        110371	2026-05-25 07:37:28	1	0	15	0
        110475	2026-05-25 07:37:40	1	0	15	0
        110507	2026-05-25 07:37:47	1	0	15	0
        117840	2026-05-25 07:37:58	1	0	15	0
        117543	2026-05-25 07:38:06	1	0	15	0
        117120	2026-05-25 07:38:39	1	0	15	0
        110372	2026-05-25 07:38:47	1	0	15	0
        116995	2026-05-25 07:38:52	1	0	15	0
        117121	2026-05-25 07:39:54	1	0	15	0
        110567	2026-05-25 07:40:00	1	0	15	0
        116383	2026-05-25 07:40:09	1	0	15	0
        110100	2026-05-25 07:40:14	1	0	15	0
        116778	2026-05-25 07:40:16	1	0	15	0
        116824	2026-05-25 07:40:30	1	0	15	0
        110006	2026-05-25 07:40:49	1	0	15	0
        118695	2026-05-25 07:40:52	1	0	15	0
        117683	2026-05-25 07:40:58	1	0	15	0
        110025	2026-05-25 07:41:08	1	0	15	0
        110197	2026-05-25 07:41:30	1	0	15	0
        110833	2026-05-25 07:41:32	1	0	15	0
        118101	2026-05-25 07:41:34	1	0	15	0
        117487	2026-05-25 07:42:19	1	0	15	0
        118302	2026-05-25 07:42:22	1	0	15	0
        116095	2026-05-25 07:42:24	1	0	15	0
        117807	2026-05-25 07:42:35	1	0	15	0
        116933	2026-05-25 07:43:08	1	0	15	0
        119227	2026-05-25 07:43:22	1	0	15	0
        117567	2026-05-25 07:43:56	1	0	15	0
        117915	2026-05-25 07:44:05	1	0	15	0
        117634	2026-05-25 07:44:08	1	0	15	0
        117660	2026-05-25 07:44:11	1	0	15	0
        116990	2026-05-25 07:44:27	1	0	15	0
        117337	2026-05-25 07:44:36	1	0	15	0
        110418	2026-05-25 07:45:01	1	0	15	0
        117841	2026-05-25 07:45:18	1	0	15	0
        117224	2026-05-25 07:46:30	1	0	15	0
        117711	2026-05-25 07:46:36	1	0	15	0
        116282	2026-05-25 07:46:52	1	0	15	0
        117088	2026-05-25 07:47:24	1	0	15	0
        116356	2026-05-25 07:47:47	1	0	15	0
        117723	2026-05-25 07:47:53	1	0	15	0
        117850	2026-05-25 07:48:01	1	0	15	0
        117092	2026-05-25 07:48:06	1	0	15	0
        110077	2026-05-25 07:48:11	1	0	15	0
        110495	2026-05-25 07:48:20	1	0	15	0
        110376	2026-05-25 07:48:27	1	0	15	0
        110060	2026-05-25 07:49:08	1	0	15	0
        117742	2026-05-25 07:49:45	1	0	15	0
        117595	2026-05-25 07:49:55	1	0	15	0
        116477	2026-05-25 07:49:57	1	0	15	0
        110055	2026-05-25 07:50:01	1	0	15	0
        117790	2026-05-25 07:50:45	1	0	15	0
        110413	2026-05-25 07:50:57	1	0	15	0
        116747	2026-05-25 07:51:04	1	0	15	0
        117061	2026-05-25 07:51:12	1	0	15	0
        118753	2026-05-25 07:51:46	1	0	15	0
        116441	2026-05-25 07:51:52	1	0	15	0
        117046	2026-05-25 07:51:59	1	0	15	0
        118867	2026-05-25 07:52:07	1	0	15	0
        118782	2026-05-25 07:52:11	1	0	15	0
        116260	2026-05-25 07:52:16	1	0	15	0
        117575	2026-05-25 07:52:29	1	0	15	0
        117114	2026-05-25 07:52:47	1	0	15	0
        117828	2026-05-25 07:52:49	1	0	15	0
        110057	2026-05-25 07:52:53	1	0	15	0
        117156	2026-05-25 07:53:02	1	0	15	0
        117630	2026-05-25 07:53:05	1	0	15	0
        110377	2026-05-25 07:53:07	1	0	15	0
        118928	2026-05-25 07:53:10	1	0	15	0
        117144	2026-05-25 07:53:32	1	0	15	0
        117983	2026-05-25 07:53:42	1	0	15	0
        119272	2026-05-25 07:53:46	1	0	15	0
        110805	2026-05-25 07:54:00	1	0	15	0
        110421	2026-05-25 07:54:20	1	0	15	0
        116297	2026-05-25 07:54:58	1	0	15	0
        117699	2026-05-25 07:55:06	1	0	15	0
        116129	2026-05-25 07:55:26	1	0	15	0
        110447	2026-05-25 07:55:29	1	0	15	0
        117926	2026-05-25 07:55:31	1	0	15	0
        116787	2026-05-25 07:56:04	1	0	15	0
        117833	2026-05-25 07:56:05	1	0	15	0
        116072	2026-05-25 07:56:36	1	0	15	0
        116069	2026-05-25 07:56:44	1	0	15	0
        117043	2026-05-25 08:00:01	1	0	15	0
        110050	2026-05-25 08:00:05	1	0	15	0
        118813	2026-05-25 08:00:09	1	0	15	0
        116748	2026-05-25 08:00:11	1	0	15	0
        118741	2026-05-25 08:00:13	1	0	15	0
        110816	2026-05-25 08:00:15	1	0	15	0
        117924	2026-05-25 08:00:17	1	0	15	0
        117236	2026-05-25 08:00:36	1	0	15	0
        110201	2026-05-25 08:00:38	1	0	15	0
        117849	2026-05-25 08:00:44	1	0	15	0
        117692	2026-05-25 08:00:54	1	0	15	0
        117528	2026-05-25 08:00:55	1	0	15	0
        116166	2026-05-25 08:02:37	1	0	15	0
        110436	2026-05-25 08:02:53	1	0	15	0
        110172	2026-05-25 08:03:16	1	0	15	0
        110195	2026-05-25 08:03:37	1	0	15	0
        116070	2026-05-25 08:03:49	1	0	15	0
        117786	2026-05-25 08:05:02	1	0	15	0
        110836	2026-05-25 08:05:10	1	0	15	0
        110452	2026-05-25 08:06:29	1	0	15	0
        117817	2026-05-25 08:08:16	1	0	15	0
        116849	2026-05-25 08:09:23	1	0	15	0
        110513	2026-05-25 08:14:06	1	0	15	0
        117815	2026-05-25 08:14:43	1	0	15	0
        110535	2026-05-25 08:15:31	1	0	15	0
        118458	2026-05-25 08:16:24	1	0	15	0
        119232	2026-05-25 08:16:53	1	0	15	0
        119386	2026-05-25 08:18:05	1	0	15	0
        118427	2026-05-25 08:22:05	1	0	15	0
        117814	2026-05-25 08:22:17	1	0	15	0
        118702	2026-05-25 08:24:40	1	0	15	0
        110076	2026-05-25 08:26:22	1	0	15	0
        118761	2026-05-25 08:28:54	1	0	15	0
        110431	2026-05-25 08:31:06	1	0	15	0
        117100	2026-05-25 08:35:11	1	0	15	0
        118180	2026-05-25 08:38:08	1	0	15	0
        116472	2026-05-25 08:54:27	1	0	15	0
        119535	2026-05-25 08:58:23	1	0	15	0
        119594	2026-05-25 09:04:06	1	0	15	0
        117077	2026-05-25 09:09:59	1	0	15	0
        110511	2026-05-25 09:26:24	1	0	15	0
        117812	2026-05-25 09:27:34	1	0	15	0
        118917	2026-05-25 09:30:09	1	0	15	0
        117965	2026-05-25 11:05:21	1	2	15	0
        117924	2026-05-25 12:00:02	1	2	15	0
        117129	2026-05-25 12:00:04	1	2	15	0
        116497	2026-05-25 12:00:05	1	2	15	0
        110457	2026-05-25 12:00:09	1	2	15	0
        116260	2026-05-25 12:00:11	1	2	15	0
        117812	2026-05-25 12:00:13	1	2	15	0
        117769	2026-05-25 12:00:14	1	2	15	0
        117541	2026-05-25 12:00:16	1	2	15	0
        116072	2026-05-25 12:00:20	1	2	15	0
        119453	2026-05-25 12:00:22	1	2	15	0
        116252	2026-05-25 12:00:23	1	2	15	0
        117680	2026-05-25 12:00:29	1	2	15	0
        110447	2026-05-25 12:00:51	1	2	15	0
        110465	2026-05-25 12:00:54	1	2	15	0
        110090	2026-05-25 12:00:55	1	2	15	0
        117567	2026-05-25 12:00:58	1	2	15	0
        110463	2026-05-25 12:01:01	1	2	15	0
        110510	2026-05-25 12:01:03	1	2	15	0
        110807	2026-05-25 12:01:05	1	2	15	0
        118640	2026-05-25 12:01:07	1	2	15	0
        110436	2026-05-25 12:01:09	1	2	15	0
        110088	2026-05-25 12:01:10	1	2	15	0
        118186	2026-05-25 12:01:13	1	2	15	0
        110511	2026-05-25 12:01:15	1	2	15	0
        117770	2026-05-25 12:01:16	1	2	15	0
        117837	2026-05-25 12:01:18	1	2	15	0
        117936	2026-05-25 12:01:19	1	2	15	0
        110452	2026-05-25 12:01:21	1	2	15	0
        116383	2026-05-25 12:01:23	1	2	15	0
        117839	2026-05-25 12:01:25	1	2	15	0
        110378	2026-05-25 12:01:26	1	2	15	0
        117497	2026-05-25 12:01:28	1	2	15	0
        110810	2026-05-25 12:01:30	1	2	15	0
        117122	2026-05-25 12:01:32	1	2	15	0
        117543	2026-05-25 12:01:35	1	2	15	0
        117144	2026-05-25 12:01:37	1	2	15	0
        110841	2026-05-25 12:01:38	1	2	15	0
        116282	2026-05-25 12:01:42	1	2	15	0
        110172	2026-05-25 12:01:45	1	2	15	0
        118157	2026-05-25 12:01:46	1	2	15	0
        117683	2026-05-25 12:01:48	1	2	15	0
        117915	2026-05-25 12:01:50	1	2	15	0
        117634	2026-05-25 12:01:51	1	2	15	0
        118458	2026-05-25 12:01:53	1	2	15	0
        117616	2026-05-25 12:01:55	1	2	15	0
        117201	2026-05-25 12:01:57	1	2	15	0
        117733	2026-05-25 12:01:59	1	2	15	0
        117814	2026-05-25 12:02:01	1	2	15	0
        117833	2026-05-25 12:02:03	1	2	15	0
        110094	2026-05-25 12:02:05	1	2	15	0
        110456	2026-05-25 12:02:07	1	2	15	0
        110527	2026-05-25 12:02:10	1	2	15	0
        117769	2026-05-25 12:02:14	1	2	15	0
        110113	2026-05-25 12:02:38	1	2	15	0
        117039	2026-05-25 12:02:42	1	2	15	0
        118580	2026-05-25 12:02:44	1	2	15	0
        116232	2026-05-25 12:02:45	1	2	15	0
        110538	2026-05-25 12:02:50	1	2	15	0
        117232	2026-05-25 12:03:00	1	2	15	0
        118207	2026-05-25 12:03:03	1	2	15	0
        110832	2026-05-25 12:03:05	1	2	15	0
        117046	2026-05-25 12:03:07	1	2	15	0
        117043	2026-05-25 12:03:10	1	2	15	0
        116748	2026-05-25 12:03:13	1	2	15	0
        110158	2026-05-25 12:03:15	1	2	15	0
        116763	2026-05-25 12:03:18	1	2	15	0
        116747	2026-05-25 12:03:20	1	2	15	0
        116902	2026-05-25 12:03:27	1	2	15	0
        118593	2026-05-25 12:03:28	1	2	15	0
        110090	2026-05-25 12:03:30	1	2	15	0
        110355	2026-05-25 12:03:36	1	2	15	0
        117224	2026-05-25 12:03:41	1	2	15	0
        116497	2026-05-25 12:03:42	1	2	15	0
        116260	2026-05-25 12:03:44	1	2	15	0
        116072	2026-05-25 12:03:46	1	2	15	0
        110356	2026-05-25 12:03:48	1	2	15	0
        110840	2026-05-25 12:03:51	1	2	15	0
        117786	2026-05-25 12:03:55	1	2	15	0
        110809	2026-05-25 12:03:57	1	2	15	0
        110535	2026-05-25 12:04:01	1	2	15	0
        117683	2026-05-25 12:04:08	1	2	15	0
        118157	2026-05-25 12:04:10	1	2	15	0
        116282	2026-05-25 12:04:12	1	2	15	0
        118186	2026-05-25 12:04:14	1	2	15	0
        117915	2026-05-25 12:04:15	1	2	15	0
        117634	2026-05-25 12:04:17	1	2	15	0
        110195	2026-05-25 12:04:19	1	2	15	0
        117812	2026-05-25 12:04:21	1	2	15	0
        117926	2026-05-25 12:04:25	1	2	15	0
        110492	2026-05-25 12:04:32	1	2	15	0
        118761	2026-05-25 12:04:52	1	2	15	0
        118271	2026-05-25 12:05:01	1	2	15	0
        116274	2026-05-25 12:05:03	1	2	15	0
        116828	2026-05-25 12:05:12	1	2	1	0
        110172	2026-05-25 12:05:18	1	2	15	0
        119107	2026-05-25 12:05:23	1	2	15	0
        110376	2026-05-25 12:05:27	1	2	15	0
        110377	2026-05-25 12:05:29	1	2	15	0
        117110	2026-05-25 12:05:32	1	2	15	0
        117635	2026-05-25 12:05:33	1	2	15	0
        117660	2026-05-25 12:05:34	1	2	15	0
        116053	2026-05-25 12:05:38	1	2	15	0
        117814	2026-05-25 12:05:40	1	2	15	0
        117542	2026-05-25 12:05:41	1	2	15	0
        110084	2026-05-25 12:05:43	1	2	15	0
        110538	2026-05-25 12:05:47	1	2	15	0
        118580	2026-05-25 12:05:49	1	2	15	0
        117790	2026-05-25 12:05:50	1	2	15	0
        110197	2026-05-25 12:05:55	1	2	15	0
        118750	2026-05-25 12:05:57	1	2	15	0
        116252	2026-05-25 12:05:59	1	2	15	0
        117833	2026-05-25 12:06:01	1	2	15	0
        117936	2026-05-25 12:06:03	1	2	15	0
        118928	2026-05-25 12:06:05	1	2	15	0
        110436	2026-05-25 12:06:07	1	2	15	0
        110836	2026-05-25 12:06:08	1	2	15	0
        110816	2026-05-25 12:06:12	1	2	15	0
        117723	2026-05-25 12:06:14	1	2	15	0
        118992	2026-05-25 12:06:17	1	2	15	0
        117983	2026-05-25 12:06:19	1	2	15	0
        116142	2026-05-25 12:06:21	1	2	15	0
        116070	2026-05-25 12:06:23	1	2	15	0
        116383	2026-05-25 12:06:40	1	2	15	0
        110094	2026-05-25 12:06:42	1	2	15	0
        110084	2026-05-25 12:06:46	1	2	15	0
        110447	2026-05-25 12:06:48	1	2	15	0
        117046	2026-05-25 12:06:50	1	2	15	0
        117222	2026-05-25 12:06:53	1	2	15	0
        117043	2026-05-25 12:06:53	1	2	15	0
        118101	2026-05-25 12:07:01	1	2	15	0
        117828	2026-05-25 12:07:03	1	2	15	0
        118207	2026-05-25 12:07:05	1	2	15	0
        118753	2026-05-25 12:07:07	1	2	15	0
        119493	2026-05-25 12:07:08	1	2	15	0
        117972	2026-05-25 12:07:09	1	2	15	0
        118046	2026-05-25 12:07:11	1	2	15	0
        110839	2026-05-25 12:07:13	1	2	15	0
        117129	2026-05-25 12:07:18	1	2	15	0
        117733	2026-05-25 12:07:21	1	2	15	0
        110355	2026-05-25 12:07:23	1	2	15	0
        110465	2026-05-25 12:07:24	1	2	15	0
        110356	2026-05-25 12:07:26	1	2	15	0
        110840	2026-05-25 12:07:28	1	2	15	0
        110105	2026-05-25 12:07:37	1	2	15	0
        117630	2026-05-25 12:07:40	1	2	15	0
        116902	2026-05-25 12:07:45	1	2	15	0
        117497	2026-05-25 12:07:47	1	2	15	0
        119453	2026-05-25 12:07:51	1	2	15	0
        110418	2026-05-25 12:07:54	1	2	15	0
        116763	2026-05-25 12:07:56	1	2	15	0
        116747	2026-05-25 12:07:57	1	2	15	0
        110354	2026-05-25 12:07:59	1	2	15	0
        110116	2026-05-25 12:08:01	1	2	15	0
        110574	2026-05-25 12:08:04	1	2	15	0
        117926	2026-05-25 12:08:16	1	2	15	0
        110463	2026-05-25 12:08:28	1	2	15	0
        110807	2026-05-25 12:08:30	1	2	15	0
        117201	2026-05-25 12:08:34	1	2	15	0
        118753	2026-05-25 12:08:36	1	2	15	0
        110088	2026-05-25 12:08:38	1	2	15	0
        117616	2026-05-25 12:08:41	1	2	15	0
        118640	2026-05-25 12:08:44	1	2	15	0
        110378	2026-05-25 12:08:46	1	2	15	0
        117144	2026-05-25 12:08:48	1	2	15	0
        110810	2026-05-25 12:08:50	1	2	15	0
        116070	2026-05-25 12:08:53	1	2	15	0
        110841	2026-05-25 12:08:55	1	2	15	0
        118593	2026-05-25 12:09:05	1	2	15	0
        117837	2026-05-25 12:09:07	1	2	15	0
        117770	2026-05-25 12:09:09	1	2	15	0
        110832	2026-05-25 12:09:12	1	2	15	0
        119493	2026-05-25 12:09:14	1	2	15	0
        117542	2026-05-25 12:09:16	1	2	15	0
        110077	2026-05-25 12:09:18	1	2	15	0
        110580	2026-05-25 12:09:35	1	2	15	0
        110581	2026-05-25 12:09:37	1	2	15	0
        110732	2026-05-25 12:09:39	1	2	15	0
        117088	2026-05-25 12:09:44	1	2	15	0
        118744	2026-05-25 12:10:07	1	2	15	0
        117660	2026-05-25 12:10:11	1	2	15	0
        117635	2026-05-25 12:10:13	1	2	15	0
        117110	2026-05-25 12:10:14	1	2	15	0
        116053	2026-05-25 12:10:17	1	2	15	0
        118271	2026-05-25 12:10:18	1	2	15	0
        117219	2026-05-25 12:10:22	1	2	15	0
        116422	2026-05-25 12:10:24	1	2	15	0
        110466	2026-05-25 12:10:25	1	2	15	0
        119107	2026-05-25 12:10:27	1	2	15	0
        110632	2026-05-25 12:10:32	1	2	15	0
        116274	2026-05-25 12:10:34	1	2	15	0
        119232	2026-05-25 12:10:36	1	2	15	0
        118493	2026-05-25 12:10:38	1	2	15	0
        117543	2026-05-25 12:10:41	1	2	15	0
        117162	2026-05-25 12:10:43	1	2	15	0
        117921	2026-05-25 12:10:45	1	2	15	0
        117982	2026-05-25 12:10:47	1	2	15	0
        117692	2026-05-25 12:10:50	1	2	15	0
        117711	2026-05-25 12:10:52	1	2	15	0
        117709	2026-05-25 12:10:54	1	2	15	0
        117680	2026-05-25 12:10:59	1	2	15	0
        118761	2026-05-25 12:11:05	1	2	15	0
        119535	2026-05-25 12:11:06	1	2	15	0
        116491	2026-05-25 12:11:09	1	2	15	0
        110809	2026-05-25 12:11:12	1	2	15	0
        116504	2026-05-25 12:11:19	1	2	15	0
        117972	2026-05-25 12:11:20	1	2	15	0
        119386	2026-05-25 12:11:28	1	2	15	0
        118992	2026-05-25 12:11:30	1	2	15	0
        110113	2026-05-25 12:11:37	1	2	15	0
        110376	2026-05-25 12:11:40	1	2	15	0
        110839	2026-05-25 12:11:46	1	2	15	0
        116095	2026-05-25 12:11:55	1	2	15	0
        110371	2026-05-25 12:11:58	1	2	15	0
        110421	2026-05-25 12:12:00	1	2	15	0
        117983	2026-05-25 12:12:08	1	2	15	0
        117122	2026-05-25 12:12:12	1	2	15	0
        110354	2026-05-25 12:12:15	1	2	15	0
        117567	2026-05-25 12:12:18	1	2	15	0
        116422	2026-05-25 12:12:21	1	2	15	0
        118971	2026-05-25 12:12:33	1	2	15	0
        110085	2026-05-25 12:12:51	1	2	15	0
        118744	2026-05-25 12:13:04	1	2	15	0
        110377	2026-05-25 12:13:09	1	2	15	0
        110527	2026-05-25 12:13:15	1	2	15	0
        116933	2026-05-25 12:13:18	1	2	15	0
        117969	2026-05-25 12:13:21	1	2	15	0
        110492	2026-05-25 12:13:23	1	2	15	0
        117709	2026-05-25 12:13:24	1	2	15	0
        118702	2026-05-25 12:13:28	1	2	15	0
        116778	2026-05-25 12:13:32	1	2	15	0
        117487	2026-05-25 12:13:36	1	2	15	0
        117120	2026-05-25 12:13:38	1	2	15	0
        110424	2026-05-25 12:13:40	1	2	15	0
        110466	2026-05-25 12:13:49	1	2	15	0
        110105	2026-05-25 12:13:56	1	2	15	0
        116504	2026-05-25 12:14:14	1	2	15	0
        118493	2026-05-25 12:14:36	1	2	15	0
        116095	2026-05-25 12:14:41	1	2	15	0
        110371	2026-05-25 12:14:46	1	2	15	0
        119386	2026-05-25 12:14:56	1	2	15	0
        117921	2026-05-25 12:15:01	1	2	15	0
        117982	2026-05-25 12:15:03	1	2	15	0
        117692	2026-05-25 12:15:04	1	2	15	0
        116787	2026-05-25 12:15:06	1	2	15	0
        117630	2026-05-25 12:15:07	1	2	15	0
        117850	2026-05-25 12:15:10	1	2	15	0
        117920	2026-05-25 12:15:12	1	2	15	0
        119157	2026-05-25 12:15:14	1	2	15	0
        117113	2026-05-25 12:15:16	1	2	15	0
        110055	2026-05-25 12:15:17	1	2	15	0
        116491	2026-05-25 12:15:21	1	2	15	0
        117997	2026-05-25 12:15:23	1	2	15	0
        117924	2026-05-25 12:15:25	1	2	15	0
        116483	2026-05-25 12:15:27	1	2	15	0
        110457	2026-05-25 12:15:30	1	2	15	0
        117259	2026-05-25 12:15:32	1	2	15	0
        116849	2026-05-25 12:15:45	1	2	15	0
        119232	2026-05-25 12:15:47	1	2	15	0
        117723	2026-05-25 12:15:52	1	2	15	0
        117969	2026-05-25 12:15:55	1	2	15	0
        116778	2026-05-25 12:16:01	1	2	15	0
        110116	2026-05-25 12:16:10	1	2	15	0
        110507	2026-05-25 12:16:38	1	2	15	0
        118750	2026-05-25 12:16:51	1	2	15	0
        110456	2026-05-25 12:16:54	1	2	15	0
        117711	2026-05-25 12:16:57	1	2	15	0
        118302	2026-05-25 12:17:11	1	2	15	0
        116933	2026-05-25 12:17:17	1	2	15	0
        116451	2026-05-25 12:17:20	1	2	15	0
        117042	2026-05-25 12:17:22	1	2	15	0
        110065	2026-05-25 12:17:29	1	2	15	0
        118741	2026-05-25 12:17:31	1	2	15	0
        110580	2026-05-25 12:17:38	1	2	15	0
        110581	2026-05-25 12:17:43	1	2	15	0
        110055	2026-05-25 12:17:51	1	2	15	0
        116069	2026-05-25 12:18:04	1	2	15	0
        116849	2026-05-25 12:18:32	1	2	15	0
        116787	2026-05-25 12:18:34	1	2	15	0
        117162	2026-05-25 12:18:36	1	2	15	0
        110732	2026-05-25 12:18:39	1	2	15	0
        110632	2026-05-25 12:18:43	1	2	15	0
        118971	2026-05-25 12:18:47	1	2	15	0
        118702	2026-05-25 12:18:58	1	2	15	0
        117487	2026-05-25 12:19:00	1	2	15	0
        110070	2026-05-25 12:19:01	1	2	15	0
        116483	2026-05-25 12:19:12	1	2	15	0
        117541	2026-05-25 12:19:15	1	2	15	0
        117259	2026-05-25 12:19:19	1	2	15	0
        110473	2026-05-25 12:19:35	1	2	15	0
        117920	2026-05-25 12:19:39	1	2	15	0
        117850	2026-05-25 12:19:41	1	2	15	0
        119157	2026-05-25 12:19:45	1	2	15	0
        119535	2026-05-25 12:19:49	1	2	15	0
        118695	2026-05-25 12:19:52	1	2	15	0
        117997	2026-05-25 12:20:01	1	2	15	0
        110834	2026-05-25 12:20:23	1	2	15	0
        110195	2026-05-25 12:20:27	1	2	15	0
        110065	2026-05-25 12:20:32	1	2	15	0
        116831	2026-05-25 12:20:34	1	2	15	0
        118741	2026-05-25 12:20:35	1	2	15	0
        110528	2026-05-25 12:20:52	1	2	15	0
        110549	2026-05-25 12:21:22	1	2	15	0
        117337	2026-05-25 12:21:27	1	2	15	0
        118695	2026-05-25 12:21:29	1	2	15	0
        110511	2026-05-25 12:21:31	1	2	15	0
        116346	2026-05-25 12:21:34	1	2	15	0
        117113	2026-05-25 12:21:40	1	2	15	0
        116451	2026-05-25 12:21:43	1	2	15	0
        110413	2026-05-25 12:21:46	1	2	15	0
        117042	2026-05-25 12:22:11	1	2	15	0
        110495	2026-05-25 12:22:22	1	2	15	0
        110493	2026-05-25 12:22:27	1	2	15	0
        110808	2026-05-25 12:22:30	1	2	15	0
        117645	2026-05-25 12:22:32	1	2	15	0
        117811	2026-05-25 12:22:35	1	2	15	0
        117840	2026-05-25 12:22:37	1	2	15	0
        117815	2026-05-25 12:22:39	1	2	15	0
        117839	2026-05-25 12:22:42	1	2	15	0
        117483	2026-05-25 12:22:43	1	2	15	0
        117841	2026-05-25 12:22:46	1	2	15	0
        110197	2026-05-25 12:22:48	1	2	15	0
        110077	2026-05-25 12:22:52	1	2	15	0
        116232	2026-05-25 12:22:59	1	2	15	0
        118732	2026-05-25 12:23:04	1	2	15	0
        110507	2026-05-25 12:23:08	1	2	15	0
        117077	2026-05-25 12:23:12	1	2	15	0
        110510	2026-05-25 12:23:19	1	2	15	0
        116828	2026-05-25 12:23:22	1	2	1	0
        116799	2026-05-25 12:23:37	1	2	15	0
        110421	2026-05-25 12:23:41	1	2	15	0
        116069	2026-05-25 12:24:02	1	2	15	0
        118458	2026-05-25 12:24:21	1	2	15	0
        117120	2026-05-25 12:24:34	1	2	15	0
        116346	2026-05-25 12:24:44	1	2	15	0
        117817	2026-05-25 12:24:55	1	2	15	0
        110805	2026-05-25 12:25:23	1	2	15	0
        119227	2026-05-25 12:25:28	1	2	15	0
        110495	2026-05-25 12:25:43	1	2	15	0
        110493	2026-05-25 12:25:47	1	2	15	0
        110808	2026-05-25 12:25:55	1	2	15	0
        110513	2026-05-25 12:26:01	1	2	15	0
        117786	2026-05-25 12:26:03	1	2	15	0
        110413	2026-05-25 12:26:15	1	2	15	0
        117121	2026-05-25 12:26:22	1	2	15	0
        117156	2026-05-25 12:26:25	1	2	15	0
        118782	2026-05-25 12:26:28	1	2	15	0
        117811	2026-05-25 12:26:32	1	2	15	0
        117483	2026-05-25 12:26:36	1	2	15	0
        117645	2026-05-25 12:26:38	1	2	15	0
        110535	2026-05-25 12:26:40	1	2	15	0
        117841	2026-05-25 12:26:42	1	2	15	0
        117840	2026-05-25 12:26:45	1	2	15	0
        118732	2026-05-25 12:26:49	1	2	15	0
        118369	2026-05-25 12:26:53	1	2	15	0
        110063	2026-05-25 12:26:55	1	2	15	0
        117077	2026-05-25 12:27:01	1	2	15	0
        117528	2026-05-25 12:27:09	1	2	15	0
        117236	2026-05-25 12:27:18	1	2	15	0
        116990	2026-05-25 12:27:22	1	2	15	0
        110574	2026-05-25 12:27:32	1	2	15	0
        110834	2026-05-25 12:27:54	1	2	15	0
        118369	2026-05-25 12:28:03	1	2	15	0
        116831	2026-05-25 12:28:10	1	2	15	0
        110025	2026-05-25 12:28:20	1	2	15	0
        117815	2026-05-25 12:28:38	1	2	15	0
        116142	2026-05-25 12:28:51	1	2	15	0
        118550	2026-05-25 12:29:07	1	2	15	0
        116799	2026-05-25 12:30:42	1	3	15	0
        118997	2026-05-25 12:30:57	1	3	15	0
        117222	2026-05-25 12:31:18	1	3	15	0
        110057	2026-05-25 12:31:52	1	3	15	0
        110074	2026-05-25 12:31:57	1	3	15	0
        119364	2026-05-25 12:31:59	1	3	15	0
        110805	2026-05-25 12:32:09	1	3	15	0
        119227	2026-05-25 12:32:13	1	3	15	0
        117591	2026-05-25 12:32:16	1	3	15	0
        116748	2026-05-25 12:32:23	1	3	15	0
        110158	2026-05-25 12:32:25	1	3	15	0
        117790	2026-05-25 12:32:27	1	3	15	0
        118782	2026-05-25 12:32:30	1	3	15	0
        117156	2026-05-25 12:32:34	1	3	15	0
        117121	2026-05-25 12:32:35	1	3	15	0
        117528	2026-05-25 12:32:37	1	3	15	0
        117817	2026-05-25 12:32:44	1	3	15	0
        110076	2026-05-25 12:32:55	1	3	15	0
        117236	2026-05-25 12:33:00	1	3	15	0
        118101	2026-05-25 12:33:02	1	3	15	0
        118550	2026-05-25 12:33:04	1	3	15	0
        117828	2026-05-25 12:33:07	1	3	15	0
        117100	2026-05-25 12:33:10	1	3	15	0
        116166	2026-05-25 12:33:15	1	3	15	0
        116990	2026-05-25 12:33:46	1	3	15	0
        110050	2026-05-25 12:34:36	1	3	15	0
        110100	2026-05-25 12:34:50	1	3	15	0
        117085	2026-05-25 12:35:04	1	3	15	0
        110475	2026-05-25 12:35:07	1	3	15	0
        110473	2026-05-25 12:35:16	1	3	15	0
        110462	2026-05-25 12:35:54	1	3	15	0
        110100	2026-05-25 12:36:19	1	3	15	0
        116166	2026-05-25 12:36:26	1	3	15	0
        117088	2026-05-25 12:36:49	1	3	15	0
        110836	2026-05-25 12:37:02	1	3	15	0
        110816	2026-05-25 12:37:07	1	3	15	0
        118928	2026-05-25 12:37:21	1	3	15	0
        116441	2026-05-25 12:37:25	1	3	15	0
        110060	2026-05-25 12:37:52	1	3	15	0
        110549	2026-05-25 12:38:09	1	3	15	0
        117742	2026-05-25 12:38:23	1	3	15	0
        116995	2026-05-25 12:38:26	1	3	15	0
        119594	2026-05-25 12:38:44	1	3	15	0
        117039	2026-05-25 12:38:48	1	3	15	0
        117591	2026-05-25 12:38:51	1	3	15	0
        117232	2026-05-25 12:38:58	1	3	15	0
        116472	2026-05-25 12:39:01	1	3	15	0
        117085	2026-05-25 12:39:03	1	3	15	0
        110076	2026-05-25 12:39:06	1	3	15	0
        110074	2026-05-25 12:39:09	1	3	15	0
        119364	2026-05-25 12:39:14	1	3	15	0
        110057	2026-05-25 12:39:16	1	3	15	0
        110196	2026-05-25 12:39:23	1	3	15	0
        117965	2026-05-25 12:39:25	1	3	15	0
        117054	2026-05-25 12:39:27	1	3	15	0
        110050	2026-05-25 12:39:31	1	3	15	0
        110462	2026-05-25 12:39:44	1	3	15	0
        117807	2026-05-25 12:40:44	1	3	15	0
        110070	2026-05-25 12:41:04	1	3	15	0
        117699	2026-05-25 12:41:18	1	3	15	0
        110046	2026-05-25 12:41:23	1	3	15	0
        110006	2026-05-25 12:41:27	1	3	15	0
        119594	2026-05-25 12:41:36	1	3	15	0
        118302	2026-05-25 12:41:41	1	3	15	0
        116441	2026-05-25 12:41:45	1	3	15	0
        110513	2026-05-25 12:41:57	1	3	15	0
        110418	2026-05-25 12:41:59	1	3	15	0
        116472	2026-05-25 12:42:01	1	3	15	0
        118455	2026-05-25 12:42:32	1	3	15	0
        119070	2026-05-25 12:42:35	1	3	15	0
        116824	2026-05-25 12:42:40	1	3	15	0
        118427	2026-05-25 12:43:03	1	3	15	0
        117742	2026-05-25 12:43:32	1	3	15	0
        116995	2026-05-25 12:43:35	1	3	15	0
        117807	2026-05-25 12:43:37	1	3	15	0
        110201	2026-05-25 12:43:42	1	3	15	0
        110567	2026-05-25 12:43:45	1	3	15	0
        117699	2026-05-25 12:44:03	1	3	15	0
        110431	2026-05-25 12:44:09	1	3	15	0
        118427	2026-05-25 12:44:13	1	3	15	0
        117849	2026-05-25 12:45:04	1	3	15	0
        117965	2026-05-25 12:45:44	1	3	15	0
        110196	2026-05-25 12:45:48	1	3	15	0
        116824	2026-05-25 12:45:53	1	3	15	0
        119494	2026-05-25 12:45:57	1	3	15	0
        110201	2026-05-25 12:46:13	1	3	15	0
        110060	2026-05-25 12:46:16	1	3	15	0
        110567	2026-05-25 12:46:23	1	3	15	0
        119272	2026-05-25 12:46:53	1	3	15	0
        118180	2026-05-25 12:46:55	1	3	15	0
        118813	2026-05-25 12:46:58	1	3	15	0
        116129	2026-05-25 12:47:01	1	3	15	0
        119070	2026-05-25 12:47:06	1	3	15	0
        118455	2026-05-25 12:47:08	1	3	15	0
        117337	2026-05-25 12:48:27	1	3	15	0
        117212	2026-05-25 12:48:46	1	3	15	0
        117092	2026-05-25 12:48:48	1	3	15	0
        116356	2026-05-25 12:49:26	1	3	15	0
        116805	2026-05-25 12:49:29	1	3	15	0
        117061	2026-05-25 12:49:31	1	3	15	0
        117981	2026-05-25 12:49:33	1	3	15	0
        118563	2026-05-25 12:49:36	1	3	15	0
        110452	2026-05-25 12:50:25	1	3	15	0
        117103	2026-05-25 12:50:29	1	3	15	0
        116356	2026-05-25 12:51:26	1	3	15	0
        117100	2026-05-25 12:51:30	1	3	15	0
        117981	2026-05-25 12:51:32	1	3	15	0
        117061	2026-05-25 12:51:34	1	3	15	0
        116805	2026-05-25 12:51:37	1	3	15	0
        118997	2026-05-25 12:51:40	1	3	15	0
        110025	2026-05-25 12:51:42	1	3	15	0
        110063	2026-05-25 12:51:44	1	3	15	0
        116129	2026-05-25 12:51:52	1	3	15	0
        117114	2026-05-25 12:51:54	1	3	15	0
        118180	2026-05-25 12:51:57	1	3	15	0
        119272	2026-05-25 12:52:00	1	3	15	0
        117092	2026-05-25 12:52:04	1	3	15	0
        110833	2026-05-25 12:52:16	1	3	15	0
        110431	2026-05-25 12:52:27	1	3	15	0
        117212	2026-05-25 12:53:05	1	3	15	0
        117849	2026-05-25 12:53:07	1	3	15	0
        117224	2026-05-25 12:53:26	1	3	15	0
        119494	2026-05-25 12:53:29	1	3	15	0
        118813	2026-05-25 12:53:33	1	3	15	0
        110633	2026-05-25 12:53:37	1	3	15	0
        110528	2026-05-25 12:54:10	1	3	15	0
        117103	2026-05-25 12:54:16	1	3	15	0
        110475	2026-05-25 12:54:52	1	3	15	0
        116297	2026-05-25 12:55:26	1	3	15	0
        110633	2026-05-25 12:55:34	1	3	15	0
        117114	2026-05-25 12:56:50	1	3	15	0
        117595	2026-05-25 12:56:58	1	3	15	0
        117993	2026-05-25 12:57:36	1	3	15	0
        110833	2026-05-25 12:57:55	1	3	15	0
        116297	2026-05-25 12:58:38	1	3	15	0
        118867	2026-05-25 12:58:55	1	3	15	0
        110085	2026-05-25 12:59:03	1	3	15	0
        117993	2026-05-25 12:59:08	1	3	15	0
        117595	2026-05-25 12:59:45	1	3	15	0
        118867	2026-05-25 13:00:02	1	3	15	0
        116073	2026-05-25 13:01:38	1	3	15	0
        118180	2026-05-25 13:52:29	1	3	15	0
        116297	2026-05-25 17:01:23	1	1	15	0
        117997	2026-05-25 17:01:29	1	1	15	0
        110447	2026-05-25 17:02:10	1	1	15	0
        118186	2026-05-25 17:05:24	1	1	15	0
        117850	2026-05-25 17:05:42	1	1	15	0
        117920	2026-05-25 17:05:48	1	1	15	0
        110452	2026-05-25 17:06:11	1	1	15	0
        116422	2026-05-25 17:06:59	1	1	15	0
        117219	2026-05-25 17:07:01	1	1	15	0
        118157	2026-05-25 17:07:38	1	1	15	0
        116282	2026-05-25 17:07:40	1	1	15	0
        110376	2026-05-25 17:08:29	1	1	15	0
        110377	2026-05-25 17:08:32	1	1	15	0
        110201	2026-05-25 17:09:21	1	1	15	0
        110431	2026-05-25 17:10:26	1	1	15	0
        117121	2026-05-25 17:10:54	1	1	15	0
        118782	2026-05-25 17:10:56	1	1	15	0
        117156	2026-05-25 17:10:59	1	1	15	0
        116824	2026-05-25 17:15:15	1	1	15	0
        118493	2026-05-25 17:15:40	1	1	15	0
        110196	2026-05-25 17:17:35	1	1	15	0
        117965	2026-05-25 17:17:40	1	1	15	0
        110549	2026-05-25 17:17:59	1	1	15	0
        117692	2026-05-25 17:20:07	1	1	15	0
        118917	2026-05-25 17:21:41	1	1	15	0
        110076	2026-05-25 17:25:00	1	1	15	0
        117926	2026-05-25 17:25:10	1	1	15	0
        116095	2026-05-25 17:26:58	1	1	15	0
        110371	2026-05-25 17:27:04	1	1	15	0
        110836	2026-05-25 17:27:08	1	1	15	0
        110816	2026-05-25 17:27:13	1	1	15	0
        116902	2026-05-25 17:27:29	1	1	1	0
        117915	2026-05-25 17:28:44	1	1	15	0
        117634	2026-05-25 17:28:54	1	1	15	0
        116747	2026-05-25 17:29:30	1	1	15	0
        117224	2026-05-25 17:30:55	1	1	15	0
        110094	2026-05-25 17:32:20	1	1	15	0
        118101	2026-05-25 17:33:51	1	1	15	0
        117828	2026-05-25 17:33:54	1	1	15	0
        117043	2026-05-25 17:34:00	1	1	15	0
        116763	2026-05-25 17:36:49	1	1	15	0
        117232	2026-05-25 17:36:52	1	1	15	0
        117833	2026-05-25 17:37:17	1	1	15	0
        110424	2026-05-25 17:38:38	1	1	15	0
        110421	2026-05-25 17:38:40	1	1	15	0
        117790	2026-05-25 17:38:43	1	1	15	0
        110418	2026-05-25 17:38:45	1	1	15	0
        117983	2026-05-25 17:39:30	1	1	15	0
        117100	2026-05-25 17:40:36	1	1	15	0
        118563	2026-05-25 17:41:09	1	1	15	0
        117786	2026-05-25 17:41:27	1	1	15	0
        117046	2026-05-25 17:41:47	1	1	15	0
        117528	2026-05-25 17:41:50	1	1	15	0
        118593	2026-05-25 17:42:49	1	1	15	0
        117236	2026-05-25 17:46:07	1	1	15	0
        118761	2026-05-25 17:49:51	1	1	15	0
        110195	2026-05-25 17:50:14	1	1	15	0
        116129	2026-05-25 17:53:33	1	1	15	0
        110513	2026-05-25 17:53:36	1	1	15	0
        118928	2026-05-25 17:53:39	1	1	15	0
        117683	2026-05-25 17:53:41	1	1	15	0
        119272	2026-05-25 17:54:10	1	1	15	0
        118813	2026-05-25 17:54:11	1	1	15	0
        110809	2026-05-25 18:00:57	1	1	15	0
        110832	2026-05-25 18:01:18	1	1	15	0
        117835	2026-05-25 18:01:40	1	1	15	0
        116799	2026-05-25 18:02:03	1	1	15	0
        118640	2026-05-25 18:02:05	1	1	15	0
        118750	2026-05-25 18:02:09	1	1	15	0
        110113	2026-05-25 18:02:14	1	1	15	0
        117483	2026-05-25 18:02:23	1	1	15	0
        117936	2026-05-25 18:02:48	1	1	15	0
        116479	2026-05-25 18:02:56	1	1	15	0
        118732	2026-05-25 18:03:17	1	1	15	0
        119070	2026-05-25 18:03:27	1	1	15	0
        110527	2026-05-25 18:03:48	1	1	15	0
        116232	2026-05-25 18:03:53	1	1	15	0
        118992	2026-05-25 18:04:06	1	1	15	0
        117635	2026-05-25 18:04:25	1	1	15	0
        119453	2026-05-25 18:04:31	1	1	15	0
        116073	2026-05-25 18:05:05	1	1	15	0
        118271	2026-05-25 18:05:07	1	1	15	0
        117201	2026-05-25 18:05:17	1	1	15	0
        117222	2026-05-25 18:05:24	1	1	15	0
        110567	2026-05-25 18:05:40	1	1	15	0
        110834	2026-05-25 18:06:08	1	1	15	0
        110085	2026-05-25 18:06:17	1	1	15	0
        116472	2026-05-25 18:06:44	1	1	15	0
        117110	2026-05-25 18:07:48	1	1	15	0
        118997	2026-05-25 18:08:08	1	1	15	0
        116496	2026-05-25 18:09:26	1	1	15	0
        116491	2026-05-25 18:10:04	1	1	15	0
        116831	2026-05-25 18:10:09	1	1	15	0
        110465	2026-05-25 18:10:20	1	1	15	0
        116504	2026-05-25 18:10:35	1	1	15	0
        117733	2026-05-25 18:10:37	1	1	15	0
        110574	2026-05-25 18:10:42	1	1	15	0
        118744	2026-05-25 18:11:00	1	1	15	0
        116828	2026-05-25 18:12:34	1	1	1	0
        117630	2026-05-25 18:13:10	1	1	15	0
        118568	2026-05-25 18:13:32	1	1	15	0
        117039	2026-05-25 18:13:43	1	1	15	0
        117129	2026-05-25 18:14:27	1	1	15	0
        117591	2026-05-25 18:15:45	1	1	15	0
        118455	2026-05-25 18:16:03	1	1	15	0
        119143	2026-05-25 18:17:41	1	1	15	0
        116346	2026-05-25 18:17:54	1	1	15	0
        110050	2026-05-25 18:18:17	1	1	15	0
        110378	2026-05-25 18:18:50	1	1	15	0
        117103	2026-05-25 18:19:26	1	1	15	0
        118550	2026-05-25 18:19:29	1	1	15	0
        110633	2026-05-25 18:19:34	1	1	15	0
        117837	2026-05-25 18:19:50	1	1	15	0
        118207	2026-05-25 18:19:55	1	1	15	0
        117982	2026-05-25 18:20:00	1	1	15	0
        110538	2026-05-25 18:20:32	1	1	15	0
        110473	2026-05-25 18:22:03	1	1	15	0
        117337	2026-05-25 18:22:17	1	1	15	0
        117993	2026-05-25 18:22:39	1	1	15	0
        117811	2026-05-25 18:24:03	1	1	15	0
        117839	2026-05-25 18:24:05	1	1	15	0
        117645	2026-05-25 18:24:44	1	1	15	0
        117054	2026-05-25 18:25:36	1	1	15	0
        119493	2026-05-25 18:26:19	1	1	15	0
        116451	2026-05-25 18:26:23	1	1	15	0
        117042	2026-05-25 18:26:25	1	1	15	0
        118580	2026-05-25 18:26:41	1	1	15	0
        110807	2026-05-25 18:26:57	1	1	15	0
        117770	2026-05-25 18:28:18	1	1	15	0
        110456	2026-05-25 18:28:28	1	1	15	0
        117497	2026-05-25 18:28:36	1	1	15	0
        117769	2026-05-25 18:28:54	1	1	15	0
        110354	2026-05-25 18:29:08	1	1	15	0
        110105	2026-05-25 18:29:47	1	1	15	0
        110511	2026-05-25 18:30:10	1	1	15	0
        110070	2026-05-25 18:31:11	1	1	15	0
        110810	2026-05-25 18:31:17	1	1	15	0
        110510	2026-05-25 18:31:20	1	1	15	0
        110356	2026-05-25 18:31:24	1	1	15	0
        110840	2026-05-25 18:31:27	1	1	15	0
        117921	2026-05-25 18:32:09	1	1	15	0
        117814	2026-05-25 18:32:11	1	1	15	0
        117541	2026-05-25 18:33:18	1	1	15	0
        117259	2026-05-25 18:33:39	1	1	15	0
        116142	2026-05-25 18:33:39	1	1	15	0
        117817	2026-05-25 18:33:44	1	1	15	0
        110632	2026-05-25 18:33:51	1	1	15	0
        117969	2026-05-25 18:33:56	1	1	15	0
        118971	2026-05-25 18:34:32	1	1	15	0
        117972	2026-05-25 18:34:56	1	1	15	0
        110463	2026-05-25 18:38:12	1	1	15	0
        110436	2026-05-25 18:39:23	1	1	15	0
        117122	2026-05-25 18:39:43	1	1	15	0
        110116	2026-05-25 18:39:49	1	1	15	0
        110507	2026-05-25 18:39:56	1	1	15	0
        110492	2026-05-25 18:40:04	1	1	15	0
        117840	2026-05-25 18:40:51	1	1	15	0
        110172	2026-05-25 18:41:50	1	1	15	0
        110197	2026-05-25 18:42:20	1	1	15	0
        117113	2026-05-25 18:42:46	1	1	15	0
        110355	2026-05-25 18:44:33	1	1	15	0
        117212	2026-05-25 18:45:10	1	1	15	0
        110158	2026-05-25 18:45:21	1	1	15	0
        119494	2026-05-25 18:45:28	1	1	15	0
        117849	2026-05-25 18:45:33	1	1	15	0
        117709	2026-05-25 18:46:03	1	1	15	0
        110088	2026-05-25 18:46:08	1	1	15	0
        116383	2026-05-25 18:46:13	1	1	15	0
        117616	2026-05-25 18:46:18	1	1	15	0
        118046	2026-05-25 18:46:30	1	1	15	0
        118695	2026-05-25 18:46:37	1	1	15	0
        117567	2026-05-25 18:46:42	1	1	15	0
        117162	2026-05-25 18:47:50	1	1	15	0
        117092	2026-05-25 18:49:32	1	1	15	0
        116252	2026-05-25 18:49:47	1	1	15	0
        117680	2026-05-25 18:49:52	1	1	15	0
        117120	2026-05-25 18:49:59	1	1	15	0
        110466	2026-05-25 18:50:40	1	1	15	0
        110065	2026-05-25 18:50:52	1	1	15	0
        110475	2026-05-25 18:50:55	1	1	15	0
        110495	2026-05-25 18:51:02	1	1	15	0
        110493	2026-05-25 18:51:04	1	1	15	0
        118741	2026-05-25 18:51:14	1	1	15	0
        110077	2026-05-25 18:51:54	1	1	15	0
        110462	2026-05-25 18:52:32	1	1	15	0
        117543	2026-05-25 18:52:37	1	1	15	0
        116477	2026-05-25 18:52:40	1	1	15	0
        116933	2026-05-25 18:53:07	1	1	15	0
        117660	2026-05-25 18:53:17	1	1	15	0
        116053	2026-05-25 18:53:22	1	1	15	0
        110100	2026-05-25 18:53:58	1	1	15	0
        117144	2026-05-25 18:54:04	1	1	15	0
        116483	2026-05-25 18:54:16	1	1	15	0
        110805	2026-05-25 18:54:26	1	1	15	0
        110457	2026-05-25 18:55:14	1	1	15	0
        117088	2026-05-25 18:55:25	1	1	15	0
        117114	2026-05-25 18:55:45	1	1	15	0
        119107	2026-05-25 18:55:52	1	1	15	0
        110025	2026-05-25 18:56:38	1	1	15	0
        119227	2026-05-25 18:56:55	1	1	15	0
        117723	2026-05-25 18:57:11	1	1	15	0
        110528	2026-05-25 18:57:13	1	1	15	0
        110372	2026-05-25 18:57:17	1	1	15	0
        118427	2026-05-25 18:57:38	1	1	15	0
        117807	2026-05-25 18:57:52	1	1	15	0
        116990	2026-05-25 18:57:54	1	1	15	0
        117841	2026-05-25 18:57:56	1	1	15	0
        116995	2026-05-25 18:57:58	1	1	15	0
        117542	2026-05-25 18:58:28	1	1	15	0
        110090	2026-05-25 18:58:36	1	1	15	0
        119493	2026-05-25 18:58:51	1	1	15	0
        110063	2026-05-25 18:59:32	1	1	15	0
        116787	2026-05-25 18:59:51	1	1	15	0
        110808	2026-05-25 18:59:55	1	1	15	0
        118427	2026-05-25 19:00:29	1	1	15	0
        116778	2026-05-25 19:01:22	1	1	15	0
        110413	2026-05-25 19:01:27	1	1	15	0
        116805	2026-05-25 19:01:32	1	1	15	0
        117711	2026-05-25 19:01:37	1	1	15	0
        110055	2026-05-25 19:01:41	1	1	15	0
        118458	2026-05-25 19:01:44	1	1	15	0
        118753	2026-05-25 19:01:53	1	1	15	0
        110074	2026-05-25 19:01:54	1	1	15	0
        116356	2026-05-25 19:01:57	1	1	15	0
        117061	2026-05-25 19:02:00	1	1	15	0
        110057	2026-05-25 19:02:02	1	1	15	0
        116849	2026-05-25 19:02:16	1	1	15	0
        118302	2026-05-25 19:02:21	1	1	15	0
        116497	2026-05-25 19:03:22	1	1	15	0
        117924	2026-05-25 19:03:24	1	1	15	0
        116072	2026-05-25 19:03:32	1	1	15	0
        117815	2026-05-25 19:03:43	1	1	15	0
        119364	2026-05-25 19:03:46	1	1	15	0
        110833	2026-05-25 19:03:56	1	1	15	0
        116834	2026-05-25 19:04:58	1	1	15	0
        118702	2026-05-25 19:05:57	1	1	15	0
        110060	2026-05-25 19:06:36	1	1	15	0
        116748	2026-05-25 19:06:43	1	1	15	0
        116260	2026-05-25 19:08:12	1	1	15	0
        117742	2026-05-25 19:09:20	1	1	15	0
        117812	2026-05-25 19:09:24	1	1	15	0
        116070	2026-05-25 19:09:27	1	1	15	0
        119594	2026-05-25 19:09:30	1	1	15	0
        117981	2026-05-25 19:09:43	1	1	15	0
        118369	2026-05-25 19:09:46	1	1	15	0
        117575	2026-05-25 19:11:49	1	1	15	0
        119386	2026-05-25 19:12:14	1	1	15	0
        116441	2026-05-25 19:12:22	1	1	15	0
        117595	2026-05-25 19:12:50	1	1	15	0
        117699	2026-05-25 19:14:16	1	1	15	0
        119232	2026-05-25 19:14:25	1	1	15	0
        117487	2026-05-25 19:17:26	1	1	15	0
        110535	2026-05-25 19:19:00	1	1	15	0
        117147	2026-05-25 19:19:05	1	1	15	0
        117085	2026-05-25 19:19:06	1	1	15	0
        119157	2026-05-25 19:21:38	1	1	15	0
        110581	2026-05-25 19:32:19	1	1	15	0
        110580	2026-05-25 19:32:25	1	1	15	0
        110732	2026-05-25 19:32:30	1	1	15	0
        110006	2026-05-25 19:32:39	1	1	15	0
        110084	2026-05-25 19:34:08	1	1	15	0
        118867	2026-05-25 19:36:39	1	1	15	0
        116069	2026-05-25 20:09:56	1	1	15	0
        117201	2026-05-26 04:34:39	1	0	15	0
        116834	2026-05-26 05:06:12	1	0	15	0
        116831	2026-05-26 05:33:54	1	0	15	0
        110809	2026-05-26 06:27:14	1	0	15	0
        118992	2026-05-26 06:34:22	1	0	15	0
        117835	2026-05-26 06:34:28	1	0	15	0
        116479	2026-05-26 06:35:08	1	0	15	0
        116491	2026-05-26 06:39:52	1	0	15	0
        110832	2026-05-26 06:42:19	1	0	15	0
        118750	2026-05-26 06:42:38	1	0	15	0
        110549	2026-05-26 06:42:58	1	0	15	0
        116274	2026-05-26 06:44:08	1	0	15	0
        110144	2026-05-26 06:46:12	1	0	15	0
        110574	2026-05-26 06:46:17	1	0	15	0
        117091	2026-05-26 06:47:12	1	0	15	0
        117120	2026-05-26 06:47:37	1	0	15	0
        116799	2026-05-26 06:47:49	1	0	15	0
        117635	2026-05-26 06:47:59	1	0	15	0
        110580	2026-05-26 06:48:40	1	0	15	0
        118568	2026-05-26 06:49:05	1	0	15	0
        119070	2026-05-26 06:49:39	1	0	15	0
        110360	2026-05-26 06:50:44	1	0	15	0
        117483	2026-05-26 06:50:52	1	0	15	0
        110529	2026-05-26 06:51:15	1	0	15	0
        118997	2026-05-26 06:51:43	1	0	15	0
        118744	2026-05-26 06:52:02	1	0	15	0
        110834	2026-05-26 06:55:25	1	0	15	0
        118732	2026-05-26 06:57:09	1	0	15	0
        110493	2026-05-26 06:57:55	1	0	15	0
        110084	2026-05-26 06:58:51	1	0	15	0
        117054	2026-05-26 06:58:55	1	0	15	0
        117936	2026-05-26 07:01:11	1	0	15	0
        117645	2026-05-26 07:01:13	1	0	15	0
        110839	2026-05-26 07:01:17	1	0	15	0
        117039	2026-05-26 07:01:22	1	0	15	0
        117733	2026-05-26 07:01:23	1	0	15	0
        117232	2026-05-26 07:01:28	1	0	15	0
        118271	2026-05-26 07:01:31	1	0	15	0
        117644	2026-05-26 07:01:33	1	0	15	0
        116383	2026-05-26 07:02:05	1	0	15	0
        118640	2026-05-26 07:02:16	1	0	15	0
        116496	2026-05-26 07:02:39	1	0	15	0
        116960	2026-05-26 07:03:00	1	0	15	0
        110128	2026-05-26 07:05:02	1	0	15	0
        117966	2026-05-26 07:05:13	1	0	15	0
        117769	2026-05-26 07:05:40	1	0	15	0
        110113	2026-05-26 07:06:01	1	0	15	0
        117591	2026-05-26 07:06:46	1	0	15	0
        110473	2026-05-26 07:07:35	1	0	15	0
        116504	2026-05-26 07:07:43	1	0	15	0
        110732	2026-05-26 07:07:51	1	0	15	0
        110462	2026-05-26 07:08:24	1	0	15	0
        117699	2026-05-26 07:08:31	1	0	15	0
        110840	2026-05-26 07:08:47	1	0	15	0
        117838	2026-05-26 07:08:53	1	0	1	0
        110807	2026-05-26 07:10:06	1	0	15	0
        110535	2026-05-26 07:10:15	1	0	15	0
        117219	2026-05-26 07:11:03	1	0	15	0
        110085	2026-05-26 07:11:10	1	0	15	0
        117129	2026-05-26 07:12:51	1	0	15	0
        118101	2026-05-26 07:13:34	1	0	15	0
        110074	2026-05-26 07:14:12	1	0	15	0
        117259	2026-05-26 07:14:15	1	0	15	0
        110817	2026-05-26 07:14:29	1	0	15	0
        110538	2026-05-26 07:14:39	1	0	15	0
        118741	2026-05-26 07:15:00	1	0	15	0
        117837	2026-05-26 07:15:03	1	0	15	0
        117212	2026-05-26 07:15:26	1	0	15	0
        116422	2026-05-26 07:15:35	1	0	15	0
        110527	2026-05-26 07:15:42	1	0	15	0
        117770	2026-05-26 07:16:13	1	0	15	0
        118458	2026-05-26 07:17:27	1	0	15	0
        110465	2026-05-26 07:17:39	1	0	15	0
        110100	2026-05-26 07:18:07	1	0	15	0
        118207	2026-05-26 07:18:29	1	0	15	0
        117921	2026-05-26 07:19:39	1	0	15	0
        117839	2026-05-26 07:19:44	1	0	15	0
        110378	2026-05-26 07:19:52	1	0	15	0
        117982	2026-05-26 07:19:55	1	0	15	0
        117162	2026-05-26 07:20:05	1	0	15	0
        116346	2026-05-26 07:20:08	1	0	15	0
        110060	2026-05-26 07:20:19	1	0	15	0
        117694	2026-05-26 07:20:41	1	0	15	0
        118580	2026-05-26 07:20:46	1	0	15	0
        110511	2026-05-26 07:21:19	1	0	15	0
        110105	2026-05-26 07:22:23	1	0	15	0
        117088	2026-05-26 07:22:33	1	0	15	0
        110507	2026-05-26 07:23:52	1	0	15	0
        118455	2026-05-26 07:25:13	1	0	15	0
        117972	2026-05-26 07:25:16	1	0	15	0
        116741	2026-05-26 07:25:26	1	0	15	0
        117983	2026-05-26 07:25:29	1	0	15	0
        117997	2026-05-26 07:25:51	1	0	15	0
        117920	2026-05-26 07:25:54	1	0	15	0
        110633	2026-05-26 07:26:11	1	0	15	0
        110785	2026-05-26 07:26:16	1	0	15	0
        110581	2026-05-26 07:26:47	1	0	15	0
        110528	2026-05-26 07:26:52	1	0	15	0
        110457	2026-05-26 07:26:59	1	0	15	0
        119364	2026-05-26 07:27:46	1	0	15	0
        119453	2026-05-26 07:28:07	1	0	15	0
        118427	2026-05-26 07:28:56	1	0	15	0
        119493	2026-05-26 07:29:02	1	0	15	0
        117981	2026-05-26 07:29:04	1	0	15	0
        110421	2026-05-26 07:29:53	1	0	15	0
        110063	2026-05-26 07:30:05	1	0	15	0
        110810	2026-05-26 07:31:09	1	0	15	0
        110475	2026-05-26 07:31:28	1	0	15	0
        116252	2026-05-26 07:31:52	1	0	15	0
        110456	2026-05-26 07:32:15	1	0	15	0
        110355	2026-05-26 07:32:44	1	0	15	0
        110356	2026-05-26 07:32:45	1	0	15	0
        110510	2026-05-26 07:33:11	1	0	15	0
        110466	2026-05-26 07:33:39	1	0	15	0
        117541	2026-05-26 07:35:55	1	0	15	0
        117660	2026-05-26 07:36:05	1	0	15	0
        117709	2026-05-26 07:36:18	1	0	15	0
        117103	2026-05-26 07:36:48	1	0	15	0
        119272	2026-05-26 07:37:28	1	0	15	0
        117680	2026-05-26 07:37:33	1	0	15	0
        117042	2026-05-26 07:37:36	1	0	15	0
        116451	2026-05-26 07:37:39	1	0	15	0
        110492	2026-05-26 07:38:01	1	0	15	0
        117110	2026-05-26 07:38:33	1	0	15	0
        118563	2026-05-26 07:38:55	1	0	15	0
        117061	2026-05-26 07:39:11	1	0	15	0
        119107	2026-05-26 07:39:28	1	0	15	0
        110196	2026-05-26 07:39:37	1	0	15	0
        110354	2026-05-26 07:39:41	1	0	15	0
        116142	2026-05-26 07:39:43	1	0	15	0
        118493	2026-05-26 07:40:02	1	0	15	0
        118157	2026-05-26 07:40:04	1	0	15	0
        110025	2026-05-26 07:40:42	1	0	15	0
        110197	2026-05-26 07:40:48	1	0	15	0
        118971	2026-05-26 07:40:51	1	0	15	0
        110376	2026-05-26 07:41:04	1	0	15	0
        117543	2026-05-26 07:41:13	1	0	15	0
        110463	2026-05-26 07:41:16	1	0	15	0
        110050	2026-05-26 07:41:24	1	0	15	0
        117840	2026-05-26 07:42:01	1	0	15	0
        116902	2026-05-26 07:42:25	1	0	15	0
        110070	2026-05-26 07:42:34	1	0	15	0
        117723	2026-05-26 07:42:54	1	0	15	0
        117114	2026-05-26 07:43:01	1	0	15	0
        118186	2026-05-26 07:43:35	1	0	15	0
        118782	2026-05-26 07:44:10	1	0	15	0
        117487	2026-05-26 07:44:16	1	0	15	0
        110567	2026-05-26 07:44:19	1	0	15	0
        117224	2026-05-26 07:44:52	1	0	15	0
        116483	2026-05-26 07:44:53	1	0	15	0
        110006	2026-05-26 07:45:02	1	0	15	0
        117616	2026-05-26 07:45:28	1	0	15	0
        116824	2026-05-26 07:46:36	1	0	15	0
        110371	2026-05-26 07:46:42	1	0	15	0
        116441	2026-05-26 07:46:46	1	0	15	0
        117841	2026-05-26 07:46:51	1	0	15	0
        117580	2026-05-26 07:47:06	1	0	15	0
        116282	2026-05-26 07:47:11	1	0	15	0
        110645	2026-05-26 07:47:22	1	0	15	0
        110116	2026-05-26 07:47:50	1	0	15	0
        117156	2026-05-26 07:48:10	1	0	15	0
        118302	2026-05-26 07:48:24	1	0	15	0
        116095	2026-05-26 07:48:28	1	0	15	0
        117817	2026-05-26 07:48:38	1	0	15	0
        110377	2026-05-26 07:48:53	1	0	15	0
        117111	2026-05-26 07:49:16	1	0	15	0
        116069	2026-05-26 07:49:18	1	0	15	0
        110424	2026-05-26 07:49:52	1	0	15	0
        116763	2026-05-26 07:50:01	1	0	15	0
        110158	2026-05-26 07:50:03	1	0	15	0
        116297	2026-05-26 07:50:34	1	0	15	0
        119157	2026-05-26 07:50:45	1	0	15	0
        118702	2026-05-26 07:50:49	1	0	15	0
        110418	2026-05-26 07:51:34	1	0	15	0
        110805	2026-05-26 07:51:45	1	0	15	0
        117850	2026-05-26 07:52:21	1	0	15	0
        117707	2026-05-26 07:52:52	1	0	15	0
        110431	2026-05-26 07:53:04	1	0	15	0
        117930	2026-05-26 07:53:08	1	0	15	0
        117121	2026-05-26 07:53:27	1	0	15	0
        118928	2026-05-26 07:53:56	1	0	15	0
        117567	2026-05-26 07:54:08	1	0	15	0
        116778	2026-05-26 07:54:10	1	0	15	0
        117711	2026-05-26 07:54:24	1	0	15	0
        110057	2026-05-26 07:54:33	1	0	15	0
        117692	2026-05-26 07:54:37	1	0	15	0
        117542	2026-05-26 07:54:49	1	0	15	0
        110065	2026-05-26 07:55:20	1	0	15	0
        117849	2026-05-26 07:55:22	1	0	15	0
        119449	2026-05-26 07:55:32	1	0	15	0
        117196	2026-05-26 07:55:43	1	0	15	0
        117528	2026-05-26 07:55:48	1	0	15	0
        117236	2026-05-26 07:56:02	1	0	15	0
        117683	2026-05-26 07:56:08	1	0	15	0
        110833	2026-05-26 07:56:12	1	0	15	0
        110447	2026-05-26 07:56:17	1	0	15	0
        110055	2026-05-26 07:56:22	1	0	15	0
        118593	2026-05-26 07:56:26	1	0	15	0
        116805	2026-05-26 07:56:42	1	0	15	0
        110088	2026-05-26 07:56:48	1	0	15	0
        116356	2026-05-26 07:57:03	1	0	15	0
        116990	2026-05-26 07:57:11	1	0	15	0
        116428	2026-05-26 07:57:29	1	0	15	0
        110090	2026-05-26 07:58:07	1	0	15	0
        110808	2026-05-26 07:58:15	1	0	15	0
        116787	2026-05-26 07:58:28	1	0	15	0
        119602	2026-05-26 07:58:32	1	0	15	0
        116166	2026-05-26 07:58:36	1	0	15	0
        116849	2026-05-26 07:58:41	1	0	15	0
        117043	2026-05-26 07:58:55	1	0	15	0
        116073	2026-05-26 07:59:13	1	0	15	0
        117790	2026-05-26 07:59:34	1	0	15	0
        117926	2026-05-26 07:59:42	1	0	15	0
        116477	2026-05-26 08:00:00	1	0	15	0
        117634	2026-05-26 08:00:18	1	0	15	0
        117915	2026-05-26 08:00:19	1	0	15	0
        116933	2026-05-26 08:00:22	1	0	15	0
        117684	2026-05-26 08:00:33	1	0	15	0
        117833	2026-05-26 08:00:49	1	0	15	0
        116748	2026-05-26 08:01:18	1	0	15	0
        117742	2026-05-26 08:02:25	1	0	15	0
        117965	2026-05-26 08:02:29	1	0	15	0
        110816	2026-05-26 08:02:30	1	0	15	0
        117811	2026-05-26 08:02:57	1	0	15	0
        117815	2026-05-26 08:03:23	1	0	15	0
        110836	2026-05-26 08:03:35	1	0	15	0
        119263	2026-05-26 08:03:37	1	0	15	0
        117046	2026-05-26 08:04:39	1	0	15	0
        116053	2026-05-26 08:04:47	1	0	15	0
        110452	2026-05-26 08:04:59	1	0	15	0
        117337	2026-05-26 08:05:12	1	0	15	0
        118753	2026-05-26 08:05:36	1	0	15	0
        117924	2026-05-26 08:06:43	1	0	15	0
        119227	2026-05-26 08:07:02	1	0	15	0
        117786	2026-05-26 08:07:29	1	0	15	0
        117828	2026-05-26 08:07:37	1	0	15	0
        110436	2026-05-26 08:08:26	1	0	15	0
        110172	2026-05-26 08:08:31	1	0	15	0
        118046	2026-05-26 08:08:52	1	0	15	0
        110077	2026-05-26 08:11:48	1	0	15	0
        119386	2026-05-26 08:12:02	1	0	15	0
        117807	2026-05-26 08:12:12	1	0	15	0
        117092	2026-05-26 08:13:49	1	0	15	0
        116995	2026-05-26 08:14:04	1	0	15	0
        116070	2026-05-26 08:14:08	1	0	15	0
        117122	2026-05-26 08:16:08	1	0	15	0
        116497	2026-05-26 08:16:16	1	0	15	0
        118761	2026-05-26 08:16:20	1	0	15	0
        117144	2026-05-26 08:16:39	1	0	15	0
        117814	2026-05-26 08:17:37	1	0	15	0
        116472	2026-05-26 08:23:31	1	0	15	0
        118369	2026-05-26 08:26:40	1	0	15	0
        117659	2026-05-26 08:27:16	1	0	15	0
        116279	2026-05-26 08:28:04	1	0	15	0
        119594	2026-05-26 08:29:58	1	0	15	0
        117993	2026-05-26 08:30:41	1	0	15	0
        117085	2026-05-26 08:30:51	1	0	15	0
        116453	2026-05-26 08:33:06	1	0	15	0
        117077	2026-05-26 08:33:08	1	0	15	0
        110040	2026-05-26 08:33:15	1	0	15	0
        117595	2026-05-26 08:34:32	1	0	15	0
        116828	2026-05-26 08:36:20	1	0	1	0
        118695	2026-05-26 08:38:17	1	0	15	0
        110495	2026-05-26 08:44:58	1	0	15	0
        110513	2026-05-26 08:58:11	1	0	15	0
        117100	2026-05-26 09:16:44	1	0	15	0
        117812	2026-05-26 09:25:44	1	0	15	0
        118550	2026-05-26 10:03:30	1	0	15	0
        116787	2026-05-26 11:59:17	1	2	15	0
        116849	2026-05-26 11:59:22	1	2	15	0
        116778	2026-05-26 11:59:33	1	2	15	0
        118992	2026-05-26 12:00:03	1	2	15	0
        117061	2026-05-26 12:00:03	1	2	15	0
        110113	2026-05-26 12:00:06	1	2	15	0
        110457	2026-05-26 12:00:09	1	2	15	0
        110090	2026-05-26 12:00:14	1	2	15	0
        117541	2026-05-26 12:00:16	1	2	15	0
        116748	2026-05-26 12:00:18	1	2	15	0
        117981	2026-05-26 12:00:20	1	2	15	0
        116356	2026-05-26 12:00:21	1	2	15	0
        117580	2026-05-26 12:00:23	1	2	15	0
        110833	2026-05-26 12:00:25	1	2	15	0
        117924	2026-05-26 12:00:27	1	2	15	0
        110063	2026-05-26 12:00:29	1	2	15	0
        117497	2026-05-26 12:00:31	1	2	15	0
        118186	2026-05-26 12:00:35	1	2	15	0
        116787	2026-05-26 12:00:36	1	2	15	0
        110452	2026-05-26 12:00:38	1	2	15	0
        117711	2026-05-26 12:00:40	1	2	15	0
        117742	2026-05-26 12:00:43	1	2	15	0
        117236	2026-05-26 12:00:44	1	2	15	0
        116070	2026-05-26 12:00:47	1	2	15	0
        117849	2026-05-26 12:00:49	1	2	15	0
        116069	2026-05-26 12:00:50	1	2	15	0
        116383	2026-05-26 12:00:54	1	2	15	0
        118458	2026-05-26 12:00:55	1	2	15	0
        110436	2026-05-26 12:00:57	1	2	15	0
        110834	2026-05-26 12:00:59	1	2	15	0
        117232	2026-05-26 12:01:03	1	2	15	0
        110462	2026-05-26 12:01:05	1	2	15	0
        117039	2026-05-26 12:01:08	1	2	15	0
        119449	2026-05-26 12:01:10	1	2	15	0
        117972	2026-05-26 12:01:12	1	2	15	0
        116479	2026-05-26 12:01:14	1	2	15	0
        110465	2026-05-26 12:01:15	1	2	15	0
        117224	2026-05-26 12:01:19	1	2	15	0
        117196	2026-05-26 12:01:21	1	2	15	0
        116142	2026-05-26 12:01:23	1	2	15	0
        116799	2026-05-26 12:01:25	1	2	15	0
        116279	2026-05-26 12:01:27	1	2	15	0
        110421	2026-05-26 12:01:29	1	2	15	0
        119263	2026-05-26 12:01:32	1	2	15	0
        110510	2026-05-26 12:01:34	1	2	15	0
        110116	2026-05-26 12:01:36	1	2	15	0
        110807	2026-05-26 12:01:38	1	2	15	0
        110463	2026-05-26 12:01:41	1	2	15	0
        117201	2026-05-26 12:01:47	1	2	15	0
        116824	2026-05-26 12:01:50	1	2	15	0
        119453	2026-05-26 12:01:52	1	2	15	0
        117591	2026-05-26 12:01:54	1	2	15	0
        110447	2026-05-26 12:01:57	1	2	15	0
        117543	2026-05-26 12:01:59	1	2	15	0
        110832	2026-05-26 12:02:02	1	2	15	0
        110354	2026-05-26 12:02:05	1	2	15	0
        117981	2026-05-26 12:02:08	1	2	15	0
        117930	2026-05-26 12:02:09	1	2	15	0
        117580	2026-05-26 12:02:14	1	2	15	0
        110833	2026-05-26 12:02:16	1	2	15	0
        110128	2026-05-26 12:02:18	1	2	15	0
        119107	2026-05-26 12:02:22	1	2	15	0
        117828	2026-05-26 12:02:27	1	2	15	0
        118369	2026-05-26 12:02:29	1	2	15	0
        117061	2026-05-26 12:02:30	1	2	15	0
        116356	2026-05-26 12:02:32	1	2	15	0
        117162	2026-05-26 12:02:35	1	2	15	0
        116805	2026-05-26 12:02:37	1	2	15	0
        117790	2026-05-26 12:02:39	1	2	15	0
        116902	2026-05-26 12:02:40	1	2	15	0
        116070	2026-05-26 12:02:43	1	2	15	0
        118186	2026-05-26 12:02:45	1	2	15	0
        110535	2026-05-26 12:02:47	1	2	15	0
        117926	2026-05-26 12:02:50	1	2	15	0
        110431	2026-05-26 12:02:55	1	2	15	0
        116252	2026-05-26 12:03:04	1	2	15	0
        110378	2026-05-26 12:03:05	1	2	15	0
        117144	2026-05-26 12:03:07	1	2	15	0
        116497	2026-05-26 12:03:09	1	2	15	0
        117924	2026-05-26 12:03:14	1	2	15	0
        110457	2026-05-26 12:03:17	1	2	15	0
        110105	2026-05-26 12:03:22	1	2	15	0
        117541	2026-05-26 12:03:24	1	2	15	0
        117742	2026-05-26 12:03:26	1	2	15	0
        116069	2026-05-26 12:03:28	1	2	15	0
        118271	2026-05-26 12:03:30	1	2	15	0
        116274	2026-05-26 12:03:33	1	2	15	0
        117595	2026-05-26 12:03:41	1	2	15	0
        118992	2026-05-26 12:03:47	1	2	15	0
        117567	2026-05-26 12:03:50	1	2	15	0
        116763	2026-05-26 12:03:51	1	2	15	0
        110418	2026-05-26 12:03:52	1	2	15	0
        110513	2026-05-26 12:03:55	1	2	15	0
        110172	2026-05-26 12:03:58	1	2	15	0
        110360	2026-05-26 12:04:03	1	2	15	0
        110842	2026-05-26 12:04:08	1	2	15	0
        118101	2026-05-26 12:04:13	1	2	15	0
        118369	2026-05-26 12:04:15	1	2	15	0
        116805	2026-05-26 12:04:17	1	2	15	0
        117849	2026-05-26 12:04:20	1	2	15	0
        118750	2026-05-26 12:04:23	1	2	15	0
        110507	2026-05-26 12:04:30	1	2	15	0
        117046	2026-05-26 12:04:32	1	2	15	0
        110424	2026-05-26 12:04:35	1	2	15	0
        117129	2026-05-26 12:04:37	1	2	15	0
        110088	2026-05-26 12:04:39	1	2	15	0
        117711	2026-05-26 12:04:42	1	2	15	0
        117616	2026-05-26 12:04:47	1	2	15	0
        117110	2026-05-26 12:04:49	1	2	15	0
        116346	2026-05-26 12:04:51	1	2	15	0
        110063	2026-05-26 12:04:54	1	2	15	0
        116778	2026-05-26 12:04:56	1	2	15	0
        117122	2026-05-26 12:04:58	1	2	15	0
        116787	2026-05-26 12:05:01	1	2	15	0
        116849	2026-05-26 12:05:03	1	2	15	0
        110816	2026-05-26 12:05:04	1	2	15	0
        117786	2026-05-26 12:05:08	1	2	15	0
        110836	2026-05-26 12:05:08	1	2	15	0
        110355	2026-05-26 12:05:14	1	2	15	0
        110356	2026-05-26 12:05:18	1	2	15	0
        110840	2026-05-26 12:05:20	1	2	15	0
        117054	2026-05-26 12:05:25	1	2	15	0
        117833	2026-05-26 12:05:27	1	2	15	0
        116142	2026-05-26 12:05:30	1	2	15	0
        116483	2026-05-26 12:05:31	1	2	15	0
        116504	2026-05-26 12:05:33	1	2	15	0
        110197	2026-05-26 12:05:43	1	2	15	0
        116995	2026-05-26 12:05:45	1	2	15	0
        117837	2026-05-26 12:05:47	1	2	15	0
        117930	2026-05-26 12:05:50	1	2	15	0
        117212	2026-05-26 12:05:52	1	2	15	0
        116497	2026-05-26 12:05:59	1	2	15	0
        118271	2026-05-26 12:06:01	1	2	15	0
        116274	2026-05-26 12:06:03	1	2	15	0
        110810	2026-05-26 12:06:10	1	2	15	0
        116279	2026-05-26 12:06:19	1	2	15	0
        110832	2026-05-26 12:06:22	1	2	15	0
        110084	2026-05-26 12:06:25	1	2	15	0
        110492	2026-05-26 12:06:29	1	2	15	0
        117983	2026-05-26 12:06:31	1	2	15	0
        117100	2026-05-26 12:06:32	1	2	15	0
        117828	2026-05-26 12:06:36	1	2	15	0
        117077	2026-05-26 12:06:37	1	2	15	0
        116902	2026-05-26 12:06:40	1	2	15	0
        110538	2026-05-26 12:06:42	1	2	15	0
        116383	2026-05-26 12:06:44	1	2	15	0
        117196	2026-05-26 12:06:46	1	2	15	0
        110436	2026-05-26 12:06:48	1	2	15	0
        116824	2026-05-26 12:06:50	1	2	15	0
        116479	2026-05-26 12:06:52	1	2	15	0
        110465	2026-05-26 12:06:55	1	2	15	0
        117835	2026-05-26 12:06:59	1	2	15	0
        117926	2026-05-26 12:07:00	1	2	15	0
        117733	2026-05-26 12:07:03	1	2	15	0
        110025	2026-05-26 12:07:07	1	2	15	0
        118971	2026-05-26 12:07:09	1	2	15	0
        119535	2026-05-26 12:07:11	1	2	15	0
        110070	2026-05-26 12:07:13	1	2	15	0
        110172	2026-05-26 12:07:15	1	2	15	0
        119449	2026-05-26 12:07:16	1	2	15	0
        110834	2026-05-26 12:07:19	1	2	15	0
        117972	2026-05-26 12:07:21	1	2	15	0
        117833	2026-05-26 12:07:22	1	2	15	0
        110084	2026-05-26 12:07:26	1	2	15	0
        117337	2026-05-26 12:07:28	1	2	15	0
        117111	2026-05-26 12:07:30	1	2	15	0
        118695	2026-05-26 12:07:32	1	2	15	0
        116346	2026-05-26 12:07:34	1	2	15	0
        117201	2026-05-26 12:07:38	1	2	15	0
        110113	2026-05-26 12:07:40	1	2	15	0
        118744	2026-05-26 12:07:44	1	2	15	0
        110424	2026-05-26 12:07:47	1	2	15	0
        118427	2026-05-26 12:07:49	1	2	15	0
        117046	2026-05-26 12:07:51	1	2	15	0
        116477	2026-05-26 12:08:16	1	2	15	0
        117542	2026-05-26 12:08:24	1	2	15	0
        116491	2026-05-26 12:08:29	1	2	15	0
        110817	2026-05-26 12:08:42	1	2	15	0
        110371	2026-05-26 12:08:43	1	2	15	0
        110354	2026-05-26 12:08:48	1	2	15	0
        117054	2026-05-26 12:08:55	1	2	15	0
        110128	2026-05-26 12:08:58	1	2	15	0
        117110	2026-05-26 12:09:03	1	2	15	0
        110356	2026-05-26 12:09:11	1	2	15	0
        117770	2026-05-26 12:09:12	1	2	15	0
        110816	2026-05-26 12:09:14	1	2	15	0
        117812	2026-05-26 12:09:21	1	2	15	0
        117936	2026-05-26 12:09:23	1	2	15	0
        110836	2026-05-26 12:09:24	1	2	15	0
        116483	2026-05-26 12:09:27	1	2	15	0
        116504	2026-05-26 12:09:30	1	2	15	0
        116472	2026-05-26 12:09:31	1	2	15	0
        118427	2026-05-26 12:09:33	1	2	15	0
        117659	2026-05-26 12:09:35	1	2	15	0
        118207	2026-05-26 12:09:39	1	2	15	0
        117694	2026-05-26 12:09:41	1	2	15	0
        110529	2026-05-26 12:09:43	1	2	15	0
        116799	2026-05-26 12:09:46	1	2	15	0
        117567	2026-05-26 12:09:49	1	2	15	0
        110528	2026-05-26 12:09:51	1	2	15	0
        110493	2026-05-26 12:09:53	1	2	15	0
        117212	2026-05-26 12:09:55	1	2	15	0
        110355	2026-05-26 12:09:57	1	2	15	0
        110840	2026-05-26 12:09:58	1	2	15	0
        110495	2026-05-26 12:10:01	1	2	15	0
        110808	2026-05-26 12:10:03	1	2	15	0
        117129	2026-05-26 12:10:06	1	2	15	0
        110507	2026-05-26 12:10:10	1	2	15	0
        116422	2026-05-26 12:10:15	1	2	15	0
        117219	2026-05-26 12:10:17	1	2	15	0
        110100	2026-05-26 12:10:24	1	2	15	0
        117733	2026-05-26 12:10:26	1	2	15	0
        117077	2026-05-26 12:10:29	1	2	15	0
        117790	2026-05-26 12:10:31	1	2	15	0
        117680	2026-05-26 12:10:38	1	2	15	0
        118928	2026-05-26 12:10:42	1	2	15	0
        116995	2026-05-26 12:10:44	1	2	15	0
        119272	2026-05-26 12:10:46	1	2	15	0
        117837	2026-05-26 12:10:48	1	2	15	0
        117915	2026-05-26 12:10:50	1	2	15	0
        117634	2026-05-26 12:10:51	1	2	15	0
        110492	2026-05-26 12:10:53	1	2	15	0
        117709	2026-05-26 12:10:55	1	2	15	0
        110371	2026-05-26 12:10:58	1	2	15	0
        116282	2026-05-26 12:11:00	1	2	15	0
        117683	2026-05-26 12:11:02	1	2	15	0
        118157	2026-05-26 12:11:05	1	2	15	0
        117591	2026-05-26 12:11:07	1	2	15	0
        117088	2026-05-26 12:11:10	1	2	15	0
        110817	2026-05-26 12:11:12	1	2	15	0
        110431	2026-05-26 12:11:17	1	2	15	0
        118917	2026-05-26 12:11:19	1	2	15	0
        117497	2026-05-26 12:11:21	1	2	15	0
        110144	2026-05-26 12:11:23	1	2	15	0
        119453	2026-05-26 12:11:26	1	2	15	0
        110447	2026-05-26 12:11:28	1	2	15	0
        110377	2026-05-26 12:11:30	1	2	15	0
        110376	2026-05-26 12:11:33	1	2	15	0
        110785	2026-05-26 12:11:35	1	2	15	0
        117645	2026-05-26 12:11:42	1	2	15	0
        117815	2026-05-26 12:11:43	1	2	15	0
        110116	2026-05-26 12:11:45	1	2	15	0
        110105	2026-05-26 12:11:47	1	2	15	0
        117841	2026-05-26 12:11:52	1	2	15	0
        117483	2026-05-26 12:11:54	1	2	15	0
        117839	2026-05-26 12:11:56	1	2	15	0
        117770	2026-05-26 12:11:57	1	2	15	0
        118971	2026-05-26 12:11:59	1	2	15	0
        117812	2026-05-26 12:12:01	1	2	15	0
        117936	2026-05-26 12:12:02	1	2	15	0
        119107	2026-05-26 12:12:09	1	2	15	0
        116422	2026-05-26 12:12:14	1	2	15	0
        117219	2026-05-26 12:12:17	1	2	15	0
        116451	2026-05-26 12:12:21	1	2	15	0
        118550	2026-05-26 12:12:23	1	2	15	0
        116491	2026-05-26 12:12:25	1	2	15	0
        117042	2026-05-26 12:12:27	1	2	15	0
        119594	2026-05-26 12:12:28	1	2	15	0
        117840	2026-05-26 12:12:31	1	2	15	0
        110088	2026-05-26 12:12:41	1	2	15	0
        117616	2026-05-26 12:12:43	1	2	15	0
        117543	2026-05-26 12:12:45	1	2	15	0
        117144	2026-05-26 12:12:47	1	2	15	0
        110842	2026-05-26 12:12:49	1	2	15	0
        118744	2026-05-26 12:13:03	1	2	15	0
        117542	2026-05-26 12:13:06	1	2	15	0
        110633	2026-05-26 12:13:10	1	2	15	0
        117692	2026-05-26 12:13:21	1	2	15	0
        117982	2026-05-26 12:13:22	1	2	15	0
        110581	2026-05-26 12:13:24	1	2	15	0
        110580	2026-05-26 12:13:26	1	2	15	0
        110732	2026-05-26 12:13:29	1	2	15	0
        110077	2026-05-26 12:13:36	1	2	15	0
        110495	2026-05-26 12:13:39	1	2	15	0
        110529	2026-05-26 12:13:42	1	2	15	0
        110493	2026-05-26 12:13:44	1	2	15	0
        116282	2026-05-26 12:13:47	1	2	15	0
        118157	2026-05-26 12:13:49	1	2	15	0
        117634	2026-05-26 12:13:51	1	2	15	0
        118928	2026-05-26 12:13:52	1	2	15	0
        117683	2026-05-26 12:13:55	1	2	15	0
        117915	2026-05-26 12:13:57	1	2	15	0
        110808	2026-05-26 12:13:59	1	2	15	0
        117236	2026-05-26 12:14:01	1	2	15	0
        116748	2026-05-26 12:14:03	1	2	15	0
        119594	2026-05-26 12:14:05	1	2	15	0
        117921	2026-05-26 12:14:07	1	2	15	0
        117839	2026-05-26 12:14:13	1	2	15	0
        117483	2026-05-26 12:14:15	1	2	15	0
        110100	2026-05-26 12:14:19	1	2	15	0
        110810	2026-05-26 12:14:22	1	2	15	0
        117645	2026-05-26 12:14:23	1	2	15	0
        119263	2026-05-26 12:14:24	1	2	15	0
        118563	2026-05-26 12:14:27	1	2	15	0
        117841	2026-05-26 12:14:32	1	2	15	0
        117815	2026-05-26 12:14:36	1	2	15	0
        118761	2026-05-26 12:14:38	1	2	15	0
        117709	2026-05-26 12:14:40	1	2	15	0
        110633	2026-05-26 12:14:43	1	2	15	0
        118207	2026-05-26 12:14:49	1	2	15	0
        117120	2026-05-26 12:14:57	1	2	15	0
        117528	2026-05-26 12:15:22	1	2	15	0
        119272	2026-05-26 12:15:51	1	2	15	0
        117487	2026-05-26 12:16:08	1	2	15	0
        118702	2026-05-26 12:16:09	1	2	15	0
        118593	2026-05-26 12:16:11	1	2	15	0
        110473	2026-05-26 12:16:15	1	2	15	0
        117595	2026-05-26 12:16:16	1	2	15	0
        110376	2026-05-26 12:16:25	1	2	15	0
        118917	2026-05-26 12:16:27	1	2	15	0
        110377	2026-05-26 12:16:30	1	2	15	0
        117840	2026-05-26 12:16:35	1	2	15	0
        110144	2026-05-26 12:16:41	1	2	15	0
        117814	2026-05-26 12:16:43	1	2	15	0
        117684	2026-05-26 12:16:46	1	2	15	0
        110196	2026-05-26 12:16:49	1	2	15	0
        117965	2026-05-26 12:16:52	1	2	15	0
        118750	2026-05-26 12:16:55	1	2	15	0
        116451	2026-05-26 12:17:02	1	2	15	0
        117807	2026-05-26 12:17:06	1	2	15	0
        116990	2026-05-26 12:17:11	1	2	15	0
        117042	2026-05-26 12:17:12	1	2	15	0
        117497	2026-05-26 12:17:14	1	2	15	0
        117100	2026-05-26 12:17:20	1	2	15	0
        117983	2026-05-26 12:17:23	1	2	15	0
        117092	2026-05-26 12:17:42	1	2	15	0
        117723	2026-05-26 12:17:54	1	2	15	0
        110025	2026-05-26 12:18:02	1	2	15	0
        118550	2026-05-26 12:18:09	1	2	15	0
        117982	2026-05-26 12:18:18	1	2	15	0
        117692	2026-05-26 12:18:20	1	2	15	0
        117921	2026-05-26 12:18:22	1	2	15	0
        119493	2026-05-26 12:18:31	1	2	15	0
        118580	2026-05-26 12:18:36	1	2	15	0
        117699	2026-05-26 12:18:40	1	2	15	0
        118761	2026-05-26 12:18:48	1	2	15	0
        119386	2026-05-26 12:19:03	1	2	15	0
        110055	2026-05-26 12:19:29	1	2	15	0
        116933	2026-05-26 12:19:33	1	2	15	0
        110085	2026-05-26 12:19:35	1	2	15	0
        118046	2026-05-26 12:19:51	1	2	15	0
        117684	2026-05-26 12:20:02	1	2	15	0
        110196	2026-05-26 12:20:06	1	2	15	0
        117965	2026-05-26 12:20:12	1	2	15	0
        119386	2026-05-26 12:20:26	1	2	15	0
        118568	2026-05-26 12:20:32	1	2	15	0
        117835	2026-05-26 12:20:38	1	2	15	0
        117528	2026-05-26 12:20:43	1	2	15	0
        118302	2026-05-26 12:20:46	1	2	15	0
        116166	2026-05-26 12:20:50	1	2	15	0
        116990	2026-05-26 12:20:53	1	2	15	0
        117807	2026-05-26 12:20:56	1	2	15	0
        110452	2026-05-26 12:21:07	1	2	15	0
        110549	2026-05-26 12:21:10	1	2	15	0
        110574	2026-05-26 12:21:21	1	2	15	0
        117156	2026-05-26 12:21:41	1	2	15	0
        118782	2026-05-26 12:21:44	1	2	15	0
        117121	2026-05-26 12:21:46	1	2	15	0
        116828	2026-05-26 12:21:52	1	2	1	0
        110535	2026-05-26 12:22:08	1	2	15	0
        110511	2026-05-26 12:22:13	1	2	15	0
        110055	2026-05-26 12:22:21	1	2	15	0
        110158	2026-05-26 12:22:26	1	2	15	0
        119493	2026-05-26 12:22:32	1	2	15	0
        118580	2026-05-26 12:22:35	1	2	15	0
        110510	2026-05-26 12:22:54	1	2	15	0
        110807	2026-05-26 12:22:56	1	2	15	0
        110463	2026-05-26 12:22:56	1	2	15	0
        117092	2026-05-26 12:23:11	1	2	15	0
        117043	2026-05-26 12:23:14	1	2	15	0
        117920	2026-05-26 12:23:27	1	2	15	0
        117707	2026-05-26 12:23:30	1	2	15	0
        117850	2026-05-26 12:23:36	1	2	15	0
        117997	2026-05-26 12:23:40	1	2	15	0
        116933	2026-05-26 12:23:51	1	2	15	0
        117232	2026-05-26 12:24:13	1	2	15	0
        117039	2026-05-26 12:24:18	1	2	15	0
        118458	2026-05-26 12:24:23	1	2	15	0
        118101	2026-05-26 12:24:30	1	2	15	0
        117680	2026-05-26 12:24:36	1	2	15	0
        116453	2026-05-26 12:24:47	1	2	15	0
        119449	2026-05-26 12:25:00	1	2	15	0
        110456	2026-05-26 12:25:29	1	2	15	0
        118702	2026-05-26 12:25:58	1	2	15	0
        117162	2026-05-26 12:26:03	1	2	15	0
        117122	2026-05-26 12:26:09	1	2	15	0
        117786	2026-05-26 12:26:11	1	2	15	0
        117723	2026-05-26 12:26:12	1	2	15	0
        117487	2026-05-26 12:26:14	1	2	15	0
        110378	2026-05-26 12:26:26	1	2	15	0
        117156	2026-05-26 12:26:35	1	2	15	0
        117121	2026-05-26 12:26:36	1	2	15	0
        118782	2026-05-26 12:26:38	1	2	15	0
        117850	2026-05-26 12:27:48	1	2	15	0
        117920	2026-05-26 12:27:51	1	2	15	0
        117997	2026-05-26 12:27:55	1	2	15	0
        117707	2026-05-26 12:28:03	1	2	15	0
        116453	2026-05-26 12:28:05	1	2	15	0
        117114	2026-05-26 12:28:36	1	2	15	0
        110574	2026-05-26 12:28:48	1	2	15	0
        110456	2026-05-26 12:29:00	1	2	15	0
        117043	2026-05-26 12:29:04	1	2	15	0
        110090	2026-05-26 12:29:08	1	2	15	0
        116960	2026-05-26 12:29:13	1	2	15	0
        116477	2026-05-26 12:29:23	1	2	15	0
        116472	2026-05-26 12:29:25	1	2	15	0
        110421	2026-05-26 12:29:59	1	2	15	0
        119157	2026-05-26 12:30:10	1	2	15	0
        110511	2026-05-26 12:30:28	1	2	15	0
        116428	2026-05-26 12:30:35	1	2	15	0
        117259	2026-05-26 12:30:59	1	2	15	0
        110197	2026-05-26 12:31:49	1	3	15	0
        110040	2026-05-26 12:31:56	1	3	15	0
        110057	2026-05-26 12:32:08	1	3	15	0
        110074	2026-05-26 12:32:10	1	3	15	0
        119364	2026-05-26 12:32:12	1	3	15	0
        110528	2026-05-26 12:32:28	1	3	15	0
        110475	2026-05-26 12:33:03	1	3	15	0
        117259	2026-05-26 12:33:30	1	3	15	0
        110645	2026-05-26 12:33:57	1	3	15	0
        110065	2026-05-26 12:34:06	1	3	15	0
        118741	2026-05-26 12:34:09	1	3	15	0
        110040	2026-05-26 12:34:12	1	3	15	0
        119157	2026-05-26 12:34:39	1	3	15	0
        116960	2026-05-26 12:34:41	1	3	15	0
        110077	2026-05-26 12:34:52	1	3	15	0
        118493	2026-05-26 12:35:08	1	3	15	0
        116095	2026-05-26 12:35:10	1	3	15	0
        117814	2026-05-26 12:35:12	1	3	15	0
        110567	2026-05-26 12:35:15	1	3	15	0
        118640	2026-05-26 12:35:18	1	3	15	0
        116428	2026-05-26 12:35:23	1	3	15	0
        116828	2026-05-26 12:35:28	1	3	1	0
        116166	2026-05-26 12:35:55	1	3	15	0
        110462	2026-05-26 12:35:58	1	3	15	0
        117120	2026-05-26 12:36:15	1	3	15	0
        110418	2026-05-26 12:36:21	1	3	15	0
        116763	2026-05-26 12:36:24	1	3	15	0
        118640	2026-05-26 12:36:45	1	3	15	0
        110070	2026-05-26 12:37:28	1	3	15	0
        110158	2026-05-26 12:37:34	1	3	15	0
        110074	2026-05-26 12:38:38	1	3	15	0
        119364	2026-05-26 12:38:41	1	3	15	0
        110580	2026-05-26 12:38:44	1	3	15	0
        110732	2026-05-26 12:38:47	1	3	15	0
        110581	2026-05-26 12:38:49	1	3	15	0
        110057	2026-05-26 12:38:52	1	3	15	0
        110645	2026-05-26 12:39:25	1	3	15	0
        116441	2026-05-26 12:39:28	1	3	15	0
        116095	2026-05-26 12:39:36	1	3	15	0
        110567	2026-05-26 12:39:39	1	3	15	0
        117660	2026-05-26 12:39:43	1	3	15	0
        116053	2026-05-26 12:39:45	1	3	15	0
        117635	2026-05-26 12:39:46	1	3	15	0
        110065	2026-05-26 12:39:52	1	3	15	0
        118741	2026-05-26 12:39:55	1	3	15	0
        118493	2026-05-26 12:39:57	1	3	15	0
        118563	2026-05-26 12:40:01	1	3	15	0
        110785	2026-05-26 12:40:03	1	3	15	0
        117103	2026-05-26 12:40:06	1	3	15	0
        116232	2026-05-26 12:40:41	1	3	15	0
        110549	2026-05-26 12:40:56	1	3	15	0
        117114	2026-05-26 12:41:28	1	3	15	0
        118568	2026-05-26 12:41:38	1	3	15	0
        117660	2026-05-26 12:43:16	1	3	15	0
        117993	2026-05-26 12:43:21	1	3	15	0
        117635	2026-05-26 12:43:24	1	3	15	0
        116053	2026-05-26 12:43:27	1	3	15	0
        117103	2026-05-26 12:43:29	1	3	15	0
        116441	2026-05-26 12:43:30	1	3	15	0
        116741	2026-05-26 12:43:42	1	3	15	0
        110805	2026-05-26 12:43:44	1	3	15	0
        119227	2026-05-26 12:43:47	1	3	15	0
        118455	2026-05-26 12:43:56	1	3	15	0
        119070	2026-05-26 12:43:58	1	3	15	0
        118302	2026-05-26 12:44:04	1	3	15	0
        110060	2026-05-26 12:44:52	1	3	15	0
        117694	2026-05-26 12:45:04	1	3	15	0
        117817	2026-05-26 12:45:09	1	3	15	0
        116073	2026-05-26 12:45:28	1	3	15	0
        110006	2026-05-26 12:45:35	1	3	15	0
        110006	2026-05-26 12:47:51	1	3	15	0
        119070	2026-05-26 12:48:03	1	3	15	0
        118455	2026-05-26 12:48:07	1	3	15	0
        119227	2026-05-26 12:48:09	1	3	15	0
        110805	2026-05-26 12:48:12	1	3	15	0
        117088	2026-05-26 12:48:20	1	3	15	0
        116741	2026-05-26 12:49:13	1	3	15	0
        118593	2026-05-26 12:49:19	1	3	15	0
        118695	2026-05-26 12:49:24	1	3	15	0
        117111	2026-05-26 12:49:36	1	3	15	0
        117085	2026-05-26 12:49:38	1	3	15	0
        117699	2026-05-26 12:49:41	1	3	15	0
        117224	2026-05-26 12:49:56	1	3	15	0
        117337	2026-05-26 12:50:15	1	3	15	0
        117817	2026-05-26 12:50:22	1	3	15	0
        118753	2026-05-26 12:50:26	1	3	15	0
        110060	2026-05-26 12:50:40	1	3	15	0
        116232	2026-05-26 12:50:50	1	3	15	0
        116297	2026-05-26 12:51:29	1	3	15	0
        118046	2026-05-26 12:51:33	1	3	15	0
        118753	2026-05-26 12:51:37	1	3	15	0
        117993	2026-05-26 12:51:42	1	3	15	0
        110839	2026-05-26 12:51:48	1	3	15	0
        117091	2026-05-26 12:52:01	1	3	15	0
        118221	2026-05-26 12:52:20	1	3	15	0
        116073	2026-05-26 12:52:39	1	3	15	0
        110475	2026-05-26 12:53:10	1	3	15	0
        110473	2026-05-26 12:54:38	1	3	15	0
        117966	2026-05-26 12:54:44	1	3	15	0
        117838	2026-05-26 12:54:46	1	3	1	0
        117769	2026-05-26 12:54:53	1	3	15	0
        117644	2026-05-26 12:55:03	1	3	15	0
        117091	2026-05-26 12:55:18	1	3	15	0
        116297	2026-05-26 12:55:44	1	3	15	0
        118221	2026-05-26 12:55:51	1	3	15	0
        117769	2026-05-26 12:56:00	1	3	15	0
        117838	2026-05-26 12:56:04	1	3	1	0
        110839	2026-05-26 12:56:20	1	3	15	0
        117966	2026-05-26 12:56:37	1	3	15	0
        117811	2026-05-26 12:57:02	1	3	15	0
        116747	2026-05-26 12:57:25	1	3	15	0
        117644	2026-05-26 12:57:39	1	3	15	0
        110360	2026-05-26 12:57:44	1	3	15	0
        110085	2026-05-26 12:58:42	1	3	15	0
        117811	2026-05-26 12:59:16	1	3	15	0
        119494	2026-05-26 13:12:02	1	3	15	0
        117644	2026-05-26 15:17:29	1	3	15	0
        117683	2026-05-26 15:42:14	1	3	15	0
        118186	2026-05-26 15:59:21	1	3	15	0
        110475	2026-05-26 16:24:52	1	1	15	0
        119272	2026-05-26 16:38:19	1	1	15	0
        118157	2026-05-26 17:01:38	1	1	15	0
        116297	2026-05-26 17:01:47	1	1	15	0
        117997	2026-05-26 17:04:42	1	1	15	0
        110785	2026-05-26 17:04:45	1	1	15	0
        116902	2026-05-26 17:04:53	1	1	15	0
        117043	2026-05-26 17:05:00	1	1	15	0
        110452	2026-05-26 17:05:52	1	1	15	0
        117828	2026-05-26 17:05:54	1	1	15	0
        116472	2026-05-26 17:05:57	1	1	15	0
        117232	2026-05-26 17:06:33	1	1	15	0
        117920	2026-05-26 17:07:11	1	1	15	0
        118928	2026-05-26 17:07:12	1	1	15	0
        117224	2026-05-26 17:07:14	1	1	15	0
        110447	2026-05-26 17:07:18	1	1	15	0
        117790	2026-05-26 17:07:26	1	1	15	0
        117219	2026-05-26 17:07:41	1	1	15	0
        116422	2026-05-26 17:07:43	1	1	15	0
        116279	2026-05-26 17:07:57	1	1	15	0
        117833	2026-05-26 17:08:01	1	1	15	0
        117930	2026-05-26 17:08:03	1	1	15	0
        110421	2026-05-26 17:08:04	1	1	15	0
        118101	2026-05-26 17:08:14	1	1	15	0
        117121	2026-05-26 17:09:30	1	1	15	0
        118917	2026-05-26 17:10:18	1	1	15	0
        116763	2026-05-26 17:10:20	1	1	15	0
        110513	2026-05-26 17:10:22	1	1	15	0
        110418	2026-05-26 17:10:23	1	1	15	0
        110377	2026-05-26 17:10:36	1	1	15	0
        110376	2026-05-26 17:10:41	1	1	15	0
        110431	2026-05-26 17:12:58	1	1	15	0
        117965	2026-05-26 17:13:29	1	1	15	0
        110196	2026-05-26 17:13:33	1	1	15	0
        117786	2026-05-26 17:14:09	1	1	15	0
        117111	2026-05-26 17:14:59	1	1	15	0
        117692	2026-05-26 17:15:32	1	1	15	0
        116282	2026-05-26 17:15:40	1	1	15	0
        118782	2026-05-26 17:16:19	1	1	15	0
        110567	2026-05-26 17:17:45	1	1	15	0
        110817	2026-05-26 17:17:51	1	1	15	0
        110424	2026-05-26 17:20:06	1	1	15	0
        117236	2026-05-26 17:22:37	1	1	15	0
        117201	2026-05-26 17:23:48	1	1	15	0
        110436	2026-05-26 17:25:49	1	1	15	0
        110172	2026-05-26 17:25:54	1	1	15	0
        116428	2026-05-26 17:28:50	1	1	15	0
        117236	2026-05-26 17:29:19	1	1	15	0
        117156	2026-05-26 17:30:49	1	1	15	0
        117926	2026-05-26 17:32:31	1	1	15	0
        117100	2026-05-26 17:40:46	1	1	15	0
        118563	2026-05-26 17:40:51	1	1	15	0
        110816	2026-05-26 17:41:45	1	1	15	0
        110836	2026-05-26 17:41:50	1	1	15	0
        116479	2026-05-26 17:43:59	1	1	15	0
        118593	2026-05-26 17:45:01	1	1	15	0
        118761	2026-05-26 17:45:37	1	1	15	0
        110549	2026-05-26 17:49:41	1	1	15	0
        117983	2026-05-26 17:56:44	1	1	15	0
        118493	2026-05-26 17:58:15	1	1	15	0
        110371	2026-05-26 17:58:20	1	1	15	0
        116095	2026-05-26 18:00:21	1	1	15	0
        110144	2026-05-26 18:00:35	1	1	15	0
        110832	2026-05-26 18:01:23	1	1	15	0
        117635	2026-05-26 18:01:40	1	1	15	0
        118750	2026-05-26 18:01:50	1	1	15	0
        118640	2026-05-26 18:02:23	1	1	15	0
        117835	2026-05-26 18:02:52	1	1	15	0
        116232	2026-05-26 18:02:57	1	1	15	0
        116383	2026-05-26 18:03:19	1	1	15	0
        110809	2026-05-26 18:03:29	1	1	15	0
        118997	2026-05-26 18:03:37	1	1	15	0
        116496	2026-05-26 18:03:48	1	1	15	0
        117483	2026-05-26 18:04:01	1	1	15	0
        119070	2026-05-26 18:04:19	1	1	15	0
        116799	2026-05-26 18:05:30	1	1	15	0
        110113	2026-05-26 18:06:05	1	1	15	0
        110529	2026-05-26 18:06:10	1	1	15	0
        110839	2026-05-26 18:06:14	1	1	15	0
        110834	2026-05-26 18:07:01	1	1	15	0
        117849	2026-05-26 18:07:13	1	1	15	0
        110360	2026-05-26 18:07:41	1	1	15	0
        110197	2026-05-26 18:09:00	1	1	15	0
        118271	2026-05-26 18:09:03	1	1	15	0
        116824	2026-05-26 18:09:09	1	1	15	0
        118568	2026-05-26 18:10:30	1	1	15	0
        117039	2026-05-26 18:11:17	1	1	15	0
        110473	2026-05-26 18:12:10	1	1	15	0
        117850	2026-05-26 18:13:02	1	1	15	0
        110084	2026-05-26 18:13:26	1	1	15	0
        110538	2026-05-26 18:14:15	1	1	15	0
        110085	2026-05-26 18:14:39	1	1	15	0
        110074	2026-05-26 18:14:54	1	1	15	0
        116504	2026-05-26 18:15:06	1	1	15	0
        118992	2026-05-26 18:15:09	1	1	15	0
        117915	2026-05-26 18:15:11	1	1	15	0
        117966	2026-05-26 18:15:15	1	1	15	0
        117770	2026-05-26 18:15:24	1	1	15	0
        118458	2026-05-26 18:18:13	1	1	15	0
        117837	2026-05-26 18:18:21	1	1	15	0
        117634	2026-05-26 18:19:32	1	1	15	0
        117733	2026-05-26 18:20:20	1	1	15	0
        110100	2026-05-26 18:21:04	1	1	15	0
        118207	2026-05-26 18:21:10	1	1	15	0
        110465	2026-05-26 18:21:48	1	1	15	0
        117645	2026-05-26 18:22:02	1	1	15	0
        117982	2026-05-26 18:22:04	1	1	15	0
        116960	2026-05-26 18:22:28	1	1	15	0
        110574	2026-05-26 18:22:55	1	1	15	0
        117212	2026-05-26 18:23:33	1	1	15	0
        110807	2026-05-26 18:23:55	1	1	15	0
        116747	2026-05-26 18:25:25	1	1	15	0
        116346	2026-05-26 18:26:58	1	1	15	0
        117769	2026-05-26 18:27:51	1	1	15	0
        110633	2026-05-26 18:27:53	1	1	15	0
        117838	2026-05-26 18:27:55	1	1	15	0
        116491	2026-05-26 18:27:57	1	1	15	0
        117814	2026-05-26 18:28:10	1	1	15	0
        110060	2026-05-26 18:28:12	1	1	15	0
        110462	2026-05-26 18:28:17	1	1	15	0
        117162	2026-05-26 18:28:25	1	1	15	0
        117129	2026-05-26 18:28:30	1	1	15	0
        118427	2026-05-26 18:28:37	1	1	15	0
        110507	2026-05-26 18:28:41	1	1	15	0
        116741	2026-05-26 18:29:25	1	1	15	0
        117088	2026-05-26 18:29:28	1	1	15	0
        110378	2026-05-26 18:30:16	1	1	15	0
        118455	2026-05-26 18:30:55	1	1	15	0
        117936	2026-05-26 18:31:01	1	1	15	0
        116073	2026-05-26 18:31:26	1	1	15	0
        119493	2026-05-26 18:32:26	1	1	15	0
        119453	2026-05-26 18:32:31	1	1	15	0
        110511	2026-05-26 18:32:46	1	1	15	0
        118580	2026-05-26 18:33:49	1	1	15	0
        117259	2026-05-26 18:36:55	1	1	15	0
        110457	2026-05-26 18:36:57	1	1	15	0
        110528	2026-05-26 18:36:59	1	1	15	0
        117541	2026-05-26 18:37:01	1	1	15	0
        110810	2026-05-26 18:37:04	1	1	15	0
        110510	2026-05-26 18:38:10	1	1	15	0
        110355	2026-05-26 18:38:42	1	1	15	0
        110356	2026-05-26 18:38:48	1	1	15	0
        110840	2026-05-26 18:38:53	1	1	15	0
        117699	2026-05-26 18:40:17	1	1	15	0
        117110	2026-05-26 18:40:48	1	1	15	0
        118971	2026-05-26 18:41:15	1	1	15	0
        110354	2026-05-26 18:41:21	1	1	15	0
        110492	2026-05-26 18:41:30	1	1	15	0
        117103	2026-05-26 18:41:32	1	1	15	0
        110842	2026-05-26 18:41:44	1	1	15	0
        117042	2026-05-26 18:41:53	1	1	15	0
        116252	2026-05-26 18:41:56	1	1	15	0
        116451	2026-05-26 18:41:58	1	1	15	0
        117660	2026-05-26 18:42:17	1	1	15	0
        110025	2026-05-26 18:42:33	1	1	15	0
        110466	2026-05-26 18:42:43	1	1	15	0
        118744	2026-05-26 18:43:36	1	1	15	0
        110645	2026-05-26 18:44:58	1	1	15	0
        118744	2026-05-26 18:45:07	1	1	15	0
        117528	2026-05-26 18:45:11	1	1	15	0
        117046	2026-05-26 18:45:33	1	1	15	0
        110456	2026-05-26 18:46:13	1	1	15	0
        119535	2026-05-26 18:47:06	1	1	15	0
        117196	2026-05-26 18:48:09	1	1	15	0
        110070	2026-05-26 18:48:39	1	1	15	0
        118741	2026-05-26 18:48:44	1	1	15	0
        110065	2026-05-26 18:48:48	1	1	15	0
        116142	2026-05-26 18:49:46	1	1	15	0
        117921	2026-05-26 18:49:50	1	1	15	0
        117120	2026-05-26 18:50:40	1	1	15	0
        110805	2026-05-26 18:51:19	1	1	15	0
        110463	2026-05-26 18:53:33	1	1	15	0
        110105	2026-05-26 18:54:26	1	1	15	0
        117543	2026-05-26 18:56:08	1	1	15	0
        110055	2026-05-26 18:58:43	1	1	15	0
        116787	2026-05-26 18:59:03	1	1	15	0
        117840	2026-05-26 18:59:47	1	1	15	0
        117092	2026-05-26 19:00:13	1	1	15	0
        116778	2026-05-26 19:01:28	1	1	15	0
        110495	2026-05-26 19:01:29	1	1	15	0
        110493	2026-05-26 19:01:34	1	1	15	0
        116805	2026-05-26 19:01:37	1	1	15	0
        116356	2026-05-26 19:01:40	1	1	15	0
        117567	2026-05-26 19:01:42	1	1	15	0
        117061	2026-05-26 19:01:46	1	1	15	0
        116497	2026-05-26 19:01:48	1	1	15	0
        117924	2026-05-26 19:01:49	1	1	15	0
        110116	2026-05-26 19:01:55	1	1	15	0
        116069	2026-05-26 19:02:01	1	1	15	0
        110535	2026-05-26 19:02:20	1	1	15	0
        117616	2026-05-26 19:02:43	1	1	15	0
        117711	2026-05-26 19:02:52	1	1	15	0
        117144	2026-05-26 19:03:17	1	1	15	0
        117684	2026-05-26 19:03:31	1	1	15	0
        118221	2026-05-26 19:03:36	1	1	15	0
        116453	2026-05-26 19:03:50	1	1	15	0
        118753	2026-05-26 19:04:17	1	1	15	0
        119449	2026-05-26 19:04:23	1	1	15	0
        119227	2026-05-26 19:04:28	1	1	15	0
        116483	2026-05-26 19:04:31	1	1	15	0
        119364	2026-05-26 19:04:33	1	1	15	0
        118702	2026-05-26 19:04:46	1	1	15	0
        117487	2026-05-26 19:04:50	1	1	15	0
        117723	2026-05-26 19:04:56	1	1	15	0
        117122	2026-05-26 19:05:07	1	1	15	0
        110808	2026-05-26 19:05:13	1	1	15	0
        110057	2026-05-26 19:05:18	1	1	15	0
        117114	2026-05-26 19:05:44	1	1	15	0
        116441	2026-05-26 19:05:56	1	1	15	0
        116053	2026-05-26 19:05:59	1	1	15	0
        117595	2026-05-26 19:06:00	1	1	15	0
        116849	2026-05-26 19:06:07	1	1	15	0
        116748	2026-05-26 19:06:09	1	1	15	0
        110158	2026-05-26 19:06:25	1	1	15	0
        117981	2026-05-26 19:07:00	1	1	15	0
        110833	2026-05-26 19:07:01	1	1	15	0
        117815	2026-05-26 19:07:23	1	1	15	0
        118550	2026-05-26 19:07:35	1	1	15	0
        110077	2026-05-26 19:08:05	1	1	15	0
        110050	2026-05-26 19:08:22	1	1	15	0
        110040	2026-05-26 19:08:26	1	1	15	0
        116995	2026-05-26 19:08:37	1	1	15	0
        116990	2026-05-26 19:08:48	1	1	15	0
        117707	2026-05-26 19:09:06	1	1	15	0
        117077	2026-05-26 19:10:24	1	1	15	0
        119263	2026-05-26 19:11:16	1	1	15	0
        110128	2026-05-26 19:11:30	1	1	15	0
        117811	2026-05-26 19:12:26	1	1	15	0
        117839	2026-05-26 19:12:29	1	1	15	0
        117807	2026-05-26 19:12:32	1	1	15	0
        117841	2026-05-26 19:12:35	1	1	15	0
        117659	2026-05-26 19:12:43	1	1	15	0
        116477	2026-05-26 19:13:05	1	1	15	0
        117709	2026-05-26 19:15:02	1	1	15	0
        119157	2026-05-26 19:15:08	1	1	15	0
        119107	2026-05-26 19:15:23	1	1	15	0
        116828	2026-05-26 19:15:34	1	1	1	0
        117993	2026-05-26 19:16:00	1	1	15	0
        119386	2026-05-26 19:16:21	1	1	15	0
        117742	2026-05-26 19:16:24	1	1	15	0
        117812	2026-05-26 19:16:25	1	1	15	0
        116070	2026-05-26 19:16:28	1	1	1	0
        117580	2026-05-26 19:17:59	1	1	15	0
        110090	2026-05-26 19:18:10	1	1	15	0
        119494	2026-05-26 19:19:31	1	1	15	0
        110090	2026-05-26 19:19:40	1	1	15	0
        117054	2026-05-26 19:20:55	1	1	15	0
        110088	2026-05-26 19:21:10	1	1	15	0
        117591	2026-05-26 19:21:38	1	1	15	0
        118369	2026-05-26 19:21:47	1	1	15	0
        119594	2026-05-26 19:22:55	1	1	15	0
        117680	2026-05-26 19:25:34	1	1	15	0
        117085	2026-05-26 19:25:37	1	1	15	0
        110732	2026-05-26 19:26:26	1	1	15	0
        110580	2026-05-26 19:26:29	1	1	15	0
        110581	2026-05-26 19:26:33	1	1	15	0
        118695	2026-05-26 19:33:27	1	1	15	0
        117337	2026-05-26 19:33:28	1	1	15	0
        118046	2026-05-26 19:35:10	1	1	15	0
        118302	2026-05-26 19:35:13	1	1	15	0
        116166	2026-05-26 19:35:16	1	1	15	0
        110063	2026-05-26 19:42:13	1	1	15	0
        117817	2026-05-26 19:45:02	1	1	15	0
        117091	2026-05-26 19:53:27	1	1	15	0
        117972	2026-05-26 20:06:04	1	1	15	0
        117694	2026-05-26 20:06:05	1	1	15	0
        110006	2026-05-26 20:25:39	1	1	15	0
        118970	2026-05-27 07:03:56	1	0	15	0
        110431	2026-05-27 07:48:32	1	0	15	0
        118369	2026-05-27 07:50:44	1	0	15	0
        117085	2026-05-27 08:51:40	1	0	15	0
        117236	2026-05-27 08:51:52	1	0	15	0
        117981	2026-05-27 10:47:06	1	0	15	0
        110431	2026-05-27 12:21:10	1	2	15	0
        117236	2026-05-27 12:28:37	1	2	15	0
        117236	2026-05-27 12:33:09	1	3	15	0
        118593	2026-05-27 12:42:15	1	3	15	0
        117236	2026-05-27 17:27:58	1	1	15	0
        118593	2026-05-27 17:28:03	1	1	15	0
        117046	2026-05-27 17:28:07	1	1	15	0
        118369	2026-05-27 18:35:46	1	1	15	0
        117541	2026-05-27 18:35:51	1	1	15	0
        117981	2026-05-27 18:35:55	1	1	15	0
        117201	2026-05-28 04:44:14	1	0	15	0
        110093	2026-05-28 05:55:09	1	0	15	0
        116831	2026-05-28 06:04:29	1	0	15	0
        118992	2026-05-28 06:24:55	1	0	15	0
        110144	2026-05-28 06:32:42	1	0	15	0
        119070	2026-05-28 06:35:53	1	0	15	0
        116274	2026-05-28 06:38:35	1	0	15	0
        117835	2026-05-28 06:39:10	1	0	15	0
        110580	2026-05-28 06:41:53	1	0	15	0
        118997	2026-05-28 06:42:25	1	0	15	0
        118750	2026-05-28 06:45:09	1	0	15	0
        110473	2026-05-28 06:48:27	1	0	15	0
        110360	2026-05-28 06:49:22	1	0	15	0
        118744	2026-05-28 06:49:47	1	0	15	0
        110549	2026-05-28 06:50:20	1	0	15	0
        118568	2026-05-28 06:51:24	1	0	15	0
        110529	2026-05-28 06:53:40	1	0	15	0
        116799	2026-05-28 06:54:11	1	0	15	0
        116232	2026-05-28 06:55:16	1	0	15	0
        116504	2026-05-28 06:55:24	1	0	15	0
        117635	2026-05-28 06:55:38	1	0	15	0
        116491	2026-05-28 06:56:13	1	0	15	0
        117769	2026-05-28 06:56:35	1	0	15	0
        117838	2026-05-28 06:57:06	1	0	1	0
        116741	2026-05-28 06:57:15	1	0	15	0
        110493	2026-05-28 06:57:48	1	0	15	0
        117936	2026-05-28 06:58:23	1	0	15	0
        116496	2026-05-28 06:58:42	1	0	15	0
        116422	2026-05-28 06:59:29	1	0	15	0
        117645	2026-05-28 06:59:52	1	0	15	0
        118271	2026-05-28 07:01:08	1	0	15	0
        110832	2026-05-28 07:01:15	1	0	15	0
        110074	2026-05-28 07:01:23	1	0	15	0
        117733	2026-05-28 07:02:44	1	0	15	0
        117120	2026-05-28 07:03:03	1	0	15	0
        118369	2026-05-28 07:03:07	1	0	15	0
        110128	2026-05-28 07:04:42	1	0	15	0
        117129	2026-05-28 07:06:14	1	0	15	0
        118455	2026-05-28 07:06:20	1	0	15	0
        118046	2026-05-28 07:06:52	1	0	15	0
        117837	2026-05-28 07:07:11	1	0	15	0
        116551	2026-05-28 07:07:55	1	0	15	0
        116479	2026-05-28 07:08:22	1	0	15	0
        110633	2026-05-28 07:08:26	1	0	15	0
        117591	2026-05-28 07:09:21	1	0	15	0
        119494	2026-05-28 07:09:23	1	0	15	0
        118640	2026-05-28 07:09:25	1	0	15	0
        117966	2026-05-28 07:09:55	1	0	15	0
        117770	2026-05-28 07:09:57	1	0	15	0
        110085	2026-05-28 07:10:00	1	0	15	0
        110462	2026-05-28 07:10:22	1	0	15	0
        110805	2026-05-28 07:10:26	1	0	15	0
        110463	2026-05-28 07:11:09	1	0	15	0
        110834	2026-05-28 07:11:57	1	0	15	0
        110807	2026-05-28 07:12:59	1	0	15	0
        117232	2026-05-28 07:13:40	1	0	15	0
        117039	2026-05-28 07:13:44	1	0	15	0
        116960	2026-05-28 07:14:08	1	0	15	0
        110527	2026-05-28 07:14:24	1	0	15	0
        110581	2026-05-28 07:14:52	1	0	15	0
        110456	2026-05-28 07:15:53	1	0	15	0
        110372	2026-05-28 07:16:13	1	0	15	0
        110507	2026-05-28 07:16:47	1	0	15	0
        110510	2026-05-28 07:16:51	1	0	15	0
        117088	2026-05-28 07:17:00	1	0	15	0
        110632	2026-05-28 07:18:00	1	0	15	0
        110732	2026-05-28 07:18:06	1	0	15	0
        110538	2026-05-28 07:18:16	1	0	15	0
        110785	2026-05-28 07:19:49	1	0	15	0
        110466	2026-05-28 07:19:56	1	0	15	0
        117483	2026-05-28 07:20:04	1	0	15	0
        110840	2026-05-28 07:20:08	1	0	15	0
        117529	2026-05-28 07:20:31	1	0	15	0
        116346	2026-05-28 07:20:39	1	0	15	0
        110113	2026-05-28 07:20:49	1	0	15	0
        119006	2026-05-28 07:21:13	1	0	15	0
        117230	2026-05-28 07:21:28	1	0	15	0
        110006	2026-05-28 07:22:25	1	0	15	0
        116142	2026-05-28 07:22:28	1	0	15	0
        117259	2026-05-28 07:23:45	1	0	15	0
        117110	2026-05-28 07:23:58	1	0	15	0
        117850	2026-05-28 07:24:33	1	0	15	0
        117680	2026-05-28 07:25:10	1	0	15	0
        110105	2026-05-28 07:25:14	1	0	15	0
        110084	2026-05-28 07:25:28	1	0	15	0
        110475	2026-05-28 07:25:46	1	0	15	0
        117921	2026-05-28 07:26:22	1	0	15	0
        117709	2026-05-28 07:26:35	1	0	15	0
        117920	2026-05-28 07:26:42	1	0	15	0
        117103	2026-05-28 07:26:56	1	0	15	0
        119157	2026-05-28 07:27:01	1	0	15	0
        116497	2026-05-28 07:27:14	1	0	15	0
        110356	2026-05-28 07:27:31	1	0	15	0
        110355	2026-05-28 07:27:33	1	0	15	0
        118207	2026-05-28 07:27:43	1	0	15	0
        117983	2026-05-28 07:28:18	1	0	15	0
        110063	2026-05-28 07:28:25	1	0	15	0
        110424	2026-05-28 07:28:30	1	0	15	0
        110040	2026-05-28 07:28:34	1	0	15	0
        116383	2026-05-28 07:28:36	1	0	15	0
        110465	2026-05-28 07:28:44	1	0	15	0
        119493	2026-05-28 07:29:21	1	0	15	0
        119453	2026-05-28 07:29:27	1	0	15	0
        117497	2026-05-28 07:29:41	1	0	15	0
        117487	2026-05-28 07:30:14	1	0	15	0
        117113	2026-05-28 07:30:32	1	0	15	0
        117543	2026-05-28 07:30:34	1	0	15	0
        110495	2026-05-28 07:30:52	1	0	15	0
        116995	2026-05-28 07:31:22	1	0	15	0
        119364	2026-05-28 07:31:36	1	0	15	0
        117981	2026-05-28 07:32:03	1	0	15	0
        116073	2026-05-28 07:32:34	1	0	15	0
        116902	2026-05-28 07:32:49	1	0	15	0
        117811	2026-05-28 07:33:07	1	0	15	0
        117972	2026-05-28 07:33:26	1	0	15	0
        117982	2026-05-28 07:33:29	1	0	15	0
        117642	2026-05-28 07:33:31	1	0	15	0
        110528	2026-05-28 07:33:34	1	0	15	0
        117694	2026-05-28 07:33:37	1	0	15	0
        117660	2026-05-28 07:33:39	1	0	15	0
        117644	2026-05-28 07:34:34	1	0	15	0
        116824	2026-05-28 07:34:46	1	0	15	0
        110050	2026-05-28 07:35:33	1	0	15	0
        117212	2026-05-28 07:35:47	1	0	15	0
        118302	2026-05-28 07:35:51	1	0	15	0
        118493	2026-05-28 07:35:54	1	0	15	0
        110378	2026-05-28 07:35:57	1	0	15	0
        118580	2026-05-28 07:36:07	1	0	15	0
        117061	2026-05-28 07:36:18	1	0	15	0
        110492	2026-05-28 07:37:05	1	0	15	0
        117121	2026-05-28 07:37:19	1	0	15	0
        110657	2026-05-28 07:37:25	1	0	15	0
        110842	2026-05-28 07:38:17	1	0	15	0
        118563	2026-05-28 07:38:35	1	0	15	0
        110810	2026-05-28 07:38:54	1	0	15	0
        110839	2026-05-28 07:38:58	1	0	15	0
        118101	2026-05-28 07:39:36	1	0	15	0
        116104	2026-05-28 07:40:02	1	0	15	0
        116763	2026-05-28 07:40:09	1	0	15	0
        116787	2026-05-28 07:40:50	1	0	15	0
        118157	2026-05-28 07:40:57	1	0	15	0
        117219	2026-05-28 07:41:11	1	0	15	0
        110376	2026-05-28 07:41:17	1	0	15	0
        117162	2026-05-28 07:41:22	1	0	15	0
        117900	2026-05-28 07:41:25	1	0	15	0
        110817	2026-05-28 07:41:27	1	0	15	0
        110116	2026-05-28 07:41:38	1	0	15	0
        110070	2026-05-28 07:41:50	1	0	15	0
        110511	2026-05-28 07:41:54	1	0	15	0
        117337	2026-05-28 07:42:14	1	0	15	0
        110197	2026-05-28 07:42:17	1	0	15	0
        110025	2026-05-28 07:42:23	1	0	15	0
        117723	2026-05-28 07:43:14	1	0	15	0
        116297	2026-05-28 07:43:27	1	0	15	0
        110377	2026-05-28 07:43:31	1	0	15	0
        117692	2026-05-28 07:43:47	1	0	15	0
        116356	2026-05-28 07:44:35	1	0	15	0
        119272	2026-05-28 07:44:38	1	0	15	0
        116778	2026-05-28 07:45:01	1	0	15	0
        117042	2026-05-28 07:45:38	1	0	15	0
        116451	2026-05-28 07:45:45	1	0	15	0
        119263	2026-05-28 07:45:52	1	0	15	0
        118782	2026-05-28 07:45:56	1	0	15	0
        116069	2026-05-28 07:46:19	1	0	15	0
        117807	2026-05-28 07:46:30	1	0	15	0
        117595	2026-05-28 07:46:48	1	0	15	0
        117567	2026-05-28 07:47:02	1	0	15	0
        110088	2026-05-28 07:47:37	1	0	15	0
        117616	2026-05-28 07:47:59	1	0	15	0
        116483	2026-05-28 07:48:21	1	0	15	0
        110457	2026-05-28 07:48:27	1	0	15	0
        117711	2026-05-28 07:49:41	1	0	15	0
        117541	2026-05-28 07:49:48	1	0	15	0
        117224	2026-05-28 07:50:10	1	0	15	0
        118753	2026-05-28 07:50:49	1	0	15	0
        118867	2026-05-28 07:50:51	1	0	15	0
        117630	2026-05-28 07:50:53	1	0	15	0
        119386	2026-05-28 07:50:57	1	0	15	0
        116282	2026-05-28 07:51:22	1	0	15	0
        117683	2026-05-28 07:51:24	1	0	15	0
        117815	2026-05-28 07:51:36	1	0	15	0
        110836	2026-05-28 07:51:57	1	0	15	0
        118732	2026-05-28 07:52:04	1	0	15	0
        116477	2026-05-28 07:52:21	1	0	15	0
        116072	2026-05-28 07:52:38	1	0	15	0
        117542	2026-05-28 07:52:42	1	0	15	0
        117091	2026-05-28 07:53:03	1	0	15	0
        110421	2026-05-28 07:53:26	1	0	15	0
        117790	2026-05-28 07:53:40	1	0	15	0
        117924	2026-05-28 07:53:55	1	0	15	0
        117742	2026-05-28 07:54:29	1	0	15	0
        110447	2026-05-28 07:54:58	1	0	15	0
        117156	2026-05-28 07:55:09	1	0	15	0
        117725	2026-05-28 07:55:14	1	0	15	0
        117930	2026-05-28 07:55:20	1	0	15	0
        119227	2026-05-28 07:55:27	1	0	15	0
        117122	2026-05-28 07:55:37	1	0	15	0
        119535	2026-05-28 07:55:41	1	0	15	0
        116279	2026-05-28 07:56:10	1	0	15	0
        118761	2026-05-28 07:56:21	1	0	15	0
        118593	2026-05-28 07:56:52	1	0	15	0
        117833	2026-05-28 07:57:11	1	0	15	0
        110808	2026-05-28 07:57:14	1	0	15	0
        117926	2026-05-28 07:57:17	1	0	15	0
        117528	2026-05-28 07:57:21	1	0	15	0
        117092	2026-05-28 07:57:23	1	0	15	0
        116748	2026-05-28 07:57:42	1	0	15	0
        117965	2026-05-28 07:58:02	1	0	15	0
        110077	2026-05-28 07:58:11	1	0	15	0
        119449	2026-05-28 07:58:23	1	0	15	0
        110100	2026-05-28 07:58:42	1	0	15	0
        116849	2026-05-28 07:59:12	1	0	15	0
        116805	2026-05-28 07:59:51	1	0	15	0
        117144	2026-05-28 07:59:53	1	0	15	0
        117814	2026-05-28 08:00:02	1	0	15	0
        117046	2026-05-28 08:00:21	1	0	15	0
        110158	2026-05-28 08:01:27	1	0	15	0
        110057	2026-05-28 08:01:30	1	0	15	0
        119282	2026-05-28 08:01:32	1	0	15	0
        118695	2026-05-28 08:01:48	1	0	15	0
        117659	2026-05-28 08:01:55	1	0	15	0
        110431	2026-05-28 08:02:39	1	0	15	0
        116990	2026-05-28 08:03:26	1	0	15	0
        110833	2026-05-28 08:03:43	1	0	15	0
        118550	2026-05-28 08:03:51	1	0	15	0
        117915	2026-05-28 08:03:57	1	0	15	0
        117634	2026-05-28 08:04:00	1	0	15	0
        117043	2026-05-28 08:04:53	1	0	15	0
        116428	2026-05-28 08:06:17	1	0	15	0
        117236	2026-05-28 08:06:46	1	0	15	0
        110418	2026-05-28 08:06:49	1	0	15	0
        117707	2026-05-28 08:07:36	1	0	15	0
        117828	2026-05-28 08:07:43	1	0	15	0
        117786	2026-05-28 08:07:57	1	0	15	0
        110354	2026-05-28 08:08:08	1	0	15	0
        110090	2026-05-28 08:08:55	1	0	15	0
        118971	2026-05-28 08:08:57	1	0	15	0
        117111	2026-05-28 08:09:32	1	0	15	0
        118427	2026-05-28 08:10:25	1	0	15	0
        110452	2026-05-28 08:11:17	1	0	15	0
        110055	2026-05-28 08:13:25	1	0	15	0
        116441	2026-05-28 08:15:18	1	0	15	0
        117993	2026-05-28 08:15:56	1	0	15	0
        119594	2026-05-28 08:16:21	1	0	15	0
        110513	2026-05-28 08:18:33	1	0	15	0
        116166	2026-05-28 08:18:54	1	0	15	0
        117812	2026-05-28 08:23:56	1	0	15	0
        117817	2026-05-28 08:24:39	1	0	15	0
        117196	2026-05-28 08:28:48	1	0	15	0
        116252	2026-05-28 08:36:48	1	0	15	0
        110172	2026-05-28 08:43:52	1	0	15	0
        116472	2026-05-28 08:47:26	1	0	15	0
        117100	2026-05-28 08:56:09	1	0	15	0
        119232	2026-05-28 09:01:55	1	0	15	0
        117077	2026-05-28 09:17:30	1	0	15	0
        116453	2026-05-28 09:17:36	1	0	15	0
        117839	2026-05-28 11:52:45	1	2	15	0
        119535	2026-05-28 12:00:06	1	2	15	0
        119006	2026-05-28 12:00:08	1	2	15	0
        116477	2026-05-28 12:00:11	1	2	15	0
        119157	2026-05-28 12:00:12	1	2	15	0
        110100	2026-05-28 12:00:14	1	2	15	0
        116960	2026-05-28 12:00:16	1	2	15	0
        117196	2026-05-28 12:00:17	1	2	15	0
        110834	2026-05-28 12:00:20	1	2	15	0
        117733	2026-05-28 12:00:22	1	2	15	0
        117838	2026-05-28 12:00:24	1	2	15	0
        110527	2026-05-28 12:00:26	1	2	15	0
        117769	2026-05-28 12:00:28	1	2	15	0
        117966	2026-05-28 12:00:30	1	2	15	0
        110633	2026-05-28 12:00:32	1	2	15	0
        117659	2026-05-28 12:00:34	1	2	15	0
        117709	2026-05-28 12:00:36	1	2	15	0
        110105	2026-05-28 12:00:38	1	2	15	0
        119386	2026-05-28 12:00:40	1	2	15	0
        110463	2026-05-28 12:00:43	1	2	15	0
        110807	2026-05-28 12:00:46	1	2	15	0
        117926	2026-05-28 12:00:58	1	2	15	0
        117680	2026-05-28 12:01:03	1	2	15	0
        117920	2026-05-28 12:01:24	1	2	15	0
        117201	2026-05-28 12:01:30	1	2	15	0
        117707	2026-05-28 12:01:33	1	2	15	0
        117850	2026-05-28 12:01:34	1	2	15	0
        119232	2026-05-28 12:01:37	1	2	15	0
        116995	2026-05-28 12:01:40	1	2	15	0
        117121	2026-05-28 12:01:45	1	2	15	0
        118782	2026-05-28 12:01:47	1	2	15	0
        116383	2026-05-28 12:01:50	1	2	15	0
        110817	2026-05-28 12:02:09	1	2	15	0
        119386	2026-05-28 12:02:10	1	2	15	0
        117129	2026-05-28 12:02:12	1	2	15	0
        117900	2026-05-28 12:02:15	1	2	15	0
        110465	2026-05-28 12:02:17	1	2	15	0
        118493	2026-05-28 12:02:21	1	2	15	0
        116279	2026-05-28 12:02:24	1	2	15	0
        110172	2026-05-28 12:02:25	1	2	15	0
        110128	2026-05-28 12:02:27	1	2	15	0
        118750	2026-05-28 12:02:30	1	2	15	0
        116778	2026-05-28 12:02:32	1	2	15	0
        116551	2026-05-28 12:02:34	1	2	15	0
        116496	2026-05-28 12:02:36	1	2	15	0
        116849	2026-05-28 12:02:37	1	2	15	0
        118640	2026-05-28 12:02:39	1	2	15	0
        116990	2026-05-28 12:02:41	1	2	15	0
        119449	2026-05-28 12:02:43	1	2	15	0
        117770	2026-05-28 12:02:45	1	2	15	0
        117930	2026-05-28 12:02:47	1	2	15	0
        110070	2026-05-28 12:02:49	1	2	15	0
        117224	2026-05-28 12:02:51	1	2	15	0
        117742	2026-05-28 12:02:53	1	2	15	0
        116422	2026-05-28 12:02:54	1	2	15	0
        117219	2026-05-28 12:02:59	1	2	15	0
        116960	2026-05-28 12:03:02	1	2	15	0
        110100	2026-05-28 12:03:03	1	2	15	0
        110840	2026-05-28 12:03:06	1	2	15	0
        119157	2026-05-28 12:03:13	1	2	15	0
        117144	2026-05-28 12:03:15	1	2	15	0
        110088	2026-05-28 12:03:17	1	2	15	0
        116787	2026-05-28 12:03:18	1	2	15	0
        119453	2026-05-28 12:03:21	1	2	15	0
        110632	2026-05-28 12:03:23	1	2	15	0
        117497	2026-05-28 12:03:24	1	2	15	0
        110418	2026-05-28 12:03:26	1	2	15	0
        116763	2026-05-28 12:03:28	1	2	15	0
        119006	2026-05-28 12:03:30	1	2	15	0
        117567	2026-05-28 12:03:32	1	2	15	0
        110090	2026-05-28 12:03:33	1	2	15	0
        110452	2026-05-28 12:03:38	1	2	15	0
        117122	2026-05-28 12:03:40	1	2	15	0
        116902	2026-05-28 12:03:44	1	2	15	0
        110158	2026-05-28 12:03:46	1	2	15	0
        117487	2026-05-28 12:03:48	1	2	15	0
        117120	2026-05-28 12:03:49	1	2	15	0
        117790	2026-05-28 12:03:51	1	2	15	0
        116142	2026-05-28 12:03:53	1	2	15	0
        117807	2026-05-28 12:03:55	1	2	15	0
        117616	2026-05-28 12:03:57	1	2	15	0
        110549	2026-05-28 12:03:59	1	2	15	0
        117833	2026-05-28 12:04:01	1	2	15	0
        117837	2026-05-28 12:04:10	1	2	15	0
        116069	2026-05-28 12:04:16	1	2	15	0
        117543	2026-05-28 12:04:19	1	2	15	0
        110836	2026-05-28 12:04:20	1	2	15	0
        117920	2026-05-28 12:04:28	1	2	15	0
        117707	2026-05-28 12:04:31	1	2	15	0
        117850	2026-05-28 12:04:33	1	2	15	0
        116748	2026-05-28 12:04:34	1	2	15	0
        117733	2026-05-28 12:04:40	1	2	15	0
        117232	2026-05-28 12:04:41	1	2	15	0
        118207	2026-05-28 12:04:44	1	2	15	0
        117709	2026-05-28 12:04:48	1	2	15	0
        110421	2026-05-28 12:04:50	1	2	15	0
        117039	2026-05-28 12:04:54	1	2	15	0
        118640	2026-05-28 12:04:59	1	2	15	0
        110144	2026-05-28 12:05:02	1	2	15	0
        110842	2026-05-28 12:05:05	1	2	15	0
        117046	2026-05-28 12:05:10	1	2	15	0
        116428	2026-05-28 12:05:12	1	2	15	0
        118761	2026-05-28 12:05:14	1	2	15	0
        116383	2026-05-28 12:05:16	1	2	15	0
        117983	2026-05-28 12:05:18	1	2	15	0
        110817	2026-05-28 12:05:21	1	2	15	0
        117900	2026-05-28 12:05:25	1	2	15	0
        118493	2026-05-28 12:05:31	1	2	15	0
        110513	2026-05-28 12:05:33	1	2	15	0
        110633	2026-05-28 12:05:36	1	2	1	0
        118302	2026-05-28 12:05:42	1	2	15	0
        116166	2026-05-28 12:05:44	1	2	15	0
        117769	2026-05-28 12:05:46	1	2	15	0
        117838	2026-05-28 12:05:49	1	2	15	0
        117966	2026-05-28 12:05:50	1	2	15	0
        116453	2026-05-28 12:05:53	1	2	15	0
        119594	2026-05-28 12:05:54	1	2	15	0
        110462	2026-05-28 12:05:59	1	2	15	0
        110090	2026-05-28 12:06:01	1	2	15	0
        117129	2026-05-28 12:06:03	1	2	15	0
        110063	2026-05-28 12:06:07	1	2	15	0
        117201	2026-05-28 12:06:08	1	2	15	0
        116232	2026-05-28 12:06:18	1	2	15	0
        110511	2026-05-28 12:06:21	1	2	15	0
        110510	2026-05-28 12:06:22	1	2	15	0
        110810	2026-05-28 12:06:24	1	2	15	0
        110354	2026-05-28 12:06:27	1	2	15	0
        116491	2026-05-28 12:06:29	1	2	15	0
        110456	2026-05-28 12:06:31	1	2	15	0
        117196	2026-05-28 12:06:33	1	2	15	0
        116787	2026-05-28 12:06:35	1	2	15	0
        116849	2026-05-28 12:06:39	1	2	15	0
        117630	2026-05-28 12:06:41	1	2	15	0
        116551	2026-05-28 12:06:43	1	2	15	0
        110834	2026-05-28 12:06:45	1	2	15	0
        116496	2026-05-28 12:06:47	1	2	15	0
        110105	2026-05-28 12:06:49	1	2	15	0
        117930	2026-05-28 12:06:55	1	2	15	0
        116778	2026-05-28 12:07:00	1	2	15	0
        116422	2026-05-28 12:07:01	1	2	15	0
        117110	2026-05-28 12:07:02	1	2	15	0
        117219	2026-05-28 12:07:04	1	2	15	0
        116799	2026-05-28 12:07:14	1	2	15	0
        110376	2026-05-28 12:07:19	1	2	15	0
        110377	2026-05-28 12:07:21	1	2	15	0
        117790	2026-05-28 12:07:23	1	2	15	0
        116763	2026-05-28 12:07:27	1	2	15	0
        116902	2026-05-28 12:07:33	1	2	15	0
        110785	2026-05-28 12:07:39	1	2	15	0
        117926	2026-05-28 12:07:41	1	2	15	0
        116346	2026-05-28 12:07:43	1	2	15	0
        110055	2026-05-28 12:07:44	1	2	15	0
        110172	2026-05-28 12:07:56	1	2	15	0
        118550	2026-05-28 12:08:17	1	2	15	0
        117230	2026-05-28 12:08:20	1	2	15	0
        110465	2026-05-28 12:08:24	1	2	15	0
        110116	2026-05-28 12:08:26	1	2	15	0
        110807	2026-05-28 12:08:29	1	2	15	0
        110463	2026-05-28 12:08:32	1	2	15	0
        116451	2026-05-28 12:08:32	1	2	15	0
        110144	2026-05-28 12:08:35	1	2	15	0
        117042	2026-05-28 12:08:37	1	2	15	0
        110418	2026-05-28 12:08:39	1	2	15	0
        110836	2026-05-28 12:08:41	1	2	15	0
        110513	2026-05-28 12:08:43	1	2	15	0
        110492	2026-05-28 12:08:45	1	2	15	0
        118971	2026-05-28 12:08:47	1	2	15	0
        110840	2026-05-28 12:08:49	1	2	15	0
        117103	2026-05-28 12:08:56	1	2	15	0
        117120	2026-05-28 12:09:01	1	2	15	0
        117487	2026-05-28 12:09:03	1	2	15	0
        117259	2026-05-28 12:09:05	1	2	15	0
        118455	2026-05-28 12:09:07	1	2	15	0
        117541	2026-05-28 12:09:09	1	2	15	0
        116428	2026-05-28 12:09:11	1	2	15	0
        118761	2026-05-28 12:09:15	1	2	15	0
        117742	2026-05-28 12:09:19	1	2	15	0
        117497	2026-05-28 12:09:22	1	2	15	0
        116995	2026-05-28 12:09:24	1	2	15	0
        117770	2026-05-28 12:09:26	1	2	15	0
        119594	2026-05-28 12:09:28	1	2	15	0
        116990	2026-05-28 12:09:31	1	2	15	0
        110510	2026-05-28 12:09:33	1	2	15	0
        116069	2026-05-28 12:09:36	1	2	15	0
        117645	2026-05-28 12:09:44	1	2	15	0
        117815	2026-05-28 12:09:46	1	2	15	0
        117046	2026-05-28 12:09:47	1	2	15	0
        118207	2026-05-28 12:09:51	1	2	15	0
        110354	2026-05-28 12:09:53	1	2	15	0
        117542	2026-05-28 12:10:08	1	2	15	0
        118744	2026-05-28 12:10:09	1	2	15	0
        110581	2026-05-28 12:10:15	1	2	15	0
        110580	2026-05-28 12:10:17	1	2	15	0
        110732	2026-05-28 12:10:18	1	2	15	0
        110832	2026-05-28 12:10:20	1	2	15	0
        117921	2026-05-28 12:10:22	1	2	15	0
        117982	2026-05-28 12:10:24	1	2	15	0
        118750	2026-05-28 12:10:29	1	2	15	0
        117807	2026-05-28 12:10:32	1	2	15	0
        110842	2026-05-28 12:10:37	1	2	15	0
        110527	2026-05-28 12:10:44	1	2	15	0
        117595	2026-05-28 12:10:52	1	2	15	0
        118992	2026-05-28 12:10:55	1	2	15	0
        117529	2026-05-28 12:10:58	1	2	15	0
        117692	2026-05-28 12:11:06	1	2	15	0
        110431	2026-05-28 12:11:10	1	2	15	0
        110447	2026-05-28 12:11:14	1	2	15	0
        110197	2026-05-28 12:11:16	1	2	15	0
        116491	2026-05-28 12:11:18	1	2	15	0
        117837	2026-05-28 12:11:35	1	2	15	0
        110077	2026-05-28 12:11:38	1	2	15	0
        118563	2026-05-28 12:11:56	1	2	15	0
        119535	2026-05-28 12:12:10	1	2	15	0
        117043	2026-05-28 12:12:14	1	2	15	0
        110376	2026-05-28 12:12:18	1	2	15	0
        110377	2026-05-28 12:12:22	1	2	15	0
        110128	2026-05-28 12:12:24	1	2	15	0
        110492	2026-05-28 12:12:27	1	2	15	0
        117723	2026-05-28 12:12:39	1	2	15	0
        117103	2026-05-28 12:12:43	1	2	15	0
        110507	2026-05-28 12:12:47	1	2	15	0
        118455	2026-05-28 12:12:58	1	2	15	0
        117259	2026-05-28 12:13:05	1	2	15	0
        117541	2026-05-28 12:13:07	1	2	15	0
        117162	2026-05-28 12:13:10	1	2	15	0
        110529	2026-05-28 12:13:12	1	2	15	0
        110808	2026-05-28 12:13:17	1	2	15	0
        110424	2026-05-28 12:13:29	1	2	15	0
        117144	2026-05-28 12:13:38	1	2	15	0
        110493	2026-05-28 12:13:48	1	2	15	0
        110355	2026-05-28 12:13:53	1	2	15	0
        110528	2026-05-28 12:13:56	1	2	15	0
        110495	2026-05-28 12:13:57	1	2	15	0
        110088	2026-05-28 12:13:59	1	2	15	0
        110657	2026-05-28 12:14:01	1	2	15	0
        116451	2026-05-28 12:14:03	1	2	15	0
        110356	2026-05-28 12:14:05	1	2	15	0
        118744	2026-05-28 12:14:07	1	2	15	0
        117230	2026-05-28 12:14:08	1	2	15	0
        118550	2026-05-28 12:14:10	1	2	15	0
        110040	2026-05-28 12:14:12	1	2	15	0
        119263	2026-05-28 12:14:15	1	2	15	0
        110832	2026-05-28 12:14:19	1	2	15	0
        117616	2026-05-28 12:14:21	1	2	15	0
        117567	2026-05-28 12:14:24	1	2	15	0
        117042	2026-05-28 12:14:28	1	2	15	0
        110006	2026-05-28 12:14:48	1	2	15	0
        117113	2026-05-28 12:14:53	1	2	15	0
        117543	2026-05-28 12:14:56	1	2	15	0
        117088	2026-05-28 12:15:05	1	2	15	0
        117529	2026-05-28 12:15:07	1	2	15	0
        119493	2026-05-28 12:15:08	1	2	15	0
        110084	2026-05-28 12:15:10	1	2	15	0
        116453	2026-05-28 12:15:15	1	2	15	0
        116142	2026-05-28 12:15:17	1	2	15	0
        117921	2026-05-28 12:15:19	1	2	15	0
        117982	2026-05-28 12:15:22	1	2	15	0
        116799	2026-05-28 12:15:22	1	2	15	0
        110538	2026-05-28 12:15:27	1	2	15	0
        117092	2026-05-28 12:15:38	1	2	15	0
        118580	2026-05-28 12:15:43	1	2	15	0
        117680	2026-05-28 12:15:45	1	2	15	0
        116346	2026-05-28 12:15:50	1	2	15	0
        110070	2026-05-28 12:15:54	1	2	15	0
        110456	2026-05-28 12:15:55	1	2	15	0
        110507	2026-05-28 12:16:28	1	2	15	0
        118046	2026-05-28 12:16:39	1	2	15	0
        110084	2026-05-28 12:16:44	1	2	15	0
        117786	2026-05-28 12:16:49	1	2	15	0
        119449	2026-05-28 12:16:53	1	2	15	0
        110538	2026-05-28 12:16:57	1	2	15	0
        118427	2026-05-28 12:17:24	1	2	15	0
        110063	2026-05-28 12:17:28	1	2	15	0
        110632	2026-05-28 12:17:31	1	2	15	0
        117983	2026-05-28 12:17:33	1	2	15	0
        117723	2026-05-28 12:17:37	1	2	15	0
        117110	2026-05-28 12:17:43	1	2	15	0
        119232	2026-05-28 12:17:46	1	2	15	0
        110055	2026-05-28 12:17:49	1	2	15	0
        110040	2026-05-28 12:17:54	1	2	15	0
        119263	2026-05-28 12:17:57	1	2	15	0
        117162	2026-05-28 12:18:05	1	2	15	0
        116252	2026-05-28 12:18:23	1	2	15	0
        110529	2026-05-28 12:18:35	1	2	15	0
        119493	2026-05-28 12:18:38	1	2	15	0
        110493	2026-05-28 12:18:49	1	2	15	0
        110657	2026-05-28 12:18:52	1	2	15	0
        116282	2026-05-28 12:19:10	1	2	15	0
        117683	2026-05-28 12:19:13	1	2	15	0
        118157	2026-05-28 12:19:15	1	2	15	0
        110158	2026-05-28 12:19:18	1	2	15	0
        118992	2026-05-28 12:19:21	1	2	15	0
        117542	2026-05-28 12:19:28	1	2	15	0
        110808	2026-05-28 12:19:35	1	2	15	0
        117113	2026-05-28 12:19:44	1	2	15	0
        110528	2026-05-28 12:20:01	1	2	15	0
        110356	2026-05-28 12:20:04	1	2	15	0
        117642	2026-05-28 12:20:18	1	2	15	0
        110085	2026-05-28 12:20:21	1	2	15	0
        119493	2026-05-28 12:21:09	1	2	15	0
        118101	2026-05-28 12:21:23	1	2	15	0
        117100	2026-05-28 12:21:26	1	2	15	0
        110447	2026-05-28 12:21:31	1	2	15	0
        116252	2026-05-28 12:21:34	1	2	15	0
        117092	2026-05-28 12:21:37	1	2	15	0
        117965	2026-05-28 12:21:41	1	2	15	0
        118427	2026-05-28 12:21:59	1	2	15	0
        110085	2026-05-28 12:22:04	1	2	15	0
        117683	2026-05-28 12:22:29	1	2	15	0
        116282	2026-05-28 12:22:32	1	2	15	0
        118157	2026-05-28 12:22:33	1	2	15	0
        117828	2026-05-28 12:22:40	1	2	15	0
        110421	2026-05-28 12:22:41	1	2	15	0
        110810	2026-05-28 12:22:44	1	2	15	0
        117915	2026-05-28 12:23:06	1	2	15	0
        117634	2026-05-28 12:23:08	1	2	15	0
        116279	2026-05-28 12:23:10	1	2	15	0
        119453	2026-05-28 12:23:16	1	2	15	0
        110093	2026-05-28 12:23:30	1	2	15	0
        110355	2026-05-28 12:23:34	1	2	15	0
        118580	2026-05-28 12:24:04	1	2	15	0
        110378	2026-05-28 12:24:10	1	2	15	0
        117814	2026-05-28 12:24:27	1	2	15	0
        110424	2026-05-28 12:24:39	1	2	15	0
        116824	2026-05-28 12:24:51	1	2	15	0
        118753	2026-05-28 12:24:56	1	2	15	0
        117642	2026-05-28 12:25:44	1	2	15	0
        118753	2026-05-28 12:26:08	1	0	15	0
        118867	2026-05-28 12:26:24	1	0	15	0
        117972	2026-05-28 12:26:34	1	0	15	0
        119070	2026-05-28 12:26:55	1	0	15	0
        116504	2026-05-28 12:26:58	1	0	15	0
        116483	2026-05-28 12:27:00	1	0	15	0
        117915	2026-05-28 12:27:02	1	0	15	0
        117634	2026-05-28 12:27:03	1	0	15	0
        117156	2026-05-28 12:27:06	1	0	15	0
        117088	2026-05-28 12:27:09	1	0	15	0
        118867	2026-05-28 12:28:03	1	2	15	0
        110549	2026-05-28 12:28:15	1	2	15	0
        117122	2026-05-28 12:28:22	1	2	15	0
        110077	2026-05-28 12:28:29	1	2	15	0
        118695	2026-05-28 12:28:59	1	2	15	0
        117111	2026-05-28 12:29:01	1	2	15	0
        117337	2026-05-28 12:29:03	1	2	15	0
        117236	2026-05-28 12:29:05	1	2	15	0
        118593	2026-05-28 12:29:16	1	2	15	0
        110074	2026-05-28 12:29:37	1	2	15	0
        119364	2026-05-28 12:29:42	1	2	15	0
        110057	2026-05-28 12:29:45	1	2	15	0
        110116	2026-05-28 12:29:47	1	2	15	0
        119272	2026-05-28 12:29:55	1	2	15	0
        117043	2026-05-28 12:30:14	1	2	15	0
        110475	2026-05-28 12:30:27	1	2	15	0
        119282	2026-05-28 12:30:43	1	2	15	0
        116477	2026-05-28 12:30:51	1	2	15	0
        110378	2026-05-28 12:30:53	1	2	15	0
        116824	2026-05-28 12:31:14	1	2	15	0
        117694	2026-05-28 12:31:24	1	2	15	0
        110473	2026-05-28 12:31:41	1	2	15	0
        117483	2026-05-28 12:31:46	1	2	15	0
        117839	2026-05-28 12:31:48	1	2	15	0
        117811	2026-05-28 12:31:51	1	2	15	0
        116504	2026-05-28 12:31:59	1	2	15	0
        116483	2026-05-28 12:32:01	1	2	15	0
        119070	2026-05-28 12:32:02	1	2	15	0
        110581	2026-05-28 12:32:14	1	2	15	0
        110580	2026-05-28 12:32:16	1	2	15	0
        110732	2026-05-28 12:32:18	1	2	15	0
        119272	2026-05-28 12:32:43	1	2	15	0
        117236	2026-05-28 12:33:03	1	2	15	0
        117156	2026-05-28 12:33:22	1	2	15	0
        110839	2026-05-28 12:33:25	1	2	15	0
        110833	2026-05-28 12:33:27	1	2	15	0
        117828	2026-05-28 12:33:29	1	2	15	0
        117965	2026-05-28 12:33:31	1	2	15	0
        118101	2026-05-28 12:33:32	1	2	15	0
        117645	2026-05-28 12:33:36	1	2	15	0
        117815	2026-05-28 12:33:38	1	2	15	0
        110785	2026-05-28 12:34:13	1	2	15	0
        110074	2026-05-28 12:34:38	1	2	15	0
        119364	2026-05-28 12:34:41	1	2	15	0
        110057	2026-05-28 12:34:45	1	2	15	0
        118568	2026-05-28 12:34:53	1	2	15	0
        118046	2026-05-28 12:35:05	1	2	15	0
        117091	2026-05-28 12:35:17	1	3	15	0
        116232	2026-05-28 12:35:39	1	3	15	0
        110093	2026-05-28 12:35:45	1	3	15	0
        117814	2026-05-28 12:35:49	1	3	15	0
        117121	2026-05-28 12:35:57	1	3	15	0
        118782	2026-05-28 12:35:59	1	3	15	0
        117212	2026-05-28 12:36:07	1	3	15	0
        117644	2026-05-28 12:36:11	1	3	15	0
        117993	2026-05-28 12:36:13	1	3	15	0
        117817	2026-05-28 12:36:44	1	3	15	0
        119282	2026-05-28 12:37:06	1	3	15	0
        117091	2026-05-28 12:37:42	1	3	15	0
        118302	2026-05-28 12:37:47	1	3	15	0
        116166	2026-05-28 12:37:49	1	3	15	0
        117692	2026-05-28 12:37:53	1	3	15	0
        110511	2026-05-28 12:37:56	1	3	15	0
        110431	2026-05-28 12:37:57	1	3	15	0
        117100	2026-05-28 12:38:13	1	3	15	0
        117528	2026-05-28 12:38:22	1	3	15	0
        118997	2026-05-28 12:38:29	1	3	15	0
        116741	2026-05-28 12:38:36	1	3	15	0
        116441	2026-05-28 12:38:38	1	3	15	0
        117811	2026-05-28 12:38:42	1	3	15	0
        117812	2026-05-28 12:38:45	1	3	15	0
        117483	2026-05-28 12:38:47	1	3	15	0
        117839	2026-05-28 12:38:50	1	3	15	0
        116472	2026-05-28 12:39:12	1	3	15	0
        110475	2026-05-28 12:39:33	1	3	15	0
        117660	2026-05-28 12:39:55	1	3	15	0
        117635	2026-05-28 12:39:57	1	3	15	0
        117644	2026-05-28 12:40:09	1	3	15	0
        117212	2026-05-28 12:40:21	1	3	15	0
        117993	2026-05-28 12:40:26	1	3	15	0
        117591	2026-05-28 12:40:46	1	3	15	0
        118732	2026-05-28 12:40:55	1	3	15	0
        110466	2026-05-28 12:40:57	1	3	15	0
        116274	2026-05-28 12:40:59	1	3	15	0
        116748	2026-05-28 12:41:04	1	3	15	0
        118271	2026-05-28 12:41:39	1	3	15	0
        116741	2026-05-28 12:42:08	1	3	15	0
        116441	2026-05-28 12:42:12	1	3	15	0
        117630	2026-05-28 12:42:17	1	3	15	0
        118593	2026-05-28 12:42:18	1	3	15	0
        117595	2026-05-28 12:42:38	1	3	15	0
        117711	2026-05-28 12:42:43	1	3	15	0
        117812	2026-05-28 12:43:12	1	3	15	0
        118568	2026-05-28 12:43:18	1	3	15	0
        118997	2026-05-28 12:43:28	1	3	15	0
        117528	2026-05-28 12:43:34	1	3	15	0
        117039	2026-05-28 12:43:48	1	3	15	0
        117232	2026-05-28 12:43:52	1	3	15	0
        117660	2026-05-28 12:44:04	1	3	15	0
        117635	2026-05-28 12:44:07	1	3	15	0
        117972	2026-05-28 12:44:47	1	3	15	0
        110839	2026-05-28 12:45:16	1	3	15	0
        110833	2026-05-28 12:45:21	1	3	15	0
        110473	2026-05-28 12:45:36	1	3	15	0
        116274	2026-05-28 12:45:53	1	3	15	0
        117591	2026-05-28 12:46:10	1	3	15	0
        118271	2026-05-28 12:46:14	1	3	15	0
        116073	2026-05-28 12:46:18	1	3	15	0
        119494	2026-05-28 12:46:31	1	3	15	0
        118563	2026-05-28 12:46:47	1	3	15	0
        118732	2026-05-28 12:48:21	1	3	15	0
        118971	2026-05-28 12:48:27	1	3	15	0
        117711	2026-05-28 12:48:37	1	3	15	0
        119227	2026-05-28 12:49:21	1	3	15	0
        110805	2026-05-28 12:49:24	1	3	15	0
        117694	2026-05-28 12:49:29	1	3	15	0
        110466	2026-05-28 12:50:21	1	3	15	0
        110197	2026-05-28 12:50:41	1	3	15	0
        117224	2026-05-28 12:50:48	1	3	15	0
        110452	2026-05-28 12:51:02	1	3	15	0
        116073	2026-05-28 12:51:36	1	3	15	0
        116297	2026-05-28 12:52:21	1	3	15	0
        117337	2026-05-28 12:52:54	1	3	15	0
        117111	2026-05-28 12:52:56	1	3	15	0
        119227	2026-05-28 12:53:05	1	3	15	0
        119494	2026-05-28 12:53:06	1	3	15	0
        117817	2026-05-28 12:53:45	1	3	15	0
        117725	2026-05-28 12:53:47	1	3	15	0
        116072	2026-05-28 12:53:54	1	3	15	0
        116497	2026-05-28 12:53:56	1	3	15	0
        110457	2026-05-28 12:53:57	1	3	15	0
        110360	2026-05-28 12:54:04	1	3	15	0
        116805	2026-05-28 12:54:07	1	3	15	0
        110805	2026-05-28 12:54:09	1	3	15	0
        116356	2026-05-28 12:54:12	1	3	15	0
        118369	2026-05-28 12:54:14	1	3	15	0
        117981	2026-05-28 12:54:15	1	3	15	0
        117924	2026-05-28 12:54:15	1	3	15	0
        117061	2026-05-28 12:54:17	1	3	15	0
        117085	2026-05-28 12:54:36	1	3	15	0
        118695	2026-05-28 12:55:14	1	3	15	0
        116472	2026-05-28 12:55:45	1	3	15	0
        117786	2026-05-28 12:55:49	1	3	15	0
        116297	2026-05-28 12:55:54	1	3	15	0
        117725	2026-05-28 12:56:50	1	3	15	0
        110025	2026-05-28 12:56:58	1	3	15	0
        117061	2026-05-28 12:57:11	1	3	15	0
        116356	2026-05-28 12:57:13	1	3	15	0
        118369	2026-05-28 12:57:15	1	3	15	0
        117981	2026-05-28 12:57:17	1	3	15	0
        117085	2026-05-28 12:57:19	1	3	15	0
        116497	2026-05-28 12:57:22	1	3	15	0
        116072	2026-05-28 12:57:23	1	3	15	0
        117924	2026-05-28 12:57:24	1	3	15	0
        116805	2026-05-28 12:57:29	1	3	15	0
        110457	2026-05-28 12:57:31	1	3	15	0
        116104	2026-05-28 12:57:56	1	3	15	0
        117659	2026-05-28 12:59:07	1	3	15	0
        116104	2026-05-28 12:59:09	1	3	15	0
        110360	2026-05-28 12:59:22	1	3	15	0
        110025	2026-05-28 12:59:49	1	3	15	0
        117936	2026-05-28 13:15:47	1	3	15	0
        117936	2026-05-28 13:20:32	1	3	15	0
        117043	2026-05-28 15:07:59	1	3	15	0
        117088	2026-05-28 15:29:52	1	3	15	0
        117850	2026-05-28 17:00:48	1	1	15	0
        116297	2026-05-28 17:02:27	1	1	15	0
        110836	2026-05-28 17:04:07	1	1	15	0
        117920	2026-05-28 17:05:44	1	1	15	0
        118593	2026-05-28 17:05:59	1	1	15	0
        117683	2026-05-28 17:06:12	1	1	15	0
        118157	2026-05-28 17:06:14	1	1	15	0
        116282	2026-05-28 17:06:16	1	1	15	0
        117121	2026-05-28 17:06:57	1	1	15	0
        117156	2026-05-28 17:07:04	1	1	15	0
        118782	2026-05-28 17:07:09	1	1	15	0
        117725	2026-05-28 17:07:27	1	1	15	0
        110418	2026-05-28 17:08:25	1	1	15	0
        110376	2026-05-28 17:08:44	1	1	15	0
        110377	2026-05-28 17:08:50	1	1	15	0
        110452	2026-05-28 17:11:08	1	1	15	0
        110817	2026-05-28 17:11:13	1	1	15	0
        117900	2026-05-28 17:11:21	1	1	15	0
        118761	2026-05-28 17:13:06	1	1	15	0
        117630	2026-05-28 17:15:38	1	1	15	0
        116824	2026-05-28 17:16:32	1	1	15	0
        117219	2026-05-28 17:17:06	1	1	15	0
        116422	2026-05-28 17:17:07	1	1	15	0
        110431	2026-05-28 17:17:26	1	1	15	0
        117926	2026-05-28 17:17:36	1	1	15	0
        118493	2026-05-28 17:18:36	1	1	15	0
        119272	2026-05-28 17:22:47	1	1	15	0
        117930	2026-05-28 17:24:43	1	1	15	0
        116902	2026-05-28 17:25:39	1	1	1	0
        117828	2026-05-28 17:25:46	1	1	15	0
        118101	2026-05-28 17:25:48	1	1	15	0
        117232	2026-05-28 17:25:55	1	1	15	0
        117236	2026-05-28 17:26:22	1	1	15	0
        117224	2026-05-28 17:29:55	1	1	15	0
        117786	2026-05-28 17:29:58	1	1	15	0
        117111	2026-05-28 17:30:45	1	1	15	0
        116279	2026-05-28 17:33:40	1	1	15	0
        110421	2026-05-28 17:36:05	1	1	15	0
        117983	2026-05-28 17:36:25	1	1	15	0
        110785	2026-05-28 17:36:41	1	1	15	0
        116472	2026-05-28 17:41:31	1	1	15	0
        117100	2026-05-28 17:42:13	1	1	15	0
        117528	2026-05-28 17:42:23	1	1	15	0
        116763	2026-05-28 17:42:25	1	1	15	0
        118563	2026-05-28 17:42:40	1	1	15	0
        110424	2026-05-28 17:44:30	1	1	15	0
        117642	2026-05-28 17:44:46	1	1	15	0
        117965	2026-05-28 17:49:22	1	1	15	0
        110513	2026-05-28 17:51:26	1	1	15	0
        117790	2026-05-28 17:53:13	1	1	15	0
        110084	2026-05-28 17:58:50	1	1	15	0
        110832	2026-05-28 18:01:17	1	1	15	0
        118997	2026-05-28 18:02:10	1	1	15	0
        116741	2026-05-28 18:02:26	1	1	15	0
        118750	2026-05-28 18:02:30	1	1	15	0
        116232	2026-05-28 18:02:45	1	1	15	0
        117835	2026-05-28 18:03:34	1	1	15	0
        110360	2026-05-28 18:03:39	1	1	15	0
        117635	2026-05-28 18:03:51	1	1	15	0
        116491	2026-05-28 18:04:04	1	1	15	0
        116799	2026-05-28 18:04:12	1	1	15	0
        118271	2026-05-28 18:04:38	1	1	15	0
        116274	2026-05-28 18:04:41	1	1	15	0
        110493	2026-05-28 18:05:11	1	1	15	0
        118568	2026-05-28 18:06:55	1	1	15	0
        110093	2026-05-28 18:06:59	1	1	15	0
        110197	2026-05-28 18:07:35	1	1	15	0
        116496	2026-05-28 18:07:39	1	1	15	0
        116551	2026-05-28 18:07:47	1	1	15	0
        119070	2026-05-28 18:08:56	1	1	15	0
        118640	2026-05-28 18:09:14	1	1	15	0
        117129	2026-05-28 18:09:27	1	1	15	0
        110633	2026-05-28 18:09:40	1	1	15	0
        117769	2026-05-28 18:09:47	1	1	15	0
        117838	2026-05-28 18:09:50	1	1	15	0
        117936	2026-05-28 18:09:52	1	1	15	0
        117966	2026-05-28 18:09:54	1	1	15	0
        110834	2026-05-28 18:12:57	1	1	15	0
        118455	2026-05-28 18:13:47	1	1	15	0
        116504	2026-05-28 18:13:49	1	1	15	0
        110085	2026-05-28 18:13:52	1	1	15	0
        110527	2026-05-28 18:14:29	1	1	15	0
        116104	2026-05-28 18:16:39	1	1	15	0
        117634	2026-05-28 18:16:53	1	1	15	0
        117915	2026-05-28 18:16:55	1	1	15	0
        117733	2026-05-28 18:17:34	1	1	15	0
        117039	2026-05-28 18:19:10	1	1	15	0
        110538	2026-05-28 18:21:54	1	1	15	0
        117201	2026-05-28 18:22:43	1	1	15	0
        118992	2026-05-28 18:23:27	1	1	15	0
        117770	2026-05-28 18:24:05	1	1	15	0
        110128	2026-05-28 18:24:48	1	1	15	0
        117837	2026-05-28 18:24:54	1	1	15	0
        117110	2026-05-28 18:25:13	1	1	15	0
        110507	2026-05-28 18:27:55	1	1	15	0
        117921	2026-05-28 18:28:00	1	1	15	0
        116142	2026-05-28 18:28:02	1	1	15	0
        117483	2026-05-28 18:28:15	1	1	15	0
        116383	2026-05-28 18:29:09	1	1	15	0
        118207	2026-05-28 18:30:01	1	1	15	0
        110456	2026-05-28 18:30:54	1	1	15	0
        117120	2026-05-28 18:31:00	1	1	15	0
        119453	2026-05-28 18:31:09	1	1	15	0
        110840	2026-05-28 18:32:03	1	1	15	0
        119493	2026-05-28 18:34:59	1	1	15	0
        119494	2026-05-28 18:35:06	1	1	15	0
        117046	2026-05-28 18:35:50	1	1	15	0
        110354	2026-05-28 18:36:24	1	1	15	0
        117644	2026-05-28 18:37:05	1	1	15	0
        117212	2026-05-28 18:37:10	1	1	15	0
        117993	2026-05-28 18:37:12	1	1	15	0
        117230	2026-05-28 18:37:24	1	1	15	0
        117113	2026-05-28 18:37:53	1	1	15	0
        116995	2026-05-28 18:40:07	1	1	15	0
        116479	2026-05-28 18:40:27	1	1	15	0
        119493	2026-05-28 18:40:40	1	1	15	0
        110070	2026-05-28 18:43:03	1	1	15	0
        117529	2026-05-28 18:43:10	1	1	15	0
        110378	2026-05-28 18:43:13	1	1	15	0
        110475	2026-05-28 18:44:18	1	1	15	0
        110473	2026-05-28 18:44:22	1	1	15	0
        110511	2026-05-28 18:44:27	1	1	15	0
        110466	2026-05-28 18:44:32	1	1	15	0
        118744	2026-05-28 18:44:51	1	1	15	0
        110172	2026-05-28 18:44:55	1	1	15	0
        117839	2026-05-28 18:46:00	1	1	15	0
        110842	2026-05-28 18:46:18	1	1	15	0
        118580	2026-05-28 18:46:30	1	1	15	0
        117645	2026-05-28 18:46:36	1	1	15	0
        117815	2026-05-28 18:46:39	1	1	15	0
        117982	2026-05-28 18:46:42	1	1	15	0
        117811	2026-05-28 18:47:22	1	1	15	0
        117042	2026-05-28 18:47:42	1	1	15	0
        116073	2026-05-28 18:47:58	1	1	15	0
        110040	2026-05-28 18:48:19	1	1	15	0
        117660	2026-05-28 18:48:30	1	1	15	0
        110492	2026-05-28 18:49:26	1	1	15	0
        110356	2026-05-28 18:49:58	1	1	15	0
        116451	2026-05-28 18:50:33	1	1	15	0
        118302	2026-05-28 18:51:19	1	1	15	0
        110355	2026-05-28 18:53:18	1	1	15	0
        118702	2026-05-28 18:54:01	1	1	15	0
        117723	2026-05-28 18:54:05	1	1	15	0
        117487	2026-05-28 18:54:07	1	1	15	0
        110105	2026-05-28 18:54:26	1	1	15	0
        117212	2026-05-28 18:55:17	1	1	15	0
        117711	2026-05-28 18:55:53	1	1	15	0
        117692	2026-05-28 18:56:15	1	1	15	0
        117259	2026-05-28 18:56:56	1	1	15	0
        117542	2026-05-28 18:57:02	1	1	15	0
        117709	2026-05-28 18:57:11	1	1	15	0
        117972	2026-05-28 18:57:41	1	1	15	0
        117694	2026-05-28 18:57:44	1	1	15	0
        119006	2026-05-28 18:58:11	1	1	15	0
        119157	2026-05-28 18:58:30	1	1	15	0
        117814	2026-05-28 18:58:34	1	1	15	0
        116477	2026-05-28 18:59:03	1	1	15	0
        110807	2026-05-28 18:59:56	1	1	15	0
        116960	2026-05-28 19:00:25	1	1	15	0
        110100	2026-05-28 19:00:27	1	1	15	0
        116787	2026-05-28 19:00:30	1	1	15	0
        117162	2026-05-28 19:00:39	1	1	15	0
        117659	2026-05-28 19:02:00	1	1	15	0
        110465	2026-05-28 19:02:03	1	1	15	0
        117196	2026-05-28 19:02:26	1	1	15	0
        110050	2026-05-28 19:02:57	1	1	15	0
        117707	2026-05-28 19:03:04	1	1	15	0
        110077	2026-05-28 19:03:12	1	1	15	0
        119449	2026-05-28 19:03:35	1	1	15	0
        118427	2026-05-28 19:03:46	1	1	15	0
        119282	2026-05-28 19:03:51	1	1	15	0
        119535	2026-05-28 19:03:55	1	1	15	0
        110805	2026-05-28 19:03:58	1	1	15	0
        117092	2026-05-28 19:04:01	1	1	15	0
        119386	2026-05-28 19:04:08	1	1	15	0
        117091	2026-05-28 19:04:15	1	1	15	0
        116346	2026-05-28 19:04:18	1	1	15	0
        117103	2026-05-28 19:04:20	1	1	15	0
        110529	2026-05-28 19:04:36	1	1	15	0
        110457	2026-05-28 19:04:39	1	1	15	0
        110528	2026-05-28 19:04:44	1	1	15	0
        110839	2026-05-28 19:04:48	1	1	15	0
        110808	2026-05-28 19:04:52	1	1	15	0
        110810	2026-05-28 19:05:07	1	1	15	0
        118971	2026-05-28 19:05:23	1	1	15	0
        116748	2026-05-28 19:05:44	1	1	15	0
        116990	2026-05-28 19:05:49	1	1	15	0
        117807	2026-05-28 19:05:52	1	1	15	0
        110158	2026-05-28 19:05:54	1	1	15	0
        118753	2026-05-28 19:06:21	1	1	15	0
        118867	2026-05-28 19:06:31	1	1	15	0
        110549	2026-05-28 19:06:43	1	1	15	0
        116453	2026-05-28 19:07:09	1	1	15	0
        118753	2026-05-28 19:07:41	1	1	15	0
        117812	2026-05-28 19:11:34	1	1	15	0
        116070	2026-05-28 19:11:37	1	1	15	0
        110632	2026-05-28 19:11:40	1	1	15	0
        118695	2026-05-28 19:11:42	1	1	15	0
        117337	2026-05-28 19:11:46	1	1	15	0
        116069	2026-05-28 19:11:48	1	1	15	0
        116166	2026-05-28 19:12:10	1	1	15	0
        116356	2026-05-28 19:12:18	1	1	15	0
        110116	2026-05-28 19:12:44	1	1	15	0
        117742	2026-05-28 19:13:17	1	1	15	0
        119594	2026-05-28 19:13:20	1	1	15	0
        110025	2026-05-28 19:13:23	1	1	15	0
        119232	2026-05-28 19:13:49	1	1	15	0
        117144	2026-05-28 19:15:09	1	1	15	0
        117541	2026-05-28 19:15:18	1	1	15	0
        117924	2026-05-28 19:20:04	1	1	15	0
        116497	2026-05-28 19:20:08	1	1	15	0
        116072	2026-05-28 19:20:10	1	1	15	0
        110088	2026-05-28 19:21:03	1	1	15	0
        117543	2026-05-28 19:22:05	1	1	15	0
        110463	2026-05-28 19:23:00	1	1	15	0
        117497	2026-05-28 19:25:34	1	1	15	0
        116483	2026-05-28 19:26:44	1	1	15	0
        117680	2026-05-28 19:27:18	1	1	15	0
        117122	2026-05-28 19:28:41	1	1	15	0
        117591	2026-05-28 19:29:08	1	1	15	0
        117616	2026-05-28 19:29:22	1	1	15	0
        117567	2026-05-28 19:29:26	1	1	15	0
        110074	2026-05-28 19:29:47	1	1	15	0
        119227	2026-05-28 19:29:50	1	1	15	0
        118046	2026-05-28 19:32:16	1	1	15	0
        118550	2026-05-28 19:35:38	1	1	15	0
        110580	2026-05-28 19:37:54	1	1	15	0
        110581	2026-05-28 19:37:58	1	1	15	0
        110732	2026-05-28 19:38:03	1	1	15	0
        116441	2026-05-28 19:43:12	1	1	15	0
        119364	2026-05-28 19:48:41	1	1	15	0
        110657	2026-05-28 19:49:20	1	1	15	0
        117817	2026-05-28 19:52:17	1	1	15	0
        110833	2026-05-28 19:53:42	1	1	15	0
        118369	2026-05-28 19:53:49	1	1	15	0
        116805	2026-05-28 19:53:53	1	1	15	0
        117981	2026-05-28 19:53:55	1	1	15	0
        117061	2026-05-28 19:53:59	1	1	15	0
        110090	2026-05-28 19:55:01	1	1	15	0
        119263	2026-05-28 20:00:16	1	1	15	0
        110063	2026-05-28 20:06:39	1	1	15	0
        110057	2026-05-28 20:12:29	1	1	15	0
        117085	2026-05-28 20:28:18	1	1	15	0
        117595	2026-05-28 20:49:46	1	1	15	0
        119070	2026-05-29 06:39:46	1	0	15	0
        116422	2026-05-29 06:50:19	1	0	15	0
        110196	2026-05-29 06:59:11	1	0	15	0
        110431	2026-05-29 07:02:50	1	0	15	0
        110549	2026-05-29 07:02:54	1	0	15	0
        117850	2026-05-29 07:25:39	1	0	15	0
        117790	2026-05-29 07:26:00	1	0	15	0
        117920	2026-05-29 07:27:46	1	0	15	0
        110424	2026-05-29 07:29:43	1	0	15	0
        117219	2026-05-29 07:31:50	1	0	15	0
        110197	2026-05-29 07:37:09	1	0	15	0
        110816	2026-05-29 07:37:23	1	0	15	0
        110376	2026-05-29 07:37:54	1	0	15	0
        110371	2026-05-29 07:39:30	1	0	15	0
        118455	2026-05-29 07:40:01	1	0	15	0
        110785	2026-05-29 07:41:27	1	0	15	0
        118157	2026-05-29 07:43:17	1	0	15	0
        117121	2026-05-29 07:44:04	1	0	15	0
        118046	2026-05-29 07:44:54	1	0	15	0
        116504	2026-05-29 07:46:29	1	0	15	0
        118563	2026-05-29 07:47:16	1	0	15	0
        116902	2026-05-29 07:47:34	1	0	1	0
        117156	2026-05-29 07:48:05	1	0	15	0
        117224	2026-05-29 07:48:15	1	0	15	0
        117337	2026-05-29 07:48:19	1	0	15	0
        116129	2026-05-29 07:49:54	1	0	15	0
        117630	2026-05-29 07:50:02	1	0	15	0
        110377	2026-05-29 07:50:07	1	0	15	0
        117528	2026-05-29 07:50:45	1	0	15	0
        116763	2026-05-29 07:50:47	1	0	15	0
        118695	2026-05-29 07:50:50	1	0	15	0
        118369	2026-05-29 07:50:56	1	0	15	0
        118970	2026-05-29 07:51:39	1	0	15	0
        117683	2026-05-29 07:52:02	1	0	15	0
        119272	2026-05-29 07:52:19	1	0	15	0
        116282	2026-05-29 07:52:21	1	0	15	0
        110421	2026-05-29 07:52:23	1	0	15	0
        117915	2026-05-29 07:53:07	1	0	15	0
        117634	2026-05-29 07:53:09	1	0	15	0
        118782	2026-05-29 07:53:23	1	0	15	0
        110832	2026-05-29 07:53:35	1	0	15	0
        110840	2026-05-29 07:53:52	1	0	15	0
        117232	2026-05-29 07:54:05	1	0	15	0
        117983	2026-05-29 07:55:09	1	0	15	0
        116824	2026-05-29 07:56:05	1	0	15	0
        118180	2026-05-29 07:56:24	1	0	15	0
        117236	2026-05-29 07:57:42	1	0	15	0
        118917	2026-05-29 07:57:50	1	0	15	0
        116297	2026-05-29 07:58:03	1	0	15	0
        116747	2026-05-29 07:58:14	1	0	15	0
        118761	2026-05-29 07:58:18	1	0	15	0
        116428	2026-05-29 07:58:46	1	0	15	0
        110356	2026-05-29 07:58:49	1	0	15	0
        117930	2026-05-29 07:58:51	1	0	15	0
        117111	2026-05-29 07:59:03	1	0	15	0
        118101	2026-05-29 07:59:20	1	0	15	0
        110447	2026-05-29 07:59:34	1	0	15	0
        117828	2026-05-29 07:59:45	1	0	15	0
        117814	2026-05-29 08:01:35	1	0	15	0
        117725	2026-05-29 08:03:31	1	0	15	0
        117965	2026-05-29 08:04:47	1	0	15	0
        117259	2026-05-29 08:06:13	1	0	15	0
        117833	2026-05-29 08:06:37	1	0	15	0
        110452	2026-05-29 08:08:11	1	0	15	0
        117926	2026-05-29 08:08:37	1	0	15	0
        110436	2026-05-29 08:13:34	1	0	15	0
        110172	2026-05-29 08:13:40	1	0	15	0
        117786	2026-05-29 08:17:35	1	0	15	0
        117046	2026-05-29 08:19:16	1	0	15	0
        110418	2026-05-29 08:20:41	1	0	15	0
        116356	2026-05-29 08:20:54	1	0	15	0
        118813	2026-05-29 08:23:24	1	0	15	0
        118784	2026-05-29 08:26:36	1	0	15	0
        118928	2026-05-29 08:32:21	1	0	15	0
        117091	2026-05-29 08:34:59	1	0	15	0
        116279	2026-05-29 08:36:14	1	0	15	0
        117541	2026-05-29 08:36:24	1	0	15	0
        118593	2026-05-29 08:39:46	1	0	15	0
        116472	2026-05-29 08:48:03	1	0	15	0
        110513	2026-05-29 08:53:21	1	0	15	0
        117692	2026-05-29 08:53:51	1	0	15	0
        117100	2026-05-29 08:58:45	1	0	15	0
        116805	2026-05-29 09:05:47	1	0	15	0
        116497	2026-05-29 09:14:56	1	0	15	0
        116497	2026-05-29 09:16:32	1	0	15	0
        110057	2026-05-29 10:54:33	1	0	15	0
        117981	2026-05-29 10:55:34	1	0	15	0
        116483	2026-05-29 11:00:05	1	2	15	0
        117497	2026-05-29 11:06:25	1	2	15	0
        110116	2026-05-29 11:12:49	1	2	15	0
        117680	2026-05-29 11:34:03	1	2	15	0
        110816	2026-05-29 11:57:33	1	2	15	0
        118101	2026-05-29 12:00:34	1	2	15	0
        117100	2026-05-29 12:00:39	1	2	15	0
        117828	2026-05-29 12:00:39	1	2	15	0
        110816	2026-05-29 12:00:43	1	2	15	0
        117926	2026-05-29 12:00:48	1	2	15	0
        110418	2026-05-29 12:01:11	1	2	15	0
        116763	2026-05-29 12:01:13	1	2	15	0
        110436	2026-05-29 12:01:16	1	2	15	0
        117224	2026-05-29 12:01:19	1	2	15	0
        118046	2026-05-29 12:01:28	1	2	15	0
        117930	2026-05-29 12:01:33	1	2	15	0
        116282	2026-05-29 12:01:57	1	2	15	0
        118157	2026-05-29 12:02:00	1	2	15	0
        117683	2026-05-29 12:02:02	1	2	15	0
        117915	2026-05-29 12:02:03	1	2	15	0
        117634	2026-05-29 12:02:06	1	2	15	0
        117692	2026-05-29 12:02:17	1	2	15	0
        110431	2026-05-29 12:02:27	1	2	15	0
        110785	2026-05-29 12:02:36	1	2	15	0
        110172	2026-05-29 12:03:00	1	2	15	0
        117965	2026-05-29 12:03:04	1	2	15	0
        110196	2026-05-29 12:03:09	1	2	15	0
        110832	2026-05-29 12:03:14	1	2	15	0
        118917	2026-05-29 12:03:18	1	2	15	0
        117236	2026-05-29 12:03:22	1	2	15	0
        118593	2026-05-29 12:03:25	1	2	15	0
        118180	2026-05-29 12:03:33	1	2	15	0
        119272	2026-05-29 12:03:37	1	2	15	0
        117630	2026-05-29 12:03:40	1	2	15	0
        110424	2026-05-29 12:03:45	1	2	15	0
        116129	2026-05-29 12:04:04	1	2	15	0
        118970	2026-05-29 12:04:07	1	2	15	0
        118928	2026-05-29 12:04:09	1	2	15	0
        110513	2026-05-29 12:04:12	1	2	15	0
        118101	2026-05-29 12:04:15	1	2	15	0
        117100	2026-05-29 12:04:17	1	2	15	0
        117828	2026-05-29 12:04:21	1	2	15	0
        117915	2026-05-29 12:04:24	1	2	15	0
        116282	2026-05-29 12:04:28	1	2	15	0
        117833	2026-05-29 12:04:31	1	2	15	0
        110816	2026-05-29 12:04:35	1	2	15	0
        117683	2026-05-29 12:04:38	1	2	15	0
        117634	2026-05-29 12:04:41	1	2	15	0
        118157	2026-05-29 12:04:45	1	2	15	0
        110371	2026-05-29 12:04:50	1	2	15	0
        118813	2026-05-29 12:04:53	1	2	15	0
        110452	2026-05-29 12:04:54	1	2	15	0
        117497	2026-05-29 12:05:00	1	2	15	0
        117259	2026-05-29 12:05:03	1	2	15	0
        117930	2026-05-29 12:05:06	1	2	15	0
        117926	2026-05-29 12:05:09	1	2	15	0
        116763	2026-05-29 12:05:21	1	2	15	0
        110418	2026-05-29 12:05:28	1	2	15	0
        117680	2026-05-29 12:05:30	1	2	15	0
        110376	2026-05-29 12:05:35	1	2	15	0
        110377	2026-05-29 12:05:40	1	2	15	0
        110436	2026-05-29 12:05:43	1	2	15	0
        117790	2026-05-29 12:05:45	1	2	15	0
        116902	2026-05-29 12:05:54	1	2	1	0
        118563	2026-05-29 12:06:15	1	2	15	0
        110832	2026-05-29 12:06:40	1	2	15	0
        118761	2026-05-29 12:07:11	1	2	15	0
        117122	2026-05-29 12:07:16	1	2	15	0
        110447	2026-05-29 12:07:21	1	2	15	0
        117786	2026-05-29 12:07:26	1	2	15	0
        117528	2026-05-29 12:07:30	1	2	15	0
        116279	2026-05-29 12:07:32	1	2	15	0
        117259	2026-05-29 12:07:40	1	2	15	0
        117833	2026-05-29 12:07:42	1	2	15	0
        110172	2026-05-29 12:07:45	1	2	15	0
        118180	2026-05-29 12:07:49	1	2	15	0
        119272	2026-05-29 12:07:51	1	2	15	0
        117630	2026-05-29 12:07:55	1	2	15	0
        118970	2026-05-29 12:07:57	1	2	15	0
        117497	2026-05-29 12:07:59	1	2	15	0
        118928	2026-05-29 12:07:59	1	2	15	0
        116129	2026-05-29 12:08:02	1	2	15	0
        118813	2026-05-29 12:08:04	1	2	15	0
        117337	2026-05-29 12:08:07	1	2	15	0
        117111	2026-05-29 12:08:08	1	2	15	0
        110371	2026-05-29 12:08:14	1	2	15	0
        110421	2026-05-29 12:08:20	1	2	15	0
        118593	2026-05-29 12:08:26	1	2	15	0
        117236	2026-05-29 12:08:31	1	2	15	0
        110424	2026-05-29 12:08:34	1	2	15	0
        118917	2026-05-29 12:08:37	1	2	15	0
        110840	2026-05-29 12:08:49	1	2	15	0
        117983	2026-05-29 12:09:06	1	2	15	0
        110513	2026-05-29 12:09:13	1	2	15	0
        117232	2026-05-29 12:09:30	1	2	15	0
        110376	2026-05-29 12:09:53	1	2	15	0
        110377	2026-05-29 12:09:58	1	2	15	0
        116472	2026-05-29 12:10:02	1	2	15	0
        116747	2026-05-29 12:10:05	1	2	15	0
        117224	2026-05-29 12:10:23	1	2	15	0
        118761	2026-05-29 12:12:42	1	2	15	0
        110840	2026-05-29 12:12:55	1	2	15	0
        110197	2026-05-29 12:13:18	1	2	15	0
        110431	2026-05-29 12:13:23	1	2	15	0
        117790	2026-05-29 12:14:06	1	2	15	0
        117046	2026-05-29 12:14:39	1	2	15	0
        116428	2026-05-29 12:14:42	1	2	15	0
        117156	2026-05-29 12:16:28	1	2	15	0
        117121	2026-05-29 12:16:35	1	2	15	0
        118782	2026-05-29 12:16:37	1	2	15	0
        110549	2026-05-29 12:17:53	1	2	15	0
        117983	2026-05-29 12:19:01	1	2	15	0
        117528	2026-05-29 12:21:19	1	2	15	0
        117046	2026-05-29 12:21:37	1	2	15	0
        116428	2026-05-29 12:21:40	1	2	15	0
        116824	2026-05-29 12:21:43	1	2	15	0
        117156	2026-05-29 12:22:14	1	2	15	0
        117814	2026-05-29 12:22:22	1	2	15	0
        116279	2026-05-29 12:22:44	1	2	15	0
        117337	2026-05-29 12:22:46	1	2	15	0
        117541	2026-05-29 12:22:59	1	2	15	0
        117121	2026-05-29 12:23:09	1	2	15	0
        116504	2026-05-29 12:23:28	1	2	15	0
        118695	2026-05-29 12:25:36	1	2	15	0
        116824	2026-05-29 12:25:47	1	2	15	0
        117541	2026-05-29 12:25:56	1	2	15	0
        117814	2026-05-29 12:26:02	1	2	15	0
        117850	2026-05-29 12:27:43	1	2	15	0
        117920	2026-05-29 12:27:45	1	2	15	0
        117725	2026-05-29 12:27:57	1	2	15	0
        110116	2026-05-29 12:28:42	1	2	15	0
        110447	2026-05-29 12:29:19	1	2	15	0
        110785	2026-05-29 12:29:24	1	2	15	0
        117692	2026-05-29 12:29:29	1	2	15	0
        110452	2026-05-29 12:29:34	1	2	15	0
        117920	2026-05-29 12:31:39	1	3	15	0
        117850	2026-05-29 12:31:41	1	3	15	0
        117725	2026-05-29 12:31:45	1	3	15	0
        116297	2026-05-29 12:31:51	1	3	15	0
        117232	2026-05-29 12:31:57	1	3	15	0
        110197	2026-05-29 12:32:32	1	3	15	0
        110197	2026-05-29 12:34:17	1	3	15	0
        116297	2026-05-29 12:34:33	1	3	15	0
        117111	2026-05-29 12:34:50	1	3	15	0
        118695	2026-05-29 12:34:57	1	3	15	0
        118046	2026-05-29 12:35:00	1	3	15	0
        110356	2026-05-29 12:38:36	1	3	15	0
        117680	2026-05-29 12:39:15	1	3	15	0
        110116	2026-05-29 12:41:57	1	3	15	0
        110457	2026-05-29 12:42:54	1	3	15	0
        116497	2026-05-29 12:43:03	1	3	15	0
        118369	2026-05-29 12:43:09	1	3	15	0
        116805	2026-05-29 12:43:11	1	3	15	0
        117981	2026-05-29 12:43:13	1	3	15	0
        117091	2026-05-29 12:43:23	1	3	15	0
        110421	2026-05-29 12:44:21	1	3	15	0
        118455	2026-05-29 12:45:24	1	3	15	0
        119070	2026-05-29 12:45:27	1	3	15	0
        117091	2026-05-29 12:46:29	1	3	15	0
        117786	2026-05-29 12:46:48	1	3	15	0
        110463	2026-05-29 12:46:58	1	3	15	0
        117965	2026-05-29 12:47:25	1	3	15	0
        117981	2026-05-29 12:48:35	1	3	15	0
        110457	2026-05-29 12:48:36	1	3	15	0
        118369	2026-05-29 12:48:40	1	3	15	0
        116497	2026-05-29 12:48:45	1	3	15	0
        116805	2026-05-29 12:48:47	1	3	15	0
        117219	2026-05-29 12:49:04	1	3	15	0
        116483	2026-05-29 12:50:06	1	3	15	0
        110057	2026-05-29 12:50:09	1	3	15	0
        116504	2026-05-29 12:50:43	1	3	15	0
        116356	2026-05-29 12:50:47	1	3	15	0
        118784	2026-05-29 12:51:08	1	3	15	0
        117219	2026-05-29 12:51:48	1	3	15	0
        119070	2026-05-29 12:52:11	1	3	15	0
        118455	2026-05-29 12:52:20	1	3	15	0
        118046	2026-05-29 12:52:44	1	3	15	0
        116422	2026-05-29 12:53:32	1	3	15	0
        116356	2026-05-29 12:54:00	1	3	15	0
        116483	2026-05-29 12:54:05	1	3	15	0
        110057	2026-05-29 12:54:07	1	3	15	0
        116422	2026-05-29 12:55:04	1	3	15	0
        118784	2026-05-29 12:58:20	1	3	15	0
        110549	2026-05-29 13:08:21	1	3	15	0
        117616	2026-05-29 13:23:56	1	3	15	0
        110063	2026-05-29 13:32:31	1	3	15	0
        117850	2026-05-29 15:08:23	1	3	15	0
        110116	2026-05-29 15:24:16	1	3	15	0
        116356	2026-05-29 15:42:10	1	3	15	0
        119272	2026-05-29 16:27:45	1	1	15	0
        118784	2026-05-29 16:49:29	1	1	15	0
        116483	2026-05-29 16:51:23	1	1	15	0
        117259	2026-05-29 16:52:54	1	1	15	0
        117541	2026-05-29 16:52:55	1	1	15	0
        116282	2026-05-29 17:01:02	1	1	15	0
        118157	2026-05-29 17:01:06	1	1	15	0
        117683	2026-05-29 17:01:07	1	1	15	0
        119070	2026-05-29 17:01:19	1	1	15	0
        118455	2026-05-29 17:01:21	1	1	15	0
        117915	2026-05-29 17:01:42	1	1	15	0
        117634	2026-05-29 17:01:44	1	1	15	0
        118180	2026-05-29 17:02:32	1	1	15	0
        110785	2026-05-29 17:02:43	1	1	15	0
        117920	2026-05-29 17:02:57	1	1	15	0
        117725	2026-05-29 17:03:27	1	1	15	0
        117930	2026-05-29 17:04:05	1	1	15	0
        116504	2026-05-29 17:04:23	1	1	15	0
        118917	2026-05-29 17:04:47	1	1	15	0
        110832	2026-05-29 17:04:56	1	1	15	0
        116279	2026-05-29 17:05:00	1	1	15	0
        117833	2026-05-29 17:05:16	1	1	15	0
        110421	2026-05-29 17:05:17	1	1	15	0
        110376	2026-05-29 17:05:35	1	1	15	0
        110377	2026-05-29 17:05:38	1	1	15	0
        117111	2026-05-29 17:05:42	1	1	15	0
        110840	2026-05-29 17:05:53	1	1	15	0
        117121	2026-05-29 17:06:22	1	1	15	0
        117224	2026-05-29 17:06:29	1	1	15	0
        110197	2026-05-29 17:07:10	1	1	15	0
        110447	2026-05-29 17:07:14	1	1	15	0
        117630	2026-05-29 17:07:38	1	1	15	0
        118101	2026-05-29 17:07:55	1	1	15	0
        117828	2026-05-29 17:07:56	1	1	15	0
        117232	2026-05-29 17:08:03	1	1	15	0
        116763	2026-05-29 17:08:23	1	1	15	0
        118813	2026-05-29 17:08:46	1	1	15	0
        116129	2026-05-29 17:08:49	1	1	15	0
        118970	2026-05-29 17:08:51	1	1	15	0
        118928	2026-05-29 17:08:53	1	1	15	0
        110418	2026-05-29 17:09:24	1	1	15	0
        110452	2026-05-29 17:10:02	1	1	15	0
        117790	2026-05-29 17:10:08	1	1	15	0
        110436	2026-05-29 17:10:16	1	1	15	0
        117786	2026-05-29 17:10:48	1	1	15	0
        117100	2026-05-29 17:12:00	1	1	15	0
        118593	2026-05-29 17:12:39	1	1	15	0
        116824	2026-05-29 17:13:12	1	1	15	0
        118695	2026-05-29 17:14:24	1	1	15	0
        117983	2026-05-29 17:14:34	1	1	15	0
        118761	2026-05-29 17:16:09	1	1	15	0
        117965	2026-05-29 17:16:41	1	1	15	0
        110371	2026-05-29 17:16:47	1	1	15	0
        110172	2026-05-29 17:18:17	1	1	15	0
        117219	2026-05-29 17:20:15	1	1	15	0
        116422	2026-05-29 17:20:18	1	1	15	0
        116428	2026-05-29 17:20:54	1	1	15	0
        118782	2026-05-29 17:23:26	1	1	15	0
        118046	2026-05-29 17:29:38	1	1	15	0
        117616	2026-05-29 17:37:05	1	1	15	0
        117692	2026-05-29 17:39:02	1	1	15	0
        117091	2026-05-29 17:39:26	1	1	15	0
        117497	2026-05-29 17:40:15	1	1	15	0
        110463	2026-05-29 17:40:22	1	1	15	0
        117680	2026-05-29 17:40:36	1	1	15	0
        117497	2026-05-29 17:41:29	1	1	15	0
        117337	2026-05-29 17:47:01	1	1	15	0
        117114	2026-05-29 17:59:19	1	1	15	0
        117122	2026-05-29 17:59:30	1	1	15	0
        117061	2026-05-29 18:00:27	1	1	15	0
        116805	2026-05-29 18:00:35	1	1	15	0
        110457	2026-05-29 18:00:38	1	1	15	0
        110063	2026-05-29 18:03:45	1	1	15	0
        110549	2026-05-29 18:04:30	1	1	15	0
        110431	2026-05-29 18:04:38	1	1	15	0
        110057	2026-05-29 18:07:16	1	1	15	0
        117085	2026-05-29 18:07:55	1	1	15	0
        118369	2026-05-29 18:15:04	1	1	15	0
        117981	2026-05-29 18:15:08	1	1	15	0
        116497	2026-05-29 18:15:11	1	1	15	0
        119263	2026-05-29 18:27:53	1	1	15	0
        117236	2026-05-29 18:40:16	1	1	15	0
        117926	2026-05-29 18:41:24	1	1	15	0
