        116738	2026-05-04 04:40:25	1	0	15	0
        118509	2026-05-04 05:03:34	1	0	15	0
        117451	2026-05-04 05:55:11	1	0	15	0
        118146	2026-05-04 06:13:41	1	0	15	0
        117656	2026-05-04 06:17:07	1	0	15	0
        110068	2026-05-04 06:17:50	1	0	1	0
        116434	2026-05-04 06:25:04	1	0	1	0
        110794	2026-05-04 06:27:10	1	0	15	0
        116953	2026-05-04 06:28:02	1	0	15	0
        119077	2026-05-04 06:36:03	1	0	15	0
        110542	2026-05-04 06:37:05	1	0	15	0
        118760	2026-05-04 06:41:56	1	0	15	0
        116442	2026-05-04 06:44:14	1	0	15	0
        118143	2026-05-04 06:45:29	1	0	15	0
        110472	2026-05-04 06:45:47	1	0	15	0
        118125	2026-05-04 06:46:06	1	0	15	0
        118301	2026-05-04 06:46:11	1	0	15	0
        110641	2026-05-04 06:46:26	1	0	15	0
        119206	2026-05-04 06:46:31	1	0	15	0
        116096	2026-05-04 06:47:12	1	0	1	0
        116466	2026-05-04 06:47:27	1	0	1	0
        117185	2026-05-04 06:49:14	1	0	15	0
        117090	2026-05-04 06:50:17	1	0	15	0
        110045	2026-05-04 06:50:39	1	0	15	0
        117267	2026-05-04 06:51:56	1	0	15	0
        116007	2026-05-04 06:52:31	1	0	1	0
        116712	2026-05-04 06:52:37	1	0	15	0
        110533	2026-05-04 06:52:52	1	0	15	0
        118548	2026-05-04 06:53:11	1	0	15	0
        119406	2026-05-04 06:53:25	1	0	15	0
        116690	2026-05-04 06:54:26	1	0	15	0
        118694	2026-05-04 06:54:34	1	0	15	0
        116509	2026-05-04 06:54:40	1	0	15	0
        110359	2026-05-04 06:57:02	1	0	15	0
        110115	2026-05-04 06:58:58	1	0	15	0
        110477	2026-05-04 06:59:11	1	0	15	0
        117977	2026-05-04 07:00:52	1	0	15	0
        116735	2026-05-04 07:01:40	1	0	15	0
        119393	2026-05-04 07:03:05	1	0	15	0
        116825	2026-05-04 07:09:28	1	0	15	0
        110530	2026-05-04 07:10:50	1	0	15	0
        116202	2026-05-04 07:11:16	1	0	15	0
        116511	2026-05-04 07:13:55	1	0	15	0
        110461	2026-05-04 07:14:05	1	0	15	0
        116192	2026-05-04 07:14:18	1	0	15	0
        110454	2026-05-04 07:14:27	1	0	15	0
        110124	2026-05-04 07:17:08	1	0	15	0
        110534	2026-05-04 07:20:34	1	0	15	0
        110806	2026-05-04 07:21:38	1	0	15	0
        116844	2026-05-04 07:27:48	1	0	15	0
        116152	2026-05-04 07:29:47	1	0	15	0
        110531	2026-05-04 07:30:44	1	0	15	0
        119376	2026-05-04 07:32:15	1	0	15	0
        116524	2026-05-04 07:33:13	1	0	15	0
        119443	2026-05-04 07:33:59	1	0	15	0
        116487	2026-05-04 07:34:55	1	0	15	0
        110064	2026-05-04 07:35:17	1	0	15	0
        116159	2026-05-04 07:36:16	1	0	15	0
        116263	2026-05-04 07:36:27	1	0	15	0
        118398	2026-05-04 07:36:32	1	0	15	0
        116622	2026-05-04 07:36:40	1	0	1	0
        117518	2026-05-04 07:38:07	1	0	15	0
        118585	2026-05-04 07:40:54	1	0	15	0
        110361	2026-05-04 07:41:18	1	0	15	0
        117273	2026-05-04 07:41:25	1	0	15	0
        116790	2026-05-04 07:44:54	1	0	15	0
        110426	2026-05-04 07:46:04	1	0	15	0
        119117	2026-05-04 07:47:36	1	0	1	0
        117398	2026-05-04 07:59:52	1	0	15	0
        116476	2026-05-04 08:00:22	1	0	15	0
        110362	2026-05-04 08:00:27	1	0	15	0
        110429	2026-05-04 08:00:32	1	0	15	0
        110646	2026-05-04 08:01:37	1	0	15	0
        117687	2026-05-04 08:03:38	1	0	15	0
        116829	2026-05-04 08:15:39	1	0	15	0
        118729	2026-05-04 08:26:29	1	0	15	0
        118801	2026-05-04 08:42:35	1	0	15	0
        117274	2026-05-04 08:59:12	1	0	15	0
        110064	2026-05-04 12:00:59	1	2	15	0
        110362	2026-05-04 12:01:12	1	2	15	0
        110361	2026-05-04 12:01:15	1	2	15	0
        110641	2026-05-04 12:01:19	1	2	15	0
        110454	2026-05-04 12:01:37	1	2	15	0
        117398	2026-05-04 12:01:42	1	2	15	0
        118398	2026-05-04 12:01:46	1	2	15	0
        110477	2026-05-04 12:01:51	1	2	15	0
        116953	2026-05-04 12:01:56	1	2	15	0
        116790	2026-05-04 12:02:04	1	2	15	0
        118301	2026-05-04 12:02:10	1	2	15	0
        117274	2026-05-04 12:02:19	1	2	15	0
        117451	2026-05-04 12:02:22	1	2	15	0
        116476	2026-05-04 12:02:54	1	2	15	0
        118760	2026-05-04 12:03:03	1	2	15	0
        116487	2026-05-04 12:03:06	1	2	15	0
        116442	2026-05-04 12:03:11	1	2	15	0
        119117	2026-05-04 12:03:41	1	2	1	0
        118398	2026-05-04 12:04:12	1	2	15	0
        116152	2026-05-04 12:04:28	1	2	15	0
        116509	2026-05-04 12:04:48	1	2	15	0
        116007	2026-05-04 12:04:52	1	2	1	0
        116192	2026-05-04 12:04:58	1	2	15	0
        117090	2026-05-04 12:05:04	1	2	15	0
        117185	2026-05-04 12:05:12	1	2	15	0
        117451	2026-05-04 12:05:19	1	2	15	0
        110064	2026-05-04 12:05:30	1	2	15	0
        117274	2026-05-04 12:05:33	1	2	15	0
        110426	2026-05-04 12:05:56	1	2	15	0
        110068	2026-05-04 12:06:02	1	2	1	0
        118548	2026-05-04 12:06:09	1	2	15	0
        116690	2026-05-04 12:06:19	1	2	15	0
        116622	2026-05-04 12:06:23	1	2	1	0
        116202	2026-05-04 12:06:30	1	2	15	0
        110362	2026-05-04 12:06:37	1	2	15	0
        110641	2026-05-04 12:06:42	1	2	15	0
        110361	2026-05-04 12:06:46	1	2	15	0
        116487	2026-05-04 12:06:56	1	2	15	0
        116434	2026-05-04 12:07:04	1	2	1	0
        116466	2026-05-04 12:07:13	1	2	1	0
        117977	2026-05-04 12:07:19	1	2	15	0
        119117	2026-05-04 12:07:23	1	2	1	0
        116152	2026-05-04 12:07:29	1	2	15	0
        116096	2026-05-04 12:07:37	1	2	15	0
        119206	2026-05-04 12:07:49	1	2	15	0
        118760	2026-05-04 12:07:56	1	2	15	0
        110531	2026-05-04 12:08:10	1	2	15	0
        110533	2026-05-04 12:08:17	1	2	15	0
        116192	2026-05-04 12:08:22	1	2	15	0
        117090	2026-05-04 12:08:25	1	2	15	0
        110542	2026-05-04 12:08:29	1	2	15	0
        110530	2026-05-04 12:08:35	1	2	15	0
        118301	2026-05-04 12:09:01	1	2	15	0
        119393	2026-05-04 12:09:06	1	2	15	0
        119443	2026-05-04 12:09:11	1	2	15	0
        116263	2026-05-04 12:09:15	1	2	15	0
        110068	2026-05-04 12:09:19	1	2	1	0
        117687	2026-05-04 12:09:26	1	2	15	0
        116096	2026-05-04 12:09:40	1	2	1	0
        118548	2026-05-04 12:09:46	1	2	15	0
        110477	2026-05-04 12:09:58	1	2	15	0
        116790	2026-05-04 12:10:02	1	2	15	0
        117977	2026-05-04 12:10:09	1	2	15	0
        116953	2026-05-04 12:10:33	1	2	15	0
        110794	2026-05-04 12:10:43	1	2	15	0
        118125	2026-05-04 12:11:36	1	2	15	0
        110806	2026-05-04 12:11:43	1	2	15	0
        116829	2026-05-04 12:11:52	1	2	1	0
        116825	2026-05-04 12:11:58	1	2	15	0
        119206	2026-05-04 12:12:02	1	2	15	0
        116844	2026-05-04 12:12:14	1	2	15	0
        119393	2026-05-04 12:12:32	1	2	15	0
        119443	2026-05-04 12:12:35	1	2	15	0
        116263	2026-05-04 12:12:38	1	2	15	0
        117656	2026-05-04 12:13:08	1	2	15	0
        116442	2026-05-04 12:13:17	1	0	15	0
        116524	2026-05-04 12:13:26	1	2	15	0
        110359	2026-05-04 12:14:02	1	2	15	0
        117273	2026-05-04 12:14:07	1	2	15	0
        116829	2026-05-04 12:14:13	1	2	15	0
        116825	2026-05-04 12:14:19	1	2	15	0
        118694	2026-05-04 12:14:33	1	2	15	0
        118729	2026-05-04 12:14:38	1	2	15	0
        117398	2026-05-04 12:14:43	1	2	15	0
        117687	2026-05-04 12:16:15	1	2	15	0
        110429	2026-05-04 12:16:20	1	2	15	0
        110461	2026-05-04 12:16:26	1	2	15	0
        110530	2026-05-04 12:16:43	1	2	15	0
        110533	2026-05-04 12:16:49	1	2	15	0
        110531	2026-05-04 12:16:56	1	2	15	0
        110542	2026-05-04 12:17:00	1	2	15	0
        116007	2026-05-04 12:17:04	1	2	1	0
        116509	2026-05-04 12:17:10	1	2	15	0
        110359	2026-05-04 12:17:25	1	2	15	0
        118125	2026-05-04 12:17:28	1	2	15	0
        110806	2026-05-04 12:17:35	1	2	15	0
        117185	2026-05-04 12:17:41	1	2	15	0
        117273	2026-05-04 12:17:56	1	2	15	0
        116524	2026-05-04 12:18:08	1	0	15	0
        116844	2026-05-04 12:18:21	1	0	15	0
        117656	2026-05-04 12:18:24	1	0	15	0
        116622	2026-05-04 12:18:31	1	0	1	0
        116202	2026-05-04 12:18:43	1	2	15	0
        110426	2026-05-04 12:19:01	1	2	15	0
        116690	2026-05-04 12:19:06	1	2	15	0
        116466	2026-05-04 12:20:04	1	2	1	0
        118729	2026-05-04 12:20:21	1	2	15	0
        118694	2026-05-04 12:20:27	1	2	15	0
        119406	2026-05-04 12:21:14	1	2	15	0
        119077	2026-05-04 12:22:29	1	2	15	0
        118509	2026-05-04 12:23:31	1	2	15	0
        116434	2026-05-04 12:23:45	1	2	1	0
        118801	2026-05-04 12:24:00	1	2	15	0
        116476	2026-05-04 12:26:07	1	2	15	0
        119077	2026-05-04 12:26:26	1	2	15	0
        118509	2026-05-04 12:26:37	1	2	15	0
        110461	2026-05-04 12:29:11	1	2	15	0
        119406	2026-05-04 12:29:31	1	2	15	0
        110794	2026-05-04 12:29:52	1	2	15	0
        116159	2026-05-04 12:30:14	1	2	15	0
        110646	2026-05-04 12:30:40	1	2	15	0
        117267	2026-05-04 12:31:01	1	2	15	0
        116735	2026-05-04 12:31:05	1	2	15	0
        110045	2026-05-04 12:32:49	1	3	15	0
        110472	2026-05-04 12:33:24	1	3	15	0
        116511	2026-05-04 12:33:37	1	3	15	0
        110115	2026-05-04 12:33:54	1	3	15	0
        110534	2026-05-04 12:35:42	1	3	15	0
        116159	2026-05-04 12:36:18	1	3	15	0
        110472	2026-05-04 12:37:22	1	3	15	0
        116735	2026-05-04 12:37:40	1	3	15	0
        117267	2026-05-04 12:37:45	1	3	15	0
        110646	2026-05-04 12:37:56	1	3	15	0
        110429	2026-05-04 12:38:35	1	3	15	0
        116712	2026-05-04 12:39:42	1	3	15	0
        110045	2026-05-04 12:39:48	1	3	15	0
        118146	2026-05-04 12:42:50	1	3	15	0
        110115	2026-05-04 12:43:00	1	3	15	0
        116712	2026-05-04 12:43:12	1	3	15	0
        118143	2026-05-04 12:43:40	1	3	15	0
        119376	2026-05-04 12:44:04	1	3	15	0
        119376	2026-05-04 12:46:32	1	3	15	0
        110124	2026-05-04 12:46:54	1	3	1	0
        118146	2026-05-04 12:47:21	1	3	15	0
        118143	2026-05-04 12:47:25	1	3	15	0
        116511	2026-05-04 12:49:27	1	3	15	0
        117518	2026-05-04 12:50:57	1	3	15	0
        110534	2026-05-04 12:52:38	1	3	15	0
        118801	2026-05-04 12:54:02	1	3	15	0
        118585	2026-05-04 12:54:19	1	3	15	0
        117518	2026-05-04 12:54:25	1	3	15	0
        110124	2026-05-04 12:54:40	1	3	15	0
        118585	2026-05-04 12:56:22	1	3	15	0
        118729	2026-05-04 16:52:18	1	1	15	0
        117398	2026-05-04 17:13:29	1	1	15	0
        116476	2026-05-04 17:13:46	1	1	15	0
        118509	2026-05-04 18:00:12	1	1	15	0
        110045	2026-05-04 18:00:56	1	1	15	0
        116690	2026-05-04 18:01:02	1	1	15	0
        110359	2026-05-04 18:01:14	1	1	15	0
        119206	2026-05-04 18:01:43	1	1	15	0
        110477	2026-05-04 18:01:51	1	1	15	0
        119077	2026-05-04 18:02:48	1	1	15	0
        110542	2026-05-04 18:03:08	1	1	15	0
        117656	2026-05-04 18:03:13	1	1	15	0
        116509	2026-05-04 18:03:21	1	1	15	0
        116442	2026-05-04 18:03:27	1	1	15	0
        110472	2026-05-04 18:04:08	1	1	15	0
        110641	2026-05-04 18:04:36	1	1	15	0
        118760	2026-05-04 18:04:46	1	1	15	0
        116466	2026-05-04 18:04:53	1	1	1	0
        117185	2026-05-04 18:04:59	1	1	15	0
        110361	2026-05-04 18:05:05	1	1	15	0
        118125	2026-05-04 18:05:19	1	1	15	0
        116434	2026-05-04 18:05:31	1	1	1	0
        118301	2026-05-04 18:05:48	1	1	15	0
        116825	2026-05-04 18:06:23	1	1	15	0
        110533	2026-05-04 18:06:38	1	1	15	0
        118694	2026-05-04 18:07:04	1	1	15	0
        117267	2026-05-04 18:07:09	1	1	15	0
        116953	2026-05-04 18:07:14	1	1	15	0
        118146	2026-05-04 18:07:54	1	1	15	0
        116007	2026-05-04 18:10:24	1	1	1	0
        110115	2026-05-04 18:13:41	1	1	15	0
        119393	2026-05-04 18:14:38	1	1	15	0
        117451	2026-05-04 18:14:43	1	1	15	0
        116096	2026-05-04 18:15:11	1	1	1	0
        118143	2026-05-04 18:16:55	1	1	15	0
        118548	2026-05-04 18:17:34	1	1	15	0
        117090	2026-05-04 18:18:31	1	1	15	0
        116192	2026-05-04 18:18:34	1	1	15	0
        110534	2026-05-04 18:19:05	1	1	15	0
        116735	2026-05-04 18:23:05	1	1	15	0
        110806	2026-05-04 18:23:11	1	1	15	0
        116712	2026-05-04 18:27:11	1	1	15	0
        117977	2026-05-04 18:27:30	1	1	15	0
        116152	2026-05-04 18:30:09	1	1	15	0
        110068	2026-05-04 18:30:13	1	1	1	0
        110531	2026-05-04 18:31:03	1	1	15	0
        116524	2026-05-04 18:34:11	1	1	15	0
        116844	2026-05-04 18:34:28	1	1	15	0
        119376	2026-05-04 18:37:56	1	1	15	0
        116487	2026-05-04 18:38:05	1	1	15	0
        116202	2026-05-04 18:38:13	1	1	15	0
        110530	2026-05-04 18:38:19	1	1	15	0
        117518	2026-05-04 18:39:07	1	1	15	0
        117273	2026-05-04 18:40:10	1	1	15	0
        119443	2026-05-04 18:40:59	1	1	15	0
        116622	2026-05-04 18:41:05	1	1	1	0
        110426	2026-05-04 18:46:17	1	1	15	0
        118398	2026-05-04 18:50:37	1	1	15	0
        116263	2026-05-04 18:50:42	1	1	15	0
        119117	2026-05-04 18:53:20	1	1	15	0
        116159	2026-05-04 18:53:52	1	1	15	0
        119406	2026-05-04 18:59:30	1	1	15	0
        118801	2026-05-04 19:00:04	1	1	15	0
        110362	2026-05-04 19:00:13	1	1	15	0
        110429	2026-05-04 19:00:18	1	1	15	0
        110646	2026-05-04 19:00:30	1	1	15	0
        110461	2026-05-04 19:04:54	1	1	15	0
        116511	2026-05-04 19:06:17	1	1	15	0
        110124	2026-05-04 19:06:24	1	1	15	0
        110064	2026-05-04 19:06:34	1	1	15	0
        116790	2026-05-04 19:07:44	1	1	15	0
        116829	2026-05-04 19:12:30	1	1	1	0
        117274	2026-05-04 19:13:58	1	1	15	0
        118585	2026-05-04 19:18:09	1	1	15	0
        110794	2026-05-04 19:19:04	1	1	15	0
        117687	2026-05-04 19:19:40	1	1	15	0
        117451	2026-05-05 06:08:30	1	0	15	0
        118146	2026-05-05 06:18:10	1	0	15	0
        117185	2026-05-05 06:33:47	1	0	15	0
        110454	2026-05-05 06:35:24	1	0	15	0
        118125	2026-05-05 06:37:29	1	0	15	0
        118160	2026-05-05 06:38:46	1	0	15	0
        118548	2026-05-05 06:38:51	1	0	15	0
        118298	2026-05-05 06:41:30	1	0	1	0
        110068	2026-05-05 06:42:34	1	0	1	0
        110472	2026-05-05 06:44:14	1	0	15	0
        110794	2026-05-05 06:44:31	1	0	15	0
        117090	2026-05-05 06:45:50	1	0	15	0
        116509	2026-05-05 06:45:58	1	0	15	0
        116690	2026-05-05 06:46:26	1	0	15	0
        116442	2026-05-05 06:47:00	1	0	15	0
        117656	2026-05-05 06:48:09	1	0	15	0
        110542	2026-05-05 06:48:41	1	0	15	0
        119406	2026-05-05 06:48:58	1	0	15	0
        117273	2026-05-05 06:50:25	1	0	15	0
        110115	2026-05-05 06:51:04	1	0	15	0
        117239	2026-05-05 06:51:20	1	0	15	0
        116434	2026-05-05 06:52:44	1	0	1	0
        118729	2026-05-05 06:52:49	1	0	15	0
        116159	2026-05-05 06:52:55	1	0	15	0
        119393	2026-05-05 06:53:14	1	0	15	0
        110362	2026-05-05 06:53:35	1	0	15	0
        119117	2026-05-05 06:53:55	1	0	1	0
        110359	2026-05-05 06:57:19	1	0	15	0
        110641	2026-05-05 06:57:23	1	0	15	0
        119206	2026-05-05 07:01:12	1	0	15	0
        116825	2026-05-05 07:02:44	1	0	15	0
        119077	2026-05-05 07:04:10	1	0	15	0
        118143	2026-05-05 07:05:38	1	0	15	0
        116844	2026-05-05 07:06:50	1	0	15	0
        110064	2026-05-05 07:07:33	1	0	15	0
        117267	2026-05-05 07:08:02	1	0	15	0
        118694	2026-05-05 07:10:35	1	0	15	0
        110188	2026-05-05 07:15:02	1	0	15	0
        116192	2026-05-05 07:15:25	1	0	15	0
        110429	2026-05-05 07:15:34	1	0	15	0
        110806	2026-05-05 07:16:29	1	0	15	0
        116202	2026-05-05 07:17:50	1	0	15	0
        117977	2026-05-05 07:19:28	1	0	15	0
        110533	2026-05-05 07:19:59	1	0	15	0
        116487	2026-05-05 07:21:58	1	0	15	0
        116712	2026-05-05 07:22:30	1	0	15	0
        116263	2026-05-05 07:23:11	1	0	15	0
        116152	2026-05-05 07:23:48	1	0	15	0
        116096	2026-05-05 07:27:10	1	0	15	0
        116622	2026-05-05 07:29:26	1	0	1	0
        110361	2026-05-05 07:29:35	1	0	15	0
        116735	2026-05-05 07:31:13	1	0	15	0
        110426	2026-05-05 07:33:09	1	0	15	0
        119443	2026-05-05 07:34:20	1	0	15	0
        110531	2026-05-05 07:35:57	1	0	15	0
        116524	2026-05-05 07:36:41	1	0	15	0
        118801	2026-05-05 07:36:46	1	0	15	0
        110534	2026-05-05 07:37:05	1	0	15	0
        110646	2026-05-05 07:37:57	1	0	15	0
        110461	2026-05-05 07:39:04	1	0	15	0
        118398	2026-05-05 07:40:12	1	0	15	0
        116476	2026-05-05 07:43:37	1	0	15	0
        119392	2026-05-05 07:43:42	1	0	15	0
        110543	2026-05-05 07:44:28	1	0	15	0
        119376	2026-05-05 07:47:57	1	0	15	0
        110530	2026-05-05 07:50:49	1	0	15	0
        117274	2026-05-05 07:53:34	1	0	15	0
        116007	2026-05-05 07:54:40	1	0	1	0
        118585	2026-05-05 07:54:50	1	0	15	0
        116511	2026-05-05 07:55:46	1	0	15	0
        117518	2026-05-05 07:56:27	1	0	15	0
        117398	2026-05-05 08:24:01	1	0	15	0
        117687	2026-05-05 08:41:19	1	0	15	0
        116829	2026-05-05 09:00:10	1	0	15	0
        116825	2026-05-05 12:00:07	1	0	15	0
        118146	2026-05-05 12:00:13	1	0	15	0
        116096	2026-05-05 12:00:18	1	0	15	0
        116434	2026-05-05 12:00:24	1	0	1	0
        118298	2026-05-05 12:00:28	1	0	1	0
        117185	2026-05-05 12:00:34	1	2	15	0
        117656	2026-05-05 12:00:42	1	2	15	0
        110188	2026-05-05 12:00:46	1	2	15	0
        110068	2026-05-05 12:00:50	1	2	1	0
        118548	2026-05-05 12:00:56	1	2	15	0
        119376	2026-05-05 12:01:04	1	2	15	0
        117274	2026-05-05 12:01:10	1	2	15	0
        119077	2026-05-05 12:01:14	1	2	15	0
        110361	2026-05-05 12:01:22	1	2	15	0
        116509	2026-05-05 12:01:25	1	2	15	0
        118801	2026-05-05 12:01:31	1	2	15	0
        119117	2026-05-05 12:01:33	1	2	1	0
        116442	2026-05-05 12:01:40	1	2	15	0
        116487	2026-05-05 12:01:44	1	2	15	0
        110362	2026-05-05 12:01:54	1	2	15	0
        117398	2026-05-05 12:01:59	1	2	15	0
        110641	2026-05-05 12:02:04	1	2	15	0
        116192	2026-05-05 12:02:09	1	2	15	0
        117090	2026-05-05 12:02:17	1	2	15	0
        118160	2026-05-05 12:02:24	1	2	15	0
        118398	2026-05-05 12:02:29	1	2	15	0
        118125	2026-05-05 12:02:45	1	2	15	0
        117977	2026-05-05 12:03:04	1	2	15	0
        110794	2026-05-05 12:03:26	1	2	15	0
        116096	2026-05-05 12:03:58	1	2	1	0
        118694	2026-05-05 12:04:04	1	2	15	0
        116476	2026-05-05 12:04:22	1	2	15	0
        110188	2026-05-05 12:04:34	1	2	15	0
        117656	2026-05-05 12:04:38	1	2	15	0
        119406	2026-05-05 12:04:43	1	2	15	0
        116829	2026-05-05 12:04:48	1	2	15	0
        116070	2026-05-05 12:04:58	1	2	15	0
        117398	2026-05-05 12:05:22	1	2	15	0
        118160	2026-05-05 12:05:28	1	2	15	0
        110068	2026-05-05 12:05:33	1	2	1	0
        116825	2026-05-05 12:05:40	1	2	15	0
        118548	2026-05-05 12:05:44	1	2	15	0
        119117	2026-05-05 12:05:57	1	2	1	0
        119376	2026-05-05 12:06:03	1	2	15	0
        116192	2026-05-05 12:06:11	1	2	15	0
        117090	2026-05-05 12:06:16	1	2	15	0
        117977	2026-05-05 12:06:23	1	2	15	0
        118398	2026-05-05 12:06:27	1	2	15	0
        116829	2026-05-05 12:06:45	1	2	15	0
        116070	2026-05-05 12:06:54	1	2	15	0
        117687	2026-05-05 12:07:06	1	2	15	0
        118125	2026-05-05 12:07:14	1	2	15	0
        118694	2026-05-05 12:07:23	1	2	15	0
        116152	2026-05-05 12:07:36	1	2	15	0
        110361	2026-05-05 12:07:46	1	2	15	0
        110641	2026-05-05 12:07:53	1	2	15	0
        110362	2026-05-05 12:08:18	1	2	15	0
        110359	2026-05-05 12:08:23	1	2	15	0
        117273	2026-05-05 12:08:28	1	2	15	0
        117274	2026-05-05 12:08:44	1	2	15	0
        116690	2026-05-05 12:09:07	1	2	15	0
        110426	2026-05-05 12:09:28	1	2	15	0
        116622	2026-05-05 12:09:32	1	2	1	0
        119406	2026-05-05 12:09:38	1	2	15	0
        116202	2026-05-05 12:09:44	1	2	15	0
        117687	2026-05-05 12:10:46	1	2	15	0
        110542	2026-05-05 12:10:57	1	2	15	0
        110530	2026-05-05 12:11:04	1	2	15	0
        110531	2026-05-05 12:11:09	1	2	15	0
        110533	2026-05-05 12:11:15	1	2	15	0
        116152	2026-05-05 12:11:25	1	2	15	0
        116487	2026-05-05 12:11:31	1	2	15	0
        116007	2026-05-05 12:11:44	1	2	1	0
        118729	2026-05-05 12:12:16	1	2	15	0
        119206	2026-05-05 12:12:29	1	2	15	0
        119077	2026-05-05 12:12:33	1	2	15	0
        117273	2026-05-05 12:12:42	1	2	15	0
        116202	2026-05-05 12:13:04	1	2	15	0
        116622	2026-05-05 12:13:08	1	2	1	0
        116690	2026-05-05 12:13:15	1	2	15	0
        110426	2026-05-05 12:13:23	1	2	15	0
        110359	2026-05-05 12:13:28	1	2	15	0
        110646	2026-05-05 12:13:35	1	2	15	0
        116511	2026-05-05 12:14:39	1	2	15	0
        119206	2026-05-05 12:15:25	1	2	15	0
        110806	2026-05-05 12:15:52	1	2	15	0
        110461	2026-05-05 12:15:59	1	2	15	0
        110542	2026-05-05 12:16:18	1	2	15	0
        110531	2026-05-05 12:16:24	1	2	15	0
        110530	2026-05-05 12:16:31	1	2	15	0
        110533	2026-05-05 12:16:41	1	2	15	0
        116442	2026-05-05 12:17:07	1	2	15	0
        116844	2026-05-05 12:20:25	1	2	15	0
        119393	2026-05-05 12:20:35	1	2	15	0
        116263	2026-05-05 12:20:39	1	2	15	0
        119443	2026-05-05 12:20:43	1	2	15	0
        116735	2026-05-05 12:22:02	1	2	15	0
        117267	2026-05-05 12:22:07	1	2	15	0
        119392	2026-05-05 12:22:34	1	2	15	0
        116476	2026-05-05 12:23:15	1	2	15	0
        110794	2026-05-05 12:23:22	1	2	15	0
        110806	2026-05-05 12:24:50	1	2	15	0
        116712	2026-05-05 12:25:00	1	2	15	0
        110064	2026-05-05 12:25:21	1	2	15	0
        116007	2026-05-05 12:25:40	1	2	1	0
        110472	2026-05-05 12:25:50	1	2	15	0
        117239	2026-05-05 12:25:55	1	2	15	0
        116524	2026-05-05 12:26:05	1	2	15	0
        116263	2026-05-05 12:26:12	1	2	15	0
        119393	2026-05-05 12:26:16	1	2	15	0
        116844	2026-05-05 12:26:19	1	2	15	0
        119443	2026-05-05 12:26:24	1	2	15	0
        116735	2026-05-05 12:26:30	1	2	15	0
        117267	2026-05-05 12:26:34	1	2	15	0
        119392	2026-05-05 12:26:55	1	2	15	0
        118801	2026-05-05 12:28:15	1	2	15	0
        110429	2026-05-05 12:28:37	1	2	15	0
        117185	2026-05-05 12:29:11	1	2	15	0
        116509	2026-05-05 12:29:20	1	2	15	0
        116434	2026-05-05 12:29:25	1	2	1	0
        116159	2026-05-05 12:29:36	1	2	15	0
        118298	2026-05-05 12:29:40	1	2	1	0
        110064	2026-05-05 12:30:01	1	2	15	0
        117239	2026-05-05 12:33:55	1	3	15	0
        110472	2026-05-05 12:33:59	1	3	15	0
        116524	2026-05-05 12:34:13	1	3	15	0
        116159	2026-05-05 12:34:22	1	3	15	0
        116712	2026-05-05 12:35:53	1	3	15	0
        110115	2026-05-05 12:36:30	1	3	15	0
        110646	2026-05-05 12:36:57	1	3	15	0
        118143	2026-05-05 12:40:35	1	3	15	0
        117451	2026-05-05 12:41:08	1	3	15	0
        110429	2026-05-05 12:41:34	1	3	15	0
        118146	2026-05-05 12:42:44	1	3	15	0
        117451	2026-05-05 12:44:18	1	3	15	0
        110461	2026-05-05 12:44:27	1	3	15	0
        118143	2026-05-05 12:44:32	1	3	15	0
        117518	2026-05-05 12:47:29	1	3	15	0
        110115	2026-05-05 12:48:57	1	3	15	0
        110534	2026-05-05 12:49:01	1	3	15	0
        110454	2026-05-05 12:49:11	1	3	15	0
        110543	2026-05-05 12:49:17	1	3	15	0
        117518	2026-05-05 12:51:15	1	3	15	0
        110454	2026-05-05 12:53:06	1	3	15	0
        110534	2026-05-05 12:53:13	1	3	15	0
        110543	2026-05-05 12:53:18	1	3	15	0
        116511	2026-05-05 12:53:22	1	3	15	0
        118585	2026-05-05 12:54:27	1	3	15	0
        118585	2026-05-05 12:57:34	1	3	15	0
        117398	2026-05-05 17:20:28	1	1	15	0
        118760	2026-05-05 18:00:38	1	1	15	0
        117239	2026-05-05 18:01:09	1	1	15	0
        116159	2026-05-05 18:01:13	1	1	15	0
        110361	2026-05-05 18:01:16	1	1	15	0
        116825	2026-05-05 18:01:20	1	1	15	0
        110472	2026-05-05 18:01:25	1	1	15	0
        110362	2026-05-05 18:01:29	1	1	15	0
        110641	2026-05-05 18:01:33	1	1	15	0
        110454	2026-05-05 18:01:37	1	1	15	0
        119206	2026-05-05 18:01:43	1	1	15	0
        110542	2026-05-05 18:01:56	1	1	15	0
        118160	2026-05-05 18:02:07	1	1	15	0
        116442	2026-05-05 18:02:16	1	1	15	0
        110359	2026-05-05 18:02:22	1	1	15	0
        116690	2026-05-05 18:02:41	1	1	15	0
        117273	2026-05-05 18:03:16	1	1	15	0
        118146	2026-05-05 18:03:42	1	1	15	0
        118548	2026-05-05 18:04:13	1	1	15	0
        116509	2026-05-05 18:04:40	1	1	15	0
        117185	2026-05-05 18:04:43	1	1	15	0
        110115	2026-05-05 18:05:14	1	1	15	0
        118125	2026-05-05 18:05:27	1	1	15	0
        119117	2026-05-05 18:06:14	1	1	1	0
        119393	2026-05-05 18:07:01	1	1	15	0
        119077	2026-05-05 18:09:18	1	1	15	0
        117451	2026-05-05 18:09:48	1	1	15	0
        117267	2026-05-05 18:11:57	1	1	15	0
        110064	2026-05-05 18:15:31	1	1	15	0
        110806	2026-05-05 18:16:01	1	1	15	0
        116192	2026-05-05 18:18:41	1	1	15	0
        117090	2026-05-05 18:18:48	1	1	15	0
        118298	2026-05-05 18:19:35	1	1	1	0
        117977	2026-05-05 18:21:59	1	1	15	0
        116712	2026-05-05 18:22:37	1	1	15	0
        117656	2026-05-05 18:23:00	1	1	15	0
        110188	2026-05-05 18:23:38	1	1	15	0
        116152	2026-05-05 18:23:50	1	1	15	0
        116487	2026-05-05 18:26:05	1	1	15	0
        118143	2026-05-05 18:27:06	1	1	15	0
        110068	2026-05-05 18:27:12	1	1	1	0
        116096	2026-05-05 18:27:18	1	1	15	0
        116622	2026-05-05 18:31:13	1	1	1	0
        116735	2026-05-05 18:31:43	1	1	15	0
        110794	2026-05-05 18:32:47	1	1	15	0
        110543	2026-05-05 18:33:54	1	1	15	0
        110534	2026-05-05 18:33:58	1	1	15	0
        110531	2026-05-05 18:35:13	1	1	15	0
        110646	2026-05-05 18:37:28	1	1	15	0
        119443	2026-05-05 18:39:07	1	1	15	0
        116434	2026-05-05 18:39:13	1	1	1	0
        118398	2026-05-05 18:41:05	1	1	15	0
        110426	2026-05-05 18:41:09	1	1	15	0
        116263	2026-05-05 18:41:16	1	1	15	0
        118801	2026-05-05 18:43:23	1	1	15	0
        110429	2026-05-05 18:43:45	1	1	15	0
        119392	2026-05-05 18:45:10	1	1	15	0
        116524	2026-05-05 18:45:25	1	1	15	0
        119376	2026-05-05 18:47:04	1	1	15	0
        110461	2026-05-05 18:48:58	1	1	15	0
        119406	2026-05-05 18:50:37	1	1	15	0
        110533	2026-05-05 18:50:43	1	1	15	0
        118729	2026-05-05 18:51:14	1	1	15	0
        118694	2026-05-05 18:51:16	1	1	15	0
        116202	2026-05-05 18:56:05	1	1	15	0
        110530	2026-05-05 18:56:09	1	1	15	0
        117518	2026-05-05 18:57:19	1	1	15	0
        116511	2026-05-05 19:00:20	1	1	15	0
        117274	2026-05-05 19:10:09	1	1	15	0
        116829	2026-05-05 19:10:16	1	1	1	0
        118585	2026-05-05 19:44:34	1	1	15	0
        119602	2026-05-05 20:10:02	1	1	15	0
        117687	2026-05-05 20:10:07	1	1	15	0
        118146	2026-05-06 06:16:02	1	0	15	0
        117656	2026-05-06 06:16:05	1	0	15	0
        117451	2026-05-06 06:20:43	1	0	15	0
        110068	2026-05-06 06:29:29	1	0	1	0
        117185	2026-05-06 06:34:09	1	0	15	0
        116690	2026-05-06 06:35:18	1	0	15	0
        116509	2026-05-06 06:44:49	1	0	15	0
        110362	2026-05-06 06:45:34	1	0	15	0
        110472	2026-05-06 06:46:12	1	0	15	0
        110794	2026-05-06 06:49:13	1	0	15	0
        116442	2026-05-06 06:49:25	1	0	15	0
        119406	2026-05-06 06:49:37	1	0	15	0
        116466	2026-05-06 06:51:26	1	0	1	0
        117090	2026-05-06 06:51:46	1	0	15	0
        119393	2026-05-06 06:53:25	1	0	15	0
        117267	2026-05-06 06:53:49	1	0	15	0
        110429	2026-05-06 06:54:23	1	0	15	0
        110542	2026-05-06 06:55:31	1	0	15	0
        110543	2026-05-06 06:55:37	1	0	15	0
        110641	2026-05-06 06:56:45	1	0	15	0
        116159	2026-05-06 07:00:03	1	0	15	0
        116825	2026-05-06 07:00:13	1	0	15	0
        118298	2026-05-06 07:00:39	1	0	15	0
        119117	2026-05-06 07:01:24	1	0	1	0
        118548	2026-05-06 07:02:24	1	0	15	0
        117977	2026-05-06 07:02:45	1	0	15	0
        119077	2026-05-06 07:03:54	1	0	15	0
        118143	2026-05-06 07:04:19	1	0	15	0
        110064	2026-05-06 07:05:32	1	0	15	0
        110454	2026-05-06 07:05:44	1	0	15	0
        118729	2026-05-06 07:10:09	1	0	15	0
        119206	2026-05-06 07:11:08	1	0	15	0
        110530	2026-05-06 07:14:01	1	0	15	0
        117239	2026-05-06 07:16:29	1	0	15	0
        118160	2026-05-06 07:16:39	1	0	15	0
        110188	2026-05-06 07:17:17	1	0	15	0
        116007	2026-05-06 07:17:24	1	0	1	0
        118801	2026-05-06 07:18:26	1	0	15	0
        110533	2026-05-06 07:18:29	1	0	15	0
        116844	2026-05-06 07:20:14	1	0	15	0
        118479	2026-05-06 07:20:55	1	0	15	0
        116202	2026-05-06 07:23:05	1	0	15	0
        110361	2026-05-06 07:23:11	1	0	15	0
        116192	2026-05-06 07:24:00	1	0	15	0
        110534	2026-05-06 07:24:09	1	0	15	0
        116152	2026-05-06 07:24:58	1	0	15	0
        110646	2026-05-06 07:30:31	1	0	15	0
        110359	2026-05-06 07:31:36	1	0	15	0
        116263	2026-05-06 07:31:53	1	0	15	0
        110531	2026-05-06 07:32:17	1	0	15	0
        116622	2026-05-06 07:32:22	1	0	1	0
        116712	2026-05-06 07:38:56	1	0	15	0
        110426	2026-05-06 07:39:05	1	0	15	0
        110806	2026-05-06 07:39:57	1	0	15	0
        119392	2026-05-06 07:40:02	1	0	15	0
        119443	2026-05-06 07:41:33	1	0	15	0
        116735	2026-05-06 07:42:00	1	0	15	0
        110115	2026-05-06 07:45:01	1	0	15	0
        118398	2026-05-06 07:45:18	1	0	15	0
        116524	2026-05-06 07:46:20	1	0	15	0
        116829	2026-05-06 07:46:25	1	0	15	0
        119376	2026-05-06 07:54:01	1	0	15	0
        116511	2026-05-06 07:57:32	1	0	15	0
        110461	2026-05-06 07:57:38	1	0	15	0
        116487	2026-05-06 07:59:32	1	0	15	0
        118585	2026-05-06 07:59:57	1	0	15	0
        116476	2026-05-06 08:15:54	1	0	15	0
        117398	2026-05-06 08:25:43	1	0	15	0
        117687	2026-05-06 08:31:11	1	0	15	0
        117274	2026-05-06 09:45:42	1	0	15	0
        116712	2026-05-06 11:58:55	1	0	15	0
        110362	2026-05-06 12:00:31	1	0	15	0
        110115	2026-05-06 12:00:35	1	0	15	0
        116509	2026-05-06 12:00:39	1	0	15	0
        117185	2026-05-06 12:00:43	1	0	15	0
        116466	2026-05-06 12:00:49	1	0	1	0
        118298	2026-05-06 12:00:53	1	0	1	0
        110641	2026-05-06 12:00:59	1	2	15	0
        119376	2026-05-06 12:01:28	1	2	15	0
        110361	2026-05-06 12:01:37	1	2	15	0
        119117	2026-05-06 12:01:51	1	2	1	0
        116442	2026-05-06 12:01:57	1	2	15	0
        118398	2026-05-06 12:02:29	1	2	15	0
        117090	2026-05-06 12:02:34	1	2	15	0
        116263	2026-05-06 12:02:38	1	2	15	0
        119443	2026-05-06 12:02:43	1	2	15	0
        118160	2026-05-06 12:02:55	1	2	15	0
        117398	2026-05-06 12:03:20	1	2	15	0
        110646	2026-05-06 12:03:49	1	2	15	0
        110068	2026-05-06 12:04:56	1	2	1	0
        119376	2026-05-06 12:05:08	1	2	15	0
        117977	2026-05-06 12:05:12	1	2	15	0
        110362	2026-05-06 12:05:17	1	2	15	0
        117274	2026-05-06 12:05:46	1	2	15	0
        110361	2026-05-06 12:05:53	1	2	15	0
        110641	2026-05-06 12:05:57	1	2	15	0
        117090	2026-05-06 12:06:04	1	2	15	0
        116829	2026-05-06 12:06:08	1	2	15	0
        118548	2026-05-06 12:06:11	1	2	15	0
        119443	2026-05-06 12:06:15	1	2	15	0
        116263	2026-05-06 12:06:18	1	2	15	0
        118398	2026-05-06 12:06:23	1	2	15	0
        119406	2026-05-06 12:06:32	1	2	15	0
        119117	2026-05-06 12:06:41	1	2	1	0
        118160	2026-05-06 12:06:49	1	2	15	0
        119206	2026-05-06 12:06:53	1	2	15	0
        116152	2026-05-06 12:07:35	1	2	15	0
        116829	2026-05-06 12:07:42	1	2	15	0
        110794	2026-05-06 12:07:48	1	2	15	0
        110531	2026-05-06 12:07:57	1	2	15	0
        118125	2026-05-06 12:08:06	1	2	15	0
        117274	2026-05-06 12:08:17	1	2	15	0
        110068	2026-05-06 12:08:24	1	2	1	0
        117977	2026-05-06 12:08:46	1	2	15	0
        116192	2026-05-06 12:09:09	1	2	15	0
        119406	2026-05-06 12:09:18	1	2	15	0
        117451	2026-05-06 12:10:03	1	2	15	0
        116152	2026-05-06 12:10:57	1	2	15	0
        116712	2026-05-06 12:11:02	1	2	15	0
        118548	2026-05-06 12:11:08	1	2	15	0
        110534	2026-05-06 12:11:16	1	2	15	0
        116825	2026-05-06 12:11:20	1	2	15	0
        118125	2026-05-06 12:11:27	1	2	15	0
        119206	2026-05-06 12:11:32	1	2	15	0
        116622	2026-05-06 12:11:42	1	2	1	0
        116690	2026-05-06 12:11:48	1	2	15	0
        110426	2026-05-06 12:11:54	1	2	15	0
        116007	2026-05-06 12:12:19	1	2	1	0
        116442	2026-05-06 12:12:46	1	2	15	0
        116487	2026-05-06 12:13:34	1	2	15	0
        110531	2026-05-06 12:13:47	1	2	15	0
        117451	2026-05-06 12:13:52	1	2	15	0
        110806	2026-05-06 12:15:07	1	2	15	0
        110646	2026-05-06 12:15:12	1	2	15	0
        116844	2026-05-06 12:15:52	1	2	15	0
        116690	2026-05-06 12:15:56	1	2	15	0
        110534	2026-05-06 12:16:01	1	2	15	0
        116622	2026-05-06 12:16:06	1	2	1	0
        116487	2026-05-06 12:16:20	1	2	15	0
        116825	2026-05-06 12:16:25	1	2	15	0
        110188	2026-05-06 12:16:32	1	2	15	0
        117656	2026-05-06 12:16:37	1	2	15	0
        110543	2026-05-06 12:18:24	1	2	15	0
        110454	2026-05-06 12:18:27	1	2	15	0
        116844	2026-05-06 12:19:00	1	2	15	0
        110429	2026-05-06 12:20:39	1	2	15	0
        118729	2026-05-06 12:20:54	1	2	15	0
        110188	2026-05-06 12:21:42	1	2	15	0
        117656	2026-05-06 12:21:45	1	2	15	0
        110461	2026-05-06 12:22:15	1	2	15	0
        118143	2026-05-06 12:22:41	1	2	15	0
        110454	2026-05-06 12:22:58	1	2	15	0
        110543	2026-05-06 12:23:02	1	2	15	0
        116476	2026-05-06 12:23:10	1	2	15	0
        119077	2026-05-06 12:23:24	1	2	15	0
        110359	2026-05-06 12:23:28	1	2	15	0
        117398	2026-05-06 12:23:36	1	2	15	0
        118801	2026-05-06 12:23:47	1	2	15	0
        116511	2026-05-06 12:23:53	1	2	15	0
        110806	2026-05-06 12:23:59	1	2	15	0
        116007	2026-05-06 12:24:03	1	2	1	0
        118143	2026-05-06 12:24:19	1	2	15	0
        119077	2026-05-06 12:25:26	1	2	15	0
        110794	2026-05-06 12:26:07	1	2	15	0
        110359	2026-05-06 12:26:13	1	2	15	0
        110064	2026-05-06 12:28:00	1	2	15	0
        110472	2026-05-06 12:28:52	1	2	15	0
        116524	2026-05-06 12:29:04	1	2	15	0
        116735	2026-05-06 12:29:17	1	2	15	0
        117267	2026-05-06 12:29:21	1	2	15	0
        117239	2026-05-06 12:29:43	1	2	15	0
        110426	2026-05-06 12:30:25	1	2	15	0
        116476	2026-05-06 12:33:04	1	3	15	0
        116735	2026-05-06 12:33:35	1	3	15	0
        117267	2026-05-06 12:33:39	1	3	15	0
        110064	2026-05-06 12:33:44	1	3	15	0
        116202	2026-05-06 12:33:49	1	3	15	0
        117239	2026-05-06 12:34:43	1	3	15	0
        110472	2026-05-06 12:34:50	1	3	15	0
        116524	2026-05-06 12:34:57	1	3	15	0
        110429	2026-05-06 12:36:14	1	3	15	0
        118146	2026-05-06 12:37:16	1	3	15	0
        117185	2026-05-06 12:38:10	1	3	15	0
        118298	2026-05-06 12:38:19	1	3	1	0
        116466	2026-05-06 12:38:25	1	3	1	0
        118801	2026-05-06 12:38:31	1	3	15	0
        110115	2026-05-06 12:38:40	1	3	15	0
        116509	2026-05-06 12:38:51	1	3	15	0
        110461	2026-05-06 12:39:40	1	3	15	0
        119392	2026-05-06 12:39:55	1	3	15	0
        116202	2026-05-06 12:40:01	1	3	15	0
        117687	2026-05-06 12:40:09	1	3	15	0
        110542	2026-05-06 12:40:28	1	3	15	0
        110530	2026-05-06 12:40:39	1	3	15	0
        119393	2026-05-06 12:41:19	1	3	15	0
        119392	2026-05-06 12:42:39	1	3	15	0
        117687	2026-05-06 12:43:05	1	3	15	0
        118146	2026-05-06 12:43:37	1	3	15	0
        117518	2026-05-06 12:45:15	1	3	15	0
        116511	2026-05-06 12:46:37	1	3	15	0
        110542	2026-05-06 12:46:44	1	3	15	0
        119393	2026-05-06 12:46:49	1	3	15	0
        110530	2026-05-06 12:46:56	1	3	15	0
        118729	2026-05-06 12:48:14	1	3	15	0
        118585	2026-05-06 12:56:28	1	3	15	0
        118585	2026-05-06 12:57:49	1	3	15	0
        116192	2026-05-06 13:00:36	1	3	15	0
        116466	2026-05-06 15:04:16	1	3	1	0
        110543	2026-05-06 17:01:19	1	1	15	0
        117518	2026-05-06 17:02:58	1	1	15	0
        117398	2026-05-06 17:38:10	1	1	15	0
        116476	2026-05-06 17:40:02	1	1	15	0
        116825	2026-05-06 18:00:22	1	1	15	0
        110454	2026-05-06 18:00:37	1	1	15	0
        117451	2026-05-06 18:00:42	1	1	15	0
        110361	2026-05-06 18:01:08	1	1	15	0
        110641	2026-05-06 18:01:23	1	1	15	0
        110362	2026-05-06 18:01:37	1	1	15	0
        116442	2026-05-06 18:02:11	1	1	15	0
        116690	2026-05-06 18:02:21	1	1	15	0
        110542	2026-05-06 18:03:09	1	1	15	0
        117090	2026-05-06 18:03:23	1	1	15	0
        118146	2026-05-06 18:03:54	1	1	15	0
        117185	2026-05-06 18:03:59	1	1	15	0
        117267	2026-05-06 18:04:05	1	1	15	0
        119077	2026-05-06 18:04:10	1	1	15	0
        119393	2026-05-06 18:06:30	1	1	15	0
        116509	2026-05-06 18:07:22	1	1	15	0
        117977	2026-05-06 18:07:42	1	1	15	0
        119117	2026-05-06 18:08:24	1	1	1	0
        118548	2026-05-06 18:09:25	1	1	15	0
        110472	2026-05-06 18:11:24	1	1	15	0
        110429	2026-05-06 18:11:47	1	1	15	0
        118298	2026-05-06 18:12:06	1	1	1	0
        117656	2026-05-06 18:12:44	1	1	15	0
        119206	2026-05-06 18:13:10	1	1	15	0
        117239	2026-05-06 18:14:42	1	1	15	0
        116159	2026-05-06 18:15:00	1	1	15	0
        118160	2026-05-06 18:15:15	1	1	15	0
        110530	2026-05-06 18:17:09	1	1	15	0
        110064	2026-05-06 18:17:45	1	1	15	0
        110794	2026-05-06 18:19:57	1	1	15	0
        116844	2026-05-06 18:22:45	1	1	15	0
        118801	2026-05-06 18:23:16	1	1	15	0
        110534	2026-05-06 18:24:05	1	1	15	0
        116192	2026-05-06 18:27:56	1	1	15	0
        116735	2026-05-06 18:30:22	1	1	15	0
        116202	2026-05-06 18:30:43	1	1	15	0
        110359	2026-05-06 18:31:11	1	1	15	0
        110531	2026-05-06 18:34:16	1	1	15	0
        119406	2026-05-06 18:36:13	1	1	15	0
        110188	2026-05-06 18:37:23	1	1	15	0
        118125	2026-05-06 18:38:23	1	1	15	0
        116524	2026-05-06 18:39:29	1	1	15	0
        116622	2026-05-06 18:39:37	1	1	1	0
        110806	2026-05-06 18:40:23	1	1	15	0
        119392	2026-05-06 18:41:55	1	1	15	0
        119443	2026-05-06 18:43:31	1	1	15	0
        116712	2026-05-06 18:45:51	1	1	15	0
        110426	2026-05-06 18:51:25	1	1	15	0
        118729	2026-05-06 18:53:43	1	1	15	0
        118398	2026-05-06 18:53:54	1	1	15	0
        116263	2026-05-06 18:53:57	1	1	15	0
        119376	2026-05-06 18:57:26	1	1	15	0
        110115	2026-05-06 18:59:48	1	1	15	0
        110646	2026-05-06 18:59:53	1	1	15	0
        116487	2026-05-06 19:00:13	1	1	15	0
        116511	2026-05-06 19:05:11	1	1	15	0
        110461	2026-05-06 19:05:17	1	1	15	0
        117274	2026-05-06 19:16:49	1	1	15	0
        116829	2026-05-06 19:16:55	1	1	15	0
        117687	2026-05-06 19:24:22	1	1	15	0
        118585	2026-05-06 20:04:26	1	1	15	0
        116007	2026-05-06 20:30:39	1	1	1	0
        116442	2026-05-07 06:17:39	1	0	15	0
        118146	2026-05-07 06:27:31	1	0	15	0
        117451	2026-05-07 06:29:10	1	0	15	0
        110542	2026-05-07 06:42:26	1	0	15	0
        110068	2026-05-07 06:43:06	1	0	1	0
        117656	2026-05-07 06:44:36	1	0	15	0
        110454	2026-05-07 06:45:28	1	0	15	0
        116690	2026-05-07 06:49:11	1	0	15	0
        117090	2026-05-07 06:49:23	1	0	15	0
        119406	2026-05-07 06:51:53	1	0	15	0
        110429	2026-05-07 06:53:42	1	0	15	0
        117185	2026-05-07 06:53:56	1	0	15	0
        110543	2026-05-07 06:55:10	1	0	15	0
        110641	2026-05-07 06:55:46	1	0	15	0
        119117	2026-05-07 06:57:21	1	0	1	0
        116622	2026-05-07 06:59:26	1	0	1	0
        118548	2026-05-07 07:00:09	1	0	15	0
        118143	2026-05-07 07:02:02	1	0	15	0
        116159	2026-05-07 07:02:07	1	0	15	0
        117977	2026-05-07 07:05:17	1	0	15	0
        110362	2026-05-07 07:05:30	1	0	15	0
        110115	2026-05-07 07:06:49	1	0	15	0
        117267	2026-05-07 07:07:08	1	0	15	0
        119206	2026-05-07 07:07:40	1	0	15	0
        110794	2026-05-07 07:09:03	1	0	15	0
        116434	2026-05-07 07:10:01	1	0	1	0
        118125	2026-05-07 07:10:28	1	0	15	0
        110472	2026-05-07 07:10:38	1	0	15	0
        116096	2026-05-07 07:10:44	1	0	15	0
        117239	2026-05-07 07:15:26	1	0	15	0
        119393	2026-05-07 07:15:55	1	0	15	0
        119077	2026-05-07 07:15:59	1	0	15	0
        116825	2026-05-07 07:17:43	1	0	15	0
        118801	2026-05-07 07:17:57	1	0	15	0
        118585	2026-05-07 07:18:03	1	0	15	0
        116202	2026-05-07 07:19:23	1	0	15	0
        118298	2026-05-07 07:21:08	1	0	15	0
        116524	2026-05-07 07:21:44	1	0	15	0
        117273	2026-05-07 07:23:05	1	0	15	0
        116844	2026-05-07 07:25:23	1	0	15	0
        110530	2026-05-07 07:25:36	1	0	15	0
        110646	2026-05-07 07:26:25	1	0	15	0
        118160	2026-05-07 07:26:34	1	0	15	0
        110361	2026-05-07 07:27:41	1	0	15	0
        116712	2026-05-07 07:29:06	1	0	15	0
        116192	2026-05-07 07:31:04	1	0	15	0
        110531	2026-05-07 07:31:39	1	0	15	0
        116735	2026-05-07 07:32:09	1	0	15	0
        116152	2026-05-07 07:32:15	1	0	15	0
        110806	2026-05-07 07:35:35	1	0	15	0
        110534	2026-05-07 07:38:32	1	0	15	0
        110188	2026-05-07 07:38:47	1	0	15	0
        118398	2026-05-07 07:40:06	1	0	15	0
        110064	2026-05-07 07:41:09	1	0	15	0
        119392	2026-05-07 07:43:25	1	0	15	0
        116263	2026-05-07 07:46:32	1	0	15	0
        110124	2026-05-07 07:49:35	1	0	15	0
        116487	2026-05-07 07:50:57	1	0	15	0
        116007	2026-05-07 07:52:38	1	0	1	0
        119376	2026-05-07 07:52:56	1	0	15	0
        119443	2026-05-07 07:55:30	1	0	15	0
        110359	2026-05-07 07:55:44	1	0	15	0
        116511	2026-05-07 07:59:38	1	0	15	0
        110461	2026-05-07 08:00:13	1	0	15	0
        116476	2026-05-07 08:16:42	1	0	15	0
        117687	2026-05-07 08:26:05	1	0	15	0
        117398	2026-05-07 08:41:24	1	0	15	0
        116829	2026-05-07 08:46:07	1	0	15	0
        117274	2026-05-07 08:51:22	1	0	15	0
        116263	2026-05-07 12:00:05	1	0	15	0
        119376	2026-05-07 12:00:09	1	0	15	0
        116096	2026-05-07 12:00:14	1	0	15	0
        119206	2026-05-07 12:00:17	1	0	15	0
        119443	2026-05-07 12:00:22	1	0	15	0
        119393	2026-05-07 12:00:25	1	0	15	0
        110362	2026-05-07 12:00:44	1	0	15	0
        116434	2026-05-07 12:00:52	1	0	1	0
        117185	2026-05-07 12:01:03	1	2	15	0
        118298	2026-05-07 12:01:08	1	2	1	0
        110361	2026-05-07 12:01:14	1	2	15	0
        118585	2026-05-07 12:01:30	1	2	15	0
        110454	2026-05-07 12:01:56	1	2	15	0
        110543	2026-05-07 12:02:01	1	2	15	0
        110534	2026-05-07 12:02:07	1	2	15	0
        116442	2026-05-07 12:02:30	1	2	15	0
        118398	2026-05-07 12:02:33	1	2	15	0
        117090	2026-05-07 12:02:37	1	2	15	0
        117239	2026-05-07 12:02:54	1	2	15	0
        116192	2026-05-07 12:03:03	1	2	15	0
        118585	2026-05-07 12:03:10	1	2	15	0
        119376	2026-05-07 12:03:14	1	2	15	0
        116096	2026-05-07 12:03:18	1	2	15	0
        119206	2026-05-07 12:03:23	1	2	15	0
        118801	2026-05-07 12:05:04	1	2	15	0
        110188	2026-05-07 12:05:24	1	2	15	0
        117656	2026-05-07 12:05:29	1	2	15	0
        110362	2026-05-07 12:06:07	1	2	15	0
        110115	2026-05-07 12:06:27	1	2	15	0
        110531	2026-05-07 12:06:32	1	2	15	0
        110361	2026-05-07 12:07:03	1	2	15	0
        116192	2026-05-07 12:07:08	1	2	15	0
        119443	2026-05-07 12:07:14	1	2	15	0
        119393	2026-05-07 12:07:17	1	2	15	0
        116263	2026-05-07 12:07:20	1	2	15	0
        117090	2026-05-07 12:07:23	1	2	15	0
        118398	2026-05-07 12:07:27	1	2	15	0
        116712	2026-05-07 12:07:32	1	2	15	0
        116202	2026-05-07 12:07:37	1	2	15	0
        116690	2026-05-07 12:07:42	1	2	15	0
        116622	2026-05-07 12:07:49	1	2	1	0
        110646	2026-05-07 12:07:55	1	2	15	0
        116152	2026-05-07 12:08:00	1	2	15	0
        117239	2026-05-07 12:08:07	1	2	15	0
        117656	2026-05-07 12:08:45	1	2	15	0
        110188	2026-05-07 12:08:49	1	2	15	0
        110641	2026-05-07 12:08:55	1	2	15	0
        118160	2026-05-07 12:09:46	1	2	15	0
        116712	2026-05-07 12:09:55	1	2	15	0
        118801	2026-05-07 12:10:14	1	2	15	0
        116152	2026-05-07 12:10:21	1	2	15	0
        119406	2026-05-07 12:10:53	1	2	15	0
        116690	2026-05-07 12:11:00	1	2	15	0
        116622	2026-05-07 12:11:05	1	2	1	0
        110531	2026-05-07 12:11:11	1	2	15	0
        110530	2026-05-07 12:12:02	1	2	15	0
        118160	2026-05-07 12:12:14	1	2	15	0
        116007	2026-05-07 12:12:47	1	2	1	0
        117977	2026-05-07 12:13:06	1	2	15	0
        117274	2026-05-07 12:13:12	1	2	15	0
        116829	2026-05-07 12:13:18	1	2	15	0
        110646	2026-05-07 12:13:23	1	2	15	0
        110064	2026-05-07 12:13:31	1	2	15	0
        110641	2026-05-07 12:13:42	1	2	15	0
        116825	2026-05-07 12:13:46	1	2	15	0
        119406	2026-05-07 12:14:02	1	2	15	0
        110542	2026-05-07 12:14:07	1	2	15	0
        110426	2026-05-07 12:14:11	1	2	15	0
        116829	2026-05-07 12:14:45	1	2	15	0
        110806	2026-05-07 12:15:05	1	2	15	0
        116007	2026-05-07 12:15:09	1	2	1	0
        117451	2026-05-07 12:15:34	1	2	15	0
        110794	2026-05-07 12:15:40	1	2	15	0
        119077	2026-05-07 12:15:50	1	2	15	0
        117274	2026-05-07 12:16:16	1	2	15	0
        117977	2026-05-07 12:16:20	1	2	15	0
        110115	2026-05-07 12:16:27	1	2	15	0
        116442	2026-05-07 12:16:32	1	2	15	0
        116825	2026-05-07 12:17:27	1	2	15	0
        110064	2026-05-07 12:18:58	1	2	15	0
        110530	2026-05-07 12:19:38	1	2	15	0
        110542	2026-05-07 12:19:42	1	2	15	0
        110454	2026-05-07 12:19:47	1	2	15	0
        110543	2026-05-07 12:19:51	1	2	15	0
        110359	2026-05-07 12:20:22	1	2	15	0
        117273	2026-05-07 12:20:27	1	2	15	0
        110429	2026-05-07 12:20:53	1	2	15	0
        110461	2026-05-07 12:21:13	1	2	15	0
        117451	2026-05-07 12:21:18	1	2	15	0
        116511	2026-05-07 12:21:23	1	2	15	0
        110124	2026-05-07 12:21:30	1	2	1	0
        116476	2026-05-07 12:22:18	1	2	15	0
        110359	2026-05-07 12:23:13	1	2	15	0
        119077	2026-05-07 12:23:23	1	2	15	0
        116487	2026-05-07 12:23:36	1	2	15	0
        116735	2026-05-07 12:24:15	1	2	15	0
        118548	2026-05-07 12:24:26	1	2	15	0
        119117	2026-05-07 12:24:36	1	2	1	0
        110068	2026-05-07 12:24:41	1	2	1	0
        116524	2026-05-07 12:24:55	1	2	15	0
        116844	2026-05-07 12:25:14	1	2	15	0
        110124	2026-05-07 12:27:14	1	2	15	0
        119117	2026-05-07 12:27:22	1	2	1	0
        116844	2026-05-07 12:28:20	1	2	15	0
        116524	2026-05-07 12:28:52	1	0	15	0
        116735	2026-05-07 12:29:16	1	0	15	0
        110472	2026-05-07 12:29:30	1	0	15	0
        110068	2026-05-07 12:29:42	1	0	1	0
        116487	2026-05-07 12:29:48	1	2	15	0
        118548	2026-05-07 12:29:52	1	2	15	0
        110461	2026-05-07 12:30:09	1	2	15	0
        110806	2026-05-07 12:33:24	1	3	15	0
        118146	2026-05-07 12:34:13	1	3	15	0
        117185	2026-05-07 12:35:26	1	3	15	0
        116434	2026-05-07 12:35:31	1	3	1	0
        118298	2026-05-07 12:35:36	1	3	1	0
        110794	2026-05-07 12:37:14	1	3	15	0
        116159	2026-05-07 12:38:59	1	3	15	0
        110429	2026-05-07 12:39:47	1	3	15	0
        110472	2026-05-07 12:40:18	1	0	15	0
        118146	2026-05-07 12:41:11	1	3	15	0
        117398	2026-05-07 12:41:36	1	3	15	0
        116476	2026-05-07 12:43:17	1	3	15	0
        116159	2026-05-07 12:44:45	1	3	15	0
        117398	2026-05-07 12:45:19	1	3	15	0
        116511	2026-05-07 12:48:52	1	3	15	0
        118143	2026-05-07 12:49:23	1	3	15	0
        117267	2026-05-07 12:50:30	1	3	15	0
        118125	2026-05-07 12:50:42	1	3	15	0
        118143	2026-05-07 12:53:12	1	3	15	0
        119392	2026-05-07 12:53:30	1	3	15	0
        117518	2026-05-07 12:56:14	1	3	15	0
        118125	2026-05-07 12:56:38	1	3	15	0
        117267	2026-05-07 12:56:42	1	3	15	0
        119392	2026-05-07 12:57:03	1	3	15	0
        116202	2026-05-07 12:58:49	1	3	15	0
        117398	2026-05-07 17:13:06	1	1	15	0
        116476	2026-05-07 17:26:48	1	1	15	0
        110361	2026-05-07 17:59:56	1	1	15	0
        110543	2026-05-07 18:00:39	1	1	15	0
        110454	2026-05-07 18:00:43	1	1	15	0
        110542	2026-05-07 18:00:50	1	1	15	0
        110362	2026-05-07 18:00:54	1	1	15	0
        110641	2026-05-07 18:00:58	1	1	15	0
        110361	2026-05-07 18:01:03	1	1	15	0
        116442	2026-05-07 18:01:18	1	1	15	0
        118146	2026-05-07 18:03:00	1	1	15	0
        117185	2026-05-07 18:04:17	1	1	15	0
        116622	2026-05-07 18:05:07	1	1	1	0
        116690	2026-05-07 18:05:13	1	1	15	0
        110429	2026-05-07 18:05:27	1	1	15	0
        119117	2026-05-07 18:05:33	1	1	1	0
        117090	2026-05-07 18:05:39	1	1	15	0
        117451	2026-05-07 18:06:44	1	1	15	0
        119206	2026-05-07 18:07:48	1	1	15	0
        117977	2026-05-07 18:08:18	1	1	15	0
        110115	2026-05-07 18:11:44	1	1	15	0
        110472	2026-05-07 18:14:16	1	1	15	0
        116159	2026-05-07 18:14:20	1	1	15	0
        119406	2026-05-07 18:14:57	1	1	15	0
        117267	2026-05-07 18:15:04	1	1	15	0
        119077	2026-05-07 18:15:10	1	1	15	0
        117239	2026-05-07 18:16:00	1	1	15	0
        116434	2026-05-07 18:17:59	1	1	1	0
        118801	2026-05-07 18:18:05	1	1	15	0
        118548	2026-05-07 18:18:22	1	1	15	0
        116825	2026-05-07 18:20:14	1	1	15	0
        118298	2026-05-07 18:22:03	1	1	1	0
        119393	2026-05-07 18:24:11	1	1	15	0
        116524	2026-05-07 18:27:29	1	1	15	0
        117656	2026-05-07 18:27:47	1	1	15	0
        116735	2026-05-07 18:30:22	1	1	15	0
        110531	2026-05-07 18:32:03	1	1	15	0
        116192	2026-05-07 18:32:44	1	1	15	0
        118125	2026-05-07 18:33:36	1	1	15	0
        118160	2026-05-07 18:34:30	1	1	15	0
        110530	2026-05-07 18:34:49	1	1	15	0
        116202	2026-05-07 18:34:57	1	1	15	0
        116712	2026-05-07 18:35:08	1	1	15	0
        110806	2026-05-07 18:37:53	1	1	15	0
        110188	2026-05-07 18:40:27	1	1	15	0
        110064	2026-05-07 18:40:43	1	1	15	0
        116844	2026-05-07 18:44:20	1	1	15	0
        110794	2026-05-07 18:44:43	1	1	15	0
        116152	2026-05-07 18:46:29	1	1	15	0
        118143	2026-05-07 18:48:11	1	1	15	0
        116096	2026-05-07 18:49:53	1	1	15	0
        118398	2026-05-07 18:54:53	1	1	15	0
        110359	2026-05-07 18:55:06	1	1	15	0
        119443	2026-05-07 18:57:05	1	1	15	0
        116263	2026-05-07 18:57:18	1	1	15	0
        116487	2026-05-07 18:59:03	1	1	15	0
        119376	2026-05-07 18:59:11	1	1	15	0
        110426	2026-05-07 19:01:27	1	1	15	0
        117518	2026-05-07 19:01:33	1	1	15	0
        117687	2026-05-07 19:07:02	1	1	15	0
        116829	2026-05-07 19:15:11	1	1	1	0
        117274	2026-05-07 19:15:22	1	1	15	0
        118585	2026-05-07 19:50:23	1	1	15	0
        116007	2026-05-07 20:05:13	1	1	1	0
        116511	2026-05-07 20:32:49	1	1	15	0
        110124	2026-05-07 20:32:54	1	1	15	0
        116476	2026-05-08 08:23:56	1	0	15	0
        117398	2026-05-08 08:47:35	1	0	15	0
        117398	2026-05-08 12:00:56	1	2	15	0
        116476	2026-05-08 12:03:14	1	2	15	0
        117398	2026-05-08 12:04:04	1	2	15	0
        116476	2026-05-08 12:07:47	1	2	15	0
        116476	2026-05-08 16:59:29	1	1	15	0
        110429	2026-05-11 05:51:01	1	0	15	0
        118146	2026-05-11 06:04:07	1	0	15	0
        117451	2026-05-11 06:18:23	1	0	15	0
        118251	2026-05-11 06:26:05	1	0	1	0
        118326	2026-05-11 06:30:52	1	0	15	0
        110472	2026-05-11 06:33:27	1	0	15	0
        110045	2026-05-11 06:35:56	1	0	15	0
        116690	2026-05-11 06:37:40	1	0	15	0
        110534	2026-05-11 06:37:45	1	0	15	0
        116466	2026-05-11 06:40:04	1	0	1	0
        110542	2026-05-11 06:41:20	1	0	15	0
        110454	2026-05-11 06:42:20	1	0	15	0
        118160	2026-05-11 06:42:29	1	0	15	0
        110794	2026-05-11 06:42:43	1	0	15	0
        110068	2026-05-11 06:44:17	1	0	1	0
        116442	2026-05-11 06:47:24	1	0	15	0
        117090	2026-05-11 06:47:52	1	0	15	0
        119406	2026-05-11 06:50:34	1	0	15	0
        117185	2026-05-11 06:51:22	1	0	15	0
        116509	2026-05-11 06:53:09	1	0	15	0
        116007	2026-05-11 06:54:13	1	0	15	0
        118143	2026-05-11 06:54:22	1	0	15	0
        117656	2026-05-11 06:54:30	1	0	15	0
        110149	2026-05-11 06:55:24	1	0	15	0
        110362	2026-05-11 06:56:32	1	0	15	0
        116159	2026-05-11 06:56:37	1	0	15	0
        116202	2026-05-11 06:56:51	1	0	15	0
        117239	2026-05-11 06:57:40	1	0	15	0
        119393	2026-05-11 06:58:27	1	0	15	0
        118729	2026-05-11 07:02:09	1	0	15	0
        110641	2026-05-11 07:02:56	1	0	15	0
        119206	2026-05-11 07:03:15	1	0	15	0
        116434	2026-05-11 07:06:43	1	0	1	0
        119117	2026-05-11 07:08:28	1	0	1	0
        117267	2026-05-11 07:09:41	1	0	15	0
        110530	2026-05-11 07:10:39	1	0	15	0
        110361	2026-05-11 07:10:43	1	0	15	0
        116096	2026-05-11 07:11:13	1	0	1	0
        117273	2026-05-11 07:15:14	1	0	15	0
        116738	2026-05-11 07:18:29	1	0	15	0
        116192	2026-05-11 07:20:57	1	0	15	0
        116487	2026-05-11 07:25:40	1	0	15	0
        116825	2026-05-11 07:26:13	1	0	15	0
        110064	2026-05-11 07:29:31	1	0	15	0
        116152	2026-05-11 07:29:44	1	0	15	0
        110359	2026-05-11 07:31:49	1	0	15	0
        116622	2026-05-11 07:31:56	1	0	1	0
        117727	2026-05-11 07:32:21	1	0	15	0
        118694	2026-05-11 07:33:09	1	0	15	0
        110806	2026-05-11 07:34:00	1	0	15	0
        110531	2026-05-11 07:36:05	1	0	15	0
        116712	2026-05-11 07:38:27	1	0	15	0
        110426	2026-05-11 07:39:58	1	0	15	0
        116524	2026-05-11 07:43:35	1	0	15	0
        110188	2026-05-11 07:43:40	1	0	15	0
        119443	2026-05-11 07:45:37	1	0	15	0
        116735	2026-05-11 07:47:24	1	0	15	0
        119376	2026-05-11 07:47:29	1	0	15	0
        118083	2026-05-11 07:47:34	1	0	15	0
        110115	2026-05-11 07:50:52	1	0	15	0
        119392	2026-05-11 07:53:08	1	0	15	0
        118398	2026-05-11 07:55:59	1	0	15	0
        110533	2026-05-11 08:01:51	1	0	15	0
        116476	2026-05-11 08:03:17	1	0	15	0
        118585	2026-05-11 08:34:27	1	0	15	0
        119376	2026-05-11 12:00:23	1	2	15	0
        116487	2026-05-11 12:00:55	1	2	15	0
        118083	2026-05-11 12:00:59	1	2	15	0
        116511	2026-05-11 12:01:04	1	2	15	0
        117727	2026-05-11 12:01:08	1	2	15	0
        116509	2026-05-11 12:01:12	1	2	15	0
        117185	2026-05-11 12:01:16	1	2	15	0
        118160	2026-05-11 12:01:20	1	2	15	0
        116434	2026-05-11 12:01:25	1	2	1	0
        116712	2026-05-11 12:01:31	1	2	15	0
        116738	2026-05-11 12:01:36	1	2	15	0
        118326	2026-05-11 12:01:41	1	2	15	0
        110454	2026-05-11 12:02:22	1	2	15	0
        119117	2026-05-11 12:02:27	1	2	1	0
        110794	2026-05-11 12:02:33	1	2	15	0
        110359	2026-05-11 12:02:38	1	2	15	0
        119206	2026-05-11 12:02:53	1	2	15	0
        110149	2026-05-11 12:03:19	1	2	15	0
        118398	2026-05-11 12:03:28	1	2	15	0
        116442	2026-05-11 12:03:47	1	2	15	0
        116476	2026-05-11 12:04:04	1	2	15	0
        119376	2026-05-11 12:04:21	1	2	15	0
        116487	2026-05-11 12:04:25	1	2	15	0
        118160	2026-05-11 12:04:31	1	2	15	0
        118083	2026-05-11 12:04:41	1	2	15	0
        116192	2026-05-11 12:04:47	1	2	15	0
        117090	2026-05-11 12:04:50	1	2	15	0
        116007	2026-05-11 12:04:54	1	2	1	0
        118326	2026-05-11 12:05:04	1	2	15	0
        110359	2026-05-11 12:05:09	1	2	15	0
        110454	2026-05-11 12:05:14	1	2	15	0
        110188	2026-05-11 12:05:19	1	2	15	0
        117656	2026-05-11 12:05:23	1	2	15	0
        119117	2026-05-11 12:05:27	1	2	1	0
        118125	2026-05-11 12:05:36	1	2	15	0
        116712	2026-05-11 12:05:40	1	2	15	0
        110362	2026-05-11 12:05:47	1	2	15	0
        116466	2026-05-11 12:05:51	1	2	1	0
        116202	2026-05-11 12:06:03	1	2	15	0
        116690	2026-05-11 12:06:11	1	2	15	0
        110641	2026-05-11 12:06:18	1	2	15	0
        119206	2026-05-11 12:06:31	1	2	15	0
        110361	2026-05-11 12:06:49	1	2	15	0
        116152	2026-05-11 12:06:56	1	2	15	0
        117239	2026-05-11 12:07:17	1	2	15	0
        110472	2026-05-11 12:07:21	1	2	15	0
        116524	2026-05-11 12:07:29	1	2	15	0
        118398	2026-05-11 12:07:35	1	2	15	0
        116509	2026-05-11 12:07:43	1	2	15	0
        110068	2026-05-11 12:07:52	1	2	1	0
        116434	2026-05-11 12:07:59	1	2	1	0
        117185	2026-05-11 12:08:10	1	2	15	0
        117090	2026-05-11 12:08:29	1	2	15	0
        116192	2026-05-11 12:08:34	1	2	15	0
        118729	2026-05-11 12:08:43	1	2	15	0
        118694	2026-05-11 12:08:50	1	2	15	0
        110534	2026-05-11 12:09:00	1	2	15	0
        110149	2026-05-11 12:09:39	1	2	15	0
        117656	2026-05-11 12:09:50	1	2	15	0
        110188	2026-05-11 12:09:54	1	2	15	0
        110362	2026-05-11 12:10:11	1	2	15	0
        116735	2026-05-11 12:10:22	1	2	15	0
        117267	2026-05-11 12:10:26	1	2	15	0
        118125	2026-05-11 12:10:31	1	2	15	0
        110641	2026-05-11 12:10:34	1	2	15	0
        110531	2026-05-11 12:10:38	1	2	15	0
        110461	2026-05-11 12:10:45	1	2	15	0
        110361	2026-05-11 12:10:49	1	2	15	0
        110542	2026-05-11 12:10:57	1	2	15	0
        110530	2026-05-11 12:11:03	1	2	15	0
        110533	2026-05-11 12:11:07	1	2	15	0
        116152	2026-05-11 12:11:12	1	2	15	0
        110068	2026-05-11 12:11:15	1	2	1	0
        116202	2026-05-11 12:11:22	1	2	15	0
        116690	2026-05-11 12:11:27	1	2	15	0
        110534	2026-05-11 12:12:20	1	2	15	0
        110472	2026-05-11 12:12:59	1	0	15	0
        116524	2026-05-11 12:13:04	1	0	15	0
        118694	2026-05-11 12:13:08	1	0	15	0
        117239	2026-05-11 12:13:13	1	0	15	0
        118729	2026-05-11 12:13:17	1	0	15	0
        110461	2026-05-11 12:13:24	1	0	15	0
        118146	2026-05-11 12:13:29	1	0	15	0
        110806	2026-05-11 12:13:35	1	0	15	0
        116735	2026-05-11 12:13:48	1	0	15	0
        117267	2026-05-11 12:13:55	1	0	15	0
        118251	2026-05-11 12:14:05	1	0	1	0
        119443	2026-05-11 12:14:12	1	2	15	0
        119393	2026-05-11 12:14:18	1	2	15	0
        116476	2026-05-11 12:14:50	1	2	15	0
        110531	2026-05-11 12:15:07	1	2	15	0
        110045	2026-05-11 12:15:12	1	2	15	0
        110542	2026-05-11 12:15:20	1	2	15	0
        110533	2026-05-11 12:15:52	1	2	15	0
        110530	2026-05-11 12:16:13	1	2	15	0
        119406	2026-05-11 12:19:08	1	2	15	0
        116096	2026-05-11 12:19:43	1	2	15	0
        118251	2026-05-11 12:20:18	1	2	1	0
        119393	2026-05-11 12:20:25	1	2	15	0
        119443	2026-05-11 12:20:30	1	2	15	0
        110045	2026-05-11 12:21:18	1	2	15	0
        110794	2026-05-11 12:22:01	1	2	15	0
        119406	2026-05-11 12:22:13	1	2	15	0
        116442	2026-05-11 12:22:36	1	0	15	0
        118801	2026-05-11 12:23:54	1	2	15	0
        116096	2026-05-11 12:24:13	1	2	15	0
        116825	2026-05-11 12:25:06	1	2	15	0
        110064	2026-05-11 12:27:21	1	2	15	0
        110115	2026-05-11 12:27:46	1	2	15	0
        116825	2026-05-11 12:30:10	1	3	15	0
        110806	2026-05-11 12:30:42	1	3	15	0
        110429	2026-05-11 12:30:51	1	3	15	0
        110064	2026-05-11 12:31:05	1	3	15	0
        118146	2026-05-11 12:31:16	1	3	15	0
        117727	2026-05-11 12:34:56	1	3	15	0
        116738	2026-05-11 12:35:01	1	3	15	0
        116511	2026-05-11 12:35:09	1	3	15	0
        116007	2026-05-11 12:36:18	1	3	1	0
        116159	2026-05-11 12:36:43	1	3	15	0
        117185	2026-05-11 12:38:00	1	3	15	0
        116466	2026-05-11 12:38:07	1	3	1	0
        118585	2026-05-11 12:38:43	1	3	15	0
        118585	2026-05-11 12:40:35	1	3	15	0
        116159	2026-05-11 12:41:30	1	3	15	0
        118143	2026-05-11 12:45:27	1	3	15	0
        110115	2026-05-11 12:50:04	1	3	15	0
        117518	2026-05-11 12:50:12	1	3	15	0
        118143	2026-05-11 12:50:17	1	3	15	0
        110429	2026-05-11 12:50:54	1	3	15	0
        110426	2026-05-11 12:51:52	1	3	15	0
        116622	2026-05-11 12:51:59	1	3	1	0
        110426	2026-05-11 12:55:04	1	3	15	0
        116622	2026-05-11 12:55:11	1	3	1	0
        119392	2026-05-11 12:57:38	1	3	15	0
        117451	2026-05-11 12:59:23	1	3	15	0
        117273	2026-05-11 12:59:26	1	3	15	0
        119392	2026-05-11 12:59:30	1	3	15	0
        117451	2026-05-11 13:01:12	1	3	15	0
        117273	2026-05-11 13:01:20	1	3	15	0
        116192	2026-05-11 14:20:03	1	3	15	0
        116442	2026-05-11 17:08:41	1	1	15	0
        116476	2026-05-11 17:09:40	1	1	15	0
        110362	2026-05-11 18:00:38	1	1	15	0
        110361	2026-05-11 18:01:01	1	1	15	0
        110641	2026-05-11 18:01:05	1	1	15	0
        110472	2026-05-11 18:01:10	1	1	15	0
        116159	2026-05-11 18:01:15	1	1	15	0
        118326	2026-05-11 18:01:23	1	1	15	0
        117239	2026-05-11 18:01:36	1	1	15	0
        117451	2026-05-11 18:02:35	1	1	15	0
        116509	2026-05-11 18:02:42	1	1	15	0
        116690	2026-05-11 18:03:08	1	1	15	0
        119206	2026-05-11 18:03:13	1	1	15	0
        110045	2026-05-11 18:03:29	1	1	15	0
        118160	2026-05-11 18:03:35	1	1	15	0
        117090	2026-05-11 18:03:40	1	1	15	0
        110454	2026-05-11 18:05:31	1	1	15	0
        110534	2026-05-11 18:05:35	1	1	15	0
        110542	2026-05-11 18:05:55	1	1	15	0
        117185	2026-05-11 18:09:30	1	1	15	0
        116007	2026-05-11 18:11:15	1	1	1	0
        119406	2026-05-11 18:11:37	1	1	15	0
        118146	2026-05-11 18:13:44	1	1	15	0
        118143	2026-05-11 18:13:51	1	1	15	0
        117656	2026-05-11 18:14:05	1	1	15	0
        118251	2026-05-11 18:14:33	1	1	1	0
        117273	2026-05-11 18:15:28	1	1	15	0
        110064	2026-05-11 18:18:36	1	1	15	0
        116738	2026-05-11 18:19:01	1	1	15	0
        117267	2026-05-11 18:25:11	1	1	15	0
        116487	2026-05-11 18:26:02	1	1	15	0
        119117	2026-05-11 18:28:33	1	1	1	0
        116096	2026-05-11 18:30:33	1	1	15	0
        116825	2026-05-11 18:30:36	1	1	15	0
        116202	2026-05-11 18:32:37	1	1	15	0
        116152	2026-05-11 18:33:34	1	1	15	0
        110068	2026-05-11 18:33:40	1	1	1	0
        116622	2026-05-11 18:35:30	1	1	1	0
        110806	2026-05-11 18:35:46	1	1	15	0
        118125	2026-05-11 18:36:42	1	1	15	0
        110531	2026-05-11 18:37:02	1	1	15	0
        110359	2026-05-11 18:38:08	1	1	15	0
        110461	2026-05-11 18:39:04	1	1	15	0
        119393	2026-05-11 18:39:20	1	1	15	0
        116712	2026-05-11 18:39:42	1	1	15	0
        110429	2026-05-11 18:41:06	1	1	15	0
        110426	2026-05-11 18:41:31	1	1	15	0
        116511	2026-05-11 18:42:26	1	1	15	0
        116524	2026-05-11 18:44:10	1	1	15	0
        110188	2026-05-11 18:44:29	1	1	15	0
        119443	2026-05-11 18:45:08	1	1	15	0
        116735	2026-05-11 18:47:04	1	1	15	0
        119376	2026-05-11 18:48:08	1	1	15	0
        118083	2026-05-11 18:48:14	1	1	15	0
        119392	2026-05-11 18:54:05	1	1	15	0
        118398	2026-05-11 18:55:26	1	1	15	0
        110794	2026-05-11 18:57:35	1	1	15	0
        117727	2026-05-11 19:01:27	1	1	15	0
        116434	2026-05-11 19:01:32	1	1	15	0
        116466	2026-05-11 19:02:13	1	1	1	0
        110533	2026-05-11 19:03:31	1	1	15	0
        117518	2026-05-11 19:03:37	1	1	15	0
        110530	2026-05-11 19:03:42	1	1	15	0
        110149	2026-05-11 19:28:50	1	1	15	0
        118729	2026-05-11 19:28:55	1	1	15	0
        118694	2026-05-11 19:29:02	1	1	15	0
        118585	2026-05-11 19:51:10	1	1	15	0
        117451	2026-05-12 06:18:52	1	0	15	0
        110472	2026-05-12 06:27:27	1	0	15	0
        116442	2026-05-12 06:32:29	1	0	15	0
        118146	2026-05-12 06:39:36	1	0	15	0
        118326	2026-05-12 06:39:56	1	0	15	0
        110542	2026-05-12 06:41:47	1	0	15	0
        110641	2026-05-12 06:46:23	1	0	15	0
        118143	2026-05-12 06:50:12	1	0	15	0
        119406	2026-05-12 06:51:47	1	0	15	0
        110543	2026-05-12 06:53:44	1	0	15	0
        118160	2026-05-12 06:55:17	1	0	15	0
        117090	2026-05-12 06:56:55	1	0	15	0
        110361	2026-05-12 06:59:30	1	0	15	0
        116159	2026-05-12 07:00:51	1	0	15	0
        116690	2026-05-12 07:01:13	1	0	15	0
        119117	2026-05-12 07:01:39	1	0	1	0
        116192	2026-05-12 07:02:57	1	0	15	0
        110794	2026-05-12 07:03:23	1	0	15	0
        110068	2026-05-12 07:03:33	1	0	1	0
        110362	2026-05-12 07:03:51	1	0	15	0
        117239	2026-05-12 07:04:00	1	0	15	0
        110454	2026-05-12 07:05:32	1	0	15	0
        117656	2026-05-12 07:06:04	1	0	15	0
        116735	2026-05-12 07:08:24	1	0	15	0
        119077	2026-05-12 07:09:08	1	0	15	0
        119206	2026-05-12 07:10:17	1	0	15	0
        110806	2026-05-12 07:12:55	1	0	15	0
        118801	2026-05-12 07:14:20	1	0	15	0
        117267	2026-05-12 07:15:26	1	0	15	0
        117977	2026-05-12 07:16:23	1	0	15	0
        116434	2026-05-12 07:17:10	1	0	1	0
        116096	2026-05-12 07:18:11	1	0	1	0
        116738	2026-05-12 07:19:58	1	0	15	0
        110188	2026-05-12 07:21:51	1	0	15	0
        118509	2026-05-12 07:25:25	1	0	15	0
        116202	2026-05-12 07:25:42	1	0	15	0
        116825	2026-05-12 07:25:49	1	0	15	0
        118251	2026-05-12 07:26:59	1	0	1	0
        117727	2026-05-12 07:31:46	1	0	15	0
        116622	2026-05-12 07:34:28	1	0	1	0
        110359	2026-05-12 07:34:34	1	0	15	0
        118694	2026-05-12 07:34:55	1	0	15	0
        110531	2026-05-12 07:36:16	1	0	15	0
        116524	2026-05-12 07:36:40	1	0	15	0
        119393	2026-05-12 07:36:51	1	0	15	0
        117518	2026-05-12 07:36:55	1	0	15	0
        110534	2026-05-12 07:39:28	1	0	15	0
        116007	2026-05-12 07:42:43	1	0	1	0
        110530	2026-05-12 07:43:21	1	0	15	0
        110124	2026-05-12 07:45:47	1	0	15	0
        110426	2026-05-12 07:46:31	1	0	15	0
        116712	2026-05-12 07:47:53	1	0	15	0
        118729	2026-05-12 07:48:12	1	0	15	0
        116511	2026-05-12 07:48:50	1	0	15	0
        110461	2026-05-12 07:48:58	1	0	15	0
        116487	2026-05-12 07:51:27	1	0	15	0
        110646	2026-05-12 07:54:07	1	0	15	0
        110064	2026-05-12 07:59:52	1	0	15	0
        118083	2026-05-12 08:05:52	1	0	15	0
        117274	2026-05-12 08:13:53	1	0	15	0
        119392	2026-05-12 08:15:14	1	0	15	0
        116829	2026-05-12 08:26:44	1	0	15	0
        116476	2026-05-12 08:41:20	1	0	15	0
        118398	2026-05-12 08:41:42	1	0	15	0
        117398	2026-05-12 09:03:39	1	0	15	0
        118509	2026-05-12 12:00:04	1	0	15	0
        119206	2026-05-12 12:00:08	1	0	15	0
        110362	2026-05-12 12:00:12	1	0	15	0
        110641	2026-05-12 12:00:16	1	0	15	0
        118251	2026-05-12 12:00:20	1	0	1	0
        110361	2026-05-12 12:00:25	1	2	15	0
        110068	2026-05-12 12:00:29	1	2	1	0
        116434	2026-05-12 12:00:34	1	2	1	0
        116738	2026-05-12 12:00:41	1	2	15	0
        110188	2026-05-12 12:00:47	1	2	15	0
        117656	2026-05-12 12:00:51	1	2	15	0
        110359	2026-05-12 12:01:07	1	2	15	0
        117090	2026-05-12 12:01:36	1	2	15	0
        116192	2026-05-12 12:01:41	1	2	15	0
        119406	2026-05-12 12:01:44	1	2	15	0
        110124	2026-05-12 12:01:50	1	2	15	0
        117274	2026-05-12 12:01:57	1	2	15	0
        116096	2026-05-12 12:02:05	1	2	15	0
        116829	2026-05-12 12:02:11	1	2	15	0
        117398	2026-05-12 12:02:17	1	2	15	0
        118398	2026-05-12 12:02:28	1	2	15	0
        117518	2026-05-12 12:02:45	1	2	15	0
        118509	2026-05-12 12:03:48	1	2	15	0
        116476	2026-05-12 12:03:58	1	2	15	0
        110068	2026-05-12 12:04:03	1	2	1	0
        116202	2026-05-12 12:04:09	1	2	15	0
        116622	2026-05-12 12:04:18	1	2	1	0
        116690	2026-05-12 12:04:25	1	2	15	0
        110426	2026-05-12 12:04:30	1	2	15	0
        117977	2026-05-12 12:04:35	1	2	15	0
        119406	2026-05-12 12:04:40	1	2	15	0
        116192	2026-05-12 12:04:43	1	2	15	0
        117090	2026-05-12 12:04:47	1	2	15	0
        118251	2026-05-12 12:04:51	1	2	1	0
        119206	2026-05-12 12:04:57	1	2	15	0
        110359	2026-05-12 12:05:00	1	2	15	0
        110362	2026-05-12 12:05:04	1	2	15	0
        117656	2026-05-12 12:05:08	1	2	15	0
        110641	2026-05-12 12:05:12	1	2	15	0
        110806	2026-05-12 12:05:16	1	2	15	0
        110188	2026-05-12 12:05:19	1	2	15	0
        119077	2026-05-12 12:05:25	1	2	15	0
        118398	2026-05-12 12:05:28	1	2	15	0
        116829	2026-05-12 12:06:09	1	2	15	0
        117274	2026-05-12 12:06:14	1	2	15	0
        116096	2026-05-12 12:06:19	1	2	15	0
        117518	2026-05-12 12:06:26	1	2	15	0
        110361	2026-05-12 12:06:29	1	2	15	0
        116487	2026-05-12 12:06:33	1	2	15	0
        110429	2026-05-12 12:06:38	1	2	15	0
        116511	2026-05-12 12:06:42	1	2	15	0
        118729	2026-05-12 12:06:59	1	2	15	0
        118694	2026-05-12 12:07:12	1	2	15	0
        110461	2026-05-12 12:07:19	1	2	15	0
        117977	2026-05-12 12:07:25	1	2	15	0
        116735	2026-05-12 12:07:49	1	2	15	0
        117267	2026-05-12 12:07:53	1	2	15	0
        116690	2026-05-12 12:08:01	1	2	15	0
        110531	2026-05-12 12:08:08	1	2	15	0
        116202	2026-05-12 12:08:14	1	2	15	0
        110542	2026-05-12 12:08:19	1	2	15	0
        110530	2026-05-12 12:08:27	1	2	15	0
        110533	2026-05-12 12:08:35	1	2	15	0
        116622	2026-05-12 12:08:48	1	2	1	0
        110426	2026-05-12 12:08:54	1	2	15	0
        110646	2026-05-12 12:08:59	1	2	15	0
        117398	2026-05-12 12:09:03	1	2	15	0
        117727	2026-05-12 12:09:07	1	2	15	0
        116738	2026-05-12 12:09:12	1	2	15	0
        116487	2026-05-12 12:10:21	1	2	15	0
        119077	2026-05-12 12:10:27	1	2	15	0
        110806	2026-05-12 12:11:18	1	2	15	0
        119117	2026-05-12 12:11:22	1	2	1	0
        118801	2026-05-12 12:11:48	1	2	15	0
        116825	2026-05-12 12:11:54	1	2	15	0
        110646	2026-05-12 12:12:55	1	2	15	0
        110542	2026-05-12 12:13:00	1	2	15	0
        110530	2026-05-12 12:13:07	1	2	15	0
        117451	2026-05-12 12:13:43	1	2	15	0
        116735	2026-05-12 12:14:03	1	2	15	0
        117267	2026-05-12 12:14:09	1	2	15	0
        119117	2026-05-12 12:14:18	1	2	1	0
        116825	2026-05-12 12:14:37	1	2	15	0
        118801	2026-05-12 12:16:55	1	2	15	0
        110794	2026-05-12 12:18:47	1	2	15	0
        110461	2026-05-12 12:19:00	1	2	15	0
        110531	2026-05-12 12:20:51	1	2	15	0
        118083	2026-05-12 12:23:16	1	2	15	0
        110472	2026-05-12 12:23:34	1	2	15	0
        117239	2026-05-12 12:23:38	1	2	15	0
        118326	2026-05-12 12:23:44	1	2	15	0
        110429	2026-05-12 12:23:54	1	2	15	0
        116434	2026-05-12 12:26:12	1	2	1	0
        110472	2026-05-12 12:27:37	1	0	15	0
        117239	2026-05-12 12:27:57	1	0	15	0
        118083	2026-05-12 12:28:02	1	0	15	0
        110064	2026-05-12 12:29:41	1	2	15	0
        116712	2026-05-12 12:33:04	1	3	15	0
        110064	2026-05-12 12:33:09	1	3	15	0
        116007	2026-05-12 12:33:14	1	3	1	0
        118694	2026-05-12 12:33:46	1	3	15	0
        118729	2026-05-12 12:33:51	1	3	15	0
        118326	2026-05-12 12:34:38	1	3	15	0
        110124	2026-05-12 12:35:09	1	3	15	0
        118143	2026-05-12 12:36:22	1	3	15	0
        117451	2026-05-12 12:36:31	1	3	15	0
        116712	2026-05-12 12:36:34	1	3	15	0
        119443	2026-05-12 12:37:46	1	3	15	0
        110534	2026-05-12 12:38:53	1	3	15	0
        110543	2026-05-12 12:38:57	1	3	15	0
        110454	2026-05-12 12:39:02	1	3	15	0
        110794	2026-05-12 12:39:51	1	3	15	0
        118143	2026-05-12 12:40:09	1	3	15	0
        117727	2026-05-12 12:41:11	1	3	15	0
        110454	2026-05-12 12:42:13	1	3	15	0
        110534	2026-05-12 12:42:19	1	3	15	0
        110543	2026-05-12 12:42:23	1	3	15	0
        118160	2026-05-12 12:44:41	1	3	15	0
        116159	2026-05-12 12:45:02	1	3	15	0
        116524	2026-05-12 12:45:13	1	1	15	0
        116511	2026-05-12 12:45:17	1	1	15	0
        116476	2026-05-12 12:47:31	1	3	15	0
        116524	2026-05-12 12:49:24	1	3	15	0
        116159	2026-05-12 12:49:30	1	3	15	0
        116442	2026-05-12 12:50:28	1	1	15	0
        118160	2026-05-12 12:50:49	1	1	15	0
        119392	2026-05-12 12:52:47	1	3	15	0
        116442	2026-05-12 12:53:27	1	3	15	0
        119392	2026-05-12 12:57:29	1	3	15	0
        116007	2026-05-12 12:57:40	1	3	1	0
        116476	2026-05-12 17:28:52	1	1	15	0
        117398	2026-05-12 17:46:23	1	1	15	0
        116202	2026-05-12 17:59:54	1	1	15	0
        118326	2026-05-12 18:00:10	1	1	15	0
        110362	2026-05-12 18:00:20	1	1	15	0
        110641	2026-05-12 18:00:25	1	1	15	0
        110361	2026-05-12 18:01:07	1	1	15	0
        110472	2026-05-12 18:01:25	1	1	15	0
        116690	2026-05-12 18:01:47	1	1	15	0
        116159	2026-05-12 18:02:17	1	1	15	0
        116442	2026-05-12 18:02:43	1	1	15	0
        110542	2026-05-12 18:02:47	1	1	15	0
        119406	2026-05-12 18:04:08	1	1	15	0
        117090	2026-05-12 18:04:39	1	1	15	0
        116192	2026-05-12 18:04:43	1	1	15	0
        117239	2026-05-12 18:05:17	1	1	15	0
        110543	2026-05-12 18:05:41	1	1	15	0
        110454	2026-05-12 18:05:46	1	1	15	0
        119077	2026-05-12 18:06:36	1	1	15	0
        118251	2026-05-12 18:07:32	1	1	1	0
        119443	2026-05-12 18:07:38	1	1	15	0
        119117	2026-05-12 18:08:37	1	1	1	0
        119077	2026-05-12 18:09:06	1	1	15	0
        118160	2026-05-12 18:09:16	1	1	15	0
        119206	2026-05-12 18:11:03	1	1	15	0
        117656	2026-05-12 18:13:55	1	1	15	0
        117451	2026-05-12 18:14:35	1	1	15	0
        118298	2026-05-12 18:15:22	1	1	1	0
        118801	2026-05-12 18:15:31	1	1	15	0
        116735	2026-05-12 18:23:05	1	1	15	0
        117267	2026-05-12 18:23:09	1	1	15	0
        116096	2026-05-12 18:24:28	1	1	15	0
        110068	2026-05-12 18:27:11	1	1	1	0
        110188	2026-05-12 18:28:12	1	1	15	0
        118509	2026-05-12 18:28:35	1	1	15	0
        118143	2026-05-12 18:28:55	1	1	15	0
        116738	2026-05-12 18:30:59	1	1	15	0
        116825	2026-05-12 18:31:07	1	1	15	0
        110359	2026-05-12 18:36:18	1	1	15	0
        110794	2026-05-12 18:37:02	1	1	15	0
        110531	2026-05-12 18:37:16	1	1	15	0
        110806	2026-05-12 18:38:39	1	1	15	0
        116622	2026-05-12 18:38:54	1	1	1	0
        110461	2026-05-12 18:39:07	1	1	15	0
        116524	2026-05-12 18:39:14	1	1	15	0
        110534	2026-05-12 18:40:03	1	1	15	0
        117518	2026-05-12 18:46:49	1	1	15	0
        110533	2026-05-12 18:47:11	1	1	15	0
        110530	2026-05-12 18:47:17	1	1	15	0
        110426	2026-05-12 18:47:20	1	1	15	0
        116712	2026-05-12 18:49:32	1	1	15	0
        116487	2026-05-12 18:52:10	1	1	15	0
        118729	2026-05-12 18:52:43	1	1	15	0
        116434	2026-05-12 18:53:59	1	1	1	0
        117727	2026-05-12 18:54:05	1	1	15	0
        116007	2026-05-12 18:54:10	1	1	1	0
        118694	2026-05-12 18:54:26	1	1	15	0
        118729	2026-05-12 18:54:31	1	1	15	0
        110646	2026-05-12 18:55:19	1	1	15	0
        110429	2026-05-12 18:59:04	1	1	15	0
        118083	2026-05-12 19:00:25	1	1	15	0
        118398	2026-05-12 19:00:29	1	1	15	0
        119392	2026-05-12 19:00:32	1	1	15	0
        110064	2026-05-12 19:07:57	1	1	15	0
        117274	2026-05-12 19:11:25	1	1	15	0
        116829	2026-05-12 19:11:34	1	1	15	0
        110124	2026-05-12 19:38:29	1	1	15	0
        116511	2026-05-12 19:38:34	1	1	15	0
        118146	2026-05-13 06:13:35	1	0	15	0
        118326	2026-05-13 06:25:20	1	0	15	0
        117273	2026-05-13 06:29:36	1	0	15	0
        117451	2026-05-13 06:29:52	1	0	15	0
        117656	2026-05-13 06:34:37	1	0	15	0
        117090	2026-05-13 06:36:51	1	0	15	0
        110068	2026-05-13 06:39:21	1	0	1	0
        117187	2026-05-13 06:47:21	1	0	15	0
        110533	2026-05-13 06:48:36	1	0	15	0
        116442	2026-05-13 06:50:38	1	0	15	0
        110362	2026-05-13 06:50:47	1	0	15	0
        110454	2026-05-13 06:53:20	1	0	15	0
        110472	2026-05-13 06:53:40	1	0	15	0
        118160	2026-05-13 06:54:05	1	0	15	0
        110641	2026-05-13 06:54:18	1	0	15	0
        119406	2026-05-13 06:56:06	1	0	15	0
        110188	2026-05-13 06:56:11	1	0	15	0
        118143	2026-05-13 06:58:40	1	0	15	0
        110806	2026-05-13 06:59:27	1	0	15	0
        110794	2026-05-13 07:01:25	1	0	15	0
        110149	2026-05-13 07:03:46	1	0	15	0
        116159	2026-05-13 07:04:10	1	0	15	0
        116202	2026-05-13 07:05:52	1	0	15	0
        116690	2026-05-13 07:07:29	1	0	15	0
        117977	2026-05-13 07:09:26	1	0	15	0
        119206	2026-05-13 07:10:42	1	0	15	0
        118251	2026-05-13 07:11:28	1	0	1	0
        116152	2026-05-13 07:12:44	1	0	15	0
        119117	2026-05-13 07:13:34	1	0	1	0
        119077	2026-05-13 07:14:07	1	0	15	0
        110361	2026-05-13 07:22:27	1	0	15	0
        118729	2026-05-13 07:22:51	1	0	15	0
        116192	2026-05-13 07:23:52	1	0	15	0
        116712	2026-05-13 07:24:30	1	0	15	0
        110530	2026-05-13 07:25:34	1	0	15	0
        117267	2026-05-13 07:27:27	1	0	15	0
        110064	2026-05-13 07:28:57	1	0	15	0
        116622	2026-05-13 07:33:44	1	0	1	0
        110534	2026-05-13 07:36:26	1	0	15	0
        110646	2026-05-13 07:37:34	1	0	15	0
        119393	2026-05-13 07:39:32	1	0	15	0
        117727	2026-05-13 07:42:15	1	0	15	0
        117274	2026-05-13 07:42:29	1	0	15	0
        110531	2026-05-13 07:42:57	1	0	15	0
        116735	2026-05-13 07:44:26	1	0	15	0
        110426	2026-05-13 07:47:22	1	0	15	0
        119443	2026-05-13 07:48:14	1	0	15	0
        116524	2026-05-13 07:48:31	1	0	15	0
        110429	2026-05-13 07:50:23	1	0	15	0
        117239	2026-05-13 07:50:32	1	0	15	0
        110124	2026-05-13 07:51:00	1	0	15	0
        116738	2026-05-13 07:51:05	1	0	15	0
        119376	2026-05-13 07:51:09	1	0	15	0
        118083	2026-05-13 07:55:00	1	0	15	0
        118694	2026-05-13 07:55:51	1	0	15	0
        116476	2026-05-13 07:55:58	1	0	15	0
        116825	2026-05-13 07:58:53	1	0	15	0
        118398	2026-05-13 07:59:04	1	0	15	0
        116511	2026-05-13 08:00:34	1	0	15	0
        110461	2026-05-13 08:00:40	1	0	15	0
        110359	2026-05-13 08:00:44	1	0	15	0
        117518	2026-05-13 08:01:01	1	0	15	0
        116487	2026-05-13 08:05:59	1	0	15	0
        118801	2026-05-13 08:22:41	1	0	15	0
        117398	2026-05-13 08:28:16	1	0	15	0
        118566	2026-05-13 08:31:02	1	0	15	0
        116829	2026-05-13 08:34:34	1	0	15	0
        117687	2026-05-13 08:40:12	1	0	15	0
        119392	2026-05-13 09:01:02	1	0	15	0
        116202	2026-05-13 12:00:05	1	2	15	0
        116622	2026-05-13 12:00:11	1	2	1	0
        119406	2026-05-13 12:00:18	1	2	15	0
        119376	2026-05-13 12:00:21	1	2	15	0
        110359	2026-05-13 12:00:26	1	2	15	0
        116690	2026-05-13 12:00:30	1	2	15	0
        117273	2026-05-13 12:00:35	1	2	15	0
        117977	2026-05-13 12:00:40	1	2	15	0
        110426	2026-05-13 12:00:44	1	2	15	0
        110641	2026-05-13 12:00:50	1	2	15	0
        110362	2026-05-13 12:00:54	1	2	15	0
        110361	2026-05-13 12:00:57	1	2	15	0
        116152	2026-05-13 12:01:05	1	2	15	0
        119206	2026-05-13 12:01:09	1	2	15	0
        117398	2026-05-13 12:01:36	1	2	15	0
        118566	2026-05-13 12:01:59	1	2	15	0
        110068	2026-05-13 12:02:05	1	2	1	0
        116442	2026-05-13 12:02:35	1	2	15	0
        119117	2026-05-13 12:02:39	1	2	1	0
        116476	2026-05-13 12:02:55	1	2	15	0
        119406	2026-05-13 12:03:05	1	2	15	0
        116825	2026-05-13 12:03:11	1	2	15	0
        119376	2026-05-13 12:03:20	1	2	15	0
        117187	2026-05-13 12:03:25	1	2	15	0
        118398	2026-05-13 12:03:45	1	2	15	0
        117977	2026-05-13 12:04:20	1	2	15	0
        119206	2026-05-13 12:04:24	1	2	15	0
        116152	2026-05-13 12:04:27	1	2	15	0
        116202	2026-05-13 12:04:36	1	2	15	0
        116690	2026-05-13 12:04:42	1	2	15	0
        110426	2026-05-13 12:04:46	1	2	15	0
        116622	2026-05-13 12:04:56	1	2	1	0
        110429	2026-05-13 12:05:02	1	2	15	0
        119393	2026-05-13 12:05:05	1	2	15	0
        110068	2026-05-13 12:05:11	1	2	1	0
        118251	2026-05-13 12:05:14	1	2	1	0
        119443	2026-05-13 12:05:21	1	2	15	0
        118694	2026-05-13 12:05:26	1	2	15	0
        116829	2026-05-13 12:05:31	1	2	15	0
        118729	2026-05-13 12:05:35	1	2	15	0
        117274	2026-05-13 12:05:39	1	2	15	0
        110188	2026-05-13 12:05:43	1	2	15	0
        117656	2026-05-13 12:05:48	1	2	15	0
        117398	2026-05-13 12:05:53	1	2	15	0
        110362	2026-05-13 12:05:59	1	2	15	0
        110461	2026-05-13 12:06:04	1	2	15	0
        119117	2026-05-13 12:06:12	1	2	1	0
        118566	2026-05-13 12:06:28	1	2	15	0
        116825	2026-05-13 12:06:39	1	2	15	0
        110794	2026-05-13 12:06:45	1	2	15	0
        118160	2026-05-13 12:07:05	1	2	15	0
        116829	2026-05-13 12:07:24	1	2	15	0
        116192	2026-05-13 12:07:45	1	2	15	0
        117090	2026-05-13 12:07:51	1	2	15	0
        117274	2026-05-13 12:08:08	1	2	15	0
        117656	2026-05-13 12:08:14	1	2	15	0
        110188	2026-05-13 12:08:19	1	2	15	0
        119393	2026-05-13 12:08:42	1	2	15	0
        118251	2026-05-13 12:08:46	1	2	1	0
        119443	2026-05-13 12:08:52	1	2	15	0
        110149	2026-05-13 12:08:55	1	2	15	0
        118160	2026-05-13 12:09:02	1	2	15	0
        117187	2026-05-13 12:09:14	1	2	15	0
        110641	2026-05-13 12:09:26	1	2	15	0
        110361	2026-05-13 12:09:40	1	2	15	0
        118083	2026-05-13 12:09:44	1	2	15	0
        110806	2026-05-13 12:10:31	1	2	15	0
        110531	2026-05-13 12:10:53	1	2	15	0
        116192	2026-05-13 12:11:02	1	2	15	0
        117090	2026-05-13 12:11:06	1	2	15	0
        118398	2026-05-13 12:11:10	1	2	15	0
        116442	2026-05-13 12:11:42	1	2	15	0
        118083	2026-05-13 12:12:56	1	2	15	0
        117727	2026-05-13 12:14:56	1	2	15	0
        118146	2026-05-13 12:15:01	1	2	15	0
        117687	2026-05-13 12:15:26	1	2	15	0
        110531	2026-05-13 12:16:36	1	2	15	0
        116712	2026-05-13 12:16:50	1	2	15	0
        110806	2026-05-13 12:16:55	1	2	15	0
        110429	2026-05-13 12:17:44	1	2	15	0
        117687	2026-05-13 12:18:08	1	2	15	0
        116738	2026-05-13 12:18:29	1	2	15	0
        110149	2026-05-13 12:18:40	1	2	15	0
        116712	2026-05-13 12:18:47	1	2	15	0
        110359	2026-05-13 12:19:59	1	2	15	0
        117273	2026-05-13 12:20:06	1	2	15	0
        110794	2026-05-13 12:20:58	1	2	15	0
        116524	2026-05-13 12:23:52	1	2	15	0
        117239	2026-05-13 12:23:57	1	2	15	0
        110472	2026-05-13 12:24:00	1	2	15	0
        118143	2026-05-13 12:25:04	1	2	15	0
        116487	2026-05-13 12:25:25	1	2	15	0
        118326	2026-05-13 12:25:31	1	2	15	0
        110646	2026-05-13 12:26:35	1	2	15	0
        110533	2026-05-13 12:26:44	1	2	15	0
        110530	2026-05-13 12:26:51	1	2	15	0
        118146	2026-05-13 12:29:01	1	2	15	0
        118326	2026-05-13 12:32:21	1	3	15	0
        117239	2026-05-13 12:32:37	1	3	15	0
        110472	2026-05-13 12:32:42	1	3	15	0
        118143	2026-05-13 12:33:01	1	3	15	0
        110454	2026-05-13 12:33:05	1	3	15	0
        116524	2026-05-13 12:33:10	1	3	15	0
        116487	2026-05-13 12:33:13	1	3	15	0
        110530	2026-05-13 12:33:20	1	3	15	0
        110646	2026-05-13 12:33:24	1	3	15	0
        110533	2026-05-13 12:33:29	1	3	15	0
        110461	2026-05-13 12:33:37	1	3	15	0
        116476	2026-05-13 12:37:34	1	3	15	0
        118729	2026-05-13 12:38:02	1	3	15	0
        118694	2026-05-13 12:38:15	1	3	15	0
        110534	2026-05-13 12:39:09	1	3	15	0
        110534	2026-05-13 12:42:09	1	3	15	0
        110064	2026-05-13 12:42:44	1	3	15	0
        110454	2026-05-13 12:43:04	1	3	15	0
        110064	2026-05-13 12:45:39	1	3	15	0
        116735	2026-05-13 12:47:03	1	3	15	0
        116159	2026-05-13 12:47:15	1	3	15	0
        116738	2026-05-13 12:49:29	1	3	15	0
        118801	2026-05-13 12:50:04	1	3	15	0
        117267	2026-05-13 12:51:24	1	3	15	0
        116735	2026-05-13 12:53:07	1	3	15	0
        116159	2026-05-13 12:54:05	1	3	15	0
        117267	2026-05-13 12:55:04	1	3	15	0
        117518	2026-05-13 12:55:53	1	3	15	0
        119077	2026-05-13 12:56:13	1	3	15	0
        119392	2026-05-13 12:56:57	1	3	15	0
        117727	2026-05-13 12:57:22	1	3	15	0
        119077	2026-05-13 12:58:10	1	3	15	0
        117518	2026-05-13 12:58:16	1	3	15	0
        119392	2026-05-13 12:58:52	1	3	15	0
        118801	2026-05-13 13:04:58	1	3	15	0
        116712	2026-05-13 16:41:49	1	1	15	0
        117518	2026-05-13 17:09:24	1	1	15	0
        117398	2026-05-13 17:30:50	1	1	15	0
        116476	2026-05-13 17:34:18	1	1	15	0
        118146	2026-05-13 18:03:37	1	1	15	0
        110472	2026-05-13 18:04:17	1	1	15	0
        116442	2026-05-13 18:04:27	1	1	15	0
        116159	2026-05-13 18:04:36	1	1	15	0
        118326	2026-05-13 18:04:50	1	1	15	0
        110454	2026-05-13 18:05:10	1	1	15	0
        118160	2026-05-13 18:05:44	1	1	15	0
        117273	2026-05-13 18:07:58	1	1	15	0
        110188	2026-05-13 18:09:04	1	1	15	0
        110361	2026-05-13 18:09:22	1	1	15	0
        110806	2026-05-13 18:09:30	1	1	15	0
        116690	2026-05-13 18:10:04	1	1	15	0
        119406	2026-05-13 18:10:34	1	1	15	0
        119206	2026-05-13 18:12:39	1	1	15	0
        117656	2026-05-13 18:13:37	1	1	15	0
        119077	2026-05-13 18:15:55	1	1	15	0
        118251	2026-05-13 18:16:17	1	1	1	0
        117187	2026-05-13 18:16:54	1	1	15	0
        110641	2026-05-13 18:16:58	1	1	15	0
        116152	2026-05-13 18:17:42	1	1	15	0
        117451	2026-05-13 18:17:54	1	1	15	0
        119117	2026-05-13 18:19:02	1	1	1	0
        110362	2026-05-13 18:21:28	1	1	15	0
        110149	2026-05-13 18:22:24	1	1	15	0
        110068	2026-05-13 18:24:45	1	1	1	0
        117090	2026-05-13 18:29:32	1	1	15	0
        116192	2026-05-13 18:29:37	1	1	15	0
        116202	2026-05-13 18:29:45	1	1	15	0
        116735	2026-05-13 18:29:57	1	1	15	0
        117977	2026-05-13 18:33:54	1	1	15	0
        116622	2026-05-13 18:36:30	1	1	1	0
        110534	2026-05-13 18:36:39	1	1	15	0
        110646	2026-05-13 18:37:19	1	1	15	0
        110064	2026-05-13 18:41:23	1	1	15	0
        118143	2026-05-13 18:43:56	1	1	15	0
        110064	2026-05-13 18:44:07	1	1	15	0
        110531	2026-05-13 18:44:16	1	1	15	0
        117267	2026-05-13 18:44:24	1	1	15	0
        110530	2026-05-13 18:45:22	1	1	15	0
        110533	2026-05-13 18:45:27	1	1	15	0
        110794	2026-05-13 18:46:21	1	1	15	0
        118801	2026-05-13 18:50:42	1	1	15	0
        110426	2026-05-13 18:52:00	1	1	15	0
        116524	2026-05-13 18:52:10	1	1	15	0
        117239	2026-05-13 18:52:34	1	1	15	0
        110429	2026-05-13 18:52:44	1	1	15	0
        116434	2026-05-13 18:53:44	1	1	1	0
        117727	2026-05-13 18:53:56	1	1	15	0
        116738	2026-05-13 18:57:26	1	1	15	0
        119376	2026-05-13 18:57:36	1	1	15	0
        116825	2026-05-13 19:01:02	1	1	15	0
        119392	2026-05-13 19:03:25	1	1	15	0
        116487	2026-05-13 19:03:38	1	1	15	0
        118083	2026-05-13 19:03:44	1	1	15	0
        110359	2026-05-13 19:04:51	1	1	15	0
        118398	2026-05-13 19:06:17	1	1	15	0
        119443	2026-05-13 19:06:22	1	1	15	0
        119393	2026-05-13 19:06:26	1	1	15	0
        118566	2026-05-13 19:07:24	1	1	15	0
        117274	2026-05-13 19:09:50	1	1	15	0
        110124	2026-05-13 19:12:24	1	1	15	0
        116511	2026-05-13 19:12:29	1	1	15	0
        110461	2026-05-13 19:12:36	1	1	15	0
        116829	2026-05-13 19:13:09	1	1	15	0
        118729	2026-05-13 19:17:09	1	1	15	0
        118694	2026-05-13 19:17:14	1	1	15	0
        117687	2026-05-13 20:02:01	1	1	15	0
        119602	2026-05-13 20:02:07	1	1	15	0
        110194	2026-05-14 06:24:47	1	0	15	0
        118146	2026-05-14 06:30:14	1	0	15	0
        110188	2026-05-14 06:30:46	1	0	15	0
        118326	2026-05-14 06:37:24	1	0	15	0
        117267	2026-05-14 06:44:39	1	0	15	0
        116442	2026-05-14 06:45:30	1	0	15	0
        117239	2026-05-14 06:46:57	1	0	15	0
        117451	2026-05-14 06:51:05	1	0	15	0
        110542	2026-05-14 06:51:37	1	0	15	0
        110124	2026-05-14 06:51:52	1	0	15	0
        117090	2026-05-14 06:54:22	1	0	15	0
        118585	2026-05-14 06:56:08	1	0	15	0
        110641	2026-05-14 06:56:19	1	0	15	0
        117187	2026-05-14 06:56:22	1	0	15	0
        110149	2026-05-14 06:56:26	1	0	15	0
        119406	2026-05-14 06:56:36	1	0	15	0
        118160	2026-05-14 06:57:31	1	0	15	0
        110362	2026-05-14 06:57:49	1	0	15	0
        117185	2026-05-14 07:01:15	1	0	15	0
        116159	2026-05-14 07:01:32	1	0	15	0
        116738	2026-05-14 07:01:38	1	0	15	0
        116690	2026-05-14 07:01:46	1	0	15	0
        117656	2026-05-14 07:02:10	1	0	15	0
        110045	2026-05-14 07:03:22	1	0	15	0
        116622	2026-05-14 07:05:08	1	0	1	0
        118143	2026-05-14 07:06:42	1	0	15	0
        116825	2026-05-14 07:07:07	1	0	15	0
        110533	2026-05-14 07:09:48	1	0	15	0
        110806	2026-05-14 07:10:57	1	0	15	0
        119206	2026-05-14 07:16:05	1	0	15	0
        110115	2026-05-14 07:17:23	1	0	15	0
        119077	2026-05-14 07:17:44	1	0	15	0
        110361	2026-05-14 07:18:39	1	0	15	0
        118251	2026-05-14 07:18:54	1	0	1	0
        110064	2026-05-14 07:21:44	1	0	15	0
        110472	2026-05-14 07:22:00	1	0	15	0
        110794	2026-05-14 07:22:11	1	0	15	0
        119117	2026-05-14 07:23:24	1	0	1	0
        118801	2026-05-14 07:24:44	1	0	15	0
        110530	2026-05-14 07:25:51	1	0	15	0
        118801	2026-05-14 07:26:08	1	0	15	0
        117273	2026-05-14 07:27:28	1	0	15	0
        116202	2026-05-14 07:27:33	1	0	15	0
        119393	2026-05-14 07:32:53	1	0	15	0
        117518	2026-05-14 07:32:57	1	0	15	0
        110534	2026-05-14 07:34:23	1	0	15	0
        110461	2026-05-14 07:34:39	1	0	15	0
        118694	2026-05-14 07:35:30	1	0	15	0
        118729	2026-05-14 07:36:28	1	0	15	0
        110429	2026-05-14 07:36:33	1	0	15	0
        110531	2026-05-14 07:36:56	1	0	15	0
        116735	2026-05-14 07:38:47	1	0	15	0
        116434	2026-05-14 07:39:55	1	0	1	0
        116524	2026-05-14 07:40:03	1	0	15	0
        116192	2026-05-14 07:41:01	1	0	15	0
        117727	2026-05-14 07:44:25	1	0	15	0
        116712	2026-05-14 07:45:34	1	0	15	0
        119376	2026-05-14 07:51:58	1	0	15	0
        110646	2026-05-14 07:53:16	1	0	15	0
        118083	2026-05-14 07:55:41	1	0	15	0
        116511	2026-05-14 07:56:31	1	0	15	0
        118398	2026-05-14 07:57:24	1	0	15	0
        110359	2026-05-14 07:57:27	1	0	15	0
        110426	2026-05-14 07:58:11	1	0	15	0
        116487	2026-05-14 07:58:17	1	0	15	0
        119443	2026-05-14 08:01:47	1	0	15	0
        118298	2026-05-14 08:05:39	1	0	1	0
        117274	2026-05-14 08:07:52	1	0	15	0
        116829	2026-05-14 08:16:18	1	0	15	0
        116476	2026-05-14 08:24:17	1	0	15	0
        119392	2026-05-14 08:34:18	1	0	15	0
        117398	2026-05-14 08:48:15	1	0	15	0
        116152	2026-05-14 10:21:39	1	0	15	0
        116825	2026-05-14 12:00:48	1	2	15	0
        116690	2026-05-14 12:00:57	1	2	15	0
        110426	2026-05-14 12:01:00	1	2	15	0
        116622	2026-05-14 12:01:06	1	2	1	0
        118801	2026-05-14 12:01:12	1	2	15	0
        119117	2026-05-14 12:01:23	1	2	1	0
        110806	2026-05-14 12:01:29	1	2	15	0
        110646	2026-05-14 12:01:34	1	2	15	0
        110045	2026-05-14 12:01:44	1	2	15	0
        119376	2026-05-14 12:01:54	1	2	15	0
        117518	2026-05-14 12:02:17	1	2	15	0
        110362	2026-05-14 12:03:28	1	2	15	0
        119393	2026-05-14 12:03:32	1	2	15	0
        118251	2026-05-14 12:03:37	1	2	1	0
        110361	2026-05-14 12:03:44	1	2	15	0
        110641	2026-05-14 12:03:47	1	2	15	0
        116825	2026-05-14 12:03:50	1	2	15	0
        116690	2026-05-14 12:04:04	1	2	15	0
        110045	2026-05-14 12:04:10	1	2	15	0
        119443	2026-05-14 12:04:14	1	2	15	0
        119376	2026-05-14 12:04:19	1	2	15	0
        119117	2026-05-14 12:04:28	1	2	1	0
        117398	2026-05-14 12:04:35	1	2	15	0
        110359	2026-05-14 12:04:40	1	2	15	0
        119206	2026-05-14 12:04:44	1	2	15	0
        110426	2026-05-14 12:04:49	1	2	15	0
        116829	2026-05-14 12:04:53	1	2	1	0
        116192	2026-05-14 12:04:59	1	2	15	0
        117090	2026-05-14 12:05:09	1	2	15	0
        117518	2026-05-14 12:05:16	1	2	15	0
        116622	2026-05-14 12:05:20	1	2	1	0
        110542	2026-05-14 12:05:40	1	2	15	0
        116442	2026-05-14 12:05:48	1	2	15	0
        118398	2026-05-14 12:06:16	1	2	15	0
        116152	2026-05-14 12:06:23	1	2	15	0
        110806	2026-05-14 12:06:35	1	2	15	0
        110359	2026-05-14 12:07:16	1	2	15	0
        117398	2026-05-14 12:07:44	1	2	15	0
        117727	2026-05-14 12:07:49	1	2	15	0
        116434	2026-05-14 12:08:03	1	2	1	0
        116829	2026-05-14 12:08:08	1	2	1	0
        116738	2026-05-14 12:08:14	1	2	15	0
        118298	2026-05-14 12:08:19	1	2	1	0
        110362	2026-05-14 12:08:25	1	2	15	0
        110361	2026-05-14 12:08:29	1	2	15	0
        119206	2026-05-14 12:08:33	1	2	15	0
        117185	2026-05-14 12:08:37	1	2	15	0
        110533	2026-05-14 12:08:43	1	2	15	0
        110531	2026-05-14 12:08:47	1	2	15	0
        110530	2026-05-14 12:08:54	1	2	15	0
        118160	2026-05-14 12:08:57	1	2	15	0
        117090	2026-05-14 12:09:03	1	2	15	0
        116192	2026-05-14 12:09:10	1	2	15	0
        116152	2026-05-14 12:09:21	1	2	15	0
        119393	2026-05-14 12:09:25	1	2	15	0
        118251	2026-05-14 12:09:30	1	2	1	0
        119443	2026-05-14 12:09:36	1	2	15	0
        118398	2026-05-14 12:09:42	1	2	15	0
        116511	2026-05-14 12:09:54	1	2	15	0
        110461	2026-05-14 12:10:00	1	2	15	0
        116476	2026-05-14 12:10:26	1	2	15	0
        110542	2026-05-14 12:10:31	1	2	15	0
        110429	2026-05-14 12:10:36	1	2	15	0
        118160	2026-05-14 12:10:41	1	2	15	0
        117274	2026-05-14 12:10:46	1	2	15	0
        110641	2026-05-14 12:11:32	1	2	15	0
        118694	2026-05-14 12:11:42	1	2	15	0
        117274	2026-05-14 12:13:29	1	2	15	0
        110530	2026-05-14 12:13:38	1	2	15	0
        110531	2026-05-14 12:13:42	1	2	15	0
        110533	2026-05-14 12:13:49	1	2	15	0
        118326	2026-05-14 12:14:59	1	2	15	0
        118083	2026-05-14 12:15:32	1	2	15	0
        110794	2026-05-14 12:15:37	1	2	15	0
        110188	2026-05-14 12:16:35	1	2	15	0
        117656	2026-05-14 12:16:39	1	2	15	0
        116476	2026-05-14 12:17:21	1	2	15	0
        116442	2026-05-14 12:18:48	1	0	15	0
        118083	2026-05-14 12:19:51	1	2	15	0
        119406	2026-05-14 12:20:05	1	2	15	0
        117187	2026-05-14 12:20:36	1	2	15	0
        110149	2026-05-14 12:20:53	1	2	15	0
        116511	2026-05-14 12:21:47	1	2	15	0
        110461	2026-05-14 12:21:52	1	2	15	0
        116487	2026-05-14 12:22:20	1	2	15	0
        118326	2026-05-14 12:23:47	1	2	15	0
        116735	2026-05-14 12:24:03	1	2	15	0
        110194	2026-05-14 12:24:07	1	2	15	0
        116487	2026-05-14 12:25:03	1	2	15	0
        117656	2026-05-14 12:25:10	1	2	15	0
        110188	2026-05-14 12:25:15	1	2	15	0
        110429	2026-05-14 12:28:47	1	2	15	0
        116524	2026-05-14 12:29:14	1	2	15	0
        117239	2026-05-14 12:29:18	1	2	15	0
        110472	2026-05-14 12:29:27	1	2	15	0
        110194	2026-05-14 12:29:34	1	2	15	0
        116735	2026-05-14 12:29:38	1	2	15	0
        117187	2026-05-14 12:31:20	1	3	15	0
        110646	2026-05-14 12:33:18	1	3	15	0
        110064	2026-05-14 12:33:45	1	3	15	0
        117239	2026-05-14 12:34:04	1	3	15	0
        110472	2026-05-14 12:34:12	1	3	15	0
        116524	2026-05-14 12:34:27	1	3	15	0
        118146	2026-05-14 12:34:44	1	3	15	0
        110149	2026-05-14 12:35:10	1	3	15	0
        110115	2026-05-14 12:36:01	1	3	15	0
        116434	2026-05-14 12:37:05	1	3	1	0
        117185	2026-05-14 12:42:10	1	3	15	0
        117727	2026-05-14 12:42:17	1	3	15	0
        116738	2026-05-14 12:42:31	1	3	15	0
        110794	2026-05-14 12:42:57	1	3	15	0
        116712	2026-05-14 12:44:42	1	3	15	0
        116159	2026-05-14 12:45:06	1	3	15	0
        118585	2026-05-14 12:45:56	1	3	15	0
        118298	2026-05-14 12:46:36	1	3	1	0
        118694	2026-05-14 12:47:01	1	3	15	0
        117451	2026-05-14 12:47:05	1	3	15	0
        118585	2026-05-14 12:47:55	1	3	15	0
        116712	2026-05-14 12:48:00	1	3	15	0
        110534	2026-05-14 12:48:40	1	3	15	0
        117451	2026-05-14 12:50:47	1	3	15	0
        110534	2026-05-14 12:51:21	1	3	15	0
        119392	2026-05-14 12:51:26	1	3	15	0
        116159	2026-05-14 12:52:48	1	3	15	0
        119077	2026-05-14 12:53:32	1	3	15	0
        118143	2026-05-14 12:53:45	1	3	15	0
        119392	2026-05-14 12:54:25	1	3	15	0
        116202	2026-05-14 12:55:06	1	3	15	0
        118801	2026-05-14 12:55:47	1	3	15	0
        119077	2026-05-14 12:56:15	1	3	15	0
        118143	2026-05-14 12:57:03	1	3	15	0
        116202	2026-05-14 12:58:03	1	3	15	0
        110115	2026-05-14 13:00:00	1	3	15	0
        116622	2026-05-14 17:05:09	1	1	1	0
        116476	2026-05-14 17:07:11	1	1	15	0
        117398	2026-05-14 17:29:34	1	1	15	0
        117239	2026-05-14 18:01:05	1	1	15	0
        110362	2026-05-14 18:03:21	1	1	15	0
        116442	2026-05-14 18:03:31	1	1	15	0
        110641	2026-05-14 18:03:44	1	1	15	0
        110045	2026-05-14 18:04:11	1	1	15	0
        118326	2026-05-14 18:04:35	1	1	15	0
        110542	2026-05-14 18:04:40	1	1	15	0
        117451	2026-05-14 18:04:50	1	1	15	0
        116690	2026-05-14 18:04:54	1	1	15	0
        110361	2026-05-14 18:06:16	1	1	15	0
        117090	2026-05-14 18:08:02	1	1	15	0
        118160	2026-05-14 18:08:07	1	1	15	0
        116738	2026-05-14 18:08:55	1	1	15	0
        110806	2026-05-14 18:12:33	1	1	15	0
        117185	2026-05-14 18:12:53	1	1	15	0
        110359	2026-05-14 18:13:13	1	1	15	0
        110533	2026-05-14 18:13:18	1	1	15	0
        119206	2026-05-14 18:16:45	1	1	15	0
        117273	2026-05-14 18:19:00	1	1	15	0
        118251	2026-05-14 18:19:17	1	1	1	0
        119077	2026-05-14 18:19:38	1	1	15	0
        116825	2026-05-14 18:21:40	1	1	15	0
        119393	2026-05-14 18:22:28	1	1	15	0
        119443	2026-05-14 18:22:32	1	1	15	0
        110472	2026-05-14 18:25:40	1	1	15	0
        116159	2026-05-14 18:25:49	1	1	15	0
        110794	2026-05-14 18:27:14	1	1	15	0
        110188	2026-05-14 18:30:36	1	1	15	0
        117267	2026-05-14 18:32:10	1	1	15	0
        110194	2026-05-14 18:32:14	1	1	15	0
        110124	2026-05-14 18:33:27	1	1	15	0
        110534	2026-05-14 18:34:14	1	1	15	0
        119117	2026-05-14 18:34:23	1	1	1	0
        118585	2026-05-14 18:35:54	1	1	15	0
        110429	2026-05-14 18:36:35	1	1	15	0
        110530	2026-05-14 18:38:52	1	1	15	0
        116712	2026-05-14 18:40:33	1	1	15	0
        110531	2026-05-14 18:42:13	1	1	15	0
        110064	2026-05-14 18:42:31	1	1	15	0
        116524	2026-05-14 18:43:44	1	1	15	0
        118801	2026-05-14 18:44:05	1	1	15	0
        110461	2026-05-14 18:46:51	1	1	15	0
        116192	2026-05-14 18:47:15	1	1	15	0
        110115	2026-05-14 18:50:21	1	1	15	0
        116735	2026-05-14 18:51:20	1	1	15	0
        116202	2026-05-14 18:53:55	1	1	15	0
        117518	2026-05-14 18:54:00	1	1	15	0
        117656	2026-05-14 18:54:32	1	1	15	0
        119376	2026-05-14 18:55:10	1	1	15	0
        118143	2026-05-14 18:58:13	1	1	15	0
        110646	2026-05-14 18:59:09	1	1	15	0
        110426	2026-05-14 18:59:20	1	1	15	0
        118083	2026-05-14 18:59:36	1	1	15	0
        119392	2026-05-14 19:01:24	1	1	15	0
        116487	2026-05-14 19:02:43	1	1	15	0
        118398	2026-05-14 19:05:25	1	1	15	0
        116152	2026-05-14 19:07:20	1	1	15	0
        116511	2026-05-14 19:10:24	1	1	15	0
        117727	2026-05-14 19:10:29	1	1	15	0
        110149	2026-05-14 19:19:16	1	1	15	0
        116829	2026-05-14 19:21:32	1	1	15	0
        117274	2026-05-14 19:21:37	1	1	15	0
        118729	2026-05-14 19:28:46	1	1	15	0
        118694	2026-05-14 19:28:55	1	1	15	0
        118298	2026-05-14 20:15:43	1	1	1	0
        116434	2026-05-14 20:15:46	1	1	1	0
        118479	2026-05-15 07:30:03	1	0	15	0
        117398	2026-05-15 08:57:25	1	0	15	0
        110124	2026-05-15 09:00:15	1	0	15	0
        117398	2026-05-15 12:01:55	1	2	15	0
        117398	2026-05-15 12:07:36	1	2	15	0
        117398	2026-05-15 17:16:27	1	1	15	0
        110124	2026-05-15 17:41:33	1	1	15	0
        117775	2026-05-18 06:06:47	1	0	15	0
        118326	2026-05-18 06:24:40	1	0	15	0
        116466	2026-05-18 06:47:28	1	0	1	0
        117656	2026-05-18 06:51:49	1	0	15	0
        117451	2026-05-18 06:52:23	1	0	15	0
        119406	2026-05-18 06:53:42	1	0	15	0
        110362	2026-05-18 06:53:47	1	0	15	0
        110542	2026-05-18 06:54:18	1	0	15	0
        110794	2026-05-18 06:57:49	1	0	15	0
        116007	2026-05-18 06:58:02	1	0	1	0
        110806	2026-05-18 06:58:08	1	0	15	0
        110472	2026-05-18 06:58:26	1	0	15	0
        116007	2026-05-18 06:59:23	1	0	1	0
        118125	2026-05-18 07:01:38	1	0	1	0
        110454	2026-05-18 07:01:43	1	0	15	0
        117273	2026-05-18 07:01:47	1	0	15	0
        118160	2026-05-18 07:01:51	1	0	15	0
        110429	2026-05-18 07:02:08	1	0	15	0
        116159	2026-05-18 07:04:27	1	0	15	0
        110641	2026-05-18 07:04:31	1	0	15	0
        116735	2026-05-18 07:04:43	1	0	15	0
        118548	2026-05-18 07:04:58	1	0	15	0
        110068	2026-05-18 07:05:19	1	0	1	0
        118143	2026-05-18 07:06:31	1	0	15	0
        119393	2026-05-18 07:07:07	1	0	15	0
        116690	2026-05-18 07:07:11	1	0	15	0
        119206	2026-05-18 07:07:15	1	0	15	0
        110534	2026-05-18 07:07:19	1	0	15	0
        116509	2026-05-18 07:08:06	1	0	15	0
        117090	2026-05-18 07:09:07	1	0	15	0
        119077	2026-05-18 07:09:50	1	0	15	0
        110149	2026-05-18 07:10:44	1	0	15	0
        116096	2026-05-18 07:11:28	1	0	15	0
        119117	2026-05-18 07:12:03	1	0	1	0
        110045	2026-05-18 07:12:16	1	0	15	0
        116524	2026-05-18 07:14:42	1	0	15	0
        116511	2026-05-18 07:15:09	1	0	15	0
        110461	2026-05-18 07:15:14	1	0	15	0
        117977	2026-05-18 07:18:33	1	0	15	0
        117274	2026-05-18 07:20:57	1	0	15	0
        117239	2026-05-18 07:22:10	1	0	15	0
        118585	2026-05-18 07:23:38	1	0	15	0
        116202	2026-05-18 07:24:06	1	0	15	0
        110646	2026-05-18 07:24:10	1	0	15	0
        117727	2026-05-18 07:25:07	1	0	15	0
        116192	2026-05-18 07:26:35	1	0	15	0
        110531	2026-05-18 07:28:09	1	0	15	0
        118146	2026-05-18 07:30:43	1	0	15	0
        110124	2026-05-18 07:30:48	1	0	15	0
        110115	2026-05-18 07:31:52	1	0	15	0
        116738	2026-05-18 07:32:38	1	0	15	0
        116152	2026-05-18 07:33:11	1	0	15	0
        117267	2026-05-18 07:33:19	1	0	15	0
        116712	2026-05-18 07:35:36	1	0	15	0
        119392	2026-05-18 07:38:45	1	0	15	0
        119376	2026-05-18 07:39:09	1	0	15	0
        116844	2026-05-18 07:39:18	1	0	15	0
        110533	2026-05-18 07:39:21	1	0	15	0
        110426	2026-05-18 07:41:11	1	0	15	0
        110064	2026-05-18 07:42:16	1	0	15	0
        116434	2026-05-18 07:46:10	1	0	1	0
        110530	2026-05-18 07:49:23	1	0	15	0
        119443	2026-05-18 07:50:52	1	0	15	0
        116487	2026-05-18 07:59:02	1	0	15	0
        118566	2026-05-18 07:59:38	1	0	15	0
        110359	2026-05-18 07:59:47	1	0	15	0
        117518	2026-05-18 08:02:10	1	0	15	0
        118801	2026-05-18 08:10:41	1	0	15	0
        116476	2026-05-18 08:14:50	1	0	15	0
        116825	2026-05-18 08:18:45	1	0	15	0
        118729	2026-05-18 08:20:32	1	0	15	0
        110361	2026-05-18 08:22:19	1	0	15	0
        117398	2026-05-18 08:22:33	1	0	15	0
        116829	2026-05-18 08:22:44	1	0	1	0
        117687	2026-05-18 08:49:02	1	0	15	0
        118398	2026-05-18 09:15:35	1	0	15	0
        118694	2026-05-18 09:38:58	1	0	15	0
        119376	2026-05-18 12:01:06	1	2	15	0
        119393	2026-05-18 12:01:13	1	2	15	0
        119443	2026-05-18 12:01:20	1	2	15	0
        110531	2026-05-18 12:01:27	1	2	15	0
        110542	2026-05-18 12:01:38	1	2	15	0
        117090	2026-05-18 12:01:56	1	2	15	0
        118160	2026-05-18 12:01:59	1	2	15	0
        110533	2026-05-18 12:02:08	1	2	15	0
        116825	2026-05-18 12:02:25	1	2	15	0
        116476	2026-05-18 12:02:35	1	2	15	0
        117518	2026-05-18 12:02:45	1	2	15	0
        116096	2026-05-18 12:02:59	1	2	15	0
        110461	2026-05-18 12:04:23	1	2	15	0
        119393	2026-05-18 12:04:27	1	2	15	0
        119443	2026-05-18 12:04:30	1	2	15	0
        118160	2026-05-18 12:04:34	1	2	15	0
        117090	2026-05-18 12:04:38	1	2	15	0
        119376	2026-05-18 12:04:42	1	2	15	0
        119117	2026-05-18 12:04:52	1	2	1	0
        116487	2026-05-18 12:04:58	1	2	15	0
        110064	2026-05-18 12:05:09	1	2	15	0
        118548	2026-05-18 12:05:27	1	2	15	0
        110068	2026-05-18 12:05:31	1	2	1	0
        119406	2026-05-18 12:05:37	1	2	15	0
        117775	2026-05-18 12:05:41	1	2	15	0
        118801	2026-05-18 12:05:47	1	2	15	0
        116070	2026-05-18 12:05:52	1	2	15	0
        116509	2026-05-18 12:05:56	1	2	15	0
        110362	2026-05-18 12:06:00	1	2	15	0
        110641	2026-05-18 12:06:03	1	2	15	0
        116096	2026-05-18 12:06:14	1	2	1	0
        116825	2026-05-18 12:06:22	1	2	15	0
        116690	2026-05-18 12:06:35	1	2	15	0
        110806	2026-05-18 12:06:39	1	2	15	0
        110646	2026-05-18 12:06:50	1	2	15	0
        110542	2026-05-18 12:06:57	1	2	15	0
        110531	2026-05-18 12:07:02	1	2	15	0
        116487	2026-05-18 12:07:06	1	2	15	0
        110361	2026-05-18 12:07:11	1	2	15	0
        118326	2026-05-18 12:07:15	1	2	15	0
        110533	2026-05-18 12:07:24	1	2	15	0
        117687	2026-05-18 12:07:28	1	2	15	0
        116192	2026-05-18 12:07:32	1	2	15	0
        116202	2026-05-18 12:07:35	1	2	15	0
        110794	2026-05-18 12:07:40	1	2	15	0
        116152	2026-05-18 12:07:44	1	2	15	0
        110426	2026-05-18 12:07:48	1	2	15	0
        110530	2026-05-18 12:07:54	1	2	15	0
        116829	2026-05-18 12:08:00	1	2	15	0
        117274	2026-05-18 12:08:04	1	2	15	0
        119206	2026-05-18 12:08:09	1	2	15	0
        117518	2026-05-18 12:08:14	1	2	15	0
        119117	2026-05-18 12:08:20	1	2	1	0
        117727	2026-05-18 12:08:35	1	2	15	0
        110064	2026-05-18 12:08:42	1	2	15	0
        116159	2026-05-18 12:09:37	1	2	15	0
        116738	2026-05-18 12:09:42	1	2	15	0
        117775	2026-05-18 12:10:08	1	2	15	0
        118125	2026-05-18 12:10:21	1	2	15	0
        116152	2026-05-18 12:10:44	1	2	15	0
        116192	2026-05-18 12:10:51	1	2	15	0
        119406	2026-05-18 12:10:55	1	2	15	0
        118566	2026-05-18 12:10:59	1	2	15	0
        117977	2026-05-18 12:11:05	1	2	15	0
        116829	2026-05-18 12:11:17	1	2	15	0
        117274	2026-05-18 12:11:27	1	2	15	0
        119206	2026-05-18 12:11:30	1	2	15	0
        110115	2026-05-18 12:11:39	1	2	15	0
        110045	2026-05-18 12:11:43	1	2	15	0
        117687	2026-05-18 12:11:49	1	2	15	0
        118548	2026-05-18 12:11:53	1	2	15	0
        118326	2026-05-18 12:11:58	1	2	15	0
        110068	2026-05-18 12:12:11	1	2	1	0
        110362	2026-05-18 12:12:17	1	2	15	0
        116712	2026-05-18 12:12:23	1	2	15	0
        110646	2026-05-18 12:12:32	1	2	15	0
        110806	2026-05-18 12:12:39	1	2	15	0
        110149	2026-05-18 12:12:44	1	2	15	0
        110429	2026-05-18 12:13:44	1	2	15	0
        117977	2026-05-18 12:14:17	1	2	15	0
        116434	2026-05-18 12:14:21	1	2	1	0
        116466	2026-05-18 12:14:27	1	2	1	0
        110124	2026-05-18 12:14:35	1	2	15	0
        119077	2026-05-18 12:14:45	1	2	15	0
        116511	2026-05-18 12:14:54	1	2	15	0
        110641	2026-05-18 12:15:35	1	2	15	0
        118566	2026-05-18 12:15:41	1	2	15	0
        116007	2026-05-18 12:16:06	1	2	1	0
        110530	2026-05-18 12:16:12	1	2	15	0
        110426	2026-05-18 12:16:16	1	2	15	0
        117398	2026-05-18 12:16:51	1	2	15	0
        116712	2026-05-18 12:16:55	1	2	15	0
        116509	2026-05-18 12:18:16	1	2	15	0
        110359	2026-05-18 12:18:25	1	2	15	0
        117273	2026-05-18 12:18:30	1	2	15	0
        119077	2026-05-18 12:18:55	1	2	15	0
        110045	2026-05-18 12:19:07	1	2	15	0
        110115	2026-05-18 12:19:13	1	2	15	0
        117398	2026-05-18 12:19:20	1	2	15	0
        118398	2026-05-18 12:19:26	1	2	15	0
        117451	2026-05-18 12:20:13	1	2	15	0
        110149	2026-05-18 12:21:01	1	2	15	0
        110124	2026-05-18 12:21:42	1	2	15	0
        116466	2026-05-18 12:21:50	1	2	1	0
        116434	2026-05-18 12:21:54	1	2	1	0
        118143	2026-05-18 12:22:00	1	2	15	0
        110359	2026-05-18 12:22:07	1	2	15	0
        117273	2026-05-18 12:22:11	1	2	15	0
        118694	2026-05-18 12:22:39	1	2	15	0
        118125	2026-05-18 12:22:55	1	2	1	0
        110361	2026-05-18 12:23:07	1	2	15	0
        118398	2026-05-18 12:23:22	1	2	15	0
        117451	2026-05-18 12:23:43	1	2	15	0
        110472	2026-05-18 12:24:41	1	2	15	0
        118143	2026-05-18 12:26:53	1	2	15	0
        110429	2026-05-18 12:28:37	1	2	15	0
        118146	2026-05-18 12:28:43	1	2	15	0
        116524	2026-05-18 12:28:59	1	2	15	0
        117239	2026-05-18 12:29:04	1	2	15	0
        118694	2026-05-18 12:29:10	1	2	15	0
        116844	2026-05-18 12:29:49	1	2	15	0
        110472	2026-05-18 12:30:47	1	3	15	0
        117656	2026-05-18 12:31:00	1	3	15	0
        116007	2026-05-18 12:31:59	1	3	1	0
        117727	2026-05-18 12:32:11	1	3	15	0
        116738	2026-05-18 12:32:23	1	3	15	0
        118801	2026-05-18 12:32:40	1	3	15	0
        118146	2026-05-18 12:32:47	1	3	15	0
        117239	2026-05-18 12:33:16	1	3	15	0
        116524	2026-05-18 12:33:26	1	3	15	0
        117656	2026-05-18 12:36:28	1	3	15	0
        116844	2026-05-18 12:36:31	1	3	15	0
        117267	2026-05-18 12:38:32	1	3	15	0
        116735	2026-05-18 12:38:39	1	3	15	0
        116476	2026-05-18 12:38:50	1	3	15	0
        116159	2026-05-18 12:38:56	1	3	15	0
        110794	2026-05-18 12:40:55	1	3	15	0
        117476	2026-05-18 12:42:54	1	3	15	0
        116735	2026-05-18 12:43:04	1	3	15	0
        117267	2026-05-18 12:43:11	1	3	15	0
        110461	2026-05-18 12:43:24	1	3	15	0
        117476	2026-05-18 12:44:17	1	3	15	0
        118585	2026-05-18 12:45:16	1	3	15	0
        118585	2026-05-18 12:47:15	1	3	15	0
        118729	2026-05-18 12:49:57	1	3	15	0
        116202	2026-05-18 12:50:03	1	3	15	0
        116690	2026-05-18 12:50:09	1	3	15	0
        110534	2026-05-18 12:52:13	1	3	15	0
        110454	2026-05-18 12:52:17	1	3	15	0
        118729	2026-05-18 12:52:55	1	3	15	0
        119392	2026-05-18 12:54:30	1	3	15	0
        110454	2026-05-18 12:55:03	1	3	15	0
        110534	2026-05-18 12:55:08	1	3	15	0
        116511	2026-05-18 12:55:34	1	3	15	0
        119392	2026-05-18 12:57:43	1	3	15	0
        118585	2026-05-18 15:00:18	1	3	15	0
        116476	2026-05-18 17:31:34	1	1	15	0
        117398	2026-05-18 17:34:09	1	1	15	0
        110362	2026-05-18 18:01:13	1	1	15	0
        110641	2026-05-18 18:01:32	1	1	15	0
        119406	2026-05-18 18:01:39	1	1	15	0
        116007	2026-05-18 18:01:46	1	1	1	0
        110454	2026-05-18 18:02:11	1	1	15	0
        110361	2026-05-18 18:02:30	1	1	15	0
        110806	2026-05-18 18:02:35	1	1	15	0
        110542	2026-05-18 18:02:41	1	1	15	0
        117273	2026-05-18 18:02:46	1	1	15	0
        118326	2026-05-18 18:03:42	1	1	15	0
        117656	2026-05-18 18:05:18	1	1	15	0
        110472	2026-05-18 18:05:38	1	1	15	0
        116159	2026-05-18 18:05:44	1	1	15	0
        110534	2026-05-18 18:08:08	1	1	15	0
        116735	2026-05-18 18:08:31	1	1	15	0
        116690	2026-05-18 18:08:47	1	1	15	0
        119206	2026-05-18 18:09:20	1	1	15	0
        119077	2026-05-18 18:12:00	1	1	15	0
        119117	2026-05-18 18:13:37	1	1	1	0
        118160	2026-05-18 18:13:44	1	1	15	0
        117090	2026-05-18 18:13:47	1	1	15	0
        118548	2026-05-18 18:14:36	1	1	15	0
        117451	2026-05-18 18:18:24	1	1	15	0
        110429	2026-05-18 18:22:09	1	1	15	0
        116509	2026-05-18 18:23:24	1	1	15	0
        117239	2026-05-18 18:26:13	1	1	15	0
        118125	2026-05-18 18:26:19	1	1	15	0
        119393	2026-05-18 18:27:06	1	1	15	0
        110646	2026-05-18 18:27:37	1	1	15	0
        110359	2026-05-18 18:28:13	1	1	15	0
        116524	2026-05-18 18:29:59	1	1	15	0
        110531	2026-05-18 18:31:18	1	1	15	0
        116825	2026-05-18 18:32:10	1	1	15	0
        117977	2026-05-18 18:34:03	1	1	15	0
        118143	2026-05-18 18:34:53	1	1	15	0
        118146	2026-05-18 18:38:27	1	1	15	0
        116466	2026-05-18 18:38:36	1	1	1	0
        119392	2026-05-18 18:40:40	1	1	15	0
        116152	2026-05-18 18:41:25	1	1	15	0
        110068	2026-05-18 18:41:32	1	1	1	0
        110533	2026-05-18 18:42:31	1	1	15	0
        116844	2026-05-18 18:43:45	1	1	15	0
        119376	2026-05-18 18:44:34	1	1	15	0
        117267	2026-05-18 18:49:13	1	1	15	0
        116738	2026-05-18 18:50:12	1	1	15	0
        110530	2026-05-18 18:50:29	1	1	15	0
        116192	2026-05-18 18:50:58	1	1	15	0
        116202	2026-05-18 18:51:07	1	1	15	0
        110426	2026-05-18 18:52:14	1	1	15	0
        110115	2026-05-18 18:52:38	1	1	15	0
        110064	2026-05-18 18:52:45	1	1	15	0
        118566	2026-05-18 18:57:33	1	1	15	0
        118801	2026-05-18 19:00:06	1	1	15	0
        118566	2026-05-18 19:00:20	1	1	15	0
        116487	2026-05-18 19:01:58	1	1	15	0
        110794	2026-05-18 19:02:28	1	1	15	0
        116712	2026-05-18 19:04:57	1	1	15	0
        118398	2026-05-18 19:05:19	1	1	15	0
        119443	2026-05-18 19:05:23	1	1	15	0
        117518	2026-05-18 19:05:27	1	1	15	0
        117274	2026-05-18 19:07:06	1	1	15	0
        117687	2026-05-18 19:07:10	1	1	15	0
        116829	2026-05-18 19:07:14	1	1	1	0
        117727	2026-05-18 19:16:00	1	1	15	0
        117775	2026-05-18 19:16:07	1	1	15	0
        116434	2026-05-18 19:16:11	1	1	1	0
        110149	2026-05-18 19:16:19	1	1	15	0
        116511	2026-05-18 19:16:25	1	1	15	0
        110124	2026-05-18 19:16:39	1	1	15	0
        110461	2026-05-18 19:32:28	1	1	15	0
        118694	2026-05-18 19:32:41	1	1	15	0
        118729	2026-05-18 19:33:05	1	1	15	0
        118146	2026-05-19 06:36:48	1	0	15	0
        118326	2026-05-19 06:44:30	1	0	15	0
        116509	2026-05-19 06:50:33	1	0	15	0
        110064	2026-05-19 06:50:39	1	0	15	0
        116738	2026-05-19 06:51:32	1	0	15	0
        110641	2026-05-19 06:54:28	1	0	15	0
        116442	2026-05-19 06:56:22	1	0	15	0
        110806	2026-05-19 06:56:29	1	0	15	0
        117451	2026-05-19 06:58:23	1	0	15	0
        110542	2026-05-19 06:58:39	1	0	15	0
        110472	2026-05-19 07:00:39	1	0	15	0
        117239	2026-05-19 07:00:44	1	0	15	0
        117656	2026-05-19 07:01:36	1	0	15	0
        118298	2026-05-19 07:02:36	1	0	1	0
        119406	2026-05-19 07:02:51	1	0	15	0
        118548	2026-05-19 07:05:44	1	0	15	0
        116524	2026-05-19 07:05:48	1	0	15	0
        117727	2026-05-19 07:06:29	1	0	15	0
        117090	2026-05-19 07:08:32	1	0	15	0
        116735	2026-05-19 07:15:53	1	0	15	0
        119077	2026-05-19 07:16:25	1	0	15	0
        110454	2026-05-19 07:17:17	1	0	15	0
        116466	2026-05-19 07:17:30	1	0	1	0
        110794	2026-05-19 07:19:33	1	0	15	0
        116202	2026-05-19 07:20:04	1	0	15	0
        116690	2026-05-19 07:21:09	1	0	15	0
        118251	2026-05-19 07:22:48	1	0	1	0
        110362	2026-05-19 07:26:01	1	0	15	0
        117977	2026-05-19 07:28:07	1	0	15	0
        110533	2026-05-19 07:30:23	1	0	15	0
        110361	2026-05-19 07:31:52	1	0	15	0
        116263	2026-05-19 07:33:55	1	0	15	0
        117273	2026-05-19 07:35:38	1	0	15	0
        116152	2026-05-19 07:36:04	1	0	15	0
        119393	2026-05-19 07:36:44	1	0	15	0
        116622	2026-05-19 07:40:03	1	0	1	0
        116844	2026-05-19 07:47:54	1	0	15	0
        117267	2026-05-19 07:50:13	1	0	15	0
        117518	2026-05-19 07:50:45	1	0	15	0
        110149	2026-05-19 07:52:26	1	0	15	0
        119376	2026-05-19 07:54:20	1	0	15	0
        118083	2026-05-19 07:55:18	1	0	15	0
        110646	2026-05-19 07:58:57	1	0	15	0
        119392	2026-05-19 07:59:08	1	0	15	0
        110534	2026-05-19 08:00:07	1	0	15	0
        116007	2026-05-19 08:04:05	1	0	1	0
        117274	2026-05-19 08:06:15	1	0	15	0
        110359	2026-05-19 08:07:09	1	0	15	0
        110531	2026-05-19 08:08:23	1	0	15	0
        110124	2026-05-19 08:08:47	1	0	1	0
        118801	2026-05-19 08:09:02	1	0	15	0
        116511	2026-05-19 08:09:35	1	0	15	0
        110461	2026-05-19 08:09:44	1	0	15	0
        118729	2026-05-19 08:13:22	1	0	15	0
        118694	2026-05-19 08:13:40	1	0	15	0
        116712	2026-05-19 08:19:19	1	0	15	0
        116476	2026-05-19 08:20:51	1	0	15	0
        118566	2026-05-19 08:26:07	1	0	15	0
        118398	2026-05-19 08:27:41	1	0	15	0
        117687	2026-05-19 08:36:40	1	0	15	0
        110359	2026-05-19 12:00:06	1	0	15	0
        117090	2026-05-19 12:00:11	1	0	15	0
        116524	2026-05-19 12:01:03	1	2	15	0
        117451	2026-05-19 12:01:29	1	2	15	0
        117656	2026-05-19 12:02:11	1	2	15	0
        117451	2026-05-19 12:03:07	1	2	15	0
        110359	2026-05-19 12:03:13	1	2	15	0
        117090	2026-05-19 12:03:18	1	2	15	0
        118801	2026-05-19 12:03:35	1	2	15	0
        117518	2026-05-19 12:04:01	1	2	15	0
        119376	2026-05-19 12:04:08	1	2	15	0
        110531	2026-05-19 12:04:49	1	2	15	0
        110542	2026-05-19 12:04:55	1	2	15	0
        110533	2026-05-19 12:05:01	1	2	15	0
        116524	2026-05-19 12:05:13	1	0	15	0
        116442	2026-05-19 12:05:18	1	0	15	0
        117656	2026-05-19 12:05:24	1	0	15	0
        116007	2026-05-19 12:05:46	1	0	1	0
        118548	2026-05-19 12:05:52	1	2	15	0
        116263	2026-05-19 12:05:56	1	2	15	0
        117775	2026-05-19 12:06:02	1	2	15	0
        119393	2026-05-19 12:06:09	1	2	15	0
        118251	2026-05-19 12:06:13	1	2	1	0
        116738	2026-05-19 12:06:29	1	2	15	0
        118398	2026-05-19 12:06:34	1	2	15	0
        110362	2026-05-19 12:07:00	1	2	15	0
        110646	2026-05-19 12:07:06	1	2	15	0
        110806	2026-05-19 12:07:10	1	2	15	0
        118083	2026-05-19 12:07:16	1	2	15	0
        110361	2026-05-19 12:07:26	1	2	15	0
        116622	2026-05-19 12:07:31	1	2	1	0
        116476	2026-05-19 12:07:37	1	2	15	0
        116202	2026-05-19 12:07:42	1	2	15	0
        110641	2026-05-19 12:07:47	1	2	15	0
        116690	2026-05-19 12:07:52	1	2	15	0
        119376	2026-05-19 12:08:00	1	2	15	0
        117518	2026-05-19 12:08:09	1	2	15	0
        118566	2026-05-19 12:08:14	1	2	15	0
        117727	2026-05-19 12:08:24	1	2	15	0
        118801	2026-05-19 12:08:33	1	2	15	0
        119406	2026-05-19 12:08:38	1	2	15	0
        118585	2026-05-19 12:08:52	1	2	15	0
        110533	2026-05-19 12:09:29	1	2	15	0
        110531	2026-05-19 12:09:32	1	2	15	0
        110542	2026-05-19 12:09:39	1	2	15	0
        119077	2026-05-19 12:09:45	1	2	15	0
        110472	2026-05-19 12:10:29	1	2	15	0
        118566	2026-05-19 12:11:09	1	2	15	0
        117775	2026-05-19 12:11:38	1	2	15	0
        118585	2026-05-19 12:12:07	1	2	15	0
        119406	2026-05-19 12:12:29	1	2	15	0
        119077	2026-05-19 12:12:34	1	2	15	0
        119393	2026-05-19 12:12:39	1	2	15	0
        118251	2026-05-19 12:12:44	1	2	1	0
        118548	2026-05-19 12:12:51	1	2	15	0
        116263	2026-05-19 12:12:55	1	2	15	0
        118398	2026-05-19 12:12:59	1	2	15	0
        117687	2026-05-19 12:13:03	1	2	15	0
        118326	2026-05-19 12:13:14	1	2	15	0
        110646	2026-05-19 12:13:37	1	2	15	0
        110806	2026-05-19 12:13:43	1	2	15	0
        116152	2026-05-19 12:13:49	1	2	15	0
        110361	2026-05-19 12:14:23	1	2	15	0
        110362	2026-05-19 12:14:27	1	2	15	0
        116442	2026-05-19 12:14:36	1	0	15	0
        116690	2026-05-19 12:15:09	1	0	15	0
        116622	2026-05-19 12:15:13	1	0	1	0
        116712	2026-05-19 12:16:01	1	2	15	0
        110124	2026-05-19 12:16:09	1	2	15	0
        110461	2026-05-19 12:16:15	1	2	15	0
        118146	2026-05-19 12:16:19	1	2	15	0
        117687	2026-05-19 12:16:33	1	2	15	0
        116152	2026-05-19 12:16:50	1	2	15	0
        110641	2026-05-19 12:17:18	1	2	15	0
        110794	2026-05-19 12:19:02	1	2	15	0
        116007	2026-05-19 12:19:24	1	2	1	0
        118326	2026-05-19 12:19:30	1	2	15	0
        117977	2026-05-19 12:19:55	1	2	15	0
        116202	2026-05-19 12:20:20	1	2	15	0
        118125	2026-05-19 12:20:43	1	2	1	0
        117977	2026-05-19 12:22:19	1	2	15	0
        116712	2026-05-19 12:24:02	1	2	15	0
        118125	2026-05-19 12:25:20	1	2	1	0
        118083	2026-05-19 12:25:41	1	2	15	0
        110149	2026-05-19 12:25:58	1	2	15	0
        116511	2026-05-19 12:26:27	1	2	15	0
        110064	2026-05-19 12:27:16	1	2	15	0
        116434	2026-05-19 12:29:35	1	2	1	0
        116466	2026-05-19 12:29:40	1	2	1	0
        118298	2026-05-19 12:29:53	1	2	1	0
        116509	2026-05-19 12:30:05	1	2	15	0
        110124	2026-05-19 12:30:11	1	2	15	0
        118694	2026-05-19 12:30:23	1	2	15	0
        117267	2026-05-19 12:30:36	1	2	15	0
        116735	2026-05-19 12:30:43	1	2	15	0
        110064	2026-05-19 12:32:23	1	3	15	0
        117727	2026-05-19 12:32:27	1	3	15	0
        116738	2026-05-19 12:32:32	1	3	15	0
        110472	2026-05-19 12:32:37	1	3	15	0
        116844	2026-05-19 12:32:40	1	3	15	0
        117239	2026-05-19 12:32:44	1	3	15	0
        110115	2026-05-19 12:35:27	1	3	15	0
        116735	2026-05-19 12:36:51	1	3	15	0
        118694	2026-05-19 12:36:57	1	3	15	0
        117267	2026-05-19 12:37:00	1	3	15	0
        116511	2026-05-19 12:37:21	1	3	15	0
        116844	2026-05-19 12:37:24	1	3	15	0
        116476	2026-05-19 12:37:59	1	3	15	0
        110461	2026-05-19 12:39:34	1	3	15	0
        110149	2026-05-19 12:40:15	1	3	15	0
        117274	2026-05-19 12:40:19	1	3	15	0
        118298	2026-05-19 12:41:31	1	3	1	0
        116509	2026-05-19 12:41:43	1	3	15	0
        118146	2026-05-19 12:41:47	1	3	15	0
        116434	2026-05-19 12:41:52	1	3	1	0
        117239	2026-05-19 12:42:06	1	3	15	0
        110794	2026-05-19 12:43:00	1	3	15	0
        117274	2026-05-19 12:43:54	1	3	15	0
        117273	2026-05-19 12:44:57	1	3	15	0
        110115	2026-05-19 12:45:48	1	3	15	0
        117273	2026-05-19 12:48:12	1	3	15	0
        116466	2026-05-19 12:51:22	1	3	1	0
        118729	2026-05-19 12:54:57	1	3	15	0
        119392	2026-05-19 12:55:46	1	3	15	0
        110454	2026-05-19 12:56:13	1	3	15	0
        110534	2026-05-19 12:56:19	1	3	15	0
        110534	2026-05-19 12:59:06	1	3	15	0
        110454	2026-05-19 12:59:12	1	3	15	0
        118729	2026-05-19 13:00:06	1	3	15	0
        119392	2026-05-19 13:00:36	1	3	15	0
        110646	2026-05-19 16:05:16	1	1	15	0
        116476	2026-05-19 17:04:30	1	1	15	0
        117273	2026-05-19 18:01:56	1	1	15	0
        119406	2026-05-19 18:02:45	1	1	15	0
        117656	2026-05-19 18:03:10	1	1	15	0
        118326	2026-05-19 18:03:14	1	1	15	0
        110641	2026-05-19 18:03:44	1	1	15	0
        116442	2026-05-19 18:04:47	1	1	15	0
        117239	2026-05-19 18:05:16	1	1	15	0
        110472	2026-05-19 18:05:20	1	1	15	0
        110542	2026-05-19 18:06:19	1	1	15	0
        117451	2026-05-19 18:07:00	1	1	15	0
        110806	2026-05-19 18:07:23	1	1	15	0
        110454	2026-05-19 18:09:22	1	1	15	0
        116524	2026-05-19 18:11:18	1	1	15	0
        118548	2026-05-19 18:13:38	1	1	15	0
        117090	2026-05-19 18:17:24	1	1	15	0
        119077	2026-05-19 18:17:39	1	1	15	0
        116735	2026-05-19 18:18:04	1	1	15	0
        116690	2026-05-19 18:21:40	1	1	15	0
        110359	2026-05-19 18:22:11	1	1	15	0
        116466	2026-05-19 18:22:27	1	1	1	0
        116738	2026-05-19 18:24:56	1	1	15	0
        110362	2026-05-19 18:26:04	1	1	15	0
        116509	2026-05-19 18:28:03	1	1	15	0
        110361	2026-05-19 18:28:30	1	1	15	0
        117977	2026-05-19 18:29:10	1	1	15	0
        118251	2026-05-19 18:29:17	1	1	1	0
        118125	2026-05-19 18:30:03	1	1	15	0
        110794	2026-05-19 18:33:21	1	1	15	0
        118146	2026-05-19 18:33:48	1	1	15	0
        110533	2026-05-19 18:34:09	1	1	15	0
        116202	2026-05-19 18:34:19	1	1	15	0
        116007	2026-05-19 18:34:33	1	1	1	0
        110534	2026-05-19 18:37:52	1	1	15	0
        119393	2026-05-19 18:37:56	1	1	15	0
        118298	2026-05-19 18:41:57	1	1	1	0
        116622	2026-05-19 18:43:02	1	1	1	0
        117267	2026-05-19 18:51:02	1	1	15	0
        118566	2026-05-19 18:55:01	1	1	15	0
        116844	2026-05-19 18:56:48	1	1	15	0
        117518	2026-05-19 18:57:17	1	1	15	0
        119376	2026-05-19 19:00:40	1	1	15	0
        110531	2026-05-19 19:01:04	1	1	15	0
        119392	2026-05-19 19:01:44	1	1	15	0
        117687	2026-05-19 19:02:03	1	1	15	0
        118801	2026-05-19 19:03:55	1	1	15	0
        118585	2026-05-19 19:04:54	1	1	15	0
        118398	2026-05-19 19:05:32	1	1	15	0
        116263	2026-05-19 19:06:09	1	1	15	0
        110149	2026-05-19 19:07:55	1	1	15	0
        116434	2026-05-19 19:10:59	1	1	1	0
        117727	2026-05-19 19:11:07	1	1	15	0
        110124	2026-05-19 19:15:07	1	1	15	0
        117775	2026-05-19 19:15:15	1	1	15	0
        118083	2026-05-19 19:15:34	1	1	15	0
        116712	2026-05-19 19:16:56	1	1	15	0
        117274	2026-05-19 19:17:01	1	1	15	0
        116511	2026-05-19 19:17:13	1	1	15	0
        110461	2026-05-19 19:17:18	1	1	15	0
        110115	2026-05-19 19:22:32	1	1	15	0
        118729	2026-05-19 19:35:29	1	1	15	0
        118694	2026-05-19 19:35:33	1	1	15	0
        118146	2026-05-20 06:20:44	1	0	15	0
        118694	2026-05-20 06:28:57	1	0	15	0
        118694	2026-05-20 06:30:56	1	0	15	0
        118326	2026-05-20 06:35:48	1	0	15	0
        117451	2026-05-20 06:40:39	1	0	15	0
        110641	2026-05-20 06:50:05	1	0	15	0
        118160	2026-05-20 06:52:11	1	0	15	0
        118548	2026-05-20 06:52:16	1	0	15	0
        116690	2026-05-20 06:52:57	1	0	15	0
        117656	2026-05-20 06:54:41	1	0	15	0
        116622	2026-05-20 07:00:20	1	0	1	0
        119117	2026-05-20 07:01:35	1	0	1	0
        116738	2026-05-20 07:02:21	1	0	15	0
        110543	2026-05-20 07:04:03	1	0	15	0
        117273	2026-05-20 07:05:14	1	0	15	0
        110361	2026-05-20 07:06:08	1	0	15	0
        116466	2026-05-20 07:06:30	1	0	1	0
        110454	2026-05-20 07:07:13	1	0	15	0
        118143	2026-05-20 07:08:08	1	0	15	0
        118125	2026-05-20 07:08:17	1	0	1	0
        110362	2026-05-20 07:09:17	1	0	15	0
        116159	2026-05-20 07:09:22	1	0	15	0
        118251	2026-05-20 07:10:21	1	0	1	0
        116202	2026-05-20 07:12:27	1	0	15	0
        118729	2026-05-20 07:13:51	1	0	15	0
        110531	2026-05-20 07:20:00	1	0	15	0
        110530	2026-05-20 07:20:06	1	0	15	0
        110188	2026-05-20 07:22:15	1	0	15	0
        118801	2026-05-20 07:22:22	1	0	15	0
        110794	2026-05-20 07:24:15	1	0	15	0
        117267	2026-05-20 07:24:49	1	0	15	0
        117977	2026-05-20 07:28:29	1	0	15	0
        110646	2026-05-20 07:29:13	1	0	15	0
        116434	2026-05-20 07:30:45	1	0	1	0
        110429	2026-05-20 07:31:35	1	0	15	0
        116263	2026-05-20 07:32:22	1	0	15	0
        119077	2026-05-20 07:33:47	1	0	15	0
        116192	2026-05-20 07:35:11	1	0	15	0
        117518	2026-05-20 07:35:54	1	0	15	0
        116844	2026-05-20 07:36:00	1	0	15	0
        119443	2026-05-20 07:38:13	1	0	15	0
        110534	2026-05-20 07:43:19	1	0	15	0
        117398	2026-05-20 07:45:51	1	0	15	0
        119393	2026-05-20 07:46:02	1	0	15	0
        119392	2026-05-20 07:47:11	1	0	15	0
        110806	2026-05-20 07:47:17	1	0	15	0
        119376	2026-05-20 07:48:42	1	0	15	0
        118566	2026-05-20 07:52:31	1	0	15	0
        110149	2026-05-20 07:53:43	1	0	15	0
        118083	2026-05-20 07:55:09	1	0	15	0
        116487	2026-05-20 07:57:11	1	0	15	0
        110124	2026-05-20 07:58:51	1	0	15	0
        117274	2026-05-20 08:02:19	1	0	15	0
        110426	2026-05-20 08:02:32	1	0	15	0
        116511	2026-05-20 08:05:41	1	0	15	0
        110461	2026-05-20 08:05:53	1	0	15	0
        116735	2026-05-20 08:06:46	1	0	15	0
        110359	2026-05-20 08:12:12	1	0	15	0
        116712	2026-05-20 08:17:23	1	0	15	0
        116476	2026-05-20 08:17:28	1	0	15	0
        117687	2026-05-20 08:45:05	1	0	15	0
        116152	2026-05-20 09:31:40	1	0	15	0
        118398	2026-05-20 10:49:15	1	0	15	0
        117977	2026-05-20 11:54:34	1	0	15	0
        116735	2026-05-20 12:00:06	1	0	15	0
        117267	2026-05-20 12:00:12	1	0	15	0
        110362	2026-05-20 12:00:17	1	0	15	0
        110641	2026-05-20 12:00:20	1	0	15	0
        110426	2026-05-20 12:00:48	1	0	15	0
        110531	2026-05-20 12:00:54	1	0	15	0
        110454	2026-05-20 12:00:59	1	0	15	0
        119117	2026-05-20 12:01:09	1	0	1	0
        116159	2026-05-20 12:02:16	1	2	15	0
        117398	2026-05-20 12:03:19	1	2	15	0
        117274	2026-05-20 12:03:46	1	2	15	0
        119392	2026-05-20 12:04:16	1	2	15	0
        119376	2026-05-20 12:04:22	1	2	15	0
        110454	2026-05-20 12:04:37	1	2	15	0
        119117	2026-05-20 12:04:41	1	2	1	0
        118548	2026-05-20 12:04:57	1	2	15	0
        110531	2026-05-20 12:05:08	1	2	15	0
        110362	2026-05-20 12:05:48	1	2	15	0
        110641	2026-05-20 12:05:56	1	2	15	0
        116476	2026-05-20 12:06:44	1	2	15	0
        119376	2026-05-20 12:06:55	1	2	15	0
        110806	2026-05-20 12:07:03	1	2	15	0
        116622	2026-05-20 12:07:08	1	2	1	0
        110646	2026-05-20 12:07:15	1	2	15	0
        116202	2026-05-20 12:07:20	1	2	15	0
        116690	2026-05-20 12:07:24	1	2	15	0
        110426	2026-05-20 12:07:29	1	2	15	0
        119392	2026-05-20 12:07:34	1	2	15	0
        118398	2026-05-20 12:07:39	1	2	15	0
        117274	2026-05-20 12:07:43	1	2	15	0
        110359	2026-05-20 12:07:46	1	2	15	0
        117273	2026-05-20 12:07:49	1	2	15	0
        117398	2026-05-20 12:07:54	1	2	15	0
        117656	2026-05-20 12:08:04	1	2	15	0
        116159	2026-05-20 12:08:21	1	2	15	0
        117518	2026-05-20 12:08:29	1	2	15	0
        110794	2026-05-20 12:08:43	1	2	15	0
        118548	2026-05-20 12:09:18	1	2	15	0
        118083	2026-05-20 12:10:28	1	2	15	0
        119393	2026-05-20 12:11:29	1	2	15	0
        118251	2026-05-20 12:11:33	1	2	1	0
        116263	2026-05-20 12:11:39	1	2	15	0
        119443	2026-05-20 12:11:45	1	2	15	0
        110188	2026-05-20 12:11:49	1	2	15	0
        110359	2026-05-20 12:11:54	1	2	15	0
        117273	2026-05-20 12:11:58	1	2	15	0
        118801	2026-05-20 12:12:02	1	2	15	0
        116487	2026-05-20 12:12:21	1	2	15	0
        116434	2026-05-20 12:13:08	1	2	1	0
        110646	2026-05-20 12:13:22	1	2	15	0
        116622	2026-05-20 12:13:27	1	2	1	0
        116007	2026-05-20 12:13:30	1	2	1	0
        117518	2026-05-20 12:13:37	1	2	15	0
        116690	2026-05-20 12:13:42	1	2	15	0
        110806	2026-05-20 12:13:49	1	2	15	0
        116202	2026-05-20 12:13:54	1	2	15	0
        118398	2026-05-20 12:13:58	1	2	15	0
        117656	2026-05-20 12:14:04	1	2	15	0
        110429	2026-05-20 12:14:09	1	2	15	0
        116466	2026-05-20 12:14:12	1	2	1	0
        110188	2026-05-20 12:14:18	1	2	15	0
        118566	2026-05-20 12:14:24	1	2	15	0
        118326	2026-05-20 12:14:43	1	2	15	0
        110461	2026-05-20 12:14:53	1	2	15	0
        118801	2026-05-20 12:15:10	1	2	15	0
        118146	2026-05-20 12:15:17	1	2	15	0
        110149	2026-05-20 12:15:56	1	2	15	0
        110124	2026-05-20 12:17:01	1	2	15	0
        118326	2026-05-20 12:17:23	1	2	15	0
        118083	2026-05-20 12:18:01	1	2	15	0
        116192	2026-05-20 12:18:08	1	2	15	0
        116511	2026-05-20 12:18:26	1	2	15	0
        110530	2026-05-20 12:18:37	1	2	15	0
        116263	2026-05-20 12:19:11	1	2	15	0
        119393	2026-05-20 12:19:20	1	2	15	0
        119077	2026-05-20 12:19:24	1	2	15	0
        118251	2026-05-20 12:19:32	1	2	1	0
        119443	2026-05-20 12:19:39	1	2	15	0
        110361	2026-05-20 12:19:46	1	2	15	0
        118729	2026-05-20 12:19:51	1	2	15	0
        118566	2026-05-20 12:19:55	1	2	15	0
        118694	2026-05-20 12:19:59	1	2	15	0
        116844	2026-05-20 12:20:02	1	2	15	0
        118143	2026-05-20 12:21:09	1	2	15	0
        118125	2026-05-20 12:22:47	1	2	15	0
        117451	2026-05-20 12:22:58	1	2	15	0
        118143	2026-05-20 12:23:31	1	2	15	0
        116192	2026-05-20 12:23:37	1	2	15	0
        119077	2026-05-20 12:23:42	1	2	15	0
        116844	2026-05-20 12:23:49	1	2	15	0
        116007	2026-05-20 12:24:25	1	2	1	0
        117451	2026-05-20 12:25:31	1	2	15	0
        118729	2026-05-20 12:25:41	1	2	15	0
        118694	2026-05-20 12:25:45	1	2	15	0
        110534	2026-05-20 12:26:34	1	2	15	0
        110361	2026-05-20 12:26:45	1	2	15	0
        118125	2026-05-20 12:26:50	1	2	15	0
        110534	2026-05-20 12:29:12	1	2	15	0
        116511	2026-05-20 12:31:22	1	3	15	0
        110461	2026-05-20 12:31:28	1	3	15	0
        116487	2026-05-20 12:33:16	1	3	15	0
        110124	2026-05-20 12:33:32	1	3	1	0
        118160	2026-05-20 12:34:21	1	3	15	0
        116152	2026-05-20 12:36:40	1	3	15	0
        116476	2026-05-20 12:37:05	1	3	15	0
        116735	2026-05-20 12:37:33	1	3	15	0
        117267	2026-05-20 12:37:40	1	3	15	0
        110149	2026-05-20 12:38:10	1	3	15	0
        118160	2026-05-20 12:38:23	1	3	15	0
        110543	2026-05-20 12:39:10	1	3	15	0
        116152	2026-05-20 12:39:44	1	3	15	0
        118146	2026-05-20 12:41:17	1	3	15	0
        110543	2026-05-20 12:43:00	1	3	15	0
        116466	2026-05-20 12:43:07	1	3	1	0
        116434	2026-05-20 12:43:21	1	3	1	0
        110429	2026-05-20 12:46:17	1	3	15	0
        110530	2026-05-20 12:46:26	1	3	15	0
        110794	2026-05-20 12:50:10	1	3	15	0
        118251	2026-05-20 13:39:21	1	3	1	0
        116476	2026-05-20 17:29:42	1	1	15	0
        117398	2026-05-20 17:30:44	1	1	15	0
        117656	2026-05-20 18:01:48	1	1	15	0
        118326	2026-05-20 18:02:00	1	1	15	0
        110454	2026-05-20 18:02:55	1	1	15	0
        110543	2026-05-20 18:03:12	1	1	15	0
        116690	2026-05-20 18:03:52	1	1	15	0
        116622	2026-05-20 18:04:53	1	1	1	0
        110641	2026-05-20 18:06:03	1	1	15	0
        110361	2026-05-20 18:06:52	1	1	15	0
        117451	2026-05-20 18:07:31	1	1	15	0
        118146	2026-05-20 18:08:40	1	1	15	0
        118160	2026-05-20 18:09:42	1	1	15	0
        117273	2026-05-20 18:10:13	1	1	15	0
        110362	2026-05-20 18:10:19	1	1	15	0
        119117	2026-05-20 18:11:34	1	1	1	0
        118548	2026-05-20 18:14:06	1	1	15	0
        116202	2026-05-20 18:17:19	1	1	15	0
        110530	2026-05-20 18:20:11	1	1	15	0
        110531	2026-05-20 18:24:23	1	1	15	0
        118801	2026-05-20 18:28:31	1	1	15	0
        116159	2026-05-20 18:29:18	1	1	15	0
        110646	2026-05-20 18:30:14	1	1	15	0
        110429	2026-05-20 18:34:43	1	1	15	0
        116466	2026-05-20 18:35:15	1	1	1	0
        116434	2026-05-20 18:35:20	1	1	1	0
        119077	2026-05-20 18:36:27	1	1	15	0
        116007	2026-05-20 18:39:15	1	1	15	0
        117267	2026-05-20 18:40:35	1	1	15	0
        118125	2026-05-20 18:40:40	1	1	15	0
        116844	2026-05-20 18:41:34	1	1	15	0
        110534	2026-05-20 18:42:26	1	1	15	0
        116192	2026-05-20 18:43:21	1	1	15	0
        110806	2026-05-20 18:48:31	1	1	15	0
        119376	2026-05-20 18:52:02	1	1	15	0
        110188	2026-05-20 18:52:07	1	1	15	0
        119392	2026-05-20 18:54:24	1	1	15	0
        119393	2026-05-20 18:56:21	1	1	15	0
        119443	2026-05-20 18:56:35	1	1	15	0
        117518	2026-05-20 18:56:41	1	1	15	0
        110794	2026-05-20 18:56:45	1	1	15	0
        118083	2026-05-20 19:00:35	1	1	15	0
        116487	2026-05-20 19:00:39	1	1	15	0
        110359	2026-05-20 19:00:43	1	1	15	0
        110426	2026-05-20 19:00:51	1	1	15	0
        118566	2026-05-20 19:01:00	1	1	15	0
        110149	2026-05-20 19:01:11	1	1	15	0
        116152	2026-05-20 19:03:13	1	1	15	0
        116263	2026-05-20 19:03:17	1	1	15	0
        118398	2026-05-20 19:03:22	1	1	15	0
        116511	2026-05-20 19:06:44	1	1	15	0
        110461	2026-05-20 19:06:49	1	1	15	0
        116735	2026-05-20 19:09:09	1	1	15	0
        118694	2026-05-20 19:09:14	1	1	15	0
        118729	2026-05-20 19:09:19	1	1	15	0
        117274	2026-05-20 19:10:22	1	1	15	0
        110124	2026-05-20 19:14:43	1	1	15	0
        117687	2026-05-20 19:24:09	1	1	15	0
        118143	2026-05-20 19:25:30	1	1	15	0
        118146	2026-05-21 06:27:06	1	0	15	0
        118326	2026-05-21 06:36:38	1	0	15	0
        117977	2026-05-21 06:36:52	1	0	15	0
        119406	2026-05-21 06:41:57	1	0	15	0
        117185	2026-05-21 06:46:34	1	0	15	0
        110542	2026-05-21 06:51:00	1	0	15	0
        118160	2026-05-21 06:51:12	1	0	15	0
        118548	2026-05-21 06:51:17	1	0	15	0
        110543	2026-05-21 06:52:45	1	0	15	0
        110362	2026-05-21 06:54:54	1	0	15	0
        110641	2026-05-21 07:00:16	1	0	15	0
        116622	2026-05-21 07:01:41	1	0	1	0
        116690	2026-05-21 07:02:47	1	0	15	0
        117090	2026-05-21 07:03:00	1	0	15	0
        110188	2026-05-21 07:06:25	1	0	15	0
        116159	2026-05-21 07:08:56	1	0	15	0
        116202	2026-05-21 07:11:21	1	0	15	0
        116738	2026-05-21 07:11:59	1	0	15	0
        110361	2026-05-21 07:13:39	1	0	15	0
        118143	2026-05-21 07:14:12	1	0	15	0
        117267	2026-05-21 07:14:21	1	0	15	0
        110454	2026-05-21 07:15:24	1	0	15	0
        110045	2026-05-21 07:15:39	1	0	15	0
        119077	2026-05-21 07:15:46	1	0	15	0
        119117	2026-05-21 07:17:28	1	0	1	0
        110068	2026-05-21 07:17:33	1	0	1	0
        110429	2026-05-21 07:18:20	1	0	15	0
        110149	2026-05-21 07:19:08	1	0	15	0
        119206	2026-05-21 07:20:46	1	0	15	0
        118729	2026-05-21 07:22:09	1	0	15	0
        118694	2026-05-21 07:22:13	1	0	15	0
        118251	2026-05-21 07:23:10	1	0	1	0
        116735	2026-05-21 07:24:59	1	0	15	0
        110794	2026-05-21 07:25:04	1	0	15	0
        116825	2026-05-21 07:25:44	1	0	15	0
        117656	2026-05-21 07:26:18	1	0	15	0
        110646	2026-05-21 07:29:00	1	0	15	0
        110531	2026-05-21 07:30:31	1	0	15	0
        116844	2026-05-21 07:31:00	1	0	15	0
        116434	2026-05-21 07:32:09	1	0	1	0
        116192	2026-05-21 07:36:06	1	0	15	0
        118801	2026-05-21 07:36:16	1	0	15	0
        110534	2026-05-21 07:36:55	1	0	15	0
        110426	2026-05-21 07:40:11	1	0	15	0
        116263	2026-05-21 07:42:06	1	0	15	0
        110806	2026-05-21 07:45:47	1	0	15	0
        119376	2026-05-21 07:45:52	1	0	15	0
        110530	2026-05-21 07:46:21	1	0	15	0
        119443	2026-05-21 07:46:44	1	0	15	0
        117518	2026-05-21 07:47:11	1	0	15	0
        116152	2026-05-21 07:47:41	1	0	15	0
        117273	2026-05-21 07:49:27	1	0	15	0
        116487	2026-05-21 07:49:31	1	0	15	0
        110124	2026-05-21 07:49:48	1	0	15	0
        116712	2026-05-21 07:50:06	1	0	15	0
        118398	2026-05-21 07:53:35	1	0	15	0
        116007	2026-05-21 07:56:49	1	0	1	0
        116511	2026-05-21 08:02:06	1	0	15	0
        110461	2026-05-21 08:02:12	1	0	15	0
        110359	2026-05-21 08:03:26	1	0	15	0
        118083	2026-05-21 08:07:00	1	0	15	0
        118585	2026-05-21 08:09:21	1	0	15	0
        116476	2026-05-21 08:09:33	1	0	15	0
        118566	2026-05-21 08:24:48	1	0	15	0
        117398	2026-05-21 08:33:30	1	0	15	0
        119392	2026-05-21 09:54:54	1	0	15	0
        117451	2026-05-21 09:58:28	1	0	15	0
        110362	2026-05-21 12:00:29	1	2	15	0
        118801	2026-05-21 12:01:10	1	2	15	0
        119376	2026-05-21 12:02:09	1	2	15	0
        116511	2026-05-21 12:02:29	1	2	15	0
        110361	2026-05-21 12:02:36	1	2	15	0
        110641	2026-05-21 12:02:45	1	2	15	0
        116007	2026-05-21 12:02:49	1	2	1	0
        119117	2026-05-21 12:03:03	1	2	1	0
        118398	2026-05-21 12:03:09	1	2	15	0
        116476	2026-05-21 12:03:15	1	2	15	0
        116263	2026-05-21 12:03:49	1	2	15	0
        119443	2026-05-21 12:03:54	1	2	15	0
        118251	2026-05-21 12:03:57	1	2	1	0
        116192	2026-05-21 12:04:26	1	2	15	0
        117090	2026-05-21 12:04:30	1	2	15	0
        118083	2026-05-21 12:04:34	1	2	15	0
        110045	2026-05-21 12:05:21	1	2	15	0
        116007	2026-05-21 12:05:44	1	2	1	0
        110646	2026-05-21 12:05:53	1	2	15	0
        116622	2026-05-21 12:06:01	1	2	1	0
        110806	2026-05-21 12:06:07	1	2	15	0
        117273	2026-05-21 12:06:12	1	2	15	0
        110362	2026-05-21 12:06:18	1	2	15	0
        119376	2026-05-21 12:06:27	1	2	15	0
        116487	2026-05-21 12:06:36	1	2	15	0
        117656	2026-05-21 12:06:40	1	2	15	0
        116690	2026-05-21 12:06:46	1	2	15	0
        118801	2026-05-21 12:06:50	1	2	15	0
        110426	2026-05-21 12:06:55	1	2	15	0
        110542	2026-05-21 12:07:00	1	2	15	0
        110361	2026-05-21 12:07:54	1	2	15	0
        110641	2026-05-21 12:08:09	1	2	15	0
        116511	2026-05-21 12:08:14	1	2	15	0
        110359	2026-05-21 12:08:19	1	2	15	0
        117656	2026-05-21 12:08:42	1	2	15	0
        118694	2026-05-21 12:08:53	1	2	15	0
        118729	2026-05-21 12:08:57	1	2	15	0
        110531	2026-05-21 12:09:04	1	2	15	0
        110530	2026-05-21 12:09:08	1	2	15	0
        118083	2026-05-21 12:09:15	1	2	15	0
        118251	2026-05-21 12:09:20	1	2	1	0
        119443	2026-05-21 12:09:28	1	2	15	0
        118398	2026-05-21 12:09:33	1	2	15	0
        116263	2026-05-21 12:09:39	1	2	15	0
        116202	2026-05-21 12:09:42	1	2	15	0
        119117	2026-05-21 12:09:53	1	2	1	0
        118548	2026-05-21 12:10:02	1	2	15	0
        110543	2026-05-21 12:10:36	1	2	15	0
        110454	2026-05-21 12:10:40	1	2	15	0
        110359	2026-05-21 12:11:06	1	2	15	0
        116152	2026-05-21 12:11:19	1	2	15	0
        119206	2026-05-21 12:11:22	1	2	15	0
        116735	2026-05-21 12:11:43	1	2	15	0
        117267	2026-05-21 12:11:49	1	2	15	0
        110149	2026-05-21 12:11:55	1	2	15	0
        110068	2026-05-21 12:11:59	1	2	1	0
        117451	2026-05-21 12:12:05	1	2	15	0
        116202	2026-05-21 12:12:10	1	2	15	0
        116690	2026-05-21 12:12:15	1	2	15	0
        110806	2026-05-21 12:12:23	1	2	15	0
        110542	2026-05-21 12:12:28	1	2	15	0
        110426	2026-05-21 12:12:33	1	2	15	0
        116622	2026-05-21 12:12:37	1	2	1	0
        110646	2026-05-21 12:12:43	1	2	15	0
        118125	2026-05-21 12:13:03	1	2	15	0
        116434	2026-05-21 12:13:12	1	2	1	0
        110188	2026-05-21 12:13:53	1	2	15	0
        110531	2026-05-21 12:14:45	1	2	15	0
        110530	2026-05-21 12:14:50	1	2	15	0
        119206	2026-05-21 12:16:33	1	2	15	0
        116152	2026-05-21 12:16:37	1	2	15	0
        118548	2026-05-21 12:16:50	1	2	15	0
        110068	2026-05-21 12:16:52	1	2	1	0
        119077	2026-05-21 12:16:59	1	2	15	0
        116487	2026-05-21 12:17:03	1	2	15	0
        110188	2026-05-21 12:17:56	1	2	15	0
        117451	2026-05-21 12:18:02	1	2	15	0
        119077	2026-05-21 12:18:07	1	2	15	0
        116735	2026-05-21 12:18:42	1	2	15	0
        117267	2026-05-21 12:18:47	1	2	15	0
        118125	2026-05-21 12:18:52	1	2	15	0
        110461	2026-05-21 12:18:57	1	2	15	0
        116844	2026-05-21 12:19:58	1	2	15	0
        110794	2026-05-21 12:21:42	1	2	15	0
        117090	2026-05-21 12:21:50	1	2	15	0
        116192	2026-05-21 12:21:54	1	2	15	0
        116434	2026-05-21 12:21:59	1	2	1	0
        110543	2026-05-21 12:22:06	1	2	15	0
        119406	2026-05-21 12:23:17	1	2	15	0
        116844	2026-05-21 12:23:25	1	2	15	0
        110461	2026-05-21 12:24:53	1	2	15	0
        119406	2026-05-21 12:25:13	1	2	15	0
        116825	2026-05-21 12:26:11	1	2	15	0
        117518	2026-05-21 12:26:15	1	2	15	0
        118326	2026-05-21 12:26:59	1	2	15	0
        118729	2026-05-21 12:27:28	1	2	15	0
        118694	2026-05-21 12:27:31	1	2	15	0
        110045	2026-05-21 12:27:58	1	2	15	0
        117185	2026-05-21 12:28:02	1	2	15	0
        110534	2026-05-21 12:28:59	1	2	15	0
        116825	2026-05-21 12:30:28	1	3	15	0
        117518	2026-05-21 12:30:35	1	3	15	0
        110149	2026-05-21 12:30:40	1	3	15	0
        117273	2026-05-21 12:30:48	1	3	15	0
        110534	2026-05-21 12:32:22	1	3	15	0
        118146	2026-05-21 12:33:20	1	3	15	0
        118160	2026-05-21 12:35:43	1	3	15	0
        110454	2026-05-21 12:35:47	1	3	15	0
        118326	2026-05-21 12:37:03	1	3	15	0
        118160	2026-05-21 12:37:14	1	3	15	0
        117185	2026-05-21 12:38:24	1	3	15	0
        118143	2026-05-21 12:40:49	1	3	15	0
        116476	2026-05-21 12:41:01	1	3	15	0
        118566	2026-05-21 12:41:40	1	3	15	0
        118143	2026-05-21 12:43:36	1	3	15	0
        116159	2026-05-21 12:44:15	1	3	15	0
        116712	2026-05-21 12:45:06	1	3	15	0
        118143	2026-05-21 12:45:48	1	3	15	0
        116712	2026-05-21 12:46:53	1	3	15	0
        118146	2026-05-21 12:47:01	1	3	15	0
        110429	2026-05-21 12:47:08	1	3	15	0
        118566	2026-05-21 12:49:35	1	3	15	0
        110794	2026-05-21 12:50:39	1	3	15	0
        116434	2026-05-21 12:51:16	1	3	1	0
        116159	2026-05-21 12:53:33	1	3	15	0
        118585	2026-05-21 12:53:38	1	3	15	0
        119392	2026-05-21 12:54:56	1	3	15	0
        110429	2026-05-21 12:55:12	1	3	15	0
        118585	2026-05-21 12:55:26	1	3	15	0
        119392	2026-05-21 12:57:41	1	3	15	0
        116476	2026-05-21 17:26:08	1	1	15	0
        116735	2026-05-21 17:37:45	1	1	15	0
        118694	2026-05-21 17:38:17	1	1	15	0
        110362	2026-05-21 18:00:39	1	1	15	0
        110641	2026-05-21 18:00:46	1	1	15	0
        110361	2026-05-21 18:01:06	1	1	15	0
        119406	2026-05-21 18:02:55	1	1	15	0
        117185	2026-05-21 18:03:57	1	1	15	0
        116622	2026-05-21 18:04:13	1	1	1	0
        116690	2026-05-21 18:04:19	1	1	15	0
        110542	2026-05-21 18:04:26	1	1	15	0
        119077	2026-05-21 18:04:38	1	1	15	0
        118548	2026-05-21 18:05:31	1	1	15	0
        118160	2026-05-21 18:05:35	1	1	15	0
        110454	2026-05-21 18:06:49	1	1	15	0
        110543	2026-05-21 18:07:53	1	1	15	0
        118326	2026-05-21 18:09:42	1	1	15	0
        116159	2026-05-21 18:13:15	1	1	15	0
        116825	2026-05-21 18:16:52	1	1	15	0
        117267	2026-05-21 18:16:56	1	1	15	0
        119206	2026-05-21 18:17:37	1	1	15	0
        119117	2026-05-21 18:18:00	1	1	1	0
        118251	2026-05-21 18:18:06	1	1	1	0
        110068	2026-05-21 18:18:12	1	1	1	0
        110045	2026-05-21 18:18:25	1	1	15	0
        110188	2026-05-21 18:22:55	1	1	15	0
        118146	2026-05-21 18:25:37	1	1	15	0
        117090	2026-05-21 18:26:23	1	1	15	0
        116007	2026-05-21 18:27:13	1	1	1	0
        110646	2026-05-21 18:29:24	1	1	15	0
        110534	2026-05-21 18:30:04	1	1	15	0
        110531	2026-05-21 18:33:19	1	1	15	0
        116844	2026-05-21 18:34:21	1	1	15	0
        118125	2026-05-21 18:34:26	1	1	15	0
        110794	2026-05-21 18:35:53	1	1	15	0
        117273	2026-05-21 18:36:09	1	1	15	0
        118801	2026-05-21 18:43:27	1	1	15	0
        116487	2026-05-21 18:44:21	1	1	15	0
        110426	2026-05-21 18:46:01	1	1	15	0
        119376	2026-05-21 18:47:14	1	1	15	0
        116192	2026-05-21 18:47:38	1	1	15	0
        110806	2026-05-21 18:47:50	1	1	15	0
        110530	2026-05-21 18:47:54	1	1	15	0
        116152	2026-05-21 18:51:32	1	1	15	0
        117518	2026-05-21 18:54:06	1	1	15	0
        116202	2026-05-21 18:54:14	1	1	15	0
        117451	2026-05-21 19:00:12	1	1	15	0
        110429	2026-05-21 19:00:29	1	1	15	0
        119392	2026-05-21 19:01:07	1	1	15	0
        117656	2026-05-21 19:02:07	1	1	15	0
        110359	2026-05-21 19:02:30	1	1	15	0
        118083	2026-05-21 19:03:30	1	1	15	0
        118398	2026-05-21 19:04:05	1	1	15	0
        116263	2026-05-21 19:04:10	1	1	15	0
        119443	2026-05-21 19:04:14	1	1	15	0
        118143	2026-05-21 19:10:42	1	1	15	0
        110149	2026-05-21 19:15:14	1	1	15	0
        118729	2026-05-21 19:16:25	1	1	15	0
        110461	2026-05-21 19:17:12	1	1	15	0
        116511	2026-05-21 19:17:18	1	1	15	0
        118566	2026-05-21 19:21:03	1	1	15	0
        118585	2026-05-21 20:21:04	1	1	15	0
        110124	2026-05-21 20:35:43	1	1	15	0
        116434	2026-05-21 20:36:36	1	1	1	0
        116738	2026-05-22 06:54:00	1	0	15	0
        116476	2026-05-22 08:14:44	1	0	15	0
        117398	2026-05-22 08:58:15	1	0	15	0
        117398	2026-05-22 12:05:11	1	2	15	0
        117398	2026-05-22 12:08:49	1	2	15	0
        116476	2026-05-22 12:12:54	1	2	15	0
        116476	2026-05-22 12:31:01	1	3	15	0
        116476	2026-05-22 17:10:06	1	1	15	0
        116690	2026-05-24 12:48:39	1	3	15	0
        116202	2026-05-24 13:08:59	1	3	15	0
        110426	2026-05-24 13:37:35	1	3	15	0
        117518	2026-05-24 14:12:26	1	3	15	0
        110426	2026-05-24 18:12:27	1	1	15	0
        117518	2026-05-24 18:12:31	1	1	15	0
        116690	2026-05-24 18:12:37	1	1	15	0
        116202	2026-05-24 18:12:42	1	1	15	0
        117775	2026-05-25 06:04:53	1	0	15	0
        110362	2026-05-25 06:18:33	1	0	15	0
        117656	2026-05-25 06:25:22	1	0	15	0
        118326	2026-05-25 06:34:45	1	0	15	0
        119376	2026-05-25 06:40:02	1	0	15	0
        118146	2026-05-25 06:42:15	1	0	15	0
        116509	2026-05-25 06:42:33	1	0	15	0
        110542	2026-05-25 06:47:47	1	0	15	0
        110472	2026-05-25 06:48:50	1	0	15	0
        110543	2026-05-25 06:50:15	1	0	15	0
        119077	2026-05-25 06:51:34	1	0	15	0
        116442	2026-05-25 06:52:14	1	0	15	0
        116690	2026-05-25 06:53:21	1	0	15	0
        119406	2026-05-25 06:54:51	1	0	15	0
        116159	2026-05-25 06:54:58	1	0	15	0
        110115	2026-05-25 06:56:04	1	0	15	0
        118125	2026-05-25 06:56:49	1	0	1	0
        118548	2026-05-25 06:57:00	1	0	15	0
        117090	2026-05-25 06:57:09	1	0	15	0
        118143	2026-05-25 06:57:45	1	0	15	0
        110794	2026-05-25 06:59:19	1	0	15	0
        116466	2026-05-25 07:00:33	1	0	1	0
        110068	2026-05-25 07:00:41	1	0	1	0
        110641	2026-05-25 07:00:47	1	0	15	0
        110534	2026-05-25 07:01:10	1	0	15	0
        117451	2026-05-25 07:02:48	1	0	15	0
        117185	2026-05-25 07:04:35	1	0	15	0
        116487	2026-05-25 07:05:02	1	0	15	0
        119393	2026-05-25 07:05:39	1	0	15	0
        116738	2026-05-25 07:06:30	1	0	15	0
        110454	2026-05-25 07:06:40	1	0	15	0
        118694	2026-05-25 07:06:57	1	0	15	0
        116622	2026-05-25 07:07:16	1	0	1	0
        119206	2026-05-25 07:08:02	1	0	15	0
        118251	2026-05-25 07:11:08	1	0	1	0
        117977	2026-05-25 07:15:34	1	0	15	0
        110149	2026-05-25 07:16:56	1	0	15	0
        110188	2026-05-25 07:17:42	1	0	15	0
        119117	2026-05-25 07:22:34	1	0	1	0
        116712	2026-05-25 07:22:41	1	0	15	0
        117267	2026-05-25 07:23:21	1	0	15	0
        110646	2026-05-25 07:24:16	1	0	15	0
        116844	2026-05-25 07:26:46	1	0	15	0
        116511	2026-05-25 07:26:51	1	0	15	0
        117239	2026-05-25 07:26:56	1	0	15	0
        116202	2026-05-25 07:29:32	1	0	15	0
        116735	2026-05-25 07:30:29	1	0	15	0
        118160	2026-05-25 07:30:36	1	0	15	0
        110806	2026-05-25 07:30:57	1	0	15	0
        116192	2026-05-25 07:32:08	1	0	15	0
        110124	2026-05-25 07:32:23	1	0	15	0
        117727	2026-05-25 07:32:57	1	0	15	0
        116825	2026-05-25 07:33:22	1	0	15	0
        110531	2026-05-25 07:37:47	1	0	15	0
        117518	2026-05-25 07:37:52	1	0	15	0
        119443	2026-05-25 07:41:28	1	0	15	0
        110426	2026-05-25 07:44:25	1	0	15	0
        110359	2026-05-25 07:47:19	1	0	15	0
        110530	2026-05-25 07:48:35	1	0	15	0
        110064	2026-05-25 07:48:40	1	0	15	0
        116434	2026-05-25 07:51:49	1	0	1	0
        118083	2026-05-25 07:52:49	1	0	15	0
        117274	2026-05-25 07:54:57	1	0	15	0
        116007	2026-05-25 08:00:31	1	0	1	0
        110429	2026-05-25 08:01:03	1	0	15	0
        117398	2026-05-25 08:04:18	1	0	15	0
        119392	2026-05-25 08:06:07	1	0	15	0
        118729	2026-05-25 08:07:13	1	0	15	0
        118585	2026-05-25 08:14:41	1	0	15	0
        116829	2026-05-25 08:20:18	1	0	15	0
        118801	2026-05-25 09:34:08	1	0	15	0
        116738	2026-05-25 11:48:14	1	0	15	0
        118251	2026-05-25 12:00:54	1	2	1	0
        119443	2026-05-25 12:01:04	1	2	15	0
        119393	2026-05-25 12:01:10	1	2	15	0
        119376	2026-05-25 12:01:32	1	2	15	0
        118083	2026-05-25 12:01:36	1	2	15	0
        116825	2026-05-25 12:01:44	1	2	15	0
        117398	2026-05-25 12:02:01	1	2	15	0
        110359	2026-05-25 12:02:18	1	2	15	0
        117775	2026-05-25 12:02:26	1	2	15	0
        110543	2026-05-25 12:03:22	1	2	15	0
        119117	2026-05-25 12:03:52	1	2	1	0
        119206	2026-05-25 12:04:04	1	2	15	0
        110542	2026-05-25 12:04:22	1	2	15	0
        110045	2026-05-25 12:04:37	1	2	15	0
        116152	2026-05-25 12:05:07	1	2	15	0
        116825	2026-05-25 12:05:13	1	2	15	0
        117775	2026-05-25 12:05:20	1	2	15	0
        116442	2026-05-25 12:05:29	1	2	15	0
        119443	2026-05-25 12:05:35	1	2	15	0
        118251	2026-05-25 12:05:39	1	2	1	0
        119393	2026-05-25 12:05:46	1	2	15	0
        116434	2026-05-25 12:05:56	1	2	1	0
        110359	2026-05-25 12:06:00	1	2	15	0
        119376	2026-05-25 12:06:52	1	2	15	0
        118083	2026-05-25 12:06:56	1	2	15	0
        110188	2026-05-25 12:07:11	1	2	15	0
        117656	2026-05-25 12:07:15	1	2	15	0
        116509	2026-05-25 12:07:19	1	2	15	0
        116192	2026-05-25 12:07:23	1	2	15	0
        117090	2026-05-25 12:07:27	1	2	15	0
        118160	2026-05-25 12:07:38	1	2	15	0
        110045	2026-05-25 12:08:07	1	2	15	0
        117274	2026-05-25 12:08:12	1	2	15	0
        119206	2026-05-25 12:08:21	1	2	15	0
        110542	2026-05-25 12:08:31	1	2	15	0
        117398	2026-05-25 12:08:37	1	2	15	0
        118125	2026-05-25 12:08:42	1	2	15	0
        119117	2026-05-25 12:08:48	1	2	1	0
        110646	2026-05-25 12:08:59	1	2	15	0
        110806	2026-05-25 12:09:03	1	2	15	0
        110530	2026-05-25 12:09:09	1	2	15	0
        116829	2026-05-25 12:09:17	1	2	15	0
        110531	2026-05-25 12:09:25	1	2	15	0
        117518	2026-05-25 12:09:39	1	2	15	0
        116622	2026-05-25 12:09:44	1	2	1	0
        116690	2026-05-25 12:09:53	1	2	15	0
        110426	2026-05-25 12:09:56	1	2	15	0
        116202	2026-05-25 12:10:02	1	2	15	0
        118801	2026-05-25 12:10:26	1	2	15	0
        118160	2026-05-25 12:10:32	1	2	15	0
        117090	2026-05-25 12:10:38	1	2	15	0
        116192	2026-05-25 12:10:41	1	2	15	0
        110188	2026-05-25 12:10:45	1	2	15	0
        110068	2026-05-25 12:10:52	1	2	1	0
        118548	2026-05-25 12:10:59	1	2	15	0
        110429	2026-05-25 12:11:18	1	2	15	0
        118125	2026-05-25 12:11:34	1	2	1	0
        118146	2026-05-25 12:12:20	1	2	15	0
        116007	2026-05-25 12:13:15	1	2	1	0
        116202	2026-05-25 12:13:21	1	2	15	0
        116690	2026-05-25 12:13:26	1	2	15	0
        117274	2026-05-25 12:13:31	1	2	15	0
        116829	2026-05-25 12:13:34	1	2	15	0
        117977	2026-05-25 12:13:44	1	2	15	0
        117656	2026-05-25 12:14:23	1	2	15	0
        118548	2026-05-25 12:15:10	1	2	15	0
        110068	2026-05-25 12:15:14	1	2	1	0
        117518	2026-05-25 12:15:26	1	2	15	0
        110530	2026-05-25 12:15:30	1	2	15	0
        110806	2026-05-25 12:15:35	1	2	15	0
        110531	2026-05-25 12:15:40	1	2	15	0
        116622	2026-05-25 12:15:45	1	2	1	0
        110426	2026-05-25 12:15:52	1	2	15	0
        116007	2026-05-25 12:16:11	1	2	1	0
        117977	2026-05-25 12:16:19	1	2	15	0
        119406	2026-05-25 12:17:11	1	2	15	0
        117185	2026-05-25 12:19:51	1	2	15	0
        119392	2026-05-25 12:20:02	1	2	15	0
        116442	2026-05-25 12:20:36	1	0	15	0
        116844	2026-05-25 12:20:41	1	0	15	0
        110115	2026-05-25 12:20:48	1	0	15	0
        118801	2026-05-25 12:20:56	1	0	15	0
        110641	2026-05-25 12:21:00	1	0	15	0
        110362	2026-05-25 12:21:03	1	0	15	0
        110361	2026-05-25 12:21:07	1	0	15	0
        110646	2026-05-25 12:21:49	1	0	15	0
        110064	2026-05-25 12:21:56	1	0	15	0
        110794	2026-05-25 12:22:20	1	0	15	0
        116844	2026-05-25 12:24:28	1	2	15	0
        119077	2026-05-25 12:24:43	1	2	15	0
        116487	2026-05-25 12:24:46	1	2	15	0
        118326	2026-05-25 12:25:01	1	2	15	0
        118326	2026-05-25 12:26:20	1	2	15	0
        118729	2026-05-25 12:26:29	1	2	15	0
        118694	2026-05-25 12:26:34	1	2	15	0
        116735	2026-05-25 12:26:40	1	2	15	0
        117451	2026-05-25 12:26:45	1	2	15	0
        117267	2026-05-25 12:26:49	1	2	15	0
        116509	2026-05-25 12:26:59	1	2	15	0
        119077	2026-05-25 12:27:08	1	2	1	0
        116487	2026-05-25 12:27:12	1	2	1	0
        110149	2026-05-25 12:27:23	1	2	15	0
        110362	2026-05-25 12:27:47	1	2	15	0
        110641	2026-05-25 12:27:54	1	2	15	0
        110361	2026-05-25 12:27:59	1	2	15	0
        118143	2026-05-25 12:28:29	1	2	15	0
        110429	2026-05-25 12:29:34	1	2	15	0
        110794	2026-05-25 12:30:27	1	3	15	0
        118729	2026-05-25 12:30:33	1	3	15	0
        118694	2026-05-25 12:30:38	1	3	15	0
        117451	2026-05-25 12:30:46	1	3	15	0
        118143	2026-05-25 12:30:53	1	3	15	0
        116735	2026-05-25 12:31:07	1	3	15	0
        117727	2026-05-25 12:31:13	1	3	15	0
        117267	2026-05-25 12:31:16	1	3	15	0
        110064	2026-05-25 12:31:21	1	3	15	0
        116738	2026-05-25 12:31:26	1	3	15	0
        110115	2026-05-25 12:36:50	1	3	15	0
        116466	2026-05-25 12:37:10	1	3	1	0
        116434	2026-05-25 12:37:28	1	3	1	0
        110472	2026-05-25 12:37:39	1	1	15	0
        117239	2026-05-25 12:37:46	1	1	15	0
        110124	2026-05-25 12:38:14	1	1	15	0
        110149	2026-05-25 12:39:01	1	3	15	0
        116511	2026-05-25 12:39:28	1	3	15	0
        118585	2026-05-25 12:39:44	1	3	15	0
        117185	2026-05-25 12:40:39	1	3	15	0
        118585	2026-05-25 12:41:04	1	3	15	0
        110472	2026-05-25 12:41:30	1	3	15	0
        117239	2026-05-25 12:41:34	1	3	15	0
        116712	2026-05-25 12:45:40	1	3	15	0
        118146	2026-05-25 12:46:30	1	3	15	0
        116738	2026-05-25 12:47:22	1	3	15	0
        117727	2026-05-25 12:47:29	1	3	15	0
        110534	2026-05-25 12:48:10	1	3	15	0
        110454	2026-05-25 12:48:15	1	3	15	0
        110454	2026-05-25 12:51:03	1	3	15	0
        110534	2026-05-25 12:51:09	1	3	15	0
        116712	2026-05-25 12:52:03	1	3	15	0
        119392	2026-05-25 12:53:26	1	3	15	0
        119406	2026-05-25 12:54:58	1	3	15	0
        116466	2026-05-25 12:56:48	1	3	1	0
        110124	2026-05-25 12:57:16	1	3	1	0
        119406	2026-05-25 12:58:29	1	3	15	0
        116511	2026-05-25 12:58:33	1	3	15	0
        117518	2026-05-25 15:08:27	1	3	15	0
        117398	2026-05-25 17:28:08	1	1	15	0
        118160	2026-05-25 17:49:17	1	1	15	0
        110454	2026-05-25 18:01:17	1	1	15	0
        116442	2026-05-25 18:01:59	1	1	15	0
        110542	2026-05-25 18:02:30	1	1	15	0
        116511	2026-05-25 18:03:10	1	1	15	0
        110472	2026-05-25 18:03:36	1	1	15	0
        116159	2026-05-25 18:03:40	1	1	15	0
        110068	2026-05-25 18:03:48	1	1	1	0
        110534	2026-05-25 18:03:59	1	1	15	0
        119077	2026-05-25 18:04:37	1	1	1	0
        110045	2026-05-25 18:04:45	1	1	15	0
        110362	2026-05-25 18:05:24	1	1	15	0
        110361	2026-05-25 18:05:34	1	1	15	0
        117656	2026-05-25 18:05:39	1	1	15	0
        110641	2026-05-25 18:05:46	1	1	15	0
        117185	2026-05-25 18:05:50	1	1	15	0
        116509	2026-05-25 18:06:46	1	1	15	0
        118146	2026-05-25 18:07:13	1	1	15	0
        118251	2026-05-25 18:07:18	1	1	1	0
        118326	2026-05-25 18:09:22	1	1	15	0
        119206	2026-05-25 18:09:42	1	1	15	0
        110115	2026-05-25 18:10:16	1	1	15	0
        116690	2026-05-25 18:10:21	1	1	15	0
        116622	2026-05-25 18:10:31	1	1	1	0
        116738	2026-05-25 18:13:19	1	1	15	0
        118548	2026-05-25 18:16:11	1	1	15	0
        119376	2026-05-25 18:18:46	1	1	15	0
        110188	2026-05-25 18:19:07	1	1	15	0
        117451	2026-05-25 18:23:50	1	1	15	0
        110646	2026-05-25 18:25:23	1	1	15	0
        117239	2026-05-25 18:26:07	1	1	15	0
        119393	2026-05-25 18:27:26	1	1	15	0
        117090	2026-05-25 18:27:30	1	1	15	0
        119117	2026-05-25 18:27:34	1	1	1	0
        116844	2026-05-25 18:31:48	1	1	15	0
        116825	2026-05-25 18:31:53	1	1	15	0
        119406	2026-05-25 18:33:25	1	1	15	0
        117267	2026-05-25 18:34:18	1	1	15	0
        110806	2026-05-25 18:34:23	1	1	15	0
        117977	2026-05-25 18:34:28	1	1	15	0
        110794	2026-05-25 18:37:37	1	1	15	0
        110531	2026-05-25 18:38:08	1	1	15	0
        117727	2026-05-25 18:39:08	1	1	15	0
        116192	2026-05-25 18:40:13	1	1	15	0
        116202	2026-05-25 18:40:23	1	1	15	0
        118143	2026-05-25 18:42:14	1	1	15	0
        116712	2026-05-25 18:46:05	1	1	15	0
        116735	2026-05-25 18:48:00	1	1	15	0
        110359	2026-05-25 18:52:12	1	1	15	0
        118125	2026-05-25 18:52:28	1	1	15	0
        110064	2026-05-25 18:52:52	1	1	15	0
        110426	2026-05-25 18:53:47	1	1	15	0
        110530	2026-05-25 18:53:51	1	1	15	0
        116007	2026-05-25 18:55:41	1	1	15	0
        118083	2026-05-25 18:57:50	1	1	15	0
        116152	2026-05-25 19:00:31	1	1	15	0
        119443	2026-05-25 19:00:36	1	1	15	0
        119392	2026-05-25 19:00:43	1	1	15	0
        110429	2026-05-25 19:01:33	1	1	15	0
        118801	2026-05-25 19:03:24	1	1	15	0
        118729	2026-05-25 19:06:07	1	1	15	0
        116466	2026-05-25 19:07:27	1	1	1	0
        116434	2026-05-25 19:07:33	1	1	1	0
        116829	2026-05-25 19:10:18	1	1	1	0
        117274	2026-05-25 19:11:45	1	1	15	0
        110124	2026-05-25 19:13:08	1	1	15	0
        117775	2026-05-25 19:13:13	1	1	15	0
        110149	2026-05-25 19:17:29	1	1	15	0
        118585	2026-05-25 20:34:22	1	1	15	0
        117775	2026-05-26 06:23:16	1	0	15	0
        110188	2026-05-26 06:34:24	1	0	15	0
        118326	2026-05-26 06:36:15	1	0	15	0
        110794	2026-05-26 06:40:53	1	0	15	0
        117451	2026-05-26 06:42:08	1	0	15	0
        116442	2026-05-26 06:43:09	1	0	15	0
        117656	2026-05-26 06:49:01	1	0	15	0
        116690	2026-05-26 06:51:40	1	0	15	0
        116509	2026-05-26 06:53:33	1	0	15	0
        110542	2026-05-26 06:56:51	1	0	15	0
        116202	2026-05-26 06:58:01	1	0	15	0
        110641	2026-05-26 06:59:54	1	0	15	0
        110472	2026-05-26 07:01:46	1	0	15	0
        117185	2026-05-26 07:02:51	1	0	15	0
        117090	2026-05-26 07:05:16	1	0	15	0
        117239	2026-05-26 07:05:23	1	0	15	0
        110362	2026-05-26 07:05:28	1	0	15	0
        118125	2026-05-26 07:06:05	1	0	15	0
        117977	2026-05-26 07:06:24	1	0	15	0
        110045	2026-05-26 07:07:13	1	0	15	0
        118251	2026-05-26 07:07:26	1	0	1	0
        110454	2026-05-26 07:08:54	1	0	15	0
        116825	2026-05-26 07:10:11	1	0	15	0
        118143	2026-05-26 07:12:37	1	0	15	0
        119077	2026-05-26 07:13:16	1	0	15	0
        116735	2026-05-26 07:14:03	1	0	15	0
        119117	2026-05-26 07:16:16	1	0	1	0
        118548	2026-05-26 07:16:23	1	0	15	0
        116622	2026-05-26 07:17:51	1	0	1	0
        119393	2026-05-26 07:19:01	1	0	15	0
        116738	2026-05-26 07:19:55	1	0	15	0
        116844	2026-05-26 07:20:00	1	0	15	0
        116159	2026-05-26 07:23:15	1	0	15	0
        110068	2026-05-26 07:24:34	1	0	1	0
        116466	2026-05-26 07:25:47	1	0	1	0
        118694	2026-05-26 07:27:58	1	0	15	0
        116487	2026-05-26 07:30:12	1	0	15	0
        116096	2026-05-26 07:32:57	1	0	15	0
        119206	2026-05-26 07:33:05	1	0	15	0
        110426	2026-05-26 07:33:16	1	0	15	0
        110534	2026-05-26 07:37:37	1	0	15	0
        117242	2026-05-26 07:38:33	1	0	1	0
        110530	2026-05-26 07:38:56	1	0	15	0
        117727	2026-05-26 07:39:02	1	0	15	0
        118729	2026-05-26 07:39:46	1	0	15	0
        110531	2026-05-26 07:40:30	1	0	15	0
        110359	2026-05-26 07:40:47	1	0	15	0
        116524	2026-05-26 07:44:31	1	0	15	0
        110806	2026-05-26 07:49:01	1	0	15	0
        117267	2026-05-26 07:51:40	1	0	15	0
        119376	2026-05-26 07:51:46	1	0	15	0
        116192	2026-05-26 07:51:54	1	0	15	0
        117518	2026-05-26 07:52:09	1	0	15	0
        110149	2026-05-26 07:52:39	1	0	15	0
        116152	2026-05-26 07:53:19	1	0	15	0
        118566	2026-05-26 07:54:00	1	0	15	0
        116712	2026-05-26 07:54:05	1	0	15	0
        118398	2026-05-26 07:55:05	1	0	15	0
        110124	2026-05-26 07:57:40	1	0	15	0
        110429	2026-05-26 08:02:21	1	0	15	0
        119443	2026-05-26 08:04:01	1	0	15	0
        118298	2026-05-26 08:06:38	1	0	1	0
        116476	2026-05-26 08:10:34	1	0	15	0
        118083	2026-05-26 08:11:12	1	0	15	0
        117274	2026-05-26 08:11:18	1	0	15	0
        110064	2026-05-26 08:13:58	1	0	15	0
        118585	2026-05-26 08:25:47	1	0	15	0
        110646	2026-05-26 08:30:00	1	0	15	0
        116829	2026-05-26 08:34:48	1	0	15	0
        110361	2026-05-26 08:39:27	1	0	15	0
        117398	2026-05-26 09:18:15	1	0	15	0
        119392	2026-05-26 09:22:49	1	0	15	0
        117977	2026-05-26 12:00:13	1	2	15	0
        117775	2026-05-26 12:00:25	1	2	15	0
        110362	2026-05-26 12:00:41	1	2	15	0
        110641	2026-05-26 12:01:09	1	2	15	0
        110361	2026-05-26 12:01:18	1	2	15	0
        117398	2026-05-26 12:01:33	1	2	15	0
        116487	2026-05-26 12:01:42	1	2	1	0
        110794	2026-05-26 12:01:52	1	2	15	0
        110454	2026-05-26 12:02:12	1	2	15	0
        117267	2026-05-26 12:02:58	1	2	15	0
        116735	2026-05-26 12:03:08	1	2	15	0
        119206	2026-05-26 12:03:34	1	2	15	0
        117977	2026-05-26 12:03:43	1	2	15	0
        116487	2026-05-26 12:04:03	1	2	1	0
        117775	2026-05-26 12:04:16	1	2	15	0
        117090	2026-05-26 12:04:22	1	2	15	0
        110542	2026-05-26 12:04:32	1	2	15	0
        116829	2026-05-26 12:04:36	1	2	15	0
        116442	2026-05-26 12:04:40	1	2	15	0
        110531	2026-05-26 12:04:55	1	2	15	0
        118251	2026-05-26 12:05:14	1	2	1	0
        119443	2026-05-26 12:05:20	1	2	15	0
        119393	2026-05-26 12:05:24	1	2	15	0
        110454	2026-05-26 12:05:30	1	2	15	0
        110045	2026-05-26 12:05:41	1	2	15	0
        119376	2026-05-26 12:05:46	1	2	15	0
        116152	2026-05-26 12:05:57	1	2	15	0
        117398	2026-05-26 12:06:15	1	2	15	0
        110361	2026-05-26 12:06:25	1	2	15	0
        116476	2026-05-26 12:06:30	1	2	15	0
        117242	2026-05-26 12:06:35	1	2	1	0
        116096	2026-05-26 12:06:45	1	2	15	0
        110064	2026-05-26 12:06:53	1	2	15	0
        116829	2026-05-26 12:06:57	1	2	15	0
        119206	2026-05-26 12:07:01	1	2	15	0
        110362	2026-05-26 12:07:08	1	2	15	0
        117451	2026-05-26 12:07:13	1	2	15	0
        110359	2026-05-26 12:07:19	1	2	15	0
        110794	2026-05-26 12:07:41	1	2	15	0
        117090	2026-05-26 12:08:03	1	2	15	0
        119376	2026-05-26 12:08:11	1	2	15	0
        110068	2026-05-26 12:08:29	1	2	1	0
        110542	2026-05-26 12:08:36	1	2	15	0
        118548	2026-05-26 12:08:40	1	2	15	0
        117656	2026-05-26 12:08:51	1	2	15	0
        117274	2026-05-26 12:08:58	1	2	15	0
        110188	2026-05-26 12:09:02	1	2	15	0
        116152	2026-05-26 12:09:07	1	2	15	0
        116690	2026-05-26 12:09:12	1	2	15	0
        116202	2026-05-26 12:09:18	1	2	15	0
        118251	2026-05-26 12:09:24	1	2	1	0
        119443	2026-05-26 12:09:34	1	2	15	0
        117518	2026-05-26 12:09:41	1	2	15	0
        119393	2026-05-26 12:09:46	1	2	15	0
        116466	2026-05-26 12:09:51	1	2	1	0
        118298	2026-05-26 12:09:58	1	2	1	0
        119077	2026-05-26 12:10:02	1	2	1	0
        110359	2026-05-26 12:10:14	1	2	15	0
        119117	2026-05-26 12:10:18	1	2	1	0
        116096	2026-05-26 12:10:32	1	2	1	0
        116509	2026-05-26 12:10:37	1	2	15	0
        110045	2026-05-26 12:10:45	1	2	15	0
        110806	2026-05-26 12:10:55	1	2	15	0
        110531	2026-05-26 12:11:00	1	2	15	0
        116622	2026-05-26 12:11:08	1	2	1	0
        110426	2026-05-26 12:11:14	1	2	15	0
        110530	2026-05-26 12:11:18	1	2	15	0
        117274	2026-05-26 12:11:27	1	2	15	0
        110641	2026-05-26 12:11:31	1	2	15	0
        116712	2026-05-26 12:11:40	1	2	15	0
        117656	2026-05-26 12:11:45	1	2	15	0
        117239	2026-05-26 12:12:04	1	2	15	0
        110188	2026-05-26 12:12:09	1	2	15	0
        118548	2026-05-26 12:12:14	1	2	15	0
        110068	2026-05-26 12:12:17	1	2	1	0
        110646	2026-05-26 12:12:46	1	2	15	0
        116690	2026-05-26 12:13:11	1	2	15	0
        118398	2026-05-26 12:13:15	1	2	15	0
        119077	2026-05-26 12:13:21	1	2	15	0
        117451	2026-05-26 12:13:28	1	2	15	0
        116202	2026-05-26 12:13:33	1	2	15	0
        119117	2026-05-26 12:13:41	1	2	1	0
        110429	2026-05-26 12:14:02	1	2	15	0
        110064	2026-05-26 12:14:49	1	2	15	0
        116712	2026-05-26 12:14:57	1	2	15	0
        118083	2026-05-26 12:15:45	1	2	15	0
        117518	2026-05-26 12:16:00	1	2	15	0
        116622	2026-05-26 12:16:07	1	2	1	0
        110806	2026-05-26 12:16:14	1	2	15	0
        110646	2026-05-26 12:16:18	1	2	15	0
        118326	2026-05-26 12:16:22	1	2	15	0
        110426	2026-05-26 12:16:30	1	2	15	0
        110530	2026-05-26 12:17:02	1	2	15	0
        116442	2026-05-26 12:17:23	1	0	15	0
        110149	2026-05-26 12:17:55	1	0	15	0
        118694	2026-05-26 12:19:03	1	2	15	0
        118125	2026-05-26 12:19:12	1	2	1	0
        118729	2026-05-26 12:19:20	1	2	15	0
        118083	2026-05-26 12:19:25	1	2	15	0
        116844	2026-05-26 12:19:50	1	2	15	0
        110472	2026-05-26 12:21:01	1	2	15	0
        116524	2026-05-26 12:21:11	1	2	15	0
        118326	2026-05-26 12:21:45	1	2	15	0
        116466	2026-05-26 12:21:57	1	2	1	0
        116509	2026-05-26 12:22:17	1	2	15	0
        118125	2026-05-26 12:24:05	1	2	15	0
        118729	2026-05-26 12:24:16	1	2	15	0
        116738	2026-05-26 12:24:34	1	2	15	0
        110472	2026-05-26 12:25:09	1	0	15	0
        116524	2026-05-26 12:25:20	1	2	15	0
        116007	2026-05-26 12:25:34	1	2	1	0
        110149	2026-05-26 12:26:23	1	2	15	0
        118694	2026-05-26 12:27:06	1	2	15	0
        117242	2026-05-26 12:27:48	1	2	1	0
        116844	2026-05-26 12:29:34	1	2	15	0
        118566	2026-05-26 12:29:50	1	2	15	0
        116007	2026-05-26 12:30:24	1	2	1	0
        117239	2026-05-26 12:33:12	1	3	15	0
        118298	2026-05-26 12:34:16	1	3	1	0
        116466	2026-05-26 12:34:20	1	3	1	0
        116738	2026-05-26 12:36:54	1	3	15	0
        118585	2026-05-26 12:37:05	1	3	15	0
        118398	2026-05-26 12:37:11	1	3	15	0
        110429	2026-05-26 12:37:31	1	3	15	0
        118143	2026-05-26 12:38:08	1	3	15	0
        118585	2026-05-26 12:38:41	1	3	15	0
        117267	2026-05-26 12:38:51	1	3	15	0
        116159	2026-05-26 12:39:20	1	3	15	0
        116476	2026-05-26 12:41:18	1	3	15	0
        118143	2026-05-26 12:41:23	1	3	15	0
        116159	2026-05-26 12:44:20	1	3	15	0
        110124	2026-05-26 12:44:56	1	3	1	0
        118566	2026-05-26 12:45:16	1	3	15	0
        116007	2026-05-26 12:45:22	1	3	1	0
        116192	2026-05-26 12:47:02	1	3	15	0
        110534	2026-05-26 12:47:55	1	3	15	0
        116735	2026-05-26 12:48:18	1	3	15	0
        110124	2026-05-26 12:50:06	1	3	1	0
        110534	2026-05-26 12:50:28	1	3	15	0
        116192	2026-05-26 12:50:46	1	3	15	0
        119392	2026-05-26 12:51:41	1	3	15	0
        119392	2026-05-26 12:54:40	1	3	15	0
        116825	2026-05-26 12:55:09	1	3	15	0
        116825	2026-05-26 12:58:40	1	3	15	0
        118801	2026-05-26 13:05:07	1	3	15	0
        117398	2026-05-26 18:00:04	1	1	15	0
        116442	2026-05-26 18:02:20	1	1	15	0
        110542	2026-05-26 18:04:18	1	1	15	0
        118326	2026-05-26 18:04:50	1	1	15	0
        110641	2026-05-26 18:05:35	1	1	15	0
        117239	2026-05-26 18:06:44	1	1	15	0
        110362	2026-05-26 18:07:02	1	1	15	0
        116690	2026-05-26 18:08:56	1	1	15	0
        110045	2026-05-26 18:09:59	1	1	15	0
        117185	2026-05-26 18:10:34	1	1	15	0
        110454	2026-05-26 18:14:03	1	1	15	0
        116509	2026-05-26 18:14:17	1	1	15	0
        117090	2026-05-26 18:14:41	1	1	15	0
        110188	2026-05-26 18:16:01	1	1	15	0
        117451	2026-05-26 18:17:34	1	1	15	0
        119077	2026-05-26 18:18:05	1	1	1	0
        118548	2026-05-26 18:18:11	1	1	15	0
        119117	2026-05-26 18:20:08	1	1	1	0
        110361	2026-05-26 18:21:01	1	1	15	0
        119206	2026-05-26 18:21:23	1	1	15	0
        117977	2026-05-26 18:22:01	1	1	15	0
        116622	2026-05-26 18:23:24	1	1	1	0
        116738	2026-05-26 18:24:27	1	1	15	0
        110068	2026-05-26 18:28:09	1	1	1	0
        116825	2026-05-26 18:31:38	1	1	15	0
        110534	2026-05-26 18:31:51	1	1	15	0
        110472	2026-05-26 18:35:51	1	1	15	0
        116844	2026-05-26 18:36:31	1	1	15	0
        110426	2026-05-26 18:38:38	1	1	15	0
        110531	2026-05-26 18:41:02	1	1	15	0
        117656	2026-05-26 18:44:15	1	1	15	0
        110359	2026-05-26 18:44:50	1	1	15	0
        116524	2026-05-26 18:45:07	1	1	15	0
        118298	2026-05-26 18:45:24	1	1	1	0
        116007	2026-05-26 18:45:52	1	1	15	0
        116202	2026-05-26 18:46:00	1	1	15	0
        110530	2026-05-26 18:46:06	1	1	15	0
        116096	2026-05-26 18:46:14	1	1	15	0
        116487	2026-05-26 18:47:01	1	1	1	0
        118125	2026-05-26 18:47:08	1	1	15	0
        119393	2026-05-26 18:47:22	1	1	15	0
        117242	2026-05-26 18:49:11	1	1	1	0
        116735	2026-05-26 18:52:19	1	1	15	0
        117267	2026-05-26 18:52:25	1	1	15	0
        110806	2026-05-26 18:53:58	1	1	15	0
        119376	2026-05-26 18:57:44	1	1	15	0
        110646	2026-05-26 19:00:05	1	1	15	0
        119392	2026-05-26 19:00:09	1	1	15	0
        117518	2026-05-26 19:00:11	1	1	15	0
        116192	2026-05-26 19:00:18	1	1	15	0
        118251	2026-05-26 19:00:27	1	1	1	0
        119443	2026-05-26 19:00:33	1	1	15	0
        118398	2026-05-26 19:00:40	1	1	15	0
        118801	2026-05-26 19:03:45	1	1	15	0
        110064	2026-05-26 19:05:06	1	1	15	0
        118083	2026-05-26 19:05:50	1	1	15	0
        116159	2026-05-26 19:06:00	1	1	15	0
        110429	2026-05-26 19:06:07	1	1	15	0
        110124	2026-05-26 19:06:13	1	1	15	0
        117727	2026-05-26 19:06:17	1	1	15	0
        117775	2026-05-26 19:06:24	1	1	15	0
        116152	2026-05-26 19:08:40	1	1	15	0
        118143	2026-05-26 19:13:24	1	1	15	0
        118566	2026-05-26 19:14:32	1	1	15	0
        116829	2026-05-26 19:17:11	1	1	15	0
        117274	2026-05-26 19:17:15	1	1	15	0
        116712	2026-05-26 19:20:06	1	1	15	0
        110149	2026-05-26 19:21:41	1	1	15	0
        118694	2026-05-26 19:21:45	1	1	15	0
        118729	2026-05-26 19:21:50	1	1	15	0
        118585	2026-05-26 19:23:18	1	1	15	0
        110794	2026-05-26 20:06:42	1	1	15	0
        117775	2026-05-27 08:27:33	1	0	15	0
        110124	2026-05-27 08:41:51	1	0	15	0
        117775	2026-05-27 12:03:31	1	2	15	0
        117775	2026-05-27 12:22:22	1	2	15	0
        110124	2026-05-27 16:11:03	1	1	15	0
        117775	2026-05-27 16:11:08	1	1	15	0
        117775	2026-05-28 06:24:32	1	0	15	0
        117451	2026-05-28 06:27:21	1	0	15	0
        110530	2026-05-28 06:36:55	1	0	15	0
        118326	2026-05-28 06:37:53	1	0	15	0
        118160	2026-05-28 06:40:29	1	0	15	0
        118548	2026-05-28 06:40:36	1	0	15	0
        119376	2026-05-28 06:44:07	1	0	15	0
        116442	2026-05-28 06:45:40	1	0	15	0
        119376	2026-05-28 06:46:28	1	0	15	0
        110542	2026-05-28 06:50:13	1	0	15	0
        110472	2026-05-28 06:50:55	1	0	15	0
        119406	2026-05-28 06:52:56	1	0	15	0
        116690	2026-05-28 06:54:03	1	0	15	0
        110794	2026-05-28 06:54:36	1	0	15	0
        119117	2026-05-28 06:55:50	1	0	1	0
        110045	2026-05-28 06:58:28	1	0	15	0
        119077	2026-05-28 06:58:54	1	0	15	0
        117656	2026-05-28 06:59:06	1	0	15	0
        110188	2026-05-28 07:00:24	1	0	15	0
        110115	2026-05-28 07:01:35	1	0	15	0
        110641	2026-05-28 07:01:39	1	0	15	0
        117727	2026-05-28 07:03:30	1	0	15	0
        117185	2026-05-28 07:04:14	1	0	15	0
        117090	2026-05-28 07:05:18	1	0	15	0
        110454	2026-05-28 07:06:14	1	0	15	0
        110806	2026-05-28 07:07:49	1	0	15	0
        116159	2026-05-28 07:09:50	1	0	15	0
        110362	2026-05-28 07:10:19	1	0	15	0
        110068	2026-05-28 07:10:40	1	0	1	0
        117239	2026-05-28 07:10:46	1	0	15	0
        116202	2026-05-28 07:14:25	1	0	15	0
        118143	2026-05-28 07:15:41	1	0	15	0
        119206	2026-05-28 07:18:02	1	0	15	0
        119393	2026-05-28 07:18:22	1	0	15	0
        116844	2026-05-28 07:19:28	1	0	15	0
        116735	2026-05-28 07:22:59	1	0	15	0
        116712	2026-05-28 07:28:17	1	0	15	0
        116263	2026-05-28 07:29:14	1	0	15	0
        118509	2026-05-28 07:29:52	1	0	15	0
        110194	2026-05-28 07:30:39	1	0	15	0
        116096	2026-05-28 07:31:01	1	0	15	0
        116825	2026-05-28 07:35:30	1	0	15	0
        110531	2026-05-28 07:38:03	1	0	15	0
        119443	2026-05-28 07:38:22	1	0	15	0
        116524	2026-05-28 07:39:05	1	0	15	0
        110426	2026-05-28 07:39:17	1	0	15	0
        116192	2026-05-28 07:39:53	1	0	15	0
        116622	2026-05-28 07:40:40	1	0	1	0
        116738	2026-05-28 07:41:26	1	0	15	0
        110646	2026-05-28 07:47:10	1	0	15	0
        117687	2026-05-28 07:48:57	1	0	15	0
        118694	2026-05-28 07:49:04	1	0	15	0
        110361	2026-05-28 07:50:36	1	0	15	0
        110429	2026-05-28 07:51:33	1	0	15	0
        117518	2026-05-28 07:53:24	1	0	15	0
        118566	2026-05-28 07:53:59	1	0	15	0
        118729	2026-05-28 07:55:59	1	0	15	0
        118083	2026-05-28 07:57:54	1	0	15	0
        117274	2026-05-28 07:59:12	1	0	15	0
        110534	2026-05-28 08:00:01	1	0	15	0
        110359	2026-05-28 08:03:38	1	0	15	0
        119392	2026-05-28 08:06:25	1	0	15	0
        116476	2026-05-28 08:07:00	1	0	15	0
        110124	2026-05-28 08:12:22	1	0	15	0
        116829	2026-05-28 08:12:31	1	0	15	0
        118801	2026-05-28 08:26:59	1	0	15	0
        110461	2026-05-28 08:32:23	1	0	15	0
        110064	2026-05-28 09:09:51	1	0	15	0
        118398	2026-05-28 09:59:46	1	0	15	0
        117977	2026-05-28 10:24:20	1	0	15	0
        116152	2026-05-28 10:39:54	1	0	15	0
        110641	2026-05-28 12:00:29	1	2	15	0
        116825	2026-05-28 12:00:48	1	2	15	0
        110359	2026-05-28 12:01:01	1	2	15	0
        110361	2026-05-28 12:01:50	1	2	15	0
        110115	2026-05-28 12:02:09	1	2	15	0
        110362	2026-05-28 12:02:32	1	2	15	0
        118801	2026-05-28 12:02:35	1	2	15	0
        119206	2026-05-28 12:02:39	1	2	15	0
        116738	2026-05-28 12:02:47	1	2	15	0
        117775	2026-05-28 12:02:52	1	2	1	0
        118566	2026-05-28 12:02:58	1	2	15	0
        116442	2026-05-28 12:03:03	1	2	15	0
        119376	2026-05-28 12:03:07	1	2	15	0
        110542	2026-05-28 12:03:13	1	2	15	0
        119077	2026-05-28 12:03:17	1	2	1	0
        116263	2026-05-28 12:03:23	1	2	15	0
        116712	2026-05-28 12:03:52	1	2	15	0
        118398	2026-05-28 12:04:04	1	2	15	0
        110359	2026-05-28 12:04:10	1	2	15	0
        116070	2026-05-28 12:04:17	1	2	1	0
        119117	2026-05-28 12:04:29	1	2	1	0
        118509	2026-05-28 12:04:41	1	2	15	0
        116690	2026-05-28 12:04:47	1	2	15	0
        110806	2026-05-28 12:05:01	1	2	15	0
        116622	2026-05-28 12:05:12	1	2	1	0
        116712	2026-05-28 12:05:17	1	2	15	0
        110646	2026-05-28 12:05:22	1	2	15	0
        110426	2026-05-28 12:05:26	1	2	15	0
        110530	2026-05-28 12:05:31	1	2	15	0
        116476	2026-05-28 12:05:34	1	2	15	0
        116825	2026-05-28 12:05:40	1	2	15	0
        116096	2026-05-28 12:05:44	1	2	15	0
        118566	2026-05-28 12:05:51	1	2	15	0
        119206	2026-05-28 12:05:55	1	2	15	0
        110531	2026-05-28 12:06:02	1	2	15	0
        110641	2026-05-28 12:06:07	1	2	15	0
        110068	2026-05-28 12:06:24	1	2	1	0
        118548	2026-05-28 12:06:31	1	2	15	0
        110454	2026-05-28 12:06:35	1	2	15	0
        116263	2026-05-28 12:06:40	1	2	15	0
        119406	2026-05-28 12:06:46	1	2	15	0
        116192	2026-05-28 12:06:52	1	2	15	0
        117090	2026-05-28 12:06:55	1	2	15	0
        119376	2026-05-28 12:07:00	1	2	15	0
        119077	2026-05-28 12:07:07	1	2	1	0
        110362	2026-05-28 12:07:28	1	2	15	0
        117727	2026-05-28 12:08:18	1	2	15	0
        119117	2026-05-28 12:08:23	1	2	1	0
        110542	2026-05-28 12:08:30	1	2	15	0
        116690	2026-05-28 12:08:35	1	2	15	0
        116152	2026-05-28 12:08:54	1	2	15	0
        116622	2026-05-28 12:09:29	1	2	1	0
        117518	2026-05-28 12:09:36	1	2	15	0
        116202	2026-05-28 12:09:41	1	2	15	0
        117090	2026-05-28 12:09:47	1	2	15	0
        116192	2026-05-28 12:09:51	1	2	15	0
        110646	2026-05-28 12:09:54	1	2	15	0
        110530	2026-05-28 12:10:01	1	2	15	0
        110426	2026-05-28 12:10:05	1	2	15	0
        110806	2026-05-28 12:10:09	1	2	15	0
        119406	2026-05-28 12:10:36	1	2	15	0
        110068	2026-05-28 12:10:59	1	2	1	0
        118548	2026-05-28 12:11:05	1	2	15	0
        110124	2026-05-28 12:11:10	1	2	15	0
        118509	2026-05-28 12:11:17	1	2	15	0
        116152	2026-05-28 12:11:24	1	2	15	0
        118398	2026-05-28 12:11:28	1	2	15	0
        116442	2026-05-28 12:11:33	1	2	15	0
        116096	2026-05-28 12:11:37	1	2	15	0
        116070	2026-05-28 12:11:43	1	2	1	0
        110531	2026-05-28 12:11:50	1	2	15	0
        110454	2026-05-28 12:11:53	1	2	15	0
        116735	2026-05-28 12:12:26	1	2	15	0
        110194	2026-05-28 12:12:31	1	2	15	0
        116476	2026-05-28 12:12:46	1	2	15	0
        116738	2026-05-28 12:14:32	1	2	15	0
        118694	2026-05-28 12:15:29	1	2	15	0
        116202	2026-05-28 12:16:16	1	2	15	0
        117518	2026-05-28 12:16:21	1	2	15	0
        110188	2026-05-28 12:16:25	1	2	15	0
        117656	2026-05-28 12:16:29	1	2	15	0
        119393	2026-05-28 12:17:36	1	2	15	0
        119443	2026-05-28 12:17:41	1	2	15	0
        110429	2026-05-28 12:17:46	1	2	15	0
        116844	2026-05-28 12:18:21	1	2	15	0
        118083	2026-05-28 12:18:50	1	2	15	0
        117727	2026-05-28 12:19:05	1	2	15	0
        119393	2026-05-28 12:20:02	1	2	15	0
        119443	2026-05-28 12:20:07	1	2	15	0
        110461	2026-05-28 12:20:12	1	2	15	0
        117656	2026-05-28 12:20:17	1	2	15	0
        110188	2026-05-28 12:20:20	1	2	15	0
        116844	2026-05-28 12:21:04	1	2	15	0
        117775	2026-05-28 12:21:50	1	2	1	0
        118083	2026-05-28 12:22:19	1	2	15	0
        117274	2026-05-28 12:23:00	1	2	15	0
        116829	2026-05-28 12:23:06	1	2	15	0
        118326	2026-05-28 12:23:10	1	2	15	0
        116735	2026-05-28 12:24:01	1	2	15	0
        118694	2026-05-28 12:24:18	1	2	15	0
        118160	2026-05-28 12:24:22	1	2	15	0
        110194	2026-05-28 12:24:34	1	2	15	0
        118160	2026-05-28 12:27:18	1	2	15	0
        110794	2026-05-28 12:28:47	1	2	15	0
        118326	2026-05-28 12:29:14	1	2	15	0
        110361	2026-05-28 12:29:22	1	2	15	0
        110124	2026-05-28 12:30:16	1	3	1	0
        110045	2026-05-28 12:31:04	1	3	15	0
        117185	2026-05-28 12:32:06	1	3	15	0
        110064	2026-05-28 12:32:46	1	3	15	0
        117977	2026-05-28 12:33:21	1	3	15	0
        117977	2026-05-28 12:35:02	1	3	15	0
        116159	2026-05-28 12:38:43	1	3	15	0
        110429	2026-05-28 12:38:50	1	3	15	0
        110472	2026-05-28 12:39:12	1	1	15	0
        116524	2026-05-28 12:39:22	1	1	15	0
        117239	2026-05-28 12:39:38	1	1	15	0
        118801	2026-05-28 12:41:22	1	3	15	0
        118326	2026-05-28 12:41:29	1	3	1	0
        117185	2026-05-28 12:41:45	1	3	15	0
        116829	2026-05-28 12:41:53	1	3	15	0
        117274	2026-05-28 12:42:00	1	3	15	0
        116159	2026-05-28 12:43:04	1	3	15	0
        110472	2026-05-28 12:43:09	1	3	15	0
        116524	2026-05-28 12:43:20	1	3	15	0
        117239	2026-05-28 12:43:33	1	3	15	0
        110064	2026-05-28 12:44:03	1	3	15	0
        110794	2026-05-28 12:44:17	1	3	15	0
        110045	2026-05-28 12:45:41	1	3	15	0
        118143	2026-05-28 12:46:23	1	3	15	0
        110461	2026-05-28 12:49:57	1	3	15	0
        110115	2026-05-28 12:50:45	1	3	15	0
        118143	2026-05-28 12:51:01	1	3	15	0
        118729	2026-05-28 12:51:33	1	3	15	0
        110534	2026-05-28 12:53:20	1	3	15	0
        119392	2026-05-28 12:54:40	1	3	15	0
        110534	2026-05-28 12:56:40	1	3	15	0
        119392	2026-05-28 12:57:35	1	3	15	0
        118729	2026-05-28 12:58:10	1	3	15	0
        117775	2026-05-28 15:57:36	1	3	15	0
        116476	2026-05-28 17:18:17	1	1	15	0
        119376	2026-05-28 18:01:54	1	1	15	0
        110454	2026-05-28 18:02:09	1	1	15	0
        110472	2026-05-28 18:02:30	1	1	15	0
        110542	2026-05-28 18:02:59	1	1	15	0
        116442	2026-05-28 18:03:12	1	1	15	0
        110530	2026-05-28 18:03:20	1	1	15	0
        118548	2026-05-28 18:06:36	1	1	15	0
        119406	2026-05-28 18:07:07	1	1	15	0
        117090	2026-05-28 18:08:32	1	1	15	0
        110806	2026-05-28 18:09:11	1	1	15	0
        117239	2026-05-28 18:10:05	1	1	15	0
        116690	2026-05-28 18:10:33	1	1	15	0
        117185	2026-05-28 18:11:25	1	1	15	0
        117727	2026-05-28 18:11:31	1	1	15	0
        119206	2026-05-28 18:11:51	1	1	15	0
        110362	2026-05-28 18:12:25	1	1	15	0
        110641	2026-05-28 18:12:29	1	1	15	0
        119117	2026-05-28 18:12:55	1	1	1	0
        110361	2026-05-28 18:13:01	1	1	15	0
        116159	2026-05-28 18:13:08	1	1	15	0
        110188	2026-05-28 18:21:18	1	1	15	0
        118160	2026-05-28 18:22:01	1	1	15	0
        119393	2026-05-28 18:22:05	1	1	15	0
        116844	2026-05-28 18:25:50	1	1	15	0
        116712	2026-05-28 18:28:44	1	1	15	0
        118326	2026-05-28 18:31:52	1	1	15	0
        118509	2026-05-28 18:32:48	1	1	15	0
        116152	2026-05-28 18:34:20	1	1	15	0
        110068	2026-05-28 18:34:25	1	1	1	0
        116735	2026-05-28 18:36:14	1	1	15	0
        117267	2026-05-28 18:36:22	1	1	15	0
        110194	2026-05-28 18:36:27	1	1	15	0
        110064	2026-05-28 18:37:38	1	1	15	0
        116825	2026-05-28 18:38:01	1	1	15	0
        119077	2026-05-28 18:40:07	1	1	1	0
        110534	2026-05-28 18:40:17	1	1	15	0
        110531	2026-05-28 18:40:21	1	1	15	0
        116096	2026-05-28 18:40:43	1	1	15	0
        117977	2026-05-28 18:42:27	1	1	15	0
        116524	2026-05-28 18:42:34	1	1	15	0
        110426	2026-05-28 18:42:39	1	1	15	0
        116622	2026-05-28 18:42:43	1	1	1	0
        117656	2026-05-28 18:45:36	1	1	15	0
        110646	2026-05-28 18:47:58	1	1	15	0
        116738	2026-05-28 18:48:52	1	1	15	0
        117687	2026-05-28 18:49:09	1	1	15	0
        116192	2026-05-28 18:49:20	1	1	15	0
        116202	2026-05-28 18:49:28	1	1	15	0
        119443	2026-05-28 18:50:10	1	1	15	0
        110461	2026-05-28 18:50:15	1	1	15	0
        117451	2026-05-28 18:54:14	1	1	15	0
        116263	2026-05-28 18:55:05	1	1	15	0
        110359	2026-05-28 18:55:22	1	1	15	0
        117518	2026-05-28 18:58:01	1	1	15	0
        110794	2026-05-28 18:58:21	1	1	15	0
        118566	2026-05-28 18:59:18	1	1	15	0
        118083	2026-05-28 18:59:38	1	1	15	0
        110429	2026-05-28 18:59:56	1	1	15	0
        118729	2026-05-28 19:00:49	1	1	15	0
        118694	2026-05-28 19:01:06	1	1	15	0
        119392	2026-05-28 19:01:18	1	1	15	0
        118398	2026-05-28 19:01:43	1	1	15	0
        118801	2026-05-28 19:05:28	1	1	15	0
        110115	2026-05-28 19:11:57	1	1	15	0
        117274	2026-05-28 19:13:46	1	1	15	0
        116829	2026-05-28 19:13:50	1	1	15	0
        118143	2026-05-28 19:13:55	1	1	15	0
        110124	2026-05-28 20:49:58	1	1	15	0
        110530	2026-05-29 07:17:38	1	0	15	0
        116690	2026-05-29 07:29:57	1	0	15	0
        110531	2026-05-29 07:34:24	1	0	15	0
        110542	2026-05-29 07:46:58	1	0	15	0
        110426	2026-05-29 07:52:26	1	0	15	0
        116476	2026-05-29 08:17:37	1	0	15	0
        118083	2026-05-29 08:21:32	1	0	15	0
        117518	2026-05-29 08:27:23	1	0	15	0
        110359	2026-05-29 08:41:13	1	0	15	0
        117398	2026-05-29 08:48:02	1	0	15	0
        119406	2026-05-29 08:58:33	1	0	15	0
        119117	2026-05-29 10:22:52	1	0	1	0
        110426	2026-05-29 12:02:52	1	2	15	0
        117398	2026-05-29 12:03:45	1	2	15	0
        110359	2026-05-29 12:04:32	1	2	15	0
        116476	2026-05-29 12:04:38	1	2	15	0
        110426	2026-05-29 12:06:52	1	2	15	0
        110359	2026-05-29 12:07:50	1	2	15	0
        119117	2026-05-29 12:08:11	1	2	1	0
        110530	2026-05-29 12:08:29	1	2	15	0
        110542	2026-05-29 12:08:56	1	2	15	0
        110531	2026-05-29 12:09:02	1	2	15	0
        117398	2026-05-29 12:09:09	1	2	15	0
        117518	2026-05-29 12:09:23	1	2	15	0
        116690	2026-05-29 12:10:10	1	2	15	0
        117518	2026-05-29 12:13:08	1	2	15	0
        110542	2026-05-29 12:13:22	1	2	15	0
        119117	2026-05-29 12:13:39	1	2	1	0
        118083	2026-05-29 12:13:46	1	2	15	0
        110531	2026-05-29 12:14:03	1	2	15	0
        110530	2026-05-29 12:14:11	1	2	15	0
        116690	2026-05-29 12:14:16	1	2	15	0
        119406	2026-05-29 12:16:55	1	2	15	0
        119406	2026-05-29 12:22:41	1	2	15	0
        116476	2026-05-29 12:35:45	1	3	15	0
        118083	2026-05-29 12:40:46	1	3	15	0
        118143	2026-05-29 13:21:06	1	3	15	0
        116690	2026-05-29 15:08:07	1	3	15	0
        119117	2026-05-29 16:42:16	1	1	1	0
        110359	2026-05-29 17:00:16	1	1	15	0
        110542	2026-05-29 17:05:46	1	1	15	0
        116476	2026-05-29 17:07:29	1	1	15	0
        117398	2026-05-29 17:10:48	1	1	15	0
        110530	2026-05-29 17:23:43	1	1	15	0
        110426	2026-05-29 17:23:48	1	1	15	0
        118143	2026-05-29 17:23:55	1	1	15	0
        117518	2026-05-29 17:30:19	1	1	15	0
        110531	2026-05-29 17:30:31	1	1	15	0
        119406	2026-05-29 17:50:36	1	1	15	0
