        117770	2026-05-04 06:54:29	1	0	1	0
        117838	2026-05-04 07:11:42	1	0	1	0
        118001	2026-05-04 12:07:52	1	0	1	0
        118001	2026-05-04 18:19:05	1	0	1	0
        110512	2026-05-05 06:38:39	1	0	1	0
        110512	2026-05-05 06:38:47	1	0	1	0
        116551	2026-05-05 06:47:12	1	0	1	0
        116492	2026-05-05 06:49:06	1	0	1	0
        119340	2026-05-05 06:50:48	1	0	1	0
        118301	2026-05-05 06:54:11	1	0	1	0
        110477	2026-05-05 06:55:44	1	0	16	0
        118760	2026-05-05 06:57:20	1	0	1	0
        116953	2026-05-05 07:03:25	1	0	1	0
        118829	2026-05-05 07:03:40	1	0	1	0
        116337	2026-05-05 07:04:06	1	0	1	0
        110374	2026-05-05 07:08:47	1	0	1	0
        116537	2026-05-05 07:10:23	1	0	16	0
        110053	2026-05-05 07:11:52	1	0	16	0
        110053	2026-05-05 07:11:55	1	0	16	0
        119365	2026-05-05 07:13:14	1	0	1	0
        118509	2026-05-05 07:13:26	1	0	1	0
        119475	2026-05-05 07:28:09	1	0	16	0
        119475	2026-05-05 07:28:11	1	0	16	0
        110514	2026-05-05 07:28:18	1	0	16	0
        117341	2026-05-05 07:30:44	1	0	16	0
        117341	2026-05-05 07:30:47	1	0	16	0
        117707	2026-05-05 07:32:45	1	0	1	0
        110018	2026-05-05 07:36:50	1	0	16	0
        110032	2026-05-05 07:43:49	1	0	16	0
        110032	2026-05-05 07:43:51	1	0	16	0
        110083	2026-05-05 07:44:56	1	0	1	0
        119386	2026-05-05 07:45:08	1	0	16	0
        119104	2026-05-05 07:48:53	1	0	1	0
        110818	2026-05-05 07:48:59	1	0	16	0
        110818	2026-05-05 07:49:02	1	0	16	0
        110818	2026-05-05 07:49:04	1	0	1	0
        116778	2026-05-05 07:53:00	1	0	16	0
        118862	2026-05-05 07:53:16	1	0	1	0
        116790	2026-05-05 08:03:34	1	0	1	0
        116849	2026-05-05 08:22:54	1	0	1	0
        118407	2026-05-05 08:25:27	1	0	1	0
        110040	2026-05-05 08:33:58	1	0	1	0
        118862	2026-05-05 12:00:54	1	0	1	0
        118509	2026-05-05 12:01:06	1	0	1	0
        118760	2026-05-05 12:01:14	1	0	1	0
        119340	2026-05-05 12:01:41	1	0	16	0
        119340	2026-05-05 12:01:43	1	0	16	0
        116778	2026-05-05 12:02:50	1	0	1	0
        116337	2026-05-05 12:03:11	1	0	1	0
        110477	2026-05-05 12:03:17	1	0	1	0
        110032	2026-05-05 12:03:31	1	0	16	0
        110032	2026-05-05 12:03:33	1	0	16	0
        116537	2026-05-05 12:03:43	1	0	16	0
        118509	2026-05-05 12:04:11	1	0	16	0
        118509	2026-05-05 12:04:13	1	0	16	0
        119340	2026-05-05 12:04:15	1	0	1	0
        110053	2026-05-05 12:04:38	1	0	1	0
        117707	2026-05-05 12:04:49	1	0	1	0
        116953	2026-05-05 12:05:24	1	0	1	0
        118407	2026-05-05 12:05:28	1	0	1	0
        117341	2026-05-05 12:05:31	1	0	1	0
        116849	2026-05-05 12:05:41	1	0	1	0
        116551	2026-05-05 12:06:00	1	0	1	0
        116849	2026-05-05 12:06:04	1	0	1	0
        116778	2026-05-05 12:06:25	1	0	1	0
        118301	2026-05-05 12:07:18	1	0	1	0
        118760	2026-05-05 12:07:44	1	0	1	0
        110018	2026-05-05 12:08:06	1	0	16	0
        116337	2026-05-05 12:08:12	1	0	1	0
        117707	2026-05-05 12:08:29	1	0	1	0
        116537	2026-05-05 12:08:45	1	0	1	0
        110477	2026-05-05 12:08:50	1	0	1	0
        110820	2026-05-05 12:09:22	1	0	1	0
        110018	2026-05-05 12:10:24	1	0	16	0
        110053	2026-05-05 12:10:39	1	0	1	0
        116790	2026-05-05 12:11:44	1	0	1	0
        118301	2026-05-05 12:11:54	1	0	1	0
        118407	2026-05-05 12:12:49	1	0	1	0
        119602	2026-05-05 12:13:24	1	1	1	0
        116551	2026-05-05 12:13:28	1	1	1	0
        116835	2026-05-05 12:13:59	1	1	1	0
        116953	2026-05-05 12:14:28	1	0	1	0
        119365	2026-05-05 12:14:57	1	1	1	0
        110032	2026-05-05 12:15:09	1	1	16	0
        118862	2026-05-05 12:15:15	1	1	1	0
        119340	2026-05-05 12:15:17	1	1	1	0
        110477	2026-05-05 12:15:25	1	1	1	0
        116790	2026-05-05 12:15:29	1	1	1	0
        116778	2026-05-05 12:15:33	1	1	1	0
        119602	2026-05-05 12:15:44	1	0	1	0
        118640	2026-05-05 12:16:00	1	1	1	0
        119340	2026-05-05 12:16:33	1	0	1	0
        110512	2026-05-05 12:17:10	1	0	1	0
        110514	2026-05-05 12:17:20	1	0	16	0
        110514	2026-05-05 12:17:21	1	0	1	0
        116835	2026-05-05 12:17:36	1	0	1	0
        110512	2026-05-05 12:17:54	1	1	1	0
        110514	2026-05-05 12:17:58	1	1	1	0
        119365	2026-05-05 12:18:22	1	0	1	0
        116849	2026-05-05 12:18:55	1	0	1	0
        110053	2026-05-05 12:20:26	1	0	1	0
        117707	2026-05-05 12:20:47	1	1	1	0
        116551	2026-05-05 12:20:56	1	0	1	0
        110477	2026-05-05 12:21:07	1	0	1	0
        116778	2026-05-05 12:21:15	1	0	1	0
        110514	2026-05-05 12:21:20	1	0	1	0
        110512	2026-05-05 12:21:25	1	0	1	0
        110032	2026-05-05 12:21:36	1	0	16	0
        116849	2026-05-05 12:22:11	1	0	1	0
        116849	2026-05-05 12:22:48	1	1	1	0
        117707	2026-05-05 12:24:04	1	0	1	0
        116849	2026-05-05 12:24:13	1	0	1	0
        119104	2026-05-05 12:24:45	1	0	1	0
        119104	2026-05-05 12:27:42	1	1	16	0
        119104	2026-05-05 12:27:44	1	1	16	0
        117341	2026-05-05 12:28:11	1	1	16	0
        110083	2026-05-05 12:29:00	1	1	16	0
        116790	2026-05-05 12:29:19	1	0	1	0
        117341	2026-05-05 12:29:43	1	0	16	0
        117341	2026-05-05 12:29:46	1	0	16	0
        118862	2026-05-05 12:30:11	1	0	1	0
        110083	2026-05-05 12:31:31	1	0	1	0
        119475	2026-05-05 12:38:10	1	0	1	0
        116492	2026-05-05 12:44:15	1	0	1	0
        119475	2026-05-05 12:44:57	1	0	1	0
        116492	2026-05-05 12:47:52	1	0	1	0
        110820	2026-05-05 12:52:10	1	0	1	0
        110820	2026-05-05 17:18:30	1	1	1	0
        110374	2026-05-05 17:35:20	1	1	1	0
        118760	2026-05-05 18:02:20	1	1	1	0
        116551	2026-05-05 18:04:08	1	1	1	0
        119340	2026-05-05 18:04:11	1	1	1	0
        110477	2026-05-05 18:04:18	1	1	1	0
        118301	2026-05-05 18:07:28	1	1	16	0
        116337	2026-05-05 18:12:18	1	1	1	0
        116492	2026-05-05 18:14:26	1	1	16	0
        116492	2026-05-05 18:14:27	1	1	1	0
        116492	2026-05-05 18:14:28	1	1	16	0
        118509	2026-05-05 18:17:21	1	1	1	0
        116953	2026-05-05 18:34:04	1	1	1	0
        119475	2026-05-05 18:35:15	1	1	1	0
        116537	2026-05-05 18:35:23	1	1	16	0
        116537	2026-05-05 18:35:26	1	1	16	0
        117341	2026-05-05 18:35:44	1	1	16	0
        119365	2026-05-05 18:37:39	1	1	1	0
        117707	2026-05-05 18:44:04	1	1	1	0
        110053	2026-05-05 18:52:26	1	1	1	0
        110083	2026-05-05 18:53:39	1	1	1	0
        110018	2026-05-05 18:59:57	1	1	16	0
        110018	2026-05-05 18:59:59	1	1	16	0
        118862	2026-05-05 19:02:24	1	1	1	0
        119104	2026-05-05 19:02:48	1	1	1	0
        119104	2026-05-05 19:02:50	1	1	1	0
        116778	2026-05-05 19:03:11	1	1	1	0
        116849	2026-05-05 19:03:29	1	1	1	0
        110032	2026-05-05 19:03:34	1	1	16	0
        110032	2026-05-05 19:03:36	1	1	16	0
        118221	2026-05-05 19:03:50	1	1	1	0
        116790	2026-05-05 19:03:56	1	1	1	0
        118407	2026-05-05 19:06:46	1	1	1	0
        110514	2026-05-05 19:12:28	1	1	1	0
        110512	2026-05-05 19:12:47	1	1	1	0
        116835	2026-05-05 19:20:26	1	1	1	0
        119107	2026-05-05 19:21:27	1	1	16	0
        116835	2026-05-06 06:45:15	1	0	1	0
        118760	2026-05-06 06:45:29	1	0	1	0
        110512	2026-05-06 06:47:10	1	0	1	0
        110512	2026-05-06 06:47:16	1	0	1	0
        117999	2026-05-06 06:47:35	1	0	16	0
        116953	2026-05-06 06:53:13	1	0	1	0
        110430	2026-05-06 06:54:40	1	0	1	0
        116551	2026-05-06 06:56:21	1	0	1	0
        119340	2026-05-06 06:56:28	1	0	1	0
        117639	2026-05-06 06:58:25	1	0	16	0
        117639	2026-05-06 06:58:27	1	0	16	0
        118221	2026-05-06 07:01:22	1	0	1	0
        110514	2026-05-06 07:04:26	1	0	1	0
        110477	2026-05-06 07:07:01	1	0	1	0
        119475	2026-05-06 07:13:01	1	0	1	0
        118829	2026-05-06 07:14:21	1	0	16	0
        118829	2026-05-06 07:14:23	1	0	16	0
        119365	2026-05-06 07:14:42	1	0	1	0
        116537	2026-05-06 07:17:29	1	0	16	0
        117341	2026-05-06 07:17:34	1	0	1	0
        110506	2026-05-06 07:18:32	1	0	16	0
        110506	2026-05-06 07:18:34	1	0	16	0
        118509	2026-05-06 07:19:40	1	0	1	0
        110053	2026-05-06 07:26:25	1	0	1	0
        110060	2026-05-06 07:29:02	1	0	1	0
        118584	2026-05-06 07:29:10	1	0	16	0
        118584	2026-05-06 07:29:13	1	0	16	0
        119107	2026-05-06 07:29:27	1	0	16	0
        119107	2026-05-06 07:29:29	1	0	16	0
        117707	2026-05-06 07:30:02	1	0	1	0
        110820	2026-05-06 07:30:18	1	0	1	0
        110393	2026-05-06 07:37:11	1	0	1	0
        116274	2026-05-06 07:38:09	1	0	1	0
        110018	2026-05-06 07:42:57	1	0	16	0
        118043	2026-05-06 07:44:02	1	0	16	0
        110083	2026-05-06 07:46:53	1	0	1	0
        116790	2026-05-06 07:49:27	1	0	1	0
        110485	2026-05-06 07:50:06	1	0	16	0
        110032	2026-05-06 07:50:16	1	0	16	0
        110032	2026-05-06 07:50:18	1	0	16	0
        118862	2026-05-06 07:53:18	1	0	1	0
        118407	2026-05-06 07:53:22	1	0	1	0
        110062	2026-05-06 07:53:56	1	0	16	0
        110062	2026-05-06 07:53:58	1	0	16	0
        116778	2026-05-06 07:54:15	1	0	1	0
        119104	2026-05-06 07:55:55	1	0	1	0
        119386	2026-05-06 07:58:50	1	0	16	0
        119386	2026-05-06 07:58:52	1	0	16	0
        110374	2026-05-06 08:28:48	1	0	1	0
        110040	2026-05-06 08:52:13	1	0	1	0
        118862	2026-05-06 12:01:14	1	1	1	0
        119107	2026-05-06 12:01:27	1	1	1	0
        116778	2026-05-06 12:01:46	1	1	16	0
        110485	2026-05-06 12:01:54	1	1	16	0
        110485	2026-05-06 12:01:56	1	1	16	0
        118829	2026-05-06 12:02:03	1	1	1	0
        118509	2026-05-06 12:02:09	1	1	1	0
        118221	2026-05-06 12:02:45	1	1	1	0
        119107	2026-05-06 12:03:27	1	1	16	0
        119107	2026-05-06 12:03:29	1	1	1	0
        119475	2026-05-06 12:03:34	1	1	1	0
        116953	2026-05-06 12:04:34	1	1	1	0
        110477	2026-05-06 12:04:46	1	1	1	0
        116790	2026-05-06 12:04:50	1	1	1	0
        110053	2026-05-06 12:05:18	1	1	1	0
        118509	2026-05-06 12:05:24	1	1	1	0
        118509	2026-05-06 12:05:32	1	1	1	0
        110032	2026-05-06 12:05:45	1	1	16	0
        110032	2026-05-06 12:05:47	1	1	16	0
        116551	2026-05-06 12:05:50	1	1	1	0
        118509	2026-05-06 12:05:59	1	0	1	0
        116778	2026-05-06 12:06:04	1	0	1	0
        118829	2026-05-06 12:06:15	1	0	1	0
        118221	2026-05-06 12:06:18	1	0	1	0
        110430	2026-05-06 12:06:41	1	1	1	0
        117341	2026-05-06 12:06:59	1	1	1	0
        119365	2026-05-06 12:07:03	1	1	1	0
        119340	2026-05-06 12:07:17	1	1	1	0
        117707	2026-05-06 12:07:26	1	1	1	0
        110060	2026-05-06 12:07:44	1	1	1	0
        118043	2026-05-06 12:07:49	1	1	1	0
        110820	2026-05-06 12:07:52	1	1	1	0
        110018	2026-05-06 12:08:32	1	1	16	0
        110083	2026-05-06 12:08:57	1	1	16	0
        116953	2026-05-06 12:10:32	1	0	1	0
        116790	2026-05-06 12:10:44	1	0	1	0
        110477	2026-05-06 12:10:50	1	0	1	0
        110018	2026-05-06 12:10:59	1	0	16	0
        110032	2026-05-06 12:12:38	1	0	16	0
        110393	2026-05-06 12:12:45	1	0	1	0
        116551	2026-05-06 12:13:10	1	0	1	0
        118862	2026-05-06 12:13:18	1	0	1	0
        119340	2026-05-06 12:13:22	1	0	1	0
        116537	2026-05-06 12:13:43	1	1	1	0
        119475	2026-05-06 12:13:50	1	0	1	0
        110083	2026-05-06 12:13:57	1	0	1	0
        118043	2026-05-06 12:14:04	1	0	1	0
        110060	2026-05-06 12:14:24	1	0	1	0
        110053	2026-05-06 12:14:31	1	0	1	0
        110512	2026-05-06 12:14:41	1	1	1	0
        110514	2026-05-06 12:14:47	1	1	1	0
        110393	2026-05-06 12:14:53	1	1	1	0
        117341	2026-05-06 12:15:00	1	0	1	0
        110820	2026-05-06 12:16:33	1	1	1	0
        119104	2026-05-06 12:16:54	1	1	1	0
        119602	2026-05-06 12:17:06	1	1	1	0
        110040	2026-05-06 12:18:14	1	1	1	0
        110506	2026-05-06 12:19:10	1	1	1	0
        110040	2026-05-06 12:19:19	1	1	1	0
        118407	2026-05-06 12:19:28	1	1	1	0
        110040	2026-05-06 12:19:40	1	0	1	0
        119104	2026-05-06 12:20:11	1	0	1	0
        117707	2026-05-06 12:20:24	1	0	1	0
        116537	2026-05-06 12:20:30	1	0	1	0
        119365	2026-05-06 12:20:45	1	0	1	0
        110506	2026-05-06 12:21:23	1	0	16	0
        110506	2026-05-06 12:21:24	1	0	1	0
        117999	2026-05-06 12:25:16	1	0	1	0
        118407	2026-05-06 12:33:16	1	0	1	0
        110514	2026-05-06 12:34:40	1	0	1	0
        110512	2026-05-06 12:34:46	1	0	1	0
        119602	2026-05-06 12:39:19	1	0	1	0
        110393	2026-05-06 12:39:29	1	0	1	0
        116835	2026-05-06 12:41:29	1	1	1	0
        110430	2026-05-06 12:43:02	1	0	1	0
        116835	2026-05-06 12:44:10	1	0	1	0
        119386	2026-05-06 12:50:01	1	0	16	0
        117999	2026-05-06 12:56:36	1	0	16	0
        110820	2026-05-06 17:21:01	1	1	1	0
        110393	2026-05-06 17:29:08	1	1	1	0
        110374	2026-05-06 17:38:04	1	1	1	0
        110506	2026-05-06 18:03:55	1	1	1	0
        116953	2026-05-06 18:04:43	1	1	1	0
        118760	2026-05-06 18:05:33	1	1	1	0
        116551	2026-05-06 18:05:46	1	1	1	0
        119340	2026-05-06 18:05:51	1	1	1	0
        117639	2026-05-06 18:07:25	1	1	16	0
        119104	2026-05-06 18:10:02	1	1	1	0
        110477	2026-05-06 18:10:48	1	1	1	0
        118829	2026-05-06 18:17:57	1	1	1	0
        119365	2026-05-06 18:18:28	1	1	1	0
        119475	2026-05-06 18:19:01	1	1	1	0
        118509	2026-05-06 18:21:40	1	1	1	0
        116537	2026-05-06 18:22:00	1	1	1	0
        117341	2026-05-06 18:22:03	1	1	1	0
        110430	2026-05-06 18:26:33	1	1	1	0
        110053	2026-05-06 18:30:45	1	1	1	0
        116492	2026-05-06 18:34:26	1	1	1	0
        118001	2026-05-06 18:34:29	1	1	1	0
        110060	2026-05-06 18:42:59	1	1	1	0
        118043	2026-05-06 18:47:03	1	1	1	0
        117707	2026-05-06 18:47:39	1	1	1	0
        118221	2026-05-06 18:48:51	1	1	1	0
        110018	2026-05-06 18:53:45	1	1	1	0
        116790	2026-05-06 18:53:55	1	1	1	0
        110485	2026-05-06 18:54:03	1	1	1	0
        110083	2026-05-06 18:55:18	1	1	1	0
        110040	2026-05-06 19:01:53	1	1	1	0
        118862	2026-05-06 19:03:36	1	1	1	0
        116778	2026-05-06 19:04:20	1	1	1	0
        117999	2026-05-06 19:07:09	1	1	1	0
        118407	2026-05-06 19:07:53	1	1	1	0
        119107	2026-05-06 19:08:05	1	1	1	0
        110062	2026-05-06 19:09:29	1	1	16	0
        110062	2026-05-06 19:09:31	1	1	16	0
        119386	2026-05-06 19:10:08	1	1	16	0
        110032	2026-05-06 19:37:44	1	1	16	0
        110032	2026-05-06 19:37:46	1	1	16	0
        116835	2026-05-06 20:26:43	1	1	1	0
        110372	2026-05-06 20:26:52	1	1	1	0
        110512	2026-05-06 20:26:58	1	1	1	0
        110514	2026-05-06 20:27:00	1	1	1	0
        110051	2026-05-07 06:38:05	1	1	16	0
        110051	2026-05-07 06:38:07	1	1	16	0
        116835	2026-05-07 06:47:09	1	0	1	0
        116551	2026-05-07 06:50:12	1	0	1	0
        116953	2026-05-07 06:50:16	1	0	1	0
        110477	2026-05-07 06:54:04	1	0	1	0
        117639	2026-05-07 07:01:33	1	0	16	0
        119340	2026-05-07 07:06:20	1	0	1	0
        110512	2026-05-07 07:08:37	1	0	1	0
        110430	2026-05-07 07:09:54	1	0	1	0
        110819	2026-05-07 07:11:49	1	0	1	0
        116537	2026-05-07 07:13:03	1	0	16	0
        118760	2026-05-07 07:13:33	1	0	1	0
        117999	2026-05-07 07:19:43	1	0	1	0
        110053	2026-05-07 07:20:36	1	0	1	0
        110514	2026-05-07 07:21:51	1	0	1	0
        119475	2026-05-07 07:22:26	1	0	1	0
        119104	2026-05-07 07:22:42	1	0	1	0
        118509	2026-05-07 07:24:55	1	0	1	0
        110060	2026-05-07 07:27:04	1	0	1	0
        118584	2026-05-07 07:29:04	1	0	16	0
        118584	2026-05-07 07:29:06	1	0	16	0
        117023	2026-05-07 07:29:09	1	0	1	0
        118829	2026-05-07 07:29:15	1	0	1	0
        116787	2026-05-07 07:30:20	1	0	1	0
        117341	2026-05-07 07:37:11	1	0	1	0
        110018	2026-05-07 07:37:46	1	0	16	0
        110018	2026-05-07 07:37:48	1	0	16	0
        117707	2026-05-07 07:37:54	1	0	1	0
        110200	2026-05-07 07:38:35	1	0	1	0
        110393	2026-05-07 07:38:45	1	0	1	0
        118221	2026-05-07 07:38:57	1	0	1	0
        116274	2026-05-07 07:39:01	1	0	1	0
        118043	2026-05-07 07:39:18	1	0	1	0
        110032	2026-05-07 07:41:16	1	0	16	0
        110032	2026-05-07 07:41:18	1	0	16	0
        110820	2026-05-07 07:42:15	1	0	1	0
        110083	2026-05-07 07:47:12	1	0	1	0
        110062	2026-05-07 07:47:39	1	0	16	0
        110485	2026-05-07 07:48:55	1	0	1	0
        110818	2026-05-07 07:50:42	1	0	16	0
        110818	2026-05-07 07:50:45	1	0	16	0
        116778	2026-05-07 07:51:02	1	0	1	0
        119386	2026-05-07 07:51:51	1	0	16	0
        116790	2026-05-07 07:52:30	1	0	1	0
        110816	2026-05-07 07:52:34	1	0	1	0
        118862	2026-05-07 07:55:54	1	0	1	0
        119602	2026-05-07 07:57:28	1	0	1	0
        110040	2026-05-07 08:06:01	1	0	1	0
        116849	2026-05-07 08:16:08	1	0	1	0
          1004	2026-05-07 08:17:55	1	0	1	0
        118407	2026-05-07 08:29:18	1	0	1	0
        116551	2026-05-07 12:01:43	1	0	1	0
        116551	2026-05-07 12:01:51	1	1	1	0
        118221	2026-05-07 12:01:56	1	1	1	0
        110032	2026-05-07 12:02:01	1	1	16	0
        110032	2026-05-07 12:02:03	1	1	16	0
        118509	2026-05-07 12:02:06	1	1	1	0
        110393	2026-05-07 12:02:12	1	1	1	0
        118829	2026-05-07 12:02:18	1	1	1	0
        116953	2026-05-07 12:02:23	1	1	1	0
        116383	2026-05-07 12:03:02	1	1	1	0
        110485	2026-05-07 12:03:09	1	1	1	0
        118043	2026-05-07 12:03:13	1	1	1	0
        110477	2026-05-07 12:03:19	1	1	1	0
        116778	2026-05-07 12:03:23	1	1	1	0
        116790	2026-05-07 12:03:29	1	1	1	0
        110051	2026-05-07 12:03:37	1	1	16	0
        118862	2026-05-07 12:03:50	1	1	1	0
        117341	2026-05-07 12:03:59	1	1	1	0
        116274	2026-05-07 12:04:07	1	1	1	0
        117707	2026-05-07 12:04:40	1	1	1	0
        116537	2026-05-07 12:04:46	1	1	1	0
        118829	2026-05-07 12:05:11	1	0	1	0
        110060	2026-05-07 12:06:15	1	1	1	0
        116778	2026-05-07 12:06:22	1	0	1	0
        116383	2026-05-07 12:06:25	1	0	1	0
        116551	2026-05-07 12:06:35	1	0	1	0
        118221	2026-05-07 12:06:37	1	0	1	0
        110051	2026-05-07 12:06:41	1	0	16	0
        110477	2026-05-07 12:06:50	1	0	1	0
        116790	2026-05-07 12:06:54	1	0	1	0
        116953	2026-05-07 12:07:04	1	0	1	0
        110485	2026-05-07 12:07:20	1	0	1	0
        110820	2026-05-07 12:07:30	1	1	1	0
        110818	2026-05-07 12:07:34	1	1	1	0
        118584	2026-05-07 12:07:52	1	1	1	0
        110819	2026-05-07 12:08:03	1	1	1	0
        117707	2026-05-07 12:08:11	1	0	1	0
        117707	2026-05-07 12:08:13	1	0	1	0
        110816	2026-05-07 12:09:34	1	1	1	0
        118584	2026-05-07 12:11:10	1	0	1	0
        116849	2026-05-07 12:11:15	1	0	1	0
        116849	2026-05-07 12:11:31	1	1	1	0
        110053	2026-05-07 12:11:38	1	1	1	0
        116787	2026-05-07 12:11:57	1	1	1	0
        110062	2026-05-07 12:12:05	1	1	16	0
        119386	2026-05-07 12:12:46	1	1	16	0
        110018	2026-05-07 12:13:13	1	1	1	0
        117023	2026-05-07 12:13:19	1	1	1	0
        110060	2026-05-07 12:14:00	1	0	1	0
        110062	2026-05-07 12:14:10	1	0	16	0
        119386	2026-05-07 12:14:51	1	0	1	0
        116274	2026-05-07 12:14:58	1	0	1	0
        110018	2026-05-07 12:15:10	1	0	1	0
        110032	2026-05-07 12:15:19	1	0	16	0
        117023	2026-05-07 12:15:27	1	0	1	0
        116835	2026-05-07 12:15:40	1	1	1	0
        110430	2026-05-07 12:15:46	1	1	1	0
        110200	2026-05-07 12:15:49	1	1	1	0
        118043	2026-05-07 12:16:45	1	0	1	0
        119104	2026-05-07 12:17:21	1	1	1	0
        110430	2026-05-07 12:18:22	1	0	1	0
        110200	2026-05-07 12:18:27	1	0	1	0
        110040	2026-05-07 12:18:39	1	0	1	0
        110040	2026-05-07 12:19:35	1	0	1	0
        110040	2026-05-07 12:19:46	1	1	1	0
        110040	2026-05-07 12:20:00	1	0	1	0
        119104	2026-05-07 12:20:18	1	0	1	0
        110053	2026-05-07 12:20:40	1	0	1	0
        119475	2026-05-07 12:20:47	1	1	1	0
        118407	2026-05-07 12:20:55	1	1	1	0
        118862	2026-05-07 12:21:04	1	0	1	0
        117341	2026-05-07 12:21:07	1	0	1	0
        116537	2026-05-07 12:22:50	1	0	1	0
        118509	2026-05-07 12:23:51	1	0	1	0
        117999	2026-05-07 12:23:59	1	0	1	0
        117639	2026-05-07 12:25:07	1	0	16	0
        119475	2026-05-07 12:26:21	1	0	1	0
        110083	2026-05-07 12:30:30	1	1	1	0
        110393	2026-05-07 12:31:40	1	0	1	0
        118760	2026-05-07 12:31:55	1	0	1	0
        118760	2026-05-07 12:32:11	1	1	1	0
        119340	2026-05-07 12:32:15	1	1	1	0
        117639	2026-05-07 12:32:43	1	1	16	0
        117639	2026-05-07 12:32:45	1	1	16	0
        110083	2026-05-07 12:33:21	1	0	1	0
        116787	2026-05-07 12:34:01	1	0	1	0
        116849	2026-05-07 12:34:16	1	0	1	0
        119602	2026-05-07 12:35:28	1	1	1	0
        116835	2026-05-07 12:37:54	1	0	1	0
        117999	2026-05-07 12:38:48	1	0	1	0
        118407	2026-05-07 12:38:55	1	0	1	0
        118760	2026-05-07 12:41:12	1	0	1	0
        118760	2026-05-07 12:41:30	1	1	1	0
        118760	2026-05-07 12:41:38	1	0	1	0
        110514	2026-05-07 12:41:59	1	1	1	0
        110512	2026-05-07 12:42:02	1	1	1	0
        119602	2026-05-07 12:42:14	1	0	1	0
        119340	2026-05-07 12:43:36	1	0	1	0
        110512	2026-05-07 12:45:07	1	0	1	0
        110514	2026-05-07 12:45:17	1	0	1	0
        110816	2026-05-07 12:46:25	1	0	1	0
        110820	2026-05-07 12:52:01	1	0	1	0
        110820	2026-05-07 12:52:12	1	0	1	0
        110818	2026-05-07 12:56:12	1	0	1	0
        117023	2026-05-07 16:21:31	1	1	1	0
        118584	2026-05-07 16:34:27	1	1	1	0
        110393	2026-05-07 16:52:20	1	1	1	0
        110820	2026-05-07 17:12:21	1	1	1	0
        110818	2026-05-07 17:12:28	1	1	1	0
        110819	2026-05-07 17:12:52	1	1	1	0
        110816	2026-05-07 17:13:01	1	1	1	0
        116551	2026-05-07 18:04:34	1	1	1	0
        117639	2026-05-07 18:05:01	1	1	16	0
        116953	2026-05-07 18:05:48	1	1	1	0
        110051	2026-05-07 18:06:54	1	1	16	0
        110051	2026-05-07 18:06:56	1	1	16	0
        119340	2026-05-07 18:10:33	1	1	1	0
        110512	2026-05-07 18:13:58	1	1	1	0
        118760	2026-05-07 18:16:37	1	1	1	0
        110040	2026-05-07 18:21:47	1	1	1	0
        110477	2026-05-07 18:22:20	1	1	1	0
        118509	2026-05-07 18:28:32	1	1	1	0
        110060	2026-05-07 18:28:53	1	1	1	0
        110514	2026-05-07 18:30:15	1	1	1	0
        116787	2026-05-07 18:37:46	1	1	1	0
        116787	2026-05-07 18:37:48	1	1	1	0
        119475	2026-05-07 18:38:39	1	1	1	0
        116274	2026-05-07 18:40:30	1	1	1	0
        110200	2026-05-07 18:40:50	1	1	1	0
        110200	2026-05-07 18:40:53	1	1	1	0
        116537	2026-05-07 18:41:01	1	1	1	0
        117341	2026-05-07 18:41:07	1	1	1	0
        110053	2026-05-07 18:43:19	1	1	1	0
        118043	2026-05-07 18:43:56	1	1	1	0
        116383	2026-05-07 18:44:49	1	1	16	0
        118221	2026-05-07 18:48:15	1	1	16	0
        118221	2026-05-07 18:48:18	1	1	16	0
        110485	2026-05-07 18:52:00	1	1	1	0
        110018	2026-05-07 18:52:20	1	1	1	0
        110062	2026-05-07 18:53:07	1	1	16	0
        119386	2026-05-07 18:53:45	1	1	1	0
        110083	2026-05-07 18:54:38	1	1	1	0
        116790	2026-05-07 19:01:59	1	1	1	0
        116849	2026-05-07 19:02:27	1	1	1	0
        118862	2026-05-07 19:03:14	1	1	1	0
        118407	2026-05-07 19:04:02	1	1	1	0
        110032	2026-05-07 19:04:14	1	1	16	0
        110032	2026-05-07 19:04:16	1	1	16	0
        117707	2026-05-07 19:08:19	1	1	1	0
        119602	2026-05-07 19:08:35	1	1	1	0
        117999	2026-05-07 19:08:41	1	1	1	0
        117999	2026-05-07 19:08:42	1	1	1	0
        110819	2026-05-08 07:01:39	1	0	1	0
        110820	2026-05-08 07:28:19	1	0	1	0
        117971	2026-05-08 07:54:14	1	0	1	0
        117971	2026-05-08 07:54:18	1	0	1	0
        110816	2026-05-08 07:55:43	1	0	1	0
        110373	2026-05-08 07:59:58	1	0	1	0
        110374	2026-05-08 08:20:23	1	0	1	0
        110818	2026-05-08 08:21:38	1	0	1	0
        117023	2026-05-08 08:28:35	1	0	1	0
        110818	2026-05-08 12:01:16	1	1	1	0
        110819	2026-05-08 12:01:44	1	1	1	0
        110374	2026-05-08 12:03:05	1	1	1	0
        110816	2026-05-08 12:03:15	1	1	1	0
        110820	2026-05-08 12:04:30	1	1	1	0
        117971	2026-05-08 12:05:19	1	1	1	0
        110373	2026-05-08 12:06:47	1	1	1	0
        110816	2026-05-08 12:09:05	1	1	1	0
        110816	2026-05-08 12:09:16	1	0	1	0
        110820	2026-05-08 12:10:03	1	0	1	0
        117023	2026-05-08 12:10:31	1	0	1	0
        117023	2026-05-08 12:15:20	1	0	1	0
        110819	2026-05-08 12:32:26	1	0	1	0
        117971	2026-05-08 12:36:10	1	0	1	0
        110374	2026-05-08 12:48:31	1	0	1	0
        110373	2026-05-08 12:51:01	1	0	1	0
        110818	2026-05-08 12:58:09	1	0	1	0
        110819	2026-05-08 17:02:58	1	1	1	0
        110820	2026-05-08 17:03:42	1	1	1	0
        110816	2026-05-08 17:06:15	1	1	1	0
        110373	2026-05-08 17:06:25	1	1	1	0
        110373	2026-05-08 17:06:30	1	1	1	0
        110370	2026-05-08 17:06:36	1	1	1	0
        110374	2026-05-08 17:06:44	1	1	1	0
        110818	2026-05-08 17:06:48	1	1	1	0
        117971	2026-05-08 17:07:01	1	1	1	0
        117971	2026-05-08 17:07:03	1	1	1	0
        117023	2026-05-08 17:14:31	1	1	1	0
        118760	2026-05-11 06:38:44	1	0	1	0
        116492	2026-05-11 06:42:20	1	0	1	0
        118001	2026-05-11 06:46:15	1	0	1	0
        116551	2026-05-11 06:49:56	1	0	1	0
        110514	2026-05-11 06:52:26	1	0	1	0
        118301	2026-05-11 06:55:05	1	0	1	0
        110032	2026-05-11 06:55:10	1	0	16	0
        110032	2026-05-11 06:55:17	1	0	16	0
        110430	2026-05-11 06:56:09	1	0	1	0
        119340	2026-05-11 06:56:40	1	0	1	0
        117716	2026-05-11 07:01:53	1	0	16	0
        116274	2026-05-11 07:02:01	1	0	1	0
        119365	2026-05-11 07:02:54	1	0	1	0
        116337	2026-05-11 07:04:17	1	0	1	0
        117133	2026-05-11 07:06:50	1	0	16	0
        117133	2026-05-11 07:06:52	1	0	16	0
        118862	2026-05-11 07:07:00	1	0	1	0
        118509	2026-05-11 07:07:34	1	0	1	0
        110083	2026-05-11 07:08:57	1	0	1	0
        110819	2026-05-11 07:14:06	1	0	1	0
        117341	2026-05-11 07:16:36	1	0	1	0
        116537	2026-05-11 07:16:41	1	0	1	0
        110051	2026-05-11 07:17:43	1	0	16	0
        110051	2026-05-11 07:17:45	1	0	16	0
        119475	2026-05-11 07:20:06	1	0	1	0
        110053	2026-05-11 07:27:04	1	0	1	0
        110373	2026-05-11 07:29:17	1	0	1	0
        118043	2026-05-11 07:31:35	1	0	1	0
        118829	2026-05-11 07:31:40	1	0	1	0
        110820	2026-05-11 07:37:30	1	0	1	0
        110817	2026-05-11 07:37:36	1	0	1	0
        119104	2026-05-11 07:38:58	1	0	1	0
        110485	2026-05-11 07:42:11	1	0	16	0
        110060	2026-05-11 07:42:19	1	0	1	0
        110370	2026-05-11 07:43:36	1	0	1	0
        110201	2026-05-11 07:44:25	1	0	16	0
        119386	2026-05-11 07:53:52	1	0	1	0
        118584	2026-05-11 08:26:23	1	0	1	0
        117023	2026-05-11 08:26:26	1	0	1	0
        118503	2026-05-11 08:26:30	1	0	1	0
        117077	2026-05-11 08:53:32	1	0	16	0
        117077	2026-05-11 08:53:34	1	0	16	0
        118584	2026-05-11 12:01:19	1	1	1	0
        110817	2026-05-11 12:02:05	1	1	1	0
        110819	2026-05-11 12:02:10	1	1	1	0
        110828	2026-05-11 12:02:19	1	1	1	0
        118301	2026-05-11 12:02:27	1	1	1	0
        118043	2026-05-11 12:02:49	1	1	16	0
        118043	2026-05-11 12:02:51	1	1	1	0
        110820	2026-05-11 12:03:00	1	1	1	0
        118509	2026-05-11 12:03:52	1	1	1	0
        119340	2026-05-11 12:04:24	1	1	1	0
        118862	2026-05-11 12:04:31	1	1	1	0
        110370	2026-05-11 12:05:00	1	1	1	0
        110373	2026-05-11 12:05:06	1	1	1	0
        116551	2026-05-11 12:05:12	1	1	1	0
        110083	2026-05-11 12:05:22	1	1	1	0
        110051	2026-05-11 12:05:54	1	1	16	0
        110051	2026-05-11 12:05:56	1	1	16	0
        110060	2026-05-11 12:06:01	1	1	1	0
        110430	2026-05-11 12:06:24	1	1	1	0
        110821	2026-05-11 12:06:34	1	1	1	0
        118584	2026-05-11 12:06:40	1	0	1	0
        110032	2026-05-11 12:07:11	1	1	16	0
        110032	2026-05-11 12:07:13	1	1	16	0
        117716	2026-05-11 12:07:36	1	1	1	0
        117133	2026-05-11 12:07:53	1	1	16	0
        117133	2026-05-11 12:07:55	1	1	16	0
        116337	2026-05-11 12:08:00	1	1	1	0
        118509	2026-05-11 12:08:09	1	0	1	0
        116537	2026-05-11 12:08:25	1	1	1	0
        117077	2026-05-11 12:08:40	1	1	16	0
        119340	2026-05-11 12:08:55	1	0	1	0
        117341	2026-05-11 12:09:06	1	0	1	0
        110373	2026-05-11 12:09:09	1	0	1	0
        110370	2026-05-11 12:09:14	1	0	1	0
        110485	2026-05-11 12:09:22	1	0	1	0
        110430	2026-05-11 12:09:30	1	0	1	0
        110821	2026-05-11 12:09:36	1	0	1	0
        116551	2026-05-11 12:10:01	1	0	1	0
        116337	2026-05-11 12:11:20	1	0	1	0
        116537	2026-05-11 12:11:27	1	0	1	0
        110032	2026-05-11 12:11:31	1	0	16	0
        110032	2026-05-11 12:11:33	1	0	16	0
        117077	2026-05-11 12:11:37	1	0	16	0
        117077	2026-05-11 12:11:39	1	0	16	0
        117133	2026-05-11 12:12:18	1	0	16	0
        117133	2026-05-11 12:12:20	1	0	16	0
        110083	2026-05-11 12:13:01	1	0	1	0
        110485	2026-05-11 12:13:11	1	0	1	0
        117716	2026-05-11 12:15:58	1	0	1	0
        110053	2026-05-11 12:16:22	1	1	1	0
        116274	2026-05-11 12:16:27	1	1	1	0
        118043	2026-05-11 12:16:44	1	0	1	0
        118503	2026-05-11 12:20:24	1	1	1	0
        110819	2026-05-11 12:21:02	1	0	1	0
        110820	2026-05-11 12:21:08	1	0	1	0
        116274	2026-05-11 12:21:58	1	0	1	0
        110817	2026-05-11 12:23:20	1	0	1	0
        118503	2026-05-11 12:23:26	1	0	1	0
        118862	2026-05-11 12:25:01	1	0	1	0
        110514	2026-05-11 12:25:07	1	1	1	0
        117341	2026-05-11 12:25:14	1	1	1	0
        118760	2026-05-11 12:25:54	1	1	1	0
        116492	2026-05-11 12:26:04	1	1	1	0
        116492	2026-05-11 12:26:06	1	1	16	0
        110060	2026-05-11 12:28:10	1	0	1	0
        110053	2026-05-11 12:28:29	1	0	1	0
        116492	2026-05-11 12:28:46	1	0	1	0
        110514	2026-05-11 12:30:04	1	0	1	0
        118001	2026-05-11 12:30:19	1	0	1	0
        110201	2026-05-11 12:32:02	1	0	16	0
        110201	2026-05-11 12:32:04	1	0	1	0
        117023	2026-05-11 12:32:11	1	1	1	0
        117023	2026-05-11 12:32:30	1	0	1	0
        117023	2026-05-11 12:32:46	1	1	1	0
        118301	2026-05-11 12:33:03	1	0	1	0
        110201	2026-05-11 12:36:07	1	0	1	0
        117023	2026-05-11 12:36:17	1	0	1	0
        118760	2026-05-11 12:45:18	1	0	1	0
        118001	2026-05-11 12:45:40	1	0	1	0
        119365	2026-05-11 12:47:08	1	1	1	0
        110051	2026-05-11 12:48:33	1	0	16	0
        119475	2026-05-11 12:49:19	1	1	1	0
        119475	2026-05-11 12:54:15	1	0	1	0
        110828	2026-05-11 12:59:18	1	0	1	0
        119365	2026-05-11 13:00:46	1	0	1	0
        110820	2026-05-11 17:04:57	1	1	1	0
        110819	2026-05-11 17:05:03	1	1	1	0
        110201	2026-05-11 17:06:37	1	1	1	0
        110370	2026-05-11 17:16:57	1	1	1	0
        110373	2026-05-11 17:17:02	1	1	1	0
        110817	2026-05-11 17:34:44	1	1	1	0
        110817	2026-05-11 17:34:46	1	1	16	0
        119340	2026-05-11 18:03:53	1	1	1	0
        116551	2026-05-11 18:04:00	1	1	1	0
        110430	2026-05-11 18:04:12	1	1	1	0
        119365	2026-05-11 18:04:20	1	1	1	0
        116492	2026-05-11 18:04:29	1	1	1	0
        117716	2026-05-11 18:05:26	1	1	1	0
        118760	2026-05-11 18:06:55	1	1	1	0
        117133	2026-05-11 18:07:40	1	1	16	0
        117133	2026-05-11 18:07:42	1	1	16	0
        116337	2026-05-11 18:07:46	1	1	1	0
        118301	2026-05-11 18:08:36	1	1	1	0
        118509	2026-05-11 18:08:49	1	1	1	0
        119107	2026-05-11 18:09:03	1	1	1	0
        119107	2026-05-11 18:09:05	1	1	16	0
        110083	2026-05-11 18:10:05	1	1	1	0
        116274	2026-05-11 18:10:41	1	1	1	0
        110514	2026-05-11 18:11:07	1	1	1	0
        110821	2026-05-11 18:11:13	1	1	1	0
        110032	2026-05-11 18:14:42	1	1	16	0
        110032	2026-05-11 18:14:44	1	1	16	0
        110051	2026-05-11 18:15:20	1	1	16	0
        116537	2026-05-11 18:20:07	1	1	1	0
        117341	2026-05-11 18:20:08	1	1	1	0
        119475	2026-05-11 18:23:12	1	1	1	0
        118862	2026-05-11 18:28:44	1	1	1	0
        119104	2026-05-11 18:32:47	1	1	1	0
        110053	2026-05-11 18:37:44	1	1	1	0
        118043	2026-05-11 18:39:17	1	1	1	0
        110485	2026-05-11 18:43:47	1	1	16	0
        110485	2026-05-11 18:43:49	1	1	16	0
        110060	2026-05-11 18:50:26	1	1	1	0
        110828	2026-05-11 18:52:36	1	1	1	0
        118503	2026-05-11 19:02:49	1	1	1	0
        119386	2026-05-11 19:06:08	1	1	1	0
        118584	2026-05-11 19:06:13	1	1	1	0
        117077	2026-05-11 19:06:50	1	1	16	0
        117023	2026-05-11 19:08:49	1	1	1	0
        116835	2026-05-12 06:37:36	1	0	1	0
        117999	2026-05-12 06:51:12	1	0	16	0
        117999	2026-05-12 06:51:14	1	0	16	0
        118301	2026-05-12 06:52:49	1	0	16	0
        110821	2026-05-12 06:53:00	1	0	1	0
        116337	2026-05-12 06:56:50	1	0	1	0
        110512	2026-05-12 06:56:56	1	0	1	0
        118001	2026-05-12 06:57:59	1	0	1	0
        117133	2026-05-12 06:59:23	1	0	16	0
        117133	2026-05-12 06:59:25	1	0	16	0
        110430	2026-05-12 06:59:38	1	0	1	0
        110819	2026-05-12 06:59:53	1	0	1	0
        116551	2026-05-12 07:00:15	1	0	1	0
        117969	2026-05-12 07:00:24	1	0	1	0
        118760	2026-05-12 07:03:00	1	0	1	0
        119340	2026-05-12 07:04:03	1	0	1	0
        119365	2026-05-12 07:04:56	1	0	1	0
        110514	2026-05-12 07:05:51	1	0	1	0
        119104	2026-05-12 07:09:30	1	0	1	0
        110485	2026-05-12 07:11:23	1	0	16	0
        116383	2026-05-12 07:13:09	1	0	1	0
        116492	2026-05-12 07:17:06	1	0	1	0
        117242	2026-05-12 07:20:07	1	0	1	0
        118043	2026-05-12 07:25:52	1	0	16	0
        118043	2026-05-12 07:25:55	1	0	16	0
        117716	2026-05-12 07:27:39	1	0	1	0
        110828	2026-05-12 07:28:35	1	0	1	0
        118829	2026-05-12 07:29:13	1	0	1	0
        117341	2026-05-12 07:29:35	1	0	1	0
        110032	2026-05-12 07:31:34	1	0	16	0
        110820	2026-05-12 07:31:57	1	0	1	0
        116537	2026-05-12 07:38:15	1	0	16	0
        117700	2026-05-12 07:42:16	1	0	16	0
        117700	2026-05-12 07:42:18	1	0	16	0
        110053	2026-05-12 07:42:35	1	0	1	0
        110413	2026-05-12 07:48:29	1	0	1	0
        110193	2026-05-12 07:51:33	1	0	1	0
        110198	2026-05-12 07:51:39	1	0	16	0
        110198	2026-05-12 07:51:42	1	0	16	0
        110083	2026-05-12 07:53:20	1	0	1	0
        110818	2026-05-12 07:54:48	1	0	1	0
        110374	2026-05-12 07:55:12	1	0	1	0
        110373	2026-05-12 07:59:24	1	0	1	0
        118407	2026-05-12 08:02:04	1	0	1	0
        119386	2026-05-12 08:11:12	1	0	1	0
        110183	2026-05-12 08:14:00	1	0	1	0
        119602	2026-05-12 08:16:04	1	0	1	0
        118503	2026-05-12 08:19:34	1	0	1	0
        117023	2026-05-12 08:27:08	1	0	1	0
        118584	2026-05-12 08:27:10	1	0	1	0
        119107	2026-05-12 12:00:20	1	0	1	0
        119386	2026-05-12 12:00:31	1	0	1	0
        119386	2026-05-12 12:00:40	1	1	1	0
        118584	2026-05-12 12:00:54	1	1	16	0
        118829	2026-05-12 12:01:06	1	1	1	0
        117716	2026-05-12 12:01:14	1	1	1	0
        116383	2026-05-12 12:01:21	1	1	16	0
        110373	2026-05-12 12:01:32	1	1	1	0
        110374	2026-05-12 12:01:36	1	1	1	0
        116383	2026-05-12 12:01:45	1	1	16	0
        116383	2026-05-12 12:01:47	1	1	16	0
        110198	2026-05-12 12:02:05	1	1	16	0
        110485	2026-05-12 12:02:35	1	1	16	0
        116537	2026-05-12 12:02:51	1	1	1	0
        118301	2026-05-12 12:02:57	1	1	1	0
        117133	2026-05-12 12:03:13	1	1	16	0
        110032	2026-05-12 12:03:41	1	1	16	0
        119386	2026-05-12 12:03:56	1	1	1	0
        117999	2026-05-12 12:04:09	1	1	1	0
        119386	2026-05-12 12:04:18	1	0	1	0
        118043	2026-05-12 12:04:33	1	1	1	0
        118829	2026-05-12 12:05:01	1	0	1	0
        116383	2026-05-12 12:05:09	1	0	1	0
        116337	2026-05-12 12:05:20	1	1	1	0
        118760	2026-05-12 12:05:24	1	1	1	0
        110053	2026-05-12 12:05:32	1	1	1	0
        118584	2026-05-12 12:05:38	1	0	1	0
        110485	2026-05-12 12:05:47	1	0	1	0
        110373	2026-05-12 12:06:04	1	0	1	0
        117716	2026-05-12 12:06:12	1	0	1	0
        117133	2026-05-12 12:06:25	1	0	16	0
        117969	2026-05-12 12:06:33	1	0	1	0
        117077	2026-05-12 12:07:00	1	1	16	0
        110828	2026-05-12 12:07:04	1	1	1	0
        117969	2026-05-12 12:07:12	1	1	1	0
        110820	2026-05-12 12:07:38	1	1	1	0
        110818	2026-05-12 12:07:42	1	1	1	0
        119340	2026-05-12 12:08:05	1	1	1	0
        116537	2026-05-12 12:08:25	1	0	1	0
        110819	2026-05-12 12:09:19	1	1	1	0
        116337	2026-05-12 12:09:25	1	1	1	0
        117077	2026-05-12 12:09:44	1	0	16	0
        117969	2026-05-12 12:09:56	1	0	1	0
        116492	2026-05-12 12:10:14	1	0	1	0
        118001	2026-05-12 12:10:17	1	0	1	0
        116551	2026-05-12 12:10:36	1	1	1	0
        116492	2026-05-12 12:10:56	1	1	1	0
        118001	2026-05-12 12:11:02	1	1	1	0
        119365	2026-05-12 12:11:20	1	1	1	0
        117341	2026-05-12 12:12:09	1	1	1	0
        118043	2026-05-12 12:15:07	1	0	1	0
        116551	2026-05-12 12:15:13	1	0	1	0
        119340	2026-05-12 12:15:29	1	0	1	0
        117341	2026-05-12 12:15:35	1	0	1	0
        110828	2026-05-12 12:15:44	1	0	1	0
        110083	2026-05-12 12:16:44	1	1	1	0
        110083	2026-05-12 12:16:49	1	1	1	0
        110032	2026-05-12 12:17:06	1	0	16	0
        110032	2026-05-12 12:17:08	1	0	16	0
        119602	2026-05-12 12:17:17	1	1	1	0
        116492	2026-05-12 12:17:27	1	0	1	0
        118001	2026-05-12 12:17:31	1	0	1	0
        119365	2026-05-12 12:17:36	1	0	1	0
        118407	2026-05-12 12:18:36	1	0	1	0
        117700	2026-05-12 12:18:54	1	0	16	0
        117700	2026-05-12 12:18:56	1	0	16	0
        118301	2026-05-12 12:19:18	1	0	1	0
        110083	2026-05-12 12:19:42	1	0	1	0
        118503	2026-05-12 12:19:57	1	1	1	0
        119602	2026-05-12 12:20:16	1	0	1	0
        110413	2026-05-12 12:20:27	1	0	1	0
        118407	2026-05-12 12:21:04	1	0	1	0
        118760	2026-05-12 12:24:21	1	0	1	0
        110819	2026-05-12 12:25:20	1	0	1	0
        110053	2026-05-12 12:25:27	1	0	1	0
        110198	2026-05-12 12:25:41	1	0	16	0
        119104	2026-05-12 12:26:31	1	1	1	0
        118503	2026-05-12 12:26:36	1	0	1	0
        110430	2026-05-12 12:27:43	1	1	1	0
        110821	2026-05-12 12:27:48	1	1	1	0
        110514	2026-05-12 12:29:51	1	1	1	0
        110514	2026-05-12 12:29:53	1	1	1	0
        110512	2026-05-12 12:29:55	1	1	1	0
        119104	2026-05-12 12:30:09	1	0	1	0
        110821	2026-05-12 12:30:17	1	0	1	0
        110430	2026-05-12 12:30:23	1	0	1	0
        117700	2026-05-12 12:31:40	1	0	16	0
        117700	2026-05-12 12:31:42	1	0	16	0
        110514	2026-05-12 12:36:13	1	0	1	0
        110512	2026-05-12 12:36:16	1	0	1	0
        110413	2026-05-12 12:36:35	1	0	1	0
        117999	2026-05-12 12:37:23	1	0	1	0
        117023	2026-05-12 12:38:22	1	1	1	0
        110374	2026-05-12 12:40:48	1	1	1	0
        110183	2026-05-12 12:47:53	1	1	1	0
        110183	2026-05-12 12:50:04	1	0	1	0
        117023	2026-05-12 12:50:42	1	0	1	0
        110372	2026-05-12 12:52:39	1	1	1	0
        116835	2026-05-12 12:52:47	1	1	1	0
        116835	2026-05-12 12:55:06	1	0	1	0
        110372	2026-05-12 12:55:11	1	0	1	0
        110820	2026-05-12 12:56:11	1	0	1	0
        110818	2026-05-12 12:56:17	1	0	1	0
        110062	2026-05-12 12:59:14	1	0	16	0
        110819	2026-05-12 17:07:05	1	1	1	0
        110374	2026-05-12 17:10:18	1	1	1	0
        110373	2026-05-12 17:10:24	1	1	1	0
        110818	2026-05-12 17:10:31	1	1	1	0
        110820	2026-05-12 17:10:36	1	1	1	0
        118829	2026-05-12 17:44:21	1	1	1	0
        116551	2026-05-12 18:02:20	1	1	1	0
        117133	2026-05-12 18:04:19	1	1	16	0
        117133	2026-05-12 18:04:21	1	1	16	0
        116492	2026-05-12 18:04:46	1	1	1	0
        116492	2026-05-12 18:04:48	1	1	16	0
        119365	2026-05-12 18:05:49	1	1	1	0
        110051	2026-05-12 18:05:55	1	1	16	0
        110051	2026-05-12 18:05:57	1	1	16	0
        118760	2026-05-12 18:07:32	1	1	1	0
        119340	2026-05-12 18:10:30	1	1	1	0
        118301	2026-05-12 18:11:16	1	1	1	0
        110198	2026-05-12 18:13:11	1	1	16	0
        110193	2026-05-12 18:13:17	1	1	16	0
        110193	2026-05-12 18:13:19	1	1	16	0
        110372	2026-05-12 18:14:24	1	1	1	0
        116383	2026-05-12 18:16:19	1	1	1	0
        110430	2026-05-12 18:17:15	1	1	1	0
        110514	2026-05-12 18:17:20	1	1	1	0
        110512	2026-05-12 18:17:24	1	1	1	0
        110821	2026-05-12 18:17:30	1	1	1	0
        116337	2026-05-12 18:18:55	1	1	1	0
        110485	2026-05-12 18:20:21	1	1	16	0
        119107	2026-05-12 18:22:17	1	1	1	0
        116835	2026-05-12 18:25:18	1	1	1	0
        119104	2026-05-12 18:25:27	1	1	1	0
        118043	2026-05-12 18:31:56	1	1	1	0
        117716	2026-05-12 18:32:20	1	1	1	0
        110053	2026-05-12 18:34:13	1	1	1	0
        117999	2026-05-12 18:40:24	1	1	1	0
        117242	2026-05-12 18:40:31	1	1	1	0
        116537	2026-05-12 18:42:33	1	1	1	0
        117341	2026-05-12 18:42:36	1	1	1	0
        117700	2026-05-12 18:44:44	1	1	16	0
        117700	2026-05-12 18:44:46	1	1	16	0
        118407	2026-05-12 18:44:51	1	1	1	0
        118503	2026-05-12 19:00:30	1	1	1	0
        110083	2026-05-12 19:01:41	1	1	1	0
        110183	2026-05-12 19:01:46	1	1	1	0
        117077	2026-05-12 19:03:10	1	1	16	0
        117023	2026-05-12 19:04:27	1	1	1	0
        118584	2026-05-12 19:04:30	1	1	1	0
        119602	2026-05-12 19:12:37	1	1	1	0
        110413	2026-05-12 19:12:41	1	1	1	0
        119386	2026-05-12 19:13:54	1	1	1	0
        110062	2026-05-12 19:13:58	1	1	1	0
        110032	2026-05-12 19:16:44	1	1	16	0
        110809	2026-05-13 06:42:37	1	0	16	0
        110809	2026-05-13 06:42:39	1	0	1	0
        110051	2026-05-13 06:43:21	1	0	16	0
        110051	2026-05-13 06:43:24	1	0	16	0
        119340	2026-05-13 06:47:29	1	0	1	0
        118301	2026-05-13 06:49:34	1	0	1	0
        116835	2026-05-13 06:50:27	1	0	1	0
        118001	2026-05-13 06:51:51	1	0	1	0
        110821	2026-05-13 06:52:19	1	0	1	0
        117269	2026-05-13 06:53:21	1	0	16	0
        116492	2026-05-13 06:54:58	1	0	1	0
        116337	2026-05-13 06:56:35	1	0	1	0
        116537	2026-05-13 07:00:31	1	0	1	0
        110485	2026-05-13 07:01:59	1	0	16	0
        110485	2026-05-13 07:02:01	1	0	16	0
        110514	2026-05-13 07:02:21	1	0	1	0
        118760	2026-05-13 07:04:48	1	0	1	0
        110819	2026-05-13 07:08:16	1	0	1	0
        119475	2026-05-13 07:08:51	1	0	1	0
        119365	2026-05-13 07:08:58	1	0	1	0
        116551	2026-05-13 07:09:15	1	0	1	0
        118043	2026-05-13 07:10:11	1	0	1	0
        117969	2026-05-13 07:11:26	1	0	16	0
        117969	2026-05-13 07:11:28	1	0	1	0
        118509	2026-05-13 07:12:46	1	0	1	0
        110053	2026-05-13 07:12:57	1	0	1	0
        118862	2026-05-13 07:19:56	1	0	1	0
        110083	2026-05-13 07:23:19	1	0	1	0
        110512	2026-05-13 07:24:16	1	0	1	0
        117133	2026-05-13 07:25:10	1	0	16	0
        117133	2026-05-13 07:25:13	1	0	16	0
        117716	2026-05-13 07:27:58	1	0	1	0
        118829	2026-05-13 07:32:13	1	0	1	0
        110820	2026-05-13 07:35:59	1	0	1	0
        110828	2026-05-13 07:42:08	1	0	1	0
        110818	2026-05-13 07:50:13	1	0	1	0
        110816	2026-05-13 07:51:46	1	0	1	0
        119104	2026-05-13 07:53:33	1	0	1	0
        110370	2026-05-13 07:53:38	1	0	1	0
        110198	2026-05-13 07:54:54	1	0	16	0
        118584	2026-05-13 07:57:13	1	0	1	0
        117023	2026-05-13 07:58:05	1	0	1	0
        117999	2026-05-13 07:58:59	1	0	1	0
        117341	2026-05-13 07:59:44	1	0	1	0
        117700	2026-05-13 08:01:57	1	0	1	0
        117242	2026-05-13 08:02:24	1	0	1	0
        110183	2026-05-13 08:03:27	1	0	1	0
        110373	2026-05-13 08:11:31	1	0	1	0
        117642	2026-05-13 08:13:51	1	0	1	0
        110062	2026-05-13 08:23:05	1	0	1	0
        117077	2026-05-13 08:34:24	1	0	16	0
        118760	2026-05-13 12:00:49	1	1	1	0
        116537	2026-05-13 12:01:05	1	1	1	0
        117077	2026-05-13 12:01:24	1	1	16	0
        110819	2026-05-13 12:01:31	1	1	1	0
        117700	2026-05-13 12:01:37	1	1	1	0
        116551	2026-05-13 12:01:41	1	1	1	0
        118584	2026-05-13 12:01:44	1	1	1	0
        117969	2026-05-13 12:01:46	1	1	1	0
        117642	2026-05-13 12:01:48	1	1	1	0
        117242	2026-05-13 12:01:53	1	1	1	0
        117999	2026-05-13 12:01:57	1	1	1	0
        117133	2026-05-13 12:02:02	1	1	16	0
        117133	2026-05-13 12:02:04	1	1	16	0
        117716	2026-05-13 12:02:09	1	1	1	0
        110820	2026-05-13 12:02:19	1	1	1	0
        116337	2026-05-13 12:02:25	1	1	1	0
        119365	2026-05-13 12:02:31	1	1	1	0
        110816	2026-05-13 12:02:36	1	1	1	0
        110051	2026-05-13 12:02:53	1	1	16	0
        110051	2026-05-13 12:02:55	1	1	16	0
        110828	2026-05-13 12:02:57	1	1	1	0
        110818	2026-05-13 12:03:04	1	1	1	0
        118829	2026-05-13 12:03:07	1	1	1	0
        118043	2026-05-13 12:03:23	1	1	1	0
        110370	2026-05-13 12:03:28	1	1	1	0
        110373	2026-05-13 12:03:35	1	1	1	0
        116551	2026-05-13 12:05:07	1	0	1	0
        118829	2026-05-13 12:05:20	1	0	1	0
        117133	2026-05-13 12:05:25	1	0	16	0
        117133	2026-05-13 12:05:27	1	0	16	0
        118301	2026-05-13 12:06:00	1	1	1	0
        118760	2026-05-13 12:06:10	1	0	1	0
        116337	2026-05-13 12:06:22	1	0	1	0
        117077	2026-05-13 12:06:40	1	0	16	0
        117023	2026-05-13 12:08:18	1	1	1	0
        117341	2026-05-13 12:08:31	1	1	1	0
        118862	2026-05-13 12:10:06	1	1	1	0
        116537	2026-05-13 12:10:57	1	0	1	0
        117023	2026-05-13 12:11:19	1	0	1	0
        118584	2026-05-13 12:11:53	1	0	1	0
        119602	2026-05-13 12:12:29	1	0	1	0
        118584	2026-05-13 12:12:47	1	1	1	0
        118509	2026-05-13 12:12:54	1	1	1	0
        117716	2026-05-13 12:13:00	1	1	1	0
        110820	2026-05-13 12:13:45	1	0	1	0
        117341	2026-05-13 12:13:59	1	0	1	0
        119340	2026-05-13 12:14:55	1	1	1	0
        117700	2026-05-13 12:15:05	1	1	1	0
        118301	2026-05-13 12:15:13	1	0	1	0
        110819	2026-05-13 12:15:19	1	0	1	0
        118584	2026-05-13 12:16:40	1	0	1	0
        117269	2026-05-13 12:17:42	1	0	1	0
        118509	2026-05-13 12:18:15	1	0	1	0
        119340	2026-05-13 12:18:21	1	0	1	0
        119475	2026-05-13 12:19:03	1	1	1	0
        110818	2026-05-13 12:19:47	1	0	1	0
        119104	2026-05-13 12:21:14	1	1	1	0
        110506	2026-05-13 12:21:23	1	1	1	0
        110083	2026-05-13 12:21:46	1	1	1	0
        119475	2026-05-13 12:23:59	1	0	1	0
        110053	2026-05-13 12:24:24	1	1	1	0
        110062	2026-05-13 12:24:29	1	1	1	0
        118043	2026-05-13 12:26:21	1	0	1	0
        117269	2026-05-13 12:26:46	1	0	1	0
        119104	2026-05-13 12:27:02	1	0	1	0
        110506	2026-05-13 12:27:07	1	0	1	0
        118862	2026-05-13 12:28:02	1	0	1	0
        110828	2026-05-13 12:28:30	1	0	1	0
        116492	2026-05-13 12:28:50	1	1	1	0
        117969	2026-05-13 12:28:56	1	0	1	0
        118001	2026-05-13 12:29:04	1	1	1	0
        117642	2026-05-13 12:30:16	1	1	1	0
        117999	2026-05-13 12:30:19	1	1	1	0
        116492	2026-05-13 12:31:37	1	0	1	0
        118001	2026-05-13 12:31:40	1	0	1	0
        110053	2026-05-13 12:31:59	1	0	1	0
        110062	2026-05-13 12:32:04	1	0	1	0
        117242	2026-05-13 12:32:14	1	0	1	0
        110083	2026-05-13 12:35:02	1	0	1	0
        110816	2026-05-13 12:35:16	1	0	1	0
        110370	2026-05-13 12:36:06	1	0	1	0
        110373	2026-05-13 12:36:10	1	0	1	0
        110485	2026-05-13 12:37:33	1	1	1	0
        110485	2026-05-13 12:42:19	1	0	1	0
        110512	2026-05-13 12:43:34	1	1	1	0
        110372	2026-05-13 12:43:37	1	1	1	0
        110514	2026-05-13 12:43:42	1	1	1	0
        110183	2026-05-13 12:43:46	1	1	1	0
        110821	2026-05-13 12:43:52	1	1	1	0
        116835	2026-05-13 12:44:04	1	1	1	0
        110512	2026-05-13 12:47:03	1	0	1	0
        110514	2026-05-13 12:47:09	1	0	1	0
        110372	2026-05-13 12:47:13	1	0	1	0
        110183	2026-05-13 12:47:17	1	0	1	0
        116835	2026-05-13 12:47:21	1	0	1	0
        110821	2026-05-13 12:47:25	1	0	1	0
        110051	2026-05-13 12:51:32	1	0	16	0
        110051	2026-05-13 12:51:34	1	0	16	0
        119365	2026-05-13 12:55:53	1	0	1	0
        110819	2026-05-13 17:06:25	1	1	1	0
        117642	2026-05-13 17:08:51	1	1	1	0
        110820	2026-05-13 17:10:05	1	1	1	0
        110816	2026-05-13 17:10:08	1	1	1	0
        110818	2026-05-13 17:10:10	1	1	1	0
        110370	2026-05-13 17:27:27	1	1	1	0
        110373	2026-05-13 17:27:31	1	1	1	0
        119340	2026-05-13 18:01:36	1	1	1	0
        116337	2026-05-13 18:01:56	1	1	1	0
        110809	2026-05-13 18:04:08	1	1	16	0
        110809	2026-05-13 18:04:10	1	1	1	0
        110809	2026-05-13 18:04:11	1	1	16	0
        117269	2026-05-13 18:04:23	1	1	1	0
        118760	2026-05-13 18:05:11	1	1	1	0
        118301	2026-05-13 18:06:57	1	1	1	0
        110514	2026-05-13 18:10:11	1	1	1	0
        116492	2026-05-13 18:11:18	1	1	1	0
        119365	2026-05-13 18:12:18	1	1	1	0
        116551	2026-05-13 18:12:22	1	1	1	0
        118509	2026-05-13 18:12:31	1	1	1	0
        110821	2026-05-13 18:14:07	1	1	1	0
        118001	2026-05-13 18:14:13	1	1	1	0
        116537	2026-05-13 18:14:45	1	1	1	0
        118043	2026-05-13 18:19:45	1	1	1	0
        110051	2026-05-13 18:20:25	1	1	16	0
        110051	2026-05-13 18:20:27	1	1	16	0
        119475	2026-05-13 18:20:34	1	1	1	0
        119475	2026-05-13 18:20:40	1	1	1	0
        118862	2026-05-13 18:22:20	1	1	1	0
        117133	2026-05-13 18:25:30	1	1	16	0
        110512	2026-05-13 18:30:16	1	1	1	0
        117716	2026-05-13 18:30:50	1	1	1	0
        118829	2026-05-13 18:31:49	1	1	1	0
        117969	2026-05-13 18:32:55	1	1	1	0
        116835	2026-05-13 18:36:00	1	1	1	0
        119104	2026-05-13 18:36:05	1	1	1	0
        117700	2026-05-13 18:42:41	1	1	1	0
        110053	2026-05-13 18:44:30	1	1	1	0
        110485	2026-05-13 18:44:48	1	1	16	0
        110485	2026-05-13 18:44:50	1	1	16	0
        110828	2026-05-13 18:48:09	1	1	1	0
        110083	2026-05-13 18:48:36	1	1	1	0
        110062	2026-05-13 19:00:31	1	1	1	0
        110372	2026-05-13 19:00:46	1	1	1	0
        117242	2026-05-13 19:03:27	1	1	1	0
        117341	2026-05-13 19:12:04	1	1	1	0
        117023	2026-05-13 19:20:51	1	1	1	0
        118584	2026-05-13 19:20:54	1	1	1	0
        117999	2026-05-13 19:24:07	1	1	1	0
        110183	2026-05-13 19:53:22	1	1	1	0
        117077	2026-05-13 21:21:54	1	1	16	0
        110051	2026-05-14 06:39:31	1	1	16	0
        110051	2026-05-14 06:39:33	1	1	16	0
        110430	2026-05-14 06:42:28	1	1	1	0
        117023	2026-05-14 06:44:44	1	0	1	0
        118584	2026-05-14 06:44:50	1	0	1	0
        110821	2026-05-14 06:49:03	1	0	1	0
        118760	2026-05-14 06:54:00	1	0	1	0
        117269	2026-05-14 06:54:39	1	0	1	0
        119340	2026-05-14 06:55:03	1	0	1	0
        110198	2026-05-14 06:56:22	1	0	16	0
        116551	2026-05-14 06:57:21	1	0	1	0
        118301	2026-05-14 06:58:22	1	0	1	0
        110512	2026-05-14 07:00:53	1	0	1	0
        119365	2026-05-14 07:03:27	1	0	1	0
        116383	2026-05-14 07:06:04	1	0	16	0
        118043	2026-05-14 07:06:13	1	0	1	0
        110819	2026-05-14 07:09:47	1	0	1	0
        117716	2026-05-14 07:11:52	1	0	1	0
        119475	2026-05-14 07:12:33	1	0	1	0
        117341	2026-05-14 07:15:04	1	0	1	0
        116537	2026-05-14 07:15:09	1	0	1	0
        118509	2026-05-14 07:15:48	1	0	1	0
        119104	2026-05-14 07:23:51	1	0	1	0
        116337	2026-05-14 07:25:03	1	0	1	0
        110514	2026-05-14 07:32:17	1	0	1	0
        110820	2026-05-14 07:36:06	1	0	1	0
        110828	2026-05-14 07:36:44	1	0	1	0
        118829	2026-05-14 07:39:38	1	0	1	0
        110083	2026-05-14 07:43:09	1	0	1	0
        110818	2026-05-14 07:44:00	1	0	1	0
        118862	2026-05-14 07:48:34	1	0	1	0
        110485	2026-05-14 07:51:59	1	0	1	0
        117242	2026-05-14 07:53:04	1	0	1	0
        110413	2026-05-14 07:54:05	1	0	1	0
        110200	2026-05-14 07:54:16	1	0	1	0
        110200	2026-05-14 07:54:20	1	0	1	0
        110393	2026-05-14 07:56:44	1	0	1	0
        117687	2026-05-14 07:58:13	1	0	1	0
        110053	2026-05-14 08:07:44	1	0	1	0
        117700	2026-05-14 08:08:17	1	0	1	0
        119602	2026-05-14 08:08:29	1	0	1	0
        110370	2026-05-14 08:14:53	1	0	1	0
        117642	2026-05-14 08:16:22	1	0	1	0
        110062	2026-05-14 08:19:57	1	0	1	0
        110373	2026-05-14 08:21:13	1	0	1	0
        117077	2026-05-14 08:23:54	1	0	16	0
        117077	2026-05-14 08:23:56	1	0	16	0
        110828	2026-05-14 12:00:11	1	1	1	0
        117269	2026-05-14 12:00:18	1	1	1	0
        116337	2026-05-14 12:00:54	1	1	1	0
        117700	2026-05-14 12:01:03	1	1	1	0
        110370	2026-05-14 12:01:09	1	1	1	0
        110373	2026-05-14 12:01:14	1	1	1	0
        119107	2026-05-14 12:01:20	1	1	1	0
        117341	2026-05-14 12:01:25	1	1	1	0
        118043	2026-05-14 12:01:31	1	1	1	0
        117716	2026-05-14 12:01:35	1	1	1	0
        118584	2026-05-14 12:01:43	1	1	1	0
        110819	2026-05-14 12:01:48	1	1	1	0
        116383	2026-05-14 12:01:59	1	1	1	0
        118760	2026-05-14 12:02:09	1	1	1	0
        110062	2026-05-14 12:02:19	1	1	1	0
        116537	2026-05-14 12:02:25	1	1	1	0
        110818	2026-05-14 12:02:54	1	1	1	0
        110820	2026-05-14 12:02:56	1	1	1	0
        119365	2026-05-14 12:03:03	1	1	1	0
        119107	2026-05-14 12:04:33	1	1	1	0
        116383	2026-05-14 12:05:21	1	0	1	0
        117700	2026-05-14 12:05:51	1	0	1	0
        119340	2026-05-14 12:06:08	1	1	1	0
        117341	2026-05-14 12:06:14	1	1	1	0
        116337	2026-05-14 12:06:33	1	0	1	0
        117077	2026-05-14 12:06:47	1	1	16	0
        118862	2026-05-14 12:07:21	1	1	1	0
        117242	2026-05-14 12:07:48	1	1	1	0
        118760	2026-05-14 12:08:55	1	0	1	0
        119340	2026-05-14 12:09:17	1	0	1	0
        110200	2026-05-14 12:09:59	1	1	1	0
        110485	2026-05-14 12:10:26	1	1	16	0
        116537	2026-05-14 12:10:33	1	0	1	0
        117716	2026-05-14 12:10:40	1	0	1	0
        116551	2026-05-14 12:11:27	1	1	1	0
        118301	2026-05-14 12:11:34	1	1	1	0
        110200	2026-05-14 12:12:50	1	1	1	0
        110200	2026-05-14 12:13:01	1	0	1	0
        118584	2026-05-14 12:13:09	1	0	1	0
        119602	2026-05-14 12:13:16	1	1	1	0
        117642	2026-05-14 12:13:19	1	1	1	0
        110413	2026-05-14 12:13:22	1	1	1	0
        110820	2026-05-14 12:13:51	1	0	1	0
        110818	2026-05-14 12:13:55	1	0	1	0
        117269	2026-05-14 12:15:00	1	0	1	0
        118509	2026-05-14 12:17:17	1	1	1	0
        110430	2026-05-14 12:17:23	1	1	1	0
        110514	2026-05-14 12:17:27	1	1	1	0
        110821	2026-05-14 12:17:32	1	1	1	0
        110512	2026-05-14 12:17:38	1	1	1	0
        118043	2026-05-14 12:17:46	1	0	1	0
        110819	2026-05-14 12:19:39	1	0	1	0
        119602	2026-05-14 12:19:45	1	0	1	0
        110053	2026-05-14 12:20:26	1	1	1	0
        118301	2026-05-14 12:21:35	1	0	1	0
        119104	2026-05-14 12:21:47	1	1	1	0
        117687	2026-05-14 12:21:59	1	1	1	0
        110514	2026-05-14 12:22:07	1	0	1	0
        110512	2026-05-14 12:22:11	1	0	1	0
        110430	2026-05-14 12:22:16	1	0	1	0
        110821	2026-05-14 12:22:21	1	0	1	0
        118509	2026-05-14 12:22:39	1	0	1	0
        118509	2026-05-14 12:22:43	1	0	16	0
        119475	2026-05-14 12:23:28	1	1	1	0
        116551	2026-05-14 12:23:41	1	0	1	0
        119104	2026-05-14 12:24:24	1	0	1	0
        118862	2026-05-14 12:24:56	1	0	1	0
        117642	2026-05-14 12:25:26	1	0	1	0
        110413	2026-05-14 12:25:32	1	0	1	0
        117687	2026-05-14 12:26:15	1	0	1	0
        110485	2026-05-14 12:26:56	1	0	16	0
        110828	2026-05-14 12:27:06	1	0	1	0
        110053	2026-05-14 12:27:30	1	0	1	0
        119475	2026-05-14 12:27:38	1	0	1	0
        110370	2026-05-14 12:32:48	1	0	1	0
        110373	2026-05-14 12:32:52	1	0	1	0
        119365	2026-05-14 12:35:32	1	0	1	0
        110083	2026-05-14 12:43:00	1	1	1	0
        117242	2026-05-14 12:44:33	1	1	1	0
        110051	2026-05-14 12:45:24	1	1	16	0
        110083	2026-05-14 12:45:50	1	0	1	0
        117023	2026-05-14 12:50:19	1	1	1	0
        110393	2026-05-14 12:52:18	1	1	1	0
        110051	2026-05-14 12:55:38	1	0	16	0
        110051	2026-05-14 12:55:40	1	0	16	0
        117023	2026-05-14 12:57:35	1	0	1	0
        110393	2026-05-14 12:58:22	1	0	1	0
        117642	2026-05-14 17:16:21	1	0	1	0
        110819	2026-05-14 17:17:59	1	1	1	0
        110818	2026-05-14 17:20:45	1	1	1	0
        110820	2026-05-14 17:20:51	1	1	1	0
        110370	2026-05-14 17:37:35	1	1	1	0
        110373	2026-05-14 17:37:47	1	1	1	0
        119104	2026-05-14 17:52:51	1	1	1	0
        119340	2026-05-14 18:02:26	1	1	1	0
        117269	2026-05-14 18:04:50	1	1	1	0
        116551	2026-05-14 18:04:57	1	1	1	0
        119365	2026-05-14 18:05:01	1	1	1	0
        118301	2026-05-14 18:07:05	1	1	1	0
        110512	2026-05-14 18:08:07	1	1	1	0
        110514	2026-05-14 18:08:09	1	1	1	0
        110430	2026-05-14 18:08:16	1	1	1	0
        110821	2026-05-14 18:08:21	1	1	1	0
        118760	2026-05-14 18:09:00	1	1	1	0
        118043	2026-05-14 18:10:22	1	1	1	0
        117716	2026-05-14 18:14:37	1	1	1	0
        117341	2026-05-14 18:16:17	1	1	1	0
        116537	2026-05-14 18:16:19	1	1	1	0
        110051	2026-05-14 18:17:10	1	1	16	0
        110051	2026-05-14 18:17:13	1	1	16	0
        118509	2026-05-14 18:17:47	1	1	1	0
        118584	2026-05-14 18:17:49	1	1	1	0
        117023	2026-05-14 18:17:53	1	1	1	0
        119475	2026-05-14 18:22:02	1	1	1	0
        116337	2026-05-14 18:34:21	1	1	1	0
        110828	2026-05-14 18:40:55	1	1	1	0
        110083	2026-05-14 18:51:14	1	1	1	0
        117077	2026-05-14 19:00:51	1	1	16	0
        110062	2026-05-14 19:01:03	1	1	1	0
        117700	2026-05-14 19:01:28	1	1	1	0
        110200	2026-05-14 19:02:03	1	1	1	0
        110485	2026-05-14 19:04:03	1	1	16	0
        119602	2026-05-14 19:12:13	1	1	1	0
        117687	2026-05-14 19:12:19	1	1	1	0
        110413	2026-05-14 19:12:23	1	1	1	0
        117242	2026-05-14 19:12:30	1	1	1	0
        110819	2026-05-15 07:16:15	1	0	1	0
        110816	2026-05-15 07:36:29	1	0	1	0
        110820	2026-05-15 07:37:40	1	0	1	0
        110393	2026-05-15 07:50:48	1	0	1	0
        110567	2026-05-15 07:51:06	1	0	1	0
        117971	2026-05-15 08:02:34	1	0	1	0
        110370	2026-05-15 08:08:55	1	0	1	0
        110373	2026-05-15 08:18:11	1	0	1	0
        110430	2026-05-15 08:24:04	1	0	1	0
        110374	2026-05-15 08:38:50	1	0	1	0
        110818	2026-05-15 08:43:09	1	0	1	0
        110818	2026-05-15 08:43:11	1	0	1	0
        117023	2026-05-15 11:33:20	1	0	1	0
        117971	2026-05-15 12:01:36	1	0	1	0
        110393	2026-05-15 12:02:03	1	1	1	0
        117971	2026-05-15 12:02:08	1	1	1	0
        110819	2026-05-15 12:02:13	1	1	1	0
        110370	2026-05-15 12:02:18	1	1	1	0
        110373	2026-05-15 12:02:24	1	1	1	0
        110374	2026-05-15 12:02:29	1	1	1	0
        110818	2026-05-15 12:02:33	1	1	1	0
        110820	2026-05-15 12:02:42	1	1	1	0
        110816	2026-05-15 12:02:48	1	1	1	0
        110370	2026-05-15 12:05:25	1	0	1	0
        110373	2026-05-15 12:05:31	1	0	1	0
        110374	2026-05-15 12:05:36	1	0	1	0
        117971	2026-05-15 12:05:40	1	0	1	0
        110820	2026-05-15 12:19:26	1	0	1	0
        110816	2026-05-15 12:20:57	1	0	1	0
        110393	2026-05-15 12:25:24	1	0	1	0
        110819	2026-05-15 12:31:28	1	0	1	0
        110818	2026-05-15 12:36:00	1	0	1	0
        117023	2026-05-15 12:45:46	1	1	1	0
        110567	2026-05-15 12:46:01	1	1	1	0
        117023	2026-05-15 12:50:11	1	0	1	0
        110567	2026-05-15 12:50:18	1	0	1	0
        110818	2026-05-15 17:00:50	1	1	1	0
        110820	2026-05-15 17:00:57	1	1	1	0
        110819	2026-05-15 17:01:10	1	1	1	0
        110816	2026-05-15 17:01:17	1	1	1	0
        110567	2026-05-15 17:01:47	1	1	1	0
        117023	2026-05-15 17:01:49	1	1	1	0
        110374	2026-05-15 17:01:59	1	1	1	0
        117971	2026-05-15 17:02:18	1	1	1	0
        110370	2026-05-15 17:14:48	1	1	1	0
        110373	2026-05-15 17:21:37	1	1	1	0
        116835	2026-05-18 06:02:21	1	0	1	0
        116551	2026-05-18 06:37:34	1	0	1	0
        117023	2026-05-18 06:49:41	1	0	1	0
        110051	2026-05-18 06:50:11	1	0	16	0
        110051	2026-05-18 06:50:14	1	0	16	0
        119104	2026-05-18 06:51:13	1	0	1	0
        110430	2026-05-18 06:51:24	1	0	1	0
        118584	2026-05-18 06:51:38	1	0	1	0
        110821	2026-05-18 06:53:47	1	0	1	0
        118301	2026-05-18 06:53:56	1	0	16	0
        118301	2026-05-18 06:53:58	1	0	16	0
        119340	2026-05-18 06:54:49	1	0	1	0
        118001	2026-05-18 06:55:15	1	0	1	0
        116492	2026-05-18 06:56:31	1	0	1	0
        116492	2026-05-18 06:56:33	1	0	16	0
        118760	2026-05-18 06:59:17	1	0	1	0
        116953	2026-05-18 07:01:19	1	0	1	0
        110374	2026-05-18 07:01:25	1	0	1	0
        117639	2026-05-18 07:03:27	1	0	16	0
        116778	2026-05-18 07:03:34	1	0	1	0
        117707	2026-05-18 07:05:43	1	0	1	0
        110477	2026-05-18 07:08:35	1	0	1	0
        117716	2026-05-18 07:10:33	1	0	1	0
        117341	2026-05-18 07:14:10	1	0	1	0
        116537	2026-05-18 07:16:11	1	0	1	0
        110032	2026-05-18 07:17:28	1	0	16	0
        110032	2026-05-18 07:17:30	1	0	16	0
        117133	2026-05-18 07:19:00	1	0	16	0
        118509	2026-05-18 07:19:55	1	0	1	0
        119475	2026-05-18 07:20:24	1	0	1	0
        117969	2026-05-18 07:24:24	1	0	1	0
        110506	2026-05-18 07:25:24	1	0	1	0
        110198	2026-05-18 07:26:42	1	0	16	0
        110820	2026-05-18 07:27:23	1	0	1	0
        116790	2026-05-18 07:30:38	1	0	1	0
        110485	2026-05-18 07:30:49	1	0	1	0
        117700	2026-05-18 07:32:43	1	0	1	0
        110053	2026-05-18 07:33:18	1	0	1	0
        118829	2026-05-18 07:35:36	1	0	1	0
        110018	2026-05-18 07:38:32	1	0	1	0
        118043	2026-05-18 07:40:09	1	0	1	0
        116493	2026-05-18 07:44:29	1	0	1	0
        116493	2026-05-18 07:44:31	1	0	16	0
        110828	2026-05-18 07:44:54	1	0	1	0
        110819	2026-05-18 07:46:55	1	0	1	0
        110370	2026-05-18 07:49:29	1	0	1	0
        110373	2026-05-18 07:50:43	1	0	1	0
        110083	2026-05-18 07:51:00	1	0	1	0
        119602	2026-05-18 07:53:29	1	0	1	0
        118862	2026-05-18 07:54:29	1	0	1	0
        118407	2026-05-18 07:56:23	1	0	1	0
        110200	2026-05-18 08:01:03	1	0	1	0
        110200	2026-05-18 08:01:05	1	0	1	0
        110183	2026-05-18 08:05:33	1	0	1	0
        116849	2026-05-18 08:07:37	1	0	1	0
        118760	2026-05-18 12:01:21	1	1	1	0
        116849	2026-05-18 12:01:50	1	1	1	0
        116778	2026-05-18 12:01:54	1	1	1	0
        118301	2026-05-18 12:02:00	1	1	1	0
        118043	2026-05-18 12:03:14	1	1	1	0
        116790	2026-05-18 12:03:22	1	1	1	0
        110083	2026-05-18 12:03:33	1	1	1	0
        117700	2026-05-18 12:03:42	1	1	1	0
        117716	2026-05-18 12:03:45	1	1	1	0
        110820	2026-05-18 12:03:52	1	1	1	0
        117707	2026-05-18 12:04:00	1	1	1	0
        110374	2026-05-18 12:04:05	1	1	1	0
        110051	2026-05-18 12:04:19	1	1	16	0
        110051	2026-05-18 12:04:21	1	1	16	0
        110477	2026-05-18 12:04:27	1	1	1	0
        110819	2026-05-18 12:04:52	1	1	1	0
        110828	2026-05-18 12:05:20	1	1	1	0
        118829	2026-05-18 12:05:56	1	1	1	0
        116551	2026-05-18 12:06:00	1	1	1	0
        119104	2026-05-18 12:06:19	1	1	1	0
        110083	2026-05-18 12:06:41	1	0	1	0
        118584	2026-05-18 12:06:46	1	0	1	0
        116778	2026-05-18 12:06:57	1	0	1	0
        110051	2026-05-18 12:07:25	1	0	16	0
        119602	2026-05-18 12:07:36	1	1	1	0
        110373	2026-05-18 12:08:02	1	1	1	0
        110370	2026-05-18 12:08:06	1	1	1	0
        117133	2026-05-18 12:08:12	1	1	16	0
        118760	2026-05-18 12:08:20	1	0	1	0
        110032	2026-05-18 12:08:30	1	1	16	0
        110032	2026-05-18 12:08:32	1	1	16	0
        116492	2026-05-18 12:08:45	1	1	1	0
        118001	2026-05-18 12:08:50	1	1	1	0
        118829	2026-05-18 12:09:06	1	0	1	0
        118043	2026-05-18 12:09:45	1	1	1	0
        119340	2026-05-18 12:10:30	1	1	1	0
        117700	2026-05-18 12:10:36	1	1	1	0
        116790	2026-05-18 12:10:49	1	0	1	0
        110477	2026-05-18 12:10:54	1	0	1	0
        119104	2026-05-18 12:11:03	1	0	1	0
        119475	2026-05-18 12:11:19	1	1	1	0
        116953	2026-05-18 12:11:30	1	1	1	0
        118862	2026-05-18 12:11:34	1	1	1	0
        110193	2026-05-18 12:12:49	1	1	1	0
        110506	2026-05-18 12:13:00	1	0	1	0
        118584	2026-05-18 12:13:11	1	0	1	0
        110373	2026-05-18 12:13:16	1	0	1	0
        110370	2026-05-18 12:13:21	1	0	1	0
        110430	2026-05-18 12:13:30	1	1	1	0
        110183	2026-05-18 12:13:33	1	1	1	0
        110821	2026-05-18 12:13:39	1	1	1	0
        119475	2026-05-18 12:13:46	1	0	1	0
        117716	2026-05-18 12:13:54	1	0	1	0
        110198	2026-05-18 12:14:02	1	0	16	0
        117133	2026-05-18 12:15:09	1	0	16	0
        117133	2026-05-18 12:15:12	1	0	16	0
        119340	2026-05-18 12:15:17	1	0	1	0
        116492	2026-05-18 12:15:22	1	0	1	0
        110032	2026-05-18 12:15:26	1	0	16	0
        118001	2026-05-18 12:15:31	1	0	1	0
        117639	2026-05-18 12:15:34	1	0	1	0
        118862	2026-05-18 12:16:11	1	0	1	0
        116551	2026-05-18 12:16:25	1	0	1	0
        117707	2026-05-18 12:16:33	1	0	1	0
        110430	2026-05-18 12:16:41	1	0	1	0
        110183	2026-05-18 12:16:46	1	0	1	0
        110821	2026-05-18 12:16:50	1	0	1	0
        110053	2026-05-18 12:18:07	1	1	1	0
        118301	2026-05-18 12:18:16	1	0	1	0
        116835	2026-05-18 12:18:29	1	1	1	0
        116953	2026-05-18 12:19:35	1	0	1	0
        116849	2026-05-18 12:20:16	1	0	1	0
        118509	2026-05-18 12:20:47	1	1	1	0
        110018	2026-05-18 12:21:04	1	1	1	0
        110485	2026-05-18 12:23:10	1	1	16	0
        110485	2026-05-18 12:23:12	1	1	16	0
        110819	2026-05-18 12:23:29	1	0	1	0
        110018	2026-05-18 12:23:34	1	0	16	0
        110018	2026-05-18 12:23:36	1	0	1	0
        110053	2026-05-18 12:23:45	1	0	1	0
        110200	2026-05-18 12:25:01	1	1	1	0
        117642	2026-05-18 12:25:06	1	1	1	0
        117642	2026-05-18 12:25:25	1	0	1	0
        110485	2026-05-18 12:26:38	1	0	1	0
        110200	2026-05-18 12:27:33	1	0	1	0
        110200	2026-05-18 12:27:48	1	0	1	0
        117639	2026-05-18 12:28:52	1	0	1	0
        118043	2026-05-18 12:33:04	1	0	1	0
        110514	2026-05-18 12:33:46	1	0	1	0
        116493	2026-05-18 12:33:56	1	0	1	0
        118509	2026-05-18 12:34:31	1	0	1	0
        118407	2026-05-18 12:34:48	1	1	1	0
        116835	2026-05-18 12:35:23	1	0	1	0
        110828	2026-05-18 12:36:29	1	0	1	0
        116493	2026-05-18 12:40:33	1	0	1	0
        117023	2026-05-18 12:41:40	1	1	1	0
        116537	2026-05-18 12:41:45	1	1	1	0
        117341	2026-05-18 12:41:49	1	1	1	0
        110374	2026-05-18 12:42:45	1	1	1	0
        110820	2026-05-18 12:45:04	1	0	1	0
        116537	2026-05-18 12:45:28	1	0	1	0
        117341	2026-05-18 12:45:34	1	0	1	0
        118407	2026-05-18 12:49:43	1	0	1	0
        117023	2026-05-18 12:50:25	1	0	1	0
        119602	2026-05-18 12:54:53	1	0	1	0
        117707	2026-05-18 15:17:21	1	0	1	0
        117707	2026-05-18 15:17:35	1	1	1	0
        110819	2026-05-18 17:04:22	1	1	1	0
        110820	2026-05-18 17:05:56	1	1	1	0
        117642	2026-05-18 17:10:48	1	1	1	0
        110374	2026-05-18 17:15:19	1	1	1	0
        119340	2026-05-18 18:01:20	1	1	1	0
        118760	2026-05-18 18:02:30	1	1	1	0
        118301	2026-05-18 18:04:50	1	1	1	0
        116551	2026-05-18 18:06:03	1	1	1	0
        117023	2026-05-18 18:09:45	1	1	1	0
        118584	2026-05-18 18:09:51	1	1	1	0
        117133	2026-05-18 18:09:59	1	1	16	0
        110477	2026-05-18 18:11:04	1	1	1	0
        117716	2026-05-18 18:12:10	1	1	1	0
        116778	2026-05-18 18:14:03	1	1	1	0
        116492	2026-05-18 18:15:32	1	1	1	0
        118001	2026-05-18 18:15:36	1	1	1	0
        118509	2026-05-18 18:23:52	1	1	1	0
        119475	2026-05-18 18:24:38	1	1	1	0
        116537	2026-05-18 18:24:46	1	1	1	0
        117341	2026-05-18 18:24:49	1	1	1	0
        110514	2026-05-18 18:26:02	1	1	1	0
        110430	2026-05-18 18:26:08	1	1	1	0
        116953	2026-05-18 18:28:44	1	1	1	0
        117639	2026-05-18 18:31:29	1	1	16	0
        117969	2026-05-18 18:31:37	1	1	1	0
        110485	2026-05-18 18:33:10	1	1	1	0
        110051	2026-05-18 18:35:21	1	1	16	0
        110051	2026-05-18 18:35:23	1	1	16	0
        110821	2026-05-18 18:35:35	1	1	1	0
        117700	2026-05-18 18:38:28	1	1	1	0
        118043	2026-05-18 18:43:49	1	1	1	0
        118829	2026-05-18 18:43:56	1	1	1	0
        110053	2026-05-18 18:44:48	1	1	1	0
        110828	2026-05-18 18:45:38	1	1	1	0
        116790	2026-05-18 18:46:23	1	1	1	0
        116835	2026-05-18 18:54:32	1	1	1	0
        119104	2026-05-18 18:54:41	1	1	1	0
        110018	2026-05-18 18:55:06	1	1	1	0
        110083	2026-05-18 19:01:07	1	1	1	0
        116849	2026-05-18 19:01:14	1	1	1	0
        116493	2026-05-18 19:03:39	1	1	1	0
        110183	2026-05-18 19:04:38	1	1	1	0
        119602	2026-05-18 19:06:05	1	1	1	0
        118862	2026-05-18 19:12:56	1	1	1	0
        110200	2026-05-18 19:13:33	1	1	1	0
        110032	2026-05-18 19:15:25	1	1	16	0
        110032	2026-05-18 19:15:27	1	1	16	0
        118301	2026-05-19 06:34:32	1	0	1	0
        116953	2026-05-19 06:44:27	1	0	1	0
        116835	2026-05-19 06:44:53	1	0	1	0
        110430	2026-05-19 07:00:42	1	0	1	0
        110512	2026-05-19 07:02:01	1	0	1	0
        118001	2026-05-19 07:02:12	1	0	1	0
        116492	2026-05-19 07:02:19	1	0	16	0
        116492	2026-05-19 07:02:21	1	0	16	0
        118584	2026-05-19 07:10:43	1	0	1	0
        117023	2026-05-19 07:11:22	1	1	1	0
        117023	2026-05-19 07:11:28	1	0	1	0
        110477	2026-05-19 07:14:52	1	0	1	0
        117133	2026-05-19 07:16:51	1	0	16	0
        110821	2026-05-19 07:17:30	1	0	1	0
        110053	2026-05-19 07:19:46	1	0	1	0
        118509	2026-05-19 07:19:52	1	0	1	0
        116337	2026-05-19 07:21:25	1	0	1	0
        110051	2026-05-19 07:21:58	1	0	16	0
        110051	2026-05-19 07:22:00	1	0	16	0
        119340	2026-05-19 07:23:10	1	0	1	0
        117716	2026-05-19 07:26:50	1	0	1	0
        110514	2026-05-19 07:29:19	1	0	1	0
        116537	2026-05-19 07:30:42	1	0	1	0
        117341	2026-05-19 07:30:45	1	0	1	0
        118043	2026-05-19 07:30:51	1	0	1	0
        110083	2026-05-19 07:30:58	1	0	1	0
        117999	2026-05-19 07:36:41	1	0	1	0
        110393	2026-05-19 07:39:55	1	0	1	0
        110193	2026-05-19 07:43:13	1	0	1	0
        110506	2026-05-19 07:43:58	1	0	1	0
        110198	2026-05-19 07:44:08	1	0	16	0
        110820	2026-05-19 07:45:07	1	0	1	0
        110018	2026-05-19 07:47:07	1	0	1	0
        119104	2026-05-19 07:47:14	1	0	1	0
        118760	2026-05-19 07:48:15	1	0	1	0
        110183	2026-05-19 07:49:06	1	0	1	0
        118829	2026-05-19 07:50:42	1	0	1	0
        110828	2026-05-19 07:51:59	1	0	1	0
        116493	2026-05-19 07:52:07	1	0	1	0
        116790	2026-05-19 07:56:11	1	0	1	0
        117077	2026-05-19 07:56:48	1	0	16	0
        117077	2026-05-19 07:56:50	1	0	16	0
        117642	2026-05-19 07:56:59	1	0	1	0
        110032	2026-05-19 07:58:03	1	0	16	0
        110374	2026-05-19 08:00:12	1	0	1	0
        110370	2026-05-19 08:01:06	1	0	1	0
        119602	2026-05-19 08:05:21	1	0	1	0
        110373	2026-05-19 08:18:48	1	0	1	0
        118760	2026-05-19 12:01:08	1	1	1	0
        119340	2026-05-19 12:01:31	1	1	1	0
        118584	2026-05-19 12:01:41	1	1	1	0
        118829	2026-05-19 12:02:00	1	1	1	0
        118509	2026-05-19 12:02:21	1	1	1	0
        116537	2026-05-19 12:04:09	1	1	1	0
        117133	2026-05-19 12:04:10	1	1	16	0
        117133	2026-05-19 12:04:12	1	1	1	0
        118584	2026-05-19 12:04:29	1	0	1	0
        110828	2026-05-19 12:04:44	1	1	1	0
        118829	2026-05-19 12:04:49	1	0	1	0
        110477	2026-05-19 12:04:57	1	1	1	0
        117716	2026-05-19 12:05:00	1	1	1	0
        118509	2026-05-19 12:05:07	1	0	1	0
        118301	2026-05-19 12:05:16	1	1	1	0
        116337	2026-05-19 12:05:59	1	1	1	0
        117077	2026-05-19 12:06:07	1	1	16	0
        110374	2026-05-19 12:06:18	1	1	1	0
        110820	2026-05-19 12:07:47	1	1	1	0
        119340	2026-05-19 12:07:55	1	0	1	0
        118760	2026-05-19 12:08:00	1	0	1	0
        118043	2026-05-19 12:08:16	1	1	1	0
        116493	2026-05-19 12:08:23	1	1	1	0
        110374	2026-05-19 12:09:00	1	0	1	0
        117133	2026-05-19 12:09:46	1	0	16	0
        110370	2026-05-19 12:09:55	1	1	1	0
        110373	2026-05-19 12:10:00	1	1	1	0
        110477	2026-05-19 12:10:23	1	0	1	0
        117642	2026-05-19 12:10:59	1	1	1	0
        110393	2026-05-19 12:11:02	1	1	1	0
        116953	2026-05-19 12:12:17	1	1	1	0
        116790	2026-05-19 12:12:36	1	1	1	0
        118301	2026-05-19 12:13:06	1	0	1	0
        116493	2026-05-19 12:13:25	1	0	1	0
        117077	2026-05-19 12:13:33	1	0	16	0
        110512	2026-05-19 12:14:21	1	1	1	0
        110514	2026-05-19 12:14:23	1	1	1	0
        110430	2026-05-19 12:14:27	1	1	1	0
        110183	2026-05-19 12:14:33	1	1	1	0
        110372	2026-05-19 12:14:48	1	1	1	0
        110372	2026-05-19 12:14:50	1	1	16	0
        119104	2026-05-19 12:14:57	1	1	1	0
        116337	2026-05-19 12:15:11	1	0	1	0
        116835	2026-05-19 12:15:18	1	1	1	0
        117716	2026-05-19 12:15:55	1	0	1	0
        116790	2026-05-19 12:16:23	1	0	1	0
        110198	2026-05-19 12:16:47	1	0	16	0
        110083	2026-05-19 12:17:17	1	1	1	0
        110506	2026-05-19 12:17:23	1	1	16	0
        110506	2026-05-19 12:17:24	1	1	1	0
        110506	2026-05-19 12:17:25	1	1	16	0
        110198	2026-05-19 12:17:32	1	1	1	0
        116953	2026-05-19 12:17:49	1	0	1	0
        117023	2026-05-19 12:18:47	1	1	1	0
        110512	2026-05-19 12:19:07	1	0	1	0
        110514	2026-05-19 12:19:12	1	0	1	0
        110372	2026-05-19 12:19:20	1	0	1	0
        110430	2026-05-19 12:19:25	1	0	1	0
        110183	2026-05-19 12:19:31	1	0	1	0
        119104	2026-05-19 12:19:37	1	0	1	0
        116835	2026-05-19 12:19:44	1	0	1	0
        119602	2026-05-19 12:20:26	1	1	1	0
        110053	2026-05-19 12:20:48	1	1	1	0
        118043	2026-05-19 12:21:20	1	0	1	0
        117642	2026-05-19 12:21:58	1	0	1	0
        110393	2026-05-19 12:22:04	1	0	1	0
        110506	2026-05-19 12:22:16	1	0	1	0
        110198	2026-05-19 12:22:18	1	0	1	0
        116537	2026-05-19 12:22:31	1	0	1	0
        110053	2026-05-19 12:23:52	1	0	1	0
        110193	2026-05-19 12:24:05	1	0	1	0
        110193	2026-05-19 12:25:08	1	0	16	0
        110018	2026-05-19 12:27:58	1	1	1	0
        110828	2026-05-19 12:28:07	1	0	1	0
        110018	2026-05-19 12:29:31	1	0	1	0
        110083	2026-05-19 12:34:31	1	0	1	0
        110032	2026-05-19 12:37:12	1	1	16	0
        110032	2026-05-19 12:37:14	1	1	16	0
        110032	2026-05-19 12:41:25	1	0	16	0
        110373	2026-05-19 12:41:37	1	0	1	0
        110370	2026-05-19 12:41:42	1	0	1	0
        110051	2026-05-19 12:41:57	1	0	16	0
        110051	2026-05-19 12:41:59	1	0	16	0
        116492	2026-05-19 12:42:21	1	1	1	0
        118001	2026-05-19 12:42:24	1	1	1	0
        110051	2026-05-19 12:44:38	1	0	16	0
        110051	2026-05-19 12:44:40	1	0	16	0
        118001	2026-05-19 12:46:07	1	0	1	0
        116492	2026-05-19 12:46:12	1	0	1	0
        119602	2026-05-19 12:48:19	1	1	1	0
        110820	2026-05-19 12:51:28	1	0	1	0
        117023	2026-05-19 12:58:36	1	0	1	0
        110374	2026-05-19 17:03:22	1	0	1	0
        110820	2026-05-19 17:04:23	1	1	1	0
        110393	2026-05-19 17:06:10	1	1	1	0
        110370	2026-05-19 17:07:53	1	1	1	0
        110373	2026-05-19 17:29:42	1	1	1	0
        117642	2026-05-19 17:45:57	1	1	1	0
        118301	2026-05-19 18:03:35	1	1	16	0
        116953	2026-05-19 18:05:20	1	1	1	0
        110514	2026-05-19 18:12:26	1	1	1	0
        110512	2026-05-19 18:12:32	1	1	1	0
        116835	2026-05-19 18:12:52	1	1	1	0
        110430	2026-05-19 18:12:56	1	1	1	0
        116492	2026-05-19 18:13:31	1	1	1	0
        118001	2026-05-19 18:13:40	1	1	1	0
        119340	2026-05-19 18:16:56	1	1	1	0
        110477	2026-05-19 18:17:14	1	1	1	0
        117133	2026-05-19 18:18:00	1	1	16	0
        117133	2026-05-19 18:18:02	1	1	16	0
        118509	2026-05-19 18:23:16	1	1	1	0
        110051	2026-05-19 18:29:13	1	1	16	0
        110051	2026-05-19 18:29:15	1	1	16	0
        117716	2026-05-19 18:29:45	1	1	1	0
        116537	2026-05-19 18:32:56	1	1	1	0
        117341	2026-05-19 18:33:00	1	1	1	0
        118760	2026-05-19 18:34:23	1	1	1	0
        118043	2026-05-19 18:37:44	1	1	1	0
        110372	2026-05-19 18:40:03	1	1	1	0
        110828	2026-05-19 18:44:03	1	1	1	0
        118829	2026-05-19 18:54:09	1	1	1	0
        110183	2026-05-19 18:58:00	1	1	1	0
        110018	2026-05-19 18:58:09	1	1	1	0
        116790	2026-05-19 18:58:37	1	1	1	0
        119602	2026-05-19 19:00:55	1	1	1	0
        116337	2026-05-19 19:01:02	1	1	1	0
        116493	2026-05-19 19:01:16	1	1	1	0
        117077	2026-05-19 19:02:39	1	1	16	0
        118584	2026-05-19 19:03:17	1	1	1	0
        117023	2026-05-19 19:03:24	1	1	1	0
        110083	2026-05-19 19:03:32	1	1	1	0
        110032	2026-05-19 19:04:22	1	1	16	0
        110032	2026-05-19 19:04:25	1	1	16	0
        110053	2026-05-19 19:06:57	1	1	1	0
        119104	2026-05-20 06:14:47	1	0	1	0
        118414	2026-05-20 06:32:06	1	0	1	0
        118414	2026-05-20 06:32:51	1	0	1	0
        110051	2026-05-20 06:33:54	1	0	16	0
        110051	2026-05-20 06:33:56	1	0	16	0
        116835	2026-05-20 06:36:11	1	0	1	0
        116551	2026-05-20 06:38:58	1	0	1	0
        110430	2026-05-20 06:48:07	1	0	1	0
        110821	2026-05-20 06:52:50	1	0	1	0
        116492	2026-05-20 06:55:14	1	0	16	0
        118001	2026-05-20 06:55:23	1	0	1	0
        119340	2026-05-20 06:56:48	1	0	1	0
        118760	2026-05-20 07:01:56	1	0	1	0
        117269	2026-05-20 07:05:13	1	0	1	0
        117133	2026-05-20 07:06:33	1	0	16	0
        117133	2026-05-20 07:06:35	1	0	16	0
        110477	2026-05-20 07:09:07	1	0	1	0
        110512	2026-05-20 07:11:22	1	0	1	0
        110193	2026-05-20 07:12:07	1	0	1	0
        110506	2026-05-20 07:12:16	1	0	1	0
        110198	2026-05-20 07:12:32	1	0	16	0
        110198	2026-05-20 07:12:34	1	0	16	0
        110514	2026-05-20 07:16:36	1	0	1	0
        117716	2026-05-20 07:16:44	1	0	1	0
        118301	2026-05-20 07:20:38	1	0	1	0
        110053	2026-05-20 07:21:31	1	0	1	0
        117700	2026-05-20 07:22:56	1	0	1	0
        118509	2026-05-20 07:24:35	1	0	1	0
        116953	2026-05-20 07:27:26	1	0	1	0
        118043	2026-05-20 07:27:35	1	0	1	0
        110820	2026-05-20 07:31:32	1	0	1	0
        117707	2026-05-20 07:31:38	1	0	1	0
        118584	2026-05-20 07:33:28	1	0	1	0
        117242	2026-05-20 07:34:09	1	0	1	0
        110032	2026-05-20 07:36:54	1	0	16	0
        117639	2026-05-20 07:37:44	1	0	16	0
        110083	2026-05-20 07:37:54	1	0	1	0
        118829	2026-05-20 07:38:41	1	0	1	0
        117642	2026-05-20 07:39:37	1	0	1	0
        116778	2026-05-20 07:43:48	1	0	1	0
        110818	2026-05-20 07:46:36	1	0	1	0
        110018	2026-05-20 07:47:09	1	0	1	0
        110018	2026-05-20 07:47:14	1	0	1	0
        110413	2026-05-20 07:49:06	1	0	1	0
        110183	2026-05-20 07:50:57	1	0	1	0
        110062	2026-05-20 07:52:57	1	0	1	0
        118407	2026-05-20 07:55:32	1	0	1	0
        116790	2026-05-20 07:56:33	1	0	1	0
        119602	2026-05-20 08:14:34	1	0	1	0
        110200	2026-05-20 08:25:55	1	0	1	0
        110200	2026-05-20 08:26:06	1	0	1	0
        117707	2026-05-20 12:00:29	1	1	1	0
        110032	2026-05-20 12:00:37	1	1	1	0
        116551	2026-05-20 12:00:41	1	1	1	0
        117716	2026-05-20 12:00:46	1	1	1	0
        117133	2026-05-20 12:00:52	1	1	16	0
        117133	2026-05-20 12:00:54	1	1	16	0
        118584	2026-05-20 12:01:20	1	1	1	0
        118509	2026-05-20 12:01:25	1	1	1	0
        110820	2026-05-20 12:02:41	1	1	1	0
        110818	2026-05-20 12:02:46	1	1	1	0
        118043	2026-05-20 12:02:52	1	1	1	0
        116778	2026-05-20 12:02:58	1	1	1	0
        117707	2026-05-20 12:03:43	1	0	1	0
        110198	2026-05-20 12:04:08	1	1	16	0
        118584	2026-05-20 12:04:22	1	0	1	0
        117242	2026-05-20 12:04:34	1	0	1	0
        110506	2026-05-20 12:05:25	1	1	1	0
        118414	2026-05-20 12:05:41	1	1	1	0
        117642	2026-05-20 12:05:44	1	1	1	0
        118760	2026-05-20 12:06:11	1	1	1	0
        117639	2026-05-20 12:06:18	1	1	1	0
        118509	2026-05-20 12:06:26	1	0	1	0
        117716	2026-05-20 12:06:33	1	0	1	0
        110051	2026-05-20 12:07:08	1	0	16	0
        110062	2026-05-20 12:07:30	1	0	1	0
        119386	2026-05-20 12:07:41	1	0	1	0
        119386	2026-05-20 12:07:48	1	1	1	0
        119104	2026-05-20 12:08:10	1	1	1	0
        117133	2026-05-20 12:08:50	1	1	16	0
        110083	2026-05-20 12:09:00	1	1	1	0
        110051	2026-05-20 12:10:02	1	1	16	0
        110051	2026-05-20 12:10:16	1	0	16	0
        110051	2026-05-20 12:10:19	1	0	16	0
        110062	2026-05-20 12:10:21	1	0	1	0
        118043	2026-05-20 12:10:28	1	0	1	0
        117133	2026-05-20 12:10:35	1	0	16	0
        117133	2026-05-20 12:10:37	1	0	16	0
        110032	2026-05-20 12:10:43	1	0	16	0
        110032	2026-05-20 12:10:45	1	0	16	0
        116551	2026-05-20 12:10:56	1	0	1	0
        117269	2026-05-20 12:11:05	1	0	1	0
        116778	2026-05-20 12:11:15	1	0	1	0
        116790	2026-05-20 12:11:24	1	0	1	0
        117700	2026-05-20 12:11:29	1	0	1	0
        116790	2026-05-20 12:12:04	1	1	1	0
        110430	2026-05-20 12:12:21	1	1	1	0
        116953	2026-05-20 12:13:43	1	1	1	0
        118414	2026-05-20 12:14:15	1	1	1	0
        110083	2026-05-20 12:14:40	1	0	1	0
        118407	2026-05-20 12:14:58	1	1	1	0
        119602	2026-05-20 12:15:06	1	1	1	0
        117269	2026-05-20 12:16:22	1	1	1	0
        117639	2026-05-20 12:16:28	1	1	1	0
        116953	2026-05-20 12:17:05	1	0	1	0
        117639	2026-05-20 12:17:20	1	0	1	0
        110198	2026-05-20 12:17:34	1	0	16	0
        110818	2026-05-20 12:17:49	1	0	1	0
        110820	2026-05-20 12:17:55	1	0	1	0
        110506	2026-05-20 12:18:00	1	0	1	0
        110200	2026-05-20 12:18:08	1	1	1	0
        110514	2026-05-20 12:18:17	1	1	1	0
        110183	2026-05-20 12:18:27	1	1	1	0
        110372	2026-05-20 12:18:34	1	1	1	0
        116835	2026-05-20 12:18:39	1	1	1	0
        110512	2026-05-20 12:18:48	1	1	1	0
        110821	2026-05-20 12:19:02	1	1	1	0
        110430	2026-05-20 12:19:11	1	0	1	0
        117700	2026-05-20 12:20:51	1	0	1	0
        110413	2026-05-20 12:21:49	1	0	1	0
        110413	2026-05-20 12:22:01	1	1	1	0
        116835	2026-05-20 12:22:22	1	0	1	0
        110200	2026-05-20 12:22:30	1	0	1	0
        110200	2026-05-20 12:22:32	1	0	1	0
        110372	2026-05-20 12:22:34	1	0	1	0
        110183	2026-05-20 12:22:41	1	0	1	0
        110514	2026-05-20 12:23:24	1	0	1	0
        110821	2026-05-20 12:23:27	1	0	1	0
        110512	2026-05-20 12:23:31	1	0	1	0
        110193	2026-05-20 12:24:46	1	0	1	0
        110193	2026-05-20 12:26:06	1	0	1	0
        118760	2026-05-20 12:26:16	1	0	1	0
        116790	2026-05-20 12:29:17	1	0	1	0
        119340	2026-05-20 12:29:25	1	1	1	0
        110413	2026-05-20 12:30:03	1	0	1	0
        110477	2026-05-20 12:30:10	1	1	1	0
        119104	2026-05-20 12:32:30	1	0	1	0
        110053	2026-05-20 12:35:57	1	1	1	0
        119340	2026-05-20 12:36:58	1	0	1	0
        110018	2026-05-20 12:39:23	1	1	1	0
        119602	2026-05-20 12:40:55	1	0	1	0
        110018	2026-05-20 12:42:29	1	0	1	0
        116551	2026-05-20 12:42:38	1	0	1	0
        117242	2026-05-20 12:42:47	1	0	1	0
        118407	2026-05-20 12:42:51	1	0	1	0
        110477	2026-05-20 12:46:37	1	0	1	0
        117642	2026-05-20 12:55:17	1	0	1	0
        110053	2026-05-20 13:13:54	1	0	1	0
        110818	2026-05-20 17:07:03	1	1	1	0
        110820	2026-05-20 17:07:16	1	1	1	0
        117642	2026-05-20 17:27:38	1	1	1	0
        119340	2026-05-20 18:01:59	1	1	1	0
        116551	2026-05-20 18:07:11	1	1	1	0
        119104	2026-05-20 18:09:50	1	1	1	0
        118414	2026-05-20 18:10:07	1	1	1	0
        110430	2026-05-20 18:11:02	1	1	1	0
        110821	2026-05-20 18:11:13	1	1	1	0
        110477	2026-05-20 18:11:39	1	1	1	0
        110051	2026-05-20 18:15:13	1	1	16	0
        110051	2026-05-20 18:15:16	1	1	16	0
        117716	2026-05-20 18:18:31	1	1	1	0
        117269	2026-05-20 18:19:48	1	1	1	0
        110514	2026-05-20 18:25:11	1	1	1	0
        110512	2026-05-20 18:25:16	1	1	1	0
        116835	2026-05-20 18:25:24	1	1	1	0
        118509	2026-05-20 18:30:59	1	1	1	0
        118301	2026-05-20 18:31:56	1	1	1	0
        118043	2026-05-20 18:33:54	1	1	1	0
        119107	2026-05-20 18:34:22	1	1	1	0
        117700	2026-05-20 18:39:26	1	1	1	0
        110083	2026-05-20 18:41:59	1	1	1	0
        116953	2026-05-20 18:42:41	1	1	1	0
        110053	2026-05-20 18:43:11	1	1	1	0
        117242	2026-05-20 18:44:31	1	1	1	0
        118760	2026-05-20 18:50:17	1	1	1	0
        110413	2026-05-20 18:50:37	1	1	1	0
        117707	2026-05-20 18:50:56	1	1	1	0
        110183	2026-05-20 18:56:23	1	1	1	0
        110018	2026-05-20 18:56:31	1	1	1	0
        116778	2026-05-20 18:56:43	1	1	1	0
        117639	2026-05-20 18:59:03	1	1	1	0
        118584	2026-05-20 19:04:34	1	1	1	0
        110062	2026-05-20 19:06:08	1	1	1	0
        119602	2026-05-20 19:23:20	1	1	1	0
        118407	2026-05-20 19:23:26	1	1	1	0
        110200	2026-05-20 19:29:47	1	1	1	0
        110032	2026-05-20 19:34:28	1	1	16	0
        110485	2026-05-21 06:42:20	1	1	16	0
        110485	2026-05-21 06:42:22	1	1	16	0
        119602	2026-05-21 06:43:09	1	1	1	0
        116551	2026-05-21 06:49:02	1	0	1	0
        110821	2026-05-21 06:54:11	1	0	1	0
        118301	2026-05-21 06:54:48	1	0	1	0
        116953	2026-05-21 06:57:00	1	0	1	0
        116953	2026-05-21 06:57:02	1	0	1	0
        110430	2026-05-21 06:57:40	1	0	1	0
        119340	2026-05-21 07:00:14	1	0	1	0
        110477	2026-05-21 07:00:34	1	0	1	0
        117133	2026-05-21 07:01:35	1	0	16	0
        110512	2026-05-21 07:08:00	1	0	1	0
        116960	2026-05-21 07:08:21	1	0	1	0
        110051	2026-05-21 07:09:19	1	0	16	0
        118509	2026-05-21 07:10:39	1	0	1	0
        117716	2026-05-21 07:15:44	1	0	1	0
        118760	2026-05-21 07:16:30	1	0	1	0
        116537	2026-05-21 07:17:46	1	0	1	0
        117341	2026-05-21 07:17:48	1	0	1	0
        119475	2026-05-21 07:21:01	1	0	1	0
        118043	2026-05-21 07:29:39	1	0	1	0
        110053	2026-05-21 07:30:20	1	0	1	0
        110514	2026-05-21 07:31:37	1	0	1	0
        110819	2026-05-21 07:33:25	1	0	1	0
        118829	2026-05-21 07:34:57	1	0	1	0
        117707	2026-05-21 07:35:29	1	0	1	0
        117269	2026-05-21 07:35:53	1	0	1	0
        119104	2026-05-21 07:40:26	1	0	1	0
        110032	2026-05-21 07:40:34	1	0	16	0
        110820	2026-05-21 07:41:32	1	0	1	0
        110083	2026-05-21 07:43:18	1	0	1	0
        117700	2026-05-21 07:45:17	1	0	1	0
        110018	2026-05-21 07:46:32	1	0	1	0
        117023	2026-05-21 07:47:35	1	0	1	0
        118584	2026-05-21 07:47:41	1	0	1	0
        110193	2026-05-21 07:49:23	1	0	1	0
        110828	2026-05-21 07:49:41	1	0	1	0
        110198	2026-05-21 07:50:30	1	0	16	0
        117642	2026-05-21 07:52:24	1	0	1	0
        110183	2026-05-21 07:53:03	1	0	1	0
        110062	2026-05-21 07:54:03	1	0	1	0
        117639	2026-05-21 07:57:45	1	0	1	0
        117971	2026-05-21 08:14:49	1	0	1	0
        116790	2026-05-21 08:28:23	1	0	1	0
        110370	2026-05-21 08:36:46	1	0	1	0
        110200	2026-05-21 08:43:39	1	0	1	0
        110200	2026-05-21 08:43:41	1	0	1	0
        118584	2026-05-21 12:01:08	1	1	1	0
        116537	2026-05-21 12:01:36	1	1	1	0
        110032	2026-05-21 12:01:42	1	1	16	0
        110828	2026-05-21 12:01:53	1	1	1	0
        117716	2026-05-21 12:02:01	1	1	1	0
        117133	2026-05-21 12:02:11	1	1	16	0
        117133	2026-05-21 12:02:13	1	1	16	0
        118509	2026-05-21 12:02:25	1	1	1	0
        119107	2026-05-21 12:03:04	1	1	16	0
        119107	2026-05-21 12:03:06	1	1	1	0
        116953	2026-05-21 12:03:16	1	1	1	0
        118760	2026-05-21 12:03:28	1	1	1	0
        110514	2026-05-21 12:03:55	1	1	1	0
        110512	2026-05-21 12:03:59	1	1	1	0
        110430	2026-05-21 12:04:03	1	1	1	0
        110821	2026-05-21 12:04:11	1	1	1	0
        110183	2026-05-21 12:04:17	1	1	1	0
        117023	2026-05-21 12:04:57	1	1	1	0
        119104	2026-05-21 12:05:14	1	1	1	0
        117700	2026-05-21 12:05:38	1	1	1	0
        110200	2026-05-21 12:05:46	1	1	1	0
        116953	2026-05-21 12:06:11	1	0	1	0
        119475	2026-05-21 12:06:16	1	0	1	0
        116551	2026-05-21 12:06:51	1	1	1	0
        110828	2026-05-21 12:06:59	1	0	1	0
        110512	2026-05-21 12:07:11	1	0	1	0
        110430	2026-05-21 12:07:15	1	0	1	0
        110514	2026-05-21 12:07:20	1	0	1	0
        110821	2026-05-21 12:07:25	1	0	1	0
        118043	2026-05-21 12:07:31	1	0	1	0
        118584	2026-05-21 12:07:37	1	0	1	0
        118043	2026-05-21 12:07:48	1	1	1	0
        110183	2026-05-21 12:07:53	1	0	1	0
        110477	2026-05-21 12:08:00	1	1	1	0
        119104	2026-05-21 12:08:12	1	0	1	0
        117133	2026-05-21 12:08:48	1	0	16	0
        117133	2026-05-21 12:08:50	1	0	16	0
        117023	2026-05-21 12:08:55	1	0	1	0
        117707	2026-05-21 12:09:01	1	0	1	0
        117707	2026-05-21 12:09:07	1	1	1	0
        110053	2026-05-21 12:09:13	1	1	1	0
        118301	2026-05-21 12:09:24	1	1	1	0
        119475	2026-05-21 12:09:36	1	0	1	0
        118509	2026-05-21 12:09:44	1	0	1	0
        118760	2026-05-21 12:11:19	1	0	1	0
        117269	2026-05-21 12:11:27	1	0	1	0
        116551	2026-05-21 12:13:43	1	0	1	0
        110083	2026-05-21 12:15:11	1	1	1	0
        118301	2026-05-21 12:16:41	1	0	1	0
        117700	2026-05-21 12:16:50	1	0	1	0
        117716	2026-05-21 12:16:55	1	0	1	0
        110032	2026-05-21 12:17:32	1	0	16	0
        110083	2026-05-21 12:18:51	1	0	1	0
        110477	2026-05-21 12:19:03	1	0	1	0
        117707	2026-05-21 12:21:21	1	0	1	0
        118043	2026-05-21 12:22:02	1	0	1	0
        110485	2026-05-21 12:22:09	1	1	1	0
        117269	2026-05-21 12:22:25	1	1	1	0
        116537	2026-05-21 12:24:37	1	0	1	0
        119340	2026-05-21 12:31:19	1	1	1	0
        110485	2026-05-21 12:34:24	1	0	1	0
        119340	2026-05-21 12:35:15	1	0	1	0
        116790	2026-05-21 12:35:51	1	1	1	0
        110053	2026-05-21 12:39:40	1	0	1	0
        116790	2026-05-21 12:40:28	1	0	1	0
        116960	2026-05-21 12:43:45	1	0	1	0
        110051	2026-05-21 12:44:32	1	0	16	0
        110051	2026-05-21 12:44:34	1	0	16	0
        116960	2026-05-21 12:47:06	1	0	1	0
        110051	2026-05-21 12:47:12	1	0	16	0
        110051	2026-05-21 12:47:15	1	0	16	0
        117639	2026-05-21 12:49:32	1	0	16	0
        117639	2026-05-21 12:49:34	1	0	16	0
        110200	2026-05-21 12:50:45	1	1	1	0
        110200	2026-05-21 12:50:51	1	1	1	0
        117642	2026-05-21 12:52:04	1	1	1	0
        117642	2026-05-21 12:56:37	1	0	1	0
        117639	2026-05-21 12:57:24	1	1	16	0
        117639	2026-05-21 12:57:26	1	1	16	0
        117642	2026-05-21 15:04:57	1	1	1	0
        119340	2026-05-21 18:01:23	1	1	1	0
        110477	2026-05-21 18:01:32	1	1	1	0
        116551	2026-05-21 18:01:55	1	1	1	0
        117133	2026-05-21 18:02:53	1	1	16	0
        118301	2026-05-21 18:04:14	1	1	1	0
        110512	2026-05-21 18:09:40	1	1	1	0
        110051	2026-05-21 18:09:45	1	1	16	0
        110430	2026-05-21 18:09:58	1	1	1	0
        110821	2026-05-21 18:10:03	1	1	1	0
        118509	2026-05-21 18:10:50	1	1	1	0
        110485	2026-05-21 18:11:54	1	1	16	0
        117716	2026-05-21 18:16:53	1	1	1	0
        118760	2026-05-21 18:18:07	1	1	1	0
        118043	2026-05-21 18:33:00	1	1	1	0
        119107	2026-05-21 18:33:39	1	1	1	0
        116960	2026-05-21 18:41:19	1	1	1	0
        110514	2026-05-21 18:41:29	1	1	1	0
        116953	2026-05-21 18:47:52	1	1	1	0
        116537	2026-05-21 18:51:01	1	1	1	0
        117707	2026-05-21 18:57:21	1	1	1	0
        119475	2026-05-21 18:57:57	1	1	1	0
        117700	2026-05-21 18:59:01	1	1	1	0
        116790	2026-05-21 19:00:25	1	1	1	0
        110018	2026-05-21 19:00:38	1	1	1	0
        117639	2026-05-21 19:00:48	1	1	1	0
        110083	2026-05-21 19:02:14	1	1	1	0
        117023	2026-05-21 19:07:40	1	1	1	0
        118584	2026-05-21 19:08:21	1	1	1	0
        110200	2026-05-21 19:10:58	1	1	1	0
        110062	2026-05-21 19:20:50	1	1	1	0
        110183	2026-05-21 19:23:11	1	1	1	0
        119602	2026-05-21 19:42:34	1	1	1	0
        110032	2026-05-21 20:23:54	1	1	16	0
        117642	2026-05-22 07:29:13	1	0	1	0
        110820	2026-05-22 07:46:18	1	0	1	0
        110373	2026-05-22 08:28:42	1	0	1	0
        110820	2026-05-22 12:08:57	1	1	1	0
        110373	2026-05-22 12:09:02	1	1	1	0
        117642	2026-05-22 12:14:57	1	1	1	0
        110373	2026-05-22 12:17:04	1	0	1	0
        117642	2026-05-22 12:20:47	1	0	1	0
        110820	2026-05-22 12:53:03	1	0	1	0
        117133	2026-05-25 06:22:23	1	0	16	0
        118414	2026-05-25 06:30:13	1	0	1	0
        110512	2026-05-25 06:33:52	1	0	1	0
        116835	2026-05-25 06:39:38	1	0	1	0
        110051	2026-05-25 06:41:54	1	0	16	0
        110051	2026-05-25 06:41:56	1	0	16	0
        117999	2026-05-25 06:44:39	1	0	1	0
        116551	2026-05-25 06:47:21	1	0	1	0
        116274	2026-05-25 06:48:47	1	0	1	0
        110430	2026-05-25 06:51:21	1	0	1	0
        110821	2026-05-25 06:51:24	1	0	1	0
        118301	2026-05-25 06:54:03	1	0	1	0
        119104	2026-05-25 06:54:55	1	0	1	0
        119340	2026-05-25 06:55:06	1	0	1	0
        118221	2026-05-25 06:59:09	1	0	1	0
        118509	2026-05-25 06:59:14	1	0	1	0
        117716	2026-05-25 07:00:13	1	0	1	0
        118760	2026-05-25 07:00:20	1	0	1	0
        116337	2026-05-25 07:00:26	1	0	1	0
        116953	2026-05-25 07:03:42	1	0	1	0
        110053	2026-05-25 07:06:09	1	0	1	0
        118829	2026-05-25 07:07:56	1	0	1	0
        110514	2026-05-25 07:09:36	1	0	1	0
        117687	2026-05-25 07:10:55	1	0	1	0
        110485	2026-05-25 07:11:15	1	0	16	0
        110374	2026-05-25 07:11:19	1	0	1	0
        110032	2026-05-25 07:12:48	1	0	16	0
        110477	2026-05-25 07:15:48	1	0	1	0
        119475	2026-05-25 07:16:36	1	0	1	0
        116960	2026-05-25 07:17:02	1	0	1	0
        117707	2026-05-25 07:24:02	1	0	1	0
        118862	2026-05-25 07:25:44	1	0	1	0
        110506	2026-05-25 07:25:50	1	0	1	0
        110820	2026-05-25 07:30:51	1	0	1	0
        116493	2026-05-25 07:37:07	1	0	1	0
        110393	2026-05-25 07:37:18	1	0	1	0
        110083	2026-05-25 07:37:36	1	0	1	0
        117242	2026-05-25 07:39:33	1	0	1	0
        110018	2026-05-25 07:40:15	1	0	1	0
        110819	2026-05-25 07:40:52	1	0	1	0
        117642	2026-05-25 07:42:28	1	0	1	0
        110828	2026-05-25 07:43:47	1	0	1	0
        117700	2026-05-25 07:44:49	1	0	1	0
        119602	2026-05-25 07:46:50	1	0	1	0
        110818	2026-05-25 07:47:15	1	0	1	0
        110183	2026-05-25 07:48:11	1	0	1	0
        117971	2026-05-25 07:50:22	1	0	1	0
        110200	2026-05-25 07:55:00	1	0	1	0
        110200	2026-05-25 07:55:08	1	0	1	0
        110370	2026-05-25 08:07:08	1	0	1	0
        118407	2026-05-25 08:13:54	1	0	1	0
        117023	2026-05-25 08:32:21	1	0	1	0
        118584	2026-05-25 08:32:24	1	0	1	0
        110062	2026-05-25 08:36:52	1	0	1	0
        119340	2026-05-25 12:00:20	1	1	1	0
        118509	2026-05-25 12:00:58	1	1	1	0
        118760	2026-05-25 12:01:04	1	1	1	0
        118584	2026-05-25 12:01:12	1	1	1	0
        110485	2026-05-25 12:01:22	1	1	1	0
        110051	2026-05-25 12:01:28	1	1	16	0
        118829	2026-05-25 12:01:44	1	1	1	0
        110818	2026-05-25 12:02:28	1	1	1	0
        110820	2026-05-25 12:02:35	1	1	1	0
        110477	2026-05-25 12:02:41	1	1	1	0
        118414	2026-05-25 12:02:48	1	1	1	0
        117999	2026-05-25 12:03:18	1	0	1	0
        119340	2026-05-25 12:03:35	1	0	1	0
        118584	2026-05-25 12:04:05	1	0	1	0
        110485	2026-05-25 12:04:18	1	0	1	0
        118829	2026-05-25 12:04:30	1	0	1	0
        118221	2026-05-25 12:04:44	1	1	1	0
        118862	2026-05-25 12:05:02	1	1	1	0
        118414	2026-05-25 12:05:13	1	1	1	0
        118760	2026-05-25 12:05:25	1	0	1	0
        117716	2026-05-25 12:05:52	1	1	1	0
        117133	2026-05-25 12:06:07	1	1	16	0
        117133	2026-05-25 12:06:09	1	1	16	0
        116953	2026-05-25 12:07:23	1	1	1	0
        110477	2026-05-25 12:08:38	1	0	1	0
        110062	2026-05-25 12:08:59	1	0	1	0
        117971	2026-05-25 12:09:08	1	0	1	0
        110032	2026-05-25 12:10:16	1	1	16	0
        110032	2026-05-25 12:10:18	1	1	16	0
        118407	2026-05-25 12:10:20	1	1	1	0
        110062	2026-05-25 12:10:29	1	1	1	0
        116953	2026-05-25 12:11:03	1	0	1	0
        117971	2026-05-25 12:11:22	1	0	1	0
        118221	2026-05-25 12:11:35	1	0	1	0
        116493	2026-05-25 12:11:43	1	1	1	0
        110083	2026-05-25 12:12:23	1	1	1	0
        110819	2026-05-25 12:12:33	1	1	1	0
        110828	2026-05-25 12:12:37	1	1	1	0
        117700	2026-05-25 12:12:42	1	1	1	0
        117242	2026-05-25 12:13:06	1	1	1	0
        117133	2026-05-25 12:13:46	1	0	16	0
        110193	2026-05-25 12:14:18	1	1	1	0
        110506	2026-05-25 12:14:26	1	1	1	0
        110198	2026-05-25 12:14:37	1	1	1	0
        110083	2026-05-25 12:15:39	1	0	1	0
        110051	2026-05-25 12:16:15	1	0	16	0
        110828	2026-05-25 12:17:04	1	0	1	0
        110819	2026-05-25 12:17:11	1	0	1	0
        110193	2026-05-25 12:17:25	1	0	16	0
        110198	2026-05-25 12:17:43	1	0	16	0
        110506	2026-05-25 12:17:49	1	0	16	0
        110506	2026-05-25 12:17:51	1	0	1	0
        117700	2026-05-25 12:17:54	1	0	1	0
        117716	2026-05-25 12:18:06	1	0	1	0
        110393	2026-05-25 12:18:42	1	1	1	0
        117687	2026-05-25 12:18:48	1	1	1	0
        116493	2026-05-25 12:18:57	1	0	1	0
        116337	2026-05-25 12:19:06	1	1	1	0
        116551	2026-05-25 12:21:26	1	1	1	0
        116337	2026-05-25 12:22:12	1	0	1	0
        118509	2026-05-25 12:22:38	1	0	1	0
        110374	2026-05-25 12:23:06	1	0	1	0
        110393	2026-05-25 12:24:08	1	0	1	0
        117687	2026-05-25 12:24:29	1	0	1	0
        116960	2026-05-25 12:25:21	1	0	1	0
        118862	2026-05-25 12:27:10	1	0	1	0
        118407	2026-05-25 12:27:14	1	0	1	0
        110374	2026-05-25 12:27:18	1	0	1	0
        110372	2026-05-25 12:28:01	1	1	1	0
        110430	2026-05-25 12:28:06	1	1	1	0
        110514	2026-05-25 12:28:11	1	1	1	0
        110821	2026-05-25 12:28:16	1	1	1	0
        110032	2026-05-25 12:28:26	1	0	16	0
        110032	2026-05-25 12:28:28	1	0	16	0
        116960	2026-05-25 12:28:31	1	0	1	0
        116551	2026-05-25 12:29:22	1	0	1	0
        110183	2026-05-25 12:29:30	1	1	1	0
        119602	2026-05-25 12:29:36	1	1	1	0
        110430	2026-05-25 12:31:55	1	1	1	0
        110430	2026-05-25 12:32:03	1	0	1	0
        110372	2026-05-25 12:32:09	1	0	1	0
        110514	2026-05-25 12:32:15	1	0	1	0
        110821	2026-05-25 12:32:26	1	0	1	0
        110183	2026-05-25 12:32:44	1	0	1	0
        119602	2026-05-25 12:37:09	1	0	1	0
        110820	2026-05-25 12:40:08	1	0	1	0
        110818	2026-05-25 12:40:13	1	0	16	0
        110370	2026-05-25 12:40:28	1	0	1	0
        116835	2026-05-25 12:40:37	1	1	1	0
        110018	2026-05-25 12:41:36	1	1	1	0
        110018	2026-05-25 12:42:23	1	0	1	0
        117999	2026-05-25 12:42:47	1	0	1	0
        119475	2026-05-25 12:42:57	1	1	1	0
        117023	2026-05-25 12:43:11	1	1	1	0
        117642	2026-05-25 12:45:33	1	1	1	0
        110053	2026-05-25 12:45:58	1	1	1	0
        116835	2026-05-25 12:46:47	1	0	1	0
        119104	2026-05-25 12:47:00	1	1	1	0
        119104	2026-05-25 12:49:14	1	0	1	0
        117023	2026-05-25 12:49:21	1	1	1	0
        119475	2026-05-25 12:49:35	1	0	1	0
        110512	2026-05-25 12:50:34	1	0	1	0
        110512	2026-05-25 12:50:43	1	1	1	0
        110200	2026-05-25 12:50:45	1	1	1	0
        110053	2026-05-25 12:52:28	1	0	1	0
        117707	2026-05-25 12:52:38	1	1	1	0
        110512	2026-05-25 12:53:10	1	0	1	0
        110200	2026-05-25 12:53:15	1	0	1	0
        117242	2026-05-25 12:55:11	1	0	1	0
        117642	2026-05-25 12:56:13	1	0	1	0
        117707	2026-05-25 12:59:04	1	0	1	0
        110819	2026-05-25 17:06:00	1	1	1	0
        110393	2026-05-25 17:16:55	1	1	1	0
        117642	2026-05-25 17:16:57	1	1	1	0
        110820	2026-05-25 17:23:08	1	1	1	0
        110818	2026-05-25 17:26:05	1	1	1	0
        110370	2026-05-25 17:26:23	1	1	1	0
        110374	2026-05-25 17:26:45	1	1	1	0
        117133	2026-05-25 17:32:02	1	1	1	0
        118760	2026-05-25 18:01:52	1	1	1	0
        118509	2026-05-25 18:02:26	1	1	1	0
        116274	2026-05-25 18:02:34	1	1	1	0
        119340	2026-05-25 18:04:32	1	1	1	0
        116551	2026-05-25 18:04:36	1	1	1	0
        118301	2026-05-25 18:04:43	1	1	1	0
        116337	2026-05-25 18:05:25	1	1	1	0
        117716	2026-05-25 18:07:40	1	1	1	0
        110051	2026-05-25 18:08:13	1	1	16	0
        110051	2026-05-25 18:08:15	1	1	16	0
        118414	2026-05-25 18:08:28	1	1	1	0
        118829	2026-05-25 18:09:21	1	1	1	0
        110485	2026-05-25 18:13:31	1	1	1	0
        110477	2026-05-25 18:17:02	1	1	1	0
        110198	2026-05-25 18:23:43	1	1	16	0
        116960	2026-05-25 18:25:12	1	1	1	0
        110053	2026-05-25 18:25:30	1	1	1	0
        110032	2026-05-25 18:27:15	1	1	16	0
        110200	2026-05-25 18:31:25	1	1	1	0
        117707	2026-05-25 18:31:44	1	1	1	0
        117700	2026-05-25 18:32:21	1	1	1	0
        118221	2026-05-25 18:36:24	1	1	16	0
        110506	2026-05-25 18:36:35	1	1	1	0
        110514	2026-05-25 18:37:23	1	1	1	0
        110512	2026-05-25 18:37:29	1	1	1	0
        110193	2026-05-25 18:38:44	1	1	1	0
        117971	2026-05-25 18:40:24	1	1	1	0
        110828	2026-05-25 18:41:09	1	1	1	0
        110083	2026-05-25 18:41:27	1	1	1	0
        116493	2026-05-25 18:41:48	1	1	1	0
        110430	2026-05-25 18:46:14	1	1	1	0
        110821	2026-05-25 18:46:21	1	1	1	0
        118862	2026-05-25 18:46:44	1	1	1	0
        116835	2026-05-25 18:49:57	1	1	1	0
        119104	2026-05-25 18:50:04	1	1	1	0
        119475	2026-05-25 18:54:11	1	1	1	0
        117242	2026-05-25 18:58:04	1	1	1	0
        117687	2026-05-25 19:00:51	1	1	1	0
        110018	2026-05-25 19:02:37	1	1	1	0
        117023	2026-05-25 19:10:47	1	1	1	0
        118584	2026-05-25 19:10:56	1	1	1	0
        110062	2026-05-25 19:11:31	1	1	1	0
        117999	2026-05-25 19:17:26	1	1	1	0
        110183	2026-05-25 19:20:45	1	1	1	0
        118407	2026-05-25 19:26:30	1	1	1	0
        116953	2026-05-25 19:33:45	1	1	1	0
        119602	2026-05-25 19:33:50	1	1	1	0
        118414	2026-05-26 06:37:11	1	1	1	0
        110198	2026-05-26 06:40:17	1	1	16	0
        110506	2026-05-26 06:40:29	1	0	1	0
        116551	2026-05-26 06:41:07	1	0	1	0
        110485	2026-05-26 06:45:10	1	0	1	0
        118001	2026-05-26 06:48:35	1	0	1	0
        116337	2026-05-26 06:49:13	1	0	1	0
        110430	2026-05-26 06:54:10	1	0	1	0
        116492	2026-05-26 06:54:28	1	0	1	0
        110821	2026-05-26 06:54:34	1	0	1	0
        110477	2026-05-26 06:54:47	1	0	1	0
        119340	2026-05-26 06:55:04	1	0	1	0
        118301	2026-05-26 06:58:22	1	0	1	0
        110819	2026-05-26 07:03:12	1	0	1	0
        116953	2026-05-26 07:07:00	1	0	1	0
        118760	2026-05-26 07:10:26	1	0	1	0
        110512	2026-05-26 07:10:33	1	0	1	0
        110051	2026-05-26 07:10:56	1	0	16	0
        117969	2026-05-26 07:13:57	1	0	1	0
        110514	2026-05-26 07:17:10	1	0	1	0
        119475	2026-05-26 07:17:25	1	0	1	0
        117716	2026-05-26 07:20:22	1	0	1	0
        110053	2026-05-26 07:20:36	1	0	1	0
        119104	2026-05-26 07:23:23	1	0	1	0
        117133	2026-05-26 07:26:31	1	0	16	0
        117133	2026-05-26 07:26:33	1	0	16	0
        118043	2026-05-26 07:29:22	1	0	1	0
        118509	2026-05-26 07:31:00	1	0	1	0
        117687	2026-05-26 07:33:10	1	0	1	0
        110032	2026-05-26 07:38:18	1	0	16	0
        110032	2026-05-26 07:38:20	1	0	16	0
        118862	2026-05-26 07:39:53	1	0	1	0
        110083	2026-05-26 07:41:11	1	0	1	0
        110820	2026-05-26 07:47:54	1	0	1	0
        110183	2026-05-26 07:48:10	1	0	1	0
        117642	2026-05-26 07:48:23	1	0	1	0
        110828	2026-05-26 07:49:18	1	0	1	0
        110818	2026-05-26 07:50:05	1	0	1	0
        110413	2026-05-26 07:50:17	1	0	1	0
        110018	2026-05-26 07:51:25	1	0	1	0
        118407	2026-05-26 07:54:36	1	0	1	0
        117999	2026-05-26 07:54:52	1	0	1	0
        110201	2026-05-26 07:55:33	1	0	1	0
        110393	2026-05-26 07:59:15	1	0	1	0
        117725	2026-05-26 08:01:37	1	0	16	0
        117725	2026-05-26 08:01:42	1	0	1	0
        110200	2026-05-26 08:10:53	1	0	1	0
        117971	2026-05-26 08:15:04	1	0	1	0
        116790	2026-05-26 08:17:30	1	0	1	0
        118584	2026-05-26 08:19:19	1	0	1	0
        117023	2026-05-26 08:19:23	1	0	1	0
        110370	2026-05-26 08:19:27	1	0	1	0
        110062	2026-05-26 08:23:55	1	0	1	0
        117700	2026-05-26 08:27:41	1	0	1	0
        110828	2026-05-26 12:00:21	1	1	1	0
        110083	2026-05-26 12:01:09	1	1	1	0
        116953	2026-05-26 12:01:14	1	1	1	0
        118001	2026-05-26 12:01:20	1	1	1	0
        118509	2026-05-26 12:01:26	1	1	1	0
        118043	2026-05-26 12:01:35	1	1	1	0
        110053	2026-05-26 12:01:39	1	1	1	0
        117133	2026-05-26 12:01:46	1	1	16	0
        117133	2026-05-26 12:01:48	1	1	16	0
        118760	2026-05-26 12:01:53	1	1	1	0
        118584	2026-05-26 12:02:05	1	1	1	0
        110032	2026-05-26 12:02:21	1	1	16	0
        110477	2026-05-26 12:02:28	1	1	1	0
        118862	2026-05-26 12:02:38	1	1	1	0
        116337	2026-05-26 12:02:45	1	1	1	0
        110818	2026-05-26 12:03:16	1	1	1	0
        116492	2026-05-26 12:04:21	1	1	1	0
        117999	2026-05-26 12:04:39	1	1	1	0
        116337	2026-05-26 12:05:19	1	0	1	0
        118584	2026-05-26 12:05:56	1	0	1	0
        118001	2026-05-26 12:06:19	1	0	1	0
        116551	2026-05-26 12:06:39	1	1	1	0
        110819	2026-05-26 12:06:43	1	1	1	0
        117969	2026-05-26 12:06:47	1	1	1	0
        117969	2026-05-26 12:06:51	1	1	1	0
        118414	2026-05-26 12:06:57	1	1	1	0
        116492	2026-05-26 12:07:10	1	0	1	0
        117133	2026-05-26 12:07:16	1	0	16	0
        119340	2026-05-26 12:07:34	1	1	1	0
        110820	2026-05-26 12:07:47	1	1	1	0
        110374	2026-05-26 12:07:50	1	1	1	0
        110370	2026-05-26 12:08:02	1	1	1	0
        110051	2026-05-26 12:08:37	1	1	16	0
        118862	2026-05-26 12:09:25	1	0	1	0
        118414	2026-05-26 12:09:32	1	0	1	0
        110062	2026-05-26 12:09:56	1	0	1	0
        110818	2026-05-26 12:10:04	1	0	1	0
        118043	2026-05-26 12:10:22	1	0	1	0
        119340	2026-05-26 12:11:39	1	0	1	0
        110032	2026-05-26 12:11:47	1	0	16	0
        116551	2026-05-26 12:12:07	1	0	1	0
        116790	2026-05-26 12:13:10	1	1	1	0
        110477	2026-05-26 12:13:21	1	0	1	0
        117642	2026-05-26 12:14:57	1	1	1	0
        110413	2026-05-26 12:15:03	1	1	1	0
        110512	2026-05-26 12:15:10	1	1	1	0
        110821	2026-05-26 12:15:21	1	1	1	0
        110200	2026-05-26 12:15:25	1	1	1	0
        110430	2026-05-26 12:15:29	1	1	1	0
        110514	2026-05-26 12:15:31	1	1	1	0
        110183	2026-05-26 12:15:44	1	1	1	0
        110053	2026-05-26 12:15:52	1	0	1	0
        118760	2026-05-26 12:15:57	1	0	1	0
        119602	2026-05-26 12:17:35	1	0	1	0
        110393	2026-05-26 12:17:51	1	1	1	0
        117687	2026-05-26 12:18:01	1	1	1	0
        117716	2026-05-26 12:18:08	1	1	1	0
        117700	2026-05-26 12:18:18	1	1	1	0
        110062	2026-05-26 12:18:23	1	1	1	0
        117642	2026-05-26 12:18:35	1	0	1	0
        110413	2026-05-26 12:18:44	1	0	1	0
        110512	2026-05-26 12:20:20	1	0	1	0
        110200	2026-05-26 12:20:22	1	0	1	0
        110514	2026-05-26 12:20:25	1	0	1	0
        110430	2026-05-26 12:20:35	1	0	1	0
        110430	2026-05-26 12:20:36	1	0	1	0
        110183	2026-05-26 12:20:43	1	0	1	0
        110821	2026-05-26 12:20:53	1	0	1	0
        110819	2026-05-26 12:21:28	1	0	1	0
        110820	2026-05-26 12:22:15	1	0	1	0
        110485	2026-05-26 12:22:41	1	0	1	0
        110485	2026-05-26 12:23:19	1	1	1	0
        117969	2026-05-26 12:23:27	1	0	1	0
        116790	2026-05-26 12:23:32	1	0	1	0
        110393	2026-05-26 12:23:44	1	0	1	0
        119602	2026-05-26 12:23:49	1	0	1	0
        117687	2026-05-26 12:23:57	1	0	1	0
        116953	2026-05-26 12:24:11	1	0	1	0
        117999	2026-05-26 12:26:19	1	0	1	0
        118407	2026-05-26 12:26:52	1	1	1	0
        117700	2026-05-26 12:28:15	1	0	1	0
        117716	2026-05-26 12:28:18	1	0	1	0
        110083	2026-05-26 12:29:53	1	0	1	0
        119475	2026-05-26 12:33:23	1	1	1	0
        110051	2026-05-26 12:34:31	1	1	16	0
        110051	2026-05-26 12:34:50	1	0	16	0
        118509	2026-05-26 12:35:22	1	0	1	0
        117023	2026-05-26 12:35:30	1	1	1	0
        110201	2026-05-26 12:35:36	1	1	1	0
        119475	2026-05-26 12:38:33	1	0	1	0
        117023	2026-05-26 12:39:19	1	0	1	0
        110201	2026-05-26 12:39:28	1	0	1	0
        110370	2026-05-26 12:39:39	1	0	1	0
        110374	2026-05-26 12:39:43	1	0	1	0
        110828	2026-05-26 12:42:37	1	0	1	0
        118407	2026-05-26 12:43:52	1	0	1	0
        117725	2026-05-26 12:47:33	1	1	1	0
        110018	2026-05-26 12:48:52	1	1	1	0
        110018	2026-05-26 12:50:21	1	0	1	0
        117725	2026-05-26 12:50:35	1	0	1	0
        119104	2026-05-26 12:56:50	1	1	1	0
        119104	2026-05-26 12:59:08	1	0	1	0
        110485	2026-05-26 16:04:02	1	1	1	0
        110819	2026-05-26 17:06:08	1	1	1	0
        117725	2026-05-26 17:06:14	1	1	1	0
        110201	2026-05-26 17:06:22	1	1	1	0
        110820	2026-05-26 17:13:06	1	1	1	0
        110818	2026-05-26 17:13:10	1	1	1	0
        110393	2026-05-26 17:23:53	1	1	1	0
        117642	2026-05-26 17:24:00	1	1	1	0
        110370	2026-05-26 17:59:42	1	1	16	0
        116551	2026-05-26 18:01:56	1	1	1	0
        110477	2026-05-26 18:02:00	1	1	1	0
        119340	2026-05-26 18:02:07	1	1	1	0
        118301	2026-05-26 18:04:39	1	1	1	0
        116274	2026-05-26 18:07:48	1	1	1	0
        118760	2026-05-26 18:12:10	1	1	1	0
        116492	2026-05-26 18:13:58	1	1	1	0
        118001	2026-05-26 18:14:53	1	1	1	0
        116337	2026-05-26 18:15:11	1	1	1	0
        117969	2026-05-26 18:21:14	1	1	1	0
        119475	2026-05-26 18:21:31	1	1	1	0
        117716	2026-05-26 18:22:26	1	1	1	0
        117133	2026-05-26 18:27:41	1	1	16	0
        110051	2026-05-26 18:28:13	1	1	16	0
        118509	2026-05-26 18:30:51	1	1	1	0
        116953	2026-05-26 18:31:03	1	1	1	0
        110053	2026-05-26 18:35:47	1	1	1	0
        118043	2026-05-26 18:36:09	1	1	1	0
        110828	2026-05-26 18:44:07	1	1	1	0
        117971	2026-05-26 18:44:32	1	1	1	0
        110514	2026-05-26 18:45:54	1	1	1	0
        110430	2026-05-26 18:46:02	1	1	1	0
        110512	2026-05-26 18:46:06	1	1	1	0
        110821	2026-05-26 18:46:13	1	1	1	0
        110413	2026-05-26 18:55:46	1	1	1	0
        110083	2026-05-26 19:00:59	1	1	1	0
        110032	2026-05-26 19:01:26	1	1	16	0
        110032	2026-05-26 19:01:28	1	1	16	0
        117700	2026-05-26 19:03:45	1	1	1	0
        110183	2026-05-26 19:04:01	1	1	1	0
        116790	2026-05-26 19:04:19	1	1	1	0
        118862	2026-05-26 19:10:31	1	1	1	0
        110018	2026-05-26 19:13:26	1	1	1	0
        118584	2026-05-26 19:15:12	1	1	1	0
        117023	2026-05-26 19:15:26	1	1	1	0
        110062	2026-05-26 19:16:57	1	0	1	0
        118414	2026-05-26 19:21:23	1	0	1	0
        110200	2026-05-26 19:33:12	1	1	1	0
        110200	2026-05-26 19:33:13	1	1	1	0
        119104	2026-05-26 19:33:19	1	1	1	0
        119602	2026-05-26 19:51:59	1	1	1	0
        118407	2026-05-26 20:00:35	1	1	1	0
        117999	2026-05-26 20:04:16	1	1	1	0
        117687	2026-05-26 21:00:55	1	1	1	0
        110051	2026-05-28 06:25:25	1	1	16	0
        118414	2026-05-28 06:29:46	1	0	1	0
        119365	2026-05-28 06:41:11	1	0	1	0
        117999	2026-05-28 06:41:33	1	0	1	0
        116492	2026-05-28 06:46:55	1	0	1	0
        118301	2026-05-28 06:47:09	1	0	1	0
        116835	2026-05-28 06:48:04	1	0	1	0
        118741	2026-05-28 06:48:24	1	0	1	0
        110512	2026-05-28 06:48:32	1	0	1	0
        110430	2026-05-28 06:54:42	1	0	1	0
        110821	2026-05-28 06:54:49	1	0	1	0
        110393	2026-05-28 06:57:18	1	0	1	0
        110477	2026-05-28 07:02:37	1	0	1	0
        110819	2026-05-28 07:04:35	1	0	1	0
        118760	2026-05-28 07:10:03	1	0	1	0
        117969	2026-05-28 07:10:21	1	0	1	0
        118829	2026-05-28 07:11:51	1	0	1	0
        118043	2026-05-28 07:13:33	1	0	1	0
        117716	2026-05-28 07:14:38	1	0	1	0
        119475	2026-05-28 07:14:46	1	0	1	0
        110485	2026-05-28 07:19:25	1	0	1	0
        110032	2026-05-28 07:21:31	1	0	16	0
        110514	2026-05-28 07:21:46	1	0	1	0
        117971	2026-05-28 07:28:52	1	0	1	0
        110820	2026-05-28 07:33:36	1	0	1	0
        116790	2026-05-28 07:33:53	1	0	1	0
        110018	2026-05-28 07:36:34	1	0	1	0
        110828	2026-05-28 07:37:19	1	0	1	0
        118862	2026-05-28 07:37:29	1	0	1	0
        117242	2026-05-28 07:38:09	1	0	1	0
        119104	2026-05-28 07:41:29	1	0	1	0
        110818	2026-05-28 07:43:04	1	0	1	0
        110083	2026-05-28 07:43:21	1	0	1	0
        116953	2026-05-28 07:50:27	1	0	1	0
        117269	2026-05-28 07:50:33	1	0	1	0
        119602	2026-05-28 07:51:40	1	0	1	0
        117639	2026-05-28 07:55:34	1	0	16	0
        117639	2026-05-28 07:55:37	1	0	16	0
        110062	2026-05-28 07:57:25	1	0	1	0
        110193	2026-05-28 08:01:18	1	0	1	0
        110183	2026-05-28 08:09:51	1	0	1	0
        110200	2026-05-28 08:12:01	1	0	1	0
        110201	2026-05-28 08:15:50	1	0	1	0
        110373	2026-05-28 08:17:29	1	0	1	0
        117023	2026-05-28 08:22:11	1	0	1	0
        117700	2026-05-28 08:22:24	1	0	1	0
        118584	2026-05-28 08:23:18	1	0	1	0
        118407	2026-05-28 08:50:43	1	0	1	0
        110818	2026-05-28 12:01:04	1	1	1	0
        110820	2026-05-28 12:01:10	1	1	1	0
        118829	2026-05-28 12:01:15	1	1	1	0
        110373	2026-05-28 12:01:18	1	1	1	0
        110828	2026-05-28 12:01:24	1	1	1	0
        117269	2026-05-28 12:02:16	1	1	1	0
        110201	2026-05-28 12:02:40	1	1	1	0
        117999	2026-05-28 12:03:11	1	1	1	0
        110819	2026-05-28 12:03:33	1	1	1	0
        118829	2026-05-28 12:04:13	1	0	1	0
        110828	2026-05-28 12:04:19	1	0	1	0
        110477	2026-05-28 12:04:50	1	1	1	0
        110051	2026-05-28 12:04:55	1	1	16	0
        110051	2026-05-28 12:04:57	1	1	16	0
        110201	2026-05-28 12:05:23	1	0	1	0
        118584	2026-05-28 12:06:11	1	1	1	0
        118043	2026-05-28 12:06:54	1	1	1	0
        116953	2026-05-28 12:07:05	1	1	1	0
        116790	2026-05-28 12:07:08	1	1	1	0
        117023	2026-05-28 12:07:13	1	1	1	0
        117971	2026-05-28 12:07:17	1	1	1	0
        110818	2026-05-28 12:07:23	1	0	1	0
        110820	2026-05-28 12:07:38	1	0	1	0
        110819	2026-05-28 12:08:37	1	0	1	0
        110032	2026-05-28 12:09:20	1	1	16	0
        110032	2026-05-28 12:09:23	1	1	16	0
        117971	2026-05-28 12:09:42	1	1	1	0
        118407	2026-05-28 12:10:11	1	1	1	0
        118741	2026-05-28 12:10:32	1	1	1	0
        118760	2026-05-28 12:10:41	1	1	1	0
        118584	2026-05-28 12:10:46	1	0	1	0
        110477	2026-05-28 12:11:46	1	0	1	0
        110514	2026-05-28 12:12:37	1	1	1	0
        110512	2026-05-28 12:12:43	1	1	1	0
        110821	2026-05-28 12:12:48	1	1	1	0
        110430	2026-05-28 12:12:53	1	1	1	0
        110183	2026-05-28 12:13:06	1	1	1	0
        119365	2026-05-28 12:15:26	1	1	1	0
        110413	2026-05-28 12:17:28	1	1	1	0
        110512	2026-05-28 12:17:37	1	0	1	0
        110514	2026-05-28 12:17:40	1	0	1	0
        110183	2026-05-28 12:17:46	1	0	1	0
        110430	2026-05-28 12:17:49	1	0	1	0
        110821	2026-05-28 12:17:54	1	0	1	0
        110083	2026-05-28 12:18:10	1	1	1	0
        117077	2026-05-28 12:18:31	1	1	16	0
        117077	2026-05-28 12:18:33	1	1	16	0
        118414	2026-05-28 12:18:39	1	1	1	0
        118862	2026-05-28 12:19:07	1	1	1	0
        117639	2026-05-28 12:19:19	1	1	16	0
        117639	2026-05-28 12:19:21	1	1	16	0
        117242	2026-05-28 12:20:06	1	1	1	0
        117700	2026-05-28 12:20:43	1	1	1	0
        118043	2026-05-28 12:21:07	1	0	1	0
        110485	2026-05-28 12:21:18	1	1	1	0
        117716	2026-05-28 12:21:37	1	1	1	0
        118414	2026-05-28 12:21:47	1	0	1	0
        110032	2026-05-28 12:22:10	1	0	16	0
        119365	2026-05-28 12:22:24	1	0	16	0
        116492	2026-05-28 12:22:58	1	1	1	0
        118407	2026-05-28 12:23:39	1	0	1	0
        118862	2026-05-28 12:23:46	1	0	1	0
        118760	2026-05-28 12:23:49	1	0	1	0
        110083	2026-05-28 12:25:21	1	0	1	0
        117077	2026-05-28 12:26:16	1	0	16	0
        117077	2026-05-28 12:26:18	1	0	16	0
        117639	2026-05-28 12:27:01	1	0	16	0
        117999	2026-05-28 12:27:13	1	0	1	0
        116492	2026-05-28 12:28:08	1	0	16	0
        116492	2026-05-28 12:28:10	1	0	16	0
        117969	2026-05-28 12:28:26	1	1	1	0
        117969	2026-05-28 12:29:13	1	0	1	0
        117716	2026-05-28 12:29:19	1	0	1	0
        119602	2026-05-28 12:29:34	1	1	1	0
        117700	2026-05-28 12:29:50	1	1	1	0
        116953	2026-05-28 12:31:28	1	0	1	0
        116790	2026-05-28 12:31:35	1	0	1	0
        110413	2026-05-28 12:31:39	1	0	1	0
        110485	2026-05-28 12:32:15	1	0	1	0
        119475	2026-05-28 12:32:21	1	1	1	0
        117269	2026-05-28 12:34:45	1	1	1	0
        119475	2026-05-28 12:35:31	1	0	1	0
        110200	2026-05-28 12:36:04	1	1	1	0
        110200	2026-05-28 12:36:06	1	1	1	0
        110200	2026-05-28 12:36:07	1	1	1	0
        110200	2026-05-28 12:42:00	1	0	1	0
        110062	2026-05-28 12:43:16	1	0	1	0
        117023	2026-05-28 12:43:37	1	0	1	0
        117242	2026-05-28 12:44:47	1	0	1	0
        118741	2026-05-28 12:48:45	1	0	1	0
        110373	2026-05-28 12:49:53	1	0	1	0
        119602	2026-05-28 12:51:04	1	0	1	0
        110018	2026-05-28 12:53:15	1	1	1	0
        110051	2026-05-28 12:54:49	1	0	16	0
        110018	2026-05-28 12:55:41	1	0	1	0
        110051	2026-05-28 16:51:13	1	0	16	0
        110051	2026-05-28 16:51:15	1	0	16	0
        110819	2026-05-28 17:03:14	1	1	1	0
        110820	2026-05-28 17:04:38	1	1	1	0
        110818	2026-05-28 17:04:43	1	1	1	0
        110201	2026-05-28 17:17:45	1	1	1	0
        110373	2026-05-28 17:47:51	1	1	1	0
        117971	2026-05-28 17:48:34	1	1	1	0
        118301	2026-05-28 18:04:35	1	1	1	0
        119365	2026-05-28 18:06:39	1	1	1	0
        118760	2026-05-28 18:11:22	1	1	1	0
        118829	2026-05-28 18:13:21	1	1	1	0
        116492	2026-05-28 18:14:21	1	1	1	0
        110485	2026-05-28 18:23:39	1	1	1	0
        117969	2026-05-28 18:24:36	1	1	1	0
        117716	2026-05-28 18:25:05	1	1	1	0
        110477	2026-05-28 18:27:28	1	1	1	0
        110828	2026-05-28 18:33:26	1	1	1	0
        118862	2026-05-28 18:42:35	1	1	1	0
        118414	2026-05-28 18:42:41	1	1	1	0
        118043	2026-05-28 18:46:41	1	1	1	0
        117242	2026-05-28 18:48:22	1	1	1	0
        117269	2026-05-28 18:53:29	1	1	1	0
        116953	2026-05-28 18:55:43	1	1	1	0
        116790	2026-05-28 18:55:48	1	1	1	0
        119475	2026-05-28 18:58:17	1	1	1	0
        117639	2026-05-28 19:00:29	1	1	16	0
        117023	2026-05-28 19:01:36	1	1	1	0
        110062	2026-05-28 19:02:02	1	1	1	0
        117700	2026-05-28 19:02:16	1	1	1	0
        110018	2026-05-28 19:03:11	1	1	1	0
        110032	2026-05-28 19:07:10	1	1	16	0
        110032	2026-05-28 19:07:12	1	1	16	0
        118407	2026-05-28 19:08:03	1	1	1	0
        110083	2026-05-28 19:08:56	1	1	1	0
        118584	2026-05-28 19:13:47	1	1	1	0
        117023	2026-05-28 19:13:53	1	1	1	0
        117077	2026-05-28 19:14:02	1	1	16	0
        110200	2026-05-28 19:15:28	1	1	1	0
        119602	2026-05-28 19:19:30	1	1	1	0
        110413	2026-05-28 19:19:36	1	1	1	0
        117999	2026-05-28 19:19:43	1	1	1	0
        110514	2026-05-28 19:55:52	1	1	1	0
        110512	2026-05-28 19:55:57	1	1	1	0
        110372	2026-05-28 19:56:16	1	1	1	0
        110430	2026-05-28 19:56:20	1	1	1	0
        110821	2026-05-28 19:56:27	1	1	1	0
        116835	2026-05-28 20:05:01	1	1	1	0
        110183	2026-05-28 20:05:09	1	1	1	0
        119104	2026-05-28 20:05:15	1	1	1	0
        110819	2026-05-29 07:06:04	1	0	1	0
        117023	2026-05-29 07:21:31	1	0	1	0
        110820	2026-05-29 07:37:13	1	0	1	0
        110393	2026-05-29 07:37:18	1	0	1	0
        110818	2026-05-29 07:41:50	1	0	1	0
        110567	2026-05-29 07:47:48	1	0	1	0
        117642	2026-05-29 07:53:22	1	0	1	0
        110201	2026-05-29 07:55:08	1	0	1	0
        110370	2026-05-29 08:20:35	1	0	1	0
        110373	2026-05-29 08:22:18	1	0	1	0
        110373	2026-05-29 12:01:22	1	1	1	0
        110819	2026-05-29 12:01:33	1	1	1	0
        110370	2026-05-29 12:01:37	1	1	1	0
        110818	2026-05-29 12:02:11	1	1	1	0
        110820	2026-05-29 12:02:16	1	1	1	0
        110567	2026-05-29 12:02:57	1	0	1	0
        117023	2026-05-29 12:03:14	1	1	1	0
        110567	2026-05-29 12:03:19	1	1	1	0
        110370	2026-05-29 12:04:19	1	0	1	0
        110373	2026-05-29 12:04:26	1	0	1	0
        110819	2026-05-29 12:05:22	1	0	1	0
        110820	2026-05-29 12:07:03	1	0	1	0
        110818	2026-05-29 12:07:06	1	0	1	0
        110567	2026-05-29 12:07:24	1	0	1	0
        117023	2026-05-29 12:07:29	1	0	1	0
        110393	2026-05-29 12:10:04	1	0	1	0
        110393	2026-05-29 12:10:12	1	1	1	0
        117642	2026-05-29 12:14:39	1	1	1	0
        117642	2026-05-29 12:17:02	1	0	1	0
        110201	2026-05-29 12:49:30	1	0	1	0
        110201	2026-05-29 12:51:33	1	0	16	0
        110201	2026-05-29 12:51:35	1	0	16	0
        110201	2026-05-29 12:53:11	1	1	16	0
        110201	2026-05-29 12:53:13	1	1	16	0
        110370	2026-05-29 17:16:05	1	1	1	0
        117023	2026-05-29 17:16:15	1	1	1	0
